{"Masako Shinohara": "Q55177966", "Nicole Bertrand": "Q69770929", "Mich\u00e8le Bertrand": "Q69771271", "Marie Walle": "Q64822412", "Vilma Kiss": "Q69793387", "Mariya Benderskaya": "Q21089128", "Lyudmila Blatova": "Q65012950", "Karen Peterson": "Q6369952", "Yelizaveta Kazantseva": "Q75690495", "Sarra Mokil": "Q75838855", "Nina Vasylenko": "Q17371682", "Ir\u00e8ne Starewitch": "Q22927357", "Faina Epifanova": "Q15066383", "Nadezhda Privalova": "Q16688178", "Vera Valerianova": "Q66134850", "Marcia Fertig": "Q60168324", "Lidiya Reztsova": "Q4392539", "Anna-Luise Subatzus": "Q70873251", "Anne Drew": "Q85088092", "Mariya Motruk": "Q15073927", "Carla Stephanie Steuer": "Q70877032", "Radka Bachvarova": "Q12291969", "Tang Cheng": "Q106130762", "Bo\u017eena Mo\u017e\u00ed\u0161ov\u00e1": "Q56884784", "Ida Kozelka-Mocs\u00e0ry": "Q96602038", "Mabel Gesner": "Q28946886", "Pamela Mack": "Q70628410", "Lidia Hornicka": "Q104093177", "Alla Hrachova": "Q15087863", "Renata Mirenkova": "Q15072545", "Zdenka Doitcheva": "Q12280414", "Alena Munkov\u00e1": "Q10769483", "Tatyana Sazonova": "Q4405076", "Ruth Kissane": "Q42589575", "Dagmar Bu\u010danov\u00e1": "Q24091550", "Libu\u0161e \u010ciha\u0159ov\u00e1": "Q56868219", "Minou Petrowski": "Q106643465", "Olga Orlova": "Q65153838", "Sylvia Mattinson": "Q28798283", "Oili Tanninen": "Q1450724", "Isabelle Pierre": "Q3155012", "Svetlana Sichkar": "Q4421270", "Akemi \u014cta": "Q2828975", "Suzzy Bailleux": "Q57585342", "Nelly Trummel": "Q40448502", "M\u00e1ria Nem\u00e9nyi": "Q66724190", "Piroska Bakai": "Q95656773", "Louise Bail Milot": "Q55762815", "Jaroslava Havettov\u00e1": "Q13537295", "Vlasta Bar\u00e1nkov\u00e1": "Q42709924", "Riitta Rautoma": "Q28028757", "Monika Trajterov\u00e1": "Q57315090", "Inna Pshenichnaya": "Q60825527", "Vera Kudryavtseva-Yengalycheva": "Q62019090", "Ebe Tramberg": "Q124340768", "Antonia Ringbom": "Q23040403", "Karin Wiertz": "Q96588590", "Lidiya Mayatnikova": "Q100716372", "Jitka Walterov\u00e1": "Q57167014", "Meral simer": "Q96278894", "Natalya Dabizha": "Q13218027", "Elena Prorokova": "Q55774637", "Dagmar Doubkov\u00e1": "Q56870442", "Jos\u00e9 Vonk": "Q96614341", "Natalia Okhotymska": "Q12136995", "Zlatica Vejchodsk\u00e1": "Q56839745", "Keiko Tanaka": "Q11575188", "Veronique Steeno": "Q2500041", "Candy Kugel": "Q28744886", "Natalia Chernyshova": "Q12169944", "Ellen Meske": "Q96615768", "Elena Barinova": "Q4078249", "Olena Kasavina": "Q12108935", "Maria Konwicka": "Q91883008", "Natalya Fedosova": "Q100717200", "Irina Borisova": "Q4093910", "Yumiko Suda": "Q11664655", "Luisa Zancanella": "Q57623772", "Lorna Cook": "Q28842910", "Mark\u00e9ta Prachatick\u00e1": "Q12035620", "Iryna Kadziukova": "Q28731048", "Marie-Jos\u00e9 van der Linden": "Q96575895", "Alicja Jaworski Bj\u00f6rk": "Q38054105", "Ute von M\u00fcnchow-Pohl": "Q16029033", "Sv\u011btlana Glaserov\u00e1": "Q27055703", "Marina Kurchevskaya": "Q39386913", "Ph\u01b0\u01a1ng Hoa (painter)": "Q126974438", "Lolita": "Q28871988", "Yelena Gavrilko": "Q29400978", "Susan Goldberg": "Q28945502", "M\u00e1ria N\u00e9meth": "Q1220834", "Andrea Losch": "Q28945687", "Gilda Palinginis": "Q28813477", "Ruth Elliott": "Q113638983", "Kuni Tomita": "Q113496845", "Megumi Kagawa": "Q8977032", "Liudmyla Tkachykova": "Q12161556", "Leila Cabib": "Q54268187", "Petra Dolleman": "Q96584958", "Tatyana Ilyina": "Q4199602", "Emily Breer": "Q111311591", "Ylva-Li Gustafsson": "Q73984319", "Hitomi Tateno": "Q17211516", "Kiri": "Q11448077", "Susan Young": "Q117214996", "Mariola Brillowska": "Q1781867", "Alla Solovyova": "Q100716481", "Viki Anderson": "Q28797315", "Loyd Price": "Q30727948", "Bego\u00f1a Vicario": "Q12254917", "Noriko Takaya": "Q9047150", "Alla Churikova": "Q91537", "Femke Hoyng": "Q96584626", "Hiromi Niioka": "Q11502020", "Lucie Svobodov\u00e1": "Q12034177", "Mai Britt Hastrup": "Q114904863", "Katariina Lillqvist": "Q11870322", "Atsuko Ishida": "Q8495163", "Carol Wyatt": "Q116728567", "B\u00e9n\u00e9dicte Galup": "Q2929890", "Naomi Miyata": "Q11455135", "Mayumi Watanabe": "Q11562443", "Katherine Adams": "Q106067866", "Yekaterina Mikhaylova": "Q39388695", "Yumiko Horazawa": "Q11555846", "Karen Yasinsky": "Q26884367", "Yukie Nasu": "Q9014973", "Melanie Allen": "Q111723960", "Ritsuko Notani": "Q111701090", "Virginia Hawes": "Q113634039", "Debra Pugh": "Q96314895", "Monique LaCoste": "Q124389191", "Jessica Lundeberg": "Q75196085", "Pat Shewchuk": "Q110162794", "Christa Moesker": "Q96585950", "Shiho Takeuchi": "Q11598886", "Julie Engaas": "Q123504547", "Miho Shimogasa": "Q11361267", "\u00c1ngela Graci\u00e1n": "Q9098410", "Madoka Hirayama": "Q11482479", "Yaroslava Rudenko-Shvedova": "Q12149099", "Miyako Yatsu": "Q11633023", "Marie Deschamps": "Q105082529", "Sevan Naggashyan": "Q27490017", "Zoya Trofimova": "Q21097810", "Liesbeth Worm": "Q96585370", "Vanessa Schwartz": "Q6560942", "Nadine Walsh": "Q100450799", "Kyung-Hee Baker": "Q111723997", "Hanna Kuts": "Q12116190", "Debbie J. Spafford": "Q111723611", "Akemi Hayashi": "Q9292349", "Phyllis Grant": "Q7188561", "Yvonne Mojica": "Q61940766", "Yevheniia Ilmenska": "Q12074249", "Oleksandra Ilmenska": "Q12074250", "Sachiko Wakabayashi": "Q111701041", "Melinda Wang": "Q29032898", "Yekaterina Boykova": "Q100716086", "Donna Brockopp": "Q113639530", "Marie Paccou": "Q78334770", "Katar\u00edna Kerekesov\u00e1": "Q20493196", "Eunice Choi": "Q113639054", "Noreen Taylor": "Q113639369", "Denise Boudreau": "Q111724033", "Amber Tornquist Hollinger": "Q111337734", "Jessica Mein": "Q21534184", "Karla Bengtson": "Q29376271", "Sonja Bougaeva": "Q112461331", "Sh\u014dko Ikeda": "Q9302114", "Cecilia Actis": "Q56458626", "Itziar Barrio": "Q107245202", "Deborah Ahee": "Q101113637", "Rowena Cruz": "Q111743139", "Robyne Tsuji": "Q111700977", "Ky\u016bta Sakai": "Q9123502", "Christine Mallouf": "Q111723402", "Chizuru Miyawaki": "Q20062715", "Teresa Tonner": "Q111742640", "Yaprak Morali": "Q119458747", "Anastasiya Zhuravlyova": "Q4181792", "Jennifer Cardon Klein": "Q28939743", "Chie Arai": "Q113633815", "Anne L'Ecuyer": "Q101145521", "Biljana Milicevic": "Q113634169", "Claudia V. Keene": "Q111701207", "Kei \u014cyama": "Q11434626", "Zeynap Akcay": "Q96278936", "Risa Ebata": "Q11551285", "Yukari Akimoto": "Q11597177", "Laura Mellott": "Q111723314", "Deniz ocal": "Q96278919", "Hollie L. Hee": "Q111722876", "Kaja Wright Polmar": "Q106246146", "Kristina Dufkov\u00e1": "Q12031487", "Elin Maria Bugge": "Q17057552", "Heidi Wittlinger": "Q6578077", "Angela Bravo": "Q56651036", "\u0130dil ar ucaner": "Q96278984", "Catherine Voyer-L\u00e9ger": "Q108648417", "Yukiko Inoue": "Q11373281", "Rashin Kheiriyeh": "Q55946650", "Sarah Burrini": "Q15446839", "Yuka Shibata": "Q11534875", "Gudrun Krebitz": "Q95210667", "Akile nazli kaya": "Q96279023", "Lyudmila Steblyanko": "Q16514581", "Keiko Miyazaki": "Q5958878", "Melissa Goodwin": "Q6812707", "\u00d6zg\u00fcl G\u00fcrb\u00fcz": "Q96279042", "Irene Lopez": "Q4963556", "Amandine": "Q61873034", "Val\u00e9rie Pirson": "Q80424119", "Chintis Lundgren": "Q110192044", "Delphine Hermans": "Q123277912", "Mai Yoshida": "Q6735200", "Burcu Kartal": "Q96279068", "Lenka Ivan\u010d\u00edkov\u00e1": "Q27910008", "Kikuko Sadakata": "Q11634524", "Yohana Vargas": "Q55114256", "Marjan Farsad": "Q39395423", "No\u00e9mie Marsily": "Q117854244", "Anete Melece": "Q61864529", "Leticia Santa Cruz": "Q5973922", "Jessica Borutski": "Q72332092", "Atsuko Watanabe": "Q11562291", "Anu-Laura Tuttelberg": "Q28319506", "Fulya Tokaoglu": "Q96279083", "Emma De Swaef": "Q84710180", "Dilara Ar\u0131n": "Q96278706", "Isik Dikmen": "Q96279099", "Martine Grande": "Q21675959", "\u00c9l\u00e9a Gobb\u00e9-M\u00e9vellec": "Q68920678", "C\u00e9line Devaux": "Q59195791", "Yukiko Nakatani": "Q20041824", "Maki Kawake": "Q124097088", "Monika Houdkov\u00e1": "Q95451192", "Nurbanu asena": "Q96278764", "Kate\u0159ina Karh\u00e1nkov\u00e1": "Q42897120", "R\u00e9ka Bucsi": "Q32592992", "Ave Taavet": "Q85985767", "Olga Stalev": "Q126003879", "Luca T\u00f3th": "Q60712632", "Verena Westphal": "Q102407424", "Merve Cirisoglu Cotur": "Q96278613", "Jenny L\u00f8vlie": "Q112543825", "Ege Okal": "Q96250669", "S\u014dbi Yamamoto": "Q17224490", "Camila Kater": "Q100811424", "Melis Balc\u0131": "Q96278797", "Kristen Gish": "Q110284666", "Natalia Bro\u017cy\u0144ska": "Q106768116", "Renata G\u0105siorowska": "Q98056257", "Rumeysa Onal": "Q96279122", "Coco Ouwerkerk": "Q61863988", "Akane Yano": "Q50726133", "Eli\u0161ka Podzimkov\u00e1": "Q28075518", "CypherDen": "Q68195041", "Temmie Chang": "Q115053161", "Astrid Pinel": "Q67174647", "Naime Pakniyat": "Q114143873", "Gooseworx": "Q109381250", "Nora D\u00e5snes": "Q115008645", "Hamda Alkhajeh": "Q118668730", "Hannah Unkrich": "Q113256807", "UnknownSpy": "Q124527150", "Kira Summer": "Q126006032", "Mirra Tubiolo": "Q121501440", "Xraysarts": "Q66686383", "Soraya Ingram": "Q37818283", "Haruko Iizuka": "Q3616038", "Asako Nishida": "Q4822281", "Kazumi Ikeda": "Q5370206", "Rie \u014cshima": "Q6427615", "Mutsumi Sasaki": "Q7149053", "Shizue Kaneko": "Q8977374", "Yumi Nakayama": "Q9099451", "Mai \u014ctsuka": "Q9124903", "Atsuko Fukushima": "Q9321550", "Kanami Sekiguchi": "Q9361545", "Chii": "Q11271654", "Mari Tominaga": "Q11273361", "Kanako Maru": "Q11368048", "Rion Kuj\u014d": "Q11369259", "Ky\u014dko Kametani": "Q11371032", "Y\u016bko Inoue": "Q11372749", "Keiko Sasaki": "Q11382236", "Taeko Sat\u014d": "Q11383880", "Ayako Kurata": "Q11386903", "Mari Kitayama": "Q11401481", "Yumiko Hara": "Q11409972", "Aya Shiroi": "Q11425972", "Taeko Hori": "Q11427171", "Kumi Horii": "Q11427210", "Urara Masunaga": "Q11429256", "Miwa \u014cshima": "Q11434956", "Kana Miyai": "Q11453240", "Nagisa Miyazaki": "Q11454153", "Junko Yamanaka": "Q11466199", "Sawako Yamamoto": "Q11468834", "Mariko Oka": "Q11473746", "Tomoko Iwasa": "Q11474103", "Noriko Shimazawa": "Q11476776", "Miyuki Shimabukuro": "Q11477048", "Toshie Kawamura": "Q11478780", "Yuka Kud\u014d": "Q11479634", "Chiemi Hironaka": "Q11484290", "Shizuka Hayashi": "Q11533380", "Satoko Morikawa": "Q11539643", "Y\u016bko Kusumoto": "Q11541219", "Toyoko Hashimoto": "Q11543793", "Yuki Enatsu": "Q11550807", "Kayo Ikeda": "Q11551700", "Sachiko K\u014dno": "Q11554135", "Shinobu Tagashira": "Q11577511", "Yukiko Ban": "Q11578769", "Kana Ishida": "Q11586941", "Tomoe Aratani": "Q11618853", "Maki Fujii": "Q11622660", "Maki Fujioka": "Q11623902", "Mariko Fujita": "Q11624659", "Kanae Suwa": "Q11631845", "Sanae Chikanaga": "Q11638450", "Asami End\u014d": "Q11642379", "Yumi Kamakura": "Q11650936", "Sayo Aoi": "Q11661093", "Masako Iimen": "Q11666748", "Mika Takahashi": "Q11671547", "Noriko Takao": "Q11673243", "Nafiseh Riahi": "Q16052553", "Yukiko Ishibashi": "Q16264070", "Yukie Sak\u014d": "Q17158814", "Kumiko Shishido": "Q17159353", "Sanae Shimada": "Q17159477", "Y\u016bko Tone": "Q17161729", "Mai Matsuura": "Q18235419", "Masae \u014ctake": "Q18650071", "Irra Verbitsky": "Q18889876", "Sayaka Toda": "Q20041661", "Rie Nakagome": "Q20041790", "Samantha Cutler": "Q22076903", "Megumi Yamashita": "Q23830049", "Debra Armstrong": "Q27567171", "Anne Marie Bardwell": "Q27902628", "Amy Lawson Smeed": "Q27915895", "Jennifer Hager": "Q28007069", "Kira Lehtomaki": "Q28007080", "Cyndee Whitney": "Q28797303", "Sandra Borgmeyer": "Q28797326", "Patrizia Peraza": "Q28797456", "Kimberly Knowlton": "Q28797460", "Fujiko Miller": "Q28802076", "Bette Isis Thomson": "Q28802080", "Lureline Weatherly": "Q28802085", "Jill Colbert": "Q28802200", "Barbara DeRosa": "Q28802897", "Tina Price": "Q28802901", "Natasha Selfridge": "Q28802903", "Jane Tucker": "Q28802906", "June Fujimoto": "Q28803574", "Christine Blum": "Q28813259", "Vera Pacheco": "Q28813470", "Renee Holt": "Q28813472", "Emily Jiuliano": "Q28813474", "Lori M. Noda": "Q28813480", "Dorothea Baker": "Q28813482", "Dori Littell-Herrick": "Q28813484", "Brigitte Hartley": "Q28824150", "Kaaren Lundeen": "Q28828196", "Margie Daniels": "Q28828199", "Nancy Kniep": "Q28828203", "Cynthia Overman": "Q28846434", "Rebecca Rees": "Q28855436", "Teresa Martin": "Q28859130", "Kathleen M. Bailey": "Q28866090", "Marianne Tucker": "Q28866092", "Tracy Mark Lee": "Q28866099", "Kathleen Quaife-Hodge": "Q28871853", "Juliet Stroud": "Q28871949", "Lieve Miessen": "Q28872846", "Darlie Brewster": "Q28889497", "Catherine Poulain": "Q28912368", "Ginnie Parmele": "Q28912858", "Dana M. Reemes": "Q28912860", "Caroline Cruikshank": "Q28916397", "Raffaella Filipponi": "Q28919278", "Merry Kanawyer Clingen": "Q28920163", "Amanda Jane Talbot": "Q28920884", "Susan Oslin": "Q28920890", "Carol Seidl": "Q28925580", "Monica Murdock": "Q28927435", "Kellie D. Lewis": "Q28927439", "Susan Lantz": "Q28934495", "Margaret Craig-Chang": "Q28934644", "Cynthia Neill Knizek": "Q28934647", "Allison Hollen": "Q28940448", "Aliza Corson Chameides": "Q28940757", "Florence Montceau": "Q28942711", "Tonya Ramsey": "Q28942775", "Linda Bel": "Q28945684", "Joan Doyle": "Q28946775", "Madoka Yasue": "Q28946777", "Sari Gennis": "Q28946778", "Roberta Kirkpatrick": "Q28946779", "Amie Slate": "Q28946780", "Rachel Renee Bibb": "Q28962007", "Sarah Mercey": "Q28973538", "Yer Za Vue": "Q28973638", "Hyun Min Lee": "Q29000876", "Sandra Groeneveld": "Q29017027", "Debbie Kupczyk": "Q29017581", "Rosanna Lyons": "Q29017582", "Elizabeth A. Holmes": "Q29018469", "Sherri Vandoli": "Q29018475", "Darlene E. Hadrika": "Q29018690", "Heather M. Shepherd": "Q29032751", "Rochelle Doriot Smith": "Q29032752", "Angela Diamos": "Q29032893", "Kristin K. Fong-Lukavsky": "Q29032895", "Nicole Alene Zamora": "Q29032899", "Kristen Heller": "Q29033179", "Cynthia Landeros": "Q29033181", "Susan Sugita": "Q29033184", "Helene Cnockaert": "Q29033225", "Mathilde Danton": "Q29033226", "Adeline Monin": "Q29033227", "Sarah Airriess": "Q29033633", "Dahee Jeong": "Q30347825", "Susan Kroyer": "Q42593907", "Tali": "Q49826204", "Elizabeth Watasin": "Q52236429", "St\u00e9phanie Delmas": "Q54172361", "St\u00e9phanie Towner": "Q56205554", "Maria Avramova": "Q56558485", "Alison Wilgus": "Q56799167", "Despina Zhelyazova": "Q57393271", "Emiliya Koleva": "Q57393272", "Marchela Dimitrova": "Q57440980", "Hristina Proykova": "Q57441194", "Carla Pereira": "Q59520945", "Sandhya Prabhat": "Q62749534", "Kaori": "Q64783343", "Ayala Sharot": "Q66451540", "Pernille \u00d8rum": "Q67624594", "Betty Smith": "Q69284284", "Mollie Zambra": "Q69284956", "Germaine Bertrand": "Q69769069", "Kathleen Houston": "Q69875715", "Geert Knoef": "Q70601409", "Olga Tijssen": "Q70719497", "Ane Melitta Meinhardt": "Q70874177", "Ingeborg Weber": "Q70879129", "Leni Fischer": "Q71035924", "Susanne Birkner": "Q71036651", "Enriqueta Calsina": "Q74509650", "Edith Frank": "Q74682991", "Conchita Gonz\u00e1lez": "Q74842921", "Irene Dalmau": "Q74843556", "Mar\u00eda Asunci\u00f3n Raspall": "Q75026010", "Ye. Baranova": "Q75297725", "I. Zavadskaya": "Q75301032", "Ye. Dvorkina": "Q75301943", "V. Speranskaya": "Q75478874", "M. Shumkova": "Q75480301", "Yu. Tychinina": "Q75481285", "M. Radynskaya": "Q75691390", "Tatyana Basmanova": "Q76427141", "Tatyana Fyodorova": "Q76428326", "S. Nikolayeva": "Q76524249", "Neli Sulava": "Q76796498", "Shannon Mistry": "Q77000018", "C\u00e9cilia Marreiros-Marum": "Q79267202", "Tomoko Miyagawa": "Q80070204", "Ami Lindholm": "Q81801665", "Kim Keukeleire": "Q84604888", "Terri Matthews": "Q85508897", "Johanna Bessi\u00e8re": "Q85656685", "Nicole Stafford": "Q86087648", "Rosalie Loncin": "Q86335435", "Lorraine Lordan": "Q86457288", "Gitte Teuwen": "Q86836702", "Chlo\u00e9 Roux": "Q86920570", "Hefang Wei": "Q86920585", "Svietlana Sliezowwa": "Q95730798", "Meral erez": "Q96278881", "Lori Mal\u00e9part-Traversy": "Q96652571", "Anastasia Mayzhegisheva": "Q98952159", "Mieko Hosoi": "Q99814935", "Takako Shimizu": "Q100326219", "Lisa Matuszak": "Q100348272", "Keiko Kurosawa": "Q100357805", "Naomi Ide": "Q100390697", "Sumie Kinoshita": "Q100451212", "Y\u016bko Iwasa": "Q100468225", "Sh\u014dko Yasuda": "Q100526445", "Anastasiya Sembon": "Q100716805", "Varvara Yakovleva": "Q100717578", "Naoko Nakamoto": "Q100802192", "Giovana Affonso": "Q100815446", "Camille Monnier": "Q100895079", "Chenghua Yang": "Q100895248", "Va\u00efana Gauthier": "Q100895368", "Bilitis Levillain": "Q100952035", "Marion le Guillou": "Q100952159", "Souad Wedell": "Q100952247", "Joanna Harrison": "Q100993300", "H\u00e9lo\u00efse Ferlay": "Q101002559", "Sylvie Trouv\u00e9": "Q101002678", "Souka\u00efna Najjaranne": "Q101002694", "Yumi Ikeda": "Q101146607", "Sharon Shattuck": "Q101687555", "M.J. Offen": "Q104658701", "Yuki Imoto": "Q104658918", "Ayumi Nishihata": "Q104776816", "Chizuko Kusakabe": "Q105456562", "Caroline Piochon": "Q105655565", "Noriko Akiho": "Q105704367", "Ayako Hiroki": "Q105760521", "Yasuko Abe": "Q105760567", "Gali Edelbaum": "Q105811370", "Kiki Mei Kee Poh": "Q105965055", "Jenna Caravello": "Q105970436", "Sayaka Koiso": "Q106072440", "Ky\u014dko Yufu": "Q106090056", "Aya Takano": "Q106405150", "Sheila M. Sofian": "Q106585226", "Phyllis Bulkin": "Q106619847", "Agnieszka Sadurska": "Q106828627", "Digna van der Put": "Q106830959", "Laura Piette": "Q106831030", "Flore van Holderbeke": "Q106831051", "Fernanda Dias": "Q107440155", "Y\u014dko Kuno": "Q108109531", "Megumi Kouno": "Q108139430", "Yurie Kuniyuki": "Q108597000", "DEMONDICE": "Q108605679", "Daria Cohen": "Q108605753", "Hiroko Kazui": "Q108613198", "Michelle Kwon": "Q108764622", "Cecilia Aranovich": "Q109640591", "Miriam Harris": "Q109913536", "Megan Nicole Dong": "Q109984177", "Giorgia McKenna": "Q110042130", "Ina Albrecht": "Q110042160", "Marie-Liesse Coumau": "Q110042170", "Margot Barb\u00e9": "Q110042468", "Islena Neira Lacosta": "Q110042494", "Erika De Nicola": "Q110200921", "Elisa Tulli": "Q110201172", "Flash Rosenberg": "Q111240405", "Shawn Atkins": "Q111311620", "Elizabeth Ito": "Q111838458", "Chelsey Furedi": "Q112237770", "Catr\u00econa Black": "Q112701279", "Carol Beecher": "Q112773014", "Sae Okamoto": "Q113540084", "Terri Sajecki": "Q113940261", "Nobuyo Oyama": "Q115098108", "Anne-Laure Daffis": "Q115197069", "Yasmine Reda": "Q115526503", "Camille Authouart": "Q116328964", "Megan Awhina Kara Askew": "Q116691993", "Kyra Kupetsky": "Q116743783", "Farah Arif": "Q116919502", "Maiko Kobayashi": "Q116936123", "Franziska van Wulfen": "Q117311597", "Elaine Bogan": "Q117862906", "Noor Ata": "Q118188450", "J\u014dko Mizukami": "Q118696181", "Jackie Droujko": "Q119947196", "Julija Scura": "Q119999684", "Tania Vincent": "Q121308127", "Zuri\u00f1e Sistiaga": "Q123513533", "Reiko Nagasawa": "Q123696976", "Keiko Tamaki": "Q123718920", "Toko Yatabe": "Q123741013", "Stine S\u00f8rensen": "Q123987778", "Sif Savery": "Q123994839", "Sylvia B. Clausen": "Q123995115", "Michelle K. From": "Q123997187", "Kerstin Unger": "Q124315830", "Mizuki Takahashi": "Q124357292", "Yoshiko Saitou": "Q124357294", "Miho Tanino": "Q124371775", "Ruriko Watanabe": "Q124465831", "Hitomi Hasegawa": "Q124467517", "Masako Matsumoto": "Q124479699", "Malaka Gharib": "Q124610965", "Typh": "Q124617335", "Ky\u014dko Taketani": "Q124710256", "Marje Ale": "Q124734303", "\u00dclle Metsur": "Q124734306", "Annely P\u00f5ldsaar": "Q124734309", "Eda Kurg": "Q124734313", "Miki Matsumoto": "Q124739354", "Kirsti Kurg": "Q124828316", "Etsuko Sumimoto": "Q125449382", "Y\u014dko Uchida": "Q125458240", "Linda N\u00f5mmik": "Q126003925", "Ida Lepparu": "Q126003964", "Leore Klyszejko": "Q126003965", "Tina Nawrocki": "Q126088601", "Kairi Unabara": "Q127106874"}