{"Sonja Jej\u010di\u010d": "Q48293904", "Adrienn Luspay-Kuti": "Q59672016", "Dorottya Sz\u00e9csi": "Q63410287", "Elza Szegedi-Elek": "Q107514588", "Sidsel Brahe": "Q4940367", "Maddalena Manfredi": "Q4965332", "Teresa Manfredi": "Q77248506", "J. E. A. Brown": "Q121797277", "Mabel Nevill": "Q123913004", "Sofya Varzar": "Q105105253", "Inna Nikolaevna Leman-Balanovskaja": "Q4257815", "Isi von Gleichen-Ru\u00dfwurm": "Q94751131", "Florence Armstrong Grondal": "Q110345068", "Nina Boeva": "Q4090055", "Gabriella Conti Armellini": "Q77248449", "Gisela Weiss": "Q52149380", "Julie Malbos": "Q55311444", "Cora Beemer": "Q50389469", "Marina Lavrova-Berg": "Q15070891", "Natalia Yakovlevna Bugoslavskaya": "Q97659471", "Silvana Navarro Jim\u00e9nez": "Q48418879", "Ascensi\u00f3n del Olmo Orozco": "Q28739774", "Lyyli Hein\u00e4nen": "Q12351946", "Mar\u00eda Montserrat Capdevila d'Oriola": "Q13406771", "J\u00falia Bal\u00e1zs": "Q28092631", "Maria W\u00e4hnl": "Q52131793", "Yudif' Slonim": "Q4423937", "Lore Richter": "Q110224847", "Rozalia Szafraniec": "Q9323050", "Ginestra Giovene": "Q27966386", "Erika Schattschneider": "Q107165887", "Lydia Radlova": "Q17427760", "Elizabeth Cornwall Tilley": "Q60293380", "Shafika Gilmievna Sharaf": "Q115726863", "Helen Pettit Knaflich": "Q116786957", "Rhea L\u00fcst": "Q98351746", "Inna Sergeevna Sjtsjerbina-Samoylova": "Q15918990", "\u0420\u0430\u0445\u0456\u043b\u044c \u0411\u0430\u0440\u044b\u0441\u0430\u045e\u043d\u0430 \u0428\u0430\u0446\u0430\u0432\u0430": "Q21084055", "Antonietta Marino Renda": "Q63107253", "Yvette Andrillat": "Q112228248", "Suzanne D\u00e9barbat": "Q30118593", "Claude van 't Veer-Menneret": "Q62119085", "Alina Iosifovna Eremeeva": "Q113232097", "Jacqueline Sweeney": "Q23720112", "Stefania Grudzi\u0144ska": "Q11836341", "Pavla Ranzinger": "Q28465807", "Rimma Timofeevna Fjodorova": "Q4494048", "M\u00e1ria Hajdukov\u00e1": "Q124606796", "Alla Nikolaevna Simonenko": "Q15407642", "Galina Richardovna Kastel": "Q3757639", "Anna Antalov\u00e1": "Q55452807", "Erzs\u00e9bet Ill\u00e9s": "Q1096469", "Elly M. Berkhuijsen": "Q99546748", "Surija Tatevjan": "Q22919355", "Lidia Rykhlova": "Q65153595", "Suzy Collin-Zahn": "Q30118613", "Rutt Koppel": "Q20528443", "Viktoria Serhiivna Tsbetkova": "Q89910741", "Monique Spite": "Q94127523", "Valentina Karachentseva": "Q20642966", "Tatiana Borodovitsyna": "Q109491462", "Inge Heinrich": "Q95650690", "Anneliese Schnell": "Q52084157", "I.-Juliana Christy": "Q112493418", "Jacqueline Bergeron": "Q26803749", "Joanna Marie Rankin": "Q89192390", "Magda Stavinschi": "Q3276639", "Anita Sundman": "Q18202347", "Karen Harvey": "Q87404609", "Tatiana Fabini": "Q124606784", "Mary Kay Hemenway": "Q57433393", "Am\u00e9d\u00e9e Riou": "Q48749721", "\u039c\u03b1\u03af\u03c1\u03b7 \u039a\u03bf\u03bd\u03c4\u03b9\u03b6\u03ac": "Q91863704", "Carla Cacciari": "Q54279790", "Marie Mahrov\u00e1": "Q3847875", "Maria Gertrude Firneis": "Q1895891", "Lili Sapar": "Q16408424", "Wendee Levy": "Q4018987", "Mar\u00eda del Pilar L\u00f3pez de Coca": "Q19812640", "E. Falgarone": "Q125230746", "Anna Alter": "Q2850450", "Eva Markov\u00e1": "Q24052934", "Cynthia Gustava": "Q3699903", "Eva Gloria Villaver Sobrino": "Q53952363", "Dina  Prialnik": "Q58841774", "Anais M\u00f6ller": "Q62504200", "Karine Rousselet-Perraut": "Q117261228", "Mercedes Prieto": "Q23768176", "Sylvaine Turck-Chi\u00e8ze": "Q27996654", "Martin Elvis": "Q58250905", "Xiangqun Cui": "Q9132594", "Bo\u017cena Czerny": "Q9178360", "Elizabeth R. Dillon": "Q12270012", "Monique Arnaud": "Q16027871", "Asta Pellinen-Wannberg": "Q16596069", "Claire Moutou": "Q20089728", "Rosa Mar\u00eda Gonz\u00e1lez Delgado": "Q24938787", "V\u00e9ronique Bommier": "Q53585745", "Cyrena A. Goodrich": "Q97064863", "Leena T\u00e4htinen": "Q11875253", "M\u00f3nica Rubio L\u00f3pez": "Q50316003", "Daniela Lazzaro": "Q53936792", "Elena Malanushenko": "Q63469021", "Muriel Gargaud": "Q27646713", "Ma\u0142gorzata Kr\u00f3likowska-So\u0142tan": "Q11772307", "Gisella Clementini": "Q61470581", "Monica Colpi": "Q107901436", "Mary Barsony": "Q113871562", "Jelle Kaastra": "Q58250692", "Katarzyna Otmianowska-Mazur": "Q97497612", "Francesca Figueras": "Q57171434", "Isabelle Grenier": "Q92724821", "Ewa Szuszkiewicz": "Q29246399", "Giuseppina Micela": "Q58157316", "Olga Atanackovi\u0107": "Q20434715", "Iryna B. Vavilova": "Q65199727", "Hana M\u00e9sz\u00e1rosov\u00e1": "Q95448299", "Casiana Mu\u00f1oz Tu\u00f1\u00f3n": "Q60843196", "Cecilia Scorza de Appl": "Q30078698", "Rita Schulz": "Q15434148", "Mirt Gramann": "Q20528623", "Sofia Randich": "Q37620159", "Akiko Izumo": "Q53764883", "Ruth E\u00dfer": "Q93242081", "Andrea H. Prestwich": "Q97650730", "Livia Origlia": "Q58607012", "Monica Lazzarin": "Q69496370", "Kristine Larsen": "Q16532007", "Ute Zimmer": "Q29353140", "Anne Verbiscer": "Q67018980", "Beth Ellen Clark": "Q89557433", "Doris Breuer": "Q56505495", "Carina Persson": "Q79027629", "Ana Ulla": "Q98687564", "Silvia Giuliatti Winter": "Q102430107", "Vadim Burwitz": "Q114374403", "Judith Provencal": "Q116872883", "Corinne Charbonnel": "Q16543931", "Antonia Varela P\u00e9rez": "Q124356010", "Maria Sundin": "Q23916218", "Agnieszka Kryszczy\u0144ska": "Q24428262", "Elena Pian": "Q53996133", "Maarit Verronen": "Q11690087", "June Jedicke-Zehr": "Q65132725", "Sylvia Ekstr\u00f6m": "Q53987766", "Isabel M\u00e1rquez P\u00e9rez": "Q19812731", "Susanne H\u00f6fner": "Q16595275", "Mara Salvato": "Q59676296", "Mirjam Gali\u010di\u010d": "Q28120679", "Gretchen Benedix": "Q63389954", "St\u00e9phanie Ruphy": "Q66906261", "Doris Folini": "Q102311707", "Carlotta Gruppioni": "Q56555893", "Paola De Gobbi": "Q60458827", "Debra Buczkowski": "Q56507945", "Joanne Baker": "Q112466067", "Bianca Salmaso": "Q63410004", "Sof\u00eda Alejandra Cora": "Q88987418", "Mar\u00eda Josefa P\u00e9rez": "Q76823147", "Laura Pentericci": "Q108063872", "Laura M. Woodney": "Q110741440", "Liese van Zee": "Q111317146", "Noem\u00ed Pinilla-Alonso": "Q20829631", "Marina Brozovi\u0107": "Q99462179", "Erika Pak\u0161tien\u0117": "Q110619623", "Joanna Thomas-Osip": "Q116878838", "Beate Stelzer": "Q117262377", "Elisa Resconi": "Q21258887", "Olga Voziakova": "Q22998551", "Mariela Alejandra Corti": "Q113657373", "Angiola Orlando": "Q54010398", "Mercedes Esteves Filho": "Q60146932", "So\u0148a Ehlerov\u00e1": "Q100276378", "Guilaine Lagache": "Q53970244", "Agnieszka Pollo": "Q105946316", "Jana Chesley": "Q27818486", "Sonia Fornasier": "Q20829985", "Adamantia Paizis": "Q3605026", "R. Lynne Jones": "Q58344555", "C\u00e9line Reyl\u00e9": "Q89285334", "Melissa N. Hayes-Gehrke": "Q110663233", "Silvia Piranomonte": "Q58337592", "Elizabeth Katherine Holmes": "Q117188002", "Korn\u00e9lia Radics": "Q113578996", "Marta Volonteri": "Q24640438", "Marina Cort\u00eas": "Q58248525", "Rachel L. Klima": "Q68587342", "Chunglee Kim": "Q102306506", "Stephanie Escoffier": "Q57258201", "Konstanze Zwintz": "Q53997781", "Est\u00edbaliz Espinosa": "Q5493589", "Agnieszka Janiuk": "Q20640174", "Leen Decin": "Q21264251", "Hagar Landsman": "Q30527449", "Amanda Sickafoose Gulbis": "Q27650615", "Karina Caputi": "Q29001722", "Daniela Kor\u010d\u00e1kov\u00e1": "Q57966433", "Kerri Donaldson-Hanna": "Q110087042", "Miroslava Dessauges": "Q110382970", "Gabriella de Lucia": "Q19288715", "Inge Loes ten Kate": "Q17351375", "Sini Merikallio": "Q31086717", "Jasmin Lampert": "Q102427601", "Susan D. Benecchi": "Q3978223", "Caroline Bot": "Q57743876", "Mireya Etxaluze": "Q23907919", "Barbara Balmaverde": "Q58339798", "Julia de Le\u00f3n": "Q60055954", "Al\u00edz Derekas": "Q3613511", "Ad\u00e9la Kawka": "Q10713247", "Jessica T. Dempsey": "Q114339699", "Maru\u0161a Brada\u010d": "Q29354904", "\u0406\u0432\u0430\u043d\u043e\u0432\u0430 \u041e\u043b\u0435\u043a\u0441\u0430\u043d\u0434\u0440\u0430 \u0412\u0456\u043a\u0442\u043e\u0440\u0456\u0432\u043d\u0430": "Q123421071", "Lucy d'Escoffier Crespo da Silva": "Q19946726", "Marilena Spavone": "Q57079093", "Rosa Valiante": "Q57077627", "Carolyn M. Ernst": "Q58203844", "Dunja Fabjan": "Q64064518", "Silvia Bonoli": "Q114417587", "Linda Podio": "Q114106292", "Zsuzsanna Heiner": "Q4024867", "Ivelina Momcheva": "Q100711748", "Stefanie Gebauer": "Q110812930", "\u0b85\u0ba9\u0bcd\u0ba9\u0bbe \u0baa\u0bbf\u0bb0\u0bc7\u0baa\u0bc6\u0bb2\u0bcd": "Q47545356", "Myriam Benisty": "Q56558446", "Savita Mathur": "Q59675206", "Vernesa Smol\u010di\u0107": "Q59673993", "Angela Bongiorno": "Q56556496", "Elena Ricciardelli": "Q56556488", "Silvia Protopapa": "Q19678074", "Elisabeth R. Adams": "Q122784746", "Sunghye Baek": "Q56931721", "Emille Ishida": "Q60042243", "Angela Adamo": "Q59671677", "Agata Ko\u0142odziejczyk": "Q106116034", "\u00c1gnes K\u00f3sp\u00e1l": "Q75829752", "Val\u00e9rie Van Grootel": "Q19958604", "Sibylle Anderl": "Q87401345", "B\u00e1rbara Rojas-Ayala": "Q54193999", "Cristina A. Thomas": "Q56946239", "Neda Dadashi": "Q60799484", "Hilke Schlichting": "Q90781131", "Anupreeta More": "Q102985250", "Caroline Freissinet": "Q113402384", "Dagmara Oszkiewicz": "Q56562498", "Nathalie Ysard": "Q58387995", "Chae-Kyung Sim": "Q115557869", "Yonit Hochberg": "Q96864041", "Kumiko Kotera": "Q27925360", "Aurora Simionescu": "Q18547903", "Lucille Le Corre": "Q53963743", "Devaky Kunneriath": "Q112509661", "Elisabete da Cunha": "Q56548884", "Aur\u00e9lie Guilbert-Lepoutre": "Q110110465", "Paulina Troncoso Iribarren": "Q59676538", "Francesca E. DeMeo": "Q20873246", "Audrey Thirouin": "Q57054265", "Joana Neto Lima": "Q106451950", "Marie Korsaga": "Q107541954", "Tana Joseph": "Q109292269", "Rosemary E. Pike": "Q111974897", "Asmaa Boujibar": "Q28715890", "Sandrine Guerlet": "Q57303388", "Pratika Dayal": "Q107976392", "Milena Ratajczak": "Q105947037", "Veronica Biffi": "Q104845990", "Lison Malo": "Q104772478", "Agata Karska": "Q58476638", "Linda Blot": "Q60061405", "Annalisa Allocca": "Q108563853", "Mallory Vale": "Q27990257", "Agata Ro\u017cek": "Q61942939", "Ilse De Looze": "Q63184689", "Tracy M. Becker": "Q114316821", "Diane Cormier": "Q58913773", "Julie Hlavacek-Larrondo": "Q54495027", "\u00c9meline Bolmont": "Q59209897", "Livia Vallini": "Q58914662", "Asli Pehlivan Rhodin": "Q118132369", "Tullia Sbarrato": "Q58375808", "Jennifer van Saders": "Q60428739", "Maggie McAdam": "Q110090370", "Liliana Rivera Sandoval": "Q116857370", "Teresa Fornaro": "Q60010219", "Gisela Ortiz Le\u00f3n": "Q59674381", "Nathalie N.-Q. Ouellette": "Q62629724", "Sara Khalafinejad": "Q28872127", "Camila Navarrete": "Q57735762", "Edwige Pezzulli": "Q114350115", "Stefania Amodeo": "Q61163153", "Lauren Flor Torres": "Q112598725", "Maria Carmela Orofino": "Q114350124", "Yoonyoung Kim": "Q63382781", "Alexandra Amon": "Q66684967", "Kateryna Frantseva": "Q109623593", "Auriane Egal": "Q110109702", "Julie Nov\u00e1kov\u00e1": "Q12027166", "Silvia Celli": "Q56472393", "Rachel Cochrane": "Q62633997", "Caroline Moore": "Q4307605", "Gabriella Hodos\u00e1n": "Q111645997", "Birgitta Nordstr\u00f6m": "Q15965254", "Helen Kirk": "Q58235775", "Francesca Bacciotti": "Q59009576", "Marie-Eve Naud": "Q59669345", "Anne Pellerin": "Q66594508", "Sherry H. Suyu": "Q90083610", "Catherine Hohenkerk": "Q96195161", "Amena Karimyan": "Q110063125", "Cassandra Bolduc": "Q110681536", "Caroline Barban": "Q114415285", "Alisha Wissanji": "Q115414545", "Farzana Aslam": "Q4509572", "Rim Turkmani": "Q7334345", "Romana Ratkiewicz-Landowska": "Q27808263", "Holly Phaneuf": "Q3786309", "Marissa Gahran": "Q3849346", "Elena Masotti": "Q4274571", "\u6c6a\u7426": "Q11137012", "Pushpa Khare": "Q15146796", "Hilke Elisabeth Schlichting": "Q15261595", "Shahla Solhju": "Q16052844", "Joanna Miko\u0142ajewska": "Q16563325", "Janet Stevens": "Q16567074", "Herta Gessner": "Q16745645", "Eva Pl\u00e1valov\u00e1": "Q18745166", "Gunvor Ulla Marie Ollongren-Lundgren": "Q19318341", "Ester Vigil": "Q19414217", "Edith Wirtanen": "Q19414306", "Claudia Lagos": "Q19998209", "Susan Banh": "Q20007965", "Catherine de Bergh": "Q20829989", "Eva Schinnerer": "Q21259518", "Stefanie Komossa": "Q21264719", "St\u00e9phanie Cazaux": "Q21264729", "Paola Marigo": "Q21402755", "Alyssa Rhoden": "Q21511483", "Meredith Howard": "Q28009542", "Fr\u00e9d\u00e9rique Marion": "Q29958697", "Shio Kawagoe": "Q30924148", "Elisa Delgado Mena": "Q37620123", "Choo Kyoung-ja": "Q42298306", "\u0bb5\u0bbe\u0ba3\u0bcd\u0b9f\u0bbe \u0ba4\u0bbf\u0baf\u0bbe\u0b9a\u0bc1 \u0bae\u0bc6\u0bb0\u0bbf\u0b9a\u0bc6\u0ba4\u0bc1": "Q47545362", "Simone Esposito": "Q51329927", "Elena Pancino": "Q53952233", "Edvige Corbelli": "Q53952356", "Sabine Reffert": "Q53953289", "Katherine Y. L. Su": "Q53953330", "Fumi Yoshida": "Q53975499", "Alessandra Aloisi": "Q53985237", "Veronica Roccatagliata": "Q53986894", "Katherine Alatalo": "Q53996401", "Janet E. Drew": "Q53998184", "Jessica Sunshine": "Q54007205", "Gabriele Cremonese": "Q54024533", "Elisabetta Cesarini": "Q54036397", "Ginevra Trinchieri": "Q54195767", "Maria Tsantaki": "Q54217806", "Marta Sewilo": "Q54253470", "Miriam Garc\u00eda": "Q54257902", "Giuliana Fiorentino": "Q54307784", "Patricia Beatriz Tissera": "Q108100155", "Simona Murgia": "Q56395988", "Chiara Feruglio": "Q56421220", "Valentina D'Odorico": "Q56462478", "Antonia Rowlinson": "Q56473955", "Manda Banerji": "Q56473972", "Susan E. Mullally": "Q56482913", "Francesca Zambon": "Q56483910", "Anna Gallazzi": "Q56485577", "Hannah R Wakeford": "Q56486826", "Gemma Anderson": "Q56488518", "Maura Pilia": "Q56508209", "Rachael Livermore": "Q56547319", "Ana Acebron": "Q56547349", "Renske Smit": "Q56549290", "Janine Pforr": "Q56551012", "Marcella Brusa": "Q56551848", "Mar\u00eda Rosa Zapatero Osorio": "Q56555889", "Bianca Garilli": "Q56555900", "Roser Pell\u00f3": "Q56556490", "Daniela Vergani": "Q56556495", "Elvira Covino": "Q56559040", "Lola Balaguer-N\u00fa\u00f1ez": "Q56562508", "Brooke Simmons": "Q56705939", "Sarah Kendrew": "Q56817898", "Am\u00e9lie Saintonge": "Q56907097", "Daniela Huppenkothen": "Q56908450", "Caroline Soubiran": "Q56929422", "Leslie K. Hunt": "Q56929521", "Eleanna Asvestari": "Q56960627", "Dorota Sobczynska": "Q57017057", "Elisa Prandini": "Q57017221", "Caroline Foster": "Q57076644", "St\u00e9phanie Juneau": "Q57078919", "Maryvonne Gerin": "Q57078964", "Martin Krause": "Q57136415", "Rachael Ainsworth": "Q57198613", "Natasha Hurley-Walker": "Q57201099", "Anna Cibinel": "Q57314279", "Nicole Gugliucci": "Q57431813", "Susana Barros": "Q57476257", "Bego\u00f1a Ascaso": "Q57482331", "Mercedes Moll\u00e1": "Q57482422", "Raffaella Margutti": "Q57498518", "Jane Huang": "Q57512982", "Lauren Ilsedore Cleeves": "Q57512994", "Christene Lynch": "Q57563619", "Julia Roman-Duval": "Q57596817", "Herma Cuppen": "Q57617985", "Trudi Hoogenboom": "Q57625308", "Harriet Parsons": "Q57743650", "Catherine Vlahakis": "Q57743813", "Linda Smith": "Q57744472", "Encarni Romero-Colmenero": "Q57775408", "Annie Robin": "Q57781175", "Janice Lee": "Q57848277", "Aleksandra Nina": "Q57848523", "Daniele Bertacca": "Q57861699", "Maria Cristina De Sanctis": "Q57908628", "Katarina Miljkovic": "Q57911231", "Lillian R. Ostrach": "Q57916956", "Michaela Walterova": "Q57920005", "Vanessa Moss": "Q57974993", "Rossella Cassano": "Q57975036", "Paula Stella Teixeira": "Q58235852", "Lihwai Lin": "Q58246250", "Nancy S. Brickhouse": "Q58250009", "Eleanor Byler": "Q58250030", "Margarida Cunha": "Q58264806", "Federica Spoto": "Q58293555", "Vera Rosenbush": "Q58295158", "Eliza Kempton": "Q58308372", "Felicia Carla Tiziana Barbato": "Q58354319", "Victoria Grinberg": "Q58360544", "Viola Allevato": "Q58375748", "Magaretha Pretorius": "Q58425739", "Sarah Vigeland": "Q58468289", "Swara Ravindranath": "Q58484119", "Kathryn Grasha": "Q58490466", "Francesca Annibali": "Q58490694", "Elisabeta Lusso": "Q58492016", "Nina Hatch": "Q58492848", "Vivian U": "Q58853870", "Elena Gallo": "Q58910710", "Paola Merluzzi": "Q58911615", "Maria Teresa Ceballos": "Q58911714", "Anita Zanella": "Q58913799", "Annagrazia Puglisi": "Q58914183", "Paola Andreani": "Q58916811", "Marie-Lou Gendron-Marsolais": "Q58917530", "Elena Rasia": "Q58917929", "Susan Kassin": "Q58918490", "Chiaki Kobayashi": "Q58918549", "Mariana Cano D\u00edaz": "Q58919270", "Claudia Cicone": "Q58919282", "Renee Ludlam": "Q58926086", "Tiziana Di Salvo": "Q58927418", "Rebecca C. Levy": "Q58929456", "Charlotte Mason": "Q58935413", "Ivana Kolma\u0161ov\u00e1": "Q59149048", "Sarah Pearson": "Q59203134", "Mary Putman": "Q59203161", "Svetlana Artemenko": "Q59216887", "Megan Bedell": "Q59247176", "Elvire De Beck": "Q59247388", "Marta Bryan": "Q59252858", "A. Duarte-Cabral": "Q59255401", "Gianna Cauzzi": "Q59399149", "Rachel Bezanson": "Q59404758", "Melissa Brucker": "Q59555143", "Beth Biller": "Q59667462", "Nicha Leethochawalit": "Q59667488", "Christina Williams": "Q59668583", "Sarah Sonnett": "Q59668688", "Annalisa Pillepich": "Q59669865", "Michelle Cluver": "Q59670584", "Sarah Brough": "Q59670618", "Claudia Scarlata": "Q59671079", "Katherine de Kleer": "Q59671108", "Siyi Xu": "Q59671262", "Ana Bonaca": "Q59671962", "Mariska Kriek": "Q59672097", "Erica Nelson": "Q59672159", "Wen-fai Fong": "Q59672261", "Elinor Gates": "Q59674067", "Simona Mei": "Q59674390", "Laura Blecha": "Q59674623", "Claire L. Davies": "Q59675325", "Astrid Lamberts": "Q59675688", "Kelsey Johnson": "Q59675801", "Katherine Whitaker": "Q59676274", "Maria Drout": "Q59676302", "Kaitlin M. Kratter": "Q59676788", "Sylvana Yelda": "Q59676845", "Hannah Alpert": "Q59750090", "Laurence Perreault Levasseur": "Q59752428", "Rebecca Smith": "Q59763340", "Arya Udry": "Q59809179", "Elspeth K. H. Lee": "Q59814918", "Karin Dissauer": "Q59826906", "Megan Mansfield": "Q59827412", "Maria Gritsevich": "Q59868425", "Joey Shapiro Key": "Q59916466", "Agnieszka Sybilska": "Q60036336", "Montserrat Armas Padilla": "Q60042785", "Rebecca McElroy": "Q60043193", "Rosalind Skelton": "Q60043814", "Sabine Bellstedt": "Q60044699", "Jillian M Scudder": "Q60046036", "Jillian R Neeley": "Q60059310", "Sara Cazzoli": "Q60059547", "Amelia Fraser-McKelvie": "Q60062770", "Catarina Lobo": "Q60111127", "Yiseul Jeon": "Q60140115", "Huynh Anh N. Le": "Q60140316", "Camilla Danielski": "Q60142967", "Daniela Opitz": "Q60148470", "Sarah Maddison": "Q60179933", "Nicole St-Louis": "Q60189171", "S. Michelle Consiglio": "Q60199530", "Amaya Moro-Mart\u00edn": "Q60315641", "Silvia Mateos": "Q60412243", "Clara Froment": "Q60729257", "Catherine Watkinson": "Q60749586", "C. O. Stevens": "Q61051589", "Vinita Marwaka Mathil": "Q61065882", "Katrina Wefel": "Q61083975", "Jo-Anne Brown": "Q61249373", "Camille Bonvin": "Q61330278", "Melina Bersten": "Q61968747", "Lilia Patricia Bassino": "Q61976208", "Amanda Weinstein": "Q61978389", "Natalia Ya. Sotnikova": "Q62056958", "Charlotte Sobey": "Q62065023", "Katrin Krohn": "Q62368874", "Anne E Sansom": "Q62616410", "Alessia Gualandris": "Q62628077", "Mar\u00eda del Carmen Argudo Fern\u00e1ndez": "Q62629472", "Alessia Longobardi": "Q62635624", "Rebecca White": "Q62721945", "Cherry Ng": "Q62780574", "Katarzyna Ma\u0142ek": "Q62981075", "Laure Ciesla": "Q62981872", "Pen\u00e9lope Longa Pe\u00f1a": "Q63117758", "Gail Zasowski": "Q63167020", "Katia Cunha": "Q63167617", "Joleen K. Carlberg": "Q63185539", "M\u00f3nica Rela\u00f1o Pastor": "Q63226046", "Francesca Civano": "Q63231780", "Aurora Sicilia-Aguilar": "Q63235718", "H\u00e9l\u00e8ne Roussel": "Q63241432", "Anna Bartkiewicz": "Q63381115", "Maria Santos-Lleo": "Q63430250", "Laurence Tresse": "Q63441343", "Aeree Chung": "Q63508185", "Melodi R. Rodrigue": "Q63846970", "Louise Riofrio": "Q63917304", "Denise Boncioli": "Q63974073", "Emily Petroff": "Q64104734", "Jennifer A. Johnson": "Q64341375", "Jennifer Anna Noble": "Q64449648", "Luciana Federici": "Q64857829", "Sara E. Beck": "Q64864885", "Shazrene Mohamed": "Q64869413", "Barbara L. Giles": "Q64896936", "Maria D. Rodriguez Frias": "Q64920881", "Nitya Kallivayalil": "Q65048715", "Gurtina Besla": "Q65049323", "Sushma V. Mallik": "Q66301015", "Jenna Ryon": "Q66604750", "Fang-Ting Yuan": "Q66660981", "Jena Meinecke": "Q68671764", "Amy C. McAdam": "Q68685367", "Giada Arney": "Q76812207", "Francesca D'antona": "Q79344786", "Edyta Podlewska-Gaca": "Q84346097", "Upasana Das": "Q85197730", "Jade Powell": "Q86355449", "Julia DeMarines": "Q87648446", "Linda Younker Schweizer": "Q87815219", "Carol Polanskey": "Q88075440", "Carlotta Scir\u00e8": "Q88698535", "Silvia Belladitta": "Q89492583", "Michelle L. Edwards": "Q89564239", "Tracy E Clarke": "Q89654474", "Susan Benecchi": "Q89700624", "Evelyne Roueff": "Q90069730", "Laura Brenneman": "Q90707495", "Marie-Paule Bassez": "Q90847300", "Alexandra J. Tetarenko": "Q91624964", "Tracy Webb": "Q91825965", "Daniela Carollo": "Q92152465", "Anna Ciurlo": "Q92185692", "Eulalia Gallego-Cano": "Q92185701", "Tomoko Arai": "Q92487600", "Annalisa Bonafede": "Q92571792", "Carol Oliver": "Q92584128", "Helene Frisch": "Q95660797", "Emily Gilbert": "Q96683988", "Orly Gnat": "Q96863655", "Laura Perez": "Q98203133", "C\u00e9cile Engrand": "Q98499984", "Nandita Khetan": "Q98513553", "Josefina F. Ling Ling": "Q98545290", "Claudia Marcela Giordano": "Q98636381", "Saeqa Vrtilek": "Q98639333", "Alison K. Young": "Q98944751", "Anita M.S. Richards": "Q99331024", "Logan A. Pearce": "Q99557566", "Heather M. Meyer": "Q100900628", "Cristina Elisabeth Cappa": "Q101428218", "Marina Trevisan": "Q102076872", "Katharine Renee Long": "Q102173662", "Helen Pongracic": "Q102283136", "Sophie Pireaux": "Q102300187", "Kerstin Elena Kunze": "Q102314791", "Annalisa Celotti": "Q102343558", "Mar\u00eda Laura Arias": "Q102349411", "Eveline Helder": "Q102368535", "Carla Baldovin-Saavedra": "Q102389097", "Amalia Corral Ramos": "Q102400121", "Cinthia Ragone Figueroa": "Q102405925", "Claire Lackner": "Q102407090", "Anne-Sophie Libert": "Q102409491", "Irene Sendra": "Q102414012", "Ir\u00e8ne Balm\u00e8s": "Q102415136", "Silvia Pellegrini": "Q102420507", "Elvira Botez": "Q102437671", "Amanda Reis Lopes": "Q102447666", "Fereshteh Rajabi": "Q102501789", "Celia del Carmen Escamilla Rivera": "Q102551518", "Sarah Pearce": "Q102553809", "Monica Valluri": "Q102566263", "Susanne M. Hoffmann": "Q102689896", "Laura Kay": "Q102850193", "Ariane Lancon": "Q102896334", "Patricia Reich": "Q102983367", "Yun-Young Choi": "Q102996578", "Eunbin Kim": "Q102996583", "Arsine Victoria Peterson": "Q103092775", "Mimi Song": "Q103135984", "Parshati Patel": "Q103164591", "B\u00e9atrice Bonga": "Q103277860", "Andrea Guzman Mesa": "Q104426447", "Na Wang": "Q104723123", "Moiya McTier": "Q105437735", "Christine Corbett Moran": "Q105441364", "Tiziana Di Matteo": "Q105561142", "Pontsho Maruping": "Q105839622", "Ruvimbo Samanga": "Q105839624", "Jessie Ndaba": "Q105839634", "Charlotte Corbel": "Q106511078", "Anal\u00eda Viviana Smith Castelli": "Q106705283", "Ileana Andruchow": "Q106728178", "M\u00f3nica Viviana Cardaci": "Q106975971", "Gabriele Betancourt-Martinez": "Q107022789", "Siyao Xu": "Q107022814", "Margaret Meixner": "Q107709095", "Stefania Salvadori": "Q107989287", "Yuko Kawaguchi": "Q108100214", "Andrea Fabiana Torres": "Q108449895", "Cristina Popescu": "Q108541573", "\u6c6a\u73cd\u5982": "Q108717716", "Ellen N. Bouton": "Q108806830", "Palesa Nombula": "Q108950170", "Priyanka Kachru": "Q109236687", "Julia D. Kennefick": "Q109610692", "Ruth Angus": "Q109656668", "Maria Antonietta Giannuzzi": "Q110368293", "Aparna Venkatesan": "Q110900122", "Kelsie Krafton": "Q110900341", "Ivana Ebrov\u00e1": "Q111527115", "Gwendoline Eadie": "Q111534358", "Catherine Lovekin": "Q111534363", "Diana Worrall": "Q111859955", "Ofelia Durante": "Q112185521", "Mar\u00eda Alejandra De Vito": "Q112193406", "Jessamine White": "Q112418444", "Myra Blaylock": "Q112604885", "Catherine D. Neish": "Q113402398", "Sarah L. Casewell": "Q113520625", "Alexie Leauthaud-Harnett": "Q113621874", "Anna M. Nierenberg": "Q113687328", "Nicole Nevill": "Q113816035", "Siramas Komonjinda": "Q114058115", "Sofia Ventura": "Q114177134", "Karine Le Bail": "Q114226017", "Stefania Pandolfi": "Q114269819", "Paramita Barai": "Q114270316", "Sylvie F. Beaulieu": "Q114324229", "Erminia Calabrese": "Q114339533", "Alessandra Beifiori": "Q114343064", "Ay\u00e7in Aykutalp": "Q114345340", "Caroline Heneka": "Q114357997", "Brenda Frye": "Q114372370", "Elena Tundo": "Q114372382", "Magali Deleuil": "Q114385194", "Atsuko Nitta": "Q114409463", "Joanna Molenda-\u017bakowicz": "Q114415286", "Antonia Morales-Garoffolo": "Q114423525", "Marcella Di Criscienzo": "Q114426302", "Roberta Carini": "Q114426304", "Erin Kara": "Q114428947", "Micol Bolzonella": "Q114434081", "Jenny K. Calahan": "Q114446270", "Sanjana Curtis": "Q114603551", "Susanna Vergani": "Q114670772", "Antonella Maselli": "Q114672677", "Florencia Laura Vieyro": "Q114726418", "Laura Sommovigo": "Q114757211", "Mahsa Kohandel": "Q114757625", "Harman Deep Kaur": "Q114834296", "Anita Mohan": "Q114861043", "Karen Rylvia Pollard": "Q114901579", "Christine Clement": "Q114906855", "Aya Bamba": "Q115048163", "Elisa Costantini": "Q115048165", "Sara A. Webb": "Q115335404", "Virginia K. Brenton": "Q115561178", "Adelle Goodwin": "Q115611811", "Clare Kenyon": "Q115622448", "Linda J. Smith": "Q115628618", "Nadezhda Antonovna Bokhan": "Q115651386", "Mariya Yakovlevna Shmakova": "Q115651596", "Frida Borisovna Khanina": "Q115663238", "Nina Mikhaylovna Bronnikova": "Q115668455", "Nataliya Nikolaevna Stepanyan": "Q115674048", "Natalia Vladimirovna Ashkova": "Q115675655", "Valentina Mikhaylovna Chepurova": "Q115729802", "Raisa Konstantinovna Kazakova": "Q115764937", "Ariadna Murguia-Berthier": "Q115769283", "Anjum S. Mukadam": "Q115770036", "Julie Thorburn": "Q115770322", "Jill Bechtold": "Q115770495", "Caroline Piaulet": "Q115854656", "Maria Kurpi\u0144ska-Winiarska": "Q115974096", "Elisabeth Nesme-Ribes": "Q116246448", "Sarah Higdon": "Q116378141", "Alice Beach": "Q116579157", "Minhee Hyun": "Q116831365", "Parker Fagrelius": "Q116878284", "Ruth C. Peterson": "Q116880038", "Nicole van der Bliek": "Q116935808", "Gisella De Rosa": "Q116946317", "Inger J\u00f8rgensen": "Q116972689", "Elena Carolo": "Q117193371", "Hannah L. Worters": "Q117261942", "Omaira Gonzalez Martin": "Q117279171", "Helene Flohic": "Q117279173", "Monica Ciobanu": "Q117305236", "Elena Dalla Bont\u00e0": "Q117319457", "Alexia Lopez": "Q117382164", "Rebecca M. Hahn": "Q117780832", "Charlene Detelich": "Q117817774", "Magdalena Zbyszewska": "Q118165255", "Elizabeth Naluminsa": "Q118217917", "Anna Genina": "Q118492443", "Ivayla Emilova Kalcheva": "Q118494915", "Myoungwon Jeon": "Q118744141", "Sara Elisa Motta": "Q118803759", "Rafaela Gsponer": "Q119417311", "Krystal de Napoli": "Q120364410", "Catherine Turon": "Q120488951", "Terry-Ann Suer": "Q120835111", "Margaret Penston": "Q121742107", "Tzu-Wei Fang": "Q123289942", "Carol A. Williams": "Q123397888", "Kal\u00e9e Tock": "Q123456794", "Maggie Lieu": "Q123458902", "Elena Dzif\u010d\u00e1kov\u00e1": "Q123823188", "Widad Ibrahim Elmahboub": "Q124056315", "Beatriz Villarroel": "Q124408715", "Cristina O. Blaga": "Q124422612", "Catherine Boisson": "Q124437155", "Marina M. Dunn": "Q124637746", "Jadwiga Daszy\u0144ska-Daszkiewicz": "Q124808341", "Leanne P. Guy": "Q125296209", "Melissa Enoch": "Q125302024", "Sonia Duffau": "Q125547229", "Lizzie Eardley": "Q125549355", "Marie-France Duval": "Q125562656", "Alina A. Volnova": "Q125769499", "Catarina Alves de Oliveira": "Q125869162", "Cristina Oliveira": "Q125869557", "Laura Lenki\u0107": "Q125896240", "K. E. Saavik Ford": "Q125907376"}