{"Hattie Stewart": "Q124769058", "Lura Bennett": "Q124719555", "Vjenceslav \u017duvela": "Q20527506", "L\u00e9a Campos": "Q25449416", "Masako Takatsuki": "Q11672709", "Magdolna Karsai": "Q3193607", "Nori Fujisawa": "Q11624611", "Patricia Quiric": "Q16301670", "Kazumi Izaki": "Q6381572", "Liadi Al-Hassan": "Q116008224", "Bettan Andersson": "Q4935756", "Dani\u00eblla Somers": "Q19587546", "Carmen Montiel": "Q113576841", "Dee Hamaguchi": "Q17208853", "Y\u014dko Kuroda": "Q11678715", "Y\u016bko Sodeoka": "Q11626581", "Yvonne Reis": "Q11287022", "Tamami Morimoto": "Q11539790", "Yuki Sakurada": "Q11544844", "Nathalie Asensi": "Q3336536", "Sugar Miyuki": "Q11307957", "Olga Domuladzhanova": "Q32362040", "Yumi Takano": "Q11673120", "Gwendolyn O'Neil": "Q11300015", "Esther Paez": "Q17478194", "Maria Rosa Tabbuso": "Q3847491", "Lee In-young": "Q11522398", "Noriko Tsunoda": "Q11630815", "Stefania Bianchini": "Q3972280", "Misa Morimoto": "Q11341805", "Heidi Hartmann": "Q1594313", "Emanuela Pantani": "Q3723861", "Claudia Grammelspacher": "Q22344433", "Natsume Yokozeki": "Q11543489", "Rumi Nakamura": "Q11365230", "Kumiko Nishida": "Q11629190", "Yumi Yashima": "Q11390879", "Gypsy Taeko": "Q11309577", "Nathalie Toro": "Q19587833", "\u0420\u0435\u0439\u043d\u0433\u0430\u0440\u0434\u0442, \u041c\u0430\u0440\u0438\u044f \u0412\u043b\u0430\u0434\u0438\u043c\u0438\u0440\u043e\u0432\u043d\u0430": "Q32362119", "Myriam Chomaz": "Q3331516", "Henriette Birkeland Kitel": "Q11975030", "Laura Tavecchio": "Q11346622", "Olga Vitalevna Slavinskaja": "Q26218620", "Iwona Guzowska": "Q1676075", "Nadia Debras": "Q56260028", "Paola Gabriela Casalinuovo": "Q17129213", "Noriko Ishikawa": "Q11586299", "\u041c\u0430\u0448\u0430\u0440\u043e, \u0414\u0430\u0440\u044c\u044f \u0412\u043b\u0430\u0434\u043c\u0438\u0440\u043e\u0432\u043d\u0430": "Q21106587", "Mari Inamoto": "Q11596458", "Mami It\u014d": "Q11379770", "Miki Kikukawa": "Q11619651", "Camilla Munsterhjelm": "Q5413229", "Seri": "Q11270132", "Nanako Kikuchi": "Q11619553", "Fikriye Selen": "Q1412332", "Maria Moroni": "Q3847438", "Satoko Kamimura": "Q11359329", "Viktoria Rudenko": "Q12149104", "Izumi Noguchi": "Q11309232", "\u0410\u043d\u0436\u0435\u043d\u043a\u043e, \u0422\u0430\u0442\u044c\u044f\u043d\u0430 \u0410\u043b\u0435\u043a\u0441\u0430\u043d\u0434\u0440\u043e\u0432\u043d\u0430": "Q21088395", "\u0413\u0430\u0441\u0430\u043d\u043e\u0432\u0430, \u0421\u0430\u0438\u0434\u0430 \u0424\u0430\u0440\u0443\u0445\u043e\u0432\u043d\u0430": "Q21663341", "Alina Shaternikova": "Q12171172", "Rosilette dos Santos": "Q10364633", "Riyo T\u014dg\u014d": "Q11528538", "Naoko Sakamoto": "Q11425257", "Naomi Togashi": "Q11457032", "Zsuzsanna Be\u00e1ta Szuknai": "Q124129631", "Yvonne Medby": "Q123352726", "Reiko Maruyama": "Q11368255", "Kayoko Ebata": "Q11551275", "Natalie John": "Q6486903", "Eliza Jane Olson": "Q11290938", "Ai Fujita": "Q11624801", "Darys Esther Pardo Cotera": "Q17224492", "Anita Torti": "Q20007877", "\u0422\u0430\u0442\u044c\u044f\u043d\u0430 \u0412\u0430\u043b\u0435\u0440\u044c\u0435\u0432\u043d\u0430 \u0427\u0430\u043b\u0430\u044f": "Q24351137", "Mar\u00eda Dolores Mu\u00f1oz Garc\u00eda": "Q99569814", "Natsumi Nakazawa": "Q11366363", "Rain Mako": "Q7284478", "R\u00e9ka Krempf": "Q2178715", "\u0421\u043c\u0438\u0440\u043d\u043e\u0432\u0430, \u041d\u0430\u0442\u0430\u043b\u044c\u044f \u0410\u043d\u0430\u0442\u043e\u043b\u044c\u0435\u0432\u043d\u0430": "Q18123268", "Atsuko Okada": "Q11473559", "Freeda Foreman": "Q5500399", "\u30a2\u30ca\u30b9\u30bf\u30b7\u30a2\u30fb\u30c8\u30af\u30bf\u30ed\u30f4\u30a1": "Q17161694", "Carolina Guti\u00e9rrez Gaite": "Q15229394", "Tatiana Lebedieva": "Q105157785", "Nadya Hokmi": "Q3334993", "Kari Jensen": "Q10707371", "Nicole Wesner": "Q63115138", "Bettina Cs\u00e1bi": "Q19703251", "Esther Schouten": "Q1370111", "Chika Nakamura": "Q11365387", "Monica Lovato": "Q11344418", "Toshie Suga": "Q11664785", "Miyuki Fujii": "Q11622772", "Yulia Nemtsova": "Q26219767", "Ann Marie Saccurato": "Q11285478", "Marichelle de Jong": "Q19911461", "M\u00f3nica Acosta": "Q11344417", "Nicole Woods": "Q17114032", "Galina Koleva Ivanova": "Q11296278", "Naoko Yamaguchi": "Q11466983", "Masae Akitaya": "Q11595303", "\u0413\u0440\u0438\u0446\u0430\u0439 \u041b\u044e\u0434\u043c\u0438\u043b\u0430 \u0410\u043d\u0430\u0442\u043e\u043b\u0456\u0457\u0432\u043d\u0430": "Q123518542", "Nana Yoshikawa": "Q11446670", "Vikt\u00f3ria Mil\u00f3": "Q1177361", "Olga Borissowna Nowossjolowa": "Q32362125", "Mar\u00eda Elena Maderna": "Q15452217", "Laure Iacono": "Q3218762", "Tomoko Koga": "Q11411649", "Helena Falk": "Q4947526", "Aya Cissoko": "Q2874827", "Irina Wladimirowna Sinezkaja": "Q1672676", "Kati Arikoski": "Q11870349", "Natalie Brown": "Q11323825", "Myriam Dellal": "Q58425571", "Lucia Morelli": "Q11986897", "Tiffany Junot": "Q11318952", "Emilie Cu\u00e9nin": "Q23000949", "\u30aa\u30ea\u30d3\u30a2\u30fb\u30b2\u30eb\u30fc\u30e9": "Q11292680", "Aniya Seki": "Q550976", "Terry Gordini": "Q18649176", "Samira El Haddad": "Q78671628", "Claudia Andrea L\u00f3pez": "Q11298887", "Sakura \u014cuchi": "Q11432501", "Nacera Baghdad": "Q27987612", "Sh\u014dko Hayashida": "Q11533207", "\u0410\u043d\u0434\u0440\u0435\u0435\u0432\u0430, \u0421\u0432\u0435\u0442\u043b\u0430\u043d\u0430 \u041c\u0438\u0445\u0430\u0439\u043b\u043e\u0432\u043d\u0430": "Q32362043", "Keiko Ogasawara": "Q11463361", "Asami Shikasho": "Q11419576", "Marzia Davide": "Q18629046", "Yelena Sabitova": "Q11724070", "Naoko Tsuchida": "Q11423799", "Teruko Shinpo": "Q11582859", "Ramona K\u00fchne": "Q100670", "Audrey Garcia": "Q27990538", "Nahoko Tanaka": "Q11575445", "Olesya Gladkova": "Q24351143", "Natsuki Fujimoto": "Q11624157", "Jelena Walerjewna Karpatschowa": "Q32362038", "Derya Torun": "Q1200423", "Saliha Ouchen": "Q58425509", "Audrey Chenu": "Q124703930", "Hisae Watanabe": "Q5772256", "Vinni Skovgaard": "Q12341136", "Ina Menzer": "Q90710", "\u30b7\u30e3\u30a2\u30e9\u30fb\u30db\u30fc\u30eb": "Q11307603", "Stephanie Dobbs": "Q11312284", "\u0412\u0430\u043b\u0435\u043d\u0442\u0438\u043d\u043e\u0432\u0430, \u041e\u043b\u044c\u0433\u0430": "Q21091889", "Hwa Won Lee": "Q11522543", "Satomi Nishimura": "Q85585254", "Wakako Fujiwara": "Q60452134", "Wided Younsi": "Q78827706", "Naoko Shibata": "Q11534882", "Esther Durand": "Q58425403", "M\u00e1ria Kov\u00e1cs": "Q1957043", "Nora Strandberg": "Q4953647", "Chika Mizutani": "Q11549180", "Tonje S\u00f8rlie": "Q12006789", "Carina Lisbeth Moreno": "Q11295061", "Caroline Andr\u00e9": "Q33038079", "Farida El Hadrati": "Q23681199", "Kim Ha-na": "Q11646275", "Nezha Boumaraf": "Q79335172", "Anita Ducza": "Q549657", "Irma Garcia Nu\u00f1ez": "Q11287220", "Noni Tenge": "Q11325710", "Anne Sophie Da Costa": "Q111529547", "Saara Laaksonen": "Q11891806", "Jessica Belder": "Q27902491", "Rie Ahm Hugger": "Q21817146", "Riyako G\u014dshi": "Q11530113", "Stelu\u021ba Du\u021b\u0103": "Q24121114", "Anastasia Zapolskaya": "Q19615759", "Rimin Shimano": "Q11364309", "St\u00e9phanie Bof": "Q27999641", "Jennifer Salinas": "Q5929209", "Vanessa Berteaux": "Q58425331", "Barbara St\u0119pniak": "Q9165597", "Raja Amasheh": "Q2128624", "Daniela Graf": "Q25768116", "Alham Arsalane": "Q23000944", "Hanne M\u00e4kinen": "Q11861352", "Natalie Zimmermann": "Q124318036", "Amanda Coulson": "Q453816", "Lidia Andreieva": "Q26215440", "Svetlana Aleksandrovna Kulakova": "Q17129988", "Wiktorija Wiktorowna Ussatschenko": "Q32362197", "Ingrid Egner": "Q10706861", "\u91d1\u5b5d\u739f": "Q17129580", "Yumi Narita": "Q85269693", "Beata Ma\u0142ek": "Q41672668", "\u8a31\u6069\u6804": "Q11631210", "Oria Mahmoud": "Q27988286", "Mika Oda": "Q11463172", "Carolina Rodr\u00edguez": "Q15696506", "Ksenija Koprek": "Q11982281", "Cindy Orain": "Q2972742", "Tomoko It\u014d": "Q11380332", "Anri Tenshin": "Q11442595", "Ryu Myung-ok": "Q11534328", "Pak Kyong-Ok": "Q11802232", "Gao Lijun": "Q11673300", "Nina Abrosova": "Q4055099", "Kimika Miyoshi": "Q11354867", "Elena Walendzik": "Q23059550", "Sonia Gr\u00f6nroos": "Q16298376", "Tiffany Hearn": "Q1697208", "Tiffanie Ward": "Q16227323", "Katarzyna Furmaniak": "Q11736959", "Tsubasa Tenk\u016b": "Q11234568", "Hanna Hansen": "Q111081100", "Eva Halasi": "Q11291494", "Virginie Nave": "Q23000946", "Chie Higano": "Q63131438", "Kinga Siwa": "Q41672389", "Sana Hazuki": "Q81027248", "Lely Luz Fl\u00f3rez Meza": "Q17224833", "Julia Irmen": "Q18222337", "Christina Athanasopoulou": "Q16332733", "Romina Marenda": "Q16598314", "Sabrina Aubin-Boucher": "Q52732823", "Dahiana Santana Lazil": "Q11316618", "Kumiko Ikehara": "Q11551541", "Jennifer Retzke": "Q11309250", "Marija Jaworskaja": "Q1744001", "Armine Sinabian": "Q16596364", "Valger\u00f0ur Gu\u00f0steinsd\u00f3ttir": "Q61080546", "Melanie Fraunschiel": "Q93429612", "Dorine St\u00e9phane Mambou": "Q67183698", "\u0414\u043e\u043c\u0431\u0440\u043e\u0432\u0441\u043a\u0430\u044f, \u0412\u0435\u0440\u043e\u043d\u0438\u043a\u0430 \u0412\u0438\u043a\u0442\u043e\u0440\u043e\u0432\u043d\u0430": "Q21096731", "Kahinde Obare": "Q79336707", "Nadia Raoui": "Q1559730", "Y\u016b Koshiishi": "Q11636598", "\u0411\u043e\u0440\u0430\u043d\u0431\u0430\u0435\u0432\u0430, \u041d\u0430\u0437\u0433\u0443\u043b\u044c \u0421\u0435\u0440\u0438\u043a\u043e\u0432\u043d\u0430": "Q32361966", "Park Ji-Hyun": "Q104561021", "Marta Bra\u00f1as": "Q57908781", "Goda Dailydaite": "Q6459521", "Wera Wassiljewna Slugina": "Q2559972", "Viktoryya Kebikava": "Q59140343", "Ljubow Iwanowna Lopatina": "Q32362235", "\u0411\u0435\u043b\u0443\u0448, \u041c\u0430\u0440\u0438\u044f \u0418\u0433\u043e\u0440\u0435\u0432\u043d\u0430": "Q21089112", "\u0416\u0430\u0433\u0443\u043f\u043e\u0432\u0430, \u0424\u0430\u0442\u0438\u043c\u0430 \u0418\u0441\u043c\u0430\u0438\u043b\u043e\u0432\u043d\u0430": "Q85852538", "Kei Takenaka": "Q17160722", "\u91d1\u73e0\u7199": "Q11647641", "Irina Poteyeva": "Q1263528", "Monalisa Sibanda": "Q91217427", "Tomoyo Noguchi": "Q11645182", "Kateryna Kuzhel": "Q16703910", "Alexandra de Hutten": "Q27987565", "Elina Tissen": "Q15807809", "Momoko Kanda": "Q11590615", "Gihade Lagmiry": "Q58425653", "Kinga Ruszczy\u0144ska": "Q11739314", "Kanako Taniyama": "Q59552343", "Tomoko Kawanishi": "Q11479140", "Sandra A\u00f1ares": "Q20863426", "Chatiqua Hemingway": "Q1068240", "Franchon Crews": "Q15810066", "Camilla Johansen": "Q123369837", "Fernanda Alegre": "Q11332759", "\u5b6b\u6284\u5f04": "Q11448950", "Flavia Severin": "Q51285507", "Y\u016bko Henzan": "Q63131170", "Martina Schmoranzov\u00e1": "Q126192094", "Delphine Mancini": "Q27918542", "Tina Akhoondtabar": "Q23962421", "Cyrielle Girodias": "Q16889615", "Rim Ridane": "Q109043384", "Nongmuay Kokietgym": "Q6579554", "Marina Sayama": "Q113566917", "And\u014d Mari": "Q11451443", "\u042e\u043b\u0434\u0443\u0437 \u041c\u0430\u043c\u0430\u0442\u043a\u0443\u043b\u043e\u0432\u0430": "Q28099311", "Ayako Minowa": "Q11603165", "\u0421\u0430\u0440\u0442\u0430\u043a\u043e\u0432\u0430, \u041c\u0430\u0440\u0438\u044f \u0421\u0435\u0440\u0433\u0435\u0435\u0432\u043d\u0430": "Q60831132", "\u0413\u0430\u0434\u0436\u0438\u0435\u0432\u0430, \u0410\u0439\u0437\u0430\u043d\u0430\u0442 \u0428\u0430\u043f\u0438\u0435\u0432\u043d\u0430": "Q32362242", "\u0414\u0440\u043e\u0437\u0434\u043e\u0432\u0430, \u0412\u0430\u043b\u0435\u0440\u0438\u044f \u0412\u0438\u043a\u0442\u043e\u0440\u043e\u0432\u043d\u0430": "Q4168450", "Usanakorn Kokietgym": "Q4906835", "Tiara Brown": "Q9358646", "Perzin Nazari": "Q117187950", "Natalia Biryuk": "Q15205176", "Marija Pekar\u010dik": "Q21154351", "Yekaterina Mukhortikova": "Q4308987", "Yelena Koltsova": "Q21101653", "Marie Riederer": "Q1897466", "Jessica Gonzalez": "Q17158440", "Eneritz Borinaga": "Q62019017", "Maria Badulina": "Q3290887", "Unity Young": "Q7893825", "Pinar Yilmaz": "Q2095380", "Enis Pacheco Barrera": "Q11290942", "Oluwatoyin Oladeji": "Q79336142", "Mayra Alejandra Gomez": "Q17158378", "Ayumi Got\u014d": "Q28801499", "Nandinceceg Mjagmardulam": "Q59103380", "Elena Surkova": "Q1686669", "Yannick Aubi\u00e8ge Azangue": "Q67198823", "Y\u016bri Kobayashi": "Q11461613", "Lotte Lien": "Q531524", "Terumi Nuki": "Q30931684", "Shione Ogata": "Q63131259", "Taynna Cardoso": "Q10378443", "Nancy Moreira": "Q123246875", "Christelle Ndiang": "Q79334807", "Svetlana Gnevanova": "Q4140608", "Yukina Yasuda": "Q11451089", "Kasumi Fujimitsu": "Q17211958", "\u0423\u0440\u0430\u043a\u043e\u0432\u0430, \u041c\u0430\u0440\u0438\u044f \u0410\u043d\u0434\u0440\u0435\u0435\u0432\u043d\u0430": "Q60831138", "Stevie Morgan": "Q127684540", "\u30ca\u30f3\u30b7\u30fc\u30fb\u30d5\u30e9\u30f3\u30b3": "Q17224767", "Natalja Wladimirowna Samochina": "Q32361992", "Amara Kokietgym": "Q11284903", "Monika Schwarz": "Q66123541", "Karine Rinaldo": "Q121001224", "Yulia Kutsenko": "Q61741361", "Manel Meharzi": "Q79339001", "Erika Guerrier": "Q58425748", "Landry Kore": "Q53963185", "Francesca Amato": "Q67127707", "Sandra Kruk": "Q9333538", "Janeth P\u00e9rez Virgil": "Q11309263", "Sofia Nabet": "Q55124125", "Marielle Hansen": "Q123335739", "Victoria Torres": "Q50423127", "Eva Voraberger": "Q51623488", "Jo Son-hwa": "Q59155185", "Natalia Shadrina": "Q128243645", "Aleksandra Kuleszowa": "Q11685196", "Lidia Fidura": "Q1575137", "Erika Hanawa": "Q30931981", "Ma\u00eblle\u200f Pariez": "Q30728175", "Julie Le Galliard": "Q109588694", "Marie-Pier Houle": "Q108438469", "Sinaida Wiktorowna Dobrynina": "Q19959292", "Kim Hyang-mi": "Q59096789", "Ana Laura Esteche": "Q16264572", "Sylwia Kusiak": "Q9348851", "Ariel Beck": "Q47523122", "Sayaka Aoki": "Q11661769", "Lulu Kayage": "Q91318795", "Saiana Sagataeva": "Q26215837", "Katsyaryna Izotava": "Q19616094", "Kirstie Gannaway": "Q124480088", "\u30d3\u30af\u30c8\u30ea\u30a2\u30fb\u30a2\u30eb\u30b2\u30c3\u30bf": "Q17128931", "Ketlen Alves": "Q16940178", "Kati Pamela Wilson Castillo": "Q11301025", "Daniela Asenjo": "Q52835529", "Marianne Ahlborg": "Q107306959", "Li Yunfei": "Q11755614", "Christine Akoa Bengono": "Q79328674", "Marine Rostan": "Q27999258", "Maily Nicar": "Q27999580", "Magdalena Wichrowska": "Q11766117", "Gabriela Bouvier": "Q17224657", "Diana Turyanabo": "Q87479217", "\u041f\u0438\u043d\u0438\u0433\u0438\u043d\u0430, \u0415\u043a\u0430\u0442\u0435\u0440\u0438\u043d\u0430 \u041f\u0430\u0432\u043b\u043e\u0432\u043d\u0430": "Q32361976", "\u041a\u0443\u043b\u0435\u0448\u043e\u0432\u0430, \u0412\u0438\u043a\u0442\u043e\u0440\u0438\u044f \u0418\u0433\u043e\u0440\u0435\u0432\u043d\u0430": "Q32361978", "Henriette Vasstrand": "Q107674899", "Mona Mestiaen": "Q55809443", "Andrecia Wasson": "Q501580", "Fatma Zohra Abdelkader Hedjala": "Q112942182", "Verena Kaiser": "Q41111919", "\u041a\u043e\u0441\u043e\u0432\u0430, \u0421\u0432\u0435\u0442\u043b\u0430\u043d\u0430 \u0410\u043d\u0430\u0442\u043e\u043b\u044c\u0435\u0432\u043d\u0430": "Q32362006", "Assunta Canfora": "Q65095456", "Rano Parkhatova": "Q39383174", "Saki Yamada": "Q11470600", "Nela Freiherrov\u00e1": "Q126326598", "Sarah Scheurich": "Q17425428", "Dieynabou Diallo": "Q125212680", "Pascaline Mugabekazi": "Q91323591", "Kristy Harris": "Q59101790", "Karolina Owczarz": "Q11736452", "Morgan Lee": "Q22958073", "Yuan Meiqing": "Q9383575", "Jorbelle Malewu Tekasala": "Q114648429", "Chiedza Homakoma": "Q91315759", "\u0410\u043d\u0430\u0441\u0442\u0430\u0441\u0438\u044f \u0427\u0435\u0440\u043d\u043e\u043a\u043e\u043b\u0435\u043d\u043a\u043e": "Q81319408", "Moreom Khatun Bipasha": "Q25587595", "Cindy Rogge": "Q29613803", "Mizuki Chimoto": "Q65249616", "Esotia Rosette Ndongala": "Q79334340", "Shin Bomire": "Q116443491", "Joselyn Arroyo Ruiz": "Q20038573", "Natalia Rok": "Q97372262", "Yunoka Furukawa": "Q27150587", "Mohira Abdullayeva": "Q126281417", "Sara Hagnighat-Joo": "Q114596901", "Irina Sch\u00f6nberger": "Q120714450", "Janet Acqua": "Q126279830", "Oxandia Castillo": "Q11291857", "Lucie Sedl\u00e1\u010dkov\u00e1": "Q47034712", "Canan Ta\u015f": "Q117288119", "Madoka Wada": "Q18818364", "Marine Camara": "Q66983784", "Gabriela Dimitrova": "Q65095466", "Aratwa Kasemang": "Q88773552", "Ouidad Sfouh": "Q79347872", "Shoira Zulkaynarova": "Q111974215", "Souhila Bouchene": "Q67198607", "\u0422\u0430\u0442\u044c\u044f\u043d\u0430 \u0428\u0435\u0432\u0447\u0435\u043d\u043a\u043e": "Q81422051", "Marie-Jeanne Parent": "Q52737996", "Valentina Toffetti": "Q115625799", "\u0410\u0439\u0436\u0430\u043d \u041a\u043e\u0434\u0436\u0430\u0431\u0435\u043a\u043e\u0432\u0430": "Q32362269", "Kinga Szlachcic": "Q60833384", "\u041d\u0430\u0442\u0430\u043b\u044c\u044f \u0421\u0435\u0440\u0433\u0435\u0435\u0432\u043d\u0430 \u041b\u0430\u0440\u0447\u0435\u043d\u043a\u043e": "Q39386070", "Dayana Cordero": "Q17628635", "\u0410\u043f\u0430\u043d\u0430\u0441\u043e\u0432\u0438\u0447, \u042e\u043b\u0438\u044f \u0410\u043b\u0435\u043a\u0441\u0435\u0435\u0432\u043d\u0430": "Q76009853", "Emma Jokiaho": "Q114762655", "Emma Stoneg\u00e5rd Abrahamsson": "Q66737787", "Ahadi Francine Lukungu": "Q117190466", "Amel Chebbi": "Q121409339", "Felistars Nkandu": "Q114597376", "Pei Yi Wu": "Q124388780", "Hanna Okhota": "Q59212409", "Wafa Hafsi": "Q121200560", "Olena Hapeshyna": "Q110920296", "Elmira Ramazanova": "Q19669486", "Lethabo Bokamoso Modukanele": "Q88768764", "Modestine Munga Zalia": "Q66984213", "Modestine Munga Zaila": "Q111150076", "Darima Sandakova": "Q60831137", "Tsubasa Komura": "Q28689632", "Alicia Holzken": "Q89910105", "Chahira Selmouni": "Q125122726", "Mayumi Nakano": "Q124268724", "Ellen Simwaka": "Q91312866", "Seren Ay \u00c7etin": "Q117716668", "Hadjila Khelif": "Q112872407", "Chaymae Rhaddi": "Q114600941", "Madeleine Angelsen": "Q117182047", "Yuliia Stoiko": "Q60974883", "Maria Shishmareva": "Q108197506", "Ramona Graeff": "Q113578682", "Ramatu Quaye": "Q126279863", "Agata Kaczmarska": "Q60833389", "Tamara Maturana": "Q115625798", "Kudakwashe Nyagura": "Q91230345", "Natalia Barbusi\u0144ska": "Q60833385", "Nanako Suzuki": "Q81375109", "Kristina Tkaczewa": "Q59212335", "Sirine Charaabi": "Q127870741", "Margret Tembo": "Q114596658", "Anastasiia Artamonova": "Q109774280", "Rohova Kateryna": "Q42395112", "Fatia Benmessahel": "Q117288875", "Sarah Apew": "Q126280002", "Eruka Hiromoto": "Q65095788", "Yume Hirayama": "Q83207470", "Citlalli Ortiz": "Q128263784", "Marie-Jo\u00eblle Mwika": "Q111210722", "Emma Lawson": "Q63737513", "Lisa Kambala Kanjinga": "Q114648502", "Oriana Saputo": "Q63737519", "Goryana Stoeva": "Q64374409", "Rinka Kinoshita": "Q116936243", "Porntip Buapa": "Q63693668", "Souha Miloudi": "Q114648376", "Amina Bulaj": "Q85854365", "Sophie Alisch": "Q81214404", "Sarah Liegmann": "Q116281134", "Kim-Berly Sandoval": "Q115625796", "Brigitte Mbabi": "Q114601379", "Angela Kosti\u0107": "Q61128683", "Eya Ben Zina": "Q125378602", "Djouher Benane": "Q118951381", "\u0410\u043c\u0438\u043d\u0435\u0432\u0430, \u0410\u0437\u0430\u043b\u0438\u044f \u0410\u0437\u0430\u043c\u0430\u0442\u043e\u0432\u043d\u0430": "Q120278173", "Molka Ben Mabrouk": "Q125378509", "Chadha Jlassi": "Q125378230", "\u0531\u0576\u0561\u057d\u057f\u0561\u057d\u056b\u0561 \u0534\u0565\u0574\u0578\u0582\u0580\u0573\u0575\u0561\u0576": "Q117309361", "Adelaide Djabatey": "Q126279946", "Gis\u00e8le Nyembo Muamba": "Q125377696", "Merveille Mbalayi Mbamba": "Q125377830", "Olga Zumbano": "Q10340555", "Susana V\u00e1zquez": "Q11311659", "Choi Eun-soon": "Q11477167", "Mari Sawada": "Q11553268", "Kim Kwang-ok": "Q11646461", "Nives Radi\u0107": "Q16114395", "Ivana Derdi\u0107": "Q16116696", "\u0411\u0443\u0441\u044b\u0433\u0438\u043d\u0430, \u041c\u0430\u0440\u0438\u044f \u0410\u043d\u0430\u0442\u043e\u043b\u044c\u0435\u0432\u043d\u0430": "Q21091850", "Emily Kasyoka": "Q28972956", "Galina Ivanova": "Q32362129", "Dora Webber": "Q40327876", "\u039a\u03bf\u03cd\u03bb\u03b1 \u0393\u03ba\u03b9\u03bf\u03c5\u03b6\u03ad\u03c0\u03b5": "Q56061102", "Minu Gurung": "Q82519277", "Lilia Cherifi": "Q87797941", "Patrycja Bednarek": "Q97370225", "Karolina Graczyk": "Q97370335", "Paulina Jakubczyk": "Q97370344", "Aleksandra Paczka": "Q97370411", "Mont Blanc Miki": "Q97706253", "Alfiya Pathan": "Q106644982", "Anush Grigoryan (boxer)": "Q108166320", "Afaaf Alqorane": "Q110679765", "Doreen Nassali": "Q111441238", "Sanae Jah": "Q111609812", "Romane Moulai": "Q112943320", "Ariana Memee": "Q114496612", "Stefanie von Berge": "Q114986089", "Naiimo Bulhan": "Q115117750", "Elida Kocharyan": "Q115132934", "Ani Hovsepyan": "Q115132967", "Sona Harutyunyan": "Q115133883", "Lazzat Kungeibayeva": "Q115184763", "Riyuna Yoshikawa": "Q115481796", "Nicila Costello": "Q116272400", "Hala al-Hamrani": "Q116780203", "Fl\u00e1via Tereza de Figueiredo": "Q123380346", "Shannon Sweeney": "Q125665053", "Alondra Garc\u00eda": "Q126005270", "Teretia Toauriri": "Q126946183", "F\u00e1tima Herrera": "Q128288177"}