{"Amelia Elizabeth Griffiths": "Q106399294", "Martha Maria Atwood": "Q96761569", "Eliza Griscom Sullivant": "Q112183310", "Alicia Mildred Barnard": "Q113112347", "Charlotte Beach": "Q121008435", "Helen D. Hawley": "Q97930057", "Josephine D. Lowe": "Q66413388", "Mary Elizabeth Chapin": "Q93040531", "Jessie Heywood": "Q116279802", "Harriet Brown Bailey": "Q66411951", "Lucy MacIntyre": "Q117311559", "Stella Mary Hague": "Q97496679", "Ann Wyndham": "Q112326599", "Aravilla Meek Taylor": "Q119035106", "Annie Lorenz": "Q21519500", "Fay A. MacFadden": "Q66408518", "Evelyn M. Lobley": "Q111692599", "Jeanne Florschutz-de Waard": "Q21513254", "Anna Marie Murphy Reid": "Q113580972", "Gabriela G. H\u00e4ssel": "Q5873709", "Elizabeth Mary Madgwick": "Q114992022", "Eva Maier": "Q21519801", "Marian Esther Ropes Robertson": "Q21607282", "Valentina Yakovlevna Cherdantseva": "Q21508390", "Marcela N. Rodr\u00edguez de Sarmiento": "Q13366654", "Barbara J. Crandall-Stotler": "Q5719313", "C\u00e9cilia Loff Pereira S\u00e9rgio Costa Gomes": "Q8353113", "Celina Mar\u00eda Matteri": "Q5760216", "Susan Moyle Studlar": "Q119985536", "Olga Yano": "Q19801528", "Jessica Beever": "Q21394670", "Patricia Geissler": "Q21513857", "Anna Kubinsk\u00e1": "Q112550593", "Diana Gail Horton": "Q21516072", "Ann Elizabeth Rushing": "Q26713427", "Karen S. Renzaglia": "Q21341427", "Sinikka Piippo": "Q21391202", "Roxanne Irene Hastings": "Q21515571", "Dale Christine Cargill": "Q19799697", "Angela E. Newton": "Q21503049", "Svetlana V. Degteva": "Q62940737", "Manuela Sim-Sim": "Q9028284", "Halina Bednarek-Ochyra": "Q36570831", "Irene J. Bisang": "Q21506141", "Anna Ganeva": "Q54334881", "Kai Vellak": "Q60603541", "Marta Infante": "Q6001942", "Rut Akselman": "Q9071302", "Mar\u00eda Teresa Gallego": "Q9030173", "Michelle Judith Price": "Q21523242", "Anna Luiza Ilkiu-Borges": "Q18748159", "Blanka Aguero": "Q21608757", "Sylvia Mota de Oliveira": "Q57965370", "Isabel Draper": "Q21510893", "Wei Li": "Q21518960", "Laura Rani Elizabeth Briscoe": "Q21506494", "Erin P. Martin": "Q21510507", "Lalita M. Calabria": "Q22103683", "Nicole Fenton": "Q57408770", "Galina Zheleznova": "Q62939646", "Tatyana Shubina": "Q62939792", "Mar\u00eda Teresa Boquete": "Q85884699", "Kelly Frogley": "Q105981806", "Mary S. G. Lincoln": "Q109773714", "Lovanomenjanahary Marline": "Q117213549", "Linda M. Ley": "Q120169943", "Catherine Rausch de Traubenberg": "Q123226176", "Mathilde Ruche": "Q125251627"}