{"Ewelina Januszewska": "Q9256991", "Nina Bluket": "Q4088390", "Galina Satonina": "Q4409040", "Vera Chudova": "Q4517686", "Sof\u00eda Ruiz": "Q6131275", "Gloria Velat": "Q5881348", "Vera Tikomirova": "Q4458590", "Janina Rybarska": "Q11719863", "Mar\u00eda Luisa Guti\u00e9rrez": "Q6004193", "Klara Gorchkova": "Q4146050", "Rita Heigl": "Q2154909", "Olga Andreieva": "Q4065561", "Klara Skegina": "Q4421791", "R\u016f\u017eena Heinen": "Q1251111", "Irena Kasprzyk": "Q11713772", "Alla Grinfeld": "Q9163302", "Helene Mira": "Q1602000", "Teresa D\u0119bowska": "Q9357281", "Colleen Otten": "Q3201058", "Beate Krum": "Q813153", "Larissa Polinariova": "Q4370331", "Brigitta Cimarolli": "Q113222", "Viktoriia Baranova": "Q1095603", "Diana Skibbe": "Q1208888", "Martina Beltz": "Q1905396", "Tatyana Rubtsova": "Q529790", "Friederike Wohlers Armas": "Q5216350", "Lutgarda Gonz\u00e1lez P\u00e9rez": "Q5984963", "Julia Gallego Eraso": "Q2834937", "Jana Maskova": "Q11719702", "Yvette Nagel": "Q2304990", "Eva Nowicki": "Q9256478", "Arjette Cameron": "Q2536072", "Pernette Cameron": "Q3258525", "Anna Lissowska": "Q9155388", "Daniella Geldner": "Q1163836", "Rena Graf": "Q1695372", "Tatiana Gladisheva": "Q9355846", "Svetlana Agrest": "Q2858306", "Maritza Valdes": "Q10326548", "Izabela Sieka\u0144ska": "Q11714693", "Esther de Kleuver": "Q2204032", "Beata Zi\u0119tek-Czerwo\u0144ska": "Q9168141", "Monique van de Griendt": "Q2620233", "Roquelina Fandi\u00f1o Reyes": "Q6112105", "Gabriela Koskoska": "Q9265219", "F\u00e1tima Vieira": "Q10287010", "Sylvia de Vries": "Q2077721", "M\u00f2nica Vilar L\u00f3pez": "Q9048230", "Suzana Chang": "Q10375235", "Sabine Fruteau": "Q2197481", "Angela Dragomirescu": "Q2534405", "Marina Martsynovskaya": "Q1883907", "Irina Ionescu": "Q11714000", "Yudania Hern\u00e1ndez Est\u00e9vez": "Q6170461", "Mairelys Delgado Crespo": "Q555414", "Anne Moingt": "Q5001703", "Milena Campos Vila": "Q6016334", "Helene Wuts": "Q2388798", "Silvia Tim\u00f3n Piote": "Q6128614", "Caroline Slingerland": "Q2557781", "Inna Romanova": "Q11712607", "Kiti Grosar": "Q1488622", "Anna Wagener": "Q9155780", "Irina Gorshkova": "Q1950538", "Hanna Garbowska": "Q9285959", "Diana Darchia": "Q11694120", "Narelle Szuveges": "Q1965250", "Tatiana Peres Duarte": "Q10378341", "Anna Rudolph": "Q563119", "Isabel Delemarre": "Q1673535", "Emiliya Dshingarova": "Q545039", "Mariska de Mie": "Q2120458", "Oksana Sarana-Hungeling": "Q1291479", "Gabriela Ln\u011bni\u010dkov\u00e1": "Q9265178", "Adina-Maria Hamdouchi": "Q9140869", "Patricia Llaneza Vega": "Q6066534", "Maartje de Jonge": "Q2133639", "Dorota Bayer": "Q11694861", "Iulia-Ionela Ionic\u0103": "Q1585871", "Joyce Fongers": "Q2455898", "Anna Fojudzka": "Q560423", "Veronika Goi": "Q4010208", "Edyta Jakubiec": "Q9251371", "Eugenia Chasovnikova": "Q4264137", "Silvana Pacheco Gallardo": "Q1590286", "D\u00e9siree Hamelink": "Q1270705", "Sandu\u011fa\u00e7 \u015e\u00e4ydullin\u00e4": "Q9333558", "Anna-Louise Heymann": "Q2260022", "Raquel Sales Montealegre": "Q6100509", "Irina Sudakova": "Q11714010", "Oksana Kryger": "Q1545231", "Bajanm\u00f6nchiin Anchtschimeg": "Q804104", "Margarida Coimbra": "Q10325596", "Ekaterina Ubiennykh": "Q11723981", "Dafnae Trujillo Delgado": "Q5797448", "Ana-Cristina Calotescu": "Q9150291", "Niala Collazo Hidalgo-Gato": "Q610602", "Dora Leal": "Q10268348", "Petra Veenstra": "Q2229984", "Mar\u00eda de los Santos Honrubia": "Q6004902", "Tina Duppel": "Q2435450", "Svetlana Cherednichenko": "Q9348627", "Ksenia Roos": "Q1790765", "Arlette van Weersel": "Q675255", "Tamar Tsereteli": "Q9355406", "Elmira Karnaukhova": "Q4215526", "Marlies Bensdorp": "Q1814988", "Laura Bensdorp": "Q1960508", "Belinda Vega Guti\u00e9rrez": "Q5725096", "Pamela Mangroelal": "Q11329314", "Natala Hrygorenko": "Q1966244", "Lili T\u00f3th": "Q1824965", "Nadya Ortiz": "Q1524498", "Oxana Kosteniuk": "Q7115095", "Mignon Pretorius": "Q1932448", "Dorota Czarnota": "Q9210158", "Ioana-Smaranda P\u0103durariu": "Q1529520", "Elitsa Raeva": "Q419994", "Maria Sch\u00f6ne": "Q1896315", "Heidi Vints": "Q2747162", "Eva Kulovan\u00e1": "Q523375", "Eleonora Ambrosi": "Q608180", "Biaina Geragousian": "Q1914105", "Anna Stolarczyk": "Q9155719", "Lisandra Llaudy Pupo": "Q622942", "Zs\u00f3fia Dom\u00e1ny": "Q227415", "Vanessa West": "Q2373132", "Luc\u00eda Pascual Palomo": "Q5982451", "Pauline van Nies": "Q2371940", "Hanna Leks": "Q9286001", "Evgenija Shmirina": "Q110965", "Theodora Traistaru": "Q2432052", "Claudia Robles Garc\u00eda": "Q5390741", "Manuela Mader": "Q1891818", "Jagoda Go\u0142ek": "Q11716152", "Roberta Brunello": "Q3436792", "Krist\u00fdna Havl\u00edkov\u00e1": "Q1230518", "Marija Butuk": "Q6454726", "Mihaela-Veronica Foi\u0219or": "Q1932748", "Art\u00eamis Cruz": "Q9631912", "Aura Cristina Salazar": "Q774189", "Amalia Aranaz Murillo": "Q5671600", "Raana Hakimifard": "Q5704190", "Ramyres Coelho": "Q10357374", "Agnieszka Dmochowska": "Q9142232", "Mar\u00eda del Pilar Cifuentes": "Q6004979", "Motahare Asadi": "Q5867470", "Dora R\u00fabio": "Q10268351"}