{"Inez van Loon": "Q2270922", "Cindy Seinen": "Q2640191", "Anna-Marie Helfer": "Q62786750", "Jeanne Sylvie Mall\u00e8s de Beaulieu": "Q3176169", "Catherine Woillez": "Q19955598", "Caroline Matilda Warren": "Q55720907", "Anna Zontag": "Q4193865", "Christina van Gogh": "Q2333317", "Anna Mikhaylovna Daragan": "Q4154989", "Paulina Krakowowa": "Q4237515", "Marija Antonowna Corsini": "Q4234325", "J\u00f3zefa Prusiecka": "Q97118872", "Sofia Petrovna Burnasheva": "Q15686387", "Pilar Pascual de Sanju\u00e1n": "Q20876489", "Marie Timme": "Q19218971", "Elizabeth T. Corbett": "Q63441441", "Klavd\u0456ia Aleksovitch": "Q4061589", "A. A. Pchel\u02b9nikova": "Q4385059", "Victoire Tinayre": "Q56878237", "\u0410\u043b\u0435\u043a\u0441\u0430\u043d\u0434\u0440\u0430 \u0413\u0440\u0438\u0433\u043e\u0440\u044c\u0435\u0432\u043d\u0430 \u041a\u0430\u0440\u0440\u0438\u043a": "Q4216035", "Reinoudina de Goeje": "Q15881199", "Sof\u02b9i\u0361a Makarova": "Q4275418", "Olga de S\u00e9gur": "Q17481171", "E. P. Ma\u012dkova": "Q27972257", "Marie Laubot": "Q3292637", "Lucie Boissonnas": "Q37153786", "Sarah Jones Clarke": "Q106338735", "Mary Lydia Branch": "Q52155237", "Louise Haltmeyer": "Q103088130", "Katharina Leopold": "Q18225314", "Bertha Elisabeth van Delden": "Q15971581", "Itha Penl": "Q100705124", "Varvara Andreevskaya": "Q4065682", "Suze Andriessen": "Q14749691", "Jenny Rappold": "Q100705131", "Hermine Proschko": "Q59653275", "Agnes Sapper": "Q394626", "Jeanne de Sobol": "Q16802108", "Antonina Doma\u0144ska": "Q4165703", "Sofie Bonnevie": "Q11237372", "Yekaterina Almedingen": "Q4063497", "Alexandra Leontievna Turghenieva, then  Bostrom": "Q4095061", "Lydia Mamreoff": "Q64707927", "S. Maathuis - Ilcken": "Q86741622", "Henriette-Suzanne Br\u00e8s": "Q3132447", "Karoline Kuschel": "Q100705108", "Mena Elisabeth Cremer Eindhoven": "Q2143823", "Johanna Christiania Frederika Elisabeth Fabius": "Q13737994", "Victorine Freiin von Handel": "Q100705088", "Edith Robinson": "Q106768504", "Yulia Ivanovna Iakovleva": "Q18016311", "Christine Doorman": "Q27703261", "Klavdia Lukashevich": "Q24352843", "Florence Holbrook": "Q52155669", "Barbka H\u00f6chtel": "Q61618365", "Henri\u00ebtte Wijthoff": "Q33646837", "M. A. Beketova": "Q18404543", "Mabel Henrietta Spielmann": "Q78738543", "Aloisia Strejcek": "Q100705144", "Lida Schonka": "Q100705137", "Elisabeth Grabowski": "Q1329934", "Suzanne Kruseman": "Q2283449", "Letitia MacColl Elton": "Q76254360", "Felicie Jehu": "Q63485398", "Frances Hodges White": "Q106835657", "Jean Lang": "Q18911148", "Bo\u017eena Frumarov\u00e1": "Q105550302", "Henriette Perrin-Duportal": "Q61963095", "Marie Louise Moestue": "Q11988272", "Adele Gaus-Bachmann": "Q100705008", "Jeanne Schultz": "Q18117874", "Emilie Locher-Werling": "Q51883532", "Josephine Siebe": "Q71947", "Mizzi Stein": "Q100705142", "Maria Dynowska": "Q46992733", "Marie von Fritsch": "Q100532814", "Eveline Petrovits": "Q100699759", "Eulalie Osgood Grover": "Q66587472", "Marthe Fiel": "Q3295190", "Anda Cantegrive": "Q2846044", "Magdeleine du Genestoux": "Q3276710", "Emilie R\u00fcgenau": "Q100705132", "Dora Siegl": "Q100705139", "Fanny Clar": "Q8323287", "Johanna Madeleine Elout": "Q1959977", "Emmy Belinfante-Belinfante": "Q60029185", "Andy Weydahl": "Q11958067", "No\u00ebl Tani": "Q3345888", "T. Trilby": "Q3511950", "Paul Cervi\u00e8res": "Q2420028", "Maria Andersen": "Q12325984", "Hildegard Zoder": "Q100705157", "Emanuela Mattl-L\u00f6wenkreuz": "Q28841880", "Olga Hatzinger": "Q100705092", "Lina Roth": "Q3241266", "Jean de Belcayre": "Q3175266", "Ljudmila Prunk - Utva": "Q12795034", "Raisa Adamovna Koedasjeva": "Q4244371", "Claire G\u00e9niaux": "Q2975045", "Marie-Madeleine Franc-Nohain": "Q21408169", "Valerie Else Riebe": "Q100701037", "Marija Wirgler": "Q17350436", "Berthe Auroy": "Q67173917", "Anna Sutorius": "Q2165033", "Ludmila Savitzky": "Q3266073", "Auguste Petz": "Q100705125", "Linda Almond": "Q106338732", "Ebba Moe": "Q75998212", "Johanna Hendrika Brinkgreve-Entrop": "Q62117141", "Marie Hildebrandt": "Q74878389", "Marguerite Reynier": "Q42529380", "Betsy Kater": "Q86741551", "Olga Veigl": "Q100705146", "Anna Hubert van Beusekom": "Q1999774", "Lily L\u00e9vy": "Q3240951", "Maria de Crisenoy": "Q3291096", "Juliette Lermina-Flandre": "Q19630718", "Gladys Hall": "Q105083577", "Willy P\u00e9tillon": "Q1877450", "Gull Magnell": "Q96776494", "L\u00e9a V\u00e9drine": "Q3270038", "Marie Barr\u00e8re-Affre": "Q3292379", "Ana Khakhutashvili": "Q20562462", "Grethe Geiringer": "Q100706497", "Berthe Bernage": "Q827780", "Ivanna Blazhkevych": "Q4087950", "Yelena Vereyskaya": "Q4107629", "Jacqueline Desmiers de Chenon": "Q28495406", "Thyde Monnier": "Q445480", "Jarmila Ha\u0161kov\u00e1": "Q539000", "Maria Schierl": "Q100705135", "Margarete B\u00f6hm": "Q100424671", "Julene Azpeitia": "Q12261120", "Dora von Paszthory": "Q100706613", "Kl\u00e1ra Chitz": "Q64965926", "M\u00e4rta Tamm-G\u00f6tlind": "Q59421922", "Sofia Galachyan": "Q41740294", "Margaret Ormiston": "Q106819391", "Josefine Stegbauer": "Q100699827", "Sanne van Havelte": "Q4845332", "Ingrid Kittelsen Treider": "Q47462848", "Nataliya Shakhovskaya-Shik": "Q4521315", "Caroline D. Emerson": "Q2939985", "Maia Toijer": "Q19831468", "Fenna Feenstra Kuiper": "Q27461872", "Piroska T\u00e1bori": "Q1326042", "Jacqueline Duch\u00e9": "Q3157709", "Dorothy Deming": "Q84884320", "Frida Hilty-Gr\u00f6bly": "Q55196805", "Hedwig Eyrich": "Q15814581", "Janie Lever-Brouwer": "Q20242883", "Friederike Candido-Kubin": "Q100417411", "Vera Boyadzhieva-Fol": "Q106133269", "Karen Brun\u00e9s": "Q3193095", "Kon\u010di Aha\u010di\u010d": "Q12794066", "Anna Boog": "Q100421384", "Th\u00e9r\u00e8se Len\u00f4tre": "Q17486069", "Ilse Ringler-Kellner": "Q1659203", "Dirkje Menkens - van der Spiegel": "Q28149673", "Marie-Antoinette de Miollis": "Q16889601", "Mar\u00eda Wiesse": "Q17274697", "Zina Rabinowitz": "Q4386718", "Rose Celli": "Q59531394", "Lucie Rauzier-Fontayne": "Q3265303", "Marie Colmont": "Q3292449", "Tamara Ramsay": "Q2391220", "Jeanne Koning-Coeterier": "Q86735428", "Valentina Lyubimova": "Q4271531", "Marie Moser": "Q100594792", "Brone Buivydaite": "Q4098443", "Helene Kallinger-Klenkhart": "Q100705099", "Simone Saint-Clair": "Q15967003", "Clara Asscher-Pinkhof": "Q1095150", "Yvonne Girault": "Q2374293", "Suzanne Pairault": "Q3506017", "Henrie\u034f\u0308tte Eyk": "Q2192985", "Paule Lavergne": "Q3372593", "Germaine Verdat": "Q3104229", "M\u00e4rta de Laval": "Q96631811", "Mary Elwyn Patchett": "Q16225453", "Zdena Orgon\u00edkov\u00e1": "Q51586111", "Willy Corsari": "Q2552167", "Elizabeth Powell": "Q82865657", "To H\u00f6lscher": "Q33646968", "Kerttu B\u00f6\u00f6k": "Q105698279", "Colette Vivier": "Q2982528", "Varsenik Aghasyan": "Q13055004", "Kalina Malina": "Q12282398", "Margarethe K. Weitzner": "Q94750855", "Zinaida Shishova": "Q4524852", "Lidia Budogoskaya": "Q4098174", "Lida Durdikova": "Q3238136", "Lisa Caw\u00e9n": "Q5396450", "Bertl Hayde": "Q59653230", "Anny Wienbruch": "Q107846", "Clare Lennart": "Q2474480", "Ernestine Kastner": "Q100705100", "Emma Iosifovna Vigodskaja": "Q4128769", "Micaela Pe\u00f1aranda y Lima": "Q6012671", "Megan Miranda": "Q28497923", "Christina Elizabeth Pothast-Gimberg": "Q14849834", "Rudolfine Seidl": "Q100705138", "Nina Artyukhova": "Q4070370", "Cassandra O'Donnell": "Q8311526", "Trude Payer": "Q100503906", "Elly Demmer": "Q100502805", "Elena Ilyina": "Q4174678", "Hj\u00f8rdis Solaas": "Q75998460", "Alice Piguet": "Q2836641", "Leopoldine Klima-Hengl": "Q100503599", "Irina Karnaoukhova": "Q23692138", "Albertine Deletaille": "Q2831711", "El\u017cbieta Jackiewiczowa": "Q9253146", "Krystyna Grzybowska": "Q11748688", "Valentina Oseyeva": "Q4337560", "Hermien IJzerman": "Q15876276", "Cecylia Lewandowska": "Q40331655", "Natalia Konchalovska\u00efa": "Q4231926", "Auguste Staud-Weth": "Q100705141", "Natalia Zabila": "Q4182456", "Germaine Pelletan": "Q3104208", "Liis Raud": "Q12368734", "Tamara Gabbe": "Q4130855", "Sophia Mogilevskaya": "Q4299107", "Odette Sorensen": "Q3349207", "Yelena Blaginina": "Q4087703", "Nel Schutteva\u00ear-Velthuys": "Q28870342", "Olga Vysotskaya": "Q4129532", "Bella Dizhur": "Q4161399", "Juliette Pary": "Q16028206", "Natha Caputo": "Q3336523", "Irina Guro": "Q17339721", "Claude Renaudy": "Q2978045", "Boris Palotai": "Q537469", "Marcelle V\u00e9rit\u00e9": "Q3289589", "Nina Gernet": "Q4137363", "Ingri d'Aulaire": "Q17118093", "Esther Emden": "Q15060869", "Jolanthe Hasslwander": "Q100705091", "Judith Cenkl": "Q100421397", "Elena Segal": "Q19911137", "Ksenija Prunk": "Q60456209", "Elly Reininger": "Q100700985", "Sirkka Rapola": "Q17383185", "B\u00e9atrice Cl\u00e9ment": "Q105947993", "Keete Ainver": "Q15183064", "Jadwiga Korczakowska": "Q11715907", "Oksana Ivanenko": "Q4195713", "Marcelle Lerme-Walter": "Q3289560", "Vio Martin": "Q3560334", "Jant Visser-Bakker": "Q6418686", "Mary Elting": "Q59504108", "Ljubov Voronkova": "Q126997", "Fran Martin": "Q106865733", "Madeleine Gilard": "Q42434529", "Anna Nikolaevna Kiseljova": "Q24352152", "Ellen Wales Walpole": "Q105346376", "Erica Lillegg": "Q90076", "Helmi Issakainen": "Q10856603", "Rachel Lazarevna Solomyanskaya": "Q4121800", "Anna Sternad": "Q100699868", "\u0412\u0435\u0440\u0430 \u0413\u0440\u0438\u0433\u043e\u0440\u044c\u0435\u0432\u043d\u0430 \u041c\u0438\u0445\u0430\u0439\u043b\u043e\u0432\u0430": "Q93531938", "Marie Vo\u0159\u00ed\u0161kov\u00e1": "Q32312874", "Alice Curchod": "Q2836557", "Phoebe Erickson": "Q53500501", "Zvia Wilensky": "Q104161846", "Maria Prigara": "Q4378017", "Margit Petrolay": "Q100699679", "Rivkah Davidit": "Q4153598", "Resa Hutzinger": "Q100503560", "Yvonne Meynier": "Q2366252", "N. Kalma": "Q4310562", "Margaret Scherf": "Q16028236", "Greeth Gilhuis-Smitskamp": "Q1913808", "Marguerite Thi\u00e9bold": "Q3290740", "Anna Garf": "Q4133974", "F. A. Haak - Ochsendorf": "Q86741602", "Natalia Ga\u0142czy\u0144ska": "Q11789962", "Olga Neklyudova": "Q15075041", "Makvala Mrevlishvili": "Q20560132", "Nel Verschoor- van de Vlis": "Q86741430", "Margot Warnsinck": "Q1914634", "Lilian Moore": "Q7394840", "Marijke van Raephorst": "Q1933205", "Willi Lussnigg": "Q100559594", "Hila Colman": "Q2718210", "Halina Rudnicka": "Q7943709", "Henriette Robitaillie": "Q3132485", "Jeanne de Recqueville": "Q16645654", "Eva Botstiber": "Q100421388", "Gerta Hartl": "Q100503021", "Helene Ehmann": "Q98819394", "Maria Pacolt": "Q100510826", "Mar\u00eda Hortensia Lacau": "Q6003898", "Maria Mulet": "Q21081397", "Ilse Leppin": "Q100705042", "Agniya Kuznetsova": "Q4245093", "Yette Jeandet": "Q3572231", "Esfir Jakovlevna Tsjuroepa": "Q4506479", "Freda Hurt": "Q16028143", "Aghavni": "Q16367698", "Simone Cuendet": "Q3484554", "Polly Schoyer Brooks": "Q91910539", "Zima Vr\u0161\u010daj Holy": "Q12806682", "Aino Tigane": "Q19834197", "Christa Weikmann": "Q100705149", "Marianne Nagl-Exner": "Q100705118", "Mazal Weigert": "Q104154266", "Eva von Paszthory-Molineus": "Q100706614", "Margarete Polt": "Q100509622", "\u04d8\u043c\u0438\u043d\u04d9 \u0411\u0438\u043a\u0447\u04d9\u043d\u0442\u04d9\u0435\u0432\u0430": "Q13209042", "Gerlinde Theresia Korn": "Q100705103", "Luda Schnitzer": "Q3266037", "Odette de Barros Mott": "Q56350963", "Martha Sandwall-Bergstr\u00f6m": "Q4976968", "Lilly von Sauter": "Q1825243", "Olha Mack": "Q12120505", "Eddie Semenovna Kagan": "Q4331114", "\u00c1ngeles Villarta Tu\u00f1\u00f3n": "Q58362531", "L. N. Lavolle": "Q3205899", "\u0533\u0578\u0570\u0561\u0580 \u0556\u056b\u056c\u0578\u0575\u0561\u0576": "Q20514189", "Irena Kwinto": "Q11713790", "\u0421\u0430\u0432\u0438\u0446\u044c\u043a\u0430 \u0406\u0432\u0430\u043d\u043d\u0430": "Q12149978", "Sieglinde Ullmann": "Q100700547", "Isabelita Freire": "Q5920959", "Herta J. Enevoldsen": "Q29526199", "Zlatoslava Kamenkovich": "Q4211081", "Nance Donkin": "Q83925622", "Pernette Chaponni\u00e8re": "Q3375512", "Celia Vi\u00f1as": "Q5760202", "Salme Raatma": "Q16405299", "Karin Anckarsv\u00e4rd": "Q4935553", "Bertl Faschingbauer": "Q100502900", "Leni Saris": "Q1814182", "Marisa Villardefrancos": "Q12392948", "Grete Janus Hertz": "Q12314295", "Martha Aigner": "Q100421343", "Kaija Pakkanen": "Q11868925", "Hilda Haller": "Q100594784", "Antonieta Dias de Moraes": "Q2857097", "Olga Lecaye": "Q3350432", "Susanna Georgievskaya": "Q4135771", "Ren\u00e9e Nebehay": "Q100509508", "Johanna Leeb-Efler": "Q100701054", "Dieuwke Winsemius": "Q43380514", "Y\u016bko Yamaguchi": "Q11466682", "Pascuala Corona": "Q19817437", "Kathinka Lannoy": "Q19898910", "Ulla von Wendt": "Q17385064", "Alet Schouten": "Q1861010", "Mario Ropp": "Q18636880", "Maria Llu\u00efsa Sol\u00e0 Llopis": "Q59489864", "Maria Dmytrenko": "Q12101279", "Adeline McElfresh": "Q16028188", "Ingeborg M\u00fchlhofer-Purner": "Q100705116", "Ida Weggelaar": "Q65648582", "Emilia Aleksandrova": "Q104016659", "Esther Allison": "Q5849368", "Nilda Pinto": "Q2345453", "Carmen Bravo-Villasante": "Q5752461", "Tsilah Binder": "Q6682863", "Mimi Malen\u0161ek": "Q3503535", "Natalia Rolleczek": "Q11789993", "Eleonora Berger": "Q100416450", "Karin Schultz": "Q4989663", "Jarom\u00edra Sekotov\u00e1": "Q95073773", "Edith Helene M\u00fcller": "Q100706899", "Siny van Iterson": "Q2150658", "Maria Terlikowska": "Q11769199", "Karah Feder-Tal": "Q104599686", "Susi Hochstimm": "Q100563283", "Lia Timmermans": "Q1822625", "Trix van Brussel": "Q5142637", "Riv\u1e33ah Elitsur": "Q6844890", "Zenta \u0112rgle": "Q4532357", "Lea Smulders": "Q2688415", "Anne Pierjean": "Q2851233", "Tiny Mulder": "Q2241444", "Josephine Hirsch": "Q100594787", "Vera Kiss": "Q100705101", "Jacqueline de Boulle": "Q18611125", "Kazuyo Ishii": "Q49903812", "Leili Andre": "Q1815144", "In\u00e9s Malinow": "Q28057754", "Ursula W\u00f6lfel": "Q104645", "Marie Louise Fischer": "Q110382", "Jekatierina Karganowa": "Q27537229", "Silvia Truu": "Q16407372", "Carmen V\u00e1zquez-Vigo": "Q5752686", "Ilse Schaller": "Q100687574", "Tonny Vos-Dahmen von Buchholz": "Q1626142", "Mira Meir": "Q4289016", "L\u00e4bib\u00e4 \u0130xsanova": "Q13205686", "Barbara Bartos-H\u00f6ppner": "Q108012", "Marta Gim\u00e9nez Pastor": "Q6001929", "Polyakova Nadezhda": "Q17629650", "Jacqueline Cervon": "Q17350492", "Colette Meffre": "Q19630034", "Haya Geelor": "Q104715159", "Claude C\u00e9nac": "Q2977228", "Ida Grilz": "Q100705085", "Harriet Laurey": "Q4354508", "\u053c\u0578\u0582\u057d\u056b\u056f \u0532\u0561\u057c\u0576\u0561\u056f\u0575\u0561\u0576": "Q13053088", "Nezihe Meri\u00e7": "Q545957", "\u0535\u056c\u0565\u0576\u0561 \u053f\u0576\u0578\u0580\u0580\u0565": "Q105772047", "Arja Peters": "Q1826811", "Izabella Bieli\u0144ska": "Q11714719", "Galina Demykina": "Q4157746", "Elmira Peisakovna Kotlyar": "Q4236114", "Jacqueline Mirande": "Q3157769", "Hilde Leiter": "Q100706524", "Szab\u00f3, Judit Garamk\u00f6vesdi": "Q1006931", "Rina Havron": "Q101580391", "Hildegard Schumacher": "Q29024928", "Audrey Oldfield": "Q57260710", "Elizabeth Starr Hill": "Q64590361", "Marga Kerklaan": "Q13814728", "Rosa Cerna Guardia": "Q6112143", "Lyudmila Zubkova": "Q28827982", "Miyoko Matsutani": "Q3382552", "Gerda Muller": "Q3104020", "Helju Rammo": "Q22696673", "Ira Lember": "Q16406076", "Maguelonne Toussaint-Samat": "Q21091629", "Maria Fl\u00fcgel": "Q100606002", "Marijane Minaberri": "Q12263083", "Irina Prokopenko": "Q4380335", "Katya Vodenicharova": "Q56451613", "Zlata Voka\u010d": "Q12806695", "Ann Herbert Scott": "Q106911065", "Tsafrirah Gar": "Q105635731", "Erika Graf": "Q100594781", "Mies Bouhuys": "Q2695137", "Annet van Battum": "Q2231468", "Monique Bermond": "Q3320798", "Georgina Viorica Rogoz": "Q66370354", "Aat van Nie": "Q13427910", "Montserrat del Amo": "Q9034918", "Anke de Graaf": "Q28823807", "Jacqueline Duh\u00eame": "Q3157710", "Lilith Norman": "Q100450159", "Natalie Scott": "Q82870050", "Pascale Claude-Lafontaine": "Q88884922", "Gertrud Piesch": "Q100705128", "Christine Price": "Q62569421", "Cecilia Lichtveld": "Q62736660", "Sofia Prokofyeva": "Q4380407", "Ne\u017eka Raztresen": "Q12797442", "Marja Cerkovnik": "Q12795830", "Lyudmila Matveyeva": "Q4284571", "Elfriede Prskawetz": "Q100706620", "Birgitta Gedin": "Q2645531", "Beatriz Doumerc": "Q5724126", "Tatyana Alexandrova": "Q4061168", "Yewdakiya Los": "Q13030743", "Barbara Lewandowska": "Q102047085", "Zhanna Vitenzon": "Q4112376", "Juan Mu\u00f1oz Mart\u00edn": "Q5951555", "Claude Lebrun": "Q68208658", "Corrie Hafkamp": "Q19757832", "Lea Pennanen": "Q11875205", "Rosanda Sajko": "Q18643051", "Yael Medini": "Q19515575", "Shin Ji-sik": "Q87986917", "Ge Cuilin": "Q97300871", "Inge Bernatzik": "Q100421382", "Victoria Sau": "Q15899334", "Rosina Topka": "Q100701082", "\u0412\u04d9\u043b\u0438\u0435\u0432\u0430 \u0420\u0435\u0437\u0435\u0434\u0430 \u0422\u04d9\u0444\u04a1\u04d9\u043b\u04af\u043d \u04a1\u044b\u0499\u044b": "Q20588912", "Elfe Kaiser": "Q100706510", "Gayda Lagzdyn": "Q21103748", "Milena Bati\u010d": "Q17402341", "Suzanne Sens": "Q3506041", "Elsa Pelmas": "Q12361993", "Gertraud Langer": "Q100686017", "Iela Mari": "Q3148001", "Erna Wobik": "Q100503511", "Bernadette Delarge": "Q2897348", "Miek Dorrestein": "Q19787536", "Olivia Saar": "Q16403402", "Fran\u00e7oise Rachm\u00fchl": "Q64217562", "Thalie de Mol\u00e8nes": "Q3519471", "Monique Ponty": "Q56452201", "Sofya Bogatyryova": "Q4089121", "Tadzijana Klia\u0161tornaja": "Q6540368", "Snehalata Mohanty": "Q20232714", "Kirsti Lagerspetz": "Q17382060", "Sylvia Lago": "Q1324172", "Magda Buckinx": "Q2603080", "H\u00e9l\u00e8ne Franck": "Q3144765", "Marie-Claude Monchaux": "Q3291720", "Diana Kidd": "Q54553406", "Hena Gonz\u00e1lez de Zachrisson": "Q63208415", "Janina Zaj\u0105c\u00f3wna": "Q11719888", "Maria Heylen": "Q4794063", "Marina Nikolaevna Sokolova": "Q4427294", "Oili Tanninen": "Q1450724", "Brigitte Harum": "Q100705090", "Marjeta Daj\u010dman": "Q12795893", "Else Vlug": "Q2732637", "Giova Selly": "Q19958531", "Mat'amah Kashti": "Q28857210", "Ewa Nowacka": "Q9256788", "Mechtelly": "Q3125861", "Annemie Heymans": "Q2695496", "Colette Tourn\u00e8s": "Q16266537", "Rita Verschuur": "Q2752156", "Zoya Zhuravleva": "Q38718878", "Mila Boutan": "Q59154951", "Brigitte Peter": "Q100544594", "Friederike Mayerhofer": "Q100706601", "Jacqueline Held": "Q3157737", "Elzbieta": "Q15970950", "Lucie Sp\u00e8de": "Q3265305", "Ludmila Klukanov\u00e1": "Q38033866", "Nira Harel": "Q7053863", "Datia Ben Dor": "Q97922660", "Heliane Bernard": "Q3129693", "Christina Andersson": "Q4793036", "Elisabeth G. Beyerl": "Q100416909", "Christine Chagnoux": "Q2965895", "Atla Lund": "Q11959484", "Elvira Metnitz": "Q100705114", "Gil vander Heyden": "Q2545827", "Gra\u017cyna Strumi\u0142\u0142o-Mi\u0142osz": "Q9276101", "Yvette de Fonclare": "Q18684227", "Marianne Valandr\u00e9": "Q3291328", "May Angeli": "Q87349695", "Edith Kunhardt": "Q75135670", "Alma Maritano": "Q5669539", "Edith Buchmayer": "Q100421392", "Renate Welsch": "Q12088539", "Ya\u02bbel Ha\u02bbelyon": "Q28605762", "Anne Takens": "Q2151964", "Odile Weulersse": "Q3349261", "Inge Helm": "Q50276350", "Ann Harris": "Q745170", "Vicki Cobb": "Q81970613", "Roswitha Zauner": "Q95196479", "Punyaprava Devi": "Q15724609", "Asta Kass": "Q12359831", "Louise-Michelle Sauriol": "Q3263642", "Maud Tabachnik": "Q612915", "Adela Turin": "Q2824187", "Nishimaki Kayako": "Q65560386", "Chizuko Kuratomi": "Q67498449", "Roser Capdevila i Valls": "Q3442563", "Irina Pivovarova": "Q4362400", "Nannie Kuiper": "Q2352696", "Rolande Causse": "Q3440323", "Elfriede Lorenz": "Q100701044", "Nad\u00e8jda Garrel": "Q3335006", "Alta V\u00e1\u0161ov\u00e1": "Q13374457", "Simone Kramer": "Q1891025", "Roswitha Wulz": "Q100705152", "Hannelore B\u00fcrstmayr": "Q100417971", "Eleonora Mandalian": "Q4280271", "Greet Beukenkamp": "Q1934912", "Dani\u00e8le Bour": "Q3015118", "Nicole Maymat": "Q88947277", "Jant van der Weg-Laverman": "Q13080855", "Helga Galler": "Q99672546", "Graciela Cabal": "Q5883956", "Marie-Claude B\u00e9rot": "Q3291710", "Binette Schroeder": "Q863719", "Silvana Gandolfi": "Q509851", "Monika Doppert": "Q16608662", "Gerda Braun-Ostermayer": "Q100424674", "Tatjana Makarowa": "Q24680589", "Marlies Wunderlich": "Q100705153", "Macedonia Yanchevska": "Q126510", "Sally Huss": "Q57827299", "Michaelene P. Grassli": "Q6835633", "Maro Loizou": "Q16331852", "Hanne Hastrup": "Q12315179", "Hagit Benziman": "Q6833356", "Daphna Ever Hadani": "Q51841202", "Johanna Kruit": "Q28020056", "Mariko Iwama": "Q64827147", "Noriko Kido": "Q66085110", "Helle Laas": "Q12363744", "Wivi Leth": "Q26255337", "Ruth Brown": "Q61818704", "\u0413\u0430\u043b\u044c\u0447\u0438\u043d\u0441\u044c\u043a\u0430-\u041a\u0443\u043b\u0456\u0448 \u0412\u0456\u0440\u0430 \u041c\u0438\u0445\u0430\u0439\u043b\u0456\u0432\u043d\u0430": "Q12094156", "\u9577\u7530\u9786\u7d75": "Q100878672", "Catherine Missonnier": "Q2942007", "Tupuna Vaissi": "Q17384706", "Sandra Kegerreis": "Q16105662", "In\u00e9s de Cuevas": "Q5841376", "Effi Grieg-Gemeinhardt": "Q100705084", "Ruth Wallace Brodeur": "Q3453648", "Aly Hilberts": "Q2322643", "Anne de Preux": "Q2851369", "Edna Kaplan-Hagler": "Q102036226", "Mecka Lind": "Q181626", "Elisabeth Ebenberger": "Q100532106", "Roselyne Morel": "Q17350894", "Ilse Viktoria B\u00f6sze": "Q100417607", "Fran Leeper Buss": "Q1440702", "Neli Garrido de Rodr\u00edguez": "Q6039561", "Mirta Col\u00e1ngelo": "Q16334668", "Enkarni Genua": "Q12256858", "Yvonne Brill": "Q9230881", "\u05e0\u05d5\u05de\u05d4 \u05e9\u05d9\u05dc\u05d4": "Q25490658", "Eva Smith": "Q12310747", "Fran\u00e7oise Armengaud": "Q17370648", "Sophie Dressler": "Q3490919", "Sabinah Meseg": "Q12409990", "Ann Cameron": "Q103471313", "Frances Thomas": "Q3079096", "Coby Hol": "Q4353694", "Simone Schell": "Q4884472", "Susanne Wisser": "Q100705150", "Liesbeth van der Jagt": "Q13751474", "Trude Frank": "Q100705007", "Henriette Bichonnier": "Q649622", "Viktorija Zmaga Glogovec": "Q12805705", "\u041a\u0443\u0434\u0440\u044f\u0432\u0441\u044c\u043a\u0430 \u041b\u044e\u0434\u043c\u0438\u043b\u0430 \u0411\u043e\u0440\u0438\u0441\u0456\u0432\u043d\u0430": "Q85994112", "Nina Matsyash": "Q13031813", "Marie-H\u00e9l\u00e8ne Delval": "Q19056607", "\u77e2\u5d8b\u52a0\u4ee3\u5b50": "Q50824799", "Shula Modan": "Q97924194", "Fini Zirkovich-Tury": "Q100705156", "Gudrun Mebs": "Q1553118", "Lidia Hlib": "Q34362956", "Josette Wouters": "Q3156836", "Letizia Galli": "Q87724471", "Patsy Backx": "Q15433609", "Marie-Jeanne Barbier": "Q3291921", "Dagmar Chidolue": "Q1157258", "Mary Hooper": "Q1906284", "Dalya B. Y. Cohen": "Q102124194", "Y\u014dko Imoto": "Q913877", "Beate Audum": "Q4936964", "Jutta Modler": "Q100706609", "Gabriele Bothen-Hack": "Q31945325", "Carol Ellis": "Q5044314", "Angela Royston": "Q63441376", "Okkie Noordhuis-Noordhof": "Q2709669", "Ria Lazoe": "Q4279693", "Isolde Stark": "Q1674488", "Anat Gonen": "Q65250249", "Susie Morgenstern": "Q1744216", "Anne-Marie Cadot-Colin": "Q2850835", "Margareta Lindberg": "Q4962426", "Odile Limousin": "Q2440296", "Gerlinde Ortner": "Q100701098", "Christine Rettl": "Q100706628", "Greta Aune Jotun": "Q21791488", "Elena Dreser": "Q23682290", "Annie Pr\u00e9vost": "Q2851704", "Marie-Christine Helgerson": "Q3291638", "Michelle Nikly": "Q81214658", "Zaynab Birecikli": "Q66502433", "Ana Mar\u00eda G\u00fciraldes": "Q26841564", "Diane Broeckhoven": "Q530145", "Anne Quesemand": "Q81816499", "Trude de Jong": "Q2607850", "Ana Maria Magalh\u00e3es": "Q12155779", "Catherine Chaine": "Q91170581", "H\u00e9l\u00e8ne Tersac": "Q88948570", "Diet Verschoor": "Q48801513", "Cendra Vernaz": "Q91197985", "Hanna Kraan": "Q2196584", "Tatjana Pregl Kobe": "Q17351107", "Marie-Paul Armand": "Q3292180", "Marie-Jos\u00e9 Sacr\u00e9": "Q1165189", "\u00c9lisabeth Brami": "Q41796288", "Claude Cl\u00e9ment": "Q2977197", "Anne Salem-Marin": "Q2851270", "Joanna Campbell": "Q186026", "Adela Basch": "Q5657458", "Elvira Chastikova": "Q4507673", "Roselyne Bertin": "Q3442485", "Roser Rius i Camps": "Q65205219", "Thea Dubelaar": "Q2644620", "B\u00e9atrice Poncelet": "Q50411677", "Lois Thompson Bartholomew": "Q15512001", "Ellen Tijsinger": "Q1860109", "\u00c9velyne Brisou-Pellen": "Q3592762", "Danielle Thiery": "Q3015048", "Ewa Bara\u0144ska": "Q9256595", "Chantal Cahour": "Q17175479", "\u6d45\u5ddd\u3058\u3085\u3093": "Q51354628", "Marica Kulnik": "Q100606012", "Jos\u00e9 van de Burgt": "Q48806365", "\u00c9milie Beaumont": "Q95619290", "\u8c22\u534e": "Q97161372", "Elfriede Wimmer": "Q100706672", "Savion Librecht": "Q97769992", "\u00c9milie Salamin-Amar": "Q2381521", "Lydia Verbeeck": "Q2066230", "Mich\u00e8le Bayar": "Q3311569", "Jo Hoestlandt": "Q42617864", "Marie-Th\u00e9r\u00e8se Davidson": "Q15639303", "Mich\u00e8le Rozenfarb": "Q12036861", "Anne-Marie Desplat-Duc": "Q2850852", "Edith Mabel Russo": "Q5650336", "Janine Teisson": "Q3162018", "Maria Ewa Letki": "Q11768836", "\u054c\u0578\u0566\u0561 \u054e\u0561\u0580\u0564\u0561\u0576\u0575\u0561\u0576": "Q20511242", "Natalya Stroilova": "Q21088728", "Sonja Wakounig": "Q100705148", "Ana Mar\u00eda Fern\u00e1ndez Mart\u00ednez": "Q5478198", "Danielle Martinigol": "Q2387142", "Molly Cochran": "Q22009226", "Luisa Villar Li\u00e9bana": "Q20016676", "Ingrid Zingsheim": "Q100705155", "Mar\u00eda Luz del Olmo Veros": "Q41950603", "Susi Jahoda": "Q100705098", "Ynskje Penning": "Q48805435", "Sybille Kalas": "Q100706511", "Rosa Yeghiazaryan": "Q90882025", "Hagit Aharonof": "Q66587131", "Hideko Ise": "Q11379121", "Gabriele Berger": "Q100414990", "Dominique de Saint Mars": "Q3035561", "Chantal Pelletier": "Q1062414", "Neomi Ragen": "Q97768162", "Elisabeth Mollema": "Q4846600", "Mira Dobravec": "Q17349440", "Katrien Seynaeve": "Q13742296", "Monika Wellner": "Q100700839", "Bella Vernikova": "Q4107928", "Luzia de Maria": "Q5985051", "Louise Tondreau-Levert": "Q3263836", "Akiko Ikeda": "Q2829035", "Iris Rivera": "Q5920300", "B\u00e9atrice Bottet": "Q44742008", "\u5c0f\u5ddd\u82f1\u5b50": "Q56880003", "Ma\u0142gorzata Budzy\u0144ska": "Q11772237", "Dian Curtis Regan": "Q11856074", "\u4f50\u5ddd\u82b3\u679d": "Q28688814", "Ma\u00efte Roche": "Q29429593", "Annie Moser": "Q42756304", "Sophie Piper": "Q64227479", "Susan Ring": "Q106583834", "Marie-Florence Ehret": "Q50400818", "Marian Hoefnagel": "Q2272750", "Leny van Grootel": "Q13749139", "Lieneke Dijkzeul": "Q138750", "Viviane Koenig": "Q42756353", "Clotilde Bernos": "Q90145637", "Margarita Robleda": "Q28503053", "Concha Blanco": "Q12386376", "Pua Hershlag": "Q86007285", "Carry Slee": "Q2688487", "Helga Leitner-Wlach": "Q100705109", "Ronit Chacham": "Q97918493", "Chava Chavushi": "Q6577688", "Jeanne Faivre d'Arcier": "Q3176038", "Siri E. Mohr": "Q54920004", "Anne Wyckmans": "Q2411184", "Martine Delerm": "Q3295766", "Kathleen Duey": "Q3194066", "Zvezdana Majhen": "Q12806843", "\u00c9lizabeth Turgeon": "Q15406975", "\u3055\u306a\u3068\u3082\u3053": "Q56879777", "Manuela Mechtel": "Q89791622", "Stefania Fabri": "Q104089441", "Marianne Witte": "Q2219966", "Katerina Mouriki": "Q3193997", "Cari Best": "Q4987489", "Graciela Rep\u00fan": "Q5883993", "Sharon Arms Doucet": "Q3481515", "Brigitte Peterka": "Q100706616", "Elfriede Buttazoni": "Q100417839", "Bodil Bredsdorff": "Q530849", "Marian van Gog": "Q46999472", "Elisabeth Newzella": "Q100705122", "Dina Televitskaya": "Q4453966", "Monika Feth": "Q102880", "Anna Bolecka": "Q9155043", "Frauke Nahrgang": "Q1451946", "Elena Makarova": "Q4275412", "Bobje Goudsmit": "Q2907673", "Hieke van der Werff": "Q4519274", "Renate Spieler-Olivier": "Q100700783", "Hiroko Miwa": "Q40037114", "Petra Szabo": "Q18246382", "B\u00e9atrice Nicod\u00e8me": "Q2929470", "Taruishi Mako": "Q65054929", "Orit Uziel": "Q100767196", "Catherine Zarcate": "Q2942104", "Angela Wilkes": "Q55995788", "Sigrun Gspan": "Q100705087", "Domitille de Pressens\u00e9": "Q3035589", "Bente Bratlund": "Q11960589", "Solveig Blindheim Bendixen": "Q12718516", "Tatyana Viktorovna Martynova": "Q4282802", "Barbara Poche": "Q100701008", "Nina Pikuleva": "Q18203808", "Natalia Guzeeva": "Q522285", "Ceseli Josephus Jitta": "Q29559983", "Martine Bisson-Rodriguez": "Q3295737", "Lucr\u00e8ce L\u2019Ecluse": "Q13775762", "Gail Gauthier": "Q4147073", "Ina van der Beek": "Q29066939", "Annie Vintze": "Q2851715", "C\u00e9line Garcia": "Q3010163", "Guillemette Resplandy": "Q3120519", "Martine Lagardette": "Q3295785", "Myriam Picard": "Q3331545", "Natha\u00eble Vogel": "Q3336798", "Susanne Helmold": "Q3505644", "Sylvie Albou-Tabart": "Q3507264", "Emmanuelle Cosso-Merad": "Q16486811", "Olga Pau\u0161i\u010d": "Q18643036", "Gabriela Keselman": "Q106084231", "Leonor Bravo Vel\u00e1squez": "Q5973361", "Anette Diesen": "Q11958088", "Birgit Rivero": "Q100706630", "Ingrid Schubert": "Q1862268", "Maryvonne Rippert": "Q3296367", "Sachiko Kashiwaba": "Q11533865", "Anne Tonnac": "Q22946095", "Naoko Hori": "Q64190473", "Mieke van der Weij": "Q3246025", "Pilar Lozano Carbayo": "Q6075811", "Bettie Elias": "Q2540727", "Pascale Estellon": "Q85162386", "Sylvie Rouch": "Q3507390", "Tamara Krukova": "Q4243149", "Hetty Heyting": "Q2133654", "Desiree Correa": "Q2805671", "Vivian den Hollander": "Q2417624", "Martine Sagaert": "Q3295833", "Marian van der Heiden": "Q2191777", "Irena Vysotskaya": "Q621650", "Marie Sellier": "Q18222216", "Henna Goudzand Nahar": "Q2711470", "Monica Maas": "Q47008269", "Christel Mouchard": "Q2964936", "Marie-Agn\u00e8s Gaudrat": "Q3291435", "Irmgard Smits": "Q4342378", "\u00c2ngela Carneiro": "Q10396109", "Anne Bouin": "Q2850989", "Susanne Julien": "Q3505646", "Kim Kimselius": "Q4355979", "Natalia Hecker": "Q15065292", "Marie Schoepfer": "Q23701745", "Carmen Blazejewski": "Q1043621", "Dorothee Wong Loi Sing": "Q2333767", "\u00c9dith Bourget": "Q3579167", "Annemarie Bon": "Q1914106", "Annie van Gansewinkel": "Q2080518", "Ann Rocard": "Q2392067", "Florence Reynaud": "Q17462035", "Anne Wilsdorf": "Q23713540", "Chiara Lossani": "Q19998909", "Corinne Bouvet de Maisonneuve": "Q2997303", "Marina Moskvina": "Q4303770", "Virginie Lou-Nony": "Q3560751", "Claudia Salvatori": "Q3679889", "Isabelle Gibert": "Q95639760", "N\u00faria Pradas i Andreu": "Q19301350", "Monika Finsterbusch": "Q1944623", "H\u00e9l\u00e8ne Montardre": "Q3144826", "Fanny Joly": "Q15970658", "Anne-Marie Philipe": "Q2850882", "Brigitte Coppin": "Q2925415", "Brigitte Smadja": "Q2925484", "Gis\u00e8le Cavali": "Q3107804", "Rachel Hausfater": "Q3416100", "Eri Ritsos": "Q18402632", "Sylviane Corgiat": "Q18782341", "Nadja": "Q3334972", "Anush Vardanyan": "Q21212971", "Kolet Janssen": "Q2536735", "Regine Steinmetz": "Q100705143", "Debra Ghigna": "Q5248465", "Anne-Laure Blanc": "Q33122359", "Elisabeth Streit-Maier": "Q100706651", "Fani Marceau": "Q95598256", "Karen van Holst Pellekaan": "Q2939104", "Anneke Scholtens": "Q17429303", "Christiane Holler": "Q100706501", "Marita de Sterck": "Q1752249", "Tiina Nopola": "Q635171", "Marina Vishnevetskaya": "Q4112671", "Anne Pouget-Tolu": "Q2851250", "Zaynab al-Assal": "Q46801355", "Catherine Leblanc": "Q2941974", "Hayd\u00e9 Ardalan": "Q3128849", "Sabine Vergoz-Thirel": "Q3460577", "Ayes Tortosa": "Q5714675", "Carmen Ramos": "Q5752636", "Marisa L\u00f3pez Soria": "Q5801848", "Anne Vantal": "Q97041072", "Akari Hoshi": "Q105670683", "Florence Cadier": "Q3073948", "Josette Daal": "Q3369306", "Anne Bertier": "Q86842921", "Louise Warren": "Q3263842", "Reina Ollivier": "Q47514950", "Nicole Chappe": "Q3341022", "Vrouwke Klapwijk": "Q46709988", "Andr\u00e9e-Anne Gratton": "Q2848919", "Claire Forgeot": "Q86924012", "Aksinja Kermauner": "Q12784072", "Claudine Aubrun": "Q67499224", "Mieke van Hooft": "Q2441788", "Nadia Roman": "Q3334886", "Ingunn Mediaas": "Q54933019", "Monique Hagen": "Q3430641", "Annie Agopian": "Q2851610", "silvia schuger linda": "Q6128610", "Veronika Straass": "Q63026802", "Malika Ferdjoukh": "Q1477390", "\u0421\u0442\u043e\u0436\u043a\u043e\u0432\u0430, \u041d\u0438\u043d\u0430 \u0412\u0438\u043a\u0442\u043e\u0440\u043e\u0432\u043d\u0430": "Q4442746", "Debbie Levy": "Q32860562", "Silvia Vigl": "Q100705147", "Iris Maria Kloiber": "Q100705102", "Tatiana Shapiro": "Q79349672", "Petra Cremers": "Q2972990", "T\u00e2nia Martins": "Q10385850", "Louise Gauthier": "Q3263748", "Renate Steiner": "Q100546779", "Pascale Maret": "Q3367689", "Sophie Tasma": "Q28790949", "Maria Wiesinger": "Q100706670", "Olga Grigoryeva": "Q16639797", "Lydia Rood": "Q2684953", "Marie-Jos\u00e9 Auderset": "Q3291972", "Sylvie Deshors": "Q55599966", "Kristien Bocken": "Q2686027", "B\u00e9atrice Fontanel": "Q2929438", "Christine Kliphuis": "Q2021928", "Alice Hoogstad": "Q39013149", "Moony Witcher": "Q3862781", "Linda Joy Singleton": "Q741673", "Claire Mazard": "Q2975082", "Susanne Koster": "Q2666274", "Liesbet Vereertbrugghen": "Q17429497", "Fran\u00e7oise Guillaumond": "Q3086501", "Teruko Ishihara": "Q49919609", "Lena Steimler": "Q54366301", "Tiny Fisscher": "Q2363023", "Kajsa Gordan": "Q20782670", "Barbara Habi\u010d Pregl": "Q12785476", "Katherine Quenot": "Q3194038", "\u05e8\u05d9\u05e7\u05d9 \u05d2\u05d5\u05e9\u05df": "Q94698708", "\u0416\u044b\u043b\u0434\u044b\u0437 \u0414\u0443\u0439\u0448\u0435\u043a\u0435\u0435\u0432\u043d\u0430 \u0410\u043a\u0430\u0435\u0432\u0430": "Q29864824", "Ana Nu\u0161ka Pi\u0161ek": "Q12784494", "Pascale Bougeault": "Q21294788", "Caja Cazemier": "Q1893339", "Adriana Ducret": "Q21554862", "Barbara Nelb\u00f6ck-Hochstetter": "Q100559925", "Sarah Cohen-Scali": "Q3473337", "Sarah K.": "Q3473366", "Maria Jes\u00fas Bolta": "Q17621607", "Anne-Marie Pol": "Q2850890", "Corinne Bouchard": "Q2997301", "Marjana Mo\u0161kri\u010d": "Q12795890", "Susa H\u00e4mmerle": "Q89639915", "Martine Letterie": "Q2537226", "Val\u00e9rie Dayre": "Q3554244", "Estrella Ortiz": "Q5642037", "Doris Trampnau": "Q28219078", "Kiyoka Kawabata": "Q48060453", "Hortense Mayaba": "Q66224501", "Luise Holthausen": "Q77582130", "Mich\u00e8le Moreau": "Q65125628", "St\u00e9phanie Benson": "Q3502154", "Yochi Brandes": "Q12407912", "Pakita": "Q3360725", "Myl\u00e8ne de la Haye": "Q2440784", "Annette Mattsson": "Q4966408", "Elle van den Bogaart": "Q2039664", "Marion van de Coolwijk": "Q2317270", "Fiona Kelly": "Q546763", "Ina Vandewijer": "Q2469734", "Edith Rolles": "Q100594794", "Moniek Vermeulen": "Q2284685", "Judy Ann Sadler": "Q63757496", "Angelika Resl": "Q100700982", "Luisa Fortes da Cunha": "Q10320579", "No\u00eblla Elpers": "Q15879933", "Barbara Goldberger": "Q100705009", "Cathy Dutruch": "Q2942195", "Miho Takeda": "Q11546227", "Lucie Bergeron": "Q3265245", "Margarita Main\u00e9ee": "Q5997062", "Susanne Pfisterer-Haas": "Q23794152", "Marie Aubinais": "Q29551908", "Beate Paul": "Q59287158", "Claire Ubac": "Q90643646", "Anahid Sarkissian": "Q101009328", "Annette Herzog": "Q566585", "Anne-Sophie Silvestre": "Q2850942", "Barbara Hanu\u0161": "Q12785474", "Corinne Fleurot": "Q17625226", "Miroslava \u00dalehlov\u00e1": "Q95460727", "Francine Oomen": "Q2346051", "Claude K. Dubois": "Q28872586", "Selma Noort": "Q2005320", "Gonneke Huizing": "Q5271390", "Katarina Ros": "Q26706604", "Marie-Sophie Vermot": "Q3292246", "Viviane Moore": "Q3561586", "Claire d'Harcourt": "Q2975141", "Sylvie Allouche": "Q57323596", "\u00c9lise Fontenaille": "Q3587946", "Charlotte Mollet": "Q81557863", "Susanne Mischke": "Q2369389", "Brigitte Meisenberger": "Q100687161", "Nadine Brun-Cosme": "Q78771799", "Sabine Luger": "Q100705112", "Anne-Lise Thurler": "Q564792", "Catherine Ternaux": "Q2942073", "Christine F\u00e9ret-Fleury": "Q2965920", "Pauline Alphen": "Q3372704", "Etsuko Yamamoto": "Q43431695", "Marianne Iben Hansen": "Q105153167", "Linda Smith": "Q96957413", "Anita Bijsterbosch": "Q46822961", "Vida Mokrin Pauer": "Q18643126", "Anneke Wiltink": "Q2654917", "Helen Vreeswijk": "Q2452143", "Guurtje Leguijt": "Q28146736", "C\u00e9cile Roumigui\u00e8re": "Q3009786", "Wendy Stroobant": "Q47515978", "Evelien van Dort": "Q2005790", "Hanne Kvist": "Q11973926", "Verena Vondrak": "Q100706663", "Lida Dykstra": "Q2068841", "Zhanna Abrahamyan": "Q20510236", "Uschi Zietsch": "Q105448", "Sophie Ch\u00e9rer": "Q3490883", "Sophie Marvaud": "Q3490999", "Nadine Soubrouillard": "Q3334948", "Beatriz Actis": "Q6394991", "Sylvia Kainz": "Q100705043", "Tosca Menten": "Q2070061", "Inga Ivanova": "Q24546071", "Andrea Ferrari": "Q27895970", "Christel van Bourgondi\u00eb": "Q13466252", "Perdita Klimeck": "Q15438300", "Marie Amaury": "Q3292346", "Leah Eini": "Q97768829", "Graciela Sverdlick": "Q3113044", "Giovanna Zoboli": "Q43775748", "Marie M\u00e9lisou": "Q3292708", "Sylvaine Jaoui": "Q3507149", "Wilma Geldof": "Q1970056", "Martine Richard": "Q3295830", "Helena de Boer": "Q11086987", "B\u00e9n\u00e9dicte Guettier": "Q2929891", "Andreja Peklar": "Q12784632", "Cathy Ytak": "Q2942213", "Joyce Pool": "Q2522740", "Maaike Fluitsma": "Q2512237", "Lise Knudsen": "Q11984208", "Audren": "Q2870817", "Bettina Stangl": "Q100705140", "Sophie Dieuaide": "Q3490921", "Brigitte Minne": "Q1873894", "Mari\u00ebtte Aerts": "Q21608317", "Loes Hazelaar": "Q5150731", "Beatriz Berrocal P\u00e9rez": "Q5724107", "Mateja Reba": "Q17351126", "Marie Bertherat": "Q3292383", "Marie Gray": "Q3292554", "Nathalie Kuperman": "Q3336618", "Adriana Ballesteros": "Q5658318", "Teresa Broseta": "Q11704332", "Sophie Braganti": "Q63077792", "Joan Marie Galat": "Q93289639", "Mariolande Kennedy": "Q2109554", "Annejoke Smids": "Q2274549", "Dominique Curtiss": "Q3035082", "Kimiko": "Q20751696", "Anne Sibran": "Q2851276", "Joanne Mattern": "Q63441597", "Marijke van Mil": "Q1958765", "Pauline Oud": "Q33138929", "Caroline Toutain": "Q2940070", "Cvetka Sokolov": "Q12787182", "Sylvie Neeman Romascano": "Q3507372", "Corien Oranje": "Q19898921", "Juana Neira Malo": "Q5953858", "Martine Pouchain": "Q3295822", "Andree Prigent": "Q64009321", "Jana Str\u017einar": "Q17351145", "Aline de P\u00e9tigny": "Q2837046", "Nathalie Novi": "Q76430250", "Irmgard Hochgatterer": "Q100705093", "\u00c5se Ombustvedt": "Q104767338", "Antonia Neyrins": "Q2857085", "Claire Gratias": "Q18214841", "Yuri Kohama": "Q49905615", "Isabelle Carrier": "Q84510342", "\u10da\u10d4\u10da\u10d0 \u10ea\u10e3\u10ea\u10e5\u10d8\u10e0\u10d8\u10eb\u10d4": "Q103846075", "V\u00e9ronique Delamarre Bell\u00e9go": "Q104538786", "Anneriek van Heugten": "Q2018263", "Ren\u00e1ta Fu\u010d\u00edkov\u00e1": "Q47455113", "Barbara Gregori\u010d Gorenc": "Q12785478", "Willeke Brouwer": "Q46710030", "Svetlana Lavrova": "Q4252237", "Sylvie Baussier": "Q104463078", "Corinne Dreyfuss": "Q84902700", "Nicolle Christiaanse": "Q2420480", "Mireille Geus": "Q2213686", "Rita Falk": "Q1709195", "Mojiceja Podgor\u0161ek": "Q17351103", "Murielle Szac": "Q3328148", "Nava Mekamel Atir": "Q97913784", "Agn\u00e8s de Lestrade": "Q37793183", "Margalit Ashush": "Q60500644", "Val\u00e9rie Dumas": "Q96105754", "Mary Kay Carson": "Q97730859", "Karen-Susan Fessel": "Q106873", "Jan Fearnley": "Q3161657", "Ana Garral\u00f3n": "Q5392060", "Ang\u00e9lique Villeneuve": "Q21704940", "Martine Perrin": "Q28952255", "Jun Fujie": "Q47220185", "Yukari Takami": "Q64584908", "\u5343\u8449\u670b\u4ee3": "Q66309965", "Lisa Suhay": "Q6558443", "Lani Yamamoto": "Q18176391", "Mar\u00eda Antonia Zaragoza": "Q20016701", "Branka Hubman": "Q12786352", "Soledad Bravi": "Q20730515", "K\u00e9th\u00e9vane Davrichewy": "Q3201139", "Marie-Catherine Daniel": "Q42714415", "Anita Leskovec": "Q11023834", "Christine Destours": "Q73354516", "Isabelle Rossignol": "Q3155025", "Farida Al-Masry": "Q22930226", "Jeanne-A Debats": "Q3175918", "Jo\u00eblle Jolivet": "Q3187502", "Manon Sikkel": "Q2392085", "Ingunn R\u00f8yset": "Q12715684", "Pascale Ferroul": "Q27758875", "Barbara Garlaschelli": "Q3634631", "Agn\u00e8s Laroche": "Q16525468", "Kseniya Dragunskaya": "Q4167538", "Sylvie-Catherine De Vailly": "Q3507256", "Komako Sakai": "Q11644286", "Henriette Boerendans": "Q48803343", "Christine Finke": "Q64018761", "Rinat Hoffer": "Q97924765", "Anne Moreau-Vagnon": "Q4281", "Katie Velghe": "Q2358983", "Beata Ostrowicka": "Q9168079", "Ana Lee": "Q21096804", "Julia Boehme": "Q26220522", "Sha\u00efne Cassim": "Q28872734", "Beata Andrzejczuk": "Q9168006", "Irene Marienborg": "Q33114016", "Dorothea Kurteu": "Q100705106", "Anne Cortey": "Q21704877", "Robyn Opie": "Q62153138", "Anneli Klepp": "Q11958321", "Marguerite Rossignol": "Q51846645", "Jackeline De Barros": "Q5924357", "Dean Krupskaya": "Q4242271", "Susanne Grasl": "Q100705083", "\u4e2d\u5c71\u8056\u5b50": "Q56879968", "Nadia Budde": "Q1494602", "Mariana Chiesa Mateos": "Q1722830", "Anna van Praag": "Q1876905", "Francesca Ferri": "Q3080865", "\u00c5sa Ros\u00e9n": "Q20732190", "Tsila Zan-bar Tsur": "Q97916875", "Vesela Flamburari": "Q12275127", "Jolanda Horsten": "Q47002708", "Nathalie Choux": "Q78482915", "Wieke van Oordt": "Q18089048", "Karin Serres": "Q100138241", "Katarina von Bredow": "Q433905", "Isabel Abedi": "Q97228", "Andreja Vukmir": "Q17395327", "Nicoletta Bortolotti": "Q46257135", "Riikka Ala-Harja": "Q11890711", "Anne Brouillard": "Q15781671", "Leuntje Aarnoutse": "Q2674863", "Isabelle Lecomte": "Q3154963", "\u0422\u0430\u0442\u044c\u044f\u043d\u0430 \u0413\u0435\u043d\u043d\u0430\u0434\u0438\u0435\u0432\u043d\u0430 \u0420\u0438\u043a": "Q4394619", "Hermine Landvreugd": "Q2366178", "Zdenka Obal": "Q12806558", "Yvonne Jagtenberg": "Q39380553", "Susana Vallejo": "Q11950565", "Ingun Christensen": "Q21009708", "yumi okazawa": "Q48665068", "Chizuru Mio": "Q50201419", "H\u00e9l\u00e8ne Vignal": "Q51441219", "Nada Matta": "Q96471637", "Isabelle Desesquelles": "Q3154906", "Tatsyana Dashkevich": "Q4155494", "Isabelle Pandazopoulos": "Q62592763", "Tove Berggren": "Q64904917", "Christine Avel": "Q67218427", "Angelika Diem": "Q100531071", "Patricia Bourque": "Q3369079", "Caroline Terr\u00e9e": "Q2940065", "Tanja de Jonge": "Q2784495", "Mojca Opresnik": "Q12796968", "\u041b\u0435\u043d\u043a\u043e\u0432\u0441\u043a\u0430\u044f, \u0415\u043b\u0435\u043d\u0430 \u042d\u0434\u0443\u0430\u0440\u0434\u043e\u0432\u043d\u0430": "Q18245003", "Claire D\u00e9": "Q81815457", "Naama Benziman": "Q97924383", "Babette van Veen": "Q797662", "Charlotte Meurisse": "Q2961001", "Lihi Lapid": "Q6700184", "Isabelle Larouche": "Q3154959", "Marion Raynaud de Prigny": "Q2365253", "Jo Witek": "Q8332352", "Camille Lang\u00e9": "Q2934975", "Ingjerd Hansen Juvik": "Q21794507", "Eva \u0160kofi\u010d Maurer": "Q12788612", "Petra Pories": "Q100705130", "Florence Aubry": "Q3073925", "Magda Botteri Lequemaqu\u00e9": "Q5479486", "Agn\u00e8s Grimaud": "Q2826989", "Doroth\u00e9e Piatek": "Q3037212", "Pascale Petit": "Q3367703", "Danielle Boulianne": "Q16546043", "Agnieszka Fr\u0105czek": "Q19267074", "Natalia Usenko": "Q19269022", "Malin Stehn": "Q19380918", "Natacha Andriamirado": "Q106948466", "Liesbeth van Binsbergen": "Q2351157", "Fr\u00e9d\u00e9rique Bertrand": "Q3090353", "Sandrine Gestin": "Q3471994", "Sonia K. Laflamme": "Q3490430", "Cathrine Bakke Bolin": "Q62024354", "Jana Frey": "Q88221", "Alice de Poncheville": "Q90964631", "Din\u00e4 Sabiteva": "Q4403514", "H\u00e9l\u00e8ne Riff": "Q41558127", "Ver\u00f3nica Leite": "Q18286717", "Pascale Perrier": "Q104538440", "Natasza Tardio": "Q18655337", "Barbara Abel": "Q16009958", "Manon Berns": "Q63616396", "S\u00e9verine Vidal": "Q3511478", "Rachel Corenblit": "Q3416082", "Aline Ahond": "Q2837019", "Nathalie Le Gendre": "Q3336623", "M.B. Brozon": "Q9026256", "Justyna Bednarek": "Q28791944", "Anne Crausaz": "Q51315104", "Jana J\u00fcr\u00df": "Q1167471", "St\u00e9phanie Paquin": "Q3502208", "V\u00e9ronique Massenot": "Q3564336", "Rapha\u00eble Frier": "Q62057235", "Ann-Charlotte Ekensten": "Q20731420", "Janka Lee Leis": "Q16407366", "Katarzyna Wasilkowska": "Q28057771", "Amaia C\u00eda Abascal": "Q18719539", "Oph\u00e9lie Texier": "Q3354169", "Anne-Caroline Pandolfo": "Q99533064", "Nata\u0161a Konc Lorenzutti": "Q12797331", "Lolita Bosch": "Q9023554", "\u00c9lodie Nouhen": "Q106645282", "Tatiana Saprykin": "Q4408154", "Emma F\u00e4ldt": "Q61975442", "Ma\u00eft\u00e9 Bernard": "Q3303423", "Sanja Pregl": "Q12800742", "Dara Korniy": "Q12099537", "\u00c9lise Fugler": "Q3587947", "Maureen Dor": "Q1911197", "Anne Percin": "Q2851229", "\u00c9laine Turgeon": "Q3586233", "M\u00e9lusine Vaglio": "Q3333002", "Dana Meachen Rau": "Q63441224", "Nathalie Stragier": "Q96622191", "Nina Pinto-Abecasis": "Q97914836", "Marleen Nelen": "Q2891331", "Mamen S\u00e1nchez": "Q18397891", "Michaela Klimkov\u00e1": "Q21041943", "Dani\u00eblle Schothorst": "Q48805831", "Liliana Fabisi\u0144ska": "Q11756799", "Ingrid Bilardie": "Q3166520", "Christine Pomp\u00e9\u00ef": "Q23926408", "Mervi Lindman": "Q58339163", "Delphine Chedru": "Q95597594", "Anne-Laure Bondoux": "Q515945", "Sam Lloyd": "Q69030963", "Martine Latulippe": "Q3295788", "\u00c0ngels Bassas Giron\u00e8s": "Q17028769", "R\u00e9becca Dautremer": "Q2889506", "Virginie Hanna": "Q3560740", "Lenia Major": "Q3229460", "Virginie Aladjidi": "Q55996859", "Caroline Pellissier": "Q80633315", "Marjon Hoffman": "Q2207396", "Lisa Bresner": "Q3242379", "Carole Fives": "Q2939885", "Line Kyed Knudsen": "Q64514141", "Lynda Corazza": "Q95213708", "Magali S\u00e9gura": "Q3276520", "Claire Cantais": "Q51162853", "St\u00e9phanie Demasse-Pottier": "Q95598015", "Sigrid Baffert": "Q3483728", "\u00c9lodie Tirel": "Q3588016", "Orianne Lallemand": "Q89504255", "Iris Boter": "Q2332552", "Nina Kokelj": "Q12797503", "Anne Sofie Hammer": "Q30156311", "Janik Coat": "Q95598019", "Katja Retsin": "Q3068791", "Jeska Verstegen": "Q2429791", "Sanne de Bakker": "Q2796687", "Olivia Cosneau": "Q95595935", "H\u00e9l\u00e8ne Rice": "Q96483894", "No\u00eblle Smit": "Q2238422", "Chiara Mezzalama": "Q101449665", "\u0418\u0449\u0443\u043a \u0418\u043d\u043d\u0430 \u0410\u043d\u0430\u0442\u043e\u043b\u044c\u0435\u0432\u043d\u0430": "Q4205756", "\u0160pela Kuclar": "Q12807293", "Fiona Rempt": "Q2112359", "Ana\u00efs Vaugelade": "Q2845716", "Carole Saturno": "Q2939917", "Sophie Van der Linden": "Q3491059", "Netta Walld\u00e9n": "Q11884228", "Anne Crahay": "Q57832967", "H\u00e9l\u00e8ne Beney": "Q59039388", "Rachel A. Koestler-Grack": "Q75975954", "Carine Tardieu": "Q2938811", "Lalex": "Q3216521", "Florentine Joop": "Q6487185", "Carole Tr\u00e9bor": "Q20807818", "Charlotte Bousquet": "Q2960949", "Sybille Marchetto": "Q36696982", "Mel Wallis de Vries": "Q1883647", "Gunvor Ganer Krejberg": "Q58000915", "Indra Hu-Ramdas": "Q41353517", "Anne Letuffe": "Q84903650", "Victoria Farkas": "Q3343064", "C\u00e9cile Gambini": "Q78319823", "Suzanne Buis": "Q5375170", "Jana \u0160v\u00fdcarov\u00e1": "Q95083021", "Emmanuelle de Saint Chamas": "Q3052992", "Anna Czerwi\u0144ska-Rydel": "Q9155105", "Lucia Panzieri": "Q3838470", "Orianne Charpentier": "Q3356264", "Laura \u00c1vila": "Q59865362", "M\u00e9lanie Rutten": "Q80860687", "Delphine Bournay": "Q48761061", "Karine Reysset": "Q18636924", "Fabienne Blanchut": "Q3063678", "Janneke Schotveld": "Q2118292", "Charlotte Gastaut": "Q57517178", "Ioana Nicolaie": "Q1097662", "Mateja Perpar": "Q17351100", "Marie Pavlenko": "Q21458585", "Fanny Chiarello": "Q3066448", "Pauline Casters": "Q17636491", "Irena Velikonja": "Q18507948", "Joelle Charbonneau": "Q17417906", "Joukje Akveld": "Q47465620", "Floortje Zwigtman": "Q477847", "Aur\u00e9lia Grandin": "Q2871972", "Lilas Nord": "Q3240772", "Annette Saugestad Helland": "Q17096497", "Camilla Kuhn": "Q11963031", "Tania Boulet": "Q3515168", "Ebba Berg": "Q73607911", "Renata An\u017ei\u010d Trtnik": "Q12800070", "Niki Smit": "Q3393044", "Ingvild Nielsen": "Q54888102", "C\u00e9line Aversenq": "Q3010131", "Chiaki Miyamoto": "Q16539080", "Raquel de la Morena": "Q6100520", "Ayse Koca": "Q55085015", "Jana Bauer": "Q17349276", "G\u00e9raldine Collet": "Q95597610", "Anne Herbauts": "Q30728854", "Mariana Furiasse": "Q5997429", "Ilya Green": "Q23926396", "Magali Bonniol": "Q95472058", "Marion Brunet": "Q58423987", "Elin \u00e1 R\u00f3gvi": "Q16596733", "\u00c9milie Fr\u00e8che": "Q3588853", "Anne Defr\u00e9ville": "Q84697752", "Nathalie Loignon": "Q3336629", "Ekaterina Matyushkina": "Q4285498", "Aleksandra Pinteri\u010d": "Q12784221", "Charlotte Sj\u00f6strand": "Q2961012", "Veera Salmi": "Q18706464", "India Desjardins": "Q3150062", "Tamar\u200f Meir": "Q64830968", "Jana Pr\u016f\u0161ov\u00e1": "Q95178592", "Chlo\u00e9 Cruchaudet": "Q16855030", "Noemi Lernpeiss": "Q100705110", "Marion Achard": "Q3293605", "Claire Renaud": "Q85173600", "Agn\u00e8s Debacker": "Q98593610", "Katrin Stangl": "Q1736754", "\u00c9velyne Gauthier": "Q3592773", "Sophie Rondeau": "Q11457687", "Ilona Fi\u0161erov\u00e1": "Q26202558", "C\u00e9line Ripoll": "Q97319301", "Ingrid Ulst": "Q20933587", "Lidia Mi\u015b": "Q11756561", "Gracia Iglesias Lodares": "Q5883903", "Sanne Parlevliet": "Q2731216", "Veronique Van den Abeele": "Q97290662", "Daniela Meisel": "Q96034977", "Lucie Albon": "Q3265239", "Anna Shinoda": "Q2850605", "Nadine Descheneaux": "Q16666025", "Katie Davies": "Q10544363", "Marion Muller-Colard": "Q18744892", "\u00c9milie Vast": "Q39875458", "Julie Pearson": "Q55725533", "Audrey Poussier": "Q81215457", "Anne Schmauch": "Q95386821", "Molly Aloian": "Q98804864", "Cl\u00e9mence Sabbagh": "Q106937565", "Anja Klauss": "Q99477505", "Viviane Eisold": "Q100510027", "Esthelle Vidard": "Q104887493", "Willemijn de Weerd": "Q54946022", "Moran Eizenshtein": "Q6643839", "\u00c9l\u00e9onore Zuber": "Q3588131", "G\u00e9raldine Alibeu": "Q59588059", "Karine Dj\u00e9bari": "Q20961879", "Estelle Faye": "Q17350578", "Katharina Maria Huber": "Q100534766", "Mar\u00eda Canosa": "Q12393029", "Ingrid Chabbert": "Q47005943", "Maya Barne'a Goldberg": "Q97769499", "Victoria Bayona": "Q16297692", "Sylvia van Ommen": "Q47516371", "Annelise Heurtier": "Q16527118", "Julie Pellerin": "Q16647529", "Malin Eriksson": "Q55387677", "Magali Le Huche": "Q66585283", "Alice Bri\u00e8re-Haquet": "Q46473493", "\u0422\u0430\u043c\u0430\u0440\u0430 \u041c\u0438\u0445\u0435\u0435\u0432\u0430": "Q16704427", "Laure du Fa\u00ff": "Q95598394", "Nina Elisabeth Gr\u00f8ntvedt": "Q11991536", "Anna Nikolskaya-Ekseli": "Q4320821", "Adrienne Barman": "Q56314044", "Iryna Potanina": "Q4374583", "Danila \u017dor\u017e": "Q12787292", "Nadia Coste": "Q23926361", "\u0415\u043c\u0435\u043b\u044c\u044f\u043d\u043e\u0432\u0430 \u041e\u043b\u0435\u0441\u044f \u0412\u043b\u0430\u0434\u0438\u043c\u0438\u0440\u043e\u0432\u043d\u0430": "Q4175426", "Julia Pawlowicz": "Q15407239", "Aur\u00e9lie Wellenstein": "Q42558607", "Sanna Mander": "Q50386442", "B\u00e9reng\u00e8re Cournut": "Q67089108", "Katerina Gorelik": "Q95665939", "Kristin Siebert": "Q101002715", "Tiina Kilkson": "Q24545727", "Maja Furman": "Q106374893", "Delphine Perret": "Q47516309", "Gwladys Constant": "Q95736950", "Randi Fuglehaug": "Q17060701", "Magda Lojk": "Q12795420", "Carmen Pacheco": "Q5752615", "Malika Chaara": "Q5332925", "Audrey Fran\u00e7aix": "Q2870845", "B. F. Parry": "Q19958526", "Janniche Hilleren": "Q28587369", "Marie Colot": "Q64617477", "Flore Vesco": "Q96020632", "Bettina Huchler": "Q84045953", "\u042e\u043b\u0438\u044f \u041a\u0443\u0437\u043d\u0435\u0446\u043e\u0432\u0430": "Q98479333", "Jessica Mendels": "Q19318492", "Saskia Maaskant": "Q16069174", "Oana Mujea": "Q12736994", "Eveline Bergwerf": "Q2201454", "Alenka Lena Klop\u010di\u010d": "Q17411823", "JM Bonnel": "Q3156924", "\u015aari \u1e7ealakh": "Q55647500", "Aleksandra Mizielinska": "Q64066645", "Heli Rantala": "Q100774104", "Anna Johansson": "Q104087764", "Louise Roholte": "Q30156409", "Catherine Cuenca": "Q2941864", "Emelie \u00d6stergren": "Q19946489", "Michal Haktana": "Q6637436", "Tuuli Hyp\u00e9n": "Q74563254", "Anna Boulanger": "Q80959416", "Nejka Omahen": "Q18643024", "\u00c9milie Chazerand": "Q95386356", "Monika Steinholm": "Q28718038", "Malina Prze\u015bluga": "Q16321177", "\u0412\u0430\u043b\u0435\u043d\u0442\u0438\u043d\u0430 \u0420\u043e\u0441\u0442\u0438\u0441\u043b\u0430\u0432\u043e\u0432\u043d\u0430 \u0412\u0437\u0434\u0443\u043b\u044c\u0441\u043a\u0430\u044f": "Q28701961", "Kallie George": "Q105485574", "Pauline Kalioujny": "Q63862213", "Anne-Margot Ramstein": "Q53564631", "Julie Lannes": "Q96676841", "Ana\u00efs Brunet": "Q101449512", "Marjolaine Leray": "Q58424589", "Uxue Alberdi": "Q12268791", "Sanne Vogel": "Q2321845", "Kari Smeland": "Q12716025", "Charlotte des Ligneris": "Q2961033", "Patricia Garc\u00eda-Rojo": "Q16941786", "Emmanuelle Richard": "Q47463778", "S\u00e8ve Ma\u00ebl": "Q3509895", "Camilla Linde": "Q105486516", "Ingunn Thon": "Q11977275", "Fanny Pageaud": "Q101069129", "Lucie Pierrat-Pajot": "Q61719396", "Mel Gosselin": "Q19630446", "Maresa Jacobse": "Q13814722", "Cl\u00e9lie Avit": "Q61372540", "Nastasia Rugani": "Q101069152", "Oriane Lassus": "Q48759483", "Sanna Lar\u00e9n": "Q83489271", "Klara Teresa Horvath": "Q100705094", "Kathrine Olsen Nedrejord": "Q24009638", "Manon Fargetton": "Q23926264", "Noora Kunnas": "Q104501967", "Jasna Furlan": "Q18359326", "\u4e18\u7d2b\u771f\u7483": "Q50409322", "Maren Stoffels": "Q2393197", "Anik\u00f3 W\u00e9ber": "Q98456133", "Marion Fayolle": "Q19955793", "Samantha Bailly": "Q3470614", "Anne Montel": "Q19629711", "Cl\u00e9mentine Beauvais": "Q30728431", "Maria Margaretha Horvath": "Q100705096", "Julia Th\u00e9venot": "Q95470899", "Marine Schneider": "Q92675909", "Anna Aparicio Catal\u00e0": "Q103683282", "Francesca Sanna": "Q104641597", "Marie Caillet": "Q3292410", "Laia Soler i Torrente": "Q52696390", "Ana Pomares Mart\u00ednez": "Q5674043", "Neda Alaei": "Q104829589", "Alyssa Pierce": "Q4738774", "Jill Schirnhofer": "Q21130057", "Linnea Sterte": "Q84693710", "Esm\u00e9 Planchon": "Q63232022", "Laura Nsafou": "Q59587839", "E.E. Richardson": "Q26835748", "Ursula Kissel": "Q99620174", "Louise Dale": "Q16206843", "Raymonde Vandekerkhove": "Q2021218", "Danielle Dergent": "Q2203903", "Caro King": "Q2476152", "Nancy Stouffer": "Q4356387", "Catherine Gower": "Q4950580", "Giselle Potter": "Q4973371", "Carrie Austen": "Q5046200", "Catherine S. Snodgrass": "Q5052904", "Sienna Mercer": "Q5402153", "Holly Hartman": "Q5882026", "Ara Ant\u00f3n": "Q8202909", "Judy Allen": "Q11867320", "Silja Kiehel\u00e4": "Q11893468", "Usha Yadav": "Q12431086", "\u03a6\u03c9\u03c4\u03b5\u03b9\u03bd\u03ae \u03a6\u03c1\u03b1\u03b3\u03ba\u03bf\u03cd\u03bb\u03b7": "Q12885922", "\u8eca\u4eba": "Q15904772", "Rim Kun-tan": "Q16672811", "Helena Bechler": "Q19267957", "Lia Neiva": "Q20048690", "Angela Halgrimson": "Q21063411", "Pervin Saket": "Q23664418", "Ajaleetora Neog": "Q25681895", "Irena Klimkov\u00e1": "Q36015372", "Jennifer Moore-Mallinos": "Q47062242", "Meinir Wyn Edwards": "Q47123196", "Karen Louise": "Q47841202", "\u7530\u4e2d\u826f\u5b50": "Q50409374", "\u4e57\u677e\u8449\u5b50": "Q50808789", "Jessie Hartland": "Q54508083", "Mary Steele": "Q54568677", "Johanna Bell": "Q54569127", "Tessie Solin\u00eds Casparius": "Q54834320", "Mila Nox": "Q55104592", "Chrissie Gittins": "Q55237148", "C\u00e9cile Alix": "Q55974433", "Susanna Schmid-Germann": "Q56465295", "Sophie Lamoureux": "Q58424409", "Rahat Aysha": "Q58848230", "Sharlee Glenn": "Q60182872", "Blandina Franco": "Q61732054", "Marie Dorl\u00e9ans": "Q62836206", "Marja Baeten": "Q63062799", "Martine Schaap": "Q63172898", "Mary Cronk Farrell": "Q64011271", "Laura H. Rosenberger": "Q64416035", "Susan Schade": "Q64690467", "\u5ca1\u7530\u65e5\u51fa\u5b50": "Q65265375", "Helen Williams": "Q69276567", "Michelle Montmoulineix": "Q71703925", "Michelle Koch": "Q75155615", "Margaret J. Goldstein": "Q76002949", "Carol Hand": "Q76139238", "Carolina Bongers": "Q79047935", "Lya Tourn": "Q81210402", "Chantal Grosl\u00e9ziat": "Q81793433", "Harriet Brundle": "Q85533311", "Linda Erics": "Q86741662", "Delma Rogoor": "Q86829560", "Marie Rogers": "Q87816081", "Marie Roesser": "Q88380225", "Gillia M. Olson": "Q88464475", "Rebecca E. Hirsch": "Q88465937", "Laura Hamilton Waxman": "Q88582572", "Meg McKinlay": "Q89061445", "Anna Wagenhoff": "Q89485945", "Nicole Sipe": "Q89801978", "Ann Bausum": "Q93447178", "Kyung Eun Han": "Q93448448", "Czeena Devera": "Q93448980", "Annabelle Fati": "Q95386346", "Jacqueline du Fa\u00ff": "Q95598700", "Camille Seydoux": "Q95638804", "Davina Bell": "Q95667595", "Janet Hardy-Gould": "Q96906333", "Fran\u00e7oise Kerisel": "Q97319224", "Girija Manjari Padhi": "Q97705180", "ester peled": "Q97766739", "Tammar Mor Sela": "Q97767706", "Dafna Ben-Zvi": "Q97924350", "Amy Briggs": "Q98804018", "Rachel Stubbs": "Q99557606", "Hilde von Baravalle": "Q100424665", "Ernestine Berger": "Q100424668", "Erna Scholz": "Q100493879", "Anny Finger": "Q100532509", "Maria Haller": "Q100594785", "Margret Horn": "Q100594788", "Maria Lederer": "Q100594790", "Helen Mikra": "Q100594791", "Nelly Goebel": "Q100606003", "Gerta Usenitschnik": "Q100684834", "Fanny Petritsch": "Q100699673", "Helga Schlacher": "Q100699805", "E. A. Treffler": "Q100700698", "Annie Grabner": "Q100705010", "Friederike Tschiedel": "Q100705041", "Ida Meilling-Schaider": "Q100705113", "Juliane Meyn": "Q100705115", "Grete Natz": "Q100705119", "Annemarie Neubacher": "Q100705120", "Marie Anna Neumann": "Q100705121", "Franziska Nowotny": "Q100705123", "Sonja Pfeisinger": "Q100705127", "Marie Therese Zehetner": "Q100705154", "Marie Stadlmayer": "Q100706647", "Therese Ungersthaler": "Q100706661", "Sonja Wei\u00dfmann": "Q100706666", "Violet Miller": "Q101438710", "Heather Marshall": "Q104173617", "Celia Manson": "Q104173626", "Sophie Schmid": "Q104772456", "St\u00e9phanie Roth Sisson": "Q105232647", "Nadia Higgins": "Q106138504", "Martha E. H. Rustad": "Q106140394", "Bridget Heos": "Q106164510", "Raisa Vasiljeva": "Q106323817", "Albertine Abenheim": "Q106352835", "Jyotirmayee mohanty": "Q106388467", "Ruth Owen": "Q106397001", "\u00c1ine Murray": "Q106406653", "Milena Bergquist": "Q106603466", "Minakshi Devi": "Q106625105", "Michelle Lomberg": "Q106634885", "Lim Ji Hyoung": "Q106726003", "Tina Dybvik": "Q106729243", "Anita Yasuda": "Q106809760", "Sarah Wassner Flynn": "Q106831081", "Josefina Hepp": "Q106839131", "Lori Hile": "Q106977616"}