{"Zsuzsa B Pap": "Q91741493", "Agnes Wilhelmine Petr\u00e6a Auguste Nielsen": "Q62079246", "Matsusu Horimi": "Q11427752", "Natalia Artemy Martirosyan": "Q20510396", "Esther Bunge": "Q106079638", "Georgiana H. Peeney": "Q108143368", "\u0406\u0440\u044b\u043d\u0430 \u0422\u0430\u0442\u044d\u043e\u0441\u0430\u045e\u043d\u0430 \u0425\u0430\u0447\u0430\u0442\u0440\u0430\u043d\u0446": "Q84230433", "Christina Schultheiss": "Q60616896", "\u0421\u043e\u0444\u2019\u044f \u0413\u0435\u043e\u0440\u0433\u0456\u0435\u045e\u043d\u0430 \u041c\u0430\u0439\u0441\u0435\u0435\u0432\u0430": "Q97483707", "\u0422\u0430\u0446\u0446\u044f\u043d\u0430 \u0406\u0432\u0430\u043d\u0430\u045e\u043d\u0430 \u041a\u0443\u0437\u044c\u043c\u0435\u043d\u043a\u0430": "Q96987340", "Leda Speziale San Vicente": "Q28967425", "Ayten Ayd\u0131n": "Q4831739", "\u0417\u0430\u0437\u0438\u043c\u043a\u043e \u0412\u0430\u043b\u0435\u0440\u0456\u044f \u0413\u0435\u043e\u0440\u0433\u0456\u0457\u0432\u043d\u0430": "Q97183633", "Metka Gabrijel\u010di\u010d": "Q11111233", "Eva T\u00e1lsk\u00e1": "Q112425159", "Barbara Szudrowicz": "Q102317080", "Antaln\u00e9 Medvetzky": "Q112154717", "M\u00e1rta Kurutzn\u00e9 Kov\u00e1cs": "Q1122320", "Narayani Narasimhan": "Q110623455", "\u0421\u0432\u044f\u0442\u043b\u0430\u043d\u0430 \u041c\u0430\u043c\u0435\u0434\u0430\u045e\u043d\u0430 \u0410\u0441\u043a\u0456\u0440\u0430\u0432\u0430": "Q114299934", "Maria del Carmen": "Q10325806", "Mireya Soriano": "Q17622560", "Svetlana On\u010devska-Petkovska": "Q55167127", "Barbara Goszczy\u0144ska": "Q65182041", "Hana Krej\u010di\u0159\u00edkov\u00e1": "Q95077114", "Zinaida Dudzyuk": "Q13030896", "Carmen de Andr\u00e9s Conde": "Q28735570", "Alena Kohoutkov\u00e1": "Q46135755", "Maria de Lourdes Florencio dos Santos": "Q125245091", "Nelly Wenger": "Q3337934", "Margarida Coimbra do Nascimento": "Q10325597", "Magda Chambriard": "Q16337823", "Zita Mih\u00e1ly": "Q64492699", "Sarah Fray": "Q108801038", "Andrea Osburg": "Q113360498", "Naznin Shaikh Muhammed": "Q96118750", "Gigliola Ausiello": "Q114764969", "Anna Halicka": "Q65458546", "Marianna Zito": "Q115788750", "Margherita Fiani": "Q111783759", "Jos\u00e9e Bastien": "Q73665995", "Kerstin Metzner": "Q29863045", "Y\u014d Sasaki": "Q112238564", "\u00c9va Szendr\u00e9nyi": "Q114439911", "Eva Matern": "Q56024337", "Ornella Fiandaca": "Q114771115", "Mar\u00eda de los \u00c1ngeles Higonet": "Q18711928", "Claudia Comi": "Q60185172", "Elke Genzel": "Q124854338", "Flavia de San Juan Laragnoit": "Q109759396", "Belinda Oldfield": "Q107190996", "Miloslava Po\u0161v\u00e1\u0159ov\u00e1": "Q17166560", "Cristina Zanini Barzaghi": "Q85678201", "\u0623\u0632\u0647\u0627\u0631 \u062d\u0633\u064a\u0646 \u0635\u0627\u0644\u062d": "Q97621799", "Amelia Regan": "Q102415063", "Katrin Ventsel": "Q125843600", "Ulrike Sturm": "Q73020763", "Cinzia Buratti": "Q59192108", "Ippolita Mecca": "Q114771219", "Maria Carmela Bruno": "Q112234862", "Carla Eboli": "Q112335904", "Ellen Regina Capistrano Martins": "Q113422973", "Claudia Casapulla": "Q110491594", "Annette Hafner": "Q124846122", "Veronica Galletta": "Q109364324", "Maria Luisa De Guglielmo": "Q112333962", "Tiziana Basiric\u00f2": "Q115102441", "Maria Bostenaru Dan": "Q59260414", "Jennifer Christine Adam": "Q111435914", "Chiara Montanari": "Q111588450", "Caroline Riegel": "Q117707712", "Izabela Major": "Q95321764", "Birgit Milius": "Q125197957", "Wiebke Baille": "Q57951985", "Mar\u00eda Celeste Torrijos": "Q105141760", "Immacolata Tolone": "Q112625948", "Eva Vejmelkov\u00e1": "Q97411918", "Katrin Beyer": "Q109120579", "Maria Antonietta Conti": "Q112263924", "Federica Sandrone": "Q113127957", "D\u00f3ra Laky": "Q83168499", "Joanna Boguniewicz-Zablocka": "Q89816621", "Mar\u00eda Canosa": "Q12393029", "Fiammetta Venuti": "Q110714036", "Desir\u00e9e Tullos": "Q107297315", "Barbara Kucharczykov\u00e1": "Q61598270", "Roberta Di Pace": "Q111739196", "Daniela Molinari": "Q60061797", "Barbara Horvat": "Q91037635", "Anna Ku\u010derov\u00e1": "Q95445524", "Maria Teresa Giugliano": "Q112579435", "Bojana V. Rosi\u0107": "Q102411056", "Ilaria Falcone": "Q112224645", "Alena Zemanov\u00e1": "Q92128262", "Bahar Dada\u015fova": "Q55203531", "Dalila Vescovi": "Q82387580", "Alessandra Cesaro": "Q91821306", "Chiara Pepi": "Q103266568", "Daouia Mezghache": "Q112206664", "Alessia Monaco": "Q110714277", "Milena Paola Quiroga Romero": "Q118591900", "Francesca Fantoni": "Q64012271", "Agostina Orefice": "Q112596828", "Natalie Rohner": "Q84992684", "Inka Mai": "Q89978244", "Monika Kubzov\u00e1": "Q93103018", "Dari Miranda": "Q109982157", "Cec\u00edlia Chamutota": "Q111893377", "Bernadett Bakos": "Q111671131", "Evelin Mello da Costa": "Q113422991", "Alexa Micklem": "Q75478471", "Maria Lina": "Q107701311", "Sigrid Wenzel": "Q21264660", "Amena Karimyan": "Q110063125", "Becky Baltz": "Q4878801", "Jenny Thiemicke": "Q45907685", "Jessica A. Kaminsky": "Q47159021", "Amy L. Stuart": "Q51039450", "Annie Sinha Roy": "Q53121133", "Maria Gra\u00e7a Neves": "Q55174398", "Fiona M. Johnson": "Q56573358", "Aldina Santiago": "Q57534383", "Vladimira Michalcova": "Q57546382", "Katherine Anne Daniell": "Q57899176", "Marjolijn Haasnoot": "Q58209156", "Esmeralda Paup\u00e9rio": "Q58235362", "Lucy Marshall": "Q58418825", "Anna Lintern": "Q58671236", "Fatemeh Jalayer": "Q58693104", "Paulina Faria": "Q59282307", "Uneiza Ali Issufo": "Q59296552", "Virginia Stovin": "Q60021970", "Angela R Bielefeldt": "Q60485024", "Cristina Costa": "Q60639745", "Francesca Verga": "Q60736340", "Chiara Biscarini": "Q61014924", "Helena M. Ramos": "Q61829987", "Sabrina Stock": "Q62760217", "Sophie Ngassa Fon Nsoh": "Q63860008", "Maria Manuela Portela": "Q64596859", "Elnaz Esmaeilzadeh Seylabi": "Q67398481", "Jenna Davis": "Q67941603", "Renate Fruchter": "Q67942708", "Pampa Dey": "Q73674092", "Kara Nelson": "Q78703483", "Maria Lucia Calijuri": "Q83023870", "Serena Andreotti": "Q87591555", "Antonella D'Alessandro": "Q88011392", "Coralie Cauwerts": "Q88232720", "Lidia Fija\u0142kowska-Lichwa": "Q88688433", "Aneta Herbut": "Q89575064", "Anna Ho\u0142a": "Q89861779", "Lenka Ingrisova": "Q90382419", "Sarah Fletcher": "Q90408090", "Vilma Ducman": "Q91037638", "Rebecca Smith": "Q91662170", "Marta Kadela": "Q91961940", "Mateja Klun": "Q93103232", "Sarah L. Billington": "Q95001341", "Anna De Falco": "Q96124808", "Ana B\u00e1rbara de Ara\u00fajo Nunes": "Q96470892", "Susan M. Bolton": "Q98973944", "Amy A. Kim": "Q102133283", "Valentina Chiarello": "Q102560927", "Catherine Gorle": "Q105087557", "Maria V. Ardila-Coulson": "Q105823777", "Bita Astaneh Asl": "Q106318724", "Laura Cuevas Bulnes": "Q108330620", "Estee S. Pinchasin": "Q108532492", "Martina Caruso": "Q109121322", "Chiara Bernardini": "Q109323458", "Natalya Boujenko": "Q110405640", "Catherine Walshe": "Q111167660", "Elisabeth M\u00f6dden": "Q111281788", "Karen S Henry": "Q111435874", "Erica Wygonik": "Q111435971", "Jennifer K Diercksen": "Q111436087", "Abigail B Christman": "Q111436122", "Jennifer Rae Kersh": "Q111436190", "Emanuela De Feo": "Q111695739", "Chiara Fiori": "Q111784601", "Francesca Bruno": "Q111850174", "Giovanna De Chiara": "Q112074560", "Angela Napoli": "Q112111013", "Elena Belozerova": "Q112119372", "Maria Giordano": "Q112121516", "Alessandra Marra": "Q112125447", "Alessandra Longo": "Q112128311", "Livia Arena": "Q112133085", "Sara Antinozzi": "Q112155966", "Marialaura Bancheri": "Q112161528", "Mariia Leonteva": "Q112222357", "Carolina Carluccio": "Q112246461", "Maria Carotenuto": "Q112263241", "Emanuela D'Andria": "Q112306286", "Marina D'Antimo": "Q112306335", "Elena Elettore": "Q112335546", "Cristina Elia": "Q112336174", "Antonella Bianca Francavilla": "Q112529596", "Alessandra Landi": "Q112595368", "Mariangela Viceconte": "Q112623648", "Marina Troisi": "Q112650010", "Stefania Trezza": "Q112650503", "Filomena Nuccio": "Q112660038", "Nicoletta Nappo": "Q112660801", "Chiara Romano": "Q112668060", "Antonella Roselli": "Q112676982", "Daniela Salerno": "Q112684386", "Antonietta Santolia": "Q112685161", "Carmen Sguazzo": "Q112709569", "Alessandra Sessa": "Q112709808", "Martina Schnellenbach-Held": "Q113299793", "Rosa Viparelli": "Q114756165", "Beverley F. Ronalds": "Q115476931", "Jessica Bohorquez": "Q115611822", "Tatheer Zahra": "Q115613056", "Sandeeka Mannakkara": "Q115677453", "Guinevere Vivianne Nalder": "Q115771802", "Luisa Berto": "Q116153931", "Shoshanna Saxe": "Q116434653", "Buthaynah Kayyali": "Q116695235", "Na\u015frah Da'ir": "Q116709072", "Cecilia Rinaldi": "Q117048651", "Alice Yan Chang-Richards": "Q118665671", "Edwige Petit": "Q122412781", "Jeanette Mireille Munoz Abela": "Q125854957", "Aline Saupe Abreu": "Q126487339"}