{"Tante Kaat": "Q2182118", "Camille Delaville": "Q64495813", "Efig\u00e9nia do Carvalhal": "Q124931401", "Florentia Fountoukli": "Q63088140", "Carme Verdaguer": "Q116281825", "Susie Williamson Stageberg": "Q95565504", "Edna Baxter Lawson": "Q108225753", "Edyth Thomas Wallace": "Q124699018", "Hazel Baker Denton": "Q106400637", "Marguerite Mooers Marshall": "Q66347540", "Maude Davis Bunn": "Q92792303", "Iphigene Bettman": "Q114775088", "Janie Lever-Brouwer": "Q20242883", "Helen Worden Erskine": "Q106678493", "Cyrene B. Dear": "Q121745013", "Gloria Zamacois": "Q72728624", "Dorothy Dorothy": "Q106414401", "Hanna Bavly": "Q12407547", "Hermine Heijermans": "Q19840652", "Agnes Honoria Wrong": "Q63986119", "Gretta Palmer": "Q113738304", "Viola Andrews": "Q87991658", "Jill Jackson": "Q111983441", "Sophie Altman": "Q105443381", "Florine McCuistion": "Q106992405", "Marian Taylor Abbagnano": "Q109535370", "Miep Rack\u00e9-Noordijk": "Q2646790", "Aurora Lezcano": "Q88196612", "Bibeb": "Q856043", "Helen Ross Russell": "Q116878762", "Maggie Daly": "Q124836296", "Betty Cornwell": "Q107338625", "Nin\u00ed Montiam": "Q98456083", "Georgina Campbell": "Q75353471", "Malkah Rabell": "Q28975187", "Hope Chamberlin": "Q83912286", "Emilia Ayarza de Herrera": "Q106554994", "June Broili": "Q106816026", "Betty Betz": "Q62515778", "Ann Valder": "Q107004704", "Margot Patterson Doss": "Q119851179", "Cri Stellweg": "Q1818669", "Susan Grey Hopp Crofoot": "Q95886223", "K\u00fcngolt Heim-Aebli": "Q124056365", "Barbara Land": "Q106911668", "Ligaya Perez": "Q95554571", "Cecily Lydia Fearnley": "Q108839889", "Mira\u200f Avrech": "Q6561410", "Rosa Segura Serra": "Q111976424", "Muriel Stevens": "Q106399808", "Wanda Z. Larson": "Q105427227", "Helen Standring": "Q108937169", "Marie Nightingale": "Q123102278", "Amy Bjork Harris": "Q66767007", "Lillian Kimura": "Q95886743", "Monica Skidelsky-Colerus": "Q109444790", "Traudel Thalheim": "Q30303032", "Marciarose Shestack": "Q105830405", "Emmy van Overeem": "Q28064418", "Loek Kessels": "Q2141866", "\u6a02\u831e\u8ecd": "Q9081606", "Carol Connolly": "Q102276266", "Outi Nyyt\u00e4j\u00e4": "Q11886155", "Masako Aihoshi": "Q71678906", "Rita Kohnstamm": "Q14713786", "Sevgi G\u00f6n\u00fcl": "Q6027915", "Lous Haasdijk": "Q2682041", "Tineke Beishuizen": "Q1967592", "Susan O'Brien": "Q26720951", "Kerry Carman": "Q124569520", "Sirkka Garam": "Q11893700", "Myra Vanderpool Gormley": "Q77269273", "Ludina Barzini": "Q115658869", "Marina Mayoral": "Q3399927", "Annemarie Oster": "Q2754712", "Sis van Rossem": "Q74096901", "Jennie Vanlerberghe": "Q107344725", "Mia Doornaert": "Q2490073", "Marlis Leo": "Q95186215", "Rosa D\u00edaz": "Q96591435", "Cristina Barros Valero": "Q30904820", "Linda Stasi": "Q107479527", "Pamela Hemelrijk": "Q2668507", "Violet Falkenburg": "Q2399560", "Bambi Elinsdotter Oskarsson": "Q4971424", "Mary A. Mitchell": "Q124358763", "Patsy Claes": "Q2910679", "Velise Bonfante": "Q25617463", "Hetty Luiten": "Q29520835", "Katja Walder": "Q56753964", "Tamarah Benima": "Q2386609", "Selma Vrooland": "Q4371868", "Henri\u00ebtte Maassen van den Brink": "Q2181502", "Dorien Pessers": "Q4292462", "Ellin Maria Agnes Robles": "Q28064102", "Jetty Mathurin": "Q2358902", "Elsbeth Etty": "Q2414059", "Pauline Terreehorst": "Q2205731", "Marijke Hilhorst": "Q2154438", "Pirjo H\u00e4m\u00e4l\u00e4inen": "Q23040502", "Brenda Payton": "Q124358682", "Kathleen Marie Taylor": "Q125306144", "Cris Peterson": "Q98594627", "Linda Asselbergs": "Q72281557", "Nahed Selim": "Q260087", "Suzanne Kala-Lobe": "Q109045285", "Gabriela Rodr\u00edguez Ram\u00edrez": "Q56710927", "Esperanza Ortega": "Q5840211", "Beatrijs Ritsema": "Q2309205", "Liz Curtis Higgs": "Q98593865", "Carrie Jansen": "Q2665312", "An Nelissen": "Q2417670", "Marjan van den Berg": "Q2382562", "Henri\u00ebtte Prast": "Q13724705", "Idit Shechori": "Q6588446", "Elena Akrita": "Q12872388", "Effie Agrafioti": "Q105672143", "Anouchka Sikorsky": "Q59315494", "Aleid Truijens": "Q2542947", "Marja Middeldorp": "Q2474812", "Ping Lin": "Q95357857", "Simone Korkus": "Q100446857", "Nataliya Gevorkyan": "Q4134677", "Sarah Verroen": "Q67916537", "Gillian Wright": "Q112416509", "Elma Drayer": "Q17351301", "Francesca Denegri": "Q107567734", "Anna Pettinelli": "Q3617802", "Marjoleine de Vos": "Q2517355", "Elisabeth Gjerluff Nielsen": "Q12309752", "Brigitte Milhau": "Q89811680", "\u00c0ngels Fermoselle Paterna": "Q123561426", "Dana Carpender": "Q5214689", "Mirjana Bobi\u0107-Mojsilovi\u0107": "Q11132164", "Zorica Tomi\u0107": "Q11228363", "Marja Pruis": "Q2228573", "Tosca Niterink": "Q2150912", "Erica Verdegaal": "Q15982815", "Christa Rosier": "Q2413500", "Malou van Hintum": "Q13811020", "Anna-Stina Nyk\u00e4nen": "Q62972025", "Alit Karp": "Q47899924", "Jos\u00e9e Boileau": "Q109937023", "Tineke Bennema": "Q3126527", "Janice Deul": "Q104185372", "Cl\u00e9mentine Portier-Kaltenbach": "Q2980744", "Silvia P\u00e9rez": "Q6128597", "Naomi Seki": "Q11324097", "Anna Arkatova": "Q48942273", "Ekaterina Sergeevna Tarchanova": "Q28664466", "Chan Ya": "Q62835262", "Renate van der Bas": "Q110854422", "Jos\u00e9e Blanchette": "Q3186628", "Irina Levontina": "Q28498789", "Jacobine Geel": "Q2630620", "Petra Possel": "Q27806051", "Caroline Diament": "Q2939989", "Nausicaa Marbe": "Q2588276", "Karin Buchholz": "Q18221537", "Caroline de Gruyter": "Q21816797", "Danielle Moreau": "Q3015018", "Pernille Nylehn": "Q94999623", "Tarja Roinila": "Q50806518", "Sylvie Noachovitch": "Q3507376", "Annemiek Schrijver": "Q2344124", "Sophie Flamand": "Q124250558", "Sophie Durocher": "Q55775868", "Eva Grinde": "Q64346427", "Wilma Kieskamp": "Q125592722", "Asta Lepp\u00e4": "Q56219651", "Emma Riverola": "Q117864213", "Iris Georlette": "Q62098587", "Sylvia Witteman": "Q1936571", "Zuzana Moj\u017ei\u0161ov\u00e1": "Q112357249", "Susana Beltr\u00e1n Garc\u00eda": "Q20876728", "Susanna Barqu\u00edn i Castany": "Q85955753", "\u017denja Leiler": "Q107879972", "Muriel Cousin": "Q3328104", "Sharda Ganga": "Q1997464", "Sophie P\u00e9ters": "Q22249312", "Val\u00e9rie Durier": "Q3554252", "Margot Vanderstraeten": "Q2571226", "Cindy Hoetmer": "Q3930528", "Nada van Nie": "Q2575952", "Paula Udondek": "Q2172537", "Tatyana Malkina": "Q4278010", "Huda al-Daghfaq": "Q86371224", "Zuzanna Govednik Kraskov\u00e1": "Q28039936", "Rosmery Quintero": "Q62841104", "Natalia Budzy\u0144ska": "Q105176329", "Amanda Kluveld": "Q2077198", "Ellemijn Veldhuijzen van Zanten": "Q2556365", "Manon Spierenburg": "Q13812476", "Carolina Trivelli": "Q5753281", "Manon Dumais": "Q3286451", "Sheila Sitalsing": "Q1861445", "Carmen Gloria Larenas": "Q107085499", "Roos Ouwehand": "Q2158270", "Mademoiselle Agn\u00e8s": "Q3275837", "Marianne Zwagerman": "Q21281307", "Flavia Pittella": "Q117979187", "Antonella Viola": "Q50923744", "Kim Holland\u200e": "Q2664550", "Sandrine Sarroche": "Q76958216", "Anna Manso": "Q28913127", "Berta Marc\u00e9": "Q51955184", "Japke-d. Bouma": "Q46709133", "Mariska Overman": "Q62075567", "Madoka Yamasaki": "Q11467924", "Margriet van der Linden": "Q2188653", "Andrea Paluch": "Q45209048", "Mayumi Yamazaki": "Q11467926", "Esther van Fenema": "Q59341418", "Lonneke Nooteboom": "Q111192903", "Siska Mulder": "Q2120574", "Yulia Melamed": "Q56308403", "C\u00e9cile Maisonneuve": "Q33267395", "Eva Posthuma de Boer": "Q20967169", "Master Ra'al Ki Victorieux": "Q112223337", "Can Sarvan": "Q6070707", "Maja Sun\u010di\u010d": "Q66055716", "Sonaly Tuesta": "Q102012985", "Joanna Weiss": "Q104374756", "\u00c1ngeles Salvador": "Q112782414", "Esther Gerritsen": "Q2517533", "Mickelle Haest": "Q2715249", "Stine Jensen": "Q2663037", "Marie Vindy": "Q63199232", "Annelies Rutten": "Q4027366", "Sophie Henaff": "Q27062943", "Cindy Pieterse": "Q2787375", "Rebecca Manzoni": "Q3421710", "Katarina von Numers-Ekman": "Q42393540", "Txell Bragulat i Vallverd\u00fa": "Q104557520", "Anja R\u00fctzel": "Q50419563", "Sonia Sierra Infante": "Q21480200", "Jane Su": "Q11309456", "Vivian": "Q9067407", "Joanna Davies": "Q47127569", "Marion Pauw": "Q2044422", "Stella Bergsma": "Q2312336", "Nathalie Baartman": "Q2603636", "Femmetje de Wind": "Q26256060", "Vicenta Tasa Fuster": "Q114810096", "Marie Mamgioglou": "Q3292672", "Susan Smit": "Q2303790", "Paule Boffa-Comby": "Q122874399", "Marie-Claire van den Berg": "Q13815342", "Selvaggia Lucarelli": "Q3954946", "Vrouwkje Tuinman": "Q2229616", "Roos Wouters": "Q2314370", "Martine de Jong": "Q19898900", "Sanna Ukkola": "Q41792841", "Ditte Okman": "Q57408677", "Yesim Candan": "Q106298623", "Merel Roze": "Q2097904", "Anila Naz Soomro": "Q99340339", "Marta Nebot": "Q6001982", "Natalya Radulova": "Q4387962", "Park Hyunju": "Q47801080", "Aaf Brandt Corstius": "Q523964", "Gina Dalfonzo": "Q100995766", "Natasja van den Berg": "Q2315084", "Tinneke Beeckman": "Q17747560", "Linda Duits": "Q37143787", "Margalida Ramis": "Q37438600", "Mely Kiyak": "Q124589", "Anja Golob": "Q15783502", "M\u00e9lanie Chappuis": "Q3332870", "Zoe Katsatou": "Q97068773", "Valentina Smej Novak": "Q12805215", "Paulien Cornelisse": "Q2577467", "Yumi Sato": "Q113453069", "Isabelle Saporta": "Q3155030", "Sarah Smiley": "Q7422781", "Annika Ruge": "Q118287617", "Tereza Vuk": "Q42528796", "Fidan Ekiz": "Q2213797", "Rafa\u00eble Germain": "Q3417311", "Merja M\u00e4hk\u00e4": "Q111678807", "Irulaane": "Q113622670", "Mirjam van den Broeke": "Q2024674", "Helena Str\u00f6mbro Ershag": "Q125984748", "Shahena Ali": "Q21662719", "Seada Nourhussen": "Q59363646", "Diana Coromines i Calders": "Q60041692", "Maria Giagiannou": "Q61206600", "Femke van der Laan": "Q110845941", "\u05dc\u05d9 \u05e8\u05d0\u05d5\u05d1\u05e0\u05d9": "Q111262216", "Anne Hermans": "Q2625203", "Emine U\u011fur": "Q115154515", "Paloma Valencia Laserna": "Q17364462", "Judith Visser": "Q13739763", "\u90ed\u6b63\u6069": "Q19939361", "Ferda Ataman": "Q56547229", "Bianca Wylie": "Q80132989", "Olalla Castro Hern\u00e1ndez": "Q88884946", "Ebru Nihan Celkan": "Q113956637", "Esmaa Alariachi": "Q1824416", "Guinevere Claeys": "Q2531619", "Jozefien Daelemans": "Q52628100", "Kajsa Bergstr\u00f6m Feiff": "Q98803291", "Francesca Cenci": "Q111543465", "Pascale L\u00e9vesque": "Q3367685", "Eva Meijer": "Q28860673", "V\u00e9ronick Raymond": "Q100450718", "Jeanine Daems": "Q109451691", "Nathalie Plaat": "Q109598535", "Sira Abenoza": "Q112055746", "Sylwia Kubry\u0144ska": "Q55392472", "Aude Walker": "Q16529462", "Nora Hamadi": "Q30754883", "Myriam Bounafaa": "Q30728229", "Shifra Kornfeld": "Q6934542", "Anne-Laure Pham": "Q62007157", "Hanina Ajarai": "Q97397396", "Catalina Holgu\u00edn Jaramillo": "Q103873849", "Sara Kroos": "Q2863323", "Jet Berkhout": "Q47148845", "Katinka Polderman": "Q1914430", "Marjorie Philibert": "Q28946266", "Tjawangwa Dema": "Q113644050", "LiLy": "Q11230032", "Kamiko Inuyama": "Q11571217", "Natsuko Izena": "Q106478774", "Fleur van Groningen": "Q2310397", "Vivianne Bendermacher": "Q39336435", "Valeria Edelsztein": "Q50701497", "Clem Bastow": "Q5131160", "Charlotte Cederbom": "Q104717597", "Cristina Danneels": "Q55933079", "\u00c9lodie Poux": "Q60833556", "Tina Ko\u0161ir": "Q12804146", "Asha ten Broeke": "Q23889021", "Katarzyna Kwiatkowska-Moskalewicz": "Q28923420", "Nadia Ezzeroili": "Q62913579", "Mariken Heitman": "Q111924612", "Linn Herning": "Q59585418", "J\u00falia Rocha": "Q112673253", "Florence Porcel": "Q16636434", "Marie Meimberg": "Q15833922", "Jasmine Vangrieken": "Q3195774", "Kelli van der Waals": "Q124694751", "Tiphaine Auzi\u00e8re": "Q28842880", "Hanna Bervoets": "Q2279331", "Renske de Greef": "Q2576595", "Anastasia Mironova": "Q123650823", "Jenny Melita": "Q115380239", "Julia Molkhou": "Q17353193", "Coline de Senarclens": "Q23727181", "Elfie Tromp": "Q29976457", "Emma Curvers": "Q62913573", "Beg\u00fcm G\u00fcrel": "Q106691339", "Hasna El Maroudi": "Q2009349", "Nele Van den Broeck": "Q2294998", "Joanna Podsadecka": "Q15641165", "Iris Koppe": "Q28767921", "Khaoula Slimani": "Q66429488", "Nynke de Jong": "Q24256050", "Naveh Dromi": "Q105206698", "Samira El Ouassil": "Q1509247", "Yael Shevach": "Q106536162", "Theresia Enzensberger": "Q42880110", "Julia Kloiber": "Q63848017", "\u05e8\u05d5\u05ea\u05d9 \u05e7\u05e4\u05dc\u05e8": "Q77976055", "Judith S. Basad": "Q106462544", "Sandra Xinico Batz": "Q108387453", "Yasmina Aboutaleb": "Q116986916", "Sauanne Bispo": "Q123246782", "Marine Baousson": "Q89217219", "\u00c7a\u011fla G\u00fcrsoy": "Q80109546", "Maan Leo": "Q18397133", "Hot Marijke": "Q1834645", "Natascha van Weezel": "Q19839749", "Elsa Bordier": "Q104381562", "Marylaine Viernes": "Q6781224", "Layla Mart\u00ednez": "Q122961400", "Rens Kroes": "Q22259359", "Maite Berriozabal": "Q106913188", "Wiegertje Postma": "Q22338011", "Clarice Gargard": "Q28146734", "Emilie Nicolas": "Q96207563", "Alyson Le Grange": "Q105440502", "Ana Bejarano": "Q124032474", "Katia Wagner": "Q57666148", "Eun Ha-sun": "Q55733009", "Jenn D\u00edaz": "Q16941873", "Liesbeth Rasker": "Q94968065", "Ayem Nour": "Q18413647", "Paulina Czienskowski": "Q58476603", "Vanessa Vallejo": "Q90622172", "Carla Vall i Duran": "Q105534046", "M\u00fcnire Manisa": "Q83213558", "LaTesha Monique": "Q106786953", "Swati Kumari": "Q28510112", "Hadjar Benmiloud": "Q2214173", "Kelly Vedovelli": "Q100400530", "Lamyae Aharouay": "Q41420641", "Marion Seclin": "Q29906325", "Simon(e) van Saarloos": "Q20978429", "Anna Bj\u00f6rklund": "Q105682164", "Flore Cherry": "Q66425190", "Camille Diao": "Q116301009", "Iduna Paalman": "Q98123149", "Sophie van Gool": "Q112144776", "Emaily Schrader": "Q123921023", "Sarah Saldmann": "Q114658103", "Agathe Auproux": "Q29919321", "Jill Schirnhofer": "Q21130057", "Yasmien Naciri": "Q28109986", "Fatima Moumouni": "Q58739028", "Nena Schink": "Q84981241", "\u041d\u0430\u0441\u0442\u044f \u0417\u0443\u0445\u0432\u0430\u043b\u0430": "Q117210394", "Kharoll-Ann Souffrant": "Q125360718", "Irena Pozar": "Q94659753", "Jessica Kuitenbrouwer": "Q125524868", "Aina Garcia-Carb\u00f3": "Q99779926", "Mahaut Drama": "Q119860473", "Mariama Sall Sall": "Q104149213", "Of\u00e8lia Carbonell Torrents": "Q116820141", "Aya Sabi": "Q113954982", "Muqadas Farooq Awan": "Q113469633", "Cecilia Sala": "Q113841599", "Izaskun Igoa": "Q114054718", "Madelon Vos": "Q56394947", "Bia Santos": "Q111730408", "Ahirine Ahirudin": "Q113469567", "Valentina Benaglio": "Q83992864", "Montserrat Dameson": "Q116820155", "Marta Meneu-Borja": "Q115727261", "Ruth Manus": "Q94787108", "Andrea Grant": "Q4755109", "Jenni Trent Hughes": "Q6177922", "Melinda Beck": "Q6812448", "Noam Friedlander": "Q7045515", "Mei Satsuki": "Q11304817", "Ai Aizawa": "Q11582194", "Cristina de Luca": "Q18245387", "Kristine Chan": "Q19854225", "Nelly Villafuerte": "Q25663214", "Caroline Farrow": "Q28974160", "Empar Fern\u00e1ndez G\u00f3mez": "Q29788092", "Akari Miyamoto": "Q55529074", "Hema Deora": "Q56257180", "Anika Meier": "Q56760661", "Esther J. Cepeda": "Q60451755", "Natasha Lennard": "Q60619439", "Monica de Bolle": "Q61043246", "Daphne van Paassen": "Q61992261", "Melinda Henneberger": "Q63341390", "Ellen Makkai": "Q66364253", "\u65c5\u4eba\u307e\u308a\u30fc\u3057\u3083": "Q67499143", "Susan Howson": "Q68225195", "Sabrina Maddeaux": "Q68469476", "Mara Ruiz Malec": "Q77978689", "Sandra G. Boodman": "Q79858317", "Shira Ovide": "Q80823795", "Dita Cobb": "Q81437592", "\u00c6leen Frisch": "Q82305701", "Floor Rusman": "Q86576187", "Trix Broekmans": "Q86831939", "Mara Gay": "Q87193786", "Aylin Bilic": "Q95578226", "Joke Van Caesbroeck": "Q96193971", "Alexandra Wolfe": "Q96619719", "Heidi Stevens": "Q97097953", "\u738b\u79c0\u5bb9": "Q98096261", "Patralekha Chatterjee": "Q98183572", "Pauline Clavi\u00e8re": "Q100352646", "Heleen Debruyne": "Q100457849", "Helen A.S. Popkin": "Q104054231", "Ruth Wishart": "Q105100539", "Linh-Lan Dao": "Q105437158", "Alix Dauge": "Q105542389", "Claire Sergent": "Q105543265", "Kattalin Landaburu": "Q105580790", "Charlotte Urien-Tomaka": "Q105581352", "Lisa Beaujour": "Q105626868", "Hiroko Higuchi": "Q106149896", "K\u00fcbra Par": "Q106973765", "Ellen B. Jensen": "Q106977828", "Tine Garsdal": "Q107476987", "Rosemary Rogers": "Q107479442", "Alison Green": "Q108095989", "Naomi Ishisaka": "Q108187248", "Marcela Gereda": "Q108387653", "Joyce Ferriabough Bolling": "Q108528937", "Elle Hunt": "Q109612410", "Irmak \u00d6zer": "Q109922823", "Berrin S\u00f6nmez": "Q109922879", "Funda Cantek": "Q109922887", "Veronique de Rugy": "Q110146525", "L\u00e9a Martin": "Q110254040", "Reem Al Harmi": "Q110402786", "M\u00e9lissa Guillemette": "Q110520017", "Reem al-Muftah": "Q110679781", "Clotilde Brossollet": "Q110983666", "Kristina Chetcuti": "Q111103313", "Rio Wakabayashi": "Q111113623", "Karima Brikh": "Q111444879", "M\u00e9lodie Nelson": "Q111720707", "Allysia Finley": "Q112075331", "Rory Satran": "Q112677325", "Giouli Eptakoili": "Q112900637", "Laura Saunders": "Q112955734", "Cheryl Mullenbach": "Q113465872", "Edie Wyatt": "Q113568912", "Lekshmy Rajeev": "Q113759189", "Kris H. K. Chong": "Q113759369", "Alluri Gourilakshmi": "Q113965053", "\u0637\u0627\u06c1\u0631\u06c1 \u06a9\u0627\u0638\u0645\u06cc": "Q114355942", "Marie-H\u00e9l\u00e8ne Parinaud": "Q115474383", "Montserrat \"Mons\" Romulo": "Q115591891", "Armelle Charrier": "Q116059223", "Trudy Rubin": "Q116204547", "C\u00e9cile Hautefeuille": "Q116280301", "Nabila Mahjoub": "Q116818311", "Najwa Hashim": "Q116819916", "Mary Harrington": "Q116964871", "Ariane Arpin-Delorme": "Q117193357", "Lilian Visser": "Q118979099", "Najjuka Solome": "Q119242506", "Li Yuan": "Q120187181", "Kali Holloway": "Q121770567", "Rikki Schlott": "Q123186961", "Kim L\u00e9vesque-Lizotte": "Q123193407", "Robin Abcarian": "Q123440187", "Alix Van P\u00e9e": "Q123747088", "Layla Asher": "Q123964444", "Rose Lukalo-Owino": "Q124254085", "Lisette Morin": "Q124352319", "Sonsoles Garc\u00eda": "Q124392603", "In\u00e8s Garou\u00e9 Facia": "Q124461070", "Nyima Sillah": "Q124556537", "Myriam Fehmiu": "Q124611795", "Mouzah Khamis": "Q124619842", "Lydia Hansen": "Q124646516", "Zeeba T. Hashmi": "Q124697778", "Edith Mkwaila Gondwe": "Q124831483", "Rachita Taneja": "Q124833385", "Sheila John Daly": "Q124835496", "Flor Euceda": "Q124956337", "Marlene Garcia Ezperat": "Q124964926", "Rahiel Tesfamariam": "Q125000191", "Palang Kasmi": "Q125002688", "Agbeke Ogunsanwo": "Q125134727", "Rupa Subramanya": "Q125144685", "Margaret Elizabeth Price": "Q125165770", "Rina Saeed Khan": "Q125244461", "Madiba K. Dennie": "Q125397565", "Audrey Jiajia Li": "Q125560431", "Haid\u00e9 Serrano Soto": "Q126079465", "Yasmina Pani": "Q126949544"}