{"Alyz\u00e9e Costes": "Q114001645", "Josefine Schl\u00f6gl": "Q61198389", "Mary Cecilia Taylor": "Q86381545", "Susanne Westford": "Q103177092", "Louise Willy": "Q59780899", "Fritzi Frou": "Q1469218", "Rosie Lloyd": "Q106414637", "Charlotte Waldow": "Q95672756", "Johanna Ewald": "Q1696929", "Fanny Watson": "Q108694897", "Stella Fontaine": "Q14390226", "Marta H\u00fcbner": "Q1903058", "Alice Ward": "Q86594348", "Jenny Gilliams": "Q2444389", "Sophie Stein": "Q3191971", "Sidonie Van Larebeke": "Q2180738", "Jeanne Horsten": "Q51320760", "Susie Edwards": "Q54573096", "Rolien Numan": "Q2067063", "Ir\u00e8ne de Noiret": "Q1672585", "Kitty Kluppell": "Q2673072", "Leonora Summers": "Q55419636", "Fien de la Mar": "Q2203214", "Dora Paulsen": "Q2483543", "Loulou H\u00e9goburu": "Q60896233", "Lupe Rivas Cacho": "Q17274793", "Corry Vonk": "Q2693536", "Hermine Heijermans": "Q19840652", "Vivian Harris": "Q107496210", "Utae Arakawa": "Q11618586", "Jetty Cantor": "Q2787514", "Germaine Tournier": "Q71708760", "Charlotte Brummerhoff": "Q22082762", "Maria Petrelli": "Q123690388", "Alice Dorell": "Q22940582", "Co Flower": "Q2962000", "Toyoko Takechi": "Q11546015", "Wiesje Bouwmeester": "Q2314332", "Uut Hulsing": "Q2209886", "Mieke Verstraete": "Q1923861", "Erna Haffner": "Q1356064", "Nijiko Kiyokawa": "Q11560617", "Setsuko Kawamura": "Q11553941", "Taigeti": "Q12885272", "Dorothy Greener": "Q106414636", "Pam Henning": "Q2189714", "Liesl L\u00f6winger": "Q1824344", "Ch\u014dch\u014d Miyako": "Q11342554", "Sumi Tamagawa": "Q11572548", "Ir\u00e8ne Hilda": "Q3154645", "Lee Ruckstuhl": "Q40036434", "Ewa Szuma\u0144ska": "Q9256870", "F\u00e9 Sciarone": "Q1810475", "Keiko Utsumi": "Q11394131", "Ingeborg Nass": "Q1662913", "Marijke Hoving": "Q2095523", "Marion Bienes": "Q49166240", "Doris Jannausch": "Q98910", "Marie-Th\u00e9r\u00e8se Escribano": "Q1897222", "Anneliese Kunstreich": "Q104822217", "Pat McMinn": "Q106815397", "Utako Kyo": "Q11374243", "Yaeko Wakamizu": "Q11616578", "Margret F\u00fcrer": "Q1895414", "Vera Ili\u0107-\u0110uki\u0107": "Q4827516", "Utae Sh\u014dji": "Q11545384", "Nena Jim\u00e9nez": "Q6039877", "Sorina Dan": "Q83290210", "Edith Elsholtz": "Q1284970", "Joekie van der Valk": "Q124605829", "Wilma D'Eusebio": "Q18668740", "Marisa Mandrioli": "Q90025951", "Yuy\u00fa": "Q6170598", "Terue Sh\u014dji": "Q109820038", "Ad\u00e8le Bloemendaal": "Q2528769", "Ansje van Brandenberg": "Q15917668", "Marion": "Q3293604", "Sylvia de Leur": "Q2061849", "Jacqueline de Savornin Lohman": "Q20857347", "Lynn Ruth Miller": "Q108461153", "Marina Miranda": "Q10326400", "Hanae Sh\u014dji": "Q109819800", "Yoshie Utsumi": "Q11394116", "Alma Mar\u00eda Vaesken Ruiz": "Q15714757", "Jasperina de Jong": "Q2715477", "Priscilla Allen": "Q3922146", "Margriet de Groot": "Q116734102", "Efi Papatheodorou": "Q12872518", "Sarahleh Feldman": "Q87721756", "Rotraud Schindler": "Q2168892", "Michiyo Midori": "Q11610556", "Christiane Blumhoff": "Q1082623", "Mar\u00eda Rosa Fugazot": "Q6004532", "Mar\u00eda del Carmen Mart\u00ednez-Villase\u00f1or Barrasa": "Q5997212", "Olga Damani": "Q25536073", "Hilde Wackerhagen": "Q74010755", "Christiane Palm-Hoffmeister": "Q1082776", "Yula Pozo": "Q6170497", "Mun Yeong-mi": "Q19939860", "Lupe V\u00e1zquez": "Q105012475", "choeyongsun": "Q19162153", "Paloma Hurtado": "Q2881881", "Veronika von Quast": "Q2517439", "Yuri Hana": "Q11620019", "Yumi Suenari": "Q11519729", "Djudjuk Djuariah": "Q12481757", "Fernanda Hurtado": "Q5859081", "Teresa Hurtado": "Q6142573", "Itoko Tsuji": "Q11638096", "Martine Bijl": "Q2277299", "\uc815\ubd80\ubbf8": "Q16182842", "P\u00e2ko Hayashiya": "Q11532948", "Mait\u00e9n Montenegro": "Q24939490", "Ruisu Hoshi": "Q11512784", "Aggie Terlingen": "Q26828193", "Evelyn Krape": "Q112160113", "Huguette Dreikaus": "Q15221426", "Yoneko Matsukane": "Q9216529", "Mari Unabara": "Q11558801", "Katrin Hart": "Q968053", "\uad8c\uadc0\uc625": "Q12586056", "Ulla Geiger": "Q23067905", "Laurence S\u00e9monin": "Q3218942", "Eva-Maria Fastenau": "Q30130612", "Sumiko Yamada": "Q11470111", "Jetty Mathurin": "Q2358902", "Marijke Boon": "Q2783701", "Lisa Fitz": "Q1343032", "Alice Hoffmann": "Q2493865", "Syusy Blady": "Q3979214", "Bae Yeon-jeong": "Q16726444", "Jedda Jones": "Q95673038", "Marie T\u0159e\u0161\u0148\u00e1kov\u00e1": "Q95148671", "Lella Costa": "Q1125124", "Denyse Chartier": "Q3023430", "Jeanne Tessia": "Q3176171", "Adeline Zarudiansky": "Q17524091", "Gabi Lodermeier": "Q1488447", "Antonia Limacher": "Q47290233", "Veronika Vereno": "Q111607308", "Nelly Pujols": "Q19728610", "Tineke Schouten": "Q2017189", "Carrie Jansen": "Q2665312", "Ulrike Stanelle": "Q95709718", "Hanako Miyagawa": "Q109819807", "Consuelo de Haviland": "Q18633969", "\u05e0\u05d9\u05dc\u05d9 \u05d0\u05d5\u05e9\u05e8\u05d5\u05d1": "Q6628767", "Annemarie Henselmans": "Q3237835", "Lucero G\u00f3mez Bernal": "Q5981979", "Sandra Le Couteur": "Q55723298", "Lisa Politt": "Q1293923", "Anka Zink": "Q556226", "Soledad Olayo": "Q77289176", "Krisna Purwana": "Q17410963", "Yuho Aozora": "Q11662681", "Yoshiko Shimizu": "Q11560735", "Miyako": "Q11342536", "Lenette van Dongen": "Q2084027", "Michaela Maria Drux": "Q15734463", "Daniela Airoldi": "Q3701761", "Mich\u00e8le Guigon": "Q3311624", "Gabi Fleisch": "Q1488425", "Irina Tokarchuk": "Q95749053", "Stephanie \u00dcberall": "Q1547327", "Rosario Pardo": "Q2882636", "Gabi Rothm\u00fcller": "Q1488484", "\uc774\uc131\ubbf8 (\ud76c\uadf9\uc778)": "Q12611775", "Madeleine Sauveur": "Q1883271", "Petra Nadolny": "Q88747", "Yoshiko Takehara": "Q56610978", "Y\u016bko Sait\u014d": "Q11500344", "Suseri Ota": "Q11291768", "Kuniko Yamada": "Q11470693", "Gayle Tufts": "Q1496577", "Koenka San'y\u016btei": "Q11357510", "Hester Macrander": "Q1976806", "Khatijah Tan": "Q7363229", "Ina Breivik": "Q108937091", "Delphine Rich": "Q3021860", "Szilvia Bach": "Q788095", "Kjersti Berge": "Q11980958", "Monika Well": "Q60524945", "Magda \u017buk": "Q24429419", "Yasuko Haru": "Q11513380", "Isabeau de R.": "Q3154812", "Ma\u0142gorzata Zwierzchowska": "Q11772418", "Paulette Willemse": "Q2637109", "Karin Bruers": "Q1855651", "Ruth Schiffer": "Q2177755", "Mari Nakajima": "Q11274064", "Francesca Draghetti": "Q3749394", "Miyako Takeuchi": "Q11598984", "Eiko Tawarayama": "Q11386419", "Irene S.": "Q1370339", "Rumiko Saito": "Q11679070", "Mitsuka Kusunoki": "Q11541272", "\uc774\uc120\ubbfc": "Q19940809", "Trina Jeffrie": "Q7842284", "Norah Su\u00e1rez": "Q18397989", "Silvia Novarese": "Q99847197", "Eri Fuse": "Q11277097", "Kim Bohwa": "Q16175100", "Cory Kahaney": "Q16195138", "Nunung": "Q12501012", "Daphne de Bruin": "Q2515524", "Antonella Stefanucci": "Q3618941", "Marcia Sabor\u00edo": "Q28949608", "Yasue Michi": "Q11519609", "Fabiola Posada": "Q18814776", "Natalya Buzko": "Q4098418", "Gorete Milagres": "Q10290685", "Andrea Volk": "Q43377485", "Lizzy Aumeier": "Q1866652", "Barbara Balldini": "Q15431230", "Hel\u00e9n Vikstvedt": "Q11974962", "Ellen Pieters": "Q239916", "Kiki Heessels": "Q2278153", "Magdalena In de Betou": "Q4955639", "Reiko Saeki": "Q11382866", "Lee Gyeong-ae": "Q12610906", "No Yu-jeong": "Q16160910", "Maja Wolff": "Q591436", "Steffi Paschke": "Q26706707", "Cloozy": "Q18019124", "Lena Frisk": "Q4949009", "Yvonne Skattberg": "Q4979085", "Tetiana Ivanova": "Q4196442", "J\u014djiman Kita": "Q11310852", "Christel de Laat": "Q60047633", "\uc724\ud61c\uc601": "Q16090683", "Myl\u00e8ne d'Anjou": "Q2539319", "\uc774\uacbd\uc2e4": "Q16090697", "Tina Teubner": "Q1594142", "Astrid Gloria": "Q750570", "Mindy Rickles": "Q116820581", "Marit Volds\u00e6ter": "Q11988355", "Tatiana Lazareva": "Q4252845", "Carolina Delpiano": "Q124737994", "\u30a4\u30fb\u30d2\u30e7\u30f3\u30b8\u30e5": "Q16182654", "Mylou Frencken": "Q2684118", "Dorine Wiersma": "Q13574093", "Andrea Lipka": "Q22806791", "Christine Koht": "Q11963760", "Jacqueline Kerkhof": "Q16912187", "Kelik Pelipur Lara": "Q16187670", "Somcheng 3Cha": "Q13023047", "\uc774\ud76c\uad6c": "Q18815696", "Maryum Ali": "Q24293017", "Brandi Borr": "Q4094717", "Yael Levental": "Q6981592", "Michi Shinozaki": "Q11268947", "Nacky": "Q11323856", "Johanna Kein\u00e4nen": "Q11866665", "Jamie Foster": "Q116979503", "Ingrid K\u00fchne": "Q29045980", "Mette Frobenius": "Q12326823", "Rigmor Galtung": "Q4443753", "Barbara Ruscher": "Q21205384", "Susy Del Giudice": "Q104828803", "Seiko Maneda": "Q11278457", "Lucy Bacigalupo": "Q76054666", "Evelina Blodans": "Q4088503", "Noya Mandel": "Q105113821", "\uc11c\ud604\uc120": "Q12601538", "Hitomi Ueno": "Q11360248", "Anny Hartmann": "Q15479728", "Nadine Walsh": "Q100450799", "Gerrie Hondius": "Q2346830", "\u0130nci \"Lulu\" Pamuk": "Q15964904", "Kristin Skogheim": "Q11982133", "Anke Gei\u00dfler": "Q556743", "Tamayo Shimada": "Q11476950", "Martine Sandifort": "Q3960380", "Iran Lovera": "Q64836112", "\u30c1\u30e3\u30f3\u30fb\u30df\u30d5\u30a1": "Q31179334", "Laura Oliva": "Q12179051", "Tika Panggabean": "Q12521447", "Hikaru Hirokawa": "Q11485370", "Nikky Smedley": "Q20974104", "Sonja Kling": "Q57700814", "Susanne M. Riedel": "Q98525527", "Susanne Schieble": "Q125612884", "Sanne Wallis de Vries": "Q2171998", "\ub178\uc219\uc790": "Q16180432", "Daphne de Luxe": "Q28806179", "Christine Hope": "Q11963756", "Plien van Bennekom": "Q2140491", "Stine Buer": "Q12003268", "Hanna Bahagiana": "Q12485201", "Alexandra Meixner": "Q65706312", "Phillipa Ashley": "Q25477170", "Tomoko Nakajima": "Q11364575", "Miyuki Takao": "Q11270755", "Galit Giat": "Q6955599", "Edda Schnittgard": "Q106561", "Nahomi Matsushima": "Q11530251", "Mar\u00eda Jos\u00e9 Quiroz": "Q6004078", "Mireia Portas": "Q20876386", "Lene Kongsvik Johansen": "Q11983723", "Cilla Domstad": "Q4945009", "Oniyakko Tsubaki": "Q11541047", "Sofia Moutidou": "Q38132917", "\uc804\ud6a8\uc2e4": "Q18815720", "Lucija \u0106irovi\u0107": "Q12795242", "Jeong Yeong-mi": "Q12615213", "Narumi": "Q11274575", "Maiken Ahnger": "Q11987874", "Eriko Watanabe": "Q11562373", "Atsuko Kubota": "Q11597675", "Chihiro Sakurai": "Q11537750", "Sabrina White": "Q1517525", "\uc11c\ucd98\ud654": "Q18815555", "Yoshie Tanoue": "Q11575117", "Mona Sharma": "Q1333570", "Jennifer Evenhuis": "Q2777783", "Mizuho Honda": "Q11520555", "Sophia Aram": "Q3490809", "Tomochika": "Q11410372", "Nathalie Baartman": "Q2603636", "Tanja Ghetta": "Q22712310", "Miho Kimura": "Q79843664", "Carolin Fischer": "Q103896441", "\uc774\uc7a5\uc219": "Q18815687", "Libbie Higgins": "Q86362445", "Dianne Liesker": "Q1914707", "Saori It\u014d": "Q11379753", "Eleanor Sela": "Q81968971", "Muh\u014dmatsu": "Q11567427", "Christine Prayon": "Q1083743", "Momi Nagae": "Q11653129", "Masumi Yagi": "Q11391394", "Yukiko Nonomura": "Q11644919", "Natsu Suzuki": "Q11648726", "Karine Dubernet": "Q26198153", "Mihoko Abukawa": "Q11625475", "Sumiko Nishioka": "Q11274747", "Maria Di Biase": "Q3847239", "Antonia de Rendinger": "Q2857089", "E-chan": "Q11287852", "Alicia Tobin": "Q87851039", "Sachimaru": "Q11267998", "Hanako Yamada": "Q11470634", "\u0130dil Baydar": "Q1656803", "Yoiko Nakano": "Q11274086", "Kaoru Yahata": "Q11390911", "Kim Sook": "Q89738661", "\uc815\uacbd\uc219": "Q16091594", "Kumiko Akita": "Q11595247", "Rie Nishiwaki": "Q11269588", "Christiane Weber": "Q1082867", "Sara Young": "Q4990841", "Macky": "Q11340413", "V\u00e2n Dung": "Q61130369", "Trine Lise Olsen": "Q25425573", "Yang Jae-hee": "Q12606372", "Kimmy Brownie": "Q11296979", "Saki Igarashi": "Q11372076", "Kirara Nijikumi": "Q11625451", "Ana Carolina": "Q79884260", "Christiane Olivier": "Q18748121", "Minerva Valenzuela": "Q105798611", "Kristel Zweers": "Q2696759", "Anna Granath": "Q4950683", "Kim Hyo-jin": "Q6681080", "Kaoru Fujita": "Q11624651", "Katia Follesa": "Q18585245", "Sagit Sol": "Q7049856", "Paulien Cornelisse": "Q2577467", "Megu-chan": "Q11343558", "Rie Kuwabata": "Q11265756", "Machamacha": "Q11278367", "Lisa Feller": "Q1598750", "Antonia von Romatowski": "Q598573", "Th\u00fay Nga": "Q10825969", "Rotem Abuhav": "Q7009012", "Manaty": "Q11340704", "\uc591\ud76c\uc131": "Q16085027", "Lital Swartz": "Q6899431", "Polina Sibagatullina": "Q4418182", "Romina Cocca": "Q94421285", "\u00d6znur Karaca": "Q2389155", "Patricia Sornosa": "Q43279965", "Shihori Adachi": "Q11451500", "Signe Molde": "Q12335239", "Unlucky Got\u014d": "Q11285455", "Yulia Rachman": "Q12525345", "Takako Kat\u014d": "Q24873108", "\uc138\ub9ac": "Q19940169", "Hadar Levi": "Q6751488", "Aki Tomoda": "Q11410357", "Nilg\u00fcn Yerli": "Q2524931", "\u677e\u5c3e\u30a2\u30c8\u30e0\u524d\u6d3e\u51fa\u6240": "Q11529556", "\uc9c4\uc120\ubbf8": "Q18733692", "Dalia Gutmann": "Q17364347", "Margit Meyer-R\u00f6denbeck": "Q87048251", "Michiko Doitsu": "Q11322482", "\uae40\ubbf8\uc790": "Q18998759", "Mariko Miyati": "Q11453536", "Alison Victoria": "Q19745518", "Akiko Machida": "Q11278342", "Noriko Kawaguchi": "Q11477940", "Haruka Nishimoto": "Q11628459", "Melissa Karim": "Q12497946", "Anne-Sophie Bajon": "Q60334688", "Joanna Carolan": "Q124749508", "Masako It\u014d": "Q11380496", "Satomi": "Q11245523", "\uae40\uc6a9\uba85": "Q16178215", "Kazuko Kurosawa": "Q11678396", "Nawal Mohammed": "Q12249101", "Audrey Vernon": "Q2870871", "Yamaneika Saunders": "Q97999932", "Bridget Phetasy": "Q96241572", "Charlotte Ntamack": "Q102381675", "Marina Orsag": "Q114048910", "Ume": "Q11289081", "Kim Sung-hee": "Q16080284", "Shizuyo Yamasaki": "Q11468247", "\uc815\ud604\uc218": "Q18444436", "Martina Schwarzmann": "Q106413", "Shima Uta": "Q11307535", "Tokuko": "Q11273073", "Anne Jan Toonstra": "Q2544518", "Tamagawa Batten": "Q11275971", "Tomoko Ogita": "Q11261450", "Natalia Valdebenito": "Q6038528", "Hanna Danmo": "Q104604510", "\u30bd\u30f3\u30fb\u30df\u30e7\u30f3\u30a6\u30f3": "Q12602683", "Nadia Roz": "Q15163991", "Galit Hoogi": "Q54819244", "Mikan Ogino": "Q22127888", "Maki Maeda": "Q17221264", "Chara Tsioli": "Q125727802", "Karla Luna": "Q41633520", "Inka Meyer": "Q23059599", "Yukiko Tamura": "Q11576837", "Makino Suteteko": "Q11570522", "Emiko Kawamura": "Q11478736", "Lorraine Cink": "Q112538712", "Tiffany Ogle": "Q116452236", "Haruka Minowa": "Q11603149", "Tomoko Murakami": "Q11522859", "Miyuki \u014cshima": "Q11434955", "Rie": "Q11347847", "Kaho Send\u014d": "Q11378106", "Lies Lefever": "Q2378363", "\u00c9milie Wawerla": "Q3588875", "Liron Weissman": "Q6746127", "Pirjo Heikkil\u00e4": "Q11888202", "Michiko Uwatoko": "Q11359002", "\uc2ec\uc9c4\ud654": "Q12604933", "Yurika Anego": "Q11447275", "Samia Orosemane": "Q30727938", "Else K\u00e5ss Furuseth": "Q11967246", "Shindy": "Q20040728", "Teruko Hateruma": "Q11555573", "Valeria Graci": "Q18585270", "\ucd5c\uc740\ud76c": "Q18685235", "\uc815\uacbd\ubbf8": "Q12615451", "Susi Caramelo": "Q95743355", "Purima Rie": "Q11335639", "Yoshikosan": "Q11281104", "Lotta Backlund": "Q11876261", "Justine Hostekint": "Q61494082", "Korine C\u00f4t\u00e9": "Q103817572", "Ariane Raspe": "Q17485783", "Dagmar Bernhard": "Q1157247", "Mariko Morita": "Q11540016", "Esyllt Sears": "Q58898759", "Azusa Babazono": "Q109819802", "Yora Rienstra": "Q2410047", "Sara Kroos": "Q2863323", "Yelena Borshchyova": "Q18084450", "\uae40\uc218\ubbf8": "Q18683727", "Sonoko": "Q104012731", "Azumi Hayashiya": "Q27917485", "Kim Hyung-eun": "Q12589275", "\uae40\uacbd\uc544": "Q16080146", "Katinka Polderman": "Q1914430", "Marie Egede": "Q12326068", "Yvonne van den Eerenbeemt": "Q25693007", "Rina Antoinette": "Q11348257", "Fuka": "Q11665570", "H\u1ed3ng Trang": "Q124331757", "Chizuru Murata": "Q11523409", "Setsu Nakamura": "Q17229477", "Nina Hartmann": "Q1746814", "Katrijn Van Bouwel": "Q22344519", "Kumiko Shiratori": "Q11580534", "\uc774\uc120\ubbf8": "Q18684967", "Ana Kobayashi": "Q11461315", "Soundos El Ahmadi": "Q2048418", "Tumi Morake": "Q124334051", "Maki Utsunomiya": "Q11449694", "Samia": "Q16628191", "Christl Sittenauer": "Q97578150", "Jasmina Kuhnke": "Q99078959", "Filiz Tasdan": "Q123222745", "Franziska Wanninger": "Q15428732", "Julie Villers": "Q3189281", "Setsuko": "Q17221650", "Mami Maeda": "Q18818117", "\ud5c8\ubbf8\uc601": "Q12624823", "\u30ad\u30e0\u30fb\u30df\u30f3\u30b8\u30e7\u30f3": "Q18683719", "Maho Koide": "Q11459119", "Josefin Johansson": "Q4957010", "Fumie Fuchu": "Q28688435", "Hagit Ginzburg": "Q108923400", "Kim Mi-ryeo": "Q12966475", "Adrianna Borek": "Q11684515", "Nicole J\u00e4ger": "Q42310265", "Katrin Bauerfeind": "Q1736694", "Temari Yatsuhashi": "Q55973225", "Ai Nakamura": "Q11365610", "Kaoruko Tsuji": "Q11318743", "ORIE": "Q11237567", "\u00c9lodie Poux": "Q60833556", "Akiko Yamamoto": "Q17230621", "Okuni Izumono": "Q11395912", "Pamela Leiva": "Q116972420", "Samantha Pressdee": "Q46914048", "Lotus Etrog": "Q102357141", "Hideko Hattori": "Q67498552", "Keiu Kriit": "Q16404277", "Jung Myeong-ok": "Q16091612", "Lee Ji Soo": "Q12612778", "Yuliya Akhmedova": "Q18044833", "Maichan": "Q11278121", "\uc724\uc9c0\uc601": "Q18684930", "Ursula Herlin": "Q106342510", "Daniela Delle Foglie": "Q124544499", "\u5f35\u5b5d\u4ec1": "Q12614799", "\u672c\u65e5\u306f\u6674\u5929\u306a\u308a": "Q11520388", "Cho Seung-hui": "Q16183308", "Haruna Kond\u014d": "Q11638820", "Naomi Yamamoto": "Q11468982", "Kelly Vrooman": "Q125741484", "Bono Daikan'yama": "Q11378244", "Christine de Boer": "Q19361377", "Bel\u00e9n Mora": "Q110044169", "Carolien Borgers": "Q2950614", "Ai Sakazaki": "Q11425112", "Yeka Rosales": "Q122349993", "Terumi Ishii": "Q11584828", "Alison Mandel": "Q5669043", "Janina Korn": "Q15820804", "Gelareh Abbasi": "Q16046437", "Olha Zhukovtsova-Kyiashko": "Q61114777", "Marika": "Q11341047", "Joyce Ilg": "Q1279837", "Choi Seo-in": "Q18203706", "Kim Hye-seon": "Q12589295", "Ami Sakura": "Q11382953", "\u0410\u043b\u0435\u043a\u0441\u0430\u043d\u0434\u0440\u0430 \u0424\u0438\u043b\u0438\u043f\u043e\u0432\u0438\u045c": "Q85991421", "Kee-Yoon Kim": "Q16648179", "Miyoko Yamanaka": "Q11466201", "\uc815\uc9c0\ubbfc": "Q13958588", "Inagakisaki Sakura": "Q11537661", "Keiko Enoue": "Q109820036", "Louisa N\u00ed \u00c9ide\u00e1in": "Q120648781", "Silvia Saige": "Q52151542", "Nurina Permata Putri": "Q12501027", "Barbie": "Q17350315", "Maako": "Q11278112", "\u30cf\u30e0\u30fb\u30d2\u30e7\u30b8\u30e5": "Q12624480", "Mikan": "Q17211451", "Rina Miyajima": "Q11454142", "Shiho Minami": "Q11407836", "Yurika Maeda": "Q11397484", "Michie Nakai": "Q11362891", "\u30aa\u30fb\u30ca\u30df": "Q12607755", "Heechan": "Q24875900", "Shiho Matsuura": "Q125202970", "Ch\u014dtokky\u016b Hikari": "Q11636291", "Julieanne Smolinski": "Q84387779", "Louise Korthals": "Q15878858", "Linda P": "Q12324520", "Alice Mangione": "Q111023672", "\uc591\uadc0\ube44": "Q19940382", "Alma Brami": "Q2839054", "\uc2e0\uace0\uc740": "Q12604094", "Ayu Dewi": "Q12472922", "Satoko Kadowaki": "Q11655096", "Miyuki Masuno": "Q28688038", "Nanako Ishide": "Q11585183", "Ayano \u014cta": "Q11444263", "\ubc15\uc740\uc601": "Q16082096", "Momomi Yoshino": "Q11414345", "Megumu Ogawa": "Q11460463", "\ud5c8\uc548\ub098": "Q12624855", "Yekaterina Varnava": "Q4103922", "Eri Takigawa": "Q11565153", "Tara Erickson": "Q113685977", "Katie Mulgrew": "Q67994519", "Carly Smallman": "Q79248809", "Seda Y\u00fcz": "Q123572005", "\uace0\uc740\uc601": "Q16177876", "\uc591\ud574\ub9bc": "Q12606463", "Floor van der Wal": "Q4598218", "\uc624\ub098\uc5f0": "Q18684830", "\uae40\uc9c4\uc544": "Q18203126", "Eri Okano": "Q11473936", "Lee Soo-ji": "Q13958607", "Kanae Shimizu": "Q11561229", "Ana Maria Miti\u010d": "Q20963062", "Chihiro Takada": "Q11672065", "\uc2e0\uc724\uc2b9": "Q13958628", "Yu Matoba": "Q24859568", "Paloma Salas": "Q124433935", "Ehra Madrigal": "Q5348607", "Katjana Gerz": "Q1736674", "Asaari Bibang": "Q106943990", "Constance": "Q2994791", "\ucc9c\uc218\uc815": "Q12618895", "\u00c1gota Dim\u00e9n": "Q60615230", "Yui K\u014dsaka": "Q11345536", "\uc870\uc131\ubbf8": "Q18685105", "\ucc9c\uc608\uc6d0": "Q18605807", "Choi Seol-a": "Q16172450", "Kylie Wang": "Q109347471", "\uae40\ud76c\uc6d0 (\ud76c\uadf9 \ubc30\uc6b0)": "Q13957144", "Franziska Singer": "Q27833509", "Isabella Maya": "Q104217994", "Julie Conti": "Q123465889", "Felicitas Badenius": "Q1264819", "Marchen Sunaga": "Q11344105", "\uc2e0\uc120\ubbf8": "Q18684678", "Vega Darwanti": "Q18421466", "\uc774\uc11c\ud604": "Q18684965", "Moa Svan": "Q4981368", "Ohka": "Q11538196", "Lolitazoku": "Q11350759", "Ry\u014dko Nakamura": "Q11365797", "Christine Morency": "Q64873768", "Yentl Schieman": "Q19361371", "Juliana Oliveira": "Q20142377", "Toranchu": "Q11455724", "Sense Bakuhatsu Onna": "Q38278669", "Sovereign Syre": "Q15846410", "Laura Laune": "Q47088585", "Versailles": "Q60229811", "Rita Hamzah": "Q109437055", "Yasuyo Inoue": "Q11372957", "\uae40\uc5ec\uc6b4": "Q18203116", "Mor Chen": "Q51002184", "Ai Sakai": "Q11644251", "Hyeon-jeong": "Q12964836", "Samantha Kureya": "Q66724587", "Buruma Konno": "Q11606237", "Shirley Souagnon": "Q3482359", "Xrysa Katsarini": "Q108443565", "Iryna Soponaru": "Q25441791", "Elizaveta": "Q11290933", "Seo Ji-yeon": "Q13014534", "Lonneke Dort": "Q55768633", "Mariana Cabral": "Q96184319", "pocoXgozen": "Q11238849", "Gitit Fisher": "Q73677318", "Gwendoline Soublin": "Q112560783", "Renata Torres": "Q123246834", "Matilda Berggren": "Q16161506", "Christine Eixenberger": "Q18620062", "Florence Mendez": "Q65124405", "Kathi Wolf": "Q114175431", "Gita Bhebhita": "Q25464041", "Tess Masazza": "Q111028386", "Heather McMahan": "Q123598062", "Sanae Kinbara": "Q11646591", "Airi Miyata": "Q11455149", "Eva Crutzen": "Q22943130", "Magical Ayaka": "Q11278244", "Luz Ald\u00e1n": "Q123190644", "Marie-Lyne Joncas": "Q105476023", "Y\u016b Yashiro": "Q11280308", "\ub0a8\ud6a8\ub098": "Q18683822", "Tom Yaar": "Q23950407", "Park So-yeong": "Q12596785", "Cecilie Steinmann Neess": "Q19724915", "Dorin Kario": "Q27020117", "\ubc15\uacbd\ub9bc": "Q18684083", "\uc131\uc740\ucc44": "Q12602069", "JayJay Jackpot": "Q90688906", "Asian Beauty": "Q11283315", "Mar\u00eda Paz Jorquiera": "Q6004431", "Molly Brown": "Q55750222", "Ga\u00eblle Bien-Aim\u00e9": "Q114612903", "\uc724\ubbf8\uc219": "Q19940731", "Tetyana Pesik": "Q27989925", "Soe Nsuki": "Q30524502", "Norah Yang": "Q116197725", "Audrey Baldassare": "Q126285066", "Fanny Garin": "Q123977907", "Ariana Baborie": "Q61780080", "Lai Ting Chun": "Q9346439", "Bianca Meyer": "Q113361359", "Amy Silverberg": "Q96629101", "\ucd5c\uc120\uc601": "Q18685226", "Vele Manenje": "Q124666518", "Seiko": "Q17160243", "\uae40\ub098\ud76c": "Q16079863", "Julia Prescott": "Q54985749", "Nanachan": "Q22119803", "Sandra Ilar": "Q4955610", "Wakiyashiki": "Q30933744", "Asuka Ishigaki": "Q11585410", "Jessica Karl\u00e9n": "Q16595413", "\uc774\uc218\ube48": "Q24856164", "Siri Seljeseth": "Q25428500", "Olga \u0141asak": "Q109880779", "\uc7a5\ub2e4\uc6b4": "Q18605711", "Hong Yoon Hwa": "Q11217296", "Ane Lindane": "Q121095828", "Yubeam": "Q24899955", "Sana": "Q11268133", "Kumiko Iwamasa": "Q24869764", "\uad8c\ubbf8\uc9c4": "Q12586075", "Yuka": "Q11557115", "Shihono It\u014d": "Q24897846", "Maruko": "Q11278621", "Lisa Loeb": "Q100998596", "Anne Neuteboom": "Q105550476", "Tania Dutel": "Q89218334", "Lebohang Mpyana": "Q123286892", "Yukina Yasuda": "Q11451089", "\uae40\ub9c8\uc8fc": "Q18604920", "Park Bomi": "Q18123185", "\uae40\ub2c8\ub098": "Q18815366", "Yumiko Naru": "Q11387696", "Taylor Ortega": "Q87256536", "Camille Giry": "Q76975237", "L\u00e2m V\u1ef9 D\u1ea1": "Q60614662", "Yuki Hoshino": "Q11277737", "Park Jin-joo": "Q19000025", "Hiccorohee": "Q20042470", "Buke no Onna": "Q21019460", "Yoshizumi": "Q52717457", "Rika Tanabe": "Q22128660", "Ginni Chatrath": "Q56703491", "\uae40\uba85\uc120": "Q18203113", "Nuyu Nuyuyu Yuyuyuyuyuyu": "Q28068077", "Yukie Sameshima": "Q20040395", "Tahnee": "Q75093360", "Swann P\u00e9riss\u00e9": "Q104727189", "Paola Molina": "Q124433985", "Kittan": "Q27918021", "Katie Marovitch": "Q119145998", "Haruna Ogawa": "Q125202969", "Thati Lopes": "Q76401391", "Lee Han-byoul": "Q19940859", "Isalill Kolpus": "Q117846120", "Yang Hye-ji": "Q19940408", "Mimie Haris": "Q97940588", "\u30d1\u30af\u30fb\u30bd\u30e9 (\u30b3\u30e1\u30c7\u30a3\u30a2\u30f3)": "Q12596781", "Nao Got\u014d": "Q43431573", "Mariana Mazza": "Q20139916", "\uae40\uc120\uc815": "Q31178385", "Asya Klimova": "Q111283141", "\uc784\ubbf8\ub098": "Q31178633", "Francesca Manzini": "Q86360415", "Yuriyan Retriever": "Q17209132", "Sofie Kaufmanas": "Q108923460", "Gaya Beer Gurevich": "Q54398522", "Morgane Cadignan": "Q104198047", "\u91d1\u93ae\u73e0": "Q28699229", "Kimie": "Q59134526", "Marie s'infiltre": "Q46993553", "Souri Akamine": "Q62601631", "Moa Lundqvist": "Q15734611", "Marimo Kosugi": "Q11460959", "Di\u1ec7u Nhi": "Q86006748", "Aleksandra Szcz\u0119\u015bniak": "Q116896794", "Shanthi Rydwall Menon": "Q61884111", "Serine Ayari": "Q108827679", "\ud64d\ub098\uc601": "Q12625342", "Hinata": "Q11388480", "Vena E.": "Q97666456", "Justine Lossa": "Q76975234", "Lisa Delmoitiez": "Q123469250", "Coco Belliveau": "Q109018651", "Gabriela Serpa": "Q119459302", "SaraLee Steiner": "Q73470844", "Maggie Mae Fish": "Q99461729", "Kristine Gr\u00e6ndsen": "Q114351505", "\u041d\u0430\u0441\u0442\u044f \u0417\u0443\u0445\u0432\u0430\u043b\u0430": "Q117210394", "\uae40\ubbfc\ud76c": "Q65238634", "Lee Eun-ji": "Q18444402", "Jess Hilarious": "Q111965863", "Denyzee": "Q113646069", "Kiki Litsaki": "Q102378129", "Tiago Santineli": "Q122423708", "Tahnee Schaffarczyk": "Q21582977", "\u30bd\u30f3\u30fb\u30d3\u30e7\u30eb\u30a4": "Q31178730", "Sakipon": "Q85868890", "Doris Maria Hauser": "Q21206737", "In\u00e8s Reg": "Q69497313", "Mala Barbie": "Q97306862", "Ramona M\u00f6\u00dfmer": "Q105204236", "Fadily Camara": "Q96374286", "Rosalie Vaillancourt": "Q27962749", "Diana Alexandra Pocol": "Q104320492", "Cody Lindquist": "Q56649528", "\ucd5c\ud76c\ub839": "Q55735077", "Ofir Sgerski": "Q110151954", "Hogaraka Satonaka": "Q115530313", "Christina Kirkman": "Q5110806", "Nana Takamatsu": "Q17160632", "Nakashi": "Q40037605", "Marina Fujiwara": "Q18460021", "Ayya Renita": "Q19724077", "Nico Naraoka": "Q22129498", "Emi Oomatsu": "Q30927684", "Kiky Saputri": "Q97198487", "Lola Dubini": "Q107435186", "Marta Filippi": "Q115333463", "Mahaut Drama": "Q119860473", "Mihotoke": "Q66828523", "Nury Zhafira": "Q56390878", "Keiko Matsuura": "Q24871388", "Alima Togola": "Q109926106", "Fanny Ruwet": "Q85118274", "Carla N\u00fa\u00f1ez": "Q119981773", "Michelle Desrochers": "Q111686001", "Idol Torigoe": "Q109287492", "Sasha Kapadya": "Q83492928", "Natalie Cuomo": "Q113468035", "Maria Stavang": "Q65233544", "Marie de Brauer": "Q125632004", "Leah Lev": "Q29789426", "Ebere Ada": "Q113644925", "Chiyori Nakanishi": "Q5359577", "Tereza Hossa": "Q107405415", "Ryma Gembala": "Q97206434", "Ng\u1ecdc Ph\u01b0\u1edbc": "Q117101336", "Amarachi Amusi": "Q113585531", "Riley Burke": "Q118849615", "Maialen Sorzabalbere": "Q64362240", "Ikachan": "Q38279157", "Mayan Lopez": "Q55970774", "Daniela Darcourt": "Q59175608", "Asuka Moriyama": "Q27151075", "\uc5c4\uc9c0\uc724": "Q79404628", "Galatia Gea Amanda": "Q110054504", "Kemi Ikuseedun": "Q108215249", "Liel Eli": "Q116458380", "Chelsi Shikongo": "Q107473361", "Momoka Kurata": "Q112320766", "Aci Resti": "Q28723701", "Arafah Rianti": "Q28723795", "Oyirum": "Q115465562", "Nikki Verhoeven": "Q112031403", "Eve Kulmala": "Q106530283", "Neneng Wulandari": "Q97191554", "Ezeani Chinaza": "Q113686797", "Yasuko": "Q105703968", "Eva Jin": "Q108454605", "Apaokagi Maryam": "Q108188875", "Maria Clara Groppler": "Q96788100", "Claudia Napolitano": "Q106477673", "Deepika Pilli": "Q102363608", "Sophia Chisom Ikemba": "Q113646170", "Aurora Leone": "Q106477669", "Jos\u00e9e Boudreault": "Q3186629", "Emma Hansson": "Q4952598", "Yered Licona": "Q113532568", "Eva Eiselt": "Q1379166", "Gerlis Zillgens": "Q1513774", "Susi Aeberhard": "Q1747654", "Constanze Lindner": "Q17425393", "Yui Date": "Q47464905", "Mercy Kenneth Okonkwo": "Q109500938", "Caramel Plug": "Q105474132", "Talya Bartfeld": "Q115189535", "Maeve Press": "Q99228286", "Lie Reposposa": "Q106962856", "Jovanka Steele": "Q2786846", "Ma\u00edra Dvorek": "Q10327898", "Peru": "Q11277675", "Silk": "Q11308339", "Madoka": "Q11340670", "Akinai Nakamori": "Q11366261", "Ky\u014dko Inui": "Q11370635", "Naomi Sasaki": "Q11382338", "Sayoko Tsukishiro": "Q11516013", "Milka": "Q11609299", "Takako Nishida": "Q11629182", "Melissa Sturm": "Q12949655", "\ubb38\uc9c0\uc5f0": "Q16090162", "Andrea Walker": "Q16560793", "\uc625\uc740\ud61c": "Q18605545", "Libby Pollack": "Q20609413", "Amy Phillips": "Q27487537", "Dominique Chalbot": "Q33083483", "Zeinab Mousavi": "Q35864513", "Eeva Vekki": "Q50550345", "Katy Stoll": "Q50737063", "Claudine Claudio": "Q55452885", "\ucd5c\uc18c\uc5f0": "Q55735009", "Maude Landry": "Q57269562", "Sarah Breese": "Q59263556", "Sara Lee Anderson": "Q60312217", "Emmy Blotnick": "Q60564877", "Biz Ellis": "Q61767498", "Ginette Mohr": "Q62258863", "Martha Kay": "Q62570853", "Deanna Kangas": "Q63406002", "Siobhan Phillips": "Q64285028", "Lucy Trodd": "Q64415974", "Nicole Silverberg": "Q64846902", "Dana Alexander": "Q65548351", "Amelie Albrecht": "Q65549289", "Sarah Pappalardo": "Q67175499", "Beth Newell": "Q67175534", "Eliza Skinner": "Q67203107", "Angel Campey": "Q67584450", "Jane Waller": "Q86591957", "Zelma G\u00e1lvez": "Q91982633", "Mar\u00eda Victoria Santana": "Q92949312", "Ariel Myren": "Q93335597", "Angela Galanopoulos": "Q94969290", "Rekha Shankar": "Q95014010", "Isabella Roland": "Q95702252", "Sophia Johnson": "Q95746805", "Giovanna Castro": "Q96617336", "Doully": "Q96757533", "Corinne Britti": "Q97777384", "Von Decarlo": "Q97999937", "Fatimah Taliah": "Q97999951", "Sarah Schubert": "Q97999955", "Becky Yamamoto": "Q99772971", "Marilla Wex": "Q101956091", "Tom Antopolsky": "Q102320330", "Effie Pearson": "Q102435961", "Samantha Ruddy": "Q102728611", "Julie Ringuette": "Q103818698", "Katerina Vrana": "Q104445296", "Christine Nangle": "Q104531993", "Justine Smith": "Q104624627", "Tami Gingold": "Q104764386", "Chikako Honma": "Q105258201", "Vera van Zelm": "Q105359043", "Pupinia Stewart": "Q105754750", "Noa Manor": "Q105811882", "Lillian Fitzgerald": "Q106414635", "Fujiko Tonkocchan": "Q106478446", "Lulu Keegan": "Q106587215", "Cathie Sheat": "Q106814636", "Pilar de Francisco": "Q106929430", "Christie Nicholls": "Q107140604", "Ksenia": "Q107492473", "Yumechan": "Q108109366", "Mio Ikewaki": "Q108110154", "Sophia Ojireoghene": "Q108196285", "Dickson Ruth": "Q108320949", "Anozie Chiamaka Beryl": "Q108321084", "Holly Burn": "Q108510649", "Ver\u00f3nica G\u00f3mez": "Q108688246", "Laura Grey": "Q108782115", "Marie-Laure": "Q109044425", "Eleanor J. Kerrigan": "Q109303359", "Heidi Regan": "Q109426255", "Anna Osi\u0144ska": "Q109712840", "Alejandra Otero": "Q109851979", "Tausi Mdegela": "Q109860071", "Yoko Yamada": "Q109923025", "Sweizayne": "Q109926132", "Jonna Nummela": "Q110233926", "\u9f8d\u9f8d": "Q110406366", "Karle Gwen": "Q110904798", "Katie McVay": "Q111337317", "Maja Bloom": "Q111435419", "Marie-France Duquette": "Q111444350", "M\u00e9lanie Alain": "Q111444850", "Diane Garneau": "Q111444935", "Cathleen Rouleau": "Q111445051", "Cindy Turmel": "Q111445082", "Nadia Campbell": "Q111445438", "M\u00e9lanie Couture": "Q111445459", "Daphn\u00e9 L\u00e9tourneau": "Q111445584", "Johanne Drapeau": "Q111449200", "Catherine Hamann": "Q111449222", "H\u00e9l\u00e8ne Paquette": "Q111449278", "Isabelle Constant": "Q111450100", "Silvi Tourigny": "Q111450260", "Julie Blondeau": "Q111454120", "\u00c9milie Boss\u00e9": "Q111454152", "C\u00e9line Brassard": "Q111454258", "Jocelyne Charron": "Q111454447", "Manal Drissi": "Q111454847", "Manon Ducharme": "Q111454862", "Claudine Dunn": "Q111454887", "Catherine Ethier": "Q111454934", "Maryl\u00e8ne Gendron": "Q111455130", "H\u00e9l\u00e8ne Godbout": "Q111455186", "Myriam Kessiby": "Q111455346", "Lyse Lanthier": "Q111455538", "Vanessa Larose": "Q111455560", "Mathilde Laurier": "Q111455574", "Lise Maurais": "Q111455846", "Emilie O. Ouellette": "Q111455965", "Lyne Ra\u00eeche": "Q111456172", "Danielle Robert (Roy)": "Q111456238", "Magali Saint-Vincent": "Q111456282", "Jessy Sheehy": "Q111456324", "Janaye Henry": "Q111535499", "Liv McKenzie": "Q111535506", "Kath Hughes": "Q111851453", "Nina Prestigiovanni": "Q113163452", "Izzy Askwith": "Q113453207", "Sasha Ellen": "Q113453234", "Suzy Bennett": "Q113461812", "Sharon Mannion": "Q113461908", "Rachel Stubbings": "Q113461936", "Laura Smyth": "Q113470584", "Rosemary Cann": "Q113581075", "Mariam Oyakhilome": "Q113605879", "Erkuah Official": "Q113640284", "Datwarrigirl": "Q113666262", "Alexandra Filotei": "Q114928074", "Jackie Jennings": "Q115121766", "Sarah Wood": "Q119605823", "Carolyn Bergier": "Q115860931", "Melody Kamali": "Q115868465", "\u5410\u63d0\u53e4\u4e3d\u00b7\u70ed\u6770": "Q115920339", "Gina Mulumba": "Q115977174", "Thongbotho Mogatle": "Q116850022", "Bonno Bambino Seloka": "Q116867628", "Jill Benjamin": "Q117083430", "Eva Anderson": "Q117304026", "S\u00e9lavie": "Q117338360", "Tracy Wiu": "Q117940673", "Jennifer Ackerman": "Q118129348", "Cindy Marino": "Q119422023", "Claudia Serpa": "Q119437538", "Ummi Quary": "Q119802398", "Amy Miller": "Q120728568", "Tiffany Jenkins": "Q121068874", "Braising Girl": "Q121788763", "Isabelle Pirot": "Q122676818", "Monique Reymond": "Q123129236", "Gachi Rivero": "Q123440032", "Tara Lina Shahin": "Q123503400", "Tamara Payne": "Q123753539", "Claire Eden Contreras": "Q123989402", "P\u0131nar Fidan": "Q123998578", "Maja Piwo\u0144ska-Janeczko": "Q124625926", "Pascale Wilson": "Q124749548", "Lauren Hope Krass": "Q124815474", "S\u00e9raphine Mapendo": "Q125210207", "Karol Blum": "Q125386019", "Paula San Mart\u00edn": "Q126370660"}