{"Marie Gr\u00fcnner": "Q125131245", "Magna Sartz": "Q18756067", "Evgeni\u00e2 \u00c8duardovna Lineva": "Q19819644", "Fanny G\u00e6tje": "Q18759120", "Cato Loman": "Q97292801", "Isabel de la Calle": "Q62129187", "Suzanna Maria van Woensel Kooy": "Q2285162", "R\u016f\u017eena Valentov\u00e1": "Q95103989", "M.C. Grimberg-Huyser": "Q116196000", "Maximilian Albrecht": "Q109296875", "Ildefonsa M\u00fagica Azc\u00e1rate": "Q85871286", "Marta Linz": "Q42399258", "Leida Hulscher": "Q17351350", "Platon\u00ecda Rosynevy\u010d": "Q12172824", "Claude Crussard": "Q59530925", "Ida Fischer-Colbrie": "Q63479856", "Anne Benn": "Q56260895", "Anna Polmanov\u00e1-Precl\u00edkov\u00e1": "Q18564383", "Gertruda Konatkowska": "Q9267591", "Anda Kitschman": "Q9150836", "Marie Ku\u010derov\u00e1-Herbstov\u00e1": "Q95146404", "Wac\u0142awa Sakowicz": "Q9369903", "Kitty Fred\u00e9n": "Q123502577", "Thordis Louise Ottenson Gudmunds": "Q61973846", "Anna Horn\u00edkov\u00e1": "Q125580053", "Anny Roth-Dalbert": "Q72929019", "Maria Feodorovna Zarinskaya": "Q1901798", "\u0413\u043e\u043b\u0438\u043d\u0441\u044c\u043a\u0430 \u0413\u0430\u043b\u0438\u043d\u0430 \u042f\u043a\u0456\u0432\u043d\u0430": "Q86972819", "Sara Augusta Guarnieri": "Q109354651", "Elizabeth A. H. Green": "Q15807853", "Marie Foss": "Q11988265", "Carmen Studer": "Q63485943", "Linda Saul": "Q1825896", "Josepa Sell\u00e9s i Castells": "Q65032810", "Ona Razutien\u0117": "Q12667253", "Pilar P\u00e9rez Malla": "Q19301599", "Morine A. Nyquist": "Q2312046", "Irena Dylevi\u010dien\u0117-Jasenauskait\u0117": "Q12656850", "Grethe Kolbe": "Q12314304", "Marit Tennfjord": "Q11988357", "Jo Mulder": "Q2183214", "Peter Lipar": "Q65936025", "Katinka D\u00e1niel": "Q18192336", "Aasa Ellerhein": "Q48645138", "Yelizaveta Kudryavtseva": "Q4244611", "Tatsyana Kalamiytsava": "Q18243816", "Vlasta \u0160mejkalov\u00e1": "Q95147441", "Florica Dimitriu": "Q16593326", "Mie Yonekura": "Q85883149", "Galina Krivoshapko": "Q15630593", "Milda Stenslerien\u0117-Janu\u0161onyt\u0117": "Q12665512", "Nina Meshko": "Q4292461", "Ortrud Mann": "Q4280516", "Aldona Babinien\u0117-Motiekaityt\u0117": "Q16443002", "Ruth Hillman": "Q16341967", "Jarmila Bartejsov\u00e1": "Q95145538", "Aleksandra Prokoshina": "Q4380418", "Zenona Gylien\u0117-Lel\u0117nait\u0117": "Q12678886", "Joyce Brown": "Q124037701", "Johanna Blum": "Q4088458", "Herma Kramm": "Q15987225", "Marija Sasnauskien\u0117": "Q12664485", "Willemina Zijlstra": "Q43258210", "Elise Popovici": "Q106644539", "Margrethe Erikstad": "Q17058007", "Pia Gilbert": "Q2091757", "Ria Borgmeijer": "Q125173617", "Radosveta Boyadzhieva": "Q25483372", "Hanna Zelyankova": "Q4190280", "\u0413\u043b\u0456\u0431\u043e\u0432\u0438\u0447 \u041e\u043b\u0435\u043d\u0430 \u042e\u0440\u0456\u0457\u0432\u043d\u0430": "Q107230845", "Lidia Axionov": "Q15063941", "Edit Hovig": "Q11966528", "Lilyana Bocheva": "Q12284901", "Ebe Bedrune": "Q54800735", "Andr\u00e9e Colson": "Q2848936", "Irena Porvaneckien\u0117-Adomaityt\u0117": "Q16453013", "Ira Trillj\u00e4rv": "Q16407346", "Virginia Babikian": "Q106513514", "Neriman Alt\u0131nda\u011f T\u00fcfek\u00e7i": "Q6087678", "\u0410\u043d\u043a\u0443\u0434\u0438\u043d\u043e\u0432\u0430, \u0420\u043e\u0437\u0438\u0442\u0430 \u0410\u043d\u0434\u0440\u0438\u0430\u043d\u043e\u0432\u043d\u0430": "Q10948957", "Margret Birkenfeld": "Q1895403", "Danut\u0117 Einikien\u0117-Dovyd\u0117nait\u0117": "Q12652313", "Heli Martin": "Q16403128", "Nade\u017eda Kazakauskien\u0117": "Q12666236", "Krystyna Winowicz": "Q106651549", "Elena Mikalauskait\u0117-Kri\u0161\u010di\u016bnien\u0117": "Q12653973", "Veronica Gar\u0219tea": "Q4134003", "\u0412\u0456\u0434\u0443\u043b\u0456\u043d\u0430 \u0410\u043b\u0456\u0441\u0430 \u041a\u043e\u0441\u0442\u044f\u043d\u0442\u0438\u043d\u0456\u0432\u043d\u0430": "Q117883564", "Bron\u0117 Sutkevi\u010dien\u0117-Beganskait\u0117": "Q12651466", "Dolors Sendra Bordes": "Q60630820", "Lyudmila Yermakova": "Q4176481", "Benedikta Andriu\u0161yt\u0117-Dailydien\u0117": "Q12650672", "Huang Xiaofei": "Q11176446", "Danuta Uhl-Herkoperec": "Q112489195", "Evelina \u010cepkauskien\u0117-Juozapavi\u010di\u016bt\u0117": "Q12654219", "Danguol\u0117 Vaitkut\u0117": "Q12652269", "Margarita Dvarionait\u0117": "Q12664409", "Gino Basille": "Q41019354", "Val\u00e9ria Botka": "Q848461", "Hana Schillerov\u00e1": "Q95395503", "Hedy Salquin": "Q26883860", "Janina Adomonyt\u0117": "Q16453189", "Aldona Pulauskien\u0117-Kvaraciej\u016bt\u0117": "Q12647459", "Margarita Gedvilait\u0117": "Q12664407", "Anne Posthumus": "Q2678575", "Izabella Ivanova": "Q15067313", "Aviva Einhorn": "Q118342376", "Birut\u0117 Razauskien\u0117-Daukintait\u0117": "Q12651030", "Carla Kimhi": "Q120733598", "Jantina Noorman": "Q61000011", "Ji\u0159ina Uherkov\u00e1": "Q106150329", "Elita Sokolovskaya": "Q97547421", "Rositsa Batalova": "Q12292567", "Romualda Varneckien\u0117-Kuodyt\u0117": "Q16471455", "Albina Katinien\u0117-Veli\u010dkait\u0117": "Q16442958", "Elona Bubinait\u0117": "Q16450444", "Gra\u017eina Vai\u0161norait\u0117": "Q12655858", "Liucija Ragai\u0161ien\u0117-\u017didonyt\u0117": "Q12663723", "Nazyl B\u00e1ez Finol": "Q1972696", "Joana \u0160imkut\u0117": "Q16453403", "Elena \u0160ulcait\u0117-Jak\u0161tien\u0117": "Q12653994", "Nijol\u0117 Jautakien\u0117-Jankauskait\u0117": "Q12666863", "Monica N\u00e8ve": "Q1725879", "Chiaki Murakawa": "Q11523240", "Liliya Gyuleva": "Q75930223", "Irena Kuzmien\u0117-Gokait\u0117": "Q12656858", "\u0411\u0438\u043a\u043c\u04e9\u0445\u04d9\u043c\u04d9\u0442\u043e\u0432\u0430 \u0420\u0438\u0437\u04d9\u043b\u04d9 \u041c\u0438\u04a3\u043d\u0443\u043b\u043b\u0430 \u04a1\u044b\u0499\u044b": "Q124526281", "Julija Naud\u017ei\u016bnait\u0117": "Q16453996", "Alla Vasilyeva": "Q28665323", "Anne-Marie Deschamps": "Q109540524", "Irina Anniko": "Q16403976", "Dalia Atlas": "Q16339172", "Julija Lisauskien\u0117": "Q12658137", "Adel\u0117 Petro\u0161i\u016bt\u0117": "Q16442718", "Zofia Urbanyi-Krasnod\u0119bska": "Q16620427", "Bernice Brummer": "Q110862816", "Aldona Krik\u0161taponien\u0117-Pajadait\u0117": "Q16443012", "Nijol\u0117 Domarkien\u0117-\u0160imonyt\u0117": "Q16465732", "Lu\u010dka Kralj Jerman": "Q61329359", "Dalia Norkien\u0117-Gaidamavi\u010diut\u0117": "Q12652204", "Marija Aldona Aleknien\u0117-Ju\u0161kait\u0117": "Q16459800", "Janet Canetty-Clarke": "Q124691412", "Elena Ai\u017einien\u0117-Atko\u010di\u016bnait\u0117": "Q16450395", "Shigeko Saji": "Q17991900", "Laima Rimkevi\u010di\u016bt\u0117-Dabrien\u0117": "Q12662295", "Norunn Illevold Giske": "Q17063702", "Alena Huskov\u00e1": "Q18745752", "Mar\u00eda Dolores Marco": "Q46239554", "Aldona Kvedarait\u0117": "Q16443014", "Nijol\u0117 Jautakien\u0117-Stankut\u0117": "Q12666865", "Karin Trow": "Q3193260", "Justina Kone\u010dn\u00e1": "Q112356149", "\u0492\u04e9\u0431\u04d9\u0439\u0499\u0443\u043b\u043b\u0438\u043d\u0430 \u0417\u04d9\u0439\u0442\u04af\u043d\u04d9 \u0425\u0430\u0442\u0438\u043f \u04a1\u044b\u0499\u044b": "Q124654214", "Elena Petkien\u0117-Vareikait\u0117": "Q12653976", "Ona Strazdien\u0117-Juknait\u0117": "Q12667254", "Mariia Protseviat": "Q28702204", "Laimut\u0117 Leimonien\u0117-Mikul\u0117nait\u0117": "Q16457974", "Irena Budri\u016bnien\u0117-Jurgel\u0117nait\u0117": "Q16452980", "Eva Svanholm Bohlin": "Q4981380", "Anel\u0117 Ali\u0161auskien\u0117-Maro\u0161\u010dikait\u0117": "Q12648438", "Aldona Visockien\u0117-Gu\u0161\u010dait\u0117": "Q16443031", "Stefa Rimkevi\u010di\u016bt\u0117": "Q12673893", "Irena Lebiodait\u0117-Rudgalvien\u0117": "Q16452996", "Darinka Mati\u0107 Marovi\u0107": "Q12745024", "\u017dyginta Barauskien\u0117-Zavadskyt\u0117": "Q12681003", "Nel\u0117 Gricien\u0117-Narbutait\u0117": "Q16465591", "Marija Kurto-Mikas\u0117nail\u0117": "Q12664477", "Irena Valiulyt\u0117-Bataitien\u0117": "Q12656888", "Francine Aubin": "Q47472013", "Aldona Petrulaitien\u0117-Liukpetryt\u0117": "Q16443025", "Wendy Pomroy": "Q120651162", "Eugenia V\u0103c\u0103rescu Necula": "Q12727847", "Lina Dumbliauskait\u0117": "Q16459107", "Vera Matora-Tauragien\u0117": "Q16475825", "Stefka Blagoeva": "Q12295352", "Danut\u0117 Pe\u010dkaitien\u0117-Majauskait\u0117": "Q12652332", "Adel\u0117 \u010cypien\u0117-Ku\u010dyt\u0117": "Q16442720", "Liucija Valatkien\u0117-Varneckyt\u0117": "Q12663724", "Marija Tautkuvien\u0117-Piliutyt\u0117": "Q16459831", "Rita Pilypait\u0117-Jurgaitien\u0117": "Q12671476", "Solvieg \u00c5gren": "Q4991017", "Petya Pavlovich": "Q19204680", "\u8d99\u8c9e\u6797": "Q11271445", "Janina Eivien\u0117-Ju\u0161kut\u0117": "Q12657185", "Albina Pug\u017elien\u0117-Rainyt\u0117": "Q12647391", "Anel\u0117 Bili\u016bnait\u0117": "Q16443724", "Svitlana Vashchenko": "Q107722628", "Kerstin Nerbe": "Q4969183", "Janina Ka\u0161kauskien\u0117-Ro\u017eyt\u0117": "Q16453200", "Dalia Stan\u010diukien\u0117-Taurinskait\u0117": "Q12652208", "Danguol\u0117 Galinauskien\u0117-Urbanavi\u010diut\u0117": "Q12652264", "France Duhamel": "Q117192702", "Albina Norvai\u0161ait\u0117-Jakubonien\u0117": "Q12647394", "Regina Vitkauskien\u0117-Tind\u017eiulyt\u0117": "Q12671135", "Daina \u0160urnien\u0117-Baltru\u0161yt\u0117": "Q16446816", "Genovait\u0117 Jokubauskien\u0117-\u0160teimantait\u0117": "Q12655247", "Stanislava Jareckait\u0117": "Q16473064", "\u010ceslava Pimpien\u0117-\u017demaityt\u0117": "Q16477654", "Zinaida Gerasina": "Q12678967", "Gra\u017eina Vir\u017eonien\u0117-Petrauskait\u0117": "Q12655860", "Zina Berta\u0161i\u016bt\u0117-Jareckien\u0117": "Q16477473", "Genovait\u0117 Gokait\u0117-Maironien\u0117": "Q16451349", "Ramona Vainait\u0117-Vele\u017eien\u0117": "Q16470672", "Paulina Keparutyt\u0117-Grigali\u016bnien\u0117": "Q16468996", "Irena Nakien\u0117-Kontautait\u0117": "Q16453006", "Rita Skirsgilien\u0117-Le\u0161\u010diukaityt\u0117": "Q12671481", "J\u016brat\u0117 Kazimier\u0117nait\u0117": "Q12659006", "Marijona Janulaityt\u0117-Dalangauskien\u0117": "Q16459860", "Zita Abromaityt\u0117": "Q12678974", "Elena Janu\u0161aitien\u0117-Makarevi\u010di\u016bt\u0117": "Q12653967", "Stas\u0117 Budginien\u0117-Karolevi\u010di\u016bt\u0117": "Q16473276", "Brigitte Siebenkittel": "Q916677", "Vanda Luko\u0161i\u016bt\u0117-Ge\u010dien\u0117": "Q12676528", "Zenona Makarskait\u0117-Zakien\u0117": "Q12678887", "Danguol\u0117 A\u017eaneckien\u0117-Juci\u016bt\u0117": "Q16446946", "Liucija Palinauskait\u0117": "Q16459254", "Kerstin Ek": "Q16594656", "Marjatta Merit\u00e4hti": "Q16987568", "Roma Kazlauskien\u0117-Kara\u0161kait\u0117": "Q12671621", "Chitaru Asahina": "Q11517654", "Erika Budovait\u0117-Mackelien\u0117": "Q12654085", "Ene Peiker": "Q123959128", "Chrissy Lee": "Q28651053", "Giannella De Marco": "Q28801795", "Rima \u0160idlauskien\u0117-Zigmantait\u0117": "Q12671297", "Joana Jablonskien\u0117-Kervyt\u0117": "Q16453396", "Irena Paugien\u0117-Paliukait\u0117": "Q12656872", "Regina Karpavi\u010di\u016bt\u0117-Juronien\u0117": "Q12671122", "Leokadija Ol\u0161auskait\u0117-Janu\u0161kien\u0117": "Q12662851", "Gra\u017eina Navasaitien\u0117-Did\u017eiokait\u0117": "Q16452041", "\u00deorger\u00f0ur Ing\u00f3lfsd\u00f3ttir": "Q11315405", "\u00c9liane Lavail": "Q103925177", "Gillian Anderson": "Q98461252", "Elke Mascha Blankenburg": "Q1331543", "Birut\u0117 Gudelionyt\u0117-Abromavi\u010dien\u0117": "Q16445872", "Janina Mikalaj\u016bnien\u0117-Kareniauskait\u0117": "Q12657212", "Agnes Grossmann": "Q4150327", "Zita \u017delvien\u0117-Juzumait\u0117": "Q12679001", "Antanina Gecevi\u010di\u016bt\u0117-Lauren\u010dikien\u0117": "Q12648833", "Vida Rimaityt\u0117": "Q12677023", "Danut\u0117 Dumbrait\u0117-Vai\u010diulionien\u0117": "Q12652312", "Anel\u0117 Kaulinyt\u0117": "Q12648434", "Audron\u0117 Purlien\u0117-Piekut\u0117": "Q12649515", "R\u016bta Gatelien\u0117-Kemzurait\u0117": "Q16471790", "Eilat Junger Hoffmann": "Q6628995", "Birut\u0117 Ei\u0161montien\u0117-Raudonyt\u0117": "Q16445868", "Satoko Kondo": "Q18226563", "Digna Guerra Ram\u00edrez": "Q55688309", "Genovait\u0117 Jaseli\u016bnien\u0117-Veli\u010dkait\u0117": "Q16451351", "Kornelija U\u017eemeckien\u0117-Skavidyt\u0117": "Q12661161", "\u0413\u0430\u043b\u0438\u043d\u0430 \u0413\u043e\u0440\u0431\u0430\u0442\u0435\u043d\u043a\u043e": "Q55086180", "Birut\u0117 Dauginyt\u0117": "Q12651000", "Stas\u0117 \u017dukien\u0117-Luko\u0161iunait\u0117": "Q12673831", "Tiiu Otsus": "Q123980465", "Angel\u0117 Zubien\u0117-Petrauskait\u0117": "Q12648449", "Marija Luk\u0161ait\u0117-Savickien\u0117": "Q16459821", "Eva Ekdahl": "Q4946044", "Kjerstin Sikstr\u00f6m": "Q55387693", "\u0422\u0430\u043c\u0430\u0440\u0430 \u0410\u043b\u044f\u043a\u0441\u0430\u043d\u0434\u0440\u0430\u045e\u043d\u0430 \u0428\u0430\u0444\u0440\u0430\u043d\u0430\u0432\u0430": "Q19284232", "Chantal Wuhrmann": "Q124880720", "Anne Johansson": "Q4956898", "Darina Tur\u0148ov\u00e1": "Q12764393", "Lehte Aava": "Q16407533", "J\u016brat\u0117 Jaudegyt\u0117": "Q12659000", "Marta D\u0105browska": "Q11770561", "Nemira Masiulyt\u0117-Stapleton": "Q16465613", "Izabela Targo\u0144ska": "Q11714695", "Veselina Kanaleva": "Q25478109", "Dora Hristova": "Q12279041", "Hortense von Gelmini": "Q1630206", "Irena Gra\u017eulyt\u0117": "Q16452986", "Kati H\u00e4m\u00e4l\u00e4inen": "Q11870348", "Leokadija Ginelevi\u010dien\u0117-Klimantavi\u010di\u016bt\u0117": "Q12662850", "Onut\u0117 Aleknavi\u010dien\u0117-Prokurenkait\u0117": "Q16467835", "Alicja Mounk": "Q100235316", "Natalija Afanasjeva": "Q12666351", "Audron\u0117 Marcinkevi\u010di\u016bt\u0117": "Q16444721", "Claude Manlay": "Q50358735", "Alina Kowalska-Pi\u0144czak": "Q60837927", "Elizabeth Cooper": "Q3051199", "Katalin V\u00e1radi": "Q21065217", "Lydia Rahula": "Q12369162", "Ene Ahven": "Q18624691", "Stefa Stonien\u0117-Peleni\u016bt\u0117": "Q12673892", "Svetla Beshovishka": "Q12293283", "Ona Radzevi\u010dien\u0117-Butkut\u0117": "Q12667246", "Janina Gru\u0161ien\u0117-Vai\u0161vilait\u0117": "Q12657187", "Violeta Zali\u0161auskait\u0117-Tursien\u0117": "Q16476579", "Elena Herrera Peraza": "Q55941186", "Andr\u00e9e-Claude Brayer": "Q124635464", "Rita Vilien\u0117-Abromaityt\u0117": "Q16471272", "Emilija \u0160eduikyt\u0117": "Q16450482", "Ieva Lazd\u0101ne": "Q22083820", "Inka Stampfl": "Q95192125", "Birut\u0117 \u0160e\u0161kauskien\u0117-Matulyt\u0117": "Q12651034", "Halina Coniewicz": "Q95444977", "Halina Zdzis\u0142awa Goniewicz-Urba\u015b": "Q118469512", "Joanna Wnuk-Nazarowa": "Q11727556", "Virginija Junevi\u010dien\u0117-Kacinkevi\u010di\u016bt\u0117": "Q12677781", "Teres\u0117 Grei\u010diuvien\u0117-Lipeikait\u0117": "Q16474083", "R\u016bta Zandavait\u0117": "Q12672097", "Adel\u0117 Piragyt\u0117": "Q16442719", "Irena Ju\u0161kevi\u010di\u016bt\u0117-Paplonskien\u0117": "Q16452988", "Irena Visockien\u0117-\u0160umauskait\u0117": "Q16453027", "Emily Crocker": "Q112702329", "Ronit Shapira": "Q6576608", "Anna-Sophie Br\u00fcning": "Q28847531", "Ma\u0142gorzata Bornowska": "Q30034590", "Laurie San Martin": "Q50279310", "Helena Tomaszek-Plewa": "Q64733582", "Honorata Cybula": "Q76011094", "Anna Janosz": "Q81701198", "El\u017cbieta Wtorkowska": "Q81753111", "Palmyra Briedien\u0117-Navickait\u0117": "Q16468538", "Eurydice V. Osterman": "Q2167583", "Danut\u0117 Petraitien\u0117-Kirkickyt\u0117": "Q16447013", "Birut\u0117 Aleknait\u0117": "Q12650992", "Paula Creamer": "Q106875351", "Judith Williams-Gartrell": "Q107345828", "\u0410\u043b\u0435\u043d\u0430 \u041a\u0430\u043d\u0441\u0442\u0430\u043d\u0446\u0456\u043d\u0430\u045e\u043d\u0430 \u0421\u0430\u043a\u0430\u043b\u043e\u0432\u0430": "Q28805867", "Zita Kariniauskien\u0117-Kavali\u016bnait\u0117": "Q12678980", "Lina Valutkevi\u010dien\u0117-Kaminskait\u0117": "Q12663569", "Stas\u0117 Ma\u017eevi\u010dien\u0117-Baublyt\u0117": "Q12673828", "Laurie J. Lafferty": "Q15838321", "Rosalind Halton": "Q99570958", "Genovait\u0117 Kumpien\u0117-Leimontait\u0117": "Q12655257", "Valli Ilvik": "Q115948834", "Giedrut\u0117 Idzelien\u0117-Bal\u010di\u016bnait\u0117": "Q12655394", "Rita Ferrer i Miquel": "Q23008274", "Vida Kuzminskien\u0117-Idzelyt\u0117": "Q12677020", "Natalija Krupavi\u010di\u016bt\u0117": "Q12666355", "Adolfina Arlauskien\u0117-Danikauskait\u0117": "Q16442741", "Irena Abaryt\u0117-Stanevi\u010dien\u0117": "Q16452971", "Larisa \u0160iaulien\u0117-Mantulina": "Q16458107", "Annerose R\u00f6der": "Q124880785", "Ada Pelleg": "Q6750206", "Alina Valentinavi\u010dien\u0117-Aleksandravi\u010di\u016bt\u0117": "Q12648001", "Katalin Incze G.": "Q12350550", "Naomi Faran": "Q6563959", "Danguol\u0117 Lukauskien\u0117-Puronait\u0117": "Q16446951", "Rasa Kubili\u016bt\u0117-Mauragien\u0117": "Q16470782", "Nvart Andreassian": "Q32592721", "Zenaida Castro Romeu": "Q65161400", "\u0422\u0430\u043c\u0430\u0440\u0430 \u0413\u0430\u045e\u0440\u044b\u043b\u0430\u045e\u043d\u0430 \u0421\u043b\u0430\u0431\u043e\u0434\u0447\u044b\u043a\u0430\u0432\u0430": "Q106289332", "Nijol\u0117 Klimavi\u010dien\u0117-Druktenyt\u0117": "Q12666866", "Birut\u0117 Jo\u010dien\u0117-\u017daliaduonyt\u0117": "Q12651009", "Gabriella Carli": "Q59905766", "Gis\u00e8le G\u00e9rard-Tolini": "Q3107816", "\u00c9lise Gauthier-Villars": "Q3587948", "Regina Gir\u010dien\u0117-Sabokonyt\u0117": "Q12671117", "Jana Veverkov\u00e1": "Q95371385", "Y\u014dko Matsuo": "Q11529695", "Kadri Leppoja": "Q16406299", "Zita Belkut\u0117": "Q12678973", "Vitalija Luko\u0161evi\u010di\u016bt\u0117-Valeikien\u0117": "Q12677895", "Nijol\u0117 Vai\u010diulien\u0117-Paulauskait\u0117": "Q16465744", "Jarmila Novenkov\u00e1": "Q95172920", "Tatyana Bulgakova": "Q4098869", "Gina Enr\u00edquez Mor\u00e1n": "Q81739130", "Catherine McMichael": "Q2143133", "Elena Domarkien\u0117-Rapalyt\u0117": "Q12653960", "Cristina Garc\u00eda Banegas": "Q1140394", "Vanya Moneva": "Q25483407", "Emilija Kri\u0161\u010di\u016bnait\u0117": "Q16450475", "Dalia Pilipavi\u010dien\u0117-Grei\u010diunait\u0117": "Q16446899", "Ramun\u0117 Navickien\u0117-Glebut\u0117": "Q12670875", "Henrika \u0160e\u010dkuvien\u0117-Gunevi\u010di\u016bt\u0117": "Q12656431", "Liv Hukkelberg": "Q11986532", "Nijol\u0117 Jasait\u0117-Karpavi\u010dien\u0117": "Q12666859", "Nina Timofejeva": "Q12666925", "Aurelija Andrejauskait\u0117": "Q12649677", "Sally K. Albrecht": "Q102035879", "Mina Maggiolo Dibos": "Q91273725", "R\u016bta \u010cerneckien\u0117-Jankauskyt\u0117": "Q16471802", "Ala Ihumnava": "Q17462380", "Rima Gumuliauskien\u0117-Zinkevi\u010di\u016bt\u0117": "Q12671289", "Marija \u017dib\u016bdien\u0117-Skrabutyt\u0117": "Q16459832", "Birgitta Rosenquist-Brorson": "Q4975536", "Beatrice Berstel": "Q2564666", "Marie-Jeanne Dufour": "Q88008068", "Emilija Sakadolskien\u0117-Pak\u0161tait\u0117": "Q16450480", "Elena Jakubauskien\u0117-Radlinskait\u0117": "Q16450407", "Regina Maleckait\u0117": "Q12671128", "Nijol\u0117 Butkevi\u010dien\u0117-Caplyt\u0117": "Q12666846", "Yuuko Amanuma": "Q32592685", "Jul\u0117 Draudikien\u0117-Vai\u0161vilait\u0117": "Q16454037", "Na\u010fa Hanouskov\u00e1": "Q95181133", "Rita Nen\u0117nait\u0117": "Q12671475", "Romely Pfund": "Q1109247", "Aldona Jurevi\u010di\u016bt\u0117-Armonien\u0117": "Q12647447", "Genovait\u0117 Vai\u0161ait\u0117-\u010cetkauskien\u0117": "Q16451354", "Audron\u0117 Burakovien\u0117-Kriau\u010di\u016bnait\u0117": "Q12649507", "Eva Lopszyc": "Q116142615", "Gra\u017eina Liaudanskien\u0117-Bru\u017eait\u0117": "Q12655852", "Danut\u0117 Lapien\u0117-Staponait\u0117": "Q12652322", "Kait Kenner": "Q125271750", "Nijol\u0117 \u010civilyt\u0117-Miknevi\u010dien\u0117": "Q12666895", "Violeta Briaukien\u0117-Gra\u017eulyt\u0117": "Q16476567", "Regina Meilutien\u0117-Bacevi\u010dien\u0117": "Q16470945", "Ludmila Hanzhova": "Q4495467", "Anna Szostak": "Q112477569", "Ren\u00e9e Baker": "Q15430387", "Arienne Dorothea Agnoletto": "Q97656761", "Susanne Gl\u00e4\u00df": "Q98785941", "Gra\u017eina Pranauskien\u0117-Burokait\u0117": "Q16452043", "Violetta Bielecka": "Q9368862", "Karen Lynne Deal": "Q15822802", "Audron\u0117 Zupkauskien\u0117-Steponavi\u010di\u016bt\u0117": "Q12649519", "Mihaela Silvia Rosca": "Q12735427", "Regina Valskien\u0117-Freitakait\u0117": "Q16470958", "Danut\u0117 Nedzinskien\u0117-Pronskut\u0117": "Q16447012", "Loreta Levinskait\u0117": "Q12663881", "Carmen Maria C\u00e2rneci": "Q1043680", "Edie Lehmann Boddicker": "Q107199831", "Rita Kraucevi\u010di\u016bt\u0117": "Q12671472", "Dana Ludv\u00ed\u010dkov\u00e1": "Q95396237", "Elena Leliugien\u0117-\u017deimait\u0117": "Q16450413", "Conxita Garcia Melgarejo": "Q63967486", "Veronika Stoertzenbach": "Q1774963", "Aldona Kovien\u0117-Verbickait\u0117": "Q16443011", "Dalia Gaspari\u016bnien\u0117-Kremenskait\u0117": "Q12652185", "\u041d\u0430\u0442\u0430\u043b\u044c\u044f \u0412\u043b\u0430\u0434\u0438\u043c\u0438\u0440\u043e\u0432\u043d\u0430 \u0411\u0430\u0437\u0430\u043b\u0435\u0432\u0430": "Q28496205", "Margarita Vai\u010dekonien\u0117-Sliesoraityt\u0117": "Q16459773", "Nijol\u0117 Puronait\u0117-Benotien\u0117": "Q12666889", "Alicia Coduras Mart\u00ednez": "Q17315299", "Rasa Brundzait\u0117-Gelgotien\u0117": "Q12670943", "Virginija \u010ciurlionyt\u0117-Katinien\u0117": "Q12677793", "Pei-Yu Chang": "Q85113480", "Cristi Cary Miller": "Q105229357", "Kumiko Tanaka": "Q1988316", "\u0414\u0435\u0441\u0430\u043d\u043a\u0430 \u0422\u0440\u0430\u043a\u0438\u043b\u043e\u0432\u0438\u045b": "Q12750812", "\u0412\u0435\u0441\u0435\u043b\u0438\u043d\u043a\u0430 \u0411\u0440\u0430\u043b\u043e\u0432\u0438\u045b": "Q61130474", "Benedikta Pu\u010dkyt\u0117": "Q12650686", "Regina Pitscheneder": "Q2389118", "Urszula Bobryk": "Q63299264", "Tamara Still": "Q107554509", "Dalia Jonu\u0161auskien\u0117-Poci\u016bt\u0117": "Q16446892", "Tove Ramlo": "Q17106668", "Valdereza Laurinavi\u010dien\u0117": "Q16475303", "Gra\u017evyda Pulkien\u0117-Katkut\u0117": "Q16452071", "Katalin Doman": "Q28722229", "Birut\u0117 Savickait\u0117-Janonien\u0117": "Q12651026", "J\u016brat\u0117 Martinkut\u0117": "Q12659007", "Kristin Groven Holmboe": "Q17093579", "S\u0131d\u0131ka \u00d6zdil": "Q6091732", "Jaana Haanter\u00e4": "Q117359363", "Beata D\u0105browska": "Q59847565", "Raimonda \u017didonien\u0117-\u0160iurkut\u0117": "Q12670759", "Aleksandra Pertot": "Q124353137", "Margarete Sorg-Rose": "Q15303605", "Dalia Miklovien\u0117-\u0160ilgalyt\u0117": "Q12652202", "Kirstin Kares": "Q64146483", "Tone Bianca Dahl": "Q4943927", "Egl\u0117 \u010cigriej\u016bt\u0117": "Q16450289", "\u0130nci \u00d6zdil": "Q25473613", "Brigitte Rauscher": "Q29524916", "Elisabeth Pfeiler": "Q1330185", "\u0412\u0435\u0441\u043d\u0430 \u041a\u0435\u0441\u0438\u045b-\u041a\u0440\u0441\u043c\u0430\u043d\u043e\u0432\u0438\u045b": "Q12749692", "Giedr\u0117 Jatautyt\u0117": "Q12655403", "Silvia Massarelli": "Q3960775", "Miriam Nemcova": "Q70726464", "Rasa Viskantait\u0117": "Q12670952", "Veneziela Naydenova": "Q24663099", "Cecilia Rydinger Alin": "Q4976140", "Blanka Juha\u0148\u00e1kov\u00e1": "Q112460848", "Yukari Ishimoto": "Q17327089", "Karin Eklundh": "Q4946142", "Deimant\u0117 Zlatkauskien\u0117-Uselyt\u0117": "Q12652763", "Daiva Leipuvien\u0117-Nen\u0117nait\u0117": "Q12652159", "Salvinija Jautakait\u0117": "Q12672269", "Maria Mlada Ondr\u00e1\u0161ov\u00e1": "Q95380892", "Elena B\u00e1rcena": "Q117197923", "Natalia Go\u00f1i": "Q117197992", "Lyn Williams": "Q21553650", "Birut\u0117 Mockien\u0117-Petraityt\u0117": "Q12651024", "Irina Navo\u00efeva": "Q112127174", "Ingrun Fussenegger": "Q1663444", "Sona Hovhannisyan": "Q51068968", "V\u00e9ronique Lacroix": "Q3564321", "Lyan Verburg": "Q2338451", "Natalia Mikha\u00eflova": "Q4297439", "Elo \u00dcleoja": "Q61111194", "Gloria Isabel Ramos Triano": "Q4389796", "Anita Brevik": "Q117378725", "Veronika Skuplik": "Q1505347", "Ho Mun-yong": "Q11285932", "Christina H\u00f6rnell": "Q4955513", "Lilianna Stawarz": "Q65016925", "Elisabetta Maschio": "Q50234112", "M\u00e9lanie Levy-Thi\u00e9baut": "Q24936612", "Helene Stureborg": "Q4981043", "Lenka Kol\u00e1\u0159ov\u00e1": "Q95440688", "\u053e\u0578\u057e\u056b\u0576\u0561\u0580 \u0540\u0578\u057e\u0570\u0561\u0576\u0576\u056b\u057d\u0575\u0561\u0576": "Q29708588", "Montserrat de la Cruz": "Q51586964", "\u0416\u0435\u0459\u043a\u0430 \u041c\u0438\u043b\u0430\u043d\u043e\u0432\u0438\u045b": "Q16082499", "Gintar\u0117 Bukauskien\u0117-Jakelaityt\u0117": "Q16451631", "Marta Wierzbieniec": "Q60836234", "Helen Lundquist Dahl\u00e9n": "Q91025337", "Sabrie Bekirova": "Q4081353", "Janicke Damm Rusti": "Q17195025", "Anna Edwards": "Q105612148", "Cinzia Pennesi": "Q103982406", "Ulrika Emanuelsson": "Q4946616", "Audron\u0117 Abr\u016btyt\u0117-Me\u0161kauskien\u0117": "Q12649502", "Mayumi Numano": "Q17229678", "Silke L\u00f6hr": "Q45022917", "Svetlana Popov": "Q4372658", "Susanne Pechel": "Q18413298", "Iulia Cibi\u0219escu-Duran": "Q1675440", "Marta Kierska-Witczak": "Q11770580", "Susanne Rohn": "Q19396940", "Ewa Sykulska": "Q24688781", "Anne Cathrine Kielland Lund": "Q12301818", "Graziella Contratto": "Q1544135", "Annely Kuningas": "Q16404639", "Margarita Lorenzo de Reiz\u00e1bal": "Q5997055", "Dagmar Heizmann-Leucke": "Q23059368", "Sharon Andrea Choa": "Q112496808", "Elena Sartori": "Q112562076", "Ver\u00f3nica Bustamante": "Q124496263", "Andrea Mir\u00f2": "Q2010156", "Merete Ellegaard": "Q4946491", "Karin Oldgren": "Q4970905", "Violeta Savickait\u0117-Paci\u016bnien\u0117": "Q12677749", "Simona Ro\u017eman Strnad": "Q18643065", "Isabel L\u00f3pez Calzada": "Q81200300", "Barbara Sobolczyk": "Q60833375", "Lisa Xanthopoulou": "Q99557590", "Vigd\u00eds Klara Arad\u00f3ttir": "Q61973902", "Ingrid K\u00f5rvits": "Q16405151", "Alla Kulbaba": "Q97479204", "Sara Michelin": "Q20261725", "Ljubka Biagioni": "Q1866726", "Aira Birzi\u0146a": "Q16350454", "Elisabeth Attl": "Q98635515", "Judith Kubitz": "Q116252208", "Chien-Chi Lin": "Q107579377", "Sylvia Hinz": "Q55395903", "Milena Injac": "Q12755354", "Vardouhi Minassian": "Q55421048", "Teresa Metzger Howe": "Q107456509", "Ur\u0161a Lah": "Q12805116", "Hildur \u00de\u00f3r\u00f0ard\u00f3ttir": "Q61972832", "Liesbeth Peroti": "Q115590879", "Doina Fischer": "Q1234934", "Jasmina Novokmet": "Q3310853", "Anna-Carin Strand": "Q4980704", "Kerstin Behnke": "Q14947700", "Lene Grenager": "Q4950913", "Steffi Bade-Br\u00e4uning": "Q18631124", "Helena Bayo Delgado": "Q94695834", "Marta Velasco": "Q117199155", "Monika Bachowska": "Q97278596", "Cornelia von Kerssenbrock": "Q73409314", "Maria Makraki": "Q1896133", "Catherine Larsen-Maguire": "Q104284552", "Talia Ilan": "Q12407703", "\u0110\u1eb7ng Ch\u00e2u Anh": "Q118250121", "Inga Hilsberg": "Q1640696", "Mira Glodeanu": "Q1937897", "Sylwia Fabia\u0144czyk-Makuch": "Q56255376", "Monika Wilkiewicz": "Q76367816", "Annedore Neufeld": "Q80317866", "Lone Larsen": "Q4960991", "Vilve Maide": "Q16407418", "Maria Wolfsberger": "Q60716925", "Sybille von Both": "Q59489599", "Andr\u00e9a Huguenin Botelho": "Q116838014", "Anne Karin Sundal-Ask": "Q17110302", "Gianna Fratta": "Q3763385", "Karin Skogberg Ankarmo": "Q4979123", "St\u00e9phanie-Marie Degand": "Q98554271", "Amandine Beyer": "Q454254", "Elena Roussanova Lucas": "Q2552062", "Monika Brewczak": "Q113366095", "Carine Bonnefoy": "Q1036243", "Monika Woli\u0144ska": "Q85131547", "Vivianne Sydnes": "Q12010018", "Lilyan Kaiv": "Q12368801", "Cecilia Martin-L\u00f6f": "Q4966156", "Christiane Br\u00e4utigam": "Q28097472", "Rosica Ilieva Nikolova": "Q112455599", "Maria van Nieukerken": "Q2282583", "Susanne Blumenthal": "Q15990485", "Anna Skryleva": "Q16054393", "Carolin Nordmeyer": "Q19964100", "Andrea Vela": "Q120617291", "Anzhela Doskoch": "Q47489259", "Kaie Tanner": "Q42900521", "Alejandra Urrutia": "Q96621277", "Josefine Straesser": "Q117353392", "\u0546\u0561\u057f\u0561\u056c\u056b \u0533\u0561\u056c\u057d\u057f\u0575\u0561\u0576": "Q21438198", "M\u00f3nika Szab\u00f3": "Q105982540", "Memmi Ochi": "Q104987502", "Elizabeth Askren": "Q3051184", "Zs\u00f3fia Cseri": "Q63886824", "Elisabeth Fuchs": "Q15304732", "Agnieszka Frank\u00f3w-\u017belazny": "Q21288122", "Janne Fridolin": "Q12365064", "Anast\u00e1cia Carvalho": "Q123115952", "Damjana Von\u010dina": "Q12787247", "Lucie Br\u00e1zdov\u00e1": "Q112463012", "Alexandra Cravero": "Q22210339", "Debora Waldman": "Q3020840", "Yuliya Tkach": "Q4458919", "Bisera \u010cadlovska": "Q25552321", "Anik\u00f3 Nov\u00e1k": "Q26811454", "Le\u00efla Olivesi": "Q60869273", "Tadeja Vulc": "Q66382979", "Hildegard Sch\u00f6n": "Q112469991", "Kv\u011btu\u0161e Mart\u00ednkov\u00e1": "Q112504528", "Julia Schr\u00f6der": "Q52539860", "Airelle Besson": "Q15434980", "Maria Goundorina": "Q4950569", "Lesia Matskiv": "Q28702668", "Moicel\u00ed Medina": "Q51883477", "Zahia Ziouani": "Q3574604", "Lucia Papanetzov\u00e1": "Q111021882", "Martina Bati\u010d": "Q83963295", "Oksana Dondyk": "Q12101981", "\u00c9va Fodor": "Q112892796", "Ma\u0142gorzata Podzielny": "Q101109305", "Ruth Draper": "Q106289653", "Helena Velick\u00e1": "Q12019437", "Emily Dickens": "Q81436064", "Marie Sommerov\u00e1": "Q112439425", "Roit Feldenkreis": "Q113644984", "Rucsandra Popescu": "Q16320758", "Jerica Bukovec": "Q4941169", "Diliana Michailov": "Q19964512", "Keiko Mitsuhashi": "Q11354028", "Anna Jaroszewska-Mr\u00f3z": "Q20829483", "El\u017cbieta Tomala-Nocu\u0144": "Q21288260", "Eva Jelenc Drozg": "Q113956777", "Karin Ben-Josef": "Q6647949", "Eeva Kontu": "Q11856890", "Alexandra Arrieche": "Q60318762", "Zoi Tsokanou": "Q113332614", "Marit T\u00f8ndel Bodsberg Weyde": "Q11988353", "Christina Athinodorou": "Q84438734", "Sonya Chakarova": "Q58038441", "Zuzana Kadl\u010d\u00edkov\u00e1": "Q15980410", "Ilona Dobszay-Mesk\u00f3": "Q28722228", "Sirly Illak": "Q12375108", "Marcela T\u00f3rrez Sahonero": "Q5995548", "Sivan Albo Ben Hur": "Q34229031", "Luc\u00eda Mar\u00edn": "Q70212490", "Aino Koskela": "Q111482959", "Katar\u00edna Ducho\u0148ov\u00e1": "Q112479682", "Delphine Dussaux": "Q105159222", "Weronika Korthals": "Q9372085", "Valentina Shuklina": "Q26927217", "Yukari Saito": "Q60464169", "Zefira Valova": "Q108039694", "Lena-Lisa W\u00fcstend\u00f6rfer": "Q65666084", "Valentina Peleggi": "Q104613505", "Yukari Sait\u014d": "Q109287791", "Alexandra Silvestri": "Q38229456", "Linda Keprtov\u00e1": "Q24576475", "Maria Seletskaja": "Q116506757", "Kami": "Q64786639", "Dina Gilbert": "Q95751962", "Elena Schwarz": "Q105836191", "Beatriz Gonz\u00e1lez Calder\u00f3n": "Q110877642", "Eva Meitner": "Q106283415", "Sarah Kon\u00e9": "Q97276315", "Etty Tevel": "Q27988508", "Fari\u0161tamo Eller": "Q125823866", "Andreja Toma\u017ei\u010d Hrvatin": "Q114043574", "\u0421\u0443\u0449\u0435\u043d\u043a\u043e, \u0415\u043b\u0438\u0437\u0430\u0432\u0435\u0442\u0430 \u0412\u0430\u043b\u0435\u0440\u044c\u0435\u0432\u043d\u0430": "Q16703670", "Sofia \u00c5gren": "Q4991016", "Julija Doma\u0161eva": "Q30034587", "Lara Diloy": "Q112119505", "Liesa Van der Aa": "Q2467138", "Faidra Giannelou": "Q105094579", "\u0414\u043e\u0431\u0440\u043e\u0432\u043e\u043b\u044c\u0441\u043a\u0430\u044f, \u0412\u0438\u043a\u0442\u043e\u0440\u0438\u044f \u041b\u0435\u043e\u043d\u0438\u0434\u043e\u0432\u043d\u0430": "Q109410325", "Jaanika Kuusik": "Q61109901", "\u0160t\u011bp\u00e1nka Balcarov\u00e1": "Q95470627", "Nodoka Okisawa": "Q79735584", "Jamie Man": "Q107155135", "Lucie Gregorovi\u010d F\u00e1rov\u00e1": "Q112500365", "Pascale Van Os": "Q106601175", "Jin-sol": "Q31175389", "Helena Vidic Lesjak": "Q114333656", "Marta Gardoli\u0144ska": "Q105298974", "Petra Grassi": "Q124751900", "Noa Gruman": "Q85990562", "Kathleen Allan": "Q63285863", "Johanna Malangr\u00e9": "Q110907396", "Anna Rakitina": "Q120800250", "Bar Avni": "Q124172438", "Johanna Soller": "Q99658484", "Kalina Georgieva": "Q126960575", "Emily Horner": "Q65555167", "Ane\u017eka Hergeselov\u00e1": "Q14435199", "Beatrice Venezi": "Q64421961", "Chlo\u00e9 Dufresne": "Q123679523", "Mariya Chaykovskaya": "Q4506804", "Keren Kagarlitsky": "Q107749950", "Alena Hron": "Q83837066", "Maria Sturm": "Q117315795", "Clara Maria Bauer": "Q111519703", "Alice Newman": "Q64410255", "U\u00e8le Lamore": "Q87330925", "Emilia Hoving": "Q85079815", "Andrea G\u00f6tsch": "Q105724378", "Ane Legarreta Mendez": "Q105821109", "Karin Tuul": "Q127537862", "Glass Marcano": "Q102532269", "Marychuy Aramburo": "Q117861271", "Urielis Arroyo": "Q118178084", "Anna Daniela Sestito": "Q2850482", "Mich\u00e8le Lhopiteau-Dorfeuille": "Q3311644", "Silvia Sanz Torre": "Q72185690", "Dietburg Spohr": "Q99406589", "Cheryl Lichter": "Q1070527", "Luminitza Petre": "Q1877250", "Katarina Andreasson": "Q23059574", "Becky Horner": "Q65555229", "Shogufa Safi": "Q110028761", "Piper Newman": "Q89942436", "Leighton Barber": "Q112066341", "Gwendolyn Toth": "Q2171941", "Gabriela D\u00edaz Alatriste": "Q5873701", "Bo\u017cenna Sawicka": "Q9178457", "Taeko Kuwabara": "Q11537427", "Rita Varonen": "Q11890955", "Adriana Blagoeva": "Q12271224", "Tanya Nikleva-Vladeva": "Q12296035", "Vita Gurvitz": "Q12407111", "Vivian Conejero": "Q12743597", "Sue Klausmeyer": "Q15410610", "Jamila": "Q16190997", "Karmina \u0160ilec": "Q18274278", "Alevtina Ioffe": "Q24009702", "Deborah Hurwitz": "Q28043122", "Yael Cherni": "Q29573204", "Claude Nadeau": "Q31684974", "La\u00ebtitia Trouv\u00e9": "Q46577009", "Raisa Sarkisova": "Q47086835", "Ilse Duyck": "Q52487702", "Katrijn Friant": "Q52556401", "Lucy Graumann": "Q52556629", "Kristel Lamerichs": "Q52603264", "Ekaterina Levental": "Q52605323", "Andrea Marchiol": "Q52607412", "Ria Vanwing": "Q52609723", "Anouk Sturtewagen": "Q52620107", "Marleen Annemans": "Q52622979", "Lieve Franssen": "Q52634503", "Dominique\u00a0 My": "Q52636008", "Eva Tebbe": "Q52771359", "\u03a1\u03cc\u03b6\u03b7 \u039c\u03b1\u03c3\u03c4\u03c1\u03bf\u03c3\u03ac\u03b2\u03b2\u03b1": "Q55179885", "JoAnn Rice": "Q55233973", "Juliana Santner": "Q57168678", "Val\u00e9rie Fayet": "Q60462964", "Laura Stieler": "Q60833710", "Kimberley-Ann Bartczak": "Q63285934", "Amy Andersson": "Q65706033", "Marie-Jeanne Serero": "Q72864187", "\u6751\u677e\u73b2\u5b50": "Q79017773", "Anonio Brico": "Q95659281", "Rita Weindauer": "Q95756342", "\u041a\u0441\u0435\u043d\u0438\u044f \u0416\u0430\u0440\u043a\u043e \u2013 \u0434\u0438\u0440\u0438\u0436\u0435\u0440": "Q96190619", "Shayna Stahl": "Q99545643", "Darjana Bla\u0107e \u0160ojat": "Q99632700", "Janet Oates": "Q100146553", "Taina Lorenz": "Q101114845", "Lynn M. Brinckmeyer": "Q102321919", "Wendy K. Moy": "Q104783528", "Teresita Gutierrez Marques": "Q105409224", "Erin Bodnar": "Q105593142", "Rita Paczian": "Q105594600", "Loes Visser": "Q105945913", "Catherine Magowan": "Q106141197", "Isabel Costes": "Q106284155", "Meena Hwang": "Q106291143", "Katja Lappi": "Q106511295", "Catherine Kai-ling Chi": "Q106655644", "Linda Moorhouse": "Q107316526", "Maria Winder": "Q107319370", "Y\u016bko Tanaka": "Q108110225", "Emily Freeman Brown": "Q108127528", "Ruler": "Q109269139", "Michaela R\u00f3zsa R\u016f\u017ei\u010dkov\u00e1": "Q111575731", "Cecilia Castagneto": "Q111590751", "Natalia Riazanova": "Q111685950", "Vlasta \u0160kampov\u00e1": "Q112488087", "Carmen Acevedo-Luc\u00edo": "Q112635553", "Izabella Zielecka-Panek": "Q112669252", "Katarzyna Soko\u0142owska": "Q113583241", "Tseng Yu-yin": "Q113637129", "Mary-Mitchell Campbell": "Q113687829", "Natalie Murray Beale": "Q116972265", "Bogus\u0142awa Orzechowska": "Q117019428", "Krystyna Lubos": "Q118180887", "Chih-Yin Huang-Niemand": "Q118383122", "Ethel Brady": "Q118959445", "\u0412\u044b\u0433\u0443\u0437\u043e\u0432\u0430, \u041e\u043b\u044c\u0433\u0430 \u0412\u043b\u0430\u0434\u0438\u043c\u0438\u0440\u043e\u0432\u043d\u0430": "Q120263951", "Kate\u0159ina Ma\u0148asov\u00e1": "Q120596778", "V\u011bra Fialov\u00e1": "Q120601456", "Erise Mary Dinga": "Q121128895", "Sofia S\u00f6derberg": "Q121863965", "Amy Broadbent": "Q123003770", "Iwona Melson": "Q123705075", "Yana Deliradeva": "Q124038888", "Marielle Cafafa": "Q124080214", "Itxaso Musatadi": "Q124409486", "Nina T. Karlsen": "Q124437343", "Beatrice Jona Affron": "Q124567557", "Sebrina Mar\u00eda Alfonso": "Q124567865", "C\u00e9cile Broch\u00e9": "Q124614305", "Elena Casella": "Q124635690", "Ann Howard Jones": "Q124691293", "Victoria Zhadko": "Q124728455", "Jiemin Zhang": "Q124728547", "Agnieszka \u017barska": "Q124880612", "Barbara Yahr": "Q124880648", "Hanna-Mari Lehtonen": "Q125661003", "Maie Kivita": "Q128141566"}