{"Nancy Bradfield": "Q59529891", "Patricia Campbell Warner": "Q62042876", "Diana De Marly": "Q61478582", "Elizabeth Coatsworth": "Q50641575", "Linda Welters": "Q62043802", "Valerie Cumming": "Q28864295", "Gillian Vogelsang-Eastwood": "Q45054141", "Kimberly Chrisman-Campbell": "Q61643401", "Cally Blackman": "Q61679424", "Birgit Haase": "Q96205157", "Karolina \u017bebrowska": "Q112897596", "Linda Baumgarten": "Q30106159", "Jane Ashelford": "Q47495120", "Robin Netherton": "Q49435073", "Caroline Johnson": "Q59342507", "Kay Staniland": "Q60568088", "Lou Taylor": "Q61294050", "Avril Lansdell": "Q61457570", "Rebecca Arnold": "Q61629739", "Jane Huggett": "Q61642811", "Clare Rose": "Q61771565", "Judy Tregidden": "Q61781803", "Abby Lillethun": "Q61958927", "Patricia A. Cunningham": "Q62125179", "Sandra J. Keiser": "Q99982203", "Sujata Assomull": "Q112251221", "Morgan Donner": "Q113885323", "Emma von Sichart": "Q116942812", "Shelly Foote": "Q120495513"}