{"Krisztina Berzsenyi": "Q52555178", "Kl\u00e1ra Kalicz-M\u00e9sz\u00e1ros": "Q95710376", "Zsuzsa Stenger": "Q95710428", "Ilona Homonnai": "Q95754696", "Johanna Scholten": "Q104774381", "Delphine Baron": "Q110223005", "Emilie Pleskott": "Q104528411", "Josephine Hone": "Q110991306", "Madame Rasimi": "Q12181029", "Genevieve Belasco": "Q106576681", "Elisabeth Gr\u00fcnwaldt": "Q1329955", "Cato Neeb": "Q122997893", "Nel Dranger": "Q123698404", "Irene Lee": "Q107208575", "Lyubov Shaporina": "Q60584368", "Hana Podolsk\u00e1": "Q56460634", "Annette Osterlind": "Q113360655", "Nicole Groult": "Q3341056", "Greta Ekman": "Q16946250", "Margaret Whistler": "Q3846891", "Fiinu Autio": "Q85981987", "Amparo Brime": "Q64759163", "Kathleen Kay": "Q118958481", "Catherine Mary Dealy": "Q110729967", "Wanda Modzelewska": "Q106471895", "Tsuniya Mayer": "Q4274801", "Kl\u00e1ra Zsindelyn\u00e9 T\u00fcd\u0151s": "Q17496748", "Lilli Wolff": "Q110413926", "Helene Pons": "Q24578554", "Titina Rota": "Q63107305", "Birgit Afzelius-W\u00e4rnl\u00f6f": "Q4934002", "Charlotte David": "Q122781187", "Pauline Lawrence": "Q106441134", "Jenny Carr\u00e9": "Q22073972", "Marie-H\u00e9l\u00e8ne Dast\u00e9": "Q3291876", "Constance Ripley": "Q110990606", "Isabel Acu\u00f1a": "Q47583394", "Yvonne Caffin": "Q55086581", "Helen Taylor": "Q122389579", "Ilse Naumann": "Q6525123", "Leni Bauer-Ecsy": "Q19958921", "Lidia Tikhonivna Baikova": "Q12080389", "Sylta Busse": "Q1710493", "Gerdago": "Q90092", "M\u00e1ria Hamza Lehel": "Q1033455", "Piroska Laczkovich": "Q68880136", "Jela Vilfan": "Q60038495", "Lotte Brill": "Q97601780", "Rosa Josephine Reynolds": "Q100878356", "Helene Blum-Gliewe": "Q70744910", "Zoray Andrus": "Q105839391", "Manon Hahn": "Q1891000", "Yve-Luce": "Q113297975", "Molly Arbuthnot": "Q30557353", "Hill Reihs-Gromes": "Q61440162", "Sofia Markovna Yunovich": "Q55105056", "Tita Veljak": "Q74998955", "Vera M\u00fcgge": "Q1276877", "Mija Jarc": "Q12796552", "Laure Louri\u00e9": "Q3218770", "Ada Skolmen": "Q22343757", "Erni Kniepert": "Q1356862", "Marcelle Desvignes": "Q26720901", "Erzs\u00e9bet Sur\u00e1ny": "Q12347222", "Isabel Pons": "Q57530107", "Erica Balqu\u00e9": "Q1351780", "\u013dudmila Podobov\u00e1": "Q13371161", "Cecilia Hij\u00f3n": "Q65179712", "Sl\u00e1vka Dole\u017ealov\u00e1": "Q101073430", "Kay Ambrose": "Q52157294", "Dorothea Stefula": "Q96757513", "\u041b\u0430\u0440\u044b\u0441\u0430 \u0414\u0437\u043c\u0456\u0442\u0440\u044b\u0435\u045e\u043d\u0430 \u041b\u044f\u0448\u044d\u043d\u043a\u0430": "Q59812791", "Nada Lampret Souvan": "Q12797216", "Erna Sander": "Q1356110", "Gitt Magrini": "Q17350617", "Tone Bonn\u00e9n": "Q62081508", "Ottilie K\u00fcrschner": "Q1341564", "Bo\u017ea Ko\u0161ak": "Q109341687", "Nora Jeannette Polak": "Q107620686", "Marcella De Marchis": "Q1893269", "Maria Baronj": "Q3847149", "Kl\u00e1ra Szopos": "Q12350702", "Anna Gobbi": "Q1499192", "Aili Jokelin": "Q87334749", "Irmgard Becker": "Q830190", "Bo\u017eena And\u011blov\u00e1": "Q107456713", "Elisabeth Christoffersson": "Q19976419", "Yadviha Dobrovolska": "Q12101507", "Venera Naslednikova": "Q112468472", "Kalma Murtinho": "Q10313672", "Joan Ellacott": "Q56307774", "Noor Bons-Dekker": "Q123165061", "Charlotte Flemming": "Q1067185", "Helena M\u00fcllerov\u00e1": "Q95153674", "Lucia Vernarelli": "Q111744213", "Ursula Maes": "Q95699750", "Alena Novotn\u00e1-Gutfreundov\u00e1": "Q51548330", "Hanna Jordan": "Q1575700", "Helen McGehee": "Q98844858", "Ebe Colciaghi": "Q64173661", "Rosana Pistolese": "Q19409502", "Deni Vachlioti": "Q94031410", "Luli August Sturdza": "Q112486791", "Ilse Dubois": "Q1659105", "Jind\u0159i\u0161ka Hirschov\u00e1": "Q95176476", "Helen Colvig": "Q30728793", "L\u00edda Novotn\u00e1": "Q95155071", "Edith Schranz-Kunovits": "Q12346788", "Bruna Parmesan": "Q102314909", "Margit Kascs\u00e1k": "Q111630446", "Maria Rosa Valenza": "Q15449150", "Maleen Pacha": "Q1887110", "Olga Filipi": "Q81526851", "Gaia Romanini": "Q11295843", "Bice Minori": "Q106712945", "Annalisa Nasalli-Rocca": "Q95673874", "Maxi Tschunko": "Q45833245", "Francine Galliard-Risler": "Q55445598", "Rosemary Odell": "Q12015619", "Vera Br\u00f3dy": "Q850453", "Ingrid Dalunde": "Q57304575", "Ofra Burla-Adar": "Q6595505", "Ina Stein": "Q1660869", "Ileana Oroveanu": "Q18544613", "Elisabeth Urbancic": "Q1330331", "Maj-Lis Heinrichs": "Q115622374", "Zde\u0148ka Popov\u00e1": "Q123509395", "Pina Patti Cuticchio": "Q116025589", "Epi Schl\u00fcsselberger": "Q105397410", "Irena N\u00fdvltov\u00e1": "Q95177904", "Irms Pauli": "Q1673044", "Radoslava Mikulov\u00e1": "Q95148352", "Althea Douglas": "Q62061200", "Pj\u014fng-pok I": "Q112546379", "Florina Tomescu": "Q18548630", "Graziella Urbinati": "Q55219945", "Gertie Lindgren": "Q4962732", "Lidiya Novi": "Q4322586", "Adina Reich": "Q81646490", "Adriana Berselli": "Q114719484", "Johanna Weise": "Q52774879", "Milena Kumar": "Q95653540", "Ludmila Purky\u0148ov\u00e1": "Q94616943", "Lucia Mirisola": "Q3838464", "Madeleine Tremblay": "Q33103478", "Erzs\u00e9bet Mialkovszky": "Q84217286", "Lydia Pincus-Gany": "Q16129022", "Rigmor Gnatt": "Q106789440", "Sava Bara\u010dkov": "Q110046403", "\u00c9va Po\u00f3s": "Q47506435", "Mimi Peetermans": "Q15713492", "Daphne Dare": "Q61816579", "Margit B\u00e1rdy": "Q31190422", "Jacqueline Moreau": "Q3157772", "Marija Kobi": "Q18627744", "Solange Legendre": "Q87275058", "Sibylle Geiger": "Q3960033", "Jean Hunnisett": "Q61721892", "Barbara \u00d6berg Sj\u00f6gren": "Q16616198", "Giulia Mafai": "Q3769283", "Greti Kl\u00e4y": "Q1415541", "Alenka Bartl-Prevor\u0161ek": "Q12784237", "Barbara Ptak": "Q9165549", "Stalina Rudko": "Q12149251", "Jasna Novak": "Q120676622", "Vlasta Hegedusic": "Q112763956", "Nina Vidrovitch": "Q61779010", "Zde\u0148ka Bauerov\u00e1": "Q95230866", "Cynthia Tingey": "Q94753497", "\u0625\u064a\u0641\u0648\u0646 \u0645\u0627\u0636\u064a": "Q110820736", "Barbara Gailling": "Q56191443", "Judit Sch\u00e4ffer": "Q1286349", "Magdalena Kuehne": "Q110433925", "Margrit Schlumpf-Portmann": "Q85102445", "Zsuzsa Vicze": "Q45901906", "Jarmila Kone\u010dn\u00e1": "Q73730862", "S\u00e1ri Gerl\u00f3czy": "Q59455122", "Hanna Morawiecka": "Q109580973", "Vera Marzot": "Q26732196", "Stasi Kurz": "Q2333518", "\u00c9va Witz": "Q16523822", "\u0408\u0435\u043b\u0435\u043d\u0430 \u041f\u0430\u0442\u0440\u043d\u043e\u0433\u0438\u045c": "Q55200706", "Lili Petrova Dimkova": "Q112549221", "Barbara Hoff": "Q9165399", "Ika \u0160komrlj": "Q61064743", "Jaroslava Nesvadbov\u00e1": "Q95466619", "\u00c1gnes Szatm\u00e1ri": "Q16522902", "Inez Tuschnerov\u00e1": "Q21559329", "Bo\u017eana Jovanovi\u0107": "Q104631155", "Bo\u017eena Les\u00e1kov\u00e1": "Q112399062", "Olga Dimitrovov\u00e1": "Q65741625", "Ponchi Morpurgo": "Q111040187", "Milada Trnkov\u00e1": "Q95173581", "Ninette van V\u00fcchelen": "Q55626245", "Wilma Martins": "Q95718097", "Santuzza Cal\u00ec": "Q3950123", "Nikola Hoeltz": "Q21031881", "Elisabetta Gut": "Q85097364", "Lidmila \u0160varcov\u00e1": "Q95177740", "Nuscha Archer": "Q2005441", "Liza Zaimi": "Q60979085", "Gioula Gazetopoulou": "Q63853990", "Dietlinde Calsow": "Q88466823", "Reiko Kruk": "Q117473956", "Inger Pehrsson": "Q4972259", "Martine Jeanneret": "Q115694582", "Galia Shabanova": "Q115184788", "\u041d\u0456\u043d\u0435\u043b\u044c \u0422\u0440\u0430\u0444\u0456\u043c\u0430\u045e\u043d\u0430 \u0416\u044b\u0436\u0430\u043b\u044c": "Q124057160", "Natalya Vasilyeva": "Q4104749", "Anja Dolenc": "Q12784703", "Liisi Tandefelt": "Q11875865", "Ingrid Zor\u00e9": "Q1663431", "Inge \u0160vandov\u00e1-Kouteck\u00e1": "Q95089746", "Emma Porteous": "Q3052473", "Christa de Carouge": "Q20171392", "Helena An\u00fd\u017eov\u00e1": "Q3129650", "Irmhild Proft": "Q119527120", "Sabine Monirys": "Q104439519", "Alla Sapanovych": "Q12150574", "Tova Kleiner-Sadan": "Q111218780", "Yvonne Sassinot de Nesle": "Q3574225", "Iryna Boichuk": "Q30958499", "Mirjana \u010cipli\u0107 Kuruzovi\u0107": "Q65967102", "Eva-Lisa Nelstedt": "Q121559755", "Milu\u0161e Hradsk\u00e1": "Q95228391", "Nelly V\u00e1g\u00f3": "Q1461569", "Jarmila K\u0159\u00ed\u017ekov\u00e1": "Q95221073", "Elena Mannini": "Q17285101", "Marion Cito": "Q95185107", "Frieda Dauphin-Verhees": "Q107556058", "Francesca Zucchelli": "Q117772242", "Jadwiga Rutkiewicz-Mikulska": "Q18584603", "Vera Hernaez": "Q54912118", "Jane Peter": "Q17190943", "Mariann Wieber": "Q112554534", "Mabi Helweg": "Q118113218", "Yvette Lauwaert": "Q52603550", "Irena Greifov\u00e1": "Q95112278", "Ingrid Lazarus": "Q56231304", "Ji\u0159ina Langhammerov\u00e1": "Q29869912", "Olga Berluti": "Q28746320", "Christiane Dorst": "Q1082651", "Irena Biega\u0144ska": "Q19268021", "Junko Koshino": "Q11302043", "Divna Jovanovi\u0107": "Q94741607", "Maria Paola Maino": "Q3847448", "Rosa Ramos": "Q102218472", "Lydia Gravani": "Q104880429", "Martin \u00c9va": "Q112728352", "Monika von Zallinger": "Q95704739", "Jarmila Opletalov\u00e1": "Q95081101", "Gisela Storch-Pestalozza": "Q97451653", "Sajda Musawwir Ladner": "Q104034230", "Katinka Keus": "Q108937958", "Freusa Zechmeister": "Q106515800", "Susanne Raschig": "Q1665630", "Luisa Spinatelli": "Q52770849", "Myrna Colley-Lee": "Q115796642", "Gunilla Algsj\u00f6": "Q115486876", "Renate Schmitzer": "Q87492622", "Maija Pekkanen": "Q11880552", "Anne Abegglen": "Q45833204", "Claudie Gastine": "Q27962040", "Tina Johansson": "Q114239385", "Birgit Hutter": "Q15905669", "Ilda Pitrov\u00e1": "Q95221046", "Odette Nicoletti": "Q3880856", "\u00c1gnes Gyarmathy": "Q6637570", "Ruth dar": "Q7002273", "Gunilla Str\u00f6mblad": "Q123825036", "Vir\u00e1g D\u0151ry": "Q987300", "Kaija Salaspuro": "Q11868926", "Meta Ho\u010devar": "Q12796402", "Chlo\u00e9 Obolensky": "Q22695739", "Inge Steineke": "Q112526379", "Annelise Bailey": "Q115859522", "Lotte Dandanell": "Q19564528", "Anne Siri Bryhni": "Q14542356", "Gunilla Norlund": "Q113957662", "Alina Nesterovna Boednikova": "Q39040154", "Gerilyn G. Tandberg": "Q61949116", "Ilona Freyer": "Q1659024", "Carrie F. Robbins": "Q24652907", "Brigitte Heick": "Q56191841", "Ludmila Lojdov\u00e1": "Q51556337", "Marie Wenigov\u00e1": "Q95368339", "Maryvonne Herzog": "Q3296359", "Milica Gedeonov\u00e1": "Q95168565", "Jana \u010cechov\u00e1": "Q95168564", "Lujza Gecser": "Q1008797", "Em\u0151ke Csengey": "Q16518619", "Monika Bauert": "Q56231303", "Birgitta B\u00e4ck": "Q121546615", "Gisela K\u00f6ster": "Q15812347", "Christine Laurent": "Q45180738", "Kari Gravklev": "Q62708338", "Barbara Baum": "Q807343", "Marie Frankov\u00e1": "Q95137352", "Inger Derlick": "Q22691207", "Anna Cig\u00e1nov\u00e1": "Q12762375", "Ria M. De\u00e1k": "Q12354523", "Judit Kele": "Q1106091", "Helena Dubov\u00e1": "Q95081023", "Anita Evenepoel": "Q52634409", "Beatriz di Benedetto": "Q95210675", "Tatiana Kova\u010devi\u010dov\u00e1": "Q112545834", "Judit Szekulesz": "Q31090988", "Leonie Polak": "Q94483649", "Magdalena Tes\u0142awska": "Q11766110", "Breda Kapelj": "Q106142859", "Natalya Polyakh": "Q15080471", "Barbara \u015ar\u00f3dka-Mak\u00f3wka": "Q9165687", "Kerstin Halldoff": "Q18242242", "Ursula Rodel": "Q95743029", "Eva Nor\u00e9n": "Q111433166", "Antonella Berardi": "Q22069317", "Anna Tam\u00e1s": "Q12345123", "Miruna Boruzescu": "Q12735745", "Vlasta Kreuzov\u00e1": "Q115960132", "Kv\u011btu\u0161e Kov\u00e1\u0159ov\u00e1": "Q95382400", "Dominique Borg": "Q3035007", "Angelika Kampmann": "Q1133264", "Dietlind Konold": "Q1223300", "Medea Bakradze": "Q95197249", "Consol Tura i Soteras": "Q96184313", "Madla Hruza": "Q112466906", "L\u00edcia Lacerda": "Q118877329", "Frida Parmeggiani": "Q1456137", "Tine Schwab": "Q64404420", "Eli\u0161ka Zapletalov\u00e1": "Q95153685", "Monika Jacobs": "Q95209974", "Ludmila Pavlouskov\u00e1": "Q95168569", "Katya Kompaneyets": "Q121464310", "Mette Benthien": "Q39141429", "Elisabeth Tavernier": "Q15448979", "Kalia Karasheva": "Q25597893", "Tordai Hajnal": "Q1322861", "Ursula Welter": "Q21032271", "Katrin Dr\u00f6ge": "Q56191439", "Carol Oditz": "Q71557460", "Annelise Hauberg": "Q112043625", "Dien van Straalen": "Q22062094", "S\u00edlvia Sangirardi": "Q99803151", "Rita Geerts": "Q52489014", "Agn\u00e8s N\u00e8gre": "Q15448711", "Alessandra Cardini": "Q3609665", "Zsuzsa Balai": "Q88195151", "Lily Komine": "Q30925410", "Libu\u0161e Princov\u00e1": "Q95221074", "Natalia Yurevna Ivanova": "Q4196424", "Heidi Fischer": "Q47264609", "Marta Roszkopfov\u00e1": "Q95153683", "Mona Fors\u00e9n": "Q95730404", "Frances Tempest": "Q4982300", "Berit Marit H\u00e6tta": "Q47438716", "Mona Hafsahl": "Q112543571", "Zvonka Makuc": "Q86459846", "Kari Elfstedt": "Q11980166", "Heidi Wujek": "Q56231309", "Jette Termann": "Q101439269", "Dagmar B\u0159ezinov\u00e1": "Q95399393", "Iva H\u00fcttnerov\u00e1": "Q17227470", "Annette Beaufa\u00ffs": "Q95189767", "Lydia Azzopardi": "Q104471408", "Helene Hohensee": "Q95189538", "Nade\u017eda Gultiajeva": "Q12666243", "Sibylla Antel": "Q123052967", "Zdena Mannov\u00e1": "Q121381295", "Anne-Sophie Denny": "Q114443834", "Renata Schussheim": "Q9067994", "Mary E. Vogt": "Q3850454", "Dinah Collin": "Q24251419", "Su B\u00fchler": "Q26203391", "Mimi Lempicka": "Q50318749", "Danai Anesiadou": "Q52622909", "Nathalie Raoul": "Q55340979", "Alexandra Charles": "Q56314932", "Giulia Piersanti": "Q56654544", "Barbara Grupp": "Q63447127", "Dunya Ramicova": "Q63969864", "Loriana Casagrande": "Q64737855", "Ma\u0142gorzata Braszka": "Q21288089", "Elisabetta Montaldo": "Q19984986", "Anna Ostapi\u0144ska": "Q11686269", "Lena Selander": "Q98755434", "Bjanka Ad\u017ei\u0107 Ursulov": "Q12785950", "Oliva Kindlov\u00e1": "Q123279317", "Ewa Krauze": "Q20640094", "Romana T\u016fmov\u00e1": "Q112540022", "Pirjo Valinen": "Q17384711", "Zoja Mikotov\u00e1": "Q28803104", "Magdalena Biedrzycka": "Q11766007", "Paola Comencini": "Q3893543", "Colette Huchard": "Q2982496", "Laila Holm": "Q22283608", "Tessa Lute": "Q52493214", "Anna Viebrock": "Q563521", "Kl\u00e1ra Labancz": "Q12350697", "Siti Fauziah": "Q52634440", "Na\u010fa Sot\u00e1kov\u00e1": "Q95168726", "Ildik\u00f3 Szab\u00f3": "Q1293547", "Inger Hallstr\u00f6m Stinnerbom": "Q116883893", "Cveta Mirnik": "Q106925807", "Molly Maginnis": "Q25168144", "Mariaelena Roqu\u00e9": "Q70123326", "Nan\u00e0 Cecchi": "Q3870189", "Tetiana Piddubna": "Q12145988", "Jennifer Robin Arnold": "Q95887950", "Judit Dobre-K\u00f3thay": "Q12350030", "Ileana Mulet Batista": "Q54318927", "Katja Watkins": "Q22309556", "Ulrika Ritter": "Q113261019", "Suzanne Gallo": "Q52556429", "Zebo Nasirova": "Q109266328", "Andreane Neofitou": "Q2846445", "Colette Baudot": "Q2982462", "Ginette Magny": "Q3106735", "Julie Mauduech": "Q3189241", "Louise Mingenbach": "Q3263796", "Magali Guidasci": "Q3276511", "Sammy Sheldon": "Q3470884", "\u00c9lise Ancion": "Q22284333", "Leah Lieber": "Q28952283", "Jackie Budin": "Q29525718", "Marie-Claude Altot": "Q29525841", "Beatrijs Lauwaert": "Q52603522", "Marjeta Cvetko": "Q65945061", "Zdena \u0160afkov\u00e1-\u0158eh\u00e1kov\u00e1": "Q95078678", "Lia Morandini": "Q3831518", "Rosalie": "Q2166533", "Nicoletta Ercole": "Q59240032", "Jana Zborilova": "Q64173920", "Lourdes de Ordu\u00f1a": "Q88223523", "Jarmila Vondr\u00e1kov\u00e1": "Q95155104", "Anne Jud Hallauer": "Q56191437", "Kersti Vitali": "Q102111758", "Cecilia Lagergren": "Q95665707", "Eva Farka\u0161ov\u00e1": "Q78202695", "Macha Make\u00efeff": "Q3274239", "Jitka Hilsk\u00e1": "Q95215848", "Hope Hanafin": "Q25661474", "Satu-Marja Nygren": "Q30174453", "Montse Amen\u00f3s i Garc\u00eda": "Q11937507", "Miriam Guretzki": "Q86007374", "Reinhilde Condin": "Q114588907", "Mirjam Grote Gansey": "Q52634677", "Cordula Albrecht": "Q95746069", "Marjatta Nissinen": "Q63349336", "Helvi Treffner": "Q123499212", "Margrethe Rasmussen": "Q111975542", "Marie Morel": "Q3292705", "Rona Doron": "Q12411278", "Giovanna Buzzi": "Q52555413", "Natalya Moneva": "Q92611223", "Sne\u017eana Kova\u010devi\u0107": "Q110046412", "Paola Marchesin": "Q15349703", "Yekaterina Shapkayts": "Q4520234", "Lore Tesch": "Q95189145", "Mariya Levytska": "Q4256586", "Katalin Moldvay": "Q12350554", "Carina Dalunde": "Q114078027", "Sylvie Gautrelet": "Q15448535", "Mar\u00eda Luisa Garc\u00eda": "Q3296455", "Agni Ntoutsi": "Q12872984", "Dorien de Jonge": "Q52555864", "Bernadette Corstens": "Q52555638", "Irina Mikhajlovna Akimova": "Q99480683", "Erzs\u00e9bet R\u00e1tkai": "Q14943383", "Sigrid Vinks": "Q2343444", "Marja Uusitalo": "Q111508332", "N\u00f3ra Csel\u00e9nyi": "Q65218658", "Karin Sundvall": "Q113109231", "\u013dudmila V\u00e1rossov\u00e1": "Q13371163", "Val\u00e9rie Pozzo di Borgo": "Q77830701", "Rita Hendriks": "Q52557073", "\u041d\u0430\u0442\u0430\u043b\u044c\u044f \u0413\u0435\u043e\u0440\u0433\u0438\u0435\u0432\u043d\u0430 \u0417\u0430\u043c\u0430\u0445\u0438\u043d\u0430": "Q28498043", "Enrica Biscossi": "Q95746658", "Jana Prekov\u00e1": "Q99394069", "Brigitte Reiss-Andersen": "Q114614157", "Runa F\u00f8nne": "Q22342713", "Lala Huete": "Q69585191", "Jill Taylor": "Q91328100", "Margot Wilson": "Q95188474", "Jana Martinovi\u010dov\u00e1": "Q112547124", "H\u00e9l\u00e8ne Delprat": "Q23926177", "Dominique Lemieux": "Q24577836", "Rita D\u00e9v\u00e9nyi": "Q112722624", "Pia Myrdal": "Q113262985", "Alena Sch\u00e4ferov\u00e1": "Q95401126", "Susanna Rafstedt": "Q113152347", "Ines Arnemann": "Q104213650", "Kicki Ilander": "Q4955606", "Iva Ouhrabkov\u00e1": "Q95464733", "Aafje Horst": "Q52557673", "Matija Vuica": "Q16113632", "Heike Scheele": "Q23059674", "Grace Ellen Barkey": "Q29867837", "Ellis Flyte": "Q110429275", "Marina Yee": "Q2489357", "Kathrine Tolo": "Q22269429", "Ginette Noiseux": "Q100450673", "Beatrix Aruna Pasztor": "Q69885301", "Lucie Bates": "Q95201145", "Cecilia Norborg": "Q113261008", "X\u00e9nia Hoffmeisterov\u00e1": "Q28008160", "Adelheid Roosen": "Q2541611", "Kathleen Detoro": "Q22236608", "Marijke Pinoy": "Q2781686", "Sanja Milkovic Hays": "Q3472293", "Martina List": "Q24101613", "Myriande Heller": "Q23059553", "Esther Walz": "Q69820146", "Natalya Dzyubenko": "Q12100968", "Anne Jendritzko": "Q95189296", "Aleksandra Pavlovi\u0107": "Q95669013", "Dianna Cilliers": "Q3706779", "Sandra Sila": "Q61122166", "Svetlana Visintin": "Q28860569", "Charlott Axenstr\u00f6m": "Q113463786", "Marianne Burgers": "Q52555401", "Paola Nazzaro": "Q3893605", "Mich\u00e8le Anne De Mey": "Q1355948", "Catarina Schiller": "Q113646328", "Ute Paffendorf": "Q85188019", "Pascale Bordet": "Q102275766", "Marie-Luise Lichtenthal": "Q22692816", "Erika Navas": "Q23933659", "Kia Nordqvist": "Q113564556", "Hedvig And\u00e9r": "Q114413710", "Emita Frigato": "Q3724605", "Myriam Blais": "Q70238364", "Julia Stoess": "Q95734838", "Florence von Gerkan": "Q109172", "Elizabeth J. Lewandowski": "Q100921236", "Ingrid S\u00f8e": "Q112999512", "Ev\u017eenie R\u00e1\u017eov\u00e1": "Q111286096", "Yuliya Belomlinskaya": "Q4082581", "Oksana Yarmolnik": "Q15060704", "Florence Emir": "Q89912061", "Wenche Petersen": "Q22338635", "\u0422\u0430\u0446\u0446\u044f\u043d\u0430 \u0412\u0456\u0442\u0430\u043b\u044c\u0435\u045e\u043d\u0430 \u041b\u0456\u0441\u0430\u0432\u0435\u043d\u043a\u0430": "Q117249610", "Aenne Plaumann": "Q95755333", "Mari Benedek": "Q16334700", "Dorota Roqueplo": "Q9210238", "Ina Peichl": "Q34018050", "Edit Zeke": "Q1466988", "Sofia Zoumberi": "Q113599973", "Katelijne Damen": "Q2392810", "Karin Vyncke": "Q3193261", "Pascale Platel": "Q2149638", "Eva Felixov\u00e1": "Q112542682", "Stine Gudmundsen-Holmgreen": "Q107877954", "Lisbeth Narud": "Q55606099", "Caterina Czepek": "Q56512804", "Ingrid Nylander": "Q62030254", "Petra Wellenstein": "Q2080374", "Marie Flyckt": "Q33001481", "Yaeko Oshimoto": "Q17989767", "Fulvia Zudi\u010d": "Q113686951", "Francesca Sartori": "Q3749414", "Tiina Kaukanen": "Q11897553", "Metella Raboni": "Q3855565", "Katharina W\u00f6ppermann": "Q35149784", "Ann Huybens": "Q52601160", "Anne Frank": "Q106898038", "Magdalena Rutkiewicz-Luterek": "Q21288229", "Mia \u00d6gren": "Q112200205", "Nadezhda Vasilyeva": "Q20066188", "Ann Bonander Looft": "Q113586956", "Ana Alvargonzalez": "Q66990833", "Natascha Curtius-Noss": "Q63831228", "Tatyana Patrakhaltseva": "Q106767302", "Muriel Gerstner": "Q1953713", "Eva Kotkov\u00e1": "Q112401591", "Tarja Simone": "Q112552302", "Catherine Lefebvre": "Q52603724", "Simona Ryb\u00e1kov\u00e1": "Q104804357", "Katar\u00edna Holl\u00e1": "Q66761061", "Birgit Missal": "Q81481646", "Lily Ben Nachshon": "Q20502472", "Eva Brodsk\u00e1": "Q69270304", "Enrica Barbano": "Q61413095", "Ljiljana Petrovi\u0107": "Q69799218", "Jennifer Butler": "Q107746615", "Agn\u00e8s Evein": "Q2826985", "Elke Scheuermann": "Q1277630", "Stefanie Bieker": "Q84599289", "Fr\u00e9d\u00e9rique Leroy": "Q3090388", "Susy G\u00f3mez": "Q15909278", "Marija Mojca Punger\u010dar": "Q22920887", "An D'Huys": "Q52487084", "Florence Fontaine": "Q53618133", "Kasia Walicka Maimone": "Q55808118", "Roula Akalestou": "Q64294696", "Nicole Fischnaller": "Q81480309", "Iris Czienskowski": "Q83795584", "Katharina Sigwart": "Q95189231", "Sabine Greunig": "Q95211060", "Elina Kolehmainen": "Q111445099", "Margaret Mitchell": "Q112457907", "Annika St\u00f6dberg": "Q95684535", "Moa Li Lemhagen Schalin": "Q4961685", "Samiha Maleh": "Q95173711", "Anna \u00c5gren": "Q113379134", "Silke Sommer": "Q21032242", "Carlota Lagido": "Q9697439", "Andrea Nagy": "Q15900053", "Anette Guther": "Q95189377", "Rachael Fleming": "Q101140469", "Florence Sadaune": "Q28952310", "Eva Mols": "Q52635939", "Linda Brunelle": "Q106021920", "Katar\u00edna \u0160trbov\u00e1-Bielikov\u00e1": "Q107832291", "Petra Kilian": "Q23854242", "Ivana Br\u00e1dkov\u00e1": "Q104814976", "Nathalie Leborgne": "Q3336624", "Elena Wegner": "Q95653160", "Sanja Veli\u010dkovi\u0107": "Q113956759", "Zsuzsa P\u00e1rt\u00e9nyi": "Q95707864", "Julie Rae Engelsman": "Q29476982", "Janna Kapustnikova": "Q106934099", "Gesine V\u00f6llm": "Q19965043", "Elli Papageorgakopoulou": "Q60732831", "Kerstin Drechsel": "Q83630730", "Esther Amuser": "Q95186342", "Marija Havran": "Q112540168", "Dorine van IJsseldijk": "Q29574173", "Karen Fabritius Gram": "Q22343425", "Kitty Stuckey": "Q32904857", "Nataliya Zhvanetsky": "Q101239209", "Anna Hagert": "Q95667508", "Lotta Nordwall-Westerstr\u00f6m": "Q114226783", "Anne-Gret Oehme": "Q95666484", "Nina Sandstr\u00f6m": "Q108121114", "Jo Katsaras": "Q25288774", "Clara Ahlstr\u00f6m": "Q112291875", "Grith Rahbek": "Q113390690", "Simonetta Mariano": "Q95201803", "Karin Serres": "Q100138241", "Maria Gyllenhoff": "Q113653974", "Anne-Dorthe Eskildsen": "Q114958802", "Kl\u00e1ra \u010cul\u00edkov\u00e1": "Q95401172", "Patricia J. Henderson": "Q95715063", "Sylva Zimula Han\u00e1kov\u00e1": "Q112370846", "Tina Kl\u00f6mpken": "Q18028637", "Anne Pedersen": "Q22279866", "Lies Pauwels": "Q30241250", "Magdalena Musial": "Q52610604", "Dragana Turkalj": "Q61125471", "Lucia Faust": "Q95747044", "Kathrin Frosch": "Q96621795", "Tatiana Hern\u00e1ndez": "Q96626866", "Inbal Shuki": "Q111262243", "Andrea Ku\u010derov\u00e1": "Q112369981", "Ayzit Bostan": "Q793399", "Bettina Meyer": "Q20020160", "An Vandevorst": "Q53115453", "Krist\u012bne Jurj\u0101ne": "Q99476644", "Edit Sz\u0171cs": "Q1314282", "Justine Maurer": "Q45163432", "Mame Fagueye B\u00e2": "Q113681153", "Anna Sv\u00e4rdendahl": "Q111423632", "Ewa \u0141ow\u017cy\u0142": "Q102077612", "Alexandra Gruskova": "Q12762118", "Svetlana Bondarchuk": "Q4093262", "Anke Lohrer": "Q26235897", "P\u00e9 Vermeersch": "Q52497280", "Esther Bialas": "Q95190635", "Kathrin Plath": "Q95748188", "Katrin Nottrodt": "Q1736733", "Carla Teti": "Q15791123", "M\u00f3nica Guacaneme": "Q111727375", "Ene-Liis Semper": "Q16404450", "Cecilia Bj\u00f6rck": "Q95210090", "Toby Poser": "Q22926978", "Sophie de Rakoff": "Q24806995", "Dorota Budna": "Q23059238", "Ella Brigatti": "Q11857476", "L\u012bga Kr\u0101sone": "Q80788790", "Cinamon L. Hadley": "Q65028821", "Sonu Mishra": "Q107927449", "Tanja Hausner": "Q27825178", "Ann Van den Broek": "Q47465631", "Antonia Baehr": "Q52624149", "Silvia Nebiolo": "Q59245592", "Claudia Unger": "Q67763025", "Tereza Hrz\u00e1nov\u00e1": "Q93482847", "Anna Waszczyk": "Q95669639", "Zuzana Bambu\u0161ek Krejzkov\u00e1": "Q95699020", "Fiore Argento": "Q547402", "Nata\u0161a Recer": "Q12797333", "Lena Aspemar": "Q116546780", "Jaana Fomin": "Q113027225", "Voseck\u00e1 Ren\u00e1ta": "Q112440364", "Valentina Taviani": "Q84418131", "Cilla R\u00f6rby": "Q4976351", "Nora Furuholmen": "Q64362027", "Lillebel Karlsson": "Q113571744", "Sophie Peters": "Q116365682", "Anja Vang Krag": "Q115349439", "Rikke Simonsen": "Q115131920", "Nancy Baumann": "Q1964468", "Louize Nissen": "Q73984824", "Stanislava Vauda Ben\u010devi\u010d": "Q114043894", "Yashi Tabassomi": "Q23566162", "Catherine Willems": "Q52614276", "Tiziana Romanin": "Q95667104", "Clara Bilbao": "Q97105300", "Alex Kavanagh": "Q69911045", "Anni F\u00fcz\u00e9r": "Q74171957", "Joanna Kaczynska": "Q21288141", "Anu Lensment": "Q115788703", "Georgia Ford Wagenhurst": "Q101866387", "Elena Vannoni": "Q3721510", "Jasna Vastl": "Q52609767", "Monika Buttinger": "Q23930300", "Melissa Bruning": "Q106157330", "Valentina Scalia": "Q4007717", "Phia Hokkanen": "Q113342713", "Halina Kratochwil": "Q19502465", "Silvia Albarella": "Q47186024", "Eleni Manolopoulou": "Q60732830", "Pascale Montandon-Jodorowsky": "Q108748844", "Kajsa Hilton-Brown": "Q114961462", "Vera Holte": "Q12009298", "Retno Ratih Damayanti": "Q110900140", "Ioana Albaiu Reti": "Q107195517", "Viktoria Mattila": "Q113109223", "Renate Oblak": "Q114832718", "Ghislaine Herb\u00e9ra": "Q68343553", "Ieva Jurjane": "Q55285874", "Mark\u00e9ta Fantov\u00e1": "Q112545550", "Mia Stensgaard": "Q18964177", "Christine Ludwig": "Q96484335", "Andrea Schraad": "Q17521259", "Jo Sang-gyeong": "Q24867107", "Heike Hofmann": "Q56256060", "Justina Klimczyk": "Q89676965", "Andrea Sodomkov\u00e1": "Q112399023", "Nele Palmtag": "Q112535336", "Janina Audick": "Q1682745", "Martina Ivars": "Q114774824", "Emilie Timmermans": "Q52771627", "Isabelle Le Nouvel": "Q3154962", "An Miller": "Q2201999", "Silke Wilrett": "Q43199522", "Kumiko Iijima": "Q55177904", "Stefanie vor Schulte": "Q116753923", "Ulrika Sj\u00f6lin": "Q73985005", "Olha Navrotska": "Q65197466", "Varvara Avdyushko": "Q117032143", "Lucie Loosov\u00e1": "Q95181751", "Tine Reymer": "Q2001293", "Pia Aleborg": "Q56460428", "Fruzsina Nagy": "Q52610889", "Ninya Mikhaila": "Q59342252", "Christina Lovery": "Q22281884", "Charlotte Vanden Eynde": "Q52554178", "Taka Shamoto": "Q52637234", "Jenny Ljungberg": "Q75856706", "Kamila Pol\u00edvkov\u00e1": "Q86594372", "Christina Kalbari": "Q94561615", "Vikt\u00f3ria Nagy": "Q114068580", "Met Salih": "Q99466414", "B\u00e1ra \u010cechov\u00e1": "Q112398414", "B. \u00c5kerlund": "Q22994014", "Kristina Nov\u00e1kov\u00e1 Z\u00e1vesk\u00e1": "Q112873611", "\u00c5sa Kostenniemi": "Q112846507", "Anne-Ga\u00eblle Daval": "Q28872958", "Ayna Hasse": "Q44059520", "Eleonora Krej\u010d\u00ed": "Q95157450", "Lotta H\u00f6gberg": "Q114082508", "Alexandra Staszko": "Q19629291", "Aleksandra Staszko": "Q21839516", "Ann-Sofie Andersson": "Q104695201", "Katar\u00edna Holkov\u00e1": "Q112533780", "Sussie Juhlin-Wall\u00e9n": "Q17592667", "Kalila Aguilos": "Q97446197", "Anna Dolata": "Q84999018", "Sara Pertmann": "Q117001275", "Mayou Trikerioti": "Q88186890", "Eva Ji\u0159ikovsk\u00e1": "Q112549814", "Heidi Bivens": "Q107522103", "Lindsay Zir": "Q110480861", "Therese Ezelius": "Q113682062", "Jana Sov\u00e1kov\u00e1": "Q12023455", "Sylva Markov\u00e1": "Q97924879", "Sabine Hilscher": "Q98960125", "Elif Melda Y\u0131lmaz": "Q6054835", "Fien Muller": "Q53109183", "Yvette Alida Kov\u00e1cs": "Q118289302", "Arantxa Ezquerro": "Q122914294", "Amy Gilliam": "Q481854", "Magda Willi": "Q1236488", "Joki Tewes": "Q22673299", "Denise \u00d6stholm": "Q73992190", "Urszula Bartos-G\u0119sikowska": "Q9367156", "z098434578": "Q6066485", "Hale \u0130\u015fsever": "Q6087565", "Borb\u00e1la Kiss": "Q97190762", "Siboney Lo": "Q96020355", "Oddfrid Ropstad": "Q22662233", "Alexandra Mein": "Q52608640", "Katrin Connan": "Q109588894", "Victoria Behr": "Q15445940", "Susanne Hiller": "Q18631374", "Manah Depauw": "Q19629886", "Marije de Wit": "Q52556095", "Daniela Klime\u0161ov\u00e1": "Q95181665", "Ieva Kaulina": "Q57538110", "Michaela Hor\u00e1\u010dkov\u00e1 Ho\u0159ej\u0161\u00ed": "Q95450917", "Jitka Nejedl\u00e1": "Q95093941", "Kate\u0159ina M\u00edrov\u00e1": "Q79329401", "Ula Shebchuv": "Q12403538", "Bouchra Ouizguen": "Q30727165", "Isabelle Pannetier": "Q50825924", "Mia Andersson": "Q56511329", "Elyse Galiano": "Q87599912", "Annemieke Swinkels": "Q52620296", "Iva N\u011bmcov\u00e1": "Q95181718", "Lisa Hultgren": "Q123987549", "Viktoriya Efimova-Shestakovskaya": "Q118780262", "Andrea Szak\u00e1l": "Q52503641", "Sanna Ekstr\u00f6m Forsberg": "Q113565010", "Cathy Weyders": "Q52613885", "Azra Mehi\u0107 Dolberry": "Q80169702", "Anke Winckler": "Q80267516", "Marta Jim\u00e9nez Salcedo": "Q112494857", "Maria Anderski": "Q112899068", "Krist\u00edna Hroznov\u00e1": "Q120616178", "Sarah Deboosere": "Q52484712", "Zs\u00f3fia Opra Szab\u00f3": "Q1225009", "Aino Laberenz": "Q406072", "Heidi Hawkins": "Q16562959", "Lavinia Bonsignore": "Q110994114", "Lane Sch\u00e4fer": "Q19595620", "J\u00falia Neudold": "Q54669823", "Sarah Raible": "Q95189444", "Nina Gr\u00f8nlund": "Q96106968", "Liesa Naert": "Q2090769", "Malwina W\u0119dzikowska": "Q90485009", "Romy Zagora": "Q95187854", "Leonie Leuenberger": "Q95187939", "Jovanna Remaeus J\u00f6nson": "Q82025116", "Zuzana Nov\u00e1kov\u00e1 Hilsk\u00e1": "Q95148727", "Jennifer Newman": "Q97362049", "Hanne De Wyngaert": "Q52556101", "Teresa Grosser": "Q95188347", "Rosa Tharrats Oliva": "Q106393761", "Emmi Leeve": "Q113700029", "Vendi Juki\u0107 Bu\u010da": "Q117963778", "Katarina Schremmer": "Q95210822", "Anggia Kharisma": "Q97455332", "Agata Drozdowska": "Q33001414", "Magdal\u00e9na Zelenkov\u00e1": "Q120405796", "Hana Holcmanov\u00e1": "Q95382133", "Sirly Oder": "Q112247627", "Anna Matison": "Q7510890", "Alexandra Alma Ungureanu": "Q86311272", "Zuzana Petr\u00e1kov\u00e1": "Q95227166", "Anneliese Neudecker": "Q19885626", "Sandra Sztevanovity": "Q95728068", "Sara Gianassi": "Q112506394", "Asuka Kuga": "Q44178591", "Maja Stace-Smith": "Q66735847", "Kristina L\u00f5uk": "Q110751573", "Jacqueline Goehner": "Q20046832", "Freja Berglund": "Q115864929", "Inga Apine": "Q42269437", "Marta Passarini": "Q123054570", "Martina Eignerov\u00e1": "Q108470837", "Judith Kr\u00f6her": "Q95189351", "J\u00falia Szl\u00e1vik": "Q105404888", "Waris Klampfer": "Q62085266", "Eve Gutmann-Valme": "Q110740925", "Min Hee Bervoets": "Q51752939", "Maya Degerlund": "Q113562506", "Agnes \u00d6stergren": "Q100157102", "Eva Torsvall": "Q113197666", "Tereza Kopeck\u00e1": "Q112471232", "Juli Bal\u00e1zs": "Q28722175", "Nele Content": "Q52627626", "Sandra Woltersdorf": "Q110253787", "Pryscila Dias": "Q109794299", "Aleksandra Adamczuk": "Q82682445", "Stacy Fan": "Q113107335", "Y\u016bko Ikeda": "Q11552128", "Monika Houdkov\u00e1": "Q95451192", "Raquel Porter": "Q110894275", "Mari Lotherington": "Q123368860", "Henriette H\u00fcbschmann": "Q95204498", "MICO": "Q108151130", "Grace Chow": "Q97300940", "Anna Sch\u00f6ttl": "Q110980766", "Ma\u0142gorzata Detner": "Q121297645", "Ha Thanh \u0160petl\u00edkov\u00e1": "Q55439917", "Hedda Virik": "Q109853039", "Anna Wahlin": "Q112108878", "Aneta Fibingerov\u00e1": "Q112535668", "Marie-Pier Ottawa": "Q59645263", "Andrea Flesch": "Q95669162", "Ancy Antony": "Q27697942", "Shelise Ann Sola": "Q117536023", "Jeanne Vic\u00e9rial": "Q109334734", "Salom\u00e9 Ritterband": "Q112560403", "Yuval Levi": "Q107143130", "Zuzanna Gli\u0144ska": "Q114684200", "Ida Skov Gudmundsen-Holmgreen": "Q115184234", "Anna S\u00fcnkel": "Q110284124", "Helene Payrhuber": "Q111568528", "Rosa Wiesauer": "Q117212414", "Kinga R\u00e9ta Vecsei": "Q56062650", "Sara Leme": "Q118154060", "Olivia Millar": "Q122389288", "Marie-Luisa Purkr\u00e1bkov\u00e1": "Q114349925", "Nagi Nemoto": "Q27917547", "Patricia Walker": "Q6066621", "Sarah Bardo": "Q71314776", "Lise-Lotte Leischke": "Q95667484", "Deanna Marsigliese": "Q108428499", "Joanne Hansen": "Q110548721", "Lindsay Walker": "Q110550027", "Melikasadat Esmaeili": "Q111680598", "Ana\u00efs Romand": "Q488766", "Barbara Krott": "Q807520", "Fiorella Mariani": "Q1418607", "Laurie Drew": "Q1753046", "Ma\u0142gorzata Mo\u017cd\u017cy\u0144ska-Nawotka": "Q11772335", "Amy Westcott": "Q11957771", "Nathalie du Rosco\u00e4t": "Q15446798", "Eve-Marie Arnault": "Q15447076", "Caroline de Vivaise": "Q15447166", "Sylvie de Segonzac": "Q15448623", "Anina Diener": "Q15783495", "Anne de Laugardi\u00e8re": "Q15791989", "Jacqueline Bouchard": "Q15820617", "Yvette Bonnay": "Q15855346", "Calista Hendrickson": "Q15905815", "Olivera Gajic": "Q17537120", "Eva Dessecker": "Q17537168", "Marianne Glittenberg": "Q17537188", "Lejla Ganic": "Q19289051", "Isabelle Kittnar": "Q19758175", "Pascaline Chavanne": "Q21334430", "Clare Niederpruem": "Q21601259", "Monique Prudhomme": "Q22115221", "Caroline Eselin": "Q1116225", "Gertrude Casey": "Q3104387", "Adriana Bellone": "Q3605647", "Grazia Colombini": "Q3775980", "Mary Claire Hannan": "Q3850447", "Michela Gisotti": "Q3856413", "Renee Ehrlich Kalfus": "Q3932948", "Trisha Biggar": "Q3999019", "Daniela Rossi": "Q5135321", "Ida Gearon": "Q5987016", "Rakefet Levy": "Q7050963", "Shabina Khan": "Q7460101", "Maria Carmen de Souza": "Q10325767", "Saija Siekkinen": "Q11891918", "Kristin M. Burke": "Q14566172", "Ayako Maeda": "Q17221136", "Marianna M\u00f8rk\u00f8re": "Q20608258", "Marpessa Djian": "Q21486122", "Anne Andressen": "Q22075427", "Yoko Suetaka": "Q22128044", "Maria Bohlin": "Q22269263", "Kari Baade": "Q22269427", "Jeanette Steinsland": "Q22277619", "Ingun Ronesen": "Q22281528", "Bente Karin Ulvik": "Q22282658", "Linn Henriksen": "Q22295237", "Bente Winther-Larsen": "Q22295758", "Lena Lidman": "Q22302995", "Stina Lunde": "Q22313871", "Anne Hamre": "Q22342714", "Camilla Lindblom": "Q22342876", "Vaida Venckut\u0117": "Q22343511", "Eva Lendl": "Q22344064", "Sofie Rage Larsen": "Q22344617", "Ellen D\u00e6hli Ystehede": "Q22348316", "Siv Antonsen": "Q22772693", "Bergljot Breistein": "Q22809036", "Myfanwy Edwards": "Q22977833", "Susan Becker": "Q22986030", "Lyn Paolo": "Q23012434", "Lisa Eisler": "Q23012584", "Antzela Brouskou": "Q23017675", "Renee Fontana": "Q23655158", "Laura Jean Shannon": "Q23655675", "Rebecca Bentjen": "Q23655684", "Charlotte Betaillole": "Q24051612", "Tanine Autr\u00e9": "Q24254052", "Louise Frogley": "Q24279418", "Katrina Lindsay": "Q24577506", "Marina Draghici": "Q24577788", "Linda Cho": "Q24577839", "Elizabeth Bass": "Q24628903", "Tazeena Firth": "Q24655204", "Ann Curtis": "Q24666788", "Erin Quigley": "Q24666816", "Allison Reeds": "Q24668255", "Constance Hoffman": "Q24668274", "Rahel Afiley": "Q24809370", "Susie DeSanto": "Q24817359", "Shoshana Rubin": "Q24817458", "Genevieve Tyrrell": "Q24843226", "Caroline B. Marx": "Q24849405", "Mar\u00eda Estela Fern\u00e1ndez": "Q24849476", "Francine Jamison-Tanchuck": "Q24987945", "Ingrid Ferrin": "Q25112235", "Susan Lyall": "Q25114132", "Carol Ramsey": "Q25350138", "Doris Kristi\u0107": "Q25499409", "Judy Ruskin Howell": "Q25598659", "Alexandra Welker": "Q25713837", "Karyn Wagner": "Q25713838", "Marie France": "Q25804176", "Rosemary Burrows": "Q25829284", "Amanda Neale": "Q26722573", "Oana Paunescu": "Q26742224", "Anne Isene": "Q27159087", "Ma\u0142gorzata Gwiazdecka": "Q27535430", "Neva Rames": "Q28707111", "Katrin Lohmann": "Q28870355", "Beatrix Albl": "Q28912824", "Angela Wendt": "Q28919633", "Jacqueline Aronson": "Q29414977", "Yasmine Abraham": "Q29509954", "Tabea Braun": "Q30044488", "Gaby Klimek": "Q31943337", "Helle Nielsen": "Q33101165", "Nadia Lauro": "Q33804475", "Christiane Karge": "Q39999042", "Elisabeth Schmid": "Q39999050", "Eva Altorfer": "Q39999124", "Lina Bichel": "Q39999130", "Brigitte Desroches": "Q41154707", "Anne-Dorte Krog": "Q42047222", "Sylvia Risa": "Q44099037", "Marisa Ditimus": "Q44232276", "Juliette Lunger": "Q45221137", "Leetal Platt": "Q45277866", "Susanne Birke": "Q45833228", "Muriel Kranich": "Q45833241", "Katrin Schilt": "Q51179900", "Sabina": "Q52477818", "Ayseg\u00fcl Alev": "Q52478799", "Veerle Bakelants": "Q52479236", "Magda Banach": "Q52479271", "Basten Basstanie": "Q52479348", "Diane Batens": "Q52479384", "Signe Becker": "Q52479458", "Diane Belmans": "Q52479555", "Catherine Bernad": "Q52479644", "Alexandra Bertaut": "Q52479654", "Leen Bogaerts": "Q52479905", "Lotte Boonstra": "Q52480041", "Mathilde Boussauw": "Q52480245", "Annelies Bruneel": "Q52480526", "Sarah Buts": "Q52480607", "Gabriela Carrizo": "Q52480823", "Denise Castermans": "Q52480859", "Lina Celis": "Q52480960", "Klaartje De Bonnaire": "Q52484701", "Marleen De Clercq": "Q52484969", "Marita De Coster": "Q52485113", "Martine Decroos": "Q52485151", "Rosette De Herdt": "Q52485391", "Ellen de Kerf": "Q52485467", "Anne Demeere": "Q52485798", "Eva De Mul": "Q52485974", "Marlene De Smet": "Q52486546", "Natascha De Smet": "Q52486556", "Nina De Vroome": "Q52486805", "Lotte De Vuyst": "Q52486827", "Mimi De Wilde": "Q52486900", "Karen D'hoore": "Q52487067", "Nathalie Douxfils": "Q52487403", "Sarah Duvert": "Q52487679", "Sara Dykmans": "Q52487714", "Heidi Ehrhart": "Q52487737", "Rebecca Flores": "Q52488153", "Laure Fonvieille": "Q52488399", "Karen Bergeon": "Q52488520", "Lief Bigar\u00e9": "Q52488562", "Dymph Boss": "Q52488583", "Marijs Boulogne": "Q52488863", "Jasmien De Bruycker": "Q52489388", "Cindy Godefroi": "Q52489663", "Elles de Koe": "Q52489667", "Elise Goedgezelschap": "Q52489678", "Silke Goessens": "Q52489705", "Greta Goiris": "Q52489754", "Lotte Goos": "Q52489799", "Greta Goris": "Q52490099", "Marie Fr\u00e9d\u00e9rique Fillon": "Q52490731", "Hedy Gr\u00fcnewald": "Q52491369", "Hilde Hebbinckuys": "Q52491500", "Karianne Hoenderkamp": "Q52491717", "Mieja Hollevoet": "Q52491727", "Isa Janssens": "Q52491868", "Hai-Chay Jiang": "Q52492122", "Marike Kamphuis": "Q52492202", "Griet Hersens": "Q52492233", "Diana Herz": "Q52492278", "Tina Heylen": "Q52492584", "Annabel Heyse": "Q52492639", "Sylvia Hiel": "Q52492661", "Lot Lemm": "Q52493113", "Lieve Meeussen": "Q52493700", "Connie Nijman": "Q52494348", "Veerle Janssens": "Q52494781", "Janneke Raaphorst": "Q52494810", "Marion Jouffre": "Q52495150", "Heide Kastler": "Q52495278", "Natalie Schrauwen": "Q52495330", "Valentine Kempynck": "Q52495339", "Suze May Sho": "Q52495553", "Naomi Kerkhove": "Q52495562", "Birgit Kersbergen": "Q52495598", "Marie Kersten": "Q52495629", "Marrigje Spoelstra": "Q52495654", "Daphne Kitschen": "Q52495711", "Elif Kormaz": "Q52495951", "Els Kortleven": "Q52495999", "Sabina Kumeling": "Q52496088", "Anne-Catherine Kunz": "Q52496130", "Karina Lambert": "Q52496407", "Monik Vanderlooven": "Q52496461", "Annamirl Van Der Pluijm": "Q52496486", "Marie Lauwers": "Q52496776", "Isabelle Lhoas": "Q52497155", "Anke Loth": "Q52497575", "Saskia Louwaard": "Q52497613", "Mina Ly": "Q52497702", "Anna-Marthe Zomer": "Q52497897", "AnneMarthe Zomer": "Q52497909", "Jookje Zweedijk": "Q52497933", "Eva Maes": "Q52497985", "Lu\u00edza Marcier": "Q52498126", "Lies Mar\u00e9chal": "Q52498150", "Ingrid Meerschaert": "Q52498471", "Evelyne Meersschaut": "Q52498484", "Martha Mentink": "Q52498633", "Christine Mobers": "Q52498936", "Nik\u00e8 Moens": "Q52498960", "Eva Musil": "Q52499293", "Katrien Nijs": "Q52499533", "Sofie Palmers": "Q52500009", "Ayelen Parolin": "Q52500041", "Astrid Peeters": "Q52500163", "Marijke Peeters": "Q52500260", "B\u00e9a Pendesini": "Q52500304", "Anja Perisic": "Q52500324", "Nicole Petit": "Q52500464", "Natascha Pire": "Q52500601", "Liesbeth Plettinckx": "Q52500638", "Inez Raspoet": "Q52501135", "Christine Rebet": "Q52501216", "Sofie Rosseel": "Q52501715", "Kristel Salaets": "Q52501903", "Marga Sanders": "Q52501948", "Margerita Sanders": "Q52501962", "Nele Sels": "Q52502453", "Azade Shahmiri": "Q52502604", "Silke Sintobin": "Q52502663", "Mieke Smalle": "Q52502750", "Francine Smeyers": "Q52502803", "Isabella Soupart": "Q52503012", "Judith Stokart": "Q52503336", "Liesbet Swings": "Q52503591", "Marleen Taekels": "Q52503681", "Viviane Thijs": "Q52503950", "Chantal Thiry": "Q52503961", "Veerle Tytgat": "Q52504274", "Lies Van Assche": "Q52504572", "Elvira Van Bavinckhove": "Q52504644", "Anna Van Br\u00e9e": "Q52553861", "Mieke Van Buggenhout": "Q52553865", "Iris Van Cauwenbergh": "Q52554103", "Julie Van den Berghe": "Q52554133", "Kristin Vanden Bosch": "Q52554138", "Ilse Vandenbussche": "Q52554162", "Manja Van Den Eynde": "Q52554180", "Kristin Van der Weken": "Q52554258", "Ann Van Mol": "Q52554461", "Lien Van Wemmel": "Q52554522", "Carolyne Vega": "Q52554527", "Heidelinde Verbeecke": "Q52554533", "Caroline Verbrugghe": "Q52554539", "Klaartje Vermeulen": "Q52554592", "Ietje Visser": "Q52554621", "Lien Wauters": "Q52554647", "Ann Weckx": "Q52554650", "Rose Werckx": "Q52554656", "Ilse Wijnen": "Q52554664", "Hilde Wils": "Q52554683", "Francesca Aldegani": "Q52554918", "Blanca A\u00f1\u00f3n": "Q52554945", "Isabelle Aza\u00efs": "Q52554974", "Katrijn Baeten": "Q52554997", "Katrien Baetsl\u00e9": "Q52555000", "Michaela Barth": "Q52555032", "Meryem Bayram": "Q52555051", "Karine Beelen": "Q52555120", "Ingeborg Bernerth": "Q52555170", "Christine Birkle": "Q52555206", "Magda Bizarro": "Q52555209", "Jesse Boeijen": "Q52555244", "Martine Boni": "Q52555269", "Marguerite Bordat": "Q52555281", "Franziska Born": "Q52555288", "Aline Breucker": "Q52555348", "An Breugelmans": "Q52555349", "Linda Bruggeman": "Q52555374", "Nicole Bynens": "Q52555414", "Maria-Elena Amos": "Q52555443", "Martine Andr\u00e9": "Q52555449", "Francine Celis": "Q52555501", "Fatou Ciss\u00e9": "Q52555543", "Fien Claerhout": "Q52555548", "Hilde Colaers": "Q52555580", "Magda Colijn": "Q52555584", "Christine Collin": "Q52555587", "Lisbeth Coppens": "Q52555610", "Viviane Coubergs": "Q52555650", "Catherine Cuijkens": "Q52555686", "Catherine Cuyckens": "Q52555698", "Catherine Cuykens": "Q52555699", "Huguette D'": "Q52555703", "Germana De Bock": "Q52555768", "Gwendolyn de Bruyne": "Q52555776", "Katherine Decelle": "Q52555787", "Elke De Cleen": "Q52555793", "Nathalie De Cooman": "Q52555815", "Catherine De Coster": "Q52555817", "Christiane De Feyter": "Q52555828", "Isabelle Deffin": "Q52555830", "Rosita Defloo": "Q52555833", "Andrea de Kruif": "Q52555891", "Paola Delgado": "Q52555918", "An De Mol": "Q52555953", "Marilyn De Moor": "Q52555955", "Tineke Denutte": "Q52555975", "Camilla De Paepe": "Q52555978", "Els De Pauw": "Q52555981", "Tine Deseure": "Q52556027", "Tille De Smet": "Q52556037", "Lisette De Vos": "Q52556064", "Karen De Wolf": "Q52556098", "Sofie D'Hoore": "Q52556109", "Catarina Dias": "Q52556110", "Karen Dobbeleir": "Q52556126", "Laura Dondoli": "Q52556139", "Karen Douessin": "Q52556151", "Sofie Durnez": "Q52556203", "Linda D\u00fcrst": "Q52556204", "Maylis Duvivier": "Q52556207", "Julie Egli": "Q52556224", "Ruth Estevez": "Q52556267", "Vanessa Evrard": "Q52556277", "Catherine Friedland": "Q52556403", "Yasmina Gigu\u00e8re": "Q52556540", "Alexandra Gilbert": "Q52556542", "Christine Godart": "Q52556562", "Tineke Goemans": "Q52556577", "Nadine Grellinger": "Q52556634", "Claudine Grinwis Plaat Stultjes": "Q52556641", "Claudine Grinwis-Stultjens": "Q52556877", "Sira Guiguil\u00e9": "Q52556898", "Nina Gundlach": "Q52556907", "Ulrike Gutbrod": "Q52556917", "Inga Hakonardottir": "Q52556961", "Veerle Hasselman": "Q52557034", "Katharina Heistinger": "Q52557055", "Annie Hendrickx": "Q52557065", "Lisette Henst": "Q52557087", "Clarissa Herbst": "Q52557092", "Tosca Hermans": "Q52557104", "Laurence Hermant": "Q52557107", "Judith Holste": "Q52557153", "Peggy Housset": "Q52558175", "Dinorah Iorio": "Q52601343", "Moniek Jacobs": "Q52601447", "Moniek Jakobs": "Q52601512", "Desanka Jankovi\u0107": "Q52601587", "Bernadette Janssens": "Q52601625", "Guoda Jarsuseviciute": "Q52601672", "Pascale Jehin": "Q52601713", "Lila John": "Q52601786", "Thorunn Jonsdottir": "Q52601860", "Petra Kamphuis": "Q52602085", "Pola Kardum": "Q52602154", "Melitta Kiss": "Q52602461", "Vanessa Kools": "Q52602664", "Elif Korkmaz": "Q52602683", "Margot Koudstaal": "Q52602744", "Andrea Kr\u00e4nzlin": "Q52602798", "Ellen Kromhout": "Q52602895", "Nina Kroschinske": "Q52602903", "Manon K\u00fcndig": "Q52602951", "Dragana Kunjadic": "Q52602959", "Maud Kuypers": "Q52603011", "Anne Kwaspen": "Q52603018", "Mia Laermans": "Q52603089", "Chiara Lagani": "Q52603114", "Cheryl Lalonde": "Q52603190", "Heather Lang": "Q52603389", "Lisa Lapauw": "Q52603425", "Carine Lauwers": "Q52603568", "Manuela Lauwers": "Q52603580", "Annie Van Den Broeck": "Q52604994", "Claudine Leliaert": "Q52605017", "Mieke Van Der Cruyssen": "Q52605540", "Heidi Vandermeulen": "Q52605699", "Pia Van Der Pluijm": "Q52605883", "Annabelle Locks": "Q52605887", "Hanne Vandersteene": "Q52606005", "Liesbeth Louwyck": "Q52606008", "Sofie Vandevijfer": "Q52606331", "Veerle Van De Wouwer": "Q52606592", "Lara Magnes": "Q52606698", "Lara Magnus": "Q52606709", "Fien Van Elzen": "Q52606992", "Lisa Maline Bussel": "Q52607104", "Ulrika Van Gelder": "Q52607117", "Ingrid Manshoven": "Q52607300", "Erna Van Goethem": "Q52607323", "Martha Marchewska": "Q52607398", "Fran\u00e7oise Mar\u00e9chal": "Q52607422", "Monique Van Hassel": "Q52607474", "Pascaline Van Heddegem": "Q52607619", "Monique Vanheist": "Q52607683", "Judith Van Herck": "Q52607693", "Saskia Van Herzeele": "Q52607731", "Saskia Van Herzele": "Q52607741", "Pepa Martinez": "Q52607750", "Carole Martini\u00e8re": "Q52607761", "Hannelore Marynen": "Q52607779", "Diane Van Hool": "Q52607804", "Violette Van Hoorebeke": "Q52607814", "Ruth Vanhoutte": "Q52607969", "Ingrid Van Hove": "Q52608001", "Michaela Mayer-Michnay": "Q52608106", "Christine Van Loon": "Q52608349", "Ria Van Looveren": "Q52608359", "Kathleen Van Mechelen": "Q52608409", "Carmen Van Nyvelseel": "Q52608644", "Mia Melinder": "Q52608773", "Linda Van Parys": "Q52608793", "Andrea Mengelberg": "Q52608821", "Hilde Mertens": "Q52609009", "Milou Mertens": "Q52609029", "Lorette Meus": "Q52609096", "Astrid Michaelis": "Q52609285", "Jeanine Michiels": "Q52609320", "Marijke Michiels": "Q52609338", "Katarzyna Mielczarek": "Q52609389", "Fran\u00e7oise Van Thienen": "Q52609403", "Kathleen Moers": "Q52609771", "Olivia Mortier": "Q52610269", "Rosalie Verbruggen": "Q52610285", "Anne Vereecke": "Q52610384", "Heidelinde Vereecke": "Q52610393", "Steffi M\u00fcller": "Q52610501", "Ann Ver Eecke": "Q52610503", "Karima Vereecken": "Q52610509", "Janet M\u00fcller": "Q52610512", "Catherine Mys": "Q52610670", "Catherine Vermeulen": "Q52610970", "Ilse Vermeulen": "Q52610989", "Katrien Vermeulen": "Q52610999", "Liliane Nelissen": "Q52611006", "Negar Nemati": "Q56435651", "Bettina Neuhaus": "Q52611179", "Anne Neuser": "Q52611204", "Lisette Verreth": "Q52611248", "Dagmar Niefind": "Q52611306", "Claire Vervliet": "Q52611720", "Katie Vickers": "Q52611851", "Carolyn O Brian": "Q52612110", "Catherine Voeffray": "Q52612304", "Nina von Mechow": "Q52612539", "Nina Von Th\u00fcngen": "Q52612550", "Kaye Voyce": "Q52612612", "Nathalie Osinski": "Q52612622", "Ilse Vynckier": "Q52612855", "Laura Wallrafen": "Q52613019", "Joanna Parker": "Q52613035", "Emma Wee": "Q52613407", "Madlaina Peer": "Q52613419", "Ina Peeters": "Q52613727", "Vivienne Westwood Unisex": "Q52613840", "Satu Peltoniemi": "Q52613845", "Katja Wetzel": "Q52613861", "Isabelle Perillat": "Q52614093", "Carmel Peritore": "Q52614103", "Katrien Perquy": "Q52614116", "Eefje Wijnings": "Q52614196", "Corine Petitpierre": "Q52614226", "Charlotte Willi": "Q52614500", "Zita Winnubst": "Q52614592", "Christine Piqueray": "Q52614769", "Katja Pire": "Q52614779", "Cathy Piroux": "Q52614802", "Caroline Wittemans": "Q52614805", "Jelka Plate": "Q52614869", "Nicole Pleuler": "Q52614891", "Liz Prince": "Q52615634", "Greet Prov\u00e9": "Q52615669", "Ren\u00e9e Zonnevylle": "Q52615733", "Emma Zune": "Q52615766", "Anja Rabes": "Q52615842", "Linde Raedschelders": "Q52615859", "Ada Rajszys": "Q52616133", "Jadranka Rasdelovic": "Q52616199", "Sophie Reble": "Q52616278", "Nina Reichmann": "Q52616321", "Philine Rinnert": "Q52616606", "Claire Risterucci": "Q52616629", "Ulrike Roelants": "Q52616816", "Carmen Schabracq": "Q52617941", "Hilde Schamp": "Q52617994", "Katrien Scheir": "Q52618010", "Cynthia Schenkels": "Q52618073", "Katharina Schlipf": "Q52618118", "Marion Schmid": "Q52618138", "Andrea Schmidt-Futterer": "Q52618177", "Annemieke Schoorel": "Q52618247", "Mia Schoovaerts": "Q52618261", "Ildik\u00f3 Schopp": "Q52618270", "Tina Schott": "Q52618301", "Emmy Schouten": "Q52618328", "Isabelle Schoutetens": "Q52618346", "Maya Schr\u00f6der": "Q52618368", "Rosa Sch\u00fctzendorf": "Q52618429", "Mechthild Schwienhorst": "Q52618460", "Gioia Seghers": "Q52618529", "Mechthild Seipel": "Q52618549", "Erna Siebens": "Q52618845", "Catherine Somers": "Q52619364", "Joke Sommen": "Q52619373", "Ana Spasic": "Q52619517", "Rosalie Spruijt": "Q52619643", "Jacqueline Stallmann": "Q52619673", "Tanja Starink": "Q52619718", "Rosalie Stevens": "Q52619902", "Rebecka Stillman": "Q52619934", "Mieke Stoops": "Q52619975", "Katrien Strijbol": "Q52620045", "Malgorzata Szczesniak": "Q52620338", "Germana Tack": "Q52620369", "Yumiko Takeshima": "Q52620435", "Eve Taveirne": "Q52620556", "Marie-Claire Thuwis": "Q52620912", "Elke Thuy": "Q52620922", "Elizabeth Abderhalden": "Q52621501", "Anneke Adrianssens": "Q52621644", "Chiara Valle Vallomini": "Q52621886", "Eva-Maria Van Acker": "Q52621944", "Katrien Van Bael": "Q52622050", "Mady Vanbergen": "Q52622458", "Lina Aly": "Q52622494", "Maartje van Bourgognie": "Q52622527", "An Van Bree": "Q52622562", "Britt Ang\u00e9": "Q52622919", "Wendy Van Dam": "Q52623045", "Ria Van Damme": "Q52623072", "Joke Van de Casteele": "Q52623308", "Nancy Van de Gucht": "Q52623361", "Marie Artamonoff": "Q52623387", "Silvia Aymonino": "Q52623887", "Sara Baeten": "Q52624195", "Elizabeth Barker": "Q52624463", "Nicola Baylis": "Q52624613", "Regine Becker": "Q52624652", "Eva Beys": "Q52625120", "Barbara Bijeli\u00e9": "Q52625167", "Else Bogaerts": "Q52625471", "Vera Bohnen": "Q52625503", "Naomi Bomberg": "Q52625534", "Annemie Boonen": "Q52625616", "Lynn Bruggeman": "Q52626175", "Sarah Budts": "Q52626324", "Mar\u00eda \u00c1ngel Buesa Pueyo": "Q52626350", "Adriana Maria Calzetti": "Q52626533", "Val\u00e9rie Castan": "Q52626746", "Doroth\u00e9e Catry": "Q52626808", "Hannah Chebaro": "Q52627033", "Hannah Christeson": "Q52627133", "Bozena Civic": "Q52627251", "Elisenda Cladellas Parellada": "Q52627259", "Lise Clara": "Q52627302", "Hadas Cna'ani": "Q52627437", "Inge Coleman": "Q52627499", "Maria Contryn": "Q52627633", "Anne-Marie Correas": "Q52627762", "Trinka Costa": "Q52627790", "Clelia Cr\u00e9didio": "Q52627912", "Wren Crosley": "Q52627971", "Dorothee Curio": "Q52628039", "Gabrielle dalton": "Q52628162", "Frieda Dauphin": "Q52628328", "Karolien De Belder": "Q52628430", "Genevi\u00e8ve De Boeck": "Q52628504", "Marij De Brabandere": "Q52628528", "Anneleen De Causmaecker": "Q52628675", "Lili Deconinck": "Q52628726", "Patricia De Keyser": "Q52629070", "Myriam De Klopper": "Q52629077", "Barbara De Laere": "Q52629115", "Miche Delmotte": "Q52629302", "Muriel Delvigne": "Q52629379", "Evelyn Demartelaere": "Q52629443", "Griet Demets": "Q52629463", "Dorine Demuynck": "Q52629564", "Dotje De Muynck": "Q52629571", "Myriam De Muynck": "Q52629579", "Marleen Deneys": "Q52629616", "Annemie Depaepe": "Q52629692", "Annelies De Ridder": "Q52629857", "Geraldine Derycke": "Q52629948", "Amber De Saeger": "Q52629980", "Stefanie De Smet": "Q52630084", "Anette De Wilde": "Q52630402", "Maria Dewit": "Q52630435", "Candice Donnelly": "Q52634304", "Barbara Drohsin": "Q52634325", "Melanie Duchanoy": "Q52634333", "Carin Eilers": "Q52634368", "Dominique Fabr\u00e8gue": "Q52634420", "Nazanin Fakoor": "Q52634423", "Han Feng": "Q52634450", "Lia Fret": "Q52634512", "Kahori Furukawa": "Q52634518", "C\u00e9line Gautron": "Q52634539", "Sarah Geypens": "Q52634570", "B\u00e0rbara Glaenzel": "Q52634603", "Karin Gottschalk": "Q52634650", "Angela Guerreiro": "Q52634689", "Marie Guillon Le Masne": "Q52634696", "Sylvia Hasenclever": "Q52634750", "V\u00e9ronique Hendriks": "Q52634784", "Karien Herreman": "Q52634801", "Griet Herssens": "Q52634804", "Josephine Heymans": "Q52634815", "Silvia Hol": "Q52634836", "Elisabeth Houtart": "Q52634858", "Kei Ito": "Q52634898", "Lief Jacobs": "Q52634905", "Karin Jaeken": "Q52634909", "Elizabeth Jenyon": "Q52634931", "Anna J\u00f6rgensen": "Q52634948", "Sara Judice de Menezes": "Q52634951", "Klara Kalicz": "Q52634961", "Jessica Karge": "Q52634980", "Pauline Kieffer": "Q52635028", "Daphne Kitchen": "Q52635039", "Josy Knudde": "Q52635047", "Deborah Kools": "Q52635056", "Eva Kr\u00e4mer": "Q52635078", "Kajsa Lisa Larsson": "Q52635163", "Ursula Lascurain": "Q52635165", "Stephane Laverne": "Q52635180", "Elisabeth Lebailly": "Q52635187", "Marie-Jeanne Lecca": "Q52635192", "Mina Lee": "Q52635199", "Keren Levi": "Q52635260", "V\u00e9ronique Leyens": "Q52635268", "Annick Liekens": "Q52635281", "Maria Lievens": "Q52635284", "Noluthando lobese": "Q52635349", "Dorothee Loermann": "Q52635355", "Dany Lyne": "Q52635437", "Mina Maati": "Q52635445", "Anny Maes": "Q52635481", "Zo\u00eb Mahony": "Q52635502", "Marie-Jeanne Malfait": "Q52635526", "Josine Martens": "Q52635623", "Jo\u00eblle Meerbergen": "Q52635769", "Doroth\u00e9e Merg": "Q52635835", "Tamara Meulemans": "Q52635860", "Amber Meyntjens": "Q52635870", "Elisabeth Michiels": "Q52635881", "Maria Miu": "Q52635906", "Malena Modeer": "Q52635914", "Zoe Monti": "Q52635951", "Kimie Nakano": "Q52636020", "Meentje Nielsen": "Q52636077", "Aur\u00e9lie Noble": "Q52636113", "Chlo\u00e9 Obolenski": "Q52636180", "Mai Ooka": "Q52636207", "Anouch Pasques": "Q52636315", "Mirjam Pater": "Q52636317", "Camille P\u00e9nager": "Q52636395", "Leen Persoons": "Q52636452", "Myriam Peters": "Q52636461", "Helena Petit": "Q52636463", "Claudia Phlips": "Q52636484", "Ines Plan\u00e7on": "Q52636534", "Eva Pollet": "Q52636564", "Eug\u00e9nie Poste": "Q52636594", "Lieve Pynoo": "Q52636628", "Andrea Magaly Rbiano Ramirez": "Q52636710", "Sarah-Christine\u00a0Reuleke": "Q52636768", "Lenie Ronse": "Q52636910", "Satya Roosens": "Q52636921", "Nousch Ruellan": "Q52636964", "Patricia Saive": "Q52637012", "Nora Scheidl": "Q52637119", "Sarah Schittek": "Q52637143", "Nadia Schnock": "Q52637156", "Beatrice Schultz": "Q52637185", "Eser Selen": "Q52637213", "Anna Seniow": "Q52637220", "Karin Seydtle": "Q52637227", "Nicky Shaw": "Q52637238", "Elian Smits": "Q52637287", "Chris Snick": "Q52637301", "Sabine Snijders": "Q52637303", "Anastasios Sofroniou": "Q52637311", "Lydia Sonderegger": "Q52637325", "Eliane Steffes": "Q52771023", "Thijsje Strypens": "Q52771092", "Parvin Systue": "Q52771263", "Marie Szersnovicz": "Q52771268", "Fulya Tekin": "Q52771371", "Isa Tes": "Q52771406", "Mariana Tirantte": "Q52771650", "Kim Troubleyn": "Q52771772", "Johanna Trudzinski": "Q52771781", "Jessica Truesdale": "Q52771785", "Vera Tussing": "Q52772659", "Doroth\u00e9e Uhrmacher": "Q52772706", "Dorine Van Autreve": "Q52772814", "Danielle Van Beeck": "Q52772845", "Jorine van Beek": "Q52772847", "Annelies Van Damme": "Q52772919", "Gerda Vandenbroucke": "Q52772984", "Inge Vandenbussche": "Q52772993", "Francy Van Den Heuvel": "Q52773018", "Inge Van der Borght": "Q52773039", "Elizabeth Van Der Eijden": "Q52773052", "Sky Vanderhoek": "Q52773062", "Karin Van der Leeuw": "Q52773081", "Patricia Vander Stappen": "Q52773137", "Marie Vandewoude": "Q52773208", "Regina van Eijden": "Q115395767", "Freija Van Esbroeck": "Q52773786", "Linse Van Gool": "Q52773825", "R\u00e9gine Van Hoecke": "Q52773880", "Griet Van Landeghem": "Q52773998", "Lieve Van Luyck": "Q52774025", "Sofia Vannini": "Q52774058", "Kristien Van Passel": "Q52774081", "Tamara Van Schaeren": "Q52774205", "Jessica Vanstraelen": "Q52774210", "Annelies Van Valkenborgh": "Q52774224", "Eva Velazquez": "Q52774295", "Liesbet Verbeeck": "Q52774331", "Evelyne Verfaillie": "Q52774397", "Teresa Vergho": "Q52774400", "Pauline Verminnen": "Q52774503", "Betty Vervaeke": "Q52774653", "Sabine Victor": "Q52774673", "Daniela Villaret": "Q52774689", "Annemie Visser": "Q52774713", "Mojra Vogelnik Skerij": "Q52774737", "Anna Watkins Fisher": "Q52774856", "Maria Weckx": "Q52774864", "Julia Weisbrich": "Q52774877", "Elena Werner": "Q52774902", "Petra Maria Wirth": "Q52775129", "Agata Wlodarska": "Q52775135", "Rebekka W\u00f6rmann": "Q52775156", "Freija Wouters": "Q52775166", "St\u00e9phanie Zani": "Q52775269", "Elena Zaytseva": "Q52775275", "Anne Marthe Zomer": "Q52775329", "Michelle Baechthold": "Q53091184", "Machteld Van De Perre": "Q53453812", "An Van der Auwera": "Q53453846", "Marina van der Heiden": "Q53453881", "Heide Vanderieck": "Q53453901", "Viola Vandomme": "Q53453997", "Annelies Vanlaere": "Q53454375", "Kristin Van Passel": "Q53454490", "Catherine Bouchard": "Q55596050", "Krista Levy": "Q56249099", "Razie Brownstone": "Q56284914", "Christine Braem": "Q56509514", "Alexandra Sebbag": "Q56509528", "Nuria Manzano": "Q56509539", "Lisa Jonkers": "Q56509873", "Johanna Picard": "Q56509906", "Dorota Ko\u0142ody\u0144ska": "Q56558837", "Jennifer Triemstra": "Q56847493", "Jo\u00eblle Roustan": "Q57416645", "Christina Gallea": "Q57935039", "Denise Walle": "Q57938679", "Armelle Lucas": "Q58885390", "Melanie Braun": "Q58912417", "\u039d\u03c4\u03bf\u03c1\u03af\u03c4\u03b1 \u0391\u03c1\u03c4\u03b5\u03bb\u03bb\u03bb\u03ac\u03c1\u03b7": "Q59211821", "Anna Machairianaki": "Q59616011", "Magiou Trikerioti": "Q60571270", "Aggeliki Athanasiadou": "Q60571435", "Marie Semet": "Q60571485", "Sandra Stefanidou": "Q60571576", "Asi Dimitropoulou": "Q60576614", "Thaleia Istikopoulou": "Q60576734", "Alexandra Siafkou": "Q60732829", "Eva Manidaki": "Q60732832", "Ioulia Stavridou": "Q60732833", "Katerina Zourari": "Q60732834", "Laloula Chrysikopoulou": "Q60732835", "Panagiota Kokorou": "Q60732836", "Pepeta Arvaniti": "Q60732837", "Tota Pritsa": "Q60732840", "Clare BracewelL": "Q60732904", "Maria Kontodima": "Q60732932", "Chrysanna Diamanti": "Q60732951", "Evelin Sioupi": "Q60732968", "Eva Nathena": "Q60751385", "Ntora Lelouda": "Q60752013", "\u03a7\u03c1\u03b9\u03c3\u03c4\u03af\u03bd\u03b1 \u039a\u03bf\u03bb\u03cc\u03ba\u03b1": "Q60752312", "Despina Volidi": "Q60876814", "Olympia Sideridou": "Q60944429", "\u039c\u03b1\u03c1\u03b3\u03b1\u03c1\u03af\u03c4\u03b1 \u0394\u03bf\u03c3\u03bf\u03cd\u03bb\u03b1": "Q60997889", "\u03a4\u03b9\u03c4\u03af\u03bd\u03b1 \u03a7\u03b1\u03bb\u03bc\u03b1\u03c4\u03b6\u03ae": "Q61001351", "Panagiota Kokkorou": "Q61041661", "Christina Papageorgiou": "Q61041999", "\u0393\u03b9\u03bf\u03cd\u03bb\u03b1 \u0396\u03c9\u03b9\u03bf\u03c0\u03bf\u03cd\u03bb\u03bf\u03c5": "Q61043100", "\u0394\u03ad\u03c3\u03c0\u03bf\u03b9\u03bd\u03b1 \u039c\u03b1\u03ba\u03b1\u03c1\u03bf\u03cd\u03bd\u03b7": "Q61043572", "\u03a3\u03bf\u03c6\u03af\u03b1 \u0396\u03bf\u03c5\u03bc\u03c0\u03bf\u03cd\u03bb\u03b7": "Q61045352", "\u03a4\u03cc\u03bd\u03b9\u03b1 \u0391\u03b2\u03b4\u03b5\u03bb\u03bf\u03c0\u03bf\u03cd\u03bb\u03bf\u03c5": "Q61045584", "Kleio Boboti": "Q61294456", "Margar\u00edta Chatziioannou": "Q61294458", "Ioanna Tsami": "Q61294460", "Georgia Babalou": "Q61294464", "Kyriaki Tsitsa": "Q61294467", "Mar\u00eda Ilia": "Q61294471", "Kenny MacLellan": "Q61294473", "Maria Chaniotaki": "Q61294485", "Dimitra Chiou": "Q61294487", "Anastasia Arseni": "Q61294489", "Artemis Theodoridi": "Q61294490", "Maria Papadopoulou": "Q61294493", "Aggeliki Karamoutsou": "Q61294496", "Dafni Koutra": "Q61294499", "Fotini Georgiou": "Q61294501", "Kalliopi Stamatari": "Q61294512", "Eva Marathaki": "Q61294516", "Bianka Nikolare\u00efzi": "Q61294518", "Elisavet Antapasi": "Q61294520", "Georgia Bourda": "Q61294521", "Zo\u00ed Molyvd\u00e1 Fam\u00e9li": "Q61294524", "Nikoleta Panagiotou": "Q61294527", "N\u00edki Psychogio\u00fa": "Q61294539", "Alexandra Bousoulega": "Q61294541", "Rania Yfantidou": "Q61294543", "Konstantsia Sarafianou": "Q61300930", "Vanessa Touzloukof": "Q61301689", "Magdalin\u00ed Avgerinou": "Q61301912", "Anna Buruma": "Q61455830", "Vasiliki Syrma": "Q61599544", "Jane Huggett": "Q61642811", "Athanasia Smaragdi": "Q61644826", "Maria Karapouliou": "Q61644897", "Norah Lambourne": "Q61659288", "Christina Kostea": "Q61669010", "Meri Tsagkari": "Q61684193", "Claire Nadon": "Q61937885", "St\u00e9phanie Cloutier": "Q62086850", "Olga Verykaki": "Q62099095", "Lydia Maleviti": "Q62121824", "Elli Sofianopoulou": "Q62121890", "Angela Thomas": "Q62473107", "Afroditi Kotzia": "Q62591594", "Afroditi Koutsoudaki": "Q62591595", "Danai Chatzaki": "Q62591652", "Dimitra Vasileiou": "Q62591655", "Eleni Karamerou": "Q62591676", "Elli Solomonidou Balanou": "Q62591687", "Elsa Vokou": "Q62591688", "Ersi Drini": "Q62591689", "Ioanna Manoledaki": "Q62591714", "Kelly Vrettou": "Q62591726", "Lea Kousi": "Q62591740", "Lila Karakosta": "Q62591750", "Lili Pezanou": "Q62591751", "Maria Karadeloglou": "Q62591773", "Marina Kelidou": "Q62591781", "Mikaela Liakata": "Q62591792", "Denny Vachlioti": "Q62591823", "Olga Chatziiakovou": "Q62591829", "Tina Tzoka": "Q62591895", "Titi Kyriakidou": "Q62591898", "Foteini Dimou": "Q62591910", "Chrysa Voudouroglou": "Q62591928", "Sofia Pantazi": "Q62709249", "Franziska von Berlepsch": "Q63030447", "Loukia": "Q63222295", "Sydney Cavanagh": "Q63314651", "Eleni Doundoulaki": "Q63406696", "Elena Patraskanou Veaki": "Q63455077", "Katerina Kampanelli": "Q63486429", "Loukia Xouliara": "Q63803146", "Rena Georgiadou": "Q63849132", "Lili Kentaka": "Q63854290", "Raea Mouzenidou": "Q63919340", "Brenda Murphy": "Q63977515", "Sarah Edwards": "Q64135552", "Katerina Sotiriou": "Q64211005", "Semiramis Moschovaki": "Q64225009", "Elena Kyrou": "Q64257949", "Vasileia Rozana": "Q64434452", "Errieti Tsekoura": "Q64521047", "Maria Benaki": "Q64521077", "Alexia Theodoraki": "Q64521100", "Lina Papadimitri": "Q64615771", "Marie No\u00eblle Semet": "Q64615773", "Katerina Papanikolaou": "Q64615780", "Riki Tsikardoni": "Q64627224", "Anna Maria Vasiak": "Q64706669", "Olga Kavargyri": "Q64710937", "Becca Blackwood": "Q65115535", "Charlotte Vaysse": "Q65115604", "Claire Lacaze": "Q65115627", "Diane Paquet": "Q65115684", "Doroth\u00e9e Guiraud": "Q65115700", "Eka Bichinashvili": "Q65115709", "Elisabeth Mehu": "Q65115715", "Ga\u00e9tanne L\u00e9vesque": "Q65115813", "Gaudeline Sauriol": "Q65115817", "Helga R\u00f3s Hannam": "Q65115877", "Julia Dagany": "Q65116021", "Julia Patkos": "Q65116026", "Julie Charland": "Q65116032", "Kelly-Anne Bonieux": "Q65116092", "Laurence Esnault": "Q65116112", "Li Alembik": "Q65116132", "Marilyne Garceau": "Q65116291", "Mich\u00e8le Hamel": "Q65116375", "Mickie Hamilton": "Q65116378", "Nanda Keshar Bham": "Q65116413", "Nicole Magny": "Q65116442", "No\u00e9mi Poulin": "Q65116447", "Priscilla Van Sprengel": "Q65116522", "Sofie F\u00e9k\u00e9t\u00e9": "Q65116630", "Val\u00e9rie Gagnon-Hamel": "Q65116720", "Virginie Montel": "Q65116745", "Sol Mu\u00f1oz": "Q65119762", "Sylvie Ong": "Q65119767", "Julieta Rubio": "Q65659283", "Elena Fajt": "Q65710158", "Jasmina Fer\u010dek": "Q65718186", "Marta Frelih": "Q66368499", "Chrysa Daponte": "Q66448900", "Artemis Ioannides": "Q66659694", "Wendy Chuck": "Q67042566", "Maria Belamaki": "Q67203642", "Ioanna Plessa": "Q67218436", "Silvia Grabowski": "Q69907597", "Valia Margariti": "Q73301272", "Est\u00edbaliz Markiegi": "Q73671560", "Mar\u00eda Jos\u00e9 Iglesias Garc\u00eda": "Q73805437", "Valentina Bari": "Q75879402", "Meri Smyrli": "Q76158424", "Monica Vargas": "Q77912426", "H\u00e9l\u00e8ne Schneider": "Q77944305", "Marie Le Garrec": "Q77944356", "Christel Birot": "Q78899412", "Isabelle Millet": "Q78901565", "Clea Dunn": "Q78904612", "Anne-Marie Baron": "Q78911972", "Olivia Wells": "Q79200420", "Ginevra De Carolis": "Q79446238", "Marilena Aravantinou": "Q79970033", "Maria Tsamoudaki": "Q80214139", "\u00c9milie Chamarre": "Q80431063", "Henrietta Thomas": "Q80573143", "Suzanne Keogh": "Q80639898", "Delphine Capossela": "Q80697979", "Nathalie Giraud": "Q81270418", "Fabienne Collet": "Q81635305", "\u038c\u03bb\u03b3\u03b1 \u039d\u03c4\u03ad\u03bd\u03c4\u03b1": "Q81736605", "Niki Perdika": "Q81943149", "Val\u00e9rie Adda": "Q82047927", "Susanne Weiske": "Q82444236", "Magda Sabina Samborska": "Q82681784", "Paulina Nawrot": "Q82682169", "Louise Stanton": "Q83277035", "Zehra Tuba Ata\u00e7": "Q83382010", "Martina Frani\u0107": "Q83636812", "Miriam Aksoy": "Q84162086", "Judit Sinkovics": "Q84224845", "Emina Sulejmani": "Q84232742", "Sarah Blenkinsop": "Q84234661", "Emilia Czartoryska": "Q84360570", "Lucy Hagan": "Q84470357", "Billur Turan": "Q84593897", "Kika Karampela": "Q84596237", "Madeleine Edis": "Q85389208", "Franckie Diago": "Q85407721", "Eva Roelfs": "Q85510515", "Rozana Vasilia": "Q85517881", "Vinyet Escobar": "Q85533979", "Lily Beca": "Q85598633", "Katarzyna Lewi\u0144ska": "Q85623572", "Marli Aliferi": "Q86075068", "Fianna Robijn": "Q86079805", "Ella Plevin": "Q86084640", "Gwen Jeffares Hourie": "Q86109287", "Eva Zar": "Q86194345", "Caroline Spieth": "Q86338743", "Gretchen Ward Warren": "Q86439393", "Yara Jer\u00f3nimo": "Q86597665", "Hanna Rode": "Q86696382", "Kim Nguyen": "Q86715682", "Svetla Dionisieva": "Q86826833", "Ramona V\u00e2rtosu": "Q86846534", "Sabrina Beretta": "Q86996387", "Anne Schotte": "Q87469853", "Eirini Tsakiri": "Q87712821", "Janne Birck": "Q87820737", "Helena Contreras": "Q87838698", "Ursula Patzak": "Q87898072", "Beata Nyczaj": "Q87974540", "Lotta Petersson": "Q87974911", "Ntimi Vasileiou": "Q88203523", "Mercedes Uria": "Q89873820", "Marika Ingrato": "Q89912067", "Mika Panagou": "Q90010336", "Katharina von Martius": "Q90012343", "Karen Muller Serreau": "Q90141056", "Mary-Jane Reyner": "Q90313113", "Monic Parelle": "Q90316368", "Rachana Sukhadia": "Q90556485", "Patia Prouty": "Q91233952", "Sanja D\u017eeba": "Q91329984", "Amalia Antoni": "Q91340845", "Ioanna Timotheadou": "Q91351942", "June Ambrose": "Q92219831", "Lyntia Gravani": "Q92984061", "Despoina Cheimona": "Q93121620", "Marili Poupli": "Q93253577", "Joan Bergin": "Q93327501", "\u00c1gnes Jod\u00e1l": "Q93328666", "Alyona Stepanova": "Q93339450", "Evangelia Kentaka": "Q93434035", "Zora Mojsilovi\u0107": "Q93739723", "Suna \u00c7ift\u00e7i": "Q93740380", "Ute Hofinger": "Q93839223", "Maria Sanikopoulou": "Q93970336", "Annie Symons": "Q94524220", "Rhona Russell": "Q94575851", "Marina Sciarelli": "Q94576353", "Manuela Bronze": "Q94580163", "Fran\u00e7oise Clavel": "Q95400780", "Maeve Paterson": "Q95402383", "Dominika Jan\u0161ov\u00e1": "Q95646428", "Stefanie Bold": "Q95646899", "Isabel Branco": "Q95647062", "Marion Bergmann": "Q95651012", "Susanne Berner": "Q95651045", "Gisela Engelstaedter": "Q95652412", "Nicoletta Taranta": "Q95652541", "Helga Pinnow": "Q95666489", "Elina Schnizler": "Q95667268", "Viola V\u00f6lk": "Q95668663", "Sonia Philouze": "Q95668920", "Hannelore Gutt": "Q95669351", "Ursula Eggert": "Q95670219", "Lidiya Kryukova": "Q95670508", "Margit Salzinger": "Q95670645", "Outi Harjupatana": "Q95671853", "Despina Chimona": "Q95672977", "Moira Anne Meyer": "Q95673276", "El\u017cbieta Radke": "Q95674028", "Antoinette Messam": "Q95674259", "Agn\u00e8s Noden": "Q95678407", "Shay Cunliffe": "Q95680682", "Jana Jankova": "Q95683874", "Tinatin Kvinikadze": "Q95684371", "Isabelle Dickes": "Q95684996", "Linda Deandrea": "Q95686140", "Cordula Schulze-Stentrop": "Q95686747", "Kaya K\u00fcrten": "Q95686982", "Alexandra Wasserthal-Zuccari": "Q95687051", "Brigitta Fink": "Q95698318", "Jacqueline Guyot": "Q95698471", "Mare Raidma": "Q95698665", "Nina Albrecht": "Q95698729", "Ellen Schiller": "Q95699269", "Constanze Hagedorn": "Q95699319", "Stephanie Rie\u00df": "Q95700257", "Judith Jacobsen-Winter": "Q95701240", "Ofri Barel": "Q95701819", "Ulrike Dumjahn": "Q95702034", "Annie Perier": "Q95703414", "Yvette Frank": "Q95704843", "Monika Ugrewicz": "Q95706613", "Gertrud Recke": "Q95706849", "Uli Simon": "Q95707154", "Ma\u0142gorzata Stefaniak": "Q95707303", "Ingrid Mogel": "Q95707664", "Larissa Bechtold": "Q95708554", "Katharina Ost": "Q95709285", "Gudrun Schretzmeier": "Q95709453", "Donna Berwick": "Q95709818", "Jutta Eckerlin": "Q95709911", "Gabriele Jordan": "Q95710065", "Ingeborg Gr\u00fctzner": "Q95710097", "Kathy Strachan": "Q95710177", "Marion Greiner": "Q95710716", "Tanja Gierich": "Q95711007", "Maren Christensen-Gantenberg": "Q95712188", "Laurence Struz": "Q95712488", "Inge Brauner": "Q95713053", "Claire Fraisse": "Q95714071", "Brigitta Lohrer-Horres": "Q95714430", "Mich\u00e8le Cerf": "Q95714607", "Julia Grieb": "Q95714820", "Sabine Volz": "Q95715638", "Cynthia Flynt": "Q95725642", "Skaidra Deksne": "Q95726045", "Sabina Bu\u017edon": "Q95726969", "Shenja Schittkowski": "Q95727465", "Teresa Goikoetxea": "Q95728357", "Monika Gebauer": "Q95728375", "Annick Fran\u00e7ois": "Q95728507", "Judy Shrewsbury": "Q95728698", "Aphrodite Kondos": "Q95730083", "Verena von Zerboni de Sposetti": "Q95730183", "Agn\u0117 Rimkut\u0117": "Q95730215", "Bettina Leidl": "Q95730430", "Mika Braun": "Q95730856", "Grania Preston": "Q95731528", "Lynette Meyer": "Q95731973", "Gertrud Steckler": "Q95732266", "Josephine Gracia": "Q95733714", "Cinzia Cioffi": "Q95733925", "Anne-Luise Vierling": "Q95734029", "Anja Goepfert": "Q95734953", "Ute Hafke": "Q95735175", "Gesina Seldte": "Q95736911", "Mari\u00eblla Kallenberg": "Q95739183", "Peri de Bragan\u00e7a": "Q95739215", "Marisa Urruti": "Q95739930", "Mila Niemi": "Q95740078", "Ulrike Scharfschwerdt": "Q95740305", "Hella B\u00fcnte": "Q95741128", "Manuela Nierzwicki": "Q95743576", "Bettina Helmi": "Q95744652", "Iris Trauzettel": "Q95744676", "Eva Lackingerov\u00e1": "Q95744776", "Corinne Bruand": "Q95744891", "Brigitte Nierhaus": "Q95744949", "Christel Leichsenring": "Q95745112", "Sabina Maglia": "Q95749305", "Gabriella Ekman": "Q95749608", "Nadine Dessalles": "Q95751110", "Huy-Thong Tran Mai": "Q95751331", "Marie Martine": "Q95751472", "Andrea Fisser": "Q95751818", "Maria Rita Barbera": "Q95751939", "Mariolina Bono": "Q95752234", "Therese Gaarde": "Q95752538", "Sari Suominen": "Q95752930", "Marielle Robaut": "Q95753285", "Justyna Stolarz": "Q95753659", "Charlotte Graf": "Q95754105", "Linda Bogers": "Q95754177", "Katrin Aschendorf": "Q95754370", "Ramona Petersen": "Q95755134", "Maxi Munzert": "Q95755330", "Tanja Dehmel": "Q95755528", "C\u00e9cile Berg\u00e8s": "Q96196258", "Caroline Harris": "Q96215837", "Belah Ya\u02bba\u1e33ov": "Q96240647", "Lorna Marie Mugan": "Q96277060", "Christina Papoulia Barlou": "Q96473500", "Maria Kokkou": "Q96678456", "Kikuko Ogata": "Q97031315", "Christina Kouloumpi": "Q97071253", "Paola Torres": "Q97482322", "Sanny Alberti": "Q97942429", "Gill Horn": "Q98038617", "Helga I. Stef\u00e1nsd\u00f3ttir": "Q98269623", "Roberta Bocca": "Q98433864", "Alfonsina Lettieri": "Q98479355", "Jacquie Nguyen": "Q98520211", "Barbara Gregusova": "Q98828237", "Natasa Dimitriou": "Q98976692", "Anami Tara Shucart": "Q99142854", "Ruth Secord": "Q99868458", "Loret Meus": "Q100430620", "Sherin Batshon": "Q100490102", "Yuliya Kunova": "Q100534531", "J\u00fal\u00edanna L\u00e1ra Steingr\u00edmsd\u00f3ttir": "Q100556745", "Judith de Luze": "Q100567108", "Freja Riemann": "Q100592342", "Simone Geels": "Q100658237", "Galina Deyeva": "Q100699926", "Ma\u0142gorzata Zacharska": "Q100715735", "Irma Saje": "Q100718093", "Ariane Daurat": "Q100718648", "Agn\u0117 Matulevi\u010di\u016bt\u0117": "Q100720418", "Minke Lunter": "Q100742581", "Carine Ceglarski": "Q100742718", "Olivia Bellini": "Q100742794", "R\u016bta Venskut\u0117": "Q100778247", "Oksana Melnychuk": "Q100806839", "Rebecca Lustig": "Q100937524", "Yuliya Pyakina": "Q100941725", "Anna Deschamps": "Q100951126", "Maude Gallon": "Q100951259", "Nevena Georgieva": "Q100968264", "Talissa Schraner": "Q100975885", "Kirsty Halliday": "Q100990854", "Linda Harper": "Q101120338", "Mar Bardav\u00edo": "Q101196690", "Louise Stjernsward": "Q101242278", "Liz Keogh": "Q101244426", "Virginie Alba": "Q101244512", "Ellen Lens": "Q101439211", "Katia Dottori": "Q101479882", "Helena Rovn\u00e1": "Q101552916", "Deena Appel": "Q102117410", "Ann Maskrey": "Q102117829", "Roberta Guidi di Bagno": "Q102282709", "Susanna Rossi Jost": "Q102282711", "Andromaca Anghiroff": "Q102286986", "Kamila P\u015bciuk": "Q103822661", "Gra\u017cyna P\u015bciuk": "Q103822858", "Anna Vilppunen": "Q103839750", "Annie Fournier": "Q104386904", "Gabriela Diaque": "Q104609834", "\u0422\u0430\u043c\u0430\u0440\u0430 \u0423\u043b\u0430\u0434\u0437\u0456\u043c\u0456\u0440\u0430\u045e\u043d\u0430 \u0424\u0435\u0434\u0430\u0441\u0435\u0435\u043d\u043a\u0430": "Q104613817", "Alice Babidge": "Q104672265", "Bia Salgado": "Q104819502", "In\u00eas Salgado": "Q104819509", "Mar\u00eda Gil": "Q104824742", "Jaya Taurani": "Q104840482", "Sayla de Goede": "Q105431907", "Cathy Hay": "Q105696518", "Stana Jati\u0107": "Q105715886", "Ioana Corciova": "Q105745083", "Sandra Schulte": "Q105748161", "Connie Manos": "Q105756699", "Kuniko Tanaka": "Q105760778", "Ciresica Cuciuc": "Q105773149", "Maxine Borowski": "Q105836004", "Camellia Koo": "Q105968548", "Erica Schmitz": "Q105979920", "Cassandre Chatonnier": "Q105980316", "Grace Y. Williams": "Q106307830", "Eva Coen": "Q106614459", "Tamara Seferyan": "Q106632481", "Maria Grishanova": "Q106632499", "Maryvonne Schiltz": "Q106636377", "Julie Ballantyne Hinkle": "Q106725516", "Ma\u0142gorzata Zab\u0142ocka": "Q106782341", "Zoe Fox": "Q106816254", "Charmian Smith": "Q106830941", "Carole Fraser": "Q107009065", "\u00de\u00f3runn El\u00edsabet Sveinsd\u00f3ttir": "Q107022264", "Carolina Olcese": "Q107089103", "Lisa Odette Albertson": "Q107112619", "Alice Tinning": "Q107133333", "Dawa Devereux": "Q107133334", "Debz Ruffell": "Q107133335", "Donna Jefferis": "Q107133336", "Gillie Coxill": "Q107133338", "Janet Dunn": "Q107133339", "Kathryn Tyree": "Q107133342", "Prunella Wilde": "Q107133344", "Maggie Cui": "Q107133774", "Amela Vili\u0107": "Q107162487", "Kerstin Halvorsson": "Q107166969", "Patrizia Chericoni": "Q107167831", "Raluca Badea": "Q107172441", "Katia Stano": "Q107192509", "Linda B. \u00c1rnad\u00f3ttir": "Q107227677", "Pirita Norvanto": "Q107363166", "Gemma Mascagni": "Q107381515", "Svetlana Mikhaylova": "Q107382792", "Mareike Wehrmann": "Q107407316", "Sofia Nikolaidi": "Q107452130", "Kim Min-hee": "Q107541516", "Sofie Kruneg\u00e5rd": "Q107543127", "May Lloyd": "Q107555371", "Veronika Schneider": "Q107573131", "Natalie Ward": "Q107585841", "Anna Bartuli": "Q107591971", "Branka Tkal\u010dec": "Q107631055", "Saffron Cullane": "Q107631242", "Paola Ronco": "Q107640386", "Bettina Pontiggia": "Q107646209", "Melissa Toth": "Q107676380", "Gl\u00f2ria Viguer": "Q107716728", "Claudia Gonz\u00e1lez Esp\u00edndola": "Q107766475", "Maja Jakovica": "Q107815202", "Aleksandra Timofeyeva": "Q107862853", "\u0641\u0648\u0632\u064a\u0647 \u062d\u062c\u0627\u0632\u0649": "Q107873587", "Brighde Penn": "Q107995780", "Ria Apostolidis": "Q107995910", "Brydee McLean": "Q107996019", "Victoria  Gridley": "Q107996081", "Signe Sejlund": "Q108067758", "Malena De la Riva": "Q108122251", "Koula Galioni": "Q108129755", "Maria Konomi": "Q108137408", "Barbara Kidd": "Q108154423", "Edie Kurzer": "Q108154934", "Jelena Stefanovi\u0107": "Q108168911", "Einat Fadida": "Q108207959", "Severina Nedelchuk": "Q108256323", "Lanie Faith Marie Overton": "Q108312714", "Mandi Line": "Q108366146", "Ariyela Wald-Cohain": "Q108487965", "Zoe Bella Metrano": "Q108527685", "Kakia Sakellariou": "Q108531586", "Marianna \u00c5str\u00f6m-De Fina": "Q108558603", "Kama K. Royz": "Q108596720", "Emily Sundby": "Q108665912", "Dvorakova Terezie": "Q108703968", "Susanna Laurola": "Q108733397", "Grazia Materia": "Q108738838", "Nathalie Suhard": "Q108770388", "Critter Pierce": "Q108799760", "Maria Tuset": "Q108800253", "Ewa Adamczewska": "Q108839335", "Tamara Kozo": "Q109308843", "Lucy Mann": "Q109496484", "Esme Pileidi": "Q109603376", "Arianna Dal Cero": "Q109651970", "Mika Lampropoulou": "Q109674851", "Maria Geber": "Q109807460", "Fabienne Duc": "Q109831512", "Noni Glykou": "Q109943838", "Laura Bartelloni": "Q110256317", "Echo Porisky": "Q110308857", "Antoinette Muto": "Q110446234", "Kimberly Little": "Q110446865", "Melissa Trn": "Q110492205", "Magky Asvesta": "Q110589587", "Bianca Sarah Stummer": "Q110658638", "Kadri Varblane": "Q110777310", "Julija Volkin\u0161teine": "Q110784298", "Alba Costa": "Q110822583", "Holly Rebecca": "Q110858753", "Giovanna Ribes Esteve": "Q110893729", "Marianne Benny-Perron": "Q110961577", "Camila Paz Blanco": "Q110961723", "Anne-Sophie Gaudet": "Q110961731", "Constance Chamberland": "Q110961745", "Elen Ewing": "Q110961843", "Camille Jutras-Paquette": "Q110971375", "Tricia Crivellaro-Grenier": "Q110971503", "Kristiina Ago": "Q110976953", "Kaisa Pohjola": "Q111145373", "Helena Paavilainen-Takala": "Q111145608", "Gisella Longo": "Q111153347", "Riitta R\u00f6pelinen": "Q111337363", "Gabi Humnicki": "Q111351166", "Saara Ryymin": "Q111360562", "Riitta Peteri": "Q111364474", "Eleanor Yung": "Q111365435", "Elina Lario": "Q111438635", "Irmeli Toivanen": "Q111438640", "Ellen Utterstr\u00f6m": "Q111490621", "Tiina Wil\u00e9n": "Q111508339", "Evgenia Shultz": "Q111511626", "Vanesa Hojenberg": "Q111524286", "Mariella Rauhala": "Q111532202", "Mary Montalto": "Q111671937", "Ami Goodheart": "Q111737298", "Elisabetta Beraldo": "Q111753292", "Ortensia De Francesco": "Q111755735", "Silje Fjellberg": "Q111836681", "Heidi Kjellman": "Q111887817", "Mila Moisio": "Q111903368", "Khadija Zegga\u00ef": "Q111975900", "Emilie Galsgaard Dinesen": "Q112116892", "Karin Jud": "Q112130185", "Nikol Panagiotou": "Q112154741", "Leena Daru": "Q112158557", "Sam Mansfield": "Q112246387", "D\u2019Arcy Foxx": "Q112544406", "Lenka Radecky": "Q112623927", "Mar\u00eda Reyes": "Q112651102", "Kristina Mali\u0161auskiene": "Q112671355", "Gitti Fuchs": "Q112727921", "Maryna Gradnova": "Q112795913", "Mimmi M\u00e4enp\u00e4\u00e4": "Q112964994", "Marie Bergman": "Q113027040", "Kari Kleiv": "Q113044032", "Sascha Valbj\u00f8rn": "Q113074913", "Ingrid Sj\u00f6gren": "Q113129278", "Magda Vazeou": "Q113153220", "Sofia Alexanian": "Q113153230", "Alexandra Katsaiti": "Q113155152", "Uche Nancy": "Q113162137", "\u00c9milie Carpentier": "Q113164884", "Peju Ajiboye": "Q113164929", "Dominiki Vasiageorgi": "Q113225442", "Nineta Zaharopoulou": "Q113230918", "Marcella Kjeltoft": "Q113250677", "Gillian Gallow": "Q113325122", "Maria Felldin": "Q113453910", "Diemut Remy": "Q113501854", "Lisa \u00c5gren": "Q113553511", "Sarah Buortesch": "Q113605092", "Vasiliki Tranidou": "Q113632090", "Natassa Papastergiou": "Q113645550", "Lisa Montan": "Q113666964", "Mira Strnad": "Q113866360", "Sarah Mae White": "Q113960384", "Rebekka S\u00f8rensen-Kjelstrup": "Q113988544", "Josephine Derghokasian": "Q114048492", "Monica Petit": "Q114082504", "Maartje Wevers": "Q114082506", "Giulia Scrimieri": "Q114140838", "Anninka Velie": "Q114168102", "Lysandre Denis Breault": "Q114310142", "Nina Korento": "Q114314563", "Katevan Kalandadze": "Q114398113", "Mary T. Quigley": "Q114559623", "Katrin Hoffmann": "Q114614746", "Melina Root": "Q114669262", "Alessia Cond\u00f2": "Q114728498", "Ester Mochi": "Q114755961", "Else Lund": "Q114771901", "Anna Zotou": "Q114781958", "Evelyna Darzenta": "Q114782095", "Florence Scholtes": "Q114810729", "Eleni Bletsa": "Q114871500", "Jeanne Lapierre": "Q114907234", "Sera Cederberg": "Q114919250", "Lia Asvesta": "Q115047179", "Maria Lindmark": "Q115063021", "Maxine Van-Cliffe Arakawa": "Q115106719", "El\u00edn Edda \u00c1rnad\u00f3ttir": "Q115111093", "Eva Broms": "Q115158118", "Frida \u00c5berg": "Q115162014", "Marija Carapina": "Q115188907", "Susie Bj\u00f8rnvad": "Q115200354", "Monica Elers": "Q115284305", "Arnd\u00eds Ey": "Q115285000", "Ingvild Eiring": "Q115305658", "Daniela Krestelica": "Q115332044", "Marjo Federley": "Q115468676", "Elina V\u00e4tt\u00f6": "Q115498007", "Brynja Skjaldar": "Q115539111", "Charlotte Walter": "Q115576182", "Francesca Vaccaro": "Q115869272", "Gabriella Martino": "Q115994259", "Dora Somova": "Q116039009", "Jane Marshall Whittaker": "Q116242132", "Jenna Enns": "Q116530389", "Verity May Lane": "Q116648631", "Adriana Bogaard": "Q116782154", "Kjerstin Elg": "Q116855763", "Jennifer Arsenault": "Q116857300", "Jennifer Stewart": "Q116857301", "Julia Kim": "Q116857341", "Karyn McCallum": "Q116857345", "Renate Pohl": "Q116872069", "Sophie yufei Tang": "Q116872200", "Gigi Lepage": "Q116914462", "Elske van Buuren": "Q116918755", "Emmanuelle Youchnovski": "Q116944046", "Praxedes de Vilallonga": "Q116944223", "Paula Salonen": "Q116946408", "Marja-Leena Savolainen": "Q116949817", "Ieva Veita": "Q117038020", "Alana Rosenblum": "Q117084296", "Katarzyna Adamczyk": "Q117087913", "Heli Lindroos": "Q117207142", "Marie Credou": "Q117280266", "Anna Aromaa": "Q117316158", "R\u00e9gine Arniaud": "Q117324506", "Emily Brayshaw": "Q117349430", "Zorana Mei\u0107": "Q117353885", "Johanna Fors Sj\u00f6gren": "Q117451346", "Tanja Birgmajer": "Q117734951", "Carmen Di Pinto": "Q117738507", "Arian Lazaridou": "Q117786675", "Maija Aspi": "Q117788410", "Ivana Zozoli Vargovi\u0107": "Q118114691", "Tiina Kupias": "Q118126395", "Annikki Viitanen": "Q118126396", "Susse Roos": "Q118134475", "Pinelopi Malousi": "Q118175685", "\u0391\u03c1\u03b5\u03c4\u03ae \u039c\u03bf\u03c5\u03c3\u03c4\u03ac\u03ba\u03b1": "Q118293060", "Rachel Pollock": "Q118402693", "\u038c\u03bb\u03b3\u03b1 \u039c\u03c0\u03c1\u03bf\u03cd\u03bc\u03b1": "Q118469862", "\u039a\u03b9\u03ba\u03ae \u0393\u03c1\u03b1\u03bc\u03bc\u03b1\u03c4\u03b9\u03ba\u03bf\u03c0\u03bf\u03cd\u03bb\u03bf\u03c5": "Q118500382", "Eija-Riitta Alhainen": "Q118523675", "Annemarie Woods": "Q118531254", "Indr\u0117 Ramo\u0161kait\u0117": "Q118877036", "Regina Tiedeken": "Q119132251", "Eirin Larsen": "Q119585603", "Julie B\u00e9cotte": "Q120531457", "Blanka Budak": "Q120694053", "Auli Turtiainen": "Q120992163", "Brooke Hagel": "Q121094509", "Gordana An\u0111elkovi\u0107": "Q121269315", "Camille Rabineau": "Q121437609", "Katharina Axelsson": "Q121866543", "Ad\u00e9la\u00efde Gosselin": "Q122157341", "Debi Thibeault": "Q122261793", "Maija Jansone": "Q122312747", "Aija Beata Rjabovska": "Q122351029", "Leesa Evans": "Q122451248", "Maria Norrfors": "Q122740213", "Izabela Stronias": "Q122762218", "Magdalena Bem-Jankowska": "Q122762238", "Charlotte Scheffmann Weber": "Q122832580", "Vesela Dineva": "Q122856111", "Margr\u00e9t Einarsd\u00f3ttir": "Q122949742", "Rebeka Hath\u00e1zi": "Q122962346", "Momirka Bailovi\u0107": "Q122988505", "Aleksandra Kica": "Q123129521", "Ibolya B\u00e1rdosi": "Q123150692", "Kiki Pitta": "Q123181916", "Sanja \u0160eler": "Q123194412", "Boryana Semerdzhieva": "Q123240232", "Kirilka Dobreva": "Q123308107", "Klara Mucci": "Q123354062", "Hj\u00f6rdis Mel\u00e9n": "Q123378019", "Asia Sutiahina": "Q123463357", "Sonia Penna": "Q123466903", "L\u012bga \u0160ulce": "Q123479638", "Eva Ellen": "Q123499205", "Aakanksha Marwah": "Q123505213", "Karin Fritz": "Q123516466", "Moksha McPherrin": "Q123573669", "Ingrid Rosell": "Q123655526", "Maja Milisavljevi\u0107": "Q123683829", "Carmen Alie": "Q123741296", "Sara Edlund": "Q123987577", "Elsa Depardieu": "Q124049751", "Holly Waddington": "Q124056402", "Birgitt Kilian": "Q124078413", "Abigail Murray": "Q124285441", "Carolina Sudati": "Q124310431", "Milena Milenkovi\u0107": "Q124351828"}