{"Akiko Kitayama": "Q11401434", "Ann Sofie L\u00f6fgren": "Q12784710", "Orie Hida": "Q29472357", "Ang\u00e9lique Vialard": "Q4130129", "Claudia Weber": "Q27628193", "Molrudee Kasemchaiyanan": "Q113815425", "Therese Klompenhouwer": "Q2803316", "Kaori Ebe": "Q11135486", "\u0e2a\u0e31\u0e19\u0e17\u0e34\u0e19\u0e35 \u0e43\u0e08\u0e0b\u0e37\u0e48\u0e2d\u0e01\u0e38\u0e25": "Q13022509", "Regula Hitz": "Q2138739", "Tetiana Vekker": "Q4106074", "Aliona Afanasieva": "Q18399795", "Kateryna Perepechaeva": "Q96748996", "Michelle Marinova": "Q12287016", "Louise Furberg": "Q64816361", "Aleksandra Guleikova": "Q64816365", "Monika Zabek": "Q64816368", "Evelyn Morland-Smith": "Q80090963", "Eva Palmius": "Q80093964", "Jessica Woods": "Q105300490", "Gerrie Geelen": "Q109924792", "Ingrid Engelbrecht": "Q109924861", "Aida Lehbil": "Q109928744", "Grace Fairweather": "Q122917371", "Ella Collins": "Q122917759"}