{"Ana Gir\u00f3n de Rebolledo": "Q18643808", "Amalie Buchheim": "Q453024", "Vlasta Havelkov\u00e1": "Q11913917", "Marie Schuette": "Q63323747", "Lidia Berroeta": "Q1505102", "Ella Hellgren": "Q50375320", "Greta Ring": "Q1546010", "Aleksandra Karpi\u0144ska": "Q87270343", "Ethel C. Field": "Q23660394", "Vera Alexandrovna Kratchkovska\u00efa": "Q23656116", "Olga Hirsch": "Q59529711", "Maria Fredro-Boniecka": "Q111025028", "Irmgard Lemmers-Danforth": "Q1673030", "Erna von Watzdorf": "Q1356143", "Jacqueline Bouchot": "Q28084662", "Anna Peredolskaya": "Q104216701", "Elisabeth Moses": "Q82305332", "Anna Dembi\u0144ska": "Q9155111", "Jeanne Bily-Brossard": "Q55432806", "Marguerite Dubuisson": "Q94377598", "Maria Gutkowska-Rychlewska": "Q88388445", "Lucie Mazauric": "Q16231370", "C\u00e9cile Goldscheider": "Q94742046", "Zofia Niesio\u0142owska-Rothertowa": "Q9391824", "Maria \u017bywirska": "Q21994943", "Yvonne du Jacquier": "Q3574237", "Jacqueline Bret-Andr\u00e9": "Q3157683", "Marguerite Magn\u00e9 de Lalonde": "Q113487644", "Mar\u00eda Luisa V\u00e1zquez de Parga Iglesias": "Q61679246", "Valentina Antonova": "Q4067411", "Antonina Halicka": "Q20503309", "Razija Hand\u017ei\u0107": "Q121435534", "Am\u00e1lia Mozsolics": "Q1179640", "Sibyl Marcuse": "Q25991753", "Mar\u00eda Luisa Galv\u00e1n Cabrerizo": "Q61679227", "In\u00e9s Amor": "Q30099205", "Olga Popovitch": "Q116727394", "Mar\u00eda Bra\u00f1a de Diego": "Q20992264", "Mar\u00eda Dolores Enr\u00edquez Arranz": "Q105427068", "Lois Elsie James": "Q21516902", "Alfa Olsson": "Q96694766", "\u00c9lisabeth Chirol": "Q21511569", "Monique de La Ronci\u00e8re": "Q50825493", "Asta Znidar\u010di\u010d": "Q18507821", "\u00c9veline Lot-Falck": "Q291302", "Aniela S\u0142awska": "Q22114994", "Maj Odelberg": "Q105953784", "Alice Strobl": "Q112549565", "Sylvie B\u00e9guin": "Q3507294", "Leonie von Wilckens": "Q59629210", "Ji\u0159ina Medkov\u00e1": "Q86203697", "Ilse Jahn": "Q1659136", "Johanna Brandt": "Q94774321", "Irena Vois\u00e9": "Q11713863", "Elisa P. Knapp": "Q23676414", "Ingelore Menzhausen": "Q61053136", "Aleksandra Jacher-Tyszko": "Q47467795", "Amalia Card\u00f3s de M\u00e9ndez": "Q50379635", "Halina Samp\u0142awska": "Q65175648", "Trinidad Taracena del Pi\u00f1al": "Q61677314", "Maria \u017bukowska": "Q11769284", "Maria Petrus": "Q111108307", "Janina \u017bbikowska": "Q11719894", "Nancy Ingram Nooter": "Q110263690", "Jean M. Cook": "Q43971190", "Hildegund Gropengiesser": "Q14886457", "Mercedes Vegas": "Q106612675", "Mar\u00eda de las Mercedes Goicoa Fern\u00e1ndez": "Q61947598", "Galina Smirnova": "Q123852377", "Lore B\u00f6rner": "Q112405233", "Liselotte Honigmann-Zinserling": "Q1827938", "Lydia Schoonbaert": "Q2214313", "Gracie Del\u00e9pine": "Q16855142", "Aracy Amaral": "Q9627138", "Anetta Bass": "Q4079142", "V\u011bra Vok\u00e1\u010dov\u00e1": "Q95075382", "Eva Zengel": "Q124463927", "Hieronima Sikorska": "Q100591050", "Maria Assumpta Escudero i Ribot": "Q63257169", "Evelyn Klengel-Brandt": "Q1326967", "Zarifa Salahova": "Q12848450", "Olga Drahotov\u00e1": "Q95098580", "Anne-Marie de Brem": "Q24050936", "Janina Ojrzy\u0144ska": "Q52669633", "Rauni Janser": "Q99737952", "B\u00e9atrice de Andia": "Q2929495", "Irina Rodimtseva": "Q60694582", "Ingrid Griesa": "Q124630102", "Katharina Schmidt": "Q1280327", "Jadwiga Nowicka": "Q11715939", "Joan Agajanian Quinn": "Q116734276", "Margret Stuffmann": "Q28194103", "Beatriz Susana Vettori": "Q22295715", "Danuta S\u0142omi\u0144ska-Paprocka": "Q16538899", "Maria Nobre Franco": "Q19968002", "Ursula Koch": "Q2501709", "Teresa Grzybkowska": "Q81755339", "Helena Bussers": "Q112093446", "Marcela P\u00e1nkov\u00e1": "Q88219818", "Silvia de Ambrosini": "Q10900099", "Alicia Masriera Gonz\u00e1lez": "Q68710574", "Irma Arestiz\u00e1bal": "Q3802062", "Natalia Adaskina": "Q16166333", "Danielle Gaborit-Chopin": "Q3014992", "Olga Larnaudie": "Q21198533", "Rosina G\u00f3mez Baeza": "Q25917270", "Johanna Agthe": "Q51265336", "Ingvild Goetz": "Q1663478", "Rotraud Bauer": "Q59525830", "Heide Mommsen": "Q1387919", "Catherine Arminjon-Roesch": "Q21791506", "G\u00f6rel Cavalli-Bj\u00f6rkman": "Q4942257", "Joan Aruz": "Q16725750", "Beral Madra": "Q17045536", "Katarina Villner": "Q20294949", "Frauke Geupel": "Q124623319", "Gertrud Platz": "Q1515650", "Rosa Maria Subirana i Torrent": "Q16999665", "Magdalena Konopacki Bruzzone": "Q20995157", "Barbara Distel": "Q807394", "Mary Lea Bandy": "Q11343331", "Lena Bo\u00ebthius": "Q46949263", "Maaretta Jaukkuri": "Q11987679", "Hanna Szyma\u0144ska": "Q110040919", "Eva Uchalov\u00e1": "Q112387803", "Inge Adriansen": "Q19800012", "Jana Pauly": "Q95459591", "Reinhild Tetzlaff": "Q1531768", "Jana Wisniewski": "Q117383610", "Elsebeth Welander-Berggren": "Q4990268", "Gisela Zahlhaas": "Q19965144", "Margit Nagy": "Q61070757", "Mare Ruus": "Q114267125", "R\u016f\u017eena Ba\u0165kov\u00e1": "Q105427954", "Martine Kahane": "Q42325728", "Hsiao Li-Hung": "Q64148415", "Linda Edwards Graham": "Q19641076", "Jeannette Kok": "Q2743939", "Ji\u0159ina Kumst\u00e1tov\u00e1": "Q95176753", "Eha Komissarov": "Q16403835", "Nataliya Avtonomova": "Q17154846", "Eugenie Boer": "Q2350924", "Machiko Kusahara": "Q11618107", "Tzipora Luria": "Q20502799", "Christine Van Assche": "Q24690529", "Beate Salje": "Q813186", "Bracha Guy": "Q55283940", "Reingard Witzmann": "Q100559281", "Genevi\u00e8ve Bresc-Bautier": "Q3100605", "Marjan Boot": "Q16069794", "Susan Grace Galassi": "Q21087538", "Hildegard Vogeler": "Q15438895", "Dagmar Stutzinger": "Q111419195", "B\u00e9atrice Andr\u00e9-Salvini": "Q104034895", "Masami Zeniya": "Q11650293", "Nurit Shiloh-Kohen": "Q106618648", "Denise Pozzi-Escot": "Q23192357", "Josefina Alc\u00e1zar": "Q24960768", "Catherine \u00d6rmen": "Q28496347", "Filiz \u00c7a\u011fman": "Q51879179", "Milada \u015alizi\u0144ska": "Q106092613", "Oulimata Gueye": "Q116068568", "Angelika Wesenberg": "Q82665414", "Christine Shimizu": "Q2965987", "Malou Schneider": "Q22910673", "Ximena Escudero": "Q61999278", "Stephanie Barron": "Q73580899", "Elen Ginton": "Q106618953", "Ursula Mandel": "Q1366962", "Gisela Helmecke": "Q1527355", "Ursula K\u00e4stner": "Q1632483", "Montserrat Pag\u00e8s i Paretas": "Q55687644", "Yehudit Matzkel": "Q7006959", "\u00c1gnes HA\u00e1sz": "Q109545456", "Suzanne B. McLaren": "Q113453869", "Olga Borisovna Korsunova": "Q48644951", "Else-Marie Strese": "Q50382706", "Katerina Vatsella": "Q18334626", "Anne-Marie Dubois": "Q115147163", "Jutta Fischer": "Q1714602", "Karin Stempel": "Q1729565", "Kaori Chino": "Q11406874", "Reet Varblane": "Q17447080", "Orit Shaham-Gover\u200e\u200f": "Q12403626", "Nawojka Cie\u015bli\u0144ska-Lobkowicz": "Q95196185", "Margarita Aizpuru": "Q28226201", "Renate Thomas": "Q1494117", "Katja Schneider": "Q15823234", "Elin Luque Agraz": "Q17630476", "Wies\u0142awa Bogurat": "Q9373664", "Anna Coliva": "Q62266371", "Felicitas Heimann-Jelinek": "Q85836607", "Mara de Carli": "Q30938016", "Alice Cooney Frelinghuysen": "Q112730596", "Oliva Mar\u00eda Rubio": "Q27684997", "Isabelle Cahn": "Q3154881", "Dana Stehl\u00edkov\u00e1": "Q21936841", "Tami Katz-Freeman": "Q12412114", "Laura Knott": "Q19960138", "Ilana Tenenbaum": "Q20033606", "Elke Bannicke": "Q95199916", "Claudia Blank": "Q95213296", "Claire L. Lyons": "Q12899353", "Sylvia Schoske": "Q15449525", "Iris M\u00fcller-Westermann": "Q62287173", "Ann-Sofi Noring": "Q70582104", "Anne Baldassari": "Q2850971", "\u041f\u0430\u043d\u043e\u0432\u0430, \u041b\u044e\u0434\u043c\u0438\u043b\u0430 \u0412\u0430\u043b\u0435\u043d\u0442\u0438\u043d\u043e\u0432\u043d\u0430": "Q70253442", "Louise D\u00e9ry": "Q55722623", "Brigitte Leal": "Q59857956", "Carmen Valbuena": "Q16302735", "Annette Hoff": "Q12301887", "Barbara Putz-Plecko": "Q54229615", "Tamar Manor-Friedman": "Q95852852", "Dominique Thi\u00e9baut": "Q28493553", "Birgit Schwarz": "Q66817287", "Daniela Bousso": "Q8353715", "Sarit Shapira": "Q7043020", "Andrea Hauser": "Q26220822", "Alicia Rodero Riaza": "Q28926934", "Vivian Etting": "Q78142957", "Marie-C\u00e9cile Forest": "Q91098101", "Marta Pieni\u0105\u017cek-Samek": "Q18226703", "Deborah Ann Qualls Lewis": "Q21518789", "Taisia Sidorchuk": "Q46968597", "Katya Zografova": "Q34831948", "Milena Seck\u00e1": "Q95088556", "Anna Bitner-Wr\u00f3blewska": "Q9155033", "Ulrike Horak": "Q59525087", "Andreja Rihter": "Q12784633", "Dirce Marzoli": "Q15445402", "Dagmar von Wilcken": "Q1157340", "Eva Bayer-Niemeier": "Q111329027", "Eleonora Louis": "Q112052633", "Ana Anjos M\u00e2ntua": "Q99198049", "Ulla Kj\u00e6r": "Q2648979", "Anna Brzezi\u0144ska-Skar\u017cy\u0144ska": "Q9155072", "Eva-Sofi Ernstell": "Q26757488", "V\u00e9ronique Wiesinger": "Q3564380", "Brenda J. Herring": "Q23729933", "Elisa Asenbaum": "Q63484635", "Hanna D\u0142ugoszewska-Nadratowska": "Q9285957", "Lene Behrmann Frandsen": "Q124344423", "Veronica Irina Bogdan": "Q4089170", "Olesia Avramenko": "Q19918147", "Sylvie Boulanger": "Q23006348", "Angelina Whalley": "Q16440319", "Juliana Rosales": "Q21198535", "Susanne Pfisterer-Haas": "Q23794152", "Gulnara Kasmalieva": "Q2170465", "Ewa Toniak": "Q9256878", "Anu Allikvee": "Q124419219", "Beate Reese": "Q23009334", "Eve Duperray": "Q19521284", "Michaela Nolte": "Q1930085", "Janka Isteni\u010d": "Q12792161", "Helena Persson": "Q19977146", "Dorothy E. Tuthill": "Q23749351", "Juliane Schmieglitz-Otten": "Q95192157", "Ashley B. Morris": "Q5708232", "Hedwig Fijen": "Q111649417", "Yekaterina Andreyeva": "Q4065556", "Lisette Lagnado": "Q12179901", "Suzanne Cotter": "Q19660271", "Tereza Mavika": "Q28499031", "\u00c1ngeles Tilve Jar": "Q122729295", "Sophie Jugie": "Q19631311", "Giselle Beiguelman": "Q25429634", "Rozita Sharafjahan": "Q61356645", "Laura Gonz\u00e1lez Flores": "Q105801786", "Agnes Schwarzmaier": "Q394637", "Irena Lazar": "Q18507938", "Celina Grabowska": "Q11689528", "Melany H. Chapin": "Q23728781", "Gabriele Knapstein": "Q26721614", "Annette Vogel": "Q98540476", "Ulrike Groos": "Q15435288", "Karina Ericsson W\u00e4rn": "Q26835735", "\u00c1ngela L\u00f3pez Ruiz": "Q42396934", "Judith Guetta": "Q55283337", "C\u00e4cilia Fluck": "Q113733460", "Nadja Cholidis": "Q113749891", "Marion von Osten": "Q103893660", "\u00c5sa Nacking": "Q21705460", "Xulia Santiso Rol\u00e1n": "Q111940551", "Susan D. Knapp": "Q23675914", "Carlota \u00c1lvarez Basso": "Q63208393", "Tulga Beyerle": "Q73512913", "Fran\u00e7oise Poos": "Q65697934", "Svetlana Valerevna Kroeze": "Q4242081", "Ivana Bentes": "Q10304409", "Judith Huber": "Q84736906", "Lene Crone Jensen": "Q4956574", "Jette Linaa": "Q27925352", "Tania Coen-Uzzielli": "Q108203470", "Nina Krsti\u0107": "Q110045733", "Simone Michel": "Q2288130", "Elke aus dem Moore": "Q20751999", "Emilie Gordenker": "Q23304457", "Kristy Chu": "Q11090616", "Madeleine Schuppli": "Q56604293", "Hadwiga Sch\u00f6rner": "Q99742488", "Laurence Madeline": "Q16653266", "Sophie Makariou": "Q15407461", "Miriam Windhausen": "Q18612636", "Manuela Ribadeneira": "Q27633395", "Katya Garc\u00eda-Ant\u00f3n": "Q60500241", "Mika Kuraya": "Q95163242", "Sally Sch\u00f6ne": "Q95747365", "Karen Jeneson": "Q109655827", "Mar\u00eda Jes\u00fas Avila Corchero": "Q118612368", "Anna Karapanagiotou": "Q124606288", "Claudia Banz": "Q15448496", "Val\u00e9rie Thomas": "Q61914969", "Selene Wendt": "Q11999851", "Nirit Shalev-Khalifa": "Q63392457", "Magdalena Atria": "Q16297534", "Janet Beccaloni": "Q45263041", "Sabine Schaschl": "Q22486292", "Karin Wehn": "Q1729583", "Christiane Kuhlmann": "Q15437748", "Renate Goldmann": "Q1465119", "Camille Morineau": "Q47191720", "Eugenia Kikodze": "Q4220431", "Elisabeth Egseth Hansen": "Q41442930", "Hadas Maor": "Q55266757", "Juliane von Herz": "Q57741682", "Huiqing Xie": "Q64897194", "Mayu Mohanna": "Q113455892", "Karin Mairitsch": "Q121323323", "Reut Ferster": "Q55285310", "Moran Shoub": "Q105695175", "Martina V\u00edtkov\u00e1": "Q88401122", "Agn\u00e8s Callu": "Q2826973", "Francisca Garc\u00eda": "Q16300529", "Andreja Borin": "Q17402515", "Katrin Unterreiner": "Q28114199", "\u00ddrr J\u00f3nasd\u00f3ttir": "Q52767910", "Sally Haftel Naveh": "Q104211514", "Dalit Matatyahu": "Q111271569", "\u5546\u6bd3\u82b3": "Q113108584", "Marie Lavandier": "Q99896634", "Andrea Domesle": "Q62090621", "Andrea Ferreyra": "Q24556761", "Clara Mayer-Himmelheber": "Q28845723", "Viviana Kuri": "Q111686865", "Deniz Erduman-\u00c7al\u0131\u015f": "Q111988689", "Sibylle Hoiman": "Q115625193", "Magdalena Malm": "Q17886570", "Annet Dekker": "Q63254197", "Martina Pachmanov\u00e1": "Q27898901", "Jacqueline Lacasa": "Q23414344", "Trine Louise Borake": "Q123785014", "Fr\u00e9d\u00e9rique Duyrat": "Q16637403", "Angelika Fleckinger": "Q105677699", "Maike Mia H\u00f6hne": "Q15990558", "Ana Elena Mallet": "Q26692013", "Mira Lapidot": "Q113371850", "Adina Kamien": "Q108102048", "Frauke Witte": "Q124154965", "Ariane James-Sarazin": "Q2861197", "Monika Fabijanska": "Q78637090", "Cecilia Brunson": "Q19561827", "Lisa Rettl": "Q67916389", "Agata W\u0105sowska-Pawlik": "Q103828509", "Sandra Vitalji\u0107": "Q126592735", "Nathalie Herschdorfer": "Q66883953", "Jana Helmbold-Doy\u00e9": "Q99393289", "Camilla Granbacka": "Q113733820", "Fernanda Laguna": "Q27507987", "Joanna Sandell Wright": "Q115610668", "Esmeralda P\u00e9rez Tamiz": "Q24960784", "Nina Due": "Q30088992", "Carla Herrera-Prats": "Q77989861", "Maya B\u00f6sch": "Q109645686", "Mizuki Takahashi": "Q112239130", "Seveng\u00fcl S\u00f6nmez": "Q31191529", "Claudia Perren": "Q17522058", "Arisa Itami": "Q56059735", "Ewa Trawicka": "Q106818934", "Dagmar Hirschfelder": "Q58369809", "Roksolana Kosiv": "Q105887915", "Catherine Nichols": "Q110728918", "Diane Elizabeth Holland": "Q5805210", "Ylva Ogland": "Q4970806", "Kate\u0159ina Nora Nov\u00e1kov\u00e1": "Q95115736", "Margot Kask": "Q12369698", "Fanni Fetzer": "Q89488113", "Maja Heuer": "Q51367915", "Shihoko Iida": "Q55524821", "Susanne H\u00e6tta": "Q19974487", "Terezie Zem\u00e1nkov\u00e1": "Q29960012", "Ilona Regulski": "Q99582786", "Noa Lea Cohn": "Q104617840", "Anne Szefer Karlsen": "Q19371727", "Y\u016b Takehisa": "Q112239129", "Aurora Villalobos G\u00f3mez": "Q123496985", "Raquel Castro": "Q108923613", "Charlotte Deno\u00ebl": "Q42303224", "Line Halvorsen": "Q108132840", "Joa Ljungberg": "Q4963307", "Eva Bendov\u00e1": "Q59839783", "Sofie De Caigny": "Q104809410", "Dorothea Sch\u00f6ne": "Q108368641", "Soi Agelidis": "Q110138126", "Michelle Cotton": "Q117744086", "Elisabeth Ehler": "Q124087104", "Helga-Marie Nordby": "Q11974760", "Tessa Praun": "Q100340753", "Val\u00e9rie Knoll": "Q27517748", "Eva Birkenstock": "Q108805349", "Nina R\u00f6mer": "Q114829406", "Michaela Stark": "Q113797272", "Tang Siu Wa": "Q15914218", "Lisa Marei Schmidt": "Q47413614", "Sandra K\u00fcpper": "Q107553053", "Mara Lyutyuk": "Q85986479", "Yael Rosenblut": "Q16648670", "Maria-Kristiina Soomre": "Q104655596", "Tania Safura Adam Mogne": "Q76861982", "In\u00e9s Ruiz Artola": "Q107679186", "Tamara Vekhova": "Q65922538", "Denise Tonella": "Q108119638", "Rose-Marie Herda-Mousseaux": "Q60556388", "Lara Weiss": "Q63436522", "Marta Mestre": "Q99733186", "Em\u00edlia Rigov\u00e1": "Q106778835", "Fumiko Nakamura": "Q124483078", "Karen Leanne Bell": "Q23683308", "Adriana Vila Guevara": "Q106809781", "Linda Walther": "Q114355680", "Zane Mellupe": "Q8066111", "Noam Segal": "Q106618956", "Iulia Iordan": "Q116142037", "Kairi Tilga": "Q114123596", "Roula Khoury": "Q65251319", "Irina Mutt": "Q117288359", "Carolina Teotino": "Q124253716", "Joanna Nordin": "Q116186397", "Liisa Kaljula": "Q99284274", "Sari Golan": "Q124788961", "Kaisa Eiche": "Q12366073", "Margarita Dorovska": "Q12285887", "Ania Karpowicz": "Q105085394", "Silvia Gajdo\u0161\u00edkov\u00e1-Belis": "Q26868424", "Johana \u0160varcov\u00e1": "Q17312128", "Maja Hodo\u0161\u010dek": "Q107074497", "Susanne Beck": "Q112536973", "Kadri Asmer": "Q61110763", "Valeria Caballero": "Q105800181", "Sofya Gavrilova": "Q24018215", "Polly Lohmann": "Q47068507", "Lizz Brady": "Q19609777", "Igi Lola Ayedun": "Q126126872", "Ann Mirjam Vaikla": "Q115131710", "In\u00eas Mour\u00e3o": "Q89115911", "Louise Schofield": "Q18397199", "Agnes Henning": "Q100268897", "Margildis Schl\u00fcter": "Q110416165", "Christine van Russel-Henar": "Q112136756", "Dina Faltings": "Q113841666", "Miriam K\u00fchn": "Q124546875", "Irmgard Kriseleit": "Q1517144", "Martine Denoyelle": "Q1660519", "Barbara Helwing": "Q13522600", "Simone Vogt": "Q15447547", "Susanne Ghez": "Q20724994", "Marion Roehmer": "Q21685202", "Trisha Ziff": "Q6152879", "Ma\u0142gorzata Sobieszczak-Marciniak": "Q11772376", "Rona Sela": "Q16128874", "Aya Miron": "Q16130864", "Joanne Hyppolite": "Q16946660", "Birgitte Kirkhoff Eriksen": "Q19655180", "Beth McIntyre": "Q20560490", "Yumi Song": "Q22827528", "Plamena Dimitrova-Racheva": "Q26831400", "Tetiana Arkai\u00efvna Toumassian": "Q28702489", "Nili Goren": "Q47401713", "Nogah Davidson": "Q55973470", "Mette Moltesen": "Q67184319", "Aida Rechena": "Q99732832", "Maya Dvash": "Q104829734", "Babette Ludowici": "Q109664537", "Mihaela Radulescu": "Q111072931", "Anna Beselin": "Q111988667", "Louise O'Konor": "Q112920949", "Melinda K. Hartwig": "Q113796224", "\u05e9\u05e8\u05d4 \u05dc\u05d5\u05d9 (\u05d0\u05d5\u05e6\u05e8\u05ea)": "Q117881202", "Edith Mbella": "Q122149401", "Ry\u014dko Kamiyama": "Q124097090", "Katsuko Kohashi": "Q124097124", "Machiko Chiba": "Q124097172", "Storm Ascher": "Q125863422"}