{"Ad\u00e8le Dubuisson": "Q116736361", "Lidmila Hostomsk\u00e1": "Q95174961", "Ji\u0159ina K\u0159emenov\u00e1": "Q112373937", "Maria Rybak": "Q64295808", "Anna Jab\u0142o\u0144ska-Ulbrych": "Q64295761", "Margot Segall-Blank": "Q107585877", "Marta Neradilov\u00e1": "Q95392532", "Doris Bartuska": "Q64295731", "Kerstin Hall": "Q4952108", "Hanna Dziatkowiak": "Q64295748", "Eugenia Ivanovna Marova": "Q62757671", "Helena Teede": "Q53059518", "Ida Kinalska": "Q11710959", "Anna Kasperlik-Za\u0142uska": "Q23449317", "Jarmila \u0160ulcov\u00e1": "Q112361829", "Nelli Badmaevna Sel\u02b9verova": "Q56561644", "Bogus\u0142awa Baranowska": "Q23670135", "Marietta V\u00e9rtes": "Q61943823", "Jara Nedv\u00eddkov\u00e1": "Q112348356", "Anna Marchlewska-Koj": "Q111729384", "Zde\u0148ka L\u00edmanov\u00e1": "Q59165014", "Jadwiga S\u0142owi\u0144ska-Srzednicka": "Q23670134", "Teresa Gasi\u0144ska": "Q64295752", "Barbara Krzy\u017canowska-\u015awiniarska": "Q20918652", "Carolyn Bondy": "Q112558933", "Ida Gerendai": "Q112502966", "Jana Heresov\u00e1": "Q112361814", "Eva Nov\u00e1kov\u00e1": "Q112413652", "Asha Chandola-Saklani": "Q66316996", "Virge Nemvalts": "Q78317973", "Margaret Evans": "Q75687162", "Fran E. Kaiser": "Q95396547", "Irina Kowalska": "Q57320527", "Helena V\u00e1vrov\u00e1": "Q112386783", "Lisette Lagac\u00e9": "Q106822903", "Marie Kunesova": "Q112351539", "Jana Brunov\u00e1": "Q112415431", "Mirjana Kochova": "Q55231008", "Dagmar Kodedov\u00e1": "Q95380686", "Blanka Skalick\u00e1": "Q112440395", "Elena \u0160eb\u00f6kov\u00e1": "Q112512215", "Marla Bernbaum": "Q79487547", "Pascale Loisel": "Q3367683", "Ingrid M\u00fchlhauser": "Q19964023", "Lea Even": "Q111710353", "\u0422\u0430\u0446\u0446\u044f\u043d\u0430 \u0412\u044f\u0447\u0430\u0441\u043b\u0430\u0432\u0430\u045e\u043d\u0430 \u041c\u0430\u0445\u043e\u0440\u0442": "Q114772638", "\u0412\u0430\u043b\u044f\u043d\u0446\u0456\u043d\u0430 \u041c\u0456\u0445\u0430\u0439\u043b\u0430\u045e\u043d\u0430 \u0414\u0440\u043e\u0437\u0434": "Q115134274", "Barbara Garanty-Bogacka": "Q122931732", "\u041b\u0430\u0440\u044b\u0441\u0430 \u0406\u0432\u0430\u043d\u0430\u045e\u043d\u0430 \u0414\u0430\u043d\u0456\u043b\u0430\u0432\u0430": "Q115118374", "Gra\u017cyna Bednarek-Tupikowska": "Q64295734", "Chiara Martini": "Q118174141", "Susan R. Davis": "Q38644278", "Irena Por\u0161ov\u00e1-Dutoit": "Q95075994", "Dagmar Mayerov\u00e1": "Q95181527", "Violetta Skrzypulec-Plinta": "Q64295835", "Lyudmila Radzetskaya": "Q17044908", "Vincenza Mele": "Q112514357", "Violaine Gu\u00e9rin": "Q96473663", "Gabriela Me\u0142e\u0144-Mucha": "Q64175205", "Deborah M. Power": "Q42595861", "Renata Pomaha\u010dov\u00e1": "Q112423460", "Radmila Kancheva": "Q112361819", "Beate Maria Karges": "Q112526933", "Beata Kos-Kud\u0142a": "Q58446548", "Giamila Fantuzzi": "Q37372730", "Silvia Palma": "Q21542954", "Jitka Kytnarov\u00e1": "Q58881120", "Kate\u0159ina Va\u0161inov\u00e1": "Q95181246", "Barbara Zubelewicz-Szkodzi\u0144ska": "Q64295906", "Fiona Gribble": "Q52588093", "Paola Vigan\u00f2": "Q38641751", "Hedi Claahsen": "Q62063364", "Nata\u0161a Ka\u0148ov\u00e1": "Q112361820", "Irina Vladimirovna Kotova": "Q62712537", "Martina Sal\u00e1tov\u00e1": "Q112539472", "Petra Pa\u010desov\u00e1": "Q112410766", "D\u017eilda Veli\u010dkien\u0117": "Q112206776", "Masako Asahina-Jindrov\u00e1": "Q112382169", "Beate Quadbeck": "Q112437968", "Miriam \u010ciljakov\u00e1": "Q112441816", "Pavla Kalouskov\u00e1": "Q95401530", "Magdalena Mat\u011bjkov\u00e1-B\u011bhanov\u00e1": "Q112361810", "Kl\u00e1ra Owen": "Q112378781", "Elena Vladimirovna Pervu\u0161ina": "Q112469481", "Ellen Manon No\u00eblle Bannink": "Q112558956", "Hana Munteanu": "Q112546776", "Ilaria Dicembrini": "Q90290811", "Jitka Housov\u00e1": "Q112417934", "Linda Vignozzi": "Q80798143", "Alisha Wade": "Q56374655", "Bettina Almasi": "Q112515006", "Hana Posp\u00ed\u0161ilov\u00e1": "Q108900030", "Andrea Iosup": "Q117307976", "Agnese Moscatelli": "Q115534720", "Ivana Dost\u00e1lov\u00e1": "Q95449158", "Eva Vit\u00e1riu\u0161ov\u00e1": "Q112549003", "Elena Ciaglia": "Q89745248", "Ilaria Muller": "Q61127723", "Ivana S\u00e1gov\u00e1": "Q112522128", "Daniela Stan\u00edkov\u00e1": "Q112527476", "Giulia Rastrelli": "Q87577129", "Lenka Du\u0161\u00e1tkov\u00e1": "Q112504406", "Anna Tortora": "Q112650790", "Leigh C. Murphy": "Q30506466", "Antje K\u00f6rner": "Q40081203", "Carla Giordano": "Q41921486", "Dorota S\u0142owi\u0144ska-Klencka": "Q42686740", "Katarzyna Ziemnicka": "Q42771342", "Aldona Kowalska": "Q42785958", "Lourdes Ib\u00e1\u00f1ez Toda": "Q47005048", "Maria Szarras-Czapnik": "Q47451415", "Dorota Szyska-Skrobot": "Q47451422", "Danuta G\u0105sior-Perczak": "Q47451424", "Yael Levy-Shraga": "Q47460865", "Allison B Goldfine": "Q50233885", "Anna W\u00f3jcik-G\u0142adysz": "Q51714603", "Monica Kwan": "Q54482725", "Diana F. Wood": "Q55946954", "Agnieszka Adamska": "Q57338927", "Kristen J Nadeau": "Q57340292", "Silvia Moretti": "Q57359697", "Maria Rosaria Ambrosio": "Q57426826", "Fabiana Quagliarini": "Q57614607", "Ellen L Connor": "Q58365606", "Zde\u0148ka Lacinov\u00e1": "Q58960335", "Hana Vitkova": "Q59698578", "Martina Vaclov\u00e1": "Q60157641", "Agnieszka Zwolak": "Q60666608", "Ewelina Szczepanek-Parulska": "Q60970609", "Ewa \u017bochowska": "Q61946620", "Katherine C. Crocker": "Q64166347", "Aleksandra Zdrojowy-We\u0142na": "Q64174903", "Maria Gnaci\u0144ska-Szyma\u0144ska": "Q64175119", "Ewa Salamon-Krekora": "Q64175120", "Zofia Wo\u017aniak": "Q64175121", "Ariadna Zybek-Kocik": "Q64175124", "Ewa Zbrojkiewicz": "Q64175125", "Teresa \u017bak": "Q64175128", "Ewa Wo\u017aniak-Ose\u0142a": "Q64175129", "Martyna Wojtaszek-Nowicka": "Q64175131", "Magdalena Wojewoda-Korbelak": "Q64175132", "Katarzyna Wojciechowska-Durczy\u0144ska": "Q64175134", "Joanna Witek": "Q64175136", "Joanna Walig\u00f3rska-Stachura": "Q64175137", "Agnieszka Walczyk": "Q64175139", "Dominika Tuchendler": "Q64175141", "Izabela Tomaszewska": "Q64175142", "Dorota Szydlarska": "Q64175145", "Magdalena Szczotka-Berna\u015b": "Q64175146", "Justyna Syrenicz": "Q64175148", "Joanna \u015awierczyna": "Q64175150", "Ewa Stochmal": "Q64175152", "Ewa \u015alusarczyk": "Q64175154", "Agnieszka Skiba": "Q64175156", "Marta Siomkaj\u0142o": "Q64175157", "Anna Sidorowicz": "Q64175160", "Ewa Serafinowicz": "Q64175162", "Nadia Sawicka-Gutaj": "Q64175163", "Dorota Sagan": "Q64175165", "Ma\u0142gorzata Sacewicz": "Q64175167", "Jolanta Ruszkowska": "Q64175168", "Dorota Ptasi\u0144ska-Wnuk": "Q64175171", "Joanna Porzezi\u0144ska-Furtak": "Q64175173", "Bo\u017cena Popowicz": "Q64175174", "Marlena Pisarek": "Q64175177", "Katarzyna Pi\u0105tek": "Q64175178", "Iwona Pa\u0142yga": "Q64175180", "Anna Orzechowska-Pawi\u0142oj\u0107": "Q64175181", "Renata Or\u0142owska-Florek": "Q64175184", "Magdalena Ok\u0142ota": "Q64175185", "El\u017cbieta Nowacka": "Q64175188", "Monika Ne\u0107": "Q64175190", "Katarzyna Myszka-Podg\u00f3rska": "Q64175192", "Mariola Mr\u00f3z-Zawistowska": "Q64175195", "Anna Mieszkowska": "Q64175196", "Agata Mierzwicka": "Q64175199", "Renata Michalak": "Q64175201", "Marta Mazur": "Q64175206", "Amelia Majkowska-M\u0142ynarczyk": "Q64175209", "Hanna \u0141awnicka": "Q64175211", "El\u017cbieta Kwa\u015bniewska-Litwi\u0144czuk": "Q64175213", "Jolanta Kunert-Radek": "Q64175215", "Kinga Krawczyk-Rusiecka": "Q64175217", "Lidia Kostecka": "Q64175219", "Agnieszka Kosk": "Q64175222", "Agnieszka Kosi\u0144ska": "Q64175223", "Hanna Komarowska": "Q64175226", "Hanna Ko\u0142odziej-Maciejewska": "Q64175228", "Ma\u0142gorzata Knapska-Kucharska": "Q64175230", "Aleksandra Klimowicz": "Q64175233", "Beata Klim": "Q64175234", "Aleksandra Kierat": "Q64175235", "Ewa Karzewnik": "Q64175238", "Sonia Kaniuka-Jakubowska": "Q64175240", "Joanna Kalupa": "Q64175241", "Marta Jonas": "Q64175244", "Maria Jaworska": "Q64175245", "Magdalena Jasku\u0142a": "Q64175246", "Joanna Januszkiewicz-Caulier": "Q64175248", "Joanna Jankiewicz-Wika": "Q64175250", "Edyta Gurgul": "Q64175251", "Anna Gruszka": "Q64175253", "Ilona Gradecka-Kubik": "Q64175255", "Renata G\u0142oskowska-Koptas": "Q64175257", "Gabriela Geisler": "Q64175260", "Wanda Foltyn": "Q64175263", "Marta Fichna": "Q64175266", "Marlena Felerowicz-Jachimowicz": "Q64175268", "Agata Fater-D\u0119bska": "Q64175271", "Jolanta Dardzi\u0144ska": "Q64175272", "Agnieszka Ceg\u0142owska": "Q64175278", "Anna Bojarska-Szmygin": "Q64175280", "Ma\u0142gorzata Bi\u0144kowska": "Q64175284", "Bo\u017cena Bidzi\u0144ska-Speichert": "Q64295740", "Maria G\u00f3rska": "Q64295757", "Ma\u0142gorzata Karbownik-Lewi\u0144ska": "Q64295767", "Romualda Komarnicka": "Q64295772", "Izabella Koz\u0142owicz-Gudzi\u0144ska": "Q64295776", "Helena Krawczy\u0144ska": "Q64295780", "Katarzyna \u0141\u0105cka": "Q64295785", "Barbara Rymkiewicz-Kluczy\u0144ska": "Q64295811", "Ludwika Sadowska": "Q64295818", "Ewa Sewerynek": "Q64295819", "Jana Skrzypczak": "Q64295826", "Alina Warenik-Szymankiewicz": "Q64295844", "Katarzyna Ziora": "Q64295881", "Beverly Balkau": "Q64427168", "Jacqueline Jonklaas": "Q75476799", "Mari\u00ebtte Boon": "Q78075735", "Lucyna Bednarek-Papierska": "Q81307299", "Agnieszka Polak": "Q83831728", "Shoshana Yakar": "Q86366608", "Natalia Wawrusiewicz-Kurylonek": "Q86665253", "Prudence Lopez": "Q87958939", "Lefkothea P Karaviti": "Q88043627", "Anne Cappola": "Q88050382", "Aleksandra Gilis-Januszewska": "Q88147439", "Rosemary M Hall": "Q88427626", "Chioma Izzi-Engbeaya": "Q88635401", "Tracey L McLaughlin": "Q88684514", "Jennifer H. Stern": "Q88923814", "Claudia Gagnon": "Q89847554", "Agnieszka Lecka-Ambroziak": "Q90143988", "Adriana G Ioachimescu": "Q90289326", "Kitt F Petersen": "Q90437846", "Angela Napoli": "Q90472401", "Rina Meidan": "Q90663421", "Erin Keely": "Q90709993", "Laura C Alonso": "Q90819912", "Judith Korner": "Q90824641", "Dilys Freeman": "Q91941265", "Aleksandra Januszek-Trzciakowska": "Q92219947", "Janice J. Hwang": "Q92338982", "Dominika Janu\u015b": "Q92417793", "Dolores M Shoback": "Q95644593", "Eva Marie Erfurth": "Q98228201", "Ayyagari Mythili": "Q107610257", "Ilaria Scattina": "Q108139499", "Julia Barsony": "Q109094425", "Carrie M. Burns": "Q109094492", "Ethel Silverman Siris": "Q109095340", "Elizabeth J Shane": "Q109095940", "Serena Cardillo": "Q109108640", "Susan J. Mandel": "Q109108663", "Julianne Imperato-McGinley": "Q109321916", "Marina Basina": "Q109322204", "Deborah Sellmeyer": "Q109322211", "Ann Julia Brown": "Q109322494", "Jennifer Brigitte Green": "Q109322497", "Diana Bures McNeill": "Q109322499", "Svetlana Bunkova": "Q109324781", "Tamara Vokes": "Q109325103", "Maria L. Collazo-Clavell": "Q109326055", "Dana Erickson": "Q109326079", "M. Molly McMahon": "Q109326125", "Deborah J. Rhodes": "Q109326220", "Mehrsheed Sinaki": "Q109326250", "Lynley Lewis": "Q109544452", "Nicola Scott": "Q109582471", "Silvia Misiti": "Q112064616", "Alessandra Gallo": "Q112117593", "Ma\u0142gorzata Wilk": "Q112430009", "Tamar Reisman": "Q112959208", "Eva Van Caenegem": "Q112959289", "Katrien Wierckx": "Q112959342", "Hana Jand\u00edkov\u00e1": "Q114419131", "Irina Savasteeva": "Q114515392", "Joanna Smyczy\u0144ska": "Q114575187", "Christine Rodda": "Q114736274", "Drusilla Mason": "Q114820997", "\u0410\u043b\u0430 \u041f\u044f\u0442\u0440\u043e\u045e\u043d\u0430 \u0428\u0430\u043f\u044f\u043b\u044c\u043a\u0435\u0432\u0456\u0447": "Q115216024", "\u0413\u0430\u043b\u0456\u043d\u0430 \u0413\u0435\u043e\u0440\u0433\u0456\u0435\u045e\u043d\u0430 \u041a\u0430\u0440\u0430\u043b\u0435\u043d\u043a\u0430": "Q115217569", "\u0412\u043e\u043b\u044c\u0433\u0430 \u0411\u0430\u0440\u044b\u0441\u0430\u045e\u043d\u0430 \u0421\u0430\u043b\u043a\u043e": "Q115217616", "\u042e\u043b\u0456\u044f \u0412\u0430\u0441\u0456\u043b\u0435\u045e\u043d\u0430 \u0414\u044b\u0434\u044b\u0448\u043a\u0430": "Q115217681", "Anshita Aggarwal": "Q115556299", "Eloise Williams": "Q116037044", "Penny Hunt": "Q116242694", "Honey E. East": "Q116854220", "Alicja Macke-Nauman": "Q117262575", "Nicole Ath\u00e9a": "Q117533936", "Elisa Caviola": "Q118146616", "Be\u00e1ta Arciniegas Berke\u0161ov\u00e1": "Q119812054", "Zuzana Fed\u00e1kov\u00e1": "Q120030499", "Mira Milas": "Q120044670", "Martina Zahradnick\u00e1": "Q120358538", "Marina Jur\u2018jevna Sergejeva-Kondra\u010denko": "Q120615556", "Heather J. Dean": "Q120721081", "Eleonora K. \u0160chinek": "Q121065332", "Genevi\u00e8ve Forget": "Q123182821", "Helen Murphy Tepperman": "Q123438218", "Ewa Wajs-Kuto": "Q124100143", "Jadwiga Roguska": "Q125209392", "Kathryn L Lee": "Q126900462"}