{"Sarra Valerius": "Q60829550", "Frances Batrich": "Q114593324", "Paula Freitas": "Q125043996", "\u0415\u043b\u044c\u0437\u0430 \u0428\u043d\u0435\u0442\u0456\u043d\u0431\u0435\u0440\u0442": "Q110694900", "Agnes Wilhelmine Petr\u00e6a Auguste Nielsen": "Q62079246", "Christina Galbraith Richmond": "Q92204863", "Constance Cowper-Coles": "Q67205191", "Aslaug Urbye": "Q115715400", "Aileen Preston": "Q105977389", "Clara Aida Maradona": "Q106043135", "Emily Dunn": "Q90285443", "Caroline Maude Davis": "Q90282051", "Marie Luhring": "Q111562850", "Elsbeth Steinheil": "Q85087559", "Gerlind Ganswindt": "Q24131124", "Esther Elena Bachofen": "Q106079789", "Stanis\u0142awa Groblewska": "Q26973388", "Charlotte Marx": "Q55855865", "Barbara Dunn": "Q90686444", "Reyhan Vakilova": "Q16373188", "Winifred Pink": "Q66319049", "Molly Olney": "Q67678855", "Elena Dron": "Q27218814", "Alb\u00edna Aloyov\u00e1": "Q104519339", "Chatarin\u00e9 Heripsim\u00e9 Marie Boeree": "Q29564993", "Esther Bunge": "Q106079638", "Germaine B\u00e9dier": "Q115511169", "Mary Laetitia Hill": "Q102198524", "Liv Tessem": "Q115740166", "Frida Bull": "Q90277967", "K\u00e4the B\u00f6hm": "Q95128559", "Elena Mitrofanovna Morozova": "Q28499886", "Adriana Berrocal": "Q50379705", "Johanna Pecanac": "Q95199029", "Pearl Swan": "Q104639833", "Rosalind Messenger": "Q87724001", "Dorothy Pile": "Q88546579", "Dorothy Cridland": "Q74707761", "Yuliya Gerasimovna Egoshina": "Q23655952", "Mona Hirst": "Q70743693", "Mary Olga Soroka": "Q79337219", "J\u00f8rgine Stene": "Q115758936", "Maria Szel\u0105gowska": "Q11769180", "Grace New": "Q76351237", "Zofia Wendorff": "Q18635273", "Althea Elizabeth Revere": "Q90913985", "Vira Yenina Mykhailivna": "Q12073366", "Zohar Wilbushewich": "Q12407208", "Maria Suchorzewska": "Q111466223", "Halina Karnkowska": "Q9285369", "Muriel Mott": "Q80782674", "Sirkka Liakka": "Q11893711", "Paula Embacher": "Q15447221", "Ruth Faris": "Q96057728", "Anna Mohr": "Q111281726", "Lisa Leffler-H\u00f6gberg": "Q116820177", "Mariya Petrovna Rempell": "Q21153717", "Maria E\u00dflinger": "Q41744527", "Inger Thor\u00e9n": "Q90495317", "Jean Horning Marburg": "Q91474400", "Catherine Eiden": "Q96628347", "Nina Dykhovichnaya": "Q4171716", "May Maple": "Q56682281", "Perchanoush Msryan": "Q56634176", "Wanda Zalewska": "Q42897647", "Varvara Bakholdina": "Q29358619", "Olive Salembier": "Q104151489", "Dorothy Garfitt": "Q107094213", "Sima Miluschewa": "Q115512124", "Lillian Murad": "Q96627682", "Anna V. Dybo": "Q60694234", "Alice Mary Winter Woodward": "Q114503191", "Seda Petrossian": "Q49206015", "Phyllis Dunning": "Q105858241", "Christina Schultheiss": "Q60616896", "Tatyana Y. Kosolapova": "Q112474858", "Gretel Brauer": "Q94742251", "Miriam Gerla": "Q96628062", "Emma Modl-Onitsch": "Q51955167", "Uljana Nykyfor\u00ecvna Krju\u010denko": "Q112470420", "Gabriel Farkash": "Q94975832", "\u0406\u0440\u044b\u043d\u0430 \u0410\u043d\u0430\u0442\u043e\u043b\u0435\u045e\u043d\u0430 \u0424\u0451\u0434\u0430\u0440\u0430\u0432\u0430": "Q119440244", "Nadezjda Jakovlevna Oedovitsjenko": "Q47489226", "Elisabeth Schmitthenner": "Q94735425", "Natalja Vladimirovna Malisjeva": "Q4279322", "Viera Sil\u00e1diov\u00e1": "Q95482047", "Krystyna Bierut-Maminajszwili": "Q11748651", "Serafima Gromova": "Q4150229", "Ecaterina Arie": "Q106982288", "Gertruda Przybylska": "Q9267595", "Tanslu Kaymirasova": "Q16657074", "Maria Zdybiewska": "Q112675540", "Winifred Davenport": "Q121603016", "Jean Taylor": "Q77313231", "Nikolina Dobreva": "Q58278738", "Orfila Lima dos Santos": "Q109792960", "Anna Vasilevna Isaeva": "Q19909748", "Marjorie Mallik": "Q90908939", "\u0414\u043e\u0440\u0430 \u0413\u0435\u043e\u0440\u0433\u0438\u0435\u0432\u043d\u0430 \u041f\u0430\u0432\u043b\u043e\u0432\u0430": "Q109301474", "Dormer Ellis": "Q102421772", "Veronica Milligan": "Q66660980", "Nohemy Chaverra": "Q116459811", "Marjorie Collier": "Q125154167", "Janina Starzewska": "Q16561969", "\u0411\u0440\u0430\u0436\u043d\u0438\u043a\u043e\u0432\u0430, \u041c\u0438\u0440\u0430 \u041f\u0435\u0442\u0440\u043e\u0432\u043d\u0430": "Q120507736", "Nerina Vivarelli": "Q108654320", "Enriqueta Garc\u00eda Amaro": "Q106918654", "Zofia Ka\u0144ska": "Q112626804", "Aileen Cavanagh": "Q96632163", "\u10ea\u10d8\u10d0\u10da\u10d0 \u10e6\u10e3\u10d3\u10e3\u10e8\u10d0\u10e3\u10e0\u10d8": "Q111804237", "Svetlana Balabanova": "Q112543497", "Floria Bloise": "Q5863188", "Bao Andriamanjato": "Q126178374", "Lucille Treganowan": "Q99438744", "Ayten Ayd\u0131n": "Q4831739", "Inez Wiatr": "Q116215230", "Lydia Barbot de Marny": "Q97220284", "Jekaterina Chasjanowna Mamlejewa": "Q4279937", "Erzs\u00e9bet Zsak\u00f3": "Q15637267", "Lore Hartfiel": "Q95203751", "Dorothy Morris": "Q104145740", "Mieczys\u0142awa Pra\u017cewska": "Q104459461", "\u6c5f\u654f\u6148": "Q106466414", "Halina Daniszewska": "Q28672330", "\u0422\u0440\u0435\u0442\u044f\u043a\u043e\u0432\u0430 \u041b\u044e\u0434\u043c\u0438\u043b\u0430 \u0421\u0442\u0435\u043f\u0430\u043d\u0456\u0432\u043d\u0430": "Q61114414", "\u0411\u0443\u0448\u0438\u043d\u0441\u043a\u0430\u044f, \u041d\u0438\u043d\u0430 \u0410\u043d\u0434\u0440\u0435\u0435\u0432\u043d\u0430": "Q120508983", "Izabella Hyla": "Q107338654", "\u10d8\u10e0\u10d8\u10dc\u10d4 \u10e4\u10d0\u10e0\u10d0\u10d3\u10d0\u10e8\u10d5\u10d8\u10da\u10d8": "Q111129772", "Tamara Nikolaevna Borisova": "Q15965947", "Wanda Szempli\u0144ska-Stupnicka": "Q16323925", "Maria Petrescu": "Q50826557", "Teresa Skrabka-B\u0142otnicka": "Q97184507", "Stanis\u0142awa Jasie\u0144ska": "Q109717224", "Rozalia Bor\u0219": "Q18538183", "Irene Arell": "Q47465349", "Maria-Christine von Urach": "Q17124662", "Kirsten Rita Arnesen": "Q11980776", "Virginia Itta Marcu": "Q107578907", "Wilma Podewin": "Q17425414", "Maria Borkowska-Flisek": "Q11768752", "Daniela \u017buk": "Q81752881", "Teresa J\u0119drzejewska-\u015acibak": "Q108766806", "Krystyna Wa\u017cy\u0144ska-Fiok": "Q115510373", "Malle Paalmann": "Q12369606", "Anne-Marie von Essen": "Q97971220", "Velda Ratnik": "Q12378399", "Dobromi\u0142a Kuli\u0144ska": "Q11694409", "Aime Maripuu": "Q20933536", "Hanna Mo\u015bcicka-Grzesiak": "Q112746294", "Tatsuko Takei": "Q30924498", "Lorina Shahumyan": "Q53818512", "Rosemarie Gerbsch": "Q95191829", "Elsbeth Wendler-Kalsch": "Q125349939", "Habiba Sabti": "Q99509660", "Barbara K\u0142osowicz": "Q105272684", "Madeleine de Zilah": "Q20481616", "Zhang Bohua": "Q104723250", "El\u017cbieta Szulkowska-Wojaczek": "Q108742706", "Barbara Bruderreck": "Q111462298", "Eszter Karaszi": "Q56435058", "Susanne Abid-Wallendorf": "Q52080091", "Teresa Znamierowska": "Q97185701", "Maren Heinzerling": "Q59393992", "Aud Tr\u00e6tteberg": "Q106193214", "Liidia Petaja": "Q16403087", "Ewa Osiecka": "Q61944552", "Dagmar Schumann": "Q95213435", "\u10da\u10d8\u10d0\u10dc\u10d0 \u10ee\u10d0\u10e0\u10d0\u10e2\u10d8\u10e8\u10d5\u10d8\u10da\u10d8": "Q117303513", "Anna Ko\u0142akowska": "Q112440409", "Nicole Rivoire": "Q98168869", "Miroslava Chvojkov\u00e1": "Q95099640", "Lee Ki-jun": "Q16090761", "Joanna Ko\u015bmider": "Q11727441", "Irina Prostakova": "Q112989290", "Krystyna Je\u017cowiecka-Kabsch": "Q111022526", "Ulla-Liza Blom": "Q114734371", "Lis Greibe": "Q12324604", "Joanna Duda-Gwiazda": "Q11727404", "\u041c\u0438\u043b\u043a\u0430 \u0417\u0430\u0444\u0438\u0440\u043e\u0432\u0430": "Q12908626", "Maria Kami\u0144ska": "Q66828404", "Agneta Od\u00e9n": "Q4970778", "Ruth Shapira": "Q6629881", "Han Dajian": "Q80672478", "Zsuzsa Vathy": "Q227390", "\u10da\u10d0\u10db\u10d0\u10e0\u10d0 \u10d0\u10d5\u10d0\u10da\u10d8\u10e8\u10d5\u10d8\u10da\u10d8": "Q111552699", "Ludmi\u0142a Dawletowa": "Q4153642", "\u0421\u0430\u0444\u0438\u0443\u043b\u043b\u0438\u043d\u0430 \u0410\u043b\u044c\u043c\u0438\u0440\u0430 \u041c\u043e\u0440\u0430\u0442 \u04a1\u044b\u0499\u044b": "Q88318659", "Narayani Narasimhan": "Q110623455", "Krystyna Majorkowska-Knap": "Q117272839", "Eva Chorv\u00e1tov\u00e1": "Q13408701", "Aini Oja": "Q12358441", "Birgit Johansson": "Q114753692", "Joanna Maduka": "Q94221488", "Liana Timashova": "Q4457350", "Helena \u0160t\u011bp\u00e1nkov\u00e1": "Q112417642", "\u0634\u0627\u062f\u0627\u0646 \u0645\u062f\u062d\u062a \u0645\u0628\u0627\u0631\u0643": "Q125992743", "Lembi-Merike Raado": "Q16405249", "Barbara Zientarska": "Q33001410", "Kateryna Boiko": "Q12083591", "Mar\u00eda Elena de Ca\u00f1izales": "Q110280117", "Alicja Konczakowska": "Q112943819", "Lucina Laam": "Q14325374", "Maria Borczuch-\u0141\u0105czka": "Q101165411", "Mar\u00eda Vi\u00f1as": "Q26358109", "Dalia Kristina Kamaitien\u0117": "Q12652198", "Matilde Fern\u00e1ndez Blanco": "Q65328297", "Hannelore Klar": "Q95207097", "Tamila Petrovskaja": "Q12376288", "Anna P\u0142ywaczyk": "Q112842570", "Alda Marco Ant\u00f4nio": "Q8193892", "W\u0142adys\u0142awa Francuz": "Q35814705", "Barbara Olszewska": "Q93739297", "Jolanta Grzechowiak-Milewska": "Q111017828", "Halina Klimczak": "Q97278073", "Mar\u00eda Jes\u00fas Prieto-Laffargue": "Q124691170", "\u0417\u0443\u0441\u043c\u0430\u043d, \u0410\u043b\u043b\u0430 \u0412\u0435\u043d\u0438\u0430\u043c\u0438\u043d\u043e\u0432\u043d\u0430": "Q15206738", "Jutta Schmidt": "Q110944842", "Doris Greiner-Mai": "Q65108524", "Nicole Laroche": "Q124808549", "Nijol\u0117 Dumbliauskien\u0117": "Q12666849", "Lidija Grigorevna Goloebeva": "Q4142332", "Ljalja Kuznetsova": "Q4245113", "Maria Manuela Chaves": "Q58361493", "Pirkko Oittinen": "Q63391057", "Ruth Carter": "Q61864134", "Angelika Weber": "Q95200568", "Christel Fichtner": "Q95206569", "Susan Young": "Q112520158", "Anne Youngson": "Q112560996", "Dorota Kozanecka": "Q112604240", "Viktoria Kr\u00fcger": "Q116768561", "Alicja Czamara": "Q97177377", "Svitlana Makarevska": "Q12120516", "Marielza Pinto de Carvalho Milani": "Q64861173", "Christiane Schwartz": "Q2965798", "Tatsyana Holubeva": "Q84314157", "Christine Krause": "Q95201536", "Zenepe Dibra": "Q13048065", "Seon-tae Jong": "Q109789216", "Danuta Michalska-F\u0105k": "Q111349046", "Maria Clara Ruggieri Tricoli": "Q106678710", "Moniek Bucquoye": "Q114860856", "El\u017cbieta Rutkowska": "Q11696766", "Krystyna Palmowska": "Q3200036", "Natalya Kalinina": "Q25577800", "Carmen Tu\u00f1\u00f3n \u00c1lvarez": "Q105027871", "Danuta Kaczmarek": "Q111031489", "Danuta Flisiak": "Q115830913", "Svitlana Druziuk": "Q12102538", "Lydia Bourguignon": "Q107488673", "Hana Havlov\u00e1": "Q112548852", "Magdalena Salazar Palma": "Q119122762", "Maria \u017bygad\u0142o": "Q11769286", "Milada Nov\u00e1kov\u00e1": "Q112542990", "Wolha Iwanawa": "Q16616288", "Tacciana Filimonczyk": "Q9353994", "Tamara Agnic": "Q17993292", "El\u017cbieta Le\u015bniewska-Kom\u0119za": "Q18597148", "\u0623\u0645\u064a\u0646\u0629 \u0645\u062d\u0645\u0648\u062f \u0627\u0644\u062d\u0641\u0646\u064a": "Q20390934", "\u0645\u0646\u0649 \u0647\u064a\u0627\u062c": "Q22929720", "Gis\u00e8le Macron": "Q29860274", "Valentina Lazarova": "Q47621847", "Jadwiga Lal-Jadziak": "Q51885708", "Halina \u0141api\u0144ska": "Q55389713", "Barbara Wa\u017cy\u0144ska": "Q55392602", "Marzena Tykarska": "Q56256068", "Isabel Navarro Fern\u00e1ndez de Caleya": "Q57589083", "Beata Olszewska": "Q61829551", "Rosalind Sadleir": "Q63214243", "Sylvia D\u00edaz-Montenegro": "Q64506544", "Mar\u00eda Teresa Garibay": "Q73717621", "Paulina Wieci\u0144ska": "Q80131369", "Aniela Kami\u0144ska-Benmechernene": "Q81216556", "El\u017cbieta Krz\u0119cio-Nieczyporuk": "Q82411123", "Jadwiga S\u00f3jka-Ledakowicz": "Q83206322", "Joanna Bz\u00f3wka": "Q84405363", "Patrycja Wojciechowska": "Q85134211", "Halina Koczyk": "Q85134241", "Maria Z\u0105bkowska-Wac\u0142awek": "Q85134476", "Katarzyna Wojdak-Maksymiec": "Q85173068", "Ewa Marcinkowska": "Q85860831", "Agnieszka Malesi\u0144ska": "Q86827943", "Anna Zieli\u0144ska-Lipiec": "Q100590991", "Margarete Pauls": "Q110909039", "Marie Pavl\u00e1tov\u00e1": "Q112391249", "Shail Jain": "Q112543319", "Lucyna Bogdan": "Q121422862", "Awa Thiongane": "Q2874648", "Stefania Grzeszczyk": "Q9345510", "Monique Slissa": "Q65602608", "Rimma Zelenska": "Q56229165", "R\u00f3za Nagy": "Q1214466", "Rachel Gil": "Q6928982", "Helena Teterycz": "Q58784260", "Marnie L. Hutcheson": "Q112550035", "Irani Carlos Varella": "Q109794015", "\u0422\u0430\u0446\u0446\u044f\u043d\u0430 \u0420\u044b\u0433\u043e\u0440\u0430\u045e\u043d\u0430 \u041f\u0430\u0441\u043f\u0435\u043b\u0430\u0432\u0430": "Q119440435", "Ann-Charlotte Andersson": "Q49103525", "Liudmyla Bielova": "Q16693556", "Monika Hardyg\u00f3ra": "Q106510546", "Estela Maria Pra\u00e7a de Almeida": "Q109758905", "Mari Plakk": "Q12369746", "France Plante": "Q77443016", "Zofia Wyszkowska": "Q85134446", "Danuta Parylak": "Q97187051", "Anna Anielak": "Q109658400", "Janina Molenda": "Q21262853", "El\u017cbieta Bondar-Nowakowska": "Q97278039", "Henryka Stryczewska": "Q9288944", "Alina Bakhar": "Q17379736", "Palmyra Prasmantiene": "Q12668083", "Ainomaija Haarla": "Q11850190", "Merih Malmqvist Nilsson": "Q31671161", "Ilona Richter": "Q55068797", "Jadwiga Andrzejewska": "Q97373992", "Lucia Liljegren": "Q6696648", "Maarit Aarni-Sirvi\u00f6": "Q29419080", "Catherine Fargeon": "Q33112995", "\u0411\u0443\u043b\u0430\u0442\u043e\u0432\u0430 \u04d8\u043b\u0444\u0438\u0440\u04d9 \u0425\u04d9\u0439\u0440\u0435\u0442\u0434\u0438\u043d \u04a1\u044b\u0499\u044b": "Q111753038", "Irina Rudolfovna Pronina": "Q13889299", "Irina Vojnova": "Q12281834", "Darinka Stancheva": "Q17409533", "Anne Chopinet": "Q2851025", "Hanna \u0141aurukiewicz": "Q9286056", "Lidiya Gurijivna Ribenko": "Q12147878", "Maria Ba\u0142uch": "Q11768722", "Pascale Jurdant-Pfeiffer": "Q63764545", "Virg\u00ednia Sampaio Teixeira Ciminelli": "Q104447859", "Lyuko Dashvar": "Q12119364", "Marketta Sipi": "Q63314019", "Annikki M\u00e4kel\u00e4": "Q47326827", "Teresina dite Th\u00e9r\u00e8se Martinet": "Q33111235", "So\u0148a \u010capkov\u00e1": "Q120605357", "Tatjana Jeme\u013cjanova": "Q4175430", "Zinaida Mandrouskaya": "Q9391301", "Lidija Wassiljewna Blochina": "Q4088346", "Zofia Sadecka": "Q42393231", "\u041a\u043e\u0437\u043b\u043e\u0432\u0441\u043a\u0430\u044f \u041e\u043a\u0441\u0430\u043d\u0430 \u0412\u0438\u0442\u0430\u043b\u044c\u0435\u0432\u043d\u0430": "Q91563737", "Ludmila Radkov\u00e1": "Q95382506", "Teresa Zieli\u0144ska": "Q56425715", "Celestino Mindra": "Q116938961", "Irena Sielamowicz": "Q118591461", "Ann Brickley": "Q4766284", "Sachiko Karaki": "Q11418552", "Kikuko Iwai": "Q11474054", "Petra Winzer": "Q16269196", "Ewa Pi\u0119tka": "Q65160223", "Gra\u017cyna Grelowska": "Q117321524", "Al\u00edcia Casals i Gelp\u00ed": "Q11905218", "Izumi Mikami": "Q11356859", "Catherine Langlais": "Q29512228", "Marita Kirstein": "Q95207256", "Narriman Felicidade Correa de Faria Zito dos Santos": "Q64852540", "Hanna Zych-Ciso\u0144": "Q20900589", "Krystyna Macek-Kami\u0144ska": "Q11748735", "R\u016f\u017eena Zimov\u00e1": "Q95179128", "Marie Reynier": "Q88305603", "Elisabeth Stephan": "Q112489204", "Monica Porto": "Q120376845", "Krystyna Ku\u017aniar": "Q121742348", "\u0623\u062d\u062f\u0627\u062b \u0648\u0641\u0627\u0621 \u0642\u0633\u0637\u0646\u0637\u064a\u0646": "Q12251125", "Kelpie Wilson": "Q64710960", "Uta Bellion": "Q110853611", "Teresa Kami\u0144ska": "Q9357307", "Annie Guillemot": "Q2851664", "Birthe Skands": "Q12303587", "Maria L\u00facia Villas B\u00f4as de Faria": "Q109793149", "Marina Schl\u00fcnz": "Q18411502", "Marisol Garrido Valero": "Q108923153", "Claire Dadou-Willmann": "Q33105342", "Claire Tutenuit": "Q33106905", "B\u00e9n\u00e9dicte Escudier": "Q87412586", "Katarzyna Juda-Rezler": "Q24428485", "Aurelia Sole": "Q105394043", "Eva Ol\u0161anov\u00e1": "Q112520891", "Maria Em\u00edlia Rosa": "Q10325834", "Margarida C. Vieira": "Q73422984", "Margarita Padilla Garc\u00eda": "Q21617942", "Martine Pascault Chartier": "Q65595295", "Pascale Malherbe": "Q65591566", "Tacciana Isaczenka": "Q9353995", "Monique Ouli Ndongo": "Q43457076", "Celina Olszak": "Q85134135", "Regina Paszkiewicz": "Q111563421", "Ursula Marxer": "Q112532063", "Rosemarie Karger": "Q17591559", "Isabelle Guillaume": "Q33290363", "\u0413\u0443\u0440\u044c\u0435\u0432\u0430 \u0415\u0432\u0433\u0435\u043d\u0438\u044f \u0412\u0438\u043a\u0442\u043e\u0440\u043e\u0432\u043d\u0430": "Q100557349", "Valerija \u017dalien\u0117": "Q12676414", "Regina Luko\u0161evi\u010dien\u0117": "Q16470943", "Barbara Dalibard": "Q22209551", "Valancina Svyatskaya": "Q16614004", "Claudine Perrot-Berton": "Q65595867", "Irene Lill": "Q16406586", "Monica Duca Widmer": "Q64685491", "Mar\u00eda Teresa Busto del Castillo": "Q72210675", "Joanna Kyzio\u0142-Komosi\u0144ska": "Q118842162", "Heike Hanagarth": "Q15439292", "Nora Delgado": "Q21683673", "Consuelo S\u00e1nchez Naranjo": "Q93862828", "Rossitza Goleva": "Q96017332", "Monika Essig-Schmirk": "Q95195048", "Gunilla Nordstr\u00f6m": "Q4970159", "Catherine Lucet": "Q33140116", "Sara G\u00f3mez Mart\u00edn": "Q51955186", "Marie-Anne Clair": "Q63616865", "Sylvie Brachet": "Q65569758", "Amazoneida S\u00e1 Peixoto Pinheiro": "Q104018775", "Marie-Michelle Vialleton": "Q63764066", "Elena Stib\u016frkov\u00e1": "Q112565482", "Sarra Rejeb": "Q51173119", "Rimante Misiuniene": "Q12671361", "Karen Maex": "Q13741681", "Irina Kostova": "Q51098195", "Miriam Facchini Barbosa": "Q61878840", "Inma Hernaez": "Q12259625", "Ute Naue": "Q23059397", "Nino Pailodze": "Q111129912", "Dorota Kuchta": "Q111311218", "Tracey Hughes": "Q112507073", "Yasmina Bestaoui Sebbane": "Q112532380", "Karen Sobel Lojeski": "Q112554706", "Inmaculada S\u00e1nchez Ramos": "Q124691309", "Joanna Borowiecka-Jamrozek": "Q125208109", "Barbara Coll": "Q4858818", "Marinka Baghdasaryan": "Q64869565", "Tatsiana Vanina": "Q9353997", "Marie-Jo\u00eblle Lenfant": "Q65590364", "Anna Rathsman": "Q76692719", "Dominique Dron": "Q3035108", "Dalimila Mir\u010devsk\u00e1": "Q112370630", "Radmila Kokaislov\u00e1": "Q95451248", "Enik\u0151 Bitay": "Q25475148", "Ellen Joan Kumaat": "Q25468631", "Inguna Bauere": "Q97230995", "C\u00e9cile Caron": "Q63763041", "V\u011bra Baumanov\u00e1": "Q95383682", "Lena Widin Klas\u00e9n": "Q120493943", "Pascale Debord": "Q63455901", "Vanja Strle": "Q18643107", "Katarzyna Tkacz-\u015amiech": "Q104792154", "Heidi Lorey": "Q120616356", "\u59dc\u6770 (\u79d1\u5b66\u5bb6)": "Q10943554", "Anna Trykozko": "Q66828338", "Margot Kahli": "Q3290627", "Lenka Lhotsk\u00e1": "Q87712224", "Florence Lustman": "Q33103695", "\u00c5sa Persson": "Q4972581", "Isabelle Gaildraud": "Q33274210", "Emily Claire Elizabeth Tomalin": "Q75975729", "Marie-Annette Bergeot": "Q65566473", "Ghislaine Chartron": "Q3104899", "Pascale Vicat-Blanc": "Q29512450", "Irina Kuznetsova": "Q4245105", "Jana Musilov\u00e1": "Q60042844", "Katharina Hild": "Q95207324", "Alena Vimmrov\u00e1": "Q112342735", "Ana Paula F. D. Barbosa P\u00f3voa": "Q112537434", "Mari Oshima": "Q64783307", "Anna Czubaszek": "Q92724384", "Viviana Ireland": "Q5638292", "Silvana Guarnieri": "Q64847272", "Marie-Christine Thivant": "Q65603509", "Ann-Catrine Zetterdahl": "Q4990912", "Ir\u00e8ne Felix": "Q63763394", "Sawsan Gabra": "Q7428683", "Florencia Serran\u00eda Soto": "Q106850878", "Taliko Zhvania": "Q110820600", "Ma\u0142gorzata Kabsch-Korbutowicz": "Q111031487", "Filomena O. Soares": "Q112534845", "Sabine Weck": "Q113398256", "Halina Marczak": "Q124311981", "Satoko Takita": "Q11566353", "Nathalie Montel": "Q55628520", "Cinzia Acaia": "Q56681976", "Reiko Abe": "Q65292015", "Catherine Bergogne": "Q62796230", "Brigitte Bienassis": "Q65567202", "Renata Walczak": "Q99912165", "V\u00e9ronique Halloin": "Q3564315", "Christine T\u00e9qui": "Q63764913", "Marjetka Uhan": "Q18627780", "Maria Fajger": "Q48861789", "Natalya Buzko": "Q4098418", "Claudine David": "Q63766092", "Ana Maria Gati": "Q109792736", "Christine Axsmith": "Q5110911", "Hillevi Gavel": "Q42393984", "Jos\u00e9e Duchesne": "Q73760497", "Zuzana Sta\u0148kov\u00e1": "Q112507297", "Barbara Cimatti": "Q112524293", "Anoosheh Oskouian": "Q117710918", "Beate Niemann": "Q124854014", "Britta Burreau": "Q57168722", "Tamera L. McCuen": "Q121589017", "Luz Mar\u00eda Paucar": "Q63068209", "Sophie Mougard": "Q3491008", "Corinne Bouchoux": "Q2997298", "Tamara Kleban": "Q9355410", "Dana Tr\u00e1vn\u00edkov\u00e1": "Q112537666", "Elke Achleitner": "Q1331445", "Eva \u0158eh\u00e1k Nov\u00e1kov\u00e1": "Q112415006", "Pavla Zeman\u00edkov\u00e1": "Q110080212", "Ivana Faltov\u00e1 Leitmanov\u00e1": "Q95143092", "B\u00e9atrice Foucher": "Q105073318", "Ivana Horov\u00e1": "Q112383638", "Wi Geumsuk": "Q20445409", "Karine Conte": "Q100329373", "Kirsten Matheus": "Q112518820", "Mutsumi Yokota": "Q11543409", "Zhao Ping": "Q16907307", "Marie-Claire Uchan-Delporte": "Q65604311", "Val\u00e9rie Faudon": "Q33257135", "Jian Li": "Q62082737", "Fran\u00e7oise Onno": "Q33107965", "Tamar Skhiladze": "Q111803147", "Catherine Lambert": "Q33215332", "Eva Hof Krocov\u00e1": "Q95382870", "Miroslawa El Fray": "Q57099966", "Maria Mendizabal Iturria": "Q113571004", "Iryna Liutikova": "Q12119421", "Anna Hartner": "Q125447615", "\u00d6m\u00fcr Tokg\u00f6z": "Q6088926", "Inbal Kreiss": "Q6660212", "Thanh Nghiem": "Q17496998", "Angelina Samaroo": "Q112551448", "Marion Weissenberger-Eibl": "Q17124672", "Kajetana Snopek": "Q63465012", "Soraya Vanini Tupinamba": "Q64846874", "Ghyslaine Pradel": "Q63764794", "Romana Cermanov\u00e1": "Q110678135", "Isabelle Rongier-Pomagrzak": "Q33168108", "Elizabeth Le\u00f3n Chinchay": "Q113640647", "Ay\u015fe Sibel Yan\u0131k\u00f6mero\u011flu": "Q86691581", "Irina Preis": "Q12364648", "Lenka Bedn\u00e1\u0159ov\u00e1": "Q95119051", "Vladana Hor\u00e1kov\u00e1": "Q115783549", "Christine Moebs": "Q63349075", "Elizabeth Gonz\u00e1lez": "Q42393294", "Martina Kl\u00e4rle": "Q40354111", "St\u00e9phanie Bignon": "Q42397735", "Natal\u2018ja Vladimirovna Popkova": "Q112513105", "Alexandra Csavd\u00e1ri": "Q112523154", "Assunta Pelliccio": "Q122167634", "Jocelyne Boiton": "Q62078080", "Silvana K\u00fchtz": "Q114756117", "B\u00e9atrice Aliphat": "Q63371033", "Tatiana Morosuk": "Q104107225", "Dorota Walkowiak-Tomczak": "Q97373381", "Miranda Ortar": "Q113800174", "\u0412\u043e\u0440\u043e\u0432\u0430 \u0421\u0432\u0456\u0442\u043b\u0430\u043d\u0430 \u0412\u0430\u0441\u0438\u043b\u0456\u0432\u043d\u0430": "Q126203353", "Fernanda Hurtado": "Q56235967", "Petra Hettich": "Q95201841", "Annette B\u00f6gle": "Q124847716", "Kama Mewaldov\u00e1": "Q112540447", "Edita de Lorenzo": "Q98342167", "Eve-Laure Boutonnet": "Q33185016", "Martina Ji\u0159\u00edkov\u00e1": "Q95227187", "Aime Ruus": "Q16407364", "Renata Pe\u0161i\u010dkov\u00e1": "Q95247035", "Karine Fran\u00e7ois": "Q63490464", "\u042e\u043b\u0438\u044f \u0412\u0438\u0442\u044f\u0437\u0435\u0432\u0430": "Q124642840", "Malin Persson": "Q110629334", "Mayra Elizondo Cort\u00e9s": "Q126003646", "C\u00e9line Le Frere-Letoffe": "Q65588201", "Paola Foladori": "Q50016741", "Genevi\u00e8ve Pelletier": "Q73776481", "Jana Marelov\u00e1": "Q112560905", "Myriam Joire": "Q16205173", "Miren Larrion Ruiz de Gauna": "Q23907902", "Nuria Lopez de Guere\u00f1u": "Q12264953", "Lourdes Mu\u00f1oz Santamar\u00eda": "Q9024468", "MariaPia Pedeferri": "Q60221853", "Andrea B\u00f6r": "Q69060078", "Izabella Rajzer": "Q84049699", "Katy Foraz": "Q89291268", "Anja Hofmann-B\u00f6llinghaus": "Q102443861", "Izabela Krzysztofik": "Q104906198", "Fatima \u017divi\u0107": "Q112344112", "LeeAnn Racz": "Q112544670", "Muriel Saccoccio": "Q33200649", "Pilar Carbonero S\u00e1nchez": "Q9059615", "Mar\u00eda Ascensi\u00f3n Carre\u00f1o Fern\u00e1ndez": "Q27756153", "Carme Parareda Sala": "Q115194631", "Trishna Basak": "Q85266746", "Dana Pavlouskov\u00e1": "Q95247060", "Daniela Kr\u00e1lov\u00e1": "Q110763762", "Elena Cebri\u00e1n Calvo": "Q21001160", "Sylvie Coquilleau": "Q65574677", "Marje Rahnu": "Q12369824", "Eva-Maria Kern": "Q18604024", "Montserrat Valc\u00e1rcel Armesto": "Q86577289", "Vera \u00c1lvarez": "Q86996120", "Kathrin Hamel": "Q95184409", "Elena Toth": "Q112522134", "Mar\u00eda Vargas Montoya": "Q114960941", "M\u00e1ria Homokyov\u00e1": "Q120615785", "Frida Frost": "Q12312909", "Ivana Mari\u0107": "Q92748462", "Anjali Bansal": "Q18249305", "Eli Kari Gjengedal": "Q11159875", "Barbora Chuecos": "Q112551994", "Marie-Claire Daveu": "Q33123211", "Irada Aiupova": "Q56825009", "Maud Cohen": "Q3300091", "Marta Kosior-Kazberuk": "Q64869614", "Halina Tarasiuk": "Q65095955", "Odile Fillod": "Q68165337", "Nadja Reinhard": "Q95210946", "Monika Tomaniov\u00e1": "Q112500687", "Mar\u00eda Jos\u00e9 S\u00e1nchez Yago": "Q124690825", "Ester Guti\u00e9rrez Ria\u00f1o": "Q124691177", "Luciana Londero Brandli": "Q61085351", "Miyuki Okabe": "Q12263738", "Alejandra Aillapan Huiriqueo": "Q114877600", "Estelle Iacona": "Q112186131", "Mahbouba Gharbi": "Q19959578", "Ayako Taniguchi": "Q73105296", "Heidi Fleischer": "Q107411032", "Monika N\u011bme\u010dkov\u00e1": "Q112561207", "Ulrika Lindstrand": "Q56331625", "Iva Rezi\u0107": "Q90184045", "Christine Malfoy": "Q63763426", "Gisela Lanza": "Q95196363", "Laurence Lemaitre": "Q65590254", "Anna Monika Kr\u00f3l": "Q104876869", "Donatella Rita Fiorino": "Q116742299", "Marta Carnicero Hernanz": "Q13414856", "Ana Teodoro": "Q57891882", "Laura De Lorenzis": "Q60183441", "Sara Purca": "Q62720072", "Carole Baudin": "Q65665525", "Concha Chapa": "Q67017922", "Carolin Binotsch": "Q106527864", "Chiara Montanari": "Q111588450", "Annalisa Manera": "Q116053238", "Joanna \u017bukowska": "Q122885148", "Maria B\u00f6rjesson": "Q25935795", "Carmen Kamgaing": "Q126914829", "Kl\u00e1ra Nedv\u011bdov\u00e1": "Q112537245", "Magdalena Klimek-Ochab": "Q23766511", "Vanina Vetsina": "Q120400812", "Kl\u00e1ra \u010c\u00e1stkov\u00e1": "Q95461738", "Maria Magdalena Mr\u00f3wczy\u0144ska": "Q100591396", "Nadia Alvarez": "Q116909794", "Monia Rekik": "Q72951372", "Mia Nikolova": "Q12286628", "Sonia Corrochano": "Q20006615", "\u738b\u4e16\u7434": "Q51104402", "Claudia K\u00fcster": "Q95186388", "Marianna N\u00e9meth": "Q95204680", "Whitney G. Colella": "Q112510810", "Liudong Xing": "Q112537547", "Myriam Moysset i Gil": "Q115512344", "Sehliselo Ndlovu": "Q104891233", "Stefania Proietti": "Q110281121", "Gabriela Marti\u0161ov\u00e1 Bakov\u00e1": "Q95173877", "Chlo\u00e9 Legris": "Q2964187", "Petra Ro\u017ekov\u00e1": "Q112543094", "Aneta Krzy\u017cak": "Q90521427", "\u041e\u043b\u044c\u0433\u0430 \u0421\u0442\u0430\u043d\u0438\u0441\u043b\u0430\u0432\u043e\u0432\u043d\u0430 \u041f\u0438\u0449\u0430\u043d\u0441\u043a\u0430\u044f": "Q104413180", "Natalia Carmen Ayuso Escuer": "Q47483473", "Agnese Augello": "Q58488422", "Maider Otamendi Tolosa": "Q106544511", "Helga Tauscher": "Q109249688", "Marcela Malind\u017e\u00e1kov\u00e1": "Q112344020", "Eveline Irma Paula Volcke": "Q112545526", "Natalie Fa\u00dfmann": "Q120616198", "Pamela Voigt": "Q124854040", "Christelle Hermand": "Q65585220", "Paula Renata Martins": "Q109788594", "So\u0148a Mitra Pavlincov\u00e1": "Q107366408", "Aur\u00e9lie Charillon": "Q63765261", "Caroline Breuillard": "Q65570020", "Eva Vejmelkov\u00e1": "Q97411918", "Annette H\u00f6glund": "Q102340007", "Mirjana Radivojevi\u0107": "Q112535521", "Tara Shenoy Kulkarni": "Q112543622", "Mariana Trusson": "Q112551664", "Martina Z\u00e1lesk\u00e1": "Q101130091", "Khadra Gaillard": "Q63763434", "Ludmila Bal\u00e1kov\u00e1": "Q95401746", "Rebecca Ihrfors": "Q117068234", "Monika Pejsarov\u00e1": "Q112536377", "Mar\u00eda Villarroya Gaud\u00f3": "Q43042892", "Lenka Kirschnerov\u00e1": "Q108208951", "Lenka Maierov\u00e1": "Q104140663", "Karima Rafes": "Q61440954", "Garazi Goia": "Q12258183", "Katherine Keith": "Q18643315", "Sophie von Schwerin": "Q95210206", "Jana Kubcov\u00e1": "Q112343519", "P. Deiva Sundari": "Q112535166", "Wendy Flores-Fuentes": "Q89040433", "Suman Lata Tripathi": "Q116948886", "Aline Piccato": "Q110651323", "Daniela Pet\u0159inov\u00e1": "Q116948794", "Magali Orellana": "Q62566967", "Jana P\u011bkn\u00e1": "Q112541289", "Michaela Holi\u0161ov\u00e1": "Q112539821", "Maria Urma\u0144ska": "Q97179361", "Ana Mart\u00ednez Vidal": "Q105847411", "Christina Scheffler": "Q60061205", "Ulrike Staudinger": "Q64211157", "C\u00e9cile Allign\u00e9-M\u00fcnch": "Q89590148", "Kirsten Stopp": "Q109924259", "Maja Me\u0161l": "Q111232875", "Marja Matinmikko-Blue": "Q112186741", "C\u00e9line Dodin": "Q3010149", "Lenka Men\u0161\u00edkov\u00e1": "Q112545560", "Marta V.": "Q122889295", "Marie Star\u00e1": "Q95442936", "Anna Lipchitz": "Q33270169", "Virginie Mathivet": "Q63641997", "Wendy Pineda": "Q97595822", "Laura M. Castro": "Q105513252", "Patricia Heredia": "Q110963360", "Radka Pernicov\u00e1": "Q112342923", "Linda Makovick\u00e1 Osvaldov\u00e1": "Q112343424", "Kamila Ture\u010dkov\u00e1": "Q112517416", "Linda Vesel\u00e1": "Q112520915", "Flor Lizeth Torres Ortiz": "Q112538070", "Michelle Avis": "Q112542549", "Gabriela Dotro": "Q112543212", "Mariana Lucre\u021beanu": "Q123531290", "Agata Kowalska": "Q124013006", "Reine Mbang Essobmadje": "Q125581869", "Urszula Stachewicz": "Q27808238", "Niki Frantzeskaki": "Q57056176", "Swantje Bargmann": "Q57557769", "Dagmar Lehmann": "Q113830249", "Veronika Soukupov\u00e1": "Q123509213", "Varia Demidova": "Q4104139", "M\u00f3nica del Roc\u00edo  Romero Pazmi\u00f1o": "Q86989805", "Helena Olmrov\u00e1": "Q112548343", "Yelena Vasilyeva": "Q4104740", "Isabelle Laforgue": "Q33105430", "Charlotte Masset": "Q63766440", "Franziska Riethm\u00fcller": "Q105825395", "K. Kadlecov\u00e1": "Q112540540", "\u013dubom\u00edra Balkov\u00e1": "Q95154885", "Anna Valente": "Q108930490", "Emma": "Q57583914", "Zuzana K\u00fakelov\u00e1": "Q82821405", "Fanny Novoa-Gilli\u00e9ron": "Q98842799", "Irene Souto Bl\u00e1zquez": "Q106593123", "Hadeel Solaka Aronsson": "Q112500073", "Sinem Dedeta\u015f": "Q125391014", "Petra Tvrd\u00e1": "Q106984769", "Jill Martiniuk": "Q117520596", "Jocelyne Ngo Njiki": "Q115481083", "Cl\u00e9mentine Marcovici": "Q33112489", "Camille Bonenfant-Jeanneney": "Q33223279", "Simone Meyer": "Q107302931", "Eva B\u00e1rtkov\u00e1": "Q95220262", "Magda Pe\u0161tukov\u00e1": "Q123668104", "Lorena Fern\u00e1ndez \u00c1lvarez": "Q60178235", "Veronika Harkabusov\u00e1": "Q112441838", "Marzia Cescon": "Q112504216", "Valentina Vaccaro": "Q112521892", "Lieke van Rossum": "Q28382130", "Sandra Loerakker": "Q47313419", "Alicia As\u00edn": "Q61743813", "Rashmi Walvekar": "Q123699859", "Maria Persson Gulda": "Q108120647", "Magdal\u00e9na Novotn\u00e1": "Q95149269", "Lada Svobodov\u00e1": "Q112521051", "Lucie Dobi\u00e1\u0161ov\u00e1": "Q112544257", "Harbia Al Himiary": "Q109890215", "Sandrine Derville": "Q63348968", "Hana Tom\u00e1\u0161kov\u00e1": "Q95401348", "Jana Ko\u0161\u00edkov\u00e1": "Q95154889", "Sarah Gillen": "Q29437060", "Izaro Elorza Arregi": "Q14083910", "Bia Antony": "Q110548195", "Igone Porto Gomez": "Q58224234", "Rosa Monge": "Q79764786", "Danijela Jani": "Q98684571", "\u0160\u00e1rka Sala\u010dov\u00e1": "Q112343401", "Kamila Borsekov\u00e1": "Q112529988", "Tereza Tykalov\u00e1": "Q55446339", "Patrizia Paradiso": "Q59167326", "Steffi Knorn": "Q104687288", "Veronika Tun\u00e1kov\u00e1": "Q95484010", "Leah D'Emilio": "Q6509177", "Veronika \u017di\u017ekov\u00e1": "Q95168247", "Tereza Pavlu": "Q92815179", "Kate\u0159ina Sulovsk\u00e1": "Q95396382", "Xiaoxiang Zhu": "Q44286938", "Idoia Ochoa": "Q84854157", "Ioana PREDA": "Q86512758", "Vladim\u00edra Petr\u00e1kov\u00e1": "Q87241204", "Iva Wiege": "Q112513143", "Jana Horv\u00e1thov\u00e1": "Q112521162", "Katar\u00edna Vit\u00e1li\u0161ov\u00e1": "Q112530028", "Barbora J\u00e1chymov\u00e1": "Q112544247", "Revathi Appali": "Q57745117", "Jitka Hrab\u00e1kov\u00e1": "Q117860964", "Marleen": "Q106247297", "Alena Dugov\u00e1": "Q95401882", "Katia C\u00e1nepa Vega": "Q28933240", "Sabela Ramos Garea": "Q100784152", "Eider S\u00e1nchez": "Q109783476", "Simona Vondr\u00e1\u010dkov\u00e1": "Q112343700", "Lucie Havelkov\u00e1": "Q112503356", "Luisa Helena Bartocci Liboni": "Q112537392", "Gisela Detrell": "Q123461338", "Suh-Yeon Dong": "Q123906918", "Atefeh Sebdani": "Q126209314", "Ladislava \u010cern\u00e1": "Q106984545", "Kl\u00e1ra Strej\u010dkov\u00e1": "Q112542358", "Laura Lacarra": "Q105475655", "Pelin Cizgin": "Q15839913", "Lucie Pokorn\u00e1": "Q112545479", "Nora Galparsoro Larraza": "Q12264899", "Sampriti Bhattacharyya": "Q59785093", "Krist\u00fdna \u010c\u00e1pov\u00e1": "Q90461183", "Dorota Brzezi\u0144ska": "Q92606108", "Dana Ko\u0148\u00e1kov\u00e1": "Q112343161", "Monika \u010c\u00e1chov\u00e1": "Q112521593", "\u7406\u79d1\u592a\u592a": "Q60994775", "Tereza Hanu\u0161ov\u00e1": "Q119724467", "Swenia Kalianko": "Q108711207", "Krist\u00fdna Kuhrov\u00e1": "Q95488069", "Triinu Tamm": "Q61109298", "Al\u017eb\u011bta Parcha\u0148sk\u00e1": "Q95084812", "Debora Yuri Kikkawa Caruso": "Q109780235", "Lenka Je\u0161onkov\u00e1": "Q95372120", "Solale Sadeghi": "Q117819494", "Jessie Anderson": "Q106725847", "Natalie Rohner": "Q84992684", "Lucy Linder": "Q87111627", "Elsa Jantet-Hidalgo": "Q109496483", "Pavla Vackov\u00e1": "Q112343702", "Kate\u0159ina Aubrechtov\u00e1 Dragounov\u00e1": "Q112344103", "Kirsten Weisner": "Q113836687", "Hana P\u00e1vkov\u00e1 M\u00e1lkov\u00e1": "Q112404981", "Petra V\u00e1\u0148ov\u00e1": "Q112531840", "Kl\u00e1ra Svobodov\u00e1": "Q112562127", "Dalia Carolina Ramos Guerra": "Q125800121", "Bethany Gerber": "Q4897744", "Eli\u0161ka Ko\u0148a\u0159\u00edkov\u00e1": "Q110498065", "Khadija El Kamouny": "Q99658775", "Camila Balbontin Tanhnuz": "Q87648573", "Fatima AlZahra'a Alatraktchi": "Q42791593", "Marinka \u017ditnik": "Q59753151", "Ad\u00e9la Palack\u00e1": "Q95154709", "Sharanya Ari": "Q89919978", "Krist\u00edna \u0160trbov\u00e1": "Q112543912", "Ksenia Potrapeliouk": "Q124806344", "Raquel Serrano Lled\u00f3": "Q105956467", "M\u00e1rj\u00e1-Liiss\u00e1 Partapuoli": "Q61962390", "Javiera Petersen": "Q111159195", "Karolina Jandov\u00e1": "Q107657899", "Mark\u00e9ta Bohat\u00e1": "Q112547025", "Mbu Waindim": "Q111564805", "Kate\u0159ina Jel\u00ednkov\u00e1": "Q120614988", "V\u011bra Kofr\u00e1nkov\u00e1": "Q112534195", "Ursula Joyce Merveilles Pettang Nana": "Q126708796", "Nieves Cubo Mateo": "Q88575563", "Vasilina Lapitskaya": "Q103824045", "Wendy Carolay Navarro Romo": "Q106889889", "Alliance Niyigena": "Q106942101", "Elisabeth Luengo": "Q123352107", "Anna Riedlov\u00e1": "Q116777605", "Lucie Basch": "Q64787768", "Renata Vazgauska Inacio": "Q109792846", "Juliana Hanusrichterov\u00e1": "Q112564795", "Kimly Do": "Q113671077", "Cesca Cuf\u00ed-Prat": "Q116931662", "Maria Isabel Bartolo Romero": "Q86632721", "Veronika Vr\u00e1bel Porte\u0161": "Q111838852", "Veronika Pourov\u00e1": "Q120608685", "Veronika Beskydiarov\u00e1": "Q114588595", "Elena Massai": "Q107353668", "Ariana Oru\u00e9": "Q127418576", "Ana Sofia Domingos": "Q88645490", "Amaia Iraundegi": "Q95565452", "Dagmar Z\u00e1drapov\u00e1": "Q112549255", "Dagmar Bendov\u00e1": "Q117086009", "Kate\u0159ina D\u011bck\u00e1": "Q116948806", "Nat\u00e1lia Cancela Moreira Leite": "Q109785643", "Lillian Katherine Alvarado Vilela": "Q82602470", "Jessica Olivares": "Q19361708", "Erlinda Janeth Bonilla Andrade": "Q117473158", "Manon Delarue": "Q117326151", "Ambar Zenteno": "Q116774920", "Sabina von Essen": "Q98399659", "Itziar Irakulis": "Q123507521", "Eva Perez-Pons": "Q96654197", "Lenka Kajgrov\u00e1": "Q115191899", "Kate\u0159ina Motejlov\u00e1": "Q112556628", "C\u00e9lia Perron": "Q105336062", "Agnieszka Tabernacka": "Q48844351", "Hanna Michalak": "Q48862105", "Iwona Grabarek": "Q48862687", "Elzbieta Rynska": "Q48862761", "Hanna Zakowska": "Q48864288", "Gra\u017cyna D\u0105browska-Milewska": "Q48866770", "Katy Deacon": "Q6378492", "Tamaki Ura": "Q11558314", "Anna Bogdan": "Q24428281", "Agnieszka Pusz": "Q24428680", "Monika Za\u0142\u0119ska-Radziwi\u0142\u0142": "Q24428870", "Jolanta Podedworna": "Q24428985", "Monika \u017bubrowska-Sudo\u0142": "Q24428995", "Sherine Sherzad": "Q25451390", "\u0644\u0646\u0627 \u0623\u0628\u0648 \u062d\u062c\u0644\u0629": "Q28716499", "Andrea Lewis": "Q4755154", "Becky Baltz": "Q4878801", "Elif Genceli": "Q6058999", "Janice Cruz": "Q6154226", "Larisa Migachyov": "Q6489447", "\u05d5\u05e8\u05d4 \u05d3\u05d5\u05db\u05e1": "Q7036857", "Jannette B. Frandsen": "Q14946843", "Lori Ann Cole": "Q17467415", "Giulia Fresca": "Q18811980", "\u05d0\u05d1\u05d9\u05d8\u05dc \u05e9\u05e8\u05d9\u05e4\u05d8": "Q20071669", "Mar Llamb\u00ed Morillas": "Q21786417", "Daniella Abreu": "Q22276696", "Suzana Kahn Ribeiro": "Q23892632", "Mi\u0142os\u0142awa Rutkowska": "Q24262501", "Aleksandra Bujakiewicz": "Q24262503", "\u0623\u0645\u0644 \u0627\u0644\u063a\u0627\u0641\u0631\u064a": "Q25454638", "Nicole Cholewka": "Q26821274", "Barbara Rymsza": "Q28671910", "Regine Ortlepp": "Q28955540", "Camilla Birgitte Falk Jensen": "Q29688695", "Raquel Trillo Lado": "Q38477347", "Immaculate Bugingo": "Q42314061", "Marie-Joseph Malliavin": "Q44851961", "Sandrina A. Heleno": "Q45930421", "\u00darsula Gonzales Barr\u00f3n": "Q45974050", "Lena G\u00e1lvez": "Q46504442", "Cecilia Stoltze": "Q47495634", "Laurence M\u00e9gard": "Q47815237", "Ana Cecilia Saavedra": "Q47830371", "Carolyn L Ren": "Q48050915", "Naomi Kurahara": "Q48757286", "Jadwiga Roguska": "Q48850453", "Kati Souminen": "Q49180277", "Lucie Kramperov\u00e1": "Q50335107", "Teresa A Vidal-Calleja": "Q51710434", "Fanny Yang": "Q56230847", "Norma Mujica": "Q56332100", "Valentina Vitiello": "Q56406799", "Eur\u00eddice Honorio Coronado": "Q56452971", "Laura Savoldi": "Q56480617", "Lastenia Ruiz Mes\u00eda": "Q56524957", "Milada Williams": "Q56682015", "Linda Maynard": "Q56682016", "Dawn Fitt": "Q56682037", "Jackie Longworth": "Q56682038", "Carol Marsh": "Q56682042", "Grazyna Whapshott": "Q56682070", "Pam Wain": "Q56682075", "Hilda Blount": "Q56682288", "Elena Navarro": "Q56935825", "Giovanna Guidoboni": "Q57056438", "Teresa Puig": "Q57079429", "Cindy Ballardo": "Q57089317", "Marcela Quispe Cruz": "Q57305645", "Patricia Luis": "Q57401850", "Luz Sussy Bayona": "Q57412778", "Ana Maria A. C. Rocha": "Q57413968", "Barbara M. Alexander": "Q57545606", "Nor Rae Spohn": "Q57652928", "Been-Jon Woo": "Q57652951", "Afreen Siddiqi": "Q57907182", "Maria Greco": "Q57909812", "Ada Amendola": "Q58204307", "Adela Frankova": "Q58210669", "Mar\u00eda Quintana": "Q58231709", "Eva Kassens-Noor": "Q58317034", "M\u00f3nica Arakaki": "Q58371642", "Layla Hirsh": "Q58657885", "Karla Luc\u00eda Alvarez Fern\u00e1ndez": "Q58850772", "Ana Aguiar": "Q59093629", "Sumita Roy Dutta": "Q59098984", "Manuela Vieira": "Q59282935", "Mary Barreto": "Q59590538", "Suyeon Kim": "Q59600019", "Miina Sikk": "Q59693771", "Zdenka Fingrova": "Q59698133", "Laura Paccini": "Q59842436", "Ilenia  Farina": "Q60148955", "Jennifer T. Bernhard": "Q60197650", "Carla Sofia Pereira": "Q60662909", "Mireia Las Heras": "Q60831862", "Chika Kako": "Q60998771", "Nadia Aya": "Q60999908", "Katie J Parnell": "Q61161197", "Anna Biedunkiewicz": "Q61698645", "Tanya Vladimirova": "Q61703711", "Marguerite Leblanc": "Q61780676", "Michela Le Pira": "Q61824607", "Meme Kagga": "Q61950860", "Yudith Cardinale": "Q62036696", "Sylvie Lemieux": "Q62576724", "Anne Tennier": "Q62930574", "Svetlana Litvin": "Q62941250", "Mary Poppendieck": "Q63457470", "Elisa Salas": "Q63512579", "Gail Marcus": "Q63667329", "Eva A Enns": "Q63685101", "Swati Vauthrin": "Q63711197", "Monika Seeh": "Q63859859", "Nerea Alzola \u00c1lvarez": "Q63946620", "Ann-Marie Vollstedt": "Q64578169", "Jean Rintoul": "Q64810790", "Fran\u00e7oise Berthoud": "Q64821647", "Olga Lock": "Q64964049", "Vanessa Schweizer": "Q65095551", "Mei Chia": "Q66005034", "Jane Egerton-Idehen": "Q66317393", "Alenka Pavko-\u010cuden": "Q66371186", "Sherri Holliefield": "Q66762351", "Odile Gauthier": "Q66811192", "Silvia Rucks": "Q67392030", "Jana B. Milford": "Q68231383", "Lila Tachtsi": "Q69359634", "Fiona Rayment": "Q69360481", "Ida Chiara Guerrera": "Q70202926", "Lindsay Aitchison": "Q70371654", "Lisanne Bainbridge": "Q70409998", "Hitomi Yanaka": "Q70450590", "Mar\u00eda Monica Giusti": "Q73160164", "Ariane Locat": "Q73773097", "Nadia Tawbi": "Q73789079", "Rosana Chirinos": "Q73825110", "Jane Butler": "Q74071639", "Mar\u00eda Elena Darahuge": "Q75135888", "Neus Catala Roig": "Q77861237", "Rosario Margarita Pastor Zegarra": "Q77862470", "Dalila Boudjema\u00e2": "Q79351422", "Liliana Mar\u00eda Arag\u00f3n Caballero": "Q79685010", "Indira Betalleluz": "Q80248803", "Vera Susanne Rotter": "Q81066967", "Samantha Bail": "Q81296304", "Alys Brett": "Q81299172", "Minna Santaoja": "Q81453716", "Barbara \u017barowska": "Q81727612", "Yen Nee Tan": "Q83114765", "Isabel L Nunes": "Q83406296", "Tara Cavalline": "Q83497328", "Loreto Valenzuela": "Q83519185", "Matilde D'Arrigo": "Q84152425", "Tanja Kneiske": "Q84156491", "Marie-Odile Lebeaux": "Q84319858", "Ana Aguilar G\u00e1lvez": "Q84940414", "Kaori Shigetomi": "Q85883210", "Solange Rosa Paredes Moscosso": "Q85917952", "Ursula Fabiola Rodr\u00edguez Z\u00fa\u00f1iga": "Q86020106", "Marianna Hund\u00e1kov\u00e1": "Q86028676", "Jenny Zenobio": "Q86168021", "Mery Yovana Rend\u00f3n": "Q86688147", "Deborah A Penchoff": "Q86756325", "Rosa Ang\u00e9lica S\u00e1nchez D\u00edaz": "Q87067583", "Guadalupe Chaquilla Quilca": "Q87197679", "Carmen Velezmoro": "Q87355842", "M\u00f3nica G\u00f3mez": "Q87705464", "Tony Vizcarra Bentos": "Q87838873", "Alicia Magaly Le\u00f3n": "Q87898435", "Melina Mary Cruzado Bravo": "Q87958547", "Meliza Lindsay Rojas": "Q87967754", "Fabiola Olivares": "Q88006638", "Luz G\u00f3mez Pando": "Q88168633", "Jeaneth Machicao": "Q88225488", "Sandra Klinge": "Q88314918", "Sahar Tahvili": "Q88428577", "Isabel Quispe": "Q88573523", "Valentina Orsenigo": "Q88574173", "Noem\u00ed Le\u00f3n Roque": "Q88605770", "Olga Rac-Rumijowska": "Q88673864", "Johanna Martins Luna": "Q88730568", "Erika Callagon La Plante": "Q88778778", "Sabrina Casucci": "Q88814388", "Clara Espinoza Silva": "Q88887090", "Angela Mayhua": "Q88901089", "Beata Bia\u0142obrzeska": "Q88940598", "Deborah Fels": "Q89286946", "L. Debora Contreras-Pulido": "Q89501228", "Virginia Linares Otoya": "Q89613188", "Kathleen Stevenson": "Q89785112", "Urszula Smyczy\u0144ska": "Q89849016", "Ada Patricia Bartur\u00e9n Quispe": "Q89978500", "Jani Mendoza Merino": "Q90354464", "Sylwia Myszograj": "Q90461728", "Doris Maritza Chirinos Peinado": "Q90485789", "Roc\u00edo Joo": "Q90514712", "Daniela Ota Hisayasu Suzuki": "Q90600525", "Jhoseline Stayce Guill\u00e9n S\u00e1nchez": "Q90824283", "Karina Arias Calluari": "Q90961152", "Ximena Tagle Casap\u00eda": "Q91261928", "Myrtede Alfred": "Q91271791", "Mar\u00eda del Carmen Romero Ternero": "Q91341183", "Carmen Milagros Sinche Ambrosio": "Q91496705", "Claudia S\u00e1nchez Robinet": "Q91593279", "Haruna Luz Barazorda Ccahuana": "Q91885726", "Aleksandra Wi\u015bniewska": "Q92284147", "Jennica L. Bellanca": "Q92587905", "Agnieszka Szczotok": "Q92661359", "Misuzu Asari": "Q92689040", "Carla Palomino Durand": "Q92937563", "Katarzyna Tajs-Zieli\u0144ska": "Q93005350", "Tatiana Houndjo": "Q93736498", "Catherine Lavier": "Q95384188", "Jennifer Vanessa Mej\u00eda Lara": "Q95602944", "Simone Sch\u00fcllner": "Q95657117", "Elizabeth Villota": "Q95967328", "Caterina Rizzi": "Q95971434", "Teresa L. Barone": "Q96026598", "Julieta Cabrera": "Q96038501", "Roc\u00edo Maehara": "Q96047209", "\u0160t\u011bp\u00e1nka \u0160vecov\u00e1": "Q96069268", "Elizabeth Huanatico": "Q96157095", "Natalia Vargas Cuentas": "Q96203749", "Fanny Emma Ludena Urquizo": "Q96244099", "Montserrat Soler i Prat": "Q96278531", "Elizabeth Pait\u00e1n Anticona": "Q96290359", "Alejandrina Sotelo M\u00e9ndez": "Q96290361", "Nataly Bernuy Osorio": "Q96290362", "Susana Sierra": "Q96619084", "Elsa Carrera Cabrera": "Q96624668", "LaTunia Pack-Melton": "Q96625550", "Zuzanna Magdziak": "Q96762222", "Joanna Kawa-Rygielska": "Q97174883", "Agnieszka Kita": "Q97176029", "Anna Jarosiewicz": "Q97181337", "Katarzyna Szo\u0142tysek": "Q97183886", "Anna Cierniak-Emerych": "Q97184682", "Hanna Pi\u0144kowska": "Q97184904", "Jadwiga Lorenc": "Q97184933", "Ma\u0142gorzata Gableta": "Q97185283", "Irena Nied\u017awiecka-Filipiak": "Q97278090", "Danuta Majewska": "Q97371886", "Janina Klemens": "Q98216064", "Blanka Podle\u0161\u00e1kov\u00e1": "Q98793191", "Yamilka Isabel Baez-Rivera": "Q99529043", "Renate Mayer": "Q99580421", "P Nowicka": "Q100418746", "Betty Karina Guzm\u00e1n Valqui": "Q100510715", "Grethel Teresa Choque Delgado": "Q100516816", "Katia Dracouli": "Q100587791", "Evelyn Guti\u00e9rrez": "Q100951419", "Ana Jim\u00e9nez Mart\u00edn": "Q100999231", "Liza Dixon": "Q101016403", "Annie Victoria Saylor": "Q102155050", "Hiromi \u014chashi": "Q102248370", "Elisa Ferrari": "Q102306607", "Syrine Tlili": "Q102354213", "Eleftheria Kavoussanaki": "Q102406067", "Daniela Danciu": "Q102492387", "Sara S\u00e9guin": "Q102502077", "Yamilet Rosario Serrano Llerena": "Q102979131", "Aldona Garbacz-Klempka": "Q104131619", "Viera Markova": "Q104376948", "Fatemah Alzelzela": "Q104425366", "Natalia Costas Lago": "Q104439659", "Luz Esmeralda Rom\u00e1n": "Q104469609", "Caroline Frenette": "Q104518762", "Cecilia S\u00e1nchez Guill\u00e9n": "Q104795163", "Maria C\u00e2ndida Vaz": "Q105482374", "Grace Copplestone": "Q105516609", "Marta Skiba": "Q105702502", "Beata Nowogo\u0144ska": "Q105714411", "Lynn": "Q105741151", "\u0418\u0434\u0435\u043b\u0438\u044f \u041c\u0443\u043a\u0430\u0434\u044f\u0441\u043e\u0432\u043d\u0430 \u0410\u0439\u0437\u044f\u0442\u0443\u043b\u043e\u0432\u0430": "Q106085294", "\u042d\u043b\u044c\u0432\u0438\u0440\u0430 \u042e\u0441\u0443\u043f\u043e\u0432\u043d\u0430 \u0411\u0430\u0442\u0434\u0430\u043b\u043e\u0432\u0430": "Q106223466", "\u0422\u0430\u0442\u044c\u044f\u043d\u0430 \u041d\u0438\u043a\u043e\u043b\u0430\u0435\u0432\u043d\u0430 \u0411\u0443\u0431\u043d\u043e\u0432\u0430": "Q106571469", "Kate Tice": "Q106725879", "Ansel K. Anderson": "Q106826975", "Claire-Marie Boggiano": "Q106984505", "Marie Nehasilov\u00e1": "Q106984770", "Hana Malachov\u00e1": "Q106984857", "Marie B\u0159e\u0148ov\u00e1": "Q106985474", "Ying Zhang": "Q107309088", "Ana Cristina Sim\u00f5es": "Q107355954", "Beatriz Brito Oliveira": "Q107356029", "Ni Zhen": "Q107376594", "\u0412\u0435\u0440\u0430 \u0410\u043d\u0430\u0442\u043e\u043b\u044c\u0435\u0432\u043d\u0430 \u041a\u043e\u0441\u0442\u044f\u0433\u0438\u043d\u0430": "Q108107365", "\u0410\u043d\u0442\u043e\u043d\u0438\u043d\u0430 \u0412\u0430\u0441\u0438\u043b\u044c\u0435\u0432\u043d\u0430 \u041a\u043e\u0442\u0435\u043b\u044c\u043d\u0438\u043a\u043e\u0432\u0430": "Q108107421", "Mar\u00eda Sun Kou": "Q108128580", "\u0418\u0440\u0438\u043d\u0430 \u0412\u0430\u0434\u0438\u043c\u043e\u0432\u043d\u0430 \u041b\u0430\u043f\u0448\u0438\u043d\u0430": "Q108155695", "Laura Cuevas Bulnes": "Q108330620", "Azarmidokht Arjangi": "Q108558770", "Rosemary Barnes": "Q108607582", "Benita Husband": "Q108840238", "Sarra Za\u00e2frani": "Q108892374", "Fey Yamina Silva Vidal": "Q108902122", "Esther Kaletzky": "Q108910784", "Silke K\u00f6hler (Ingenieurwissenschaftlerin)": "Q108937813", "Kylie Sproston": "Q109754318", "Olga Neumyvakina": "Q109852552", "Valeria Di Biase": "Q109991352", "\u042e\u043b\u0438\u044f \u0412\u043b\u0430\u0434\u0438\u043c\u0438\u0440\u043e\u0432\u043d\u0430 \u041f\u0435\u0442\u0440\u043e\u0432\u0430": "Q110065403", "\u0415\u0432\u0433\u0435\u043d\u0438\u044f \u0413\u0435\u0440\u043c\u0430\u043d\u043e\u0432\u043d\u0430 \u041f\u043b\u043e\u0442\u043d\u0438\u043a\u043e\u0432\u0430": "Q110068537", "\u0410\u043d\u043d\u0430 \u041d\u0438\u043a\u043e\u043b\u0430\u0435\u0432\u043d\u0430 \u041f\u0443\u0442\u044f\u0442\u0438\u043d\u0430": "Q110126983", "Maryam Ahmed Al-Bishri": "Q110492811", "Sonia Lambarri": "Q110765432", "Silvana Flores": "Q110870836", "Mariella Z. Si\u00f1a": "Q110877292", "Rahantavololona Andriamanjato": "Q110899716", "Edith F. Farkas": "Q110946721", "Isabel Gonz\u00e1lez": "Q110955596", "Anne Debr\u00e9geas": "Q111046804", "Theresa Nyabeze": "Q111136212", "Laura M\u00f3nica Vargas": "Q111190878", "Silva  Roncelli-Vaupot": "Q111232853", "Vesna  \u017depi\u010d Bogataj": "Q111232862", "Anbita Nadine Siregar": "Q111343478", "Liberata Guadagno": "Q111414422", "Arlyne Simon": "Q111430862", "Annalisa Apicella": "Q111448712", "Sawako Utsumi": "Q111494315", "Ann Montgomery": "Q111524278", "LaKeeva Gunderson": "Q111524295", "Tayseer Abu Al-Nasr": "Q111552280", "Menna Samir": "Q111560973", "Veliswa Boya": "Q111563382", "Itziar Zubia": "Q111692476", "\u041e\u043b\u044c\u0433\u0430 \u0421\u0442\u0435\u043b\u044c\u043c\u0430\u0448\u0435\u043d\u043a\u043e": "Q111728429", "Brigitte Houssou": "Q111729343", "Elena Armas": "Q111815069", "\u0410\u043b\u0451\u043d\u0430 \u0412\u043b\u0430\u0434\u0438\u0441\u043b\u0430\u0432\u043e\u0432\u043d\u0430 \u0428\u0432\u0435\u0434\u0447\u0438\u043a\u043e\u0432\u0430": "Q111820657", "\u0418\u0440\u0438\u043d\u0430 \u041c\u0430\u043a\u0441\u0438\u043c\u043e\u0432\u043d\u0430 \u0428\u0435\u0433\u0430\u043b\u044c": "Q111828983", "Emilie Lerigoleur": "Q112073644", "Federica Amato": "Q112151646", "Angela Di Leo": "Q112206763", "Faize Fatma Shevket": "Q112230712", "Maria Rosaria Della Rocca": "Q112305447", "Barbara B\u0142a\u017cejczyk-Okolewska": "Q112573619", "Marianela Ripani": "Q112603272", "Ewa Tuliszka-Sznitko": "Q112604951", "Giuseppa Matarazzo": "Q112626315", "Anna Sanseverino": "Q112707191", "Zofia \u015amia\u0142owska-Uberman": "Q112747048", "Stefania Stachura": "Q112764854", "Krystyna Kostyrko": "Q112842954", "Norah Magero": "Q113076126", "Bonnie Prado Pino": "Q113255793", "Annick Hubin": "Q113362315", "Christiane Malcorps": "Q113362580", "Rita Streblow": "Q113438859", "Danielle Ngo": "Q113517914", "Itohan Esther Aigwi": "Q113656580", "Verena Pfeiffer-Kloss": "Q113741748", "Adriana Bara": "Q113751680", "Gerlinde Gutheil-Knopp-Kirchwald": "Q113760204", "Maria Julia Prats Moreno": "Q113776352", "Rita Gralow": "Q113783538", "Elisabeth Beusker": "Q113786754", "Sarah Payer": "Q113807651", "Ricarda P\u00e4tzold": "Q113828474", "Karina de D\u00e9a Roglio": "Q113843925", "Judith Sykes": "Q114083606", "Diane Giorgis": "Q114420652", "Genora Joseph": "Q114455586", "Alicia Medina": "Q114713720", "Nikki Newham": "Q114901359", "Collette Pierce Burnette": "Q114986723", "Marion M\u00fcller-Roth": "Q115243115", "Monica Gherardelli": "Q115474948", "Fadimatou Iyawa Ousmanou": "Q115482853", "Joanna Sok\u00f3\u0142-Supel": "Q115486200", "Jadwiga Chudoba": "Q115486502", "Iwona Romanowska-S\u0142omka": "Q115497304", "Cornelia Weltzien": "Q115555551", "Marta Moczko": "Q115563539", "Ekotto Minkouna Andr\u00e9e Caroline": "Q115605945", "Paule Avomo  Assoumou": "Q115607742", "Carolyn Thomas": "Q115620471", "Ines del Tetto": "Q115693212", "Jihong Wang": "Q115694607", "Jolanta Bartylak-Czarniecka": "Q115766678", "Halina Albingier-Kostrzewa": "Q115768825", "Camilla Anghileri Regalia": "Q115789165", "Kledja Canaj": "Q115790304", "Gra\u017cyna Gortat": "Q115854947", "Aniela Go\u0142\u0105bek": "Q115902480", "\u0141ucja P\u0119ciak": "Q115903002", "Janina Fleszar": "Q115920798", "Anna G\u00f3recka-Drzazga": "Q115920801", "Maria J\u0119drusik": "Q115920941", "Krystyna Soba\u0144ska-G\u00f3rska": "Q115929299", "Zofia Liszto\u0144-Ga\u0142a": "Q115942575", "Irena Barycka": "Q115974474", "Barbara Szulc-Piwowarska": "Q116037834", "Hua Zhi": "Q116051965", "Bo\u017cena Kie\u0142tyka-Zaj\u0105c": "Q116130130", "Anna S\u0142awianowska": "Q116133926", "Ada Jakubowska": "Q116420311", "N\u00e4shi'ah Bint S'aud Bin Mohammad Al-Khuru\u015fi": "Q116695784", "Cecilia Torres Quiroz": "Q117001289", "Ruth Manzanares": "Q117001333", "Aleksandra Kawecka-Endler": "Q117102504", "Alina Starczewska-Materniak": "Q117104286", "Elena Francesca Gallone": "Q117321123", "Elena Pedrotti": "Q117378827", "Zara Malloum": "Q117457232", "Hiram Samuel Iyodi": "Q117469266", "Anna Krzymie\u0144": "Q117748203", "Anna Bie\u0144": "Q117754028", "Marzena Wilamowska-Korsak": "Q117754858", "Marianna Glenszczyk": "Q117807888", "Jean Gough": "Q117813701", "Daphne Guillot": "Q118114725", "Anna P\u0119ksa": "Q118120490", "Aleksandra Ko\u0142odziejczyk": "Q118125848", "Anna So\u015bnierz-Ogrodzi\u0144ska": "Q118129495", "Magdalena Strzy\u017cewska": "Q118180066", "Ma\u0142gorzata Skibska-Zieli\u0144ska": "Q118180912", "Maria Zo\u0142otajkin": "Q118220862", "Ma\u0142gorzata Robakiewicz": "Q118237137", "Barbara Jankowska": "Q118255541", "Maria Zachariasiewicz-Wo\u017aniak": "Q118270959", "Gra\u017cyna Redlich": "Q118275403", "Meriem Amiar": "Q118368252", "Heidi de la Cruz": "Q118391178", "Gra\u017cyna K\u0119dziora": "Q118442217", "Gra\u017cyna Zi\u0119tek": "Q118512671", "Elisa De Bernardinis": "Q118523856", "Wiera Dziech": "Q118645038", "Mariam Alzarouni": "Q118712740", "R\u00f3\u017ca Sieniawska": "Q118843959", "Barbara Pospolita": "Q118979288", "Shahna Muhammad Haneef": "Q118986069", "Stanis\u0142awa Plichta": "Q118993765", "Jolanta Tymi\u0144ska-Ba\u0142aj": "Q118993783", "El\u017cbieta Mi\u0142osz": "Q119018651", "Maria Ferrua": "Q119026413", "Czes\u0142awa Wojtowicz": "Q119062760", "Halina Klimczyk": "Q119083080", "Barbara Szec\u00f3wka-Wi\u015bniewska": "Q119083234", "Sarah Jardine": "Q119220572", "El\u017cbieta Kotkowska": "Q119292063", "Philippa Ayton": "Q119816073", "Petra Godwin": "Q119816561", "Hadar Averbuch-Elor": "Q119948135", "Ewa Zalewska-Paciorek": "Q120205216", "Karina Pohlov\u00e1": "Q120582587", "Jana \u0160imanov\u00e1": "Q120583255", "Mark\u00e9ta Kruntor\u00e1dov\u00e1": "Q120583392", "Magdalena Jansov\u00e1": "Q120595462", "Dagmar V\u00e1vrov\u00e1": "Q120595582", "Vladislava N\u00e1varov\u00e1": "Q120596037", "Radmila Varmu\u017eov\u00e1": "Q120596222", "Danu\u0161e Marusi\u010dov\u00e1": "Q120596226", "Helena Lincov\u00e1": "Q120596252", "Marie Al\u017eb\u011bta Vop\u00e1lensk\u00e1": "Q120596272", "Pavla Kalousov\u00e1": "Q120596361", "Lenka Tom\u00e1\u0161kov\u00e1": "Q120596698", "Amparo Rosero": "Q120596704", "Michaela Drosten": "Q120597050", "Silvie Kozlovsk\u00e1": "Q120597068", "Lucia Knap\u010d\u00edkov\u00e1": "Q120600417", "Barbora Strnadlov\u00e1": "Q120600555", "Lucie Vy\u0161\u00ednov\u00e1": "Q120600912", "Kate\u0159ina \u017ditn\u00edkov\u00e1": "Q120601389", "Al\u017eb\u011bta Kohoutkov\u00e1": "Q120601522", "Magdal\u00e9na \u0160efflov\u00e1": "Q120601525", "Jana Maxov\u00e1": "Q120601868", "Lucie Pt\u00e1\u010dn\u00edkov\u00e1": "Q120601873", "Viera Horv\u00e1thov\u00e1": "Q120601881", "Veronika Van\u011b\u010dkov\u00e1": "Q120602614", "Karin Gajdov\u00e1": "Q120602973", "Eva Jel\u00ednkov\u00e1": "Q120603022", "Alla D. Val\u2018ko": "Q120603112", "Alena Skoumalov\u00e1": "Q120603236", "Jitka Sikorov\u00e1": "Q120603237", "Jana Ko\u0161\u0165\u00e1lov\u00e1": "Q120603396", "Petra Caltov\u00e1": "Q120603561", "Olga Skru\u017en\u00e1": "Q120603763", "Tanja Cappell": "Q120604242", "Kate\u0159ina Kr\u016ftov\u00e1": "Q120604289", "Lenka Fejtov\u00e1": "Q120604407", "Jana \u0160enkapoulov\u00e1": "Q120604737", "Ivana Zokov\u00e1": "Q120605369", "Petra Chmielov\u00e1": "Q120605389", "Jana V\u00e1\u0148ov\u00e1": "Q120606914", "Aslihan Kartci": "Q120607512", "Lucie Novotn\u00e1": "Q120608080", "Jana Rycht\u00e1\u0159ov\u00e1": "Q120608225", "Mark\u00e9ta Ot\u00fdpkov\u00e1": "Q120609083", "Miriam Sekelov\u00e1": "Q120609257", "Ivana Sedl\u00e1\u010dkov\u00e1": "Q120609387", "Jana P\u011bknicov\u00e1": "Q120611695", "Kate\u0159ina Kova\u0159\u00ed\u010dkov\u00e1": "Q120611859", "Karla Sladk\u00e1": "Q120612343", "Johana Vardarman": "Q120612410", "Martina Kadlecov\u00e1": "Q120612411", "Ewa G\u0142odek-Bucyk": "Q120613021", "Anna Wolf": "Q120613111", "Jind\u0159i\u0161ka Schmockov\u00e1": "Q120613222", "V\u011bra Hus\u00e1kov\u00e1": "Q120613240", "V\u00e1clava Antu\u0161kov\u00e1": "Q120613643", "Milena Forejtn\u00edkov\u00e1": "Q120613717", "Petra Peroutkov\u00e1": "Q120614415", "Lenka Nov\u00e1kov\u00e1": "Q120614745", "Kl\u00e1ra Du\u0161kov\u00e1": "Q120614761", "Kl\u00e1ra Sch\u00e1\u0148kov\u00e1": "Q120614805", "Michaela Let\u00e1": "Q120614923", "Lenka Fr\u00fdbortov\u00e1": "Q120615219", "Ortrud Grieb": "Q120615388", "Zuzana Caspers": "Q120615738", "Julie Mokr\u00e1": "Q120615793", "Veronika \u0160olcov\u00e1": "Q120615906", "Re\u0161oket\u0161we Manenzhe": "Q120616023", "Ute Schneider-Ritter": "Q120616230", "Petra Cibulkov\u00e1": "Q120616294", "Iva Brejzov\u00e1": "Q120617049", "Ad\u00e9la Dokoupilov\u00e1": "Q120629312", "Eylem Kaya": "Q121048951", "Jolanta Brzostek-Paw\u0142owska": "Q121070636", "Ewa Kotarbi\u0144ska-Andrzejczyk": "Q121093989", "Ma\u0142gorzata Leszczy\u0144ska-Doma\u0144ska": "Q121433081", "Gra\u017cyna \u0141ypacewicz": "Q121854745", "Irena Wagner": "Q121878951", "Barbara Tora": "Q122152930", "Kair Lippiatt": "Q122173166", "Miros\u0142awa Przybylska": "Q122308169", "Zofia Jastrz\u0119bska-Figas": "Q122335361", "Janina Lisiecka-Fr\u0105szczak": "Q122356229", "Tatiana \u0141ukianowicz": "Q122751867", "Alina J\u00f3\u017awikowska": "Q122816542", "Jana Ba\u017eantov\u00e1": "Q122818659", "Bo\u017cena Witkowska": "Q122958636", "Teresa Filip": "Q122958740", "Dorota Rabczuk": "Q122963225", "El\u017cbieta Krajewska-Bi\u0144czyk": "Q122978747", "El\u017cbieta Mendrela": "Q122978768", "Halina Kubiak": "Q122978775", "Marlena Rajczyk": "Q122978797", "Fernanda Ren\u00e9e Samuel": "Q123116084", "Flor de Mar\u00eda Harp Iturribarr\u00eda": "Q123123277", "Rosa Elena Yaya Beas": "Q123140173", "Marianela Sonia Inga Guevara": "Q123140175", "Amelia Wite Huaringa Joaquin": "Q123142383", "Gloria Jes\u00fas Pascual Chagman": "Q123142384", "Nora Bertha La Serna Palomino": "Q123142389", "Beatriz Elena Angeles Escobar": "Q123142836", "Ericka Patricia Madrid Ruiz": "Q123143749", "Celeste Wong": "Q123145592", "Carmencita Del Roc\u00edo Lavado Meza": "Q123160103", "Danny Pamela Tupayachy Quispe": "Q123170332", "Mar\u00eda Isabel Humbelina Manta Nolasco": "Q123170333", "Beatriz Sales D\u00e1vila": "Q123177640", "Amalia Del Pilar Gallegos C\u00e1rdenas": "Q123177916", "Carolina Esther Cedano Saavedra": "Q123177919", "Milagros Teresa Franco Mel\u00e9ndez": "Q123178475", "Dora Enith Garc\u00eda De Sotero": "Q123187083", "Elizabeth Silvestre Espinoza": "Q123187090", "Zoila Aurora Cruz Burga": "Q123190686", "Mirtha Patricia Mart\u00ednez Tapia": "Q123190691", "Mar\u00eda Cristina Miglio Toledo": "Q123195019", "Jessie Marina Vargas C\u00e1rdenas": "Q123195021", "Ana Bozena Sabogal Dunin Borkowski": "Q123196614", "Maritza Elizabeth Barriga S\u00e1nchez": "Q123197011", "Norma N\u00e9lida Gamarra Mendoza": "Q123197016", "Rosa Sumactika Delgadillo \u00c1vila": "Q123198261", "Dagnith Liz Bejarano Luj\u00e1n": "Q123198372", "Lili Jannet Carrera Santos": "Q123198374", "Ana Elena Gonz\u00e1lez La Rosa": "Q123199003", "Mar\u00eda Carolina Uzc\u00e1tegui": "Q123239441", "Sandra Elizabeth Pagador Flores": "Q123345510", "Carmen Rosa Rojas Padilla": "Q123345602", "Rosa Virginia Encinas Quille": "Q123476327", "Danuta Kwiatkowska": "Q123518833", "Anna Pocica": "Q123597740", "Anna Doniec-Rutkowska": "Q123597753", "Anna Kumaniecka": "Q123597795", "Halina Garbali\u0144ska": "Q123651959", "Lisveth Vilma Flores del Pino": "Q123671648", "Betsab\u00e9 Le\u00f3n Ttacca": "Q123682562", "Antonina Barbara Sima": "Q123965721", "El\u017cbieta Katarzyna Roszkowska": "Q124001740", "Ewa El\u017cbieta Wachowicz": "Q124001783", "Joanna Marzanna Jankowska-Sandberg": "Q124001791", "Mar\u00eda Elena Le\u00f3n Marrou": "Q124003261", "Gabriela Del Carmen Barraza Jauregui": "Q124003263", "Zara Emperatriz Le\u00f3n Gallardo": "Q124003268", "Jenny Del Carmen Vald\u00e9z Arana": "Q124020892", "Lia Ramos Fern\u00e1ndez": "Q124020901", "Mar\u00eda Ver\u00f3nica Carranza Oropeza": "Q124020908", "Beatriz Alma Hatta Sakoda": "Q124020909", "Bettit Karim Salv\u00e1 Ruiz": "Q124020911", "Regina Paola Ticona Herrera": "Q124020914", "Teresa Olinda Vel\u00e1squez Bejarano": "Q124020915", "Orfelinda Avalo Cortez": "Q124020916", "Gloria Teresita Huaman\u00ed Huaman\u00ed": "Q124020917", "Mar\u00eda Mercedes Vargas Vilca": "Q124020924", "Guadalupe Ram\u00edrez Reyes": "Q124031222", "Nerida Del Carmen Pastrana D\u00edaz": "Q124031223", "Juana Sandivar Rosas": "Q124031231", "Flor Cagniy C\u00e1rdenas Mari\u00f1o": "Q124031234", "Patricia Raquel Castillo Aranibar": "Q124031240", "Yessica Bendez\u00fa Roca": "Q124031241", "Karin Mar\u00eda Paucar Cuba": "Q124031247", "Martha Iba\u00f1ez Tremolada": "Q124031251", "Raquel Esperanza Pati\u00f1o Escarcina": "Q124031252", "Eliana Gabriela Contreras L\u00f3pez": "Q124031256", "Isabel Del Rosario Chiy\u00f3n Carrasco": "Q124031259", "Eliana Jara Morante": "Q124031269", "Juana Consuelo Aliaga Camarena": "Q124031271", "Elza Berta Aguirre Vargas": "Q124031277", "Rajika Jayaratne": "Q124032264", "Ulrike Gawlik": "Q124032383", "Annie Renard": "Q124035267", "Niria Marleny Go\u00f1i \u00c1vila": "Q124039771", "Karina Rosas Paredes": "Q124039775", "Ana Victoria Torre Carrillo": "Q124039779", "Mery Cecilia G\u00f3mez Marroqu\u00edn": "Q124039781", "Mercedes Puca Pacheco": "Q124039785", "Karla Fiorella D\u00edaz Rodr\u00edguez": "Q124039791", "Gaby Patricia Ruiz Petrozzi": "Q124039796", "Luz Genara Casta\u00f1eda P\u00e9rez": "Q124039798", "Graciela Lecireth Meza Lov\u00f3n": "Q124039799", "Bertha Susana Vegas Chiy\u00f3n": "Q124039804", "Sidanelia Flores Silva": "Q124039805", "Isabel Moromi Nakata": "Q124039808", "Eulalia Jurado Falconi de Trujillo": "Q124039812", "Estela De La Gracia Assureira Espinoza": "Q124039824", "Lady Laura Tuisima Coral": "Q124039827", "Julia Viviana Horna Rodr\u00edguez de Zimmermann": "Q124039829", "Nadia Masaya Panduro Tenazoa": "Q124039834", "Iris Violeta Dom\u00ednguez Talavera": "Q124039843", "Alison Subiantoro": "Q124047543", "Ilse Silvia Cayo Colca": "Q124052991", "Evelyn Edith Guti\u00e9rrez Oppe": "Q124052998", "Grinia Jes\u00fas Avalos Rold\u00e1n": "Q124053010", "Yessenia Deysi Yari Ramos": "Q124053012", "Norma Birginia Le\u00f3n Lescano": "Q124053014", "Tania Elizabeth Guerrero Vejarano": "Q124053015", "Lucy Angela Delgado Barra": "Q124053017", "Liz Margarita Monta\u00f1ez Huam\u00e1n": "Q124053018", "Karla Mariel Fern\u00e1ndez Fabi\u00e1n": "Q124053023", "Patricia Isabel Gibu Yague": "Q124053026", "Jenny Taira Higa": "Q124053028", "Eulalia Vargas Tapia": "Q124053034", "Gretta Larisa Aurora Arce Ferrufino": "Q124053035", "Rosa Nancy Matos Reyes de Vallejos": "Q124053037", "Katherine Yuliana Saavedra Olivos": "Q124053051", "Delia Palmira Gamarra Gamarra": "Q124053054", "Julia Desire V\u00e1squez Angulo": "Q124053059", "Medali Heidi Huarhua Zaquinaula": "Q124053060", "Roc\u00edo Mar\u00eda Tamayo Calder\u00f3n": "Q124059508", "Denisse Yessica Mu\u00f1ante Arzapalo": "Q124059509", "Enedia Graciela Vieyra Pe\u00f1a": "Q124059510", "Suani Giovanna Pacheco Marino": "Q124059511", "Claudia Carolina Le\u00f3n Chavarri": "Q124059512", "Lisania Melisa Fern\u00e1ndez Curi": "Q124059513", "Lourdes Margarita Claver Guti\u00e9rrez Aliaga": "Q124059514", "M\u00f3nica Gladys Ramos Escudero": "Q124059517", "Aurea Rossy Soriano Vargas": "Q124059518", "Silvia Pilco Quesada": "Q124059523", "Ang\u00e9lica Mar\u00eda Castro Fuentes": "Q124059524", "Liz Stefanny Hidalgo S\u00e1nchez": "Q124059526", "Tessy Peralta Ortiz": "Q124059537", "Miriam L\u00f3pez Paraguay": "Q124059541", "Ana Daneida Villanueva Llapa de C\u00e1rdenas": "Q124059544", "Karin Ana Mel\u00e9ndez Llave": "Q124059546", "Marina Gabriela Sadith P\u00e9rez Paredes": "Q124059548", "Elizabeth Cecilia Ore Nu\u00f1ez": "Q124059555", "Rosario Alejandra Medina Rodr\u00edguez": "Q124059557", "Lenis Rossi Wong Portillo": "Q124059560", "Elizabeth Enriqueta Vidal Duarte": "Q124059570", "Leandra Landeo Jurado": "Q124059572", "Teresa Castro Barrientos": "Q124059576", "Karim Guevara Puente de la Vega": "Q124059583", "Laini Cultier": "Q124072155", "Patricia Janet Uceda Martos": "Q124096840", "Lidia Huam\u00e1n Chuquihuaccha": "Q124096856", "Samy Sally Shirley Garc\u00eda Torres": "Q124096893", "Sheyla Paola Chero Osorio": "Q124096901", "Yurley Constanza Medina C\u00e1rdenas": "Q124096908", "Rita Jaqueline Cabello Torres": "Q124096910", "Laura Vanessa Cruz Quispe": "Q124096919", "Elizabeth Veronica Vera Cervantes": "Q124096925", "Liliana Vega Jara": "Q124096930", "M\u00f3nica Luc\u00eda Abarca Abarca": "Q124096955", "Guina Guadalupe Sotomayor Alzamora": "Q124096965", "Judith Jim\u00e9nez Paucas": "Q124096974", "Miriam Elizabeth Ramos Ram\u00edrez": "Q124096989", "Rosario Ysabel Bravo Portocarrero": "Q124096991", "Rossemary Violeta Carpio Ramos": "Q124097004", "Milka Nelly Tello Villavicencio": "Q124097014", "Clara Marina Far\u00edas Zegada": "Q124097022", "Ayako Hashizume": "Q124097375", "Ruth Vanessa Canahuire Cabello": "Q124117292", "Haline Heidinger Abad\u00eda": "Q124117313", "Adriadna Del Socorro Ch\u00e1vez Jim\u00e9nez": "Q124117317", "Lena Asunci\u00f3n T\u00e9llez Monz\u00f3n": "Q124117333", "Diana Mar\u00eda Nolazco Cama": "Q124117337", "Karina Beatriz Ccapa Ram\u00edrez": "Q124117340", "Paloma Galicia Quintanilla V\u00e1zquez": "Q124117342", "L\u00eda Ethel Vel\u00e1squez Castillo": "Q124117348", "Fressia Ames Mart\u00ednez": "Q124117378", "Eva Hilda Guerra Galdo": "Q124117380", "Edith Pilar Orellana Mendoza": "Q124117394", "Maruja Mariela Aponte Villadoma": "Q124117397", "Olha Sharhorodska": "Q124117410", "Roxana Flores Quispe": "Q124117415", "Mar\u00eda Fernanda Tejada Begazo": "Q124117419", "Nabilt Jill Moggiano Aburto": "Q124117432", "Jessica Magaly Ruiz Reyes": "Q124154122", "Sheila Alodia Yauri Condo": "Q124154126", "Rebeca Salvador Reyes": "Q124154137", "Karena Quiroz Jim\u00e9nez": "Q124154138", "Karin Bartl": "Q124154139", "Angie Luz Higuchi Yshizaki": "Q124154142", "Ana Luc\u00eda C\u00e1ceres Cebrecos": "Q124154143", "Agustina Valverde Rodr\u00edguez": "Q124154149", "Hesmeralda Rojas Enr\u00edquez": "Q124154151", "Rosa Cueto Vega": "Q124154160", "Rossibel Dileydi Churata A\u00f1asco": "Q124154163", "Marilyn Aurora Buend\u00eda Molina": "Q124154171", "Julia Mercedes Ram\u00edrez S\u00e1nchez": "Q124154172", "Ana Roc\u00edo C\u00e1rdenas Maita": "Q124154175", "Thalia Rosella Mendoza Gamero": "Q124154176", "Alexia Pardo Figueroa Dianderas": "Q124154177", "Roxana Lisette Quintanilla Portugal": "Q124154186", "Odalis Epifan\u00eda Toledo Valdiviezo": "Q124154189", "Roxani Keewong Zapata": "Q124175001", "Cinthia Giovanna Pissani Romero": "Q124175002", "Liliam Rosario Gutarra V\u00edlchez": "Q124175003", "Gloria Mar\u00eda Ochoa Mogoll\u00f3n": "Q124175006", "Wendy Lorena Yactayo Gabriel": "Q124175014", "Gleni Tatiana Segura Portocarrero": "Q124175018", "Doris Marmolejo Gutarra": "Q124175021", "Mileyvi Selene Quispe Gamero": "Q124175023", "Gladys Irma Charca Ramos": "Q124175026", "Luz Marina Acharte Lume": "Q124175031", "Teodocia Gloria Casa Ruiz": "Q124175039", "Luzmila Rosario D\u00e1vila Roller": "Q124175043", "Ana Cristina Midori S\u00e1nchez Sifuentes": "Q124175044", "Mar\u00eda Elisia Armas Alvarado": "Q124175046", "Lizbeth Lourdes Collazos Paucar": "Q124175052", "Eunice Villica\u00f1a Ortiz": "Q124175053", "Rosa Haydee Z\u00e1rate Qui\u00f1ones": "Q124175064", "Yeshica Isela Orme\u00f1o Ayala": "Q124175065", "Miriam Calla Florez": "Q124175067", "Aida Zapata Mar": "Q124175076", "Kris Milagros Correa Marrou": "Q124175077", "Elisa Natalia Armijos C\u00e1rdenas": "Q124175079", "Zhamak Dehghani": "Q124252656", "Mar\u00eda Luisa Dom\u00ednguez Gonz\u00e1lez": "Q124254364", "Joanna Kazimierowicz": "Q124258278", "Barbara Witoszy\u0144ska-Machowska": "Q124258942", "Zuzanna Siwczy\u0144ska": "Q124258970", "Nadia Baaziz": "Q124288259", "Patricia Mestas Valero": "Q124304917", "Lyudmyla Yezers'ka": "Q124304919", "Djamila Gallegos Espinoza": "Q124304929", "Ysabel Ang\u00e9lica Calder\u00f3n Cahua": "Q124304930", "Artemia Loayza Arguelles": "Q124304934", "Luz de F\u00e1tima Eyzaguirre Gorvenia": "Q124304949", "Jessica Carolina Medina Gallardo": "Q124304953", "Claudia Cervantes Jilaja": "Q124304965", "Evelyn Carol Paredes C\u00e1rdenas": "Q124304976", "Elizabeth Susana Ordo\u00f1ez G\u00f3mez": "Q124304984", "Karen Yrene Paco Mendivil": "Q124304985", "Susana Prado Garc\u00eda": "Q124310220", "Mar\u00eda de Lourdes Tapia y Figueroa": "Q124322017", "Mirtha Yvis Santisteban Salazar": "Q124322023", "Lydia Aurora Arbaiza Fermini": "Q124322024", "Teonila Doria Garc\u00eda Zapata": "Q124322025", "Saray Siura C\u00e9spedes": "Q124322029", "Leidy Gheraldinne Bobadilla Rivera": "Q124322032", "Mar\u00eda Claudia Guzm\u00e1n Medina": "Q124322033", "Tarsila Tuesta Ch\u00e1vez": "Q124322043", "Maria Renee Alfaro Bardales": "Q124322044", "Damaris Leiva Tafur": "Q124322046", "Jes\u00fas Cristina Fonseca Martel": "Q124322050", "Jessie Leila Bravo Jaico": "Q124322052", "Roxana Barrantes Quiroz": "Q124322055", "Luc\u00eda Patricia Carrillo Vel\u00e1zquez": "Q124322067", "Jackeline Marilyn Le\u00f3n Vargas": "Q124322075", "Madeleine Nathaly Guill\u00e9n G\u00f3mez": "Q124322076", "M\u00f3nica D\u00edaz Re\u00e1tegui": "Q124322080", "Bessy Castillo Santa Mar\u00eda": "Q124322085", "Beata Pachutko": "Q124340601", "Jolanta Koton": "Q124340636", "Mabel Jes\u00fas Palomino Toscano": "Q124349686", "Paola Mercedes Sosa Machuca": "Q124349708", "Janet Gaby Inga Guillen": "Q124349721", "Nereida Celina Llerena Valdivia": "Q124349745", "Heidy Velsy Rivera Vidal": "Q124349751", "In\u00e9s Eusebia Jes\u00fas Tolentino": "Q124349752", "Belenia Yaneth Medina Bueno": "Q124349765", "Fedra Catherine Trujillano Asato": "Q124349767", "Cristina Encarnaci\u00f3n Valencia Sullca": "Q124349771", "Anna Sobotka": "Q124358635", "Kushatha Ntwaetsile": "Q124360206", "Simone Karim Sovero Ancheyta": "Q124420492", "Mar\u00eda Fernanda Noel Tapia": "Q124420494", "Edith Luz Zevallos Arias": "Q124420495", "Paula Ermila Rivasplata Varillas": "Q124420500", "Andrea Corina G\u00f3mez Murillo": "Q124420508", "Flor Delicia Heredia Llatas": "Q124420511", "Lee Victoria Gonzales Fuentes": "Q124420522", "Amelia Cristina Mamani Huanca": "Q124420524", "Ana Gabriela Monta\u00f1ez Artica": "Q124420534", "Ximena Mar\u00eda Reynafarje La Rosa": "Q124420541", "Marleny Peralta Ascue": "Q124420542", "Karina Soledad Vilca Mallqui": "Q124420550", "Betsy Suri Ramos Pacheco": "Q124420562", "N\u00e9lida Victoria Manrique Llerena": "Q124448183", "Fiorella Carolina Morillo M\u00e9ndez": "Q124448190", "Sthefany Alvarez Navarro": "Q124448192", "Yudith Choque Quispe": "Q124448199", "Gabriela Rosanna Mercedes Crespo": "Q124448212", "Violeta Vega Ventosilla": "Q124448220", "Doris Esenarro Vargas": "Q124448223", "Ruth Esther Rubio Noriega": "Q124448227", "Luc\u00eda Ruth Pantoja Tirado": "Q124448228", "Vilma Alcira Contreras Castro": "Q124448233", "Ligia Magali Garc\u00eda Rosero": "Q124448234", "Fanny Miyahira Paredes Quispe": "Q124448237", "Bertha Beatriz Anhuaman Namoc": "Q124448243", "Camila Aparecida Rocha Abelha": "Q124448246", "Liliana Elvira Enciso Quispe": "Q124448251", "Yanet Teresa Antayhua Vera": "Q124448253", "Yelka Martina L\u00f3pez Cuadra": "Q124448263", "Diana Ita Nagy": "Q124465489", "Sandra Duarte Guardia": "Q124465495", "Liubov Alexandrovna Flores": "Q124465504", "Maricielo Campos Guti\u00e9rrez": "Q124465506", "Lei Zhang": "Q124465510", "Ver\u00f3nica Cecilia Bringas Rodr\u00edguez": "Q124465520", "Zaida Jes\u00fas Quiroz Cornejo": "Q124465537", "Eliana Marcela V\u00e9lez Erazo": "Q124465560", "Al\u00edcia Coca Cantos": "Q124498860", "Alicia Ruiz Fern\u00e1ndez": "Q124498873", "Aleksandra Borsukiewicz": "Q124576379", "Gimena Bentos Pereira": "Q124654426", "Victoria Majadas": "Q124691190", "Mar\u00eda Marced": "Q124691194", "Edwiges Maria Becker Hom'meil": "Q124711240", "Ruth Ravent\u00f3s": "Q124727578", "Leslie Cristina Lescano Bocanegra": "Q124788845", "Blanca Margarita Romero Guzm\u00e1n": "Q124789089", "Judith Mar\u00eda Ram\u00edrez Candia": "Q124789349", "Rosa Mar\u00eda Miglio Toledo": "Q124789363", "Gabriela Cristina Chire Fajardo": "Q124789442", "Silvana Lisset Aguilar Tuesta": "Q124789484", "Mery Luz Baquerizo Canchumanya": "Q124789561", "Nancy Iv\u00f3n Orihuela Ord\u00f3\u00f1ez": "Q124789813", "Jessica Elizabeth Acevedo Flores": "Q124789894", "Silvia Elvira Pandia Estrada": "Q124789913", "Yesenia Isabel Bernal Esqu\u00eda": "Q124790184", "Alina Alexandra Camacho Villalobos": "Q124790251", "Urphy V\u00e1squez Baca": "Q124790304", "Rosmery Martha G\u00f3mez Minaya": "Q124790348", "Eveling Gloria Castro Guti\u00e9rrez": "Q124791518", "Olimpia Llalla C\u00f3rdova": "Q124791666", "Carmen Luisa Uribe Valenzuela": "Q124791680", "Ana Mar\u00eda Osorio Anaya": "Q124791686", "Diana Margaret Quispe Roque": "Q124791697", "Olivia Magaly Luque Vilca": "Q124791703", "Mar\u00eda Victoria Marca Ysabel": "Q124791739", "Ana Valeria Quevedo Candela": "Q124791762", "Indira Angela Luza Eyzaguirre": "Q124791785", "Gissella Mar\u00eda Bejarano Nicho": "Q124798595", "Patricia Araujo Pantoja": "Q124798641", "Silvia Melissa Garc\u00eda Torres": "Q124798659", "Rocio Liliana Callupe P\u00e9rez": "Q124799719", "Sandra Cecilia Santa Cruz Hidalgo": "Q124799735", "Lucy Gabriela Arag\u00f3n Casas": "Q124799801", "Ana Mar\u00eda Cuadros Valdivia": "Q124800108", "Kety Lourdes J\u00e1uregui Machuca": "Q124800971", "Sarela Carmela Alfaro Cruz": "Q124807460", "Cecilia Claudia Tur\u00edn Canchaya": "Q124807662", "Karim Salazar Salinas": "Q124807779", "Natal\u00ed Carbo Bustinza": "Q124807799", "Katherine del Carmen Camacho Zorogast\u00faa": "Q124808486", "Sheda M\u00e9ndez Ancca": "Q124808553", "Lilia Mary Miranda Ramos": "Q124808588", "Meryelem Tania Churampi Arellano": "Q124808612", "Lucy Marisol Gir\u00e1ldez Solano": "Q124810125", "Soledad Espez\u00faa Llerena": "Q124810144", "Carmen Eleana Ortiz Salas": "Q124810209", "Sandra Elizabeth Casimiro Gonzales": "Q124810246", "Vannia Jaqueline Aliaga Nestares": "Q124810503", "Fiorella Patricia C\u00e1rdenas Toro": "Q124812257", "Rodolfo Mu\u00f1ante Sanguinetti": "Q124815050", "Janina Adamus": "Q124823219", "Waad Bahjat": "Q124839329", "Maritza Chirinos Marroqu\u00edn": "Q124839988", "Sylvia Carolina Alc\u00e1zar Alay": "Q124839992", "Liset Sulay Rodr\u00edguez Baca": "Q124839994", "Diana Luc\u00eda Calder\u00f3n Cahuana": "Q124839998", "Betty Maribel Mamani Huarcaya": "Q124840000", "Viviana Nathalie Flores Gil": "Q124840001", "Yemina Karen D\u00edaz Valencia": "Q124840006", "Perla Noem\u00ed Ch\u00e1vez Dulanto": "Q124840012", "Carolina Elena Barreda Polar": "Q124840013", "Amanda Rosa Maldonado Farf\u00e1n": "Q124840015", "Diana Elizabeth Quispe Arpasi": "Q124840016", "Luc\u00eda Beatr\u00edz Bardales Aguirre": "Q124840017", "Michelle Rodr\u00edguez Serra": "Q124840019", "Leticia Marisol Laura Ochoa": "Q124840021", "Mary Luz Huam\u00e1n Carri\u00f3n": "Q124840032", "Sonia Cesarina Palacios Ramos": "Q124840034", "Carmen Rosa Apaza Humerez": "Q124840036", "Ana Lucy Siccha Macassi": "Q124840043", "Luisa Diomira Macedo Franco": "Q124840045", "Elisa Aurora Felipa Casta\u00f1eda Huam\u00e1n": "Q124840048", "Judith Luz Betetta G\u00f3mez": "Q124840051", "Roc\u00edo del Pilar Pastor J\u00e1uregui": "Q124840061", "Jeanette Fabiola D\u00edaz Quintanilla": "Q124840062", "Mariel Ver\u00f3nica \u00c1lvarez Rodr\u00edguez": "Q124840069", "Guisela Y\u00e1bar Torres": "Q124840080", "Teresa Ross Mery Cuadros Castillo de Medina": "Q124840081", "Rosario Maril\u00fa Bernaola Paucar": "Q124840085", "Luisa Madolyn Alvarez Benaute": "Q124840087", "Flor de Luz Palomino Valdivia": "Q124840094", "Liz Maribel Huancapaza Hilasaca": "Q124840097", "Angie Pamela Gil Calder\u00f3n": "Q124840104", "Cesia Elizabeth Bo\u00f1\u00f3n Silva": "Q124840106", "Ver\u00f3nica Tello Mendivil": "Q124840118", "Ysabel Huaccallo Aguilar": "Q124840119", "Gladys Marleny Auquitias Condori": "Q124840121", "Lizbeth Leonor Paredes Aguilar": "Q124840124", "Maril\u00fa Mestanza Mendoza": "Q124840129", "Noelia Soledad Bedoya Perales": "Q124840132", "Diana Carolina Parada Quinay\u00e1": "Q124840142", "Edith Susan Pillaca Medina": "Q124840149", "Kiara Alejandra Garc\u00eda Bustos": "Q124840151", "Mariuxi Alexandra Bruzza Moncayo": "Q124840157", "Ana Aguilera Faraco": "Q124840165", "Talia Sdenka Echegaray Ugarte": "Q124840169", "Elisabeth Ginette Lagneaux": "Q124840174", "Katerin Manuelita Encina Oliva": "Q124840180", "Anthusa L\u00f6ffler": "Q124856832", "Carola Woelk": "Q124857779", "Yeny Maestas": "Q124973059", "Krystyna Giza": "Q125125274", "Sharmely Hilares Vargas": "Q125165514", "Katherina Ver\u00f3nica Mar\u00eda Kuschel Rietzsch": "Q125165519", "Sara Patricia Azerrad Pescio": "Q125165532", "Mar\u00eda Auxiliadora Guerrero Bejarano": "Q125167145", "El\u017cbieta Bezak-Mazur": "Q125208056", "Eva Reinhold-Postina": "Q125208941", "Giuliana Mazzi": "Q125209897", "Ingrid Bobran-Wittfoht": "Q125210108", "Patricia Glorio Paulet": "Q125215323", "Carmen Elizabeth Barreto Pio": "Q125215338", "Genny Isabel Luna Mercado": "Q125215339", "Mar\u00eda Estela Ayala Gald\u00f3s": "Q125215341", "Greta Hinostroza Qui\u00f1\u00f3nez": "Q125215342", "Cecilia Edith Garc\u00eda Rivas Plata": "Q125215345", "Zenayda Emilia Estrada Tuesta": "Q125215350", "Mar\u00eda Alina Cueva R\u00edos": "Q125215355", "Mar\u00eda Arangur\u00ed Garc\u00eda": "Q125215360", "Gloria In\u00e9s Barboza Palomino": "Q125215362", "Lourdes Jossefyne Esquivel Paredes": "Q125215364", "Mery Luz Masco Arriola": "Q125215373", "Orly Denisse Calle Roalcaba": "Q125215376", "Marieta Eliana Cervantes Peralta": "Q125215383", "Madeleine Nanny Ticona Condori": "Q125215384", "Zanhy Leonor Valencia Reyes": "Q125215389", "Liz Cecil Tenorio Garc\u00eda Bl\u00e1squez": "Q125215395", "Ena Vilma Velazco Castro": "Q125215397", "Mar\u00eda Emilia Ruiz S\u00e1nchez": "Q125215399", "Marienela Calsin Cutimbo": "Q125215400", "Beatriz Luisa Salvador Guti\u00e9rrez": "Q125215401", "Jessica Roxana Molina Castillo": "Q125215404", "Gloria Esther Valdivia Camacho": "Q125215406", "Paola Marlene Cort\u00e9s Avenda\u00f1o": "Q125215424", "Candy Lisbeth Oca\u00f1a Z\u00fa\u00f1iga": "Q125215428", "Ruby Antonieta Vega Ravello": "Q125215433", "Claudia Merino Zegarra": "Q125215451", "Milagros Roc\u00edo del Carmen Zegarra Mej\u00eda": "Q125215461", "Evelyn Naida Luque Ochoa": "Q125215465", "Yaneth Charito V\u00e1squez Olivera": "Q125215466", "Carla Consuelo Pretell V\u00e1squez": "Q125215471", "Teresa Jes\u00fas Gonzales Huam\u00e1n": "Q125215473", "Rosa Patricia Larios Francia": "Q125215474", "Jessika Milagros V\u00e1squez Neyra": "Q125215476", "Zoila Margarita D\u00edaz C\u00f3rdova": "Q125215477", "Giuliana Rond\u00f3n Saravia": "Q125215481", "Erika Pachari Vera": "Q125215485", "Luc\u00eda Maribel Bautista Z\u00fa\u00f1iga": "Q125215491", "Khaterine Cinthia Salazar Cubillas": "Q125215493", "Ana Doris Magdalena Barrera Loza": "Q125215505", "Sof\u00eda Jes\u00fas Flores Vivar": "Q125215509", "Pamela Ruth Toledo Merma": "Q125215514", "Miluska Anthuannet Rosas Bartur\u00e9n": "Q125215520", "Sandra Jeannet Meza Balv\u00edn": "Q125215523", "Marcia Juana Quequezana Bedregal": "Q125215527", "Lilia Janine Chauca Francia": "Q125215529", "Jury Yesenia Aquino Trujillo": "Q125215539", "Laura Sof\u00eda Baz\u00e1n D\u00edaz": "Q125215540", "Urpi Barreto Rivera": "Q125215541", "Stephany Magaly Calla\u00f1aupa Guti\u00e9rrez": "Q125215545", "Gandy Mar\u00eda Rosales Quintana": "Q125265777", "Magaly Roxana Arang\u00fcena Yllanes": "Q125265778", "Ada Liz Arancibia Samaniego": "Q125265786", "Gladys Ivonne Mor\u00e1n Paredes": "Q125265789", "Anabel del Rosario Crisosto Fuster": "Q125265795", "Mar\u00eda Luisa Medina Pizzali": "Q125265810", "Fidelia Tapia Tadeo": "Q125265812", "Janeth Marlene Quispe Avil\u00e9s": "Q125265813", "Margarita Fredesvinda Murillo Manrique": "Q125265815", "Diana del Roc\u00edo Rebaza Fern\u00e1ndez": "Q125265831", "Maritt\u00e9 Giovanna Fierro Bravo": "Q125265836", "Luz Milagros Follegatti Romero": "Q125265838", "Mayela Elizabeth Mayta Anco": "Q125265841", "Yander M\u00e1vila Brice\u00f1o Mendoza": "Q125265843", "Flor Lidomira Mej\u00eda Risco": "Q125265844", "Adela Vallejos Tapullima": "Q125265848", "Carmen Natividad Vigo Mestanza": "Q125265850", "Katy Damacia Medina Marcos": "Q125265863", "Iris Betzaida P\u00e9rez Almeida": "Q125265865", "Lizandra Ximena L\u00f3pez Bel\u00f3n": "Q125265867", "Nelly Jacqueline Ulloa Gallardo": "Q125265874", "Betty Le\u00f3n Trujillo": "Q125265878", "Jenny Caroline Mu\u00f1oz S\u00e1enz": "Q125265887", "Antonieta Mojo Quisani": "Q125265888", "Jessy Isabel Vargas Flores": "Q125265889", "Mar\u00eda Mercedes Carrasco Colque": "Q125265890", "Zenaida Rossana Porras Jorge": "Q125265895", "Mercedes Mar\u00eda Nagamine Miyashiro": "Q125265898", "Rosario del Pilar L\u00f3pez Padilla": "Q125265905", "Kitty Roxana Urbano Carranza": "Q125265913", "Flor Anita Corredor Arizapana": "Q125265917", "\u00darsula Fernanda Salazar Roggero": "Q125265926", "Keidy Cancino Ch\u00e1vez": "Q125265930", "Carmen Cecilia Torres Cecl\u00e9n": "Q125265931", "Clavel D\u00edaz Quevedo": "Q125265940", "Gisella Luisa Elena Maquen Ni\u00f1o": "Q125265941", "Luz Maribel Quispe S\u00e1nchez": "Q125265946", "Yola Victoria Ramos Espinoza": "Q125265947", "Silvia Yvone Gastiabur\u00fa Morales": "Q125265948", "Luz Marina Tejada Medina": "Q125265951", "Tania Jakeline Choque Rivera": "Q125265953", "Consuelo Ivonne Del Castillo Castro": "Q125265972", "Laydy Mitsu Mena Chac\u00f3n": "Q125265977", "Darssy Arg\u00e9lida Carpio Ramos": "Q125265979", "Yuli Anabel Ch\u00e1vez Juanito": "Q125265983", "Patricia Mahela Prieto Veramendi": "Q125265994", "Francis Gladys Cerr\u00f3n Mercado": "Q125266003", "Mayra Alexandra Ortega Gonz\u00e1les": "Q125266022", "Rosa Mar\u00eda Anccasi Figueroa": "Q125266023", "Elizabeth Medrano de Jara": "Q125266026", "Janet del Rosario Aquino Lalup\u00fa": "Q125342842", "Patricia Yaneth L\u00f3pez Casaperalta": "Q125342844", "Erika Amelia De la Cruz Porta": "Q125342845", "Mar\u00eda Elizabeth Bejarano Meza": "Q125342851", "Aydee Meza Chatata": "Q125342855", "Mar\u00eda de los \u00c1ngeles Guzm\u00e1n Valle": "Q125342859", "Graciela Esther Reyes Pastor": "Q125342861", "Yesica Luz Vilcanqui Chura": "Q125342866", "Adelfa Yzarra Aguilar": "Q125342869", "Gladis Enith Reyna Mendoza": "Q125342871", "Lucy Laura L\u00e1zaro Luna": "Q125342873", "Pamela Lily Gamero Begazo": "Q125342879", "Alissa Anabel Vera Mamani": "Q125342880", "Mariann\u00e9 Hilda Cornejo Figueroa": "Q125342884", "Yessica Estefany Rosas Quina": "Q125342887", "Nancy Curasi Rafael": "Q125342889", "Judith Isabel Flores Albornoz": "Q125342892", "Saida Blanca Japura Paredes": "Q125342897", "Rosa Huaraca Aparco": "Q125342900", "Nuri Carito Vilca Valqui": "Q125342901", "Lisette Altamirano Guti\u00e9rrez": "Q125342904", "Patricia Escobedo Ocampo": "Q125342908", "Yasmin Jes\u00fas V\u00e9lez Chang": "Q125342928", "Malluri Go\u00f1as Go\u00f1as": "Q125342933", "Mar\u00eda del Carmen Barreto P\u00e9rez de Guerrero": "Q125342938", "Heydi Amparo Quispe Castro": "Q125342942", "Carmen Soledad Lavado Puente": "Q125342945", "Luc\u00eda Isabel Cham\u00e1n Cabrera": "Q125342950", "Celia Roc\u00edo Yauris Silvera": "Q125342957", "Claudia Roc\u00edo Ot\u00e1lora Mart\u00ednez": "Q125342960", "Dalia Elisa Carbonel Ramos": "Q125342976", "Amanda Dur\u00e1n Carhuamaca": "Q125342980", "Mishel Milagros Mel\u00e9ndez Bernardo": "Q125342985", "Sissi Carmen Santos Hurtado": "Q125342987", "Julissa Elizabeth Reyna Gonz\u00e1lez": "Q125342993", "Maritza Raquel Cabana C\u00e1ceres": "Q125342994", "Yesenia del Rosario V\u00e1squez Valencia": "Q125342997", "Jessica Rosario Meza Zamata": "Q125343001", "Rosa Peregrina Gonz\u00e1les Mart\u00ednez": "Q125343018", "Mari\u00e1n Alicia Hermoza Guti\u00e9rrez": "Q125343023", "Miriam P\u00e9rez Zavala": "Q125343044", "Milagros Sadith Granda Santos": "Q125343050", "Lourdes Magaly Zamalloa Puma": "Q125343051", "Paxina Chileshe": "Q125356371", "Nyembezi Nyirongo": "Q125356377", "Mar\u00eda Pilar Cacsire Castillo": "Q125395222", "Carmen Gisela Mindani C\u00e1ceres": "Q125395224", "Naysha Yamelit Meza Elguera": "Q125395233", "Luz Delia Quina Quina": "Q125395236", "Gloria Helena Castro Le\u00f3n": "Q125395237", "Andrea Margot Briones Montero": "Q125395252", "Samia Littly Jahavely Fernandez G\u00fcimac": "Q125395259", "Danitza Corina Paricanaza Ticona": "Q125395264", "Lisselyn Cristina C\u00f3rdova Arias": "Q125395269", "Elvira C\u00e1ceres Cayllahua": "Q125395271", "Giuliana Elizabeth Romero Mariscal": "Q125395274", "Dianeth Buleje Campos": "Q125395278", "Tania Victoria Rojas Carbajal": "Q125395283", "Wendy July Allauca Castillo": "Q125395284", "Erika Juana Zevallos Vera": "Q125395285", "Yesmi Katia Ortega Rojas": "Q125395286", "Carmen Lucila Infante Saavedra": "Q125395287", "Ant\u00eda Rangel Vega": "Q125395288", "Cynthia C\u00e1ceres Rivero": "Q125395294", "Mar\u00eda Eudelia Acu\u00f1a Mel\u00e9ndez": "Q125395296", "Flor de Mar\u00eda Torres Amanqui": "Q125395299", "Jeymi Fabiola Arias Hancco": "Q125395300", "Karin Corina Rojas Romero": "Q125395314", "Mirian Est\u00e9fani Obreg\u00f3n Yupanqui": "Q125395317", "Elibet Moscoso Moscoso": "Q125395318", "Ayde\u00e9 Kari Ferro": "Q125395319", "Melissa Rosemery Yauri Machaca": "Q125395331", "Rosalynn Ornella Flores Casta\u00f1eda": "Q125395336", "Soledad Mercedes Quezada Berru": "Q125395352", "Elvira Te\u00f3fila Casta\u00f1eda Chirre": "Q125395360", "Edith Giovanna Cano Mamani": "Q125395369", "Gina Coral Tejada Estrada": "Q125395376", "Jessy Patricia Arista Bustamante": "Q125395382", "Marielita Arce Inga": "Q125395387", "Laura Chipana Rodr\u00edguez": "Q125395400", "Mylena Karen V\u00edlchez Torres": "Q125395407", "Celinda \u00c1lvarez Arias": "Q125395415", "Magda Rosa Vel\u00e1squez Mar\u00edn": "Q125395418", "Mar\u00eda Teresa Noriega Aran\u00edbar": "Q125395421", "Ana Luc\u00eda Ferro Gonzales": "Q125395423", "Patricia Isabel Mej\u00eda Pardo": "Q125395427", "Mar\u00eda Santos Abanto L\u00f3pez": "Q125395431", "Mary Amelia C\u00e1rdenas Bustamante": "Q125395434", "Gina De la Cruz Calder\u00f3n": "Q125395436", "Annick Estefany Huaccha Castillo": "Q125395441", "Rosmery Yakelini Ayala Tocto": "Q125395444", "Eva Trinidad Layme Huaman": "Q125395450", "Erika Kress-Rogers": "Q125397005", "Dr. Ngalula Mubenga": "Q125453974", "Elisabeth Bowman": "Q125501898", "Adriana Iris Caballero Bedri\u00f1ana": "Q125508791", "Liz Beatriz Chino Vel\u00e1squez": "Q125508800", "Mar\u00eda Luisa Hayayumi Valdivia": "Q125508802", "Pati Llanina Mori Culqui": "Q125508808", "Ruth Ccalta Hancco": "Q125508820", "Ginette Vilma Alicia Ticse Ot\u00e1rola": "Q125508834", "Gladys Sandi Licapa Redolfo": "Q125508841", "Nancy Frinee Huanca Marca": "Q125508844", "Gloria Cesia S\u00e1nchez Gonz\u00e1les": "Q125508850", "Carmen Tejada Delgadillo": "Q125508862", "Yaneth Machaca Monroy": "Q125508868", "Fiorella Franchesca Flores Medina": "Q125508869", "Vicky Mar\u00eda Paz Sarapura Chamorro": "Q125508873", "Doris Bianca Crisp\u00edn De la Cruz": "Q125508875", "Elizabeth Rojas Ocampo": "Q125508879", "Karla Luz Mendoza L\u00f3pez": "Q125508880", "Roc\u00edo Yrene Torres Prado": "Q125508893", "Karen Ivonne D\u00edaz del \u00c1guila": "Q125508894", "Lourdes Eulalia Saavedra Chumacero": "Q125508902", "Marleni Medina Mendoza": "Q125508904", "Cris Katherin Palomino \u00d1aupa": "Q125508908", "Noelia Patricia Rodr\u00edguez Paredes": "Q125508913", "Milagros del Rosario C\u00e1ceres Ch\u00e1vez": "Q125508914", "Karen Beatriz Le\u00f3n Altuna": "Q125508922", "Thalia Corahua Espinoza": "Q125508925", "Lourdes Ram\u00edrez Cerna": "Q125508928", "Arlitt Amy Lozano Povis": "Q125508937", "Meliza del Pilar Bustos Ch\u00e1vez": "Q125508938", "Gloria Patricia C\u00e1rdenas Rengifo": "Q125508946", "Karina Liliana Gaytan Reyna": "Q125508948", "Elizabeth Kristina Bravo Huivin": "Q125508951", "Eucaris Del Carmen Ag\u00fcero Corzo": "Q125508957", "Lorena Nicole Rosell Guevara": "Q125508958", "Cinthya Vanessa Alvarado Ruiz": "Q125508961", "Karem Menacho Navarrete": "Q125508963", "Flor de Liss Meza L\u00f3pez": "Q125508964", "Joselyn Esther Zapata Paulini": "Q125508966", "Dora Yvonne Arce Santill\u00e1n": "Q125508968", "Mar\u00eda Isabel Limaylla Lunarejo": "Q125508969", "Kayitesi Marcelline": "Q125721683", "Clara Nely Campos Quir\u00f3z": "Q125768872", "Luc\u00eda Emperatriz Escalante Ortiz": "Q125768877", "Flor del Milagro V\u00e1squez Sotomayor": "Q125768891", "Pierina Jocelyn Mendoza Yengle": "Q125768898", "Jemina Pomalaya Velasco": "Q125768904", "Ccori Siello Vega Neyra": "Q125768908", "Angie Fiorella Mayta Armas": "Q125768913", "Jessica Margarita Palomares Pecho": "Q125768915", "Luz Marlene Durand Ch\u00e1vez": "Q125768921", "Andrea Luc\u00eda C\u00e9spedes Loayza": "Q125768923", "Maggy Bel\u00e9n Romero Arribasplata": "Q125768932", "Mayra Liuviana Vega Chica": "Q125768937", "Jeniffer Carla Torres Almir\u00f3n": "Q125768939", "Dana Almendra Terrazas Rodas": "Q125768954", "Keyla Vanessa Milagros Nalvarte Dionisio": "Q125768956", "Yadhira Samhira Valenzuela Lino": "Q125768964", "Carla Lili Arias Salazar": "Q125768968", "Deyanira Antonella Figueroa Venegas": "Q125768976", "Margarita Fatima Giraldo Retuerto": "Q125768989", "Meyluz M\u00f3nica Paico Campos": "Q125768991", "Diana Carolina Dioses Salinas": "Q125768992", "Marleni Beatriz Alderete Malpartida": "Q125768993", "Evelyn Eliana Coaquira Flores": "Q125768995", "Karla Jaquelyn Ram\u00edrez Rojas": "Q125769001", "Grecia Odalis Rivera Palomino": "Q125769003", "Llisela Torrej\u00f3n Valqui": "Q125769004", "Elen Yanina Aguirre Rodr\u00edguez": "Q125769013", "Roc\u00edo Silvia Laura Murillo": "Q125769018", "Laurita Roc\u00edo Silva Verde": "Q125769020", "Susana Sirvas Cornejo": "Q125816983", "Claudia Mar\u00eda del Pilar Zapata del R\u00edo": "Q125816991", "Kary Nelly Huamanyauri Mendez": "Q125816995", "Blanca Silvia Rosas Liz\u00e1rraga": "Q125817001", "Helga Pizzuto": "Q125848773", "Lorena Rojas Nucamendi": "Q125862842", "Nelly Condori Fern\u00e1ndez": "Q125863356", "Maritza Sof\u00eda Saldarriaga Mendoza": "Q125863358", "Mariella Carbajal Carrasco": "Q125863360", "Mari Luz Medina Vivanco": "Q125863362", "Melissa Eilen Abarca Romero": "Q125863366", "Yessica Rosas Cuevas": "Q125863367", "Sandra Paula Villacorta Chambi": "Q125863370", "Ivette Raymunda Luna Huaman\u00ed de Noda": "Q125863376", "Jenny Linet Copara Zea": "Q125863378", "Gabriela Torres G\u00e1rate": "Q125863387", "Natal\u00ed Flores Lafosse": "Q125863389", "Micaela Luc\u00eda Benavides Castro": "Q125863390", "Flor de Mar\u00eda Rodr\u00edguez Garc\u00eda": "Q125863393", "Mirian Irene Mamani Huisa": "Q125863394", "Sandra Lisseth Condor Castillo": "Q125863395", "Luz Mercedes Arredondo Garc\u00eda": "Q125863411", "Laura Adriana Oropeza Ramos": "Q125863952", "Ana Lorena Prieto Toledo": "Q125866903", "Ludy Margarita C\u00e1ceres Montero": "Q125866906", "Milagros Zeballos Rebaza": "Q125866907", "Lucy Alsina Choque Mansilla": "Q125866919", "Karen Melissa Price R\u00edos": "Q125866925", "Delia Acu\u00f1a Azarte": "Q125866927", "Maria G. Korsnick": "Q126001849", "Sushmita": "Q126075641", "Tonny de Vries": "Q126415262", "Dorota Anna Chwieduk": "Q126486262", "El\u017cbieta Barbara Grzejszczyk": "Q126489017", "Dadem Ngueguim Christelle": "Q126692572", "Vaishali Sharma Pradhan": "Q126811754", "Hanna Basara": "Q126868941", "Katarzyna Caba\u0144ska-P\u0142aczkiewicz": "Q126892326", "Anna Sanitjas Olea": "Q126964104", "Jos\u00e9 Manuel Bartolom\u00e9": "Q127101427", "Marie-Isabelle Farinas": "Q127163958", "Gelareh Momen": "Q127180870", "Karen Cuba": "Q127271342", "Ren\u00e9e-Luce Simard": "Q127302537", "Lyne St-Georges": "Q127303924", "Laura Gillio Meina": "Q127946993"}