{"Kinga Gabriela Fetyk\u00f3": "Q47512661", "Meta Virant-Doberlet": "Q48322156", "Yu Peiyu": "Q100320320", "CN Nidhi": "Q112049516", "Marie Jean Baudet-Lafarge": "Q55626155", "Ann Latham": "Q55626678", "Ellen Hope": "Q99337851", "Marie Wachanru": "Q106827410", "Elise Thorey": "Q55073246", "Georgiana Elizabeth Ormerod": "Q55069910", "Louise-Caroline d'Aumont": "Q55009904", "Edith Wollaston": "Q108368639", "Jane Latham": "Q123913247", "Caroline E. Huestis": "Q114143660", "Sarah Ames": "Q111712357", "Clara D'Orville Gorham": "Q55626741", "Eliza Klages": "Q55060223", "Ellis Ayres Apgar": "Q55008932", "Mary-Louis Fauconnet": "Q55031635", "Phebe N. Kent Allen": "Q116985339", "Emily J. Climenson": "Q113688077", "Emily A. Smith": "Q22108609", "Mrs Alphonse Bel": "Q122208723", "Luise Schunke": "Q123912978", "Henrietta B. Herring": "Q80389871", "Elizabeth Marriott Moffatt": "Q98468311", "Andrea Fiori": "Q21392629", "Cecilia Anderson": "Q99428948", "Caroline Gray Soule": "Q33131769", "Ethel Katherine Pearce": "Q54461042", "Rosina Korb": "Q55062799", "Alice M. Beach": "Q41726569", "Mary Elizabeth Glanville": "Q123913135", "Marion L. Avery": "Q122208209", "Esther Hastings Hart": "Q55043284", "Martha Wadsworth": "Q55073865", "Ruth Prescott-Decie": "Q121972955", "Norah Prescott-Decie": "Q121970102", "Anna Margarita Rodgers Furness": "Q113194656", "Margarethe Koenig": "Q55061938", "Tertia Silvia Cruickshank": "Q113350441", "Ethel Frances Chawner": "Q113676162", "Ellen Elizabeth Marchant": "Q123913224", "Mabel Elizabeth Smallwood": "Q116195158", "Vitae Kite": "Q117074420", "Marie de Rusiecka": "Q68550576", "Rose Wentworth Patterson": "Q107487098", "Therese F. Browning": "Q122208926", "Caroline Burling Thompson": "Q98839122", "E. Maude Alderson": "Q113244963", "Emma Borgioli": "Q55019049", "Mabel Theodore Hobler": "Q108840277", "Laura I. Mattoon": "Q122225726", "Margaret Fursman Boynton": "Q57317543", "Bertha Sarah Kimball Dickens": "Q122222581", "Grace H. Griswold": "Q124424335", "Mabel Colcord": "Q57896574", "Alice W. Averill": "Q113246507", "Jessie E. Casad": "Q114112845", "Karoline Kotlarski": "Q55063067", "Signe Ramberg": "Q104029134", "Bessie Alice Donovan": "Q122346973", "Mary Veronica Dunlop": "Q122223664", "Zoe S. Bartruff": "Q122208393", "Niesje Swierstra": "Q123912972", "Wladimir Julievitsch Fridolin": "Q55035177", "Marianne E. Hippisley": "Q105427310", "Julia Diana Elizabeth Wright Mason": "Q107487833", "Maria Ernestine Walsh-Held": "Q21612091", "Margaret Annie Muir": "Q123590030", "Magnus Dorthenius Christiansen": "Q55625794", "Sofia Grigorievna Lepneva": "Q55064764", "Alma Drayer Jackson": "Q108576400", "Angelina Caciaghi": "Q55022530", "Hortense Butler Heywood": "Q57609476", "Eugenia I. McDaniel": "Q124424599", "Alice Ayer Noyes": "Q80388264", "Gabriela Mazurowa": "Q55066279", "Raphaella E. Lane": "Q122225589", "Florence M. Frost": "Q124424067", "Maria Andries": "Q119174396", "Lucy Wright Smith Clemens": "Q107488150", "Sarah E. Keen": "Q113240956", "Grace Ellen Lucas": "Q122348827", "Fernand Huyghe": "Q55053257", "Maria Grada Angeleri": "Q55008683", "Dora Samoylovna Shapiro": "Q28109282", "Ellen Mary Cherry": "Q123913155", "Kathleen Mary Isabel English": "Q96498223", "Hazel Baird": "Q122760737", "Hilda Sikora": "Q55229357", "Marguerite S. Forsyth": "Q55626392", "Beatrice Hughes Tothill": "Q108738403", "Am\u00e9lia Bacelar": "Q56854926", "Porzia Lorenza Lombardi": "Q55065119", "Rosa Sacchi": "Q55072159", "Ana Manganaro": "Q5673857", "Olive Falls": "Q124419982", "Edith Webster Mank": "Q105525664", "Dorothy Jean Jackson": "Q62078495", "Lucy Beamer": "Q81216977", "Anita Vecchi": "Q55073726", "Juana Miguela Petrocchi": "Q55070613", "Antonietta Piazzoli Perroni": "Q55070774", "Clorinda Querci": "Q55071365", "Naomi George Argo": "Q119174495", "Ira Myron Hawley": "Q55044331", "Mabel M. Alexander": "Q73915023", "Mary Gladys Hoke Lobdell": "Q107479362", "Bessie May Broadbent": "Q55626057", "Janina Siemaszko": "Q96404822", "Abby Holdridge Casanges": "Q113239603", "Maria Nikolaevna Nikolskaya": "Q4320817", "Ina Louise Hawes": "Q55044268", "Elli Franz": "Q55034999", "Florence Jane Kirk": "Q117074197", "Ariadna Nikolaevna Popova": "Q55627030", "Emily Sweetland Reed Morrison": "Q85124114", "Ruth Isobel Dowell Svihla": "Q21610086", "Leonida Boldori": "Q55018668", "Stella Hudson": "Q47954084", "Mary Auten Trautman": "Q84169051", "Jol\u00e1n Stiller": "Q55072923", "Dorothy Violet Burch": "Q113456052", "Valentina Michailovna Berezina": "Q55626626", "Pearl Anderson McConnell": "Q106769160", "Sara Hoke DeBord": "Q85126779", "Joyce Omer-Cooper": "Q21387770", "Irene Dorothy Dobroscky": "Q124335822", "Helene Francke-Grosmann": "Q36573322", "Herta Urbahn": "Q55073588", "Erika von Winning": "Q55074198", "Kathleen Doering": "Q61465753", "Amalia I. Shoemaker": "Q113238602", "Olga M. Martynova": "Q22112553", "Germana Pozzi Montandon": "Q55071131", "Eleanor H. Slifer": "Q124333511", "Irena Ruszkowska": "Q55072135", "Gloria Antonini": "Q21390671", "M\u00f3nica S. Iglesias": "Q21502478", "Ana Isabel Mart\u00ednez-S\u00e1nchez": "Q27909218", "Yelitza Vel\u00e1squez": "Q28464575", "Alice McDougall Patterson": "Q55626782", "Claudia Ballesteros-Barrera": "Q113044898", "Elsie Broughton Klots": "Q31139965", "Olga Stepanovna Zvereva": "Q63099263", "Zinaida Albrecht": "Q16403640", "Grace E. Glance": "Q69787738", "Daphne Aubertin": "Q86636785", "Esther Barrett Montgomery": "Q92754231", "Asmik Sedrakovna Avetian": "Q55009933", "Lilly Wachnitz": "Q55073847", "Anna Maria Fiori": "Q55032487", "Delfa Guiglia": "Q55040376", "Leonora Gloyd": "Q100694962", "Lidija Danka": "Q55026310", "Amy Ena Baesjou": "Q89948377", "Varvara Pavlovna Derbenova-Ukhova": "Q75819339", "Harriett Vevers Steele": "Q66310116", "Julia McVicar Baker": "Q88313710", "Lydia Gambrell": "Q124420037", "Mariana d'Ibarra i Mont\u00eds": "Q53638537", "Lilian Ada Kezia Chaseling": "Q71303480", "Winifred Kent Hughes": "Q116729775", "Ecaterina Dobreanu": "Q55027629", "Mary Ellen Fuller": "Q89749189", "Galina Vasilievna Serdyukova": "Q108802764", "Agnes Hughes": "Q110377466", "Maria Markovna Alejnikova": "Q113244956", "Miss R. Gabrielith": "Q123375732", "Margot Emma Metcalfe": "Q21392880", "Zora Karaman": "Q220462", "Elizabeth M. Heiss": "Q124335685", "Janina Wengris": "Q11719882", "Jadwiga Lachmajer": "Q88093553", "Elizabeth Schatz Dillon": "Q21387618", "Marianna S. Davydova": "Q114055930", "Dorothy Johnson Knull": "Q84167374", "Bo\u017eena Br\u016f\u010dkov\u00e1": "Q95149581", "Irene Moses": "Q55068759", "Salme Rubel": "Q16407269", "Erika Schwartz": "Q55072519", "Xie Yunzhen": "Q98729598", "Rosina de Barros": "Q119186245", "Janina Honczarenko": "Q61944514", "Marjorie Chapman Townes": "Q111192921", "Elena Becker-Migdisova": "Q22111258", "Joan A. T. Anderson": "Q60973931", "Li Guizhen": "Q67157809", "Kuei Chen Li": "Q55064806", "Berta B. Kessel": "Q101555000", "Waltraut Dittmar": "Q55229227", "Irma Allodiatoris": "Q12349377", "Faith Rachel Evans": "Q110180090", "Louise Myrth Ireland Frey": "Q100986410", "Clair Cahill Alexander": "Q55008107", "Eleanor Amelia McLaughlin": "Q114055754", "Tatiana Detinova": "Q111529683", "Irma Santorio de Crouzel": "Q55626185", "Jean Catherine Robertson Burnham Adams": "Q111712129", "Katharine Marjorie Frances Scott": "Q55072530", "Marion Estelle Smith": "Q104248292", "Helene Tambs-Lyche": "Q11974759", "Else Jahn": "Q94759893", "Vera Zivkovic": "Q89918904", "Felice Musso": "Q55068977", "Iya Mikhailovna Levanidova": "Q55626978", "Kathryn Sommerman": "Q33038897", "Helena Arbatskaja": "Q12766762", "Zofia Go\u0142\u0119biowska": "Q89035134", "Maria von Paumgartten Deane": "Q21341562", "Danka \u0106ubrilovi\u0107": "Q55625959", "Ruth Lorraine Chandler": "Q56482380", "Nina Jurjevna Sokolova": "Q55072745", "Marie Louise Goodnight": "Q27440699", "Tan Juanjie": "Q89063774", "Feng Hui": "Q100998097", "Helen Brookes": "Q38260522", "Olga Sazonova": "Q108121987", "Nataliya Fedorovna Darskaya": "Q18601278", "Mary Hastings Michener": "Q80930903", "Juanda Claire Bick": "Q100295574", "Heidi G\u00fcnthart": "Q55217266", "Mary Alice Evans": "Q119983910", "Rosemarie Abbassian": "Q55217033", "Lidiya Arkhipovna Chubareva": "Q55626259", "Maria Beiger": "Q47012047", "Anna Harz": "Q55043653", "Ruth Holzinger": "Q21341702", "Maria Aparecida Vulcano": "Q21339999", "Miriam Morse Shaw": "Q21387848", "Lidija Mladinov": "Q55068425", "Elizabeth Kathleen Goldie-Smith": "Q36545290", "Ursula G\u00f6llner-Scheiding": "Q55038831", "Maria Corinta Ferreira": "Q28815120", "Yin Wenying": "Q9130846", "Joyce Payne": "Q115483203", "Lidia Ivanovna Fedoseeva": "Q21341583", "Irena Korecka": "Q113298192", "Julia Vidal Sarmiento": "Q21338373", "W\u0142adys\u0142awa Niemczyk": "Q62077694", "Bohumila \u0160pringlov\u00e1 de Bechyn\u00e9": "Q46991658", "Jean Taylor": "Q77313231", "Irena Bielenin": "Q11713716", "Irena \u017bura\u0144ska": "Q11713875", "Aleksandra Sikorowa": "Q9146677", "Maria Kefferm\u00fcller": "Q107790775", "Elena Martynova": "Q94573035", "Morwenna Jean Harslett": "Q108840116", "Stella Lavinia Thrower": "Q19002636", "Aleksandra B\u0142a\u017cejewska": "Q104187151", "Katarzyna Se\u00e7zkowska": "Q55072546", "Galina Yakovlevna Matesova": "Q55065783", "Shoshana Yathom": "Q55074283", "Lena Viktorovna Zimina": "Q55074372", "Alda Lima Falc\u00e3o": "Q62022717", "Zofia Wegner": "Q125208013", "Nina Nikolajevna Blagoveschtschenskaja": "Q55017810", "Simone Kellner-Pillault": "Q55059015", "Anna-Liisa Varis": "Q50418214", "Marjorie Ellen Macgillivray": "Q98596972", "Joyce Segerman": "Q21341112", "Maria Nikolajevna Kandybina": "Q55058212", "Rachel Galun": "Q47036925", "Sofija Miksic-Ognjeva": "Q55068204", "Nina Tamarina": "Q4450811", "Agnes Clunie Arnot McLellan": "Q76418463", "Hanna Osychnyuk": "Q4339243", "Anna Zacharovna Osytschnjuk": "Q55069975", "Eva Feige": "Q55031945", "Alessandra Arzone": "Q55627066", "Lois B. O'Brien": "Q21388672", "Inoslava Ballarin": "Q122760818", "Monique Coulloudon": "Q119170823", "Frantiska Lell\u00e1kov\u00e1": "Q55626854", "Elvira Biancheri": "Q55017167", "Anne Elizabeth Howden": "Q61857482", "Miros\u0142awa Dylewska": "Q42393187", "Ellen Ordway": "Q80964191", "Eleonore Gertrud Aufse\u00df": "Q55626692", "Elizabeth Anne Crowson": "Q80858044", "Maria Karczewska": "Q85853839", "Luciana Cola Freude": "Q55626173", "Julitta W\u0142odarczyk-Martini": "Q64090068", "Valentina Glukhova": "Q41530668", "Mar\u00eda Etcheverry": "Q55031140", "Anna Anasiewicz": "Q60832173", "Ellis Gilmore MacLeod": "Q55065422", "Brennecke, Dorothea": "Q122375820", "Joan B. Chapin": "Q107064603", "Christine von Hayek": "Q109978348", "Isabel Bassols Batalla": "Q106725286", "Christine Dahl": "Q75096374", "Marian Adachi Kohn": "Q98022449", "Alzada Carlisle Kistner": "Q55059982", "Anna Maria Carli": "Q55023278", "Yelena Guryeva": "Q4152540", "Ekaterina Nikolajevna Polivanova": "Q55070987", "Emilia P. Nartshuk": "Q21394772", "Louise B. Defoliart": "Q114056129", "Regina Ba\u0144kowska-Pisarska": "Q60837892", "Wanda Nowacka": "Q108761536", "Nadezhda Kalugina": "Q63146336", "Mary Carver": "Q22113316", "Vira Sergeevna Solodovnikova": "Q26255910", "Maria Goos": "Q97371929", "Jarmila Kukalov\u00e1-Peck": "Q6451332", "Setsuko Nakata": "Q55069050", "Vicenta Llorente del Moral": "Q110017344", "Ksenia Borisovna Zinovjeva": "Q55074386", "Jane Van Zandt Brower": "Q56215459", "Zofia Ciesielska": "Q109615181", "Edith Schubert": "Q55072459", "Medeea Weinberg": "Q55229383", "Asja Anatoljevna Ponomareva": "Q55071016", "Eva Ertlov\u00e1": "Q122375861", "Inessa Sharova": "Q74602140", "Evelyna M. Danzig": "Q27597472", "Maria Suciu": "Q55073009", "Teresa Bilewicz-Pawi\u0144ska": "Q97373595", "Zdzis\u0142awa Teresa Stebnicka": "Q28815106", "Suzanne Descous": "Q114055570", "Yvonne Schach-Duc": "Q3574224", "Rozalia Baltabekovna Asanova": "Q55009314", "Valentina N. Vishnyakova": "Q111113624", "Irene Adelle Virtue Mitchell": "Q117089595", "Prabha Grover": "Q114151283", "Marcela Skuhrav\u00e1": "Q21393979", "Margaret C. Parsons": "Q121491001", "Nina Mikhailovna Chernovna": "Q4513842", "Ruth Mary Blackith": "Q106196163", "Elina Hirvenoja": "Q124675394", "Anna He\u0161kov\u00e1": "Q55626137", "Vera Andreevna Richter": "Q19367363", "\u10ea\u10d8\u10e1\u10d8\u10d0 \u10e9\u10ee\u10e3\u10d1\u10d8\u10d0\u10dc\u10d8\u10e8\u10d5\u10d8\u10da\u10d8": "Q112031452", "Sophya K. Stebaeva": "Q21395642", "Chen Han-bin": "Q21340805", "Anna Liana": "Q106239558", "Elaine Rita Snyder \u00b0 Hodges": "Q53502692", "Judith Najt": "Q21338378", "Lita Greve Jensen": "Q11986469", "Lyudmila Nikolaevna Dubeshko": "Q112231352", "Libu\u0161e Zuskov\u00e1": "Q89853192", "Bo\u017cenna Ja\u015bkiewicz": "Q110883501", "Yiau-Min Huang": "Q21389787", "Nicole Berti": "Q89187852", "Barbara G\u0142owacka": "Q109258753", "Bo\u017cenna Nawrocka": "Q104314014", "El\u017cbieta Cichocka": "Q104536920", "El\u017cbieta Podsiad\u0142o": "Q109278277", "Klarissa Alekseevna Dzhanokmen": "Q55627089", "Lyudmila Natanovna Pritykina": "Q111594178", "Lyudmila Grishina": "Q80550107", "Shirley Anne Hanrahan": "Q111274683", "Jolanta Napi\u00f3rkowska-Kowalik": "Q59847557", "Marta Kownacka-Margreiter": "Q113298260", "Klara Bartkowska": "Q11739615", "Diana Tsarichkova": "Q63302086", "Zlata S. Gershenson": "Q23659025", "Ruth E. G. Craig": "Q22106160", "Roberta Poinar": "Q87778591", "Laurel Dianne Hansen": "Q112497310", "Nancy Craft Coile": "Q21508819", "Jean-Marie Jadin": "Q55054524", "Anna L'vovna Tichomirova": "Q55073283", "Monika Schiele": "Q55625825", "Yoshika Oniki": "Q61513401", "Cleide Costa": "Q22109693", "Joyce Cook": "Q97581969", "Fresia Rojas": "Q28856442", "Felicity Esme Arthington Cutten": "Q119188112", "Elizabeth Chiappa": "Q112844817", "Rimma Vasilievna Andrejeva": "Q36657983", "Anne Margariette Camerik": "Q108991146", "Ulrike Asp\u00f6ck": "Q21339012", "Fran\u00e7oise Harper": "Q51997726", "Janira Martins Costa": "Q21389058", "Logan Catherine Hudson": "Q21339180", "Jeannine Morati": "Q28519222", "Jelena Kuldov\u00e1": "Q112392528", "Zofia Michalska": "Q110041325", "Weronika Kornalewicz": "Q85854307", "Danice Costes": "Q53764739", "Anna Petryszak": "Q97372493", "Eugenie Ashotovna Kachvoryan": "Q55057916", "Rosa C. Henderson": "Q22112740", "Lurdes Foresti de Almeida Toledo": "Q15062342", "Hern\u00e1n Ram\u00edrez Adarve": "Q55007755", "Betty J. Thompson": "Q22111420", "Alice Wells": "Q22111695", "Alcira D. Bischoff de Alzuet": "Q100711686", "Janice R. Matthews": "Q108028439", "Krystyna Janowicz": "Q112842994", "C.W. Aitchison": "Q101071297", "Richard Lynn Penrose": "Q55070471", "Joc\u00e9lia Grazia": "Q21394862", "Dagmar von Helversen": "Q1157338", "Jacqueline Y. Miller": "Q21342059", "Hazel Pauline McColl": "Q21389774", "Gillian Frances McLaren": "Q106237980", "Annette K. Walker": "Q21391730", "Kathleen R. Eickwort": "Q63953236", "Christiane Am\u00e9d\u00e9gnato": "Q21340473", "Luz Stella Cobo de Mart\u00ednez": "Q55024737", "Teresa Badowska-Czubik": "Q97372882", "Yael Lubin": "Q19841963", "Claude Pierre-Baltus": "Q21339581", "Daphne Terese Fairey": "Q55031458", "Jane van der Smissen": "Q55229394", "Isabel Izquierdo Moya": "Q55054296", "Clare F. Morales": "Q21391656", "Nina Dmitrievna Sinichenkova": "Q20638953", "Vera L\u00facia da Silva Valente-Gaiesky": "Q21394394", "Felicyta Walczak": "Q107745678", "Tatyana Dmitrievna Zinchenko": "Q25778314", "Barbara \u0141abanowska": "Q109558319", "Eunice Aparecida Bianchi Galati": "Q21391599", "D. Dee Wilder": "Q83276609", "Guiomar Nates-Parra": "Q31043036", "Maria Grzybkowska": "Q56558285", "Arlete Schmidlin Imbiriba": "Q55072377", "Tullia Zetto Brandmayr": "Q55020007", "Chernei Lubov": "Q86000546", "Anne Luik": "Q12359291", "Porntip Chantaramongkol": "Q28910264", "Maria Helena M. Galileo": "Q18818834", "Natalia von Ellenrieder": "Q21076351", "Sonia Maria Lopes": "Q22112948", "Blanca R\u00edos-Touma": "Q28008710", "Dina M. Fonseca": "Q37381919", "Claudine Rebholtz-Hirtzel": "Q108110665", "Zoya L. Berest": "Q114055133", "Bozhana Dimitrova": "Q21390249", "Madlena Yasonovna Dzhambazishvili": "Q99982846", "Sabine Prescher": "Q119128701", "Marion Elise Buegler": "Q106382408", "Isabella Van de Velde": "Q108545250", "Gra\u017cyna Winiarska": "Q111886201", "Sharon L. Shute": "Q47007382", "L\u00facia Massutti de Almeida": "Q21388971", "Heidi Weide": "Q55625908", "Penny J. Gullan": "Q21391296", "Bozena \u0141agowska": "Q21392005", "Jitka Vil\u00edmov\u00e1": "Q54553780", "Sylvia Siekel'ov\u00e1": "Q55626790", "Elisabeth Geiser": "Q65041800", "Lorraine Braun": "Q65962578", "Margaret K. Thayer": "Q21338116", "Christine Anne Horseman": "Q76889972", "\u041c\u0454\u0448\u043a\u043e\u0432\u0430 \u0412\u0430\u043b\u0435\u043d\u0442\u0438\u043d\u0430 \u041b\u044c\u0432\u0456\u0432\u043d\u0430": "Q16708207", "Zek\u0131ye Suludere": "Q21392570", "Juliana Judy Soroka": "Q65965459", "Sabine Kortenhaus": "Q96756996", "Eva Sprecher-Uebersax": "Q70242499", "Colleen Dusk Jamieson": "Q106622956", "Denise Pamplona": "Q26884475", "Dorothy Constance Murrell": "Q65965422", "Martine Rahier": "Q27912094", "Sylvia Meek": "Q61875663", "Mar\u00eda del Carmen Coscar\u00f3n": "Q21390574", "Elena Ivanovna Ovsyannikova": "Q108311335", "Teresita C. Pagnone de Rolfi": "Q55626083", "Anal\u00eda Lanteri": "Q21394857", "Janis L. Dickinson": "Q73293726", "Margaret Carol Gadsby": "Q65962589", "Magdal\u00e9na Roh\u00e1\u010dov\u00e1": "Q55625858", "Patricia Chac\u00f3n de Ulloa": "Q21573589", "Lena Huld\u00e9n": "Q11875430", "M\u00e1rcia Souto Couri": "Q21339942", "Hannelore Hoch": "Q23675048", "Barbara Adrienne Broady Venables": "Q55020844", "Zoya A. Fedotova": "Q21388074", "C\u00e1tia Antunes de Mello-Patiu": "Q21391629", "Catherine Reeb": "Q21607061", "Rita Singh": "Q21608967", "Uherov\u00e1": "Q55625855", "Tatiana Nikolaevna Vereschagina": "Q123344163", "Alba Graciela Papeschi": "Q55070205", "Nancy Ellen Adams": "Q55007724", "Lyudmila Komarova": "Q21341720", "Marta Isabel Wolff Echeverri": "Q21390483", "Stefania Laudonia": "Q21502669", "Rosaly Ale-Rocha": "Q21340135", "Brenda D. Kranz": "Q112568845", "Ulrike Hausl-Hofst\u00e4tter": "Q117035391", "Elena V. Ilyina": "Q22108035", "Marie-Claude Bon": "Q54809318", "Martina Pusch": "Q106149734", "Mary Marlene Matheson": "Q65962669", "Neusa Hamada": "Q21390452", "Xue Ming": "Q29572589", "Ashley H. Kirk-Spriggs": "Q21392129", "Barbara Lis": "Q21502766", "M\u00e1ria T\u00f3th": "Q42321616", "S\u00edlvia Helena Sanchez Tozoni": "Q55626042", "Galina Bu\u015fmachiu": "Q21395674", "Angelika Stauder": "Q55626290", "Marie-Claude Larivi\u00e8re": "Q21339329", "Deborah L. Matthews": "Q21337496", "Elke Freese": "Q55035110", "Gabriele Uhl": "Q22109867", "Maria Schwarz-Waubke": "Q115869073", "Elena D. Lukashevich": "Q60843347", "Val\u00e9ria Cid Maia": "Q21492590", "Olga O. Maslova": "Q40595778", "Sylvie Barbalat": "Q104887797", "Wioletta Tomaszewska": "Q21337985", "Kazimiera Tomaszewska": "Q112943769", "Marion E. Kurz": "Q22110122", "Kawtar Kettani": "Q55927051", "Gexia Qiao": "Q21341763", "Susanne Randolf": "Q47485911", "Judith Korb": "Q21263591", "K.J. Finlay": "Q122876374", "Janakiraman Poorani": "Q21337827", "Christina Ana Hoinic": "Q55048959", "Eva Perez Huaman": "Q55070487", "Tatjana \u010celik": "Q88384827", "Netta Dorchin": "Q25441096", "Renate C. Smallegange": "Q59661281", "Sonja Wedmann": "Q21389067", "Olga V. Selivanova": "Q32607807", "Marina J. Orlova-Bienkowskaja": "Q22980927", "Susanne Foitzik": "Q21264748", "Viola Clausnitzer": "Q47530519", "Valeria Lencioni": "Q52693300", "Katelyn L. Lewis": "Q108120154", "Li-Qing Wang": "Q47383387", "Dhriti Banerjee": "Q55186835", "Brigitte Gottsberger": "Q59694197", "Hedda Malicky": "Q115861767", "Hege V\u00e5rdal": "Q40765397", "Christiane Weirauch": "Q21388059", "Yvonne Kranz-Baltensperger": "Q14939200", "M. Cecilia Dom\u00ednguez": "Q22105890", "Mariangela Bonnizoni": "Q22109864", "Jitka Star\u00e1": "Q90190728", "Yulia V. Astafurova": "Q22112696", "Angela Ploomi": "Q16403800", "Hong-Xiang Han": "Q21341752", "Susan Gail Wright": "Q74373714", "Yelena Guskova": "Q105464786", "Laura Loru": "Q62027706", "Si-Qin Ge": "Q21390050", "Theodora Kouvarda": "Q25441345", "Nataly Matushkina": "Q21337683", "Heloise Gibb": "Q53913686", "Sin Yeng Wong": "Q21612941", "\u00c9va Szita": "Q22814195", "Marianne Shockley": "Q124053635", "Hana \u0160ul\u00e1kov\u00e1": "Q52750710", "C\u00e9line Leroy": "Q21502702", "Monica Pitzalis": "Q57422936", "Lili Zhang": "Q21338582", "Mengqing Wang": "Q21392715", "Nata\u0161a Popovi\u0107": "Q89043383", "M\u00f3nica M. Sol\u00f3rzano Kraemer": "Q59812873", "Jana Nerudov\u00e1": "Q21394289", "Eider Ruiz Manzanos": "Q55065626", "Ma\u0142gorzata Banaszkiewicz": "Q97924497", "Hope Anne Dalton": "Q113489077", "Jingjing Tan": "Q21341590", "Wendy Porras": "Q26936742", "Gislene Lopes Gon\u00e7alves": "Q55964579", "Franziska Denner": "Q123571173", "Noura Slimani": "Q21389512", "Tomoko Ganaha-Kikumura": "Q25442732", "Dominique Zimmermann": "Q118182731", "Jind\u0159i\u0161ka Bojkov\u00e1": "Q21391558", "Jennifer C. Gir\u00f3n": "Q28859986", "Ga\u00eblle Doitteau": "Q27921993", "Tarcila Rech": "Q98450603", "Rosemary F. Gilbert": "Q58998743", "Nguyen Thi Dinh": "Q25442778", "Lilia A. Akhmetova": "Q21392530", "Kate\u0159ina Sam": "Q56448131", "Andrea Elizabeth Acurio Armas": "Q90467198", "Eli\u0161ka Pady\u0161\u00e1kov\u00e1": "Q56806593", "Alfonsina Arriaga-Jim\u00e9nez": "Q21389585", "Zde\u0148ka Svobodov\u00e1": "Q91802826", "J\u00e9ssica Paula Gillung": "Q21393560", "Gizelle Amora": "Q22105340", "Isabelle Kleeberg": "Q25918200", "Siiri J\u00fcrgenstein": "Q21387818", "Farzaneh Kazerani": "Q21393392", "Heather J. Cumming": "Q25441432", "Let\u00edcia Barros de Alencar": "Q44474904", "Ma\u00edra Xavier Ara\u00fajo": "Q25577884", "Karen Salazar": "Q21390986", "Mildred Paola M\u00e1rquez Godoy": "Q27916780", "Marianna V. P. Sim\u00f5es": "Q22109882", "Mei Wang": "Q23071083", "Jayanthi Puniamoorthy": "Q109576828", "Alice Laciny": "Q52198565", "Margherita Norbiato": "Q29032509", "Anna Volen\u00edkov\u00e1": "Q95149442", "Luana Machado Barros": "Q90237515", "Chufei Tang": "Q21393241", "Jessica Feij\u00f3 Almeida": "Q100420420", "Olesya D. Strelnikova": "Q114347749", "Jadranka Rota": "Q21077816", "Gunilla St\u00e5hls": "Q21341630", "Tatiana Galinskaya": "Q21388739", "Sibylle H\u00e4ggqvist": "Q21389565", "Carolina Cuezzo": "Q21390226", "Katja Hogendoorn": "Q21393834", "Marta Agnieszka Skowron Volponi": "Q21395736", "Julia Calhau": "Q22106850", "Mar\u00eda Josefina Ruiz": "Q22109685", "Theodora Petanidou": "Q23068799", "Andrea Weeks": "Q23068825", "Bonnie B. Blaimer": "Q23068828", "Eliana Buenaventura": "Q23069092", "Yu-Lingzi Zhou": "Q25443882", "Josefina Garrido Gonz\u00e1lez": "Q25834830", "Rosny Santiago-Navarro": "Q28008296", "Sylvie Caz\u00e8res": "Q28453625", "Concepci\u00f3n Ornosa": "Q28933989", "Pilar de la R\u00faa": "Q28934033", "Quetzaly K. Siller Rodr\u00edguez": "Q29859592", "Luciana Iannuzzi": "Q30198772", "Yamileth Aparicio": "Q31729997", "Ferial Kaoula": "Q32054715", "Cisteil Xinum P\u00e9rez-Hern\u00e1ndez": "Q33665380", "Marlena Zawisza": "Q45159852", "Kai Chen": "Q47466464", "Andrezza Sayuri Victoriano Hirota": "Q47469139", "Gloria Ortega": "Q76834696", "Claudia Drees": "Q1097404", "Noortje Looijenga": "Q107976353", "Jeyaraney Kathirithamby": "Q11726021", "Veenakumari Kamalanathan": "Q13377822", "Maria C. Almeida": "Q15945053", "Chutamas Satasook": "Q19689623", "Suriani Surbakti": "Q19966977", "Adelita M. Linzmeier": "Q20047233", "Jurate De Prins": "Q21077788", "Patricia Gentili-Poole": "Q21077792", "Sangmi Lee": "Q21077813", "Susan Weller": "Q21077827", "Brigette Zacharczenko": "Q21197648", "Isabel Pardo": "Q21337372", "Valentina A.Teslenko": "Q21337379", "Amanda J.Jacobson": "Q21337414", "Bo-Ping Tang": "Q21337436", "Florentina D\u00edaz": "Q21337506", "Jiang-Li Tan": "Q21337512", "Enrique Beruete": "Q21337516", "Corinne M.Unruh": "Q21337525", "Carla Simone Pavanelli": "Q21337537", "Patricia Diez": "Q21337617", "Gabriela Bastos Mellinger": "Q21337624", "Patricia Nel": "Q21337665", "Karen L. Edward": "Q21337680", "Maritza Mercado": "Q21337730", "Erin Willis": "Q21337737", "Joyce Rockenbach Bell": "Q21337747", "Barbara Sharanowski": "Q21337774", "Katarzyna Jesionowska": "Q21337796", "Ainsley Seago": "Q21337807", "Palmira Ros-Farrar\u00e9": "Q21337853", "Giselle Perdomo": "Q21337854", "Claire Villemant": "Q21337857", "Molly G. Rightmyer": "Q21337874", "Cui-Ping Bu": "Q21337879", "Jowita Drohojowska": "Q21337884", "Anna Kocorek": "Q21337911", "Halina Kucharczyk": "Q21337914", "Izabella Sadowska-Woda": "Q21337917", "Julia Shrubovych": "Q21337921", "Yuehua Song": "Q21337969", "Utako Kurosu": "Q21338044", "Caixia Gao": "Q21338160", "Wanda Weiner": "Q21338392", "Ma\u0142gorzata S\u0142awska": "Q21338454", "Deborah Susan Kent": "Q21338491", "Ashley Cramer": "Q21338573", "Catherine A. Tauber": "Q21338644", "Zsuzsanna Konczn\u00e9 Benedicty": "Q21338786", "Birgit L\u00f6cker": "Q21338816", "Caroline S. Chaboo": "Q21338828", "Larissa de Bortolli Chiamolera": "Q21338883", "Keti Maria Rocha Zanol": "Q21338896", "Carolina Godoy": "Q21338903", "Julia J. Mlynarek": "Q21338950", "Desiree R. Robertson": "Q21338955", "Cibele Stramare Ribeiro-Costa": "Q21338990", "Catrin Jaschhof": "Q21339078", "Elizandra S. Redighieri": "Q21339315", "Andrea Lucky": "Q21339327", "Marcela L. Monn\u00e9": "Q21339343", "Xiang Xu": "Q21339346", "S\u00f4nia Aparecida Casari": "Q21339397", "Alexandra Ippolitova": "Q21339407", "Jolanta \u015awi\u0119toja\u0144ska": "Q21339417", "Olga Schmidt": "Q21339504", "V\u00e9ronique M\u00e9rit": "Q21339507", "Linda Styer": "Q21339624", "Claudia Hern\u00e1ndez-Mej\u00eda": "Q21339740", "Vilma Savini": "Q21339756", "Darlene D. Judd": "Q21339872", "Laure Desutter-Grandcolas": "Q21339890", "L\u00facia Maria de Campos Fragoso": "Q21339954", "Alina Nilovna Kupyanskaya": "Q21339957", "Mirian Nascimento Mendon\u00e7a": "Q21340124", "Penelope Greenslade": "Q21340187", "Dilma Solange Napp": "Q21340263", "Anna Murray": "Q21340278", "Sne\u017eana Radenkovi\u0107": "Q21340300", "Mirian A. da Silva Serrano": "Q21340324", "Kaomud Tyagi": "Q21340365", "Kiyoshi Tadera": "Q21340385", "Olivia Y\u00e1\u00f1ez-Ord\u00f3\u00f1ez": "Q21340444", "Oksana V. Zorina": "Q21340458", "Marta Susana Loi\u00e1cono": "Q21340484", "Terezinha Maria Castro Della Lucia": "Q21340491", "Luciane Marinoni": "Q21340499", "Ol\u00edvia Evangelista": "Q21340516", "Marina Pischedda": "Q21340781", "Jian-Quan Yang": "Q21340809", "Amy Junnila": "Q21340823", "Jocelyn A. Berry": "Q21340826", "B. Adrienne B. Venables": "Q21340927", "Xiao-Ling Fan": "Q21340942", "Carmen Escalante de Ugueto": "Q21340949", "Shuxia Wang": "Q21340951", "Stephanie A. Dole": "Q21340983", "Annette K.F. Malsch": "Q21341125", "Therezinha de Jesus Pimentel Chaves": "Q21341279", "Barbara Mayerl": "Q21341328", "Sabine Gaal": "Q21341332", "Katsumi Yazaki": "Q21341335", "Helen Chwei-Sia Chau": "Q21341390", "Gilson C.C. Freitas": "Q21341586", "Xin-Hua Fu": "Q21341602", "Nina Krivosheina": "Q21341724", "Cheng-Lai Fang": "Q21341749", "Dan-Dan Zhang": "Q21341766", "Shi-Mei Song": "Q21341776", "Xin-Pu Wang": "Q21341790", "Neena Chauhan": "Q21341814", "Eugenie Phillips-Rodriguez": "Q21341877", "Angela Roggero": "Q21341918", "Svetlana V. Nedoshivina": "Q21341941", "Helen Alipanah": "Q21341942", "Leena Laasonen": "Q21341954", "Rong-Hwa Wu": "Q21341975", "Li-Zhen Li": "Q21341991", "Jocelyne Navatte": "Q21342006", "Alma Mohagan": "Q21342036", "Mignon M. Davis": "Q21342058", "Martha Lucia Baena": "Q21342081", "Selma Seven": "Q21342091", "Pei Zhou": "Q21342099", "Fatimah Abang": "Q21342103", "F\u00fcsun Sipahiler": "Q21342106", "Anal\u00eda C. Paggi": "Q21342109", "Lida Fekrat": "Q21387656", "Nerivania Nunes Godeiro": "Q21387665", "Tania S. Olivares": "Q21387774", "Laura S. Zamorano": "Q21387819", "Elizabeth T. Arias-Bohart": "Q21387822", "Caroline Maldaner": "Q21387883", "Samira Farahani": "Q21387893", "Elisabeth Stur": "Q21387920", "Salma Begum": "Q21387956", "Shoeba Binte Anis": "Q21387961", "Neveen S. Gadallah": "Q21388019", "Julieta Asiain": "Q21388047", "Christi Jaeger": "Q21388118", "Urszula Walczak": "Q21388123", "Adalgisa Guglielmino": "Q21388135", "Linda M. Pitkin": "Q21388145", "Yasuko Kawakami": "Q21388156", "Francisca Ruano": "Q21388189", "Charlotte Nielsen": "Q21388207", "Laela Hayati Paukstadt": "Q21388235", "Jolanta Rim\u0161ait\u0117": "Q21388250", "Karina Boege": "Q21388277", "Darleen B. Wilcox": "Q21388298", "Ana Mar\u00eda Marino de Remes Lenicov": "Q21388310", "Fatima Ali Mohammad": "Q21388323", "Dorottya Angyal": "Q21388325", "Caroline G. Storer": "Q21388340", "Valentina A. Kirpichnikova": "Q21388369", "Sandra Antunes": "Q21388370", "Stephanie A. Clutts": "Q21388435", "Midori Yamazaki": "Q21388567", "Ana Clara Gon\u00e7alves": "Q21388574", "Letizia Migliore": "Q21388644", "Lauren G. Ashman": "Q21388645", "Juana Mar\u00eda Coronado Blanco": "Q21388682", "Mar\u00eda Victoria Seco Fern\u00e1ndez": "Q21388722", "Cheryl B. Barr": "Q21388779", "Giedre Visinskiene": "Q21388792", "Hui-Hua Zeng": "Q21388795", "Vera Cristina Silva": "Q21388891", "Yun-Long Cai": "Q21388924", "Anne Bedos": "Q21388945", "Mirna Martins Casagrande": "Q21388969", "Daniele Matile-Ferrero": "Q21389002", "Mary Liz Jameson": "Q21389016", "Gui-Feng Shi": "Q21389021", "Lorella Dell\u2019Olmo": "Q21389051", "Carla Fernanda Burguez Floriano": "Q21389088", "Anna Wanat": "Q21389092", "Sarah Siqueira Oliveira": "Q21389178", "Ya-Fei Shang": "Q21389319", "Ana Elizabeth Diaz": "Q21389333", "Maria Lourdes de Andrade": "Q21389342", "Xue-Ping Gao": "Q21389348", "Fitria Nurul": "Q21389378", "Claudia Alejandra Medina": "Q21389455", "Guang-Hui Qiu": "Q21389459", "Mar\u00eda Cecilia Melo": "Q21389472", "Anastasia Korycinska": "Q21389524", "Ninel A. Petrova": "Q21389530", "Jayne Hall": "Q21389534", "Ludmila E. Lobkova": "Q21389539", "Jennifer Hodgetts": "Q21389542", "Brenda O.P. de Ara\u00fajo": "Q21389695", "M. Fernanda L\u00f3pez-Berrizbeitia": "Q21389716", "Dora Nancy Padilla-Gil": "Q21389738", "Florence A. Ruhoff": "Q21389749", "Ana Maria L. Azeredo-Espin": "Q21389817", "Sara Gamboa": "Q21389837", "Maria Lourdes Lardizabal": "Q21389857", "Mar\u00eda Laura Libonatti": "Q21389885", "Anna Zubek": "Q21389888", "Murat Yurtcan": "Q21389898", "Kathy B.R. Hill": "Q21389913", "Angela M. Rojas": "Q21389929", "Erika M. Tucker": "Q21389938", "Ren-Chao Lin": "Q21389952", "Ilka Maria Fernandes Soares": "Q21389984", "Paula Rozo-Lopez": "Q21390146", "Ivan\u010dica Ternjej": "Q21390156", "Nur Athiqah Md Yusof": "Q21390184", "Nur Azura Adam": "Q21390189", "Cecilia B. Margar\u00eda": "Q21390228", "Eliana M. Cancello": "Q21390231", "Mei-Yu Chen": "Q21390262", "Evgenia Antonova": "Q21390278", "Zhihua Fan": "Q21390289", "Masoumeh Shayanmehr": "Q21390316", "Laura Rocha Prado": "Q21390345", "Laura Hare": "Q21390353", "Marina A. Makarchenko": "Q21390366", "Violeta Ayelen Silvestro": "Q21390393", "Katrina L. Menard": "Q21390445", "Yenny Correa-Carmona": "Q21390473", "Stshegoleva-Barovskaja": "Q21390485", "Denise Wyniger": "Q21390495", "Maria E. Maldaner": "Q21390501", "Sunita Bhatti": "Q21390657", "Chun-Qing Yang": "Q21390672", "Agn\u00e8s Detta\u00ef": "Q21390694", "Michele Rossini": "Q21390746", "Lyudmila A. Khrokalo": "Q21390780", "Anja Cieslak": "Q21390793", "Juliana Chamorro-Rengifo": "Q21390839", "Zoya Yefremova": "Q21390847", "Mariana Chani-Posse": "Q21390849", "Ekaterina Yegorenkova": "Q21390853", "Andrea Sabbadini": "Q21390860", "Sarka Trllova": "Q21390898", "Agelica Pech-May": "Q21390937", "Pisuth Ek-Amnuay": "Q21390947", "Claire Capdevielle-Dulac": "Q21390951", "Jadwiga Lorenc-Brudecka": "Q21390963", "Bao-Dong Yuan": "Q21391024", "Kelly Cristine Borsatto": "Q21391098", "Loren K. Russell": "Q21391224", "Ang\u00e9lica Maria Penteado-Dias": "Q21391331", "L\u00edvia Rodrigues Pinheiro": "Q21391375", "Sara Fadia Ceccarelli": "Q21391396", "Yuliya N. Zinchenko": "Q21391398", "Karina Wieczorek": "Q21391420", "Yvonne G\u00f6rzig": "Q21391443", "Nao Yamamoto": "Q21391477", "Szabina Schw\u00e9ger": "Q21391501", "Yik Fui Philip Lo": "Q21391510", "Ellen Kauschke": "Q21391518", "Emeline A. Favreau": "Q21391521", "Val\u00e9ria Juliete da Silva": "Q21391544", "Sara Frederiksen": "Q21391546", "Ram K. Duwal": "Q21391574", "Priscila B. S\u00e1bio": "Q21391588", "Rosanna Rodr\u00edguez": "Q21391597", "Vera S. Sorokina": "Q21391634", "S\u00f3nia Ferreira": "Q21391639", "Piyoros Tongkerd": "Q21391644", "M. Olalla Lorenzo-Carballa": "Q21391654", "Agata Piwnik": "Q21391664", "Karolyn Darrow": "Q21391699", "Norma-Rashid": "Q21391715", "Anna Jezuita": "Q21391774", "Sunisa Sanguansub": "Q21391805", "Jezabel B\u00e1ez Santacruz": "Q21391828", "Natalia Ko\u0142odziejczyk": "Q21391832", "Gwena\u00eblle Genson": "Q21391865", "Everlin Almeida": "Q21391906", "Chiharu Komori": "Q21391923", "Yi-Xin Chen": "Q21391949", "Ping-Yuan Wang": "Q21391975", "Mar\u00eda Sof\u00eda Olea": "Q21391990", "Susana Trivinho-Strixino": "Q21391995", "Juliana Mour\u00e3o dos Santos Rodrigues": "Q21392086", "Isabelle D.R.S. Cordeiro": "Q21392092", "Magaly D. De Almeida": "Q21392097", "Marta S\u00e1inz-Bari\u00e1in": "Q21392131", "Asha Thomas": "Q21392135", "Carmen Zamora-Mu\u00f1oz": "Q21392136", "Josefina Steiner": "Q21392156", "Ana Grkovi\u0107": "Q21392180", "Jelena A\u010danski": "Q21392187", "Virginija Podeniene": "Q21392197", "Ritva Penttinen": "Q21392198", "Jian-Yun Wang": "Q21392217", "Adeline Soulier-Perkins": "Q21392262", "Thamara Zacca": "Q21392264", "Ann E. Noack": "Q21392271", "Nancy Soraya Carrejo": "Q21392286", "Aracely de la Cruz P\u00e9rez": "Q21392336", "Alejandra del Carmen Valverde": "Q21392339", "Mabel Alvarado": "Q21392349", "Enide Luciana L. Belmont": "Q21392350", "Yinxia Liao": "Q21392405", "Gayaneh Shahbazian": "Q21392425", "Mira Forster": "Q21392437", "Liisa Puhakka": "Q21392454", "Carol Castillo": "Q21392457", "Fabiana C. Massariol": "Q21392472", "Fatma S. Yilmaz": "Q21392563", "Daniara Colpani": "Q21392572", "Giuseppina Pellizzari": "Q21392652", "Evangelia Chadzidimitriou": "Q21392657", "Mahia M. Ayala": "Q21392706", "Buntika Areekul Butcher": "Q21392741", "Eteri A. Didmanidze": "Q21392835", "Irina Dmitrievna Sukacheva": "Q21392854", "Eliane Goes Nascimento": "Q21392883", "Marianne Espeland": "Q21392893", "Patrycja Dominiak": "Q21392945", "Claudia Palestrini": "Q21392947", "Emily Hartop": "Q21392950", "Paula Raile Riccardi": "Q21393007", "Claudia Hemp": "Q21393118", "Singtoe Boonrotpong": "Q21393123", "Tatiana Gidaspow": "Q21393124", "Perizat A. Esenbekova": "Q21393126", "Carmen Bach de Roca": "Q21393191", "Marta Zakrzewska": "Q21393193", "Desley J. Tree": "Q21393199", "Sara Quintana de Quinteros": "Q21393235", "Pauline Syrett": "Q21393263", "Jeanette Wheeler": "Q21393283", "Vivian E. Sandoval-G\u00f3mez": "Q21393315", "Masumi Murase": "Q21393381", "Xiaoyan Liu": "Q21393402", "Sofia Wiedenbrug": "Q21393445", "Emily A. Sadler": "Q21393450", "Esther W. Wheeler": "Q21393463", "Minsheng Wang": "Q21393531", "Daniela M. Takiya": "Q21393534", "Julianna F. Barbosa": "Q21393539", "Izfa Riza Hazmi": "Q21393552", "L\u00edvia M. Fusari": "Q21393587", "Kate\u0159ina J\u016fzov\u00e1": "Q21393605", "Jennifer M. Zaspel": "Q21393640", "Valentina Filippini": "Q21393690", "Estefania Mic\u00f3": "Q21393696", "Roberta de Melo Valente": "Q21393698", "Valentina I. Tolkanitz": "Q21393741", "Mei-Ying Lin": "Q21393743", "Elisa Machado Milach": "Q21393755", "Maria K\u00e1tia Matiotti da Costa": "Q21393760", "Susan Julie May": "Q21393773", "Lindsay W. Popple": "Q21393780", "Alejandra Gonz\u00e1lez-Moreno": "Q21393845", "Mar\u00eda Dolores Heredia": "Q21393863", "Margarita Gennadievna Ponomarenko": "Q21393867", "Irina Zonstein": "Q21393868", "Talita Roell": "Q21393928", "Tatiana Mikhajlovna Tiunova": "Q21393933", "Tina Weppler": "Q21393985", "Dagmara \u017by\u0142a": "Q21393992", "Leah S. Bauer": "Q21394038", "Caroline Bourdon": "Q21394043", "Denise Horwood": "Q21394048", "Paola Alejandra Rueda Mart\u00edn": "Q21394071", "Alicia E. Timm": "Q21394075", "Birgit Jaenicke": "Q21394100", "Kl\u00e1ra Bezd\u0115\u010dov\u00e1": "Q21394138", "Verena Lubini": "Q21394170", "Felicitas Hoppeler": "Q21394177", "Nina Michelle Zitani": "Q21394183", "Kamila Ferreira Massuda": "Q21394206", "Ma\u0142gorzata Stach": "Q21394209", "Elizabeth Morgulis": "Q21394219", "Natsumi Kanzaki": "Q21394241", "Kathleen Schmidt": "Q21394254", "Anna M\u0105dra": "Q21394265", "Aleksandra Kilian": "Q21394269", "Susan E. Halbert": "Q21394291", "Liliya Serbina": "Q21394297", "Mei-Jun Zhao": "Q21394303", "Mindy M. Syfert": "Q21394308", "Lorena Llanos": "Q21394343", "Agn\u00e9 Rocien\u00e9": "Q21394348", "M\u00f3nica Saldarriaga-C\u00f3rdoba": "Q21394353", "Valentina Castro-Huertas": "Q21394368", "Marina Mazon": "Q21394389", "Stefanie K. Oberprieler": "Q21394391", "Cheng-Lung Tsai": "Q21394472", "Man-Miao Yang": "Q21394476", "Carolina Nieto": "Q21394480", "Rafaela L. Falaschi": "Q21394486", "Mei-Ling Chan": "Q21394497", "Carolina Reyes": "Q21394510", "Viviana Rada": "Q21394515", "Jaci M. Vieira": "Q21394567", "Ranyse B. Querino": "Q21394574", "Yan-Long Tang": "Q21394592", "Alessandra Rung": "Q21394633", "Cheryle A. O'Donnell": "Q21394634", "Adriana J. Guzm\u00e1n-Larralde": "Q21394636", "Raimunda Abreu": "Q21394641", "Serpil Kornosor": "Q21394642", "Yuxia Yang": "Q21394666", "Traci L. Grzymala": "Q21394677", "Marlene Lauterjung Azzar\u00e1": "Q21394682", "Loyana Docio": "Q21394741", "Itanna Oliveira Fernandes": "Q21394748", "Aurora Y. Rocha-S\u00e1nchez": "Q21394762", "Ludivina Barrientos-Lozano": "Q21394767", "Silvia R.M. Pedro": "Q21394787", "S.V. Seksjaeva": "Q21394792", "Natalia Kirichenko": "Q21394796", "Roseli Pellens": "Q21394851", "Aline Barcellos": "Q21394858", "Alba Bentos-Pereira": "Q21394868", "Carina Marciela Mews": "Q21394880", "Marina Vilenica": "Q21394909", "Ana Previ\u0161i\u0107": "Q21394966", "Myriam Labrecque": "Q21394988", "Rosanna Giordano": "Q21394998", "Natalia J. Vandenberg": "Q21395028", "Maria Anice Mureb Sallum": "Q21395051", "Carolina Torres-Gutierrez": "Q21395054", "Dewi Sartiami": "Q21395071", "Gillian W. Watson": "Q21395075", "Joginder Singh Rita": "Q21395131", "Gretel Narda Rodr\u00edguez Garay": "Q21395138", "Eliane De Coninck": "Q21395148", "Carolina Bioni Garcia Teles": "Q21395190", "Sandra Elizabeth Ide Mayorga": "Q21395196", "Lorena Jaques": "Q21395212", "Josenir T. C\u00e2mara": "Q21395244", "Zubaidah Ya\u2019cob": "Q21395245", "Juliana Stephanie Galaschi Teixeira": "Q21395251", "Marion Kotrba": "Q21395280", "Rosalyn S. Gloag": "Q21395282", "Rog\u00e9ria In\u00eas Rosa Lara": "Q21395284", "Rachel A. Carvalho": "Q21395380", "Magdalena Cielniak": "Q21395384", "Katarzyna Kope\u0107": "Q21395459", "Rebecca N. Kittel": "Q21395536", "Heidi Hopkins": "Q21395556", "Asma Zeiri": "Q21395651", "Maria Elina Bichuette": "Q21395660", "Pham Quynh Mai": "Q21395676", "Gyu-Won Kang": "Q21395698", "Anneke A. Veenstra": "Q21395734", "Svatopluk Pokorn\u00fd": "Q21395735", "Suhaila Ab Hamid": "Q21395743", "Suchada Sumruayphol": "Q21395799", "Reiko Yahara": "Q21492658", "Anna Cristina Bailey": "Q21502494", "Jutta Berg": "Q21502533", "N.S. Chandra Bose": "Q21502554", "Mar\u00eda Marcela Ronderos": "Q21502577", "Erika P.J. Britto": "Q21502581", "Lujza Keresztes": "Q21502582", "Sarah E. Bush": "Q21502596", "Natsuko Kondo": "Q21502637", "Silvia Di Silvestro": "Q21502703", "Martina Sinno": "Q21502712", "Lorraine D. Cook": "Q21502765", "Vera D\u2019urso": "Q21502792", "Xin Sun": "Q21502817", "Crystal A. Maier": "Q21502839", "Diana Y. Mart\u00ednez-Hern\u00e1ndez": "Q21502907", "Patricia L.M. Torres": "Q21502931", "Yolandi van der Merwe": "Q21502979", "Lien T.P. Nguyen": "Q21503061", "Raquel M. Gleiser": "Q21503079", "Helena Onody": "Q21503107", "Hong Pang": "Q21503137", "Shama Parveen": "Q21503155", "Hong Yin": "Q21503165", "Ana Maria Pes": "Q21503194", "Xiao-Hong Zhang": "Q21503217", "Yana Petrova": "Q21503223", "Nhi T. Pham": "Q21503233", "Bianca Tamires Silva dos Santos": "Q21503687", "Lynn M. Ferguson": "Q21503838", "Marcela A. Rodr\u00edguez": "Q21520377", "Agnes Li": "Q21809559", "Karine Savard": "Q21809566", "Anita K. T. Woo": "Q22102237", "Barbara Mascarenhas Morgado": "Q22102274", "Jeniffer K. Alvarez-Baca": "Q22102478", "Beatriz Aguiar Jord\u00e3o Paranhos": "Q22102482", "Jennifer M. Cox": "Q22102548", "Helen Gy\u00f6rk\u00f6s": "Q22102570", "Ethel Hentz": "Q22102663", "Denise Selivon": "Q22102760", "Paola D'Alessandro": "Q22102924", "Desislava Stoianova": "Q22102951", "Jing Chen": "Q22103169", "Norma Nolazco": "Q22103255", "Carolina Rodrigues Ara\u00fajo": "Q22103467", "Angela Machado Bouzan": "Q22103526", "Adriana de Lima Mendon\u00e7a": "Q22103824", "Anna A. Syachina": "Q22103992", "Anna Rodolfa Malacrida": "Q22104032", "Anne E. Dollin": "Q22104119", "Anne Caruliny do Monte Lima": "Q22104160", "Irina Brake": "Q22104317", "Angeliki Gariou-Papalexiou": "Q22104449", "Laura C. V. Breitkreuz": "Q22104663", "Laura D. Rodriguez": "Q22104683", "Lauren A. Spearman": "Q22104724", "Jolanta Bro\u017cek": "Q22104893", "Helena V. Shaverdo": "Q22104938", "H\u00e9l\u00e8ne Delatte": "Q22104960", "H\u00e9l\u00e8ne Perrin": "Q22104980", "Olga A. Khruleva": "Q22105079", "Olga G. Ovtshinnikova": "Q22105119", "Jong-Wook Lee": "Q22105139", "Cristina Fiera": "Q22105227", "Dora Aguin-Pombo": "Q22105298", "Regine Eck": "Q22105555", "M. Victoria S\u00e1nchez": "Q22105790", "Chantelle A. Alderson": "Q22105903", "Marina G. Krivosheina": "Q22106036", "Marcela Miranda de Lima": "Q22106179", "Nancy Lopez": "Q22106597", "Herlina Menufandu": "Q22106651", "Iva Njunji\u0107": "Q22106691", "Patricia Fern\u00e1ndez": "Q22106724", "Bruna Klassa": "Q22106866", "Ivonne J. Garz\u00f3n-Ordu\u00f1a": "Q22106904", "Ivy Frizo de Melo": "Q22106946", "Izabela Stachowicz": "Q22107051", "K. Rajmohana": "Q22107381", "Kamila Batista Angeli": "Q22107503", "Rebekka M. Gardiner": "Q22107715", "J. Verbeke": "Q22107784", "Ekaterina N. Balueva": "Q22107844", "Ekaterina V. Tselikh": "Q22107865", "Elena Drosopoulou": "Q22107993", "Fl\u00e1via Souza da Motta": "Q22108132", "Milada Boc\u00e1kov\u00e1": "Q22108146", "Audrey Vokaer": "Q22108198", "Elisabetta Rossi": "Q22108222", "Karin Wolf-Schwenninger": "Q22108353", "Francesca Scolari": "Q22108356", "Ellen Russell": "Q22108412", "Asya V. Novikova": "Q22108455", "Alzira Kelly Passos Roriz": "Q22108479", "Li Ren": "Q22108667", "Kayla L. Kaplan": "Q22108778", "Daniela De Cassia Ben\u00e1": "Q22108852", "Miyuki Yamamoto": "Q22109185", "B.L. Taylor Smith": "Q22109204", "Margarete Valverde de Macedo": "Q22109239", "Mar\u00eda Cecilia Giardini": "Q22109486", "Maria Cleide de Mendon\u00e7a": "Q22109524", "Maria da Concei\u00e7\u00e3o Rodrigues": "Q22109560", "G.C. Santos": "Q22109585", "Maria I.D.S.D. Passos": "Q22109670", "Maria Luiza Fernandes": "Q22109702", "Mar\u00eda Laura Ju\u00e1rez": "Q22109718", "Geane Oliveira de Lanes": "Q22109735", "Maria Lourdes Chamorro": "Q22109736", "Maria Luiza Felippe-Bauer": "Q22109754", "Jane E. Marshall": "Q22109756", "Jane Joseph": "Q22109772", "Maria S. Ivanova": "Q22109782", "Janet Mathes": "Q22109789", "Janisete G. Silva": "Q22109833", "Marianela Juri": "Q22109847", "Gabriella Lo Verde": "Q22109881", "Gadzhimurad A. Khabiev": "Q22109906", "Mariela Nieves": "Q22109951", "Marija Ivkovi\u0107": "Q22109968", "Krist\u00fdna Jani\u0161ov\u00e1": "Q22110066", "M\u00e1riom A. Carvajal": "Q22110108", "Robin E. Thomson": "Q22110341", "Tomiko Ito": "Q22111138", "Nan Jiang": "Q22111251", "Wei Guan": "Q22111327", "Thi Hong Nguyen": "Q22111484", "Wei-Nan Wu": "Q22111490", "Yazaki Katsumi": "Q22111522", "Valeria Rizzo": "Q22111526", "Imre Fazekas": "Q22111589", "Valentina G. Kuznetsova": "Q22111770", "Lin Yang": "Q22111935", "Vanessa Sim\u00f5es Dias": "Q22111979", "Silvia Lanzavecchia": "Q22112001", "Silvia Regina de Menezes Pedro": "Q22112018", "Noriko Aoki": "Q22112045", "Vasilisa G. Chemyreva": "Q22112079", "Sarah K. Martin": "Q22112411", "Siti Rafhiah Abdul Kahar": "Q22112413", "Sarah M. Smith": "Q22112430", "Jane Smith": "Q22112457", "Satoko Hirano": "Q22112551", "Snejana Grozeva": "Q22112564", "Carmen Soriano": "Q22112784", "Catherine J. Young": "Q22112846", "Ann M. Ray": "Q22113098", "Vivian Flinte": "Q22113422", "Ruth Rufino do Nascimento": "Q22113458", "Ruth Salas": "Q22113478", "Xiao Zhang": "Q22114055", "Xiao-Hong Ou": "Q22114073", "Mika Sugimoto": "Q22114092", "Teresa Vera": "Q22114177", "Elizabeth Grobbelaar": "Q22911149", "Melanie L. Scallion": "Q23004874", "Sophie Cardinal": "Q23008931", "Katie J. Hopp": "Q23010092", "Jessica Maria Menezes Soares": "Q23068696", "Caroline Costa de Souza": "Q23068697", "Claude Jeanne": "Q23068710", "Joy Honezza S. Caballero": "Q23068717", "Erika Bazzato": "Q23068726", "Linda C. Hern\u00e1ndez": "Q23068757", "Luz Stella Fuentes": "Q23068758", "Celeste P\u00e9rez-Ba\u00f1\u00f3n": "Q23068798", "Daniela F.S. Rodrigues": "Q23068851", "Erinn P. Fagan-Jeffries": "Q23068865", "Nora Clara Cabrera": "Q23068869", "Paula C Rodr\u00edguez-Flores": "Q23068876", "Catalina Amaya-Perilla": "Q23068890", "Katherine V. Bysterveldt": "Q23068892", "Daisy Stainton": "Q23068894", "Anisha Dayaram": "Q23068895", "Sabrina Santos Costa": "Q23068907", "In\u00eas Corr\u00eaa Gon\u00e7alves": "Q23068912", "Gisele Jardim Bolze": "Q23068917", "Thereza de Almeida Garbelotto": "Q23068919", "Laura G. Alexander": "Q23068921", "Maria Fernanda da Cruz Caneparo": "Q23068929", "Marcela S.G. Carvalho": "Q23068930", "Julissa Melissa Churata Salcedo": "Q23068934", "Thaysa C. Kr\u00fcger": "Q23068937", "Camila F. Castro-Guedes": "Q23068939", "Zahra Yari": "Q23068999", "Alicja Alwin-Kownacka": "Q23069011", "Kirstin A. Williams": "Q23069036", "Fernanda T. Gobbi": "Q23069041", "Gabriela Louren\u00e7o Leviski": "Q23069058", "Edina T\u00f6r\u00f6k": "Q23069061", "Anna Il\u010dikov\u00e1": "Q23069076", "Carina Mara de Souza": "Q23069091", "A. Lucia P\u00e9rez-Benavides": "Q23069112", "Megumi Matsuo": "Q23071082", "Sara I. L\u00f3pez Ciruelos": "Q23091025", "Salam Rita Devi": "Q23661028", "Irina V. Dolinskaya": "Q23661049", "Elena P. Kameneva": "Q23661092", "Ayuna Gulgenova": "Q23661155", "Li-Hong Dang": "Q23661173", "M\u00edrian N. Morales": "Q23674970", "Patricia Estrada": "Q23674975", "Lurdiana Dayse de Barros": "Q23674996", "Anna Lvovna Tikhomirova": "Q23675038", "Katarzyna Pochrz\u0105st": "Q23675085", "Isabel Martinez-Sa\u00f1udo": "Q23675101", "Crystal Ernst": "Q23675114", "Sandra Holmgren": "Q23675133", "Yume Imada": "Q23675143", "Cec\u00edlia A. Banho": "Q23823604", "Pascale Courtial": "Q23930594", "A. J. Graham": "Q24054300", "Ana Celia Montes de Oca-Aguilar": "Q24392343", "Sandra P\u00e9rez": "Q24695374", "Diana Torres Dom\u00ednguez": "Q25437903", "Natala A. Fredes": "Q25438205", "Sonja Jean Scheffer": "Q25438281", "Ankita Gupta": "Q25438725", "Marcela Lareschi": "Q25439043", "Juliana Sanchez": "Q25439054", "Isis S\u00e1 Menezes": "Q25439197", "Nihara Gunawardene": "Q25439531", "Carly Melissa Tribull": "Q25439836", "Marie-Anne Auger-Rozenberg": "Q25440140", "Andressa Paladini": "Q25440351", "Rajni Smetacek": "Q25440362", "Luz Dary Ramirez": "Q25440419", "Joice P. Constantini": "Q25440761", "Jessica Cristina de Castro": "Q25440855", "Seraina Klopfstein": "Q25441139", "Mar Ferrer-Suay": "Q25441234", "Argyro Andriopoulou": "Q25441338", "Mariana Flores Lindner": "Q25441682", "Tania Milena Arias-Penna": "Q25441790", "Maria P. Zangrilli": "Q25442067", "Tatyana A. Trofimova": "Q25442168", "Ting-Jing Li": "Q25442457", "Milla Ahola": "Q25442756", "Giulia Magoga": "Q25442780", "Cec\u00edlia Kosmann": "Q25443079", "Paula Fernanda Motta Rodrigues": "Q25443084", "Nicole D. Bartolo": "Q25443309", "Zhiliang Wang": "Q25443644", "Susana L. Paradell": "Q25444625", "Anabela Cardoso": "Q25447142", "Wendy Moore": "Q25540740", "Laura M. V\u00e1squez-V\u00e9lez": "Q25577830", "Zuzana \u010ciamporov\u00e1-Za\u0165ovi\u010dov\u00e1": "Q25577858", "Katarina Stjepanovi\u0107": "Q25577873", "Keila de Cassia Coelho Rosa": "Q25712848", "Ana L\u00facia Benfatti Gonzalez Peronti": "Q25712849", "El\u017cbieta Sontag": "Q25778312", "Aleksandra Urbanek": "Q25778313", "M\u00f4nica Kalid Pedroza Tavares": "Q25796329", "Ana L. Guerra": "Q25796339", "Cristiane Moraes Freitas da Silva": "Q25796476", "Maria Ines Catalano": "Q25796480", "Ana A. Huamantinco Araujo": "Q25796494", "Michelle Sarcinelli Leal": "Q25894331", "Elena Iulia Iorgu": "Q25907210", "Brenda Evans": "Q25916604", "Katarzyna Kwiatkowska": "Q25927204", "Joanna \u017belazna-Wieczorek": "Q25927206", "Barbara Feldmeyer": "Q25927509", "Evelien Jongepier": "Q25927511", "Irina Morales": "Q25929574", "L\u00edvia Aguiar Coelho": "Q25934751", "Nubia Fran\u00e7a da Silva Giehl": "Q25936392", "Sheryl Yap": "Q25938061", "Yulia S. Kolosova": "Q25938887", "Abida Abdullah": "Q25973319", "Silvia Fabrizi": "Q25991309", "Angela Fortunato": "Q26000713", "Brittany E. Owens": "Q26000716", "Gabriela Pirani": "Q26002016", "Marina Stein": "Q26029530", "Maria G. Quintana": "Q26030363", "Ana L\u00facia Nunes Gutjahr": "Q26046133", "Wesley D. Colombo": "Q26084990", "Ze Hu": "Q26098141", "Shan-Shan Liu": "Q26157573", "M. Bhubaneshwari Devi": "Q26157745", "O. Sandhyarani Devi": "Q26157756", "Karen Armstrong": "Q26197471", "Stephania Sandoval Arango": "Q26224480", "Julia Schwarzer": "Q26251060", "Sara I. Montemayor": "Q26258173", "Birgit E. Rhode": "Q26269698", "Agata Kia\u0142ka": "Q26326278", "Zorica Nedeljkovi\u0107": "Q26335943", "Sne\u017eana Jovi\u010di\u0107": "Q26336240", "Sonja Mudri-Stojni\u0107": "Q26336603", "Ros\u00e2ngela Brito": "Q26703447", "Monica Mulder": "Q26724586", "Nadia Fatima": "Q26761681", "Miriam G. Holgado": "Q26807801", "Lina Zhao": "Q26837518", "Tatiana Swaminathan": "Q26869102", "Hui Geng": "Q26873922", "Emiko Oguri": "Q26905002", "Elisa von Groll": "Q26912065", "Keiko Uramoto": "Q26913634", "Sayeh Serri": "Q26921059", "Mirella Clausi": "Q26934440", "Monica Oreste": "Q26934457", "Maxine Shoemaker Heath": "Q26935531", "Eugenia A. Novikova": "Q26960994", "Josepha Erlacher": "Q27000964", "Vera Margarete Scarpassa": "Q27001835", "Priscila Guimar\u00e3es Dias": "Q27004332", "Olga Wo\u017anicka": "Q27009045", "Ewa Szarek-Gwiazda": "Q27009168", "Paraskeva Michailova": "Q27009207", "I. N. Lyamtseva": "Q27017165", "Marina Izabel Grave Ferreira": "Q27049142", "Joanna Czaja": "Q27062747", "Maria Bet\u00e2nia Furtado": "Q27094838", "Juliana Damieli Nascimento": "Q27094856", "Sueli Gardim": "Q27094910", "Alice F. Kumagai": "Q27096811", "Su-Cai Xia": "Q27106638", "Levona Bodner": "Q27108231", "Ewa Pietrykowska-Tudruj": "Q27147720", "M\u00f4nica Salazar-Souza": "Q27149638", "Lorena Andrade Nunes": "Q27230388", "Ouassima L'Mohdi": "Q27308111", "Alena Barto\u0148ov\u00e1": "Q27440632", "Katherine C. R. Baldock": "Q27440640", "Riitta Savolainen": "Q27440677", "Miriam Serrano-Mu\u00f1oz": "Q27440709", "Rosa D. Garc\u00eda-Marti\u00f1\u00f3n": "Q27440711", "Edith G. Estrada-Venegas": "Q27440713", "Natalia Maass": "Q27467676", "Michelle Trautwein": "Q27468404", "Maria Manuela Carmona": "Q27469838", "Cinzia Monte": "Q27494216", "Olivia F. Boyd": "Q27500310", "J\u00e9ssica Herzog Viana": "Q27500525", "Raysa Martins Lima": "Q27506614", "Sandra I. Uribe": "Q27507707", "Paula L. Marcet": "Q27507738", "Natalia Ruiz-Molina": "Q27507771", "Milana Mitrovi\u0107": "Q27570537", "Caroline Silva Neubern de Oliveira": "Q27612335", "Alejandra Clavijo": "Q27618204", "Katsura Morimoto": "Q27639052", "Sara L\u00f3pez-P\u00e9rez": "Q27666152", "Stephanie Leon": "Q27704210", "Magdalena Gawlak": "Q27741857", "Catherine P. Murphy": "Q27763761", "Viktorija Dobrynina": "Q27769799", "Asta Navickait\u00e9": "Q27769800", "Janice G. Peters": "Q27820729", "Ana Paula Coelho Marques": "Q27851515", "Lydia R.J. Smith": "Q27882512", "Olga M. Nu\u00f1eza": "Q27888807", "Ana Carolina B. Valadares": "Q27892787", "Meixia Yang": "Q27894522", "Catarina Prado e Castro": "Q27908883", "Carla Rego": "Q27909344", "Jessica Stapel": "Q27916293", "Karla Cantarero": "Q27916765", "Ling-Yi Jia": "Q27941756", "Anita C. Risch": "Q27941923", "Nataliya Kuznetsova": "Q27943272", "Rosy Mary dos Santos Isaias": "Q27950525", "Tatiana S. Kostromina": "Q27955782", "Carolina da Silva Souza-Gessner": "Q27966286", "Ana Pe\u00f1aherrera-Leiva": "Q27967226", "Fatemeh Hosseininaveh": "Q27971454", "Maribet Gamboa": "Q27972184", "Sasha Vasconcelos": "Q27974874", "Tamara Szentiv\u00e1nyi": "Q27989404", "Karine Brenda Barros-Cordeiro": "Q28001683", "Paula Batista dos Santos": "Q28003495", "Elena M. Davidian": "Q28007373", "Rochelle Hoey-Chamberlain": "Q28008891", "Ma\u00edsa de Carvalho Gon\u00e7alves": "Q28037435", "Paramita Mukherjee": "Q28049474", "Julie A. Weissmann": "Q28119534", "Ana Pican\u00e7o": "Q28119540", "Sandra Gonz\u00e1lez Rodr\u00edguez": "Q28122557", "Sibylle M. V. Gussmann": "Q28148131", "M. \u00c1ngeles Marcos-Garc\u00eda": "Q28161296", "Mar\u00eda Hern\u00e1ndez Nieves": "Q28196962", "Farzana Perveen": "Q28315990", "Fatima Fazal": "Q28315991", "Alessandra Sforzi": "Q28362538", "Rocio Ana Gonzalez-Vaquero": "Q28362785", "Heleen Fermon": "Q28399329", "Katja Kramp": "Q28399330", "Irma Gisela Nieto-Casta\u00f1eda": "Q28453626", "Arianna Thomas": "Q28464579", "Phyllis L. Robertson": "Q28465086", "Manuela Pinzari": "Q28465444", "Mariel E. Guala": "Q28475428", "Julia H. Mynott": "Q28484228", "Mariana Geraldo": "Q28532357", "Diana Mary Percy": "Q28584693", "El\u017cbieta Warcha\u0142owska-\u015aliwa": "Q28600667", "Mercedes L\u00f3pez": "Q28605034", "Laura Guidolin": "Q28653683", "Raquel Lima de Souza": "Q28659110", "Meral Fent": "Q28727131", "Nadia Venedictoff": "Q28735310", "Kerstin Lewandowski-Krenz": "Q28744861", "Juanita Rodriguez": "Q28837329", "Patricia Gonz\u00e1lez": "Q28846702", "Luc\u00eda E. Claps": "Q28846769", "Andrea Ju\u00e1rez": "Q28846823", "Jessamyn R. Adorada": "Q28849212", "Charlene Janion-Scheepers": "Q28855391", "Dalva L. Queiroz": "Q28868669", "Andrea Jarzabek-M\u00fcller": "Q28869934", "Olga V. Yushkova": "Q28872392", "Paloma Helena Fernandes Shimabukuro": "Q28918955", "Sofia Terzopoulou": "Q28924617", "Thelma T. Heidel-Baker": "Q28927048", "Tessa R. Smith": "Q28935830", "Cui-Qing Gao": "Q28945655", "Anna Czaplicka": "Q28950425", "Paula Cristina Sim\u00f5es": "Q28955573", "Vera L. Nunes": "Q28955641", "Raquel Mendes": "Q28955866", "Telma G. Laurentino": "Q28955885", "Karine Schoeninger": "Q28956968", "Javiera R. Rocca": "Q28971499", "Janis N. Matsunaga": "Q29000364", "Sarah A. Knutie": "Q29034920", "Gawhara M.M. Abu El-Hassan": "Q29035465", "Liberata Gualtieri": "Q29043492", "Elisa Verdolini": "Q29043495", "Paola Riolo": "Q29043500", "Katherine C. Nesheim": "Q29046117", "Cynthia N. Park": "Q29047889", "Lisa M. Overall": "Q29047894", "D\u00e9borah S. Soldati Lacerda": "Q29052654", "S. Ramya Roopa": "Q29054047", "Claudia M\u00f6stel": "Q29068709", "Maryam Aleosfoor": "Q29071300", "Martina Dorkov\u00e1": "Q29168288", "Roberta dos Santos da Silva": "Q29351327", "Jenna M. Jacobs": "Q29384870", "Yousra Benyahia": "Q29385941", "M. Anne Basham": "Q29431462", "Isabelle Betancourt": "Q29431549", "Christy Bills": "Q29431644", "Caitlin Chapman": "Q29432430", "Julia Colby": "Q29432439", "Kathryn M. Daly": "Q29432542", "Rachel L. Hawkins": "Q29432832", "Stacey Huber": "Q29433980", "Nicole Palffy-Muhoray": "Q29434076", "Nazymgul Akimbekova": "Q29453419", "Nadya Nikolova": "Q29557921", "Jane M. McRae": "Q29560817", "Terrie Finston": "Q29560848", "Ana Je\u0161ovnik": "Q29566760", "Adriana Trevizoli Salom\u00e3o": "Q29577186", "Penelope J. Mills": "Q29579067", "Rachel L. Stone": "Q29583248", "C. Lorna Culverwell": "Q29585611", "Mark\u00e9ta Omelkov\u00e1": "Q29586777", "Dariane Amorim do Nascimento": "Q29628375", "Maria Thayane da Silva Mendon\u00e7a": "Q29628513", "Sanja Veseli\u0107": "Q29650127", "Semra Turgut": "Q29913712", "Claudia Solano Rocha": "Q29973315", "Danila Blanco de Carvalho": "Q29973383", "Rossana Falcone": "Q29973401", "Roxana Acosta": "Q29976883", "Flavia Grita": "Q29981694", "Mari Kekkonen": "Q29981709", "Maria Heikkil\u00e4": "Q29981710", "Bruna Maria da Silva Cavalcante": "Q29997663", "Olga Korsunovskaya": "Q30001347", "Diana Silva D\u00e1vila": "Q30003005", "Anne Zillikens": "Q30003472", "Nat\u00e1llia Vicente": "Q30016134", "Ioana C. Chintauan-Marquier": "Q30016316", "Julia Bauder": "Q30073469", "Qi-Di Zhu": "Q30080489", "Janet J. Knodel": "Q30123561", "Erika Mayumi Shimabukuro": "Q30139686", "Elisabeth Weingartner": "Q30158670", "R. Tatiana S\u00e1nchez": "Q30175236", "Daniela C. Ferreira": "Q30226583", "Maria Luisa Tunes Buschini": "Q30275076", "Fanciele Brozoski": "Q30275087", "Priscila Rudiak Lustosa": "Q30275097", "Adriana Ines Zapata": "Q30312878", "Sandra C. de Cristo": "Q30313321", "Alice Carvalho Assmar": "Q30339913", "Cinthia Chagas": "Q30342160", "Sheila Lima": "Q30342207", "Claude Chantal": "Q30527937", "Nicole Rasoamanana": "Q30531822", "Julia Cever\u00f3": "Q30559587", "Bahareh Majnon-Jahromi": "Q30581519", "Geanne Carla Ripani Rodrigues": "Q30805264", "Ana Lia Est\u00e9vez": "Q30976441", "Raorao Mo": "Q31104311", "Malkie Spodek": "Q31115636", "Carolina Baldin": "Q31139963", "Audrey Bolard": "Q31271019", "Ebru G\u00fcl Aslan": "Q31440293", "Silvia P. Mondrag\u00f3n": "Q31776408", "Doris Rosero-Garc\u00eda": "Q31926315", "Sara A. Bickersmith": "Q31926443", "Margarita M. Correa": "Q31926576", "Laure Kaiser": "Q32054059", "C\u00e9lina Chantre": "Q32054336", "Lina P. Giraldo": "Q32064932", "Blanca C. Ramos": "Q32064933", "Elisabeth A. Herniou": "Q32148131", "Valberta Alves Cabral": "Q32798060", "Anete P. Lourenco": "Q32798693", "Marilyn Hewish": "Q32827509", "Aline Louren\u00e7o": "Q32831631", "Laura Gonzalez-Mozo": "Q32857680", "J\u00e1dila Santos Prando": "Q32933566", "Stephanie Pereira de Souza": "Q32945346", "Beatriz Camis\u00e3o": "Q32998805", "Tatiana Petersen Ruschel": "Q33038840", "M. Eugenia Brentassi": "Q33039110", "Lily Berniker": "Q33061028", "Lyudmila Vasiliev": "Q33120694", "Lyudmila Yanovich": "Q33120704", "Areeruk Nilsai": "Q33129631", "Agnieszka Nowi\u0144ska": "Q33437454", "Ewa Mr\u00f3z": "Q33437832", "Agnieszka Bugaj-Nawrocka": "Q33468058", "Christine Buhl": "Q33497452", "Yumiko Hirayama": "Q33676200", "Nicole L. Gunter": "Q34257465", "Dipanwita Das": "Q34555475", "Kakali Bhadra": "Q34555778", "Miryam P. Damborsky": "Q35013559", "Amy G. Vandergast": "Q35143461", "Corinna S. Bazelet": "Q35144018", "Eva Cuesta": "Q35187642", "Sushmika Pradhan": "Q35691022", "Asha Bhardwaj": "Q35692628", "S\u00edlvia Pina": "Q37033502", "Joana Santana": "Q37041450", "Hannah E. Davis": "Q37148053", "Ana Fern\u00e1ndez-Galliano": "Q37151211", "Emily Griffin": "Q37151390", "Megan K. McAulay": "Q37157806", "Vanessa Amaya-Vallejo": "Q37181933", "Noelia Quezada-R\u00edos": "Q37337069", "Carolina Soto-Armijos": "Q37337640", "Carole Kerdelhu\u00e9": "Q37616320", "Gloria Minaya": "Q37633243", "Aline V. Miranda": "Q37734971", "Anne Wasmund": "Q37777083", "Maria S. Vishnevskaya": "Q39125578", "Gabriela Thomaz da Silva": "Q39357227", "Gowri Rajaratnam": "Q40370632", "Jane Costa": "Q40417315", "Mariana Alejandra Cherman": "Q40768843", "Julie-Anne Dorval": "Q41040902", "Maryzender Rodr\u00edguez": "Q41441309", "Mohadeseh Sadat Tahami": "Q41494760", "Nadia S. Gibran": "Q41503943", "Katja S Schulz": "Q41566706", "Flavia A. Esteves": "Q41673998", "Lucie Hr\u016fzov\u00e1": "Q41702654", "Anastasia V. Kokina": "Q41759423", "Victoria A. Soboleva": "Q41761246", "Silmara Marques Allegretti": "Q41777737", "Manuela Citlali Chac\u00f3n-Cardosa": "Q41793172", "Lauren Ward": "Q41796342", "Diana Resendez-P\u00e9rez": "Q41796345", "Catherine J. Byrne": "Q41940934", "Hingrid Yara Souza Quintino": "Q42127029", "Thais Giovannini Pellegrini": "Q42205135", "Fatemah Jahantigh": "Q42295684", "Sara Ramroodi": "Q42295689", "Sanae Zinebi": "Q42298239", "Ad\u00e9la\u00efde Miarinjara": "Q42341139", "Jennifer C. Thomas": "Q42384862", "Andrea Stephens": "Q42419488", "Fav\u00edzia Freitas de Oliveira": "Q42697142", "Denise Araujo Alves": "Q42849126", "Aline de Oliveira Lira": "Q42864509", "Shasta Claire Henry": "Q42904719", "Therese Poland": "Q43120169", "Camila Gonzalez": "Q43176177", "M\u00f3nica Torres-Pach\u00f3n": "Q43203071", "Ana Dal Molin": "Q43261258", "Marta Garc\u00eda": "Q43267980", "Cecilia Ferreira de Mello": "Q43313187", "Claudia Szumik": "Q43362887", "Raquel Gandolfo": "Q43372034", "Ver\u00f3nica Pereyra": "Q43372058", "Dani\u00e9la Calado": "Q43500758", "Fl\u00e1via Rodrigues Fernandes": "Q43501584", "Helena Castanheira de Morais": "Q43560666", "Susete do Rocio Chiarello Penteado": "Q43561660", "Ana V. Costa": "Q43582439", "Marilza Maia-Herzog": "Q43584811", "Ana Paula da Silva Loffredo": "Q43602517", "\u00c2ngela Isidro de Farias": "Q43604747", "Viviane Gianluppi Ferro": "Q43668704", "Vanessa Souza Machado": "Q43711161", "Maria Cristina Granara de Willink": "Q43833427", "Tatiana R. Carneiro": "Q43833679", "Cristina S. Bastos": "Q43881622", "Nivia da Silva Dias-Pini": "Q43881853", "Ruth L. Ferreira Keppler": "Q43881889", "S\u00f4nia Thereza Bastos Dequech": "Q43947043", "Cec\u00edlia Dorfey": "Q43947055", "Daniele R. Parizotto": "Q44059374", "Patricia J. Thyssen": "Q44089637", "Isabel Bertolaccini": "Q44209947", "Fabiana Gallardo": "Q44249692", "Giselle B. Menezes": "Q44310636", "Miriam Becker": "Q44313261", "Geniana A. Reis": "Q44414209", "Larissa Santana": "Q44752523", "Silvana Ferreira Lima": "Q45026567", "Sandra M. Pasenow Braga": "Q45231258", "Yoko Matsumura": "Q45691603", "Lucile Perdereau": "Q45799948", "Helena P Romanowski": "Q45919450", "Tanya Dapkey": "Q46029423", "Helena Soares Ramos Cabette": "Q46171504", "Stephanie Loria": "Q46253046", "Dalva L. Q. Santana": "Q46404553", "Dana Miklisov\u00e1": "Q46995499", "Susan C. Jones": "Q47002646", "Magdalena Kubaczkova": "Q47008654", "Elisa Aiko Miyasato": "Q47015035", "Maria Manuela da Gama": "Q47061936", "Let\u00edcia A. de Oliveira": "Q47062481", "Ana Paula dos Santos de Carvalho": "Q47068059", "Katherine A Parys": "Q47113375", "Hannah M. Wood": "Q47220048", "Salinee Khachonpisitsak": "Q47262120", "Thais Oliveira Do Carmo": "Q47401166", "Valentina Todisco": "Q47456328", "Donatella Cesaroni": "Q47463619", "Angelica J. Pytel": "Q47463925", "Constance M. Brandin": "Q47463928", "Sarah E. Rogers": "Q47463931", "Maria Goffredo": "Q47502963", "Chrystal Clitheroe": "Q47523199", "Tamar Marcus": "Q47525149", "Dorothea Nolte": "Q47525154", "Eva V\u00f6ller": "Q47525398", "Sara R.F. Fernandes Elizalde": "Q47530558", "Claire A. Daniel": "Q47541630", "Anne Caroline Pantoja de Sousa": "Q47542490", "Chirlei D. Brito": "Q47701792", "Thea Lautenschl\u00e4ger": "Q47786924", "Anke F\u00f6rster": "Q47789829", "Julia A. Blyth": "Q48430880", "Anjana Gangadharan M.": "Q48465156", "Kendra Yakobson": "Q48598627", "Ma\u0142gorzata Bie\u0144kowska": "Q48845499", "Sarah C. Maunsell": "Q48959569", "Marta A. Jarzyna": "Q48959572", "Clorinda Vergara-Cobi\u00e1n": "Q49025609", "Patricia Holloway": "Q49472213", "Claudia Renata Guti\u00e9rrez-Arellano": "Q49883902", "Daniela Guti\u00e9rrez-Arellano": "Q49884439", "Sonia Maria Noemberg Lazzari": "Q50155715", "Marianne Sinka": "Q50335137", "Anna M. Solecki": "Q50349433", "Hitomi Mizukawa": "Q50377510", "Anna Nuzhna": "Q50499287", "Katja Neven": "Q50519588", "Evie Lilly Warikar": "Q50520603", "Anna Suuronen": "Q50611208", "Charlotte Aldebron": "Q50616312", "Camila Marques Adade": "Q50823550", "Alessandra de A. R. da Silva": "Q50824560", "Maria Avany B. Gusm\u00e3o": "Q50824712", "Julia Stigenberg": "Q50887754", "Rumyana Kostova": "Q50951336", "Janet C. Ciegler": "Q51051160", "Magdalena Sorger": "Q51078033", "Nina Pak": "Q51097515", "Carol D. von Dohlen": "Q51158530", "Carolyn Trietsch": "Q51176239", "Laura Marrero Palma": "Q51231611", "Catarina Gon\u00e7alves": "Q51299867", "Vera L. Crisci-Bispo": "Q51600273", "Agata Kostro-Ambroziak": "Q51643635", "Catherine Loudon": "Q51714596", "Melanie M. Davidson": "Q51804780", "Natalie Dale-Skey Papilloud": "Q51836927", "Elizabeth Louise Allan": "Q52024063", "Ana Lucia Henriques-Oliveira": "Q52063738", "Nur\u015fen Alpagut Keskin": "Q52101260", "Marina Jankovi\u0107": "Q52145145", "Carina Pretzer": "Q52198838", "Anna Pal": "Q52198878", "Michaela Hoenigsberger": "Q52199334", "Linda Lim": "Q52200608", "Irina S. Druzhinina": "Q52200659", "Marie-Th\u00e9r\u00e8se Chassagnard": "Q52495044", "Claire Miles": "Q52600497", "Roula Jabbour-Zahab": "Q52693282", "Astrid Cruaud": "Q52693287", "Liliana Ballesteros Mejia": "Q52734127", "Maria C. Arias": "Q52765456", "In\u00e9s Mart\u00edn-Mart\u00edn": "Q52770713", "Ang\u00e9lica Mar\u00eda Corona-L\u00f3pez": "Q52893295", "Fiorella D\u00edaz": "Q53035559", "Debora Natalia Bangher": "Q53037658", "Silvia Ramira Lopes": "Q53087811", "Brigitte Lods-Crozet": "Q53125932", "Ana C.R. Neves": "Q53266152", "Angela Canesin": "Q53286353", "Diana J. Castro-Gerardino": "Q53487206", "Maria E Catlow": "Q53499183", "Mathilde Delaunay": "Q53500519", "R\u00e9gine Vignes-Lebbe": "Q53500632", "Kathleen M. Saint": "Q53633552", "Zoe J. O. Adams": "Q53640095", "Katarzyna Czerewko": "Q53802109", "Bianca Baranek": "Q54164904", "O\u013ega Ivanovna Kadebskaya": "Q54324322", "Kaitlyn A. Mathis": "Q54637913", "Luisa Ruz": "Q54655379", "Anna A. Namyatova": "Q54670979", "Ana Mitrovski-Bogdanovi\u0107": "Q54725370", "Miriam H. Richards": "Q54801173", "Sandra M. Rehan": "Q54801185", "Marjolaine Giroux": "Q54803040", "Christine Dieckhoff": "Q54809520", "Megan V. Herlihy": "Q54809565", "Diana I. Rend\u00f3n-Mera": "Q54833961", "Paula V. Borlini": "Q54854491", "Lucimar S. Araujo": "Q54854499", "Amalia Bogri": "Q54922680", "Margarita Florencio": "Q54978718", "Wanessa da Silva Costa": "Q55077078", "Bruna Viana Navarro": "Q55081695", "Katherine E. O. Fairbanks": "Q55106316", "Josephine Rodriguez": "Q55113848", "Cl\u00e1udia F. Marinho": "Q55165773", "Carrie B. Aaron": "Q55217013", "Christiana Klingenberg": "Q55217496", "Rebecca Klug": "Q55217500", "Vanina Anadina Reche": "Q55222674", "Brenda Zarate": "Q55222714", "Cecilia Curis": "Q55222739", "Claire M. Mugasa": "Q55262938", "Nelly Ndungu": "Q55262972", "Chrysalyn Dominguez": "Q55287439", "Viridiana Lizardo": "Q55315564", "Amy Cutler": "Q55317589", "Elizabeth Alvarez": "Q55318091", "Victoria Haltermann": "Q55318103", "Catherine Blewer": "Q55318292", "Coline Bodenreider": "Q55318342", "Annika Salzberg": "Q55318395", "Branislava Mihajlova": "Q55339391", "Diana Carolina Arias-Penna": "Q55404490", "Patricia Dorn": "Q55441898", "Jana Speer": "Q55542936", "Melania Stan": "Q55618274", "Katharina Hopf": "Q55625747", "Roger Lynn Heitzmann": "Q55625829", "Marie Delachapelle": "Q55626308", "Doris Maxwell": "Q55626542", "Blair McGugan": "Q55626663", "Sofia Hanabergh": "Q55664799", "Jennifer L. Apple": "Q55669609", "Celina Fern\u00e1ndez": "Q55672536", "Phoebe A. Burns": "Q55690718", "Alena A. Tomilova": "Q55698492", "Carolina Dale": "Q55753832", "Lori Stevens": "Q55753922", "Raquel Lima-Cord\u00f3n": "Q55753945", "Jennifer Werner": "Q55772537", "Erin Barbeau": "Q55816206", "Karla Mantilla": "Q55819023", "Ellen Lake": "Q55823892", "Annery Serrano": "Q55915949", "Fatima Zohra Bahid": "Q55927049", "Lara-Sophie Dey": "Q55927052", "Johanna Schwartz": "Q55971342", "Beata Grzywacz": "Q55980017", "Margaret Eva Poor Hurd": "Q56055693", "Katherine M. Arguez": "Q56064989", "Nancy Antoine Leidy": "Q56116474", "Sarah Kathleen Gess": "Q56145740", "Danielle Anjos-Santos": "Q56153368", "Ana Danitza Pe\u00f1afiel-Vinueza": "Q56162552", "Violeta Rafael": "Q56162569", "Carolina Yamaguchi": "Q56164648", "Betty Benrey": "Q56207373", "Mar\u00eda del Carmen Hern\u00e1ndez-Fonseca": "Q56233326", "Isabelle Dajoz": "Q56310816", "Antonia Elena Guidotti": "Q56323061", "Amanda Ciprandi Pires": "Q56333131", "Nanna Roos": "Q56378981", "Manuela Giovanetti": "Q56425146", "Lee Rafuse Haines": "Q56429084", "Sarah Bank": "Q56444719", "Maria A. Knushevitskaya": "Q56446946", "Wen-Tian Xu": "Q56452859", "Eve Veromann": "Q56460142", "Julieta Ramos-Elorduy Bl\u00e1squez": "Q56537629", "Ana S.B. Rodrigues": "Q56550713", "Sofia G. Seabra": "Q56550780", "V\u011bra Volfov\u00e1": "Q56557237", "Elena S. Fomina": "Q56560637", "Marta Guill\u00e9n": "Q56575417", "Maria Ines Zamar": "Q56650462", "Liliana Kanavalov\u00e1": "Q56696507", "M\u0103d\u0103lina Viciriuc": "Q56702526", "Annie Simpson": "Q56798499", "Nicola Jayne Sullivan": "Q56805133", "Ariane Dor": "Q56839591", "Therese A. Catanach": "Q56928743", "Mar\u00eda De Jes\u00fas Garc\u00eda-Ram\u00edrez": "Q57172114", "Luc\u00eda \u00c1lvarez-Castillo": "Q57510125", "Mar\u00eda Cecilia Ezquiaga": "Q57708251", "Melanie Ruiz": "Q57708321", "M. Guadalupe del Rio": "Q57800036", "Helen M Barber-James": "Q57908004", "Araseli Elme Tumpay": "Q57919615", "Joan Vives Duran": "Q58198192", "Teresa Farino": "Q58620362", "Ximena E. Bernal": "Q58795582", "Mar\u00eda del Rosario C\u00e1rdenas-Aquino": "Q58822366", "Norma Marina Alarc\u00f3n-Rodr\u00edguez": "Q58822416", "Celina Llanderal-C\u00e1zares": "Q58822943", "Marina D. Mainardi": "Q58886933", "Claudia Paredes-Esquivel": "Q59150023", "N.V. Omelko": "Q59248181", "Adya Nath Basu": "Q59305625", "Magali Aguilera-Uribe": "Q59316182", "Elisabeth Burgess": "Q59449195", "Amanda Markee": "Q59499098", "Anna Marya\u0144ska-Nadachowska": "Q59510263", "Christina L. Kwapich": "Q59546085", "Lucimar Gomes Dias": "Q59555967", "Anna Katherina Dimmock": "Q59560418", "Ewelina Szwaj": "Q59565082", "Analyn A. Cabras": "Q59603586", "Melinda Moir": "Q59687178", "Brigitte Howarth": "Q59688785", "Bianca Piraccini Silva": "Q59696858", "Maria Teresa Rebelo": "Q59704855", "Chanaporn Sutthinun": "Q59880001", "Daniela Thalia Candia-Ram\u00edrez": "Q59900125", "Julia S. Volkova": "Q59914469", "Kelli dos Santos Ramos": "Q60055400", "Amy Smith": "Q60057722", "Mar\u00eda Marta Cigliano": "Q60078372", "Iris Bernardinelli": "Q60345904", "Cecilia Bernardo Pereira": "Q60466244", "Elmecelli Moraes de Castro Souza": "Q60466589", "Aura Paucar-Cabrera": "Q60501878", "Mar\u00eda Paula Campos-Soldini": "Q60637000", "Melania Edith Safenraiter": "Q60637069", "Estrella Natal\u00edn Fern\u00e1ndez": "Q60637776", "Jessica Kirkpatrick": "Q60673304", "Hortensia Carrillo-Ruiz": "Q60677950", "Juan Guo": "Q60776940", "Sereina Rutschmann": "Q61010037", "Elizabeth Reese": "Q61056485", "Laura Burkle": "Q61056677", "Maria I. Castro-Vargas": "Q61161435", "Army Limin": "Q61307004", "Aqilah Brahim": "Q61307211", "Angela Tucker": "Q61312437", "Andrea Aracil": "Q61718342", "Susanna Acheampong": "Q61905767", "Tara D. Gariepy": "Q61905976", "Sarah A. Corbet": "Q61956867", "Isolda Rocha e Silva-Albuquerque": "Q62036012", "Fenja Brodo": "Q62036157", "Mar\u00eda Razo-Gonz\u00e1lez": "Q62070931", "Antonieta Rodas": "Q62081170", "Gabriela Anait\u00e9 Rodas": "Q62081206", "Trude Magnussen": "Q62111799", "Agatha J. Tauber": "Q62391003", "Elena Subbotina": "Q62627691", "Perla Alonso-Egu\u00edaLis": "Q62867858", "Kimberly Garc\u00eda": "Q62946283", "Dominika Ru\u017ei\u010dkov\u00e1": "Q63007308", "Gabriela Casta\u00f1o-Meneses": "Q63065116", "Paula Andrea D\u00edaz": "Q63125738", "Maria Clara Benitez": "Q63126362", "Maria Isabel Cruz": "Q63126673", "Elizabeth Quisberth Ramos": "Q63127137", "Aline Knoblauch": "Q63244059", "Maria A. Wong": "Q63285360", "Elsa Barrero": "Q63314292", "Sarah Lumley": "Q63314332", "Chiara Leo": "Q63368215", "Nayeli Guti\u00e9rrez": "Q63544682", "Karina Mondragon-Shem": "Q63658715", "Vivian Dalstein": "Q63722667", "Anna Fojtikova": "Q63871437", "Katarzyna Von\u010dina": "Q63871965", "Carla N. Alvarez": "Q64095772", "Ana C. Alonso": "Q64096224", "Juana A. Willener": "Q64096443", "Mar\u00eda Su\u00e1rez-Mu\u00f1oz": "Q64692817", "Elena Ortega-D\u00edaz": "Q64707169", "Davaadorj Enkhnasan": "Q64786184", "Diana E Wheeler": "Q64963365", "Matilda W. Gikonyo": "Q65050597", "Franziska Beran": "Q65051088", "Angelique Wendorff": "Q65100083", "Ayse G\u00fcngor": "Q65115150", "Charlotte Huyghe": "Q65115200", "Yin Pang": "Q65511806", "Anne Freitag": "Q65562306", "Janice S. Edgerly": "Q65923912", "Karima Abdellaoui Hassaine": "Q65926492", "Melissa A. S. Hutchison": "Q65940137", "Sarah Meierotto": "Q65947903", "Dorothy Floyd": "Q65962575", "Olive Aslett": "Q65962603", "Emma Wahlberg": "Q66023616", "Albena Lapeva-Gjonova": "Q66124434", "Li-Ping Yan": "Q66261960", "Shuo-yang Wen": "Q66364286", "Enid Rowena Peacock": "Q66621073", "Izayana Sandoval-Carvajal": "Q66662358", "Barbara Proen\u00e7a": "Q66741862", "Kirstern Lica F. Haseyama": "Q66759465", "Natalia A. Zubrii": "Q66809665", "Jessica B. Baroga-Barbecho": "Q66816228", "Nancy Collins": "Q66840668", "Isabel Margarita Coronado Gonz\u00e1lez": "Q66842670", "Zeinab Bazyar": "Q67090168", "Namrata Dutt": "Q67147059", "Eliane Solar Gomes": "Q67183722", "Michelle Locke": "Q67198391", "Ana Paula Leite Kochenborger": "Q67546231", "Sandrine Picq": "Q68025343", "Sophie Tremblay": "Q68026264", "Junia Yasmin Oliveira Carreira": "Q68099070", "Lu\u00edsa L. Mota": "Q68099292", "Sonja Darschnik": "Q68968639", "Martina Weiss": "Q68969432", "Tetiana Tiahunova": "Q70414694", "Marketa Musalkova": "Q70653841", "Angela Chuang": "Q70736479", "Christy Leppanen": "Q70737445", "Elisabeth Butschek": "Q71831648", "Dania Saladrigas Men\u00e9s": "Q72758676", "Mar\u00eda Jim\u00e9nez-Urrutia": "Q72758943", "Barbara Ismay": "Q72835306", "Mar\u00eda-Jos\u00e9 Sanzana": "Q72932720", "Mahfuza Momen": "Q72938928", "Nuria Agusti": "Q73189387", "D\u00e9sir\u00e9e Chantal Al\u00e9n\u00e9": "Q73513229", "Ma\u00edra Q. Rezende": "Q73513512", "Mariangela da Silva Guajar\u00e1": "Q73514842", "Eugenia Labina": "Q73516128", "Elisangela G. F. Morais": "Q73516946", "Elisiane Castro de Queiroz": "Q73517729", "Luciana Musetti": "Q73553803", "Jana Mare\u0161ov\u00e1": "Q73660432", "Evelyne Carri\u00e8res": "Q74994842", "Le Zhao": "Q75119722", "Marina Oleiro": "Q75773187", "Beatriz Woiski Teixeira Coelho": "Q76480268", "M\u0131ch\u00e8le Lemonnier-Darcemont": "Q76765530", "Felicitas Erzinger": "Q77247180", "Kavita Pandey": "Q77264865", "Jelena Preradovi\u0107": "Q79679274", "Khadijeh Madahi": "Q79774066", "Blanca Mej\u00eda Recamier": "Q80005128", "Mar\u00eda Fernanda D\u00edaz": "Q80115787", "Guadalupe Rojas": "Q80731109", "Inge Armbrecht": "Q81446948", "Maria Terc\u00edlia Azeredo-Oliveira": "Q81449513", "Mary Jane Hatfield": "Q83205573", "Maria Urso-Guimar\u00e3es": "Q83368931", "Irene Lobato-Vila": "Q83439836", "Carina Dressler": "Q83690447", "M. Christine Rose-Smyth": "Q83993489", "Lena Grinsted": "Q84073762", "Jennifer Jane Dymock": "Q84100113", "Ruth V. Hershberger": "Q84171505", "Natalia V. Bazova": "Q84377799", "Stephanie Skipp": "Q84411237", "Ma\u0142gorzata Kalandyk-Ko\u0142odziejczyk": "Q84496531", "Alda Gonz\u00e1lez": "Q84836241", "Megan Therese Halcroft": "Q84862297", "Zofia A Kaliszewska": "Q84991396", "Anne J Alexander": "Q85219428", "Jennifer L Porter": "Q85439243", "Mar\u00eda Bel\u00e9n Lara": "Q85453778", "Julianne Farrell": "Q86213295", "Madeline M. Arnaud": "Q86460040", "Helen F Nahrung": "Q86594920", "Gissela De la Cadena": "Q86901743", "Melissa S\u00e1nchez Herrera": "Q87210796", "Sandra Nieves-Uribe": "Q87279209", "Marina Regina Frizzas": "Q87285560", "Violeta Halffter": "Q87347414", "Grizelle Gonz\u00e1lez": "Q87411286", "Claudia M. Ospina-S\u00e1nchez": "Q87411326", "Erin Powell": "Q87761221", "Patricia Rojas Fern\u00e1ndez": "Q87796237", "Katarzyna Golan": "Q87911495", "Tiffany Yau": "Q88285552", "Gema Trigos-Peral": "Q88506894", "L\u00faciene Gimaque da Silva": "Q88659778", "Hang Thi Dao": "Q88826891", "Mar\u00eda P. Elizalde-Gonz\u00e1lez": "Q88888009", "Vianey Mar\u00edn-Cevada": "Q88888242", "Jelena \u010canak Atlagi\u0107": "Q89041405", "Jelena \u0110ukni\u0107": "Q89041976", "Krist\u00fdna Ad\u00e1mkov\u00e1": "Q89052895", "Nata\u0161a Stritih Peljhan": "Q89283610", "Nancy Deyrup": "Q89421426", "Jessica Awad": "Q89456174", "Audrey Grez": "Q89565178", "Jackie Farf\u00e1n": "Q89695425", "Avalon Owens": "Q90291554", "Daniela M. Ilie": "Q90414641", "Maria Em\u00edlia Santos": "Q90568267", "Ingrid A Minnaar": "Q90623321", "Carolle Adaymeh": "Q90658574", "Quratulan Ahmed": "Q90993643", "Katherine R Urban-Mead": "Q91099160", "Tatyana Putyatina": "Q91531342", "Aila Soares Ferreira": "Q91923880", "P\u00e2mella Machado Saguiah": "Q92026795", "Rebecca Jane Le Grice": "Q92165265", "Mar\u00eda Bel\u00e9n Aguirre": "Q92173138", "Maria-Magdalena Dasc\u0103lu": "Q92239809", "Fernanda L.G. Penaforte": "Q92344288", "Sara V. Brant": "Q92443615", "J\u00falia Fochezato": "Q92462277", "Laura D Porturas": "Q92555130", "Sara Lariza Rivera-Gasper\u00edn": "Q92755658", "Olga Pinz\u00f3n-Flori\u00e1n": "Q92980156", "Liliana F. Cantil": "Q93033321", "Tamara G. Carvalho": "Q93312709", "Pamela Tobin": "Q94640852", "Claudia Dias": "Q95238718", "Marrit van der Meer": "Q95241656", "Ouarda Banamar": "Q95693840", "Tracy Zarrillo": "Q95918064", "Marina Doris Meixner": "Q96022828", "Neslihan Bal": "Q96132399", "Alice Ellen Prout": "Q96218240", "Carol M. Frost": "Q96250272", "Klaudia Florczyk": "Q96318745", "Didem Coral \u015eahin": "Q96354849", "Doris M. Lagos-Kutz": "Q96464104", "Jana K\u0159emenov\u00e1": "Q96640064", "Jeanne Robinson": "Q96952651", "Valeria B. Salinas-Ramos": "Q97041381", "Julia Puplesyte-Chambers": "Q97155856", "Veronica D. Tyts": "Q97579512", "Hilda Alice de Oliveira Gastal": "Q97621447", "Emine Demir": "Q97656611", "Yuliya Yurievna Ivanushenko": "Q97671033", "Barbara Garcia Wright": "Q97696440", "Roxanna D. Normark": "Q97793027", "A. Teson": "Q97796844", "Isabella Robinson": "Q97806320", "Adriana Argoti": "Q97851591", "Anna A. Gurina": "Q97961029", "S. Amritha Kumari": "Q97998943", "Joanna Jaramillo": "Q98076434", "Galina Nikolaevna Kuftina": "Q98183151", "Anastasia V. Gagarina": "Q98183169", "Elizaveta Yu. Gorodilova": "Q98183177", "Zoya Stanislavovna Lazareva": "Q98183183", "Lina Hanane Kechemir": "Q98240636", "Marie K. H\u00f6rnig": "Q98281456", "Viswajyothi Keezhpattillam": "Q98456915", "Davorka Kitoni\u0107": "Q98461312", "Kira M. Zhaurova": "Q98518248", "Shameem Saeed Qureshi": "Q98550862", "Noorun-Nisa Qadri": "Q98551530", "Roshan Ara Roohi": "Q98551642", "Rommy Ter\u00e1n": "Q98593385", "Maria do Livramento Sampaio de Almeida": "Q98637658", "Agnieszka Homan": "Q98784965", "Li-Xin Eow": "Q98784991", "Emilie Lecompte": "Q98834298", "Victoria Moseley Bayless": "Q98995948", "Azam Ahmadi": "Q99677093", "Meng-Di Li": "Q99792464", "Ekaterina Anatolievna Gorovaya": "Q99983321", "Helen Crane": "Q100392580", "Svetlana Nikolaevna Chigray": "Q100504581", "Tamara Andievna Avtaeva": "Q100548608", "Franci\u00e9lle Dias de Oliveira": "Q100731352", "Ramasamy Gandhi Gracy": "Q100943098", "Elizabeth Robinson": "Q100984307", "Katar\u00edna Goffov\u00e1": "Q101094785", "Giulia Dalle Cort": "Q101136910", "Midori Tuda": "Q101243081", "Gloria Bastazo": "Q101424646", "Julieta Ledezma Arias": "Q101439156", "Jennifer M. Heron": "Q101439339", "Nastazja Brajczewska": "Q101537328", "Maria Adelaide Cardoso": "Q101538846", "Bruna Caroline Buss": "Q101547273", "Sonia Zrelli": "Q101613630", "Ruth Hasenkamp": "Q102058487", "Heidi Stapel": "Q102076461", "Alexandra Tokareva": "Q102209470", "Lenka Mach\u00e1\u010dkov\u00e1": "Q102248187", "Galina A. Eroshkina": "Q102309222", "Julieta Elizabeth L\u00f3pez-R\u00edos": "Q102358293", "Luc\u00eda Labrada": "Q102394878", "Ana Ernestina Salazar Mart\u00ednez": "Q104120342", "Mar\u00eda Cristina Hern\u00e1ndez": "Q104152298", "Agata Tyanne Silva Nascimento": "Q104288066", "Raquel Aparecida Ferreira": "Q104499555", "Nilza Maria Martinelli": "Q104511208", "Liu Chunxiang": "Q104602589", "Nada Badruddin": "Q104603373", "Ruth Hortensia Bastardo Landrau": "Q104605483", "Eli\u0161ka \u0160ormov\u00e1": "Q104624814", "Marion Donald": "Q104752635", "Tamara Moreira Costa Aguiar": "Q104763859", "Natalia Georgievna Sheveleva": "Q104833411", "Viviane Jerez Rodr\u00edguez": "Q104838861", "N.V. Voronova": "Q105091249", "N.A. Rybakova": "Q105091681", "Marina Monjardim": "Q105166365", "Karyn J. Froud": "Q105330902", "Carol Flint": "Q105417993", "Michele C. Nether": "Q105725247", "Juc\u00e9lia Iantas": "Q105725269", "Antonia Aparecida De Souza Mojena": "Q105730945", "Viridiana Vega-Badillo": "Q105749744", "Grace F. Barroga": "Q105769879", "Mireya Gonz\u00e1lez-Ram\u00edrez": "Q105780110", "Nathalia Andrea Fl\u00f3rez-G\u00f3mez": "Q105780328", "Margarita Ojeda": "Q105812171", "Maria Ren\u00e9 Vacaflores-Argando\u00f1a": "Q105825837", "Jane Wilson": "Q105916418", "E. A. Plank": "Q105983495", "Nadia Ruffin": "Q106033858", "Tatiana Cristina da Silveira": "Q106196016", "Janny Alida de Boer": "Q106359532", "Emma Curtin": "Q106385980", "Tara J. Murray": "Q106388060", "Morgane Merien": "Q106388401", "Fel\u00edcia Pereira de Albuquerque": "Q106644142", "Anna A. Konstantinova": "Q106703833", "Fatemeh Pirozi": "Q106705095", "Cl\u00e1udia Garcia": "Q106706755", "Frances Isabella Battersby": "Q106725383", "Katherine N. Schick": "Q106827421", "Isabella Moreira-Saraiva": "Q106966934", "Margarita Kovalenko": "Q107030551", "Anna Alexandrovna Kudryavtseva": "Q107030590", "Emma E. Mackay": "Q107117695", "Alice K Graham": "Q107345658", "Ruth A Flint": "Q107376579", "Sahar Mobin": "Q107376672", "Juanita Forrester": "Q107378653", "Pu Fuji": "Q107456630", "Therese D. Browning": "Q107482589", "Julia C. Robinson Willmott": "Q107636074", "Robin Gardner-Gee": "Q107638304", "Julia Leme Pablos": "Q107672968", "Adriana Elizabeth Chalup": "Q107672976", "Liza Fowler": "Q107771668", "Amy-Jayne Dutton": "Q107771928", "Natasha Stevens": "Q107772305", "Pamela J. Usher": "Q107856977", "Juliana Cardona-Duque": "Q108028011", "Susana Muruaga de L'Argentier": "Q108043487", "Kathy Keatley Garvey": "Q108047260", "Patricia M. Heikes": "Q108112138", "Charyn Micheli": "Q108218770", "Catherine Cassild\u00e9": "Q108218783", "Josephine E. McCambridge": "Q108333538", "Ileana Fern\u00e1ndez Garc\u00eda": "Q108368938", "Julia Aleksandrovna Lovtsova": "Q108369137", "Julia Lynn Snyder": "Q108369141", "Nancy Barreto-Triana": "Q108369378", "Paula de Campos Muradas Cer\u00e2ntola": "Q108369474", "Alana C. dos Santos": "Q108444344", "Caroline Greve": "Q108511782", "Virginia Garc\u00eda L\u00f3pez": "Q108558420", "Eliana Maria dos Passos": "Q108565866", "Svitlana Klymenko": "Q108595628", "K. Samanta Orellana": "Q108602509", "Estrella Marina Hernandez-Suarez": "Q108602897", "Marcela Paes de A.M. Lopes": "Q108656564", "Angeliki F. Martinou": "Q108744137", "Cassandra Mark": "Q108766480", "Karen R. Sime": "Q108773574", "Ana L. Gaddi": "Q108775935", "Sarah Loboda": "Q109124557", "Maria Lu\u00edsa Gomes Alves": "Q109383348", "Denize Wgliana Gervasio de Oliveira": "Q109579728", "Consuelo Alexandra Narv\u00e1ez V\u00e1squez": "Q109614143", "Rita de C\u00e1ssia Moreira de Souza": "Q110172686", "Eileen A. Buss": "Q110313539", "Juana Dur\u00e1n-Luz": "Q110646754", "Cecilia P. Reyes": "Q110663417", "Hilda May Abbey": "Q110668829", "Einat Shachar": "Q110686535", "Margaret M. Fagan": "Q110718481", "Eter Maghradze": "Q110728242", "Mahedy Araujo Bastos Passos": "Q111264108", "Morgane Peyrot": "Q111314060", "Florence E. Dorsey": "Q111383039", "Dang Thi Dap": "Q111548050", "K.G. Emiliyamma": "Q111798939", "Margaret Anne Schneider": "Q111816651", "Helen Ashton": "Q111909048", "Jessica Schmitz": "Q112076361", "Xenia Scherz": "Q112076479", "Ina Steiner": "Q112076629", "Sabrina Mertgen": "Q112076646", "Francine Marchal-Papier": "Q112307101", "Nathalia Hiluy Pecly": "Q112341175", "Rachel E. McFadyen": "Q112425439", "Hanna Ashley Tavares Pontes Dantas": "Q112570215", "Kathleen R. Zeiders": "Q112582287", "Susan Worner": "Q112737522", "Margarita Yavorskaya": "Q112761286", "Suvdtsetseg Chuluunbat": "Q113082891", "Julieta V. Sganga": "Q113130092", "Karin Ahrn\u00e9": "Q113243897", "Loris Al Bitar": "Q113244955", "Jeannette Alexander": "Q113245780", "Magdalene Knothe": "Q113297722", "Agnes Knothe": "Q113297739", "Nikki Maria Hartley": "Q113318703", "Hannah M. Bares": "Q113361390", "Maria Csiby": "Q113380777", "Enid Graham Campbell": "Q113456104", "Joanne Poulton": "Q113465774", "Christina Rowe": "Q113465790", "Kelsie Hackett": "Q113465813", "Tanya Cook": "Q113467921", "Denise Elizabeth Ford": "Q113468198", "Grace Hall": "Q113468380", "Margaret F. Tocker": "Q113468387", "Melanie K. Walker": "Q113480313", "Scarleth Margarita Raudez Reyes": "Q113627648", "Zhao-Huan Xu": "Q113679850", "Margaret Cliffton": "Q113688070", "Nadia Roc\u00edo Calder\u00f3n Mart\u00ednez": "Q113874651", "Camille Dagincourt": "Q114055198", "Linda S. DeFoliart": "Q114064521", "Ellen M. Dotson": "Q114068281", "Dawn M. Olson": "Q114069064", "Ana I Medina": "Q114432969", "Diane E. Ullman": "Q114475300", "Barbara Brown": "Q114859907", "Vanessa Lima Neiva": "Q114877042", "Idelma Dorado": "Q114905655", "Jennifer Fewell": "Q114909962", "Lori Beth Robinson": "Q114957218", "Beatrice Chamberlain Boyes": "Q115138504", "Mellis Layra Soares Rippel": "Q115196127", "Violet Chui": "Q115213931", "Katar\u00edna Trnkov\u00e1": "Q115415993", "Azidah Abdul Aziz": "Q115866035", "Dayse Willkenia Almeida Marques": "Q115868696", "Stephanie Vaz": "Q116166931", "Laura Rengifo": "Q116210489", "Sophia Daniels": "Q116457171", "Enrica Giuliano Grimaldi": "Q116526331", "Viviane Campos da Silva Nunes": "Q116588636", "Adrienne Garai": "Q116679695", "Du\u0161anka Jerini\u0107-Prodanovi\u0107": "Q116732576", "Maria Fremlin": "Q116797304", "Ang\u00e9lica Frey-da-Silva": "Q116813689", "Mrs L. I. Munroe": "Q116985282", "Virginia Locke": "Q117038084", "Doris Reineke": "Q117089717", "April M. Pearce": "Q117189960", "Cheryl Lynn Adams": "Q117207212", "Carolina Moreno": "Q117219084", "Danijela Gumhalter": "Q117222618", "Seo Hyun Kim": "Q117360979", "Jacqueline Bishop": "Q117449423", "Aline Machado Oliveira": "Q117844463", "Ana Rita Gon\u00e7alves": "Q118372569", "Zdzis\u0142awa My\u015blicka": "Q118591353", "Ana Paula Marques-Costa": "Q118610549", "Arielle R. Vidal": "Q118904455", "Luanna L. Mendes": "Q118976878", "Flaviana Jorge de Lima": "Q119104120", "Gabriela Packova": "Q119104295", "Kimberly Camille T. S. Go": "Q119116796", "Cao Thi Quynh Nga": "Q119124218", "Ofelia Mil\u00e1n Vargas": "Q119126986", "Olga S. Bezman-Moseyko": "Q119127457", "Ambily Elizebeth George": "Q119174040", "Alena A. Soboleva": "Q120282669", "Christa Lindemann": "Q121436097", "Mrs F. W. Battersby": "Q121904992", "Emily Cauthorn": "Q122209006", "Melissa Kirk": "Q122272519", "Edda Affeldt": "Q122329556", "Patricia McKeithan Alder": "Q122330661", "Alison M. Barker": "Q122361944", "Zofia Smardzewska-Gruszczak": "Q122943983", "Jolanta B\u0105k-Badowska": "Q122963385", "Danuta So\u0142tyk": "Q122984368", "Norina Vicente": "Q123054137", "Hannah S. Tiffin": "Q123230579", "Katty Baird": "Q123327273", "Maria Cristina Gallego Ropero": "Q123337962", "Margaret Skinner": "Q123338898", "Neva L. Currie": "Q123374958", "Stephanie Sopow": "Q123553269", "Mariana Fernandes de Oliveira": "Q123797472", "Magali Hoffmann": "Q123982566", "Ta\u00eds Barbosa Almeida": "Q124004249", "Rebecca Marie Bennik": "Q124047336", "Shahin Nawai": "Q124378475", "Christa Lethmayer": "Q125021045", "Laura C. Sarzetti": "Q125119260", "Ana P.G.D.S. Wengrat": "Q125273549"}