{"Tanja Bolte": "Q47538918", "Alwyn Moss": "Q118680608", "Bayang": "Q123505629", "Ella Merriman Sharp": "Q123688232", "Amy Folsom": "Q97158790", "Mrs W. Hersey Thomas": "Q120270170", "Cora Herring Hooks": "Q120416134", "Anna Cederstr\u00f6m": "Q94662592", "Caroline Margharetta Phelps Stokes Hunter": "Q98611208", "Isabella Tily": "Q98475627", "Bessie Reid": "Q120417514", "Lily Peter": "Q113783193", "Alegr\u00eda Fonseca": "Q104441834", "Gertrude Jensen": "Q120897485", "Gladys Hever Burger": "Q108937042", "Agnes Hutson": "Q114242611", "Pierrette Bauer-Bovet": "Q104831983", "Eleanor Houston Smith": "Q122873506", "Colette Muret": "Q111432381", "Erna Kretschmann": "Q106698299", "Gwendoline Constance Skinner": "Q112803140", "Noreen Constance Curry": "Q104219900", "Babs Atkins": "Q106427754", "Lucie Tanner": "Q116959074", "Marion Browne": "Q122801379", "Connie Boucher": "Q108491081", "Lois Elizabeth Schaefer": "Q104352690", "Fay Sutton": "Q110214684", "Inga Hedberg": "Q18985373", "Else Fichter": "Q80679666", "Drahom\u00edra Fajtlov\u00e1": "Q107504836", "Pam Cubey": "Q123399909", "Joan Leckie": "Q125169526", "Gisela Deckert": "Q1527299", "Merilyn B. Bronson Reeves": "Q108903206", "Karin Staesche": "Q112566059", "Vaike Hang": "Q12377994", "Kv\u011btoslava Bure\u0161ov\u00e1": "Q12032089", "Zeneida Lima": "Q118859429", "Marija Zupan\u010di\u010d-Vi\u010dar": "Q18627770", "El\u017cbieta Baniukiewicz": "Q112509870", "Phoebe Wray": "Q55593476", "Danu\u0161e Kvasni\u010dkov\u00e1": "Q11774272", "Amalia Salas Casales": "Q117280891", "Joan S. Davis": "Q112534439", "Dina Foguelman": "Q10891827", "Nancy Maar": "Q110227936", "Shahera Khatun": "Q124885628", "Roque Rold\u00e1n Ortega": "Q110949456", "Elisabeth van Alkemade": "Q122762433", "Joan Martin-Brown": "Q116726184", "Terezinha Jesus Volpe": "Q109785851", "Isolde Sch\u00f6nstein": "Q1260107", "Lucienne Haese": "Q116213739", "Anne-C\u00e9cile Reimann": "Q123563714", "Lesley Shand": "Q124693999", "Helve Anton": "Q12363795", "Elizabete Caballero": "Q120377764", "Maie Jeeser": "Q61109884", "Mar\u00eda Casparius": "Q62598276", "Catherine Dreyfus": "Q2423784", "Mascha Kauka": "Q124078092", "Barbara Kloha Andreas": "Q117445028", "Rachelle Alterman": "Q29360130", "Asp\u00e1sia Camargo": "Q16336808", "Louise Cecil Dunlap": "Q127038120", "Sally Liya": "Q76292105", "Pilar Sent\u00eds Zuazola-Cigorraga": "Q98398390", "Ruth Kaufmann-Hayoz": "Q113774514", "Ene Ilves": "Q97228452", "Dannie Druehyld": "Q106695980", "Prue Poulton": "Q109797155", "Marion Geib": "Q112562614", "Yvonne Jankov\u00e1": "Q41173416", "Dominique Martin-Ferrari": "Q3035319", "Jackie M. Poole": "Q5924370", "Sara Stidstone Gronim": "Q76386970", "Felicia Barrientos": "Q117288863", "Sandrine Maljean-Dubois": "Q26195889", "Laura Sigg": "Q21264249", "Rosa Mar\u00eda O\u00b4Leary Franco": "Q110761722", "Susan J. Christie": "Q13231941", "Carolyn Clark Morrow": "Q116263019", "Jody Gustitus Millar": "Q116908861", "Ana Isabel Zanutigh": "Q111425434", "Virg\u00ednia Valad\u00e3o": "Q117199081", "Genevi\u00e8ve Azam": "Q3100599", "Edith Smeesters": "Q3047639", "Ang\u00e9lica Navarro": "Q24260449", "Ria Rehberg": "Q25990506", "Rut Kol\u00ednsk\u00e1": "Q12050387", "Aleksandra Koroleva": "Q64707946", "Gill Adshead": "Q104591896", "Ester Valdvee": "Q20528872", "Hye-suk Pak": "Q11521592", "Judith Ajani": "Q64868042", "Lillian Ball": "Q94297610", "Ileana Espejel": "Q59812755", "Rufina Villa Hern\u00e1ndez": "Q71985394", "Yvonna Gaillyov\u00e1": "Q10856983", "Uta Bellion": "Q110853611", "A\u00efssatou Diouf": "Q117845642", "Aili-Reet K\u00e4\u00e4rik": "Q16404991", "Deborah Lawrence": "Q63991029", "Brigitte Ernst De La Graete": "Q17420733", "Tiina Randla": "Q17447057", "Danielle Dambach": "Q55471864", "Wendy Strahm": "Q19840859", "Sally Brown": "Q59192561", "Hort\u00e8nsia Grau Juan": "Q17030973", "Linda A. Selvey": "Q56440983", "Chris Lehnertz": "Q71980180", "Maria do Esp\u00edrito Santo": "Q105703241", "Marisol Fern\u00e1ndez Barrero": "Q106229524", "Tuula Tuhkanen": "Q107288659", "Ema Gojdi\u010dov\u00e1": "Q112553463", "Grace A. Wang": "Q116762175", "\u00c1ngeles Parra Garc\u00eda": "Q125875499", "Chika Utsunomiya": "Q11449715", "Pille Tomson": "Q16407135", "Kaja Lotman": "Q12366117", "Helena Zamkovsk\u00e1": "Q112501783", "Wera Gro\u00df": "Q112537861", "Alexandra de Blas": "Q4720781", "Michele Morrone": "Q61157617", "Diana Hummel": "Q1208836", "Karen O'Brien": "Q96323110", "Allison Ogden-Newton": "Q110713033", "Miranda Schreurs": "Q1938006", "Amy Camacho": "Q105341728", "Monique Pool": "Q126118691", "Antje Grothus": "Q56887363", "Beverley Anderson-Abbs": "Q20828285", "Pille Saarnits": "Q120542779", "Shulga Svetlana Nikolaevna": "Q85853718", "Wu Changhua": "Q109798019", "Beth Terry": "Q112556917", "Be\u00e1ta M\u00fa\u010dkov\u00e1": "Q112556976", "Hortense Martin de M\u00e9re\u00fcil": "Q21601788", "Sabine Ziegler": "Q50833421", "Monika \u00dcbner": "Q12370441", "Marion Jaros": "Q126369830", "Zhong Baozhu": "Q123765907", "Agn\u00e8s Sina\u00ef": "Q47091381", "Paola Romagnoli": "Q84530654", "B\u00e1rbara Saavedra": "Q107095720", "Hr\u00f3n Hrafnsd\u00f3ttir": "Q112503568", "Magdalena Mosiewicz": "Q11766080", "Maria Jorem Ajspur": "Q19381045", "Osvalinda Alves Pereira": "Q104034142", "Jasmin Joshi": "Q54867369", "Natacha Litzistorf": "Q28044720", "Marcela Mella": "Q114835131", "Sandra Raelene Jones": "Q33677991", "DeeAnn M. Reeder": "Q25439894", "Sarah L. Boulter": "Q114067782", "Siret Talve": "Q24545615", "Nadejda Andreev": "Q64372882", "Annegret H. Thieken": "Q57955008", "Herdis Fridolin": "Q97214515", "Nana Fitriana Firman": "Q123057189", "Sharon Johnson": "Q110713038", "Dawn Goodwin": "Q107209305", "Mari J\u00fcssi": "Q12369739", "Maja Synke Meinert": "Q75767455", "Luc\u00eda Mu\u00f1oz Maldonado": "Q97630185", "Lucila Pautrat": "Q106218198", "Kaili Viilma": "Q61111066", "Ruth Valerio": "Q112521950", "Isabelle Delannoy": "Q3154903", "Linn Persson": "Q58177517", "Milada Vrbov\u00e1": "Q114072922", "Eva R\u00e1belov\u00e1": "Q102122694", "Daniela Kleinschmit": "Q106811817", "Sinan Mavivo": "Q123783790", "Viviana Delgado": "Q111311559", "Isabel Segovia": "Q16735498", "Laura R. Prugh": "Q77022465", "Ragna Heffermehl": "Q113702751", "Marte Ulltveit-Moe": "Q124411758", "Laure Noualhat": "Q98144508", "Piret R\u00e4ni": "Q61111825", "Theodora Kouvarda": "Q25441345", "Marie Bonnin": "Q63344875", "Justine Ngoma": "Q60371686", "Meeli Mesipuu": "Q17447004", "Anne Merrild Hansen": "Q58884152", "Ave Oit": "Q85984819", "Margalida Ramis": "Q37438600", "Eunice Enr\u00edquez": "Q102347080", "Nining Nurhayati": "Q56640254", "Sandra Vilardy": "Q104446836", "Montserrat Vinyets i Pag\u00e8s": "Q104623370", "Vanesa Freixa i Riba": "Q110998439", "Kerstin Krellenberg": "Q112533099", "Eva Salda\u00f1a Buenache": "Q124618348", "Tessa Gelisio": "Q3984992", "Pavla \u0160karkov\u00e1": "Q109255500", "Sharon Mark": "Q65251257", "Petra \u0160\u0165astn\u00e1": "Q112446728", "Eva Volfov\u00e1": "Q112548286", "Paula Bruna": "Q116251836", "Linda Trune\u010dkov\u00e1": "Q116380994", "Karmele Llano S\u00e1nchez": "Q21651685", "Debora Ley": "Q58271895", "Sandra Saura-Mas": "Q56386462", "Nina \u0160tros": "Q65517354", "Kristi Klaas": "Q101436953", "Silvia Lotman": "Q16406969", "Marieke van Duijn": "Q105835866", "Simone Schneider": "Q61123316", "Watatakalu Yawalapiti": "Q109785906", "Ur\u0161a Zgojznik": "Q111248814", "Mercedes Vidal Lago": "Q20727356", "Barbara Metz": "Q61049851", "Elena Ojea": "Q96953231", "Barbora Krupov\u00e1": "Q112406101", "Nunu Kaller": "Q64431257", "Natalia Morales": "Q60031472", "Oleksandra Koltsova": "Q12111834", "Kadri Allikm\u00e4e": "Q16403779", "Sini Saarela": "Q15290455", "C\u00e9cile Lecomte": "Q1150123", "Nadia Boushaki": "Q106420135", "Marilou Bourdages": "Q115607022", "C\u00e9line Pelosi": "Q56922252", "Claudelice Silva dos Santos": "Q79112256", "Rossella Rinaldi": "Q116464648", "Ester Piris Casas": "Q64984092", "Irma Galindo Barrios": "Q109837779", "Federica Appiotti": "Q116153595", "Shannon Dosemagen": "Q62956789", "Zuzana Chabadov\u00e1": "Q112523345", "Hana Ko\u017e\u00ed\u0161kov\u00e1": "Q112562350", "Maris Aleksa\u0161in": "Q12369807", "Leyda Rimarach\u00edn": "Q108133383", "Huan Liu": "Q56942970", "Liis Kuresoo": "Q85996104", "Dagmar Pap\u00e1\u010dkov\u00e1": "Q95149004", "Mercedes Barranco Rodr\u00edguez": "Q69973024", "Isabel Larridon": "Q26713119", "Helena Tov\u00e1rkov\u00e1": "Q112416868", "So\u0148a Stierandov\u00e1": "Q112498915", "D\u00f6rte Bachmann": "Q56541749", "Zuzana Vlasat\u00e1": "Q65018407", "Olesya Bezsmertna": "Q65198503", "Mireia Cald\u00e9s i Vi\u00f1als": "Q62082561", "Lucia Macrii": "Q112254789", "Zuzana And\u011blov\u00e1": "Q115977878", "Ana Payo Payo": "Q69498292", "Sabine Ndzengue Amoa": "Q118114693", "Narubia Werreria": "Q61000398", "Blanka Dobe\u0161ov\u00e1": "Q112500375", "Annika Altm\u00e4e": "Q125180665", "Lucie Sovov\u00e1": "Q112515041", "Piret V\u00e4insalu": "Q85996386", "Est\u00e9fany Grajales": "Q62847274", "Linda-Mari V\u00e4li": "Q24545900", "Natalie Eggermont": "Q21281351", "Carmen Madorr\u00e1n Ayerra": "Q126003170", "Malin Jacob": "Q17097222", "Alexandra Gavilano": "Q76469244", "Hannah Helen Aulby": "Q62517453", "Kelly Gunnell": "Q92602296", "Anna P\u00e9rez i Catal\u00e0": "Q110859260", "Mathilde Imer": "Q106696490", "Synn\u00f8ve Kvamme": "Q12004584", "Zara Monrroy": "Q95002371", "Hannah Emde": "Q124453219", "Clara Simas Ferraz": "Q109779022", "Nike Mahlhaus": "Q76969052", "Alva Snis Sigtryggsson": "Q37016323", "Katharina Rogenhofer": "Q103825027", "Mathilde Ollivier": "Q122499900", "Sabina Bernal Galeano": "Q107010910", "Berta Busquets": "Q27075081", "Immaculate Akello": "Q111729377", "Marina Hagen-Canaval": "Q117067638", "Therese Hugstmyr Woie": "Q85836630", "Anna Luisa Beserra": "Q104420225", "Claudia Praxmayer": "Q97463181", "Andrea Hinwood": "Q116579535", "Tanja Regmann": "Q2392731", "Ane\u017eka Ko\u010dov\u00e1": "Q123686570", "Gina Gylver": "Q112126286", "Shiina Tsuyuki": "Q108777337", "Juliet B\u1ea3o Ng\u1ecdc Doling": "Q114966335", "Bella Lack": "Q109888946", "Kertu Birgit Anton": "Q108320812", "Eira Hedlund": "Q113909240", "Khadijeh Moghaddam": "Q5839266", "Oranit Raz": "Q12403636", "Eha Kern": "Q19862410", "Marta Ball-llosera i Font": "Q20875425", "Dorottya Sz\u00e1m": "Q21209078", "Iva Njunji\u0107": "Q22106691", "Margaret MacDonald": "Q32827480", "Ana P\u00eago": "Q37840217", "Lara M. Kueppers": "Q39391623", "Margarita Triguero-Mas": "Q41501001", "Suzanne M. Reichman": "Q43621494", "Maria de Lourdes Corr\u00eaa Figueiredo": "Q43860592", "Sam Fanshawe": "Q47009762", "Mercy J Borbor-Cordova": "Q47696033", "Adelaida Miranda Jim\u00e9nez": "Q51283679", "Beatrice Dossah": "Q51691510", "Ugwem Eneyo": "Q51819893", "Christiane Zarfl": "Q55873529", "Charlotte Seal": "Q56102515", "Nicole F. Angeli": "Q56380282", "Sonia Silvestri": "Q56459972", "Yessica Rico": "Q57030622", "Anne-Christine Mupepele": "Q57302792", "Jessica M. Driscoll": "Q57414287", "Jennifer Baka": "Q57466035", "Ana Carolina Ruiz-Fern\u00e1ndez": "Q57691478", "Shonali Pachauri": "Q58070343", "Marjolijn Haasnoot": "Q58209156", "Tiina H\u00e4yh\u00e4": "Q58209486", "Sarah Clement": "Q58295951", "Astrid van Teeffelen": "Q58326211", "Annette L Hirsch": "Q58338797", "Cristina Arias-Navarro": "Q58929183", "Regi Broeren": "Q59247489", "Chelsea L. Wood": "Q59755341", "Vicky Anne Knight": "Q59772121", "Susan Roberts": "Q59834443", "Claudete Rempel": "Q60665102", "Paula Kivimaa": "Q61838567", "Deanna Lynn Wulff": "Q61876180", "Michele Gourmelon": "Q62097064", "Fadzai Zengeya": "Q62605226", "Ghinwa Naja": "Q62609920", "Tami Brown-Brandl": "Q63441178", "Rosa P\u00e9rez-Badia": "Q63487187", "Carmen Agouridis": "Q63565641", "Karen McGlathery": "Q63644976", "Claudia Pahl-Wostl": "Q64012332", "Marta Sureda i Xifre": "Q64617871", "Zarna Joshi": "Q66725831", "Evelyn Tuanui": "Q66789555", "Marion Tiemann": "Q67652567", "Anja Humburg": "Q73773660", "Anna Burrass\u00f3 Trias": "Q74511208", "Minna Santaoja": "Q81453716", "Anne-Gaelle E. Ausseil": "Q82671043", "Janet L Gardner": "Q86559992", "Margaret Chapman": "Q87768574", "Maria Tzortziou": "Q88384950", "Jessamine Finch": "Q88739323", "Joan Ogden": "Q89323898", "M\u00f3nica D. Ram\u00edrez-Andreotta": "Q89704570", "Kathryn P Huyvaert": "Q89783520", "Susan J Mazer": "Q90014271", "Eriel Deranger": "Q91345187", "Sabarmatee": "Q94523286", "Cynthia Wayburn": "Q94771456", "Aditi Deodhar": "Q96181214", "Janet Burke Norris": "Q96185877", "Anna Micheluz": "Q96190323", "Christine Hosking": "Q96870967", "Helena Craig": "Q98933065", "Kristiina A. Vogt": "Q98974018", "Michele S. Buonanduci": "Q100707471", "Becky Mansfield": "Q101331787", "R\u00e9gine Cl\u00e9ment": "Q101409044", "Cassidy Kramer": "Q102439015", "Karen Roper": "Q104028705", "Liliana Jaramillo Pazmi\u00f1o": "Q104418191", "Kaya Dorey": "Q104418403", "Miao Wang": "Q104419123", "Fatemah Alzelzela": "Q104425366", "Niria Alicia Garcia": "Q104425429", "Anne Frances": "Q104471369", "M\u00f3nica L\u00f3pez Baltodano": "Q104586026", "Jillian Jardine": "Q104591835", "Moana Tamaariki-Pohe": "Q104591839", "Janet Wilson": "Q104591905", "Mary Jane Bartholomew": "Q104771743", "Sandra Overlack": "Q104836860", "Lilia Isolina Java Tapayuri": "Q105072121", "Olivia Jacobs": "Q105326801", "Norah Kates": "Q105397191", "Samantha Farquhar": "Q105651478", "Sukinah": "Q105941875", "Quincey Tompkins Imhoff": "Q106029560", "Angela Maldonado": "Q106097285", "Rosamira Guillen": "Q106163653", "Denise Mar\u00e7al Rambaldi": "Q106163904", "Polly Walker": "Q106436183", "Catherine Marina Pickering": "Q106555000", "Ann Aagaard": "Q106594853", "Ruth E. Tingay": "Q106614229", "Kimberly Tilsen-Brave Heart": "Q106911976", "Diana R\u00edos": "Q106917926", "Juana Payaba": "Q106917983", "Woulimata Thiao": "Q107082082", "Loes Trustfull": "Q107169371", "Shireen Helps": "Q107198528", "Lydia Scott": "Q107233231", "Abigail Lewis": "Q107233630", "Rachel Steele": "Q107282275", "Edith Smith": "Q107333745", "Hannah Abbotts": "Q107339105", "Sarah Watts": "Q107405827", "Isabel K. Pares-Ramos": "Q107434768", "Loveday Conquest": "Q107488303", "Maia Murphy-Williams": "Q107703222", "Paulina Aldunce": "Q107851537", "Elizabeth M. Lev": "Q108159628", "Puanita Ewekia": "Q108440402", "Llanquiray Painemal": "Q108442447", "Camille Lescarbeau": "Q108667013", "Louise S. Phillips": "Q108902465", "Elena Villagrasa Ferrer": "Q108903373", "Rosane Santiago Silveira": "Q109105886", "Gloria Chicaiza": "Q109180231", "Br\u00edgida Figueira": "Q109207861", "Diana Isabel Hern\u00e1ndez Ju\u00e1rez": "Q109211172", "Kristy Drutman": "Q109419031", "Lucy Burkitt": "Q109756673", "Jan Seed": "Q109797043", "Patricia Pelkofer": "Q109797051", "Monique Coulet": "Q109808995", "Reiko Nakamura": "Q109809123", "Sansanee Choowaew": "Q109809250", "Giselle Hazzan": "Q109809696", "Hilary Harp Falk": "Q109822612", "Mirene Begiristain Zubillaga": "Q109852272", "Raewyn Empson": "Q110089092", "Claire Bracegirdle": "Q110277656", "Aisha AlMaadeed": "Q110679700", "Jane Tsong": "Q110803701", "Jenna Harlacher": "Q110880307", "Mery Luz Gomez Agustin": "Q110908709", "Rachel Ashegbofe Ikemeh": "Q111042860", "Leona Johansson": "Q111337158", "Meghan Beveridge": "Q111425482", "Sandra Idossou": "Q111708820", "Nataly Allasi Canales": "Q111729897", "Kerryn Morrison": "Q111788692", "Daniela Hamidovic": "Q111788694", "Vu Thi Quyen": "Q111788696", "Jenny Rouquette": "Q111788699", "Jeanne Tarrant": "Q111788803", "Paloma Rold\u00e1n Ruiz": "Q111901719", "Takako Tomita": "Q111952663", "Priscilla Nyadoi": "Q112039573", "Katharine  Swartzbaugh Frankforter": "Q112087790", "Carolina Robertson": "Q112114279", "Estelle Leask": "Q112249469", "Virginia Pawsey": "Q112249537", "Christine McLachlan": "Q112907016", "Anne V. T. Whyte": "Q113201497", "Lindiwe J.N  Modise": "Q113631248", "Sam Rowland": "Q113712281", "Xiumei Pu": "Q113750721", "Sara M. Kross": "Q113809400", "Mattea Mrkusic": "Q114022173", "Mariachiara Chiantore": "Q114122059", "Minal Pathak": "Q114225257", "Annette Arjoon-Martins": "Q114455892", "Kate Mackinnon Richardson": "Q114691814", "Oluwaseyi Moejoh": "Q114905585", "Claudine Aoun Roukoz": "Q114923288", "Ngalirendwe Muthaphuli": "Q115118344", "Mary T. Crowley": "Q115328632", "Phoebe Meagher": "Q115620588", "Sepha Evers": "Q115621865", "Grace Wambui Ngaruiya": "Q115694559", "Kath Walker": "Q115933250", "Jean Stanley": "Q116040247", "Christine Rance": "Q116185259", "Debbie Saunders": "Q116195845", "Akilah Jaramogi": "Q116438915", "Leelakumari Amma": "Q116448262", "Petrina Duncan": "Q116742768", "Trina Halfhide": "Q116812797", "Chenyang Yang": "Q116819458", "Wendy N. Pierce": "Q116878756", "Maya Abboud": "Q117205897", "Kathryn Hatcher": "Q117206087", "Nora Ablanedo": "Q117206374", "Katrine Herian": "Q117209576", "Katy Argyropoulou": "Q117298897", "Svetlana Gatalskaya": "Q117315443", "Priscilla Achapka": "Q117351782", "Gloria Kasang Bulus": "Q117351788", "Cheche Winnie": "Q117455776", "Solange Ngo Bakoum\u00e9": "Q117788479", "Dafna Nudelman": "Q117805466", "Yackxeri Vela": "Q117844529", "Felisa Navas P\u00e9rez": "Q117844844", "Binta Fatima Abdulkarim": "Q118050292", "Suzanne A. Vallance": "Q118234485", "Isabel Yalico": "Q118694706", "Tara Moala": "Q119071715", "Di Buchan": "Q119071835", "Monica Torres-Almaz\u00e1n": "Q119122946", "Alexandra Rose Aves": "Q119138274", "Thanu Yakupitiyage": "Q119953959", "Hina Saifi": "Q119985806", "Varsha Raikwar": "Q119990230", "Neha Shivaji Naikwade": "Q120041410", "Medha Priya": "Q120070086", "Rebecca L. Boulton": "Q120175560", "Typhenn A. Brichieri-Colombi": "Q120561891", "Drahom\u00edra Nov\u00e1": "Q120575782", "Bo\u017cena Gramsz": "Q120595956", "Jane Worroll": "Q120608531", "Lenka Reiterov\u00e1": "Q120609027", "Natalie Isaacs": "Q120610675", "Emma Loewe": "Q120611335", "Iveta Hankov\u00e1": "Q120613162", "Katar\u00edna Kov\u00e1\u010dov\u00e1": "Q120616781", "Joan Hart": "Q120636675", "Shelby Stoneburner": "Q120669080", "N\u00e9m\u00e8 Gnassingb\u00e9": "Q121029984", "Hussaina Muhammad Goje": "Q121303407", "Heather Braid": "Q121842671", "Habiba Fayed": "Q121864359", "Ikerne Aguirre-Bielschowsky": "Q121892528", "Theresa Foley": "Q122782967", "Jean E. T. McLain": "Q122783013", "Channah M. Rock": "Q122783027", "Anne Gold": "Q122841064", "Chloe Buiting": "Q122898890", "Karen Delchet-Cochet": "Q122899061", "Jessica Lehman": "Q123003179", "Elyce Gosselin": "Q123054422", "Rahayu Oktaviani": "Q123054956", "Sefra Alexandra": "Q123054970", "Fernanda Ren\u00e9e Samuel": "Q123116084", "Barbara Hock": "Q123357600", "Mar\u00eda Elena Barrag\u00e1n-Paladines": "Q123369846", "Angie Estrada": "Q123370172", "Fiona Fraser": "Q123498969", "Katta Alonso Raggio": "Q123517038", "Lorena Donaire": "Q123517110", "Tara Coleman": "Q123575639", "Zeina Al Hashmi": "Q123944940", "Reem Al Menhali": "Q123944985", "Jo Knight": "Q124045231", "Jacqui Knight": "Q124045232", "Fressia Ames Mart\u00ednez": "Q124117378", "Bandana Adhikari": "Q124306347", "Meredith McKay": "Q124445166", "Kathrin Petz": "Q124528428", "Sue Arnold": "Q124544578", "Nita Roshita": "Q124561043", "Lydia Allison Fucsko": "Q124835616", "Kate Graeme": "Q125169735", "Jessica Lamb": "Q125169774", "Zainab Waheed": "Q125244705", "Noelia \u00c1lvarez de Rom\u00e1n": "Q125251691", "Tulia Garc\u00eda Le\u00f3n": "Q125588100", "Cynthia Morinville": "Q125790248", "Anna Spiteri": "Q125848863", "Carrol G\u00f3mez de la Rosa": "Q125942484", "Pamela Kaval": "Q126081580", "Roberta Freitas": "Q126101678", "Sweta Purohit": "Q126476674", "Nadja Wielebnowski": "Q127562803"}