{"Fenya Tsaturyan": "Q87718851", "\u0417\u0456\u043d\u043e\u0432\u0456\u044f \u041c\u0456\u043a\u0430\u043b\u0430\u0435\u045e\u043d\u0430 \u0416\u0443\u043a\u0430\u0432\u0430": "Q115405143", "Varvara Alexanyan": "Q21199720", "Mariam Davydovna Oleynik": "Q60029621", "Gohar Ghukasyan": "Q27058258", "Nina Syomina": "Q109489894", "Shi L\u00fcyuan": "Q118406185", "Irena G\u0142owaczewska": "Q92642579", "Svetlana Markina": "Q87438668", "Dina Pepper": "Q6577533", "Gra\u017cyna Broda": "Q16334740", "Catherine Hill": "Q43400522", "Siranuysh Aghajanyan": "Q20512366", "Arpik Hasratyan": "Q28121682", "Arina Harutyunyan": "Q20509845", "Adonina Tard\u00f3n": "Q55454742", "Victoria Ivanovna Zadorozhnaya": "Q65198663", "Nataliya Vynograd": "Q56086936", "Dorit Isaac": "Q95536975", "Magda Campins Mart\u00ed": "Q56808270", "Marta Wawrzynowicz-Syczewska": "Q66007222", "Oliva L\u00f3pez Arellano": "Q60970441", "Pavla Svr\u010dinov\u00e1": "Q95335027", "Dolores Corella Piquer": "Q47101238", "Tine Pars": "Q124743978", "Aneta Nitsch-Osuch": "Q56754357", "Tyra Grove Krause": "Q98521627", "Val\u00e9rie D'Acremont": "Q96066422", "Azucena Bardaj\u00ed": "Q28766643", "Meike Stoverock": "Q105847104", "Sabine Gabrysch": "Q45901006", "Marina Kvaskoff": "Q44232682", "Fran\u00e7oise Clavel-Chapelon": "Q28360647", "Lynn Schriml": "Q28913673", "Uduak Okomo": "Q60377641", "Elisabeth Cardis Mersch": "Q62577326", "Evelyn Ansah": "Q64876341", "Shenaaz El-Halabi": "Q116236924"}