{"Mar\u00eda Cabrera": "Q76824213", "Marguerite Goubler": "Q112348073", "Marie-Louise Adlercreutz": "Q76008483", "Mar\u00eda Petrona Arias": "Q6004445", "Leo Hudson": "Q106369544", "Georgine von Oroszy": "Q111579790", "Orrin Hollis": "Q102255654", "Lottie Aymar": "Q104451308", "Mary Elizabeth Victoria (Marizles) Wirth": "Q21536600", "Martha Cashmore": "Q125628738", "Gunnel Hasselrot": "Q26240240", "Lilian Beck": "Q28059806", "Bertha Blancett": "Q72890778", "Orrin Davenport": "Q101094177", "Wilhemena Smith": "Q54363615", "Baptista Schreiber": "Q38052554", "Pearl Kelly": "Q106606424", "Martha Hazard": "Q86921283", "Brida Gafford": "Q94502369", "Wakaya Kawada": "Q11479042", "Barbara Lucas": "Q78141137", "Dorothy Mary Mansom": "Q24218430", "Iris Rickaby": "Q112629870", "Xu Qin-fang": "Q106812740", "Velda Tindall Smith": "Q107650352", "Rega Kubinzky": "Q113248001", "Tamao Yagura": "Q11583937", "Berenice Dossey Bolen": "Q107650070", "Sumiko Sait\u014d": "Q11500326", "Tove Jorck-Jorckston": "Q109876700", "Jane Burnett Smith": "Q94408816", "Rose Alexander": "Q104398449", "Hertta Upari": "Q11862464", "\u0413\u0440\u043e\u043c\u043e\u0432\u0430, \u041d\u0438\u043d\u0430 \u0413\u0435\u043e\u0440\u0433\u0438\u0435\u0432\u043d\u0430": "Q30880456", "Meta Selg": "Q124323511", "Nao Takahashi": "Q11671448", "Jean McLean Davis": "Q105379762", "Hightower, Verna Lee Booker": "Q116186201", "Aino Vars": "Q111350622", "Gerlinde Merten": "Q110636129", "Maie Kelle": "Q124314739", "Rosanna Bonelli": "Q3941320", "Eliana Busch": "Q55942280", "Joy Charlton": "Q115641815", "Jacqueline Reverdy": "Q28790868", "Caroline Silver": "Q106216314", "Adalina Mu\u00f1oz Texeira": "Q62120830", "Miloslava Hermansdorferov\u00e1 Schulzov\u00e1": "Q95078927", "Liv Haslie": "Q106959614", "Lieselotte Beyer": "Q110330821", "Renate Freitag": "Q110586084", "Lorna Clarke": "Q105396605", "Jane Savoie": "Q120616091", "Sirje Argus": "Q124316614", "Angelika Glodde": "Q114034189", "Y\u016bko Takahashi": "Q11671025", "Sue Benson": "Q110271101", "Gretchen Vogel": "Q121912702", "Anne d'Ieteren": "Q2479241", "Ineke de Groot": "Q2401475", "Jeanette Haazen": "Q107586117", "Natalie Carter": "Q106140486", "Virginia Elliot": "Q110584799", "Helene Aubert": "Q105396592", "Ellen Vatsel": "Q111351052", "Martine Jollivet": "Q17154301", "Marina Lezcano": "Q19723499", "Hiromi Yamazaki": "Q11468036", "Diane Lampard": "Q105396566", "Crystal Kroetch": "Q1142372", "Kaoru Tsuchiya": "Q38277288", "Agneta Ohm": "Q4970848", "Darie Boutboul": "Q3016102", "Iris Bayer": "Q110536720", "Inge Schulze Wilbrenning": "Q110548439", "Catarina Lundstr\u00f6m": "Q38774340", "Therje Phorova": "Q124314745", "Odile Van Doorn": "Q3349259", "Jennifer Parlevliet": "Q81678044", "Chiaki Hori": "Q11427337", "Bianca Vogel": "Q855363", "Renee Igelski": "Q105396688", "Helen Johansson": "Q3129620", "Edith Schless-St\u00f6rtenbecker": "Q105396582", "Dorothy Crowell": "Q105396579", "Anna Nilsson": "Q25976400", "Virginie Coup\u00e9rie-Eiffel": "Q3560723", "Trudy Boyce": "Q105396604", "Diane Creech": "Q1208958", "Pascale Dietsch": "Q17177221", "Sally Corscadden": "Q107586313", "Simone B\u00f6ckmann": "Q1470999", "Martina Jel\u00ednkov\u00e1 R\u016f\u017ei\u010dkov\u00e1": "Q112482181", "Helena Stormanns": "Q1601907", "Riina Pill": "Q61109728", "Makiko Yoshioka": "Q11412851", "Anna Hass\u00f6": "Q16595092", "Suzanne van Cuyk": "Q107586335", "Bev Buckingham": "Q38556966", "Kathleen Raine": "Q109910313", "Sharon Biggs Waller": "Q28155067", "Britta N\u00e4pel": "Q920788", "Barbara Lissarrague": "Q56870464", "Marika Vunder": "Q124302313", "Charlotte Haid Bondergaard": "Q19631533", "Christine Kalmeier": "Q112523217", "Eva-Maria Vint-Warmington": "Q124289444", "Petra van de Sande": "Q3429608", "Maree Tomkinson": "Q19578104", "Anna-Karin Knight": "Q87724239", "Joan Eikelboom": "Q2127098", "Helena Persson": "Q4972524", "Andrea Amacher": "Q56870837", "Yvonne Durant": "Q4945440", "Alison Bradley": "Q110164815", "Leida Strijk": "Q107586174", "Lisa Cropp": "Q11347964", "Saori Sawada": "Q11553265", "Annika Reintam": "Q12359320", "Brigitte Pinto-Vilg\u00e9": "Q18684583", "Lucy Thompson": "Q110726041", "Sonja Fritschi": "Q56870663", "Sunny Demedy": "Q17177103", "Carry Huis in 't Veld": "Q18012492", "Tamra Smith": "Q114061583", "Noriko Ikemoto": "Q11551615", "Aki Sasaki": "Q11382071", "Tina Richter-Vietor": "Q2435542", "\u00c5sa Svensson": "Q53828344", "Junko Hosoe": "Q11606052", "Joanna Fisher": "Q27981909", "Susanne H. Osterling": "Q54925947", "Inken von Platen-Hallermund": "Q22675201", "Natsuko Ishikawa": "Q11585749", "Denise Vuskovic": "Q5802703", "Kajsa Frick": "Q4948933", "Sherie Kong Pik Wai": "Q21292839", "Yuki Kotabe": "Q11463194", "Mar\u00eda Mercedes \u00c1lvarez Pont\u00f3n": "Q9030111", "Junko Oshida": "Q11497701", "Karolina Ferenstein-Kra\u015bko": "Q113131497", "Emma Karlsson": "Q4958125", "Hitomi Miyashita": "Q11453198", "Marlen Vassil": "Q111350941", "Myl\u00e8ne Diederichsmeier": "Q1701628", "Maki Tamura": "Q11576972", "Pia-Luise Aufrecht": "Q2091732", "C\u00e9cile Miletto Mosti": "Q17350787", "Mayuko Itakura": "Q11532516", "Antinisca Cenci": "Q123505604", "Chihiro Akami": "Q11635978", "Yukiko Masuzawa": "Q11429260", "Lucy Jackson": "Q60244053", "Yumiko Gob\u014d": "Q11570140", "Leith Innes": "Q11348738", "Clarissa Crotta": "Q1095620", "Roman\u00e9 Soto": "Q6111440", "Ann Poels": "Q558605", "Jonna Aaltonen": "Q126539385", "Delphine Santiago": "Q128126169", "Nathalie Henry": "Q3336597", "Linda Heed": "Q4953207", "Charlotte Lund": "Q62517967", "Lina Hansson": "Q4952628", "Anna Warnecke": "Q107585982", "Zuzana Schmiedov\u00e1": "Q112452325", "Maki Hirayama": "Q11482540", "Camilla Moos Enemark": "Q12305074", "Riina Rekil\u00e4": "Q11890720", "Anna Erixon": "Q100268244", "Noora Forst\u00e9n": "Q16298244", "Sarah Svanstedt": "Q97755900", "Nancy Takter": "Q96983381", "Kazue Chida": "Q11405709", "Rena Nishihara": "Q11627367", "Bel\u00e9n Bautista S\u00e1nchez": "Q116873248", "Zuzana Zelinkova": "Q33134578", "Bianca Schoenmakers": "Q18009518", "Minori Sasaki": "Q11602600", "Nina Fagerstr\u00f6m": "Q1992772", "Chiaki Iwanaga": "Q11475251", "Sabine Peters": "Q2119616", "Susanne Steiger": "Q25176084", "Mayumi Minagawa": "Q11580959", "Laura Myllymaa": "Q92427669", "Anna Siemer": "Q108129581", "Mirella Lesonen": "Q11882971", "L\u00e6titia Bernard": "Q24951496", "Marcela Slav\u00edkov\u00e1": "Q112420738", "Akane Yamamoto": "Q11469342", "Sofia Aronsson": "Q50347530", "Tara Pitt": "Q127270662", "Cira Baeck": "Q1092752", "R\u00e9ka Gadolla": "Q56871217", "Jennifer Tillman": "Q42393795", "Nat\u00e1lie Rou\u010dkov\u00e1": "Q95458127", "Jadey Pietrasiewicz": "Q18225452", "Mika Morii": "Q11539266", "Nadja Peter Steiner": "Q105396614", "Anna von Wendt": "Q111678643", "Mimmi Elfstrand": "Q60823223", "Katharina Werning": "Q1226396", "L\u00e9a Vicens": "Q3270037", "Sheika Latifa Al Maktoum": "Q19388341", "Kathrin M\u00fcller": "Q15438377", "Anna Cavallaro": "Q18223007", "Gwendolen Fer": "Q54819862", "Ciska Vermeulen": "Q26906220", "Rebecka Tell": "Q4982276", "Eveline Van Looveren": "Q27349609", "Vanda B\u011blinov\u00e1": "Q114402420", "Judy-Ann Melchior": "Q1500040", "Josefine Ivehag": "Q52151552", "Stephanie Probst": "Q68659110", "Angelica Augustsson": "Q533903", "Jeanine van der Sluijs": "Q56871202", "Y\u016bri Takahashi": "Q11671264", "Monica Spencer": "Q114061586", "Mai Beppu": "Q11396736", "Anna Freskg\u00e5rd": "Q117168389", "Alexa Ferrer": "Q126422667", "Jill Gullberg": "Q4988611", "Amanda Derbyshire": "Q105396612", "Christelle Haennel": "Q56871113", "Rosella de Simone": "Q2674200", "Alex Saidac": "Q4989632", "Malin Ber\u00e5s": "Q18647790", "Joanna Robinson": "Q128123259", "Charlotte Bettendorf": "Q16438940", "Rebecca Dahl\u00e9n": "Q77386858", "Martina B\u00fcttiker": "Q56868248", "Lisa M\u00fcller": "Q55088547", "Nicola Fitzgibbon": "Q66363719", "Y\u016b Hirano": "Q11483622", "Emma Augier de Moussac": "Q1337981", "M\u00e4rta Elander Wist\u00e9n": "Q109906043", "Madelen Ber\u00e5s": "Q101048198", "Laura Sarah de Gunzburg": "Q71818381", "Sarah Chakil": "Q17177222", "Sofia Adolfsson": "Q52151564", "Juulia Savonlahti": "Q16990426", "Stephanie Holm\u00e9n": "Q111382015", "Anna-Julia Kontio": "Q11851517", "Elisabeth Bieri": "Q56868339", "Nathalie Bitz": "Q56871098", "Tine Magnus": "Q127869911", "Jana Wargers": "Q120488372", "Hannah Eccles": "Q22210767", "Tereza Kucharsk\u00e1": "Q112503097", "Jana Pechl\u00e1tov\u00e1": "Q112552078", "Emilia Leo": "Q55387704", "Le\u00efna Benkhraba": "Q66712099", "Siv Emilie L\u00f8vvold": "Q101044150", "Katharina Rhomberg": "Q122171419", "Kei Chiong": "Q21094092", "Emma V\u00e4re": "Q20915047", "Corinna Knauf": "Q56871190", "Wilma Hellstr\u00f6m": "Q122167914", "Margaux Rocuet": "Q88098481", "Birgitte Reitan": "Q19899705", "Bihari Alexandra": "Q56391072", "Scarlett Gartmann": "Q112039534", "Paola Labb\u00e9": "Q115625876", "Janita Antti-Roiko": "Q111508678", "Victoria Hofferson": "Q112521580", "Henna Halme": "Q125333649", "Laura Klaphake": "Q54512247", "Nadja B\u00fcttiker": "Q56868238", "Cecilie Eriksen": "Q55558082", "Maria Takada": "Q48763076", "Kendra Claricia Brinkop": "Q127004350", "Elaura Cieslik": "Q62911623", "Emma O'Dwyer": "Q107526316", "Sibylle Vogt": "Q86462565", "Kim Emmen": "Q125904723", "F\u016bma Matsuwaka": "Q18545912", "Charlotte Defalque": "Q127869901", "Mayu Suzuki": "Q22129337", "Elizabeth Ioannou": "Q56871197", "Tatjana Prassl": "Q56868301", "Diana Porsche": "Q80913307", "Jennifer Katherine Gates": "Q23011254", "Kim Moberg": "Q47457571", "Soukaina Ouaddar": "Q64034983", "Alessandra Reich": "Q122171418", "Joanna Wyrzyk": "Q107477139", "Emilie Paillot": "Q96739607", "Manon Moutinho": "Q113505458", "Gina-Maria Schumacher": "Q65210288", "Tha\u00efs Meheust": "Q67184476", "Ramona N\u00e4f": "Q56868283", "Ga\u00eblle Godard": "Q106808080", "H\u00e9lo\u00efse le Guern": "Q114164464", "Dorthea Faa-Hviding": "Q119154274", "Charlotte Gellerstad": "Q95213206", "Yoshimi Nakashima": "Q95399976", "Marie V\u00e9lon": "Q109612254", "Natalie Dean": "Q126437553", "Nathalie Bienz": "Q56868318", "Sienna Weir": "Q118177467", "Viktorie Valendinova": "Q112554016", "Nina Mallevaey": "Q125895187", "Briar Burnett-Grant": "Q60439196", "Isabella Russekoff": "Q125874859", "Camila Arancibia": "Q115625875", "Anastasiya Dudkina": "Q107632264", "Al\u017eb\u011bta Vy\u0161tajnov\u00e1": "Q122388992", "Brianagh Clark": "Q126902394", "Jeanne Sadran": "Q109137881", "Mathilde Pinault": "Q104762510", "Aline Koller": "Q56868346", "Maria Barnewitz Schou": "Q65229654", "Mina Saiagh": "Q122344582", "Greta Busacker": "Q113995012", "Sally Stucki": "Q56868328", "Samira Koller": "Q56868362", "Kyra Seiler": "Q56868388", "Jeanne Braun": "Q113505506", "Katharine Burdsall": "Q3194013", "Karina Johannpeter": "Q10313840", "Yayoi Nitta": "Q11503722", "Mary Bannister": "Q19326042", "Liv Pedersen": "Q19380013", "Elisabeth Meyer": "Q47005648", "Paris Sellon": "Q54494433", "Lisa Nooren": "Q54504226", "Hannah Waldo Astley": "Q55693236", "Christiana Duguet": "Q61746554", "Liva Guldager Nielsen": "Q64514143", "C\u00e9cile Bouzinac": "Q65570156", "Katie Power": "Q95979019", "Andrea Seefeldt": "Q102242167", "Vera L\u00facia Mazzilli": "Q103847219", "Clarissa Strachan": "Q105396607", "Ali\u00e9nor le Gouvello": "Q105519136", "Claire Koch": "Q107586011", "Helen Cantillon": "Q107586080", "Irina Karacheva": "Q107586102", "Jeanette Ullsten": "Q107586118", "Kim Walnes": "Q107586168", "Mandy Stibbe-Jeakins": "Q107586196", "Nancy Bliss": "Q107586231", "Olga Udodenko": "Q107586252", "Rachel Bayliss": "Q107586280", "Sonya Duke": "Q107586325", "Sonya Rowe": "Q107586328", "Tatiana Nenachova": "Q107586340", "Ilsebill Becher": "Q108051250", "Susan E. Harris": "Q109498592", "Cristina Buesa Zubiria": "Q109540130", "Regula Pfrunder": "Q109851699", "Alison Westwood": "Q110079802", "Michele McEvoy": "Q110080121", "Jane Thelwall": "Q110271070", "Rachel Hunt": "Q110271106", "Virginia Freeman-Jackson": "Q110653333", "Juliet Bishop": "Q110677988", "Jane Wykeham-Musgrave": "Q110713493", "Debbie West": "Q110725276", "Kit Tatham-Warter": "Q110748424", "Susan Fleet": "Q110763087", "Christine Sheppard": "Q110774025", "Lady Petersham": "Q110774238", "Polly Hely-Hutchinson": "Q110774636", "Janet Hodgson": "Q110792893", "Hanna Huppelsberg-Zw\u00f6ck": "Q110803654", "Patsy Maher": "Q110804037", "Elisa Fern\u00e1ndez": "Q111026059", "Cassandra Orschel": "Q112166612", "Kristen Vanderveen": "Q112649224", "Schuyler Riley": "Q112649591", "Katie Dinan": "Q112649854", "Dominika Czwartosz-Kra\u015bko": "Q113131606", "Lorenza O'Farrill": "Q115589685", "Gwen Stockebrand": "Q115589688", "Carmen Tamayo": "Q115589689", "Carole Grant": "Q115589690", "Jeniffer Miller": "Q115589693", "Lauren Sammis": "Q115589695", "Marisa Festerling": "Q115589696", "Jennifer Baumert": "Q115589698", "Diane Fermin-Didot": "Q115589701", "Ingrid Troyko": "Q115589702", "Diana Paes": "Q115589703", "Ileana Diniz": "Q115589704", "Diana Billes": "Q115589706", "Ann Guptill": "Q115589707", "Nancy Polzker": "Q115589708", "Gwen Blake": "Q115589709", "Anne Gribbons": "Q115589711", "Lynda Alicki": "Q115589713", "Betsy Rebar Sell": "Q115589714", "Stephanie O'Meara": "Q115589715", "Tatiana Londono Camargo": "Q115589716", "Kristina Harrison-Naness": "Q115589719", "Katherine Poulin": "Q115589720", "Roberta Morris": "Q115589721", "Constanza Jaramillo": "Q115589723", "Kimberly Herslow": "Q115589725", "Nora Batchelder": "Q115589727", "Christine McCrea": "Q115589728", "Norma Chornawka": "Q115589731", "Dorothy Matz": "Q115589734", "Debbie Stephens": "Q115589737", "Alison Firestone": "Q115589738", "Cara Raether": "Q115589739", "Laura Chapot": "Q115589740", "Lucy Deslauriers": "Q115589744", "Emily MacGowan": "Q115589745", "Abigail Lufkin": "Q115589746", "Hannah Sue Hollberg": "Q115589748", "Lynn Symansky": "Q115589750", "Nanci Lindroth": "Q115589753", "Moira Tone": "Q115589755", "Missy Ranshousen": "Q115589756", "Denise Rath": "Q115589757", "Artemis de Almeida": "Q115589758", "Shannon Lilley": "Q115589764", "Dana Cooke": "Q115589768", "Debbie Shaffner": "Q115589769", "Louise Meichowsky": "Q115589771", "Nancy MacLachlan": "Q115589772", "Andrea Bresee": "Q115589774", "Victoria Winter": "Q115589837", "Leslie Webb": "Q115589844", "Jean McKenzie": "Q115589868", "Ellen Dixon": "Q115589909", "Kathy Adams": "Q115589915", "Elizabeth Ball": "Q115589916", "Donna Richardson": "Q115589919", "Renata Costa": "Q115589935", "Sandra Anderson": "Q115590020", "Sarah Waddell": "Q115590045", "Beth Perkins": "Q115590297", "Lauren Hart": "Q115590305", "Dorothy Alexander": "Q115590612", "Ninon Forget": "Q116350591", "Mashael bint Mansour Binsultan": "Q116761609", "Amal bint Faisal": "Q116761701", "Wijdan Al-Malki": "Q116930150", "Tereza \u0160r\u00e1mkov\u00e1": "Q120607018", "Martina Nittnaus": "Q120614552", "Colombe Clair": "Q122085965", "Margaret Rizzo McKelvy": "Q122898917", "Julia Karen Neugebauer": "Q123002970", "Sharon White": "Q123573130", "Sydney Elliott": "Q123573176", "Lindsay Traisnel": "Q123577633", "Mathilde T\u00e9treault": "Q123577681", "Camille Carier-Bergeron": "Q123577710", "Beatrice Boucher": "Q123577848", "Codi Harrison": "Q123579443", "Karina Amor\u00f3s": "Q124335723", "Lourdes Ariza": "Q124340987", "Laura Tran Thien": "Q126209226", "Valentyna Kukova": "Q126464474", "Louise Rochefort": "Q127707701"}