{"Carolina Regueiras": "Q20535709", "Felicitas Casabella Fern\u00e1ndez": "Q20535860", "Mar\u00eda Josefa Casabella Fern\u00e1ndez": "Q20535864", "Br\u00edgida Mu\u00f1iz": "Q61061649", "Edit Borb\u00e1s": "Q110938242", "Antonina Rejczak": "Q110034766", "Tang Shi": "Q45392123", "Zhang Wenwan": "Q45415167", "Vincenza Pasini": "Q4013072", "Giannetta de' Vacchi": "Q3763422", "Barbara P\u00e4chlerin": "Q31840122", "In\u00e9s Mu\u00f1oz de Ribera": "Q107586100", "Eul\u00e0lia Ginebreda": "Q108506158", "Martha Engel": "Q94772788", "Hannah Ayscough": "Q3126832", "Anna Katharina Bierstedt": "Q94764189", "Maren Andersdatter Kierkegaard": "Q124459674", "Teodora Su\u00e1rez de Rold\u00e1n": "Q108601632", "Helene Charlotte von Friedland": "Q1601951", "Christine Reckefu\u00df": "Q94772816", "Helene Lanz": "Q99392003", "Gwen Jones": "Q56179510", "Sarah King": "Q96208141", "Susanna Wenger": "Q122619517", "Elizabeth Enoch": "Q56176777", "Mary Bennett Love": "Q123550988", "Dinah Mendenhall": "Q115379888", "Eleanor Williams": "Q54258753", "Teodora Alexandrina de Almeida de Lima Pais Castelo Branco": "Q10380237", "Rosalie Van Craeymeersch": "Q119362394", "Lucinda Margaret Harwood Sellman": "Q111724184", "Beatrix Jacqueline Marie Colette De Cock": "Q122818593", "Mariana Claudina Barroso Pereira de Carvalho, Condessa do Rio Novo": "Q56349971", "Susannah Barker": "Q101096079", "Elizabeth Sarney": "Q56183950", "Maria Theresia Devriendt": "Q123717246", "Ana Rech": "Q85868729", "Antonija Zidar": "Q113686009", "Inga (f\u00f6rfattare)": "Q98545854", "Elizabeth Williams": "Q56185945", "Rose Mar\u00e9chal": "Q123568645", "Watanabe Suzu": "Q71679131", "Susanna Dubach": "Q94421860", "Barbara Weigand": "Q19271376", "Eug\u00e9nia Nunes Viseu": "Q17318166", "Marie Gilliard-Malherbe": "Q3292553", "Serafina Wuolijoki": "Q64691616", "Karoline Stiefel": "Q94760718", "Mariana Quintas": "Q10326244", "Anna Gustavsson": "Q24019416", "Anna Sheerin Lowe": "Q95569069", "Jane Wright Munro": "Q96649427", "Marie Skau-Petersen": "Q62081186", "Rose H\u00e9r\u00e9 (1862-1945)": "Q107751692", "Phebe Amelia Page Harrison": "Q126810541", "Mildred Cracroft Wilson": "Q96694601", "Phebe Clothilde Parkinson": "Q63759606", "Ho Tung Margaret": "Q117038354", "Marianna \u0141ubiarz": "Q117493384", "Marie Bosle": "Q119104004", "Margherita Soliani": "Q110036473", "Catalina Homar Ribes": "Q24825009", "Grada Smeenk": "Q110035333", "Elizabeth Herbert": "Q110952825", "Augusta Gillabert": "Q765651", "Marie Maas": "Q110033343", "Wiktoria Psioda": "Q110034647", "Bronis\u0142awa Kowalska": "Q110032684", "Valentine Verrier": "Q110036537", "Maria de Jesus da Aveiro": "Q56167015", "Hermina Oosterveld": "Q110034054", "Marie Dumont": "Q110031152", "Ebba B\u00f6klin": "Q26327713", "Filomena Dziedowicz": "Q110031181", "Pierrette Pauchard": "Q110034248", "Marie Simon": "Q112440877", "Erminia Olfers-Batocki": "Q6527433", "Maria Pajewska": "Q110034162", "Agnieszka Bali\u0144ska": "Q110029922", "Helga Sehested": "Q62080191", "Katarzyna Kazak": "Q110844809", "Giovanna Venturino": "Q110036470", "Anna Helene Friese": "Q113686548", "Louise Bret": "Q110030424", "Rose Bourot": "Q112438480", "Marguerite Beyrand": "Q110030084", "Amanda Kuchenbecker McLaughlin": "Q114753526", "Lucia Bloem": "Q110030149", "Petronela Lach": "Q110032981", "Esther Laub": "Q62080027", "Maria Sarzy\u0144ska": "Q110035020", "Elna Pehrsson": "Q50876681", "Christina Burik": "Q110030523", "Juozapata Butkevi\u010dien\u0117": "Q110030547", "Marie Lillefosse": "Q108006769", "Z\u00e9lie Lassort": "Q110033046", "Petronella Claessens": "Q110030801", "Marie Gorius": "Q117837211", "Christine Dieterle": "Q94750707", "Seraphine Darvey": "Q110030937", "Alexandrine Langlois": "Q110033028", "Mary Jane Meehan": "Q109886908", "Maria Meesters": "Q110033623", "Leentje Housmans": "Q110031903", "Marijona Jurk\u0161aitien\u0117": "Q110032209", "Anna Melnik": "Q110033648", "Marguerite Moreau": "Q110033804", "Jean B\u00e9b\u00e9": "Q127264374", "Adela Blonska": "Q110030162", "Jantje Lowijs": "Q110033297", "Barbara Pocien\u0117": "Q113227158", "Marie-Ang\u00e8le Charmaison": "Q110030683", "Evelyne Chazot": "Q110030702", "Mina Hofstetter": "Q96322007", "Leokadia Piatkowska": "Q109302971", "Francoise Leclere": "Q110033090", "Marie-Jos\u00e9phine Berthaud": "Q110030073", "Maria Sladetskaya": "Q110035306", "Maria Smulders": "Q110035404", "Maria Palider": "Q29016523", "Helena Virkki": "Q28356978", "Antje Uithof": "Q110036363", "Marguerite Jaussein": "Q110032144", "Maria Fo\u0142ta": "Q110031310", "Th\u00e9r\u00e8se Duchesne": "Q110031136", "Nancy Ollivier": "Q110034029", "Franciszka Halamajowa": "Q85861219", "Michalina Nestorowicz": "Q109936965", "Katarzyna Baranek": "Q110029961", "Henriette Chignac": "Q110030725", "Martje Rosier": "Q110848976", "L\u00e9ontine Artiguenave": "Q110029861", "Louise Rasseneur": "Q110848685", "Eleonora \u0141\u0105gwa": "Q110032993", "Flore Debouge": "Q110030981", "Anna Leszczy\u0144ska": "Q105714405", "Antanina \u0160neiderien\u0117": "Q110035412", "Agnieszka Jakie\u0142a": "Q110032054", "Alimihan Seyiti": "Q19853951", "Ludivine Deffayet": "Q110030988", "Minnie P. Blair": "Q94535724", "Afke Sieswerda": "Q110035245", "Karolina Wr\u00f3bel": "Q109623236", "Adriana Kleibroek": "Q110032442", "Marguerite Th\u00e9venet": "Q110036161", "Natalya Haluza": "Q117382919", "Maria Geurts": "Q110031462", "Valentine Paillard": "Q110034157", "Karla Ku\u010derov\u00e1": "Q53840937", "Maria Muijsers": "Q110033850", "Aloisie Tom\u0161\u00edkov\u00e1": "Q53985063", "Wiktoria Krawczyk": "Q110032756", "Bronis\u0142awa Dziuba": "Q110031191", "Teofilia Niedziela": "Q110033934", "Adele Dainelli": "Q110030910", "J\u00f3zefa Drozd": "Q110031126", "Marianna Konieczna": "Q110032530", "Stanis\u0142awa Trzci\u0144ska": "Q110036288", "Pustina Vershigora": "Q110036538", "Teresa Zenari": "Q110037341", "Paraskewa Padlewska": "Q120693721", "Maria Ganczar": "Q110031390", "Feoktista Semeshkina": "Q110035101", "Ona Teniukien\u0117": "Q110036098", "Beitske Hoogsteen": "Q110031877", "Maria Langthaler": "Q106301198", "Antje van Loenen": "Q110033276", "Marie Pilli\u00e8re": "Q110034376", "Natalia Schekalo": "Q110035050", "Laura Solbergseter": "Q110035486", "Lucie Lermine": "Q110033131", "Felicja P\u0142achci\u0144ska": "Q110034410", "Anna Hermans": "Q110031819", "Frieda Harms": "Q94774271", "Marie-Th\u00e9r\u00e8se Rigazio": "Q110034815", "Grietje Klok": "Q126617106", "Maria Bocia\u0144ska-Radomska": "Q11768741", "Maria Gramsch": "Q110031604", "Malfried Tyvold": "Q99197868", "Louise Chapot": "Q110030680", "Domna Gaivoroniuk": "Q110031366", "Yvonne Maurice": "Q110033582", "Sofia Kyc": "Q120645305", "Katherine Rogan Gottry": "Q127784421", "Baba of Karo": "Q56821119", "Marija \u010cesnavi\u010dien\u0117": "Q110030659", "Marfa Franko": "Q110031336", "Yefrosinia Kostiunik": "Q110032616", "Angele Larose": "Q110033032", "Anna Wid\u00e9n": "Q17120562", "Emmeline Abel": "Q109968387", "Fran\u00e7oise Le Cardinal": "Q110033080", "Joanna Turcksin": "Q2410616", "Marija Ivan\u010di\u010d": "Q12795735", "Maria P\u0142otkowska": "Q110034430", "Marie Grangeon": "Q110031611", "Sjoeke Aardema": "Q109968322", "Marie Cabanettes": "Q110030560", "Yone Nanji": "Q11407640", "Helena Szmur\u0142o": "Q110035992", "Wilhelmina Vos": "Q110036650", "Maria Pawelec": "Q110034259", "Lily Peter": "Q113783193", "Mrs. Anderson, Esther Wheeler": "Q123151097", "Marie Bouvier": "Q110030371", "Katarzyna Mika": "Q110033690", "Sekleta Romchuk": "Q110034874", "Marianna Szajner": "Q110035942", "Oksana Karpiuk": "Q120705418", "Maria Kut": "Q110032938", "Helena \u0141awska": "Q110033069", "Prosp\u00e9rine Blotti\u00e8re": "Q110030165", "Hortense Vergnes": "Q110036500", "Stanis\u0142awa Ko\u0142kowska": "Q96571664", "Helena Sorgowicka": "Q110035505", "Maria Kotowska": "Q110032635", "Maria Pruchniewicz": "Q107277413", "Marie Chenevi\u00e8re": "Q110030710", "Marguerite Cartier": "Q110030616", "Dina Lievestro": "Q110033227", "Michalina Buksa": "Q110030500", "Celie Courtial": "Q110030843", "Th\u00e9r\u00e8se Fourtier": "Q110031327", "Marina Grabovskaya": "Q110031596", "Aniela Matonis": "Q110033543", "Maria W\u0119g\u0142owska": "Q110036824", "Helena Roth": "Q67201359", "Anastasia Davydyonok": "Q110030958", "Varvara Syrovenko": "Q110035887", "Agnieszka Mazurkiewicz": "Q110033601", "Helena Skorulski": "Q110035290", "Sophia van Veldhoven": "Q110850586", "Charlotte Breton": "Q110030426", "Apolonia Stolarczyk": "Q110035659", "Trijntje Keijzer": "Q110032370", "Marcelle Cousinet": "Q110030847", "Grace Margarette Allen Qua": "Q127716069", "Gu\u00f0bj\u00f6rg J\u00f3nasd\u00f3ttir": "Q61972459", "Francka Li\u010den": "Q12789308", "Jetje de Roo": "Q110034879", "Rigtje Boelstra": "Q23670641", "Alice Thayer Brown Moses": "Q126616308", "Marthe Lamani\u00e8re": "Q110033007", "Aleida Wassink": "Q110036805", "Maria Strzelecka": "Q110033940", "Krist\u00edn Bjarnad\u00f3ttir": "Q61973110", "Pauline F\u00f6ll": "Q94746474", "Esperanza G\u00f3mez Gonz\u00e1lez": "Q97218074", "Grada Abbink": "Q110029773", "Petron\u0117l\u0117 Buo\u017eiene": "Q110030512", "Fedora Shyndybylo": "Q110035211", "Agata Armatys": "Q110029853", "Maria Chaplinskaya": "Q110030678", "Eug\u00e9nie Rolhion": "Q110034854", "Anne Westerhof": "Q110036848", "Cl\u00e9mence Ordy": "Q110034066", "Julia Stemporowska": "Q126617152", "Alice Moreau": "Q110033805", "Wilhelmina Visschers": "Q110036611", "Slava Ivan\u010devi\u0107": "Q18169043", "Andr\u00e9e Grenon": "Q110031626", "Maria Antoniono": "Q110029834", "Lucienne Jouvelin": "Q110032188", "Jannetje van de Geest": "Q110031430", "Andr\u00e9e Houbron": "Q110031894", "Anna \u010cunderl\u00edkov\u00e1": "Q110032266", "Zofia Karpowicz": "Q110032316", "Anna Parczewska": "Q110034208", "Bronis\u0142awa S\u0142odzi\u0144ska": "Q110035326", "Maria Woroniecka": "Q110037085", "Ustyna Kowtoniuk": "Q120705781", "Josefa Ne\u010dadov\u00e1": "Q121255048", "Stanislava Antanaityt\u0117": "Q110029826", "Feodosia Storozhuk": "Q110035682", "J\u00f3na \u00cdvarsd\u00f3ttir": "Q61973035", "Mary Josephine Brown Moses": "Q126870279", "Johanna Koeling": "Q110032475", "Marie Desplan": "Q110031048", "Maria Kruk": "Q110035871", "No\u00e9mie Vialle": "Q110036584", "Lisa Egger": "Q123414244", "Jeanne-H\u00e9l\u00e8ne Camino": "Q110030579", "Anna Mary Moses": "Q126115450", "L\u00e9onie Luiggi Jarnier": "Q107214511", "Femmigje Woudstra": "Q110037103", "Suzanne Didier": "Q110031065", "Jacomina Bierens": "Q110030107", "Aniela Kociszewska": "Q110032471", "J\u00f3zefa Ka\u0142u\u017ca": "Q110032245", "Eva Giardini": "Q110031468", "Andrea Guti\u00e9rrez Cahuana": "Q20016742", "Eugenia Krzyczkowska": "Q110032824", "Josephine Maquinay": "Q110033450", "Johanna Nijland": "Q110033948", "Marija Urbonien\u0117": "Q110036383", "Antonina Biardzka": "Q110030091", "Maria Gennaretti": "Q110031442", "Mariangela Della": "Q110033890", "Julie Plegades": "Q110034422", "Marie Amblard": "Q110029802", "Marie Tholozan": "Q110036170", "Katarzyna Gerula": "Q110843660", "Aleida Wiggers": "Q110036881", "Jeanne Allard": "Q110029797", "Sigurbj\u00f6rg Benediktsd\u00f3ttir": "Q61973690", "Plazida Insausti": "Q11699814", "Katarzyna Dzik": "Q110031186", "Louise Ferrand": "Q110031265", "Marianna Kowalczyk": "Q110032671", "Franciszka Kurpiel": "Q110032929", "J\u00f3zefa Bylicka": "Q110842207", "Katarzyna Margol": "Q117475096", "Katarzyna Kowal": "Q110034138", "Ur\u0161ul\u0117 Dailidavi\u010dien\u0117": "Q110030908", "Maria Matulov\u00e1": "Q110033564", "Regina Wiersma": "Q110036867", "Maria Vavrisevich": "Q110850554", "El\u00edn Bjarnad\u00f3ttir": "Q61972305", "Franziska Fischer": "Q1450113", "Wiktoria Tomal": "Q110036214", "Antonina Gabis": "Q110031353", "Bronis\u0142awa Bochenek": "Q110030188", "Marie-Louise Moreau": "Q110846579", "Berthe Dhui\u00e8ge": "Q110031056", "Marianna Pytlarz": "Q110034682", "Johanna Zanoli": "Q109648979", "Francisca Susano": "Q109692028", "Marguerite Bouchard": "Q110030333", "Wilhelmina van der Pouw": "Q110034563", "Eloise Blondet": "Q110030158", "Pauline Morel": "Q110033810", "L\u00e9a Mostade": "Q110033831", "Janina Bali\u0144ska": "Q110029925", "Emma Bachmayer": "Q1337979", "Weronika Adamczyk": "Q110029779", "Marguerite Berger": "Q110030065", "Cornelia Berkers": "Q110030069", "Irina Karpik": "Q110032308", "Tatiana Kharchenko": "Q110032387", "Ona Korsakiene": "Q110032572", "Feliksa Machul": "Q110033348", "Henriette Ordan": "Q110034062", "Helena Pejzak": "Q110034276", "Giuseppina Togliatto": "Q110036202", "Agafia Volynetz": "Q110036641", "Antje Wiersma": "Q110036872", "J\u00f3zefa Dmoch": "Q117378965", "Maria Subbotenko": "Q110030260", "Katarzyna Pernat": "Q110034305", "J\u00f3zefa Dudek": "Q110031140", "Riemke Visser": "Q110036614", "Stefania Oberda": "Q110034003", "Justyna Celuch": "Q110030646", "J\u00f3zefa W\u0142odarz": "Q110037002", "IJmkje Westra": "Q110036850", "Therese Wieser": "Q15449383", "Julienne Boucher": "Q110030337", "Stella Nepi": "Q110033918", "No\u00e9mie Dejour": "Q110030998", "Cornelia Koopman": "Q110032545", "Augustine Delage": "Q110031006", "Ingrid S\u00f6derstr\u00f6m": "Q42305625", "Andr\u00e9a B\u00e9zer": "Q110030086", "Marie Garagnoli": "Q110031396", "Ona Girdvainien\u0117": "Q110031492", "Germaine Lef\u00e8vre": "Q110033107", "Pauline Weron": "Q110036842", "Anastazja \u0141ubiarz": "Q117548696", "Lambertine Kroonen": "Q110032795", "Marta Lieludre": "Q110033221", "Zofia Majewska": "Q110033379", "Andr\u00e9e Huot": "Q112289643", "Albina Kar\u0142owicz": "Q110032294", "Auguste Landeau": "Q110033018", "Dorothy J. Harrison Moses": "Q126416362", "Maria Kazuro": "Q110032360", "Marianna Zawadka": "Q110037293", "Jeanne Granger": "Q110031615", "J\u00f3zefa Zdanowska": "Q110037321", "Mar\u00eda Castillo de Contreras": "Q63847220", "Franca de Armi\u00f1o": "Q64819906", "Rosa Kiener": "Q94757583", "Jadwiga Chor\u0105\u017ckiewicz": "Q110030758", "Tatyana Matskevich": "Q110033555", "Kamila Matul": "Q110033560", "Lukeriya Nazarenko": "Q110033895", "Zofia Pechena": "Q110034268", "Praskovia Rozhkovskaya": "Q110034935", "Marie Simonnet": "Q110035267", "Apolonia Gaco\u0144": "Q117456480", "Zofia \u0141o\u015b": "Q16620433", "Irina Kalaferova": "Q109627917", "Yefrosinia Stepanyuk": "Q110035632", "Maria Stradowska": "Q110035704", "Pierrette Couturier": "Q110030853", "Auguste Bader": "Q94744792", "Marie-Louise Tuloup": "Q110036333", "Emil\u00eda Bl\u00f6ndal": "Q61972381", "Antonetta Wijnen": "Q110036902", "Fran\u00e7oise Deprez": "Q110031030", "Yvonne Guin": "Q110031691", "Marianna G\u0142uchowska": "Q110031504", "Susanne Allacher": "Q118984283", "Paula Hollenweger": "Q1284792", "Emil Reich": "Q112816114", "Hermina Dekker": "Q110031000", "M\u00e9lanie Chapleau": "Q66670922", "Ona Gel\u017einien\u0117": "Q110031434", "J\u00f3zefa Levchuk": "Q110033197", "Glikeria Pastukh": "Q110034227", "Leentje Ciggaar": "Q110030791", "Tatiana Kravchuk": "Q110032751", "Helena Piskorek": "Q110034398", "C\u00e9line Valadas": "Q110036402", "\u00c1sta J\u00f3hanna \u00deorsteinsd\u00f3ttir": "Q61972192", "Katarzyna Wasylinka": "Q110036806", "Marie-Jos\u00e9phine Roche": "Q110034839", "Aniela Sargowicka": "Q110035018", "Agafia Kozyrskaya": "Q110032726", "Karolina Mika": "Q110033688", "Albina Piotrowska": "Q110034392", "Anna Ditzen": "Q560130", "Kristbj\u00f6rg Vigf\u00fasd\u00f3ttir": "Q61973105", "Maria Grausenburger": "Q94433", "Gizela Lavren\u010di\u010d": "Q120752022", "Yvonne Bourdeauducq": "Q107199110", "Wilhelmina Wauben": "Q110036812", "Jeanne Vigier": "Q3176175", "W\u0142adys\u0142awa Salonek": "Q110035000", "J\u00f3zefa Schnitzer": "Q110035062", "No\u00e9mie Mazoyer": "Q110033594", "Ren\u00e9e Charpentier": "Q110030687", "Maria Twardzik": "Q110036341", "Marthe Cherioux": "Q110030712", "Petronela Del\u0105g": "Q110031004", "H\u00e9l\u00e8ne Guillemin": "Q110031687", "Anna Bukovskaya": "Q110030495", "Lucie Grandou": "Q110031608", "Marthe Vos": "Q126616989", "Adela Sza\u0142aj": "Q110030748", "Magdalena \u017b\u0105d\u0142o": "Q110037187", "Marthe Burnat": "Q110030526", "Lucie Laigneau": "Q110032997", "Denise Chesnoy": "Q110030716", "Marguerite Poignard": "Q110034452", "Veronika Arlauskien\u0117": "Q110029851", "Akulina Bessmertnaya": "Q110030078", "Eug\u00e9nie Cordeau": "Q110030826", "Yekaterina Staskevich": "Q110032843", "Emilia Pachalko": "Q110034123", "Marta Paplewska": "Q110034197", "Olga Romanishina": "Q110034861", "Antonina Pristupa": "Q110034614", "Marguerite Taix": "Q110036038", "Zofia Ludmi\u0142a Tarnowska born Ostaszewska": "Q23943992", "Marianna Kuci\u0144ska": "Q110032853", "Blanche Glenat": "Q110031498", "Maria Gajewska": "Q110031369", "Gabrielle Gasset": "Q110031417", "J\u00f3zefa Wr\u00f3bel": "Q110035614", "Ida Darricau": "Q110030934", "Zofia Kurek": "Q110032896", "Marie Lecoq": "Q110033093", "Georgette Paris": "Q110034211", "Petronella Doets": "Q110031091", "Evodie Jouve": "Q110844640", "Margot Sarazin": "Q110035017", "Essie Ann Treat Ward": "Q94400986", "M\u00e1ria Porub\u00e4nov\u00e1": "Q110034527", "Aleksandra Gawrych": "Q85859096", "Anna Szyszka": "Q110036032", "Julianna Le\u015bniak": "Q11729149", "Lidia Deineko": "Q110030995", "Varvara Ignatieva": "Q110031967", "Marijona Mordosien\u0117": "Q110033802", "Michalina Steponavi\u010dien\u0117": "Q110035639", "Aniela Szewczyk": "Q110035982", "Emilia Ku\u0142aga": "Q110037019", "Marianna Wroblewska": "Q110037131", "Lubow Parfeniuk": "Q120501049", "Milda Bundule": "Q26696697", "Tekla Kosiba": "Q110032589", "Terezija Urbancic": "Q114356819", "Franciszka Kuriata": "Q110845431", "Apolonia Dobkowska": "Q97496688", "Bronis\u0142awa Kryczka": "Q110032809", "Madeleine Chauvet": "Q110030697", "Julia Vigne": "Q110036595", "Louise Fourgassi\u00e9": "Q110031320", "Zofia \u017bmudzka": "Q110037386", "Jozefa Bratos": "Q110030407", "F\u00e9licie Pignard": "Q110034355", "Antonina Flak": "Q110031293", "L\u00e9a Louradour": "Q110033293", "Francisca Sanders": "Q110035006", "Am\u00e9lie Lacampagne": "Q110032979", "Marie Landeau": "Q110033019", "Marie Josserand": "Q110032180", "Katarzyna Krokos": "Q110032790", "Marie Reliant": "Q110034776", "Eug\u00e9nie de Koster": "Q110032607", "Philomena Thienpondt": "Q110036163", "Paulina Ziobrowska": "Q110037375", "Anna Kytlic": "Q110032962", "Marie Montebran": "Q110033788", "Rimke van der Wal": "Q110036790", "Kimiko Okano Murakami": "Q106454940", "M\u00e1ria \u010carajov\u00e1": "Q110030601", "Sophie Gasteiger": "Q110031418", "Anelya Karpishina": "Q110032314", "Germaine Laurencin": "Q110033052", "J\u00f3zefa Misztal": "Q110033748", "Maria P\u00f3\u0142zi\u0119\u0107": "Q110034484", "Magdal\u00e9na Slamkov\u00e1": "Q110035309", "Ludwika Szumacher": "Q110036001", "Ksenia Korovina": "Q109627949", "Olga \u010cepkova": "Q109968301", "Elena D\u0105browska": "Q110030904", "Marianna Wase\u0144czuk": "Q110036802", "Sylvaine Billot": "Q114341499", "Maria Biel": "Q110030097", "Irma Laplasse": "Q2485537", "Evangelia \u010carasov\u00e1": "Q70216332", "Julia Ku\u0142yk": "Q110032882", "Sigurbj\u00f6rg Sigurj\u00f3nsd\u00f3ttir": "Q61973704", "Fernande Saulnier": "Q110035022", "Melanie Duprat": "Q110031155", "Kaspara M\u00f8rk": "Q96349039", "Flory Gate": "Q50803162", "Zofia Paw\u0142owska": "Q110032983", "Marie-Louise Rouland": "Q110034905", "Zuzana Hubinov\u00e1": "Q110031943", "Maurizia Aldeiturriaga": "Q12263266", "Stanis\u0142awa Niezna\u0144ska": "Q110033943", "Anna Kmie\u0107": "Q110032457", "Marianna Partyka": "Q110034216", "Banat Batyrova": "Q4079606", "Germaine Bauger": "Q110030014", "Aaltje Bergsma": "Q110030067", "Germaine Cellard": "Q110030644", "Waleria Jakubowska": "Q110032058", "Leokadia Jaskulowska": "Q110032139", "Katarzyna Kostrzewa": "Q110032624", "Hermina Meinen": "Q110033632", "Ewa Zaj\u0105c": "Q110037202", "Anel\u0117 Bal\u010diunien\u0117": "Q110029920", "Valerija Bru\u017eien\u0117": "Q110030466", "Tatiana Nikitchuk": "Q110033954", "Marysia Wo\u017ana": "Q110037125", "Eleonora Zagorska": "Q110037198", "Kazimiera Jankowerny": "Q110032088", "Marcelle Roy": "Q110849018", "Stanislava Kondratovich": "Q110032526", "Bronis\u0142awa W\u00f3jcik": "Q110037021", "Maria Kacz\u00f3wka": "Q110032229", "Zofia Czarnecka": "Q110030884", "Alma Klenke": "Q124258515", "Marie Gubian": "Q110031674", "Zelinda Giardini": "Q110031470", "Karolina Sikora": "Q110035248", "Felicja Soroko": "Q110035506", "Marie Deschamps": "Q110031044", "Germaine Trepardoux": "Q110036244", "Stanis\u0142awa Wr\u00f3bel": "Q110037127", "Elizabeth Voets": "Q110036628", "Allegonda Heldens": "Q110031765", "Antonia Hulsen": "Q110031958", "J\u00f3zefa Kosowicz": "Q110032603", "Rozalia Kopacz": "Q126616978", "Marie \u0160vejdov\u00e1": "Q50377142", "Marie-Luise Leutrum zu Ertingen": "Q1897191", "Mina Kitagawa": "Q86385048", "Aniela Niezgoda": "Q110033941", "Anna Kisz\u0142o": "Q110032427", "Aniela Kulesza": "Q110032871", "Anna Krzywicka": "Q97619772", "Maria Koopman": "Q110032547", "Katarzyna \u0141azanowska": "Q110033072", "Michalina Medy\u0144ska": "Q110033614", "Suzanne Mercier": "Q110033659", "Leokadija Ruzgien\u0117": "Q110034964", "Martha Sneyers": "Q110035422", "Franciszka Tendera": "Q110036092", "Maria Vovkotrub": "Q110036655", "Anna G\u0105siorowska": "Q110031412", "Pera Siljeg": "Q110035254", "Mar\u00eda Ba\u00f1a": "Q123925211", "L\u00e9onie Roussilhe": "Q110034918", "B\u00f3thildur Benediktsd\u00f3ttir": "Q61972249", "Petronella Bootsma": "Q110036836", "Josefa \u00c1lvarez": "Q47016791", "L\u00e9a Petit": "Q110034319", "Bronislawa Sobolewska": "Q110035442", "Waleria \u015awietlik": "Q110035881", "Anastazja G\u00f3recka": "Q110031572", "Helena Pietruszka": "Q110034350", "Marie-Magdeleine Aym\u00e9 de La Chevreli\u00e8re": "Q3292131", "Janina Ogonek": "Q110034014", "Bronis\u0142awa Majek": "Q110033376", "Yvonne Lebrat": "Q110033086", "Jeanne Rouzeau": "Q110034921", "Anna Sambora": "Q110035002", "Anna Kar\u00e1skov\u00e1": "Q110032279", "Anna Sygnowska": "Q110035885", "Irena Krepec": "Q24717979", "Stanis\u0142awa G\u0142os": "Q110031501", "Marie Morel": "Q110033808", "Zofia Kuk\u0142o": "Q110032868", "Anna Khmyz": "Q110032392", "Marija Mali\u0161auskien\u0117": "Q110033431", "Christel Schumann": "Q117802860", "Bronis\u0142awa Jurytko": "Q110032214", "Agata Kowalska": "Q110032697", "Hilligje Fledderus": "Q110031295", "J\u00f3zefa Kosi\u0144ska": "Q110032594", "Anna Medwenitsch": "Q51323967", "Ume Watanabe": "Q18236472", "Stanis\u0142awa Kmicic": "Q110032454", "Marie-Louise Busson": "Q110030541", "Celestina Penabad Garc\u00eda": "Q47522919", "Anna Stetsiv": "Q110035642", "Katarzyna Pi\u0142at": "Q110034360", "Genowefa Janczarska": "Q110032075", "\u013dudmila Reh\u00e1kov\u00e1": "Q110034762", "Marthe Rouhaud": "Q110034903", "Sabina Perzyna": "Q110031178", "Aleksandra Lesi\u0144ska": "Q110033156", "Lamkje Hof-De Boer": "Q24348706", "\u0141ucja Baranek": "Q110029958", "Marguerite Blaquieres": "Q110030138", "Alberta Gianaroli": "Q110031466", "Lukia Kalinchuk": "Q110032235", "Marianna Or\u0142owska": "Q110034070", "Agn\u00e8s Zoetelief": "Q110036260", "Anastasija Kore\u0144": "Q120689810", "Janina Flont": "Q110031304", "Aniela Kaprocka": "Q110032261", "Karola Lehka": "Q110033111", "Zofia Wysmulska": "Q110037142", "Marie-Louise Rautureau": "Q110034744", "Henriette Lassort": "Q110033047", "Catharina Tiel": "Q110036180", "Mich\u00e8le Buffet": "Q110030483", "Anna Ciosmak": "Q110030542", "Krist\u00edn Geirsd\u00f3ttir": "Q61973120", "Grietje Monsma": "Q110033785", "H\u00e9l\u00e8ne Puech": "Q94309357", "Janina Dyl": "Q110031172", "Ksenia Stasiuk": "Q110035610", "Helena Wrzosek": "Q110851267", "Andrija Juri\u0107": "Q110844675", "Kateryna Bojmistruk": "Q117735323", "Anastasija Ju\u0161kevi\u010dien\u0117": "Q110032216", "Vera Moseychuk": "Q110033821", "Maria Sagaidak": "Q110034983", "Al\u017ebeta \u010cuvalov\u00e1": "Q110030870", "Anneline Petersen": "Q105979059", "Elisa Blumet": "Q110030168", "Josephina Bachus": "Q110029894", "Lotte Burghardt": "Q98398608", "Genevi\u00e8ve Gastelais": "Q110031420", "Suzanne Baron": "Q110029984", "Bronis\u0142awa Jankowska": "Q110032096", "Maria Bouilhac": "Q110030345", "Bronislawa Pawlak": "Q85860133", "Marguerite Parre": "Q110034213", "El\u017cbieta Wojnarowicz": "Q110037029", "Catharina Gaalswijk": "Q110031352", "M\u00e1ria K\u00farov\u00e1": "Q110032893", "Stefania Zapi\u00f3r": "Q110037258", "Maria Domoga\u0142a": "Q110031102", "Anna Dziedowicz": "Q110031182", "Maria Omelianiuk": "Q110034033", "L\u00e9ontine Papillon": "Q110034193", "Anna Yaskevich": "Q110037171", "Stas\u0117 Bartkevi\u010dien\u0117": "Q110029998", "Weronika Kozi\u0144ska": "Q110032714", "Stanislava Mi\u017eutavi\u010dien\u0117": "Q110033753", "Varvara Nikitchuk": "Q110033956", "Anastasia Lopatiuk": "Q110033285", "Waleria Niedziela": "Q110033933", "Celina Zadurska": "Q56340382", "Maria Kazanowska": "Q110032354", "Helena Grabarek": "Q110031592", "Bronis\u0142awa Siedlecka": "Q110035235", "Mina Dostler": "Q1756623", "Juliette Marsaud": "Q110033484", "Raymonde Poulin": "Q110034558", "Femmigje de Boer": "Q110030238", "Magdalena Chajec": "Q110030671", "J\u00f3zefa Poranek": "Q87012813", "Blanche Rorato": "Q110034886", "Bernardina Theelen": "Q110036154", "Maria Suszczewicz": "Q110035829", "Marie-Madeleine Henin": "Q110031798", "Johanna Plomp": "Q110034428", "Anita V\u00e1zquez Barranc\u00faa": "Q106768460", "Kazimiera Gierwatowska": "Q110031474", "Willemina Grootemarsink": "Q110031654", "Maria Gunchak": "Q110031697", "H\u00e9lo\u00efse Chasserieau": "Q110030691", "Anna Ivasiuk": "Q110032021", "Suzanne Francois": "Q110031333", "Katarzyna Wilk": "Q110036933", "Erna Me\u0161ko": "Q113996264", "Juliette Chauss\u00e9e": "Q110030696", "H\u00e9l\u00e8ne Bedu": "Q110030026", "Marianna Pow\u0119zka": "Q110034569", "Marie Hol\u00edkov\u00e1": "Q86372179", "Johanna van Dijk": "Q110031071", "Agnes Garben": "Q110031400", "Michalina Janicka": "Q110032078", "Wiera Jankiewicz": "Q110032086", "Aniela Kasieczko": "Q110032331", "Joanna van Lieshout": "Q110033223", "Emma Werner": "Q110036839", "Genowefa Staszczak": "Q110035615", "Maria Mazurek": "Q110033600", "Vasilina Miniuk": "Q110033729", "Maria M\u0142ynarska": "Q110033756", "\u00c4nnchen Jung-Eisel": "Q60827212", "Helena Hajdejczuk": "Q110031719", "Helena Kuron": "Q110032918", "Marina Sobolevskaya": "Q110035436", "Julia Bugajska": "Q110030486", "Hanna Kondrachuk": "Q110032517", "\u00de\u00f3ra J\u00f3nsd\u00f3ttir": "Q61973960", "Aniela Ko\u0142aczkowska": "Q110032489", "Victorine Deglise": "Q110031246", "Marta Chruszcz": "Q110030768", "J\u00f3zefa Florek": "Q110031306", "Klara Rdzanowska": "Q110034750", "Paulina Pindelak": "Q110034380", "Clelia Marchi": "Q3680407", "Aaltje Wildenbeest": "Q110036928", "Derna Cecchini": "Q110030640", "C\u00e9line Janailhac": "Q110032071", "Stanis\u0142awa Weglowski": "Q110036822", "Anna Kucharska": "Q110032837", "\u00de\u00f3ra Gunnarsd\u00f3ttir": "Q61973958", "Paulette Garnier": "Q110031408", "Marie-Louise Massoc": "Q110033518", "Odette Chaufournais": "Q110030693", "Gertruda Mo\u0142drzyk": "Q110033768", "Eugenia Latoszy\u0144ski": "Q40744244", "Frida Theu\u00df": "Q94774431", "Marie Guillaumin": "Q110031685", "Franziska J\u00e4gerst\u00e4tter": "Q97064137", "Zofia Czarnota": "Q110030885", "Genowefa Pakulnicka": "Q110034166", "J\u00f3zefa Lipka": "Q110033248", "Stanis\u0142awa Jachacz": "Q110032038", "Helena Bieli\u0144ska": "Q110030102", "Bronis\u0142awa Lasota": "Q110033043", "Sidonie Vandenborren": "Q110036413", "Jeanne Coiffier": "Q110030815", "Marie Peter": "Q110034317", "Eudokia Sabadach": "Q110034977", "Bronis\u0142awa Janto\u0144": "Q109992753", "Denise Coury": "Q110030845", "Sabina Leszczy\u0144ska": "Q110033175", "Marianna Hara": "Q110031730", "J\u00f3zefa Zbucka": "Q110037316", "Mikaela Labaien": "Q79413759", "Aline Gr\u00fcn": "Q87608689", "Rosa Rosenkranz": "Q94738961", "M\u00e1ty\u00e1sn\u00e9 Laaber": "Q110032965", "Eugenia Pieprzowska": "Q110034343", "Christina Kiers": "Q110844882", "Jadwiga D\u0105browska": "Q110030902", "Berber Tolsma": "Q110036213", "N\u8fb2\u5a66": "Q118323895", "Maria Broers": "Q110030441", "Helena Pancerz": "Q93094624", "J\u00f3zefa Lach": "Q110032982", "J\u00f3zefa Krzeszowska": "Q110033841", "Aniela Szel\u0105g": "Q110035970", "Yvonne Labussi\u00e8re": "Q110032977", "Weronika Kuzko": "Q110032947", "Tatyana Loseva": "Q110031169", "Anna Natkaniec": "Q110033883", "Louise Martinand": "Q110033493", "Wanda Zalewska": "Q42897647", "Hanne Schiefer": "Q20752303", "Lydie Chapus": "Q110030681", "Jetske Dreijer": "Q110031116", "Janina Mr\u00f3z": "Q110033843", "Ella Schmahl": "Q60842156", "Zuzana Urban": "Q110036377", "Dirkje Schuurs": "Q110035083", "Augustine Le May": "Q38800450", "Jeanne D\u00e9palle": "Q110031026", "Au\u00f0ur \u00cdsfeldsd\u00f3ttir": "Q61972146", "Geertruida Bulsink": "Q110030506", "Ernestine Deltorn": "Q110031019", "Rachel Chisholm": "Q99304191", "Mercedes Sanz Punyed": "Q87391978", "Kazimiera Romanek": "Q103056748", "Maryya Vishnewskaya": "Q17044002", "Helena Ca\u0142ka": "Q110030575", "Dolores Marim\u00f3n Navarro": "Q57541227", "Katarzyna Okraska": "Q110036861", "Marie-Ang\u00e8le Thulau": "Q110036178", "Aleksandra Ciuksza": "Q110030799", "Bronis\u0142awa Golonka": "Q110031552", "Maria Setlik": "Q110035129", "Maria Segre": "Q110036472", "Ludwika Borychowska": "Q110030322", "Anna Jurkovi\u010dov\u00e1": "Q110032207", "Agnese Giordano": "Q110031484", "Marie Rabu": "Q110034691", "Marianna Wo\u017aniak": "Q110037119", "Adela Falitarczyk": "Q110031232", "Lilly Sandnes": "Q26256305", "Annie Janssen": "Q110032103", "Eug\u00e9nie Mettenet": "Q3060271", "Maria Ko\u0142oszko": "Q110032500", "Marija Zafred": "Q124373239", "Stefania D\u0105browska": "Q110030898", "Christina Mikhnovets": "Q110033708", "Helena Wydrych": "Q110034381", "Yevdokia Kabesheva": "Q109627915", "Elizabeth \"Betty\" Moses McCart": "Q126596372", "Ramona Pikabea Mitxelena": "Q117191949", "Aim\u00e9e Castain": "Q2828102", "Aniela Spali\u0144ska": "Q110035513", "Suzanne Glasser": "Q110843710", "Jadwiga Stolarczyk": "Q110032718", "Aleksandra Cybulska": "Q110030874", "Stefania Pyrcak": "Q110034679", "Maria Kosiorowska": "Q110032597", "Stas\u0117 Mikalauskien\u0117": "Q110033693", "Wiktoria Pajewska": "Q110034164", "Praskovya Shekera": "Q110036544", "Maria Szindler": "Q56340073", "Ksawera Baranska": "Q56340111", "Anna Krahulcov\u00e1": "Q110032730", "Josefina Esquivel de Quintana": "Q123857802", "\u0141ucja Grzesiak": "Q110031670", "Helena Roguska": "Q110034853", "Maria Schierz": "Q49015682", "Stanis\u0142awa Lata\u0142a": "Q29829580", "Raymonde Pradaude": "Q110034588", "Maria Kolesnik": "Q110032494", "Ganna Lyashchuk": "Q110033334", "Rosalie Fogel": "Q117839117", "Stefanija Norkien\u0117": "Q110033970", "Adolfina Rauba": "Q110034739", "Bronis\u0142awa Zaj\u0105c": "Q110037208", "Janina Wereska": "Q110036834", "Jannetje Scheele": "Q110035043", "Ruth Allon": "Q107018712", "Zofia Malinowska": "Q110033427", "Teofilia Bajak": "Q110029905", "Anna Wimschneider": "Q92079", "Germaine Cazalet": "Q110030634", "Germaine Chevrieux": "Q110030721", "Wiola Persson-R\u00f6nnberg": "Q28650212", "Zofia Nowosielska": "Q110033992", "Kerttu Tapiola": "Q11871036", "Helena Wo\u015b": "Q110037100", "Stanis\u0142awa Libera": "Q110033217", "Pelagia Dolata": "Q29829460", "Frieda Abegg": "Q100296054", "Lina Mager": "Q94771614", "Genowefa Sotnicka": "Q110031098", "Faina Pidlypnyak": "Q110035308", "Maria Vasiutinskaya": "Q110036424", "Gertrud Hauber": "Q94774725", "Maria Danilko": "Q110031621", "Ewa O\u017cy\u0144ska": "Q110034120", "Jadwiga Karwowska": "Q110032503", "Griet Kikkert": "Q110032412", "Anna Kopec": "Q51078911", "Loren Eguren": "Q115045105", "Wiktoria Tarasiuk": "Q110036050", "Genowefa Miros\u0142aw": "Q110036198", "Zofia Szemro": "Q110034244", "Marianna Popie\u0142uszko": "Q11769840", "Katarzyna Ferenc": "Q110036892", "Colette Lecointre": "Q111286669", "Janina Wa\u015bniowska": "Q29077835", "Anneliese Schneider": "Q94774383", "Amelia Sok\u00f3lska": "Q110035483", "Kontxi Barturen Uriarte": "Q124759338", "Maral Guliyeva": "Q56310179", "Stanis\u0142awa Pi\u0105tek": "Q110032666", "Maria Bodaszewska": "Q110030215", "Marie-Louise Coljon": "Q110030982", "Maria Kopiec": "Q110032557", "Shirley Marie Harrison Moses": "Q126810638", "H\u00e9l\u00e8ne Pionstka": "Q117765040", "Bronis\u0142awa Plich": "Q110034424", "Rosaline Korsten": "Q110032173", "Helena Sinkiewicz": "Q110037095", "Saifura Zairova": "Q104055841", "Neneqiz Babayeva": "Q47538781", "Genowefa G\u00f3rzy\u0144ska": "Q110031580", "Pelageya Stefanishen": "Q110035620", "Jewhenia Bondaruk": "Q120644357", "Michalina Smoli\u0144ska": "Q110035392", "Maria Wiederer": "Q1896425", "Maria Thun": "Q16406831", "Stanis\u0142awa Witek": "Q110032223", "Janina Cicha": "Q110031515", "Irena Zuchniarz": "Q110037394", "Honorata Rosa": "Q110032533", "Paulina Kobyalko": "Q110031386", "Regina Bejma": "Q29829329", "Ana Jug-Olip": "Q95193292", "Elisabeth Krog": "Q117830032", "Jolanda Ottino": "Q54825571", "Paulina Urkiola": "Q78463071", "Akulina Ryabaya": "Q110034967", "Kinga \u017b\u0105d\u0142o": "Q110037188", "Emma Kolbeinsd\u00f3ttir": "Q61972388", "Stefania Sosnowy": "Q110035512", "Maria Ostrowska": "Q110847061", "Surma Mammadova": "Q55103645", "J\u00f3zefa Kruszka": "Q29016430", "J\u00f3zefa Bogusz-Dzier\u017ckowa": "Q113653696", "Stela Correa Os\u00f3rio": "Q109777274", "Jadwiga Butkiewicz": "Q110029888", "Adjab Hajiyeva": "Q51668052", "Maria Savchuk": "Q110867721", "Kuniko Shiiba": "Q124727252", "Czes\u0142awa Kotarska": "Q29078903", "Maria Haase": "Q11768891", "Zeynab Yusifova": "Q55656714", "Janina Szczepa\u0144ska": "Q28672450", "Badam Muradkhanova": "Q55103410", "Zofia Krzeszowiak": "Q110031568", "Bronis\u0142awa Labul": "Q110037092", "Edwarda Bo\u015b": "Q110035249", "Henryka Fr\u0105c": "Q9288939", "Berthe Kittler": "Q110032430", "Anneliese Bender": "Q95196967", "Mansura Mirzoeva": "Q55103338", "Stanis\u0142awa Mil": "Q110031844", "Janina Kubicka": "Q29829493", "J\u00f3zefa Wojtkowska": "Q29016360", "Leti\u0163ia Demu\u015fca": "Q110034035", "Amina Jafarova": "Q16379221", "Carmen S\u00e1enz": "Q36457151", "Dora Mendler": "Q97500680", "Helena Gosk": "Q110031583", "Nina Bogorad": "Q110030258", "Czes\u0142awa Chojnacka": "Q110030747", "Zofia Krzyk": "Q110849497", "Gerda Meesters": "Q110033624", "Umay Mammadova": "Q55102664", "Anneliese Kerler": "Q2653191", "Sabza Zeynalova": "Q12846130", "Maria Wyrozebska": "Q11769237", "M\u00e1ria O\u010dovanov\u00e1": "Q53984948", "Stanis\u0142awa Boro\u0144czyk": "Q110029926", "Kerimat Burdzhaliyeva": "Q51667959", "\u0141ucja Jurczak": "Q109655108", "Henriette Lallement": "Q115658657", "Stefania Kleszcz": "Q110032857", "Krystyna B\u0142aszyk": "Q29078507", "Zofia Demczuk": "Q110032404", "Franciszka Kozio\u0142": "Q110030401", "Yelena Grelya": "Q110029942", "Adela Zarzycka": "Q29078404", "Karolina Sosnowska": "Q110035510", "Anna Lewandowska": "Q110034260", "Lisl Innerhofer": "Q111607068", "Bruna Martinelli": "Q95193289", "Helena Kapustov\u00e1": "Q110032265", "Nadezhda Kondrashova": "Q110032520", "Anna Pa\u015bnik": "Q110033737", "Eug\u00e9nie Duval": "Q114860261", "Kazimiera Wrzesie\u0144": "Q110004587", "Genowefa Kiwior": "Q110032431", "Olga Aldrigue": "Q109782008", "Kim Jen Sun": "Q16435369", "Maria Malezyna": "Q110848792", "Maria Pareniuk": "Q110033198", "Helena Hara\u015b": "Q110032791", "Maria Moseichuk": "Q110035320", "Kerstin G\u00f6thberg": "Q21567827", "Libu\u0161e Opo\u010densk\u00e1": "Q124807575", "Stanis\u0142awa Bardzik": "Q110030745", "Levina Ferreira Siqueira": "Q109775424", "Genowefa Koca\u0144da": "Q29016348", "Tatiana Derun": "Q110031037", "Yvonne Lallement": "Q115782634", "Helena Szarek": "Q110032764", "Henryka Wr\u00f3blewska": "Q29077858", "Kazimiera Czechowska": "Q11737629", "Eleonora Patyra": "Q110034245", "Annunziata Scipione": "Q41476281", "Oksana Antipchuk": "Q110030996", "Vera Melnichuk": "Q110033643", "Felisa Basauri Larra\u00f1aga": "Q124827799", "Evzenie Vroblov\u00e1": "Q109968304", "Anna Pasek": "Q110035247", "Rosalina Pereira dos Santos": "Q109776985", "Leokadia Kossuth": "Q110035314", "Adela Haponiuk": "Q110031874", "Halina Zieli\u0144ska": "Q9285489", "Marianna Banasik": "Q110032669", "Helena Osipenkova": "Q110033112", "Leokadia Ost\u0119p": "Q110034094", "Kazimiera Chodzy\u0144ska": "Q29078569", "Anastasia Melnik": "Q110033649", "Stanis\u0142awa Tomal": "Q110036216", "Minka Krvina": "Q66311080", "Raisa Borowska": "Q110030929", "Henryka Romanowska": "Q110034867", "Regina Krasnod\u0119bska": "Q29829399", "Joha\u00f1e Pitrau": "Q12260459", "Dorothy Joan Hubbard": "Q107111354", "Anna-Brita Malmsten": "Q53913650", "Lucyna Rogowska": "Q110030543", "Otylia Gwia\u017adzi\u0144ska": "Q29077756", "Kazimiera Semeniuk": "Q110033113", "Galina Budzinskaya": "Q110035213", "Anna Krch\u0148av\u00e1": "Q110031944", "Edda Skagfield": "Q61972295", "Maria Azeo Ezkerra": "Q124354576", "Bronis\u0142awa Patalas": "Q29077788", "Zofia Prokopowicz": "Q110037089", "Eugenia Chrust": "Q110032911", "Alicja Wawrze\u0144czyk": "Q29077710", "Helena Budzi\u0144ska": "Q110032898", "Genowefa Kozyrska": "Q110031188", "Bronis\u0142awa Bazyd\u0142o": "Q110030018", "Krystyna \u0141api\u0144ska": "Q110032196", "Louise Schmeiser": "Q115546844", "Alzira Gomes": "Q109782645", "J\u00f3zefa Tomal": "Q110036217", "Kazimiera Przyby\u0142owicz": "Q110032668", "Genowefa Cwik": "Q110032418", "Anna Glinka": "Q110031547", "Ingileif S. \u00d3lafsd\u00f3ttir": "Q61972956", "Regina G\u0142\u0105b": "Q29077723", "Czes\u0142awa Rusiecka": "Q110033158", "J\u00f3zefa Krutnik": "Q110033114", "Sabina Szermant": "Q110033879", "Maria Louyer": "Q114939461", "Maria Lina Bispo dos Santos": "Q109791766", "Danuta Iwaniuk": "Q110034662", "Maria Huzarska": "Q110035064", "Aleksandra Poch": "Q29016447", "Zofia Cybulska": "Q29077748", "Jahan Akhadova": "Q43428310", "Karen B\u00e6lum": "Q62080732", "Irene Wedell": "Q12318557", "Lore Kindler": "Q94746684", "Katina Farasopoulou": "Q65273770", "Agnes Baunach": "Q94753293", "Anna Gu\u00f0r\u00fan Bj\u00f6rnsd\u00f3ttir": "Q61972073", "Halina Me\u017eanec": "Q110032097", "Maria Mazara": "Q109982920", "Jeanine Humbert": "Q117845992", "Stefania Kornienkova": "Q110032940", "Maria Dulska": "Q11768817", "Gu\u00f0n\u00fd Buch": "Q61972502", "Denise Grandjean": "Q29058330", "Krystyna \u017baczek": "Q29077839", "Pelagia Rek": "Q11815473", "Gu\u00f0r\u00fan Sveinsd\u00f3ttir": "Q61972663", "Sigr\u00ed\u00f0ur Gu\u00f0mundsd\u00f3ttir": "Q61973593", "Maria Michalewska": "Q29077827", "Birgitta Am\u00e9r": "Q20906990", "Sigr\u00fan Steinsd\u00f3ttir": "Q61973683", "Murtasinah binti Yusak": "Q114868243", "\u00c5se-Marit Dobloug": "Q12011644", "Aida Cardozo Marvila": "Q109775421", "Zofia Olejnik": "Q9391825", "Krist\u00edn Karlsd\u00f3ttir": "Q61973138", "Jeanne Clark OP": "Q127154240", "Elizabeth Harper": "Q83321657", "Dona Deta": "Q109795121", "Wanda Sikora": "Q9370836", "Maria Maltan": "Q1680444", "Zunilda Nanci Casas Acosta": "Q109794354", "Irena Kole\u015bnik": "Q16560344", "Jeanette Maud Mcintyre": "Q104639327", "Maria Sza\u0142ajda": "Q29077694", "Helen Harsvik": "Q114245024", "Jadwiga Wr\u00f3bel": "Q11715997", "Bronis\u0142awa Bajor": "Q11688884", "Christel Steitz": "Q1078349", "Ant\u00f4nia Nunes Caf\u00e9": "Q109777351", "Dora Flinner": "Q1243608", "Halina Sienkiewicz": "Q9285450", "Fenelon Barbosa": "Q119798458", "Erna Lechner": "Q1356081", "Kristiane Etxaluz": "Q12261648", "Ulla Andersson": "Q20907346", "Alicja Go\u0142yska": "Q29077760", "Gra\u017cyna Ewa So\u0142tyk": "Q11701355", "Gu\u00f0r\u00fan Emilsd\u00f3ttir": "Q61972574", "Birgit L\u00f8gstrup": "Q62079683", "Rosmarie Brynhildur \u00deorleifsd\u00f3ttir": "Q61973510", "Hannelore Siegel": "Q6563260", "Stanis\u0142awa Popiela": "Q9343609", "Luise Beerli": "Q16320164", "Maria Barbosa da Silva": "Q109982838", "Maria Jos\u00e9 de Freitas Santos": "Q109779429", "Wac\u0142awa Papiewska": "Q9369900", "Sigr\u00fan Gr\u00edmsd\u00f3ttir": "Q61973663", "Elizabeth Henderson": "Q112503300", "Patricia Terrazas Allen": "Q111603657", "Nelda \u0160tok Vojska": "Q114056099", "\u00d3l\u00f6f P\u00e1lsd\u00f3ttir": "Q61973431", "Marie Provazn\u00edkov\u00e1": "Q121292669", "Astrid Brekken": "Q11959444", "Milli Wittenwiler": "Q105590414", "Josefa da Rocha Freire": "Q109787760", "Marianne Pedersen": "Q12326039", "Wanda Adamska": "Q9370751", "Ant\u00f2nia Serra \"Mussola\"": "Q19997909", "Torfhildur Torfad\u00f3ttir": "Q61973848", "Zofia Kowalczyk": "Q9391782", "Alina Wi\u015bniewska": "Q9148380", "Elisabeth Zurbr\u00fcgg": "Q117803282", "Jadwiga Berak": "Q11715854", "\u00c5se Gyrid Solli": "Q17108090", "Krystyna Jachimowska": "Q11748698", "Maria Szwarnowiecka": "Q29077706", "Krystyna Hosiawa": "Q11748696", "Ingrid Nylund": "Q55380760", "Margr\u00e9t B\u00f6\u00f0varsd\u00f3ttir": "Q61973264", "Helle Moltke": "Q16063878", "Teresa Michalska": "Q9357335", "Maria Juc\u00e1 dos Santos Juc\u00e1": "Q109778805", "Jadwiga Stokarska": "Q11715978", "Margarida Pereira da Silva": "Q109785952", "Corinne Bauer": "Q108824189", "Halina Str\u0119bska": "Q9285453", "Ahlam al-Alaja": "Q55694723", "Mary Tricas": "Q108903649", "Maria das Gra\u00e7as Silva Fernandes": "Q109982874", "Angelika F\u00fcrthauer": "Q111635189", "Anna Elisabeth Achatz": "Q560234", "Jadwiga Kie\u0142czy\u0144ska": "Q11715900", "Bo\u017cena Snaza": "Q9178425", "Domicina Gomes da Silva": "Q109779795", "Stephanie Baumann": "Q15849165", "Maria Rovira i Duran": "Q11935482", "L\u00e9onie Agergarai": "Q87488876", "Maria Nazar\u00e9 de Souza": "Q109780828", "Josefa Felipe de Ara\u00fajo": "Q109780002", "Cheryl Lindsey Seelhoff": "Q111137533", "Gra\u017cyna Kotowicz": "Q9276060", "Em\u00edlia Ramos da Anuncia\u00e7\u00e3o Pires": "Q109758695", "Mihaela Logar": "Q18642967", "Doreen Lewis": "Q18535769", "Marianna Nawrot": "Q29077783", "El\u017cbieta Struwe": "Q11696767", "Maria Zenite Alves Barbosa": "Q109780848", "Adela Andikoetxea Ugarte": "Q91325868", "Gill Adshead": "Q104591896", "Nardane Ku\u015f\u00e7u": "Q112080889", "Zeneida Souza Silva": "Q109776957", "Valdelice Fernandes de Moraes": "Q109775586", "Sinair Nelson Garcia": "Q109781280", "Maria de Lourdes Pereira": "Q109982878", "Elvira Bader": "Q118319", "Ann Merete Furuberg": "Q17061115", "Ellen Str\u00f8m": "Q11967206", "Maria Elena Ovejero": "Q109784864", "Mari-Anne Hoff": "Q11988172", "Brigitte Allain": "Q2925385", "El\u00edn L\u00edndal": "Q61972325", "Bo\u017cena Koz\u0142owska": "Q9178395", "Maria de Lourdes Pereira dos Santos": "Q109794244", "Susanne Prince": "Q107092741", "Kirsten Indgjerd V\u00e6rdal": "Q15769897", "Gerd Mikalsen": "Q106473095", "Maria Luiza Barbosa de Freitas": "Q109779735", "Annemarie Brunner": "Q566256", "Rosa Zelger Thaler": "Q1308440", "Maria Isabel Moreira Serr\u00e3o": "Q109775401", "Cleonice Eul\u00e1lia da Silva": "Q109786012", "Francisca da Aparecida da Silva Gon\u00e7alves": "Q109759507", "Tone V\u00e5g": "Q21112826", "Margr\u00e9t Sigtryggsd\u00f3ttir": "Q61973307", "Berit Hund\u00e5la": "Q76631752", "\uc724\uae08\uc21c": "Q12610192", "Nerilda Aparecida dos Santos": "Q109780493", "Edith Kienzl": "Q111468670", "Marzena Peri\u010di\u0107": "Q123240056", "Pascale Baudonnel": "Q12717628", "Maria Lu\u00edza da Costa": "Q109779140", "J\u00f8rand \u00d8deg\u00e5rd Lunde": "Q17102417", "Svetlana Maksimova": "Q24642452", "Lone Sondrup": "Q61062598", "Miros\u0142awa Scia\u0144ska": "Q11782000", "Bego\u00f1a Sanzberro": "Q12254915", "Elisabete Freitas dos Santos": "Q109758524", "Jusmari Oliveira": "Q51882115", "Roser Guix Torrents": "Q125559495", "Marjetka Uhan": "Q18627780", "Benedicta von Branca": "Q63052618", "Maria Jos\u00e9 Guimar\u00e3es Cabral": "Q61877981", "Jae Kang": "Q121851089", "Marie Mandelmann": "Q38774420", "Lone Andersen": "Q62011374", "Zulma Rodrigues Ancinello": "Q61878962", "Benedikte Ask Skotte": "Q12303100", "Andrea Schwarzmann": "Q38056894", "Nieves Quintana": "Q57336092", "Maria da Paz Te\u00f3filo da Silva": "Q109780188", "Cornelia Wasner-Sommer": "Q83852573", "Irenilde Pereira Gomes": "Q61892027", "Gotzone Sestorain": "Q113736996", "Ana Ruiz de Alegria Maestu": "Q106525754", "Inger-Lise S\u00e6terbakken Jevne": "Q116677947", "Maria dos Prazeres Campos dos Santos": "Q109792687", "Geronisse Luciano dos Santos": "Q109759946", "Edobong Enobong Akpabio": "Q107163342", "Jenny Micklem": "Q76075122", "Iv\u00e2nia Maria Sotta": "Q109775158", "Anne Berit Lein": "Q95984533", "Yolanda Urarte": "Q57335401", "Eleneide Alves Cordeiro Carneiro": "Q109795088", "Patmi": "Q65211385", "Agn\u00e8s Caudron": "Q46999849", "Ana Vila Portome\u00f1e": "Q58909469", "Trude N\u00f8st": "Q17106215", "Hege Nordheim-Viken": "Q17106074", "Katarzyna Czochara": "Q22350993", "Pavla L\u00f6wenthalov\u00e1": "Q100824930", "Lise Berger Svenkerud": "Q21029388", "Dany Mendon\u00e7a": "Q58924831", "Annikken Kj\u00e6r Haraldsen": "Q11958337", "Ellen Tveit": "Q11967209", "Maryse Cachenaut": "Q123585699", "H\u00e9l\u00e8ne Taquet": "Q124351603", "Jorid Jagt\u00f8yen": "Q11979284", "Nathalie Irigoien": "Q87486640", "Vera L\u00facia Barbosa": "Q123514580", "Birte Usland": "Q11961151", "Lynda Petitjean": "Q80921512", "Perrine Bulgheroni": "Q123530545", "Maria Edileusa Moreira": "Q109792876", "Olivia Charamba": "Q112231782", "Elisangela dos Santos Ara\u00fajo": "Q123160353", "Lorrie Clevenger": "Q72840662", "Bertie Steur": "Q41827647", "Fabiana Alessandri": "Q64832786", "Irene Neumann-Hartberger": "Q81616188", "Isabel Aparecida Ribeiro": "Q61879913", "Isabel Vilalba Seivane": "Q12390746", "Maria Anita Davies Costa": "Q109785271", "Mette Brunsborg": "Q66619314", "Andrea Wagner": "Q47004973", "Mar Garrote": "Q124032313", "Morgan Ody": "Q123513797", "Renatus Derbidge": "Q113760470", "Hilde Myklebust": "Q11975349", "Daniel Sterzik": "Q124128422", "Marie Dilasser": "Q110243126", "Amalur Arbelaitz Arbelaitz": "Q113585535", "Saioa Mantzizidor": "Q110880377", "Olga Voglauer": "Q72073444", "Audrey Bourolleau": "Q48459655", "Paula Lu\u00eds": "Q107069694", "Fabiana Santos Silva": "Q61879850", "Silke Dammerer": "Q116050943", "Alazne Intxauspe": "Q123677568", "Kanako Sato": "Q30927801", "Dalila Argueta": "Q108806526", "Nathalie Kpant\u00e9": "Q121218223", "Imma Puigcorb\u00e9 Sabata": "Q124545023", "Berenice Lopez Reyes": "Q115921218", "Praskovia Nakonechnaya": "Q110033874", "Solomiya Derun": "Q110031036", "Trieu Thi Huyen": "Q24959158", "Franziska Steiner-Kaufmann": "Q104092202", "Laure Canevarolo": "Q109440693", "Elizabeth Nalugemwa": "Q110923779", "Janu\u00e1ria Maria da Concei\u00e7\u00e3o": "Q10305303", "Tuula Karjalainen": "Q28787833", "Domenica Bernardini": "Q40750734", "Liu Shi": "Q45426174", "Deepa adhikari": "Q50717987", "Joan Moloney": "Q52636338", "Kelly Gladigau": "Q53198041", "Lynette Stevenson": "Q53202431", "Tracy Hill": "Q54087484", "Rebecca Hewett": "Q54553273", "Dorothy Salusbury": "Q56183928", "Maria Ro\u00dfegger": "Q57954521", "Kate Storey": "Q62086691", "Liliane Maisonneuve": "Q62109153", "Irma DeVries": "Q62577616", "Cindy Duncan McMillan": "Q62579809", "Gwyneth Helen Grant": "Q62580349", "Nettie Wiebe": "Q62581500", "Stephanie Coburn": "Q62924747", "Anne-Marie Tanguay": "Q62940818", "Irma N DeVries": "Q62957476", "Anne Cardon": "Q64982844", "Eirlys Wyn Jones": "Q73855352", "Tia Jones": "Q73855479", "Margaret Mahaney": "Q80609428", "Helena Liniewska": "Q85861566", "Jeanne W. Baldwin": "Q88098522", "Juliette Soulier": "Q94306237", "Odette H\u00e9brard": "Q94307688", "Eva Guiraud": "Q94308229", "Magdalena Kreiseder": "Q95205002", "Christina Vend": "Q95646117", "Juliana Ortmann": "Q95648097", "Rhoda Leslie McWhannell": "Q96093097", "Ayako Kamijo": "Q96581443", "Yolanda Vicente Mart\u00edn": "Q100874594", "Osvalinda Marcelino Alves Pereira": "Q102291745", "Christine Dardy": "Q102438371", "Naima Penniman": "Q104108288", "Maria Pereira": "Q104397164", "Rosemary Morrow": "Q105064599", "Palmira S\u00e9rgio Lopes": "Q105532126", "Sukinah": "Q105941875", "Raghia Ezzaiare": "Q106168281", "Jantje Dunnink-Dunnink": "Q107276643", "Britta Andersson": "Q107473480", "Petrona Reyes Ram\u00f3n": "Q108906219", "Rozalia Dulnikiewicz": "Q109623239", "Anna Chikalova": "Q109627871", "Praskovia Fyodorova": "Q109627892", "Pelageya Yeremina": "Q109628100", "Marie-France Brune": "Q109932752", "Daria Buryak": "Q109968306", "Anna Mak\u00f3ny": "Q109995108", "Marie-Louise Alardo": "Q110029791", "Marcelle Alardo": "Q110029792", "Rozalia Ambroziak": "Q110029804", "Marie Androuin": "Q110029813", "Marie Anglade": "Q110029817", "Anna Antonik": "Q110029832", "Kristina Anufriyeva": "Q110029841", "Kazimiera Augustyniak": "Q110029876", "Stanislawa Piatkowska": "Q110029877", "Helena Niedopytalska": "Q110029878", "Janina Motylewska": "Q110029879", "Praskovia Babyichuk": "Q110029892", "Marie Bacque": "Q110029896", "Maria Baias": "Q110029902", "Maria Balaban": "Q110029917", "Sofia Banakh": "Q110029941", "Emilia Baranowska": "Q110029969", "Ida Battistella": "Q110030010", "Palmire B\u00e9al": "Q110030020", "Anna Bereta": "Q110030056", "Olena Berezhnitski": "Q110030058", "Janina Bia\u0142a": "Q110030090", "Juliette Biatour": "Q110030093", "Anna Bikiewicz": "Q110030113", "Olga Bil": "Q110030115", "Maria Bisogni": "Q110030123", "J\u00f3zefa B\u0142o\u0144ska": "Q110030160", "Maria Boche\u0144ska": "Q110030196", "Stanis\u0142awa Boczkowska": "Q110030204", "Helena Sapierzy\u0144ska": "Q110030210", "Kazimiera Bogucka": "Q110030262", "Marina Boiko": "Q110030267", "Marie Boissery": "Q110030269", "Yulia Borisiuk": "Q110030298", "Teofila Boruc": "Q110030317", "Jos\u00e9phine Boucher": "Q110030334", "Maria Chabert": "Q110030351", "Emma Gay": "Q110030352", "Marie Boussard": "Q110030368", "Vasilina Boyus": "Q110030388", "Klara Brad\u0142o": "Q110030397", "Louise Brandone": "Q110030403", "Berthe Brault": "Q110030409", "M\u00e9lanie Brenas": "Q110030418", "Anna Budy\u0144ska": "Q110030468", "Stas\u0117 Buknien\u0117": "Q110030492", "Helena Bukowska": "Q110030496", "Rozalia Bu\u0142kowska": "Q110030504", "Tekla Butkevi\u010dien\u0117": "Q110030549", "Rose Cahours": "Q110030569", "Maria Callini": "Q110030577", "Halina Capf": "Q110030592", "Cl\u00e9mentine Caquineau": "Q110030595", "Elise Carcy": "Q110030604", "H\u00e9l\u00e8ne Cardon": "Q110030606", "Marie Cartier": "Q110030615", "Anna \u010cern\u00e1kov\u00e1": "Q110030652", "Yaryna Chaichuk": "Q110030664", "Yelizaveta Chaikova": "Q110030666", "Mrs. Chajkovsky": "Q110030672", "Antigoni Chamandas": "Q110030675", "Anna Che\u0142pa": "Q110030705", "Reine Chevris": "Q110030723", "Marcelle Chilloux": "Q110030727", "Aniela Chmiel": "Q110030737", "Agata Chmura": "Q110030740", "Anna Chmura": "Q110030741", "Stefania Chodor": "Q110030743", "Helena Chor\u0105\u017cyczewska": "Q110030761", "Rozalia Chrostek": "Q110030767", "Zofia Chucherko": "Q110030772", "Anna Ciechanowicz": "Q110030778", "Zofia \u0106wik": "Q110030780", "Pauline Costes": "Q110030833", "Aim\u00e9e Coursimault": "Q110030841", "Denise Couturier": "Q110030851", "H\u00e9l\u00e8ne Cozona": "Q110030856", "Marianna Czapla": "Q110030879", "Maria D\u0105browiecka": "Q110030896", "Anna Daniluk": "Q110030927", "Luba Daniluk": "Q110030928", "Clotilde Daubas": "Q110030939", "Ang\u00e8le Desailloud": "Q110031039", "Claudius Desbat": "Q110031041", "J\u00f3zefa Dobrowolska": "Q110031086", "Rozalia Doli\u0144ska": "Q110031096", "Adolphine Dorel": "Q110031106", "Genowefa Dukiewicz": "Q110031150", "Henriette Dupuy": "Q110031157", "Louise Dussert": "Q110031166", "Marina Dzhyvulskaya": "Q110031177", "H\u00e9l\u00e8ne Fabaron": "Q110031223", "Eva Fabikov\u00e1": "Q110031225", "Marija Fartelj": "Q110031238", "Olga Fialkovskaya": "Q110031270", "Zuzana Filadelfov\u00e1": "Q110031273", "Al\u017ebeta Filu\u0161ov\u00e1": "Q110031283", "Berthe Foulard": "Q110031319", "Louise Franc": "Q110031331", "Alice Fraysse": "Q110031342", "Maria Furmaniuk": "Q110031350", "Bronis\u0142awa G\u0105dek": "Q110031358", "Helena Gadlevska": "Q110031360", "Anna Ga\u0142ecka": "Q110031373", "Anna Ga\u0142o\u0144ska": "Q110031384", "Zofia Garczy\u0144ska": "Q110031403", "Marie-Louise Garnaud": "Q110031406", "Olena Gartner": "Q110031410", "Katarzyna G\u0105siorowska": "Q110031411", "Jos\u00e9phine Gaultier": "Q110031423", "Maria Godawa": "Q110031517", "Maria Golba": "Q110031540", "Zuzanna Go\u0142\u0119biecka": "Q110031543", "Praskovia Goloborodko": "Q110031550", "Genowefa Go\u0142uch": "Q110031555", "Th\u00e9r\u00e8se Goursaud": "Q110031588", "Germaine Guilmin": "Q110031689", "Olga Gumieniak": "Q110031695", "Anna Guzovskaya": "Q110031707", "Geertruide van der Haar": "Q110031712", "J\u00f3zefa Hankus": "Q110031725", "Johanna Hendrikx": "Q110031796", "Hermina Hergelink": "Q110031812", "Hendrika Hergelink": "Q110031813", "Isabelle Herkenne": "Q110031818", "Harmina Hesselink": "Q110031829", "Elisabeth Heuker of Hoek-Exterkate": "Q110031833", "Zofia Hnatiuk": "Q110031843", "Odette Hofbauer": "Q110031852", "Emilka Hol\u0161tajnov\u00e1": "Q110031859", "R\u016f\u017eena Homolka": "Q110031865", "M\u00e1ria Hron\u010d\u00e1kov\u00e1": "Q110031924", "Zuzana Hru\u0161kov\u00e1": "Q110031928", "Olena Hryhoryshyn": "Q110031934", "Ang\u00e9lina Huault": "Q110031940", "Eva Hu\u010dkov\u00e1": "Q110031948", "Maria Ilyina": "Q110031976", "Zinowia Iwaniuk": "Q110032026", "Janina Jagie\u0142\u0142o": "Q110032047", "Stefania Jagie\u0142\u0142o": "Q110032050", "Stanis\u0142awa Jankowska": "Q110032092", "Maria Jasko\u0142ka": "Q110032136", "Wiktoria Job": "Q110032157", "Stefania Pisarek": "Q110032159", "Izabela Bryg": "Q110032160", "Franciszka J\u00f3\u017awicka": "Q110032193", "Tatiana Kacherovskaya": "Q110032222", "Marija Kaminska": "Q110032250", "Zos\u0117 Kancevicien\u0117": "Q110032255", "Ewa Karczmarczyk": "Q110032287", "Sylwina Kasprzykowska": "Q110032339", "Michalina K\u0119dra": "Q110032361", "Helena Bocon": "Q110032362", "Anastasia Kida": "Q110032398", "Mrs. Kiefor": "Q110032400", "El\u017cbieta Kiek": "Q110032402", "Jadwiga Kieloch": "Q110032405", "Helena Gu\u017ad\u017a": "Q110032407", "Karolina Kilian": "Q110032416", "Maria Kisiel": "Q110032424", "Leontyna Kizhlo": "Q110032433", "Anna K\u0142osiewicz": "Q110032453", "Natalia Knapik": "Q110032460", "Apolonia Ko\u0142acz": "Q110032486", "Stanis\u0142awa Piku\u0142a": "Q110032487", "Zuzana Koles\u00e1rov\u00e1": "Q110032492", "Helena Komi\u0105\u017cyk": "Q110032511", "Weronika Konachowicz": "Q110032515", "Lidia Kondrashova": "Q110032519", "Maria Kondrashuk": "Q110032522", "Tatyana Kontsevich": "Q110032541", "Maria Korbut": "Q110032560", "Vera Tsuba": "Q110032562", "Janina Korta": "Q110032576", "J\u00f3zefa Kostka": "Q110032618", "J\u00f3zefa Kotowicz": "Q110032630", "Tekla Kotsubaylo": "Q110032637", "Ilona Kov\u00e1cs": "Q110032642", "Olga Kovalchuk": "Q110032644", "Apolonia Kozak": "Q110032706", "Aniela Romaniewicz": "Q110032715", "Anna Koz\u0142owska": "Q110032724", "Germaine Kramer": "Q110032736", "Kunda Krasicka": "Q110032739", "Zofia Krawczykowicz": "Q110032757", "Yelena Krivoruchko": "Q110032789", "Maria Kruszelnicka": "Q110032801", "Bronis\u0142awa Kry\u0144ska": "Q110032812", "Jadwiga Kry\u0144ska": "Q110032814", "Anna Krzemie\u0144ska": "Q110032819", "Yevdokia Kucheruk": "Q110032840", "Haritina Kucheryavaya": "Q110032842", "Anna Kuchmistrz": "Q110032846", "Olga Rura": "Q110032848", "Katarzyna Kuczy\u0144ska": "Q110032855", "Yekaterina Kuleshevskaya": "Q110032870", "R\u016f\u017eena Kun\u00e1\u0161kov\u00e1": "Q110032884", "Yulia Kupchan": "Q110032889", "Olga Kuriata": "Q110032903", "Maryt\u0117 Kurpauskien\u0117": "Q110032927", "Antonina Kurpiewska": "Q110032931", "Maria Kustra": "Q110032935", "Maria Kusz": "Q110032936", "Praskovya Kutsemir": "Q110032944", "Anna Kyse\u013eov\u00e1": "Q110032960", "Melania \u0141ab\u0119da": "Q110032970", "Louise Laffont": "Q110032988", "Marie Lalanne": "Q110033004", "Panagiota Lanaras": "Q110033016", "Lucie Larribau": "Q110033035", "Marie-Jeanne Larroque": "Q110033036", "Jadwiga Laskowska": "Q110033041", "Julia Lawnik": "Q110033064", "Pauline Lebarbier": "Q110033081", "Marie Grosse": "Q110033095", "Marie Ledier": "Q110033096", "Ren\u00e9e Lepileur": "Q110033129", "Suzanne Lerouxel": "Q110033136", "Maria Leshchuk": "Q110033151", "Kristina Lesho": "Q110033153", "Anna Bujnowska": "Q110033243", "Genowefa Linkiewicz": "Q110033244", "Helena Lipka": "Q110033251", "Olga Litovchuk": "Q110033266", "Stefania Lobati": "Q110033272", "Genoveffa Lonardoni": "Q110033281", "Marie Louveau": "Q110033295", "Anna Loyko": "Q110033299", "Franciszka \u0141ukasiewicz": "Q110033320", "Maria Lukavskaya": "Q110033325", "Magdalena \u0141ukawska": "Q110033328", "Olga Lukianchuk": "Q110033329", "Yefimia Lyashchuk": "Q110033336", "Nadezhda Nifaka": "Q110033337", "Yekaterina Lysiuk": "Q110033341", "Maria Maciag": "Q110033350", "Agnieszka Krzy\u017canowska": "Q110033351", "Antonina Maciuszek": "Q110033363", "Marianna Oleszek": "Q110033402", "Pauline Maleve": "Q110033404", "Natalia Maliuvanchuk": "Q110033432", "Katerina Marchuk": "Q110033464", "Aleksandra Markovskaya": "Q110033474", "Marthe Marre": "Q110033481", "Suzanne Martineau": "Q110033495", "Ustinia Maruschak": "Q110033501", "Nova Massi": "Q110033514", "Jadwiga Mastelarz": "Q110033524", "J\u00f3zefa Matjas": "Q110033540", "Helena Matulewicz": "Q110033563", "Marianna Matuszczyk": "Q110033570", "Honorata Mucha": "Q110033571", "Wiktoria Mazur": "Q110033598", "Mariette M\u00e9dard": "Q110033607", "Katar\u00edna Med\u0148ansk\u00e1": "Q110033609", "M\u00e1ria Med\u0148ansk\u00e1": "Q110033613", "Olga Medynskaya": "Q110033615", "Yekaterina Melnichuk": "Q110033642", "C\u00e9line Menuisier": "Q110033658", "Mrs. Michalik": "Q110033672", "Yekaterina Mikhalevich": "Q110033698", "Bronislava Levdorovich": "Q110033699", "Eufrozyna Miklas": "Q110033711", "Zofia Mi\u015bkiewicz": "Q110033742", "Maria Misson": "Q110033744", "Ad\u00e9la\u00efde Mailland": "Q110033771", "Istv\u00e1nn\u00e9 Moln\u00e1r": "Q110033776", "Franciszka Patrzylas": "Q110033834", "Ona Mozuraitien\u0117": "Q110033837", "Helene Muller": "Q110033855", "Antonia Muron": "Q110033857", "Maria Najbar": "Q110033873", "Zofia Napiera\u0142a": "Q110033876", "Genowefa Naruszkowa": "Q110033882", "Anna Nebesk\u00e1": "Q110033901", "Mrs. Nebesk\u00e1": "Q110033902", "El\u017cbieta N\u0119dza": "Q110033910", "Maria Niedroszla\u0144ska": "Q110033931", "Gerrie Nijenberg": "Q110033946", "Zinaida Nikitchuk": "Q110033950", "Anna Nikolayeva": "Q110033960", "Maria Oberto": "Q110034005", "Antonina Obra\u0142": "Q110034007", "Agnieszka Oczy\u0144ska": "Q110034010", "Marynia Oknia\u0144ska": "Q110034021", "Ioana Oni\u015for": "Q110034034", "Ana Cr\u0103ciun": "Q110034036", "Rosetta Ottonello": "Q110034109", "Alphonsine Page": "Q110034144", "Zofia Pagos": "Q110034152", "Maria Palivoda": "Q110034171", "Marie Parcellier": "Q110034203", "Marianna Pastuszka": "Q110034228", "Maria Paszek": "Q110034231", "Juliana Patrzylas": "Q110034240", "Bronis\u0142awa Patyra": "Q110034242", "Antonina Pawlak": "Q110034261", "Varvara Pelina": "Q110034278", "Anna Penderetskaya": "Q110034283", "Adele Perugini": "Q110034312", "Anna Pi\u0105tek": "Q110034332", "Helena Pietrzyk": "Q110034351", "Helena Pi\u0142at": "Q110034363", "Matylda Pilat": "Q110034369", "Czes\u0142awa Pilch": "Q110034372", "Nadezhda Piletskaya": "Q110034373", "Mrs. Pindor": "Q110034384", "Anna Pirogova": "Q110034393", "Lena Pirotte": "Q110034395", "Maria Piwowarczyk": "Q110034406", "Marie Pladepousaux": "Q110034413", "Maria P\u0142azi\u0144ska": "Q110034417", "Zuzanna Baran": "Q110034419", "Justina Poberetskaya": "Q110034434", "Stefa Pocien\u0117": "Q110034440", "Katarzyna Pokorska": "Q110034455", "Maria Polit": "Q110034472", "Maria Polkowska": "Q110034476", "Irena Polujko": "Q110034480", "Anna Potonnier": "Q110034550", "Maria Prem": "Q110034594", "Yelena Primas": "Q110034605", "Anna Pripishnyak": "Q110034611", "Natalia Prochera": "Q110034618", "Himka Prudkaya": "Q110034623", "Maria Przenios\u0142o": "Q110034632", "Maria Puch": "Q110034661", "Maria Puchalska": "Q110034665", "Marianna Pulit": "Q110034668", "Marija Puri\u0146a": "Q110034672", "Maria Raimondo": "Q110034715", "Ulyana Rakovich": "Q110034723", "Sofija Ramanauskien\u0117": "Q110034726", "Rosa Ranc": "Q110034729", "Elena Rap\u010danov\u00e1": "Q110034732", "Emilie Rasschaert": "Q110034736", "Izabel\u0117 Rauba": "Q110034741", "Blanche Remy": "Q110034781", "Jeanne Rey": "Q110034795", "Victoria Rey": "Q110034797", "L\u00e9a Rochedieu": "Q110034840", "Maria Romaniuk": "Q110034864", "Janina Rostkowska": "Q110034894", "Helena Rotter": "Q110034898", "L\u00e9onide Roy": "Q110034924", "Stefania Sad\u0142o": "Q110034980", "Katarzyna Sagan": "Q110034988", "Esther Salle": "Q110034997", "Khristia Samotes": "Q110035004", "Anna Sanevich": "Q110035008", "Anastasia Sarabun": "Q110035013", "Olena Savchenko": "Q110035026", "Yekaterina Savchenko": "Q110035027", "Antonina Sawko": "Q110035037", "Yadviga Schegelskaya": "Q110035046", "Marie Schouteden": "Q110035075", "Viktoria Senkiv": "Q110035106", "Maria Seta": "Q110035120", "Joanna Setlik": "Q110035126", "Paulina Sharangovich": "Q110035135", "Agrippina Shashok": "Q110035141", "Zofia Siko\u0144": "Q110035246", "Letizia Simonelli": "Q110035265", "Marta Skop": "Q110035287", "Kilina Sladetskaya": "Q110035307", "Anna \u015aledziewska": "Q110035313", "Justina Slobodiuk": "Q110035319", "M\u00e1ria Slobodn\u00edkov\u00e1": "Q110035322", "Slodzi\u0144ska Janina": "Q110035324", "Gerritje Brouwer": "Q110035337", "Antonina Sobolevskaya": "Q110035434", "Julianna Sok\u00f3\u0142": "Q110035453", "Stefa Sokolovskaya": "Q110035460", "Anna Sologub": "Q110035493", "Jakobje Spronk": "Q110035525", "Anna Stalmach": "Q110035571", "Aniela Staniewska": "Q110035577", "Maria Stasov\u00e1": "Q110035607", "Just\u00edna Oravcov\u00e1": "Q110035608", "Paulina Sta\u0161kevi\u010dien\u0117": "Q110035612", "Praskovia Stefanishen": "Q110035621", "Eta Stolcz": "Q110035676", "Nadezhda Storozhuk": "Q110035680", "Maria \u0160u\u013eajov\u00e1": "Q110035814", "Maria Svitiaschuk": "Q110035837", "Paulina Szab\u00f3": "Q110035925", "J\u00f3zefa Szczerbi\u0144ska": "Q110035954", "Stefania Szewiel": "Q110035984", "Justina Szmit": "Q110035989", "Antonina Sztankowska": "Q110035998", "Maria Szumaszkiewicz": "Q110036003", "Genowefa Klos": "Q110036004", "Janina Szumaszkiewicz": "Q110036005", "Katarzyna Szwed": "Q110036012", "Antonina Szyncel": "Q110036030", "Ewa Tadra": "Q110036036", "Helena Tarasiuk": "Q110036051", "Jadwiga Taraszkiewicz": "Q110036054", "Hendrikje Terpstra": "Q110036137", "Genevi\u00e8ve Thouvenin": "Q110036176", "Anna T\u00f6k\u00f6ly": "Q110036207", "Katarzyna To\u0142oczko": "Q110036212", "Paulina Tomczyszyn": "Q110036222", "Rozalia Tracz": "Q110036240", "Maria Trubenok": "Q110036272", "Anna Trzeciak": "Q110036298", "Anna Tworkowska": "Q110036347", "Anna Tyrcz": "Q110036352", "Apolonia Tyrcz": "Q110036356", "J\u00f3zefa U\u0142asik": "Q110036365", "Antonina Uleryk": "Q110036368", "Melania Uniyat": "Q110036372", "Helena Jagodzi\u0144ska": "Q110036374", "Zofia Urba\u0144ska": "Q110036381", "Florentine Vaillant": "Q110036397", "Irene Vandyck": "Q110036416", "Marguerite Veliska": "Q110036459", "Elisa Vercueil": "Q110036489", "Ludmila Voichishina": "Q110036631", "Praskovia Voronenko": "Q110036647", "Am\u00e1lia Vrabcov\u00e1": "Q110036659", "Gabrielle Vranckx": "Q110036666", "Antoinette Edmond": "Q110036779", "Franciszka Walczyszyn": "Q110036791", "Anna Waszczyszyn": "Q110036809", "Rozalia Wielog\u00f3rska": "Q110036863", "Maria Wiglusz": "Q110036885", "Anna Kot": "Q110036895", "Maria Wikiel": "Q110036912", "Maria Skrzypek": "Q110036917", "Stanis\u0142awa Wincewicz": "Q110036955", "Catharina van de Winkel": "Q110036971", "Johanna Witte": "Q110036992", "Maria W\u0142odek": "Q110037003", "Anna van Woezik": "Q110037008", "Maria Wojnerowski": "Q110037031", "Janina Wojtunik": "Q110037036", "Aleksandra Wozniak": "Q110037109", "Nadia Wozniak": "Q110037112", "Hapka Wozniak": "Q110037114", "Eva Wozniak": "Q110037116", "Maria Wrona": "Q110037134", "Praskovya Jakubovskaya": "Q110037162", "Vassa Yanus": "Q110037166", "Vasilina Yarmolyuk": "Q110037169", "Helena Szwed": "Q110037192", "Katarzyna Zadworna": "Q110037193", "Marianna Zaj\u0105c": "Q110037205", "Maria \u017bal": "Q110037219", "Wies\u0142awa W\u0105sowicz": "Q110037229", "Barbora Zelenayov\u00e1": "Q110037336", "Stanis\u0142awa Ziemczonok": "Q110037355", "Weronika Ziemczonok": "Q110037359", "Bronis\u0142awa Wr\u00f3blewska": "Q110037360", "Agnes \u017dilavec": "Q110037367", "Tatiana Ziniuk": "Q110037373", "Petronela Zio\u0142o": "Q110037377", "Horpyna Zygadlo": "Q110037407", "Dianne Milne": "Q110318576", "Yvonne Biry": "Q110619205", "Ida Alardo": "Q110837665", "Jovana Bradi\u0107": "Q110841980", "Rosa Djonovi\u0107": "Q110842933", "M\u00e1ria Gah\u00edrov\u00e1": "Q110843520", "Helga Hansen": "Q110844025", "Petronela Kuczko": "Q110845363", "Agnieszka \u0141uszcz": "Q110845963", "Maria Magyar": "Q110846056", "Helena Malinowska": "Q110846112", "Stana Obradovi\u0107": "Q110846918", "Djordje Popovi\u0107": "Q110847945", "Marija Popovi\u0107": "Q110847946", "Ma\u0142gorzata Reszka": "Q110848789", "Koz\u0142owska Koz\u0142owska": "Q110849621", "Ljubica Stamenkovi\u0107": "Q110849727", "\u017divka Stokovi\u0107": "Q110849855", "Radmila Vasovi\u0107": "Q110849856", "Vasiuta Wegrzynowska": "Q110851040", "Docia Wegrzynowska": "Q110851043", "Zinaida Zdor": "Q110851402", "Dolores Q. de Guzm\u00e1n": "Q111271617", "Sofia Nyambe": "Q111376679", "Katarina Susu": "Q111376703", "Aimee Budge": "Q111461763", "Lily Laroche": "Q113223375", "Yamaguchi Yumi": "Q113565763", "Lesley Frances Young": "Q114085381", "Taraima": "Q115139919", "Krista Showalter Ehst": "Q116740939", "Regina Sirota": "Q116775318", "Nonny Penelope Wright": "Q116858158", "Anne Cotard Ntamag": "Q117256168", "Laurence Marandola": "Q118612795", "\u8a79\u9418\u91c7\u7d79": "Q118720257", "Elizabeth Ibrahim Ekaru": "Q119348918", "L\u00e9na Balaud": "Q119362489", "Barbara-Cecilia Cappelle": "Q120884979", "Anne-C\u00e9cile Suzanne": "Q121033454", "Anne-Mari Tarkkio": "Q121502084", "Ana Josefa Barber\u00e1": "Q121547637", "Marinha das Virgens Gallo Pitombo": "Q123479302", "Nela Kyselov\u00e1": "Q123686825", "Brooke Bryson": "Q123865570", "Kushatha Moesi": "Q124360244", "Koketso Moloko": "Q124429127", "Lisa Palu": "Q124537159", "Nono Sekhoto": "Q124679920", "Aino Onali": "Q125524795", "Tlotlo Phuduhudu": "Q125622585", "Kathleen Creighton": "Q125800066", "Monica Maigari": "Q126004419", "Lillian (Ferguson) Moses": "Q126597274", "Maria Kowalik": "Q126616464", "Erminia Campagnolo": "Q126616886", "Hortense Fran\u00e7ois": "Q126616939"}