{"Frida Segerdahl-Nordstr\u00f6m": "Q4977882", "Nina Aysagher": "Q89419516", "Simone Poujade": "Q88884796", "Freda Maier-Westorgaard": "Q67166184", "Anita Nahmias": "Q88881695", "Ellen Frey": "Q12361909", "Christa Deuticke-Szabo": "Q109563521", "Alice Krayenb\u00fchl": "Q16063216", "Thea Frenssen": "Q2415636", "Charlotte Giebelmann": "Q1067193", "Ragnvi Torslow": "Q4461329", "Marguette Bouvier": "Q3290820", "Evgenia Oborina": "Q4329611", "Edyta Popowicz": "Q61768777", "Tsuyuko Hiraoka": "Q11482628", "Erna Andersen": "Q89573046", "Tamako T\u014dg\u014d": "Q11528536", "Kinuko Ueno": "Q11360447", "Stefania Kalus": "Q61750794", "Hertha Arnberger": "Q101064811", "Maj-Len Helin": "Q11880616", "Anna Bursche-Lindnerowa": "Q11686223", "Fanny Besson": "Q3066438", "Riitta Linna": "Q13463996", "Maria J\u00fche": "Q94733515", "Denise Fayolle": "Q3023030", "Maj-Britt R\u00f6nningberg": "Q4976314", "Nonna Kartavenko": "Q4216125", "Yoshiko Tsukioka": "Q3572663", "Reiko Kat\u014d": "Q11399440", "Mary Anderson": "Q6778835", "Kirsti Linna": "Q13463995", "Janina Leszczy\u0144ska-Jajszczok": "Q61768962", "Joan Sunderland Scribner": "Q80283577", "Irene Salzmann": "Q88093152", "\u013dudmila Dulkov\u00e1": "Q27867836", "Tsuyako Yamashita": "Q11466049", "Birthe Holmberg": "Q93619907", "Doris Bodmer": "Q119522561", "Hong Yong-myung": "Q16180048", "Lidia Gorlinskaya": "Q4144426", "Kyoko Tokue": "Q11490378", "Marina Granatkina": "Q24937497", "Evgenia Bogdanova": "Q4089295", "K\u00fcllike Meister": "Q111351916", "Mary Merrell": "Q106651177", "Mieko Fujimori": "Q11624438", "Majda Gomil\u0161ek": "Q106410755", "Tatiana Likhareva": "Q4264107", "Eiko Kaneko": "Q11646782", "Tja\u0161a Andr\u00e9e-Prosenc": "Q61278565", "Galina Orlova": "Q4336739", "Sachiko Kobayashi": "Q11461572", "El\u017cbieta Ko\u015bcik": "Q61750786", "Noriko Shirota": "Q11426246", "Tiiu Valgem\u00e4e": "Q12376969", "Keiko Yuzawa": "Q11563639", "Elena Kotova": "Q15070249", "Mayumi Kat\u014d": "Q11399432", "Elena Slepova": "Q4423342", "Keiko Miyagawa": "Q11454688", "Barbara Terpenning": "Q26045501", "Barbara Smith": "Q26045530", "Marie-Luise Dostmann": "Q41583008", "Elli Staerck": "Q56642724", "Anuliisa Uotila": "Q74402743", "K\u00fclli Tammik": "Q16406343", "Utako Nagamitsu": "Q11651519", "Tiina Gross": "Q111466029", "Sonoko Nakano": "Q47465036", "Sophie M\u00e9rigot": "Q3491016", "Pille Hagel": "Q24545595", "Iwona Mydlarz-Chru\u015bci\u0144ska": "Q11714580", "Mariko Yoshida": "Q11413555", "Yukiko Okabe": "Q11473856", "Jacki Farrell": "Q26043027", "Klaudia Thalhammer-Koch": "Q57456741", "Toshimi Ito": "Q17193355", "Anita Thorenfeldt": "Q24899475", "Miwako \u014chashi": "Q11436645", "Mari Asanuma": "Q11557122", "Helena Chwila": "Q61750829", "Kaoru Takino": "Q11565321", "Lea Rand": "Q12368381", "Yukari Yoshimori": "Q17211110", "Kim Myo-shil": "Q11566424", "Tatiana Michalkov\u00e1": "Q31004755", "Maija Pekkala": "Q66659026", "Y\u016bko Monna": "Q17220861", "Nathalie Tortel": "Q20089334", "Sylvie Vaquero": "Q3507404", "Miwa Nishida": "Q11629277", "Ayako Higashino": "Q17220102", "Carolyn Skoczen": "Q26042325", "Vibecke S\u00f8rensen": "Q15076451", "Irina Frolova": "Q124843609", "Dianne Takeuchi": "Q26044248", "Cathy Gali\u00e8re": "Q118399224", "Yuki Sh\u014dji": "Q11485875", "Yuki Habuki": "Q17220034", "Beata Zieli\u0144ska": "Q11687638", "Ioanna Kontogeorgakopoulou": "Q16332912", "Misao Sato": "Q80633247", "Kaho Koinuma": "Q21018990", "Kuralai Uzurova": "Q100491486", "Megumi \u014cishi": "Q11438204", "Gina Argemir": "Q96624540", "Melanie Lambert": "Q59428364", "Svetlana Varnavskaja": "Q124330182", "Hiromi Sano": "Q11385103", "Nicole Br\u00fcngger-Skoda": "Q1986961", "Lise R\u00f8sto Jensen": "Q42673181", "Makiko Ogasawara": "Q11463379", "Ingrida Snieskiene": "Q24899900", "Kristy Evans": "Q56493109", "Anna Chatziathanassiou": "Q4766914", "Anni Luftensteiner": "Q18818351", "Simone Pastusiak": "Q11307602", "Kanako Takahashi": "Q11671713", "Melania Albea": "Q6811236", "Maria Fernanda Puente": "Q17197949", "Tiffany Hyden": "Q7801215", "Jessica Kessler": "Q1242202", "Tina \u0160vajger": "Q108742656", "Anna Dimova": "Q20041525", "Danika Bourne": "Q5219548", "Stephanie von der Th\u00fcsen": "Q56084911", "Kristina Kobaladze": "Q11299232", "Alenka Zidar": "Q20041433", "Simone Joseph": "Q2268186", "Lucie Kadl\u010d\u00e1kov\u00e1": "Q11348962", "Sarah Jentgens": "Q1534406", "Ellen Mareels": "Q24899876", "Kendra Goodwin": "Q6388990", "Stephanie Roth": "Q60977149", "Quinn Wilmans": "Q722821", "Lee Su-gyeong": "Q113016042", "Giovanna Almeida Leto": "Q5563620", "Gladys Orozco": "Q11300198", "Alibel Alegre": "Q4725634", "Marika Zanforlin": "Q267834", "Lee Chu-hong": "Q11287838", "Silvia Kon\u010dokov\u00e1": "Q24899997", "Amy Ireland": "Q24900223", "Maria Bi\u0144czyk": "Q6761063", "Ingrid Roth": "Q11287355", "Choi Young-eun": "Q5103994", "Marianne Dubuc": "Q6762211", "Chika Suguri": "Q11522960", "Anja Bratec": "Q24899875", "Minami Sakach\u014d": "Q11425616", "Lucie-Anne Blazek": "Q16199472", "Anna Buniewicz": "Q116151008", "Nadezhda Paretskaia": "Q17232771", "Kirsten Frisch": "Q6416078", "Carina Chen": "Q17161140", "Svetlana Chernishova": "Q16203301", "Aleksandra \u017belichowska": "Q4167510", "Aleksandra Petushko": "Q18818078", "Magali Charpentier": "Q56491247", "Sarah Mooslechner": "Q60977173", "Johanna Purdy": "Q12066605", "Darja \u0160krlj": "Q5223053", "Kristine Y. Lee": "Q6438337", "Victoria Devins": "Q56493145", "Jenifer Tena": "Q24899770", "Alessandra Faietti": "Q20042604", "Deborah Blinder": "Q56508873", "Aimee Collier": "Q56510400", "Emma Brien": "Q11290733", "Ines Pavlekovic": "Q24900163", "Tiffany Chung": "Q17161205", "Choi In-hwa": "Q113016107", "Marie Sk\u00e4rg\u00e5rd": "Q6763028", "Lee Sun-bin": "Q6515185", "Elif Ula\u015f": "Q3722965", "Angelika Naaktgeboren": "Q17232730", "Choi Seon-yeong": "Q113016052", "Amy Alisara Arirachakaran": "Q4069262", "Miki Sone": "Q11515414", "Myriam Fl\u00fchmann": "Q6948196", "Amber Kole": "Q4741263", "Colette Appel": "Q5144682", "Alina Mayer-Virtanen": "Q66757882", "Simona Punga": "Q11307599", "Shirley Hsin Hui Tsai": "Q18817566", "Nina Ivanova": "Q11324574", "Amy Howerton": "Q56492896", "Aurore Ponomarenko": "Q2871947", "Alice Graham": "Q56087208", "Martina Bo\u010dek": "Q11341380", "Karolina Bulak": "Q11736417", "Michelle Cronin": "Q6836980", "Fumiko Shinkai": "Q11502723", "Anna Galcheniuk": "Q56493334", "Anna Pushkova": "Q17106626", "Lauren Wilson": "Q6500411", "Petra Luk\u00e1\u010d\u00edkov\u00e1": "Q11337427", "Monica Gimeno": "Q17232777", "Kristina Mikhailova": "Q11299240", "Jocelyn Ho": "Q3560450", "Jennifer LeGuilloux": "Q6178527", "Beril Bekta\u015f": "Q60674538", "\u00c9lodie Brouiller": "Q8078237", "Roxana Boamf\u0103": "Q7372326", "Anna Zawada": "Q27808256", "Tunde Gal": "Q24901488", "Aadnya Borkar": "Q4094092", "Marina Shishkina": "Q60515779", "Jericho Boulin": "Q56490278", "Brittany Vise": "Q4971632", "Veronika Havl\u00ed\u010dkov\u00e1": "Q7922501", "Christina Bourgeois": "Q56491169", "Alina Saprikina": "Q56506840", "Eun-Byul Cho": "Q11318494", "Kim Un-ha": "Q11297013", "C\u00e9line Lacour": "Q24864561", "Ayako Hagiwara": "Q4830842", "Sarah Burke": "Q56087268", "Bianka P\u00e1d\u00e1r": "Q11329827", "Hou Na": "Q5912631", "Camilla Spelta": "Q5026596", "Joy Chang": "Q60977180", "Janna Kupec": "Q11309887", "Martina Sasanelli": "Q24900480", "Jordan McKenzie": "Q56493382", "Lauren Henry": "Q6500253", "Gracielle Jeanne Tan": "Q11300160", "Alina Dikhtiar": "Q1964458", "Denise Zimmermann": "Q1187801", "Elena Kovalova": "Q20040144", "Pilar Bosley": "Q7193769", "Inna Ladyagina": "Q112128105", "Sydney Schmidt": "Q56492619", "Laura Fern\u00e1ndez": "Q11346623", "Charlotte Belair": "Q63096118", "Alima Gershkovich": "Q17130214", "Megan Allely": "Q6808631", "Laura Dutertre": "Q6498877", "Valeria Vorobieva": "Q60736360", "Natalia Mitsuoka": "Q6968049", "Akane Seo": "Q11566435", "Akiko Kitamura": "Q4700969", "Imola Antal": "Q56490133", "Federica Constantini": "Q5440941", "Michelle Chrudinak": "Q56490316", "Charissa Tansomboon": "Q4451292", "Fanny Regnier": "Q56598711", "Ina Demireva": "Q6013190", "Brittany Heath": "Q56087450", "Emily Naphtal": "Q3425183", "Emma Hagieva": "Q5372824", "Sung Mi-hyang": "Q11315471", "Joanna Dusik": "Q6205811", "Elena Efaieva": "Q274383", "Minna Parviainen": "Q11882917", "Brooke Paulin": "Q56087224", "Leigh Rogers": "Q6519664", "Alisa Kireeva": "Q4726931", "Bianca Butler": "Q4902486", "Jessica Crenshaw": "Q17130096", "Kim Soo-jin": "Q63097398", "Silvie Rajfov\u00e1": "Q23908961", "Kathryn Kang": "Q63344772", "Valene Maheu": "Q56527673", "Charlotte Maxwell": "Q56527425", "Daria Kaziutchitz": "Q56084861", "Alessia Baldo": "Q17232767", "Oksana Gozeva": "Q4141238", "Ashley Foy": "Q4805431", "Elena Rodrigues": "Q11291254", "M\u00e9rov\u00e9e Ephrem": "Q285215", "Renk Kemaloglu": "Q60674531", "Yunya Jiao": "Q60516467", "Celie Mallet": "Q56489907", "Anne Sophie Bilet": "Q56598745", "Charlotte Gendreau": "Q63097008", "Milena Szymczyk": "Q11781205", "Yuka Ishikawa": "Q8060553", "Mia Brix": "Q6827097", "Olga Ikonnikova": "Q7086582", "Charl\u00e8ne Denize": "Q66759695", "Molly Aaron": "Q56087340", "Ekaterina Zaikina": "Q5350349", "Katrina Hacker": "Q6377939", "Kim Falconer": "Q11297051", "Haruka Inoue": "Q11372771", "Olivia Lalatka": "Q56510518", "Chrissy Hughes": "Q5108622", "Phillipa Pickard": "Q114890815", "Megan Hyatt": "Q6808676", "Loretta Hamui": "Q11350778", "Jessica Kurzawski": "Q11309200", "Laura Czarnotta": "Q4167488", "Blake Rosenthal": "Q4924479", "Ching Tze Lee": "Q11522387", "Diane Szmiett": "Q5271586", "Emilie Demers Boutin": "Q5371772", "Jenna Syken": "Q6177784", "Martina Pfirter": "Q63097664", "Lilia Biktagirova": "Q1825036", "Chlo\u00e9 D\u00e9pouilly": "Q2964182", "Elizabeth Stern": "Q11290923", "Stacy Perfetti": "Q10374013", "Rima Beliy": "Q7334359", "Jekaterina Sergejeva": "Q56477210", "T\u00fcnde Sepa": "Q100451002", "Crista Gr\u00f6nroos": "Q56494270", "Mary Grace Baldo": "Q11343330", "Meg Byrne": "Q56087448", "An Ni": "Q4750164", "Siobhan McColl": "Q7525304", "Maria Dikanovi\u0107": "Q11340995", "Franka Vugec": "Q24900151", "Taylor Firth": "Q64605807", "Monica Pisotta": "Q63155233", "Malgorzata Lipinska": "Q56087149", "Kristina Shirokova": "Q56491444", "Kateryne Pigeon": "Q56526930", "Tiffany Ting-Ye Wu": "Q17130239", "Viktoria Kucherenko": "Q56087487", "Victoria Kazantseva": "Q56087212", "Guo Jiameimei": "Q5619593", "Dana Zhalko-Tytarenko": "Q5214878", "Sofia Gassoumi": "Q56598216", "Federica Bernardi": "Q11332673", "Ekaterina Motyreva": "Q15140068", "Fanni Forg\u00f3": "Q1002928", "Mari Suzuki": "Q11649107", "Sarah McCoy": "Q56087318", "Sigrid Young": "Q17232935", "Marylie Jorg": "Q56511217", "Lauren Ryan": "Q56087339", "Christi Anne Steele": "Q56087240", "Anca Ionescu": "Q16769538", "Mirna Libri\u0107": "Q4260898", "Harmonie Lafont": "Q56598701", "Haruka Maeda": "Q11397763", "Lauren Ko": "Q11351140", "Chelsea Rose Chiappa": "Q11317809", "Guo Yalu": "Q5619631", "Teressa Vellrath": "Q56476967", "Taryn Jurgensen": "Q7686992", "Ilaria Nogaro": "Q20042102", "Krist\u00edna Kab\u00e1tov\u00e1": "Q6438498", "Toni Murray": "Q17130218", "Jana Smekhnova": "Q6150582", "Ksenia Smirinova": "Q56491677", "Amanda Velenosi": "Q4739785", "Nurul Ayinie Sulaeman": "Q59543625", "Katie Powell": "Q17130216", "Adele Morrison": "Q56087251", "Carolyn MacCuish": "Q5045413", "Ruslana Jurchenko": "Q56491072", "Marina Antipova": "Q6763781", "Rachel Kirkland": "Q7279291", "Alexandria Shaughnessy": "Q27151045", "Agne Oradauskaite": "Q56087171", "Laura Kean": "Q16770334", "Ibuki Mori": "Q30195006", "Elena Garkusina": "Q56493356", "Mateja Bursi\u0107": "Q24900195", "Isabel Heintges": "Q63096626", "Jessica Rose Paetsch": "Q6187443", "Maria Der": "Q56489688", "Siau Chian Ching": "Q60515792", "Kaleigh Hole": "Q11301218", "Daria Abdulova": "Q56491410", "Sera V\u00e4ist\u00f6": "Q20038847", "Kylie Duarte": "Q6451600", "Anastasia Listopad": "Q17232954", "Nika Ceri\u010d": "Q11324185", "Victoria Hecht": "Q11352001", "Kelly Oliveira": "Q56493239", "Michelle Couwenberg": "Q11341982", "Anastaisa Khodkova": "Q60737359", "Chelsi Guillen": "Q5090164", "Shirleen Sch\u00f6nfeld": "Q56511119", "\u017danna Puga\u010da": "Q11310175", "Cambria Little": "Q64685253", "Veronica Grigorieva": "Q17130023", "Ronja Roll": "Q17232986", "Nana Sugiki": "Q11522030", "Daniela Stoeva": "Q11317204", "Miruku Matsushita": "Q63096776", "Anastasia Kononenko": "Q17158165", "Victoria Liakhava": "Q24887692", "Anita Nagy": "Q17232732", "Bryna Oi": "Q11334774", "Olivia Jones": "Q11292681", "Anna Marie Pearce": "Q24874110", "Amanda Bertsch": "Q56527629", "Cassie Andrews": "Q5049391", "Nastassia Hrybko": "Q17232818", "Rylie McCulloch-Casarsa": "Q7385177", "Dee Dee Leng": "Q17361582", "Alexandra Malakhova": "Q56087581", "Katie McBeath": "Q56676639", "Meredith Pipkin": "Q64605982", "Jasmina Uzunovic": "Q63097888", "Saya Ueno": "Q16769798", "Kimberley Hew-Low": "Q56087173", "Monia Aleksi\u0107": "Q56304199", "Katsiarina Pakhamovich": "Q11294246", "Kang Kyong-mi": "Q16770310", "Suthatta Yilansuwan": "Q58234965", "Amelia Schwienbacher": "Q18817668", "Kristina Prilepko": "Q17232820", "Anita Kapferer": "Q18817443", "Brittany Lau": "Q11334727", "Ariel Nadas": "Q56598238", "Nadia Geldenhuys": "Q17130220", "Sinem Pekder": "Q24867171", "Pina Umek": "Q16264536", "Brynn Carman": "Q4981023", "Yun Yea-Ji": "Q625791", "Rebecka Emanuelsson": "Q18817398", "Cheng Duo": "Q64685549", "Michelle Callison": "Q18701199", "Melanie Swang": "Q11343981", "Elin Hallberg": "Q18818007", "Sumika Yamada": "Q17223670", "Fruzsina Ila": "Q56490009", "Natascha Zangl": "Q18817625", "Janina Makeenka": "Q17232864", "Ri Ji-hyang": "Q11348705", "Ema Lipov\u0161\u0107ak": "Q24900317", "Valeria Morozova": "Q56492065", "Sarah Macgibbon": "Q17221903", "Juliana Gurdzhi": "Q67020211", "Ekaterina Melnik": "Q56527910", "Carly Gold": "Q22957867", "Caitlin Fields": "Q19865451", "Isabella Schuster-Velissariou": "Q11286512", "Rimgaile Meskaite": "Q11348457", "Eszter Szombathelyi": "Q17160452", "Taylor Dean": "Q17161447", "Alessia Zardini": "Q24876121", "Arisa Yamazaki": "Q11468067", "Levana Wu": "Q66709122", "Arijana Tirak": "Q24863711", "Hanna Kiviniemi": "Q58930050", "Natasja Remstedt": "Q58929847", "Rosa Sheveleva": "Q7367125", "Szilvia Magyar": "Q56490049", "Valentina Chernushova": "Q20041381", "Lieselotte Swerts": "Q60516681", "Tamara Turoczy": "Q56490032", "Nina Larissa Wolfslast": "Q59314577", "Laura Raszykov\u00e1": "Q24895403", "Anna Siedlecka": "Q24865823", "Aldrin Elizabeth Mathew": "Q56868085", "Adriana Hamui": "Q11956953", "Alina Beletskaya": "Q18818084", "Lauren Dinh": "Q6500189", "Caitlin Belt": "Q60517576", "Gans\u00fckhiin Maral-Erdene": "Q57613157", "Jemima Rasmuss": "Q24868122", "Marta Grigoryan": "Q118130221", "Sindra Kriisa": "Q21706108", "Hayleigh Bell": "Q5686792", "Anna Afonkina": "Q11285368", "Sandrine Hofstetter": "Q56511815", "Miroslava Hri\u0148\u00e1kov\u00e1": "Q59510601", "Myrtel Saldeen Olofsson": "Q60516750", "Eveliina Viljanen": "Q60516774", "Jialei Wang": "Q11572906", "Natalia Jancosek": "Q56489810", "Joy Weinberg": "Q56598389", "Jana \u010cejkov\u00e1": "Q56087134", "Olivia Serafini": "Q60976708", "Sophie Almassy": "Q18700944", "Tanja Odermatt": "Q16265045", "Hanna-Maria Tammo": "Q56087139", "Marika Steward": "Q114946170", "Kristina Zakharanka": "Q11299245", "Oliya Clarkson": "Q56597988", "Choi Jin-ju": "Q113016153", "Natalie Klotz": "Q27917617", "Angelina Ekaterinina": "Q60303093", "Kl\u00e1ra Sv\u011btl\u00edkov\u00e1": "Q20040885", "Hannah Sparke": "Q56598069", "Evgenia Kazantseva": "Q56087465", "Mei Itoh": "Q18817367", "Jana Coufalov\u00e1": "Q18456891", "Monika Peterka": "Q66809351", "Marina Elias": "Q56492962", "Magdalena Jask\u00f3\u0142ka": "Q28123944", "Minami Hanashiro": "Q17219640", "Hina Takeno": "Q60029843", "Elizaveta Usmantseva": "Q16264486", "Jordan Bauth": "Q60516895", "Hinano Isobe": "Q23948703", "Cho Kyung-ah": "Q12616564", "Kristina Baklanova": "Q56477180", "Zeynep Dilruba Sano\u011flu": "Q59329766", "Regina Glazman": "Q17232822", "Darin Khussein": "Q60516838", "Sandra Ristivojevic": "Q17232953", "Franchesca Chiera": "Q74810745", "Valeria Grechukhina": "Q56489501", "Ekaterina Krutskikh": "Q56087417", "Kathryn Winstanley": "Q59538925", "Stephanie Yuung-Shuh Chang": "Q58315617", "Pak So-hyang": "Q17217123", "Cecilie Mei Ling Hartmann": "Q58621675", "Lena Wu": "Q66709028", "Eike Langerbaur": "Q24899943", "Aurelija Ipolito": "Q61874862", "Kristina Bedrosova": "Q59510607", "Elena Smirnova": "Q56493671", "Maria-Katharina Herceg": "Q18818080", "Heli Tammem\u00e4gi": "Q61831328", "Tania Margarido": "Q59386488", "Brooke Tamepo": "Q56612308", "Jia Xin Ng": "Q66711812", "Emy Decelles": "Q60731994", "Maeva Gallarda Rossell": "Q66809357", "Anna Shershak": "Q4767473", "Elif Erdem": "Q28411111", "Megan Wessenberg": "Q56676658", "Krist\u00edn Vald\u00eds \u00d6rn\u00f3lfsd\u00f3ttir": "Q61635309", "Jelizaveta Leonova": "Q24868891", "Julia Biechler": "Q60976868", "Shayanne Casapao": "Q59543496", "Shalena Rau": "Q56087297", "Timila Shrestha": "Q20040639", "Haruno Yajima": "Q56087400", "J\u00falia B\u00e1tori": "Q20042285", "Leah Steffan": "Q56598573", "Maru\u0161a Udrih": "Q59538881", "Morgan Flood": "Q59313420", "Elizaveta Avsiukevich": "Q121757876", "Ami Koga": "Q18226484", "Nadine Wang": "Q67982990", "Alexandra Shevchenko": "Q24863318", "Sze Chyi Chew": "Q61996752", "Teodora Markova": "Q56612173", "Marin Ono": "Q18225990", "Laia Bertran Gracia": "Q59386480", "Nadjma Mahamoud": "Q24862939", "Uliana Titushkina": "Q11289153", "Selin Haf\u0131zo\u011flu": "Q59313712", "Jung You-jin": "Q60642652", "Margr\u00e9t S\u00f3l Torfad\u00f3ttir": "Q61635329", "Marianne St\u00e5len": "Q58230131", "Giulia Foresti": "Q24865730", "Christina Zaitsev": "Q56492707", "Promsan Rattanadilok Na Phuket": "Q59543432", "Polina Ustinova": "Q66757936", "Valentina Sch\u00e4r": "Q56477815", "J\u00e9r\u00f4mie Repond": "Q59510591", "Daria Batura": "Q18817973", "Priscilla June Chau": "Q61962864", "Natalie Sangkagalo": "Q47495081", "Hope McLean": "Q56087413", "Agnieszka Rejment": "Q18818352", "Charlotte Vandersarren": "Q24874031", "Patrizia Sala": "Q60643483", "Alsu Kaiumova": "Q18226144", "Shaline R\u00fcegger": "Q24870613", "Guo Yuzhu": "Q56753156", "Guost\u0117 Damulevi\u010di\u016bt\u0117": "Q56087025", "Zheng Lu": "Q24866251", "Aina Sorfina Mohd Aminudin": "Q41749528", "Lydia Erdman": "Q61014946", "Sarah Feng": "Q56612631", "Alissa Scheidt": "Q58620983", "Brynne McIsaac": "Q56612313", "Yancey Chan": "Q60552632", "\u0130layda Bayar": "Q56876463", "Simona Gospodinova": "Q58620944", "Sena Kim": "Q22129822", "Li Jiayin": "Q59510600", "Nina Pol\u0161ak": "Q56395999", "Jessica Palfreyman": "Q62023747", "Cassandra Johansson": "Q56395979", "Alicia Tsingisser": "Q58229966", "Vivienne Contarino": "Q62023841", "Paige Rydberg": "Q100920033", "Tifani Teszari": "Q63026204", "Yana Bozhilova": "Q66793693", "Lucyna Okhrem": "Q56087218", "Lara Roth": "Q24867888", "Aneta Janiczkova": "Q56753619", "Clara Pestoni": "Q60643575", "Chiara Censori": "Q57166690", "Veronika Sheveleva": "Q56478543", "Anzhelika Yurchenko": "Q56489876", "Zhansaya Adykhanova": "Q59286482", "Gabriela Ballov\u00e1": "Q30560754", "Eva Ga\u0161parcov\u00e1": "Q30637422", "Karen Sandra Ghebbari": "Q124608443", "Brigitte Schellhorn": "Q916642", "Veronika Joukalov\u00e1": "Q1409932", "Petra Ernert": "Q1588705", "Beatriz Hambeck": "Q15990545", "Elizaveta Yushchenko": "Q24897439", "Zhang Mingyang": "Q56087205", "Nina Letenayov\u00e1": "Q24870038", "Natalia Ogoreltseva": "Q16264994", "Neira Kiso": "Q56395292", "Alexandra Hagarov\u00e1": "Q24869608", "Sarah Isabella Bardua": "Q56678116", "Tasya Putri": "Q58621004", "Cirinia Gillett": "Q56598402", "Lindsay Weinstein": "Q23771803", "Hannah Whitley": "Q56508802", "Alisa Turchina": "Q56676669", "Nica Digerness": "Q56604747", "Aur\u00e9lie Faula": "Q121463257", "Natalie Kratenova": "Q56087479", "Anastasia Kholkina": "Q56751313", "Zhao Ying": "Q56087206", "Sara Jane Dana": "Q56379454", "C\u00e9line Blarer": "Q60643505", "Daria Gozhva": "Q24869141", "Hanna Jakucs": "Q56490115", "Alina Suponenko": "Q57466979", "Alena Ryvkina": "Q57467243", "Ching Ting Su": "Q69667541", "Francesca Righi": "Q56508283", "Daria Jakab": "Q58230065", "Aleksandra Nesterova": "Q59543548", "Jane Iskov": "Q72914775", "Vivian Le": "Q20909183", "Sandra Ramond": "Q66757790", "Anastasia Kolomiets": "Q61831287", "Josephine K\u00e6rsgaard": "Q61685141", "Ashlynne Stairs": "Q56508741", "Anastasia Zajtseva": "Q60644093", "Mathilde Viard": "Q56508189", "Lena Kreitmeier": "Q56868074", "Julie Froetscher": "Q58230030", "Sarah-Maude Blanchard": "Q56599492", "Aneeta Lingam": "Q59543574", "Yue Han": "Q56612708", "Maryia Saldakayeva": "Q56753571", "Sara Boschiroli": "Q57494385", "Charlotte Lim": "Q66828054", "Linden van Bemmel": "Q72925820", "Elizabete Jubk\u0101ne": "Q57234989", "Akari Matsubara": "Q60029830", "Merily Keskk\u00fcla": "Q56605150", "Patricia Skopancic": "Q58621781", "Hiu Lok Chow": "Q56753516", "Honoka Hirotani": "Q28689114", "Anastasia Schneider": "Q23014427", "Palina Salaneka": "Q57494308", "Sofia Del Rio": "Q56678097", "Flora M\u00fchlmeyer": "Q56868232", "Kristina Isaev": "Q60057063", "Ekaterina Khokhlova": "Q59710279", "Laura Karhunen": "Q60514008", "Eliana Gropman": "Q56243131", "Elen Hakobyan": "Q57234295", "Elisabeta Ko\u0159\u00ednkov\u00e1": "Q67168877", "Svetoslava Ryadkova": "Q60614360", "Maxine Marie Bautista": "Q60318818", "Amelia Scarlett Jackson": "Q56395637", "Yoon Seo-young": "Q58315506", "Haley Yao": "Q66711806", "Laura Ismagulova": "Q59543604", "Viktorija Shitova": "Q60674976", "Sarah Rose": "Q113009132", "Leticia Marsh": "Q56529075", "Vira Gorodetska": "Q56598869", "Hanna Paroshyna": "Q66796346", "Yuliia Zhata": "Q60032026", "Amanda Stan": "Q60551665", "Giorgia Isabella Sechi": "Q56753538", "Hannah Dawson": "Q56599630", "Shokhsanam Tokhirova": "Q59313690", "Eliana Kalogirou": "Q56478610", "Rino Kasakake": "Q43424328", "Hilary Elizabeth Asher": "Q56379643", "Kari-Sofie Tellefsen": "Q72914485", "Katerina Grishkun": "Q60643165", "Elizaveta Kashitsyna": "Q56870996", "Saya Suzuki": "Q30922595", "Cristiana Mihaela Silca": "Q60551698", "Elena Pavlova": "Q73979116", "Lara Luft": "Q56507728", "Frida Turiddotter Berge": "Q56244168", "Nea Smolej": "Q56244175", "Bel\u00e9n \u00c1lvarez": "Q56478471", "Chloe Curtin": "Q56490530", "Cong Yue": "Q56678428", "Kim Cheremsky": "Q56244172", "\u00c9lodie Eudine": "Q56244603", "Ana Cecilia Sydow": "Q56395512", "Smilla Szalkai": "Q56244760", "Ana Maria Ion": "Q56478534", "Camille Chervet": "Q60643493", "Irina Galiyanova": "Q56507930", "Anastasia Gracheva": "Q61803671", "Yoonmi Lehmann": "Q56877440", "Nadzeya Novik": "Q60644315", "Anna Ivanchenko": "Q59313670", "Nikola Rychta\u0159\u00edkov\u00e1": "Q56876417", "Alina Efimova": "Q56877155", "Dorota Broda": "Q61635794", "Gweneth Sletten": "Q56508137", "Sofiya Karagodina": "Q61871466", "Maria Talalaikina": "Q60029250", "Annely Vahi": "Q115729344", "Presiyana Dimitrova": "Q60994754", "Jeon Jeon-geun": "Q56242615", "Erika Sanjaya": "Q58315696", "Lucy Sori Yun": "Q56599540", "Daniela Ko": "Q56244800", "Lee Ji-yun": "Q38402641", "Sofia Isabel Victoria Guidote": "Q57235040", "Mariia Mostenets": "Q57467512", "Federica Zamponi": "Q67918189", "Alina Solovyeva": "Q60552837", "Emma Gunter": "Q56605760", "Han Seung-yun": "Q56507967", "Riko Takino": "Q38276021", "Anastasija Pavlovicha": "Q60674968", "Karina Sidarenka": "Q56507845", "Chenny Paolucci": "Q56604561", "Jeon Gyo-hee": "Q56395231", "Akari Nakahara": "Q56612298", "Hiu Ching Kwong": "Q56599522", "Natalia Lerka": "Q59769757", "M\u00e1ria Sofia Pucherov\u00e1": "Q56676645", "Ekaterina Mitrofanova": "Q20973734", "Tatsiana Chornaya": "Q57465838", "Anastassiya Khvan": "Q56599619", "Lizaveta Khlypauka": "Q57466018", "Liudmila Molchanova": "Q67919871", "Anna Bertran": "Q56244373", "Elisavet Voulgari": "Q56478523", "Cristina Mikaela Vlassov Rodiguina": "Q56599590", "Vera Stolt": "Q56478655", "Teekhree Silpa-archa": "Q57235217", "Gulzhan Zhumadilova": "Q60673703", "Dominyka Moleviciute": "Q56478557", "Lee Hyun-soo": "Q38796937", "Tatiana Lyirova": "Q56870403", "Anastasiia Melnikova": "Q56870517", "Selma Valitalo": "Q56876429", "Laiken Lockley": "Q56379865", "Chloe Choinard": "Q56871025", "Komila Faradjaeva": "Q58230182", "Jiaying Sui": "Q56612721", "Alexandra Panagiota Manis": "Q113649174", "Caya Scheepens": "Q56753592", "Sofiya Buzayeva": "Q69302826", "Giuditta Sartori": "Q74808394", "Yixuan Zhang": "Q60251887", "Magdalena Zawadzka": "Q56753605", "Gemma Marshall": "Q56245464", "Sophie-Laureen Guenther": "Q56395788", "Chloe Dan Tsoi": "Q56605835", "Kim Bo-young": "Q56604554", "Leona Rogi\u0107": "Q56396083", "Alina Iushchenkova": "Q61684493", "Jasmin Elsebaie": "Q56395315", "Corinna Huber": "Q56354351", "Arina Somova": "Q56478597", "Shiika Yoshioka": "Q56395662", "Lenne van Gorp": "Q56395703", "Danielle Gebser": "Q66828014", "Genevieve Somerville": "Q61733960", "Gabrielle Levesque": "Q56380181", "Heidrun Pipal": "Q56379668", "Emily Saari": "Q116858058", "Ameera Mubarak": "Q69668006", "Pooja Kalyan": "Q56244983", "Nicola Korck": "Q56599426", "Kl\u00e1ra \u0160t\u011bp\u00e1nov\u00e1": "Q56604556", "Hana Cvijanovi\u0107": "Q56244595", "Kim Hyun-soo": "Q56676651", "Daria Kvartalova": "Q56612675", "Megan Ly": "Q56876410", "Tsin Nam Nicole Chan": "Q56478621", "No\u00e9mie Bodenstein": "Q56396069", "Ro Hyang-mi": "Q56753312", "Andrea Pekarek": "Q66828042", "Yu-Hsun Lin": "Q56599534", "Eliza Pancheva": "Q63154755", "Emelie Ling": "Q66828059", "Kristina Grigorova": "Q56876388", "Mariya Filippova": "Q59313677", "Varvara Romadinova": "Q60031234", "Chow Hiu Yau": "Q69666575", "Lee Eun-seo": "Q56678125", "Ko Eun-bi": "Q37467161", "Karina Akopova": "Q61635848", "Jenny Shyu": "Q66708987", "Marissa Wu": "Q67242021", "Emma Bulawka": "Q56395811", "Amelia Orzel": "Q67914903", "Chiara Balbo": "Q66827870", "Eva Iakovleva": "Q57234928", "Eugenia Garza": "Q56599484", "Olivia Gran": "Q60732010", "Alexanne Bouillon": "Q66798371", "Ann-Christin Marold": "Q56753523", "Jeon Su-been": "Q36489902", "Hui Jeen Tan": "Q56599507", "Andreea Voicu": "Q68658130", "Xin Yi Loke": "Q56599526", "Nicole Calderari": "Q69565116", "Jekaterina Rudneva": "Q60643159", "Kelly Elizabeth Supangat": "Q56599479", "Viktoriia Azroian": "Q56507629", "Ivelina Baycheva": "Q56753463", "Denisa Cimlov\u00e1": "Q67263532", "Chloe Panetta": "Q56612662", "Marta Mar\u00eda J\u00f3hannsd\u00f3ttir": "Q56478549", "Nicole Wigger": "Q57494729", "Fatma Yade Karl\u0131kl\u0131": "Q116957665", "Marina Asoyan": "Q57233924", "Aliaksandra Haurylkina": "Q57494136", "Ema Doboszov\u00e1": "Q56244585", "Edita Hor\u0148\u00e1kov\u00e1": "Q66793552", "Amelia Rams": "Q67915834", "Catherine Carle": "Q81902187", "Yasemin Zeki": "Q67246798", "Katerina Fricova": "Q56395575", "Anne Marie Jordan": "Q66660236", "Marion Papka": "Q56753472", "Lorena \u010ci\u017emek": "Q68657785", "Diane Gabrielle Panlilio": "Q56599549", "Cheuk Ka Kahlen Cheung": "Q56395215", "Julia Brovall": "Q69667815", "Lizaveta Malinouskaya": "Q57494249", "Julia Kierul": "Q66660265", "Angela Camp Torres": "Q56478558", "Ishita Kapoor": "Q56599579", "Hana Kosic": "Q56753562", "Klimentina Maleevska": "Q56876448", "Lee Siwon": "Q60642427", "Kate Finster": "Q56753328", "Sarah Jung": "Q68658203", "Bristena Patricia Prodea": "Q57235186", "Josipa Jagodi\u0107": "Q68660184", "Jessica Lin": "Q66828074", "Amy Morris": "Q68657946", "Ana Camila Gonzalez": "Q67915487", "Bernadett Szigeti": "Q69666935", "Niginabonu Jamoliddinova": "Q67247735", "Maya Gorodnitsky": "Q56380462", "Sara Hong": "Q72910290", "Ksenia Tsibinova": "Q75081275", "Sara Carli": "Q66793535", "Azhar Zhumakhanova": "Q56244367", "Angela Prilepchanska": "Q56395866", "Viktoria Bj\u00f6rnsd\u00f3ttir": "Q56244363", "Viktoriia Iushchenkova": "Q66660213", "Parrii Srohi": "Q108649639", "Maryna Zhdanovych": "Q56753611", "Moa Iwano": "Q38277856", "Dorotea Partonjic": "Q69666454", "Akari Matsuoka": "Q40039372", "Emelie Nordqvist": "Q56478608", "Molly Robotham": "Q66827921", "Anna Scheglova": "Q61635192", "Ana \u010cmer": "Q56876459", "Yuyao Zhang": "Q60253589", "Ana Sofia Be\u0219chea": "Q56244356", "Liu Motong": "Q56379706", "Anastasia Kostyuk": "Q61414293", "Ekaterina Luneva": "Q67146972", "Valeriia Sidorova": "Q67240607", "Isabelle Inthisone": "Q67147030", "Jade Hovine": "Q113644626", "Sin Tal-mi": "Q67244019", "Diana Suleimenova": "Q57234609", "Anna La Porta": "Q67246325", "Mandy Chiang": "Q56395351", "Camille Perreault": "Q56612644", "Darya Rabkova": "Q56243225", "Anna Rakovych": "Q56244582", "Morgane Crausaz": "Q56753509", "Nataly Langerbaur": "Q60643174", "Alexandra Michaela Filcov\u00e1": "Q56244352", "Lara Hrovat": "Q56876460", "Mariia Andriichuk": "Q117305044", "Stanislava Vislobokova": "Q61634772", "Nadezhda Labazina": "Q59958353", "Tereza Zendulkov\u00e1": "Q56243188", "Calista Choi": "Q66660292", "Yu Seung-been": "Q56876456", "Anna Dea Gulbiani-Schmidt": "Q56876441", "Laziza Salieva": "Q57235280", "Elizabeth Golding": "Q56395775", "Linnea Kilsand": "Q67915750", "Marian Millares": "Q62023636", "Kim Min-seung": "Q57235129", "Uliana Orlova": "Q61635164", "Paula Margarido Pereira": "Q66659911", "Darja Mijatovic": "Q69667327", "Kateryna Dzitsiuk": "Q60031213", "Yokoi Kinayu": "Q56478533", "Gian-Quen Isaacs": "Q56478612", "Ginevra Lavinia Negrello": "Q67245303", "Swayam Bhatia": "Q106546472", "Amanda Hsu": "Q122584932", "Maria Smirnova": "Q61414643", "Jocelyn Hong": "Q56395611", "Catharina Victoria Petersen": "Q66660020", "Aleks Nam": "Q67245876", "Ruth Xu": "Q66660254", "Patricia Andrew": "Q56243213", "Kate Wang": "Q67247190", "Kamila Sultanmagomedova": "Q57495123", "Darya Svobodina": "Q67147045", "Selina Kaneda": "Q56478613", "Abigail Liew": "Q66828001", "Sara-Maude Dupuis": "Q116493698", "Linh Kh\u00e1nh Tr\u1ea7n": "Q67248620", "Thea Reichmacherov\u00e1": "Q68660407", "Anastasija Konga": "Q67147005", "Michaela Vra\u0161\u0165\u00e1kov\u00e1": "Q67915181", "Cate Fleming": "Q81902903", "Hengxin Jin": "Q60252259", "Amelie Tabor": "Q67240937", "Mariia Bolsheva": "Q67915287", "Lili Krizsanovszki": "Q68658056", "Elena Komova": "Q67244432", "Zara Hused\u017einovi\u0107": "Q68659659", "Pantaree Sutcharit": "Q66828068", "Vasilisa Kaganovskaia": "Q119296897", "Taisiia Spesivtseva": "Q117802878", "Kseniia Klymenko": "Q66660284", "Sophie Sprung": "Q66660193", "Jogail\u0117 Aglinskyt\u0117": "Q66660221", "Merilyn Otgonbayar": "Q67915655", "Oda Havgar": "Q116957502", "Cheng Jiaying": "Q113686826", "Victoria Alcantara": "Q66827892", "Ivetta Berkovich": "Q67146993", "Daria Zsirnov": "Q121463137", "Isabelle Martins": "Q66821330", "Nikol Vaytkus": "Q61414759", "Nastassia Sidarenka": "Q82226181", "Babeth Hansson-\u00d6stergaard": "Q116956515", "Bagdana Rakhishova": "Q116495929", "Sophia Natalie Dayan": "Q68659454", "Julia van Dijk": "Q116957317", "Maria Manova": "Q68659752", "Katherine Ong Pui Kuan": "Q69667228", "Harshita Rawtani": "Q66827969", "Yeva Shulga": "Q67915909", "Julija Lovren\u010di\u010d": "Q121463093", "Michelle Edgina Axille": "Q110102262", "Sofiya Farafonova": "Q116495281", "Justine Miclette": "Q116494602", "Maria Mokhova": "Q114845686", "Sofiia Hryhorenko": "Q116957689", "Daria Afinogenova": "Q113650705", "Elena Agostinelli": "Q113644729", "Varvara Kisel": "Q121354280", "Vanesa \u0160elmekov\u00e1": "Q116957532", "Nina Fredriksson": "Q116957570", "Anastasia Zinina": "Q124051774", "Nao Kida": "Q113688134", "Ekaterina Chikmareva": "Q123992045", "Barbora Kuci\u00e1nov\u00e1": "Q121463941", "Martina Ariano Kent": "Q122089169", "Stella Makri": "Q116956705", "Vlada Vasiliev": "Q116493321", "Song Si-woo": "Q108808221", "Veronika Yametova": "Q115114306", "Noelle Streuli": "Q116957519", "Tsz Ching Chan": "Q116226473", "Mariya Dmitriyeva": "Q61414931", "Stefania Yakovleva": "Q116956488", "Chloe Desiree Leung": "Q121775502", "Marie Sch\u00f6nmann": "Q96384697", "Chiara Hristova": "Q116956243", "Zhang Ruiyang": "Q122066969", "Nikola Fomchenkova": "Q116957114", "Natalia Acosta Moises": "Q116957228", "Josephine Lee": "Q116957709", "Mia Kalin": "Q122413662", "Ayumi Shibayama": "Q113629699", "Olesya Ray": "Q116956686", "Iida Karhunen": "Q116956654", "Megan Wong": "Q121776000", "Han Heesue": "Q108751046", "Wang Yunjie": "Q122091203", "Veronika Zhilina": "Q99517094", "Aliyah Ackermann": "Q122091712", "Zhang Mengqi": "Q121774120", "Sienna Kaczmarczyk": "Q121774179", "Andrea Guo": "Q116858052", "Barbora Tykalov\u00e1": "Q116956497", "Hetty Shi": "Q121774003", "Alexa Severn": "Q116956698", "Youn Seojin": "Q121658149", "Zoja Kramar": "Q116957554", "Sherry Zhang": "Q122700429", "Phattaratida Kaneshige": "Q116957655", "Soho Lee": "Q116957731", "Maria Eliise Kaljuvere": "Q116956648", "Gabriella Grinberg": "Q116956890", "Hannah Frank": "Q116956065", "Tsai Yu-Feng": "Q121774292", "Polina Dzsumanyijazova": "Q116956722", "Li Ruotang": "Q121774056", "Shi Wenning": "Q122089866", "Luna Shimogaki": "Q121774205", "Gao Shiqi": "Q123766493", "Tong Ruichen": "Q121774091", "Xue Yun": "Q121776372", "Hana Bath": "Q116858045", "Wang Yihan": "Q123766497", "Stefania Gladki": "Q123868326", "Hwang Jeongyul": "Q122414053", "Nora Coppens": "Q86241101", "Mitsuko Tezuka": "Q11496973", "Kayo Shirahata": "Q11579759", "Michiko Yano": "Q11584426", "Ky\u014dko Hagiwara": "Q11618964", "Izumi Aotani": "Q11662771", "Megumi Aotani": "Q11662773", "Magdalena Komorowska": "Q11766051", "Alicia S\u00e1nchez": "Q11957430", "Briana Pinz\u00f3n": "Q11962266", "Tania Rojas": "Q12005189", "Azra Deli\u0107": "Q12627453", "Andrea Antillon": "Q16167093", "Zhanna Ilina": "Q16655362", "Masako Kawai": "Q16770238", "Nana Aeba": "Q17190841", "Keiko Atiwa": "Q17191413", "Y\u016bko Araki": "Q17191912", "Ishikawa Yoko": "Q17192980", "Junko Ito": "Q17193341", "Komako Iwadate": "Q17193699", "Harumi Yoshizawa": "Q17210253", "Shuko Takeyama": "Q17210579", "Kumiko Taneda": "Q17212096", "Hitomi Kurahashi": "Q17215460", "Junko Onoda": "Q17219106", "Misato Kage": "Q17219127", "Sumiko Shimodaira": "Q17219416", "Yoshiko Nakada": "Q17219726", "Fumiko Nishimura": "Q17219839", "Akiko Nogami": "Q17219884", "Yoko Midoro": "Q17220562", "Yoko Yakushi": "Q17220786", "Megumi Yanagihara": "Q17222182", "Mari Kobayashi": "Q17222274", "Reiko Kobayashi": "Q17222307", "Yumiko Kage": "Q17226823", "Toshie Sakurai": "Q17228611", "Hisako Honda": "Q17230288", "Y\u014dko \u014ciwa": "Q17231404", "Noriko Harada": "Q17231434", "Misachi Kashiwagi": "Q22123112", "Melissa Thomas": "Q26044942", "Dorothy Jenkins": "Q27917630", "Erna Scheibert": "Q48847069", "Jana Bryndov\u00e1": "Q56087136", "Vlada Mishina": "Q56087175", "Katarzyna Wilczyk": "Q56087185", "Naomie Boudreau": "Q56087257", "Rinata Araslanova": "Q56087325", "Jade-Savannah Godin": "Q56087332", "Natalia Mitina": "Q56087341", "Irina Moiseeva": "Q56087419", "Stephanie Kuban": "Q56087440", "Alexandra Minina": "Q56087481", "Julian Burns": "Q56087488", "Alicia Williams": "Q56087583", "Shanna Rene de Cotret-Laporte": "Q56477011", "Manal Kanojia": "Q56477277", "Nellia Kasianova": "Q56477449", "Anna Chiara Laffranchi": "Q56477581", "Lisa Moore": "Q56479045", "Michaela Cieslarov\u00e1": "Q56489793", "Katie Beriau": "Q56489929", "Annie Royapen": "Q56490513", "Alicia Lambrinakos-Raymond": "Q56491211", "Tatiana Kuznetsova": "Q56491343", "Nancy Truuvert": "Q56493026", "Meghan McCullough": "Q56506871", "Amanda Miller": "Q56508116", "Lou Aliz\u00e9e Campan": "Q56508207", "Charlotte Hester": "Q56511037", "Jessica Flemin": "Q56511731", "Brenna Doherty": "Q56526554", "Amanda Ribeiro": "Q56527034", "Kristen Nardozzi": "Q56527455", "Marilu Guarneri": "Q56527517", "Noemie Arseneault": "Q56527661", "Evgenia Krapivina": "Q56527866", "Alexandra Gorovaia": "Q56527890", "Anastasia Karnaushenko": "Q56528379", "Evelina Bagalina": "Q56528465", "Kathryn Leak": "Q56528630", "Caroline Falardeau": "Q56529354", "Haili Moyer": "Q56598014", "Bianka Gadosy": "Q56598108", "Emily Pike": "Q56598547", "Camilla Barht": "Q56598611", "Sarah Lysne": "Q56598621", "Arielle Trujillo": "Q56598647", "Federica Madaschi": "Q56605069", "Sara Baldelli": "Q56605075", "Winter Deardorff": "Q56611990", "Kayla Charky": "Q56612196", "Arina Voevodina": "Q56751282", "Maria Deriabina": "Q56751300", "Isabella Mancini": "Q56868280", "Victoria Oliver": "Q56868401", "Ekaterina Belova": "Q56871059", "Hanna Babrova": "Q57494045", "Choi Hyun-soo": "Q57494515", "Volha Dzhezhora": "Q57495113", "Darya Kapskaya": "Q57495115", "Alesya Kolesnikova": "Q57495117", "Valerya Krantouskaya": "Q57495118", "Kseniya Liasneuskaya": "Q57495119", "Mariya Shtaida": "Q57495121", "Serena Joy Roblin": "Q57495122", "Uliana Zhukova": "Q57495126", "Milana Matakaeva": "Q57496616", "Natalya Khabibullina": "Q57496713", "Adrianna Cagnon": "Q58230002", "Anna Memola": "Q58230089", "Delia Paparella": "Q58621739", "Isabelle Paulsson": "Q58929778", "Sonja Pfersdorf": "Q58934142", "Sophie Maarouf": "Q59313483", "Varvara Ramadinova": "Q59313664", "Ildi Adok": "Q59313665", "Zeynep Yigit": "Q59313701", "Elettra Olivotto": "Q59314515", "Jade Rautiainen": "Q59314529", "Bethany Powell": "Q59314900", "Lowri Jones": "Q59314917", "Morgan Swales": "Q59314944", "Polina Levitskaya (Mozokhina)": "Q59334270", "Christel Abraham": "Q59484094", "Masinee Chayangkura": "Q59510606", "Julia Andreeva": "Q59511169", "Klo\u00e9 Rozgonyi": "Q59769822", "Wakana Naganawa": "Q60029774", "Hiyori Tokura": "Q60029861", "Saki Miyake": "Q60029866", "Ayumi Kagotani": "Q60029880", "Sui Takeuchi": "Q60030285", "Ibuki Sat\u014d": "Q60030326", "Yelyzaveta Babenko": "Q60031165", "Mariia Kuznetsova": "Q60031317", "Miriam Abdulkarimova": "Q60031339", "Nikol Ishkova": "Q60031367", "Kateryna Striuchenko": "Q60031434", "Anastasiia Mitrofanova": "Q60031443", "Oleksandra Bratsiun": "Q60031455", "Yelyzaveta Galazdra": "Q60031466", "Snizhana Khristenko": "Q60031477", "Victoriia Bychkova": "Q60031773", "Jasmin Lugert": "Q60057101", "Celine G\u00f6bel": "Q60057128", "Lo\u00efs Arickx": "Q60220980", "Lisa Van Genck": "Q60220994", "Anneliese Van Houdt": "Q60221007", "Qijing Cao": "Q60251641", "Xinhui Feng": "Q60251712", "Mingyuan Wang": "Q60251838", "Guanru Jin": "Q60251981", "Chenchen Sha": "Q60252042", "Zilin Cheng": "Q60252303", "Qingrun Chen": "Q60252396", "Tong Mo": "Q60252463", "Chuyi Wang": "Q60252500", "Minzhi Jin": "Q60252563", "Shenya Li": "Q60254775", "Svetlana Mozer": "Q60309364", "Ruiqi Zhang": "Q60314120", "Marie Haas": "Q60473388", "Irina Preda": "Q60474149", "Bianca Enache": "Q60474160", "Leena Rissanen": "Q60516394", "Nicole Janacs": "Q60550889", "Miso Lee": "Q60551726", "Gabrijela Babic": "Q60552706", "Lee Yu-lim": "Q60552805", "Ashley Colliver": "Q60554766", "Cierra Nelson": "Q60554797", "Deborah Toms": "Q60554818", "Jennifer Toms": "Q60554881", "Esmeralda Andersson": "Q60558153", "Nathalie S\u00f6derlind": "Q60558167", "Danielle Kristensson": "Q60558174", "Tilda Alteryd": "Q60558186", "Johanna Wick": "Q60558194", "Cecilia Fryd\u00e9n": "Q60558210", "Victoria Kafol": "Q60558513", "Isabella Messinger": "Q60558526", "Hinako Katayama": "Q60614826", "Marin Okamoto": "Q60614831", "Nonoka Ise": "Q60614837", "Niina Takeno": "Q60614846", "Hana Horimi": "Q60614849", "Airi Miyamoto": "Q60614853", "Momoka Hatasaki": "Q60614857", "Yuka Chon": "Q60614859", "Rei Yoshimoto": "Q60614864", "Yukino Fuji": "Q60614868", "Chisato Uramatsu": "Q60614879", "Serina Okada": "Q60614881", "Rika Tejima": "Q60614884", "Youn Ha-rim": "Q60642440", "Seo Ye-eun": "Q60642453", "Park Miseon": "Q60642617", "Kim Do-eun": "Q60642632", "Noh Chae-eun": "Q60642670", "Kang Soo-min": "Q60642691", "Park Go-eun": "Q60642703", "Marie Kolly-Millasson": "Q60643472", "Vivien Colleen Jacobs": "Q60643498", "Ga\u00eblle Cappi": "Q60643526", "Linda Valeria Kaiser": "Q60643549", "Sabrina Tscharner": "Q60643585", "C\u00e9line Eng": "Q60643588", "Polina Sirotkina": "Q60644070", "Kseniya Lesnevskaya": "Q60644230", "Mariya Sherstobitova": "Q60644248", "Arina Gall-Savalskaya": "Q60644255", "Viktoriya Volosozhar": "Q60644349", "Tatsiana Yatskova": "Q60644391", "Kristina Kipinova": "Q60644404", "Allysha Tan": "Q60674541", "Lidia Voblenko": "Q60674630", "Sallianna \u00d6zt\u00fcrk": "Q60674895", "Aislinn Ganci": "Q60732013", "Jane Gray": "Q60732026", "Madison Moore": "Q60732055", "Helene Carle": "Q60732068", "B\u00e9atrice Lavoie-L\u00e9onard": "Q60732074", "Mariah McCaw": "Q60732801", "Allison Timlen": "Q60976603", "Heidi Munger": "Q60976826", "Sierra Venetta": "Q60976839", "Rena Ikenishi": "Q60976856", "Ayumi Miyamoto": "Q60977057", "Amy Nunn": "Q60977100", "Yuki Umetani": "Q60977137", "Elena Zhidkova": "Q60977166", "Anne Clarisse Roman": "Q60978977", "Ramina Palaca": "Q60979041", "Ryon Choe": "Q60979207", "Natsu Suzuki": "Q60986830", "Sarah Cullen": "Q60987355", "Eva Kobzar": "Q61414693", "Alexandra Koshevaia": "Q61634935", "Elisabetta Incardona": "Q61640611", "Malamatenia Karagianni": "Q61734192", "Vasilisa Ozerova": "Q61767536", "Sally Hoolin": "Q61870175", "Dani Loonstra": "Q61961823", "Yelena Loginova": "Q61962885", "Mar\u00eda Paula Dieck": "Q61996719", "Ana Carla Decottignies": "Q61996725", "Mikayla Shalom Fabian": "Q61996756", "Anna Casale": "Q63027456", "Nathalie Beissmann": "Q63027562", "Altea Sassi": "Q63027589", "Vanessa Sauriol": "Q63344812", "Marianne Mirmseker": "Q64141229", "Carla Listing": "Q64806620", "Cornelia Haufe": "Q66429456", "Beverly Wooden": "Q66707629", "Emma Ning-Jiuan Tang": "Q66709109", "Erin Ching-An Lee": "Q66709196", "Elise Bindschedler": "Q66758126", "Yuka Matsuura": "Q67168404", "Minttu Heikkinen": "Q72926034", "Olivia Boys-Eddy": "Q73978752", "Melisa Jasmin Sa\u011fman": "Q74111184", "Yelyzaveta Surova": "Q75318003", "Saioa Sancho": "Q76753782", "Wendy Enzmann": "Q76834130", "Leena Laaksonen": "Q76834361", "Valeriya Krantovskaya": "Q84559662", "Claudia Mifkovi\u010dov\u00e1": "Q84561268", "Naomi Mugnier": "Q84561474", "Camilla Grue": "Q84910957", "Jeanne Begej": "Q107319446", "Hannelore Leuner": "Q109710537", "Katarina Kitarovi\u0107": "Q110208348", "Juli McKinstry": "Q110826278", "Edith Secord": "Q111208607", "Angelika Wagner": "Q111577358", "Dagmar Kov\u00e1\u0159ov\u00e1": "Q113676502", "Amanda Baer Kovar": "Q113676525", "Miyu Yunoki": "Q114358390", "\u00d6zlem Dizmen": "Q117599794", "Kotoha Asami": "Q118372129", "Hildegard Butze": "Q119626109", "Alison Purkiss": "Q121623635", "Margarita Bazyliuk": "Q124752180", "Marianne Aarnes": "Q124798964", "Margit Josephson": "Q125464279", "Liese Kianek": "Q125464365", "Barbara Chachlewska": "Q125464413", "Marie Schwendtbauer": "Q125501438"}