{"Zsuzsa Stenger": "Q95710428", "Claudia Kov\u00e1cs": "Q101090826", "Johanna Scholten": "Q104774381", "Emilie Pleskott": "Q104528411", "Cato Neeb": "Q122997893", "Nel Bronger": "Q123698404", "Lyubov Shaporina": "Q60584368", "Anna Fenclov\u00e1": "Q111328368", "Annette Osterlind": "Q113360655", "Nicole Groult": "Q3341056", "Greta Ekman": "Q16946250", "Georgette M\u00e9li\u00e8s": "Q99363771", "Manka Schack": "Q95978313", "Margaret Whistler": "Q3846891", "Amparo Brime": "Q64759163", "Kathleen Kay": "Q118958481", "Catherine Mary Dealy": "Q110729967", "Wanda Modzelewska": "Q106471895", "Tsuniya Mayer": "Q4274801", "Lilli Wolff": "Q110413926", "Barbora Did\u017eiokien\u0117": "Q12650373", "Ter\u00e9z Nagyajtai": "Q1214729", "Titina Rota": "Q63107305", "Lyudmila Blatova": "Q65012950", "Charlotte David": "Q122781187", "Pauline Lawrence": "Q106441134", "Elizabeth Mears": "Q106251139", "Antonia Olivares": "Q60395160", "Elly van Stekelenburg": "Q2499676", "Marie-H\u00e9l\u00e8ne Dast\u00e9": "Q3291876", "Isabel Acu\u00f1a": "Q47583394", "Yvonne Caffin": "Q55086581", "Maria Sukhova": "Q4447129", "Ilse Naumann": "Q6525123", "Leni Bauer-Ecsy": "Q19958921", "Mopsa Sternheim": "Q59529104", "Maria Slavinskaya": "Q16514662", "Sarra Mokil": "Q75838855", "M\u00e1ria Hamza Lehel": "Q1033455", "Piroska Laczkovich": "Q68880136", "Lotte Brill": "Q97601780", "Rosa Josephine Reynolds": "Q100878356", "Maria Siedmiograj": "Q11769144", "Dido Freire": "Q19899484", "Elma Milotte": "Q28567856", "Zoray Andrus": "Q105839391", "Manon Hahn": "Q1891000", "Elena Penescu Liciu": "Q50827580", "Hill Reihs-Gromes": "Q61440162", "Sofia Markovna Yunovich": "Q55105056", "Francine Corteggiani": "Q16169246", "Ada Skolmen": "Q22343757", "Marcelle Desvignes": "Q26720901", "Mar\u00eda Rosa Bendala Lucot": "Q64821393", "Luba Kvaliashvili": "Q76753541", "\u013dudmila Podobov\u00e1": "Q13371161", "Ekaterina Rizo": "Q94767588", "Galina Pyshkova": "Q123915303", "Halyna Khrystych": "Q12167865", "Era Savelyeva": "Q15303935", "Jadwiga Maziarska": "Q3809212", "Sl\u00e1vka Dole\u017ealov\u00e1": "Q101073430", "Iolanda Chen": "Q4511777", "Nada Lampret Souvan": "Q12797216", "Erna Sander": "Q1356110", "Gitt Magrini": "Q17350617", "Tone Bonn\u00e9n": "Q62081508", "Mariana Popova": "Q42789852", "Ottilie K\u00fcrschner": "Q1341564", "Nora Jeannette Polak": "Q107620686", "Marcella De Marchis": "Q1893269", "Maria Baronj": "Q3847149", "Hilde Preu\u00df": "Q98704375", "Kl\u00e1ra Szopos": "Q12350702", "Nina Luchina": "Q12119023", "Bo\u017eena And\u011blov\u00e1": "Q107456713", "Galina Nikolayevna Zakharova": "Q112989564", "Dagne Arnung": "Q101137749", "Richard A. Kelley": "Q107044711", "Katherine Winbergh": "Q55097257", "\u041c\u043e\u043d\u0433\u043b\u043e\u0432\u0441\u043a\u0430\u044f, \u0413\u0430\u043b\u0438\u043d\u0430 \u0421\u0435\u0440\u0433\u0435\u0435\u0432\u043d\u0430": "Q112989563", "Leslie D. Stroebel": "Q112423171", "Noor Bons-Dekker": "Q123165061", "Constance Wibaut": "Q19587534", "Jarmila Majerov\u00e1": "Q60694181", "Flora Capponi": "Q109688749", "Charlotte Flemming": "Q1067185", "Anna Hersk\u00f3": "Q1035735", "Helena M\u00fcllerov\u00e1": "Q95153674", "Lucia Vernarelli": "Q111744213", "Ursula Maes": "Q95699750", "Helen McGehee": "Q98844858", "Ebe Colciaghi": "Q64173661", "Jean Eckart": "Q24743234", "Rosana Pistolese": "Q19409502", "Eva Ebner": "Q1379168", "Milada Schmidtov\u00e1 \u010cerm\u00e1kov\u00e1": "Q60576588", "Tamara Poletika": "Q4369821", "Suzanne Durrenberger": "Q3505950", "Luca Crippa": "Q3838089", "Edith Schranz-Kunovits": "Q12346788", "Bruna Parmesan": "Q102314909", "Margit Kascs\u00e1k": "Q111630446", "Maria Rosa Valenza": "Q15449150", "Maleen Pacha": "Q1887110", "Brigitte Matschinsky-Denninghoff": "Q21470291", "Olga Filipi": "Q81526851", "Gaia Romanini": "Q11295843", "Annalisa Nasalli-Rocca": "Q95673874", "Marguerite Kelles": "Q107328062", "Amneris Latis": "Q117199128", "Francine Galliard-Risler": "Q55445598", "Joana Taujanskien\u0117": "Q16453401", "Lisette van Meeteren-de Mos": "Q124705229", "Rosemary Odell": "Q12015619", "Ofra Burla-Adar": "Q6595505", "Alice McGaughey": "Q110795542", "Elisabeth Urbancic": "Q1330331", "Maria Osiecka-Kuminek": "Q21288211", "Zdenka Hajdov\u00e1": "Q56871606", "Luciana Pensuti": "Q120241131", "Pina Patti Cuticchio": "Q116025589", "Epi Schl\u00fcsselberger": "Q105397410", "Nelly Merola": "Q12736495", "Irena N\u00fdvltov\u00e1": "Q95177904", "Veka Kokalj": "Q112117079", "Pj\u014fng-pok I": "Q112546379", "Florina Tomescu": "Q18548630", "Maya Merkel": "Q19754434", "Graziella Urbinati": "Q55219945", "Gertie Lindgren": "Q4962732", "Lidiya Novi": "Q4322586", "Christine Stromberg": "Q95198494", "Lora Lamm": "Q13534572", "Lidia Luludis": "Q18541582", "Johanna Weise": "Q52774879", "Ludmila Purky\u0148ov\u00e1": "Q94616943", "Sylvette Baudrot": "Q3507202", "V\u011bra \u0160tinglov\u00e1": "Q12002634", "Lucia Mirisola": "Q3838464", "Erzs\u00e9bet Mialkovszky": "Q84217286", "Rigmor Gnatt": "Q106789440", "Isabel Echarri": "Q23926208", "Anneli Qveflander": "Q11851692", "\u00c9va Po\u00f3s": "Q47506435", "Mimi Peetermans": "Q15713492", "Armon\u00eda Rodr\u00edguez L\u00e1zaro": "Q5704809", "Halina Dobrowolska": "Q21288103", "Elena Fortu": "Q12727492", "Jacqueline Moreau": "Q3157772", "Solange Legendre": "Q87275058", "Sibylle Geiger": "Q3960033", "Jean Hunnisett": "Q61721892", "Orietta Nasalli-Rocca": "Q121811093", "Barbara \u00d6berg Sj\u00f6gren": "Q16616198", "Elisabeth Schnell": "Q1330269", "Barbara Ptak": "Q9165549", "Tin Anders\u00e9n Axell": "Q95469501", "Lala M\u00e9ndez Mosquera": "Q62058527", "Stalina Rudko": "Q12149251", "Stela Drozdov\u00e1": "Q95170589", "Aline Elmayan": "Q110994240", "Ewa Starowieyska": "Q9256856", "Cynthia Tingey": "Q94753497", "\u0625\u064a\u0641\u0648\u0646 \u0645\u0627\u0636\u064a": "Q110820736", "Barbara Gailling": "Q56191443", "Judit Sch\u00e4ffer": "Q1286349", "Margrit Schlumpf-Portmann": "Q85102445", "Zsuzsa Vicze": "Q45901906", "Hor\u00e1nyi M\u00e1ria": "Q118342327", "Hanna Morawiecka": "Q109580973", "Vera Marzot": "Q26732196", "Stasi Kurz": "Q2333518", "\u00c9va Witz": "Q16523822", "\u0408\u0435\u043b\u0435\u043d\u0430 \u041f\u0430\u0442\u0440\u043d\u043e\u0433\u0438\u045c": "Q55200706", "Lili Petrova Dimkova": "Q112549221", "Ika \u0160komrlj": "Q61064743", "Jaroslava Nesvadbov\u00e1": "Q95466619", "B\u00e9atrice Tanaka": "Q59611707", "\u00c1gnes Szatm\u00e1ri": "Q16522902", "Fanni Kemenes": "Q16334710", "Levia Hon": "Q12408600", "Inez Tuschnerov\u00e1": "Q21559329", "Bo\u017eana Jovanovi\u0107": "Q104631155", "L\u00edvia M\u00e1tay": "Q1212553", "Bo\u017eena Les\u00e1kov\u00e1": "Q112399062", "Irma Orb\u00e1n": "Q12349381", "Ponchi Morpurgo": "Q111040187", "Ninette van V\u00fcchelen": "Q55626245", "Svitlana Novi": "Q12134306", "Santuzza Cal\u00ec": "Q3950123", "Lidmila \u0160varcov\u00e1": "Q95177740", "Nuscha Archer": "Q2005441", "Liza Zaimi": "Q60979085", "Gioula Gazetopoulou": "Q63853990", "Dietlinde Calsow": "Q88466823", "Inger Pehrsson": "Q4972259", "Barbara Miller": "Q107014683", "Shaila Rubin": "Q3959022", "Doris Borkmann": "Q18620585", "Martine Jeanneret": "Q115694582", "V\u011bra \u0158\u00ed\u010da\u0159ov\u00e1": "Q47009519", "Renate Aris": "Q125592335", "\u041d\u0456\u043d\u0435\u043b\u044c \u0422\u0440\u0430\u0444\u0456\u043c\u0430\u045e\u043d\u0430 \u0416\u044b\u0436\u0430\u043b\u044c": "Q124057160", "Pegge Hopper": "Q96581710", "Natalya Vasilyeva": "Q4104749", "Anja Dolenc": "Q12784703", "Liisi Tandefelt": "Q11875865", "Ingrid Zor\u00e9": "Q1663431", "Emma Porteous": "Q3052473", "Helena An\u00fd\u017eov\u00e1": "Q3129650", "Lucero Isaac": "Q3265124", "Irmhild Proft": "Q119527120", "Sabine Monirys": "Q104439519", "Alla Sapanovych": "Q12150574", "Maria Adamska": "Q56255357", "Yvonne Sassinot de Nesle": "Q3574225", "Iryna Boichuk": "Q30958499", "Mirjana \u010cipli\u0107 Kuruzovi\u0107": "Q65967102", "Eva-Lisa Nelstedt": "Q121559755", "Liina Pihlak": "Q26971770", "Scott Bushnell": "Q94739151", "Libu\u0161e Pale\u010dkov\u00e1": "Q57082766", "Jarmila K\u0159\u00ed\u017ekov\u00e1": "Q95221073", "L\u00ea Mai": "Q10787727", "Elena Mannini": "Q17285101", "Marion Cito": "Q95185107", "Vera Hernaez": "Q54912118", "Jane Peter": "Q17190943", "Teresa Barska": "Q21288081", "Mariann Wieber": "Q112554534", "Graziella Evangelista": "Q27966406", "Sofia Zarambouka": "Q16328568", "Mabi Helweg": "Q118113218", "J\u00falia Buisel": "Q95750325", "Irena Greifov\u00e1": "Q95112278", "Ingrid Lazarus": "Q56231304", "Eleonora Maklakova": "Q81029182", "Ji\u0159ina Langhammerov\u00e1": "Q29869912", "Olga Berluti": "Q28746320", "Ria Rettich": "Q2018981", "Junko Koshino": "Q11302043", "Natalya Kochergina": "Q4236704", "Lydia Gravani": "Q104880429", "Martin \u00c9va": "Q112728352", "Ieva Kundzina": "Q99479626", "Judit Papp": "Q20481567", "Monika von Zallinger": "Q95704739", "Elfi Mikesch": "Q1328532", "Jarmila Opletalov\u00e1": "Q95081101", "Alla Kozhenkova": "Q4226335", "Inge Roos": "Q121792604", "Birgitte Livbjerg": "Q29000906", "Margit Czenki": "Q24744466", "Elena Ricci Poccetto": "Q59266293", "Freusa Zechmeister": "Q106515800", "Tiiti Mendelin": "Q117715874", "Myrna Colley-Lee": "Q115796642", "Gunilla Algsj\u00f6": "Q115486876", "Renate Schmitzer": "Q87492622", "Maija Pekkanen": "Q11880552", "Claudie Gastine": "Q27962040", "Tina Johansson": "Q114239385", "Tiina Aunin": "Q50625637", "Birgit Hutter": "Q15905669", "Odette Nicoletti": "Q3880856", "\u00c1gnes Gyarmathy": "Q6637570", "Gunilla Str\u00f6mblad": "Q123825036", "Chlo\u00e9 Obolensky": "Q22695739", "Meta Ho\u010devar": "Q12796402", "Anna Roll": "Q4975282", "M\u00e1rta J\u00e1nosk\u00fati": "Q1102435", "Elena Doncheva": "Q55168564", "Lotte Dandanell": "Q19564528", "Gunilla Norlund": "Q113957662", "Alina Nesterovna Boednikova": "Q39040154", "Marija Vidau": "Q28860552", "Gerilyn G. Tandberg": "Q61949116", "Teresa Calafell": "Q22968510", "Ilona Freyer": "Q1659024", "Brigitte Heick": "Q56191841", "Ludmila Lojdov\u00e1": "Q51556337", "Annie Fournier": "Q104386904", "Gunta Randla": "Q16405666", "Jana B\u0159e\u017ekov\u00e1": "Q12023398", "Marie Wenigov\u00e1": "Q95368339", "Mette Knudsen": "Q1720705", "Maryvonne Herzog": "Q3296359", "Lujza Gecser": "Q1008797", "Monika Bauert": "Q56231303", "\u05e2\u05d3\u05e0\u05d4 \u05e1\u05d5\u05d1\u05d5\u05dc": "Q6877349", "Claudia Bobsin": "Q94741594", "Fran\u00e7oise Pillet": "Q52500558", "Regina B\u00e4tz": "Q56191446", "Birgitta Jansson": "Q112899186", "Kari Gravklev": "Q62708338", "G\u00f6rel Engstrand": "Q116855730", "Marie Frankov\u00e1": "Q95137352", "Inger Derlick": "Q22691207", "Ria M. De\u00e1k": "Q12354523", "Helena Dubov\u00e1": "Q95081023", "Beatriz di Benedetto": "Q95210675", "An Dorthe Braker": "Q95752546", "Tatiana Kova\u010devi\u010dov\u00e1": "Q112545834", "Judit Szekulesz": "Q112558327", "Leonie Polak": "Q94483649", "Natalya Polyakh": "Q15080471", "Barbara \u015ar\u00f3dka-Mak\u00f3wka": "Q9165687", "Eva Nor\u00e9n": "Q111433166", "Antonella Berardi": "Q22069317", "Anna Tam\u00e1s": "Q12345123", "Ellen Aanesen": "Q15673904", "Susana Rossberg": "Q21551816", "Dominique Borg": "Q3035007", "Angelika Kampmann": "Q1133264", "G\u00fclsen Tuncer": "Q6103469", "Medea Bakradze": "Q95197249", "Madla Hruza": "Q112466906", "Frida Parmeggiani": "Q1456137", "Tine Schwab": "Q64404420", "Eli\u0161ka Zapletalov\u00e1": "Q95153685", "Lena Hellman": "Q4953456", "Monika Jacobs": "Q95209974", "Ludmila Pavlouskov\u00e1": "Q95168569", "Katya Kompaneyets": "Q121464310", "Mette Benthien": "Q39141429", "Elisabeth Tavernier": "Q15448979", "Kalia Karasheva": "Q25597893", "Tordai Hajnal": "Q1322861", "Rita Forzano": "Q3937223", "Christine Olsen": "Q51124050", "Rita Geerts": "Q52489014", "Agn\u00e8s N\u00e8gre": "Q15448711", "Alessandra Cardini": "Q3609665", "Libu\u0161e Princov\u00e1": "Q95221074", "Natalia Yurevna Ivanova": "Q4196424", "Bodil Trier": "Q33437302", "\u0160\u00e1rka V\u00e1chov\u00e1": "Q95237854", "Marie-Jos\u00e9e Longchamps": "Q3291994", "Heidi Fischer": "Q47264609", "Frances Tempest": "Q4982300", "Fiona Alexander": "Q39192660", "Berit Marit H\u00e6tta": "Q47438716", "Mona Hafsahl": "Q112543571", "Zvonka Makuc": "Q86459846", "Ingeborg Kvamme": "Q51828666", "Zofia de Ines-Lewczuk": "Q9391906", "Heidi Wujek": "Q56231309", "Nicoletta D'Arbitrio": "Q55590199", "Lilly Grote": "Q48976059", "Ann-Margret Fyreg\u00e5rd": "Q19802186", "Dorine de Vos": "Q48798844", "Halina Witek-Glimmerveen": "Q61653608", "Ren\u00e9e Zonnevylle": "Q52615733", "Annette Beaufa\u00ffs": "Q95189767", "Breda Varl": "Q66361207", "Helene Hohensee": "Q95189538", "Hella de Jonge": "Q1968126", "\u0160\u00e1rka Hejnov\u00e1": "Q95233630", "Lena Stivell": "Q4980528", "Philly Abe": "Q110832921", "Lyudmila Ryumina": "Q4402261", "Zdena Mannov\u00e1": "Q121381295", "Anne-Sophie Denny": "Q114443834", "Renata Schussheim": "Q9067994", "Mary E. Vogt": "Q3850454", "Kjersti Alver": "Q16164032", "Danai Anesiadou": "Q52622909", "Ana\u00ebl Snoek": "Q54833951", "Nathalie Raoul": "Q55340979", "Carine Sarfati": "Q56072330", "Dunya Ramicova": "Q63969864", "Christinna Chauncey": "Q64729896", "Joe Anna Arnett": "Q94286817", "Beritta Markkula": "Q114095621", "M\u00e1ria Bal\u00e1zs": "Q114841810", "Zsuzsanna Zsur\u00e1fszkyn\u00e9 Vincze": "Q118275948", "Ma\u0142gorzata Braszka": "Q21288089", "Marika Dan\u010d-Roth": "Q124549261", "Lena Selander": "Q98755434", "Tamara Wyss": "Q22927259", "An De Donder": "Q47465633", "Ewa Krauze": "Q20640094", "Denise Stoklos": "Q10265096", "Kira Perov": "Q95842041", "Magdalena Biedrzycka": "Q11766007", "Olga Hr\u010dkov\u00e1": "Q126181288", "Paola Comencini": "Q3893543", "Colette Huchard": "Q2982496", "Magda Weigertov\u00e1": "Q95181507", "Laila Holm": "Q22283608", "Tessa Lute": "Q52493214", "Anna Teresa Pietraszek": "Q9155759", "Gabriela Nicolaescu": "Q18544368", "Coni Vera": "Q28465815", "Anna Viebrock": "Q563521", "Siti Fauziah": "Q52634440", "Barbara Adler": "Q67621708", "Svetla Ganeva": "Q105581533", "Inger Hallstr\u00f6m Stinnerbom": "Q116883893", "Ma\u0142gorzata Bundzewicz": "Q11772239", "Mariaelena Roqu\u00e9": "Q70123326", "Nuria Juncosa": "Q7070119", "Zenoviya Shulha": "Q65212076", "Nan\u00e0 Cecchi": "Q3870189", "Tetiana Piddubna": "Q12145988", "Svetlana Zinoveva": "Q12107296", "Ileana Mulet Batista": "Q54318927", "Mirjam Quinte": "Q23653335", "Ulrika Ritter": "Q113261019", "Suzanne Gallo": "Q52556429", "Zebo Nasirova": "Q109266328", "Chattoune": "Q2961535", "Christine Berg": "Q2965882", "Colette Baudot": "Q2982462", "Ea Sola": "Q3046305", "Ginette Magny": "Q3106735", "Julie Mauduech": "Q3189241", "Lissa Pillu": "Q3242603", "Louise Mingenbach": "Q3263796", "Marie Dumora": "Q3292494", "\u00c9lise Ancion": "Q22284333", "Catherine Gorne-Achdjian": "Q28746321", "Leah Lieber": "Q28952283", "Jackie Budin": "Q29525718", "Marie-Claude Altot": "Q29525841", "Beatrijs Lauwaert": "Q52603522", "Marjeta Cvetko": "Q65945061", "Lia Morandini": "Q3831518", "Jana Zborilova": "Q64173920", "Lourdes de Ordu\u00f1a": "Q88223523", "Anne Jud Hallauer": "Q56191437", "Kersti Vitali": "Q102111758", "Lora Marinova": "Q25864286", "Ma\u0142gorzata Ob\u0142oza": "Q100592219", "Jitka Hilsk\u00e1": "Q95215848", "Hope Hanafin": "Q25661474", "Satu-Marja Nygren": "Q30174453", "Montse Amen\u00f3s i Garc\u00eda": "Q11937507", "Karin Albers": "Q23559598", "Miriam Guretzki": "Q86007374", "Zita Miklo\u0161ov\u00e1": "Q112373491", "Reinhilde Condin": "Q114588907", "Solweig von Kleist": "Q3489692", "Cordula Albrecht": "Q95746069", "Eva L\u00f3pez S\u00e1nchez": "Q3061266", "Adrienne Horv\u00e1th": "Q16520504", "Zuzana Bukovinsk\u00e1": "Q106281642", "Marjatta Nissinen": "Q63349336", "Helvi Treffner": "Q123499212", "Barbara Klein": "Q807503", "M\u00f3nica Toschi": "Q105396707", "Margrethe Rasmussen": "Q111975542", "Marie Morel": "Q3292705", "Rona Doron": "Q12411278", "Maria Strid": "Q73985080", "Liisa Helander": "Q47482835", "Natalya Moneva": "Q92611223", "Sne\u017eana Kova\u010devi\u0107": "Q110046412", "Livia Ante": "Q51104945", "Ana Zelich": "Q19997766", "Yekaterina Shapkayts": "Q4520234", "Virginia Vianello": "Q4014503", "Carina Dalunde": "Q114078027", "Mette Bus": "Q24810338", "Karin Westerlund": "Q4990373", "Mar\u00eda Luisa Garc\u00eda": "Q3296455", "Laura Beaumont": "Q22990901", "Erzs\u00e9bet R\u00e1tkai": "Q14943383", "N\u00f3ra Csel\u00e9nyi": "Q65218658", "Ermanna Montanari": "Q3731895", "\u00c9va Stache": "Q20481552", "\u013dudmila V\u00e1rossov\u00e1": "Q13371163", "Grazyna Orlinska": "Q11701364", "Val\u00e9rie Pozzo di Borgo": "Q77830701", "Tresz Zsuzsanna": "Q124595364", "Rita Hendriks": "Q52557073", "No\u00eblle Mesny-Deschamps": "Q35684988", "Enrica Biscossi": "Q95746658", "Marina Kurchevskaya": "Q39386913", "Jana Prekov\u00e1": "Q99394069", "Runa F\u00f8nne": "Q22342713", "Gerd Zoe Christiansen": "Q64358628", "Lala Huete": "Q69585191", "Jill Taylor": "Q91328100", "Margot Wilson": "Q95188474", "Anamarie Michnevich": "Q95752148", "Dominique Lemieux": "Q24577836", "Yvonne Tratz": "Q50506480", "Siri Langdalen": "Q25429062", "Alena Sch\u00e4ferov\u00e1": "Q95401126", "Susanna Rafstedt": "Q113152347", "Beatrice Scarpato": "Q18676669", "Ines Arnemann": "Q104213650", "Kicki Ilander": "Q4955606", "Ilona Darvasi": "Q902289", "Iva Ouhrabkov\u00e1": "Q95464733", "Livia Borgognoni": "Q89676810", "Sabine K\u00fcckelmann": "Q27679562", "Matija Vuica": "Q16113632", "Greet Vissers": "Q52554622", "Carolien Scholtes": "Q52618229", "Katrin Brack": "Q1642189", "Marina Yee": "Q2489357", "Kathrine Tolo": "Q22269429", "Ginette Noiseux": "Q100450673", "Beatrix Aruna Pasztor": "Q69885301", "Cecilia Norborg": "Q113261008", "X\u00e9nia Hoffmeisterov\u00e1": "Q28008160", "Kathleen Detoro": "Q22236608", "Merel van Meurs": "Q109587971", "Marijke Pinoy": "Q2781686", "Elizabeth Sagan": "Q101243399", "Myriande Heller": "Q23059553", "Esther Walz": "Q69820146", "Andrea Goic": "Q16300778", "Anne Jendritzko": "Q95189296", "Andrea Rauschenbusch": "Q494884", "Dianna Cilliers": "Q3706779", "Sandra Sila": "Q61122166", "Cian Bornebusch": "Q18237844", "Evg\u00e9nia Sarkisian": "Q17628023", "Charlott Axenstr\u00f6m": "Q113463786", "Reet Loderaud": "Q125399825", "Maria Knilli": "Q15833880", "Erzs\u00e9bet Kalbert": "Q15233529", "LeeAnn Ledgerwood": "Q1811679", "Karin Kaper": "Q19847888", "Paola Nazzaro": "Q3893605", "Mich\u00e8le Anne De Mey": "Q1355948", "Catarina Schiller": "Q113646328", "Ute Paffendorf": "Q85188019", "Karin Jurschick": "Q26214142", "Daria Zavialova": "Q4183354", "Erika Navas": "Q23933659", "Hedvig And\u00e9r": "Q114413710", "Emita Frigato": "Q3724605", "Carly Everaert": "Q29585919", "Myriam Blais": "Q70238364", "Julia Stoess": "Q95734838", "Florence von Gerkan": "Q109172", "Ay\u015fe T\u00fct\u00fcnc\u00fc": "Q793413", "Lulu Gargiulo": "Q111539902", "Ev\u017eenie R\u00e1\u017eov\u00e1": "Q111286096", "Adriana Grand": "Q12720045", "\u0422\u0430\u0446\u0446\u044f\u043d\u0430 \u0412\u0456\u0442\u0430\u043b\u044c\u0435\u045e\u043d\u0430 \u041b\u0456\u0441\u0430\u0432\u0435\u043d\u043a\u0430": "Q117249610", "Dorota Roqueplo": "Q9210238", "Karin Vyncke": "Q3193261", "Alexandra Pohlmeier": "Q27967493", "Heidi Von Paleske": "Q64764908", "Paola Bizzarri": "Q3893529", "Jennifer Goldsmith": "Q98156846", "Stine Gudmundsen-Holmgreen": "Q107877954", "Martine Doyen": "Q27757140", "Lisbeth Narud": "Q55606099", "Katriina Pajunen": "Q61668951", "Kristin Bredal": "Q67205968", "Marie Flyckt": "Q33001481", "Tereza Mavika": "Q28499031", "Fulvia Zudi\u010d": "Q113686951", "Angelika Levi": "Q85948328", "Sanne Danz": "Q29560589", "Karin Lohr": "Q100439438", "Irina Uralskaya": "Q95710096", "Irina Kuznetsova": "Q4245105", "Anne Berit Vestby": "Q4768165", "Ann Huybens": "Q52601160", "Lee Meily": "Q71469520", "Dorothea Carl": "Q27862172", "Veronika Ringbom": "Q50736055", "Hanneke Paauwe": "Q52499979", "Anne Frank": "Q106898038", "Magdalena Rutkiewicz-Luterek": "Q21288229", "Nadezhda Vasilyeva": "Q20066188", "Claudia Triozzi": "Q2978440", "Anna Maria Meo": "Q76494190", "Elizabeth Czerczuk": "Q52063429", "Francesca Romana Salvi": "Q3749447", "Ana Alvargonzalez": "Q66990833", "Lotta Geffenblad": "Q4949706", "Natascha Curtius-Noss": "Q63831228", "Tatyana Patrakhaltseva": "Q106767302", "Muriel Gerstner": "Q1953713", "Nathalie David": "Q95189913", "Blanca Calvo": "Q124381977", "Martina Fluck": "Q97594", "Pia Pesonen": "Q11887902", "Dorothea Grie\u00dfbach": "Q29379165", "Catherine Lefebvre": "Q52603724", "Lolita Monga": "Q96619697", "Svitlana Biletska": "Q20065913", "Anna Scarpulla": "Q22116807", "Simona Ryb\u00e1kov\u00e1": "Q104804357", "Viola Laske": "Q66052166", "Olha Honobolina": "Q4143103", "Katar\u00edna Holl\u00e1": "Q66761061", "Nicole Rutten": "Q48805727", "Enrica Barbano": "Q61413095", "Marjorie Assani-Vignau": "Q125960302", "Jennifer Butler": "Q107746615", "Pia Wallin Papagiannopoulou": "Q110616198", "Elke Scheuermann": "Q1277630", "Stefanie Bieker": "Q84599289", "Fr\u00e9d\u00e9rique Leroy": "Q3090388", "Susy G\u00f3mez": "Q15909278", "Marija Mojca Punger\u010dar": "Q22920887", "An D'Huys": "Q52487084", "Ilse Vermeulen": "Q52610989", "Florence Fontaine": "Q53618133", "Bettina Borgfeld": "Q63030311", "Nicole Fischnaller": "Q81480309", "Iris Czienskowski": "Q83795584", "Francesca Bocca": "Q89685741", "Katharina Sigwart": "Q95189231", "Elina Kolehmainen": "Q111445099", "Margaret Mitchell": "Q112457907", "Isabelle Casez": "Q21457372", "Sibylle Dahrendorf": "Q37856667", "Merc\u00e8 Paloma i S\u00e1nchez": "Q61623104", "Annika St\u00f6dberg": "Q95684535", "\u0415\u043b\u0435\u043d\u0430 \u0412\u044f\u0447\u0435\u0441\u043b\u0430\u0432\u043e\u0432\u043d\u0430 \u0414\u0435\u043c\u0438\u0434\u043e\u0432\u0430": "Q124134525", "Moa Li Lemhagen Schalin": "Q4961685", "Anna \u00c5gren": "Q113379134", "Elisabeth Prandi Chevalier": "Q91119038", "Hannie van den Bergh": "Q52623853", "Andrea Nagy": "Q15900053", "Sylvia van Opstall": "Q22668961", "Muriel Coulin": "Q27513138", "Anna Maria Sambucco": "Q66088100", "Anette Guther": "Q95189377", "Simone B\u00e4r": "Q95192076", "Florence Sadaune": "Q28952310", "Eva Mols": "Q52635939", "Grit Lemke": "Q77399406", "Linda Brunelle": "Q106021920", "Maria Bolme": "Q4939912", "Petra Kilian": "Q23854242", "Ivana Br\u00e1dkov\u00e1": "Q104814976", "Britta Becker": "Q920674", "Nathalie Leborgne": "Q3336624", "Katrin Schl\u00f6sser": "Q28806347", "Donata Wenders": "Q108222", "Elena Wegner": "Q95653160", "Silvina Landsmann": "Q19205868", "Debra Pugh": "Q96314895", "Julie Rae Engelsman": "Q29476982", "Virginie Saint-Martin": "Q69653970", "Gesine V\u00f6llm": "Q19965043", "Elli Papageorgakopoulou": "Q60732831", "Kerstin Drechsel": "Q83630730", "Esther Amuser": "Q95186342", "Gabriela Gwisdek": "Q99540936", "Marija Havran": "Q112540168", "Dorine van IJsseldijk": "Q29574173", "Breda Kralj": "Q124663638", "Kitty Stuckey": "Q32904857", "Nataliya Zhvanetsky": "Q101239209", "Wiebke Kratz": "Q80266948", "Janne Busse": "Q95196780", "Marija Solovjeva": "Q106188199", "Annemie Maes": "Q2749041", "Lotta Nordwall-Westerstr\u00f6m": "Q114226783", "Anne-Gret Oehme": "Q95666484", "Nina Sandstr\u00f6m": "Q108121114", "Geli Albaladejo": "Q5876635", "Jo Katsaras": "Q25288774", "Clara Ahlstr\u00f6m": "Q112291875", "Jessica Lundeberg": "Q75196085", "Ingrid von Wantoch Rekowski": "Q3150993", "Wiltrud Baier": "Q21246906", "Mateja Medvedi\u010d": "Q59558796", "Simonetta Mariano": "Q95201803", "Natasha Dudinski": "Q95697201", "Jakobine Motz": "Q61990207", "Katrin Hoffmann": "Q114614746", "Annette Kurz": "Q566630", "Sigrun K\u00f6hler": "Q21246878", "Maja Ravn": "Q19721194", "Kl\u00e1ra \u010cul\u00edkov\u00e1": "Q95401172", "Helo\u00edsa Passos": "Q10294584", "Judith van den Berg": "Q97398307", "Taina Valkonen": "Q24827501", "Elwira Pluta": "Q21499704", "Cathrine Asmussen": "Q2942170", "Carmen Mariscal": "Q21294597", "Susan Gluth": "Q22132646", "Anne Pedersen": "Q22279866", "Nuria Villaz\u00e1n Mart\u00edn": "Q47509530", "Cath\u00e9rine Claey\u00e9": "Q52483809", "Magdalena Musial": "Q52610604", "Inbal Shuki": "Q111262243", "An Vandevorst": "Q53115453", "Krist\u012bne Jurj\u0101ne": "Q99476644", "Fr\u00e9d\u00e9rique Barkoff": "Q108809600", "Tanja Grunwald": "Q17482550", "Jeanette Klintberg": "Q109072293", "Justine Maurer": "Q45163432", "Mame Fagueye B\u00e2": "Q113681153", "Jutta Pohlmann": "Q1714641", "Krisztina Benk\u0151": "Q52555145", "Astrid Heubrandtner": "Q24040252", "Anna Sv\u00e4rdendahl": "Q111423632", "Dorota Ignatjew": "Q97159572", "Ewa \u0141ow\u017cy\u0142": "Q102077612", "Alexandra Gruskova": "Q12762118", "Isabelle Brou\u00e9": "Q15973972", "Chiemi Karasawa": "Q65048639", "Svetlana Bondarchuk": "Q4093262", "Simone Grau Roney": "Q73984290", "Christine A. Maier": "Q21032180", "Anke Lohrer": "Q26235897", "Alexandra Kordes": "Q32885293", "P\u00e9 Vermeersch": "Q52497280", "Jasmina Fer\u010dek": "Q65718186", "Regina H\u00f6llbacher": "Q95730641", "Kathrin Plath": "Q95748188", "Katrin Nottrodt": "Q1736733", "Rosette Ghaderi": "Q5955387", "Carla Teti": "Q15791123", "M\u00f3nica Guacaneme": "Q111727375", "Ene-Liis Semper": "Q16404450", "Sonja Rom": "Q2301718", "Sophie de Rakoff": "Q24806995", "Dorota Budna": "Q23059238", "Rosslynn Taylor": "Q7369891", "Sonu Mishra": "Q107927449", "Clauida Sarne": "Q29583272", "Cynthia Zaven": "Q20752411", "Ann Van den Broek": "Q47465631", "Antonia Baehr": "Q52624149", "Silvia Nebiolo": "Q59245592", "Coreen Mayrs": "Q66735878", "Claudia Unger": "Q67763025", "Sylvie Hohlbaum": "Q95186560", "Anna Waszczyk": "Q95669639", "Zuzana Bambu\u0161ek Krejzkov\u00e1": "Q95699020", "Renate Boere": "Q113583776", "Sara Mazkiaran": "Q47507136", "Fiore Argento": "Q547402", "Nata\u0161a Recer": "Q12797333", "Lena Aspemar": "Q116546780", "Anne-Lise Koehler": "Q24934007", "Marie-Line Landerwijn": "Q114674217", "Valentina Taviani": "Q84418131", "Ayano Koshiro": "Q11410909", "Cilla R\u00f6rby": "Q4976351", "Sandra Steffl": "Q1682409", "Jana Patkov\u00e1": "Q95240969", "Anja Vang Krag": "Q115349439", "Rikke Simonsen": "Q115131920", "Nancy Baumann": "Q1964468", "\u00c9milie Chedid": "Q3588842", "Stanislava Vauda Ben\u010devi\u010d": "Q114043894", "Yashi Tabassomi": "Q23566162", "Bettina Herzner": "Q43455374", "Rosie Stapel": "Q61157399", "Jana Dole\u017ealov\u00e1": "Q63790622", "Alex Kavanagh": "Q69911045", "Brune Compagnon-Debouverie": "Q62393895", "In\u00eas Carvalho": "Q113004316", "Anni F\u00fcz\u00e9r": "Q74171957", "Joanna Kaczynska": "Q21288141", "Anu Lensment": "Q115788703", "Bernadette Paa\u00dfen": "Q1532282", "Anja Philip": "Q33082590", "Elena Vannoni": "Q3721510", "Jasna Vastl": "Q52609767", "Monika Buttinger": "Q23930300", "Melissa Bruning": "Q106157330", "Valentina Scalia": "Q4007717", "Phia Hokkanen": "Q113342713", "Petra Verzichov\u00e1": "Q106399790", "Halina Kratochwil": "Q19502465", "Laura Lehmus": "Q25858104", "Eleni Manolopoulou": "Q60732830", "M\u00edriam Piquer": "Q110830883", "R\u00e9ka Kincses": "Q20479571", "Christine Aufderhaar": "Q1083408", "Zoya Kireyeva": "Q4221223", "Sophia Olsson": "Q65116634", "Ioana Albaiu Reti": "Q107195517", "Renate Oblak": "Q114832718", "Ghislaine Herb\u00e9ra": "Q68343553", "Sara De Bosschere": "Q14310325", "Ieva Jurjane": "Q55285874", "Mark\u00e9ta Fantov\u00e1": "Q112545550", "Ivana Gargiulo": "Q59267830", "Jennifer Schaefer": "Q106024564", "Anna Lundgren": "Q113342670", "Linda V\u00e4strik": "Q4984932", "Mia Stensgaard": "Q18964177", "Christine Ludwig": "Q96484335", "mr. Pam": "Q6929086", "Jo Sang-gyeong": "Q24867107", "Elsa Pharaon": "Q44741927", "Justina Klimczyk": "Q89676965", "Sorrel Athina Jardine": "Q95186642", "Janina Audick": "Q1682745", "Verena Endtner": "Q2515245", "Iir Hermeliin": "Q16405766", "Magda Rosa Galb\u00e1n": "Q22988114", "Martina Ivars": "Q114774824", "Larissa Giroux": "Q67878783", "M\u00e1ria Tak\u00e1cs": "Q21605374", "Emilie Timmermans": "Q52771627", "Malini Ahlberg": "Q113182198", "Nana Yuriko": "Q18607887", "Maija Bl\u00e5field": "Q99041018", "Eva K\u00f6nnemann": "Q95199081", "Christina Kouloumpi": "Q97071253", "Phie Ambo": "Q12331796", "Clara van den Broek": "Q27042976", "Leena Koppe": "Q27825491", "Silke Wilrett": "Q43199522", "Alexandra Fuchanska": "Q102347117", "Marina Gornostajeva": "Q112467100", "Jana Marsik": "Q1682513", "Julia Willms": "Q52774966", "Ulrika Sj\u00f6lin": "Q73985005", "Camilla Hjelm Knudsen": "Q38054965", "Isabelle Cornaro": "Q55235943", "Dariya Rasheyeva": "Q12147078", "Piret R\u00e4ni": "Q61111825", "Anna Brooks": "Q6453773", "Pia Aleborg": "Q56460428", "Fruzsina Nagy": "Q52610889", "Malin Fornander": "Q107630745", "Ninya Mikhaila": "Q59342252", "Gitte Malling": "Q95653017", "Christina Lovery": "Q22281884", "Arantza Diez": "Q24718172", "Sandra Hacker": "Q33035207", "Taka Shamoto": "Q52637234", "Kamila Pol\u00edvkov\u00e1": "Q86594372", "Christina Kalbari": "Q94561615", "Tamuna Karumidze": "Q95186611", "Risa Chiappori": "Q105306423", "Kathrin Krottenthaler": "Q112549194", "Vikt\u00f3ria Nagy": "Q114068580", "Randa Chahoud": "Q1538701", "Julia Born": "Q1711821", "Ann Holmgren": "Q4954546", "Met Salih": "Q99466414", "Kl\u00e1ra Trencs\u00e9nyi": "Q56233497", "Clara Montagut": "Q106942255", "C\u00e9line Bozon": "Q1150385", "B\u00e1ra \u010cechov\u00e1": "Q112398414", "\u00c5sa Kostenniemi": "Q112846507", "Silja Clemens": "Q1287295", "Urszula Pontikos": "Q40046298", "Anne-Ga\u00eblle Daval": "Q28872958", "Bikimel": "Q11909368", "Stephanie Hardt": "Q60523877", "Annie Ranger": "Q84685106", "Leona Goldstein": "Q95190615", "Camille Delafon": "Q95749922", "Leonor Noivo": "Q105724906", "Taina Galis": "Q112463516", "Katar\u00edna Holkov\u00e1": "Q112533780", "Efthymia Zymvragaki": "Q125303948", "Maarja Tali": "Q16405935", "Ruth Joos": "Q14292024", "Mayou Trikerioti": "Q88186890", "Eva Ji\u0159ikovsk\u00e1": "Q112549814", "Dariela Ludlow": "Q104765266", "Nathalie Schulten": "Q27981176", "Judit Varga": "Q96989982", "Sylva Markov\u00e1": "Q97924879", "Sabine Hilscher": "Q98960125", "Melissa Parmenter": "Q111343201", "Bernadette Weigel": "Q117211793", "Anne Misselwitz": "Q19776333", "Emma Rosa Simon": "Q29508882", "Barbara Lubich": "Q47528502", "Katleen Vinck": "Q52497500", "Christina Karliczek": "Q95705204", "Liina Unt": "Q17447226", "Annemarie Lean-Vercoe": "Q106317475", "Karimouche": "Q3193236", "Isabel Ruiz Ruiz": "Q104713669", "Petra Korner": "Q112461118", "Teresa Renn": "Q41615879", "Lisbeth Gruwez": "Q4150430", "Deniz Ayd\u0131n": "Q86094950", "Elif Melda Y\u0131lmaz": "Q6054835", "Meike Stangier": "Q95728077", "Sara Broos": "Q5587521", "Caroline Deruas": "Q15407996", "Katharina Diessner": "Q95189906", "Jennifer G\u00fcnther": "Q95688259", "Barbora St\u0159\u00edteck\u00e1": "Q112397238", "Arantxa Ezquerro": "Q122914294", "Katrien De Ruysscher": "Q2686670", "Gessan Enriquez": "Q5553633", "Christiane Schmidt": "Q19828488", "Miet Warlop": "Q52497586", "Janna Ji Wonders": "Q84266650", "Vanessa Le Reste": "Q3554538", "Sabien Clement": "Q47498472", "Lenka \u0160ikulov\u00e1": "Q95192838", "Minka Jakerson": "Q70973222", "Veronika Albert": "Q24036516", "Denise \u00d6stholm": "Q73992190", "Urszula Bartos-G\u0119sikowska": "Q9367156", "Radka Kamenick\u00e1": "Q95108704", "Patricia Fern\u00e1ndez": "Q6066485", "Hale \u0130\u015fsever": "Q6087565", "Frida Wendel": "Q73985229", "Gagga Jonsdottir": "Q114437000", "Johanna H\u00f6gman": "Q112805634", "Anna Falgu\u00e8res": "Q70818022", "Virginie Surdej": "Q55340978", "Julia Weingarten": "Q20978609", "Dieuweke van Reij": "Q52774112", "Nadja Caroline Heidinger": "Q95189484", "Elke Lehrenkrauss": "Q95189719", "Katrin Connan": "Q109588894", "Anna Molins Garcia": "Q109772733", "Patricia Ortiz Mart\u00ednez": "Q112446172", "Sibylle Wallum": "Q114796069", "Sabina \u0110ogi\u0107": "Q124662695", "Can Erdogan-Sus": "Q1031839", "Victoria Behr": "Q15445940", "Manah Depauw": "Q19629886", "Angela Steffen": "Q28194310", "Miriam Tr\u00f6scher": "Q60867021", "Karin Ekberg": "Q18238537", "Marina Zeising": "Q85305750", "Paula Varis": "Q97195802", "Astrid Schult": "Q750816", "Florencia Di Concilio": "Q6457629", "Jitka Nejedl\u00e1": "Q95093941", "Ula Shebchuv": "Q12403538", "Bouchra Ouizguen": "Q30727165", "Isabelle Pannetier": "Q50825924", "Loa Bie": "Q56612223", "Nini B\u00e9langer": "Q96656950", "Marie B\u00e9land": "Q105454404", "Adiva Koenigsberg": "Q115383232", "Anna Salzberg": "Q119560558", "Julia Daschner": "Q25570643", "Annemieke Swinkels": "Q52620296", "Andrea Kalinov\u00e1": "Q106778873", "Iva N\u011bmcov\u00e1": "Q95181718", "Julie Sarperi": "Q123046088", "Viktoriya Efimova-Shestakovskaya": "Q118780262", "Natalia Vikhryan": "Q60404557", "Sofie Cederstr\u00f6m": "Q113249984", "Sara Quin": "Q9333819", "Petra Ku\u010derov\u00e1": "Q46921375", "Charlotte Alfredson": "Q115762016", "Gabriela Betschart": "Q19776477", "Eva Katharina B\u00fchler": "Q37767440", "Julie Van den Berghe": "Q52554133", "Cathy Weyders": "Q52613885", "Melanie G\u00e4rtner": "Q60370961", "Azra Mehi\u0107 Dolberry": "Q80169702", "Anke Winckler": "Q80267516", "Vashti Anna Gleave": "Q88600291", "Marta Grau Rafel": "Q93879633", "Martha Atienza": "Q107265279", "Anna Sanmart\u00ed i Bar\u00f3": "Q110628051", "Kaltrina Krasniqi": "Q114796185", "Christine Verheyden": "Q18015303", "Carla Muresan": "Q19772452", "Lotta Kilian": "Q22813279", "Aino Laberenz": "Q406072", "Martina Eisenreich": "Q1905415", "Miona Bogovi\u0107": "Q95189368", "Ashley Bank": "Q111828029", "Julia Newmann": "Q89949787", "Marta Bazaco": "Q110821701", "Heidi Hawkins": "Q16562959", "Laura Beth Love": "Q64573649", "Elen Lotman": "Q108505189", "Lavinia Bonsignore": "Q110994114", "Tari Segal": "Q34545249", "Johanne Eggert": "Q12320028", "Lane Sch\u00e4fer": "Q19595620", "Pantea Lachin": "Q27114121", "Sabine Panossian": "Q60526086", "Tamara Erde": "Q61725716", "Haruka Misawa": "Q63958941", "Julia Zakia": "Q87574054", "Nicole Wegner": "Q95189061", "Sarah Raible": "Q95189444", "Anna W\u00fcbber": "Q95737522", "Nina Gr\u00f8nlund": "Q96106968", "Kim Hertogs": "Q1881851", "Malwina W\u0119dzikowska": "Q90485009", "Romy Zagora": "Q95187854", "Leonie Leuenberger": "Q95187939", "Anna Schenk": "Q95189204", "Lea Glob": "Q37493242", "Lis Dyre": "Q70967950", "Zuzana Nov\u00e1kov\u00e1 Hilsk\u00e1": "Q95148727", "Jone Novo": "Q106880921", "Ildik\u00f3 Tihanyi": "Q65216692", "Pauline Bourdon Pillot": "Q95185315", "Julia Ocker": "Q38053791", "Meryem Yavuz": "Q23747440", "Sara Fattahi": "Q51342940", "Jana K\u00e4sdorf": "Q87059048", "Teresa Grosser": "Q95188347", "Anna Baranowski": "Q95189210", "Lara Vilanova": "Q106145530", "Rosa Tharrats Oliva": "Q106393761", "Rain Li": "Q108296930", "Genevieve Leclerc": "Q113377709", "Silvia Gajdo\u0161\u00edkov\u00e1-Belis": "Q26868424", "Kelly Schacht": "Q52502046", "Ita Zbroniec-Zajt": "Q73985303", "Vendi Juki\u0107 Bu\u010da": "Q117963778", "Katarina Schremmer": "Q95210822", "Anggia Kharisma": "Q97455332", "Anna Matison": "Q7510890", "Iulia Lum\u00e2nare": "Q69893036", "Iolanda Puga Mu\u00f1oz": "Q112573657", "Vanja Sandell Billstr\u00f6m": "Q16596265", "Zuzana Petr\u00e1kov\u00e1": "Q95227166", "Anneliese Neudecker": "Q19885626", "Isabelle Tollenaere": "Q61725723", "M\u00f3nica Baptista": "Q81153545", "Regina Welker": "Q88281790", "Luise Schr\u00f6der": "Q95199337", "Sandra Sztevanovity": "Q95728068", "Rayna Savrosa": "Q110220719", "Sara Gianassi": "Q112506394", "Asuka Kuga": "Q44178591", "Maja Stace-Smith": "Q66735847", "Donya Rad": "Q116764760", "Kristina L\u00f5uk": "Q110751573", "Anna Drubich": "Q28867175", "Anggi Frisca": "Q108487171", "Inga Apine": "Q42269437", "Marta Passarini": "Q123054570", "Martina Eignerov\u00e1": "Q108470837", "Carolina Costa": "Q117834553", "Laura Herrero": "Q27045037", "Mara Henni Klimek": "Q29995026", "Agn\u00e8s Pe": "Q47509536", "Francy Fabritz": "Q60485057", "Hristiana Raykova": "Q61790348", "Ginevra De Carolis": "Q79446238", "Constanze Schmitt": "Q95199016", "Theresa Mau\u00e9": "Q95210969", "Kerttu Hakkarainen": "Q117303558", "Ainara Vera": "Q72998392", "\u0422\u0430\u0442\u0438\u0448\u0432\u0438\u043b\u0438, \u041d\u0430\u043d\u0430 \u041d\u0438\u043a\u043e\u043b\u0430\u0435\u0432\u043d\u0430": "Q4452583", "Carmen Treichl": "Q95709541", "Min Hee Bervoets": "Q51752939", "Agnes \u00d6stergren": "Q100157102", "Eva Torsvall": "Q113197666", "Karin Venhauerov\u00e1": "Q95157314", "Florencia Martin": "Q116907469", "Monika Plura": "Q20200351", "Joana Pimenta": "Q26912027", "Pia Lenz": "Q28919376", "Anna Hawliczek": "Q60563200", "Sion Kim": "Q95198946", "Tereza Kopeck\u00e1": "Q112471232", "Juli Bal\u00e1zs": "Q28722175", "Frida Sundemo": "Q12014088", "Sarah Jones": "Q110165214", "Sandra Woltersdorf": "Q110253787", "Kai Lanette": "Q122227769", "Pryscila Dias": "Q109794299", "Manuela Bastian": "Q28064121", "Nea Asph\u00e4ll": "Q56558122", "Victoria Mas": "Q67197544", "Aleksandra Adamczuk": "Q82682445", "Carolina Steinbrecher": "Q95652433", "Kaori Oda": "Q96104294", "Arianna Gim\u00e9nez Beltr\u00e1n": "Q111133283", "Tarah New": "Q126012724", "Y\u016bko Ikeda": "Q11552128", "Anne-Kathrin Dern": "Q50839335", "Claudia Schr\u00f6der": "Q95652030", "Leah Latham": "Q24574559", "Elvy Yost": "Q23995159", "Priya Goswami": "Q50390871", "Lisa Verbelen": "Q52554537", "Loisa Sasek": "Q110246938", "Mari Lotherington": "Q123368860", "Stephanie St\u00e5l Axelg\u00e5rd": "Q71002331", "Victoria Park": "Q91474585", "Henriette H\u00fcbschmann": "Q95204498", "Alexandra Carastoian": "Q87834750", "MICO": "Q108151130", "Maddi Barber": "Q68097895", "Kanae Higashi": "Q26043066", "Cecilia Bozza Wolf": "Q48839736", "Catherine Pattinama Colemann": "Q70067365", "Francesca Mazzoleni": "Q100882831", "Anna Sch\u00f6ttl": "Q110980766", "Martina Franci": "Q125475288", "Zamarin Wahdat": "Q105285749", "Olivia Grant": "Q121289901", "Ha Thanh \u0160petl\u00edkov\u00e1": "Q55439917", "Dascha Dauenhauer": "Q58193932", "Azadeh Zarei": "Q16045058", "Jana Hojdov\u00e1": "Q104853070", "Kirsten Gainet": "Q108732264", "Luna Achiary": "Q106789276", "Anna Wahlin": "Q112108878", "Diana Newman": "Q102012169", "Aneta Fibingerov\u00e1": "Q112535668", "Marie-Pier Ottawa": "Q59645263", "Marjolaine Perreten": "Q100348130", "Olja Grubi\u0107": "Q124656020", "Anna K\u00fchlein": "Q84940669", "Andrea Flesch": "Q95669162", "Ancy Antony": "Q27697942", "Jenny Rossander": "Q112954614", "Christine Hals": "Q112664671", "Anna Rodionova": "Q82273306", "Izzy Vesey": "Q57210423", "Shelise Ann Sola": "Q117536023", "Sol\u00e8ne Par\u00e9": "Q100450677", "Jeanne Vic\u00e9rial": "Q109334734", "Salom\u00e9 Ritterband": "Q112560403", "Bambikina": "Q65160315", "Phoebe Miu": "Q100773421", "Meike Katrin Stein": "Q53704979", "Nina \u0160\u010damborov\u00e1": "Q108145182", "Yuval Levi": "Q107143130", "Zuzanna Gli\u0144ska": "Q114684200", "Ida Skov Gudmundsen-Holmgreen": "Q115184234", "Anna S\u00fcnkel": "Q110284124", "Helene Payrhuber": "Q111568528", "Rosa Wiesauer": "Q117212414", "Julia Hansen": "Q31684405", "Gwendolin Weisser": "Q30059069", "Elyse Dufour": "Q105820522", "Laura Kansy": "Q126363719", "Emalie Noelani": "Q113129576", "Karol\u00edna Zoe Meixnerov\u00e1": "Q110236141", "Yui Suzuki": "Q17160070", "Valerie van Zuijlen": "Q106620020", "Nadezhda Kaleganova": "Q125510065", "Kinga R\u00e9ta Vecsei": "Q56062650", "Nozanin Abdulvasieva": "Q123464230", "Kseniya Sereda": "Q97314437", "Alexa Grace": "Q53911816", "Krete Tarkmees": "Q125507343", "Cinta Ram\u00edrez": "Q111992499", "Yelizaveta Popova": "Q100989660", "Matreya Scarrwener": "Q66424286", "Marie-Luisa Purkr\u00e1bkov\u00e1": "Q114349925", "Sara Naddaf": "Q115977746", "Julia Tomasone": "Q64604900", "Patricia Walker": "Q6066621", "Emma Ryott": "Q20638888", "Cornelia Janssen": "Q43447988", "Catherine Kollen": "Q52429701", "Dieke van Waveren": "Q55748574", "Marie Ward": "Q74213433", "Lise-Lotte Leischke": "Q95667484", "Natalia Reg\u00e1s": "Q99373512", "Joanne Hansen": "Q110548721", "Lindsay Walker": "Q110550027", "Melikasadat Esmaeili": "Q111680598", "Sheila Eden": "Q124005013", "Ana\u00efs Romand": "Q488766", "Barbara Krott": "Q807520", "Marie Vermillard": "Q3292840", "Toni Marcus": "Q15436689", "Anne de Laugardi\u00e8re": "Q15791989", "Calista Hendrickson": "Q15905815", "Olivera Gajic": "Q17537120", "Lejla Ganic": "Q19289051", "Isabelle Kittnar": "Q19758175", "Su Sigmund": "Q19971460", "Pascaline Chavanne": "Q21334430", "Clare Niederpruem": "Q21601259", "Monique Prudhomme": "Q22115221", "Julie Kirkwood": "Q30231578", "Lilla Kizlinger": "Q110852745", "Natalie Jancova": "Q107641266", "Daisy Boo Pamela": "Q125005695", "Marissa": "Q117765843", "Piper Newman": "Q89942436", "Sabine Reifer": "Q2324190", "Gertrude Casey": "Q3104387", "Isabelle Razavet": "Q3155020", "Adriana Bellone": "Q3605647", "Kris Moran": "Q3817007", "Michela Gisotti": "Q3856413", "Renee Ehrlich Kalfus": "Q3932948", "Trisha Biggar": "Q3999019", "Daniela Rossi": "Q5135321", "Sarah Monson": "Q7422615", "Maria Carmen de Souza": "Q10325767", "Mar\u00eda Clara Notari": "Q11175277", "Naoko Mori": "Q11540188", "Saija Siekkinen": "Q11891918", "Tanja Bovin": "Q12338798", "Kristin M. Burke": "Q14566172", "Emmanuelle Le Fur": "Q15210948", "Tania Poppe": "Q15882654", "Ayako Maeda": "Q17221136", "Claire Hardaker": "Q18022371", "Marianne Bakke": "Q18912864", "Nicole Hirsch Whitaker": "Q19776350", "Ann Carolin Renninger": "Q19776509", "Maggie Olkuska": "Q19776627", "Susan Haas": "Q19802823", "Angelika Reicherter": "Q20080584", "Carola Vogler": "Q20080585", "Rannv\u00e1 K\u00e1rad\u00f3ttir": "Q20607856", "Marianna M\u00f8rk\u00f8re": "Q20608258", "Marie-Claude St-Laurent": "Q20723871", "Kordula Hildebrandt": "Q20898684", "Marpessa Djian": "Q21486122", "Katy Scoggin": "Q21498334", "Nina Badoux": "Q21684749", "Carla Pallone": "Q21850026", "Anne Andressen": "Q22075427", "Yoko Suetaka": "Q22128044", "Monika Eise": "Q22131911", "Ingun Ronesen": "Q22281528", "Celine Engebrigtsen": "Q22283384", "Linn Henriksen": "Q22295237", "Bente Winther-Larsen": "Q22295758", "Stina Lunde": "Q22313871", "Anne Hamre": "Q22342714", "Eva Lendl": "Q22344064", "Sofie Rage Larsen": "Q22344617", "Julie Preuschel": "Q22569542", "Carola Find": "Q22582992", "Silke Schranz": "Q22671093", "Amy Korb": "Q22695846", "Bergljot Breistein": "Q22809036", "Leslie Franke": "Q22926777", "Sarah Blum": "Q22944455", "Cheyenne Picardo": "Q22961073", "Sunny Tsang Tat Sze": "Q22963158", "Myfanwy Edwards": "Q22977833", "Susan Becker": "Q22986030", "Anna Crotti": "Q22997807", "Lyn Paolo": "Q23012434", "Lisa Eisler": "Q23012584", "Antzela Brouskou": "Q23017675", "Beate Maria Scherer": "Q23449321", "Renee Fontana": "Q23655158", "Rebecca Bentjen": "Q23655684", "Sylvie Carcedo": "Q23887910", "Claudia Rauch": "Q24007784", "Tanine Autr\u00e9": "Q24254052", "Adetoro Makinde": "Q24299124", "Terri Douglas": "Q24574600", "Katrina Lindsay": "Q24577506", "Marina Draghici": "Q24577788", "Tazeena Firth": "Q24655204", "Patricia McGourty": "Q24655237", "Erin Quigley": "Q24666816", "Christy Garland": "Q24706179", "Rahel Afiley": "Q24809370", "Genevieve Tyrrell": "Q24843226", "Mar\u00eda Estela Fern\u00e1ndez": "Q24849476", "Irina Lubtchansky": "Q24929804", "Francine Jamison-Tanchuck": "Q24987945", "Ingrid Ferrin": "Q25112235", "Susan Lyall": "Q25114132", "Carol Ramsey": "Q25350138", "Judy Ruskin Howell": "Q25598659", "Alexandra Welker": "Q25713837", "Karyn Wagner": "Q25713838", "Kirarina Andranikyan": "Q26435331", "Sonam Rinzen": "Q26696031", "Amanda Neale": "Q26722573", "Edwina Exton": "Q26806075", "Berta Valin Escofet": "Q26833914", "Sabine Berchter": "Q27926221", "Natalie Lyon": "Q28039440", "Marie No\u00eblle": "Q28494733", "Nurit Israeli": "Q28529520", "Ang\u00e9lique Nachon": "Q28830392", "Katrin Lohmann": "Q28870355", "Angela Wendt": "Q28919633", "Lucie Wegmann": "Q29351003", "Claudia Eastman": "Q29414473", "Laura Kirrin": "Q29414524", "Malgorzata Szylak": "Q29510118", "Yael Assaf": "Q29552888", "Marlene Lewis-Weinberger": "Q29571639", "Sybille Grunze": "Q29861741", "Tabea Braun": "Q30044488", "Christine Ajayi": "Q31412516", "Helle Nielsen": "Q33101165", "Sibylle Grunze": "Q35814799", "Isabel Alvarez": "Q36497301", "Suzanne Sk\u00e6rb\u00e6k Pedersen": "Q38054372", "Megumi Kat\u014d": "Q38276126", "Christiane Karge": "Q39999042", "Elisabeth Schmid": "Q39999050", "Pascale Granel": "Q41135839", "Brigitte Desroches": "Q41154707", "Kora Kosicka": "Q41311060", "Anke Klaa\u00dfen": "Q41623511", "Meika Dresenkamp": "Q41653630", "Anne-Dorte Krog": "Q42047222", "Jutta Sch\u00fcnemann": "Q42309684", "Antonia Schmitt": "Q43176690", "Kat Arthur": "Q43658636", "Sylvia Risa": "Q44099037", "Juliette Lunger": "Q45221137", "Muriel Kranich": "Q45833241", "Joanna Piechotta": "Q48778845", "Maaike Devos": "Q48808440", "Nada Riyadh": "Q50374715", "Laura Zarrabeitia": "Q50387561", "Katrin Schilt": "Q51179900", "Judith Benedikt": "Q51983949", "Cleo Foole": "Q52176531", "Carmen Castiello": "Q52425384", "Sabina": "Q52477818", "Ayseg\u00fcl Alev": "Q52478799", "Inge Appermont": "Q52478961", "Ragna Aurich": "Q52479059", "Magda Banach": "Q52479271", "Basten Basstanie": "Q52479348", "Stephanie Becquet": "Q52479494", "Diane Belmans": "Q52479555", "Alexandra Bertaut": "Q52479654", "Astrid Bode": "Q52479816", "Leen Bogaerts": "Q52479905", "Juliette Bogers": "Q52479919", "Lotte Boonstra": "Q52480041", "Annelies Bruneel": "Q52480526", "Inge B\u00fcscher": "Q52480591", "Sarah Buts": "Q52480607", "Gabriela Carrizo": "Q52480823", "Tania Castaing": "Q52480849", "Denise Castermans": "Q52480859", "Karen Claes": "Q52483757", "Fabrice Commeyne": "Q52484071", "jesse cremers": "Q52484243", "Sara Dandois": "Q52484480", "Klaartje De Bonnaire": "Q52484701", "Marita De Coster": "Q52485113", "Martine Decroos": "Q52485151", "Margot De Group": "Q52485342", "Kathleen De Maeyer": "Q52485768", "Anne Demeere": "Q52485798", "Eva De Mul": "Q52485974", "Natascha De Smet": "Q52486556", "Sophie De Somere": "Q52486566", "Lotte De Vuyst": "Q52486827", "Mimi De Wilde": "Q52486900", "Roselien Dhaenens": "Q52486990", "Aurora Dos Campos": "Q52487366", "Nathalie Douxfils": "Q52487403", "Ingrid Dullens": "Q52487584", "Sara Dykmans": "Q52487714", "Heidi Ehrhart": "Q52487737", "Miep Embrechts": "Q52487845", "Giovanna Amoroso": "Q52488109", "Rebecca Flores": "Q52488153", "Samyrra Bafdel": "Q52488398", "Laure Fonvieille": "Q52488399", "Karen Bergeon": "Q52488520", "Lief Bigar\u00e9": "Q52488562", "Marijs Boulogne": "Q52488863", "Sylvie Garot": "Q52488876", "Sarah Geirnaert": "Q52489027", "Cindy Godefroi": "Q52489663", "Elles de Koe": "Q52489667", "Silke Goessens": "Q52489705", "Lotte Goos": "Q52489799", "Greta Goris": "Q52490099", "Marjolein Guldentops": "Q52490928", "Hedy Gr\u00fcnewald": "Q52491369", "Ra\u00efssa Hans": "Q52491411", "Shizuka Hariu": "Q52491426", "Ilse Heip": "Q52491764", "Isa Janssens": "Q52491868", "Diana Herz": "Q52492278", "Tina Heylen": "Q52492584", "Anne Heyman": "Q52492599", "Hanne Jacobs": "Q52494095", "Connie Nijman": "Q52494348", "Janneke Raaphorst": "Q52494810", "Ilse Joliet": "Q52494877", "Heide Kastler": "Q52495278", "Natalie Schrauwen": "Q52495330", "Valentine Kempynck": "Q52495339", "Naomi Kerkhove": "Q52495562", "Birgit Kersbergen": "Q52495598", "Marie Kersten": "Q52495629", "Annamirl Van Der Pluijm": "Q52496486", "Daphn\u00e9 Laqui\u00e8re": "Q52496520", "Sara Lemaire": "Q52496886", "Isabelle Lhoas": "Q52497155", "Leen Lisens": "Q52497281", "Anna Victorova": "Q52497336", "Tjallien Walma van der Molen": "Q52497544", "Anke Loth": "Q52497575", "Eva Maes": "Q52497985", "Karine Maquat": "Q52498112", "Ingrid Meerschaert": "Q52498471", "Martha Mentink": "Q52498633", "Carla Obin": "Q52499615", "Laila Ooms": "Q52499758", "Sofie Palmers": "Q52500009", "Anniek Pauwels": "Q52500079", "Marijke Peeters": "Q52500260", "B\u00e9a Pendesini": "Q52500304", "Nicole Petit": "Q52500464", "Katrien Pierlet": "Q52500520", "Liesbeth Plettinckx": "Q52500638", "Inez Raspoet": "Q52501135", "Hanne Rekkers": "Q52501293", "Ilse Roman": "Q52501589", "Kristel Salaets": "Q52501903", "Anabel Schellekens": "Q52502098", "Nele Sels": "Q52502453", "Laurianne Seux": "Q52502577", "Azade Shahmiri": "Q52502604", "Silke Sintobin": "Q52502663", "Mieke Smalle": "Q52502750", "Francine Smeyers": "Q52502803", "Isabella Soupart": "Q52503012", "Jacqueline Steijlen": "Q52503214", "Liesbet Swings": "Q52503591", "Minna Tiikkainen": "Q52504095", "Lilith Tremmery": "Q52504225", "Veerle Tytgat": "Q52504274", "Katrien Valckenaers": "Q52504423", "Deborah Van Acker": "Q52504479", "Elvira Van Bavinckhove": "Q52504644", "Brechtje Van Bel": "Q52504659", "Mieke Van Buggenhout": "Q52553865", "Iris Van Cauwenbergh": "Q52554103", "Barbara Vandendriessche": "Q52554168", "Amber Vandenhoeck": "Q52554184", "Romy Vanderveken": "Q52554246", "Lies Van Loock": "Q52554447", "Ann Van Mol": "Q52554461", "Ezra Veldhuis": "Q52554530", "Heidelinde Verbeecke": "Q52554533", "Caroline Verbrugghe": "Q52554539", "Evie Verjans": "Q52554573", "Mieke Vermeiren": "Q52554587", "Ietje Visser": "Q52554621", "Ann Weckx": "Q52554650", "Mieke Wolters": "Q52554693", "Nele Wynants": "Q52554703", "Chantal Yzermans": "Q52554709", "Lies Adriaensen": "Q52554900", "Nathalie Aerts": "Q52554908", "Corine Appelmans": "Q52554955", "Isabelle Aza\u00efs": "Q52554974", "Katrijn Baeten": "Q52554997", "Katrien Baetsl\u00e9": "Q52555000", "Marie-H\u00e9l\u00e8ne Balau": "Q52555012", "Michaela Barth": "Q52555032", "Meryem Bayram": "Q52555051", "Lucie Beauvert": "Q52555057", "Karine Beelen": "Q52555120", "Sofie Beirnaert": "Q52555128", "Marieke Berendsen": "Q52555152", "Ingeborg Bernerth": "Q52555170", "Christine Birkle": "Q52555206", "Jesse Boeijen": "Q52555244", "Petra Boll\u00e9": "Q52555264", "Martine Boni": "Q52555269", "Marguerite Bordat": "Q52555281", "Laurence Boric": "Q52555286", "Charlotte Bouckaert": "Q52555308", "An Breughelmans": "Q52555350", "Linda Bruggeman": "Q52555374", "Nicole Bynens": "Q52555414", "Enrica Camporesi": "Q52555436", "Sophie Carlier": "Q52555444", "Annabelle Chambon": "Q52555514", "Fien Claerhout": "Q52555548", "Hilde Colaers": "Q52555580", "Magda Colijn": "Q52555584", "Lisbeth Coppens": "Q52555610", "Ingrid Cornelissen": "Q52555620", "Sophie Corriveau": "Q52555633", "Catherine Cuijkens": "Q52555686", "Catherine Cuyckens": "Q52555698", "Catherine Cuykens": "Q52555699", "Huguette D'": "Q52555703", "Christine Darch": "Q52555729", "Germana De Bock": "Q52555768", "Klaartje De Buck": "Q52555781", "Katherine Decelle": "Q52555787", "Elke De Cleen": "Q52555793", "Maureen De Clercq": "Q52555798", "Ellen Decoodt": "Q52555811", "Nathalie De Cooman": "Q52555815", "Catherine De Coster": "Q52555817", "Andrea de Kruif": "Q52555891", "Paola Delgado": "Q52555918", "Anouk Dell'Aiera": "Q52555924", "An De Mol": "Q52555953", "Marilyn De Moor": "Q52555955", "Eline Deneweth": "Q52555969", "Emma Denis": "Q52555971", "Els De Pauw": "Q52555981", "Hilde De Schutter": "Q52556025", "Tine Deseure": "Q52556027", "Tille De Smet": "Q52556037", "Greet Devos": "Q52556058", "Karen De Wolf": "Q52556098", "Micheline D'hertoge": "Q52556105", "Sofie D'Hoore": "Q52556109", "Catarina Dias": "Q52556110", "Karen Dobbeleir": "Q52556126", "Laura Dondoli": "Q52556139", "Paula Dumont": "Q52556196", "Sofie Durnez": "Q52556203", "Linda D\u00fcrst": "Q52556204", "Heidi Ector": "Q52556214", "Birgit Eder": "Q52556217", "Julie Egli": "Q52556224", "Ruth Estevez": "Q52556267", "Vanessa Evrard": "Q52556277", "Claire Farah": "Q52556297", "Coline Firket": "Q52556332", "Ayumi Florio": "Q52556341", "Hilde Follon": "Q52556348", "Diane Fourdrignier": "Q52556366", "Johanne Freiburg": "Q52556392", "Katrien Geebelen": "Q52556460", "Hanne Geerts": "Q52556471", "Virginie Gervaise": "Q52556510", "Alexandra Gilbert": "Q52556542", "Christine Godart": "Q52556562", "Tineke Goemans": "Q52556577", "Ana Maria G\u00f3mez": "Q52556594", "Ingrid Gordon": "Q52556605", "Claudine Grinwis Plaat Stultjes": "Q52556641", "Laura Groeneveld": "Q52556879", "Ankie Groot": "Q52556883", "Nina Gundlach": "Q52556907", "Inga Hakonardottir": "Q52556961", "Katharina Heistinger": "Q52557055", "Annie Hendrickx": "Q52557065", "Severin Hofmann": "Q52557145", "Judith Holste": "Q52557153", "Ann-Sofie Hoste": "Q52557683", "Francine Houben": "Q52557694", "Moniek Jakobs": "Q52601512", "Desanka Jankovi\u0107": "Q52601587", "Bernadette Janssens": "Q52601625", "Yasmine Janssens": "Q52601650", "Guoda Jarsuseviciute": "Q52601672", "Thorunn Jonsdottir": "Q52601860", "Tina Keysers": "Q52602342", "Sima Khatami": "Q52602357", "Melitta Kiss": "Q52602461", "Vanessa Kools": "Q52602664", "Margot Koudstaal": "Q52602744", "Ellen Kromhout": "Q52602895", "Manon K\u00fcndig": "Q52602951", "Anne Kwaspen": "Q52603018", "Katie Lagast": "Q52603124", "Cheryl Lalonde": "Q52603190", "Suzanne Landrieu": "Q52603354", "Heather Lang": "Q52603389", "Lisa Lapauw": "Q52603425", "Claire Leenaers": "Q52603716", "Annie Van Den Broeck": "Q52604994", "Claudine Leliaert": "Q52605017", "Mieke Van Der Cruyssen": "Q52605540", "Heidi Vandermeulen": "Q52605699", "Annabelle Locks": "Q52605887", "Hanne Vandersteene": "Q52606005", "Sofie Vandevijfer": "Q52606331", "Veerle Van De Wouwer": "Q52606592", "Sigrid Maes": "Q52606661", "Lara Magnus": "Q52606709", "Fien Van Elzen": "Q52606992", "Ilse Van Essche": "Q52607011", "Lisa Maline Bussel": "Q52607104", "Ingrid Manshoven": "Q52607300", "Erna Van Goethem": "Q52607323", "Martha Marchewska": "Q52607398", "Fran\u00e7oise Mar\u00e9chal": "Q52607422", "Monique Van Hassel": "Q52607474", "Pascaline Van Heddegem": "Q52607619", "Monique Vanheist": "Q52607683", "Judith Van Herck": "Q52607693", "Saskia Van Herzeele": "Q52607731", "Diane Van Hool": "Q52607804", "Ingrid Van Hove": "Q52608001", "Christine Van Loon": "Q52608349", "Ria Van Looveren": "Q52608359", "Linda Van Parys": "Q52608793", "Andrea Mengelberg": "Q52608821", "Milou Mertens": "Q52609029", "Sandra Van Rolleghem": "Q52609088", "Lorette Meus": "Q52609096", "Kasia Mielczarek": "Q52609382", "Katarzyna Mielczarek": "Q52609389", "Fran\u00e7oise Van Thienen": "Q52609403", "Saori Miyazawa": "Q52609728", "Kathleen Moers": "Q52609771", "Dagmar Morell": "Q52610232", "Olivia Mortier": "Q52610269", "Rosalie Verbruggen": "Q52610285", "Hilde Vercruysse": "Q52610350", "Ann Ver Eecke": "Q52610503", "Karima Vereecken": "Q52610509", "Janet M\u00fcller": "Q52610512", "Catherine Vermeulen": "Q52610970", "Negar Nemati": "Q56435651", "Anne Neuser": "Q52611204", "Monique Verstallen": "Q52611324", "Katie Vickers": "Q52611851", "Carolyn O Brian": "Q52612110", "Catherine Voeffray": "Q52612304", "Katrien Oosterlinck": "Q52612490", "Nina von Mechow": "Q52612539", "Nina Von Th\u00fcngen": "Q52612550", "Nathalie Osinski": "Q52612622", "Ylva Owren": "Q52612674", "Laura Wallrafen": "Q52613019", "Bettina Walter": "Q52613042", "Defne Parman": "Q52613050", "Emma Wee": "Q52613407", "Ina Peeters": "Q52613727", "Vivienne Westwood Unisex": "Q52613840", "Satu Peltoniemi": "Q52613845", "Cathy Peraux": "Q52613889", "Isabelle Perillat": "Q52614093", "Helma Peters": "Q52614202", "Charlotte Willems": "Q52614427", "Fabiana Piccioli": "Q52614486", "Charlotte Willi": "Q52614500", "Mieke Windey": "Q52614573", "Zita Winnubst": "Q52614592", "Katja Pire": "Q52614779", "Jelka Plate": "Q52614869", "Bettina Pommer": "Q52615336", "Greet Prov\u00e9": "Q52615669", "Ragna \u00de\u00f3runn Ragnarsd\u00f3ttir": "Q52615786", "Linde Raedschelders": "Q52615859", "Ada Rajszys": "Q52616133", "Jadranka Rasdelovic": "Q52616199", "Rebecca Ringst": "Q52616596", "Philine Rinnert": "Q52616606", "Estelle Rullier": "Q52617428", "Oona Sauwens": "Q52617858", "Carmen Schabracq": "Q52617941", "Hilde Schamp": "Q52617994", "Katrien Scheir": "Q52618010", "Katharina Schlipf": "Q52618118", "Marion Schmid": "Q52618138", "Annemieke Schoorel": "Q52618247", "Ildik\u00f3 Schopp": "Q52618270", "Laurine Schott": "Q52618291", "Tina Schott": "Q52618301", "Isabelle Schoutetens": "Q52618346", "Maya Schr\u00f6der": "Q52618368", "Tina Schwab": "Q52618439", "Mechthild Schwienhorst": "Q52618460", "Andrea Simeon": "Q52618908", "Tanja Starink": "Q52619718", "Lotte Stek": "Q52619858", "An Straetemans": "Q52619998", "Katrien Strijbol": "Q52620045", "Eve Taveirne": "Q52620556", "Karen Tennent": "Q52620656", "Marie-Claire Thuwis": "Q52620912", "Elizabeth Abderhalden": "Q52621501", "Anneke Adrianssens": "Q52621644", "Denise Vale": "Q52621848", "Bissane Al Charif": "Q52622015", "Katrien Van Bael": "Q52622050", "Eva G. Alonso": "Q52622461", "Nancy Van de Gucht": "Q52623361", "Jasmijn Van den Berg": "Q52623837", "Sara Baeten": "Q52624195", "Dolimah Bakker": "Q52624308", "Elizabeth Barker": "Q52624463", "Nicola Baylis": "Q52624613", "Marisa Bentivegna": "Q52624905", "Margriet Blok": "Q52625376", "Bie Boeykens": "Q52625437", "Else Bogaerts": "Q52625471", "Vera Bohnen": "Q52625503", "Naomi Bomberg": "Q52625534", "Cecile Bouchier": "Q52625796", "Sarah Budts": "Q52626324", "Mar\u00eda \u00c1ngel Buesa Pueyo": "Q52626350", "Genevi\u00e8ve Carrasco": "Q52626666", "Val\u00e9rie Castan": "Q52626746", "Doroth\u00e9e Catry": "Q52626808", "Hannah Chebaro": "Q52627033", "Hannah Christeson": "Q52627133", "Elisenda Cladellas Parellada": "Q52627259", "Lise Clara": "Q52627302", "Hadas Cna'ani": "Q52627437", "Inge Coleman": "Q52627499", "Maria Contryn": "Q52627633", "Trinka Costa": "Q52627790", "Clelia Cr\u00e9didio": "Q52627912", "Wren Crosley": "Q52627971", "Lonneke Cuppen": "Q52628024", "Dorothee Curio": "Q52628039", "Frieda Dauphin": "Q52628328", "Karolien De Belder": "Q52628430", "Marij De Brabandere": "Q52628528", "Lili Deconinck": "Q52628726", "Gertru De Groot": "Q52628888", "Britt De Jonghe": "Q52629007", "Myriam De Klopper": "Q52629077", "Dorine Demuynck": "Q52629564", "Dotje De Muynck": "Q52629571", "Myriam De Muynck": "Q52629579", "Marleen Deneys": "Q52629616", "Leen Denolet": "Q52629663", "Annemie Depaepe": "Q52629692", "Annelies De Ridder": "Q52629857", "Amber De Saeger": "Q52629980", "Sabine Desbonnets": "Q52629988", "Christian De Schepper": "Q52630004", "Karlien De Smet": "Q52630069", "Roselein Detavernier": "Q52630114", "Maria Dewit": "Q52630435", "Sara Dijkmans": "Q52634288", "Marie Dries": "Q52634323", "Barbara Drosihn": "Q52634326", "L\u00e9a Drouault": "Q52634327", "Mirjam Egli": "Q52634364", "Rosa Lugo Fabregas": "Q52634419", "Dominique Fabr\u00e8gue": "Q52634420", "Nazanin Fakoor": "Q52634423", "Luisa Fecchio": "Q52634443", "Han Feng": "Q52634450", "Nadia Fistarol": "Q52634471", "Barbara Franco": "Q52634498", "Katja Ebel Frederiksen": "Q52634506", "Sarah Geypens": "Q52634570", "Lunia Gigase": "Q52634587", "Maria G\u00f6ldenitz": "Q52634627", "Eva Goodman": "Q52634638", "Karin Gottschalk": "Q52634650", "Angela Guerreiro": "Q52634689", "Marie Guillon Le Masne": "Q52634696", "Karolien Hamers": "Q52634728", "Jessica Helbach": "Q52634775", "Valerie Hellebaut": "Q52634778", "V\u00e9ronique Hendriks": "Q52634784", "Milan Herich": "Q52634795", "Karien Herreman": "Q52634801", "Josephine Heymans": "Q52634815", "Ykje Hibma": "Q52634818", "B\u00e9atrice Houplain": "Q52634855", "Elisabeth Houtart": "Q52634858", "Theres Indermaur": "Q52634889", "HyoJung Jang": "Q52634915", "Elizabeth Jenyon": "Q52634931", "Mijeong Jeong": "Q52634932", "Emilie Jonet": "Q52634946", "Val\u00e9rie Jung": "Q52634952", "Klara Kalicz": "Q52634961", "Raya Kazoun": "Q52634992", "Chlo\u00e9 K\u00e9gelart": "Q52634996", "Daphne Kitchen": "Q52635039", "Eva Kr\u00e4mer": "Q52635078", "Julia Kravtsova": "Q52635080", "Aurore Labrosse": "Q52635114", "Renaat Lauriks": "Q52635174", "Sabina Lauro": "Q52635175", "Marie-Jeanne Lecca": "Q52635192", "Mina Lee": "Q52635199", "Keren Levi": "Q52635260", "V\u00e9ronique Leyens": "Q52635268", "Noluthando lobese": "Q52635349", "Sylvia Luyckx": "Q52635432", "Samar Maakaroun": "Q52635438", "Zo\u00eb Mahony": "Q52635502", "Marie-Jeanne Malfait": "Q52635526", "Mascha Mazur": "Q52635727", "Elena Mazzi": "Q52635730", "Tania Mazzoni": "Q52635732", "Jo\u00eblle Meerbergen": "Q52635769", "Marie Messien": "Q52635854", "Tamara Meulemans": "Q52635860", "Gunna Meyer": "Q52635863", "Amber Meyntjens": "Q52635870", "Elisabeth Michiels": "Q52635881", "Zoe Monti": "Q52635951", "Nefeli Myrtidi": "Q52636010", "Kimie Nakano": "Q52636020", "Keren Nathan": "Q52636027", "Netty Neus": "Q52636050", "Aur\u00e9lie Noble": "Q52636113", "Chlo\u00e9 Obolenski": "Q52636180", "Mai Ooka": "Q52636207", "Sabine Oosterlynck": "Q52636213", "Anna Pas": "Q52636311", "Mirjam Pater": "Q52636317", "Kataline Patka\u00ef": "Q52636326", "Genevi\u00e8ve Periat": "Q52636438", "Leen Persoons": "Q52636452", "Claudia Phlips": "Q52636484", "Natalia Pieczuro": "Q52636505", "Ines Plan\u00e7on": "Q52636534", "Patricia Portela": "Q52636588", "Stephanie Rauch": "Q52636698", "Brigitte Reiffenstuel": "Q52636739", "Ursula Rensenbrink": "Q52636764", "Sarah-Christine\u00a0Reuleke": "Q52636768", "Jessica Ridderhof": "Q52636790", "Miriam Rohde": "Q52636878", "Lenie Ronse": "Q52636910", "Satya Roosens": "Q52636921", "Rapha\u00ebl Rubbens": "Q52636954", "Carola Ruckdeschel": "Q52636959", "Prunelle Rulens": "Q52636976", "Sarah Schittek": "Q52637143", "Frieda Schneider": "Q52637154", "Katrin Schoof": "Q52637165", "Marlies Schot": "Q52637177", "Beatrice Schultz": "Q52637185", "Eser Selen": "Q52637213", "Karin Seydtle": "Q52637227", "Nicky Shaw": "Q52637238", "F\u00e9ria Simon": "Q52637263", "Sabine Snijders": "Q52637303", "Anastasios Sofroniou": "Q52637311", "Thijsje Strypens": "Q52771092", "Marie Szersnovicz": "Q52771268", "Fulya Tekin": "Q52771371", "Miharu Toriyama": "Q52771702", "Kim Troubleyn": "Q52771772", "Johanna Trudzinski": "Q52771781", "Jessica Truesdale": "Q52771785", "Vera Tussing": "Q52772659", "Ariel Vaccaro": "Q52772756", "Dorine Van Autreve": "Q52772814", "Jorine van Beek": "Q52772847", "Annelies Van Damme": "Q52772919", "Gerda Vandenbroucke": "Q52772984", "Regine Vandenbroucke": "Q52772990", "Johanna Vandenbulcke": "Q52772991", "Inge Vandenbussche": "Q52772993", "Karin Van der Leeuw": "Q52773081", "Patricia Vander Stappen": "Q52773137", "Marie Vandewoude": "Q52773208", "Leen Van Dierendonck": "Q52773220", "Freija Van Esbroeck": "Q52773786", "Linse Van Gool": "Q52773825", "Myriam Van Gucht": "Q52773832", "Marlies Vanhoucke": "Q52773903", "Griet Van Landeghem": "Q52773998", "Sofia Vannini": "Q52774058", "Kristien Van Passel": "Q52774081", "Jessica Vanstraelen": "Q52774210", "Eva Velazquez": "Q52774295", "Valentina Venturi": "Q52774319", "Liesbet Verbeeck": "Q52774331", "Evelyne Verfaillie": "Q52774397", "Teresa Vergho": "Q52774400", "Pauline Verminnen": "Q52774503", "Daniela Villaret": "Q52774689", "Mojra Vogelnik Skerij": "Q52774737", "Anna Volpini": "Q52774769", "Claude Wampler": "Q52774837", "Anna Watkins Fisher": "Q52774856", "Maria Weckx": "Q52774864", "Julia Weisbrich": "Q52774877", "Elena Werner": "Q52774902", "Maria Wolgast": "Q52775144", "Rebekka W\u00f6rmann": "Q52775156", "Freija Wouters": "Q52775166", "Ann Liv Young": "Q52775225", "Michelle Baechthold": "Q53091184", "An Van der Auwera": "Q53453846", "Louisa Vanderhaegen": "Q53453871", "Marloes van der Hoek": "Q53453892", "Viola Vandomme": "Q53453997", "Anne Van Es": "Q53454027", "Heidi Vanhaverbeke": "Q53454209", "Annelies Vanlaere": "Q53454375", "Kristin Van Passel": "Q53454490", "Catherine Bouchard": "Q55596050", "Brit Hovland": "Q55606107", "Marilyn Perreault": "Q55725793", "Doris Wedemeier": "Q56236098", "Krista Levy": "Q56249099", "Razie Brownstone": "Q56284914", "Anne Bolick": "Q56487921", "Annabella Vermyle": "Q56509518", "Alexandra Sebbag": "Q56509528", "Hannah Smeyers": "Q56509531", "Nuria Manzano": "Q56509539", "Lisa Jonkers": "Q56509873", "Dorota Ko\u0142ody\u0144ska": "Q56558837", "Katell Djian": "Q56604812", "Patricia Lewandowska": "Q56604872", "Jenny Barth": "Q56604921", "Prisca Bourgoin": "Q56758114", "Jennifer Triemstra": "Q56847493", "Eva Kargerov\u00e1": "Q56868184", "Jaroslava Zimov\u00e1": "Q57170552", "Brigitte Sch\u00f6nberner": "Q57316226", "Jo\u00eblle Roustan": "Q57416645", "Ruth Daniel": "Q57419002", "El\u017cbieta Malka-Hen": "Q57592913", "Johanna Lee": "Q57767653", "Denise Walle": "Q57938679", "Veronika Kaserer": "Q58345492", "Linda Gearson": "Q58709927", "Armelle Lucas": "Q58885390", "Brigit Hillenius": "Q58903006", "Melanie Braun": "Q58912417", "Jasmin Kuhn": "Q59188014", "\u039d\u03c4\u03bf\u03c1\u03af\u03c4\u03b1 \u0391\u03c1\u03c4\u03b5\u03bb\u03bb\u03bb\u03ac\u03c1\u03b7": "Q59211821", "Anna Machairianaki": "Q59616011", "Misato Kato": "Q60230146", "Sarah Marty": "Q60232610", "Magiou Trikerioti": "Q60571270", "Marie Semet": "Q60571485", "Sandra Stefanidou": "Q60571576", "Asi Dimitropoulou": "Q60576614", "Katerina Maragoudaki": "Q60578092", "Nina Frey": "Q60661342", "Claudia Raschke": "Q60662042", "Alexandra Siafkou": "Q60732829", "Eva Manidaki": "Q60732832", "Ioulia Stavridou": "Q60732833", "Panagiota Kokorou": "Q60732836", "Pepeta Arvaniti": "Q60732837", "Clare BracewelL": "Q60732904", "Maria Kontodima": "Q60732932", "Chrysanna Diamanti": "Q60732951", "Evelin Sioupi": "Q60732968", "Eva Nathena": "Q60751385", "Ntora Lelouda": "Q60752013", "\u03a7\u03c1\u03b9\u03c3\u03c4\u03af\u03bd\u03b1 \u039a\u03bf\u03bb\u03cc\u03ba\u03b1": "Q60752312", "Despina Volidi": "Q60876814", "\u039c\u03b1\u03c1\u03b3\u03b1\u03c1\u03af\u03c4\u03b1 \u0394\u03bf\u03c3\u03bf\u03cd\u03bb\u03b1": "Q60997889", "Tit\u00edna Chalmatz\u00ed": "Q61001351", "Christina Papageorgiou": "Q61041999", "\u0394\u03ad\u03c3\u03c0\u03bf\u03b9\u03bd\u03b1 \u039c\u03b1\u03ba\u03b1\u03c1\u03bf\u03cd\u03bd\u03b7": "Q61043572", "\u03a3\u03bf\u03c6\u03af\u03b1 \u0396\u03bf\u03c5\u03bc\u03c0\u03bf\u03cd\u03bb\u03b7": "Q61045352", "Kleio Boboti": "Q61294456", "Christina Penna": "Q61294462", "Georgia Babalou": "Q61294464", "Kyriaki Tsitsa": "Q61294467", "Maria Chaniotaki": "Q61294485", "Dimitra Chiou": "Q61294487", "Anastasia Arseni": "Q61294489", "Artemis Theodoridi": "Q61294490", "Maria Papadopoulou": "Q61294493", "Despoina Gamvroudi": "Q61294494", "Aggeliki Karamoutsou": "Q61294496", "Dafni Koutra": "Q61294499", "Fotini Georgiou": "Q61294501", "Kalliopi Stamatari": "Q61294512", "Iro Carra": "Q61294515", "Georgia Bourda": "Q61294521", "Zo\u00ed Molyvd\u00e1 Fam\u00e9li": "Q61294524", "Nikoleta Panagiotou": "Q61294527", "N\u00edki Psychogio\u00fa": "Q61294539", "Alexandra Bousoulega": "Q61294541", "Rania Yfantidou": "Q61294543", "Konstantsia Sarafianou": "Q61300930", "Magdalin\u00ed Avgerinou": "Q61301912", "Vasiliki Syrma": "Q61599544", "Ariane Lorrain": "Q61641230", "Maria Karapouliou": "Q61644897", "Christina Kostea": "Q61669010", "Sandra Everingham": "Q61778977", "Jenny Rustemeyer": "Q61786695", "Martha Claudia Moreno": "Q61897103", "Claire Nadon": "Q61937885", "Lida Spyrelaki": "Q62000560", "Alexandra Land\u00e9": "Q62056792", "Anna Franquesa Solano": "Q62066225", "St\u00e9phanie Cloutier": "Q62086850", "Olga Verykaki": "Q62099095", "Elli Sofianopoulou": "Q62121890", "Angela Thomas": "Q62473107", "Afroditi Koutsoudaki": "Q62591595", "Eleni Karamerou": "Q62591676", "Elli Solomonidou Balanou": "Q62591687", "Ersi Drini": "Q62591689", "Ioanna Manoledaki": "Q62591714", "Kelly Vrettou": "Q62591726", "Lila Karakosta": "Q62591750", "Lili Pezanou": "Q62591751", "Maria Kavalioti": "Q62591770", "Mikaela Liakata": "Q62591792", "Denny Vachlioti": "Q62591823", "Olga Chatziiakovou": "Q62591829", "Tina Tzoka": "Q62591895", "Foteini Dimou": "Q62591910", "Chrysa Voudouroglou": "Q62591928", "Milica Denic": "Q63028290", "Franziska von Berlepsch": "Q63030447", "Luise Baumgarten": "Q63201449", "Loukia": "Q63222295", "Sydney Cavanagh": "Q63314651", "Maria Braarvig": "Q63323813", "Stephanie Chao": "Q63343110", "Desir\u00e9e Riedel": "Q63381235", "Limor Shmila": "Q63412692", "Elena Patraskanou Veaki": "Q63455077", "Katerina Kampanelli": "Q63486429", "Loukia Xouliara": "Q63803146", "Kate Reid": "Q63869924", "Antje Wilms": "Q63965812", "Henriette Rodenwald": "Q63965840", "Brenda Murphy": "Q63977515", "Sarah Edwards": "Q64135552", "Katerina Sotiriou": "Q64211005", "Semiramis Moschovaki": "Q64225009", "Dafni Papaioannou": "Q64257766", "Elena Kyrou": "Q64257949", "Camila Freitas": "Q64341947", "Amara Mosteiro": "Q64410031", "Mallory Cunningham": "Q64414636", "Vasileia Rozana": "Q64434452", "Alexia Theodoraki": "Q64521100", "Lina Papadimitri": "Q64615771", "Marie No\u00eblle Semet": "Q64615773", "Anna Maria Vasiak": "Q64706669", "Alexandra B\u00e9gin": "Q65115447", "Amy Sara Keith": "Q65115469", "Annie Deniel": "Q65115502", "Becca Blackwood": "Q65115535", "Betsy Hamlin": "Q65115548", "Brigitte Lemonde": "Q65115557", "Camille Parent": "Q65115564", "C\u00e9cile Monteillet": "Q65115591", "Claire Lacaze": "Q65115627", "Claudine Tychon": "Q65115634", "Doroth\u00e9e Guiraud": "Q65115700", "\u00c9lo\u00efse Forest": "Q65115723", "Emilie Hamel": "Q65115727", "Fanny Forest": "Q65115756", "Helga R\u00f3s Hannam": "Q65115877", "Isabelle Stachtchenko": "Q65115906", "Julia Dagany": "Q65116021", "Katerine Giguere": "Q65116077", "Laura Nhem": "Q65116111", "Laurence Esnault": "Q65116112", "L\u00e9a Val\u00e9rie L\u00e9tourneau": "Q65116129", "Li Alembik": "Q65116132", "Lorraine Du Hamel": "Q65116159", "Louise-Marie Beauchamp": "Q65116182", "Maguy Aime": "Q65116235", "Maria De Laubier": "Q65116266", "Maria Paz Gonzalez": "Q65116268", "Marianne Ploska": "Q65116270", "Marilyne Garceau": "Q65116291", "Maryam Decter": "Q65116313", "M\u00e9lanie Truchon": "Q65116353", "Mich\u00e8le Hamel": "Q65116375", "Nicole Magny": "Q65116442", "Paola Andrea P\u00e9rez Nieto": "Q65116464", "Roxanne Sayegh": "Q65116574", "Sarah Nicole Bolduc": "Q65116593", "Sibylle Sarah Imbach": "Q65116614", "Sofie F\u00e9k\u00e9t\u00e9": "Q65116630", "Sophie Lupien": "Q65116638", "St\u00e9phanie Tr\u00e9panier": "Q65116654", "Val\u00e9rie-Jeanne Mathieu": "Q65116722", "Virginie Montel": "Q65116745", "Sol Mu\u00f1oz": "Q65119762", "Emily Montoya": "Q65560554", "Michelle Caputo": "Q65592515", "Julieta Rubio": "Q65659283", "Elena Fajt": "Q65710158", "Becky Parsons": "Q65933964", "Sandra de Silva de la Torre": "Q66059882", "Dana Goldberg": "Q66086076", "Marissa Kelly": "Q66578446", "Artemis Ioannides": "Q66659694", "Heike Brandstatter": "Q66735866", "Lee Eun-ah": "Q66792937", "Clarissa Cappellani": "Q66826038", "Shannon Kohli": "Q66859567", "Maria Belamaki": "Q67203642", "Cailin Yatsko": "Q67205988", "Ioanna Plessa": "Q67218436", "Surisa Surisa": "Q67471916", "Silvia Grabowski": "Q69907597", "Lotta Petronella": "Q71558502", "Susanne Ritter": "Q72813424", "Thorunn Hafstad": "Q72923154", "Amel Soudani": "Q72930472", "Valia Margariti": "Q73301272", "Est\u00edbaliz Markiegi": "Q73671560", "Anna Potter": "Q73987937", "Valentina Bari": "Q75879402", "Meri Smyrli": "Q76158424", "Samantha Stendal": "Q76171297", "Valentina Primavera": "Q76715036", "Rita Noriega": "Q77162844", "Christel Baras": "Q77807501", "Rikke Jelier": "Q77841361", "Daniela Schneider": "Q77912330", "Monica Vargas": "Q77912426", "H\u00e9l\u00e8ne Schneider": "Q77944305", "Marie Le Garrec": "Q77944356", "Patricia Christie": "Q77944362", "Christel Birot": "Q78899412", "Isabelle Millet": "Q78901565", "Clea Dunn": "Q78904612", "Steffi K\u00f6hler": "Q79106040", "Mary Farbrother": "Q79199045", "Marilena Aravantinou": "Q79970033", "Maria Ines Manchego": "Q80146738", "Maria Tsamoudaki": "Q80214139", "\u00c9milie Chamarre": "Q80431063", "Nemone Mercer": "Q80572832", "Delphine Capossela": "Q80697979", "Cristina Serrato": "Q80909199", "Fabienne Collet": "Q81635305", "\u038c\u03bb\u03b3\u03b1 \u039d\u03c4\u03ad\u03bd\u03c4\u03b1": "Q81736605", "P\u00e4ivi Kettunen": "Q81801133", "Niki Perdika": "Q81943149", "Martina Radwan": "Q82238829", "Melanie Jilg": "Q82251136", "Paulina Nawrot": "Q82682169", "Chlo\u00eb Lesueur": "Q83234537", "Louise Stanton": "Q83277035", "Zehra Tuba Ata\u00e7": "Q83382010", "Hao Yu": "Q83468862", "Conny Bei\u00dfler": "Q83471823", "Martina Frani\u0107": "Q83636812", "Miriam Aksoy": "Q84162086", "Judit Sinkovics": "Q84224845", "Emina Sulejmani": "Q84232742", "Sarah Blenkinsop": "Q84234661", "Lucy Hagan": "Q84470357", "Bet Rourich": "Q84493638", "Josephine Flohr": "Q84496025", "Nicola Hens": "Q84763103", "Madeleine Edis": "Q85389208", "Eva Roelfs": "Q85510515", "Rozana Vasilia": "Q85517881", "Vinyet Escobar": "Q85533979", "Lily Beca": "Q85598633", "Katarzyna Lewi\u0144ska": "Q85623572", "Fianna Robijn": "Q86079805", "Ella Plevin": "Q86084640", "Gwen Jeffares Hourie": "Q86109287", "Caroline Spieth": "Q86338743", "Gretchen Ward Warren": "Q86439393", "Yara Jer\u00f3nimo": "Q86597665", "Hanna Rode": "Q86696382", "Kim Nguyen": "Q86715682", "Eva K\u00fcpper": "Q86835638", "Ramona V\u00e2rtosu": "Q86846534", "Barbara Conforti": "Q86921953", "Sabrina Beretta": "Q86996387", "Anne Schotte": "Q87469853", "Anna Cooley": "Q87562465", "Ursula Patzak": "Q87898072", "Monika Lenczewska": "Q87974021", "Beata Nyczaj": "Q87974540", "Shirley Petchprapa": "Q89187784", "Mercedes Uria": "Q89873820", "Monic Parelle": "Q90316368", "Rachana Sukhadia": "Q90556485", "Patia Prouty": "Q91233952", "Amalia Antoni": "Q91340845", "Ioanna Timotheadou": "Q91351942", "Alejandro Reza": "Q91630306", "Nathalie Cheron": "Q92065538", "June Ambrose": "Q92219831", "Evangelia Kentaka": "Q93434035", "Eva Wolf": "Q93434916", "Suna \u00c7ift\u00e7i": "Q93740380", "Ute Hofinger": "Q93839223", "Maria Sanikopoulou": "Q93970336", "Annie Symons": "Q94524220", "Marina Sciarelli": "Q94576353", "Suzan Harrison": "Q94989016", "Paula del Fierro": "Q95170669", "Fran\u00e7oise Clavel": "Q95400780", "Dominika Jan\u0161ov\u00e1": "Q95646428", "Stefanie Bold": "Q95646899", "Isabel Branco": "Q95647062", "Marion Bergmann": "Q95651012", "Susanne Berner": "Q95651045", "Kristina Klunkert": "Q95651303", "Gisela Engelstaedter": "Q95652412", "Nicoletta Taranta": "Q95652541", "Rach\u00e8le Raoult": "Q95654495", "Nikola Sucevic": "Q95654581", "Elena Friedrich": "Q95656862", "Frank Kranstedt": "Q95658011", "Heidrun Schwantge": "Q95665671", "Eva Plackner": "Q95666115", "Helga Pinnow": "Q95666489", "Elsbeth Rohwer": "Q95666684", "Viola V\u00f6lk": "Q95668663", "Sonia Philouze": "Q95668920", "Hannelore Gutt": "Q95669351", "Lidiya Kryukova": "Q95670508", "Margit Salzinger": "Q95670645", "Ma\u00efra Ramedhan Levi": "Q95671507", "Moira Anne Meyer": "Q95673276", "Amanda Treyz": "Q95673404", "Sandra Jones": "Q95673480", "El\u017cbieta Radke": "Q95674028", "Antoinette Messam": "Q95674259", "Elisabeth B\u00f6rnicke": "Q95680586", "Shay Cunliffe": "Q95680682", "Tinatin Kvinikadze": "Q95684371", "Rutie Blum": "Q95684513", "Alexa Wolf": "Q95686554", "Cordula Schulze-Stentrop": "Q95686747", "Kaya K\u00fcrten": "Q95686982", "Alexandra Wasserthal-Zuccari": "Q95687051", "Uta Seibicke": "Q95687692", "Ellen Schiller": "Q95699269", "Constanze Hagedorn": "Q95699319", "Edith Almoslino": "Q95700650", "Junie Lowry-Johnson": "Q95701000", "Judith Jacobsen-Winter": "Q95701240", "Ofri Barel": "Q95701819", "Ulrike Dumjahn": "Q95702034", "Fanny Jakubowicz": "Q95702165", "Polly Matthies": "Q95703648", "Yvette Frank": "Q95704843", "Anna-Lena Slater": "Q95707125", "Uli Simon": "Q95707154", "Suzanne M. Smith": "Q95707678", "Sarah Samperi": "Q95707893", "Jana Sotzko": "Q95708093", "Anneke Botha": "Q95708178", "Antoinette Boulat": "Q95708849", "Michaela Schumann": "Q95709418", "Zana Bosnjak": "Q95709624", "Donna Berwick": "Q95709818", "Jutta Eckerlin": "Q95709911", "Gabriele Jordan": "Q95710065", "Ingeborg Gr\u00fctzner": "Q95710097", "Kathy Strachan": "Q95710177", "Marion Greiner": "Q95710716", "Doro G\u00f6tz": "Q95712487", "Laurence Struz": "Q95712488", "Anna Howard": "Q95712717", "Jaroslava Vesel\u00e1": "Q95713092", "Jennifer Eberhardt": "Q95713303", "Carole Favre": "Q95713489", "Isolde Warscycek": "Q95713909", "Claire Fraisse": "Q95714071", "Brigitta Lohrer-Horres": "Q95714430", "Mich\u00e8le Cerf": "Q95714607", "Julia Grieb": "Q95714820", "Eva Dudkov\u00e1": "Q95715577", "Sabine Volz": "Q95715638", "Shenja Schittkowski": "Q95727465", "Monika Gebauer": "Q95728375", "Dorit Je\u00dfner": "Q95728482", "Jacqueline Loir": "Q95730003", "Aphrodite Kondos": "Q95730083", "Agn\u0117 Rimkut\u0117": "Q95730215", "Gertrud Steckler": "Q95732266", "Josephine Gracia": "Q95733714", "Christine Gu\u00e9gan": "Q95734318", "Anja Goepfert": "Q95734953", "Laura Bellingham": "Q95735258", "Gesina Seldte": "Q95736911", "Sabine Sina Stephan": "Q95738429", "Debbie McWilliams": "Q95738593", "Peri de Bragan\u00e7a": "Q95739215", "Marisa Urruti": "Q95739930", "Mila Niemi": "Q95740078", "Hella B\u00fcnte": "Q95741128", "Undine Siepker": "Q95742420", "Manuela Nierzwicki": "Q95743576", "Eva Lackingerov\u00e1": "Q95744776", "Corinne Bruand": "Q95744891", "Brigitte Nierhaus": "Q95744949", "Annegret Sachse": "Q95746136", "Petra Barkowski": "Q95747438", "Gabriella Ekman": "Q95749608", "Jana L\u00e4mmerer": "Q95750636", "Abril Alamo": "Q95750846", "Mads Thomsen": "Q95751326", "Huy-Thong Tran Mai": "Q95751331", "Joan Benet": "Q95751349", "Marie Martine": "Q95751472", "Nina Wesemann": "Q95751501", "Andrea Fisser": "Q95751818", "Maria Rita Barbera": "Q95751939", "Mariolina Bono": "Q95752234", "Therese Gaarde": "Q95752538", "Marielle Robaut": "Q95753285", "Justyna Stolarz": "Q95753659", "Laura Muccino": "Q95753814", "Charlotte Graf": "Q95754105", "Linda Bogers": "Q95754177", "Maxi Munzert": "Q95755330", "Fran\u00e7oise Menidrey": "Q95872275", "Nina Davenport": "Q96048640", "Rebekka Kaufmann": "Q96195564", "C\u00e9cile Berg\u00e8s": "Q96196258", "Belah Ya\u02bba\u1e33ov": "Q96240647", "Lorna Marie Mugan": "Q96277060", "Lynn Marocola": "Q96354723", "Christina Papoulia Barlou": "Q96473500", "Maria Kokkou": "Q96678456", "Paola Torres": "Q97482322", "Christina Clusiau": "Q97649170", "Sanny Alberti": "Q97942429", "Helga I. Stef\u00e1nsd\u00f3ttir": "Q98269623", "Roberta Bocca": "Q98433864", "Adinah Dancyger": "Q98435169", "Alfonsina Lettieri": "Q98479355", "Lila Fraysse": "Q98479439", "Jacquie Nguyen": "Q98520211", "Luc\u00eda Onofri": "Q98611221", "Lilli Pongratz": "Q98818833", "Barbara Gregusova": "Q98828237", "Aashrita Kamath": "Q99409064", "Ruth Secord": "Q99868458", "Ines Ybarra Pasch": "Q99945662", "Claudia Woloshin": "Q99975921", "Marianne Stanicheva": "Q100415007", "Francine Alepin": "Q100450298", "Genevi\u00e8ve Antonius-Boileau": "Q100450302", "Nathalie Baroud": "Q100450315", "Eug\u00e9nie Beaudry": "Q100450321", "Genevi\u00e8ve Besnier": "Q100450343", "Genevi\u00e8ve Boileau": "Q100450350", "Catherine Bourgeois": "Q100450375", "Milena Buziak": "Q100450388", "Marilda Carvalho": "Q100450399", "Isabelle Cauchy": "Q100450400", "Diane Cormier V\u00e9zina": "Q100450408", "Danielle Drolet": "Q100450455", "Marie-Josee Forget": "Q100450479", "Rachel Gamache": "Q100450502", "Maude Gareau": "Q100450504", "Marie-H\u00e9l\u00e8ne Gendreau": "Q100450511", "Talbi Ines": "Q100450534", "\u00c9lodie Labb\u00e9": "Q100450566", "C\u00e9lia Laguitton": "Q100450572", "Mellissa Larivi\u00e8re": "Q100450577", "Louise Lavictoire": "Q100450585", "Val\u00e9rie Le Maire": "Q100450589", "Anne Millaire": "Q100450651", "Rachel Morse": "Q100450662", "Gabrielle N\u00e9ron": "Q100450671", "Audrey Pepin": "Q100450683", "Ana Pfeiffer Qiiroz": "Q100450697", "Claudine Raymond": "Q100450717", "Jean R\u00e9gnier": "Q100450719", "Claire Renaud": "Q100450721", "Joanie Roy": "Q100450736", "Clare Schapiro": "Q100450743", "Karine St-Arnaud": "Q100450764", "Anne-Sophie Tougas": "Q100450780", "Claire Voisard": "Q100450798", "Kathryn Westoll": "Q100450800", "Sherin Batshon": "Q100490102", "Yuliya Kunova": "Q100534531", "Judith de Luze": "Q100567108", "Freja Riemann": "Q100592342", "Simone Geels": "Q100658237", "Agn\u0117 Matulevi\u010di\u016bt\u0117": "Q100720418", "Minke Lunter": "Q100742581", "Carine Ceglarski": "Q100742718", "R\u016bta Venskut\u0117": "Q100778247", "Rebecca Lustig": "Q100937524", "Yuliya Pyakina": "Q100941725", "Anna Deschamps": "Q100951126", "Maude Gallon": "Q100951259", "Nevena Georgieva": "Q100968264", "Kirsty Halliday": "Q100990854", "Meryem Ersoz": "Q101068480", "Caity Birmingham": "Q101068490", "Pascale Marin": "Q101135543", "Liz Keogh": "Q101244426", "Virginie Alba": "Q101244512", "Stefania De Santis": "Q101552603", "Helena Rovn\u00e1": "Q101552916", "Deena Appel": "Q102117410", "Ann Maskrey": "Q102117829", "Lara Gallagher": "Q102178543", "Nurhan Sekerci": "Q103707091", "Michele Rowe": "Q103821205", "Kamila P\u015bciuk": "Q103822661", "Gra\u017cyna P\u015bciuk": "Q103822858", "Maahra Hill": "Q104029451", "Diana Rowan": "Q104527015", "Momoko Mifune": "Q104602996", "Gabriela Diaque": "Q104609834", "Laura Hansen": "Q104775780", "Bia Salgado": "Q104819502", "In\u00eas Salgado": "Q104819509", "Mar\u00eda Gil": "Q104824742", "Jaya Taurani": "Q104840482", "Muriel D'ansembourg": "Q105387443", "Maysun": "Q105393550", "Sara Savery": "Q105427158", "Sayla de Goede": "Q105431907", "Amelie Lagrange": "Q105595658", "Cathy Hay": "Q105696518", "Ioana Corciova": "Q105745083", "Sandra Schulte": "Q105748161", "Linda-Lisa Hayter": "Q105923734", "Diana Magall\u00f3n": "Q105947434", "Gelareh Kiazand": "Q105965905", "Camellia Koo": "Q105968548", "Cassandre Chatonnier": "Q105980316", "Noemi Marchica": "Q106044802", "Edita Kabaraite": "Q106218467", "Aysha Shahaltough": "Q106505560", "Nina Bernfeld": "Q106582420", "Eva Coen": "Q106614459", "Neus Oll\u00e9": "Q106631380", "Maria Grishanova": "Q106632499", "Maryvonne Schiltz": "Q106636377", "Ma\u0142gorzata Zab\u0142ocka": "Q106782341", "Marie Jacotey": "Q106795947", "Charmian Smith": "Q106830941", "Eva Heinsbroek": "Q106874850", "Teri Peabody": "Q106912306", "Liz Katrin": "Q106980958", "Carole Fraser": "Q107009065", "\u00de\u00f3runn El\u00edsabet Sveinsd\u00f3ttir": "Q107022264", "Soledad Rodr\u00edguez": "Q107105783", "Marlene Lievendag": "Q107105803", "Debz Ruffell": "Q107133335", "Donna Jefferis": "Q107133336", "Gillie Coxill": "Q107133338", "Kathryn Tyree": "Q107133342", "Prunella Wilde": "Q107133344", "Maggie Cui": "Q107133774", "Amela Vili\u0107": "Q107162487", "Kerstin Halvorsson": "Q107166969", "Anne Tait": "Q107210004", "Khaleila Mohd Hisham": "Q107282974", "Sarah Klare": "Q107362713", "Pirita Norvanto": "Q107363166", "Marie Amiguet": "Q107469052", "Sharon Lomofsky": "Q107525751", "Sofie Kruneg\u00e5rd": "Q107543127", "Veronika Schneider": "Q107573131", "Anna Bartuli": "Q107591971", "Nora Becar": "Q107596085", "Paola Ronco": "Q107640386", "Gl\u00f2ria Viguer": "Q107716728", "Maja Jakovica": "Q107815202", "Aleksandra Timofeyeva": "Q107862853", "Irene Wiklund": "Q107991496", "Tina Cleary": "Q107995122", "Signe Sejlund": "Q108067758", "Gloria Charrasco": "Q108122219", "Maria Konomi": "Q108137408", "Barbara Kidd": "Q108154423", "Jelena Stefanovi\u0107": "Q108168911", "Einat Fadida": "Q108207959", "Hanna Abu Saada": "Q108286026", "N\u00faria G\u00e1miz": "Q108286880", "Judy Phu": "Q108295552", "Lanie Faith Marie Overton": "Q108312714", "Mandi Line": "Q108366146", "Ariyela Wald-Cohain": "Q108487965", "Zarlia Chisholm": "Q108553039", "Kama K. Royz": "Q108596720", "Emily Sundby": "Q108665912", "Susanna Laurola": "Q108733397", "Grazia Materia": "Q108738838", "Critter Pierce": "Q108799760", "Maria Tuset": "Q108800253", "Marion Sciutto": "Q108816709", "Dra McKay": "Q108830110", "Maja Kin": "Q108839565", "Ulrike Schaz": "Q108874751", "Janine P\u00e4tzold": "Q108875597", "Mina Fitzpatrick": "Q108882062", "Isha Ram Das": "Q108913882", "Claudia Reig Valera": "Q108916296", "Tamara Kozo": "Q109308843", "Sura Mallouh": "Q109372468", "Kit Sheridan": "Q109381371", "Sylvie Desmarais": "Q109519821", "Claude Hamel": "Q109520133", "Anna Lerbom": "Q109567005", "Kathryn Cole": "Q109591588", "Esme Pileidi": "Q109603376", "Mika Lampropoulou": "Q109674851", "Maria Geber": "Q109807460", "Fabienne Duc": "Q109831512", "Amandine Klee": "Q109853912", "Brooke deRosa": "Q109873631", "Noni Glykou": "Q109943838", "Guevara Namer": "Q109988273", "Alisarine Ducolomb": "Q110244908", "Laura Bartelloni": "Q110256317", "Andrea Ancibar": "Q110392801", "Antoinette Muto": "Q110446234", "Melissa Trn": "Q110492205", "Asha Magrati": "Q110620940", "Bianca Sarah Stummer": "Q110658638", "Ayoka Billions": "Q110680422", "Ketlin Kasar": "Q110777304", "Kadri Varblane": "Q110777310", "Marie Emilie Rowe": "Q110781084", "Gina Ferrer Garc\u00eda": "Q110797508", "Laia Colet": "Q110819883", "Alba Costa": "Q110822583", "Zelda Adams": "Q110825374", "Priya Young": "Q110832837", "Holly Rebecca": "Q110858753", "Lucie Baudinaud": "Q110892050", "Giovanna Ribes Esteve": "Q110893729", "Dominika Posser\u00e9n": "Q110899085", "Kaet McAnneny": "Q110904843", "Nike Imoru": "Q110952535", "Camila Paz Blanco": "Q110961723", "Elen Ewing": "Q110961843", "Tricia Crivellaro-Grenier": "Q110971503", "Kristiina Ago": "Q110976953", "Aurore Aleman": "Q111011884", "Sarah Naud": "Q111021736", "Kaisa Pohjola": "Q111145373", "Helena Paavilainen-Takala": "Q111145608", "Gisella Longo": "Q111153347", "Riitta R\u00f6pelinen": "Q111337363", "Saara Ryymin": "Q111360562", "Ellen Utterstr\u00f6m": "Q111490621", "Tiina Wil\u00e9n": "Q111508339", "Vanesa Hojenberg": "Q111524286", "Mariella Rauhala": "Q111532202", "Caroline Laurin-Beaucage": "Q111597259", "In\u00eas Lebreaud": "Q111658977", "Ami Goodheart": "Q111737298", "Suvi Ryh\u00e4nen": "Q111743320", "Ortensia De Francesco": "Q111755735", "Silje Fjellberg": "Q111836681", "Kaisa Rissanen": "Q111903370", "Annie Gosselin": "Q111967884", "Khadija Zegga\u00ef": "Q111975900", "Nikol Panagiotou": "Q112154741", "Leena Daru": "Q112158557", "Angelina Zeidler": "Q112169420", "Helena Fikerov\u00e1": "Q112538907", "D\u2019Arcy Foxx": "Q112544406", "Emmalie Ruest": "Q112602609", "Kathy Casey": "Q112602630", "Lina Cruz": "Q112602635", "Lenka Radecky": "Q112623927", "D. Taylor Loeb": "Q112632330", "Mar\u00eda Reyes": "Q112651102", "Kristina Mali\u0161auskiene": "Q112671355", "Maryna Gradnova": "Q112795913", "Shoneji Loraine": "Q112943656", "Marie Bergman": "Q113027040", "Eliza Chance": "Q113129531", "Karin Turesson": "Q113132804", "Alexandra Katsaiti": "Q113155152", "Uche Nancy": "Q113162137", "Peju Ajiboye": "Q113164929", "Pippa Hall": "Q113171023", "Nineta Zaharopoulou": "Q113230918", "Marcella Kjeltoft": "Q113250677", "Maria Felldin": "Q113453910", "Diemut Remy": "Q113501854", "Kaili Peng": "Q113508195", "Sarah Buortesch": "Q113605092", "Vasiliki Tranidou": "Q113632090", "Natassa Papastergiou": "Q113645550", "Johanna Enochsson": "Q113656186", "Martine Gignac": "Q113817248", "Mira Strnad": "Q113866360", "Vera Claesson": "Q113960371", "Sarah Mae White": "Q113960384", "Ellen Rudnitzki": "Q113971250", "A\u00efda MT": "Q113976346", "Rebekka S\u00f8rensen-Kjelstrup": "Q113988544", "Josephine Derghokasian": "Q114048492", "Monica Petit": "Q114082504", "Giulia Scrimieri": "Q114140838", "Anninka Velie": "Q114168102", "Genevieve Bailey": "Q114249473", "Ariane Falardeau St-Amour": "Q114313826", "Catherine K. Pelletier": "Q114313877", "Nina Korento": "Q114314563", "Aida Torrent": "Q114400875", "Alessia Cond\u00f2": "Q114728498", "Ester Mochi": "Q114755961", "Anna Zotou": "Q114781958", "Florence Scholtes": "Q114810729", "Eleni Bletsa": "Q114871500", "Jeanne Lapierre": "Q114907234", "Sera Cederberg": "Q114919250", "Keseh Morgan": "Q115080314", "Maxine Van-Cliffe Arakawa": "Q115106719", "El\u00edn Edda \u00c1rnad\u00f3ttir": "Q115111093", "Caroline Troedsson": "Q115118493", "\u00c1slaug Leifsd\u00f3ttir": "Q115175781", "Marija Carapina": "Q115188907", "Simone Kraus": "Q115257224", "Christina Alexandra Voros": "Q115272117", "Arnd\u00eds Ey": "Q115285000", "Saida van der Reijd": "Q115395597", "Regina van Eijden": "Q115395767", "Donna Gage": "Q115413047", "Marjo Federley": "Q115468676", "Brynja Skjaldar": "Q115539111", "Charlotte Walter": "Q115576182", "Jo\u00eblle P\u00e9loquin": "Q115958149", "Chananun Chotrungroj": "Q115987632", "Gabriella Martino": "Q115994259", "Dora Somova": "Q116039009", "Aleksandra Romm": "Q116274464", "Anja Gerauer": "Q116326904", "Jenna Enns": "Q116530389", "Lisa Vogt": "Q116620149", "Jessica Ronane": "Q116771693", "Adriana Bogaard": "Q116782154", "Angelika Huber": "Q116789609", "Timna Gibson": "Q116790240", "Shivani Hassard": "Q116790655", "Antonia Pepita Giesler": "Q116819316", "Marie Zahir": "Q116851729", "Lydia Richter": "Q116851866", "Kjerstin Elg": "Q116855763", "Jennifer Arsenault": "Q116857300", "Jennifer Stewart": "Q116857301", "Karyn McCallum": "Q116857345", "Gigi Lepage": "Q116914462", "Elske van Buuren": "Q116918755", "Emmanuelle Youchnovski": "Q116944046", "Praxedes de Vilallonga": "Q116944223", "Marja-Leena Savolainen": "Q116949817", "Alana Rosenblum": "Q117084296", "Katarzyna Adamczyk": "Q117087913", "Alexandra Mikroutsikou": "Q117187166", "Samantha L\u00f3pez Speranza": "Q117196870", "Heli Lindroos": "Q117207142", "Marie Credou": "Q117280266", "Victoria Wijeratne": "Q117284566", "Zorana Mei\u0107": "Q117353885", "Isabelle Bourzat": "Q117377199", "Shana Carroll": "Q117427642", "Audrey Ginestet": "Q117430078", "Johanna Fors Sj\u00f6gren": "Q117451346", "Amit May Cohen": "Q117719506", "Tanja Birgmajer": "Q117734951", "Carmen Di Pinto": "Q117738507", "Arian Lazaridou": "Q117786675", "Anne Diatkine": "Q117848749", "Ivana Zozoli Vargovi\u0107": "Q118114691", "Agnieszka Burcan": "Q118119256", "Pinelopi Malousi": "Q118175685", "Jos\u00e9e Rock": "Q118469064", "Eija-Riitta Alhainen": "Q118523675", "Pamela Prostarr": "Q118557711", "Julia Katinka Cramer": "Q118601554", "Hillary Spera": "Q118719096", "Regina Tiedeken": "Q119132251", "Rita Waszilovics": "Q119202787", "Rocio Monasterio": "Q119863784", "Blanka Budak": "Q120694053", "J\u00falia Pujol Clop\u00e9s": "Q121083008", "Brooke Hagel": "Q121094509", "Melissa Remy": "Q121094678", "Diane Schroeder": "Q121323939", "Camille Rabineau": "Q121437609", "Maya Seuleyvan": "Q121786939", "Ad\u00e9la\u00efde Gosselin": "Q122157341", "Maija Jansone": "Q122312747", "Aija Beata Rjabovska": "Q122351029", "Leesa Evans": "Q122451248", "Kim M\u00fcnster": "Q122700251", "Izabela Stronias": "Q122762218", "Nour Alkawaja": "Q122791581", "Morgane Guerry": "Q122834564", "Margr\u00e9t Einarsd\u00f3ttir": "Q122949742", "Sofi Stridh": "Q122987822", "Momirka Bailovi\u0107": "Q122988505", "Celeste Octavia": "Q123018357", "Yamini Yagnamurthy": "Q123146304", "Ibolya B\u00e1rdosi": "Q123150692", "Michelle Lawler": "Q123169255", "Kiki Pitta": "Q123181916", "Lamprini Kardara": "Q123182182", "Fisher Yu Jing-Ping": "Q123250798", "Iliana Belkhadra": "Q123277923", "Hj\u00f6rdis Mel\u00e9n": "Q123378019", "M\u00e1rcia Svartman": "Q123466937", "Jelilat Olayiwola": "Q123471181", "Katr\u012bna Liepa": "Q123479637", "Elsa Yranzo": "Q123515766", "Karin Fritz": "Q123516466", "Caroline Spreitzenbart": "Q123571016", "Rose Bush": "Q123631232", "Maja Milisavljevi\u0107": "Q123683829", "Nicole Valencia": "Q123707950", "Zolt\u00e1nn\u00e9 Homonnai": "Q123901021", "Laura Kaehr": "Q123909167", "Elsa Depardieu": "Q124049751", "Birgitt Kilian": "Q124078413", "Hilde Finnseth": "Q124080255", "Nina von Arx": "Q124129082", "L\u00edlis Soares": "Q124253856", "Victoria Pereda": "Q124259102", "Bongani Siziba": "Q124282510", "Abigail Murray": "Q124285441", "Miriam Cusson": "Q124301295", "C\u00e9line Tellier": "Q124326568", "Sarah Del Ben": "Q124339203", "Tatjana Andreeva": "Q124347774", "Frances Chen": "Q124352337", "Yin-lai Trinidad Ng": "Q124354752", "Karina Silva": "Q124357064", "Charlesetta Miller": "Q124386817", "Carrien Dijkstra": "Q124412464", "Mari Kaarma": "Q124425859", "Karin Bucher": "Q124428238", "Victoire Bonin": "Q124428730", "Emina Ku\u0161an": "Q124445343", "Nika Offenbac": "Q124513952", "Madeline Leach": "Q124526898", "Johanna Amberg": "Q124536045", "Matea Buzuk": "Q124536072", "Philine von Dueszeln": "Q124542146", "Frauke Firl": "Q124609857", "Sabina Bologna": "Q124616329", "Lana Titov": "Q124616654", "Kaie Kal": "Q124664777", "Katie Orlinsky": "Q124692174", "Leontien van Beurden": "Q124705200", "Stans Lutz": "Q124705385", "Jennifer Green": "Q124767319", "Mira L\u00e4hteenm\u00e4ki": "Q124789512", "Erika Hatva": "Q124800326", "Yasmine Eissa": "Q124814856", "Shana Eva": "Q124817680", "Chanel Marriott": "Q124967955", "Niloufar Taghizadeh": "Q124968831", "Magda Kowalczyk": "Q124969003", "Nele Dehnenkamp": "Q125019794", "Nell Knudsen": "Q125226671", "Kristen Correlll": "Q125448334", "Natalia Christabelle": "Q125459030", "Christin Sites": "Q125494789", "Malin Gutke": "Q125514699", "\u0397\u03bb\u03ad\u03bd\u03b9\u03b1 \u0394\u03bf\u03c5\u03bb\u03b1\u03b4\u03af\u03c1\u03b7": "Q125537884", "Sara Creta": "Q125712916", "Meelis Kadastik": "Q125716927", "Salla Luhtala": "Q125726759", "Maarja Vardja": "Q125755990", "Triada Papadaki": "Q125777005", "Dani Millanes Arafo": "Q126082042", "Daria D'Antonio": "Q126083577", "Vicki Delow": "Q126123892"}