{"Marija Klob\u010dar": "Q58877823", "Ursule Feydeau de Vaugien": "Q59458577", "\u00c9milie Tixier Damas de Saint-Prix": "Q113612178", "Jean de N\u00e9thy": "Q18115657", "Maria Peregrina de Souza": "Q111081944", "Liisu M\u00e4gi": "Q123864409", "Sophia Elizabeth Peeters": "Q116620790", "Wilhelmine Amalie Friederike (Frieda) Gestefeld Lipperheide": "Q88469876", "Mai Kravtsov": "Q12369495", "Olga Agreneva-Slavianska": "Q16166192", "Maria Mykolaivna Kosych": "Q24025621", "Zaboeva Feoktista Ivanovna": "Q25686828", "Marilena Bocu": "Q63431502", "Evelyn Martinengo-Cesaresco": "Q18911138", "Zofia Kowalewska": "Q6535261", "Lucie Bake\u0161ov\u00e1": "Q12034155", "Bronis\u0142awa Kondratowicz": "Q29057206", "Ang\u00e9lina Duplessix": "Q109403618", "Pauline Schullerus": "Q19630879", "Tsetsyliia Kurovets": "Q66134047", "Elena Sevastos": "Q110900555", "Melania Liatorovska": "Q22138068", "Gertrud Z\u00fcricher": "Q15450549", "Maria Krasnozhenova": "Q4238723", "Gudrun Thorne-Thomsen": "Q99295038", "Elizabeth Mincoff-Marriage": "Q96741282", "Annemarie Weis": "Q78799712", "Ane\u017eka \u0160ulov\u00e1": "Q95103637", "Agnes Wolleb\u00e6k": "Q79746910", "Hedwig L\u00fcdeke": "Q51886108", "Poldka Bavdek": "Q105945880", "Elpinik\u0113 Stamoul\u0113 Sarant\u0113": "Q12877044", "Maria Bidlingmaier": "Q80427248", "Sylvia Sterner-Rainer": "Q114031667", "Angelika Merkelbach-Pinck": "Q16222662", "Bessie Reid": "Q120417514", "Gudrun Grave Norlund": "Q86195855", "Marguerite Gauthier-Villars": "Q114237257", "Margarida Priolo": "Q12949602", "Ana Schneider de Cabrera": "Q55469963", "Marie Odermatt-Lussy": "Q28002476", "Fumi Miyagi": "Q116975234", "Ludmila Ho\u0159k\u00e1": "Q18222301", "Josefina Escajeda": "Q100152339", "Virginia Rodr\u00edguez Rivera": "Q50705520", "Vira Biletska": "Q12086574", "Anna Jir\u00e1skov\u00e1-Pe\u0161kov\u00e1": "Q95150142", "Fermina Guerra": "Q100152941", "O\u013ega Hemerkov\u00e1": "Q112491273", "Marietta Giannopoulou-Minotou": "Q55341679", "Irina Karnaoukhova": "Q23692138", "Nataliya Kolpakove": "Q89906798", "Ellen Ettlinger-Rathenau": "Q106632356", "Tamara Gabbe": "Q4130855", "Seiko Yajima": "Q11584055", "Vilma Volkov\u00e1": "Q49238606", "\u0424\u0430\u0446\u0456\u043c\u0430 \u0413\u0430\u0431\u0456\u0442\u0430\u0432\u0430": "Q16434926", "Erna Normann": "Q16407885", "Jelena Dopu\u0111a": "Q111335561", "Antoinette Cougnoux": "Q119585605", "C\u00e9cile Cuxac": "Q119649401", "Lidziya Mukharynskaya": "Q28735486", "Edith Tuomi": "Q117354544", "Marie Campbell": "Q101245661", "Johanna Monschein": "Q59530550", "Elena Petrovici Radivoi": "Q50929058", "Luutsia Vallaste": "Q12369152", "Svatava P\u00edrkov\u00e1": "Q95436773", "Selma L\u00e4tt": "Q16407233", "\u042d\u043c\u0456\u043b\u0456\u044f \u041a\u0430\u0437\u0430\u043a-\u041a\u0430\u0437\u0430\u043a\u0435\u0432\u0456\u0447": "Q122193016", "Ant\u00f2nia Buades Vallespir": "Q16180967", "Vera Kli\u010dkova": "Q112167385", "Katina Veikou-Serameti": "Q16512392", "Alta S. Fife": "Q40741635", "Hertha Wolf-Beranek": "Q95247171", "Lyudmila Aleksandrovna Varkovitskaya": "Q28358872", "Sis Tamara Andriyivna": "Q12152974", "Herta Mignon": "Q113671276", "Ingrid Buck": "Q53431480", "Tekla D\u00f6m\u00f6t\u00f6r": "Q29053276", "Ello S\u00e4\u00e4rits": "Q123023341", "Sarah Yaari": "Q99913422", "Junko Takeuchi": "Q11598929", "Johanna L. Spector": "Q108307721", "Josephine Hutson Graham": "Q112087963", "Eleni Filippidis": "Q19249422", "Maria Kosova": "Q110137530", "Simone Wallon": "Q59527188", "Bo\u017eena \u0160ebetovsk\u00e1": "Q11241266", "Hildegardes Vianna": "Q124816362", "Gundhild Holaubek-Lawatsch": "Q104051233", "Elisabeth Pfluger": "Q125617", "Wanda Pomianowska": "Q9370826", "Ale\u0161a Balounov\u00e1": "Q95156331", "Halyna Kindrativna Sydorenko": "Q20069784", "Waltraud Woeller": "Q59533133", "R\u016f\u017eena Komosn\u00e1": "Q90648829", "Elisabeth Roth": "Q1330230", "Alena Pt\u00e1\u010dn\u00edkov\u00e1": "Q95179413", "Monique Brandily": "Q113803335", "Ursula Vollbrecht": "Q101075406", "Ada Trombetta": "Q111530660", "Barbara Krader": "Q111653360", "Loreida Raudsep": "Q16405960", "R\u016f\u017eena Mal\u00edkov\u00e1": "Q95241616", "Yelizaveta Barannikova": "Q87822557", "Eleanor R. Long-Wilgus": "Q109516703", "Popi Zora": "Q42420522", "Maria Lackner-Kundegraber": "Q51886022", "Hisako Kamata": "Q103927454", "Veera Pino": "Q16408081", "Suzanne Dumas": "Q119853785", "Franti\u0161ka Pol\u00e1\u010dkov\u00e1": "Q93974277", "Andrijana Gojkovi\u0107": "Q111505816", "Leonila Apanasovna Malash-Aksamitova": "Q27919182", "So\u0148a Burlasov\u00e1": "Q112353095", "Cecilie Havl\u00edkov\u00e1": "Q95182409", "Elisabeth Pfl\u00fcger-Bouillon": "Q52661664", "Annemarie Verweyen": "Q59530078", "Mireille Helffer": "Q112429566", "Lucia Borza": "Q848114", "Viera Ga\u0161par\u00edkov\u00e1": "Q36695695", "Ursula Heindrichs": "Q6480340", "Sigrid Metken": "Q981131", "Ruth Mirov": "Q24545372", "Dagmar Severov\u00e1": "Q95460377", "Maria Augusta N\u00f3brega": "Q50387461", "Mercedes D\u00edaz Roig": "Q55999012", "Revabahen Tadvi": "Q108381456", "Helga Volkmann": "Q51107592", "Henryka Czajka": "Q108353094", "Alice Joisten": "Q112534241", "Elfriede Grabner": "Q113556741", "Barbora \u010cumpel\u00edkov\u00e1": "Q95226680", "Alvard Ghaziyan": "Q22665466", "Lilyan Kesteloot": "Q3240970", "Sl\u00e1vka Bul\u00e1nov\u00e1": "Q95378476", "Carmen Sordo Sodi": "Q41776919", "Nereyda Rodr\u00edguez": "Q111632388", "Chieko Takeuchi": "Q112239580", "Ottilie-Olga K\u00f5iva": "Q12371672", "Sofii\ufe20a\ufe21 \u012cosyfivna Hryt\ufe20s\ufe21a": "Q20066646", "Ad\u00e9lia Garcia": "Q94953466", "\u0428\u0443\u0431\u0440\u0430\u0432\u0441\u044c\u043a\u0430 \u041c\u0430\u0440\u0456\u044f \u041c\u0438\u0442\u0440\u043e\u0444\u0430\u043d\u0456\u0432\u043d\u0430": "Q123421093", "Raija Bartens": "Q16164604", "Erika Taube": "Q91618794", "Pirkko-Liisa Rausmaa": "Q95684661", "Zofia Szromba-Rysowa": "Q112066617", "\u0110enana Buturovi\u0107": "Q13091071", "L. M. Salave\u012d": "Q20830183", "Katalin Horn": "Q122832043", "Emma Petrosyan": "Q30246608", "Alki Kyriakidou-Nestoros": "Q12872236", "Nanjamma Chinnappa": "Q54572285", "Sigrid Fr\u00fch": "Q52162443", "Elena Razumovskaya": "Q96627041", "Oleksandra Kondratovych": "Q112414060", "Olga Cherepanova": "Q21857288", "Marie \u0160virgov\u00e1": "Q91062371", "Uliana Kot": "Q89896413", "Lyudmila Nikolaevna Vinogradova": "Q24010030", "Divna Ze\u010devi\u0107": "Q110089486", "Mall Hiiem\u00e4e": "Q16405862", "Tatyana Bernshtam": "Q4085125", "Nina Aleksandrovna A\u0161arina": "Q50419781", "Lorraine Sakata": "Q107331657", "Slavka Cetin \u010cufar": "Q106042049", "Aybike Ganiyeva": "Q89905800", "Virginia Garrison": "Q56072654", "Svetlana Tolstaya": "Q4459851", "Annikki Kaivola-Bregenh\u00f8j": "Q5399946", "Mary Ellen Brown": "Q111103851", "\u041b\u0430\u0440\u044b\u0441\u0430 \u041f\u0456\u043b\u0456\u043f\u0430\u045e\u043d\u0430 \u041a\u0430\u0441\u0446\u044e\u043a\u0430\u0432\u0435\u0446": "Q106289649", "Jean E. Snyder": "Q107287551", "\u039c\u03b1\u03c1\u03af\u03b1 \u039c\u03b7\u03bb\u03af\u03b3\u03ba\u03bf\u03c5 \u039c\u03b1\u03c1\u03ba\u03b1\u03bd\u03c4\u03ce\u03bd\u03b7": "Q16332323", "Martha Forsyth": "Q59440855", "Sanda Golopen\u021bia-Eretescu": "Q51077225", "Larisa Kashirina": "Q116889889", "\u0428\u04d9\u0440\u04d9\u0444\u0443\u043b\u043b\u0438\u043d\u0430 \u0492\u04d9\u043b\u0438\u043c\u04d9 \u0424\u0430\u0443\u0430\u0440\u0438\u0437 \u04a1\u044b\u0499\u044b": "Q49240558", "JaFran Jones": "Q107467501", "Isabel Silvestre": "Q10303815", "Lydia Petr\u00e1\u0148ov\u00e1": "Q65288600", "Eul\u00e0lia Hortal i Brugu\u00e9s": "Q23007307", "Elena Sergeevna Novik": "Q59178724", "Anne Romaine": "Q110915996", "Brigitte Stephani": "Q67203525", "Vlasta Grycov\u00e1": "Q95085938", "Roz\u00e1lia K\u00f3ka": "Q1124853", "Dagmar Adamcov\u00e1": "Q115271403", "Cec\u00edlia Zardini": "Q61655779", "Rotraut Acker-Sutter": "Q102348994", "Elisabeta Ticu\u021b\u0103": "Q64452568", "Irene Markoff": "Q107605580", "Sofya Agranovich": "Q4057027", "Doroth\u00e9 Schubarth": "Q20534753", "Boden Sandstrom": "Q99520551", "Beverly J. Robinson": "Q117204170", "Violetta Krawczyk-Wasilewska": "Q27914490", "Elena Roizen": "Q16593640", "Coralie Rockwell": "Q110179446", "Irene L\u00f3pez P\u00e9rez": "Q117186845", "Nicole Beaudry": "Q56461990", "Lynn Whidden": "Q56605108", "\u041a\u0443\u0434\u0440\u044f\u0448\u043e\u0432\u0430 \u0412\u0435\u0440\u0430 \u041c\u0438\u0445\u0430\u0439\u043b\u043e\u0432\u043d\u0430": "Q25680960", "Yoriko Kanda": "Q40027819", "Katalin Benedek": "Q12813756", "Ulrika Wolf-Knuts": "Q4990689", "Ildik\u00f3 Lehtinen": "Q23039847", "Beverley Diamond": "Q56644544", "Zoja Karanovi\u0107": "Q112369908", "Edakai Simmermann": "Q61111628", "Virginia Louise Danielson": "Q111503373", "Urszula Janicka-Krzywda": "Q18940819", "\u0421\u0442\u043e\u0440\u043e\u0436\u0443\u043a \u0410\u043d\u0442\u043e\u043d\u0456\u043d\u0430 \u0406\u0432\u0430\u043d\u0456\u0432\u043d\u0430": "Q105857367", "Helm\u012b Stalte": "Q112731410", "Kl\u00e1ra Bogd\u00e1n G\u0103tu": "Q97203521", "\u0412\u0430\u043b\u044f\u043d\u0446\u0456\u043d\u0430 \u042f\u043a\u0456\u043c\u043e\u0432\u0456\u0447": "Q113858454", "Corinne Frayssinet-Savy": "Q40868455", "Gisela Weiss": "Q52149438", "Ro\u017eana Ko\u0161ti\u00e1l": "Q114335932", "Charlotte Kvantaliani": "Q117201903", "Roberta Tucci": "Q111429652", "Salwa El-Shawan Castelo-Branco": "Q4531417", "Zoe Papazisi": "Q23216370", "Zoe Papazisi-Papatheodorou": "Q23419108", "Vo\u013aha Laba\u010de\u016dskaja": "Q108066899", "Amy Shuman": "Q111110017", "Zinaida Julea": "Q12744034", "Mary Hufford": "Q111110029", "Marina Roseman": "Q112110587", "Rahilya Rusnak": "Q17372307", "\u0421\u0442\u0430\u043d \u0422\u0430\u0457\u0441\u0456\u044f \u0421\u0435\u0440\u0433\u0456\u0457\u0432\u043d\u0430": "Q12157187", "Yelena Grushko": "Q4150963", "Mariana Lungu": "Q67080198", "Triinu Ojamaa": "Q12377257", "Paddy Tutty": "Q55774864", "Tatiana Vladykina": "Q56312062", "Susan G. Davis": "Q94116899", "Carola Ekrem": "Q112479915", "\u0412\u0430\u043b\u044f\u043d\u0446\u0456\u043d\u0430 \u0421\u0442\u0430\u043d\u0456\u0441\u043b\u0430\u0432\u0430\u045e\u043d\u0430 \u041d\u043e\u0432\u0430\u043a": "Q17043119", "Mare K\u00f5iva": "Q12369653", "Marjorie Hunt": "Q22104862", "Ulla Piela": "Q70206522", "Maria del Carme Oriol Carazo": "Q85957341", "Maggie Holtzberg": "Q108816474", "Cristina Bacchilega": "Q111110019", "A. Kirsten Mullen": "Q123943056", "Hanna Dose": "Q113790355", "\u041d\u0456\u043d\u0430 \u0406\u0432\u0430\u043d\u0430\u045e\u043d\u0430 \u0413\u0443\u0434": "Q123466897", "Lisa Ornstein": "Q112944292", "Francesca Ferguson": "Q107332955", "Monika Kania-Sch\u00fctz": "Q95191087", "Natalia Zumbadze": "Q120470982", "\u0424\u0438\u043b\u0438\u043f\u043f\u043e\u0432\u0430 \u0412\u0430\u043b\u0435\u043d\u0442\u0438\u043d\u0430 \u0412\u0438\u043a\u0442\u043e\u0440\u043e\u0432\u043d\u0430": "Q10964872", "\u041a\u043e\u0440\u043e\u0432\u0438\u043d\u0430 \u041d\u0430\u0434\u0435\u0436\u0434\u0430 \u0421\u0442\u0435\u043f\u0430\u043d\u043e\u0432\u043d\u0430": "Q25681042", "Barbara A. Lau": "Q109317744", "Tatyana Agapkina": "Q27895782", "Joyce Jenje-Makwenda": "Q51216867", "Anne Eriksen": "Q11958244", "Eda Kalmre": "Q61110242", "Helena Saarikoski": "Q16990268", "Heidrun Alzheimer": "Q27990219", "Anna Plotnikova": "Q109490028", "\u00c9va F\u00e1bi\u00e1n": "Q120439273", "O't\u00f4rgs-Kaisa Abrahamsson": "Q4933657", "\u0421\u0432\u044f\u0442\u043b\u0430\u043d\u0430 \u0412\u044f\u0447\u0430\u0441\u043b\u0430\u0432\u0430\u045e\u043d\u0430 \u0413\u0443\u0442\u043a\u043e\u045e\u0441\u043a\u0430\u044f": "Q119284597", "\u0425\u04e9\u0441\u04d9\u0439\u0435\u043d\u043e\u0432\u0430 \u0413\u04e9\u043b\u043d\u0443\u0440 \u0420\u0430\u0443\u0438\u043b \u04a1\u044b\u0499\u044b": "Q111634642", "Aina Maria Sans\u00f3 Rossell\u00f3": "Q47183732", "Marju K\u00f5ivupuu": "Q11260929", "Mirjana Zaki\u0107": "Q111506628", "Charlotte S.H. Jensen": "Q50361984", "Esther Gajek": "Q18684124", "Witos\u0142awa Frankowska": "Q110276413", "Joan Moser": "Q110290836", "Hiromi Fuku": "Q21019458", "\u0413\u0430\u043b\u0456\u0454\u0432\u0430 \u0424\u0430\u0440\u0456\u0434\u0430 \u0413\u0430\u0431\u0434\u0443\u043b\u0445\u0430\u0457\u0432\u043d\u0430": "Q23658949", "Lotte Tarkka": "Q25368379", "Janika Oras": "Q12365061", "Anneli Kont-Rahtola": "Q113495230", "Tuule Kann": "Q116595544", "Christiane Cantauw": "Q101059936", "Mayumi Sekizawa": "Q11656114", "Naila Ceriba\u0161i\u0107": "Q111503122", "Maria Baumann": "Q95197345", "Gy\u00f6ngyi \u00c9csi": "Q107494137", "Loone Ots": "Q12369020", "Kristiina Ilmonen": "Q125375713", "Maija Karhinen-Ilo": "Q125377814", "Oksana Ivanovna Shalak": "Q16723614", "Michaela Fenske": "Q21264505", "Manami Yasui": "Q30932557", "Anastasiya Hulak": "Q17044056", "Sandrine Loncke": "Q62339540", "\u041c\u043e\u0438\u0441\u0435\u0435\u0432\u0430 \u0421\u0432\u0435\u0442\u043b\u0430\u043d\u0430 \u0410\u043b\u0435\u043a\u0441\u0435\u0435\u0432\u043d\u0430": "Q116771461", "\u039a\u03b1\u03bb\u03bb\u03b9\u03cc\u03c0\u03b7 \u03a3\u03c4\u03ac\u03c1\u03b1": "Q125297442", "Marianna Majorosi": "Q1163727", "Maari Kallberg": "Q106604695", "Audhild Skoglund": "Q10706979", "Nina Pinto-Abecasis": "Q19841971", "Tuulikki Kurki": "Q18633144", "Piret Voolaid": "Q28914118", "Kairi Leivo": "Q123958586", "Adile Kurt Karatepe": "Q31190832", "Ann Kaplan": "Q108901890", "\u0422\u0430\u0446\u0446\u044f\u043d\u0430 \u0414\u0437\u043c\u0456\u0442\u0440\u044b\u0435\u045e\u043d\u0430 \u0420\u0430\u0431\u0435\u0446": "Q124725615", "Mari Sarv": "Q50171642", "Evelyn Fink-Mennel": "Q65770245", "Merili Metsvahi": "Q56233504", "Adriana Helbig": "Q21683068", "Reet Hiiem\u00e4e": "Q29420165", "\u0414\u0430\u0445 \u041c\u0430\u0440\u0442\u0430 \u0406\u0432\u0430\u043d\u0456\u0432\u043d\u0430": "Q65203452", "Alexa Waschkau": "Q20898679", "Magdalena Szyndler": "Q112544879", "\u00c1gnes Herczku": "Q112859332", "\u041e\u043b\u0456\u0439\u043d\u0438\u043a \u041e\u043a\u0441\u0430\u043d\u0430 \u0413\u0440\u0438\u0433\u043e\u0440\u0456\u0432\u043d\u0430": "Q30605991", "Laura Henriksson": "Q21084745", "Minna Hokka": "Q116066611", "Alexandra Arkhipova": "Q98660511", "Szilvia Bogn\u00e1r": "Q833407", "Celina da Piedade": "Q56346701", "Liisi Laineste": "Q29420274", "Liis Keerberg": "Q61111648", "Ewa S\u0142awi\u0144ska-Dahlig": "Q17705044", "Sara Vidal": "Q3332428", "Barbara Alge": "Q58197548", "Eeva Talsi": "Q16406011", "Janin Pisarek": "Q123357012", "Leija Lautamaja": "Q125380471", "\u0410\u043d\u043d\u0430 \u0428\u043f\u0438\u043b\u0435\u0432\u0441\u044c\u043a\u0430": "Q55108695", "Ethel Raim": "Q33107332", "Natali Ponetajev": "Q124605031", "Miriam Meghnagi": "Q3858835", "\u0932\u0915\u094d\u0937\u094d\u092e\u0940 \u092a\u0930\u093f\u092f\u093e\u0930": "Q13185692", "\u041c\u0430\u0440\u044b\u044f \u0427\u0430\u0440\u043d\u043e\u045e\u0441\u043a\u0430\u044f": "Q24229279", "Nathalie Fernando": "Q56322194", "Jeanne Harrah-Johnson": "Q58048527", "Christina Barr": "Q60032455", "Ruthie Meadows": "Q63184495", "Ceri Houlbrook": "Q79204600", "Josefina Tarafa": "Q81213765", "Maida Owens": "Q81214349", "Rae Korson": "Q81413924", "Nelli Dimoglou": "Q84956494", "Brigitte Renard-Clamagirand": "Q86738679", "Rita Ottens": "Q95739192", "Ra\u1e25el Shpan": "Q97362143", "Nancy Dols Neithammer": "Q97853319", "Nancy Kalow": "Q98278098", "Dafni Kouleli": "Q98540967", "Christina Sunardi": "Q99508051", "Anne Caufriez": "Q104698961", "Michiko Urita": "Q104906469", "Kim Anne Carter Mu\u00f1oz": "Q105082162", "Kathryn Marsh": "Q105100732", "Kimberly Cannady": "Q106164656", "Julia G. Day": "Q106171446", "Maren Haynes Marchesini": "Q106195545", "Kait LaPorte": "Q106211328", "Leah Pogwizd": "Q106211590", "Laurel Sercombe": "Q106761196", "Pamela Costes-Onishi": "Q106836294", "Tove Knutsen": "Q106949759", "Heather Joseph-Witham": "Q107066999", "Carol Silverman": "Q107643510", "Kati Szego": "Q107791351", "Jill Hemming": "Q108746929", "Geraldine Niva Johnson": "Q108874649", "Shirley Keller": "Q108923222", "Florence O. Meade": "Q110463846", "Joyce Joines Newman": "Q110536369", "Catherine Peck": "Q110628231", "Karen Helms Pressley": "Q110838141", "Katherine R. Roberts": "Q110915801", "Gabrielle Yablonsky": "Q111110023", "Jacqui Malone": "Q111110025", "Hanne Kjersti Buen": "Q112057612", "Carolina Robertson": "Q112114279", "C\u00e9line Ricard": "Q112659785", "Fatimane Moussa Aghali": "Q115913538", "Taya M\u00e2 Shere": "Q117883872", "Kelly Fitzgerald": "Q118378680", "Irene Karongo Hundleby": "Q121078471", "Sunhee Koo": "Q122198250", "\u0406\u0437\u0430\u0431\u0435\u043b\u0430 \u041f\u044f\u0442\u0440\u043e\u045e\u043d\u0430 \u0413\u0443\u0434\u0432\u0456\u043b\u043e\u0432\u0456\u0447": "Q123455624", "Liz Knowles": "Q124172263", "Mar\u00eda Jes\u00fas Pena Castro": "Q124680241", "Skaidr\u012bte Dariusa": "Q125565448"}