{"Karina Laval": "Q69180662", "Eva Neidegger": "Q111041338", "Empress Peng": "Q8253967", "Empress Wang": "Q8253988", "\uc724\ubd80\uc778 (\uba85\ud558)": "Q17012475", "Derxken Leyendecker": "Q123114557", "Maria Holl": "Q324092", "Cunera van Baersdorp": "Q17327557", "Elisabeth Hoffmann": "Q22893913", "Catalina P\u00e9rez y V\u00e1zquez": "Q110446776", "Friederike Luise L\u00f6ffler": "Q60828910", "Anna-Maria Zetterstrand": "Q4990920", "Anna Maria Stoltze": "Q94769583", "Johanna Maria Caroline Ruaux": "Q1679497", "Fernanda Barriga": "Q108486536", "Jammerpepi": "Q96099978", "Jemima Stroud": "Q116508494", "Terezie Masarykov\u00e1": "Q12058727", "Cecilia Andersson": "Q113631224", "Elly Day": "Q116728997", "Madam Felle": "Q15007971", "Lucy Turner": "Q116732710", "Bertha Gumprich": "Q827706", "Martina de Zuricalday": "Q113626110", "Magdalene Reiter": "Q55859624", "Vilem\u00edna Hybe\u0161ov\u00e1": "Q105756371", "Louise Lembke": "Q94772558", "Harriet Glass Barrett": "Q116193789", "Julie Romanie Verbauwhede": "Q125353522", "Anna Wehinger": "Q562232", "Anna B. Scott (Mrs.)": "Q117806472", "Matilde Garc\u00eda del Real": "Q6006186", "Rosalia Tobia": "Q115162298", "Aennchen Schumacher": "Q105541", "Petra Laborda Zuzuarregi": "Q124757054", "Martha Wiborg Fleischer": "Q84941121", "M\u00e8re Maury": "Q20723819", "Cl\u00e9mentine Rouzaud": "Q113956717", "Judith Karlander": "Q42296510", "Lilian Whitling": "Q96678597", "Wallina Valtin": "Q65246648", "Hester Parnall": "Q115820662", "Karolina Herou": "Q120175647", "Katherine Ryan": "Q77727757", "Anna Blaudzun": "Q127947113", "Olga Topp": "Q87263904", "Anu\u0161e Kej\u0159ov\u00e1": "Q112347099", "Louise Agostini": "Q65807508", "Tante Sien": "Q64667234", "Martha Barten n\u00e9e H\u00f6pfner": "Q118120007", "Anna Mochow": "Q97460633", "M\u00e9lanie Rouat": "Q18421541", "Amy Laugharne": "Q114571030", "Ana Martinha da Silva": "Q125915739", "Agata Phutta": "Q9141938", "Caroline Leopoldine Sch\u00f6ner": "Q47522876", "Elisabeth B\u00e4umlinger": "Q127947105", "Helena \u0160molkov\u00e1": "Q115978782", "\u00c9lisa Blanc": "Q3587828", "Maria Peintner": "Q100441774", "Therese K\u00fchner": "Q115706880", "Lina Weitlaner": "Q108200982", "Elsie Caroline Lagsding": "Q117793737", "Coloma Abrines Vidal": "Q19998216", "Erminia Cella": "Q27345220", "\u00c1ngela Rivera Bali\u00f1o": "Q125417690", "Tante Marie": "Q112498328", "Olga Lundin": "Q62018930", "Helena Jehli\u010dkov\u00e1": "Q112528482", "Ella Kitunen": "Q56403786", "Anna Zelenka": "Q108201261", "Riek Lotgering-Hillebrand": "Q2207528", "Ludmila Ho\u0159k\u00e1": "Q18222301", "Ethel Austin Martin": "Q113501912", "Elisabeth Hartmann": "Q119700041", "Yisuen Sanidvongs na Ayudhya": "Q16139165", "Annie Helen Pura": "Q24224989", "Elna Gistedt": "Q4950155", "Maria Elizabeth Winblad": "Q20668389", "Margaret Carrington Moore": "Q124827184", "Marie Josse": "Q33127668", "Elisa Josse": "Q33127681", "Clara Mae Taylor": "Q115056750", "So\u0161a Jak\u0161a": "Q57174214", "Anna Milczanowska": "Q110846481", "Wella Wilhelm": "Q76874520", "Florisbela": "Q107083949", "Maria Saidler": "Q1896285", "Adriana Urbina": "Q50379721", "Maria Sandmayr": "Q94777130", "Margarita Carrillo Arronte": "Q19950318", "Mathilde Zisterer": "Q114339838", "Antonia Weiss": "Q111579712", "Irma Turnsek": "Q110850385", "Bobbie Erskin Phillips": "Q125990375", "Hermine Dasovsky": "Q111568951", "Raymonde Delalande": "Q117842957", "Maude Chasen": "Q107113082", "Katheryn E. Langwill": "Q115056553", "Gerda Kowalke": "Q94757472", "Maria Tereza de Brito Silva": "Q109784874", "Aleksandra Klebais": "Q110844919", "Fumiko Matsumoto": "Q63131402", "Ting Soo Hoo Ong": "Q106721809", "Chrissa Paradissis": "Q19360954", "\u0535\u056f\u0561\u057f\u0565\u0580\u056b\u0576\u0561 \u0555\u0564\u056b\u0576\u0581\u0578\u057e\u0561": "Q85996626", "Rosario Sur\u00f3s Juli\u00e0": "Q11946302", "Hilda M. Covey": "Q106910488", "Catharina Pugliese Serroni": "Q109778819", "Dariia Tsviek": "Q12168241", "Salme Masso": "Q16403242", "Aleksandra Proskurkina": "Q109628031", "Leokadia Moryson": "Q110846601", "H\u00e9l\u00e8ne Hiertz": "Q16439422", "Stefanie K\u00fcrner": "Q117707913", "Adalgisa Caporossi": "Q63107188", "Glenda Williams": "Q41039978", "Varvara Furman": "Q110843500", "Josefa Hawelka": "Q94160", "Lore Trenkler": "Q41796343", "Fernanda Gosetti": "Q41476275", "Eva May Roy": "Q115870223", "Maija Pekkarinen": "Q28720788", "Na\u00edde Regueira Teod\u00f3sio": "Q104412399", "Rosemarie Ostwald": "Q52008215", "Emmie Ducie Oddie": "Q99980045", "Juanita Bordoy": "Q107883899", "Martha Thalheim": "Q98545947", "Aloisie Kucha\u0159ov\u00e1": "Q114588477", "Margarete Bardo": "Q106470699", "Irma Stormbom": "Q61985044", "Lieselotte Hoeschl Ornellas": "Q28678002", "Josefina Vilas Ra\u00f1a": "Q61994025", "Virginia A. Beal": "Q117466866", "Edith Irvine": "Q95399285", "Hilda R. Nagel": "Q95886730", "Bashkhanum Kerimova": "Q51670151", "Doreen Moira Langley": "Q109886037", "Emma Duprey de Sterling": "Q123488742", "Sh\u014d Michiko": "Q11464811", "Gullu Lyazgieva": "Q55102065", "Gulkhanum Namazova": "Q55103846", "Adela Hernandez Gonzmart": "Q116671753", "Patrice Jelliffe": "Q18608388", "Gajar Namazova": "Q55103845", "Marianne Kaltenbach": "Q1225567", "Anto\u0146ina Masi\u013c\u016bne": "Q83732487", "C\u00e4cilia Hainsch": "Q108551517", "Ha Seon-jeong": "Q16191908", "Rosalie J. Downes Emrich": "Q95886164", "Pilar Narbaiza": "Q110737874", "Nancy Reid": "Q95884808", "Daphne A. Roe": "Q108754915", "Gulandam Amiraslanov": "Q47453282", "\u0414\u0430\u0442\u0443\u043d\u0430\u0448\u0432\u0438\u043b\u0438, \u0415\u043b\u0435\u043d\u0430 \u041d\u0438\u043a\u043e\u043b\u0430\u0435\u0432\u043d\u0430": "Q85991213", "Kl\u00e1ra K\u00e1llai": "Q65956190", "\u00c0gueda Vadell Pons": "Q11955676", "Maria Esteva Ferrer": "Q17126923", "Hermi Hirsch": "Q111568950", "Humay Huseynova": "Q51669071", "Jonna Dwinger": "Q12320307", "Ann Howard": "Q15694694", "Ha Suk-jeong": "Q124512848", "Blanca Cotta": "Q29938982", "Chen Chunming": "Q16077908", "Marina Escobar Moscoso": "Q117814455", "Muriel Stevens": "Q106399808", "Anna Straub": "Q95198965", "Mar\u00eda Teresa Tipanta Ambato": "Q105756534", "Caty Juan de Corral": "Q19998168", "Gloria Gandiaga Goicoetxea": "Q110644801", "Galina Kamenskaya": "Q4211322", "Rollande Desbois": "Q62416343", "Choly Berreteaga": "Q5650880", "Helen Kafkis": "Q95887987", "Yuet Ming Wong": "Q95889046", "Edna \"Dolly\" Kyle": "Q112210784", "Luzia Go\u00f1i": "Q43305076", "Nati Bilbao Onaindia": "Q123287120", "Ritva-Liisa Karvetti": "Q28100076", "Jarmila Blattn\u00e1": "Q95082202", "Shirley Cochran": "Q64109641", "Ay\u015fe Baysal": "Q28036172", "Dagny M\u00e5lfrid Tangen": "Q57651657", "Dorota Posp\u00ed\u0161ilov\u00e1": "Q20010916", "Beatriz Chomnalez": "Q28051702", "Maria de Lourdes Modesto": "Q10326156", "Marie Zaj\u00edcov\u00e1": "Q95461759", "Ir\u00e8ne Grosjean": "Q105105013", "Pierrette Sarran": "Q80197659", "Emilia Pi\u0119kosz-Hynek": "Q61784627", "Seija Pukonen": "Q25845211", "Aase Str\u00f8mstad": "Q11956752", "Verla L. Courey": "Q95884373", "Ragni Rissanen": "Q20252768", "Hedda Widmer-Hadorn": "Q94773106", "\u05e9\u05e8\u05d4 \u05d7\u05ea\u05df": "Q104533685", "Gunhild Eklund": "Q115912961", "Odila Veronesi Borges": "Q109792361", "Georgina Reg\u00e0s i Pag\u00e8s": "Q11924087", "Zilda Bernadete": "Q109775885", "Marie Anto\u0161ov\u00e1": "Q95179769", "Ginette Delaive-Lenoir": "Q20666500", "Marguerite M. Horgus": "Q95882629", "Marie-Th\u00e9r\u00e8se Mora": "Q116756565", "Ann Cooper": "Q23782708", "Mar\u00eda Teresa Aguado Castillo": "Q107345956", "Lisa Fong": "Q10307823", "Margarethe Bacher": "Q1687704", "Eva Ronovsk\u00e1": "Q125579496", "Zineb Sekelli": "Q111906659", "Nancy Appleton": "Q26707132", "Alena \u0160ebkov\u00e1": "Q125579354", "Adela Fargas": "Q107530590", "Lena Hakobyan": "Q16382081", "Montserrat Fontan\u00e9 Serra": "Q106965833", "Agnes Amberg": "Q15436304", "Virg\u00ednia Joaquina de Oliveira Lima": "Q109776107", "Annie Desvignes": "Q97291168", "Ida Davidsen": "Q19823866", "Monika Fuchs": "Q110052673", "Mimi Kirk": "Q112501706", "Arlola Rawls": "Q95888528", "Encarna Casado P\u00e9rez": "Q125144952", "Mam\u00e3 Kuiba": "Q111732217", "Giuseppina Beglia": "Q95207578", "Heather Greenfield": "Q125287760", "Akiko Hachaiya Pinto": "Q109776330", "Berenice Juliana Ricardo Nascimento": "Q109792210", "Rosalba De Carlo": "Q3941296", "Marlies Schoch": "Q1902080", "Maria Elba de Sousa Silva": "Q109787595", "Angelita Alfaro": "Q8199625", "Rosi McGinnity": "Q98828650", "Louise Lambert-Lagac\u00e9": "Q3263759", "Patricia Yanni": "Q95886758", "\u0410\u0440\u044b\u04ab\u043b\u0430\u043d\u043e\u0432\u0430 \u0418\u043d\u0434\u04af\u0441\u04d9 \u04d8\u043c\u0438\u0440 \u04a1\u044b\u0499\u044b": "Q116740589", "Jelka Koselj": "Q114170456", "Monica Ekman": "Q4946160", "Lois Kittson": "Q92938669", "Elisabeth Checa": "Q114569989", "Margaret Shen": "Q55766708", "In\u00eas Zanotti Gimenes": "Q109793183", "Maria Deonisia de Souza": "Q109758783", "Francisca Tom\u00e0s Suau": "Q9055269", "Alicia R\u00edos": "Q108556436", "Loles Salvador": "Q108564791", "Hester Vorster": "Q80097547", "Adrianne Bendich": "Q112399010", "Irma D\u00fctsch": "Q73926901", "Mari Tere Alberdi Olabegoia": "Q115526779", "Leslie Revsin": "Q106369269", "Mary Marquardt": "Q13407390", "Marianne Kohn": "Q111580075", "Barbara Teraoka": "Q17232742", "Pilar Ju\u00e1rez Conesa": "Q106592328", "Rosalina Ferreira Terres": "Q109779880", "Sonia Catepill\u00e1n": "Q124214134", "Miho Sait\u014d": "Q11500364", "Marina Cepeda Fuentes": "Q17284899", "Maria Remei Hofmann i Rold\u00f3s": "Q64370141", "Betty Wedman-St. Louis": "Q112546430", "\u054d\u057e\u0565\u057f\u056c\u0561\u0576\u0561 \u053f\u056b\u0577\u056f\u0578\u057e\u057d\u056f\u0561\u0575\u0561": "Q107446432", "Kathy Kriger": "Q56025202", "Carmen Casas": "Q108593852", "Tatus Fombellida": "Q12267846", "Eva Dahlman": "Q29886283", "Marie Rougier-Salvat": "Q64347193", "Raya Lichansky": "Q96257612", "Peggy Rakestraw": "Q95883712", "Silvia Maria Franciscato Cozzolino": "Q109781186", "Mar\u00eda de Lourdes Monges Santos": "Q50324267", "Lyn Hall": "Q112488425", "Cleri Teresinha Gon\u00e7alves Martins": "Q109776095", "Silvia Isabel Antunes": "Q109779885", "Ala\u00edde do Feij\u00e3o": "Q110776239", "Doris-Katharina Hessler": "Q1245068", "Margalida Alemany Ense\u00f1at": "Q11935387", "Hana Halmov\u00e1": "Q112486425", "Carole Bisogni": "Q114684432", "Auguszt Olga": "Q124595130", "Sisca Soewitomo": "Q17411420", "Celina dos Santos Oliveira": "Q109776111", "Marta Ballina": "Q6001866", "Eu\u0113 L. Voutsina": "Q24027722", "Hee Young Paik": "Q50125247", "Fern Green": "Q65088399", "Naura Teresinha Andrioti Machado": "Q109776141", "Ana Maria D'Angelo": "Q109780732", "Do\u00f1a \u00c1ngela": "Q98062426", "Rossella Vodret": "Q20948745", "Anna Wo\u017aniak-Starak": "Q66759039", "Jennifer Raymond": "Q112480358", "Lynne Sierra": "Q95882551", "Martine Nouet": "Q28494950", "Sikke Sumari": "Q11893451", "Paulina Santos e Silva": "Q109777007", "Etsuko Oguchi": "Q11459304", "Maria Zarl-Eckel": "Q95207510", "Nair Oliveira de Almeida Bonilho": "Q109787482", "Marie Dunford": "Q112437096", "Elisabeth Lange": "Q112438183", "Fat\u00e9ma Hal": "Q70000773", "Olympe Versini": "Q97502993", "Mar\u00eda Paz Ivison Carrera": "Q108555591", "Maria das Gra\u00e7as de Ara\u00fajo Ximenes": "Q109779671", "Marilyn Glenville": "Q106568124", "Fran\u00e7oise Mutel": "Q64242543", "Anemette Olesen": "Q12301638", "Andrea Romero Rojas": "Q47507833", "Robin G. Robertson": "Q112482664", "Ph\u1ea1m Th\u1ecb \u00c1nh Tuy\u1ebft": "Q113163867", "Marie-Christine Cl\u00e9ment": "Q3291631", "Elisabeth Leicht-Eckardt": "Q113784981", "To\u00f1i Vicente": "Q12401257", "Marita Echave": "Q124302265", "Tien-lan Hu": "Q9328920", "Reine Sammut": "Q64224922", "Edna Souza de Costa": "Q109982211", "Lisl Wagner-Bacher": "Q1827994", "Maria Aparecida Rodrigues (Cida Preta)": "Q113423349", "Sook-Mee Son": "Q16083684", "Ereni Diniz Poerschke": "Q109758809", "Tia Benildes": "Q109779155", "Joan K. Ransley": "Q112368813", "M\u00e1ria Chrenkov\u00e1": "Q112532251", "Haya Molcho": "Q82305834", "Pilar Idoate": "Q108603152", "Iracema Gon\u00e7alves dos Santos": "Q109793020", "Jaroslava Kreuzbergov\u00e1": "Q95168998", "Wang Hsuan-yi": "Q19367380", "Muriel Ferrari": "Q112675967", "Anadela Serra Visconti": "Q3614882", "Mariona Cuadrada": "Q5199053", "Lydia Egloff": "Q95207511", "Serpentina Hagner": "Q64606615", "Marie Chiff\u2019Mine": "Q114986428", "Miriam de Miranda Lacerda Rodrigues da Silva": "Q64833430", "Birthe Skands": "Q12303587", "Susi D\u00edaz": "Q18617003", "Montse Estruch i Casagolda": "Q21127001", "M\u00f3nica Pati\u00f1o": "Q6036235", "Nerys Howell": "Q47130272", "Camilla Plum": "Q375276", "Priscilla Martel": "Q7245606", "Sherry Ansky": "Q6855753", "Manal Alalem": "Q20425194", "Valentina Harris": "Q63968959", "Justa Nobre": "Q96184793", "Remedios S\u00e1nchez S\u00e1nchez": "Q107377428", "Ngaire Hobbins": "Q112527165", "Barbara Rosa Storb": "Q112535658", "Lisbeth Jacobsen": "Q63058042", "Kirane Grover Gupta": "Q14626712", "Consolo": "Q109787709", "Loles Vives": "Q105492197", "Zoi Livaniou": "Q40916084", "Montserrat Sanahuja": "Q116778964", "Ayelet Kalter": "Q25490165", "Judith K. Donnelly": "Q112368814", "Maria Linda Villanueva Sun": "Q91079038", "Margot Fischer": "Q100532666", "I-Ho Pomeroy": "Q124693980", "Teresa Carles i Borr\u00e0s": "Q61747707", "Lucille Han": "Q19420787", "No\u00eblle Bizi Bazouma": "Q12736920", "Angela Inselkammer": "Q91888615", "Sabine Gr\u00e4sslin": "Q95201850", "Rosemarie Richter": "Q95203592", "Amye Un": "Q111751413", "Rose Marie Donh\u00e4user": "Q105899866", "Sunemita Pereira da Cunha Nascimento": "Q109790827", "Anna Sgroi": "Q563259", "N\u00e1dia Campanholli": "Q109776685", "Carla Pernambuco": "Q16939637", "Irene K\u00fchrer": "Q112395571", "Jacqueline Amirfallah": "Q1364322", "Marta Gessler": "Q11770570", "Vivi Schou": "Q62029946", "Ad\u00e9lia de Jesus Almeida": "Q109757561", "Kikuko Panzetta": "Q11329694", "Isabela Foga\u00e7a": "Q10303841", "Andrea Simmen": "Q124687", "Anna Matscher": "Q53951963", "Liselotte Forslin": "Q112515260", "Mirka van Gils Slav\u00edkov\u00e1": "Q74790653", "Maija Silvennoinen": "Q16990522", "Dagmar He\u0159tov\u00e1": "Q95227246", "Nina Sj\u00f8en": "Q11991551", "Loredana Limone": "Q28112111", "\u00c5se Kongsvik": "Q28148351", "Katar\u00edna Babinsk\u00e1": "Q108933571", "Norzailina Nordin": "Q7061681", "Solange Cabido Pinheiro": "Q109781255", "Pernilla \u00d6fverg\u00e5rd": "Q122646827", "Kate\u0159ina Cajthamlov\u00e1": "Q14541736", "Carola de Kanter": "Q27681570", "Ir\u00e8ne Bodenmann-Meli": "Q107561108", "Estella Moshkovitch Belfer": "Q47869544", "Kathryn Lukas": "Q112561180", "Dolors Borau Llad\u00f3": "Q53547152", "May Huang": "Q8260210", "Katrine Klinken": "Q12321577", "JJ Virgin": "Q111074639", "Lia Virkus": "Q116214590", "Nicole Fagegaltier": "Q64349001", "Fina Puigdevall": "Q17036068", "Mona Halvorsen": "Q17094219", "Irene Uehara": "Q109776763", "Claudia J. M. Rokx": "Q110414961", "Anette Dieng": "Q112563528", "Severina Bezerra da Silva": "Q109777412", "\u0428\u0435\u0432\u0447\u0443\u043a \u041b\u044e\u0431\u043e\u0432 \u0422\u0430\u0440\u0430\u0441\u0456\u0432\u043d\u0430": "Q69640527", "Kerstin Duffy": "Q11871013", "Anette R\u00f6ttger": "Q38678341", "Michelle Lo": "Q794930", "Ang\u00e9lique Schmeinck": "Q4281998", "Xica da Silva": "Q113423743", "Gabriele Stangl": "Q21260097", "Natalia Cattelani": "Q80978813", "M\u00e1rcia Cristina Magalh\u00e3es Monteiro": "Q109791441", "Susanne V\u00f6ssing": "Q2369554", "Marta Garaulet": "Q9029514", "Maria Helenice Guerra": "Q109785266", "Wendy Outhwaite": "Q105492216", "Maria Zizuina Santos": "Q109793028", "Ana Quincoces": "Q47457138", "Laura da Silva Dias Rahal": "Q109776302", "Zuzana Tere\u0161ov\u00e1": "Q112564962", "Agnieszka Kr\u0119glicka": "Q9142319", "Corinne Gouget": "Q20644329", "Martina K\u00f6mpel": "Q20752133", "Jutta Profijt": "Q82512475", "Erin Coopey": "Q112507619", "Henrike Dielen": "Q112514471", "Claudia Nemec": "Q112549642", "Sarita Sehjpal": "Q124737828", "Marcia Christina Amado Serpa Borges": "Q61878369", "Dilza de Jesus": "Q109786499", "Josefa Concei\u00e7\u00e3o F\u00e9lix": "Q109776776", "Elizabeth Ceni dos Santos": "Q109758565", "Maya Rosman": "Q18388476", "Sandra Wallner-Liebmann": "Q24685985", "Sonia Ezgulian": "Q52696570", "Ursula Schwab": "Q63384043", "Mette Ankarloo": "Q112515459", "Beate Mari Jahnke": "Q120616262", "Beatrice Rall": "Q113767052", "Sonja Floto-Stammen": "Q125548866", "Nana Schreier": "Q60899915", "Roberta Sudbrack": "Q43193576", "Maria Cec\u00edlia Roxo Pochettino \"Ci\u00e7a\"": "Q109779780", "Jane A. Scott": "Q50530311", "Annette Abstoss": "Q28811420", "Chianti Jackson Harpool": "Q95888502", "Flora Mikula": "Q118352557", "Yusraini": "Q115774161", "Sandra Ysbrandy": "Q56196037", "Elles Kiers": "Q106379410", "Esther Manzano": "Q109423967", "Angela H\u00e4u\u00dfler": "Q113775438", "Gry Kirsti Skj\u00f8nhaug": "Q531556", "Zde\u0148ka Sinkulov\u00e1": "Q125579435", "Nathalie Brigaud Ngoum": "Q117327871", "Erica Angyal": "Q18545764", "Malin S\u00f6derstr\u00f6m": "Q4981876", "Pascale Naessens": "Q1841950", "Sandra Amorim": "Q113423566", "Maru Botana": "Q6003045", "Sandra Mathias": "Q120469351", "Daniella Do\u010dkalov\u00e1": "Q95375129", "Margit Slim\u00e1kov\u00e1": "Q16335862", "Astrid Gutsche": "Q115900560", "Miroslava Kronkov\u00e1": "Q125985958", "Tanja Grandits": "Q15439538", "Vanessa Le Page": "Q7914681", "Nina Zacher": "Q54474654", "Gabriela Montenegro-Bethancourt": "Q65708005", "Karin Schlesier": "Q105979372", "Sv\u011btlana Syn\u00e1kov\u00e1": "Q112539267", "Christine Egger": "Q112542139", "Seung-Min Lee": "Q89217973", "Sonja Lee": "Q91611639", "Th\u00e9r\u00e8se Boer": "Q1954970", "Cornelia Poletto": "Q1133397", "Tiziana Stefanelli": "Q105100155", "Arabelle Meirlaen": "Q65493545", "Chafa\u00ef Choumicha": "Q542225", "Mausi Sebess": "Q6007246", "Malala L\u00f3pez Grandio": "Q9027087", "Dagny Ros Asmundsdottir": "Q27915651", "Ai Hosokawa": "Q56562594", "Anja Bosy-Westphal": "Q90408836", "Karol\u00edna Kambersk\u00e1": "Q100406682", "Naz Deravian": "Q114862301", "Francesca Barberini": "Q100226899", "Mark\u00e9ta Hrube\u0161ov\u00e1": "Q1901945", "Chotika Kwanthiti": "Q13014361", "Narda Lepes": "Q6038269", "\u054e\u0561\u0580\u0564\u0561\u0576\u0578\u0582\u0577 \u054a\u0565\u057f\u0580\u0578\u057d\u0575\u0561\u0576": "Q23019296", "Kille Enna": "Q18421576", "Heli Maman": "Q67569803", "Tess Masters": "Q112503160", "Ingela Persson": "Q112563530", "Carina Brydling": "Q4941037", "Lindalva E. Souza": "Q109781025", "Petra Hajzlerov\u00e1": "Q115987838", "Radka Rous": "Q106394937", "Mark\u00e9ta Miku\u0161\u00edkov\u00e1": "Q111586021", "Patr\u00edcia Tassi": "Q109776424", "Vreni Giger": "Q92955049", "Montse Morante i Schiaffino": "Q97485511", "Rita Lobo": "Q114453142", "Anette Palssa": "Q115096751", "V\u00e9ronique Perreault": "Q124361134", "Sandra Forster": "Q125052969", "Ivana B\u00fcttner": "Q95482306", "Sofie Dumont": "Q2323905", "Olga Mar\u00eda del Carmen Ramos Huam\u00e1n": "Q124448270", "Yuki Aoyama": "Q11661282", "Gayane Beriova": "Q30038146", "Karolina Sparring": "Q16596402", "Miyuki Igarashi": "Q21018799", "Zahie T\u00e9llez": "Q126202296", "Birgit Reitbauer": "Q105906714", "Park Ri-hye": "Q8018194", "Aizpea Oihaneder": "Q30467174", "Mi-Ra Kim": "Q64349035", "Silvie Sulansk\u00e1": "Q112400398", "Mareike Gro\u00dfhauser": "Q112495964", "Tina Zlato\u0161 Turnerov\u00e1": "Q112526145", "Pamela Villar": "Q114580027", "Regina Costa dos Santos": "Q109793125", "Jana\u00edna Torres": "Q69831714", "Andreia Souza Oliveira Ros\u00e1rio": "Q109778719", "Adonita Maria de Jesus": "Q109757615", "Braunda Smith": "Q122976093", "Marit Kolby": "Q124750200", "Silvia Cristina Soares do Nascimento": "Q113423621", "Iolanda Bustos": "Q11926828", "Elena Reygadas": "Q109888417", "Pavl\u00edna Kopf\u0161tokov\u00e1": "Q112494066", "Pavl\u00edna Klopf\u0161tokov\u00e1": "Q112494083", "Ebru Baybara Demir": "Q123475973", "Lisa Garza": "Q16208225", "Dona Angela": "Q109982184", "Pavlenko Yanina Petrovna": "Q111582466", "Jennie Walld\u00e9n": "Q69651077", "Petra \u0158eho\u0159kov\u00e1": "Q20057982", "Anne Alassane": "Q2850956", "K\u00e9da Black": "Q6453661", "Analy Rosa": "Q107126139", "Lise Finckenhagen": "Q11984200", "Anika Eva Wagner": "Q105967832", "Fernanda Rodrigues da Costa": "Q64847644", "Jitka Strnadov\u00e1": "Q125579386", "Dagmar Bobkov\u00e1": "Q112411827", "Tara Wigley": "Q112516507", "Sybille Sch\u00f6nberger": "Q2373551", "Christelle Vougo Anet": "Q96739149", "Irina Georgescu": "Q115564729", "Cristiane Marcondes dos Santos Dualibi": "Q109793236", "Daria Malakhova": "Q29891615", "Ilona Bansal": "Q114568659", "Ruthie Rousso": "Q46999708", "Meryem Cherkaoui": "Q120442238", "Colombe St-Pierre": "Q109474658", "Georgiana Viou": "Q79625316", "Trude Eide Straume": "Q125226423", "Itziar Gonz\u00e1lez de Arriba": "Q126010116", "Sarah Owens": "Q121587049", "Tabata Mey": "Q60834656", "Vanty Veronica": "Q109563818", "Daniela B\u00fcchner": "Q48683466", "Natalia Avtandilovna Kiknadze": "Q105075546", "Charlotte Mohn": "Q11963470", "Lucilene Rossi dos Santos": "Q109792891", "Genevi\u00e8ve O'Gleman": "Q106086196", "Zlata Otavov\u00e1": "Q105394845", "Andrea Bure\u0161ov\u00e1 Li\u0161kov\u00e1": "Q117751381", "Laetitia Cosnier": "Q64224915", "Ana Motta Moura": "Q109776948", "Chiho Kanzaki": "Q64224472", "Virginie Monu": "Q75959052", "Araceli Mostazo Romeo": "Q95873407", "Hanna Gullichsen": "Q105711448", "Carolina Maia": "Q108111708", "Jenny Ross": "Q112473474", "Manuela R\u00fcther": "Q112513876", "Samin Nosrat": "Q112552254", "Mara Grimm": "Q116167445", "Tamara Shopsin": "Q117456646", "Roberta Pagnier": "Q121378655", "Jasmine Shimoda": "Q61947673", "Zuza Zak": "Q122519789", "Gabriela Raggio": "Q109759778", "Luciana Souza de Oliveira": "Q109792842", "Jessie Sommarstr\u00f6m": "Q119226945", "Christina Block": "Q124081707", "Maria Gro\u00df": "Q28844236", "Sandra Mastio": "Q69396225", "Melanie Guttwein": "Q95191953", "Marlene Vieira": "Q96184704", "Signe Johansen": "Q112510534", "Sophia Hoffmann": "Q81911822", "Mathilde Touvier": "Q39872137", "Cata de Palleja": "Q98523488", "Carolina Baz\u00e1n": "Q80415285", "Marta Carrasco Marginet": "Q59697938", "Morena Leite": "Q43193683", "Reenee Tandjung": "Q115732031", "Zuri\u00f1e Garc\u00eda Garc\u00eda": "Q115253834", "Virginia Demaria": "Q20994805", "G\u00fcl\u015fah \u015een": "Q89104099", "Maca de Castro": "Q105943543", "Lucie Dvo\u0159\u00e1kov\u00e1": "Q112526511", "Susann Kreihe": "Q112559876", "Frida Ernsth": "Q120616512", "Pascaline Lepeltier": "Q60561552", "Claudia M\u00fcller": "Q83180546", "Nouf Atamana": "Q43374034", "Alma Reki\u0107": "Q105336845", "Leticia Cicero": "Q116481566", "Veronika Klamtov\u00e1": "Q95173874", "Fanny Rey": "Q64252274", "Hiske Versprille": "Q53700525", "St\u00e9phanie Thunus": "Q65493057", "Hannah Grant": "Q78208225", "Boticaria Garc\u00eda": "Q111660743", "M\u00f4nica Rocha Gon\u00e7alves": "Q109778550", "Sarah Henke": "Q57443303", "Maria Nicolau i Rocabayera": "Q111806960", "Luc\u00eda Soria": "Q117715989", "Eug\u00e9nie B\u00e9ziat": "Q86473268", "Isabelle Deschamps-Plante": "Q111696258", "Anastasia Bondarenko": "Q124616297", "Hasna\u00e2 Ferreira": "Q85711069", "Dokkoon Kapueak": "Q122697595", "Nao\u00eblle d\u2019Hainaut": "Q64225266", "Ilona Zdziech": "Q114240344", "Bianca Paludo": "Q109788002", "Anni Arro": "Q12359310", "Alvina Chan": "Q19854548", "Fernanda Fuentes": "Q104903903", "Jecky Azulay": "Q111417685", "Ma\u00edra Cardi": "Q75967750", "Danielle Noce": "Q26692155", "Yasmin Abu Hassan": "Q114063909", "Chiara Maci": "Q25936082", "Saara Ylitalo": "Q11891812", "Ricarda Grommes": "Q65493634", "Tatiana Levha": "Q87409624", "Erica Liverani": "Q105100208", "Filipa Gomes": "Q124021305", "Fatmana Binta": "Q124094383", "Iveta Fabe\u0161ov\u00e1": "Q95144545", "Ana L\u00facia Concei\u00e7\u00e3o de Assis": "Q109787839", "Lara Roguez": "Q105106962", "Heaven Delhaye": "Q10294133", "Merit Lagerpusch": "Q110610413", "Kate Greer": "Q48980153", "Milu\u0161e Mak\u00f3": "Q123509311", "Jitka Charyparov\u00e1": "Q123279325", "Virginie Giboire": "Q64225233", "\u0130dil Yazar": "Q84060396", "Beauty Obasuyi": "Q123979546", "Rosy Chin": "Q122740566", "Kimberley Unser": "Q1741623", "Annemari Erlbeck": "Q11958326", "Ioana Pico\u0219": "Q105674009", "Pia Le\u00f3n": "Q109928535", "Yuki Chizui": "Q110424186", "Louise Johansson": "Q115306108", "Yuri Yamamoto": "Q116937013", "Alix Lacloche": "Q79635455", "Eva-Maria Endres": "Q113736035", "Paola Silva Fabiano": "Q109780239", "Linn S\u00f6derstr\u00f6m": "Q120224770", "Tata Kepler": "Q122171580", "Eva Havl\u00edkov\u00e1": "Q112557303", "Daisy Ryan": "Q116973621", "Rene\u00e9 Fagerh\u00f8i": "Q125306127", "Raquel Britzke": "Q123014253", "Markiz Talhaoui": "Q19977294", "Aris Guzman": "Q123203578", "Atma Weapon": "Q65049442", "Anis Nabilah": "Q58456027", "Karla Linhave Siverts": "Q24752673", "Valeria Raciti": "Q105100214", "Malakeh Jazmati": "Q108394439", "Claudia Ruiz S\u00e1ntiz": "Q111357010", "Janine Rover de Mello": "Q109777510", "Rina Katayama": "Q11569564", "Rens Kroes": "Q22259359", "Oihane Unzalu": "Q122387571", "Anna Starmach": "Q9155714", "Kelly Rangama": "Q83871997", "Jaqueline Cristina Ramos Tiago": "Q109787926", "\u041c\u0443\u0437\u0430\u043b\u044c\u043e\u0432\u0430-\u0410\u043d\u0433\u0435\u0432\u0435\u043b\u044c\u0442 \u0414\u0430\u0440\u0456\u044f \u0411\u043e\u0440\u0438\u0441\u0456\u0432\u043d\u0430": "Q65202031", "Nitisha Patel": "Q112519658", "Sabrina Fenzl": "Q125205824", "Bela Gil": "Q20047937", "Ay\u015fe \u015een": "Q124367327", "Nathalie Nguyen": "Q26036580", "Helena Fl\u00e9glov\u00e1": "Q111355949", "Siri Barje": "Q77320708", "Jessica Huam\u00e1n": "Q125504048", "Amanda Melo de Brito": "Q109786087", "Failatu Abdul-Razak": "Q124045105", "Sof\u00eda Pachano": "Q6131267", "Marina Lommel": "Q47516565", "Ana Caroliny Vieira da Costa": "Q67511822", "Sandra Hadith Alvarado": "Q74935023", "Garazi Lizarraga": "Q87764594", "Marsia Taha": "Q119898240", "Talita Setyadi": "Q97523951", "Radka Lu\u0148\u00e1kov\u00e1": "Q112540425", "Roshni Sanghvi": "Q106153854", "Ha Thanh \u0160petl\u00edkov\u00e1": "Q55439917", "Jessica Frej": "Q26994774", "Aiko Sarwosri": "Q12470997", "Aanal Kotak": "Q64821085", "Coline Faulquier": "Q68710483", "Barbora Goreck\u00e1": "Q112549838", "Lorraine Pierrat": "Q110645305", "Am\u00e9lie Darvas": "Q64224957", "Marjolein van Till": "Q42050902", "Jolanda Wermuth": "Q95191952", "Patrizia Varela": "Q114929807", "Est\u00e9e Strooker": "Q16068868", "Mette S\u00f8berg": "Q121906930", "Kamila Rundusov\u00e1": "Q65154924", "Nolwenn Corre": "Q64224989", "Tess Ward": "Q37918718", "Martina Kynstlerov\u00e1": "Q113272301", "Nupuur Patil": "Q110594815", "Ivka Jind\u0159ichov\u00e1": "Q112540065", "Lisa Angermann": "Q117025251", "Manon Fleury": "Q75773817", "Chili Ta Thuy": "Q120614841", "Fernanda Bande": "Q125377944", "Anisha V Ranjan": "Q107463396", "Marie-Victorine Manoa": "Q128259250", "Nmami Agarwal": "Q99607719", "Karol\u00edna Rathousov\u00e1": "Q112490549", "Kristina Lund": "Q95377332", "Vicky Sevilla": "Q114281511", "Gessam\u00ed Caram\u00e9s N\u00fa\u00f1ez": "Q105009521", "Iasmin Albuquerque": "Q108111701", "Tracy Eboigbodin": "Q111083976", "Sofia Henriksson": "Q105431828", "Laura Zurriaga i Mitjans": "Q116317113", "Veronika Beskydiarov\u00e1": "Q114588595", "Lucy Chege": "Q6698233", "Miri P\u00e9rez-Cabrero": "Q108287573", "Renatta Moeloek": "Q65213765", "Flora Le Pape": "Q86389643", "Btoul Mhd Saied Allou": "Q113712492", "Eleonora Riso": "Q124705155", "Pavl\u00edna Lubojatzky": "Q100945367", "Julia Sedefdjian": "Q62666679", "Isabella Pot\u00ec": "Q59781374", "Rachel Tlagae": "Q124360190", "Cannelle Carr\u00e9-Cassaigne": "Q2936333", "Desir\u00e9e Jaks": "Q123134723", "Emily English": "Q119424302", "Miss Nejati": "Q119603592", "Ana Iglesias Panichelli": "Q98014334", "Piet Cintya Mawar": "Q65204856", "Giovanna Lima": "Q125544471", "Isabela Pauluzi": "Q108111715", "Isadora Costa": "Q108111719", "Live Edvardsen": "Q123588454", "Adeparusi Damilola": "Q120588096", "Lourdes March": "Q5981554", "Mireia Carb\u00f3": "Q16184819", "\u00c0via Remei": "Q17126929", "Jayashree Arcot": "Q47305124", "Monika Borkov\u00e1": "Q50552138", "Tamara Trojani": "Q56527594", "Stina Spiegelberg": "Q111024614", "Sharon Rady Rolfes": "Q106522685", "Kriti Dhiman": "Q124647085", "Aneta Lutovsk\u00e1": "Q112553266", "Rujuta Diwekar": "Q56169", "Madeleine Paulmier": "Q3275711", "Val\u00e9rie Orsoni": "Q3554299", "Nelly Boxall": "Q3874506", "Sara Begner": "Q4937917", "Avigail Myzlik": "Q5209928", "Erica White": "Q5387932", "Janie Quinn": "Q6154398", "\u05de\u05d0\u05e1 \u05d5\u05ea\u05d3": "Q6611824", "Einav Berman": "Q6941845", "Olga Raz": "Q6990974", "\u9ec3\u96d9\u5982": "Q10567213", "Yumiko Izawa": "Q11373681", "Mirja von Knorring": "Q11882985", "Elisabet Truchs": "Q11967132", "Gerhild Gauck": "Q15979428", "Shonali Sabherwal": "Q16980500", "Patricia Salen": "Q17355538", "Mary A. Boland": "Q18563034", "Margaret Grad\u00e9": "Q21484262", "Lana Shabazz": "Q24301426", "Sirkka Gustafsson": "Q25776939", "Manu Buffara": "Q28678011", "Valli Little": "Q32220738", "Maria De Luca": "Q37380609", "Marjolein Visser": "Q39951790", "V\u00e9ronique Maes": "Q41261296", "Zeynep Madak-Erdogan": "Q41863408", "Stephanie R. Partridge": "Q42367975", "Hasnaa Ferreira": "Q42448629", "Janet Elizabeth Cade": "Q43007829", "Emma Lea": "Q46028115", "Margarida M. Vieira": "Q47295594", "Lee Hooper": "Q48222952", "Setsuko Noda": "Q49592632", "Mary Yannakoulia": "Q50632329", "Auguste Jacobsen": "Q51007268", "Minna M\u00fcller": "Q51010787", "Concei\u00e7\u00e3o Calhau": "Q52148087", "Julie Watson": "Q52150935", "B\u00e9atrice Morio": "Q52999670", "Laura Astete Robilliard": "Q54211549", "Natasha Henningsen": "Q54775843", "Serena Poon": "Q55632894", "Christine Morand": "Q56434282", "Kristin Lawless": "Q56486485", "Hilary Marian Creed Hunter": "Q56748097", "Karen L. Lindsay": "Q56996720", "Danielle Gallegos": "Q57053767", "Rachael McLean": "Q57109551", "Jennifer A. Garner": "Q57320960", "Carol S Johnston": "Q57329248", "Sof\u00eda Arriar\u00e1n": "Q57663283", "Juana Fernandez-Lopez": "Q57716045", "Evan Kleiman": "Q58008520", "Rossina Pareja": "Q58200858", "Jasmine Hemsley": "Q58217706", "Melissa Hemsley": "Q58217707", "Daniela K\u00fcllenberg": "Q58473858", "Amber Milan": "Q58669886", "Rebecca Reynolds": "Q58792365", "Iva Klime\u0161ov\u00e1": "Q59221431", "Camila Kummel Duarte": "Q59691192", "Bridget Lancaster": "Q60529970", "Alexandra M Johnstone": "Q61297114", "Nikki Inouye": "Q62920051", "Judi Falardeau": "Q62940638", "Cl\u00e9mence Catz": "Q63438403", "Agnieszka Micek": "Q64226273", "Lydia Glac\u00e9": "Q65455849", "Isabelle Arpin": "Q65493251", "Poppy Hammond": "Q66126601", "Louisa Lorang": "Q67623505", "Maria Ant\u00f2nia Prats Humbert": "Q72860611", "Iwona Rudkowska": "Q73045346", "Nadine Nelson": "Q73053163", "Karin Gerdner": "Q73762224", "Katherine Brown": "Q75501370", "En-Pei Isabel Chiang": "Q79269355", "Fabienne Eymard": "Q83274731", "Tovit Rosenzweig": "Q83621086", "Marianella Miranda Cuadros": "Q84773728", "Maria Reyna Liria": "Q84935233", "Camille Abegg": "Q84993103", "Lorena Saavedra Garc\u00eda": "Q85677569", "Tamara Ivanova": "Q86039279", "Kylie Ball": "Q86575266", "Kelse Tibau de Albuquerque": "Q87607513", "Doris \u00c1lvarez Dongo": "Q87632578", "Cristiane Hermes Sales": "Q87665898", "Yu Qi Lee": "Q88172423", "Lidia Caballero": "Q88174787", "Doris Delgado P\u00e9rez": "Q88732054", "Ana Cecilia Ho Palma": "Q88821902", "Pamela Robles Valc\u00e1rcel": "Q89021510", "Adriana Vi\u00f1as": "Q89071087", "Bur\u00e7e \u00dcrkmezgil": "Q89107679", "Jillian Haszard": "Q89571221", "T\u00fcmay \u00d6zt\u00fcrk": "Q89587894", "Jane Bradbury": "Q89842727", "Emily Pilar Laveriano Santos": "Q90253853", "Seema Puri": "Q90545237", "Katherine Curi Quinto": "Q91612932", "Gabriela Callo Quinte": "Q91950015", "Nikki Renall": "Q92888531", "Sarah O'Connor": "Q92894604", "Elena Musmanno": "Q93736526", "Cassandra Reeder": "Q93879660", "Auntie Muni": "Q94694281", "Justine Piluso": "Q95488728", "Marie Hauber": "Q95659123", "Marie Knierim": "Q95682151", "Elisabeth Diethay": "Q95684756", "C\u00e4cilia Springer": "Q95705406", "Hanni Frese": "Q95749025", "Claudia Schr\u00f6ter": "Q95749124", "Sylvia Hunkeler-Baer": "Q95749202", "Gerda Kleinszig": "Q95749212", "Agustina Malpeli": "Q96097022", "Betina Soldateli": "Q96166487", "Anna Lins": "Q96184812", "Katherine Alvis Chirinos": "Q96207138", "\u00c9lise Carbonneau": "Q96220349", "Moe Myint May Thu": "Q96309072", "Pailin Chongchitnant": "Q96338023", "Rena Mendelson": "Q97585406", "Susan E. Morrison": "Q97864347", "Zohar Zohar": "Q97966524", "Shima Tassin": "Q98757910", "Jenny Fitch": "Q99355367", "Christine McConnell": "Q99485731", "Shari Krishnaratne": "Q99546607", "Amy Elizabeth Rattigan": "Q99990562", "Unmi Abkin": "Q100556576", "Simin Bolourchi\u2012Vaghefi": "Q101084068", "Micheline Beaudry": "Q101089141", "Paola Molettieri": "Q101464145", "Euphrasie Mbamba": "Q104210065", "Silya Nannen-Ottens": "Q104367971", "Kerstin Rodgers": "Q104519751", "Laetitia Visse": "Q104628979", "Almuth Lorenz": "Q104639085", "Maria Anna Tomaselli": "Q105091079", "Ellen N. Brown": "Q105135410", "Emma Cardarelli": "Q105622501", "Marie-Claude Paquette": "Q105871088", "Jennifer Grant": "Q106120362", "Ann Reardon": "Q106212744", "Sharon de Miranda": "Q106320327", "Rotem Liberzon": "Q106618812", "Charmian Smith": "Q106830941", "Kinu Yukawa": "Q107184233", "Kinette Gautier": "Q107335955", "Chlo\u00e9 Charles": "Q107434917", "Ysanet Batista": "Q107447835", "Isabel \u00c1lvarez Novoa": "Q107567740", "Nathalie Deshayes": "Q107663272", "Margot Santana": "Q107776066", "Teresa Banik Capuzzo": "Q108029950", "Nicola Kagoro": "Q108065502", "Chef Hnoi": "Q108087741", "Ananya Mondal": "Q108104892", "Pia Gans de St. Pr\u00e9": "Q108169780", "Reem Assil": "Q108411382", "Julie Perron": "Q108666656", "Andrea Grant": "Q108771438", "Fleur Sullivan": "Q108921629", "Laurie Woolever": "Q109303862", "Hermanas Azcaray Eguileor": "Q109313418", "Anna Mae Wagler": "Q109322093", "Tomi Kuwayama": "Q109351678", "Marlene Herrfort": "Q109479689", "\u00c9lisabeth Cardin": "Q109498122", "Hannah Goldfield": "Q109553251", "Erenicia de Oliveira Ventura Felix": "Q109758811", "Guiomar Aparecida Neto": "Q109781406", "Maria de Lourdes Carvalho Waltrick": "Q109781726", "Alice de Paula": "Q109786776", "Maria Aparecida das Dores Ara\u00fajo": "Q109790645", "Loretta Keller": "Q109797125", "Annie Somerville": "Q109797160", "Ozoz Sokoh": "Q110056916", "Rikka Blurhound": "Q110079314", "Sirly Yll\u00e4sj\u00e4rvi": "Q110322307", "Najla Alfardan": "Q110679731", "Harriet Strandvik": "Q110726136", "Juliet \"JuJu\" Harris": "Q110781973", "Maria Canty": "Q110842234", "Helena Sztando": "Q110844569", "Helena Karsakowa": "Q110844792", "Anna Krolik": "Q110845312", "Tekla Ojak": "Q110846952", "Feliksa Rybus": "Q110849088", "Franciszka Sobkowa": "Q110849575", "Mariska Stogli": "Q110849842", "Beata \u015aniechowska": "Q110964544", "Sandra Tauscher": "Q110964624", "Annette Byhahn": "Q111079698", "Alissa Timoshkina": "Q111144968", "Linnea Vihonen": "Q111193289", "Martha Zepeda": "Q111286482", "Simone Chevalot": "Q111454460", "Alessandra Del Favero": "Q111472686", "Crista Luedtke": "Q111537308", "Shirley Chung": "Q111537319", "Claudia Osterkamp-Baerens": "Q111575822", "Kelsey Barnard Clark": "Q111583670", "Aarthi Sampath": "Q111585122", "Brigitte Houssou": "Q111729343", "B\u00e1rbara Est\u00e9vez": "Q112080518", "Felicia Zollo": "Q112084260", "Flaminia Gay": "Q112195407", "Helen Little": "Q112695213", "Kaitlyn Goalen": "Q112849100", "Lauren Beganny": "Q112969273", "Louise Bourrat": "Q113090547", "Samia Abdennour": "Q113155041", "Genevi\u00e8ve Tremblay": "Q113381800", "Monisha Bharadwaj": "Q113716582", "Carlotta Cerino": "Q113759031", "Sandra Ohrem": "Q113780268", "Nakea Fournier": "Q113827062", "Sabine Albers": "Q113846347", "Anto Cocagne": "Q114369047", "Micalla Williden": "Q114431199", "Elizabeth A. Fleming": "Q114467595", "Mary Ann Williams": "Q114694060", "Natacha Becker-Pacal": "Q114851205", "Wilnur Rudberg": "Q114965417", "Sonia Lizeth Hern\u00e1ndez Cordero": "Q115172940", "Anna Huber": "Q115428256", "Lien Joossens": "Q116462945", "Anna-Liisa Ruotsi": "Q116518591", "Serafina": "Q116767557", "Amna Al-Yamani": "Q116920882", "Miko Calo": "Q117007068", "Sally Grainger": "Q117190450", "Marilyn J Duxson": "Q117384991", "Antonia Torres Gonz\u00e1lez": "Q117750138", "Meriem Amiar": "Q118368252", "Ayesha Alobeidli": "Q118582831", "Leyla Fathallah": "Q118669559", "Choco Aika": "Q118719097", "Betelhem Lakew": "Q118719919", "Zahra Abdalla": "Q118733200", "Cybille St. Aude-Tate": "Q118798666", "Jody Miller": "Q119043274", "Kimi Werner": "Q119170454", "Kerryann Dunlop": "Q120594255", "Lindy Wildsmith": "Q120595705", "Mich Turner": "Q120596188", "Kate\u0159ina Krystynov\u00e1": "Q120596296", "Dunja Gulin": "Q120596472", "Genevieve Taylor": "Q120596753", "Michelle Keogh": "Q120600544", "Rachel Green": "Q120600570", "Svatava Va\u0161kov\u00e1": "Q120600742", "\u0160t\u011bp\u00e1nka \u0160imkov\u00e1": "Q120600932", "Franziska Schweiger": "Q120600991", "Kate Walsh": "Q120600997", "Kate Turner": "Q120601033", "Ruth Yaron": "Q120601223", "Kate McMillan": "Q120601441", "Erin Quon": "Q120601543", "Briana Stockton": "Q120601545", "Zuzana Zachov\u00e1": "Q120601752", "Irina Pawassar": "Q120601971", "Jacqueline Butler": "Q120602357", "Anna Walz": "Q120602434", "Henrietta Inman": "Q120602482", "Georgina Fuggle": "Q120602611", "Bront\u00eb Aurell": "Q120602667", "Michaela \u0160vecov\u00e1": "Q120602707", "Drees Koren": "Q120602719", "Lucie Kazdov\u00e1": "Q120602773", "Diane Dittmer": "Q120603436", "Jana Kr\u00e1likov\u00e1": "Q120603642", "Cricket Azima": "Q120603718", "Amy Ramos": "Q120604155", "Nina Olsson": "Q120605612", "Petra Stahlov\u00e1": "Q120605900", "Atsuko Ikeda": "Q120605948", "Krist\u00edna Pleska\u010dov\u00e1": "Q120606406", "Janice Buckingham": "Q120607455", "Marie Giehrl": "Q120607474", "Liz Franklin": "Q120608065", "Helen Goh": "Q120608071", "Stephanie Hafferty": "Q120608688", "Kate Allinson": "Q120609581", "Emma Frisch": "Q120609701", "Katie Caldesi": "Q120610206", "Jenny Bayliss": "Q120611018", "Nicole Poirier": "Q120614159", "Liliana Battle": "Q120614194", "Holly Davis": "Q120614319", "Mely Mart\u00ednez": "Q120614323", "Ixta Belfrage": "Q120614537", "Denisa Michnov\u00e1": "Q120614766", "Sandra Mikuli\u010dov\u00e1": "Q120614809", "Sandrine Bourel": "Q120614938", "Erika Pil\u00e1tov\u00e1": "Q120615471", "Sheela Prakash": "Q120615787", "Noor Murad": "Q120616051", "Amanda Yee": "Q120616095", "Michelle Dudash": "Q120616226", "Kelli C. Foster": "Q120616246", "Teresa Soler": "Q120734570", "Monica Senna-Salerno": "Q120818516", "Julia Moskin": "Q120994141", "Melissa Jayne Madara": "Q121094556", "Cynthia Sass": "Q121338672", "Natasja Sadi": "Q121587258", "Ang\u00e8le Fecteau": "Q121738506", "Chanie Apfelbaum": "Q121912705", "Benedetta Jasmine Guetta": "Q121912712", "Kirsten Webster": "Q122225043", "Valeria Piccini": "Q122324590", "Elizabeth Forbes Blom": "Q122420658", "Heather Spence": "Q122759264", "Marie-Anne Wild": "Q122850298", "Juliet Wiseman": "Q122916548", "Alma Castro": "Q122920626", "Eir\u00edksd\u00f3ttir Solla": "Q122942308", "Julia Sekula": "Q123010544", "Anna Chu": "Q123230802", "Meika Foster": "Q123230816", "Deborah Sue": "Q123353551", "Anna Ansch\u00fctz": "Q123370160", "Tatsiana Martynava": "Q123557103", "Elena Elizabeth Lon Kan Prado": "Q123682782", "Filipa Tomaz da Costa": "Q123703953", "Liliane Zaher": "Q123926965", "Alice Shopland": "Q123990843", "Sonia Antezana Alzamora": "Q124039773", "Saby Marisol Mauricio Alza": "Q124059525", "Beatriz Catherine Bonilla Untiveros": "Q124059550", "Violeta Magdalena Rojas Huayta": "Q124059564", "Ana Margoth Rivera Portugal": "Q124096860", "Pilar Raquel Liz\u00e1rraga Vara": "Q124096927", "Nelva Consuelo Le\u00f3n De Los Santos": "Q124097028", "Bernadette W\u00f6rndl": "Q124100152", "Vicky Delia Cecilia Motta Montoya": "Q124154131", "Elena Esther Gonzales Achuy": "Q124304932", "Paula Lita Espinoza Oriundo": "Q124304986", "Patsy Watson": "Q124312431", "Krysty Sharon Meza Carbajal": "Q124322077", "Thuy Diem Pham": "Q124323878", "Miluska Libertad Carrasco Vera": "Q124349694", "Chane De Kock": "Q124409811", "Karin Janet Servan Torres": "Q124420502", "Sissy Liliana Espinoza Bernardo": "Q124420536", "Luzbeth Lipa Tudela": "Q124448189", "S. Kowsalya": "Q124608621", "Wang Pei-jen": "Q124625817", "Isa Fabro": "Q124651141", "Goodness Emmanuel": "Q124653464", "Carla Estefan\u00eda Tarazona Meza": "Q124810338", "Margot Rosario Quintana Salinas": "Q124840039", "Tatiana Su\u00e1rez Pati\u00f1o": "Q124877603", "Kyong Hwa Jeon": "Q125141052", "Gandy Kerlin Dolores Maldonado": "Q125215432", "Mayra Luc\u00eda Anticona Barreto": "Q125265791", "Benita Maritza Choque Quispe": "Q125265819", "Yaquelin Eveling Calizaya Milla": "Q125265852", "Mery Rodr\u00edguez V\u00e1squez": "Q125265956", "Gladys Liliana Rodr\u00edguez de Lombardi": "Q125342963", "Roxana Carla Fern\u00e1ndez Condori": "Q125343009", "Florentina Gabriela Vidal Huam\u00e1n": "Q125343020", "Ana Elena Guadalupe S\u00e1nchez Castro": "Q125343030", "Yuliana Yessy G\u00f3mez Rutti": "Q125395282", "Anna Dommayer": "Q125398893", "Mathilde Van Santen": "Q125457183", "Elka Mocker": "Q125565641", "C\u00e9lia Picoulet": "Q125770622", "Mar\u00eda del Pilar Cereceda Bujaico": "Q125863407", "Annie Louise MacLeod": "Q125961118", "Sylvia Grobben": "Q125966962", "Deborah Chettleburgh": "Q126190724", "Fara Rabekijana": "Q126391466", "Sofia Janer": "Q126478613", "Corina Barbosa de Moraes": "Q126938326", "Carmen Rose Shenk": "Q126949844", "Mara Salles": "Q127428777", "Ma\u00eblle Sheila Acakpo": "Q128398184", "Rebecca Ejdemo": "Q128529920"}