{"Elizabeth Verseyl": "Q87766796", "Adele Bianchi": "Q3605179", "Nadine Kontchewsky": "Q27189995", "Beatrix Feodora Clara Augusta Grace Cresswell": "Q99522562", "Alice Foster": "Q30336764", "Laura Campbell Gano": "Q97332423", "Alison Aitchison": "Q29448409", "Maria Polaczk\u00f3wna": "Q104519608", "Elsa Rotter": "Q98371102", "Clara Proelss": "Q95195370", "Etta Kleinsasser": "Q114414208", "Margarete Kirchberger": "Q55676293", "Wilma Zoh\u00e1r": "Q118342655", "Mariam Jorjadze": "Q104054641", "Genevi\u00e8ve Vergez-Tricom": "Q55771022", "\u0413\u0440\u0443\u0437\u0438\u043d\u0441\u043a\u0430\u044f \u0412\u0435\u0440\u0430 \u0410\u043b\u0435\u043a\u0441\u0435\u0435\u0432\u043d\u0430": "Q16640185", "Angela Codazzi": "Q113632087", "Lilli Tir\u00e9n": "Q47941973", "Konstancja Swinarska": "Q48851398", "Ekaterine Nafetvaridze": "Q105743071", "Johanna Rosenkranz": "Q95195608", "Zofia Ho\u0142ub-Pacewiczowa": "Q16620395", "Jadwiga Kobendzina": "Q11715903", "Cora Beemer": "Q50389469", "Halina \u017b\u00f3\u0142towska": "Q112818754", "Irena Szwalm": "Q11713853", "Bertha Tilly": "Q123755821", "Krystyna Dwucet": "Q64683359", "Lidija Matvejeva": "Q20503387", "Hildegard Friese": "Q94752151", "Marthe Emmanuel": "Q55672465", "Kl\u00e4re Masuch": "Q95191248", "Zofia Petra\u017cycka": "Q112482738", "Maria Czeka\u0144ska": "Q11768784", "\u041b\u043e\u0431\u043e\u0432\u0430 \u041e\u043b\u0435\u043d\u0430 \u0412\u0441\u0435\u0432\u043e\u043b\u043e\u0434\u0456\u0432\u043d\u0430": "Q65202012", "\u041b\u043e\u0431\u043e\u0432\u0430, \u0415\u043b\u0435\u043d\u0430 \u0412\u0441\u0435\u0432\u043e\u043b\u043e\u0434\u043e\u0432\u043d\u0430": "Q97315892", "Eugenie Lautensach-L\u00f6ffler": "Q106662433", "Irmgard Pohl": "Q88536931", "Wanda Stephan": "Q112517946", "Ilse Schmidt": "Q95205968", "Anneliese Krenzlin": "Q566159", "Emma Bona": "Q113043307", "Mildred Challman Mead": "Q112566075", "Tetje Heeringa": "Q2021258", "Mariel Jean-Brunhes Delamarre": "Q50383947", "Mutsumi Hoyanagi": "Q18818096", "Dorothy Sylvester": "Q56184526", "Harriet Wanklyn": "Q107774907", "Karolina Kaas": "Q114030754", "Maria Kie\u0142czewska-Zaleska": "Q55676485", "Tebro Kikilashvili": "Q104029425", "Alice F. A. Mutton": "Q61954968", "Eva Gerda Perneder": "Q12362464", "Ad\u00e9la Ferre Ho\u0159icov\u00e1-Hernandez": "Q95362648", "Anna Dvo\u0159\u00e1\u010dkov\u00e1": "Q95164759", "Stanis\u0142awa Zajchowska": "Q9343617", "Maria Irena Mileska": "Q11768905", "Hildegard Schneemann": "Q112659523", "Ingrid Ekbom": "Q24681080", "Johanna Schmidt": "Q107175003", "Ingrid Mathiesen": "Q95195391", "Helena Werner-Wi\u0119ckowska": "Q112517949", "Ingeborg de Beausacq": "Q3150925", "Salme N\u00f5mmik": "Q4328247", "\u0422\u0430\u0442\u044c\u044f\u043d\u0430 \u041c\u0438\u0445\u0430\u0439\u043b\u043e\u0432\u043d\u0430 \u041c\u0430\u043b\u0430\u043d\u0434\u0438\u043d\u0430": "Q18043909", "Averilda Margaret Gorrie": "Q123521278", "Lucia Apolzan": "Q18537481", "Jelena Brunovna Lopatina": "Q112417657", "Maria Bytnar-Suboczowa": "Q112445525", "Virginia S. Neuschel": "Q112551477", "Josefina Oliva i Teixell": "Q19288924", "Maria Vissarionovna Karandeeva": "Q24010746", "Lida Kogoshvili": "Q104051641", "Anna Dylikowa": "Q11686230", "Angelika Sievers": "Q22693939", "Slava Rakovec-Lipoglav\u0161ek": "Q114063252", "Carmen Castellano": "Q50795124", "Galina Shelepina": "Q109335014", "Ludmila Roszko": "Q16573052", "Evelyn Stefansson Nef": "Q59628241", "Fran\u00e7oise Grivot": "Q55771373", "Yvette Barbaza": "Q20006778", "Nadezhda Djibuti": "Q104029556", "Gabriele Schwarz": "Q94738337", "Shuzhen Zhou": "Q60992722", "\u0412\u043b\u0430\u0441\u043e\u0432\u0430 \u0422\u0430\u0442\u044c\u044f\u043d\u0430 \u0412\u043b\u0430\u0434\u0438\u043c\u0438\u0440\u043e\u0432\u043d\u0430": "Q63827146", "Wies\u0142awa R\u00f3\u017cycka": "Q9373681", "Adela Gil Crespo": "Q106436843", "Monika Hoffa": "Q113548646", "Monique de La Ronci\u00e8re": "Q50825493", "Bo\u017cena Modelska-Strzelecka": "Q47504972", "M\u00e1rta Haj\u00f3s": "Q21514509", "Balacaxan\u0131m N\u0259zirova": "Q12837362", "Gisela Pietsch": "Q55858858", "Galina Biske": "Q82042287", "Maria Tyska": "Q115048467", "Nataliya Shablayeva": "Q125205501", "Aleksandra Makounina": "Q56308782", "Olga Kudrnovsk\u00e1": "Q95175323", "Anne Faure-Muret": "Q110089433", "Elfriede Wiebel": "Q94743440", "Gudrun H\u00f6hl": "Q1553097", "Pavlina Vekilska": "Q93642116", "Ketevan Kavrishvili": "Q111560617", "Elene Sokhadze": "Q104030403", "Renzhang Yang": "Q112501608", "Helena Leonhard-Migaczowa": "Q111024769", "Tamar Teneishvili": "Q104031964", "Angela Asole": "Q94357984", "Mariya Polovitskaya": "Q28709831", "Ulla Tandefelt": "Q47367151", "G\u00f6rel Leijonhielm": "Q29053505", "Maria Gurlitt": "Q95207771", "Hertha Arnberger": "Q101064811", "Zhongmin Yan": "Q10871607", "\u041d\u0456\u043d\u0430 \u0410\u0440\u0445\u0456\u043f\u0430\u0432\u0430": "Q109229004", "Hildegard Ditt": "Q94741506", "Volha Yakushka": "Q17043686", "Thalita de Oliveira Casadei": "Q112648366", "Edit Petri": "Q108102077", "\u042d\u0441\u0444\u0438\u0440\u044c \u0415\u0432\u0441\u0435\u0435\u0432\u043d\u0430 \u041a\u043e\u0437\u043b\u043e\u0432\u0430": "Q112493937", "Wanru Cao": "Q112500897", "Krystyna Wit-J\u00f3\u017awik": "Q112517958", "Paule Garenc": "Q55621468", "Dora de Amarante Romariz": "Q48868093", "Mar\u00eda del Rosario Castells Vila": "Q47512443", "Ilse M\u00f6ller": "Q112451797", "Larisa Nikolajevna Streleckaja": "Q112485566", "Germaine Aujac": "Q55620312", "\u0421\u0438\u0440\u043e\u0442\u0430 \u041d\u0456\u043d\u0430 \u041f\u0430\u0432\u043b\u0456\u0432\u043d\u0430": "Q12152959", "Viola Imhof": "Q94742433", "Hedvika Ho\u0161kov\u00e1": "Q95394318", "Marie-Charlotte Saint Girons": "Q55411265", "Bo\u017eena Nov\u00e1kov\u00e1": "Q95072773", "Maria Anna Jarochowska": "Q21440795", "Hilda Richardson": "Q60035116", "Rosario Miralb\u00e9s Bedera": "Q84604248", "Ritva Ruotsalo-Aario": "Q123623065", "Jacqueline Bonnamour": "Q55628360", "Halina Klatkowa": "Q9285379", "Iraida Kodes": "Q125205795", "Stanislava \u0160princov\u00e1": "Q95151369", "Ren\u00e9e Rochefort": "Q55772988", "Raquel Soeiro de Brito": "Q105410850", "Inge Hartsch": "Q112511540", "Madeleine Mbono Samba": "Q124751418", "Olga Kalinina": "Q125205770", "Suzanne Daveau": "Q10375249", "Maria Morawska-Horawska": "Q107277421", "R\u00e9gine Bonnardel": "Q94778060", "Maria de Bolos": "Q60711225", "Joan van der Wijst": "Q67167259", "Kawthar Abdel Rasoul": "Q38087766", "Hilja Allikvee": "Q124425406", "Valentina Karceva": "Q1104531", "Krystyna Warakomska": "Q98104373", "Sylvie Rimbert": "Q107302878", "Mar\u00eda Teresa Guti\u00e9rrez de MacGregor": "Q6004670", "Eva Maaring": "Q12362463", "Helmtraut Hendinger": "Q95289389", "Zofia Michalska": "Q9391815", "Rachkovskai\ufe20a\ufe21, E. I. (Ekaterina Ivanovna)": "Q109029605", "Janina Lewi\u0144ska": "Q112842580", "Rolande Gadille": "Q33127511", "Hanna Bremer": "Q94763550", "\u00c9va S\u00fck\u00f6sd": "Q12816447", "Y\u014dko \u014cta": "Q43431637", "Yvette Dewolf": "Q112073600", "Virma Murel": "Q124432608", "Laine Merikalju": "Q12368238", "Maria Drza\u0142": "Q112551408", "Irena Dynowska": "Q14917995", "Toshie Nishizawa": "Q17229577", "Zde\u0148ka Hodinkov\u00e1": "Q95177742", "Monique Dacharry": "Q44424430", "Daina Kazimira Galvydyt\u0117": "Q16446814", "Therezinha de Castro": "Q10382025", "Julia Tazbirowa": "Q19758462", "Rada Biller": "Q26707456", "Fran\u00e7oise Cribier": "Q111840649", "Marianne Stams": "Q112525982", "Cheryl McEwan": "Q112536196", "Marianna Kozanecka": "Q115180238", "Lisette Danckaert": "Q124854417", "Barbara Manikowska": "Q110225021", "\u10d7\u10d0\u10d8\u10da\u10d8 \u10e6\u10d5\u10d8\u10dc\u10d8\u10d0\u10dc\u10d8\u10eb\u10d4": "Q111286124", "Gerd Wormdal": "Q106138442", "\u0425\u0438\u0441\u043c\u04d9\u0442\u0443\u043b\u043b\u0438\u043d\u0430 \u0417\u04e9\u043c\u04d9\u0440\u04d9 \u0412\u04d9\u043b\u0438 \u04a1\u044b\u0499\u044b": "Q116784510", "Irena \u0141a\u015b-Ronisz": "Q7945155", "Ann Marksoo": "Q12359257", "Elinore M. Barrett": "Q109676288", "W\u0142adys\u0142awa Stola": "Q52178484", "Teresa Koz\u0142owska-Szcz\u0119sna": "Q112474969", "Sylwia Gilewska": "Q112532960", "\u041c\u043e\u0458\u0441\u0438\u0458\u0435 \u0402\u0435\u0440\u043a\u043e\u0432\u0438\u045b": "Q31181259", "Haruko Kishimoto": "Q95007581", "Tatjana \u0160ifrer": "Q12803937", "Monique Rebotier": "Q54834158", "Ewa Adrjanowska": "Q111152731", "Krystyna Dubel": "Q110635420", "El\u017cbieta Mycielska-Dowgia\u0142\u0142o": "Q9253214", "Marta Dole\u017ealov\u00e1": "Q95460611", "\u00c4l\u012bya Beysenova": "Q27535291", "Urszula Urbaniak-Biernacka": "Q97164201", "Irina Mamay": "Q4279764", "Anna-Dorothee von den Brincken": "Q2653111", "Marija Ko\u0161ak": "Q66297237", "Maria Stopa-Boryczka": "Q108743636", "M. J. Evans": "Q120615815", "Urszula Soczy\u0144ska": "Q61054584", "Ewa Krzywicka-Blum": "Q11697415", "Galina Kruglova-Skokanov\u00e1": "Q95479209", "Valentina Bondareva": "Q62032516", "Olga Aleksandrovskaya": "Q4061393", "Ekaterina Blagoeva": "Q12279574", "Marta Haj\u010d\u00edkov\u00e1": "Q112399115", "\u062f\u0631\u0647 \u0645\u06cc\u0631\u062d\u06cc\u062f\u0631": "Q5958658", "Teresa Krynicka-Tarnacka": "Q114781855", "Alla Bozhok": "Q12083536", "Consuelo Pond\u00e9 de Sena": "Q62092158", "Zinaida Andryyewskaya": "Q39388604", "Gertrud Albrecht": "Q118640880", "Marie-Claude Dionnet": "Q55627417", "\u10dc\u10d0\u10dc\u10d0 \u10e1\u10e3\u10da\u10ee\u10d0\u10dc\u10d8\u10e8\u10d5\u10d8\u10da\u10d8": "Q111985908", "Natalie Hanzl\u00edkov\u00e1": "Q95211201", "Nina Solntseva": "Q19909319", "Seija Sallinen": "Q29053508", "Elve Ojavere": "Q16405761", "Halina Martsinkevich": "Q13030308", "Annick Douguedroit": "Q114876781", "Nicole Mathieu": "Q105675977", "Barbara Obr\u0119bska-Starklowa": "Q112376893", "Astrida Bugarski": "Q112395023", "Svetlana Kurbatskaya": "Q29359103", "Monique Mainguet": "Q55629266", "Ir\u00e9n Hantz L\u00e1m": "Q1033712", "Dodo Djibuti": "Q104053979", "Yola Verhasselt": "Q62560609", "Ingrid D\u00f6rrer": "Q1663303", "Hannah Bitan": "Q25493232", "Carminda Cavaco": "Q113236340", "Fran\u00e7oise Imbs": "Q113360630", "Ksenija Levak": "Q66296681", "Teresa Czy\u017c": "Q87807907", "Kira B. Shingareva": "Q110246980", "Eva Vovsov\u00e1": "Q95151753", "Cyrila Markov\u00e1": "Q95170742", "Irmeli Vuorela": "Q11865062", "Eva Rindov\u00e1": "Q95443065", "Judith Getis": "Q59526948", "Krystyna Piotrowska": "Q117006606", "Maria Zofia Pulinowa": "Q24263442", "Janet Momsen": "Q21552476", "Gunilla Andr\u00e6": "Q104585448", "\u0413\u0430\u043b\u0438\u043d\u0430 \u0412\u0438\u043a\u0442\u043e\u0440\u043e\u0432\u043d\u0430 \u0413\u0435\u043b\u044c\u0434\u044b\u0435\u0432\u0430": "Q16433897", "Helga Schmidt": "Q95205178", "Luise Grundmann": "Q112518112", "Helga Mosler": "Q112525962", "Jadwiga Rek": "Q117667653", "\u0411\u0440\u0430\u043d\u0456\u0441\u043b\u0430\u0432\u0430 \u0410\u0434\u043e\u043b\u044c\u0444\u0430\u045e\u043d\u0430 \u041c\u0430\u043d\u0430\u043a": "Q13028847", "\u041f\u0430\u0440\u0445\u043e\u043c\u0435\u043d\u043a\u043e \u0413\u0430\u043b\u0438\u043d\u0430 \u041e\u0440\u0435\u0441\u0442\u0456\u0432\u043d\u0430": "Q65198811", "Ingeborg Wilfert": "Q1485282", "\u041d\u0430\u0442\u0430\u043b\u0438\u044f \u0412\u043e\u043b\u043e\u0434\u0438\u0447\u0435\u0432\u0430": "Q4123801", "Leili Saarse": "Q16408398", "Luisa Mar\u00eda Frutos Mej\u00edas": "Q23906964", "Valentina Bronnikova": "Q4097026", "Danuta Ptaszycka-Jackowska": "Q63975588", "Zhanna Zayonchkovskaya": "Q16514931", "Tiina Raitviir": "Q12376890", "Helena Ry\u0161kov\u00e1": "Q95144433", "\u10d2\u10e3\u10da\u10d8\u10d9\u10dd \u10da\u10d8\u10de\u10d0\u10e0\u10e2\u10d4\u10da\u10d8\u10d0\u10dc\u10d8": "Q111272203", "El\u017cbieta Dziegie\u0107": "Q42181040", "Milka Zdraveva": "Q112481288", "Wies\u0142awa \u017byszkowska": "Q112551232", "Maria Pelczar": "Q117011264", "Irmina Zio\u0142o": "Q121743844", "Maria Paola Pagnini": "Q122227166", "Colette Muller": "Q78316938", "Antaln\u00e9 Medvetzky": "Q112154717", "Maryvonne Le Berre": "Q3296360", "Urve Ratas": "Q12377841", "\u00c0ngels Torrents i Ros\u00e9s": "Q110904806", "Simeonka Vlaikova": "Q47005775", "Elspeth Young": "Q99914128", "Maria Ad\u00e9lia Aparecida de Souza": "Q10325678", "Elke Tharun": "Q95756599", "Krystyna Szyku\u0142a": "Q112438465", "Edyta Jakubowicz": "Q112488331", "Ewa Nowosielska": "Q112491224", "Mar\u00eda Francisca Atl\u00e1ntida Coll Oliva": "Q69368230", "Yvonne Battiau-Queney": "Q122983963", "Hana K\u00fchnlov\u00e1": "Q95112358", "Rosa Ester Rossini": "Q55220290", "Giuliana Andreotti": "Q116152331", "Maria Baumgart-Kotarba": "Q109895160", "Th\u00e9r\u00e8se Saint-Julien": "Q3527370", "Nino Klopotovskaya": "Q104049608", "Marie-Fran\u00e7oise Courel": "Q45608760", "Roser Majoral i Molin\u00e9": "Q67381113", "Risa Palm": "Q98715906", "Ma\u0142gorzata Gutry-Korycka": "Q112440942", "Fran\u00e7oise P\u00e9ron": "Q55627150", "Jos\u00e9phine Richez-Battesti": "Q65671584", "Maria Fernanda Alegria": "Q105839523", "Mich\u00e8le B\u00e9guin": "Q106689817", "Helve Anton": "Q12363795", "Madelene Allen": "Q66253049", "Merc\u00e8 Tatjer Mir": "Q58333151", "Elri Liebenberg": "Q68570118", "Violette Rey": "Q3560448", "Fran\u00e7oise Plet": "Q107019423", "Isabel Dyck": "Q105428518", "Kazuko Urushihara": "Q16264555", "Anna Cabr\u00e9": "Q8200101", "Yvette Veyret": "Q29033021", "Bernadette M\u00e9renne-Schoumaker": "Q15407048", "Elizabeth J. Leppman": "Q112563276", "Mar\u00eda Asunci\u00f3n Mart\u00edn Lou": "Q30901892", "Judy M. Olson": "Q107289855", "Alena Klemp\u00ed\u0159ov\u00e1": "Q112483412", "Trudi E. Bunting": "Q112513312", "Renata Maria Bednarek": "Q112535775", "Janet Gabriel Townsend": "Q119439185", "G\u00fclzhan Zhan\u00e4l\u012beva": "Q16435601", "Colette Cauvin": "Q108603265", "Kv\u011bta Kalibov\u00e1": "Q112386530", "Azniv-Aida Buchiganian": "Q63067241", "Julie Graham": "Q112354453", "Sara Tyacke": "Q12902007", "Giuliana Martirani": "Q113135733", "Susan Wiley Hardwick": "Q112391486", "Kinga Sz\u00e9kely": "Q1302136", "Melinda S. Meade": "Q108477245", "Alison Gill": "Q112492682", "Micheline Hotyat": "Q3311359", "Simonetta Conti": "Q106574383", "Marie-Claire Robic": "Q106435359", "Maria Giaoutzi": "Q112537526", "Kirsten Simonsen": "Q112554949", "\u00c9lizabeth Cr\u00e9mieu": "Q50140569", "Maria Pia Muzzioli": "Q61050054", "Fran\u00e7oise Breton": "Q93387426", "Elvi Sepp": "Q124432616", "Martine Droulers": "Q64029442", "Stefania Quilici Gigli": "Q57614684", "Judith Carney": "Q104188536", "Isabelle Roussel": "Q113658979", "Mireille Provansal": "Q124378373", "Ximena Vald\u00e9s Subercaseaux": "Q6169265", "Marija Eidukevi\u010dien\u0117": "Q12664469", "Marie-Claude Maurel": "Q29996638", "Maria Skoczek": "Q61718283", "Gerda Wekerle": "Q111686866", "Emilia Jakimowicz": "Q112455022", "Maria Tkocz": "Q112525143", "Kazuko Uchida": "Q123408002", "Margaret FitzSimmons": "Q117471173", "B\u00e9atrice Giblin": "Q2929447", "Susan Christopherson": "Q112426601", "Jaroslava Nesvadbov\u00e1": "Q95458828", "Dana Klime\u0161ov\u00e1": "Q95373904", "Teruko Usui": "Q11587742", "Teresa Barata-Salgueiro": "Q60717556", "Patricia Gober": "Q63666568", "Mariagiovanna Riitano": "Q109546658", "M\u00e1ria Kozov\u00e1": "Q112377284", "Ema Mi\u0161\u00fanov\u00e1": "Q112413067", "Jeanne-Marie Amat-Roze": "Q112559424", "Wirginia Kubi\u015b": "Q115974014", "Chantal Blanc-Pamard": "Q2380492", "Muriel Charras": "Q55773110", "Svetlana Aleksandrovna Dvinskich": "Q17617504", "Lila Leontidou": "Q112452798", "\u0422\u0430\u0442\u044c\u044f\u043d\u0430 \u041c\u0438\u0445\u0430\u0439\u043b\u043e\u0432\u043d\u0430 \u041a\u0440\u0430\u0441\u043e\u0432\u0441\u043a\u0430\u044f": "Q4239769", "H\u00e9l\u00e8ne Lamicq": "Q61944816", "Dianne Draper": "Q58040318", "Saraswati Raju": "Q107094401", "Marcia Foley": "Q112540347", "Britt Dale": "Q123374703", "Elisa Bianchi": "Q117790063", "Anna Segre": "Q116201025", "Helga Leitner": "Q58218070", "\u10da\u10d8\u10d0\u10dc\u10d0 \u10e5\u10d0\u10e0\u10d7\u10d5\u10d4\u10da\u10d8\u10e8\u10d5\u10d8\u10da\u10d8": "Q111148620", "\u10d3\u10d0\u10da\u10d8 \u10db\u10d8\u10e5\u10d0\u10e3\u10e2\u10d0\u10eb\u10d4": "Q111904792", "Tatiana Nefiodova": "Q4318176", "Giovanna Maria Forni": "Q110014050", "El\u017cbieta Bajkiewicz-Grabowska": "Q110985543", "Audron\u0117 Galvonait\u0117": "Q16444709", "\u0413\u043e\u043b\u0443\u0431\u0435\u0432\u0430, \u0415\u043b\u0435\u043d\u0430 \u0418\u043b\u044c\u0438\u043d\u0438\u0447\u043d\u0430": "Q70252264", "Paola Bonora": "Q111178155", "Mar\u00eda Fernanda Mancebo Alonso": "Q17621894", "Metka \u0160pes": "Q18642964", "C\u00e9cile Gintrac": "Q49145336", "Petra Tschakert": "Q55208114", "Cynthia Ghorra-Gobin": "Q64137177", "Wioletta Ka\u0142amucka": "Q85134228", "Achillina Granata": "Q105155013", "Gisella Cortesi": "Q107819913", "Maria Fenelli": "Q111419667", "Ann Rua Mackenzie Young": "Q112429916", "Jane Drummond": "Q112555052", "Linda Quiquivix": "Q115298457", "Catherine Rhein": "Q55628053", "Anne Le Fur": "Q55999263", "Sarah Elwood": "Q60650817", "Lida Viganoni": "Q3832031", "Elspeth F. Graham": "Q87066653", "Gra\u017cyna Prawelska-Skrzypek": "Q56340864", "Serena Bianchetti": "Q108782957", "Suzanne Mackenzie": "Q123370869", "Jana Pe\u0161tov\u00e1": "Q95392268", "Alayne Street-Perrott": "Q88069556", "Maarja Aasm\u00e4e": "Q124425394", "Kajsa Elleg\u00e5rd": "Q4946494", "Madeleine Griselin": "Q40236398", "C\u00e9cyle Tr\u00e9panier": "Q77338208", "Susan W. Friedman": "Q112455632", "Linda M. Nicholas": "Q112516907", "Martina Flath": "Q112520160", "Martine Tahoux Touao": "Q118240567", "Sabine Tzschaschel": "Q95185008", "Joanna Regulska": "Q21020319", "Ragnhild Lund": "Q17102361", "Pua Bar": "Q17505327", "Irina Aleksandrovna Rodionova": "Q60824788", "Sara McLafferty": "Q112457477", "Miros\u0142awa Czerny": "Q60835911", "Barbara Theilen-Willige": "Q95210264", "Jadwiga Kop": "Q112425791", "Christine Embleton-Hamann": "Q112429892", "Barbara Antczak-G\u00f3rka": "Q112561176", "Maria Jo\u00e3o Alcoforado": "Q57412551", "Anna Trono": "Q113398270", "Catherine Berni\u00e9-Boissard": "Q41020635", "Sigita Dijokien\u0117": "Q20503281", "Olga Vladimirovna Shulgina": "Q76283365", "Raymonde S\u00e9chet": "Q113610597", "Rita Schneider-Sliwa": "Q21264575", "Lorraine Guay": "Q55723631", "Janja Turk": "Q66293287", "Katherine Gibson": "Q100155313", "Marie Novotn\u00e1": "Q112365075", "Mar\u00eda Aguiar Fons": "Q112429933", "Ol'ga Ivanovna Vendina": "Q112472409", "Brigitte Dumortier": "Q112479911", "Lydie Ho-Fong-Choy Choucoutou": "Q112515732", "Louise Johnson": "Q62850932", "Daniela Szyma\u0144ska": "Q71789327", "\u0413\u0435\u0440\u0430\u0441\u0438\u043c\u0435\u043d\u043a\u043e, \u041d\u0430\u0442\u0430\u043b\u044c\u044f \u041f\u0435\u0442\u0440\u043e\u0432\u043d\u0430": "Q12095003", "Jane Madeleine Murray": "Q76176162", "\u0417\u0430\u0441\u0442\u0430\u0432\u0435\u0446\u044c\u043a\u0430 \u041e\u043b\u044c\u0433\u0430 \u0412\u043e\u043b\u043e\u0434\u0438\u043c\u0438\u0440\u0456\u0432\u043d\u0430": "Q12106024", "\u041b\u044e\u0431\u0456\u0446\u0435\u0432\u0430 \u041e\u043b\u044c\u0433\u0430 \u041e\u043b\u0435\u043a\u0441\u0430\u043d\u0434\u0440\u0456\u0432\u043d\u0430": "Q12119316", "Doris Wastl-Walter": "Q50295465", "Doryane Kermel-Torr\u00e8s": "Q3037280", "Maria Llu\u00efsa Dub\u00f3n Petrus": "Q5489418", "Ulrike M\u00fcller-B\u00f6ker": "Q21264814", "In\u00e1 Elias de Castro": "Q3153982", "Alena Matu\u0161kov\u00e1": "Q112365078", "Gabriele M. Knoll": "Q112514927", "R\u00e9gine Alexandre": "Q112536857", "Shigeko Haruyama": "Q17229872", "Nina Lam": "Q59914026", "Vikt\u00f3ria Kandr\u00e1\u010dov\u00e1": "Q95138824", "Christine Milligan": "Q47353334", "Anna Styszy\u0144ska": "Q29079412", "Anne Gilbert": "Q55938121", "Joni Seager": "Q98961822", "Lena Sanders": "Q3229421", "Trudy A. Suchan": "Q112457863", "Neli Aparecida de Mello-Th\u00e9ry": "Q114047409", "Zahra Pishgahi Fard": "Q16048391", "Christine Voiron-Caniccio": "Q55628960", "Barbara Lenz": "Q807534", "\u041c\u0438\u0445\u0430\u0439\u043b\u0435\u043d\u043a\u043e \u041d\u0430\u0442\u0430\u043b\u0456\u044f \u041c\u0438\u043a\u043e\u043b\u0430\u0457\u0432\u043d\u0430": "Q12123667", "Barbara Hahn": "Q807453", "Judit Tim\u00e1r": "Q26772667", "Anne-Maria Wittke": "Q26926299", "Liz Bondi": "Q112448038", "Tovi Fenster": "Q107510569", "Jo Myung-hee": "Q93758806", "Geraldine Pratt": "Q58216567", "Kiira Aaviksoo": "Q12366951", "Maria Lucinda Fonseca": "Q60729958", "Ulrike Grabski-Kieron": "Q112509545", "Agn\u00e8s C\u00f4te": "Q112512648", "Maureen Hays-Mitchell": "Q112521901", "\u0411\u044b\u0437\u043e\u0432\u0430 \u041d\u0430\u0442\u0430\u043b\u044c\u044f \u041c\u0438\u0445\u0430\u0439\u043b\u043e\u0432\u043d\u0430": "Q126689857", "Maria Prezioso": "Q21543037", "Kristiina Heikkonen": "Q28720862", "Paula Santana": "Q52804472", "Odette Vaguet": "Q55620685", "Kuntala Lahiri-Dutt": "Q59185916", "Robin Law": "Q118250069", "Xiaopei Yan": "Q16907730", "Monique Bernier": "Q104502854", "\u00c9va Kis": "Q26834037", "Argyro Loukaki": "Q114068451", "Isabel Margarida Andr\u00e9": "Q110125920", "Brigitte Jilka": "Q105825517", "Linda Peake": "Q112454968", "Joana Maria Segu\u00ed Pons": "Q20877029", "Olga Solomina": "Q4428292", "Lu\u010dka Lorber": "Q12795349", "Christa Hammerl": "Q65007357", "Julie Guthman": "Q98690826", "Daniela Kolejkov\u00e1": "Q112402500", "Anne-Dore Uthe": "Q112533892", "Marie-Christine Fourny": "Q112534736", "Anna Renata Dziewulska": "Q124001557", "Diane Saint-Laurent": "Q126415918", "Elle Puurmann": "Q16404540", "Odile Hoffmann": "Q42310473", "Marie-Vic Ozouf-Marignier": "Q68424844", "Jana Winklerov\u00e1": "Q95372959", "Mariyana Nikolova": "Q12286036", "Fran\u00e7oise Dureau": "Q16637192", "Catherine de La Robertie": "Q33111860", "Irene Molina Vega": "Q4967879", "Isabelle Sourb\u00e8s-Verger": "Q33110223", "Iwona Sagan": "Q11714598", "Jo Little": "Q50347939", "Nicky Gregson": "Q57947971", "Gabriele Harzheim": "Q95213352", "Laura \u0160akaja": "Q112519175", "Joanna Pociask-Karteczka": "Q117034959", "Nadine Dessay": "Q86244118", "Vera Shirokova": "Q4524391", "Gabi Troeger-Wei\u00df": "Q22811517", "Kay Anderson": "Q64175707", "Barbara Bauer": "Q118175680", "Lynn A. Staeheli": "Q105426995", "Neli Hristova": "Q12288119", "Dorit Kuhnt": "Q96144647", "Maria Jos\u00e9 Roxo": "Q106027164", "Simonetta Menchelli": "Q55099105", "Glenda Laws": "Q80924924", "Consuelo Naranjo Orovio": "Q93428278", "Karin Blessing": "Q112367896", "Hilda Kram\u00e1rekov\u00e1": "Q112377374", "Mechthild Sch\u00fcler": "Q112418206", "Verena Meier Kruker": "Q112471756", "Elli Heikkil\u00e4": "Q112518879", "Marie-Christine Cormier-Salem": "Q113638531", "Isabelle Sacareau": "Q3155027", "Catherine Carr\u00e9": "Q126519761", "Yelena Ta\u011f\u0131yeva": "Q55198108", "Iva Kotvov\u00e1": "Q12021895", "Helena Jan\u016f": "Q95177937", "Maja Topole": "Q48017661", "Sibylla Zech": "Q58011518", "Margarida Casta\u00f1er i Vivas": "Q74446564", "C\u00e9lestine Zanou": "Q105881403", "Ana Monteiro": "Q112386715", "Uma Kothari": "Q112472352", "France Gu\u00e9rin-Pace": "Q112516022", "Meri Gani\u0107": "Q112558845", "Fran\u00e7oise Gourmelon": "Q112563357", "C. Cindy Fan": "Q113397730", "Floriana Galluccio": "Q114248686", "Barbara Sponholz": "Q807644", "Manuelle Franck": "Q18201646", "Urszula Somorowska": "Q55392610", "Kamala Marius": "Q55625990", "Ruth Lane": "Q56515562", "Ma\u0142gorzata Pietrzak": "Q117427387", "Lia Machavarianai": "Q111901777", "Kim England": "Q112862318", "Anne Vignot": "Q87829219", "\u0410\u0440\u0430\u0431\u0430\u0434\u0436\u0438 \u041e\u043b\u0435\u043d\u0430 \u0421\u0435\u043c\u0435\u043d\u0456\u0432\u043d\u0430": "Q30962093", "Susanna Passigli": "Q108899929", "Irena Rybov\u00e1": "Q95446961", "Karen Lucas": "Q53843419", "Susan Parnell": "Q55628537", "Eva Hol\u00e1": "Q95078086", "Pamela Moss": "Q112447904", "Dana \u0158ezn\u00ed\u010dkov\u00e1": "Q95112355", "N\u00faria Benach": "Q24042272", "Txusa Padrones": "Q38794802", "Rosa M. Medir i Huerta": "Q93370988", "Bella Bychkova Jordan": "Q112467929", "Wioletta Kami\u0144ska": "Q55391805", "Christine Zanin": "Q55623321", "Natacha Aveline": "Q3336310", "Ilona Pajt\u00f3kn\u00e9 Tari": "Q97590210", "Christine Chivallon": "Q18744687", "Kerstin Metzner": "Q29863045", "Maria del Carme Miralles i Guasch": "Q17195279", "Susan M. Roberts": "Q64013413", "Elaine Hartwick": "Q64706291", "Elena Centeno Garc\u00eda": "Q117310327", "Edit \u00c9va Kiss": "Q26836944", "Luchina Branciani": "Q86194899", "Nuala Christina Johnson": "Q93147463", "Mar\u00eda Jos\u00e9 Vilalta": "Q93370884", "Heidi Megerle": "Q112406993", "Tracey Skelton": "Q112472184", "Christine Cabasset": "Q115170771", "Clara Helena Mulder": "Q21600618", "Christine Marg\u00e9tic-Le Men\u00e9": "Q55621951", "\u00c9lisabeth Dorier": "Q68106543", "Alberta Albertella": "Q109660184", "\u00c1gnes Bernek": "Q111529043", "Laura Pulido": "Q61951480", "Akiko Sekido": "Q11655806", "Pascale Goetschel": "Q51180571", "Marina Kuleshova": "Q4246113", "Beate Ratter": "Q813178", "Martina Fromhold-Eisebith": "Q123352306", "Joanna Szczepankiewicz-Battek": "Q48851453", "Ma\u0142gorzata Mazurek": "Q84270254", "Karen E. Till": "Q112464786", "Jane Shelley Pollard": "Q112536245", "Emilija Ivanova \u010cerkezova": "Q112564274", "Rannveig \u00d3lafsd\u00f3ttir": "Q115103495", "Ma\u0142gorzata Bajgier-Kowalska": "Q120553035", "Liqiu Meng": "Q17577365", "Nadine Cattan": "Q55231145", "Jessie P. H. Poon": "Q61159467", "Virginie Mamadouh": "Q62560167", "Renata \u0160olar": "Q66293503", "Stephanie Bock": "Q113782038", "\u0492\u0438\u043b\u043c\u0430\u043d\u043e\u0432\u0430 \u0420\u04d9\u0441\u0438\u043c\u04d9 \u0425\u04d9\u043c\u0431\u04d9\u043b \u04a1\u044b\u0499\u044b": "Q78010437", "Claire Delfosse": "Q55620379", "Valentyna Smal": "Q16716864", "Brigitta Sch\u00fctt": "Q58221558", "Karen O'Brien": "Q96323110", "Lali Nikolaishvili": "Q111559673", "Maike Frese": "Q126811697", "Alena Chv\u00e1talov\u00e1": "Q95446626", "Jennifer Robinson": "Q62088352", "Amelia Luisa Damiani": "Q8197267", "\u00c9velyne Mesclier": "Q29995996", "Marie-H\u00e9l\u00e8ne Vandersmissen": "Q70466672", "Ma\u0142gorzata Durydiwka": "Q93111803", "Gl\u00f2ria Coma i Torres": "Q93412849", "Aileen Stockdale": "Q107558247", "Barbara A. Noe": "Q112410640", "F\u00e9licitas Hillmann": "Q55629701", "Jelena Borissowna Manajenkowa": "Q61729888", "Monika Skrzeczek": "Q63838394", "Irena Markovi\u0107": "Q65983692", "Ilse Helbrecht": "Q48174376", "Avril Maddrell": "Q57464074", "Jennifer Hyndman": "Q112898908", "\u041e\u043d\u0438\u0449\u0435\u043d\u043a\u043e \u041c\u0430\u0440\u0456\u044f \u0413\u0440\u0438\u0433\u043e\u0440\u0456\u0432\u043d\u0430": "Q85996737", "Dagmar Popjakov\u00e1": "Q112370103", "Nathalie Blanc": "Q19631219", "Nathalie Lemarchand": "Q113638354", "Jana Uhl\u00ed\u0159ov\u00e1": "Q95442259", "Karoline Daugstad": "Q102073608", "Gulnara Roll": "Q12363121", "Tatjana Resnik Planinc": "Q12803933", "Alex\u00e1ndra Tsan\u00e1ka": "Q20995528", "Anne Ruas": "Q107110738", "Natalie Messika": "Q111079994", "Temenoujka L. Bandrova": "Q112469004", "Anne Bretagnolle": "Q112556915", "Nathalie Rezzi": "Q112558797", "Yuliya Florinskaya": "Q4491169", "B\u00e9atrice Von Hirschhausen": "Q55620717", "Benedicte Durand": "Q69360148", "B\u00e9atrice Collignon": "Q2363615", "\u10db\u10d0\u10d8\u10d0 \u10d1\u10da\u10d8\u10d0\u10eb\u10d4": "Q125427809", "Simona Iammarino": "Q29570977", "Hanne Hvidtfeldt Christiansen": "Q60668916", "\u0411\u0438\u0442\u044e\u043a\u043e\u0432\u0430, \u0412\u0438\u043a\u0442\u043e\u0440\u0438\u044f \u0420\u0430\u0441\u0443\u043b\u043e\u0432\u043d\u0430": "Q84720274", "Britta Klagge": "Q58217950", "Allison Williams": "Q89355160", "Robyn M. Dowling": "Q58994478", "Liudmyla Datsenko": "Q12099607", "Cathy McIlwaine": "Q112461224", "Selima Sultana": "Q58323296", "Nicola Ansell": "Q120897742", "Mariele Evers": "Q21264359", "Noga Collins-Kreiner": "Q28071036", "Jerneja Fridl": "Q48017915", "Christiane Enderle": "Q95204630", "Giorgia Iovino": "Q111488005", "Judith Miggelbrink": "Q21263619", "Mireia Baylina": "Q57306228", "Alyson L. Greiner": "Q112447920", "Tiina Peil": "Q16407117", "Robin Leichenko": "Q58066508", "Sybille Bauriedl": "Q58903457", "Katrin Schneeberger": "Q102146609", "Val\u00e9rie Gel\u00e9zeau": "Q107416135", "Ru\u017eica Vuk": "Q112448150", "Yvonne E. Martin": "Q112531975", "Carina Listerborn": "Q112560238", "Anne Poussard": "Q113631130", "Maria Ka\u00efka": "Q123023997", "Martina Koll-Schretzenmayr": "Q124848709", "Florence Deprest": "Q55627259", "Stephanie Glagla-Dietz": "Q57413928", "Anja Scheffers": "Q58210266", "Agn\u00e8s Lamotte": "Q116790786", "Mari Vaattovaara": "Q16991100", "Katarzyna Dembicz": "Q11736937", "Andrea Farsang": "Q112894477", "Christine Tam\u00e1sy": "Q21257399", "Margaret Walton-Roberts": "Q90094545", "Gopa Samanta": "Q109498811", "Katie Willis": "Q112386786", "Jana Sl\u00e1dkov\u00e1": "Q112412908", "Gunhild Setten": "Q112502353", "Karine Laaidi": "Q113659003", "Val\u00e9rie November": "Q114877095", "Ortrun C. H\u00f6rtreiter": "Q124849425", "Virginie Duvat": "Q55625738", "Erika Nagy": "Q114898640", "Hana Svato\u0148ov\u00e1": "Q95143368", "Laura Canali": "Q105701934", "Anna Schindler": "Q73926924", "Klara Ishbuldinovna Agliullina": "Q51669898", "Leida Lepik": "Q61110549", "Pauliina Raento": "Q29055036", "Barbara Lampi\u010d": "Q66296765", "Caroline Desbiens": "Q72075198", "Annette Voigt": "Q112530597", "Sophie Sauvagnargues": "Q126902453", "Mary Gilmartin": "Q58170370", "Gery Nijenhuis": "Q113726632", "Rosie Cox": "Q112501546", "\u041c\u043e\u0442\u0443\u0437\u0435\u043d\u043a\u043e \u041e\u043b\u0435\u043d\u0430 \u041e\u043b\u0435\u043a\u0441\u0430\u043d\u0434\u0440\u0456\u0432\u043d\u0430": "Q12130324", "Kate Boyer": "Q112525205", "Silvia Siniscalchi": "Q111951356", "Marina Frolova Ignatieva": "Q28739843", "Alison Mary Blunt": "Q64608198", "Mimi Urbanc": "Q12796728", "Olga Lavrenova": "Q4252069", "Joanne Patricia Sharp": "Q34776815", "Varvara Mironova": "Q84724331", "Jennifer Anne Miller": "Q112429422", "Fr\u00e9d\u00e9rick Douzet": "Q27906715", "Michaela Trippl": "Q41798584", "Anne-Laure Amilhat Szary": "Q56086969", "Nathalie Fau": "Q71136289", "Candice Boyd": "Q80416679", "Manon Savard": "Q104518675", "Maria Leonarda Notarangelo": "Q112110825", "Kamila \u0160imkov\u00e1 Broulov\u00e1": "Q112369735", "Natascha Oppelt": "Q112488949", "Elena L\u00f3pez-Gunn": "Q112489383", "Wendy Wolford": "Q112522882", "Asunci\u00f3n Blanco Romero": "Q112549524", "Mar\u00eda M\u00e1\u00f1ez": "Q1896181", "Nacima Baron-Yelles": "Q55624229", "Nathalie Bernardie-Tahir": "Q55629531", "Karine Bennafla": "Q108827716", "Mary Elizabeth Thomas": "Q112505106", "Anke Str\u00fcver": "Q556879", "Pavl\u00edna Hlavinkov\u00e1": "Q118397043", "Myriam Houssay-Holzschuch": "Q55654299", "Gillian Bristow": "Q58884512", "\u0413\u0443\u0434\u0437\u0435\u043b\u044f\u043a \u0406\u0440\u0438\u043d\u0430 \u0406\u0432\u0430\u043d\u0456\u0432\u043d\u0430": "Q49517820", "Sarah Turner": "Q122942751", "Julia Lossau": "Q58570087", "Irma Poto\u010dnik Slavi\u010d": "Q65948290", "Mark\u00e9ta Pokorn\u00e1": "Q112385104", "Alena Rochovsk\u00e1": "Q112451463", "Teodora Shek Brnardi\u0107": "Q112474710", "Alexandra Medwedeff": "Q112565182", "Sophie Didier": "Q113383389", "Sylvaine Fassier-Boulanger": "Q113437348", "H\u00e9l\u00e8ne Marchand": "Q55626322", "H\u00e9l\u00e8ne Mainet": "Q55627128", "Myriam Ababsa": "Q99435968", "Henryka Ca\u0142ka": "Q110246656", "\u0410\u0440\u0456\u043e\u043d \u041e\u043a\u0441\u0430\u043d\u0430 \u0412\u0430\u0441\u0438\u043b\u0456\u0432\u043d\u0430": "Q12079408", "Emmanuelle Bonerandi": "Q55620336", "T\u00edmea Kiss": "Q26836959", "Joyce Davidson": "Q112448036", "Polona Maher": "Q124634438", "Kathrin H\u00f6rschelmann": "Q112449156", "Andrea Kiss": "Q26834047", "Veronica Galletta": "Q109364324", "Emily T. Yeh": "Q66776874", "Nathalie Gravel": "Q72077084", "Alexandra Budke": "Q95209360", "Virginie Baby-Collin": "Q97506191", "Dragana Matijevi\u0107": "Q112401893", "El\u017cbieta Bilska- Wodecka": "Q112402123", "Lucie Koutov\u00e1": "Q112412909", "Sylwia Kulczyk": "Q112419174", "Roc\u00edo Garc\u00eda Abad": "Q112501161", "Pavl\u00edna Trnkov\u00e1": "Q112505482", "Catherine Fournet-Gu\u00e9rin": "Q112521642", "Djemila Zeneidi": "Q113197441", "Larissa Mies Bombardi": "Q116262150", "Le\u00efla Vignal": "Q17426028", "Dagmar Haase": "Q60061558", "Lucie Kouck\u00e1": "Q95244279", "Milada Matou\u0161kov\u00e1": "Q95398035", "Cristiana Achille": "Q109660046", "Bettina Balassa": "Q26878051", "Maria Cristina Paciello": "Q114562133", "Olga Kuznetsova": "Q4245114", "Delphine Pag\u00e8s-El Karoui": "Q85634889", "Heike J\u00f6ns": "Q95185835", "Stefania Mangano": "Q112343323", "Magdal\u00e9na Hasprov\u00e1": "Q112396278", "Charlotte Fehn": "Q112401391", "Aki Yamamura": "Q125534097", "Veerle Van Eetvelde": "Q55647349", "Sandra Spielvogel": "Q58668591", "Cordula Rooijendijk": "Q108290668", "Federica Letizia Cavallo": "Q116758056", "Irena Mrak": "Q113933676", "Isabelle Pasquier": "Q74429417", "Zornitsa Cholakova": "Q12280604", "Lucie Friedmannov\u00e1": "Q95113282", "Monika Mulkov\u00e1": "Q112342892", "Tuuli K. Toivonen": "Q56806652", "Ana Teodoro": "Q57891882", "Eva Mul\u00ed\u010dkov\u00e1": "Q112431598", "Eva Gro\u00dfe": "Q112436353", "Kate\u0159ina Hru\u0161kov\u00e1": "Q112441901", "Mary Jessica Thornbush": "Q112489387", "Anca Ceau\u015fescu": "Q112507820", "Zuzana Rampa\u0161ekov\u00e1": "Q112510336", "Daniela Festa": "Q120824976", "Caroline Riegel": "Q117707712", "Paola Zamperlin": "Q21542098", "Mark\u00e9ta Pot\u016f\u010dkov\u00e1": "Q58297650", "Mateja Pu\u010dnik": "Q18642955", "T\u00fcnde Juray": "Q26832726", "\u00c9dith Maru\u00e9jouls": "Q58125497", "Nadezhda Zamyatina": "Q4186115", "Kiyomi Hayashi": "Q76283669", "Helen Soov\u00e4li-Sepping": "Q61111150", "Mar\u00eda Jos\u00e9 Dur\u00e1n Junquera": "Q16191428", "Solenn Bardet": "Q47471417", "Mateja \u0160mid Hribar": "Q48017045", "Ulrike Eidam": "Q112395408", "Julie C. Wilson": "Q112439811", "Michaela Kinberger": "Q112462758", "Helen Hazen": "Q112473303", "Lucie Patzeltov\u00e1": "Q112506966", "Miroslava Trembo\u0161ov\u00e1": "Q112510338", "Leslie Kern": "Q112549618", "St\u00e9phanie Lima": "Q118180702", "Danuta Pir\u00f3g": "Q119996315", "Annika Mattissek": "Q123119657", "Louise Holt": "Q112454982", "Louise Waite": "Q123370970", "Gina Ziervogel": "Q57871598", "Bohdana Hol\u00e1": "Q112424419", "Kendra Strauss": "Q120912397", "Kadri Leetmaa": "Q12365979", "Katja Vintar Mally": "Q12793535", "Polona Pagon": "Q48016527", "Orie Sekimura": "Q57314685", "Marianne Blidon": "Q105823170", "Nadine Scharfenort": "Q106626970", "Johanna Waters": "Q106629794", "Petra Svatek": "Q107291460", "Claudia Liese": "Q112528802", "Janet Banfield": "Q112529392", "Agnieszka Wypych": "Q112541850", "Janina Meier": "Q112553730", "Darja Reuschke": "Q21402726", "Kathryn Furlong": "Q123362371", "Zs\u00f3fia Ruszkiczay-R\u00fcdiger": "Q57414524", "Petra Gre\u0161lov\u00e1": "Q57304773", "Jarmila Burianov\u00e1": "Q95113414", "Valorie A. Crooks": "Q63230216", "Laura Ertimo": "Q109788337", "Martina  Bofulin": "Q111397689", "Marlen Sinitsin": "Q112401734", "Leona Gabrielov\u00e1": "Q112432391", "Lucia R\u00fdsov\u00e1": "Q112489139", "Kerstin Krellenberg": "Q112533099", "Kate\u0159ina Pourov\u00e1": "Q112549805", "Marie Morelle": "Q112675464", "Heidi Kaspar": "Q117322753", "Oksana Stetsiuk": "Q16718102", "Chadia Arab": "Q105997175", "Kath Browne": "Q58034218", "Krisztina Juh\u00e1sz": "Q26832712", "Kathy Burrell": "Q112509085", "Camille Schmoll": "Q3651431", "Emily Billo": "Q116925218", "Carolina Rojas": "Q88144217", "Andrea Schultz": "Q95205658", "Martina \u0160kodov\u00e1": "Q112343732", "Erika Sandow": "Q112343774", "Katar\u00edna Rosi\u010dov\u00e1": "Q112489987", "Jessica Barnes": "Q112490178", "Birte Nienaber": "Q112494250", "Gerda Roelvink": "Q112501504", "Jennifer Johns": "Q112511379", "Emma Navarro Mus": "Q125450666", "Armelle Choplin": "Q55231082", "\u0423\u0434\u043e\u0432\u0438\u0447\u0435\u043d\u043a\u043e \u0412\u0456\u043a\u0442\u043e\u0440\u0456\u044f \u0412\u0456\u0442\u0430\u043b\u0456\u0457\u0432\u043d\u0430": "Q12163502", "Kate\u0159ina Chrom\u00e1": "Q95141544", "Magali Reghezza-Zitt": "Q29022568", "Mateja Breg Valjavec": "Q48017224", "Claudia Campero": "Q50379644", "M\u00e1rcia Kambeba": "Q61000459", "Desir\u00e9e Tullos": "Q107297315", "Kate\u0159ina F\u00e1rov\u00e1": "Q112434151", "Jitka Kumh\u00e1lov\u00e1-Mikyskov\u00e1": "Q112442423", "\u0160\u00e1rka Palcrov\u00e1": "Q112443012", "Marta Derek": "Q112538314", "Julie Vall\u00e9e": "Q55621267", "Ladislava \u0158ezn\u00ed\u010dkov\u00e1": "Q95177674", "Petra Hesslerov\u00e1": "Q95169421", "Velvet Nelson": "Q112521838", "Rosa Cerarols Ram\u00edrez": "Q106844931", "Julia Pongratz": "Q21263801", "Annita Lucchesi": "Q58796626", "Elena M\u00e9ndez B\u00e9rtolo": "Q96627317", "Wendy Pineda": "Q97595822", "Judith Pizzera": "Q112425119", "Pavla Dagsson Waldhauserov\u00e1": "Q112445690", "Jovana Brankov": "Q112485298", "Monika Ivanov\u00e1": "Q112488073", "Juliana Krokusov\u00e1": "Q112488114", "Katja Lohse": "Q112492296", "Lucia Petrikovi\u010dov\u00e1": "Q112510337", "Lili Fuhr": "Q112564881", "Edith Hessenberger": "Q65028281", "Katja Manz": "Q118632048", "Simone Schneider": "Q61123316", "Lady Sybylla": "Q65929795", "Evelyn Uuemaa": "Q60646303", "Ivonne Ram\u00edrez Ram\u00edrez": "Q62479316", "Daniela Molinari": "Q60061797", "M\u00edriam Santamaria i Brichs": "Q47108991", "Petra Rus": "Q48016671", "Nika Razpotnik Viskovi\u0107": "Q48016771", "Lurdes Quintero i Gallego": "Q105358524", "Jitka Brabencov\u00e1": "Q112428670", "Blanka Lou\u010dkov\u00e1": "Q112444611", "Monika B\u011bl\u00ednov\u00e1": "Q112450219", "Petra Karv\u00e1nkov\u00e1": "Q112450497", "Brigitte Zaspel": "Q112462096", "Gabriela Hublov\u00e1": "Q112504376", "Olivia Sheringham": "Q113804709", "Anja Sletteland": "Q21403017", "Kl\u00e1ra Grimmov\u00e1": "Q95220270", "Gizella Kov\u00e1cs-B\u00e1tori": "Q26878068", "Sally Brown": "Q56995463", "Tone Huse": "Q12006737", "Germana Citarella": "Q111654700", "Monika \u0160ulc Michalkov\u00e1": "Q95111529", "Katarina Polajnar Horvat": "Q48017794", "Bochra Mana\u00ef": "Q104815069", "Hana Svobodov\u00e1": "Q112424802", "Lucie Vlkov\u00e1": "Q112445294", "Lucie Kubal\u00edkov\u00e1": "Q112461877", "Miriam Kuckuck": "Q112533014", "Ma\u0142gorzata Kowalczyk": "Q112538323", "Nicole Raschke": "Q120442232", "Ruth Craggs": "Q61961324", "Mathilde Joncheray": "Q113027602", "Iris Dzudzek": "Q113776661", "Silvie Ku\u010derov\u00e1": "Q95333765", "Silvie Laud\u00e1tov\u00e1": "Q95372087", "B. Heebels": "Q112475613", "Nadja Kabisch": "Q96273079", "\u0160\u00e1rka B\u0159ezinov\u00e1": "Q112444262", "Martina Pacasov\u00e1": "Q112454594", "Alena Petrvalsk\u00e1": "Q112487821", "Elaine Burroughs": "Q112525699", "Pascale N\u00e9d\u00e9lec": "Q120615765", "Giulia Urso": "Q58210117", "Petra Havl\u00ed\u010dkov\u00e1": "Q95450178", "Caitlin McElroy": "Q100235399", "Mona Stockhecke": "Q17504742", "Mateja Ferk": "Q47979621", "Maru\u0161a Nu\u010di\u010d": "Q48017420", "Marie Pahl": "Q112506739", "Karin G\u00f6bel": "Q112544689", "Jana Vojtekov\u00e1": "Q112547945", "Marie Gibert-Flutre": "Q112548101", "Sophia Walk": "Q124845946", "No\u00e9mi K\u00e1ntor": "Q26833778", "Manca Volk Bahun": "Q48017557", "Justine Gagnon": "Q97500012", "Kate\u0159ina Fuxov\u00e1": "Q112427553", "Mark\u00e9ta P\u00e1skov\u00e1": "Q112430603", "Eva Hrn\u010d\u00ed\u0159ov\u00e1": "Q112431882", "Alena Vondr\u00e1kov\u00e1": "Q95450511", "Petra Sklen\u00e1\u0159ov\u00e1": "Q95402664", "Anita Graser": "Q55834001", "Michaela Svobodov\u00e1": "Q112444573", "Kate\u0159ina B. Pavkov\u00e1": "Q112507232", "Eva Hauthal": "Q123136761", "Itziar Sapsootham": "Q125965247", "Aline Fran\u00e7a Paschoalino": "Q109780015", "Jana Otrusinov\u00e1": "Q95181660", "Sofya Gavrilova": "Q24018215", "Elisabeth Altmann": "Q107185552", "Jana Hor\u00e1kov\u00e1": "Q112431881", "Hana Bielov\u00e1": "Q112458119", "Radka B\u00e1\u010dov\u00e1": "Q112479944", "Ad\u00e9la Nov\u00e1kov\u00e1": "Q112512445", "Natalie Stors": "Q112539926", "Mark\u00e9ta Pluh\u00e1\u010dkov\u00e1": "Q112546260", "Anna Markowska": "Q123417931", "Natsuki Kamakura": "Q51915123", "Hana Beitlerov\u00e1": "Q95154736", "C\u00e9line Emberger": "Q125306977", "Jessica Finlay": "Q87323872", "Nathalie Sidib\u00e9": "Q111441142", "Kamila Kleme\u0161ov\u00e1": "Q112430931", "Lucie Rom\u00e1nkov\u00e1": "Q112430937", "Iva Sendlerov\u00e1": "Q112444281", "Helena P\u011bnkov\u00e1": "Q112465683", "Andrea Boh\u00e1\u010dov\u00e1": "Q112473491", "Blanka Pecha\u010dov\u00e1": "Q112485054", "Lucie Geherov\u00e1": "Q112488370", "Chantal Gary": "Q69522486", "Tereza Ni\u010dov\u00e1": "Q112496612", "Krist\u00edna Bilkov\u00e1": "Q112559458", "Zhao Li": "Q117474540", "Paty Wolff": "Q125918181", "M\u0103d\u0103lina Gugulic\u0103": "Q125823782", "Stanislava Draho\u0161ov\u00e1": "Q109526107", "Mark\u00e9ta Beitlov\u00e1": "Q112343667", "Veronika Vyb\u00edralov\u00e1": "Q112478567", "Kira Williams": "Q112525702", "Di\u00e1na Csonka": "Q115315176", "Maja Kalinic": "Q123008093", "Barbora Bare\u0161ov\u00e1": "Q112503292", "Ivana Cohornov\u00e1 Jankovi\u010dov\u00e1": "Q112543956", "Radka F\u016fskov\u00e1": "Q112565352", "Anna Maggou": "Q120781211", "Ana\u00efs Voy-Gillis": "Q125408052", "Lea Rebernik": "Q111253580", "Radka Ra\u010doch": "Q116987040", "X\u00e9nia Philippenko": "Q106199878", "Melissa del Carmen Ernstberger": "Q125845192", "Corinne Fe\u00efss-Jehel": "Q50224405", "Kathryn Yusoff": "Q67775855", "Carmen de Jong": "Q77702359", "Liz Mason-Deese": "Q117074118", "Delphine Montagne": "Q117989963", "Ma\u0142gorzata Osas": "Q121009196", "Dagmar Embshoff": "Q125761063", "Renate Gerlach": "Q1801791", "Alina Potrykowska": "Q20030369", "Jadwiga Oleszkiewicz": "Q27752338", "Sandra Lencioni": "Q10367564", "Chie Sakakibara": "Q11541680", "Kathryn Sheffield": "Q18166561", "Rosa Mar\u00eda Albert": "Q21264584", "Lorella Dell\u2019Olmo": "Q21389051", "Ana Mar\u00eda Bl\u00e1zquez Morilla": "Q23008192", "Mireia Belil": "Q24042284", "Hadas Saaroni": "Q25493226", "Diana K. Davis": "Q27978440", "\u042d\u043c\u043c\u0430 \u041f\u0435\u0442\u0440\u043e\u0432\u043d\u0430 \u0420\u043e\u043c\u0430\u043d\u043e\u0432\u0430": "Q39381850", "Tamara S. Wilson": "Q45400085", "Meta Ferjan": "Q48016934", "Irena Rejec Brancelj": "Q48018065", "Valentina Bre\u010dko Grubar": "Q48069202", "Ana Vovk Kor\u017ee": "Q48070696", "Darla Cameron": "Q53064897", "Helena Nogueira": "Q53104227", "Sarah Johnsen": "Q53997090", "Dina Vaiou": "Q55621142", "Joos Droogleever Fortuijn": "Q55622216", "Nelly Robin": "Q55627860", "Ibtissem Tounsi": "Q55629152", "Marie Bridonneau": "Q55629315", "Jayalaxshmi Mistry": "Q55754906", "Mar\u00eda Teresa Camacho Olmedo": "Q55949403", "Anna Ribas Palom": "Q55991556", "Olivia Bina": "Q56264200", "Frances Darlington-Pollock": "Q56432874", "Kerri Jean Ormerod": "Q56877880", "Angelica Feurdean": "Q57009118", "Sandra S\u0142owi\u0144ska": "Q57035315", "Karolina H Czarnecka": "Q57063857", "Marion Potschin": "Q57078399", "Chinwe Ifejika Speranza": "Q57157241", "Anna Ortiz": "Q57306223", "Felicity Callard": "Q57373116", "Lucie \u010cerven\u00e1": "Q57411686", "Jennifer Jensen": "Q57413778", "Claire M\u00e9dard": "Q57417843", "Julie Cupples": "Q57421844", "Jennifer Baka": "Q57466035", "Theresa Garvin": "Q57862821", "Kirsten von Elverfeldt": "Q57890715", "Kristina Diprose": "Q57897013", "Agnieszka Latocha": "Q57910230", "Larissa Naylor": "Q57990892", "Jessica Pykett": "Q58158347", "Sarah Hall": "Q58181870", "Catherine Porter": "Q58321450", "Margreth Keiler": "Q58349001", "Sofia Antonova": "Q58389329", "Lucy Marshall": "Q58418825", "Violette Brustlein-Waniez": "Q59353638", "Natalie Koch": "Q59448876", "Katharine Kolb": "Q59832569", "Maria \u0141anczont": "Q59841772", "Virginia Stovin": "Q60021970", "Meghan Alexander": "Q60022335", "Emma Mawdsley": "Q60023482", "Ayona Datta": "Q60024570", "Anna Buca\u0142a-Hrabia": "Q60300015", "Kate A. Berry": "Q60648080", "Geraldine Qu\u00e9n\u00e9herv\u00e9": "Q60659367", "Teresa Pinto-Correia": "Q60729953", "Natascha Klocker": "Q61065920", "Holly Barcus": "Q61192970", "Lucy Veale": "Q61225850", "Jessie H. Clark": "Q61623116", "Jamie L. Jones": "Q61969119", "Maria Paradiso": "Q62729107", "Victoria S. Randlett": "Q63656977", "Susan L. Tingley": "Q64364453", "Hanna Hajdukiewicz": "Q64504484", "Barbara Fia\u0142kiewicz-Kozie\u0142": "Q64761219", "Hong Ching": "Q64911119", "Suzanne Fr\u00e8re": "Q65096279", "Mojca Ilc Klun": "Q65938100", "Marjeta Natek": "Q65945049", "Nata\u0161a Ravbar": "Q66292949", "Lydia Miheli\u010d Pulsipher": "Q66296080", "Eva Kone\u010dnik Kotnik": "Q66297457", "Karmen Kolnik": "Q66297727", "Nata\u0161a Kolega": "Q66297859", "Vera Kokole": "Q66298214", "Bibijana Mihevc": "Q66371219", "Nadine Schuurman": "Q66724710", "Dina Abbott": "Q70759003", "Mercedes Molina Ib\u00e1\u00f1ez": "Q70978057", "Ute von Baudissin-Zinzendorf": "Q78788491", "Kimberlee Chambers": "Q79669623", "Christine Dunn": "Q79946608", "Emily Skop": "Q80487990", "Sharlene Mollett": "Q81275115", "Juanita Sundberg": "Q81316153", "Menka Saini": "Q82096345", "Marina Duf\u00e9al": "Q84756421", "Maria D\u00e9lia Aparecida de Souza": "Q84991103", "Halina Kaczmarek": "Q87907484", "Jutta Gutberlet": "Q89167001", "Clare Herrick": "Q89400993", "Gail Davies": "Q89789495", "Beth Greenhough": "Q89789506", "Kelli L. Larson": "Q90399255", "Joanna Dominiak": "Q91321793", "Stella Worthington": "Q91389763", "Rebecca Smith": "Q91662170", "Katarzyna Kubiak-W\u00f3jcicka": "Q92681016", "Helen Rendell": "Q93824521", "Lisa Naughton-Treves": "Q95623007", "Barbara Maier": "Q95648049", "Ottilie Fleer": "Q95663509", "Elena Gennadievna Petrova": "Q95672274", "Ingrid Spiller": "Q95701625", "Anneliese Siebert": "Q95746134", "Silke Findeisen": "Q95750917", "Sandra Petermann": "Q95751685", "Viktoriya Pantyley": "Q95967286", "Maha Abdelhamid": "Q96058334", "Paola Sereno": "Q97060852", "Kate Parizeau": "Q97093883", "Anna D\u0142u\u017cewska": "Q97374005", "Anna Dmowska": "Q97607423", "Kathleen Stewart": "Q97641852", "Lucy Budd": "Q97671914", "Hannah Gosnell": "Q98650879", "Erica Schoenberger": "Q98690453", "Victoria A. Lawson": "Q98715722", "Barbara Konecka-Szyd\u0142owska": "Q98790796", "Pascale Roy-L\u00e9veill\u00e9e": "Q99431038", "Parvati Raghuram": "Q99440597", "Maria Torres Bagur": "Q99472058", "Tsering Tsomo": "Q100409342", "Elisabeth Aufhauser": "Q101114959", "Becky Mansfield": "Q101331787", "Kimberly Meitzen": "Q101566353", "Marie Hor\u0148\u00e1kov\u00e1": "Q104071639", "Doris Riedl": "Q104131169", "Ann Pomeroy": "Q104639096", "Lucie Guimier": "Q104727421", "Hester Parr": "Q105428792", "Mar\u00eda Laura Silveira": "Q105515121", "Mar\u00eda Luisa Laviana Cuetos": "Q106125288", "Rosa Ortega Canadell": "Q106436943", "Sirpa Tani": "Q106468663", "Hadiza Kiari Fougou": "Q106508631", "Lenka Havelkov\u00e1": "Q106636157", "Banu G\u00f6kar\u0131ksel": "Q106806263", "Catherine Delano-Smith": "Q106807563", "Jana J\u00edchov\u00e1": "Q106983322", "Ivana P\u0159idalov\u00e1": "Q106983363", "Irena Smolov\u00e1": "Q106984377", "Marlies Schulz": "Q107173256", "Helen Kerfoot": "Q107206849", "Enrica Lemmi": "Q107820002", "Ceri Oeppen": "Q108196305", "Chiara Certom\u00e0": "Q108308010", "Femke Reitsma": "Q108452124", "Agn\u00e8s Deboulet": "Q108828014", "Dorota Mantey": "Q108929272", "Jane M. Wheeler": "Q109461661", "Jane E. Knepler": "Q109461664", "Catherine L. Fuess": "Q109461669", "Judith Boekholder": "Q109461671", "Joan C. Dobbratz": "Q109461672", "Margaret M. Betchart": "Q109461684", "De ingenieur van de waterstaat": "Q109632587", "De Jongh Luyt Verhave Roosenburg": "Q109632588", "De Kleine Media": "Q109632590", "Genie Commandement": "Q109632807", "Claudia Vivalda": "Q109996681", "Fran\u00e7oise Bahoken": "Q110125818", "Denise Blanchard": "Q110164288", "Jennifer A. Devine": "Q110164295", "Tania Rossetto": "Q110259932", "Julieta Constanza Frediani": "Q110421900", "Maegen L. Rochner": "Q110677272", "Isabel Schrankel": "Q110721788", "Beata Medy\u0144ska-Gulij": "Q110741183", "Simone Pinet": "Q111240422", "Jan Perk": "Q111371786", "Lia Karsten": "Q111728603", "Maria Chiara Zerbi": "Q111770889", "Nora Sherwood": "Q111820245", "Antonina Plutino": "Q111896543", "Manuela Tascio": "Q111984723", "Elena Belozerova": "Q112119372", "Matilde Carabellese": "Q112133199", "Alejandra Mora Soto": "Q112136109", "Giovanna Ammaturo": "Q112152307", "Marialaura Bancheri": "Q112161528", "Mariangela Grassi": "Q112270122", "Enrica Granese": "Q112334351", "Gail Adams-Hutcheson": "Q112380748", "Sophie Bond": "Q112645025", "Donna Peuquet": "Q112645757", "Barbara Gimla Shortridge": "Q112655084", "Maria Paladino": "Q112662746", "Rosa Maria Romaniello": "Q112674316", "Maria Starczewska-Lambasa": "Q112746222", "Mar\u00eda del Pilar Gonz\u00e1lez Yanci": "Q112861469", "Alexandra Winter-Billington": "Q113126926", "Ninon Blond": "Q113254676", "Maria Gravari-Barbas": "Q113351238", "Bethanna Jackson": "Q113510493", "Aude Nikiema": "Q113527726", "Iwona Piotrowska": "Q113637510", "S\u00e9gol\u00e8ne Darly": "Q113638420", "Servane Gueben-Veni\u00e8re": "Q113638521", "Clionadh Raleigh": "Q113717932", "Caitriona Dowd": "Q113722356", "Kamila Klingorov\u00e1": "Q113733953", "Bartira Ferraz Barbosa": "Q113734288", "Anne Bouhali": "Q113737269", "Suzy Blondin": "Q113746477", "Claire Gillette": "Q113748200", "Negar Elodie Behzadi": "Q113759116", "Elizabeth Delmelle": "Q113759270", "Silke Franke": "Q113783800", "Lindsey Conrow": "Q113795218", "Jesse Wiki": "Q113799754", "Kelly S. Bricker": "Q113807459", "Nina Sch\u00f6nemann": "Q113810953", "Jillian Frater": "Q113818734", "Marcela Tapia Ladino": "Q113822813", "Haydie Gooder": "Q113827035", "Delphine Papin": "Q113925227", "Caterina Balletti": "Q114155678", "Kristina Glojek": "Q114333551", "Jessica Pic": "Q114384590", "Oana-Ramona Ilovan": "Q114452904", "Joyce Crosby Cook": "Q114585810", "Natalie Oswin": "Q114703887", "Ornella Albolino": "Q114747085", "Rosa Viparelli": "Q114756165", "Lucie D\u00e9mettre": "Q114771594", "Catherine Mering": "Q114893058", "Zil\u00e1 Mesquita": "Q114893176", "Sandra Rome": "Q114917664", "Ngaire Catherine Hunt": "Q115034179", "Diana Porteous": "Q115034210", "Larianne Collins": "Q115121040", "Heather Smith": "Q115171789", "Sarah Duch\u00e9": "Q115181451", "Marie Bonte": "Q115184304", "Lise Landrin": "Q115184736", "Claske Dijkema": "Q115184795", "Nomasonto Ngwenya-Bendile": "Q115185223", "Rini Astuti": "Q115386589", "Edith Marjorie Ward": "Q115494610", "Val\u00e9rie Poudray": "Q115513367", "El\u017cbieta Zawadzka-Kahlau": "Q115523938", "Barbara Skrobisz": "Q115524055", "Jessica Bohorquez": "Q115611822", "Katherine Holt": "Q115641433", "Wokje Abrahamse": "Q115650867", "Anastasia Panenko": "Q115690806", "C\u00e9line Lutoff": "Q115691592", "Alina Pr\u0105tnicka": "Q115766202", "Naomi Beth Simmonds": "Q115782317", "Cristina Del Biaggio": "Q116200230", "Mariam Gambashidze": "Q116206596", "Camilla Hawthorne": "Q116432392", "Rosal\u00eda Vidal Zepeda": "Q116753321", "Elizabeth Mazzoni": "Q116761759", "Empar Vaqu\u00e9 Boix": "Q116909126", "H\u00e9l\u00e8ne Bouboutou": "Q116995875", "Jenny Goldstein": "Q117037989", "Myrna Breitbart": "Q117078843", "Cheryl Marie Pearce": "Q117189989", "El\u017cbieta Florek": "Q117288378", "Elena Izis": "Q117323544", "Jenny Bryant-Tokalau": "Q117384777", "Gra\u017cyna Bezkowska": "Q117472869", "Margaret Wickens Pearce": "Q117562200", "Rose-Marie Rosenback": "Q117788164", "Miros\u0142awa Marsz": "Q117808134", "Rosa Wimpissinger": "Q117822249", "Susan D. Owen": "Q118106574", "Tamar Hosennen": "Q118218853", "Audrey S\u00e9randour": "Q118421052", "Helen Glanville": "Q118520240", "Zofia Paszkiewicz": "Q118591588", "Helena Rouba": "Q118612435", "Katarzyna Fagiewicz": "Q118630703", "Agnieszka Dziurlikowska": "Q118684254", "Ma\u0142gorzata St\u0119pniewska": "Q118869625", "Katarzyna Kulczy\u0144ska": "Q118869629", "Anna Tobolska": "Q118946016", "Ruth Liepins": "Q118998086", "Ewa Kacprzak": "Q118999147", "Barbara Ma\u0107kiewicz": "Q119041019", "Barbara Busek": "Q119082866", "Sylwia Staszewska": "Q119087610", "Lidia Mierzejewska": "Q119154007", "Magdalena Wdowicka": "Q119206708", "Leonora Navari": "Q119223254", "Vivian Bushnell": "Q119345536", "Carla Lanza Dematteis": "Q120491487", "Katarzyna Stal\u0119ga": "Q120532790", "Kl\u00e1ra Sever\u00fdnov\u00e1-Popkov\u00e1": "Q120576863", "Magdalena Rousov\u00e1": "Q120593963", "Leona Suchomelov\u00e1": "Q120594736", "Katar\u00edna Demkov\u00e1": "Q120594763", "Magdalena Ka\u0161kov\u00e1": "Q120594768", "Eva Berrov\u00e1": "Q120595903", "Dana K\u0159e\u0161ni\u010dkov\u00e1": "Q120596601", "Romana \u010cervinkov\u00e1": "Q120597003", "Kate\u0159ina Synkov\u00e1": "Q120597138", "Nina Dvo\u0159\u00e1kov\u00e1": "Q120597322", "Eva Stuchl\u00edkov\u00e1": "Q120597633", "Julita Gratowa": "Q120600162", "Darja Sk\u00e1celov\u00e1": "Q120601324", "Sibylle Le Carrer": "Q120602049", "Tereza Z\u00e1dorov\u00e1": "Q120606220", "Jitka Faugnerov\u00e1": "Q120607459", "Vendula Svobodov\u00e1": "Q120607957", "Lucie Orl\u00edkov\u00e1": "Q120608940", "Ad\u00e9la Holubov\u00e1 \u0160mejkalov\u00e1": "Q120610225", "Petra Koprajdov\u00e1": "Q120611986", "Veronika Bernh\u00e4userov\u00e1": "Q120612211", "Krist\u00fdna \u0160tolcov\u00e1": "Q120612214", "Romana Kud\u011blkov\u00e1": "Q120612264", "Maryam Sharif-Draper": "Q120612889", "Vendula Dastychov\u00e1": "Q120614814", "Edita Kobl\u00ed\u017ekov\u00e1": "Q120614816", "Tereza Kochov\u00e1": "Q120614817", "Petra Gajov\u00e1": "Q120616140", "Barbora Strouhalov\u00e1": "Q120616718", "Olga Brovkina": "Q120616956", "Alena Kl\u00edmov\u00e1": "Q120617148", "Sophie Bowlby": "Q120900494", "Patricia Ehrkamp": "Q120912368", "Lorraine van Blerk": "Q120912401", "Janina Grucza": "Q121059063", "Emilia Pie\u0144kowska": "Q121060967", "Katja Haferkorn": "Q121300261", "Heidi Victoria Scott": "Q122446116", "Aneta Rupniewska": "Q122520380", "L\u00e9a S\u00e9bastien": "Q122704733", "Melissa Garc\u00eda-Lamarca": "Q122732725", "Hamil Pearsall": "Q122732810", "Lidia Groeger": "Q122872059", "Charlotte Mazel-Cabasse": "Q122898914", "Martine Drozdz": "Q122923182", "Lucie Machov\u00e1": "Q122943255", "Maria Soja": "Q122945770", "Deborah Maxwell": "Q122952705", "Urszula K\u0119pi\u0144ska": "Q122958628", "Bo\u017cena Skibi\u0144ska": "Q122958640", "Marie-Claire Prat": "Q122984557", "Silvana Philippi Camboim": "Q123035740", "Alika Jensen": "Q123039261", "Joanna Bac-Bronowicz": "Q123065804", "Kathy Pain": "Q123116742", "Anna Vetter": "Q123166992", "Emma L. Sharp": "Q123197959", "Daniela Santus": "Q123370348", "Linda Madden": "Q123438752", "Lisa Dowling": "Q123438766", "Claire Gibson": "Q123438957", "Jane Foster": "Q123439036", "Mary June Logie": "Q123439432", "Linda Singh": "Q123439480", "Marina Novelli": "Q123470110", "Yany P. Lopez": "Q123473729", "Mary Mostafanezhad": "Q123478440", "Jan Rigby": "Q123515228", "Mirjam Schindler": "Q123599117", "Edyta Paulina Bogucka": "Q123739373", "Zulfa Nur'aini 'Afifah": "Q123819911", "Candra Sari Djati Kartika": "Q123855443", "Fran\u00e7oise Ardillier-Carras": "Q123915964", "Alice Nikolli": "Q124061985", "Olesia Ignateva": "Q124083433", "Bing Liu": "Q124290942", "Senorita John": "Q124307232", "Joanna Joseph Jeyaraj": "Q124307342", "Alice Therese Bowden": "Q124307363", "Nandy Som\u00e9-Diallo": "Q124307383", "Sarah Witham Bednarz": "Q124308083", "Samantha Levi": "Q124310311", "Manuela Schmidt": "Q124316024", "Lydia Youngblood": "Q124386226", "Tania Herrera Romero": "Q124448240", "Martha Gwenn Bell": "Q124465492", "Ana Oliva Pinilla Pach\u00f3n": "Q124489805", "Zuzanna Kunert": "Q124544909", "Smita Singh": "Q124611608", "Gretchen N. Peterson": "Q124616683", "Vanessa Knoppke-Wetzel": "Q124617839", "Michaela Vojt\u011bchovsk\u00e1": "Q124651665", "Dorota Matuszewska": "Q124709660", "Robin Tolochko": "Q124748994", "Lela Khartishvili": "Q125057110", "Stella Schroeder": "Q125165403", "Anna Maria Szczuci\u0144ska": "Q125197619", "Sylwia Br\u00f3dka": "Q125207962", "Annegret Nickel-Gemmeke": "Q125210197", "Kenia Di\u00f3genes": "Q125340594", "Sinthia Batista": "Q125340882", "Isabelle Falardeau": "Q125365933", "Roxana Andrea Rojas Vera Pinto": "Q125395340", "Jeannine Raffy": "Q125398829", "Helena Cruz Gallach": "Q125456541", "Mei Yen Chua": "Q125456954", "Luz Alexandra Javier Silva": "Q125508787", "Sandra Trienekens": "Q125746595", "Rita Dionisio": "Q125781902", "Nargiz Kurumbayeva": "Q125822352", "Hadjara Yay\u00e9 Saidou": "Q125822625", "Bibigul Zhunis": "Q125823543", "Zeinab Torabi": "Q125823664", "Milana Glebova": "Q125824447", "Jiaying Xue": "Q125885403", "Darya Lapo": "Q125885452", "Katre Karja-Zhang": "Q125885994", "Doroth\u00e9e Kohler": "Q125949451", "Sara Lanini-Maggi": "Q125959091", "Mar\u00eda Z\u00fa\u00f1iga Ant\u00f3n": "Q125997793", "Marcia Fusinato Barbosa Athayde": "Q126002514", "Camila Narbaitz Sarsur": "Q126029998", "Fiona McConnell": "Q126141015", "Lavinia Cozza": "Q126371982", "Laura Dias Prestes": "Q126571679", "Cecilia Zuleima Cortina Guzm\u00e1n": "Q127260394"}