{"Esther Nagtegael": "Q4957481", "Claude Barbe Guillou": "Q27949714", "Erika Varga": "Q97203099", "Sellia Epyre": "Q110607084", "Jean Michel Anthony": "Q112597884", "Anne Maximilienne Julienne Van Aerschot": "Q125622106", "S\u00fcsette Scherz": "Q55882289", "Sigrid Torsk": "Q124698784", "Clara Brigel": "Q109833819", "Mary Thew": "Q106367927", "Gertraud von Schnellenb\u00fchel": "Q106247547", "Valerija Hachla-Myslive\u010dkov\u00e1": "Q20851406", "Wilhelmina Puls Stephan": "Q110373644", "Marie K\u0159iv\u00e1nkov\u00e1": "Q20852623", "Sophie Noske": "Q108169732", "Erna Wolter": "Q101534355", "Paula Straus": "Q63412607", "Toni Koy": "Q83882076", "Val\u00e9ria V\u00e1l": "Q104536070", "Eilfriede Berbalk": "Q110630105", "Cor Vos": "Q20993041", "Dorothy Benrimo": "Q125427703", "Hildegard Risch": "Q111026019", "Margaret Biggar": "Q113467539", "Caroline Gleick Rosene": "Q107213181", "Anneliese Grefe Walck": "Q23831314", "Florica Farcasu": "Q98851176", "Eleanor Bates Streloff": "Q107641587", "Virginia Dudley": "Q111824217", "Verdina Pens\u00e8": "Q63361184", "Ida Hudig": "Q97876779", "Marijcke Visser": "Q2605300", "\u00c9va Barta": "Q107521683", "Gabrielle Haardt": "Q15079311", "Eleonora Persson": "Q105616908", "Mary Ann Bransby": "Q122542643", "Antoinette Riklin-Schelbert": "Q85101746", "Cornelia Anna Borst": "Q13497791", "Soso Choutopoulou Kontaratou": "Q94325977", "Ebbe Weiss-Weingart": "Q51180129", "Jitka Forejtov\u00e1": "Q94380773", "Flora Kelton": "Q64918504", "Annette Bird": "Q108480516", "Riet Neerincx": "Q15881306", "Alina Ferdinandy": "Q48033885", "Libby Johnston": "Q97015456", "Vlasta \u0160olcov\u00e1": "Q115284572", "Eva Benesch": "Q117086062", "Anna Greta Eker": "Q106685355", "Manaba Magomedova": "Q4274179", "Daniela Vinopalov\u00e1": "Q70327539", "Alena Nov\u00e1kov\u00e1": "Q26898267", "Rita Gall\u00e8": "Q113214905", "Elisabeth Defner": "Q96955035", "Gertraud Schikola": "Q52084112", "Bianka Eshel Gershuni": "Q12404432", "Ursula Dietz": "Q125323596", "Theresia Hvorslev": "Q27299966", "Darani Lewers": "Q94637659", "Margaret West": "Q98151113", "Libu\u0161e Hlubu\u010dkov\u00e1": "Q95178352", "Joanna Lee": "Q109646970", "Hellyn Moore Pawula": "Q94528806", "Dorothea Pr\u00fchl": "Q16068691", "Gillian Packard": "Q110665621", "Gerda Glawischnig": "Q109335274", "Blanka Nepasick\u00e1": "Q99487460", "Eleonora Reytharov\u00e1": "Q95091523", "Darina Horv\u00e1thov\u00e1": "Q112112774", "Ruth Baird": "Q104775237", "Erika Sch\u00e4fter": "Q124613797", "Marilyn Druin": "Q21292956", "Ludmila Kaprasov\u00e1": "Q64850336", "Lois Kittson": "Q92938669", "Michaela Kirchner": "Q105200994", "Marci Zelmanoff": "Q111205780", "Jacqueline Mina": "Q98765749", "Susan Kingsley": "Q111476165", "Hannelore Dreutler": "Q4945227", "Lad\u011bna V\u00edznerov\u00e1": "Q95469828", "Marie Mlyn\u00e1\u0159ov\u00e1": "Q12035438", "Barbara Stutman": "Q86108962", "Ksenia Krivosheina": "Q4240881", "Lijsbeth Teding van Berkhout": "Q76355058", "Liv Soln\u00f8r Rogan": "Q78795599", "Lena Bergestad-Jonsson": "Q77284525", "Stephanie Lambert": "Q111122880", "Katherine Kalaf": "Q112206075", "Johanna Dahm": "Q55235990", "Irene Bakker": "Q96951499", "Hedva Ser": "Q14626745", "Marian Hosking": "Q30238039", "Carla Krutzen": "Q115627374", "Gail Bird": "Q27824062", "Michaela Lesa\u0159ov\u00e1-Roub\u00ed\u010dkov\u00e1": "Q59185785", "Elisabeth Holder": "Q105336041", "Jan Brooks": "Q125429267", "\u00c5se Sekkelsten": "Q63820973", "Margareth Sandstr\u00f6m": "Q48568604", "Kirsti Skoglund": "Q63349530", "Randy Stroms\u00f6e": "Q110155820", "Lilly Fitzgerald": "Q113467527", "Rian de Jong": "Q15616406", "Miriam Sharlin": "Q100405992", "Wendy Yothers": "Q110242929", "Britt-Inger Hansson": "Q23918548", "Eva Eisler": "Q95368497", "Vered Kaminski": "Q12407164", "Kl\u00e1ra Balatoni": "Q789272", "Taccjana Aljaksee\u016dna Rud\u0117nka": "Q115534092", "Barbara Heath": "Q111540188", "Sv\u011btlana Dudkov\u00e1": "Q113452267", "Archduchess Michaela of Austria": "Q3504210", "Isabella Hund": "Q105334373", "Barbara Weinberger": "Q807682", "Margret Grewenig": "Q1475782", "Christine Larochelle": "Q89061345", "Fran Allison": "Q104775144", "Cynthia Cousens": "Q98759994", "Susan Caplan": "Q124464073", "Chailai Yugala na Ayudhya": "Q16139910", "Julie Blyfield": "Q94502184", "Mikala Naur": "Q106584391", "Petra K\u00e4ser": "Q112132945", "H\u00e9l\u00e8ne Courtaigne Delalande": "Q3144737", "Barbara B\u00f6hlke": "Q63953043", "Chantal Gilbert": "Q78360921", "Joyce Hinterding": "Q98517117", "Judith Hoyt": "Q114164590", "Anne Fauteux": "Q78357261", "Anda Klan\u010di\u010d": "Q65768340", "Jasmine Thomas-Girvan": "Q29958471", "Barbara Paganin": "Q40893184", "Dania Chelminsky": "Q55285361", "Barbara Blewman": "Q104774929", "Alexandra Bahlmann": "Q106101966", "Mar\u00edlia Maria Mira": "Q96651972", "Victoire de Castellane": "Q3557038", "Alexandra Horov\u00e1": "Q10772682", "Jos\u00e9e Desjardins": "Q85702532", "Bettina Dittlmann": "Q90684939", "Donna Brennan": "Q96954384", "Silvia Walz": "Q20006608", "Hilde De Decker": "Q96954913", "Rita Marcangelo": "Q117018403", "Mark\u00e9ta P\u0159ibylov\u00e1": "Q28745501", "Mary Curtis": "Q104778311", "Camilla Wallin": "Q4990149", "Bj\u00f8rg Nordli-Mathisen": "Q7463224", "Yvonne Raab": "Q107416235", "Zwetelina Alexieva": "Q111488475", "Nedda El-Asmar": "Q514988", "Sophie Hanagarth": "Q16069410", "Martina Min\u00e1rikov\u00e1": "Q100429039", "Felieke van der Leest": "Q15526406", "Jutta Klingebiel": "Q105944837", "Heidemarie Herb": "Q96959147", "Ute Eitzenh\u00f6fer": "Q96957240", "Penelope Barnhill": "Q104775239", "Claudia Stebler": "Q107417773", "Maja Licul": "Q65714388", "Tonje A. Br\u00e5then": "Q12006786", "Neke Moa": "Q104783379", "Harriet Alice Alban": "Q111722233", "Lisa Higgins": "Q121851261", "Barbora \u0160korpilov\u00e1": "Q21150758", "Kirsten Haydon": "Q106575371", "V\u011bra Nov\u00e1kov\u00e1": "Q112387384", "Nicole Beck": "Q96953507", "Bec Astley Clarke": "Q106691273", "Melanie N\u00fctzel": "Q105476017", "Lilli Veers": "Q105487729", "Juliane Sch\u00f6l\u00df": "Q115134816", "Peih-Gee Law": "Q104076550", "Adi Toch": "Q16132792", "Barbara Schrobenhauser": "Q87333963", "Nora Rochel": "Q15713409", "Natalia Milosz-Piekarska": "Q47067683", "Linda Brothwell": "Q113517678", "Maria Nilsdotter": "Q105045647", "Danni Schwaag": "Q104541813", "Susanne Steiger": "Q25176084", "Moniek Schrijer": "Q104783410", "Princess Paola Sapieha-Rozanski": "Q75293887", "Patricia Domingues": "Q96955829", "Petra Slov\u00e1kov\u00e1": "Q60314991", "Kate\u0159ina Handlov\u00e1": "Q122451627", "Giulia D'Avenia": "Q84993373", "Karin Schlager": "Q96205748", "Katrin Wouters": "Q15877371", "Mary Noble": "Q19802414", "Michaela Wiecek": "Q30690304", "Aylin G\u00f6zen": "Q66115474", "Hiske Loomans-de Sonnaville": "Q91013161", "Caroline Arbour": "Q96964566", "Waltraud Moriz": "Q99693501", "Dina Herrmann": "Q99693584", "Emiko Oye": "Q105151442", "Yuka Saito": "Q105815922", "Lorenza Giorgessi": "Q106415691", "Henriette Schuster": "Q106829806", "Chiara Berti Mantellassi": "Q108049616", "Tara J. Nahabetian": "Q108216272", "Katia Martel": "Q109481430", "Viccentia": "Q110063606", "Matilda Little": "Q110088197", "Serapa": "Q110616840", "Eva Mascher-Els\u00e4sser": "Q111097875", "Caroline Strieb": "Q111710020", "Natalie Paul": "Q111476156", "Pat Garrett": "Q111476158", "Susan Green": "Q111476163", "Kerianne Quick": "Q112657685", "Hester Robinson-Spoon": "Q113467473", "Holly Lee": "Q113867352", "Chloe Darke": "Q113867834", "Cristina Romo": "Q113883938", "Emilia Castillo": "Q113883944", "Gabrielle Gould": "Q115678202", "Sara Thompson": "Q113997283", "Ashley Buchanan": "Q114020810", "Alicia Goodwin": "Q114031809", "Abra Gorby": "Q114164478", "Amarette Gregor": "Q114164479", "Amy Sun Ah Blair": "Q114164481", "Amy Roper Lyons": "Q114164484", "Andrea Haffner": "Q114164486", "Angelika Brennecke": "Q114164497", "Cara Romano": "Q114164518", "Christy Klug": "Q114164524", "Connie Verrusio": "Q114164532", "Deb Karash": "Q114164536", "Edna Madera": "Q114164540", "Elaine Rader": "Q114164549", "Emiko Shinozaki": "Q114164551", "JacQueline Sanchez": "Q114164566", "Jean Jinsil Cho": "Q114164581", "K. Meta Reintsema": "Q114164592", "Karen Gilbert": "Q114164594", "Kate Eickelberg": "Q114164604", "Kathleen Lamberti": "Q114164607", "Kelsey Larsen": "Q114164609", "Lauren Markley": "Q114164619", "Linda Kindler Priest": "Q114164622", "Mary Donald": "Q114164645", "Mary Filapek": "Q114164646", "Sadie Wang": "Q114164674", "Sheko Kirby": "Q114164679", "Emanuela Duca": "Q114165424", "Judith Kinghorn": "Q114188035", "Eliana Arenas": "Q114209997", "Mercedes Yazzie Romero Bell": "Q115256141", "Wenjing Yang": "Q115678147", "Alice Kresse": "Q115678148", "Amerinda Alpern": "Q115678151", "R\u00e9jane Pratelli": "Q115678156", "Andrea Banks": "Q115678158", "Beth Aim\u00e9e": "Q115678164", "Boline Strand": "Q115678166", "Caitlin Albritton": "Q115678169", "Carolina Gomes": "Q115678173", "Christina Goodman": "Q115678174", "Cindy Liebel": "Q115678175", "Daniela Boari": "Q115678182", "Denise Betesh": "Q115678185", "Elizabeth Ann Tokoly": "Q115678188", "Elizabeth Farber": "Q115678189", "Esther Sullivan": "Q115678198", "Barb Baur": "Q115678199", "Genevieve Flynn": "Q115678203", "Carole Grisham": "Q115678219", "Holly Anne Mitchell": "Q115678220", "Ilene Schwartz": "Q115678225", "Jenne Rayburn": "Q115678231", "Julie Long Gallegos": "Q115678236", "Keiko Mita": "Q115678238", "Kathryn Bowman": "Q115678242", "Kit Burke-Smith": "Q115678246", "Laura Wood": "Q115678248", "Linda May": "Q115678249", "Malika Green": "Q115678257", "Manda Wylde": "Q115678258", "Marianne Jennings": "Q115678260", "Pauletta Brooks": "Q115678274", "Kimberly Huestis": "Q115678276", "Rebecca Myers": "Q115678277", "Megan Wiley": "Q115678288", "Susan Hoge": "Q115678293", "Susan Panciera": "Q115678294", "Suzanne Schwartz": "Q115678295", "Tamra M. Gentry": "Q115678298", "Theresa St. Romain": "Q115678307", "Tracy Sunday Mastro": "Q115678311", "Val Damon": "Q115678314", "Susan Woodhall": "Q115678317", "Carol Hsu": "Q115678356", "Marianne Agryriades": "Q115739978", "Hilde Leiss": "Q116601652", "Paulina Matosek": "Q117309638", "Marleen Guthschmidt": "Q117472006", "Jone Taberna": "Q122500109", "Cora Sheibani": "Q123472705", "Mahnaz Ispahani Bartos": "Q124414169", "Eleanor Caldwell": "Q125428346", "Anna Steinmann": "Q127165225"}