{"Arwen Linnemann": "Q1988904", "Nathasja van Rosse": "Q2292921", "Antonia Volpe": "Q16483541", "Vicenta Michans y Piquer de Dot": "Q59678295", "Emilia Giuliani-Guglielmi": "Q1337261", "Amalia Angl\u00e8s y Mayer": "Q28599542", "Angelita Pardo": "Q16483388", "Yvonne Daumerie": "Q124812570", "Ana Schneider de Cabrera": "Q55469963", "Josefina Robledo Gallego": "Q11928414", "Mari\u00e1ngeles S\u00e1nchez Benimeli": "Q5999453", "Rosa Rod\u00e9s i Mir": "Q97614069", "Gertha Hammerschmied": "Q98636170", "Matilde T. de Calandra": "Q112466497", "Rosa Lloret Ortiz": "Q20100975", "Uut Hulsing": "Q2209886", "Lalyta Almir\u00f3n": "Q18203222", "Lucha Sosa": "Q56378799", "Leopoldina N\u00fa\u00f1ez Lacret": "Q16590241", "Gabriele Schneider-Manske": "Q95638030", "Am\u00e9rica Mart\u00ednez Serrano": "Q5673488", "\u041b\u044e\u0431\u043e\u045e \u0413\u0440\u044b\u043d\u0447\u044b\u043a": "Q108320908", "Ingibj\u00f6rg Andr\u00e9sd\u00f3ttir": "Q61972890", "Ursula Peter": "Q2501791", "Graciela Pomponio": "Q1315215", "Rosa Gil del Bosque": "Q6112169", "Zurita de Oliveira": "Q124060237", "Luisa Ronchini": "Q55349910", "Ilse Alfonso": "Q63491973", "Francine Brunel-Reeves": "Q110363221", "Ada Yakusheva": "Q4537301", "Marta Vald\u00e9s": "Q1902939", "Maritta Kersting": "Q1899410", "Eva M\u00f6ller": "Q4968738", "Barbara Probst-Pol\u00e1\u0161ek": "Q18018618", "Suma Paz": "Q6135438", "Natalija Alexandrowna Iwanowa-Kramskaja": "Q1966181", "Barbara Richter": "Q807602", "Armand Coeck": "Q112427655", "Lois Kittson": "Q92938669", "Catalina Pereira Aranda": "Q61832235", "Maria L\u00edvia S\u00e3o Marcos": "Q3290981", "Seiko Obara": "Q47470084", "Sibylle Kynast": "Q15847434", "Gerrie van der Klei": "Q2173304", "Irene Portela": "Q10303580", "Ljudmila Anatolevna Toemanova": "Q61483519", "Miriam Ramos Heres": "Q78166766", "Stella Crisci": "Q9079766", "Janne L\u00f8seth": "Q28718028", "Sonja Prunnbauer": "Q95196052", "Estela Magnone": "Q5849246", "Inger Tragethon": "Q17112835", "Carola Kretschmer": "Q1044237", "Karin Knudsen": "Q17099992", "Godelieve Monden": "Q61480701", "Jean Millington": "Q27537197", "Anaya Music": "Q4752457", "Katerina Fotinaki": "Q24578965", "Anna Torge": "Q54933277", "Agata Karczewska": "Q85858911", "Bea Muszty": "Q107286954", "Rebekka": "Q18630071", "Hana \u0158eh\u00e1\u010dkov\u00e1": "Q95110240", "Sz\u00e1nti Judit": "Q112072881", "Clarita Parra": "Q5771230", "Lisa Nemzo": "Q1827768", "Berenice Azambuja": "Q9654976", "Christine de Chimay": "Q2966008", "Laurent de Gasp\u00e9ris": "Q23816457", "Kerstin Andeby": "Q4935562", "Margo Sagov": "Q56702360", "Adeline Fargier": "Q2824212", "Laureline Prom": "Q3218825", "Lydia Danihelova": "Q3269202", "Saholy Diavolana": "Q3461553", "Carol Heller": "Q8338744", "Kate Korus": "Q15944841", "Klara Force": "Q19628636", "Edit Szigeti": "Q113458645", "Mar\u00eda Medina": "Q6004303", "Marlene Marder": "Q36640957", "Vikt\u00f3ria Vincze": "Q1460001", "Beate Bartel": "Q813120", "Corrie van Binsbergen": "Q1135342", "Raphaella Smits": "Q2131440", "Mark\u00e9ta Vojt\u011bchov\u00e1-Ambro\u017eov\u00e1": "Q115364184", "Rita Engebretsen": "Q11997991", "Paula Chateauneuf": "Q112410814", "Dale Kavanagh": "Q1157851", "Margarita Korneyeva": "Q19532936", "Kim McAuliffe": "Q13743427", "Edith Leerkes": "Q1285059", "Ulla Ekstr\u00f6m von Essen": "Q4946198", "Svetlana Mikhailovna Vetrova": "Q15064970", "Bettina Oehmen": "Q850021", "Yanne Matis": "Q3571718", "Lauren Passarelli": "Q6500329", "Lenka Halamov\u00e1": "Q13211577", "Ang\u00e9lica Balado": "Q124088261", "Norda Mullen": "Q1997498", "Anne Vig Skoven": "Q12301863", "Zuzana Cidlinsk\u00e1": "Q95091994", "Tone Krohn": "Q12006742", "Ver\u00f3nica Condom\u00ed": "Q5856056", "Pavla Jonssonov\u00e1": "Q95138791", "Erika Strobl": "Q1354516", "Marjetka Popovski": "Q114024571", "M\u00f3nica Pavicich": "Q125100241", "Nastya Poleva": "Q4369593", "Marihel Barboza": "Q16941600", "Jana Svobodov\u00e1-B\u0159ezovsk\u00e1": "Q95374304", "Carol van Dijk": "Q1963146", "Elisabeth Roma": "Q113500408", "Cristina Narea": "Q23696525", "Miki Igarashi": "Q3313724", "Paula Gardiner": "Q55862547", "Anna Eriksson": "Q4946986", "Guadalupe Villar Orcera": "Q73672795", "Bettina Gajewski": "Q95192950", "Ana Zingoni": "Q16336516", "Elena Smekhova": "Q4424481", "Bianca": "Q9656306", "Svetlana Kopylova": "Q4232498", "Miss Rosi": "Q107365206", "\u0546\u0578\u0582\u0576\u0565 \u054a\u0578\u0572\u0578\u057d\u0575\u0561\u0576": "Q116615317", "Eva Fampas": "Q16332353", "Jarom\u00edra Je\u017ekov\u00e1": "Q95483125", "Kanako Nakayama": "Q3192561", "Cristina Azuma": "Q106463136", "Anne Soldaat": "Q1981405", "Christina Lux": "Q1083212", "Pavla St\u0159echov\u00e1": "Q12044364", "\u00c9dith Fambuena": "Q3579175", "Elena Gudkova": "Q4151601", "Anta E\u0146\u0123ele": "Q120754773", "Irina Kircher": "Q1672654", "Margareth Kammerer": "Q1702603", "Angela Aak": "Q12359227", "Elena Papandreou": "Q1327900", "Pavla Milcov\u00e1": "Q26260976", "Vivian Hanjohr": "Q2529062", "Kate\u0159ina \u0160ark\u00f6zi": "Q112362095", "Dorine Wiersma": "Q13574093", "Natalia Askhatovna Nelyubova": "Q4316821", "Nataliya Terekhova": "Q4455712", "Mateja Blaznik": "Q105966968", "Mar\u00eda Esther Guzm\u00e1n Blanco": "Q5670051", "Peta Devlin": "Q2073143", "Barbara Jungfer": "Q807491", "Inna Linshenkevich": "Q4201153", "Petra Vermote": "Q28364735", "Kirsti Nyutstumo": "Q28717978", "Nora Buschmann": "Q25272185", "Muriel Zoe": "Q1726066", "Siv Lang\u00f8y": "Q17100848", "Natalia M. King": "Q100158009", "Amparo S\u00e1nchez": "Q474415", "Debra Adamson": "Q11964994", "Shiho Gonger": "Q11303759", "Rayshele Teige": "Q104872366", "Christine Tassan": "Q105086283", "Alena Koz\u00e1kov\u00e1": "Q95148917", "Sylvie Hoarau": "Q3507341", "Olena Voinarovska": "Q4122608", "Claire Diterzi": "Q2975027", "Ragnhei\u00f0ur Eir\u00edksd\u00f3ttir": "Q61973458", "Abby Gennet": "Q4664458", "Virginie Peitavi": "Q3560766", "Jorunn Westeraas": "Q11979303", "Elizabeth Morris": "Q5829682", "Simonne Kosarov\u00e1": "Q112412742", "Sandra Hempel": "Q2220992", "Pia Asikainen": "Q42902021", "Jennah Vainio": "Q43272848", "Julie B. Bonnie": "Q3189150", "Succubus": "Q55931839", "Ines Saavedra": "Q9008371", "Alb\u00edna Pethsov\u00e1": "Q95246523", "Gabriela Quintero": "Q37945744", "Petra Elicerov\u00e1": "Q112371501", "Katie Kern": "Q106522696", "Tatiana Stachak": "Q86523687", "Denisa Ve\u0161krnov\u00e1": "Q11157292", "Helena T\u00e1borsk\u00e1": "Q95483638", "T\u00edmea Solym\u00e1ri": "Q15651564", "Pilar Arrese": "Q125145490", "Karen Jo Fields": "Q11980146", "Natalia Esquivel": "Q126121934", "Eva Malling": "Q47786866", "Krzysia G\u00f3rniak": "Q11749046", "Carolina Bossa": "Q5753175", "Luciana Jury": "Q110628998", "Eva Henychov\u00e1": "Q11985147", "Ebony Browne": "Q1279998", "Susana Alva": "Q6136297", "Eva Hren": "Q3061248", "Elena Sigalova": "Q4418566", "Andrea Petrov\u00e1": "Q112351684", "SiiAn": "Q3483764", "Tam Greenhill": "Q4467298", "Suzanna Ow\u00edyo": "Q3505879", "Yovin": "Q4125234", "Cecilia Zabala": "Q24256119", "Hisako Tabuchi": "Q11577121", "Caroline Piotrowski": "Q95199040", "Pavla \u0160v\u00e9dov\u00e1": "Q95152776", "Ji\u0159ina \u0160\u00e1nov\u00e1": "Q112462681", "Patricia Philippe": "Q3369137", "Luna Monti": "Q23070792", "Bettina Flater": "Q56318091", "Joanna Herman": "Q19268229", "Jimena \u00c1ngel": "Q29032451", "Nele Gabri\u00ebls": "Q93228770", "Anne-Sophie Llorens": "Q109016830", "Anastasiya Makarevich": "Q4275253", "Tessa Boomkamp": "Q2029839", "Izolda Ishkhanishvili": "Q4205718", "Carolina Otero": "Q122224027", "Lucie Vok\u00e1\u010dov\u00e1 Steinhauserov\u00e1": "Q95181159", "Hafd\u00eds Bjarnad\u00f3ttir": "Q61972689", "Tomoe Akiyama": "Q11595001", "Petra Bohemi": "Q112998896", "Nana Hiwatari": "Q11509668", "Inger-Lise St\u00f8rksen": "Q17110166", "Kumi Adachi": "Q11451504", "Lidia Damunt": "Q5975221", "Danah": "Q17538908", "Niki Jacobs": "Q62919820", "Michaela Formanov\u00e1": "Q112371224", "Morgan Nagler": "Q28146741", "Meiko Haig\u014d": "Q11497838", "Lia Sophia": "Q10317836", "Pernille Sj\u00f8lett Hansen": "Q11995349", "Natasha Borzilova": "Q4093649", "Natsuko Morimoto": "Q11539792", "Gyri Losnegaard": "Q16301128", "Rosemary Standley": "Q19757169", "Eva Holick\u00e1": "Q112400816", "Miriam Rodriguez Br\u00fcllov\u00e1": "Q29034542", "Illute": "Q1658929", "Jill Jackson": "Q4993123", "Romana Tom\u00e1\u0161kov\u00e1": "Q112503266", "H\u00e9l\u00e8ne Brunet": "Q20558515", "Jelena Milojevi\u0107": "Q124664465", "Mirta Alvarez": "Q55457890", "Alexandra Lango\u0161ov\u00e1": "Q95152904", "Lora Moscovsckaya": "Q60463160", "Laura Ros": "Q23641970", "Jennie Asplund": "Q4936808", "Michelle Birkballe": "Q12327031", "Kristina Voln\u00e1": "Q112462990", "Maria Due": "Q17143368", "Jul\u00ecja Mykolajivna \u0160utenko": "Q97305812", "Alina Simonova": "Q109860128", "Brynhildur Oddsd\u00f3ttir": "Q61972261", "Annemarie K\u00f6nig": "Q15791990", "Zs\u00f3fia Boros": "Q227412", "Sara Quin": "Q9333819", "Tegan Quin": "Q9356347", "Laura Klemke": "Q1807775", "Tatyana Zykina": "Q4194823", "Katinka Polderman": "Q1914430", "Jelena Ossipova": "Q121851787", "Jana Shejbalov\u00e1": "Q112545712", "Jana Tesa\u0159\u00edkov\u00e1": "Q70070583", "Marta Pereira da Costa": "Q123507586", "Paula Maff\u00eda": "Q6067380", "Paz Quintana": "Q59618643", "Sandrushka Petrova": "Q50377413", "Marta Kov\u00e1\u0159ov\u00e1": "Q112415468", "Vladivojna La Chia": "Q11912173", "Maria Guadalupe Graillet Moctezuma": "Q79055060", "Eriko Hashimoto": "Q2423554", "Sofia Tayh": "Q4430045", "Lorna Bracewell": "Q1281429", "Gabby Young": "Q1306567", "Jonsu": "Q2660099", "Bia Villa-Chan": "Q94994269", "Anna Berthe": "Q2850463", "Margaux Bossieux": "Q27892899", "Monika Bry\u0161ov\u00e1": "Q112418973", "Barbora Dipoldov\u00e1": "Q112506453", "Lula Bertoldi": "Q18590702", "Lucy Patan\u00e9": "Q116481995", "Hanna Nicole": "Q58640988", "Tatia Starkey": "Q6139212", "\u041d\u0435\u043b\u043b\u0438 \u0410\u043b\u0435\u043a\u0441\u0430\u043d\u0434\u0440\u043e\u0432\u0430 \u0411\u0430\u0440\u044b\u043a\u0438\u043d\u0430": "Q122941912", "Yukari Hasegawa": "Q11653700", "Noora Puhakka": "Q5406702", "Emilia Suhonen": "Q11857831", "Aya Inatsuki": "Q11596631", "Raissa Mehner": "Q111149329", "Linn\u00e9a Olsson": "Q86204319", "Little": "Q3256642", "\u0414\u043d\u0435\u043f\u0440\u043e\u0432\u0430, \u0415\u043b\u0435\u043d\u0430 \u0410\u043d\u0430\u0442\u043e\u043b\u044c\u0435\u0432\u043d\u0430": "Q113998308", "Luc\u00eda S\u00f3cam": "Q5982458", "Loli Molina": "Q5978494", "Sawsan al-Bahiti": "Q84991126", "Stine Andreassen": "Q113273195", "Christina Sandsenger": "Q107476995", "Tereza Hrubanov\u00e1": "Q95377657", "Daina Ferreira Da Costa": "Q28803839", "Soph Nathan": "Q47496012", "Electric Nana": "Q21869524", "Marine Neuilly": "Q3293211", "Laura-Mary Carter": "Q48085022", "Xiomara Abello": "Q96308445", "Ivy Mairi": "Q18438806", "Mayuko": "Q11231155", "Lari Basilio": "Q105873274", "Freya Arde": "Q112671267", "Haruna": "Q10294022", "Miss Raggamuffin": "Q17478230", "Lauren Ruth Ward": "Q111576625", "Haruka": "Q11642662", "Ylva Dimberg": "Q119398850", "Kiki Wong": "Q125754732", "Emma \u00c6vars": "Q61972389", "Stanislava Apfelov\u00e1": "Q126051132", "Stina Tweeddale": "Q42894243", "Ingebj\u00f8r S\u00f8rb\u00f8en": "Q17111255", "Papy Anza": "Q107522183", "Tessa Douwstra": "Q111474009", "Alexandra Baldursd\u00f3ttir": "Q61972045", "Ginne Marker": "Q113173619", "Anya Rudneva": "Q4399500", "Samantha Scarlette": "Q22280349", "Bjartey Sveinsd\u00f3ttir": "Q61972228", "Ida Iki": "Q17097129", "Nikola Muchov\u00e1": "Q14970411", "Natasha Milnichenko": "Q30092830", "Juliette Jackson": "Q47496009", "Pien Breeuwsma": "Q86002875", "Sarah Carlier": "Q3473327", "Lou Sirkis": "Q113584087", "Erino Yumiki": "Q62085048", "Renee Blair": "Q126210887", "Jany Qui\u00f1ones Vald\u00e9s": "Q115425714", "Karolina \u0160ustov\u00e1": "Q95450970", "Rikke M\u00f8lb\u00e6k Thomsen": "Q66361407", "Katja Wolf": "Q115627772", "Yan Kok": "Q65239325", "Gabriela Franco": "Q126386994", "Eva Voskanyan": "Q85983432", "Giorgieness": "Q47536159", "Alia Rose": "Q122825206", "Yuga": "Q121671049", "Nina Attal": "Q3341920", "Anna Karjalainen": "Q71549109", "Sophie Hawley-Weld": "Q22812862", "Xochitl Hermosillo": "Q59823168", "Rivkah Reyes": "Q11890336", "Nikola Liederhaus": "Q115982894", "Carla Rivarola": "Q105578307", "Yasi Hofer": "Q44909198", "Unnur Sara Eldj\u00e1rn": "Q61973867", "Roselien Tobbackx": "Q30524524", "Karol\u00edna Fr\u00fchbauerov\u00e1": "Q112453954", "Laura Quirke": "Q116734045", "Marin Miyazawa": "Q29843959", "Lena-Larissa Senge": "Q110772903", "Ariel Bellvalaire": "Q107262936", "Apolla Asteria": "Q106832809", "Ami Inoi": "Q110284744", "Kira Hummen": "Q124216407", "Celeste Ojatula": "Q50380377", "Kate\u0159ina Marie Tich\u00e1": "Q21684336", "Veronika Pol\u00edvkov\u00e1": "Q95157621", "Alexa Melo": "Q96659445", "Gulinur": "Q110825896", "MIO": "Q19958303", "Katr\u00edn Gu\u00f0bjartsd\u00f3ttir": "Q61973080", "Yuho Kitazawa": "Q115937338", "KANOERANA": "Q28068076", "Sandra Bautista": "Q107419514", "Karoliine-Lisette K\u00f5iv": "Q12366514", "Woo Ji-yoon": "Q42705901", "Haruka Miyake": "Q66615278", "Ella Zirina": "Q117802826", "Carla Motis": "Q123240038", "Hwang So-yoon": "Q105800249", "Jana Mila": "Q118597087", "Addie Sartino": "Q63148835", "Ghada Maatouk": "Q103830857", "Barbora Kub\u00edkov\u00e1": "Q112551721", "Cali Hetfield": "Q82580539", "Julia Lange": "Q50768930", "Maria Jaume Martorell": "Q99654322", "Alex Snowden": "Q58808110", "Melanie Garside": "Q4949595", "Alexia Rodriguez": "Q20432292", "Julia Vidal": "Q24941866", "Wanda Palacz": "Q64830953", "Evelyn Huang": "Q83985393", "Aleksandra Siemieniuk": "Q9146676", "Angela Motter": "Q11686167", "Daniela Villarreal V\u00e9lez": "Q28650844", "Grechka": "Q51598454", "Kucsera No\u00e9mi": "Q124595799", "Idoia Asurmendi": "Q107138300", "Hina": "Q126202942", "Masayah": "Q121746655", "Cassie Martin": "Q127021210", "Li-sa-X": "Q28687138", "Livi Birch": "Q111333149", "Karolina Protsenko": "Q91313507", "Zhou Zhaoyan": "Q117359142", "Irina Ignatyuk": "Q4197570", "Galina Vale": "Q5518688", "Rain (muzyk)": "Q9303243", "Fl\u00e1via Couri": "Q10283020", "Simone do Vale": "Q10371682", "Rie a.k.a.Suzaku": "Q11241897", "Wako Kan\u014d": "Q11398780", "Misty Miller": "Q14601894", "Suzi Gutsy": "Q21512890", "Emily Lubitz": "Q21540397", "Lene": "Q26723721", "Aya Izumi": "Q35174520", "Yuna Shinkai": "Q35174549", "Satomi Makoshi": "Q38278748", "L\u00e9a Deleau": "Q47092689", "Nori Bucci": "Q48893309", "Linda Rukaj": "Q50196293", "Maro Razi": "Q52152238", "Reg Bloor": "Q53601644", "Liza": "Q54573175", "Mar\u00eda Elena Austi": "Q55459299", "Kinthia": "Q55653181", "Nemesis": "Q55653270", "Anja Wade": "Q56612281", "Smaro Grigoriadou": "Q61315029", "Katie Monks": "Q62267129", "Liz Ball": "Q62267182", "Leila Abdul-Rauf": "Q63065903", "Ali Gua Gua": "Q63343037", "Becky Black": "Q63752771", "Nycolle Fernandes": "Q64225770", "Teneja": "Q65659981", "Kristi Guillory": "Q66125336", "Anastasia Berezovskaya": "Q66698941", "Stephanie Jones": "Q68182220", "Jenny Bombo": "Q76080791", "Maud Myra": "Q81440044", "Victoria Girling-Butcher": "Q84326957", "Mar S\u00e1nchez": "Q84696785", "The Pau": "Q85869484", "Caroline Cawley": "Q89428453", "Janice Marie Johnson": "Q89590154", "Gabby Glaser": "Q95000158", "Toni  Ballard": "Q97971287", "Wata": "Q99770622", "Nesrin Sirinoglu": "Q100736922", "Dori Valentine": "Q102195123", "Monica Riskey": "Q102243236", "Deborah Wai Kapohe": "Q102638072", "Noemi Santiago": "Q104278553", "Rebekka Takamizu": "Q105085584", "Larissa Georgiou": "Q105134224", "Tanja Miri\u0107": "Q105689818", "Miku Kobato": "Q106351036", "Kyoko Takenaka": "Q106445489", "Lottie Pendlebury": "Q106548896", "Miri Mehrstimmig": "Q106923231", "Alena Ka\u0161parov\u00e1": "Q106983155", "Sandrine Hergi": "Q106986131", "Reshma Ramcharan": "Q107029342", "Celia Linde": "Q107562243", "Loles V\u00e1zquez": "Q107858698", "Lu\u00edsa Amaro": "Q108372854", "Shirley Keller": "Q108923222", "Cathy Sky": "Q109673695", "Mandii Larsen": "Q110216987", "Maria Skaug": "Q110805197", "Lycina\u00efs Jean": "Q111210380", "Farida Vakil": "Q111240286", "Petra G\u00f6belov\u00e1": "Q111240633", "H\u00e9l\u00e8ne Dufour-Intrieri": "Q111529834", "Klaudia Hinke": "Q112144502", "Nina Golubovi\u0107": "Q113162642", "Lenka K\u00fcpping\u2010Faturikova": "Q113171037", "Clotilde Bernard": "Q113459080", "Jane Curry": "Q114861630", "Karen Vogt": "Q115300935", "Senaya": "Q115769592", "Chizuru Segawa": "Q116980623", "Patti Quatro": "Q119104596", "Kanami": "Q120441456", "Blanka Salmonov\u00e1": "Q120602212", "Pip Drysdale": "Q120609919", "Chloe Francesca Delia Bray": "Q120676400", "Silvia Nogales Barrios": "Q120749558", "Ellen Angelico": "Q122329560", "Firdda Marsya Kurnia": "Q122916783", "Diamond Rowe": "Q123013995", "Ku\u2018uipo Kumukahi": "Q123517009", "Ja'ness Tate": "Q123581291", "Kendall Renee": "Q123621433", "Sage Bond": "Q124208478", "Sophie Kaiser": "Q124312249", "Cashmyra Rozendaal": "Q124690657", "Ryou Yamabuki": "Q124695272", "Victoria Zhadko": "Q124728455", "Carolina Moyano": "Q124790605", "R\u00e9mi Prad\u00e8re": "Q124791459", "Tania Alon": "Q125027378", "Petra Loudov\u00e1": "Q125579758", "Jenice": "Q126178122", "Etsegenet Mekonnen": "Q126325171", "\u017deljko Zuber": "Q126390899"}