{"Eveles Chimala": "Q28971352", "Breda Bo\u017enik": "Q112841564", "Perpetua": "Q2071680", "Margarida Rugall": "Q20005633", "Margarida Vila": "Q107094559", "Margarethe Seybold": "Q54806805", "Live Larsdatter": "Q17130940", "Tryntje Jonas": "Q99798450", "Mar\u00eda Manzanares": "Q42566859", "Anna Persauter": "Q18616333", "Barbara Wiedenman": "Q24049602", "Catharina Renaut": "Q50512401", "Princess Rupsirisophak Mahanaknari of Rattanakosin": "Q13022253", "Maria Magdalena Boll": "Q122625980", "Marie Prudence Plisson": "Q3292742", "Henriette Henriod": "Q106623557", "Antje Nagel": "Q19587493", "Anna van Hensbeek": "Q2282038", "Marguerite Guillomance Countanceau": "Q88276342", "Kl\u00e1ra V\u00e1lyi": "Q1461695", "Alina Deldir": "Q116833450", "Anna Baumbach": "Q105730472", "Julie Bagot": "Q3189153", "Cecilie Dahl": "Q20755780", "Benita Paulina Cadeau de Fessel": "Q119286552", "Hanna M\u00e5rtensdotter i Hemmestorp": "Q88609952", "G\u00f6ta-Lena": "Q4951784", "\u041c\u0430\u0440\u044b\u044f \u0424\u0451\u0434\u0430\u0440\u0430\u045e\u043d\u0430 \u041a\u0430\u0440\u043f\u0443\u0448\u0447\u0430\u043d\u043a\u0430\u0432\u0430": "Q61747404", "Anne Posthuma": "Q13134629", "Emilie Paravicini-Blumer": "Q94737941", "Janka Hrebendov\u00e1": "Q112425908", "Anne Evensen Brandfjeld": "Q56599800", "\u0410\u043b\u044f\u043a\u0441\u0430\u043d\u0434\u0440\u0430 \u0420\u044b\u0433\u043e\u0440\u0430\u045e\u043d\u0430 \u0411\u0435\u043b\u0430\u0444\u043e\u0441\u0442\u0430\u0432\u0430": "Q59347194", "H\u00e9l\u00e8ne Rey": "Q29078291", "\u00c9lise Beno\u00eet-Huguelet": "Q115209653", "Mar\u00eda del Carmen \u00c1lvarez de las Asturias Boh\u00f3rquez Gir\u00e1ldez": "Q126417251", "Marie Kompert": "Q40236174", "Ruzala A\u015bmak": "Q63201095", "Am\u00e9lie Wion-Pigalle": "Q20789289", "\u041c\u0430\u0440\u044b\u044f \u042f\u0433\u043e\u0440\u0430\u045e\u043d\u0430 \u0420\u044d\u0439\u0441": "Q61754868", "S. Marie Montague Woodman": "Q124094868", "Auguste Metz": "Q6520821", "Florence Van de Walle": "Q106255792", "Anna von Lucam": "Q563853", "Elisabeth Lampe": "Q63326406", "Josephina Sandberg": "Q97306977", "Martina Ezkurra": "Q21329111", "Petronella Herfst": "Q4368071", "Nette Coessens": "Q122910977", "Sasaki Tome": "Q110774517", "Amanda Viger": "Q97729577", "Susanna Orelli-Rinderknecht": "Q2369073", "Elise Gutmann": "Q94750952", "Mary Blahnik": "Q111387879", "Ida Str\u00e4uli-Kn\u00fcsli": "Q26430570", "Catharina Louisa Maria Alberdingk Thijm": "Q19685472", "Kristina Larsson": "Q4961097", "Aaltje Visser": "Q16068680", "Malvina Poulain": "Q105919861", "Marith Tande": "Q69957801", "Shika Noguchi": "Q11645110", "Shihoko Muramatsu": "Q111148826", "Emilia Pimenova": "Q4362923", "Anna Roos": "Q4975366", "\u7b39\u5ddd\u307f\u3059": "Q11602567", "Elisabeth Ganslandt": "Q97665450", "Mathilda Tengwall": "Q4982330", "Sofi Lindstedt": "Q101422258", "Magdalene Madaus": "Q59489414", "Marija Skrinjar": "Q58235260", "Olga Gebauer": "Q2019649", "Dolores Cano Royo": "Q19998283", "Margaret Tyler": "Q18528984", "Maria Zeeb": "Q86516697", "Helena Forsmann": "Q55849968", "Annie Bellman": "Q123588243", "Lul Klem": "Q105295703", "Maria Kruseman": "Q1906306", "Ebina Miya": "Q17219789", "Hedvig Malmstr\u00f6m": "Q50803435", "Elisabeth Boissevain": "Q66085240", "Riki It\u014d": "Q11379595", "Berta Kolm": "Q61197876", "Apolline de Gourlet": "Q59581772", "Gertrud af Klintberg": "Q4959147", "Minna Blanckertz": "Q26262522", "Maria Hage": "Q11988193", "Aba Sztankay": "Q12344595", "\u05e8\u05d7\u05dc \u05d3\u05d9\u05d9\u05d8\u05e9": "Q113298439", "Dina Sanson": "Q1921072", "Anna Lundquist": "Q123592127", "Ebba Wedberg": "Q118570177", "Evelyn Garnaut Smalley": "Q99654554", "Eva van Dantzig": "Q28074033", "Maalin Bergstr\u00f6m": "Q106762889", "Julia Svedelius": "Q4981419", "Louise Hutteaux": "Q115155318", "El\u00ednborg Jacobsen": "Q65335357", "Jadwiga Godlewska": "Q108590874", "Klara Fricke": "Q20171875", "Mari Cruz Guruzeta": "Q101242921", "Tekla Swedlund": "Q50560225", "Willa Thorade": "Q17327012", "Mercedes Sirv\u00e9n P\u00e9rez": "Q16606459", "Anna Hlavinkov\u00e1-Mladinco": "Q100472893", "Paula af Heurlin": "Q17380769", "Clotilde Gallois": "Q95630546", "Maria Dolores Mart\u00ednez Rodr\u00edguez": "Q113006242", "Juliette Verhaegen": "Q105545890", "Hilda Pihlgren": "Q104434341", "Olga Str\u00e1nsk\u00e1-Absolonov\u00e1": "Q95166241", "A. E. Champness": "Q65093887", "Else Federn": "Q98382284", "Karen Thomle": "Q115265000", "Henriette Mazot": "Q18744869", "Hermine Wittgenstein": "Q96090154", "Blanca de Luc\u00eda": "Q125157532", "Mathilde Paravicini": "Q1908713", "Effie Maud Aldrich Morrison": "Q21176815", "\u0422\u0430\u043d\u0434\u0437\u0435 \u041c\u0430\u0440\u044a\u044f": "Q25681038", "Ilse Arlt": "Q1659081", "Clara Israel": "Q1095200", "Edith Farkas": "Q98280866", "Dorothea Hirschfeld": "Q15449918", "Petronella D'Acierno": "Q123134134", "Cec\u00edlia Vallhonrat Servol\u00e9": "Q45794241", "Manuela Barreiro": "Q31283197", "Anna Schapire-Neurath": "Q563158", "Quintina Gelbenzu Pi\u00e9rola": "Q118541414", "Clara Samuel": "Q96042794", "Louise Rosalie Napias": "Q3263814", "Maria Fierz": "Q58739303", "Cruz Hern\u00e1ndez": "Q943184", "Gertrudis Mart\u00ednez Otero": "Q5878956", "Magda B\u00edl\u00e1": "Q21476701", "Armandina Pogetti": "Q5704402", "Marie-Louise Cikwic (Cikowic)": "Q115648261", "Josefa Tolr\u00e0 i Abril": "Q16861857", "Mary McMillan": "Q6003207", "Anna Lidstr\u00f6m": "Q101421996", "Jeannette Polak-Kiek": "Q60029203", "Hildegard von Gierke": "Q1618391", "Elisabeth Kitzinger": "Q1330057", "Hedwig Delpy": "Q112598115", "Hedwig Kallmeyer": "Q96634459", "Anna Li\u0161kov\u00e1": "Q110873641", "Olga Dokoupilov\u00e1": "Q101598780", "Marjeta Gerzin": "Q123238071", "Karoline Maria Redler": "Q1734246", "Marie H\u00f6fnerov\u00e1-\u017dl\u00e1bkov\u00e1": "Q92772827", "Siddy Wronsky": "Q2281696", "Rosa Oteiza": "Q89184860", "Mathilde Girault": "Q99654414", "Wu Zheying": "Q15938596", "Margarete Turnowsky-Pinner": "Q1895038", "Elisabeth Dicke": "Q1329858", "R\u016f\u017eena Librov\u00e1-Kroutilov\u00e1": "Q104253321", "Concepci\u00f3n C\u00e1ceres": "Q110881620", "Polonia Mateos P\u00e9rez": "Q116594243", "Hanna Thon": "Q109744459", "Mathilde Haan": "Q45200362", "Else Bergmann": "Q104767245", "Carla Ottosen": "Q62079753", "Fl\u00f3ra Wessel": "Q104661312", "Mar\u00eda Francisca Ulloa del Castillo": "Q111722384", "Carolina Etile Spegazzini": "Q66424743", "Ana Kobal Ziherl": "Q12784497", "Emmi Bloch": "Q94760950", "Varvara Vladimirovna Vampilova": "Q97382621", "Elisabeth Luz": "Q15807818", "Sarah Shmukler": "Q20502915", "Frieda H. Sichel": "Q15810518", "Anna Hlavat\u00e1-Pokorn\u00e1": "Q106043881", "Anne Berman": "Q2850981", "Margriet Baers": "Q50353187", "Idamarie Solltmann": "Q1656619", "Luisa Cruces": "Q87407792", "Gertrud Kurz": "Q1515607", "Teodosia Ortega": "Q117257422", "Marie G\u00e9rin-Lajoie": "Q3292569", "Khabibamal Khametova": "Q4495242", "Ella Kitunen": "Q56403786", "Elisabeth Bamberger": "Q1329760", "Marija Ov\u010dar": "Q87060346", "Rosa Herrera Montenegro": "Q117764584", "Delphine Aigle": "Q2386339", "F\u00e9 Haije": "Q62035264", "Else Rosenfeld": "Q1333705", "Gertrude van Tijn": "Q28064096", "Gertrud Blank": "Q23671735", "Concepci\u00f3n Laz\u00e1rraga": "Q105949304", "K\u00e4the Rosenheim": "Q1795503", "Riek Lotgering-Hillebrand": "Q2207528", "Marta \u0160\u00edpkov\u00e1-Sm\u011bl\u00e1": "Q102301444", "Helene Fernau-Horn": "Q97588185", "Amy Gordon Hamilton": "Q63485321", "Tyyne Luoma": "Q97361378", "Elisabeth Rothschuh": "Q94247118", "Frieda Goralewski": "Q1456328", "Elsa Robertson": "Q38152058", "Germaine Hommel": "Q15479673", "\u00c1ngeles Mateos D\u00edaz": "Q122762487", "Christa Thomas": "Q63485886", "Llu\u00efsa Xifr\u00e9 Morros": "Q123954004", "Thea Jensen": "Q12005978", "Fanny Ollendorff": "Q83283325", "Jenny Kummeneje": "Q64682596", "Amalija \u0160imec": "Q59960045", "Ellen Erup": "Q50805071", "Romana I\u017cycka-Fedorska": "Q11835323", "Anselma Manuela Hern\u00e1ndez Flores": "Q116782839", "Zoe Rosinach Pedrol": "Q19289110", "Fusa Asaga": "Q105711628", "Marianne Hapig": "Q44528742", "\u05e4\u05d0\u05d5\u05dc\u05d4 \u05d1\u05e8\u05d8": "Q126095205", "Alice Bendix": "Q2646832", "Magdalena Heilmann": "Q123484502", "Janina Prus-Niewiadomska": "Q103828347", "Marthe Levasseur": "Q102832578", "Eugenia Pereira Rodr\u00edguez": "Q50398123", "\u00c1urea Rubio Villanueva": "Q122762502", "Ada Block": "Q54962085", "Elvira I\u00f1urrieta": "Q105359160", "Maria Escalfet i Quintana": "Q29347643", "Wanda Herman\u00f3wna": "Q81809815", "Eugenia Idoiaga": "Q111094149", "\u00c4nne Meier": "Q255271", "Concepci\u00f3 Giol Grau": "Q108405023", "Gabriele von Magnis": "Q1360108", "Esti Freud": "Q44613760", "Quiteria Tarrag\u00f3 Casellas": "Q106508573", "Rosa Dworschak": "Q59653185", "Jirina Storkova-Alexandrova": "Q97312939", "Ida Helena Fr\u00f6licher": "Q96364387", "Ludmilla Nurmand": "Q12369069", "\u0410\u043b\u043c\u0430 \u041d\u0438\u0441\u0435\u043d": "Q4063488", "Ruth Bang": "Q101112791", "Julie Meyer": "Q94777363", "Caroline Lina Wolff": "Q118962065", "Luise J\u00f6rissen": "Q1317974", "Maria Palester": "Q23657376", "Helene Grunelius": "Q1602035", "Isa Gruner": "Q1673342", "Michalina Wieszeniewska": "Q15994068", "Laura Sundal Skorpen": "Q16548473", "Maria Bobrzecka": "Q11768739", "Lily Pincus": "Q1825282", "So\u0161a Jak\u0161a": "Q57174214", "Ir\u00e8ne Chiot": "Q62654628", "Am\u00e1lie Kutinov\u00e1": "Q10817413", "Marie Krake\u0161ov\u00e1": "Q95149678", "Bo\u017eena Kamenick\u00e1": "Q11240726", "Gertrud Sauerborn": "Q20638892", "Elise He\u00df": "Q17321416", "Czes\u0142awa Prywer": "Q106539347", "El\u00e0dia Faraudo i Puigdollers": "Q11919107", "Hanny Veldkamp": "Q63481283", "Emilie Laubov\u00e1-Kinsk\u00e1": "Q104789643", "Maria Diez de Ultzurrun": "Q21329075", "Jordelina Caetana da Souza": "Q116887274", "Aniela Wolnik": "Q105076007", "Suzanne Borel-Maisonny": "Q2384064", "Bertta Valtonen": "Q23041052", "Ilse Seglow": "Q44193446", "Milagro Almenara P\u00e9rez": "Q28914438", "Jytte Apel": "Q1516236", "Leah Rafaeli (tzentzifer)": "Q29466689", "Tziporah Bloch": "Q30527263", "Natalia Puente Prado": "Q57415689", "Mar\u00eda Eugenia Choque": "Q73180369", "Sonia Mayra P\u00e9rez-Tapia": "Q90228956", "Macaria Iriarte": "Q107701035", "Mercedes Gonz\u00e1lez Hormaizteguy": "Q26390699", "Wanda G\u0142uchowska": "Q106459732", "Sofie Quast": "Q106805032", "Catalina Llabr\u00e9s Piris": "Q21081302", "Jane Sivadon": "Q3161894", "Lizica Codreanu-Fontenoy": "Q51325268", "Jer\u00f2nima Verd Palou": "Q20100770", "Catalina Mayoral Arroyo": "Q116262270", "Maria Estrada i Clerch": "Q11935435", "Ida Sterno": "Q3147768", "Irena Schultz": "Q23608129", "Hilde Lotan": "Q30527243", "Marianne Hamm von Sahr": "Q1896820", "Ilona So\u00f3s": "Q12816093", "Lotte Lemke": "Q1871155", "Martha Beindorff": "Q1903026", "Eva Bernoulli": "Q1379120", "Paulina Medeiros": "Q16617192", "Isolina Barraza": "Q19267847", "Vera Alexandrovna Nekrasova-Popova": "Q39083731", "Jadwiga Piotrowska": "Q23636076", "Marta Baranowska": "Q1902910", "Waleria Janczak": "Q64140497", "Anna Cadia": "Q113354616", "Helena Petr\u00e1nkov\u00e1": "Q95155864", "Romana Zamenhof": "Q11042547", "Margaret Leslie Canby": "Q20645555", "Elsa Lindskog": "Q4962931", "Elisabeth Schilder": "Q94738112", "Roxa Zabaleta Aiestaran": "Q124247760", "Hanna Van de Voort": "Q2483436", "Isabel Torres Salas": "Q21645464", "Anna Maus": "Q60842081", "Susanne Witte": "Q101435481", "Simone Benielli": "Q104145671", "Carmen Garc\u00eda Amo": "Q87439121", "Marie Politzer": "Q3292749", "Janina Bara\u0144ska": "Q110838716", "Fatma Belk\u0131s Derman": "Q61073300", "Zofia Jerzmanowska": "Q9391772", "Fumiko Matsumoto": "Q63131402", "Maria Eugenia Jasi\u0144ska": "Q16574732", "Amparo Arango Fern\u00e1ndez": "Q104609681", "Elena Pi\u00f1eiro Castro": "Q119772631", "Lotte Genzsch": "Q121367698", "Marcelle Guillemot": "Q107182674", "Zofia El\u017cbieta Kalinowska": "Q9391737", "Josephine Veronica Burke": "Q105082323", "Ramona Vaamonde": "Q52063232", "Josefa Gonz\u00e1lez Aguado": "Q104247500", "Marianne Welter": "Q85106034", "Encarnaci\u00f3n Fraga Pad\u00edn": "Q104608375", "Marta R\u0101cene": "Q36188474", "Anni Dobos": "Q43302259", "Took Heroma-Meilink": "Q21197306", "Adeline Favre": "Q104439239", "Chrysostoma Aloisie Tyral\u00edkov\u00e1": "Q11729110", "Magda Kelber": "Q18024527", "Elena Musmanno": "Q10927203", "Evelina Hervella Nieto": "Q105069319", "Maria Plaza i Montaner": "Q20877014", "Mar\u00eda Luisa Rend\u00f3n Martell": "Q51861822", "Filomena Nitti": "Q15905238", "Pierrette Marcelle Poirier": "Q66836661", "Germaine Le Guillant": "Q104820963", "Antonina Fern\u00e1ndez Garc\u00eda": "Q112231765", "Annette Monod": "Q77575841", "Lis Starcke": "Q116785283", "Susanne Klein-Vogelbach": "Q2369317", "Fanny Broch": "Q84682884", "Balbina L\u00f3pez Somoza": "Q49470359", "Greta Fischer": "Q1545938", "Gisela Konopka": "Q1527392", "Josefina Oliveras i Ferrer": "Q117831709", "Josefa Ron Noya": "Q50354846", "Dora von Caemmerer": "Q106527764", "Mireille Jospin": "Q3315976", "Jadwiga Sa\u0142ek-Deneko": "Q23641678", "Suzanne Pineshish Ottawa": "Q31835018", "Mar\u00eda Teresa Toral": "Q18225032", "Halina Martinowa": "Q9285410", "Eugenia Szczuka": "Q19694568", "Celsa P\u00e9rez Moreiras": "Q104632506", "Irene Monroset": "Q111986520", "Ellen Johansson": "Q4956950", "Rita Waisman": "Q106318594", "Liselotte Nold": "Q1827947", "Suzanne Bazin": "Q120489049", "Pauline Berth\u00e9": "Q56305255", "Dolores Lombardero": "Q50069363", "Wanda Wyrobek": "Q55388783", "Mar\u00eda Concepci\u00f3n Rof Carballo": "Q106237866", "Elisabeth Hirsch": "Q63140576", "Gilberte Jacob": "Q62392254", "Hertha Hafer": "Q1614685", "Inna Kryzhanivska": "Q16703412", "Elly L\u00f6fstrand": "Q4964577", "Mar\u00eda Teresa Fern\u00e1ndez Rodr\u00edguez": "Q104692545", "Anne Kohn-Feuermann": "Q111578451", "Maria Janina Broel-Plater-Skassa": "Q680763", "Ruth Lambert": "Q63184919", "Huguette Wahl": "Q63253105", "Marina Pe\u00f1a-Rey Bouzas": "Q107426236", "Meta \u0160taudohar": "Q62019528", "Moril Fontaine": "Q42722885", "Anne-Marie Menut": "Q52525703", "Marjo Ritavuori": "Q85980751", "Lidiya Kovacheva": "Q12284873", "Mar\u00eda del Portal Panisse": "Q28942306", "Mar\u00eda del Carmen Matallana Ventura": "Q108936610", "Gertrud Aretz": "Q24175422", "Maija Pekkarinen": "Q28720788", "Val\u00e9rie Strecker-Steffen": "Q87059350", "Rosemarie Ostwald": "Q52008215", "Marie-Alphonsine Loretti": "Q113152028", "Anky Rookmaaker": "Q3335198", "Renard Paule": "Q109367155", "Montserrat Castells i Gabriel": "Q11937519", "Clara Reust": "Q19840818", "\u0411\u0435\u043b\u044f\u043a\u043e\u0432\u0430 \u041d\u0438\u043d\u0430 \u0421\u0435\u043c\u0451\u043d\u043e\u0432\u043d\u0430": "Q98845364", "Liselotte Br\u00fcne": "Q1827925", "Franzi L\u00f6w": "Q1450066", "Olga Vrabi\u010d": "Q12797901", "Ilse Mayer-Kulenkampff": "Q95740593", "Enriqueta Castej\u00f3n": "Q122199395", "Giselle Soubiran": "Q17350616", "Vera M\u00e9rei": "Q1212917", "Johanna Bruins": "Q95422765", "Rosa de Jes\u00fas Pescatore de Tarantini": "Q6112271", "Wies\u0142awa Myczkowska": "Q107704684", "Fides von Gontard": "Q25916977", "Ottilia Grubenmann": "Q110655626", "Halina Kostecka-Kwiatkowska": "Q7942532", "Yoshiko Saiki": "Q11382891", "Sara Garc\u00eda Iglesias": "Q76823064", "Francine Dumas": "Q109564188", "Nicole Weil-Salon": "Q55740093", "Danuta Maria Rytel": "Q122863019", "Huang Wu Caiyun": "Q109410949", "Ding Zhihui": "Q10864271", "Jos Wibaut": "Q125918633", "Lolita Albores": "Q63970098", "Hedwig Brenner": "Q1593324", "\u0531\u0580\u0561\u0584\u057d\u0575\u0561 \u0531\u057e\u0565\u057f\u056b\u057d\u0575\u0561\u0576": "Q23019268", "Lady Patricia Hogan": "Q10886350", "L\u00edvia Issekutz": "Q56388794", "Mar\u00eda Pilar L\u00f3pez": "Q108908440", "Greta W. Stanton": "Q52084345", "Maria Weber": "Q1896418", "Vivette Samuel": "Q63312301", "Stanis\u0142awa Ol\u0119dzka": "Q9343605", "Janina Woi\u0144ska": "Q18002955", "Ren\u00e9e Farny": "Q15479684", "Maria Hipp": "Q19689140", "Yvette Farnoux": "Q3574046", "Lilyana Pirinchieva": "Q113632517", "Etka K\u00e1rtyikn\u00e9 Benke": "Q12815047", "Jadwiga Koczocik-Przedpelska": "Q116643700", "Maria Ca\u0142ka": "Q11768766", "\u04d8\u0445\u043c\u04d9\u0442\u043e\u0432\u0430 \u0411\u04d9\u0439\u043d\u04d9 \u0425\u04d9\u043b\u0438\u0443\u043b\u043b\u0430 \u04a1\u044b\u0499\u044b": "Q81598041", "Olena Stezhenska": "Q26256124", "Maria Franciszka Nowak": "Q84321420", "Valve Erika Saarma": "Q12378191", "Leena Valvanne": "Q11875261", "Toyo Kuba": "Q105802677", "Inge Iwan": "Q118592686", "Aleksandra Grzeszczak": "Q9146526", "Zofia Krassowska": "Q9391788", "Irma Pennacchiotti Monti": "Q112181156", "Denise Vormus": "Q63308164", "Maggie Dub\u00e9": "Q105441368", "Irena Ko\u0142odziejska": "Q7942477", "Zofia Sykulska": "Q9391869", "George Tarer": "Q111152119", "Hanna Bi\u0144kowska": "Q7941184", "Montserrat Colomer i Salmons": "Q11937521", "Judith Widmer-Straatman": "Q114051294", "Zofia Garbaczewska-Pawlikowska": "Q9391747", "Galina Alexandrovna Arzhanova": "Q15064112", "Tineke Haak": "Q117083317", "Jeanne-Paule Visnelda": "Q3175943", "Therese Schlundt": "Q2419620", "Rosa Bauer": "Q15500489", "Maryla Strzembosz": "Q11770884", "Eryka Tyszko": "Q7944278", "Elvira Finsterwald": "Q28355827", "Gaby Wolff": "Q55740235", "Kl\u00e1ra K\u00e1llai": "Q65956190", "Katarzyna Borowi\u0144ska": "Q42393038", "Alba Finzi": "Q124991201", "Lidia Daniszewska": "Q7941471", "Maimu Ohanian": "Q16405515", "Agnes Kunze": "Q108812924", "Helena So\u010di\u010d": "Q62999583", "Britt-Inger Dreilick": "Q4945219", "Anne-Marie Thunberg": "Q37016101", "Durra Mammadova": "Q12838765", "Marie Hutn\u00edkov\u00e1": "Q68431645", "Jadwiga Lech-Skubi\u0144ska": "Q11715920", "Primitiba Lekuona Berasategi": "Q119267463", "Matilda Elena Aiteanu": "Q51104410", "Maria de Lourdes Vale Nascimento": "Q107978133", "Karoline Petersen": "Q3445098", "Maria Loley": "Q1896100", "Maria Wilgat": "Q123359376", "Inga Kasyanenko": "Q12109002", "\u8523\u8cf4\u52e4\u82f1": "Q124303322", "Doris Grimm": "Q1245161", "Odette Spingarn": "Q91972116", "Blanca Cotta": "Q29938982", "Carme Obradors i Dom\u00e8nech": "Q19998151", "Mari Carmen Montoya Azkuna": "Q124219311", "Adelheid Daniel": "Q20479323", "Erzs\u00e9bet R\u00e1cz-Kotilla": "Q1252154", "Ewelina Nowak": "Q16544553", "Arijaantje Mostert": "Q116161177", "Aino P\u00fcrge": "Q16405159", "Monica Kempe": "Q52670249", "Sabine Ball": "Q1728976", "Wanda Lasota": "Q9370807", "Vanda Bin\u011bvsk\u00e1": "Q99640555", "Chen Chunming": "Q16077908", "Rosa Maz\u00f3n Valero": "Q62995545", "Barbara Kote\u0142ko": "Q98924365", "Halina Sobiczewska": "Q124395803", "Wanda Zalewska-Zdun": "Q124375934", "Kerstin Gellerman": "Q4949761", "Stefania Pity\u0144ska": "Q19697956", "Astrid Andersen": "Q11959445", "Marivi Iturbe Etxeberria": "Q85625312", "Barbara Kie\u017cun": "Q9165427", "Emma Valcarce Pesta\u00f1a": "Q42911813", "Akiko Nomura": "Q11645624", "C\u00e9cile Schwarz": "Q107342340", "Gerda Ritschel-Beurlin": "Q23565482", "Inge Jens": "Q1280020", "Alice Sampaio": "Q85868584", "Miros\u0142awa Furmanowa": "Q11781987", "Lilly Hansson": "Q4952624", "Cornelia Middelkoop-Koning": "Q116258719", "Kerstin Andersson": "Q20907027", "Ilme-Luule Puussaar": "Q16404582", "Paquita Ors": "Q123413520", "Jutta Koberg": "Q1714615", "Annemarie Weseloh": "Q566368", "Ildik\u00f3 Meixner": "Q15305262", "\u00c9va Sz\u00e1nth\u00f3": "Q12816347", "Herm\u00edna Frankov\u00e1": "Q12019548", "N\u00faria Par\u00e9s i Borrell": "Q28874565", "Marie-C\u00e9lina Pitcikwi": "Q105438255", "Elsa Bolin": "Q47067935", "Solita Apaolaza": "Q89371671", "Blanka Pudler": "Q24259037", "Sumiko Sasanuma": "Q30933918", "Izabela Rybicka": "Q11714690", "Uriella": "Q122509", "Luciana Giuntoli Gentilini": "Q24239723", "Ritva-Liisa Karvetti": "Q28100076", "\u0413\u0430\u043d\u043d\u0443\u0448\u043a\u0438\u043d\u0430, \u0418\u0440\u0438\u043d\u0430 \u0412\u0438\u043a\u0442\u043e\u0440\u043e\u0432\u043d\u0430": "Q89782637", "Slobodanka Kostova": "Q55197921", "Ginette Fauquet": "Q3106722", "Ay\u015fe Baysal": "Q28036172", "Urszula Wrzeciono": "Q116789016", "Val\u00e9ria Stenszky": "Q126921999", "Wenche T\u00f8nseth": "Q124355593", "Marianne Romeick": "Q104672259", "Sonja Stenmarck": "Q27062516", "Ir\u00e8ne Grosjean": "Q105105013", "Ana Mar\u00eda Pascual-Leone": "Q19766371", "Roser Ponsati i Capdevila": "Q79051748", "P. V. Vanaja Bai": "Q29261437", "Eva Hedlund": "Q49103066", "Edwarda K\u0119dzierska": "Q63004570", "Aino Paves": "Q16406967", "Helga P\u00e4rn": "Q16408174", "Sy Sokona Diabat\u00e9": "Q80837879", "Th\u00e9r\u00e8se Bertherat": "Q3527331", "Nina Syomina": "Q109489894", "Ingrid Uhr": "Q49853387", "Julia Ch\u00e1varri Otero": "Q47517114", "Suzanne Naville": "Q63615159", "Virry de Vries Robles": "Q118133239", "Ludmila Moj\u017e\u00ed\u0161ov\u00e1": "Q12034205", "Rosa Fabregat i Armengol": "Q16942126", "Em\u0151ke Vass": "Q62084006", "Krystyna Kmieciak-Ko\u0142ada": "Q111530731", "Shoshana Biran": "Q16129687", "Pnina Eldar": "Q22944254", "Natalija Krstovi\u0107": "Q31181643", "Astrogilda Ribeiro dos Santos": "Q111742059", "Teresa Ferr\u00e9 Porres": "Q114643526", "Lea Praks": "Q12368379", "Jane Wijdenbosch": "Q126088069", "Shi L\u00fcyuan": "Q118406185", "Helena Jagie\u0142owicz-Gawle": "Q11708818", "Maria Rosa Casanovas i Palop": "Q93416538", "Mette Sveram": "Q11989221", "Zeneida Lima": "Q118859429", "Anna D\u00e9v\u00e9ny": "Q987008", "Helga Laake": "Q106231990", "Teodozja Borkowska": "Q55392810", "Liselotte Kuntner": "Q1827943", "\u0427\u0438\u0440\u043a\u0438\u043d\u0430 \u0413\u0430\u043b\u0438\u043d\u0430 \u0412\u0430\u0441\u0438\u043b\u044c\u0435\u0432\u043d\u0430": "Q20742168", "\u00c9va B\u00e1n\u00e1ty": "Q117715676", "Eli Heiberg": "Q11967079", "Rosa Maria Estrany Llorens": "Q11946284", "Lucy Ching Man Fai": "Q15954461", "Amalia Salas Casales": "Q117280891", "Hanne Falkensteen": "Q12315177", "P\u00e9ter H. M\u00e1ria": "Q1243130", "Mar\u00eda Arias Delgado": "Q102428913", "\u041e\u043b\u044c\u0448\u0430\u043d\u0456\u0432\u0441\u044c\u043a\u0430 \u0411\u043e\u0436\u0435\u043d\u0430 \u041b\u0443\u043a\u0456\u0432\u043d\u0430": "Q109337424", "Hanna Hopka\u0142a": "Q9285971", "Tama Shochat": "Q114352204", "Silvia Staub-Bernasconi": "Q1619649", "Anita Breithaupt": "Q549485", "Svetlana Markina": "Q87438668", "Elisheva Gil": "Q108259608", "Anna Crusafont Sabater": "Q51844244", "Christine Tr\u00fcb": "Q95196085", "Benedicta P\u00e9rez": "Q124258151", "Regina Schmidt-Zadel": "Q2137928", "Waltrud Viehb\u00f6ck": "Q14912316", "\u0424\u0430\u0437\u043b\u044b\u0435\u0432\u0430 \u0420\u04d9\u0439\u0441\u04d9 \u041c\u04e9\u0493\u04d9\u0442\u04d9\u0441\u0438\u043c \u04a1\u044b\u0499\u044b": "Q78204478", "Hanna Rek": "Q11708567", "Kostuyk Inna F.": "Q116731935", "Elia Penturin": "Q126597588", "Ketty Schwartz": "Q3195620", "Renate Heinisch": "Q17420758", "Sigrunn Kari Stokkenes": "Q47649033", "Mechthild Scheffer": "Q112459945", "Rosa Barenys i Martorell": "Q19301773", "Fanny Samuniski": "Q93376549", "Malle Niit": "Q16404940", "Tamara Lebedeva": "Q1561958", "Yoseffa Danziger": "Q7066140", "Isa Stenberg": "Q96475238", "Hideko Tokuda": "Q11490423", "Aili Paju": "Q12358404", "Dina Pepper": "Q6577533", "\u5362\u5149\u7407": "Q78116697", "Marie-Claude Teissier-Landgraf": "Q18343349", "Sirje Madli Puhvel": "Q12375100", "\u00c1gota Kov\u00e1ts": "Q1120585", "Aviva Taler": "Q6845354", "Jane Coughlan": "Q126089978", "Eleonora Rajavee": "Q16405581", "Danielle Bouvet": "Q19606836", "Agnes Levandi": "Q29420241", "Miyoko Hida": "Q11611603", "\u0413\u0440\u0438\u0446\u0435\u043d\u043a\u043e \u041e\u043b\u0435\u043d\u0430 \u041c\u0438\u043a\u043e\u043b\u0430\u0457\u0432\u043d\u0430": "Q12097824", "\u0417\u0430\u0440\u0438\u0446\u044c\u043a\u0430 \u041c\u0430\u0440\u0456\u044f": "Q109337433", "Helbe Nutt": "Q12363684", "Cecily Corti": "Q1052447", "Pilar Ferran Hern\u00e1ndez": "Q17625108", "Alicja Borowska": "Q16334737", "Anita I Andersson": "Q42393655", "\u041a\u043e\u0440\u0438\u0442\u043d\u044e\u043a \u0420\u0430\u0457\u0441\u0430 \u0421\u0435\u0440\u0433\u0456\u0457\u0432\u043d\u0430": "Q12112952", "Maria Zieli\u0144ska-Stasiek": "Q106151709", "Christa Habrich": "Q15435343", "Lone Scocozza": "Q12324870", "Viktoria M\u00f6nch": "Q28034883", "Sigrid Schneider-Grube": "Q1658199", "Louise Lambert-Lagac\u00e9": "Q3263759", "Noriko Kanazawa": "Q18226109", "Lanie Balcom": "Q17361420", "Barbro Sal\u00e9n": "Q108314882", "Cornelia Schefold-Albrecht": "Q64173893", "Helgi Silm": "Q18752982", "\u0420\u0430\u0438\u0441\u0430 \u0421\u04d9\u043b\u0456\u043c\u049b\u044b\u0437\u044b \u0411\u0435\u0433\u0456\u043c\u0431\u0435\u0442\u043e\u0432\u0430": "Q12559666", "Naomi Kasher": "Q16131395", "Inga-Britt Lindstr\u00f6m": "Q99750699", "Yuriko \u014cno": "Q16264826", "Mar\u00eda del Carmen Avenda\u00f1o L\u00f3pez": "Q18668763", "Barbara Marciniec": "Q16334873", "Ursula Grille": "Q6475350", "Heidi-Ingrid Maaroos": "Q60582076", "Renate Menken": "Q1777665", "Blandina Paschalis Schl\u00f6mer": "Q881496", "Isabel Garc\u00eda-Jal\u00f3n": "Q108332296", "Hannelore Hensle": "Q1575870", "Dani\u00e8le Festy": "Q88552872", "Maie P\u00e4rn": "Q12369515", "Patrocinio de las Heras Pinilla": "Q111357900", "Heli Rajangu": "Q12363718", "Hanna Olsson": "Q96107826", "Chodchoy Sophonpanich": "Q13014328", "Maryann Krieglstein": "Q22006050", "Hertha-Maria Haselmann": "Q1269282", "Ata Hautam\u00e4ki": "Q11853251", "Norma Panduro Navarro": "Q109333273", "Ayako Abe": "Q64783323", "Gloria Agirre": "Q56742192", "Rosa Basante Pol": "Q57398565", "Birgit Fjelde": "Q65496631", "Anastasiya Trysh": "Q102823047", "Paloma Matta": "Q3361658", "Ursula Bogner": "Q1686581", "Marjaliisa Abrahamsson": "Q97729204", "Mevl\u00fcde Melek Baklan": "Q1919257", "Ljudmila Raudla": "Q16405922", "Louise Brissette": "Q3263697", "Tiiu Bolzmann": "Q30835697", "\uc7a5\ubcf5\uc2ec (\uc815\uce58\uc778)": "Q12614481", "Blanca Garc\u00eda Manzanares": "Q15059450", "Karin K\u00f6nig": "Q93881187", "Catherine Hill": "Q43400522", "Nel Ensberg": "Q2197658", "Ewa Danuta Bia\u0142ek": "Q20028384", "Maria Salleras Juan": "Q11935480", "Adi Kimchi": "Q24038279", "Carol Lillian Richards": "Q101204268", "Eileen R\u00f6nnlund Holmgren": "Q108143187", "Ethel-Michele de Villiers": "Q59504673", "Lyudmyla Porokhniak-Hanovska": "Q20069322", "Evi Kraan": "Q111832529", "Elisabeth K\u00e4semann": "Q109678", "El\u017cbieta B\u0142oszyk": "Q11696739", "Monique Capron": "Q3320809", "Gudrun Abascal": "Q4933531", "Komeko Sakaino": "Q11429106", "N\u00faria Carrera": "Q16187591", "\u00c8ve Ricard": "Q61743397", "Pauliina Aarva": "Q110636188", "Marie-Th\u00e9r\u00e8se Besson": "Q118125394", "Hiroko Toyooka": "Q11633453", "Tiina Pr\u00fckk": "Q12376886", "\u041a\u0430\u0431\u0430\u0447\u043d\u0430 \u0410\u043b\u043b\u0430 \u0412\u0430\u0441\u0438\u043b\u0456\u0432\u043d\u0430": "Q123550975", "\u00dclle Planken": "Q12379600", "Monica Andersson": "Q4935905", "\u0130nci Adal\u0131": "Q97354315", "Robyn Corrigan": "Q112249446", "Carla Cestari": "Q122766137", "Ingunn Bergstad": "Q17057485", "Eszter Bal\u00e1s": "Q789804", "Ghanima al-Harb": "Q20400964", "Rosa N\u00faria Aleixandre i Cerarols": "Q16163990", "Ann-Mari Max Hansen": "Q558035", "Maria Borawska": "Q27971072", "Elizabeth Mercedes Rekas Urra": "Q85868737", "Malle Eenmaa": "Q123915373", "Dalila Figueiredo": "Q123503027", "Siranuysh Aghajanyan": "Q20512366", "Bella Freund": "Q7054100", "Hee Young Paik": "Q50125247", "Herlinda Agust\u00edn": "Q50182483", "Josephine Bergoni": "Q57198421", "Jadwiga Tur\u0142o": "Q60476740", "Kirsten Avlund": "Q64513496", "Anna Wi\u0119ckowska": "Q85135192", "Mar\u00eda Teresa Teller\u00eda": "Q16601520", "Mar\u00eda Luisa d\u2019Aubuisson de Mart\u00ednez": "Q55652638", "Genowefa Misztal": "Q9266940", "Isabelle Brabant": "Q29582182", "Jacqueline Rousseaux": "Q3157795", "Astrid Bergland": "Q12713554", "\u0411\u043e\u043d\u0434\u0430\u0440\u0454\u0432\u0430 \u041b\u044e\u0434\u043c\u0438\u043b\u0430 \u0412\u0430\u0441\u0438\u043b\u0456\u0432\u043d\u0430": "Q16164962", "Arpik Hasratyan": "Q28121682", "Maribel Peris Muinos": "Q85951358", "Marion Sch\u00e4fer": "Q57910232", "Irene Bereuter": "Q1672485", "Tone Ahlborg": "Q109486805", "Margoush Vardanian": "Q54958458", "Yukiko Ekida": "Q11558577", "Esther Dromi": "Q12404146", "Gitti Hentschel": "Q34772783", "Pilar Massana": "Q47179294", "Ana Est\u00e9banez": "Q110973058", "Leena Puksa": "Q12368412", "Dagmar Schifferli": "Q115169204", "Mette Kolsrud": "Q17100132", "Gabriele L\u00f6sekrug-M\u00f6ller": "Q124055", "Naomi Hadas Lidor": "Q19859253", "Svitlana Marchyshyn": "Q64578548", "Jasenka Villbrandt": "Q1683768", "Eva Hurychov\u00e1": "Q11985148", "Tamra Rosanes": "Q12338763", "Etsuko Oguchi": "Q11459304", "Diane Reinhard": "Q25839920", "Ewa Buszman": "Q52178481", "Milagros Hern\u00e1ndez": "Q61641165", "Rita Rahman": "Q112478145", "Brigitte J\u00e4ger-Dabek": "Q6485785", "Susanne Fischer-Rizzi": "Q17279062", "Verena Keller": "Q24033400", "Keiko Seki": "Q30934626", "Hana Cathala": "Q106783183", "Gorete Pereira": "Q28758861", "Barbara Thompson": "Q4859358", "Beatrijs Smulders": "Q106701883", "Birgitta Langhammer": "Q23915554", "\u05d0\u05e1\u05e0\u05ea \u05d6\u05d4\u05d9\u05e8": "Q114808645", "Emmy Hart": "Q126001468", "Marie-Dani\u00e8le Campion": "Q3291744", "Magdolna Singer": "Q25460401", "Birthe Christiansen": "Q12303577", "Montserrat Medalla Cuf\u00ed": "Q21707451", "Barbara Ehrt": "Q28605859", "Kerstin Sj\u00f6gren Fugl-Meyer": "Q29053515", "Adonina Tard\u00f3n": "Q55454742", "Athina Kyriakidou": "Q65490456", "Inge \u00c5s": "Q114706002", "Joni Crone": "Q126951702", "Carole Serrat": "Q2939913", "Colette Ouzilou": "Q2982513", "Guillemette Resplandy": "Q3120519", "Torako Yui": "Q11577532", "Han Yaling": "Q16908116", "Suh Jung-sook": "Q93755633", "Julijana Kristl": "Q18508087", "Lillian Bondo": "Q63058034", "Magdalena Fabczak": "Q115609948", "Dina Ben Yehuda": "Q20925132", "Sachiko Kashiwaba": "Q11533865", "Aina Maria Salom i Soler": "Q11904514", "Ivana K\u00f6nigsmarkov\u00e1": "Q59550933", "Juany Rojas": "Q59822821", "Ada Mello": "Q9582131", "Ehte Orlova": "Q16406057", "Takiko Shind\u014d": "Q11590787", "Maria Vict\u00f2ria Girona Brum\u00f3s": "Q97335145", "Lisa Mayer": "Q90173", "Diane Bellego": "Q97178795", "Agn\u00e8s Rausch": "Q16439989", "Bettan Byvald": "Q125157405", "Sook-Mee Son": "Q16083684", "Magdalena Modzelewska-Rybicka": "Q11766078", "Angelika-Benedicta Hirsch": "Q28944678", "Marie Berg": "Q89417962", "Mariella Mazzotti": "Q93314282", "Mercedes S\u00e1nchez Guerrero": "Q115507737", "Amy L. Lansky": "Q11770", "Helga Albrecht": "Q1602137", "Ke Yang": "Q11109178", "Regina Franke": "Q1604169", "Edda Sciutto": "Q88604516", "\u0411\u0435\u0437\u0434\u0456\u0442\u043a\u043e \u041d\u0430\u0442\u0430\u043b\u0456\u044f \u0412\u043e\u043b\u043e\u0434\u0438\u043c\u0438\u0440\u0456\u0432\u043d\u0430": "Q16162568", "Rita Peetso": "Q12374110", "Kim Soon-rye": "Q24000774", "Carol S. Batey": "Q5044538", "Anne Markestad": "Q11958291", "Regina M\u00fazquiz": "Q91469755", "Toril Laberg": "Q102121843", "Irme Stetter-Karp": "Q109647016", "Magdalene Wei\u00df": "Q1562490", "Ingeborg Stadelmann": "Q1662934", "In Am Sayad Mahmood": "Q17353129", "Anna \u015aliwi\u0144ska": "Q564000", "Mireya Garc\u00eda": "Q55265565", "Gabriele Reich": "Q1490535", "Monika Vyslouzil": "Q20180849", "Victoria Ivanovna Zadorozhnaya": "Q65198663", "Nerys Howell": "Q47130272", "Ellen Blix": "Q61466031", "Dorit Isaac": "Q95536975", "Kv\u011bta Prajerov\u00e1": "Q107065130", "Marie-No\u00eblle Biguinet": "Q65567254", "F\u00e0tima Bosch i Tubert": "Q8963160", "Lea Pehme": "Q12368376", "Eva Paula Pick": "Q95197542", "Anne S\u00f6derlund": "Q111153753", "Rosa Garc\u00eda Alc\u00f3n": "Q123530628", "Renate M\u00fcssner": "Q2143467", "Be\u00e1ta Patakyov\u00e1": "Q109707353", "Mari Carmen L\u00f3pez de Okariz": "Q12263034", "Miriam Reid": "Q123562099", "Kumiko Ishida": "Q11586902", "Isabelle Adenot": "Q16644042", "Irene Kr\u00e4mer": "Q28963494", "Loles Vives": "Q105492197", "Lidia Lempart": "Q101165347", "Montserrat Sanahuja": "Q116778964", "Jaroslava Puntov\u00e1": "Q104807111", "Ayelet Kalter": "Q25490165", "Sahar Malas": "Q57541723", "Josefa Maria Gonz\u00e1lez-P\u00e9rez": "Q78699048", "Elfriede Fr\u00f6schl": "Q1328617", "Maria \u00c0ngels Feliu Bassols": "Q9028844", "Varda Noga Spielman": "Q105588214", "Marianne Rappengl\u00fcck": "Q19295787", "Teresa Garcia-Rivera": "Q104319913", "\u00c9lisabeth Martens": "Q3051097", "\u0420\u04d9\u0445\u043c\u04d9\u0442\u0443\u043b\u043b\u0438\u043d\u0430 \u0424\u04d9\u043d\u0438\u04d9 \u0417\u04d9\u043a\u04d9\u0440\u0438\u04d9 \u04a1\u044b\u0499\u044b": "Q59601430", "Irena \u0160ke\u0159\u00edkov\u00e1": "Q47643472", "Olena Samohalska": "Q63862916", "Mar\u00eda Consolaci\u00f3n Pablos Labajo": "Q14098890", "Keiko Hayami": "Q11511565", "Chizuru Misago": "Q11356843", "Anna Malm": "Q81729081", "Corinne Imbert": "Q18202541", "Maria Thommessen": "Q11988204", "Annmarie L\u00f6f": "Q23917725", "Mar\u00eda Mercedes Torregrosa Orts": "Q21001579", "No\u00eblle Bizi Bazouma": "Q12736920", "Laurie Parsons": "Q43780939", "L\u00facia Xavier": "Q55223038", "Sabine Constabel": "Q71025955", "Roswitha Stenzel": "Q1259426", "Riina Pulges": "Q12374038", "Gu Ying": "Q60991355", "Kumiko Udagawa": "Q111333687", "Liliane Mandema": "Q97148686", "Eva Dani\u0161ov\u00e1": "Q112466088", "Fidelia Graand-Galon": "Q108964239", "Sonia Sander": "Q99292147", "Lidija Petrushevska-Tozi": "Q55204484", "Celia S\u00e1nchez-Ramos": "Q5058022", "Virginia Wangare Greiner": "Q22915155", "Nadia Remadna": "Q23926265", "Ljubica Shuturkova": "Q55199728", "Liat Kishon-Rabin": "Q22085398", "Barbara Kromolicka": "Q24428782", "Dagmar H\u00fchne": "Q67076624", "Inmaculada S\u00e1nchez Ramos": "Q124691309", "Ildik\u00f3 Kov\u00e1cs": "Q1120144", "Baek, Wan Sook": "Q110115109", "Zuzana \u0160tromerov\u00e1": "Q61041594", "Kersti P\u00e4rna": "Q12366818", "Hilde Fredriksen": "Q17059825", "Eva Mikuleck\u00e1": "Q111987129", "Gunilla Wigertz": "Q125956357", "Iciar Astiasar\u00e1n": "Q56455355", "Svetlana Kulevanova": "Q55167195", "Anne Heintze": "Q107011527", "Istv\u00e1nn\u00e9 Boll\u00f3k": "Q113637612", "Isabela Foga\u00e7a": "Q10303841", "Hajnal Kelemen": "Q60227177", "Txelo Auzmendi Jimenez": "Q120047382", "Sanna Ehdin": "Q4945869", "Martina de Zwaan": "Q47499241", "Barbara Hartmann": "Q62059311", "Martina Klenk": "Q1905457", "Joan Simon Pallis\u00e9": "Q21608923", "Ho-Young Lee": "Q97212849", "\u0424\u04d9\u0440\u0445\u0435\u0442\u0434\u0438\u043d\u043e\u0432\u0430 \u041b\u04d9\u0439\u043b\u04d9 \u041c\u043e\u0440\u0430\u0442 \u04a1\u044b\u0499\u044b": "Q108831538", "Angelika Klingel": "Q18018387", "Vesna Jovic": "Q106097508", "Carolina Trautner": "Q14916813", "Alice Bernard": "Q64490269", "Anne Goldmann": "Q109429830", "Martha Swatt-Robison": "Q20745509", "Marta Rodr\u00edguez Vispo": "Q27586881", "Alejandra N\u00f3voa": "Q104037439", "Bea Trampenau": "Q812820", "Maki Koyanagi": "Q11461987", "Satoko Arakawa": "Q11618616", "Sabine Trenner": "Q76634061", "Maria Akiyama": "Q11594930", "Eva Kmon\u00ed\u010dkov\u00e1": "Q47504034", "Katerina Gora\u010dinova": "Q55194583", "Soledad Muniategui Lorenzo": "Q56513497", "Susanne Guidetti": "Q42671222", "Gudrun Perko": "Q15436247", "Maria Isabel Ferrer \u00c1lvarez": "Q47006130", "Elisabeth Vincent": "Q60964725", "Pilvikki Absetz": "Q98306027", "Margus Peeba": "Q16407036", "Iman Attia": "Q19286077", "Elle P\u00f5ldoja": "Q12361908", "Hala Kazim": "Q60564941", "Masayo Odagi": "Q20039276", "Katrine Klinken": "Q12321577", "Anny Koks\u00e6ther": "Q55077538", "Ky\u014dko \u014cyagi": "Q124097442", "Lior Birkan": "Q12408651", "Christin Johansson": "Q4956946", "Mar\u00eda Unceta-Barrenechea": "Q20890083", "Mar\u00eda Sep\u00falveda Carre\u00f1o": "Q88145233", "\u05e0\u05ea\u05de\u05e8 \u05d4\u05dc\u05dc\u05d5\u05d9\u05d4": "Q112229227", "Martha Nubia Bello Albarrac\u00edn": "Q117477294", "Christina Kauschke": "Q1000542", "Eve Pihl": "Q12362504", "Aso Reimi": "Q30932977", "Pepita Cedillo": "Q53546383", "Anette R\u00f6ttger": "Q38678341", "Mechthild Gro\u00df": "Q52083641", "Regina Kraushaar": "Q46711553", "Gabriele Stangl": "Q21260097", "Bettina Hauenschild": "Q45354832", "Katrin \u00d5unap": "Q17447378", "Verena Dirsch": "Q1586266", "Y\u016bko Nakajima": "Q11364414", "Marta Garaulet": "Q9029514", "Masoumeh Ramhormozi": "Q20888799", "Els Messelis": "Q63476714", "Nina Pirnat": "Q88441561", "Marina Hulia": "Q109676690", "Y\u014dko Ury\u016bhara": "Q123954034", "Babette Michel": "Q797659", "Virpi Horttana": "Q22916775", "Peggy Wong Pik-kiu": "Q11176659", "Karin Friis Bach": "Q47500082", "Ana Prieto": "Q65275040", "Maca\u00e9 Evaristo": "Q115481937", "Susanne Klemm": "Q15943727", "Doris Oseda Soto": "Q90872926", "Guri R\u00f8rtveit": "Q113712133", "Renate Lieckfeldt": "Q1647363", "Joal": "Q107149914", "\u00c5sa Karlstr\u00f6m": "Q4958198", "Ruth \u0160ormov\u00e1": "Q12050389", "Damaris Gelabert": "Q22964539", "Wiesje Doevendans": "Q20604223", "Dolores Corella Piquer": "Q47101238", "Luz Campello Garc\u00eda": "Q58635053", "Mar\u00eda Pilar D\u00edaz L\u00f3pez": "Q60632379", "Nielsen P\u00e9rez": "Q90622265", "Kaiu Prikk": "Q12366108", "\uae40\ubbf8\ud76c": "Q16080222", "Anja Butschkau": "Q30166291", "Ruth Vang": "Q21208486", "Claire Oppert": "Q105672371", "\u0411\u04d9\u0448\u04d9\u0440\u043e\u0432\u0430 \u0413\u04af\u0437\u04d9\u043b \u0420\u04d9\u0434\u0438\u0441 \u04a1\u044b\u0499\u044b": "Q108800577", "Olga Lishchuk": "Q106604018", "Tomoko Hata": "Q11275529", "Jana Hanzl\u00edkov\u00e1": "Q29016709", "Susanne Sch\u00e4fer": "Q1257246", "N\u00faria Colom\u00e9 i Rodr\u00edguez": "Q14043684", "Maria Jesus Lamas": "Q50745796", "Balvinder Sidhu": "Q64063480", "Jutta Profijt": "Q82512475", "Pernilla \u00c5senl\u00f6f": "Q77385662", "Kadri Tammepuu": "Q120488812", "Ronit Dror": "Q81968201", "Tine Pars": "Q124743978", "Ildik\u00f3 B\u00f3ta": "Q121869308", "Kaja P\u00f5lluste": "Q12366120", "Outi Alanen": "Q16160026", "Gra\u017cyna Sygitowicz": "Q74626561", "Ingvil Halle Barkve": "Q28718111", "Nina Mevold": "Q89465333", "Ma\u0142gorzata Sinica": "Q11772375", "Karin Peschka": "Q28814898", "Christiany Eugenia Paruntu": "Q16172501", "Maya Rosman": "Q18388476", "Sandra Wallner-Liebmann": "Q24685985", "Marjukka Kolehmainen": "Q42170406", "Ursula Schwab": "Q63384043", "Elisabeth Ubbe": "Q63980932", "Judith Alcal\u00e0 Gonz\u00e0lez": "Q105427811", "Jana \u0160trausov\u00e1": "Q110845964", "Karine Laaidi": "Q113659003", "Alice Pehk": "Q16407100", "Sawako Fujii": "Q63728834", "Isabel Cabezas Rega\u00f1o": "Q14085903", "Sandra Knecht": "Q110948793", "Claudia Ritter": "Q106567612", "Rom\u00e1na Zelk\u00f3": "Q62051061", "\u0546\u0561\u056b\u0580\u0561 \u0549\u056b\u0579\u0578\u0575\u0561\u0576": "Q105149931", "Juana Fern\u00e1ndez Cort\u00e9s": "Q117794263", "Isabel Aleman Irungarai": "Q114275601", "Hanne Roed": "Q61062422", "Live Landmark": "Q16900092", "Mireia Pujol i Ferrusola": "Q47002989", "Melanie Wenzel": "Q95210298", "Anna Bergstr\u00f6m": "Q119821138", "Park Jeong-ok": "Q98140345", "Megumi Mori": "Q11539694", "Renata Markiewicz-\u017bukowska": "Q28672641", "Birgitt Pfeiffer": "Q64202280", "Erica Angyal": "Q18545764", "Birgit Monteiro": "Q865287", "Valda ACS": "Q118292017", "Andrea Tuana": "Q95149908", "Tanja Pommerening": "Q17126720", "Olatz Peon": "Q114356131", "Sandra Mathias": "Q120469351", "Margit Slim\u00e1kov\u00e1": "Q16335862", "Eri Yoshizawa": "Q48765182", "Ida Wiszomirska": "Q53178612", "Manuela Igartua Olaechea": "Q123945238", "Zsuzsanna Lelovics": "Q1128846", "Milagros Nuin Monreal": "Q110891861", "Susanne Heart": "Q115185284", "Monika Pitucha": "Q90193901", "Tyra Grove Krause": "Q98521627", "Lyubov Prigozhina": "Q117874730", "\u0420\u044b\u0447\u043a\u043e\u0432\u0430, \u041b\u044e\u0431\u043e\u0432\u044c \u0412\u043b\u0430\u0434\u0438\u043c\u0438\u0440\u043e\u0432\u043d\u0430": "Q97184098", "Margareta Gu\u010dek Zako\u0161ek": "Q18627734", "Karin Otter": "Q12366350", "Gabriela Montenegro-Bethancourt": "Q65708005", "Susanne M. Riedel": "Q98525527", "Karen Synne Groven": "Q115497547", "Mar\u00eda Jos\u00e9 Fern\u00e1ndez D\u00edaz": "Q119732199", "\u0417\u0430\u043b\u0456\u0441\u044c\u043a\u0430 \u041e\u043b\u044c\u0433\u0430 \u041c\u0438\u043a\u043e\u043b\u0430\u0457\u0432\u043d\u0430": "Q97176571", "Elena Zagaynova": "Q70254778", "Ver\u00f3nica Hern\u00e1ndez Agramunt": "Q20876036", "N\u00faria Rivas i Mascar\u00f3s": "Q50384469", "Teresa De Rita-Cavlek": "Q11896929", "Gesine M\u00e4rtens": "Q79278753", "Tonje Vr\u00e5le": "Q17113728", "Annika Reintam": "Q12359320", "Dana Aviram": "Q61268762", "Master Ra'al Ki Victorieux": "Q112223337", "Amina Ek": "Q4945991", "Maitena Monroy": "Q37807177", "Saadet S\u00f6nmez": "Q58049494", "Anja Bosy-Westphal": "Q90408836", "Bernadette Meier-Br\u00e4ndle": "Q822160", "Daniela Stackeov\u00e1": "Q95221564", "\u0b9a\u0b95\u0bcd\u0ba4\u0bbf \u0b9c\u0bcb\u0ba4\u0bbf": "Q12980586", "Keiko Kubo": "Q11369011", "Andrea Aranda": "Q4754941", "Caroline Raquin": "Q55596013", "V\u00e9ronique Mounier": "Q3564344", "Ester Pruuden": "Q16404248", "Ana Mar\u00eda Mart\u00ednez": "Q88867747", "Matilda Brinck-Larsen": "Q125574048", "Virpi Timonen": "Q48569757", "Aura Cumes Sim\u00f3n": "Q64158984", "Heli Maman": "Q67569803", "Bo Yanyi": "Q78116441", "Yvonne St\u00f6ckemann-Paare": "Q99609624", "Susanna Heli": "Q117021923", "Kim Winter": "Q62078580", "Cibele Carvalho": "Q123402031", "Sara Ram\u00f3n Rossell\u00f3": "Q21075429", "Aki Yamaguchi": "Q11466627", "Johanna M Tuomela": "Q56550596", "Carmen Pombero": "Q5752623", "Eli Sol Vallersnes": "Q11300391", "Silke Christiansen": "Q106689176", "H\u00e9l\u00e8ne De Beir": "Q2779674", "Begonya Montalban i Vilas": "Q20876444", "Azucena Bardaj\u00ed": "Q28766643", "Nerea Kortajarena Iba\u00f1ez": "Q30337348", "Mehrnousch Zaeri-Esfahani": "Q112513906", "Anette Palssa": "Q115096751", "Meike Stoverock": "Q105847104", "Emilia Miko\u0142ajewska": "Q18002997", "Junko Masaki": "Q11545518", "Runa Evensen": "Q20896017", "Catherine Aliotta": "Q60311874", "Inma del Moral": "Q3151361", "Tiia Aarnipuu": "Q16158242", "Ylenia Zambito": "Q57554854", "\u0417\u0443\u0431\u0438\u0446\u044c\u043a\u0430 \u0412\u0456\u043a\u0442\u043e\u0440\u0456\u044f \u041e\u043b\u0435\u043a\u0441\u0430\u043d\u0434\u0440\u0456\u0432\u043d\u0430": "Q16700409", "Iris Hundertmark": "Q87043517", "\u05db\u05e8\u05de\u05d9\u05ea \u05dc\u05d5\u05d9": "Q29883937", "Millariikka Rytk\u00f6nen": "Q29893034", "Sabine Sitter": "Q90488498", "Trine Gr\u00f8nhaug Halvorsen": "Q50635702", "\u05d0\u05d9\u05dc\u05d0\u05d9\u05dc \u05e6\u05d9\u05df": "Q27972287", "Siri Marte Hollekim": "Q12000626", "Sara Kindberg": "Q99206203", "Kumi Hayase": "Q43431512", "Tessa Sollaart": "Q106635291", "Marit Kolby": "Q124750200", "Yuka Hayashibara": "Q11628793", "Ursula Hertewich": "Q15852253", "Eva Rehfuess": "Q98931120", "S\u00edlvia Wai\u00e3pi": "Q110822683", "Ma\u0142gorzata G\u0142owacka-Grajper": "Q112548256", "Sirli Raud": "Q16405870", "Cinthia Ribeiro": "Q51882547", "Sandra Gallego": "Q3948156", "Tal Lifshitz": "Q124540490", "Y\u014dko Hamada": "Q11558020", "Petra \u0158eho\u0159kov\u00e1": "Q20057982", "Anne Therese Tveter": "Q11958310", "Laura P\u00e9rez-Lago": "Q61998654", "Garbi\u00f1e Larrea": "Q109480438", "Estitxu Estremo": "Q12257311", "Petya Raeva": "Q12290659", "Nathalie Frossard": "Q114841692", "Anika Eva Wagner": "Q105967832", "Paula Rosenberg": "Q25488799", "Mar\u00eda Jos\u00e9 Jim\u00e9nez Corti\u00f1as": "Q25509850", "Yvonne Hopf": "Q73115574", "Ar\u00e1nzazu Calleja": "Q106098195", "Anastasia Anthousi": "Q107353685", "Sneha Jawale": "Q115649930", "Eneritz de Madariaga": "Q118743336", "Elina Tanskanen": "Q11857409", "Cristiane Loureiro": "Q120727917", "Anika Horvat": "Q18507816", "Miyuki Kobayashi": "Q11461813", "Dima Qato": "Q90670673", "Carla Morales Maldonado": "Q111288742", "\u00c5ste Marie Lande Lindau": "Q19399232", "Anneli Fransson": "Q4948747", "Tove Holst Skyer": "Q102155659", "\u05dc\u05d9 \u05e8\u05d0\u05d5\u05d1\u05e0\u05d9": "Q111262216", "Solveig Chilla": "Q112499281", "Sandra Hoffmann-Ursache": "Q2221002", "Emine U\u011fur": "Q115154515", "Tamara mahmoud": "Q20403581", "Anette Mortensen": "Q46996773", "Katharina K\u00f6nig-Preuss": "Q1735939", "Kate Norley": "Q30248954", "Genevi\u00e8ve O'Gleman": "Q106086196", "Pulch\u00e9rie Feupo": "Q115628112", "Kozue Koyanagi": "Q11461971", "Ir\u00e8ne Josianne Ngouhada": "Q101478158", "Aiora P\u00e9rez de San Rom\u00e1n Ur\u00eda": "Q14083896", "Sonsoles Arnao": "Q58865593", "Kari Anita Furunes": "Q20978346", "Simona Geren\u010der": "Q107185120", "Maialen Araolaza": "Q104808753", "D\u017eamilja Safiulina": "Q12360966", "Christina Maria Landerl": "Q95184784", "Araceli Mostazo Romeo": "Q95873407", "Henriette Akofa": "Q115470092", "Mirela Macedo": "Q59205490", "Hanna Partanen": "Q11861336", "Ayaka Arit\u014d": "Q16263841", "Yuki Tomonari": "Q11410329", "Sabina Zorec": "Q89778057", "Kata Ker\u00e9nyi": "Q57197363", "Danya Qato": "Q99602600", "Angelika Beranek": "Q29577552", "Roc\u00edo Vitero P\u00e9rez": "Q112958088", "Sunita Biharie": "Q104148678", "Rebecca Seidler": "Q113810602", "Mathilde Touvier": "Q39872137", "Cata de Palleja": "Q98523488", "\u00c9milie Maroteaux": "Q109105069", "Mona Berger": "Q76452339", "Maddelin Brizuela": "Q55754372", "Cornelia J\u00f6nsson": "Q18325272", "Marina Kvaskoff": "Q44232682", "Ewa Krajewska": "Q107329091", "Elisabet Llargu\u00e9s Masachs": "Q96354904", "Anuska Esnal Oliden": "Q14083934", "Anna Cald\u00e9n": "Q29895198", "Laura Haba Jim\u00e9nez": "Q61828910", "Elisabeth Steinkellner": "Q95192840", "Reina Kiriyama": "Q28692992", "Anne Lindfjeld": "Q2851184", "Juncal Alzugaray": "Q115205816", "\u041e\u043c\u0435\u043b\u044c\u0447\u0443\u043a \u041e\u043b\u044c\u0433\u0430 \u0406\u0432\u0430\u043d\u0456\u0432\u043d\u0430": "Q30956915", "J\u00f4 Oliveira": "Q124416778", "Mar Arranz": "Q3287316", "Maite Guevara": "Q111566056", "Virginia Dangma": "Q127595650", "M\u00f4nica Penha": "Q119705377", "Mafalda Soto Vald\u00e9s": "Q106097322", "Boticaria Garc\u00eda": "Q111660743", "Giulia Albini": "Q3769228", "Tinixara Guanche Su\u00e1rez": "Q95746727", "Margalida Grimalt-Reyn\u00e9s": "Q90126731", "Alisa Apreleva": "Q4062417", "BethAnn Chamberlain": "Q831088", "Michaela \u0160ebelov\u00e1": "Q100832242", "Kl\u00e1ra Joklov\u00e1": "Q66776931", "Endzhi Kasabie": "Q42251394", "Magdalena Knedler": "Q56256124", "Jenny Rasche": "Q75298577", "Laura Gehlhaar": "Q29483824", "Sakuko Harumi": "Q28692129", "Maja Anette Fl\u00f8nes Monsen": "Q54919381", "Saioa Elejabarrieta Amorrortu": "Q14132914", "Ziortza Villa": "Q41212163", "Heidi Sandst\u00f8": "Q11974690", "Anna Rantala Bonnier": "Q50377561", "Ma\u00edra Cardi": "Q75967750", "Naomi Ozawa": "Q11465374", "Ana Bel\u00e9n Terr\u00f3n Berbel": "Q27756480", "Agurne Gaubeka": "Q91655946", "Paola Damonti": "Q104654079", "Tamara Claver\u00eda": "Q110952030", "Maiko Fujita": "Q11624931", "Katrin Schultheis": "Q58433414", "Naszvadi Judith": "Q124596205", "Silvia Laplana": "Q106514718", "Ester Artigas Miquel": "Q104704493", "Mara\u00edna Martins": "Q123422444", "Liv-Miriam Nordt\u00f8mme": "Q59086259", "Franciska Farkas": "Q51194929", "Kesh Naidoo-Rauf": "Q122178415", "Yuka Kyono": "Q60452177", "Maria Christine Magnus": "Q112057387", "Nicole Schuster": "Q1473951", "Serena Benavente": "Q111796537", "Nicole Minetti": "Q540791", "Marja Kihlstr\u00f6m": "Q106441331", "Noelia Ordieres": "Q118558014", "Janne Sepp": "Q124128296", "Sayuri Watanabe": "Q11562697", "F\u016bka Ry\u014d": "Q17214128", "Mari Hidaka": "Q11510845", "Ioana Pico\u0219": "Q105674009", "Semiya \u015eim\u015fek": "Q14621400", "Tereza Kvapil Pokorn\u00e1": "Q64900088", "Aswathy Jwala": "Q16135696", "M\u00f2nica Comas Molist": "Q95182259", "Sandra van Eldik": "Q63438664", "Mia Fernando": "Q111670242", "Marta Sorl\u00ed Fresquet": "Q22965152", "Miren Meabe Carro": "Q120011303", "Mar\u00eda Lago Lest\u00f3n": "Q120493554", "Alessandra Bessa": "Q60376908", "Inge van Essen": "Q75190168", "Ihitz Iriart Casenave": "Q123367813", "Rens Kroes": "Q22259359", "Oihane Unzalu": "Q122387571", "Floriane Olivier": "Q3074236", "sara shehata": "Q107638467", "Marta Recio Fern\u00e1ndez": "Q88487625", "Sof\u00eda Gonz\u00e1lez Cort\u00e9s": "Q112189835", "Noemi Amaya": "Q125197025", "Elena Contreras Pati\u00f1o": "Q30883168", "Bela Gil": "Q20047937", "Siri Barje": "Q77320708", "Asabea Britton": "Q96679900", "Natasha Lee Su\u00e1rez": "Q27075072", "Karoline Hemmsen": "Q64848597", "Olga Rudnicka": "Q11797882", "Jyoti Singh Pandey": "Q18041671", "Marina Lommel": "Q47516565", "Sandra Hadith Alvarado": "Q74935023", "Garazi Lizarraga": "Q87764594", "Naila Jornet i Burgada": "Q100699955", "Klara Otorepec": "Q92411431", "Desiree Williams": "Q104077674", "Gabriela Pulgar": "Q4025923", "Eli\u0161ka Vr\u00e1tn\u00e1": "Q106982944", "Sofia Loft": "Q108166018", "Nupuur Patil": "Q110594815", "Emma Igual": "Q122381896", "Elisa Giordano": "Q51133653", "Amaia Martioda": "Q41215954", "Ainhoa Gonz\u00e1lez": "Q86592134", "Sylwia Bartkowiak": "Q92349025", "Sara Hegy": "Q124791778", "Andrea Celeste del Valle Pinz\u00f3n": "Q101064551", "Paula Mazurek": "Q48848253", "Helga Sim\u00f3n i Molas": "Q100935419", "Ayako Rokkaku": "Q11392536", "Aoife Hannon": "Q3620544", "Kharoll-Ann Souffrant": "Q125360718", "Camille Bruyas": "Q42299176", "Sanne van der Schaar": "Q70450144", "Nathalie Moen Balhald": "Q96081194", "Kseniia Hrytsyna": "Q117006625", "Nat\u00e1lie Kubi\u0161tov\u00e1": "Q14029478", "Lucy Chege": "Q6698233", "Catharina M\u00fcller": "Q115806549", "Deniziane": "Q112331448", "Paula Freitas": "Q107128748", "Camille Boudaud": "Q85839377", "Mira Galle": "Q124062542", "Julie Nielsen Maribo": "Q110070911", "Cannelle Carr\u00e9-Cassaigne": "Q2936333", "Kamila Chomanic": "Q112550680", "Estefan\u00eda Ruiz Molina": "Q111534819", "Laura Puigdueta i Carrera": "Q27075086", "Noelia Rivadas L\u00f3pez": "Q123111215", "Giovanna Lima": "Q125544471", "Kokoro Fujinami": "Q11624592", "Elena Mu\u00f1oz P\u00e9rez": "Q116770737", "Marharyta Rivchachenko": "Q116196734", "\u041e\u043a\u0441\u0435\u043d\u0442\u044e\u043a \u041d\u0430\u0442\u0430\u043b\u0456\u044f \u0410\u043d\u0434\u0440\u0456\u0457\u0432\u043d\u0430": "Q123423681", "Kim Rossen": "Q123090077", "Maria Marti\u00e1\u00f1ez": "Q92582716", "Nayika Srinian": "Q48484816", "Iryna Tsybukh": "Q126193155", "Ona Castellv\u00ed Pay\u00e9s": "Q118175752", "Francesca Barro": "Q114342423", "Lyne Mongeau": "Q3269523", "Tomomi Yamashita": "Q3531399", "Alumit Ishai": "Q12403900", "Junko Kurokawa": "Q28068780", "Fran\u00e7oise Clavel-Chapelon": "Q28360647", "Miros\u0142awa Melzacka": "Q28961200", "Raquel Carolina \u00c1ngela Negro": "Q30901094", "Mar\u00eda Luisa de Ram\u00f3n-Laca Blanco": "Q47501939", "Goretti Dur\u00e1n Pi\u00f1eiro": "Q55740856", "Manju Manikuttan": "Q104758939", "Memi Hoshino": "Q11513052", "Sabine Anagnostou": "Q15428574", "Rita Steffes-enn": "Q22976016", "Aneta Majkowska": "Q29079662", "Vanja Peren\u010devi\u0107": "Q61906475", "Lieke Rogge": "Q120983627", "Valeriya Yevheniyivna Formalova": "Q116731836", "Rujuta Diwekar": "Q56169", "Caroline Kovarski": "Q2940011", "Val\u00e9rie Orsoni": "Q3554299", "Clara de Rueda": "Q5771163", "Magdalena Fleitas": "Q5989680", "\u05de\u05d0\u05e1 \u05d5\u05ea\u05d3": "Q6611824", "Olga Raz": "Q6990974", "Urszula Kret": "Q9367182", "Naoko Ideguchi": "Q11373582", "Manami Sasaki": "Q11382340", "Naoko \u014cta": "Q11444182", "Noriko Ishii": "Q11584887", "Mutsumi Fukuya": "Q11591956", "Katrina Raphaell": "Q15275844", "Alice Lin-Tsing Yu": "Q15905017", "Anna Nyberg": "Q15918038", "Michal Krumer-Nevo": "Q16340666", "Patricia Salen": "Q17355538", "Kaoru Yoshinaga": "Q17687784", "Olga Simionescu": "Q18547906", "Virginia Houston": "Q22908983", "Lisa Dazols": "Q23809211", "\u041b\u0435\u0439\u0432\u0430 \u041f\u0435\u0434\u0440\u043e": "Q25448107", "Katarzyna Winnicka": "Q28671924", "Ikuyo Fujita": "Q30933983", "Karen West": "Q47006126", "Ebele Okoye": "Q50822254", "Fran\u00e7oise Bonvin": "Q51663702", "Catherine Boileau": "Q56517624", "\u99ae\u5a49\u5100": "Q56570088", "Bertha M. Wood": "Q57367344", "Marie-C\u00e9lina Pittikwi": "Q57448631", "Agnieszka Piwowar": "Q59679737", "Shaila Desouza": "Q60198433", "Maria San Juan de Garonda": "Q60367537", "Maria Krabbe": "Q62035033", "Elisabeth Cardis Mersch": "Q62577326", "Isabelle Cr\u00e9mer": "Q63171136", "Jannike Rieber": "Q64485299", "Rose Dufour": "Q65923136", "Willy Hillen": "Q65968288", "Sarah M. Severance": "Q66699729", "Isabelle Jouve-Gaudin": "Q80340850", "Amrita Roy Choudhury": "Q86968790", "Berta Recabarren": "Q87988667", "Marie Pournin": "Q89143992", "Marcela Lizano": "Q89185755", "Rosa Ventura": "Q91020578", "Yasue Mitsukura": "Q91719372", "Ma\u0142gorzata Sznitowska": "Q91869711", "Izabela Muszalska-Kolos": "Q92256553", "Antoinette Ratcliffe": "Q92729247", "Asmau Ayub": "Q94971694", "Mika Noda": "Q95162109", "Kyoko Iitaka": "Q95162229", "Margaret Nixon": "Q95969484", "Teresa Wilk": "Q97285484", "Yael Geron": "Q97613855", "Mary A. Burwell": "Q97672359", "\u0633\u0627\u0631\u0629 \u0639\u0628\u062f \u0627\u0644\u0639\u0638\u064a\u0645": "Q97777623", "Abigail Echo-Hawk": "Q99701132", "Jalila Reba\u00ef": "Q100791795", "Simin Bolourchi\u2012Vaghefi": "Q101084068", "Guillermina Yankelevich Nedvedovich": "Q104203664", "Badra Ben Mustapha": "Q104536631", "Jan Murphy": "Q104591845", "Irena Storov\u00e1": "Q105944495", "Risten Anine Kvernmo Gaup": "Q106131472", "Valerie Boltz": "Q106272718", "Hanna Johnsson": "Q106590173", "Pia Nyk\u00e4nen": "Q106620303", "Margret Foli": "Q106671898", "Cristiane Lu\u00edza Sabino De Souza": "Q106862403", "\ubc15\uc5f0\uacbd": "Q107109222", "Jer\u00f2nima F\u00e0bregues": "Q107139696", "Linda Robertson": "Q107198439", "Mairehe Tankersley": "Q107198539", "Stephanie Scheirlynck": "Q107330522", "Rosalba Rojas Mart\u00ednez": "Q107359625", "Pilar Charro Salgado": "Q107434800", "Ascensi\u00f3n Marcos": "Q107578940", "Ananya Mondal": "Q108104892", "Yuka Nakagawa": "Q108109500", "Premalata Barik": "Q108652143", "Gloria Jaase-Nkundanyirazo": "Q109646553", "Bo\u017cenna Baranowska-Dutkiewicz": "Q109770059", "Irena Polewczyk": "Q109911180", "Rikka Blurhound": "Q110079314", "Barbara Kostka": "Q110416972", "Ascensi\u00f3n Vidal Piazuelo": "Q110686995", "Mati Meyer": "Q110785993", "Luisa Rosado": "Q111009387", "Claudia Osterkamp-Baerens": "Q111575822", "Hawa Diakit\u00e9": "Q111603849", "Martija de Jauregui": "Q111605159", "Belarmina Mart\u00ednez": "Q111906138", "Elizabeth Cascio": "Q112119391", "Daphne Rickson": "Q112249417", "Cynthia Wallbridge": "Q112249490", "Renata Pyz-\u0141ukasik": "Q113457449", "Cristina Bravo": "Q113585465", "Britt Stuge": "Q114036867", "Tolotea Lanumata": "Q114331348", "Katarzyna B\u0142a\u017cejewska-Stuhr": "Q115471286", "Junko Yamaguchi": "Q115529366", "Rose Abondo Ngono Mballa": "Q115606133", "Dora Elia Silva Luna": "Q115664773", "Henrietta Brown": "Q115787698", "Caroline Burkart": "Q115933264", "Maria Lafaele": "Q115933453", "Bonnie Robinson": "Q115933499", "Priscilla Baken": "Q115933505", "Shirleen Prasad": "Q115933508", "Joanne Gibbs": "Q115933526", "Charline Vermont": "Q116168384", "Marisa Burger": "Q116209710", "Shenaaz El-Halabi": "Q116236924", "Vivian Addo Cobbiah": "Q116695065", "Carmen Castro Card\u00fas": "Q116927310", "Hirabai Lobi": "Q117014890", "Firouzeh Saber": "Q117227071", "Ainhoa Carbonell Allu\u00e9": "Q117468818", "Janine St Germain": "Q117714237", "Leila Arshad": "Q118442694", "Awerangi Tamihere": "Q119071585", "Kathryn Wood": "Q119071658", "Kendal Collins": "Q119071660", "Shirley J\u00fclich": "Q119071745", "Ria Earp": "Q119071783", "Diane Martin": "Q119071834", "Laurie Fremgen": "Q119355576", "Kemi Johnson": "Q119622375", "Miwako Ozaki": "Q119923049", "Airam Galliani": "Q119930272", "Sonoo Mizuiri": "Q119930283", "Marcela S\u00e1nchez Buitrago": "Q120671687", "Marie Michele Macaron": "Q120681003", "Katarzyna Kaczorowska-Bray": "Q120686744", "Ngarmbatina Carmel Sou IV": "Q120785359", "Cl\u00e9mence Moss\u00e9": "Q121073824", "T\u00f3th Csilla Ilona": "Q123050551", "Katta Alonso Raggio": "Q123517038", "Andreea Vilcan": "Q123557203", "Christelle M\u00e9niane Dor\u00e9": "Q123582477", "Salote Austin": "Q123621424", "Tara Satyanand": "Q123624370", "Nathalie Blanc": "Q123643781", "Jane Zhang": "Q123655217", "Mar\u00eda Matuz": "Q123674631", "Rose Henderson": "Q124045200", "Barbara Dewson": "Q124045221", "Bonnie Sue": "Q124045247", "Rowena Tana": "Q124045291", "Elizabeth Ross Miller": "Q124094882", "Mary H. Jones": "Q124094938", "Frances Beveridge Heald": "Q124094978", "Carine Wolf-Thal": "Q124337225", "Chantal Birman": "Q124343160", "Meriem Hadj Hamou": "Q124365452", "Halyna Almazova": "Q124625162", "Laura Melina Berling": "Q124678597", "Ca\u00eblle Edmond Jean Baptiste": "Q125130781", "Vasquida Garc\u00eda": "Q126294241"}