{"Elizabeth Ellis": "Q26828517", "Dorota Hradeck\u00e1 z Kru\u017enova": "Q112516072", "Anna von Dale": "Q112519982", "Elisabeth Angermaier": "Q93431173", "Kunigunda Scherff": "Q111129456", "Katharina Dietrich": "Q112522048", "Catherine Pill\u00e9": "Q107030648", "Fran\u00e7oise Bouzonnet-Stella": "Q89210166", "Marie Besongne": "Q107013447", "Suzanne Sarrabat": "Q110778437", "Marie Al\u017eb\u011bta Sinapiov\u00e1": "Q112526606", "Susanna Rickhes": "Q107464638", "\u00c9lisabeth de Ni\u00e9port": "Q110778348", "Fran\u00e7ois Girard": "Q93386647", "Marie Gandouin": "Q112508696", "Marguerite Didot": "Q112520379", "Marie Barbora Svobodov\u00e1": "Q111752879", "Agathe Cars": "Q55836016", "Josefa Terezie Hirnleov\u00e1": "Q112419245", "Maria Elisabeth Schnorr": "Q55884574", "Jeanne Fran\u00e7oise Ozanne": "Q52149334", "Al\u017eb\u011bta Tybelyov\u00e1": "Q112398581", "Catherine Francoise Beauvarlet": "Q109885839", "Madame Lebel": "Q97572041", "Christina Catharina Thetzell": "Q47488264", "Th\u00e9r\u00e8se El\u00e9onore Ling\u00e9e": "Q18508692", "Marie Jeanne Louise Fran\u00e7oise Suzanne Champion de Cernel": "Q27634866", "Anna Elisabeth Philips": "Q120597737", "M. Coote": "Q110659790", "Ang\u00e9lique Papavoine": "Q105336085", "Marie Anne Croisier": "Q52154405", "Louise Bourdon": "Q66762602", "Caroline Naudet": "Q42529683", "Maria Denman": "Q97706755", "\u00c9lisabeth Qu\u00e9vanne": "Q111028941", "Caroline Mezger": "Q52146439", "\u00c9l\u00e9onore Anne de Steuben": "Q108443027", "Louise S\u00e9bastienne Baquoy": "Q53499495", "Jos\u00e9phine Comberousse": "Q81630933", "Natalia Argumosa": "Q26836931", "Delphine Baron": "Q110223005", "Sarah E. Fuller": "Q124249229", "Marguerite-Marie Chenu": "Q18399756", "\u00c9lise G\u00e9rold": "Q103936833", "C\u00e9lestine Moutet-Chol\u00e9": "Q118959011", "Claire Thomas Duvivier": "Q116851179", "Mary Fornance": "Q108678782", "Marie Louveau-Rouveyre": "Q110940317", "Yuko Watanabe": "Q11562234", "Regina P\u00e9rez Alem\u00e1n": "Q99862104", "Cl\u00e9opha Dosith\u00e9e Pingenet": "Q124515321", "Martha Wenzel": "Q110975130", "Marie-Juliette Aliot-Barbant": "Q50295785", "Henri\u00ebtte van Hove": "Q111369919", "Annie L. Simpson": "Q109491416", "L\u00e9onie Valmon": "Q114010098", "Emy Kindborg": "Q23989516", "Waunita Smith": "Q19802908", "Janet C. Fisher": "Q21458362", "Marie Gautier": "Q75363088", "Alice Desca": "Q85677680", "Anna L\u00f6hr": "Q104867408", "Klara Zeidler": "Q20528626", "Mechthild Czapek-Buschmann": "Q61642865", "Laura E. Lindeman": "Q110954933", "Sabine Hackenschmidt": "Q3460552", "K\u00e4the Hoch": "Q115117259", "Maria Ferr\u00e9s Puig": "Q20101085", "Ellen Louise Dunlap": "Q122542667", "Elisabeth Meyh\u00f6fer": "Q99906567", "Paula Roesler": "Q53865419", "Rolande Emilie Mathilde Waldor de Heusch": "Q109482520", "Margaret Jackson": "Q64860224", "Paula Wimmer": "Q1343516", "Erna von Dobsch\u00fctz": "Q1356141", "Dorothy Vallance-Young": "Q56798419", "Amparo Barazza": "Q125421521", "Lotte B. Prechner": "Q63486145", "Tatjana Nikolajewna Hippius": "Q104705439", "Lucie Valore": "Q3265308", "Patty Willis": "Q112090467", "Hilde Exner": "Q1618205", "Mary Piriou": "Q22704254", "Bernice M. Branson": "Q105090085", "Mabel Meeker Edsall": "Q122542599", "Henriette Paula H\u00e4berlin": "Q78445008", "Suzanne Miller": "Q106512249", "Belle Cramer": "Q97774816", "Caroline Lysaght Yonge": "Q61949182", "Ruby Henty": "Q98429867", "E. J. Dorothy Turner": "Q64869382", "Wilhelmina Catharina Offerhaus-Ankersmit": "Q110036529", "Marian Stevens": "Q112089936", "Hilda Mary Pemberton": "Q21454185", "Maude Gum": "Q110175218", "Valentine Dupr\u00e9": "Q97166160", "Ella Margaret Dwyer": "Q102678628", "Adele Schallenm\u00fcller": "Q104904337", "Ann Marie Brown": "Q122485438", "Suzanne Meunier": "Q18415411", "Jeanne D\u00e9t\u00e9": "Q88092760", "Catalina M\u00f3rtola": "Q47087468", "Grete Tschaplowitz-Seifert": "Q63485909", "Germaine de Roton": "Q59396969", "Zofia Kossuth-Lorecowa": "Q9391779", "Dorothy Hurst Jones": "Q64863457", "Mary Gray": "Q61831087", "Yvonne Bouisset-Mignon": "Q56248631", "Ruth Harris Bohan": "Q52156723", "Louise Ibels": "Q58490507", "Catherine M. Howell": "Q21748828", "\u00c9lisabeth Bardon": "Q51623082", "Lillian Bohl Snider": "Q122542611", "Elizabeth White": "Q19802856", "Stella Lodge La Mond": "Q110083525", "Hedwig Grundmann": "Q64421974", "Nina Gladys Shepherd": "Q122542695", "Rosella Hartman": "Q77325157", "Enid Martin": "Q59346855", "Anna Elizabeth Keener": "Q63485424", "Molly C. Stewart": "Q64869198", "Alice Harold Murphy": "Q52150842", "Bess Bigham Hubbard": "Q52156878", "Madeleine Rouart": "Q20828247", "Violette Milliquet": "Q3560444", "Antoinette Hentz": "Q116859227", "Marianne M. Rohland": "Q94777747", "Jeanne Champillou": "Q3176004", "Elizabeth E. Keefer": "Q108712353", "Nancy Steen": "Q64868911", "Marjory Lydia Gladys Louise Tilsley": "Q64869346", "Loraine Makimson": "Q122542613", "Ruth Haviland Sutton": "Q52156924", "Ida Emilie Adamson": "Q16403365", "Matilde Calvo Rodero": "Q83432331", "Frances Marian Hebert": "Q105090124", "Amy Jones": "Q110083495", "Melly Bachrich": "Q60322370", "Lyubov Kozintseva": "Q16664502", "Margaret Schloemann Frisch": "Q108714668", "Olive Vera Lloyd": "Q64864960", "Nelly ten Have": "Q86735646", "No\u00ebla Le Guiastrennec": "Q3171323", "Ingrid Rietz": "Q28840716", "\u0411\u0443\u0440\u0430-\u041c\u0430\u0446\u0430\u043f\u0443\u0440\u0430 \u0412\u0456\u0440\u0430 \u0406\u0432\u0430\u043d\u0456\u0432\u043d\u0430": "Q12085678", "May Oswald Gilbert": "Q64852890", "Gertrude Freyman": "Q122542631", "Doris Kreindler": "Q21294982", "Minnie Lois Murphy": "Q50356283", "Hartwell Wyse Priest": "Q56547433", "Isabella Walker": "Q109674348", "Louise Lewis Gilbert": "Q107456787", "Annelise Reichmann": "Q18018411", "Marie-Ren\u00e9e Chevallier-Kervern": "Q16945009", "Germaine Ch\u00e9nin-Moselly": "Q3104172", "Elena Borisovna Sachnovskaja": "Q12150824", "Annie Kathleen Hilken": "Q100375848", "Savinienne Tourrette": "Q89271298", "V\u00e9ra Braun": "Q3564202", "F. Wynn Graham": "Q21826268", "Mabel McKibben Farmer": "Q107646028", "Salme Rosalie Riig": "Q17446806", "Pauline Elfriede Leps-Estam": "Q16406312", "Selest Polychroniade": "Q20830609", "Ella M\u00e4tik": "Q20528895", "Julia Ris": "Q85101777", "Salome Trei": "Q12374642", "Steffie Lerch": "Q28531302", "Susanne Engelmann": "Q47698890", "Camilla Birke": "Q80588126", "Gerta Nemenova": "Q4316860", "Stefanija Gebus-Baraneckaja": "Q16170630", "Ilse Englberger": "Q95194710", "Ethleen Palmer": "Q110083507", "Gwenda Marie Jones": "Q64864012", "Blanche Emily Carstenson": "Q122542645", "Irmingard Freyberg": "Q1673038", "Honor\u00e9 Guilbeau Cooke": "Q110016883", "Anna Staritsky": "Q12157356", "Mar\u00eda Pilar Gall\u00e1stegui": "Q65015736", "Ruth Mary Coyle": "Q64153491", "Dorothy Dell Dennison": "Q111686554", "Hildegund von Cosel-Michel": "Q64441034", "Miep de Feijter": "Q110036581", "Germaine Lacaze": "Q19956385", "Zdenka Datheil": "Q108549213", "Mollie Tureske": "Q111746960", "Anna Fiszer": "Q116725496", "Stefania Dretler-Flin": "Q11836342", "Helen Blumenschein": "Q18610806", "Maria Catalina Otero Lamas": "Q77325027", "Montserrat Casanova Puigserinall": "Q96757165", "Dorothy Browdy Kushner": "Q109590497", "Sidoniya Atanasova": "Q12293690", "Liza Foner": "Q110016982", "Irena Nowakowska-Aceda\u0144ska": "Q11713814", "Adrienne Parkes": "Q29995006", "Muriel Metcalfe": "Q56810869", "Blanche Wormald": "Q64877119", "\u00c9liane Petit de La Vill\u00e9on": "Q26237562", "Suzanne Hottier": "Q116859324", "H\u00e9l\u00e8ne Azenor": "Q3788153", "Cl\u00e9anthe (Cl\u00e9ante Carr)": "Q77324816", "Mabel Willard Clapson": "Q64840926", "Olga Siemaszko": "Q16584035", "Mar\u00eda Teresa Toral": "Q18225032", "Aline Gagnaire": "Q2837026", "Lorna Marion Reyburn": "Q64866563", "Isabel Pons": "Q57530107", "Suzanne Runacher": "Q63456882", "Ilse Propf": "Q106257167", "Sibylle Dotti": "Q56884039", "Edith Freeman": "Q56033473", "Phyllis Mary Crowley": "Q64153492", "Hilkka Silvekoski": "Q5490323", "Helen Kasser": "Q85098772", "Halina Laura Siemie\u0144ska": "Q105957503", "Zena Clenny": "Q64840999", "Shirley Staschen": "Q107281268", "Ruth Bess": "Q19802685", "Dinora Doudtchitzky": "Q59195621", "A\u00edda Caballo": "Q10858112", "A. R. de Ycaza": "Q77324771", "Alicia Bell Legg": "Q111824222", "Lou Bertot-Marissal": "Q68010590", "Irene Hannivoort-van Zwanenberg": "Q106693287", "Ilse Leetaru": "Q24285854", "Margaret Reade": "Q55772664", "Ruth Eckstein": "Q77325168", "Alla Lys'ans'ka": "Q12118090", "Lieselotte Einsdorf": "Q107086843", "Nancy Adkin": "Q64153483", "Vera Amaral": "Q10389754", "Carmen Arozena": "Q5752441", "Zelda Bedell": "Q64836054", "Margaret G. Kamarck": "Q21550510", "Karin von Arronet": "Q63092953", "Maria Hiszpa\u0144ska-Neumann": "Q11768897", "Helen Breger": "Q124785232", "Berta M\u00e4ger": "Q16404162", "Anita Burness": "Q56808091", "Clara J. Straight": "Q122542838", "Keeleemeeoomee Samualie": "Q88679774", "Alice Alashuak": "Q99234760", "Edit Wilhelmina Lind\u00e9n-Johansson": "Q24019313", "Eva Stockhaus": "Q24005881", "Annemarie Ladewig": "Q566305", "Britt-Marie Gauffin-Montgomery": "Q26240216", "Eva Limberg": "Q16406654", "Charlotte Howard Porter": "Q111824251", "Loes van der Horst": "Q21601148", "Carme Serra i Cantarell": "Q21547705", "Nola Zirin": "Q105090196", "Vera Bocayuva Mindlin": "Q77325228", "Yvonne Kanayuk": "Q99528926", "Valerie Gwen Wright": "Q27924872", "Siima \u0160kop": "Q12374973", "Lucia Vernarelli": "Q111744213", "Ana Mar\u00eda Moncalvo": "Q23071418", "Ettie Richler Prazoff": "Q81312701", "Helena Scigala": "Q95213221", "Raymonde Dumoulin": "Q3421264", "Stefania Bucholc": "Q9345505", "Janine Kraupe": "Q19802539", "Maj-Britt Jonsson-Tiger": "Q27654688", "Leona Pierce": "Q77325016", "Margaret E. Oaks": "Q71861257", "\u00c9liane Beaupuy-Manciet": "Q23646709", "\u0425\u0432\u043e\u0441\u0442\u0435\u043d\u043a\u043e \u0422\u0435\u0442\u044f\u043d\u0430 \u041e\u043b\u0435\u043a\u0441\u0430\u043d\u0434\u0440\u0456\u0432\u043d\u0430": "Q12167118", "Agnes Hamilton Stanton": "Q64868887", "Tamara Kl\u00edmov\u00e1": "Q12777245", "Gwenda Maude Porteous": "Q64840818", "Elena Urbaitis": "Q12653986", "Elizabeth Quandt": "Q105769814", "Hanna Henriette Brandt": "Q59297632", "Rona Ina Dyer": "Q64852821", "Ninon Lacey": "Q105090218", "Barbara Wilk": "Q107625181", "Edith Cowlishaw": "Q115866099", "Reina Kochashian": "Q79462069", "Eva H\u00f6fner-P\u00f6nicke": "Q1379226", "Luisa Palacios": "Q5984687", "Brigitte Matschinsky-Denninghoff": "Q21470291", "Maria Girona i Benet": "Q11690955", "Louise Kruger": "Q31806265", "Agnes Hahn Brodie": "Q63644032", "Sofiya Karaffa-Korbut": "Q12108605", "Eudice Garmaise": "Q96958842", "Madeleine Audette": "Q78650134", "Marinellia Pirelli": "Q99504601", "Sigrid Lochner": "Q107011540", "Reva Urban": "Q1746894", "Varvara Rodchenko": "Q77325224", "Florencia de Amesti": "Q16493209", "Blanche Brody": "Q124809994", "Helgi Hirv": "Q16405977", "Jarmila \u010cih\u00e1nkov\u00e1": "Q13419834", "Annelies Nelck": "Q22222853", "Helen Soreff": "Q105089946", "Raffaele Leomporri": "Q19802636", "Barbara E. Fumagalli": "Q77324793", "Mar Jean Kettunen": "Q77325036", "Winnie Tuluga": "Q89035066", "Christa Diez": "Q104211864", "Alda Maria Armagni": "Q79460783", "Jean Cohen": "Q79461327", "Iwami Reika": "Q105090227", "Takiko Kimura": "Q11518783", "Juanita (Jean) Exley": "Q55218629", "Esther Boix": "Q16860428", "Helen Mayer Harrison": "Q22671744", "C\u00e9cile Reims": "Q3009780", "Zlatka Dabova": "Q12280532", "Gis\u00e8le Bertrand": "Q116849842", "Phyllis Seltzer": "Q30158505", "Esti Schur": "Q79461056", "Barbara Aubin": "Q19802524", "Aline Feldman": "Q63533208", "Am\u00e8lia Riera": "Q19594393", "Silvi V\u00e4ljal": "Q16324049", "\u041d\u0430\u0434\u0435\u0436\u0434\u0430 \u041b\u043e\u043f\u0443\u0445\u043e\u0432\u0430": "Q12118436", "Carla Daalderop-Bruggeman": "Q2346813", "Vive Tolli": "Q12378791", "Elisabeth Geraghty": "Q78359339", "Ang\u00e8le Beaudry": "Q85959275", "Judith Shahn": "Q56547134", "Gloria Cortella": "Q77324887", "Lea Kleiner": "Q77325006", "Agathe B\u00f6ttcher": "Q101473664", "Virginia Ingram": "Q108897047", "Audrey Grendahl Kuhn": "Q112609005", "Marion Kopperud": "Q16595503", "Isabel Echarri": "Q23926208", "Mariella Scherling Elia": "Q95199866", "Ursula Spinner-Cerutti": "Q95205791", "Nono Reinhold": "Q65178777", "Solange Legendre": "Q87275058", "Alicia Vejarano": "Q30163965", "Rosemarie Rataiczyk": "Q94415792", "Tokudo Shishido": "Q16266346", "Ann Carter Pollard": "Q108480110", "Wanda Miller Matthews": "Q108897045", "Audrey Hemenway": "Q114223106", "Danuta Konwicka": "Q9201676", "Maria Assumpci\u00f3 Ravent\u00f3s i Torras": "Q977309", "Gerlinde Beck": "Q1513737", "Maret Olvet": "Q29419945", "Ruth Tulving": "Q12374353", "Anne Severs": "Q56641757", "Cynthia Knapton": "Q108712245", "Nancy Salome Sanford": "Q100240479", "Yvonne Kracht": "Q2052851", "Hanna Musiolek": "Q67153381", "Eleanor Dickinson": "Q107166943", "Zsuzsa Szenes": "Q1296156", "Shirley Wales": "Q78940576", "Jacqueline Oyex": "Q3157775", "Maria Pini\u0144ska-Bere\u015b": "Q11769087", "Mariya Apostolova": "Q25480623", "Mich\u00e8le Andal": "Q27665432", "R\u00e9gine Lh\u00e9ritier": "Q55722311", "Lise Lacroix-Rochon": "Q65563012", "Suzanne Reid": "Q75326596", "Monique Duguay": "Q81936530", "Elettra Metallin\u00f2": "Q117661321", "Gabriella Benedini": "Q63109284", "Patricia Renick": "Q110280849", "Nel Verhoeven": "Q27056977", "Anita Ermala": "Q29419022", "Gracia Melanson": "Q124827114", "Renate Totzke-Israel": "Q96077149", "Jadwiga Krawczyk-Halicka": "Q11715913", "Evi Tihemets": "Q12362516", "Kay Metz": "Q108526294", "Lisbet Lund": "Q60146919", "Eleanor Magid": "Q100240016", "Hanne Greaver": "Q110111272", "Ethelyn Honig": "Q55218984", "Eleanor Rappe": "Q108553843", "Magda Soliz French": "Q117320078", "Yvonne Schach-Duc": "Q3574224", "Silvia Liiberg": "Q24285848", "Anna Maria Bartolini": "Q28971564", "Reiko Itsuki": "Q63607945", "Gudrun Wassermann": "Q95194869", "Patricia Jean Burg": "Q105090289", "Inge Jastram": "Q1662779", "Marika Voss": "Q100378542", "Gita Teearu": "Q12363006", "\u00d5nne Eelma": "Q98122426", "Nicole Qu\u00e9tin": "Q47092679", "Romany Eveleigh": "Q106191809", "Teresa Cu\u00e9llar": "Q6142541", "Louise Belzile": "Q79064705", "Jacqueline Plante": "Q84081603", "Towkie Karpik": "Q90298505", "Barbara Jean Apel": "Q94355380", "Christine Wahl": "Q95196190", "Lucie L. Bourassa": "Q96587823", "Devorah Boxer": "Q98947093", "Leah De Prizio": "Q55219655", "Kirsti Rista": "Q55761822", "Sabra Field": "Q108643685", "Gilda Hern\u00e1ndez": "Q41545802", "Maria Bonomi": "Q10325755", "Elle Tikerp\u00e4e": "Q16406961", "Constance Cimon": "Q88389143", "Effie Angali'taaq Arnaluaq": "Q95880432", "Esther Gonz\u00e1lez": "Q115618318", "Ingrid Goltzsche-Schwarz": "Q99529441", "Lore Bert": "Q1869931", "Virginia Evans Smit": "Q115732122", "Margaret West": "Q98151113", "Shirley Raphael": "Q78087724", "Sue Rusk": "Q94770869", "Wil Korrelboom": "Q41303817", "Eva M\u00fccke": "Q66312126", "Alicia Orlandi": "Q77324783", "Gudrun Br\u00f6chler-Neumann": "Q104817077", "Kumi Korf": "Q106308156", "Lore Heuermann": "Q1515014", "Jo\u00eblle Serve": "Q109779126", "Chantal de La Chauviniere-Riant": "Q115116428", "H\u00e9l\u00e8ne Richard": "Q77829517", "May Angeli": "Q87349695", "Cecile Elstein": "Q106613297", "Aria Komianou": "Q108592139", "Ellen Peckham": "Q109888425", "Karina Raeck": "Q19963799", "Helen Ottaway": "Q21550363", "Nancy Reitkopf": "Q77325068", "Penelope Bennett": "Q77325117", "Helga Thomson": "Q117320115", "Concordia Klar": "Q12360662", "Noelle Palmer": "Q56808036", "Suzanne Hodes": "Q19802839", "Gail English": "Q43129997", "Barbara Tucholke": "Q84433925", "Caren Heft": "Q106319450", "June Ahrens": "Q108173113", "Margaret Ahrens Sahlstrand": "Q108714661", "Katherine Kadish": "Q108897468", "Maggy Willemsen": "Q108615682", "Isolde Hamm": "Q94774296", "Hannelore Neumann-Tachilzik": "Q105966538", "Lilli Engel": "Q22807074", "Abby Jane Goell": "Q54165827", "Beverly Henderson West": "Q105834321", "Roeli Strijk": "Q110317601", "Jarmila Kubi\u010dkov\u00e1": "Q112541038", "Odette Drapeau": "Q3349181", "Brigitte Radecki": "Q59779251", "Angampa Martin": "Q66793705", "Michelle Daudelin": "Q75115449", "Georgine Saint-Laurent": "Q77849180", "Francine Beauvais": "Q79064215", "Pnina Gagnon": "Q89047482", "Claire Ostiguy": "Q93774019", "Roswitha Doennges": "Q95202488", "Eva Ohlow": "Q97143519", "Noriko Yanagisawa": "Q11534470", "Susan Hambleton": "Q55218869", "Rota Blanck": "Q60831754", "Su Braden": "Q77325194", "Suzanne Harris": "Q97062479", "Suzanne Horvitz": "Q104439501", "Christine St\u00e4ps": "Q100998026", "Gisela Richter": "Q105459284", "Anna Oppermann": "Q562768", "Hendri van der Putten": "Q65178863", "Christina Campbell": "Q15918088", "Barbara Mathews Whitehead": "Q108738034", "Katya Kostova": "Q12282754", "Bep Toscani": "Q106644136", "A.C.H.M. Rademakers": "Q106070467", "Louisette Gauthier-Mitchell": "Q59751009", "Gerda von Flottwell": "Q63213656", "Luma Luma Yunupingu": "Q67130392", "Gilline Tr\u00e2n": "Q79063205", "Anne-Marie G\u00e9linas": "Q80944079", "Cilou Zelkine": "Q81215448", "Patricia Patterson": "Q94536662", "Carla Sanguineti": "Q108549241", "Marlene Scott": "Q111576810", "Mary Kay Stoppert": "Q122403081", "Ba\u0146uta Anc\u0101ne": "Q16352772", "Juliana Consilvio": "Q21550424", "Ulla Vaajakallio": "Q23698928", "Tanya Crothers": "Q124845346", "Hetty Huisman": "Q96947369", "Vaike P\u00e4\u00e4suke": "Q59691015", "Claire Nicole": "Q2975097", "Marianne Grootenboer": "Q97399505", "Marju Mutsu": "Q20528866", "Haya Esther": "Q27990375", "\u0415\u043b\u0435\u043d\u0430 \u0421\u0435\u0440\u0433\u0435\u0435\u0432\u043d\u0430 \u0411\u0435\u0439\u0441\u0435\u043c\u0431\u0438\u043d\u043e\u0432\u0430": "Q12541759", "Christa Jahr": "Q1078080", "Fausta Squatriti": "Q28112060", "Marijke Don": "Q97396157", "\u0414\u0435\u043d\u0438\u0441\u043e\u0432\u0430 \u041d\u0456\u043d\u0430 \u041c\u0438\u0445\u0430\u0439\u043b\u0456\u0432\u043d\u0430": "Q16174608", "Jacoba Bedeaux": "Q19958946", "Brigitte Sillard": "Q21029425", "Sally Anderson": "Q26154073", "Andr\u00e9e Lalibert\u00e9": "Q81935745", "Heide Pawelzik": "Q94410131", "Joan Ross Bloedel": "Q94538075", "Consuelo Vallina": "Q96188039", "Phillis Ideal": "Q105090357", "Diana R. Hansen": "Q105090360", "Angela Colombo": "Q116783995", "Jaquelyn McElroy": "Q19802542", "Diana Hobson": "Q19802739", "Nancy Wolf": "Q21293049", "Elina Vanninen": "Q23698935", "Joyce Schmidt": "Q29033754", "Futzie Nutzle": "Q55219487", "Margareth Toodlik Amarook": "Q82573568", "Delfina Camurati": "Q98687829", "Gabrielle Grosse": "Q122936140", "Pamela Joseph": "Q106319485", "Lenny Schr\u00f6der": "Q41266117", "Christine Chiffrun": "Q2005709", "Katja Oxman": "Q107399561", "Joos Clijsen": "Q57696785", "Lois M. Johnson": "Q107399577", "Carol Kinne": "Q114223289", "Mildred Burton": "Q58692018", "Martha Noah": "Q65930393", "Myrna Brooks Bercovitch": "Q71884663", "Brigitte Potter-M\u00e4l": "Q81209084", "Renate Kr\u00e4tschmer": "Q94115667", "Renate Herter": "Q95195872", "Dorothea Reese-Heim": "Q95196184", "Zoi Alafazou": "Q108642037", "Anne Deguelle": "Q2851049", "Magaretta Goldstein Gilboy": "Q19802840", "Barbara Sandler": "Q22046604", "Tomiyo Sasaki": "Q55219550", "Susanne Schwandt": "Q91091977", "Jane Brettle": "Q98760354", "Anne Rothschild": "Q111264111", "Maaike Alma": "Q106364409", "Naima Neidre": "Q12370837", "Ingrid Kruit": "Q71919547", "Olga Aleksandrovna Volkova": "Q4123384", "Heidemarie Dre\u00dfel": "Q15104378", "Pamela Griffith": "Q69633399", "Suzanne Bloom": "Q97015236", "Denyse Willem": "Q109572341", "Rosa Sir\u00e9 i Cabr\u00e9": "Q11946294", "Claude Stassart-Springer": "Q16266970", "Miriam Sharon": "Q25489869", "\u00c9lisabeth Dupond": "Q81216422", "Lyne Rivard": "Q81933359", "Nancy Lambert": "Q85688840", "Annette Fortt": "Q100250074", "Lisa Collado": "Q105090398", "Marikke Heinz-Hoek": "Q18222229", "Huguette Franco": "Q55218718", "Wendy Meng": "Q55219392", "Jo-Anne Echevarria Myers": "Q106317961", "Irmtraud Klug-Berninger": "Q108549316", "Leena Nylander": "Q16989501", "Cristina Fessler": "Q29892107", "Stina Opitz": "Q4971284", "Ma Prem Els": "Q97396630", "Marjatta Nuoreva": "Q23039277", "Milvi Torim": "Q20650226", "Antonia Talamini": "Q52284058", "Diohante": "Q92328972", "Annie Kope": "Q94797094", "Eileen Neff": "Q106576654", "Wendyn Cadden": "Q108107011", "Carole Simard-Laflamme": "Q2939914", "Isabel Ruiz": "Q19802512", "Marcia Herscovitz": "Q55218922", "Leda Papaconstantinou": "Q62581268", "Marietta Jeschke": "Q95492800", "Susana de Quadros": "Q117260432", "Kristin Ytreberg": "Q17114103", "Agnes Barmettler": "Q16980190", "Jadwiga Smykowska": "Q47016772", "Anke Kuypers": "Q13134610", "Kaisa Puustak": "Q24545594", "Pilar Dolz Mestre": "Q115256108", "Saskia de Boer": "Q28954529", "Irene Buchanan": "Q66827443", "Marje \u00dcksine": "Q17447389", "Sarah Inukpuk": "Q92306372", "Gun Gordillo": "Q4988579", "Joke van Kerkwijk": "Q106693863", "Marlies Lilge": "Q105641945", "Inari Krohn": "Q5478482", "Petra van Harte": "Q97397894", "Doroth\u00e9e Selz": "Q10904907", "Hsiao Li-Hung": "Q64148415", "Sandra Chia": "Q66812870", "Shirley Katz": "Q81208586", "Gemma Forliano": "Q81217319", "H\u00e9l\u00e8ne Laflamme": "Q84082220", "C\u00e9cile Bourgeois": "Q89035129", "Kathleen Walkup": "Q105090413", "Randa Newland": "Q107137425", "Lucille Ricard": "Q108824081", "Elsie Klengenberg": "Q110612883", "Jana Vr\u00e1nkov\u00e1": "Q112388970", "Josette Trepanier": "Q19802599", "Barbara Greul Aschanta": "Q21543648", "Peggy Diggs": "Q55218506", "Lucie Laporte": "Q55670306", "Annegret Heinl": "Q100430393", "Christel Irmscher": "Q1078299", "Magda Lagerwerf": "Q2689740", "Vivien Abrams": "Q109887351", "Meina Schellander": "Q1688219", "\u0411\u04d9\u0442\u0438\u043c\u0430 \u0415\u0441\u043c\u04b1\u0440\u0430\u0442\u049b\u044b\u0437\u044b \u0417\u0430\u0443\u044b\u0440\u0431\u0435\u043a\u043e\u0432\u0430": "Q12537252", "Eun Nim Ro": "Q65178444", "Raya Bodnarchuk": "Q21556364", "Ewa Harley": "Q55390182", "Gerde Ebert": "Q56810787", "Helene Blouin": "Q79065122", "Gabrielle Belz": "Q103820044", "Ellen Zweig": "Q108436263", "Marisel Jimenez": "Q19802941", "Cynthia A. Osborne": "Q108714655", "Rachelle Puryear": "Q112208725", "Etuschka B.": "Q122935665", "Christel Lechner": "Q1078315", "Marcia J. Brookins": "Q116864600", "Mariella Simoni": "Q22237337", "Joan Banach": "Q24067642", "Martine Andernach": "Q29350729", "Drora Dekel": "Q55284156", "Christine Bastien": "Q89039808", "Vicky Tsalamata": "Q94234702", "Deborah Small": "Q94638000", "Johanna Helbling-Felix": "Q95192396", "Petra Liebl-Osborne": "Q95194866", "Suzanne Bellamy": "Q112658315", "Monique Danis-Bastien": "Q113552834", "Izabela Gustowska": "Q11714725", "Marsha Feigin": "Q19802381", "Barbara Chapman": "Q19802534", "Barbara Haddy": "Q19802537", "Elfi Schuselka": "Q51565558", "Madeleine Forcier": "Q55218812", "Nicole Gigu\u00e8re": "Q55219023", "Dina Kahana Gueller": "Q55291907", "Merc\u00e8 Ar\u00e0nega": "Q57399893", "Martha Keller": "Q79461681", "Marianne van den Bergh": "Q108479194", "Marcelle van Bemmel": "Q96986747", "Kate Lohse": "Q123709944", "Fran\u00e7oise Nussbaumer Renner": "Q85100813", "Sophie Bernard": "Q110878904", "Heliane Wiesauer-Reiterer": "Q94638993", "Marjatta Hanhijoki": "Q11880994", "Rosa Torres": "Q58816153", "Marra Lampi": "Q108911954", "Mayumi Hattori": "Q8439476", "Laurel McKenzie": "Q116981046", "Anico Herskovits": "Q106517006", "Maria Strik": "Q97397142", "Nicole Benoit": "Q79064905", "Isabelle Desjardins": "Q88487630", "Andr\u00e9e Leblanc": "Q89040176", "Vana Xenou": "Q93472801", "Eva-Elisabeth Atschko": "Q94276187", "Carla Golder": "Q100250089", "Cathie Ruggie-Saunders": "Q105090440", "Jeanne Wilkinson": "Q105090445", "Nefertiti Goodman": "Q107522653", "Colette Duck": "Q110548706", "Luisa Cunha": "Q114679007", "Jutta Barth": "Q18962412", "Nefertiti": "Q21550581", "Kirsten Hawthorne": "Q55218894", "Barbara Noah": "Q63540153", "Julia Manheim": "Q96961772", "Koos Lina": "Q97396756", "Leonie Bodeving": "Q106619868", "Lam de Wolf": "Q15877673", "Godelieve Smulders": "Q62500520", "Sophie Curtil": "Q63456585", "Eveline Visser": "Q73411896", "Michaela Lesa\u0159ov\u00e1-Roub\u00ed\u010dkov\u00e1": "Q59185785", "Jos\u00e9 Veugen": "Q108476776", "Darcy Gerbarg": "Q108897262", "Ingeborg Strobl": "Q26232108", "Federica G\u00e4rtner": "Q85096592", "Mary Sivuarapik": "Q54806724", "Leonne Hendriksen": "Q97396395", "Marion Strunk": "Q85103376", "Ruth Handschin": "Q85097491", "Wendy Mills": "Q21581046", "Rhonda Zwillinger": "Q24188907", "Judith Rothchild": "Q37629870", "Guig Jost": "Q55196464", "Marianne Cieslik": "Q56233495", "Christiane V\u00e9zina": "Q77884847", "Aline Beaudoin": "Q79052471", "Zdzis\u0142awa Ludwiniak": "Q85173047", "Annie Pitsiulak": "Q87490047", "Colette Gendron": "Q89040573", "Madeleine Wories": "Q89042102", "Elizabeth Dugdale": "Q21550295", "Kristina Segercrantz": "Q23310013", "Pirkko-Liisa Surojegin": "Q23698916", "Ellen Rouppe van der Voort": "Q96988386", "Jennifer M. Berringer": "Q108615645", "Irini Schrijer": "Q125125016", "Fransje Jepkes": "Q106619733", "Kathrin Biffi": "Q85093133", "Janenne Eaton": "Q21996623", "Inge Kudisiim": "Q12364547", "Marieke van der Schaar": "Q108858437", "Atsuko Kato": "Q95196216", "Sirje Eelma": "Q12375094", "Bisa Washington": "Q19802594", "Carol Bretzloff": "Q89617695", "Connie Beckley": "Q94287023", "Ulrike Hoffmann": "Q95192347", "Larry List": "Q110165601", "Outi Markkanen": "Q23039274", "Aulikki Miettinen": "Q23698844", "Monique Lehman": "Q48869889", "Elinor Weise": "Q95651545", "Anna Maria Santolini": "Q106307613", "Margriet Kemper": "Q106314267", "Mia van der Burg": "Q97396075", "Miriam Pi\u00f1a": "Q2735377", "Natalia Chernyshova": "Q12169944", "Eva Bertschinger": "Q85092998", "Joanna Piech-Kalarus": "Q11727491", "Margriet Pijnappels": "Q97397003", "Marie Alloy": "Q3292341", "\u00c1gnes HA\u00e1sz": "Q109545456", "Tine van de Weyer": "Q24702690", "Teresa Peverelli": "Q85101116", "Carmelle Martineau": "Q75774527", "Claude Arseneault": "Q86101080", "Dimitra Siaterli": "Q93889703", "Dominique Lonchampt": "Q94294692", "Karin Hoerler": "Q95196808", "Ingrid Orfali": "Q95202581", "Annette Vahle": "Q111095985", "Evgenia Athanasakou": "Q114071214", "Patricia Collins": "Q19802571", "Christine Bourdette": "Q28052813", "Sister Sheila Flynn": "Q55218704", "Jody Shields": "Q55219780", "P\u00e4ivikki Kallio": "Q55333170", "Sydney Drum": "Q77325198", "Edith Bons": "Q96943917", "Connie Hatch": "Q108897228", "Regine von Chossy": "Q113788157", "Lies de Wolf": "Q73407605", "Y\u014dko Yamamoto": "Q11468998", "Elizabeth Peak": "Q107166947", "Elisabeth Heller": "Q85097703", "J\u00falia Ventura": "Q19802627", "Anne Marie Karlsen": "Q99763186", "Paula van Ameijde": "Q96986603", "Marijke Wijgerinck": "Q108479198", "Yvon Koopman": "Q30321516", "Nies Vooijs": "Q41341012", "Erna Nijman": "Q97396915", "Mieke Schobbe": "Q97397087", "Mariette Flener": "Q16439201", "Catherine Beaugrand": "Q23661788", "Christiane Valcourt": "Q77888987", "Carole Pellerin": "Q82081407", "Evelyn Dufour": "Q82609021", "Mary-No\u00eble Dupuis": "Q95202571", "Katharina Gun Oehlert": "Q95213477", "Anne Beauchemin": "Q106293564", "Peta Cole": "Q106613226", "Krystyna Ziach": "Q21289371", "Mary Modeen": "Q21457753", "Carol Hepper": "Q55218914", "Bronwen Findlay": "Q77324798", "Nomathemba Tana": "Q77325091", "Gisele Amantea": "Q106992425", "Patricia Seznec": "Q116168109", "Ludwika Ogorzelec": "Q11764028", "Marjan Teeuwen": "Q59618177", "Petra Vohland": "Q87286685", "Susan Stewart": "Q58005118", "Christine Candolin": "Q63139183", "Anir Witt": "Q122935719", "Ursula Bohren Magoni": "Q85093439", "Catrin L\u00fcthi K": "Q85099794", "Erna Verlinden": "Q10913484", "Paule Girard": "Q78361722", "Fran\u00e7oise Lavoie": "Q82616110", "Roswitha Josefine Pape": "Q95213574", "Qin Yufen": "Q101580214", "Kendall Buster": "Q104901704", "Mara Held": "Q105090481", "Vickie McJorrow": "Q108131572", "Hiro\u00eb Okubo": "Q110317484", "Dena Schutzer": "Q111584611", "Elsbeth Pluimers": "Q97397016", "Mar\u00eda Elvira Escall\u00f3n": "Q105779202", "Lynn Beldner": "Q115215949", "Maaria Wirkkala": "Q11880404", "Anna Fromchenko": "Q71134189", "Erica Van Horn": "Q79103422", "Lee Eun Young": "Q15877758", "Zaida del R\u00edo": "Q53391265", "Rini Hurkmans": "Q23006548", "Wia van Dijk": "Q2229175", "Ria Pacqu\u00e9e": "Q18225565", "Ditta Ji\u0159i\u010dkov\u00e1": "Q55365680", "Ruth Campau": "Q55256528", "Christiane Ainsley": "Q59829171", "Ursula Haupenthal": "Q78908812", "Madeleine Gouin": "Q81938570", "Lillian Ball": "Q94297610", "Hedi Schw\u00f6bel": "Q95195927", "Mia Hochrein": "Q95205350", "Helle Fr\u00f8sig": "Q95210696", "Pam Debenham": "Q98178311", "Terri Zupanc": "Q105090491", "Carol Weaver": "Q109674387", "Gisela Kleinlein": "Q1527390", "Etsuko Kanaida": "Q11646384", "Grethe Knudsen": "Q19802433", "Anu Vanas": "Q23698932", "Beth B": "Q24631404", "Kristin Aarnes": "Q29510823", "Esther Grinspum": "Q45257146", "Ulrike Nattermuller": "Q55219462", "Antonie Frank Grahamsdaughter": "Q73984219", "Susie Malgokak": "Q82573458", "Greet Verlinden": "Q104386252", "Denise Marika": "Q106318235", "Folake Shoga": "Q115628924", "Caryl Henry": "Q116864682", "Maria Bemelmans": "Q96950055", "Carole Kucharski": "Q85857193", "P\u00e4ivi Lempinen": "Q11889366", "Tiiu Pirsko": "Q12376961", "Genevi\u00e8ve Laplanche": "Q85099371", "Andrea Fisher": "Q52157523", "Tineke van Veen": "Q65178496", "Nicole Taillon": "Q3341128", "Ingrid Dingemans": "Q65178547", "Ruth Obrist": "Q85100896", "Pauline Wiertz": "Q15880598", "Tine Wilde": "Q57515388", "Karola Pezarro": "Q2099193", "Lotte M\u00fcggler": "Q85100552", "Anne-Catherine Van Santen": "Q97002614", "Iris Sara Schiller": "Q104887741", "M\u00e2khi Xenakis": "Q3332009", "Malgorzata Paszko": "Q15970861", "Monica Barki": "Q30936547", "Renate Wolff": "Q73761283", "Marina Makowski": "Q95196198", "Merrill Shatzman": "Q108715903", "Vaso Avramopoulou": "Q114044188", "Rini Tandon": "Q118442048", "Johanna Bartl": "Q1652654", "Ruth Schnell": "Q1670437", "Gill Tyson": "Q21464587", "Johanna Koistinen": "Q60144246", "Gu\u00f0r\u00fan Hr\u00f6nn Ragnarsdott\u00edr": "Q114437342", "Amanda Brown": "Q124527002", "Irena Rosc": "Q124605079", "Marian Smit": "Q108476787", "Dalia Zerachia": "Q55292328", "Ienke Kastelein": "Q97396553", "Mari\u00eblle van den Bergh": "Q96986756", "Karen Atkinson": "Q106992332", "Titia Smit": "Q108476789", "Christine Camenisch": "Q85094439", "Mirjam Janse": "Q98835734", "Catherine Bolle": "Q2941836", "Birgitta Weimer": "Q29479490", "Eeva-Liisa Isomaa": "Q50806488", "Ilana Isehayek": "Q55724528", "Andrea Thema": "Q19834566", "Susan Gamble": "Q30246903", "Aino-Kaarina Pajari": "Q92600835", "Catherine Truman": "Q94425141", "Monika Plattner": "Q95193780", "Maria Fabiola Ungredda": "Q114237118", "Barbara Licha": "Q9165475", "Mary Ristow": "Q19802420", "Jenny Polak": "Q21459087", "Judy McCaig": "Q98765733", "Joke Brouwer": "Q108476813", "Maria Cruz": "Q108477386", "Amy Hauft": "Q108480075", "Kate Kern": "Q108897465", "Ulrike Brandi": "Q1663281", "Clara Saner": "Q85102167", "Maria Roosen": "Q2293097", "Atalia Shachar": "Q55286317", "Ieva Iltnere": "Q55254903", "Claudia K\u00f6lgen": "Q29557677", "Joukje Pees": "Q97396986", "Marie-Antoinette Chiarenza": "Q85094712", "Margita Titlov\u00e1": "Q12035342", "Gunnhild Bakke": "Q55462142", "Dolores Zinny": "Q107629365", "Judith Bartolani": "Q104887726", "Bea de Visser": "Q96944291", "Guda Koster": "Q122936546", "Anke van Westerlaak": "Q21543328", "Ludolfina Smits": "Q73406953", "Anu Juurak": "Q12359454", "Marry Overtoom": "Q97396963", "Fabiana de Barros": "Q16152092", "Maria Lindberg": "Q19610202", "Doris Mademann-Meise": "Q59315383", "\u00c9lisabeth Mathieu": "Q72335220", "Marjon Mudde": "Q86263596", "Manon Otis": "Q87911193", "Marion Krei\u00dfler": "Q95194090", "Cristina Barroso": "Q95195906", "Dina Kotsiou": "Q104034612", "Susan Goldman": "Q109674368", "Trixi Groiss": "Q117383575", "Charly Steiger": "Q1067517", "In\u00e9s Lombardi": "Q1671874", "Rosa Loy": "Q2166457", "Monica Droste": "Q2236742", "Noe Aoki": "Q11661891", "Maileena Kurkinen": "Q23039270", "Carina Diepens": "Q96943785", "Els Snijder": "Q97397561", "Chiara Dynys": "Q97488306", "Nancy Scheinman": "Q106427979", "Lisa Beck": "Q106518996", "Slava Nakovska": "Q108479327", "Arjanne van der Spek": "Q2431835", "Sonja Oudendijk": "Q6132278", "Carolin B\u00f6ckhoff": "Q110318428", "Gabi Wagner": "Q27036594", "Almira Bremec": "Q17402593", "Marian Zult": "Q65178803", "Cisca Bogman": "Q95740755", "Anneke van Breest Smallenburg": "Q108476816", "Gusta Kullberg": "Q29557742", "Monika Brugger": "Q104614651", "Louise Mercure": "Q65600430", "Annette Tucholke": "Q83886839", "Nicolette Brunklaus": "Q94298867", "Doris Frohnapfel": "Q95196031", "Susanne Ruoff": "Q95213656", "Vera Vasek": "Q105090530", "Ulrike Johannsen": "Q105742168", "Kate McLean": "Q122809440", "Andrea Sunder-Plassmann": "Q495125", "Jadwiga Sawicka": "Q16560900", "Nerissa Lea": "Q43133165", "Clara Bonfiglio": "Q65659350", "Margarethe Haberl": "Q99506425", "Fransje Killaars": "Q104300537", "Pamela Harris Lawton": "Q100239951", "Marloes Hoogenstraaten": "Q96987767", "Luzia-Maria Derks": "Q6461301", "Irene Fortuyn": "Q21289134", "Kerstin Franke-Gneu\u00df": "Q1739657", "Jacqueline Verhaagen": "Q97397188", "Iseult Labote": "Q64786451", "Barbara Meyer Cesta": "Q85100290", "Tiina Paju": "Q47522623", "Lucie Duval": "Q124839872", "Anne Romby": "Q90406797", "Hanneke Reijbroek": "Q108476817", "Saskia Meulendijks": "Q56611764", "Margret Wibmer": "Q96944117", "Mirjam de Zeeuw": "Q29552353", "Ina Sok": "Q97397124", "Liesbeth Bik": "Q21014475", "Karin van Dam": "Q29436111", "Marieke van Diemen": "Q18516703", "Antonia Papatzanaki": "Q81415675", "Rhonda Holmes Pwerle": "Q84604679", "Hui Wen": "Q85855015", "Louise Sudell": "Q94377310", "Susan Leopold": "Q94399290", "Carla Jimison": "Q108881363", "Ines Hock": "Q109409315", "Sofia Alexiou": "Q114452973", "Dianna Frid": "Q119518462", "Marie-Ange Guilleminot": "Q3291476", "Frauke Beeck": "Q15270115", "Gisela Romero": "Q19802411", "Rebecca Scott": "Q21465922", "Bruna Esposito": "Q22236729", "Gabriela Machado": "Q65922342", "Sylvia Wagner-Weger": "Q97015474", "Ulrike Hein": "Q27461705", "Kirsi Neuvonen": "Q11871776", "Outi Kirves": "Q18633016", "Connie Dekker": "Q97396123", "Linda Geary": "Q107641336", "Rian van Seeters": "Q97397106", "Sylvie Moreillon": "Q85100473", "Ellen Vomberg": "Q96943732", "Krien Clevis": "Q82570742", "Sandra Derks": "Q24189029", "Annu Vertanen": "Q55394025", "Lizan Freijsen": "Q98073377", "Anna Goos": "Q97399428", "Marja van der Heiden": "Q21544131", "HW Werther": "Q29575272", "Reti Saks": "Q12373868", "Saskia Boelsums": "Q18434892", "Krista Simson": "Q12367560", "Suchan Kinoshita": "Q1320628", "Kriso ten Doornkaat": "Q105267306", "Fran\u00e7oise Quardon": "Q16269722", "Bettina B\u00fcrkle": "Q66386202", "Barbara Wille": "Q87286734", "Sabine-Cornelia Sauermilch": "Q95208896", "Phyllis McGibbon": "Q109674394", "Liliana Moro": "Q3832376", "Dorothea R. Brunhart": "Q19802775", "Nasrin Tabatabai": "Q52771283", "Sigal Primor": "Q55285302", "Irit Hemmo": "Q55286497", "Marjolein de Groen": "Q96944102", "Ans Harte-Vianen": "Q108477857", "Elis Vermeulen": "Q108479228", "Elisabeth Gr\u00fcbl": "Q77717162", "Victorine M\u00fcller": "Q85100635", "Bastienne Kramer": "Q107047951", "Anna van Suchtelen": "Q16069034", "Andrea Gabutti": "Q85096481", "Lia Perjovschi": "Q19802761", "Helga Franz": "Q28858917", "Ida van der Lee": "Q87655106", "Yvonne Dr\u00f6ge Wendel": "Q29575253", "Inga Heam\u00e4gi": "Q97219239", "Manya Vaptsarova": "Q12285861", "Maja Zomer": "Q21295296", "Jacqueline Overberg": "Q97396961", "Jeanne van der Horst": "Q97396444", "Anne van den Bosch": "Q106685360", "Annemarie Nibbering": "Q97399190", "Sanne Danz": "Q29560589", "Margit Rijnaard": "Q97397054", "Philomeen Raemaekers": "Q97397037", "Valerie Soe": "Q108565615", "Klaar van der Lippe": "Q2600781", "Othilia Verdurmen": "Q27893946", "Mariella Mosler": "Q28790924", "Andrea Arroyo": "Q62581283", "Ph\u014dtein\u0113 Stephanid\u0113": "Q95197917", "Marietta Hoferer": "Q95200805", "Frauke Schlitz": "Q95206912", "Mar\u00edlia Maria Mira": "Q96651972", "Farkhondeh Shahroudi": "Q107577227", "Gerlinde Thuma": "Q109012094", "Libby Wadsworth": "Q115108397", "Regina M\u00f6ller": "Q1663686", "Sachiko \u014ci": "Q11432117", "Marta Deskur": "Q18067321", "Elizabeth Newman": "Q21996118", "Alexandra Morizot": "Q43370108", "Annegrete Riebesel": "Q61876798", "Margit J\u00e4schke": "Q96960004", "Ulrike von der Osten": "Q99624777", "Daphne Ritzen": "Q105953959", "Barbara Ehrmann": "Q106774666", "Maja Weyermann": "Q85104186", "Hendrikje K\u00fchne": "Q107273591", "Lie van der Werff": "Q29436139", "Naomi Seki": "Q11324097", "V\u00e9ronique Zussau": "Q63068148", "Dorita Savert": "Q97399386", "Marieke Bolhuis": "Q65178456", "Anne Ferrer": "Q122936102", "Lucia King": "Q97503061", "Jennifer Protas": "Q108477907", "Kadi Kurema": "Q12365970", "Nancy Blum": "Q19802487", "Kathryn Spence": "Q28922822", "Silvia B.": "Q29436315", "Pascale-Antoine Hamet": "Q65923046", "Natsuko Tamba Wyder": "Q83301055", "Uschi Koch": "Q95197145", "Renate Koch": "Q95205636", "Beate Maria W\u00f6rz": "Q95213497", "Evanthia Tsantila": "Q102361284", "Elena Athanasiadou": "Q114073399", "Tani Zisiadou": "Q114093844", "Tessa Garland": "Q117676188", "Isi Kunath": "Q6508285", "Maria Blondeel": "Q22237505", "Carmen Navarrete": "Q55949263", "Anja Schindler": "Q63838182", "Victoria Gil": "Q77325234", "Linda Bilda": "Q105885918", "Anna Schuster": "Q108479273", "Heidi Ochsner": "Q85100901", "Claire Oboussier": "Q5125279", "Virge J\u00f5ekalda": "Q85991767", "Ursula Bachman": "Q85092434", "Anna Amadio": "Q55235575", "Suzan Drummen": "Q24189030", "Marisa Teller\u00eda": "Q21550539", "\u00dclle Marks": "Q124801325", "Eul\u00e0lia Valldosera i Guilera": "Q11921230", "Anke Mensing": "Q97396827", "Margot Berkman": "Q42898027", "Jennifer Dolezel": "Q49875143", "Roula Akalestou": "Q64294696", "Jane Prophet": "Q94363071", "Martha Chiplis": "Q105090559", "Sonia Rueda": "Q108735697", "Tali Navon": "Q111100073", "Jane Ormes": "Q112561734", "Adriana Gonz\u00e1lez Brun": "Q125297706", "Claudia Wissmann": "Q1097891", "Tamara Grcic": "Q1698674", "Lucyna Talejko-Kwiatkowska": "Q11763380", "Inge Riebeek": "Q29556257", "Gudrun Kampl": "Q40056300", "Gun Holmstr\u00f6m": "Q50377574", "Maria-Leena R\u00e4ih\u00e4l\u00e4": "Q95735471", "Sabrina Mezzaqui": "Q97015174", "Gerlinde Helm": "Q99503132", "Marcela Jard\u00f3n": "Q108477941", "D\u00f6rthe B\u00e4umer": "Q113796383", "Annet van Egmond": "Q2263750", "Carole Benzaken": "Q2939868", "Ricky Schouten": "Q108476784", "Sylvie Zijlmans": "Q29436329", "Anne Clement van Vugt": "Q73413625", "Annemarie Roos": "Q97397892", "Noor de Rooy": "Q29560578", "Sonya Spry": "Q106644442", "Fran\u00e7oise P\u00e9trovitch": "Q3086575", "Rotem Reshef": "Q35829668", "Dianne Hagen": "Q97398449", "Bettina Allamoda": "Q94367043", "Sarita Dev": "Q97396132", "Dominique De Beir": "Q23926412", "Christine Hohenb\u00fcchler": "Q28835714", "Irene Hohenb\u00fcchler": "Q28835715", "Anneke Savert": "Q96948617", "No\u00eblle Cuppens": "Q97396105", "Elmyna Bouchard": "Q3051610", "Chus Garc\u00eda Fraile": "Q19863183", "Jacqueline Wachall": "Q54564457", "Julia Neuenhausen": "Q95004254", "Katarina Matiasek": "Q114809746", "Lucia Dellefant": "Q1873211", "Alejandra Riera": "Q2640661", "Henrietta Lehtonen": "Q11862299", "Judith Dean": "Q29553412", "Kirsten Everberg": "Q55218620", "Apolonija \u0160u\u0161ter\u0161i\u010d": "Q59686242", "Siobhan Liddell": "Q63455988", "Jane Bristowe": "Q98761685", "Emma Rushton": "Q98762347", "Isabelle Le Minh": "Q99460381", "Anna Best": "Q108476821", "Karin Stroo": "Q108477061", "Irena W\u00f6lle": "Q124605369", "Katarzyna Betli\u0144ska": "Q21839507", "Annette Lawrence": "Q108480520", "Ly Lestberg": "Q12369158", "Lena S\u00f8eborg": "Q12324244", "Monique Kwist": "Q59697934", "Ren\u00e9e Ridgway": "Q97397654", "Theres Waeckerlin": "Q85103928", "Sylvia Hostettler": "Q85098049", "Katja Kerl": "Q97015213", "Christel Severin": "Q108479994", "Linda van Boven": "Q97398642", "Barbara Wrede": "Q51628295", "Eva Marisaldi": "Q55181401", "Marjan Eggermont": "Q64810233", "Julie Pelletier": "Q82083578", "\u00c1ngela Ram\u00edrez": "Q94421334", "Mikki Muhr": "Q114825468", "Jeanne Verdoux": "Q55219960", "Tanja Widmann": "Q55236457", "Judy Woodborne": "Q77324979", "Shambhavi": "Q77325177", "Anja Sijben": "Q96944503", "Gertrud Neuhaus": "Q99390050", "Lin de Mol": "Q106619928", "Monique Camps": "Q29560543", "Karin Trenkel": "Q65426705", "\u041b\u043e\u043f\u0443\u0445\u043e\u0432\u0430 \u041d\u0430\u0442\u0430\u043b\u0456\u044f \u041e\u043b\u0435\u043a\u0441\u0430\u043d\u0434\u0440\u0456\u0432\u043d\u0430": "Q55107816", "Edit Oderbolz": "Q85100905", "Klementina Golija": "Q12793726", "Sylvia Scholtens": "Q97398386", "Annemarie Bleeker": "Q96986834", "Birgit Huebner": "Q865246", "El\u017cbieta Wasiuczy\u0144ska": "Q11696774", "Sofia Kapnissi": "Q122936534", "Caroline Agelink": "Q96986583", "\u0160t\u011bp\u00e1nka \u0160imlov\u00e1": "Q95137997", "Ninamaria du Pr\u00e9": "Q97397495", "Kristina Leko": "Q12634914", "Silvia Buonvicini": "Q52626362", "Marte Aas": "Q38105800", "Gerda Steiner": "Q19838203", "Karin van Pinxteren": "Q20978399", "Gunda F\u00f6rster": "Q29898087", "Merav Tzur": "Q55285334", "Antje Schiffers": "Q61627513", "Maro Michalakakou": "Q93420409", "Mirjam Kuitenbrouwer": "Q94352093", "Debora Hirsch": "Q94428551", "Christel Fetzer": "Q124003684", "Pnina Shalvi": "Q124302329", "Breda Su\u0161a": "Q124605238", "Dorit Margreiter": "Q1245386", "Katharina Hinsberg": "Q6482028", "Akemi Ohira": "Q21297016", "Nika \u0160pan": "Q59685997", "Tamar Guimar\u00e3es": "Q63521349", "Karin Sloots": "Q97397591", "Natacha Nisic": "Q97907876", "Petra Sterry": "Q99499532", "Silvina der Meguerditchian": "Q108477122", "Sabina H\u00f6rtner": "Q113954981", "Dorothee Berkenheger": "Q122935099", "Joanna Jung": "Q11727424", "Sabrina Lindemann": "Q108476774", "Katharina Struber": "Q55311850", "Karin Arink": "Q29436110", "Ma\u00eflys Seydoux-Dumas": "Q97941215", "Anal\u00eda Segal": "Q94427621", "Paulien Dresscher": "Q108476781", "Diana Quinby": "Q3026152", "Bianca Runge": "Q21543764", "Ricarda Denzer": "Q114591634", "Cora Roorda van Eijsinga": "Q97398382", "Mona Vatamanu": "Q28777081", "Klaudia Stoll": "Q54564428", "Carmen M\u00f6rsch": "Q61456489", "Anja Luithle": "Q95207328", "Eline Ouwendijk": "Q96991407", "Neta Goren": "Q123314086", "Yukiko Baba": "Q11667902", "Natasja Boezem": "Q29560486", "Melanie Jackson": "Q55188571", "Effi B. Rolfs": "Q61940021", "Sigrun Gudbrandsdottir": "Q99075016", "Agniet Meyerman": "Q108476870", "Judith Ivens": "Q97396482", "Dina Shenhav": "Q55286393", "Wiebke Bartsch": "Q54304504", "Nadja Bev\u010dar": "Q12797234", "Eug\u00e9nie Krikhaar": "Q97396679", "Kate\u0159ina Vincourov\u00e1": "Q95076734", "Zilla Leutenegger": "Q55181095", "Ingeborg Meulendijks": "Q97397380", "Yael Davids": "Q29552061", "Astrid Krogh": "Q17100384", "Delilah Freddy Puruntatameri": "Q84496254", "Kirsten Reynolds": "Q6416112", "Margreet Bulthuis": "Q108479207", "Marianna Dellekamp": "Q78377971", "Sibylle Feucht": "Q29479494", "Astrid Busch": "Q116923866", "Karen Murphy": "Q121280698", "Christine Clinckx": "Q21637332", "Shirley Wegner": "Q55294081", "Gabriele Horndasch": "Q95189201", "Gabriele K\u00fcnne": "Q95196742", "J. Suzanne Powney": "Q105090580", "Vanessa Van Obberghen": "Q117797882", "Judith Hopf": "Q1522652", "Julia Wegat": "Q1711932", "Olga Diego": "Q55987471", "Christelle Le Guen": "Q63241890", "Agnieszka Dobosz": "Q70818806", "Lee B\u00f6hm": "Q75971704", "Simone Zacharias": "Q91015560", "Suska Mackert": "Q96961680", "Sara Blokland": "Q97398872", "Cinthya Soto": "Q99476861", "Balva Rotem": "Q108477278", "Iku Dekune": "Q11395515", "Maria Pask": "Q97399202", "Lise Haller Baggesen": "Q29560414", "Sibylla Walpen": "Q88712145", "Lonnie van Brummelen": "Q29557244", "Sylvie Vandenhoucke": "Q107076758", "Verele Vorstman": "Q97399214", "Monika Grzymala": "Q23879477", "Mar\u00eda Ver\u00f3nica Le\u00f3n": "Q24951191", "Red Vaughan Tremmel": "Q63080010", "Katie Grinnan": "Q94400571", "Rie Hasegawa": "Q105977922", "Aleksandra Sa\u0161ka Gruden": "Q124662271", "Suse Weber": "Q2369617", "Tomoko Take": "Q29560491", "Kumi Machida": "Q38112225", "Ma\u0142gorzata Chomicz": "Q60836180", "Lina Theodorou": "Q99038483", "Marjolijn van der Meij": "Q108476983", "Laura van Eeden": "Q108480288", "Birgit Szepanski": "Q113717411", "Meike D\u00f6lp": "Q113804055", "Stefanie K\u00fchl": "Q104534820", "Germaine Kruip": "Q29574213", "Eva Krause": "Q28147471", "Su Tomesen": "Q57305595", "Diana Ramaekers": "Q29574187", "Chantal Grard": "Q22235995", "Eveline Feldmann": "Q96186060", "Ewa Gordon": "Q9256664", "Claire Healy": "Q87238962", "Nina Rhode": "Q95189187", "Nicole Heidel": "Q95210023", "Sandra Kranich": "Q95210147", "Heather Muise": "Q105207516", "Gal Kinan": "Q111363360", "Beatriz Monteavaro": "Q123139906", "Anke Becker": "Q124022504", "Susanne Kutter": "Q1534120", "Agnieszka Kalinowska": "Q9142284", "Aleksandra Janik": "Q9146539", "Dorota Buczkowska": "Q9210146", "Druvinka Madawela": "Q19802800", "Amy O'Neill": "Q55155675", "Liesbeth Raeven": "Q65038017", "Angelique Raeven": "Q65038018", "Tamara Nickel": "Q67203384", "Giselle Baillie": "Q77324883", "Sophie Smallhorn": "Q98761566", "Muriel Kerba": "Q99459746", "Ulrike Br\u00fcckner": "Q101107216", "Barbara Polderman": "Q106314001", "Tamara Dees": "Q108477134", "Katharina D Martin": "Q108477715", "Daphna Weinstein": "Q113797585", "Marjan Laaper": "Q108476904", "Denisa Lehock\u00e1": "Q51566186", "Tatjana Marusic": "Q85100022", "Reem A. Hassan": "Q46999083", "Karla Solano": "Q29043569", "Julita W\u00f3jcik": "Q11729218", "Vera Weisgerber": "Q16440291", "Brigitte Spiegeler": "Q108477839", "Jannie Regnerus": "Q18093400", "Iwona Zaj\u0105c": "Q19268038", "Lianne de Lepper": "Q42398817", "Una Henry": "Q29553385", "Sofia Hult\u00e9n": "Q19005100", "Nevin Alada\u011f": "Q55236256", "Shio Kusaka": "Q72847435", "Amalia Barboza": "Q95196146", "Kerstin Schaefer": "Q95201662", "Patricija Gilyte": "Q95210172", "Katherine McCanless Ruffin": "Q105090588", "Diana Sudyka": "Q105090591", "Inge Nabuurs": "Q106915890", "Jasmine Justice": "Q107369092", "Yukako Ando": "Q109577788", "Rania Fragkoulidou": "Q114240051", "Yumiko Sat\u014d": "Q11384259", "Sandile Goje": "Q26252910", "Simona Denicolai": "Q52489747", "Tao G. Vrhovec Sambolec": "Q65718103", "Diann Bauer": "Q87746053", "Marieke de Jong": "Q96945174", "Katharina Weish\u00e4upl": "Q108477426", "Helgi Kristinsson": "Q108479358", "Barbara Wijnveld": "Q2442839", "Monika von Aarburg": "Q85091872", "Paloma Jim\u00e9nez Parejo": "Q5841152", "Agata Zwierzynska": "Q29552071", "Sabina Lang": "Q27230364", "Renate Oblak": "Q114832718", "Wioletta Sowa": "Q16615545", "Ina Loitzl": "Q1660849", "Risk Hazekamp": "Q65178614", "Brigitta B\u00f6denauer": "Q114568511", "Ulrike M\u00f6schel": "Q106750424", "Piia Ruber": "Q12372409", "Clara Williams": "Q107626447", "Marianne Engel": "Q55236173", "Emi Sat\u014d": "Q11384017", "Johanna Pihlajamaa": "Q11866670", "Jennifer Tee": "Q21469874", "Synne T. Bull": "Q24575547", "Regine Herzog": "Q36882917", "Echo Ho": "Q95192201", "Effie Wu": "Q95193807", "Isabel Rei\u00df": "Q95210238", "Mouna Jemal Siala": "Q112822422", "Claudia Wieser": "Q1097879", "Ry\u014dko Aoki": "Q2178384", "Katleen Vermeir": "Q22237641", "Laura d' Ors": "Q29551767", "C\u00e9line Berger": "Q55235682", "Liset Castillo": "Q56869802", "Amparo Sard": "Q65992452", "Irina Matthes": "Q99386894", "Pernille Kapper Williams": "Q105663829", "Gam Bodenhausen": "Q107386298", "Dorota Sadovsk\u00e1": "Q51175868", "Maril\u00e1 Dardot": "Q57525110", "Cristina Lucas": "Q19863320", "Sigr\u00fan Hr\u00f3lfsd\u00f3ttir": "Q114418465", "Arianna Carossa": "Q107657614", "Selina Trepp": "Q85103579", "Carmen Hutting": "Q108480024", "Jacqueline Jurt": "Q85098652", "Piia Lehti": "Q28922115", "Colombe Marcasiano": "Q22236117", "Jennifer Allora": "Q22259902", "Anna Barham": "Q27982831", "Vlatka Horvat": "Q52634850", "Ruth Robbins": "Q63080051", "Koo Donghee": "Q100255645", "Claudia Trinker": "Q117204373", "Beata Joutsen": "Q11853990", "Kata Legrady": "Q15823182", "Katharina Gaenssler": "Q17576720", "Andisheh Avini": "Q43126920", "Sophie Nys": "Q51231282", "Gabisile Nkosi": "Q77324862", "Marissa Evers": "Q97398922", "Eva Berendes": "Q99388595", "Isabelle Cornaro": "Q55235943", "Hanna Gill-Pi\u0105tek": "Q19267935", "Ylva Ogland": "Q4970806", "Eunkang Koh": "Q62578760", "Naomi Del Vecchio": "Q29937279", "Petra Valentov\u00e1": "Q95459625", "Onno van Eijk": "Q108480125", "Lembe Ruben": "Q16407272", "Anetta Mona Chisa": "Q9154460", "Gabriela Oberkofler": "Q21062440", "Jamie Isenstein": "Q21534181", "Klara Hobza": "Q55236076", "Anna Galtarossa": "Q94497893", "Hanna Schwarz": "Q95201614", "Katrin Str\u00f6bel": "Q95204374", "Seher Shah": "Q27982938", "Caroline Coolen": "Q29575379", "Nina Beier": "Q55236276", "Yifat Bezalel": "Q55293288", "Nienke Klunder": "Q96988114", "Marcha van den Hurk": "Q97398002", "Peggy Meinfelder": "Q99390529", "Jenny Michel": "Q99395295", "Kaisu Koski": "Q108477391", "Yvette Teeuwen": "Q108477057", "Una Szeemann": "Q85103425", "Anna Borgman": "Q113794116", "Eylem Alado\u011fan": "Q21468754", "Nadia Naveau": "Q22236159", "Natalia Stachon": "Q29582640", "Kate Carr": "Q64786187", "Joey Fauerso": "Q94502319", "Sarah McCoy": "Q105090613", "Itziar Barrio": "Q107245202", "Ingrid Simons": "Q110318830", "Borjana Ventzislavova": "Q117206685", "Christina Pettersson": "Q123166511", "Aleksandra Went": "Q9146707", "Vesna Opavski": "Q20434635", "Chiaki Kamikawa": "Q29422037", "Claire Harvey": "Q29556852", "Ernestine White": "Q77324844", "Alexandra Leykauf": "Q98478762", "Kitty Kraus": "Q99394797", "Laetitia Bourget": "Q108477731", "Cindy Moorman": "Q107386290", "Sandra K\u00fchne": "Q85099238", "Judy van Luyk": "Q96987656", "Marge Monko": "Q29877057", "Dunja Herzog": "Q85097805", "Stefanie Busch": "Q95197758", "Hajnalka Tarr": "Q106778793", "Nienke Eijsink": "Q115254896", "Judit Hettema": "Q2197908", "Sara Sejin Chang": "Q29553444", "Sema Bekirovic": "Q65426927", "Rebekah Frank": "Q96958231", "Gabriela Vanga": "Q97015453", "Sonia Leimer": "Q99506985", "Yin-Ju Chen": "Q106916739", "Bat Sheva Ross": "Q108477198", "Sookoon Ang": "Q108477502", "Franzis Wiese": "Q108479367", "Mirjana Batini\u0107": "Q124655977", "Lucia Tk\u00e1\u010dov\u00e1": "Q11763241", "Marzena Nowak": "Q11770974", "Esther Verkaik": "Q108477042", "Karin Hueber": "Q85098158", "Michaela-ela": "Q109968679", "Monika Zawadzki": "Q11785178", "Angelika Markul": "Q9154537", "Kaija Kesa": "Q12366064", "Marlene Haring": "Q39389480", "Mirjam Thomann": "Q55265399", "Stephanie L\u00fcning": "Q55443819", "Franziska G\u00fcttler": "Q58642762", "Veronique La Perriere M.": "Q63677702", "Hannah Heilmann": "Q85951613", "Ana Santos": "Q94532352", "Helene Sommer": "Q95202735", "Salla Kuhmo": "Q95210282", "Erin Salter": "Q105090626", "Emmeline de Mooij": "Q123401595", "Ute Muller": "Q21462175", "Michele Matyn": "Q22237578", "Falke Pisano": "Q29553526", "Sachi Miyachi": "Q29575147", "Stephanie Binding": "Q87195457", "Anawana Haloba": "Q97626087", "Heidi Linck": "Q106364329", "Jesse Jones": "Q108477308", "Christelle Gualdi": "Q108477388", "Lisa van Bommel": "Q108477486", "Francesca de Rubeis": "Q108477873", "Jona Hlif Halldorsdottir": "Q108477957", "Mette van Essen": "Q108477389", "Toril Johannessen": "Q17097855", "Verena Resch": "Q117186094", "Yehudit Mizrahi": "Q52635911", "Ivana Adaime-Makac": "Q108477828", "Elise Florenty": "Q55235784", "Alexandra Navratil": "Q55235540", "Sara Mas\u00fcger": "Q85100037", "Marion Ritzmann": "Q85101813", "Anna Owczarz-Dadan": "Q9155542", "Analeine Cal y Mayor": "Q18713356", "Iranidis Fundora Alonso": "Q52635908", "Barbara Caspar": "Q95204205", "Jenny Gill": "Q105090636", "Ma\u0142gorzata Markiewicz": "Q105962735", "Kanako Watanabe": "Q124097379", "Micol Assa\u00ebl": "Q18521749", "Manah Depauw": "Q19629886", "Anisa Ashkar": "Q20022743", "Georgia Sagri": "Q55235879", "Tamar Harpaz": "Q55293649", "Renate Spee": "Q96987917", "Ruchama Noorda": "Q96988828", "Michelle Williams Gamaker": "Q105523384", "Richtje Reinsma": "Q108477499", "Kristina Kersa": "Q108477835", "Leigh Craven": "Q102061202", "Marjolijn de Wit": "Q29556643", "Maria Loboda": "Q55236172", "Jeong Geumhyung": "Q21030266", "Evamaria Schaller": "Q23688664", "Barbara Wolff": "Q95187456", "Isabell Kamp": "Q95208852", "Mekhala Bahl": "Q102060678", "Kathleen O'Connell": "Q105090643", "Alicja Bielawska": "Q106778814", "Tiffany Pollack": "Q110318677", "Vanessa Wairata Edwards": "Q111957165", "Sanela Jahi\u0107": "Q113956923", "Vanta Mauroidi": "Q114289153", "Crystal Campbell": "Q28860572", "Gwenneth Boelens": "Q29422186", "Eden Bannet": "Q55293474", "Nicky Assmann": "Q101245548", "Lieke Snellen": "Q108477585", "Sigrun Gudmundsd\u00f3ttir": "Q108477740", "Eloise Fornieles": "Q108480291", "Matilde Cassani": "Q113828482", "Esther Kempf": "Q55235809", "Vanessa Safavi": "Q85102108", "Anna\u00efk Lou Pitteloud": "Q85101226", "Seline Baumgartner": "Q85092759", "Ilmi Laur-Paist": "Q12364424", "Nina Ko\u010dar": "Q124634477", "Zhanna Kadyrova": "Q4207415", "Esther Kl\u00e4s": "Q51481186", "Hadassa Goldvicht": "Q55294099", "Marie-France Tremblay": "Q87837041", "Natalie Obert": "Q95192400", "Lilli Kuschel": "Q95201894", "Anna Witt": "Q103825857", "Iris Touliatou": "Q104430271", "Marleen Andreev": "Q106616913", "Nina Yuen": "Q106619958", "Aurora de Armendi": "Q108758793", "Kelly Sinnapah Mary": "Q116985822", "Li Shurui": "Q21289386", "Tove Storch": "Q22237350", "Melissa Gordon": "Q29556491", "Verena Dengler": "Q99508321", "Ylva Trapp": "Q108477282", "\u0410\u043d\u0430 \u041c\u0430\u0440\u0438\u043d\u043e\u0432\u0438\u045b": "Q20437429", "Magali Reus": "Q21948490", "Ada Van Hoorebeke": "Q55235523", "Julia Wei\u00dfenberg": "Q95189162", "Rizki Resa Utama": "Q95197153", "Annie Herlocker": "Q105090649", "Emma Nishimura": "Q106026973", "Flaka Haliti": "Q111729674", "Simona Obholzer": "Q114832565", "Cris Tufi\u00f1o": "Q118541230", "Sholeh Asgary": "Q121295301", "Julia Charlotte Richter": "Q19287206", "Anna Niederbremer": "Q29554486", "Veridiana Zurita": "Q52615778", "Aim\u00e9e Zito Lema": "Q55235536", "Hana Miletic": "Q55235902", "Marilia Furman": "Q82683500", "Lotte Reimann": "Q106314261", "Chrysa Chouliara": "Q108476996", "Alexandrine Lecl\u00e8re": "Q108477733", "Jay Tan": "Q108479269", "Saskia Noor van Imhoff": "Q29575438", "Tereza Sochorov\u00e1": "Q95216886", "Julia Steiner": "Q68991533", "\u0414\u0430\u043b\u0438\u0434\u0430 \u0414\u0443\u043b\u0430\u0442\u049b\u044b\u0437\u044b \u04d8\u043b\u0438\u0435\u0432\u0430": "Q12539907", "Selina Peterson": "Q58820216", "Angelika Wischermann": "Q68769750", "Carola Keitel": "Q95186025", "Yalda Afsah": "Q95205174", "Marian Tubbs": "Q108380002", "Kai Altmann": "Q109984843", "Bertille Bak": "Q2899375", "No\u00e9mie Doge": "Q3345722", "Marie Harnett": "Q55218884", "Cammie Staros": "Q107436893", "Iqra Tanveer": "Q108477314", "Anne Huijnen": "Q108477428", "Iris Tenkink": "Q108477713", "Luiza Margan": "Q124653523", "Leonie Janse": "Q108479318", "Elise van der Linden": "Q108479348", "Maria Majka Boguszewska": "Q11768746", "Efstratia Machairidi": "Q114223092", "Susanna Inglada": "Q111363357", "Nika Korsi\u010d": "Q28944499", "Annika Kahrs": "Q47486976", "Ines Wuttke": "Q95186027", "Gizela Mickiewicz": "Q106778822", "Julia Kurek": "Q123145864", "Fiene Scharp": "Q1411627", "Ruta Butkute": "Q52626403", "Manya Kuzemchenko": "Q55219179", "St\u00e9phanie Roland": "Q55236434", "Katarzyna Przezwa\u0144ska": "Q60837221", "Maria Walcher": "Q104806020", "Susanne Khalil Yusef": "Q106314382", "Funda G\u00fcl \u00d6zcan": "Q108477317", "Bitsy Knox": "Q108479265", "Malou van der Molen": "Q122936220", "Pila Rusjan": "Q124662486", "Tala Lumbar": "Q104155929", "Petra K\u00fchnle": "Q108476990", "Katar\u00edna Hl\u00e1dekov\u00e1": "Q51561655", "\u017daneta Lichtenbergov\u00e1": "Q95434479", "Lilian Kreutzberger": "Q21723064", "Annika Reed": "Q107303822", "Miwa Komatsu": "Q11461236", "Caroline Wells Chandler": "Q32631832", "Anike Joyce Sadiq": "Q95186026", "Sanna Reitz": "Q95191425", "Xenia Lesniewski": "Q95213938", "\u0408\u0435\u043b\u0435\u043d\u0430 \u0414\u0430\u043c\u045a\u0430\u043d\u043e\u0432\u0438\u045b": "Q25459357", "Aya Haidar": "Q98760575", "Marijn Ottenhof": "Q108476956", "Tejka Pezdirc": "Q125449834", "Esther Mathis": "Q85100041", "Aleksandra Zalokar": "Q45731226", "Tanja Ritterbex": "Q29552534", "Ne\u017ea Jurman": "Q124662336", "Delia J\u00fcrgens": "Q26701456", "Sissel Marie Tonn": "Q29575150", "Christie Neptune": "Q43387532", "Gelare Khoshgozaran": "Q110861876", "Silvia Bakker": "Q108477418", "Kitti Gosztola": "Q111431133", "Angelina Probst": "Q534934", "Betty Rieckmann": "Q95197490", "Sveta Shuvaeva": "Q55101955", "Sung Tieu": "Q95198667", "Alisa Berger": "Q95204439", "Lara Monica Costa": "Q57547924", "Liina Loper": "Q24545472", "Rosa Sijben": "Q20638947", "Lena Daems": "Q52484398", "Felicity Hammond": "Q95190426", "Lisa Kohl": "Q124815548", "Katinka van Gorkum": "Q108477384", "Susan Kooi": "Q108477460", "\u0421\u0443\u043f\u0440\u0443\u043d \u041e\u043b\u044c\u0433\u0430 \u041e\u043b\u0435\u0433\u0456\u0432\u043d\u0430": "Q16718632", "Kata Tranker": "Q106778797", "Charlotte Lagro": "Q29556930", "Martha Tuttle": "Q77325044", "Anne Kolbe": "Q108477302", "Katharina Zanon": "Q114330176", "Temra Pavlovi\u0107": "Q108477300", "Sydney Cain": "Q43388158", "Flo Wilson": "Q117012145", "Suzie van Staaveren": "Q46999200", "Vera Gulikers": "Q46999217", "Sanne Vaassen": "Q19587898", "Szilvia Bolla": "Q106778758", "Petra.Preta": "Q123492476", "Hana Fujimoto": "Q110099418", "Lea Culetto": "Q124655997", "Teresa G\u00f3mez": "Q78781844", "Christine Splitgerber": "Q1083798", "Tomoko Mukaiyama": "Q2618739", "Anj\u012b Yamamura": "Q11469451", "Tomomi Suzuki": "Q11648938", "Allyn Massey": "Q19802407", "Ann Kresge": "Q19802440", "Hannelore Nenning-Bodner": "Q19802448", "Beth Grabowski": "Q19802578", "Pen Dalton": "Q19802590", "Rebecca Alston": "Q19802639", "Christel Drey-Fuchs": "Q19802667", "Debbie Brod": "Q19802724", "Lucinda Smith Wakefield": "Q19802816", "Susan Haas": "Q19802823", "Margaretha Bull": "Q19802880", "Margery S. Amdur": "Q19802883", "Ana Milosavljevi\u0107": "Q20437684", "Jasmina Jovancic-Vidakovic": "Q20525242", "Maja Frankovic": "Q20525366", "Elly van Baalen": "Q21544608", "Diane Stemper": "Q21550281", "Niki Schumann": "Q21550588", "Victoria Franklin-Dillon": "Q21550695", "Linda Samson-Talleur": "Q21556380", "Jasmine Murrell": "Q28871735", "Antoinette Gutter": "Q29554554", "Iona Hoogenberk": "Q29556230", "Andrea Juan": "Q29556452", "Laura Pharis": "Q33978414", "Anna Mar\u00eda Helgad\u00f3ttir": "Q38053779", "Maija Albrecht": "Q38282179", "Marguerite de Baaden-Durlach": "Q47488508", "Marie Briot": "Q48245512", "Eliza Mar\u00e9chal": "Q49951285", "Ruanne Abou-Rahme": "Q50379299", "Suze May Sho": "Q52495553", "Charlotte Bouckaert": "Q52555308", "Ingrid Cornelissen": "Q52555620", "Nathalie Hunter": "Q52601141", "Nathalie Vanheule": "Q52607749", "Heidi Voet": "Q55235915", "Kyra Tabea Balderer": "Q55236082", "Carol Jacobsen": "Q56461065", "Manon Harrois": "Q56708786", "Margaret Bayley": "Q56810835", "Teresa Cole": "Q56811388", "Marjorie Croft": "Q56811457", "Ann Judith Morrison": "Q57419880", "Jane C Hayles": "Q58117962", "Azelie Hubert": "Q59313961", "Janet Abramowicz": "Q63350574", "Louise-Fran\u00e7oise Duvivier": "Q64572693", "Helen C. Cameron": "Q64840249", "Jane Coats": "Q64841015", "Marguerite Cotton": "Q64841064", "Phyllis Kerruish": "Q64864053", "Lexie Macarthur": "Q64865481", "Ailsa Nelson": "Q64866085", "Winifred Simpson": "Q64868408", "Susan Ross-Donohue": "Q77830121", "Lise Belley": "Q79064456", "Adriana Maraz-Bernik": "Q79460775", "Aida Vaisman": "Q79460776", "Alexandra Nikolaevna Jacobson": "Q79460797", "Amira Wasfy": "Q79460805", "Barbaralee Diamonstein": "Q79460844", "Clara Carri\u00e9": "Q79460931", "Donna Tryon": "Q79460993", "Helen Gilbert": "Q79461207", "Helga von Eicken-Kopperl": "Q79461225", "J\u00f3hanna Boga": "Q79461377", "Lolita Zikmane": "Q79461513", "N\u00e9lida Demichelis": "Q79461855", "Ohmae Hiroshi": "Q79461903", "Penny George": "Q79461976", "Princess Winifred": "Q79462054", "Sara Seagull": "Q79462239", "Vita Castro": "Q79462554", "Odette C. Pelletier": "Q82084441", "Joanne Hewson-Rees": "Q84082075", "Danielle Blouin": "Q85718777", "Lizzie Nunga": "Q87610146", "Ludmila Goli\u00e1\u0161ov\u00e1": "Q88305149", "Tanja Mileti\u0107": "Q88769278", "Monica Villarreal": "Q94440140", "Paz Cohen": "Q94457588", "Andr\u00e9e Massicotte": "Q94579938", "Louise Charlotte Soyer": "Q95672851", "Anna Elisabeth Bergen": "Q95697262", "D\u00f6rte Meyer": "Q95747376", "Jennifer Schmitt": "Q96046857", "Laurin Stennis": "Q96246073", "Naoko Nakamoto": "Q96351877", "Marie-Blanche Pageot": "Q96587798", "Martine Bertrand": "Q96588055", "Jennifer Byrd": "Q96588507", "Sylvia Mezel": "Q96588713", "Jo Benink": "Q96947721", "Julie Dassaud": "Q96989134", "Elaine Vis": "Q97397202", "Joam de Stoppelaar": "Q97397367", "Heidi van der Woude": "Q97398746", "Gordon C\u00e9leste": "Q98637365", "Guadalupe Olivares": "Q98637584", "Mar\u00eda de Cardona": "Q99531311", "Paule Mainguy": "Q99872982", "Amanda Wasielewski": "Q99942143", "Theresa Ramey": "Q100240369", "Camellia Blackwell": "Q100249998", "Jennifer Lee Bowden": "Q100250001", "Suzie Nadeau": "Q101008868", "Shannon Badiee": "Q102061139", "Nathalie Savary": "Q103858168", "Julie Boily": "Q104054771", "Annie Galaise": "Q105007416", "Sara Langworthy": "Q105090671", "Anita Gibson": "Q105090676", "Louise De Gignilliet Rogers": "Q105090679", "Katherine J. Fries": "Q105090685", "Sarah Hulsey": "Q105090691", "Farhana Afroz Bappy": "Q105127155", "Barbara Drucker": "Q105725367", "Suzanne Baron-Lafreni\u00e8re Mac Guire": "Q105945137", "Maxine R. Cable": "Q106307986", "Aimee Morgana": "Q106308164", "Sheila Isham": "Q106322085", "Nadia Hironaka": "Q106585085", "Lee Kellgren": "Q106590035", "Hannah Hurtzig": "Q106620039", "Anne Fonbonne": "Q106644118", "Kiva Stimac": "Q106692935", "Erve H. Rijnders": "Q106693036", "Mary S. Costanza": "Q106992315", "Weduwe van Willem Boot": "Q107053170", "weduwe Chapoulaud": "Q107059226", "Cornelia McSheehy": "Q107137294", "Liz Zanis": "Q107278983", "Krista Schoening": "Q107339101", "Maryrose Cobarrubias Mendoza": "Q107436420", "Kathryn Kain": "Q107634712", "Caterina Canossa": "Q107648055", "Claudia Casalini": "Q107902217", "Archana Horsting": "Q108107398", "Christell Frints": "Q108476779", "Sunder-Plassman": "Q108476923", "Anne Fr\u00e9my": "Q108476988", "Esm\u00e9 Valk": "Q108477045", "Alexandra Werlich": "Q108477117", "Siobhan Tattan": "Q108477144", "Katell Feunteun": "Q108477156", "Kati Karki": "Q108477162", "Ella Kuhl": "Q108477213", "Bj\u00f6rk Sigurdardottir": "Q108477868", "Aimee Rankin": "Q108479904", "Femke Herregraven": "Q108479958", "Marika Wanders": "Q108480175", "Gabey Tjon a Tham": "Q108480280", "Josefin Rasmuson": "Q108480283", "Yoojin Lee": "Q108480290", "Lucia Romualdi": "Q108549245", "Charleen Kavleski": "Q108553942", "Yeung Ha": "Q108575256", "Katherine Fullerton Biery": "Q108653390", "Elsie Eberhardt Haas": "Q108678783", "Alice Heun": "Q108712124", "Tina Mackler": "Q108714645", "Catherine Kord": "Q108744363", "Jennifer Melby": "Q108755929", "Leni Schwendinger": "Q108897553", "Susan Tunick": "Q108897554", "Gail Cohen Edelman": "Q109271140", "Delphine H\u00e9bert-Marcoux": "Q109498982", "Isabelle-F\u00e9licit\u00e9 Dumortier": "Q109579350", "Dina Hooijer": "Q109632609", "Francine de Kriek": "Q109632771", "Ingrid Adriaans": "Q109632913", "Petra Werkman": "Q109633346", "Sylvia Janssen van Doorn": "Q109633529", "Yvonne de Vries": "Q109651113", "Miriam Haworth": "Q109674311", "Florence Huston": "Q109674312", "Elizabeth Rodriguez": "Q109674355", "Carlotta Amigoni": "Q109795258", "Lara Todorov": "Q110218933", "Jennie Frederick": "Q110219000", "Gail Browne": "Q110220845", "Margaret French": "Q110436945", "Pippa Dyrlaga": "Q110516772", "Cathy Cook": "Q111311583", "Magdalena Elizabeth Zimmermann": "Q111446774", "Ad\u00e9laide Allou": "Q111511898", "Maho Kino": "Q111520527", "Maria Magdalena Knorz": "Q111574807", "Christy Chan": "Q111603146", "France McNeil": "Q111746054", "Joan": "Q111824256", "Lily Lochner": "Q111824258", "Elaine Stevens": "Q111824261", "\u017dofie Johana Klauserov\u00e1": "Q112405781", "Josefa Sommerov\u00e1": "Q112408458", "Eva Polexina Mich\u00e1lkov\u00e1": "Q112419035", "Kate\u0159ina Schweigerov\u00e1": "Q112419038", "Kate\u0159ina Eufrosina Arnoltov\u00e1 z Dobroslav\u00edna": "Q112419066", "Kate\u0159ina \u010cernochov\u00e1": "Q112419120", "Anna Franti\u0161ka Neumannov\u00e1": "Q112419165", "Ludmila Labounov\u00e1": "Q112419546", "Johanna Regina Langenheim": "Q112419556", "Elisabeth Sch\u00f6nwetter": "Q112422185", "Ludmila Sedl\u010dansk\u00e1 z Karlova": "Q112425854", "Dorothea Rosina Cr\u00f6cker": "Q112426045", "Veronica Aperger": "Q112426673", "Kate\u0159ina Labounov\u00e1": "Q112429935", "Anna Alberti": "Q112433310", "Anna Kate\u0159ina Arnoltov\u00e1 z Dobroslav\u00edna": "Q112450048", "Eva Schindlerov\u00e1": "Q112453266", "Maria Magdalena Rauch": "Q112497406", "Sophia Crith": "Q112500056", "Kraft M\u00fcller widow": "Q112502471", "Ludmila Peterlov\u00e1": "Q112504730", "Maria Magdalena Riedl": "Q112507292", "Maria Magdalena Mayr": "Q112507313", "Kaspar Gruber": "Q112508031", "Anna Al\u017eb\u011bta Ettelov\u00e1": "Q112508548", "Johann Saur": "Q112508720", "Marie Thierry": "Q112508782", "Denise Patisson": "Q112508871", "Johann Christoph Waetzold": "Q112509199", "Ludmila Sedl\u010dansk\u00e1": "Q112510047", "Anna Magdalena Grosch": "Q112511265", "Johann Christoph Brandenburger": "Q112511679", "Anna Da\u010dick\u00e1": "Q112511747", "Anna Katharina Schede": "Q112511775", "Margaretha Meyer": "Q112511832", "Johann Reinhard Vulpius": "Q112511943", "Anna Maria M\u00fcller": "Q112512114", "Johann Christoph Schwartze": "Q112512823", "Johann Konrad Reis": "Q112512862", "Dorota Arnoltov\u00e1 z Dobroslav\u00edna": "Q112513168", "Georg Heinrich Reis": "Q112513492", "Helena Octaviana Thurnmayer": "Q112513715", "Catharina Rauchmaul": "Q112514132", "Sophia Leysser": "Q112514140", "Dorota Vok\u00e1lov\u00e1": "Q112514850", "Georg Baumann": "Q112515516", "Al\u017ebeta Dad\u00e1nov\u00e1": "Q112515837", "Anna Maria Reis": "Q112516256", "Martin Rommey": "Q112516587", "Henning K\u00f6hler": "Q112516899", "Johann David Scheffler": "Q112517026", "Maria Philippine G\u00f6bhardt": "Q112517476", "Marguerite Alliot": "Q112518526", "Francisco del Hierro": "Q112518954", "Anna Vor\u0161ila Hampelov\u00e1": "Q112519249", "Marie-Jeanne Valade": "Q112519333", "Elisabeth Katharina Fleischer": "Q112519555", "Anna Strohecker": "Q112519751", "\u017dofia Brewerov\u00e1": "Q112521513", "Daniel Christoph Walder": "Q112522609", "Maria Lucia Schaal": "Q112525070", "Katharina B\u00f6ckler": "Q112525423", "Maria Katharina Salfeld": "Q112526548", "Maria Mintzel": "Q112530600", "Christine Elisabeth Harpeter": "Q112530730", "Jakob Harpeter": "Q112530745", "Kate\u0159ina Al\u017eb\u011bta Koni\u00e1\u0161ov\u00e1": "Q112531052", "Johann Friedrich Spiegel": "Q112531854", "Nikolaus Spiering": "Q112531960", "Georg Dietrich Spiering": "Q112531980", "Johann Heinrich Spiering": "Q112531999", "Anna Al\u017eb\u011bta Rosenburgov\u00e1": "Q112532348", "Johann Friedrich Becker": "Q112533653", "Sara Mang": "Q112534492", "Anne Griffin": "Q112534628", "Ellen Cotes": "Q112534873", "Anna Terezie Svobodov\u00e1": "Q112536575", "Johann Jakob Christoph Kleyer": "Q112537724", "Widow Johann Christian Kleyb": "Q112537831", "Elisabeth Salfeld": "Q112538391", "Marie Salfeld": "Q112538734", "Ane\u017eka Dorota Pileciov\u00e1": "Q112538877", "Johanna Margaretha Stoessel": "Q112538895", "Maria Hulsius": "Q112539906", "Adam Heinrich Holle": "Q112541420", "Josefa Diesbachov\u00e1": "Q112544664", "Anna Zipper": "Q112545580", "Christoph Uhmann": "Q112545935", "Anna Magdal\u00e9na Hilgartnerov\u00e1": "Q112546404", "Marie Magdal\u00e9na Schindlerov\u00e1": "Q112548382", "Catharina Magdalena Nisius": "Q112550980", "Franti\u0161ka \u0160leretov\u00e1": "Q112551100", "Christoph Reyher": "Q112559003", "Magdal\u00e9na Redlitzov\u00e1": "Q112564295", "Sophia Wendelina Grund": "Q112565628", "Catr\u00econa Black": "Q112701279", "Irene R. Fairley": "Q112996922", "Reine Cimi\u00e8re": "Q113486836", "Ruth DeYoung Kohler": "Q113546468", "Rosie Deacon": "Q113634126", "Azin Seraj": "Q113799310", "Jessica C. White": "Q113997891", "Eva Lipartiti": "Q114344902", "Rania Stathopoulou": "Q114416873", "Martina Nowak": "Q114679701", "Florentia Oikonomidou": "Q115006386", "Vivien Mousdell": "Q115145095", "Antigone Valery": "Q115216901", "Charlotte Ka": "Q115628921", "Jil Guyon": "Q116256408", "Fuurinmaru": "Q117246742", "Samantha Nye": "Q117612412", "Amaryllis DeJesus Moleski": "Q119407642", "Rosemary Myers": "Q120442699", "Paula White": "Q120535476", "Susan Sheoships": "Q121086722", "Elianne de Feijter": "Q122935458", "Marcia Nolte": "Q122936213", "Christine Luiten": "Q122936373", "Dell Stewart": "Q122936393", "Ad\u00e8le Ethiou": "Q123247508", "Andrea B\u00f6ning": "Q123991467", "Deborah Zlotsky": "Q124254931", "Syan Rose": "Q124569220", "Tine Steen": "Q125342444"}