{"Glafira Ivanovna Tetju\u0161inova": "Q4456729", "Jacqueline Balcells": "Q3157669", "Auguste Bu\u00dfmann": "Q99772", "Claire Bazard": "Q2975007", "Marie Olympe de Lascaux": "Q3556984", "Azala\u00efs Marie-Louise Roulleaux Dugage": "Q2744393", "Marija Aleksandrovna Slavi\u010d": "Q4429739", "Ferenc Fl\u00f3ra": "Q1002204", "Em\u00edlia Lemouton": "Q1128894", "Marie Le Harivel de Gonneville": "Q3292645", "Claire de Charnac\u00e9": "Q2975145", "Alexandra Carrick": "Q4216035", "Emmy Du Feaux": "Q1339015", "Klavdiya Kovanko": "Q4225675", "Lenke Beniczkyne Bajza": "Q792910", "Karolina Ember": "Q989247", "Marie Anderson": "Q1263916", "Marie Karchow-Lindner": "Q1797644", "Helene von D\u00f6nniges": "Q101930", "Nastasya Kairova": "Q4208551", "Goswina Berlepsch": "Q1895904", "Stef\u00e1nia Wohl": "Q1465296", "Silvia Brand": "Q2286679", "Maria Theresia May": "Q1896354", "Anna Schmidt": "Q4525688", "Yekaterina Almedingen": "Q4063497", "Nadezhda Korelina": "Q4232837", "Adelaida Yadrintseva": "Q4536334", "Julianna V\u00f6r\u00f6s": "Q1463153", "Ella Hruschka": "Q1331694", "Emilia Pimenova": "Q4362923", "Catharina Sturzenegger": "Q1050807", "Evelyn Franceschi Marini": "Q3735323", "Anselma Heine": "Q569620", "Richard Anton Patrick Connel O'Ferrall": "Q2613954", "Clementina Katona": "Q304321", "Antonietta Giacomelli": "Q3619018", "Emma Reichel": "Q1338083", "Therese Blaschke": "Q2419555", "Dick May": "Q3026603", "Clara M\u00fcller-Jahnke": "Q1095223", "Carmela Baricelli": "Q3660207", "Jane Gernandt": "Q4949903", "Gertrud Triepel": "Q1515702", "Gizella Torm\u00e1ssy": "Q1322980", "Jean Dornis": "Q3171788", "Ir\u00e9n\u00e9e Bonnafous": "Q3154688", "Juana Richard Lesclide": "Q3187854", "Enni Lundstr\u00f6m": "Q4964249", "Ida B\u00e4ckmann": "Q4941461", "Catharina Anna Maria de Savornin Lohman": "Q2579694", "Frieda Radel": "Q1456349", "Elena Da Persico": "Q3721406", "Josephine Siebe": "Q71947", "Yelena Koltonovskaya": "Q4228721", "Paola Lombroso Carrara": "Q3893575", "Clelia Romano Pellicano": "Q3680411", "Ilse Hamel": "Q1259848", "Laura Lengyel": "Q912543", "Alice Schalek": "Q2646947", "Ea von Allesch": "Q113158", "Else Frobenius": "Q1333637", "Max du Veuzit": "Q3302375", "Martha M\u00fcller-Gr\u00e4hlert": "Q89462", "Klara Philipp": "Q1744420", "Else Krafft": "Q1333655", "Flavia Steno": "Q3746442", "Rose Mangoldt": "Q2166784", "Therese Rie": "Q2419609", "Vera von Kr\u00e6mer": "Q4959702", "Marthe Bertheaume": "Q3295179", "Frigga Brockdorff-Noder": "Q1464849", "Berta Kamilla Pauli": "Q827733", "Helene Tuschak": "Q1602022", "Klara Mautner": "Q1111033", "Leonore Niessen-Deiters": "Q1660809", "Annastina Alkman": "Q4935076", "Xenia Borislavka\u00efa": "Q3570869", "Ola Alsen": "Q2017804", "Elvira Mihelffy": "Q1176915", "Editha Klipstein": "Q1285230", "Martha Tausk": "Q1903099", "Margit Altay": "Q257037", "Augusta von Oertzen": "Q765832", "Zlata Lilina": "Q4261577", "Marie Schr\u00f8der": "Q3894664", "Lily L\u00e9vy": "Q3240951", "Maja J\u00e4derin-Hagfors": "Q4957626", "Anna Szederk\u00e9nyi": "Q1295318", "Olga Resnevi\u010d Signorelli": "Q3881634", "Else von Hollander-Lossow": "Q1333741", "Ilma Drask\u00f3czy": "Q909685", "Jeanne Mar\u00e9chal": "Q3176115", "Margit V\u00e9szi": "Q1462756", "Marie Jade": "Q3292590", "Helen Hessel": "Q97859", "Ellen Schou": "Q1331866", "Gertraud Enderlein": "Q1429641", "Anna Mar": "Q4281005", "Helena Bobi\u0144ska": "Q2784560", "Marie Dro\u00fcart": "Q3292490", "Lotti Jeanneret": "Q4956465", "Jarmila Ha\u0161kov\u00e1": "Q539000", "Agnes Langenskj\u00f6ld": "Q4299851", "Liane von Gentzkow": "Q1467496", "Milly Zirker": "Q1504895", "Lenka von Koerber": "Q1112643", "M\u00e1ria Szab\u00f3": "Q1297118", "Maria Leopoldine Klausberger": "Q1896083", "Raymonde Machard": "Q3421272", "Nora Beroldingen": "Q1996605", "Karla K\u00f6nig": "Q1733734", "Maja Bj\u00f6rkman": "Q4939315", "\u00c1gnes Keresztessy": "Q1107455", "K\u00e4the Vordtriede": "Q1795558", "Aim\u00e9e Barancy": "Q2828099", "Marianne Pollak": "Q1602806", "Maria Kahle": "Q1395446", "Maria Grandinetti Mancuso": "Q3847302", "Igna Maria J\u00fcnemann": "Q1657194", "Jenny Humbert-Droz": "Q1687037", "Piroska T\u00e1bori": "Q1326042", "Jewgienija Weber-Chirjakowa": "Q4105708", "Polly Tieck": "Q2102179", "Petra Vermehren": "Q2080365", "Elisabeth von Janstein": "Q1330450", "Milica Vukobrankovics": "Q1330323", "Karin Huppertz": "Q1729455", "Berthe Vulliemin": "Q2899285", "Marte Brill": "Q1902947", "Gusti Hecht": "Q1556839", "R\u00f6sy K\u00e4nel": "Q2202854", "Hulda Pankok": "Q1636262", "Hilde Walter": "Q1262717", "Ester Lombardo": "Q3733420", "Susanne Leonhard": "Q1499197", "Irma Reismann": "Q1247152", "Erzs\u00e9bet \u00c1sguthy": "Q923448", "J\u00falia Kenyeres": "Q1107081", "Ir\u00e9n Komj\u00e1t": "Q1116122", "Hedy Kempny": "Q1593451", "Johanna Caroline Brauweiler": "Q1696915", "Magda Aranyossi": "Q775895", "Madeleine Jacob": "Q1566879", "Synn\u00f8ve Bellander": "Q4938010", "Ise Gropius": "Q1673781", "Don\u00e1thn\u00e9 T\u00e1bori Lili": "Q908903", "S\u00e1ri Megyery": "Q1175554", "Kaj Andersson": "Q4935831", "Germaine Verdat": "Q3104229", "Galina Benislavskaya": "Q4083803", "Margit Lagerheim-Romare": "Q4960531", "Izabella Boros": "Q835189", "Dina Bertoni Jovine": "Q3707811", "Alicja Be\u0142cikowska": "Q2836782", "Astrid Forsberg": "Q4948493", "Jol\u00e1n J\u00f3zsef": "Q1102868", "K\u00e4the Saile": "Q1795544", "Ilse Langner": "Q98929", "Birgitta Lillieh\u00f6\u00f6k": "Q4962201", "Maria Luisa Astaldi": "Q3847373", "Franziska Schmidt": "Q1332750", "Zietta Li\u00f9": "Q4024418", "Anneliese Sch\u00fctz": "Q566194", "Maria Martone Napolitano": "Q3847424", "Lore Wolf": "Q1869967", "Melitta Wiedemann": "Q1919446", "Alice Ekert-Rotholz": "Q126320", "Lili de Faramond": "Q4947612", "Teresa Sensi": "Q3984316", "Giulietta Rovera": "Q3769460", "Alison Aprhys": "Q4727008", "Anita Hamilton": "Q4765541", "Anji Bee": "Q4765806", "Ashley Webster": "Q4805630", "Barbara Ciara": "Q4858813", "Zofia Wenckowicz-Ligeti": "Q4107263", "\u00c9dith Auffray": "Q50657", "Zsuzsa Thury": "Q1320567", "Elda Bossi": "Q3721196", "Clara Menck": "Q1095211", "H\u00e9di Edelmann": "Q987613", "Elvira Proh\u00e1szka": "Q1240612", "Wanda Bont\u00e0": "Q4018068", "Ilona Hegyi": "Q1034918", "Ilse Barea-Kulcsar": "Q1390965", "Lotte Errell": "Q1518132", "Elisabeth Brock-Sulzer": "Q1329816", "Josephine Klee-Helmdach": "Q1706213", "M\u00e1rta V\u00e1g\u00f3": "Q1461572", "Marcella L\u00e1szl\u00f3": "Q1160267", "Titt Fasmer Dahl": "Q3529636", "Betti Glan": "Q4139519", "Marta Renucci di Cristofini": "Q3849956", "Maria Winowska": "Q593242", "Annedore Leber": "Q565989", "Charlotte Kaminsky": "Q1067226", "Willy Schermel\u00e9": "Q2224184", "Gis\u00e8le d'Assailly": "Q3107839", "Charlotte Petersen": "Q1067300", "Olga Vsevolodovna Ignatovitsj": "Q4197476", "Olga \u00c1bel": "Q367078", "Annik Saxegaard": "Q546565", "Aurelia Gruber Benco": "Q3629787", "Ruth Seydewitz": "Q2177771", "Sidonie Baba": "Q3483357", "Eva van Hoboken": "Q1251338", "Margit G\u00e1sp\u00e1r": "Q1031172", "Lotte Betke": "Q124740", "Giana Anguissola": "Q3762767", "Paula Linhart": "Q1753593", "Claudine Chonez": "Q2978465", "Vio Martin": "Q3560334", "Johanna Adriana Ader-Appels": "Q2445018", "Lea Grosse": "Q1810393", "Marcella d\u2019Arle": "Q1893271", "Madeleine Kem\u00e9ny-Szemere": "Q3275667", "Anna L\u00e1t\u00f3": "Q1160313", "Zina\u00efda Chakhovskaia": "Q4521309", "Izolda Erd\u00e9ly": "Q990202", "Tatyana Tess": "Q4452684", "Flavia Paulon": "Q3746441", "M\u00e1ria Hamza Lehel": "Q1033455", "Astrid Kindstrand": "Q4958825", "Herta Zerna": "Q1443815", "Rachel Lazarevna Solomyanskaya": "Q4121800", "Helena Ko\u017eeluhov\u00e1": "Q4532826", "Esfir Buranova": "Q4099350", "Marise Ferro": "Q3849340", "Joe Lederer": "Q1670005", "Ir\u00e9n Orosz": "Q1225766", "Erika Vogel": "Q1354530", "Charlotte Beradt": "Q51911", "Luiselotte Enderle": "Q1876686", "Rivkah Davidit": "Q4153598", "Ilse Obrig": "Q1659180", "Martha Larsson": "Q4961132", "Ruth K\u00f6rner": "Q2177660", "Suzanne Chantal": "Q3505924", "Maria Pezzi": "Q3847459", "Al\u00edz R\u00f3zsa": "Q1253576", "Piroska Cs\u00e1nyi": "Q875357", "Willy Maria Lundberg": "Q4963988", "Li\u016bn\u0117 Janu\u0161yt\u0117": "Q4538318", "Francine Lazurick": "Q3081220", "Elsa Appelquist": "Q4936343", "Marie Luise Huber": "Q1897199", "Erzs\u00e9bet Bajk\u00f3": "Q788709", "Josette Clotis": "Q3185930", "Miriam Tal": "Q4450648", "Liya Geraskina": "Q4136090", "Georgette Lamoureux": "Q3103739", "Anna Machiz": "Q4286018", "Marie Louise Stern-Loridan": "Q1897417", "Ursula von Kardorff": "Q102144", "Anna Maria Jokl": "Q562001", "Lidia Storoni Mazzolani": "Q3832048", "Zofia Je\u017cewska": "Q3814619", "Kadidja Wedekind": "Q1510784", "Gilberte Coston": "Q3105913", "Hilde Marx": "Q1428952", "Harri\u00ebt Freezer": "Q2247309", "Irene M\u00fchlendahl": "Q1672588", "Vilma Sturm": "Q2526245", "Gabriella Garland": "Q4949545", "Irina Khorochounova": "Q4500181", "Brigitte Kr\u00fcger": "Q916447", "Gerda Brautigam": "Q2472170", "Laure Wyss": "Q125380", "Lise \u00c9lina": "Q3242543", "Gilberte Cournand": "Q3105914", "Nina Georgievna Kondratkovskaja": "Q4230548", "Margarethe Thiele": "Q1546021", "Margarete Dierks": "Q1894956", "Ingeborg Kelch-Nolde": "Q1662900", "Nataliya Ilyina": "Q4199601", "Ella Hillb\u00e4ck": "Q4954023", "Bibeb": "Q856043", "Alvilda Larsen": "Q4960918", "Anna Martina Gottschick": "Q562404", "Gerda Rodel": "Q1511011", "Ina van der Beugel": "Q1660876", "Gerda Zeltner-Neukomm": "Q1125344", "Zlatoslava Kamenkovich": "Q4211081", "Ruth Maria Wagner": "Q2177691", "Geno Hartlaub": "Q1502441", "Ruth Geede": "Q2177614", "Gunhild H\u00f6glund": "Q4955438", "Jeanne Roos": "Q1857805", "Amelia Penichet": "Q4742291", "Madeleine Santschi": "Q3275730", "Angelina Aleksandrovna Bulycheva": "Q4099009", "Lyubov Kabo": "Q4206724", "Anne Philipe": "Q2851237", "Piroska Dem\u00e9ny": "Q903857", "Rosemonde Pujol": "Q3442520", "Lindanor Celina": "Q548008", "Blanka Er\u0151s": "Q991170", "Gertrud Zetterholm": "Q1515721", "Annemarie Weber": "Q566363", "Daga Janson": "Q4956328", "Hildegard Damrow": "Q896932", "\u00c9liane Victor": "Q3587700", "Marianne H\u00f6\u00f6k": "Q4955523", "Fran\u00e7oise Perret": "Q3086570", "Adriana Zarri": "Q3605681", "Lore Walb": "Q1869965", "Fran\u00e7oise Seligmann": "Q3086604", "Fides Krause-Brewer": "Q1411329", "Menie Gr\u00e9goire": "Q3305989", "Gladia Angeli": "Q3771849", "Cordula Moritz": "Q1132385", "Katharina Adler": "Q1735861", "Elena Melik": "Q3721454", "Eva-Maria Jung-Inglessis": "Q1342601", "Catarina Carsten": "Q1050394", "Eszter T\u00f3th": "Q1327134", "Gerda Rottschalk": "Q1426492", "Marie-Magdeleine Brumagne": "Q3292130", "Claude Pasteur": "Q2977924", "Sinaida Sidelnikowa": "Q4418730", "Anne-Marie Fabian": "Q564834", "Anna-Greta Winberg": "Q2850509", "Marcella Olschki": "Q3845504", "Olga Nagy": "Q737688", "Dina Rinaldi": "Q3707819", "Lilli Marx": "Q1825203", "Anneliese Albrecht": "Q566129", "Dani\u00e8le Breem": "Q3015121", "Biagia Marniti": "Q3639312", "Marie-Claire Mend\u00e8s France": "Q3291685", "No\u00e9mi Sinclair-Kharbine": "Q3345713", "Dora Kacnelson": "Q183025", "Del Martin": "Q445893", "Berit Berling": "Q4938751", "Thea Oljelund": "Q1688717", "Louisette Blanquart": "Q3263877", "Suzanne Piuze": "Q2379738", "Julia Dingwort-Nusseck": "Q1675605", "Uta Kardorff": "Q2502832", "Anna Morawska": "Q3701176", "Barbara Greenspun": "Q4858932", "Jacqueline Cartier": "Q3157688", "Elisabeth Alexander": "Q1329719", "Margherita von Brentano": "Q1424601", "Ursula Adam": "Q2501497", "Vera V\u00e1s\u00e1rhelyi": "Q1462297", "Antonia Hilke": "Q598364", "Christina Lilliestierna": "Q4962205", "Claudia Vinciguerra": "Q634328", "Hughette Proulx": "Q3142349", "Rosellina Balbi": "Q3941453", "Carla Ravaioli": "Q3658860", "Susanne von Paczensky": "Q1352736", "Lenka Ha\u0161kov\u00e1": "Q183553", "Dora Shturman": "Q4527035", "Ursula Isler": "Q1769398", "Inge Meidinger-Geise": "Q1662801", "Anne-Marie Coutrot": "Q2850848", "Anne Villelaur": "Q2851318", "Gunnel Hessel": "Q4953842", "Anne Rose Katz": "Q565752", "Catharina Broom\u00e9": "Q4940818", "Marta Emmenegger": "Q1902919", "\u00c9va Boz\u00f3ky": "Q848738", "Ingeborg Sommer": "Q1431520", "Lia Av\u00e9": "Q1298395", "Adriana Motti": "Q3605671", "Ir\u00e8ne Allier": "Q3154638", "Charlotte B\u00f6hler-Mueller": "Q1067127", "Vittoria Ottolenghi": "Q4015226", "Judit M\u00e1ri\u00e1ssy": "Q1212303", "Ingeborg Pilgram-Br\u00fcckner": "Q1512899", "Mix Weiss": "Q1940843", "Zuura Sooronbaeva": "Q4428884", "Berit Hedeby": "Q4953096", "Lyubov Butkevich": "Q4100220", "Elda Lanza": "Q3721197", "Hanny van den Horst": "Q1889950", "Katarina Kraft": "Q4959709", "Annemarie in der Au": "Q98854", "Irena Conti Di Mauro": "Q55711", "Monique Duval": "Q3320837", "Valentina Alekseevna Mineeva": "Q4294113", "Giuliana Saladino": "Q3769333", "Ingeborg Thom\u00e9": "Q1662940", "Catherine Varlin": "Q2942088", "Karin Friedrich": "Q1729434", "Janine Lambotte": "Q2104730", "Anneliese Lissner": "Q566163", "Franca Magnani": "Q268129", "Odette Casadesus": "Q3349173", "Gianna Baltaro": "Q3763379", "Gilda Musa": "Q3764274", "Gemma Fortini": "Q3759379", "Ponkie": "Q2103577", "Janine Marat": "Q3162004", "Zsuzsa Rab": "Q1244537", "Erzs\u00e9bet Kun": "Q1121863", "Lucie Schauer": "Q1873351", "Ketty Albertini": "Q3195617", "Tina Merlin": "Q3991534", "B\u00e9atrice Moulin": "Q2929469", "Rosemarie Pohl-Weber": "Q2166900", "Inge Jens": "Q1280020", "Sybil Sch\u00f6nfeldt": "Q2373494", "Yevgeniya Frolova": "Q4492963", "Corinne Pulver": "Q1132893", "Britt Hagman": "Q4951974", "Ir\u00e9n Implon": "Q1096669", "Judit Petre": "Q1610805", "Marie-Luise Allendorf": "Q1244094", "Fiora Vincenti": "Q3745796", "Dita von Szadkowski": "Q125166", "Elisabeth Steup": "Q1330311", "Mireille Kuttel": "Q3315979", "Marie-Claude Leburgue": "Q3291715", "Lucia Borza": "Q848114", "Monica Bo\u00ebthius": "Q4939770", "Dorothea Kleine": "Q102886", "Klara K\u00f6ttner-Benigni": "Q1744412", "Sirppa Sivori-Asp": "Q1917837", "Ellinor Holland": "Q105380", "Liesel Hartenstein": "Q1824290", "Ankie Peypers": "Q2404866", "Caterina Durante": "Q3663503", "Nami Artemievna Mikoyan": "Q4293096", "Claude Giraud": "Q2977146", "Bella Ezerskai\ufe20a\ufe21": "Q4174195", "M\u00e1ria Kacsir": "Q1103151", "Ren\u00e9e Maheu": "Q3427156", "Curzia Ferrari": "Q3699722", "Julija Grigorevna Sjisjina": "Q4524721", "Gisela Heller": "Q1527350", "Eva Bakos": "Q1379106", "Tamara Groem-Grzjimaylo": "Q4150616", "Josette Alia": "Q3185923", "Th\u00e9r\u00e8se de Saint-Phalle": "Q3527376", "Maj Fant": "Q4947601", "Giancarla Codrignani": "Q3762789", "Anna F\u00f6ldes": "Q1005929", "Hannelore Mabry": "Q1575881", "Katja Worch": "Q1649328", "Irma Balogh": "Q789596", "Elisa Penna": "Q3723152", "Solange Harvey": "Q3489140", "Karin Thimm": "Q1729577", "Denise Robillard": "Q3023089", "Rossana Ombres": "Q3941603", "Ir\u00e9n Fodor": "Q1002305", "Hedi Hauser": "Q3562622", "Esther Knorr-Anders": "Q1370081", "Zjanna Petrovna Fomina": "Q4491522", "Wil Merkies": "Q1811477", "Ursula Lebert": "Q1670159", "M\u00e1ria Ember": "Q989248", "M\u00e1ria Halasi": "Q1032855", "Dina Luce": "Q3707816", "Lia Levi": "Q3831517", "Mur\u00e1nyi Beatrix": "Q1179974", "Liliana Rozanova": "Q4396437", "Ildik\u00f3 Marosi": "Q1165656", "Malin Lindgren": "Q4962768", "Elvira Goryukhina": "Q4146204", "Irina Krasnopolskaya": "Q4238944", "Galina Shcherbakova": "Q4528854", "\u0422\u0443\u043b\u044f\u043a\u043e\u0432\u0430-\u0425\u0438\u043a\u043c\u0435\u0442, \u0412\u0435\u0440\u0430 \u0412\u043b\u0430\u0434\u0438\u043c\u0438\u0440\u043e\u0432\u043d\u0430": "Q4465273", "Christa Dericum": "Q1078042", "Barbro Backberger": "Q4937165", "M\u00e1ria R\u00f3zsa": "Q1253618", "Elza Kozma": "Q1120607", "Huguette Maure": "Q3142794", "Val\u00e9ria Bozsik": "Q848688", "Eva Zaoralov\u00e1": "Q1309691", "H\u00e9l\u00e8ne Franck": "Q3144765", "Erika Mocs\u00e1ri": "Q1178191", "Britt Isaksson": "Q4955911", "Edit Erki": "Q990821", "Fran\u00e7oise Buffat": "Q3086425", "Anna Maria Zampieri Pan": "Q3617775", "Pia Maria Plechl": "Q2091783", "Leona Siebensch\u00f6n": "Q1818928", "Mich\u00e8le Manceaux": "Q3311653", "Irma Husz\u00e1r": "Q1056611", "Kristel Neidhart": "Q4312403", "Galina Antonova": "Q4067412", "Rosellina Archinto": "Q3941449", "Gabriella Chioma": "Q3756726", "Alicia Lundberg": "Q4963940", "Katia Kaupp": "Q3194129", "Edgarda Ferri": "Q3719081", "Marlies Menge": "Q1902077", "Marie Louise Steinbauer": "Q1897173", "Jane Fredlund": "Q4948828", "Ada Yakusheva": "Q4537301", "Piroska J\u00f3sa": "Q1102797", "Fedora Yegorova": "Q4173809", "Franca Leosini": "Q3749302", "Evelyn Sanders": "Q1381794", "Marlyse de La Grange": "Q3294472", "Fem Rutke": "Q2691629", "Elisabeth Endres": "Q1329878", "Anneliese Ratzenb\u00f6ck": "Q566184", "Ilona Len": "Q1128911", "Renate Kr\u00fcger": "Q2143445", "Aline Desjardins": "Q2837028", "Zdena Fr\u00fdbov\u00e1": "Q168914", "Victoire de Montesquiou": "Q3557040", "Dolores Bauer": "Q1236338", "Gizella Hervay": "Q1035771", "Merel Laseur": "Q2072874", "Olghina Di Robilant": "Q3881646", "Miriam Fletcher": "Q3316037", "Cornelia Schmalz-Jacobsen": "Q103529", "Daya Smirnova": "Q4424801", "Gunilla Lindberg": "Q4962390", "Francine Montpetit": "Q3081227", "Erika Sulzer-Kleinemeier": "Q1263603", "Heli Ihlefeld": "Q1602453", "Sibylle Krause-Burger": "Q2280996", "Claude Aubry": "Q2976917", "Sophie Behr": "Q1392166", "Ninel Shakhova": "Q4521295", "Katalin Bokor": "Q833761", "Renate Holland-Moritz": "Q1261143", "Irmela Brender": "Q1520274", "Anne-Rose Neumann": "Q566466", "Almuth Link": "Q102906", "Nadine Corbasson": "Q3334915", "Vera L\u00e9tay": "Q1160496", "Marlies Hesse": "Q1902070", "Martina Kischke": "Q1773141", "Galina Poskryobysheva": "Q4373685", "Birgitta Dahl": "Q4943894", "Dzhemma Firsova": "Q4485021", "Catherine Wahli": "Q2942098", "Huguette Tanguay O'Neil": "Q3142801", "Margrit Sprecher": "Q1115815", "Romy Schurhammer": "Q2165355", "Eva Heckscher": "Q4953069", "Emiliya Kashirnikova": "Q4218167", "Olga Kuchkina": "Q4250047", "Wibke von Bonin": "Q1347503", "Margot Ehrich": "Q1248573", "Sibylle Wirsing": "Q1225490", "Judit Fen\u00e1kel": "Q999928", "Mary Anna Barbey": "Q3296132", "Erzs\u00e9bet M\u00e1tray": "Q1212614", "Grazia Cherchi": "Q3775978", "Mariann Andersson": "Q4935889", "Birgitta Fransson": "Q4948750", "Gisela Brackert": "Q1527284", "Erzs\u00e9bet Hallama": "Q1032950", "Laura Lilli": "Q3827800", "Christina Hamrin": "Q4952445", "Mich\u00e8le Firk": "Q4484961", "Sigi Harreis": "Q1493877", "Gun Allroth": "Q4935148", "Barbara Wachowicz": "Q55799", "Anna Bartolini": "Q3617660", "Brunella Tocci": "Q3645576", "Sandra Bonsanti": "Q3948152", "Sibyl Urbancic": "Q1420159", "Elisabeth Meylan": "Q1330137", "Linde Rotta": "Q1825962", "Ute Bromberger": "Q2502951", "Ursula Sp\u00e4th": "Q2501889", "Maricla Boggio": "Q3847832", "Dagmar von Gersdorff": "Q1157337", "Heike Mundzeck": "Q1594556", "Ingeborg Drews": "Q1662874", "Karin M\u00f6nkemeyer": "Q1729509", "Kerstin Hallert": "Q4952185", "Monica Lauritzen": "Q4961289", "Helga M\u00e4rthesheimer": "Q1602244", "Karin Kathrein": "Q1647938", "H\u00e9l\u00e8ne Vida": "Q3144875", "Madeleine Sch\u00fcpfer": "Q1883275", "Kaa Eneberg": "Q4946683", "Ania Francos": "Q2849895", "Natalya Bekhtina": "Q4086052", "Lidiya Grafova": "Q4148068", "Barbara Bronnen": "Q807372", "Mariarosa Schiaffino": "Q3847818", "Barbara Henniger": "Q807468", "Monika Buttler": "Q102899", "Valeska von Roques": "Q2508969", "Ute Blaich": "Q2502944", "Monika Zak": "Q514644", "Enza Samp\u00f2": "Q3726425", "Silvana Giacobini": "Q3960606", "Nicole Paquin": "Q3341101", "Marianne von Baumgarten": "Q4937756", "Solveig B\u00f8hle": "Q4941531", "Trautl Brandstaller": "Q1248937", "Adriana Mulassano": "Q3605670", "Mich\u00e8le Beuzelin": "Q3311571", "Gianna Schelotto": "Q3763405", "Ria Bremer": "Q4026718", "Ulrike von M\u00f6llendorff": "Q1516533", "Dani\u00e8le Molho": "Q3015154", "Asta Scheib": "Q746259", "Eleonora Mandalian": "Q4280271", "Anne Gaillard": "Q2851101", "Marianne Herzog": "Q105978", "Paule Feuillet": "Q3372588", "Lene Mayer-Skumanz": "Q1490980", "Anna-Lydia Edingshaus": "Q560184", "Lois Fisher-Ruge": "Q100470", "Karolina Kusek": "Q452588", "Antje Dertinger": "Q584654", "Birgit Lahann": "Q865265", "Ursula Keller": "Q1168097", "Gerda Hollunder": "Q1510973", "Holde-Barbara Ulrich": "Q1624327", "Maria L\u00facia Lepecki": "Q2742950", "Liliane Perrin": "Q3240841", "Hado Lyria": "Q3782379", "Ami L\u00f6nnroth": "Q4964622", "Zsuzsa Mirnics": "Q1177632", "Angelika Waldis": "Q534657", "Doris Lott": "Q1245236", "Klara Oberm\u00fcller": "Q1744419", "Zsuzsa Vathy": "Q227390", "M\u00e4rit Andersson": "Q4935908", "Claire Bri\u00e8re-Blanchet": "Q2975018", "Gabriella R\u00e8paci-Courtois": "Q3094092", "Yuliya Belyanchikova": "Q4083613", "Eda Kriseov\u00e1": "Q1282578", "Karin Reschke": "Q123269", "Hedi Wyss": "Q1593269", "Wally Feiden": "Q2543118", "Camille Galic": "Q2934826", "Erzs\u00e9bet Berkes": "Q793509", "Antje Bultmann": "Q584639", "Magdalena M\u00fcller": "Q1282518", "Krista Federspiel": "Q1382781", "Ingrid Kolb": "Q1663340", "Rosine De Dijn": "Q2167427", "Anselma Dell'Olio": "Q3618313", "Annette Kahn": "Q2851500", "Marielouise Jurreit": "Q1897600", "Deborah Fait": "Q3704396", "Margrit Staub-Hadorn": "Q1663967", "Hannelore Gadatsch": "Q1433343", "Lella Golfo": "Q3830086", "Zhanna Teleshevskaya": "Q4454184", "Jutta Voigt": "Q1714654", "Fiammetta Fadda": "Q3744355", "Marina Zhurinskaya": "Q4181891", "Chiara Valentini": "Q2963243", "J\u00falia N\u00e9meth": "Q1220760", "Olga Obukhova": "Q4330080", "Monika Sperr": "Q1944771", "Marie-Claude Charmasson": "Q1897117", "Vlady Kociancich": "Q1785344", "B\u00e9atrice d'Orl\u00e9ans": "Q2929493", "Angelika Jahr-Stilcken": "Q534349", "Dominique Paoli": "Q3035371", "Anna-Lisa B\u00e4ckman": "Q4941438", "Kersti Adams-Ray": "Q4933762", "Dani\u00e8le Granet": "Q3015134", "Runa Brar": "Q4940467", "Anna Carin Eurelius": "Q558976", "Ursula Bode": "Q1397797", "Rimma Dyshalenkova": "Q4171728", "Genevi\u00e8ve Moll": "Q3100673", "Fernanda Seno": "Q1406563", "Keto von Waberer": "Q1363880", "Kerstin Brunnberg": "Q4940985", "Christel Buschmann": "Q1078280", "Mar\u00eda del Carmen Aquino": "Q1148809", "Silvia Koller": "Q2286729", "Irena Lesnevskaya": "Q4259530", "Dagmar Scherf": "Q1157317", "Nicole Duault": "Q3341037", "Magda J\u00f3zsef Kov\u00e1cs": "Q1120500", "Svitlana Yahupova": "Q4536253", "Christine Wieynk": "Q1083845", "Brita Steinwendtner": "Q918022", "Ilse Unold": "Q1659221", "Xavi\u00e8re Gauthier": "Q3570836", "Christine Clerc": "Q2965903", "Gabriele Hoffmann": "Q1490373", "Elke Herrmann": "Q1331499", "Elizabeth T. Spira": "Q114936", "Christa Ritter": "Q1078176", "Christina Falkeng\u00e5rd": "Q4947551", "Bernadette d'Angevilliers": "Q2897383", "Annelie Runge": "Q566103", "Barbara Sichtermann": "Q807637", "B\u00e4rbel Danneberg": "Q1019020", "Regula Heusser-Markun": "Q1494019", "Uta Stolle": "Q2502815", "Cay Bond": "Q4939952", "Hannelore Steer": "Q1575906", "Marie-France James": "Q3291788", "Kicki Engerstedt": "Q4946754", "Roz\u00e1lia K\u00f3ka": "Q1124853", "Cornelia Staudacher": "Q1133438", "Marijn de Koning": "Q2403077", "Katalin Mezey": "Q1176446", "Birgitta Albons": "Q4934806", "Ljerka Dra\u017eenovi\u0107": "Q5009189", "Henriette Bichonnier": "Q649622", "Hella Schlumberger": "Q1602655", "Lisa Berg Ortman": "Q4938275", "Irene Bignardi": "Q2901332", "Fee Zschocke": "Q1400869", "Klavdiya Kholodova": "Q4499374", "Val\u00e9ria Kormos": "Q1119100", "Mar\u00eda Consuelo Reyna Dom\u00e9nech": "Q2917759", "Eva Birmann": "Q4939124", "Geri Nasarski": "Q125075", "Gertraud Heise": "Q1515470", "Maria-Christine Zauzich": "Q1895517", "Marie Luise Syring": "Q1897430", "Rosemarie Marschner": "Q2166889", "Jos\u00e9 Toirkens": "Q2201709", "Verena Auffermann": "Q2515226", "Sophie Shihab": "Q3491042", "Tatyana Achirgina": "Q4073375", "Tatyana Yegorova": "Q4173805", "Chantal Dupille": "Q2956279", "Ulrike Holler": "Q2477335", "Monika Pelz": "Q1944726", "Monica Kronlund": "Q4959974", "Lotta Lewenhaupt": "Q4961903", "Micheline Lachance": "Q3311376", "Gunhild K\u00fcbler": "Q1554676", "Noortje van Oostveen": "Q2981093", "J\u00falia Levendel": "Q1129585", "C\u00e9cile Philippe": "Q3009775", "Heide D\u00f6rrh\u00f6fer-Tucholski": "Q1408664", "Genevi\u00e8ve Galey": "Q3100635", "Brigitte Ro\u00dfbeck": "Q916606", "Lina Sotis": "Q3832554", "Catherine Dreyfus": "Q2423784", "Eva Demski": "Q88795", "Gunnel Arrb\u00e4ck": "Q4936586", "Sylvie Genevoix": "Q3507322", "Barbara Pietrzak": "Q1737074", "Katrin Alvarez": "Q1736692", "\u00c1gnes Seszt\u00e1k": "Q1287354", "Eva Maria Klinger": "Q1379337", "Cherry Duyns": "Q2482409", "Martine Carton": "Q2487911", "Ulrike Wolf": "Q1692267", "Monika Lindner": "Q999136", "Isolde Schaad": "Q1498343", "Sibylle T\u00f6nnies": "Q1437188", "Pia Perki\u00f6": "Q3429863", "Renate Flottau": "Q1667593", "Gisela Friedrichsen": "Q1527327", "Gisela Mahlmann": "Q1527401", "Marielle Stamm": "Q3292993", "Monica Gunne": "Q4951423", "Ingrid Lindgren": "Q4962750", "Adelheid Ohlig": "Q354696", "Sieglinde Scholz-Amoulong": "Q1304657", "Rita Kempley": "Q1526681", "Paula Almqvist": "Q2063515", "Fran\u00e7oise Germain-Robin": "Q3086493", "Agneta Askel\u00f6f": "Q4936773", "Margareta Lorentzen": "Q4963592", "June Carlsson": "Q4941958", "Mika Larsson": "Q4961139", "Jeanette Gentele": "Q4949804", "Angela Praesent": "Q533187", "Aranka Bagi": "Q788453", "Nina Sutton": "Q3341947", "Marie-Luise Kaltenegger": "Q1897420", "Hummie van der Tonnekreek": "Q2161993", "Natallya Masherava": "Q4286114", "Hazel Rosenstrauch": "Q1362528", "Beth Courtney": "Q4897475", "Natalya Ivanova": "Q4196417", "Galina Vrublevskaya": "Q4127217", "Gabriella L\u0151csei": "Q1160693", "Elisabeth Ant\u00e9bi": "Q3051084", "Henny Stoel": "Q3395047", "J\u00falia Kudlik": "Q1121673", "Annam\u00e1ria Osv\u00e1th": "Q1226671", "Regina Echeverria": "Q2877217", "Claire Brisset": "Q2399956", "Rosemarie Pfluger": "Q2166897", "Angela Buttiglione": "Q3616749", "Diana Berlin": "Q4084976", "Sibylle Plogstedt": "Q1593842", "Svetlana Aleksandrovna Aksenova-Steingrud": "Q4060023", "Tamara Veniaminovna Maksimova": "Q4214549", "Mia Doornaert": "Q2490073", "M\u00e4rta Holkers": "Q4954401", "Tuva Korsstr\u00f6m": "Q4959561", "Annemarie Wildeisen": "Q117888", "Annette C. Eckert": "Q566546", "Nelli Gutina": "Q4152996", "Gaby Feyaerts": "Q2755592", "Irina Tabolova": "Q4449280", "Aino Heimerson": "Q4953302", "Tatyana Androsenko": "Q4066060", "Walancina Koutun": "Q3918908", "Christine Mital": "Q2965953", "Jo\u00eblle Kuntz": "Q3187504", "Martine Storti": "Q3295840", "Katharina Riese": "Q1735975", "Regine Sylvester": "Q1531126", "Gabriele Goettle": "Q106729", "Soizic Corne": "Q3488999", "Ursula Krattiger": "Q2501383", "\u042d\u043b\u0435\u0430\u043d\u043e\u0440\u0430 \u0410\u0440\u043a\u0430\u0434\u0437\u0435\u045e\u043d\u0430 \u042f\u0437\u0435\u0440\u0441\u043a\u0430\u044f": "Q4174194", "Annaig Renault": "Q2850659", "Daniela Pizzagalli": "Q3701823", "Tatjana Jurevna Korsjilova": "Q4234565", "Wouke van Scherrenburg": "Q2535118", "Marta Boneschi": "Q3849933", "Brigitte Seebacher": "Q916675", "V\u011bra Barto\u0161kov\u00e1": "Q160711", "Monique Pieri": "Q3320912", "Helga Kirchner": "Q1602201", "Catherine Keyl": "Q2134951", "Fran\u00e7oise Kramer": "Q3086525", "Genevi\u00e8ve Jurgensen": "Q3100652", "Ilda Bartoloni": "Q3796340", "Gabriele von Arnim": "Q1490638", "Marie-France Garaude-Pasty": "Q3291787", "Liliane Schra\u00fbwen": "Q3240845", "Giusi Ferr\u00e9": "Q3771703", "Anne Bramard-Blagny": "Q2850993", "Marcelle Padovani": "Q3289570", "Christa Graf": "Q3675594", "Petra Oelker": "Q105500", "Gisa Pauly": "Q1146545", "Sabine Bode": "Q1225844", "Margot Overath": "Q1364142", "Felicitas Mayall": "Q1403080", "Ruth Eder": "Q1466714", "Gesine Froese": "Q1519238", "Sabine Zurm\u00fchl": "Q2209995", "Renate B\u00fctow": "Q2797975", "Patricia Aburdene": "Q4529569", "Ann Riquier": "Q2850414", "\u00c9velyne Malnic": "Q3592785", "Nadezhda Chernova": "Q4513840", "Marie-Odile Monchicourt": "Q3292174", "Rita Di Giovacchino": "Q3937218", "Katalin Iv\u00e1n": "Q1098726", "Gabriele Weish\u00e4upl": "Q1490626", "Elsemarie Maletzke": "Q1333762", "Dana Hor\u00e1kov\u00e1": "Q1159222", "\u00c9lisabeth Lerminier": "Q3587900", "Anne Soupa": "Q2851281", "Laura Dubini": "Q3827762", "Agneta Lindblom Hulth\u00e9n": "Q4962494", "Bice Biagi": "Q3639715", "Susanne Schmidt": "Q2369477", "Genevi\u00e8ve Guicheney": "Q3100642", "Giuliana Del Bufalo": "Q3769325", "Fran\u00e7oise Carton de Wiart": "Q2372944", "Kl\u00e1ra Perj\u00e9s": "Q1232838", "Pamela Hemelrijk": "Q2668507", "Ritanna Armeni": "Q3937255", "Catherine Baker": "Q2941824", "Magdalena Kemper": "Q1883790", "Katalin Szegv\u00e1ri": "Q1295481", "Brigitte Raskin": "Q2124243", "Marie-France Cubadda": "Q3291785", "Elisabetta Rasy": "Q3723250", "Gizella Tarn\u00f3i": "Q1316986", "Kerstin Ahlberg": "Q4934446", "Lore Reimer": "Q1559677", "Muriel Hees": "Q3328113", "Rina Gagliardi": "Q3935901", "Karin Storch": "Q1729570", "Annam\u00e1ria Baleczky": "Q789350", "Andrea Kunsem\u00fcller": "Q494219", "Sylvie Arsever": "Q118531", "Erzs\u00e9bet Sch\u00e4ffer": "Q1286348", "Gala Fur": "Q3094450", "\u00c9lisabeth Schemla": "Q3587917", "Hildegard Stausberg": "Q109688", "Dorothea von T\u00f6rne": "Q1246345", "Friederun Pleterski": "Q1457143", "Margarete Schwarzkopf": "Q1662903", "Martina Meuth": "Q1905482", "Regine Igel": "Q2138055", "Els Van den Abbeele": "Q2689434", "Alexandra Kwiatkowska-Viatteau": "Q2833287", "Marina Temkina": "Q4468063", "Catharina Ingelman-Sundberg": "Q4955731", "Lyudmila Fomicheva": "Q4491601", "Simone Collet": "Q3484549", "Violet Falkenburg": "Q2399560", "Yvonne Habets": "Q2151867", "Frida Liappa": "Q3087669", "Marie Lincourt": "Q3292650", "Marie Waldburg": "Q1897513", "\u00c9milie Salamin-Amar": "Q2381521", "Isabella Bossi Fedrigotti": "Q3802255", "Monica Bonde": "Q4939965", "Helga Hirsch": "Q1602192", "Aliz M\u00e1tyus": "Q1212629", "Natalya Sukhinina": "Q4447059", "Colombe Pringle": "Q2984135", "Georgia Tornow": "Q1509307", "Inga-Lena Fischer": "Q4948115", "Helga Rabl-Stadler": "Q1602265", "Anna Valachi": "Q1401110", "Chris Forsne": "Q2965863", "Doris Papperitz": "Q1495790", "Lucetta Scaraffia": "Q3838415", "Ineke van Kessel": "Q2542391", "Katalin Thur\u00f3czy": "Q1320591", "Elena Liliana Popescu": "Q2880955", "Karin J\u00e4ckel": "Q1353418", "Agata Ruscica": "Q3606368", "M\u00e1ria Kozma": "Q1120669", "Irina Halling": "Q4952207", "Ebba D. Drolshagen": "Q109192", "Anne-Marie Casteret": "Q2850836", "Birgitta Arens": "Q865384", "Gabriele Weingartner": "Q109950", "Isabelle Guisan": "Q3154935", "Anna Alter": "Q2850450", "Armelle H\u00e9liot": "Q2862179", "Kathleen Evin": "Q3194067", "Paquita Paquin": "Q3363002", "Brigitte R\u00f6thlein": "Q916615", "Daniela Philippi": "Q1163505", "Merle Rubin": "Q1921902", "Anne Brassi\u00e9": "Q2850995", "Inez Polak": "Q3539180", "Rachel Salamander": "Q2125225", "Dominique Dambert": "Q3035086", "Daniela Brancati": "Q3701768", "Ingmarie Froman": "Q4949056", "Mirella Serri": "Q3858822", "Pascale Lismonde": "Q3367681", "Velta \u010cebotarenoka": "Q4508071", "Christiane Gibiec": "Q1082669", "B\u00e9atrix de L'Aulnoit": "Q2929528", "Nadine De Sloovere": "Q1948503", "Ursula Goldmann-Posch": "Q2501619", "Lyudmila Borisovna Manannikova": "Q4280148", "Francine Buchi": "Q3081186", "Lorenza Foschini": "Q3836847", "Mila Moreira": "Q4293296", "Tat'jana Lukina": "Q2395648", "Amei Wiegel": "Q460762", "Ingrid Hedstr\u00f6m": "Q4953162", "Patsy Claes": "Q2910679", "Monica Antonsson": "Q4936308", "Patricia Riekel": "Q1724178", "Marie-Ange Donz\u00e9": "Q3291475", "Dominique Martin-Ferrari": "Q3035319", "Gabriele Senft": "Q1490586", "Regine Marquardt": "Q1455166", "Dominique Louise P\u00e9legrin": "Q3035301", "Barbara Scaramucci": "Q3634684", "Tamara Aleksandrovna Bitsjkovskaja": "Q4101325", "Franca Porciani": "Q3749313", "Giovanna Milella": "Q3766258", "Natalya Zimyanina": "Q4192111", "Marie-Fran\u00e7oise Colombani": "Q3291814", "Yelena Aminova": "Q4064325", "Vera Gaserow": "Q1716808", "Brigitte Jeanperrin": "Q2925438", "Huguette Burroughs": "Q3142781", "Ir\u00e8ne Lichtenstein": "Q3154652", "Tamarah Benima": "Q2386609", "Beata Arnborg": "Q4936507", "Yelena Kurlyandtseva": "Q4248547", "Tatyana Chernyayeva": "Q4514456", "Carmen Iarrera": "Q3660305", "Marie-Dominique Montel": "Q3291751", "Barbara B\u00fcchner": "Q807380", "Benita Cantieni": "Q817330", "Vera Keszy-Harmath": "Q1107926", "Rita Knobel-Ulrich": "Q2154917", "Dominique Rousset": "Q3035443", "Rubina M\u00f6hring": "Q1419658", "Th\u00e9r\u00e8se Juel": "Q4957493", "Svetlana Bestuzheva": "Q4085906", "Sibylle Mulot": "Q2281011", "Camilla Lundberg": "Q4963949", "Chiara Beria di Argentine": "Q3667464", "Brigitte Weining": "Q916756", "Annette Ardisson": "Q2851489", "Heikelien Verrijn Stuart": "Q2692650", "Florence Schaal": "Q3074030", "Zs\u00f3fia Mihancsik": "Q1176912", "Britt-Marie Citron": "Q4942968", "Maartje van Weegen": "Q3083220", "Dorothee Schmitz-K\u00f6ster": "Q1250231", "Maria Grazia Perini": "Q3847316", "Annick Lagadec": "Q2851588", "Alda D'Eusanio": "Q3609053", "Charlotte Kerner": "Q96318", "Nora Frey": "Q1614007", "Jocelyne Cazin": "Q3179857", "Marie M\u00fcller": "Q3292709", "V\u00e9ronique Mortaigne": "Q3564342", "Anita Kratz": "Q4959793", "Bettina Urbanski": "Q850068", "Ljiljana Joki\u0107 Kaspar": "Q1307996", "Elke Windisch": "Q1331592", "Elli H. Radinger": "Q1332113", "Hanne Kulessa": "Q1575825", "Hannelore Hippe": "Q1575875", "Sonja Margolina": "Q2301701", "Ursula Baatz": "Q2501513", "Margalith Kleijwegt": "Q4498121", "Francesca Scopelliti": "Q3749457", "Fran\u00e7oise Palange": "Q3086564", "Fran\u00e7oise Simp\u00e8re": "Q3086603", "Margarita Ledo Andi\u00f3n": "Q2880279", "Ulla Lachauer": "Q107153", "Manuela Righini": "Q3845105", "Elma Verhey": "Q2683612", "Stella Pende": "Q3972917", "Brigitte Rossigneux": "Q2925470", "Marijos\u00e9 Alie": "Q3293053", "Elisabeth Vitouch": "Q1330339", "Beate Wedekind": "Q813208", "Marina Sbardella": "Q3848076", "Renata Molho": "Q3932574", "M\u00e1ria Ma\u013ecovsk\u00e1": "Q4279553", "Catherine Laborde": "Q2941958", "Daniela Vergara": "Q3701838", "Mine G. K\u0131r\u0131kkanat": "Q3314805", "Gaby Dietzen": "Q1490741", "Ghislaine Ottenheimer": "Q3104901", "Anne Brunswic": "Q2850997", "Monika Feth": "Q102880", "Daliya Truskinovskaya": "Q4464528", "Elsbeth Etty": "Q2414059", "Petra Lidschreiber": "Q2080244", "Nicole Wisniak": "Q3341141", "Helga Maria Wolf": "Q1602234", "Olha Ilnytska": "Q4199935", "Carla Urban": "Q3658868", "Jolin Boldt": "Q4939893", "Annerose Kirchner": "Q566464", "Norma Rangeri": "Q3878445", "Randi Crott": "Q1251526", "Marie-Dominique Arrighi": "Q3291746", "Judit Trethon": "Q1323881", "M\u00e1ria Nagy Adonyi": "Q505374", "Annik Mahaim": "Q2851724", "Dagmar Reim": "Q1157313", "Isabel Arvide": "Q2367415", "Isabelle Neumann-Cosel": "Q1673656", "Ingrid Elam": "Q4946256", "Pia Luisa Bianco": "Q3901791", "Aranka Palatinus": "Q1228118", "Diana Preston": "Q3026149", "H\u00e9l\u00e8ne Hazera": "Q3144782", "Susanne Mayer": "Q119387", "Cornelia Kazis": "Q1133354", "Mercedes Riederer": "Q1291428", "Evelyn Holst": "Q1381753", "Michaela Pilters": "Q1413168", "Monika Siegfried-Hagenow": "Q1944767", "Pauline Terreehorst": "Q2205731", "Sabine Berghahn": "Q2209609", "Margherita Giacobino": "Q3846937", "Eva Franchell": "Q4948671", "Karin Henriksson": "Q4953639", "Valeriya Shishkina": "Q4524760", "Sylvia Kabus": "Q1454523", "Katalin Rangos": "Q1245884", "Memona Hintermann-Aff\u00e9jee": "Q3305487", "Tatyana Komarova": "Q4229329", "Marijke Hilhorst": "Q2154438", "Laure de Broglie": "Q3218804", "Eva F. Dahlgren": "Q4943996", "Annette Bopp": "Q566537", "Claudia Guderian": "Q1097485", "Gabriella Wollenhaupt": "Q1490662", "Ingrid Strobl": "Q1663413", "Christine Gr\u00e4n": "Q1083563", "Ulrike Kaiser": "Q2477348", "Esther Dischereit": "Q1370028", "Magda F\u00fczesi": "Q1006715", "Rosanna Cancellieri": "Q3941322", "Mariolina Sattanino": "Q3849270", "Amanda Spoel": "Q2678466", "Dominique Simonnot": "Q3035470", "Natalia Huzieieva": "Q522285", "\u0428\u0435\u0441\u0442\u0451\u0440\u043a\u0438\u043d\u0430, \u041b\u044e\u0434\u043c\u0438\u043b\u0430 \u041f\u0435\u0442\u0440\u043e\u0432\u043d\u0430": "Q4523455", "Regine Schneider": "Q1385914", "Corinne Desarzens": "Q2997324", "Marina Ruperti": "Q1510767", "Bim Clinell": "Q4943120", "Marie-Bernadette Dupuy": "Q3291569", "Eva Elms\u00e4ter": "Q4946562", "Vesna Acevska": "Q717460", "Claudia Beate Schill": "Q1097333", "Clara Aldrighi": "Q1095139", "Eva Pfisterer": "Q1379419", "Carmen Korn": "Q1043661", "Simone Morgenthaler": "Q3484591", "Liljana Dirjan": "Q126478", "Madeleine Caboche": "Q3275611", "Astrid von Friesen": "Q750966", "Julianna Szabados": "Q1293213", "Franziska Hundseder": "Q1450135", "Genevi\u00e8ve L\u00fcscher": "Q1502148", "Gisa B\u00fchrer-Lucke": "Q1527153", "Regina M\u00f6nch": "Q2137898", "Djoeke Veeninga": "Q2183490", "Sabine Brandi": "Q2209638", "Susanna Gilbert-S\u00e4ttele": "Q2369049", "Rita Stiens": "Q2370597", "Samantha Ramsamy": "Q2412651", "Angela Camuso": "Q2849366", "Anne Ponsinet": "Q2851248", "Anne Quevrin": "Q2851254", "Brigitte McCann": "Q2925453", "B\u00e9n\u00e9dicte Manier": "Q2929898", "Carine Mayo": "Q2938808", "Caroline Sinz": "Q2940055", "Catherine P\u00e9pin": "Q2942040", "Chantal Leblond": "Q2956301", "Christiane Ranc\u00e9": "Q2965791", "Christiane Saleh": "Q2965795", "Christine Schilte": "Q2965983", "Claire Raynaud": "Q2975110", "Constance Chaillet": "Q2994801", "C\u00e9cile de Kervasdou\u00e9": "Q3009805", "Dani\u00e8le Boone": "Q3015117", "Deborah Simmons": "Q3020888", "Deborah Sundahl": "Q3020889", "Denise Likane": "Q3023055", "Dominique Conil": "Q3035073", "Dominique Fr\u00e9tard": "Q3035168", "Doris Vasiloff": "Q3037076", "Elena Joly": "Q3050706", "Elizabeth Gouslan": "Q3051217", "Estelle Martin": "Q3058903", "Fran\u00e7oise Bar\u00e9": "Q3086397", "Fr\u00e9d\u00e9rique Deghelt": "Q3090367", "Genevi\u00e8ve Asselin": "Q3100595", "Gina Desjardins": "Q3106695", "Hala Kodmani": "Q3125908", "Yulia Kapoustina": "Q3154149", "Irit Gal": "Q3154468", "Jacqueline Remy": "Q3157798", "Jeanne-Martine Vacher": "Q3175939", "Julie Clarini": "Q3189185", "Julie Drolet": "Q3189204", "Julie Pelletier": "Q3189254", "Kathleen L\u00e9vesque": "Q3194079", "Laurence Allard": "Q3218846", "La\u00ebtitia Nallet": "Q3220093", "Lola \u00c1lvarez": "Q3258782", "Lucette Robert Beauchemin": "Q3265137", "Manon Globensky": "Q3286456", "Maria Malagardis": "Q3290987", "Marie-Anna Murat": "Q3291498", "Marie-Christiane Marek": "Q3291624", "Marie-Christine Navarro": "Q3291650", "Marie-Christine Tabet": "Q3291660", "Marie-Fran\u00e7oise Hans": "Q3291819", "Marie-H\u00e9l\u00e8ne Fra\u00efss\u00e9": "Q3291885", "Marie-H\u00e9l\u00e8ne Therrien": "Q3291898", "Marie-Jo\u00eblle Rupp": "Q3292010", "Marie-Julie Gagnon": "Q3292014", "Marie-Pierre Lannelongue": "Q3292217", "Mariella Righini": "Q3292982", "Mariette Zenners": "Q3293029", "Martine Bulard": "Q3295745", "Martine Lagardette": "Q3295785", "Meline Freda": "Q3305078", "Lucia Navarro": "Q3314269", "Mireille Duteil": "Q3315964", "Monique Cara": "Q3320812", "Monique Derrien": "Q3320831", "Myrose Hoareau": "Q3331622", "M\u00e9lanie Delattre": "Q3332872", "Nadjette Maouche": "Q3334980", "Nicole Muchnik": "Q3341088", "No\u00eblle Br\u00e9ham": "Q3345933", "Pascale Fourier": "Q3367670", "Petra Wiegers": "Q3377593", "Rebecca Fitoussi": "Q3421692", "Roselyne Dubois": "Q3442487", "Rosita Boisseau": "Q3442697", "Ruth St\u00e9gassy": "Q3453646", "Samah Soula": "Q3470601", "Sandrine Colombo": "Q3471981", "Sandrine Papin": "Q3472007", "Sarah Mostrel": "Q3473395", "Sophie Langlois": "Q3490967", "Suzette Meyers": "Q3506082", "Sylviane B\u00e4hr": "Q3507240", "Sylvie Zerbib": "Q3507413", "Val\u00e9rie Thorin": "Q3554313", "Vittoria Matarrese": "Q3561351", "V\u00e9ronique Barbier": "Q3564269", "\u00c8ve Metais": "Q3577301", "Amanda Parr": "Q4739723", "Marie-Paule Villeneuve": "Q3292194", "Gabriele Fischer": "Q1422187", "Sophie Chauveau": "Q3490878", "Marina Silvestri": "Q3848081", "Renate Kampmann": "Q2143421", "Aline Viredaz": "Q2837039", "Dagmar Deckstein": "Q1157260", "Laurence Tacou": "Q3218939", "Natalia Astakhova": "Q4071610", "Ulla-Carin Lindquist": "Q4962872", "Anne-Marie Dussault": "Q2850858", "Eva Landahl": "Q4960698", "Elisabetta Pintor": "Q3723245", "Aleksandra Turgan": "Q4465783", "Sabine Asgodom": "Q2209590", "\u00c1gota Seb\u0151k": "Q1286723", "Manu W\u00fcst": "Q1891369", "Emanuela Audisio": "Q3723836", "Theres Roth-Hunkeler": "Q2419493", "Barbara Palombelli": "Q3634667", "Carola Wedel": "Q1044268", "Lotta Aschberg": "Q4936737", "Irena Vysotskaya": "Q621650", "Piera Detassis": "Q3902968", "Bonanine Tamas-Tarr Melinda": "Q834394", "Doris Liebermann": "Q1245238", "Merc\u00e8 Rivas Torres": "Q638942", "Matilde Bernabei": "Q3851862", "Petra Thorbrietz": "Q1270255", "Senada Marjanovi\u0107": "Q1489295", "Ren\u00e9e Zucker": "Q1537490", "Irmela Hannover": "Q1672983", "Yvonne-Denise K\u00f6chli": "Q1740710", "Monika Seck-Agthe": "Q1944764", "Regina Le\u00dfner": "Q2137877", "Gaby Weber": "Q1490760", "Ivana Vaccari": "Q3804817", "Tatyana Vershinina": "Q4109252", "Anne Eenpalu": "Q3617939", "Ida Dominijanni": "Q3791737", "Gabriella Kereszt\u00e9ny": "Q1107495", "Anne Vergne": "Q2851313", "Christine Niklas": "Q1083723", "Susanne Breit-Ke\u00dfler": "Q1350587", "Cinzia Leone": "Q3677349", "\u00c9dith Huyghe": "Q3047634", "Marlene Faro": "Q1902013", "Luzia Braun": "Q1878394", "Joanna Radzyner": "Q1690798", "Sylvie Pierre-Brossolette": "Q3507385", "Christiane Kohl": "Q1082726", "Sibylle Weischenberg": "Q1422416", "Catherine Ceylac": "Q2941850", "Anca Visdei": "Q2422654", "Christa Haas": "Q1078058", "Cinzia Romani": "Q3677361", "Marion Lemesre": "Q3293642", "Petra Gabriel": "Q1523540", "Vija Beinerte": "Q4081224", "Margitta Zellmer": "Q1895340", "Livia Azzariti": "Q3835536", "Valentina \u010ceplevi\u010di\u016bt\u0117": "Q1667877", "Edith Hagg": "Q1256181", "Laura Delli Colli": "Q3827756", "Anne Barr\u00e8re": "Q2850975", "Denise Pardo": "Q3705467", "Beth Taylor": "Q4897643", "Barbara Lukesch": "Q807543", "Renate Franz": "Q1299566", "Elena Lappin": "Q1246276", "Brigitte Fehrle": "Q916255", "Christina Zacker": "Q1083316", "Anna-Bianca Krause": "Q558895", "Hannelore Fischer": "Q1575865", "Rebecca Casati": "Q2134904", "Val\u00e9rie Lain\u00e9": "Q3554276", "Inger Arenander": "Q4936411", "Dagmar von Cramm": "Q1157336", "Eva Karnofsky": "Q1314423", "Gisela Hopfm\u00fcller": "Q1527366", "Ines Veith": "Q1662237", "Ingrid Mylo": "Q1663362", "Marilina Intrieri": "Q3847962", "Dominique Leglu": "Q3035281", "Marjan van den Berg": "Q2382562", "Annemarie van Gelder": "Q2133614", "Danica Sim\u0161i\u010d": "Q1567700", "Barbara B\u00fcrer": "Q807378", "Carmen Lasorella": "Q3660309", "Antonella Appiano": "Q3618900", "Milka Pavli\u0107evi\u0107": "Q1657318", "Brigitte Bastgen": "Q916133", "Yvonne Wussow": "Q1609693", "Susanne P\u00e4ch": "Q2369425", "Esther Heboyan": "Q3058971", "Muriel Siki": "Q3328128", "Daria Colombo": "Q3702526", "Tithi Hahn": "Q4952030", "Carmen Ord\u00f3\u00f1ez": "Q4895658", "Dagmar Seifert": "Q1157324", "Vita Ramm": "Q4389759", "Anna La Rosa": "Q3617719", "Lal\u0259 Abbasova": "Q4054405", "Beatriz P\u00e9cker": "Q4877268", "Kathy Lindekens": "Q2056848", "Ebba Linds\u00f6": "Q4963031", "Betty Mellaerts": "Q2217548", "Florence Klein": "Q3073991", "Donatella Scarnati": "Q3713712", "Mich\u00e8le P\u00e9tin": "Q3311677", "Pierrette Nardo": "Q3387901", "Carmen Gurruchaga": "Q2893588", "Nathalie de Broc": "Q3336689", "Martine Maul\u00e9on": "Q3295811", "Viviane Teitelbaum": "Q3561589", "Evi Kurz": "Q1382351", "Martine Tanghe": "Q2033486", "Anadela Serra Visconti": "Q3614882", "Anita Hallberg Egervall": "Q4952130", "Angelika koller": "Q534394", "Teresa Armato": "Q3984266", "Olga Wornat": "Q2019748", "Rita Pinci": "Q3937245", "B\u00e4rbel Schwertfeger": "Q1019048", "Dagmar R\u00f6hrlich": "Q1157316", "Jacqueline Stuhler": "Q1419851", "Isabella Maria Fischli": "Q1673587", "Sabine Stamer": "Q1674341", "Judith Rauch": "Q1711070", "Anna Elisabeth Jessen": "Q1715927", "Katharina Krawagna-Pfeifer": "Q1735935", "Maria Kniesburges": "Q1779154", "Rita Hen\u00df": "Q2154915", "Sigrid Faltin": "Q2285248", "H\u00e9l\u00e8ne Polle": "Q3144838", "Erzs\u00e9bet Moln\u00e1r": "Q1178589", "Varvara Kalpidi": "Q4210563", "Yekaterina Ufimtseva": "Q4479143", "H\u00e9l\u00e8ne Benno": "Q4938212", "Suzanne Khardalian": "Q4958691", "Agneta Lagercrantz": "Q4960503", "Patricia Martin": "Q3369124", "Aleksandra Livanskaya": "Q4260942", "Fabian Gastellier": "Q3063512", "Annemieke Hendriks": "Q2954211", "Marida Lombardo Pijola": "Q3847835", "Eva Goris": "Q1146064", "T\u00fcnde Emese Puskel": "Q1241645", "Maria Luisa Vincenzoni": "Q3847392", "Marie Colmant": "Q3292448", "Linda De Win": "Q2084724", "Marcella De Palma": "Q3845495", "Marie-Pascale Osterrieth": "Q3292178", "Graziella De Palo": "Q3776073", "Paola Severini": "Q3893628", "Ines Eck": "Q1275638", "Catherine Barry": "Q2941822", "Nataliya Khatkina": "Q4496545", "Fran\u00e7oise Joly": "Q3086521", "Antonella Rampino": "Q3618936", "Emanuela Baio Dossi": "Q3723837", "Ingeborg Harms": "Q1662889", "Giuseppina Paterniti": "Q3771691", "Isabelle Morini-Bosc": "Q3154991", "Judit Csurgay": "Q874839", "Gitti M\u00fcller": "Q1527831", "Jessie De Caluw\u00e9": "Q3836811", "Nataliya Gevorkyan": "Q4134677", "Alessandra Valeri Manera": "Q3609713", "Alessandra Comazzi": "Q3609677", "Christine Goll": "Q117095", "Romaine Jean": "Q3440797", "Katharina Wolkenhauer": "Q1736020", "Rachelle Greef": "Q2023334", "Anne Magnien": "Q2851189", "Marie-Jos\u00e9 Turcotte": "Q3291988", "Antonella Ferrera": "Q3618925", "Anne R\u00fcffer": "Q565761", "Christiane Grefe": "Q1082681", "Eva Schumann": "Q1379480", "Susanne Sterzenbach": "Q1425866", "Ute B\u00f6nnen": "Q1451388", "Hanni H\u00fcsch": "Q1576133", "Ulrike Ackermann": "Q2477193", "Louise Eek": "Q4945803", "Cesara Buonamici": "Q3665310", "Franca Chiaromonte": "Q3749290", "Marie-Th\u00e9r\u00e8se Weber-Gobet": "Q1541414", "Barbara Thoma\u00df": "Q807666", "Petra Cremers": "Q2972990", "Inna Anatolevna Simonova": "Q4419768", "Laurence Lacour": "Q3218906", "Ulrika Knutson": "Q4959268", "Pina Varriale": "Q3905085", "Gunilla Kindstrand": "Q4958827", "B\u00e9atrice d'Irube": "Q2929488", "Patricia Balme": "Q3369076", "Marjoleine de Vos": "Q2517355", "Olga Petrovna Koltsova": "Q4229010", "Marion von Haaren": "Q1899274", "Marcia Zuckermann": "Q1893540", "Olga Anatolevna Karlova": "Q4215281", "Annika Creutzer": "Q4943610", "Karin Lambert-Butensch\u00f6n": "Q1729487", "Nina Lekander": "Q4961666", "Astrid Paprotta": "Q105534", "Isabella Klausnitzer": "Q1673601", "Marie-Jos\u00e9 Auderset": "Q3291972", "Hannelore Veit": "Q1575912", "Claudia Peroni": "Q3679869", "Jos\u00e9 Smits": "Q2668801", "Leslie Bedos": "Q3236685", "V\u00e9ronique Auger": "Q3564264", "Maria Concetta Mattei": "Q3847209", "Marina Dalcerri": "Q3848021", "Alla Manilova": "Q4280443", "Margriet Brandsma": "Q1837834", "Ekaterina Rozhdestvenskaya": "Q4396161", "Karine Khodikyan": "Q4498755", "Annick Cojean": "Q2851571", "B\u00e9atrice Fontanel": "Q2929438", "Andrea Przyklenk": "Q494859", "Tiziana Ferrario": "Q2791417", "Colet van der Ven": "Q2089112", "Valeria Alinovi": "Q4007785", "Sandra Amurri": "Q3948149", "Katalin L\u0151rinc": "Q1160716", "Lyudmila Telen": "Q4454064", "Sibylle Bassler": "Q2280964", "Moony Witcher": "Q3862781", "Liisa Koivulehto": "Q4413431", "Susanne Gelhard": "Q2369222", "Emanuela Falcetti": "Q3723842", "Miriam Lewin": "Q1177604", "Ulrike Sommer": "Q2477477", "Grazia Lissi": "Q3775990", "Nicole Mar\u00e9chal": "Q2399632", "Marika Ehrenkrona": "Q4945891", "Alix de Saint-Andr\u00e9": "Q2837307", "Annie Lemoine": "Q2851679", "Sylvie Faiderbe": "Q3507314", "S\u00edlvia C\u00f3ppulo": "Q925298", "Katrin Jakobsen": "Q4956211", "Birgitta L\u00e4ndin": "Q4964477", "Anna Mieszkowska": "Q562487", "Johanna Henkel-Waidhofer": "Q916381", "Gabriele Riedle": "Q1247049", "Johanna Romberg": "Q1396205", "Judith Gr\u00fcmmer": "Q1471151", "Gabriele Gillen": "Q1490293", "Karin Lehner": "Q1729490", "V\u00e9ronique Bizot": "Q1747002", "Marina Rumjanzewa": "Q1898282", "Hetty Nietsch": "Q2268472", "Caroline van Dullemen": "Q2786465", "Marie-Luise Schmidt": "Q1897200", "Val\u00e9rie Lecasble": "Q3554282", "Wilma Nanninga": "Q2052699", "Silvia Ronchey": "Q405548", "Flavia Perina": "Q3472189", "Sabine Ebert": "Q2209674", "Marieke Henselmans": "Q2640052", "Margriet Vroomans": "Q4465025", "Ute Frieling-Huchzermeyer": "Q2502972", "M\u00e1rtonfi Benke M\u00e1rta": "Q1212449", "Inge Kelm-Kahl": "Q1662785", "Maria Teresa Lamberti": "Q3847556", "Kristina Adolfsson": "Q4933941", "Tamara Iskandariya": "Q4450807", "Liesbeth Koenen": "Q2626265", "Patrizia Giancotti": "Q3897819", "Tatsyana Mushynskaya": "Q4309083", "Karin Rondia": "Q3193254", "Claretta Muci": "Q3679112", "Angela Lorente": "Q2849380", "Ellen Verbeek": "Q2125418", "Natasha Manor": "Q4280554", "Antonia G\u00f6ssinger": "Q598355", "Birgit Lohmeyer": "Q865275", "Susanne Conrad": "Q2369162", "Elena Prudnikova": "Q4382467", "Dominique Nora": "Q3035358", "Cecilia Bodstr\u00f6m": "Q4939750", "Federica Sciarelli": "Q3741576", "Tatyana Sedykh": "Q4412976", "Sylv\u00e1na R\u00e1pti": "Q3507433", "Gisela Widmer": "Q1352100", "Marina Timasheva": "Q4457338", "Carine Vyghen": "Q2938812", "Nedjma Chaouche": "Q4942554", "Yolaine de La Bigne": "Q3572467", "Constanze Kleis": "Q1128113", "Doroth\u00e9e Benoit Browaeys": "Q3037198", "Karin Bergqvist": "Q4938629", "Kerstin Lundell": "Q4964040", "Dilek Zapt\u00e7\u0131o\u011flu": "Q100600", "Barbara Supp": "Q807660", "Birgit Virnich": "Q865359", "Birgit Wentzien": "Q865366", "Daniela Thiele": "Q1163588", "Elisabeth Herrmann": "Q1329983", "Gabriele B\u00e4rtels": "Q1490177", "Marlies Gr\u00f6tzinger": "Q1902066", "Tatjana D\u00f6nhoff": "Q2395601", "Mala Kishoendajal": "Q2842681", "Corinne Jaquet": "Q2997337", "Martine Maelschalck": "Q3295801", "Marta Franceschini": "Q3849942", "J\u011bwa-Marja \u010cornakec": "Q106549", "Angela Maas": "Q532911", "Susanna Schwager": "Q2369083", "Jannetje Koelewijn": "Q2619952", "Helga Pankratz": "Q1602253", "Gudrun Harrer": "Q1553090", "Annette Seemann": "Q125188", "Karin Bojs": "Q4939858", "Andrea Cambern": "Q4755001", "Barbara Parodi Delfino": "Q3634668", "Andrea Gerster": "Q493945", "Nathalie Rheims": "Q3336666", "Sophie Avon": "Q3490840", "Andrea Fehringer": "Q493862", "Ma\u0142gorzata Malicka": "Q3303450", "Halyna Vdovychenko": "Q4105673", "Boel Adler": "Q4933878", "Natalya Gorbacheva": "Q4143604", "Marina Yudenich": "Q4533761", "Marcella Danon": "Q3845494", "Ariane Bonzon": "Q2861178", "Florence Heiniger": "Q3073980", "Heike G\u00f6bel": "Q1339693", "Nadine Hostettler": "Q1333855", "Annette Meyh\u00f6fer": "Q2653203", "Fabienne Vande Meerssche": "Q3063706", "Borka Rudi\u0107": "Q1845813", "Isabelle Quenin": "Q3155018", "Gabriela Stockmann": "Q1490060", "Christine Eichel": "Q1083499", "Val\u00e9rie Nataf": "Q3554296", "Marja Pruis": "Q2228573", "Tina Kieffer": "Q3529126", "Laurence Chauvy": "Q3218872", "T\u00fcnde Kiszel": "Q1112538", "Sabine K\u00f6hne": "Q1433402", "Christa Schmidt": "Q1078180", "Yelena Vartanova": "Q4104012", "Helena Berg": "Q4938293", "In\u00e9s Garland": "Q1671871", "Anne Tristan": "Q2851299", "Christine Pedotti": "Q2965969", "Monique Atlan": "Q3320794", "Annette Birschel": "Q105847", "Cristina Civale": "Q142298", "Gisela Steinhauer": "Q1527448", "Ira Diana Mazzoni": "Q1672327", "Martina Salomon": "Q1905502", "Margot Dijkgraaf": "Q2452479", "Bettina Haskamp": "Q2661277", "Bettina Grosse de Cosnac": "Q2661282", "Annemie Peeters": "Q4703913", "Marita Lindqvist": "Q4962903", "Darya Chervonenko": "Q4512160", "Isabelle de Muyser": "Q3155077", "Annie-Paule Derczansky": "Q2851607", "Anna Masera": "Q3617780", "Isabelle Motrot": "Q3154993", "Sophie Dufau": "Q3490924", "Sabine M. Gruber": "Q2209811", "Florence Quentin": "Q3074021", "Britta Sch\u00f6ffmann": "Q920817", "Alexandra Schwartzbrod": "Q2833314", "Marianne Fassbind": "Q1896797", "Antonietta De Lillo": "Q598780", "Irina Petrovskaya": "Q4361147", "Fr\u00e9d\u00e9rique Lantieri": "Q3090381", "Annette Ramelsberger": "Q566681", "Ilona Varga": "Q571217", "Marina Koroljova": "Q4233906", "Sophie Coignard": "Q2961024", "Dagmar Engel": "Q1157268", "Rozenn Milin": "Q3446348", "Martina E\u00dfer": "Q1290864", "Gerlinde Unverzagt": "Q1513761", "Isabelle Martinet": "Q3154978", "\u00c9lisabeth Campos": "Q3587861", "Caroline Brun": "Q2939966", "Isabelle L\u00e9vy": "Q3154969", "Yelena Kolyadina": "Q4229075", "Irene Brickner": "Q1672489", "Eva Christina Zeller": "Q1379152", "Viviane Moore": "Q3561586", "Diletta Petronio": "Q3707675", "Larisa Vadimovna Volodimerova": "Q4123763", "\u00c9lise Fontenaille": "Q3587946", "Maria Grazia Capulli": "Q3847305", "Guilaine Chenu": "Q3119520", "Sabine Hartelt": "Q2209733", "Natalia Darialova": "Q4155157", "Saskia Dekkers": "Q2557093", "Ferdos Forudastan": "Q106003", "B\u00e9atrice Delvaux": "Q2351984", "Odile Conseil": "Q3349232", "\u00c9lisabeth Barill\u00e9": "Q3587847", "Sabine T\u00f6pperwien": "Q2209954", "Caroline Mart": "Q2940036", "Marion Strecker": "Q252937", "Lina Erkelius": "Q4947093", "Barbara di Castri": "Q3634699", "Maria Leitner": "Q3847360", "Laurence Vidal": "Q3218950", "Beatrice M\u00fcller": "Q813260", "Patrizia Finucci Gallo": "Q3897816", "Catherine Nayl": "Q2942017", "Michaela Nolte": "Q1930085", "Jacqueline de Gier": "Q1967114", "Florence Ben Sadoun": "Q3073938", "Marie-France Etchegoin": "Q3291786", "Susanne F\u00fclscher": "Q96348", "Ingrid Reichel": "Q465378", "Andrea Gorys": "Q493970", "Sherry Jones": "Q543243", "Arina Avram": "Q661589", "Beate Schlanstein": "Q813191", "Christine Kubis": "Q1083639", "Viola Falkenberg": "Q1281679", "Sabine R\u00fcckert": "Q1386677", "Meike Fe\u00dfmann": "Q1772348", "Eveline Lubbers": "Q2131551", "Sabine B. Vogel": "Q2209593", "Silke Sch\u00fctze": "Q2286233", "Ulrike Dotzer": "Q2477259", "Waltraud Langer": "Q2547619", "Christiane R\u00f6singer": "Q1082807", "Kay Rush": "Q3814080", "Margot Kahli": "Q3290627", "Heidi Avellan": "Q4937043", "Cinzia Maltese": "Q3677350", "Laura Mambelli": "Q3827805", "Manuela Minelli": "Q3845098", "Annemie Struyf": "Q2232983", "Clare Ann Matz": "Q3679100", "Susanna Petruni": "Q3978263", "Isabelle Jupp\u00e9": "Q3154954", "Marion Brasch": "Q1899119", "Susanne Ljung": "Q4963277", "Phara de Aguirre": "Q1960385", "Didi Leoni": "Q3707021", "Elisabeth von Thadden": "Q1330492", "V\u00e9ronique Mourousi": "Q3564345", "Annette Milz": "Q566654", "Maria Grazia Mazzola": "Q3847314", "Jeanet Schuurman": "Q2099516", "Petra van Oyen": "Q1629338", "Paola Caridi": "Q3893538", "Auberi Edler": "Q2870566", "Simonetta Martone": "Q3961297", "Marie-\u00c8ve Malouines": "Q3292307", "Evi Seibert": "Q1382356", "Doris Appel": "Q1245092", "Barbara Gantenbein": "Q807430", "Valeria Benatti": "Q4007788", "Heike Melba-Fendel": "Q1594492", "Annalisa Spiezie": "Q3617906", "Valentina Pimanova": "Q4362890", "Ursula Heller": "Q2501656", "Maria Teresa Meli": "Q3847559", "Fernanda Moneta": "Q3742864", "Catherine Jentile": "Q2941952", "Sophie Ch\u00e9rer": "Q3490883", "Francesca Grimaldi": "Q3749410", "Fred Romano": "Q3086940", "Susanne Holst": "Q1417635", "Ksenya Ponomaryova": "Q4372001", "Maria Laura Rodot\u00e0": "Q3847356", "Maja Aase": "Q4933516", "Galina Pilipenko": "Q4362713", "Birgit Huonker": "Q865250", "Anja Tuckermann": "Q551308", "Lucie Pag\u00e9": "Q3265292", "Lucia Zorzi": "Q3838488", "B\u00e9n\u00e9dicte des Mazery": "Q2929909", "Chantal Tauxe": "Q2956324", "Laure Mandeville": "Q3218771", "Suzan Samanc\u0131": "Q3675518", "Alexandra de Blas": "Q4720781", "Andrea Nienhuisen": "Q494585", "Anna Brodskaja-Bomke": "Q559864", "Gabi Ludwig": "Q1236877", "Serap Berrakkarasu": "Q1379252", "Maren Gottschalk": "Q1894678", "Mariam Lau": "Q1896609", "Ursula Weidenfeld": "Q2501922", "Stella Braam": "Q2531736", "Colette Lespinasse": "Q2982502", "Tineke Bennema": "Q3126527", "Liesel Schiffer": "Q3238244", "Yekaterina Glushik": "Q4140365", "Maria Herngren": "Q4953768", "Oksana Naychuk": "Q4312474", "Heike Schmoll": "Q1594575", "Uschi Fellner": "Q2502438", "Caroline Bourgine": "Q2939961", "Christine Haiden": "Q1083574", "Cl\u00e9mentine Portier-Kaltenbach": "Q2980744", "Gabi Molitor": "Q1488469", "Annette Jensen": "Q566599", "Agneta Furvik": "Q4949286", "Paola Rivetta": "Q3893623", "Ina Ruck": "Q1660863", "Siria Magri": "Q3962032", "LaLaura": "Q3820595", "Erika Bjerstr\u00f6m": "Q4939203", "Ingrid Thurnher": "Q1608032", "Elsa Di Gati": "Q3723672", "Ute Passarge": "Q2503083", "Bettina Reitz": "Q850033", "Marjan Moolenaar": "Q1971325", "Carmen Butta": "Q1043628", "Astrid Frohloff": "Q750560", "Katja Stauber": "Q1384116", "Sophie Fontanel": "Q3490937", "Aleksandra Barshchevskaya": "Q4078817", "Ewa Wanat": "Q279805", "Tatyana Koshkaryova": "Q4237066", "Julia Boenisch": "Q1711820", "Dominique Costermans": "Q3035081", "Tanja Langer": "Q102564", "Katja Burghardt": "Q1736612", "Shogher Matevosyan": "Q4284697", "Anita Stocker": "Q550876", "Christiane Poertgen": "Q1082795", "Mian Lodalen": "Q4963405", "Andrea Szenes": "Q1620573", "Birgitta Weber": "Q865396", "Lynn Wesenbeek": "Q2796582", "Iren Rozdobudko": "Q4396482", "Mirjam de Rijk": "Q2451404", "Kerstin Decker": "Q1739650", "Aldith Hunkar": "Q2674823", "Galina Ledogorova": "Q4406731", "Nicola F\u00f6rg": "Q1986104", "Zora del Buono": "Q220473", "Laura Rangoni": "Q3827832", "Judith Waintraub": "Q3188013", "Montserrat Dom\u00ednguez": "Q384572", "Anke Pl\u00e4ttner": "Q556841", "Brigitte H\u00fcrlimann": "Q916362", "Claudia Dantschke": "Q1097396", "Stella Bettermann": "Q1410807", "Sabine Adler": "Q1627972", "Inken Steen": "Q1663676", "Suzan G\u00fclfirat": "Q1670557", "Lingyuan Luo": "Q1877527", "Silke Hellwig": "Q2286185", "Greet De Keyser": "Q2302476", "Arianna Dagnino": "Q3622521", "Claudia Laffranchi": "Q4255301", "Monika Bittl": "Q1944573", "Gabriella Jakupcsek": "Q1099441", "Lucia Bellaspiga": "Q3838443", "\u041a\u0443\u0440\u0441\u0430\u043d\u043e\u0432\u0430 \u041c\u0430\u0440\u0438\u043d\u0430 \u0412\u0438\u043a\u0442\u043e\u0440\u043e\u0432\u043d\u0430": "Q4248812", "Marl\u00e8ne de Wouters": "Q2603752", "Laura Cannav\u00f2": "Q3827745", "Polly Adler": "Q534298", "Christiane Brehl": "Q1082634", "Britta von Lojewski": "Q920875", "\u00c9lisabeth Quin": "Q3587913", "Jos\u00e9e Blanchette": "Q3186628", "Val\u00e9rie Expert": "Q3554254", "B\u00e9atrice Massenet": "Q2929464", "Kseniya Larina": "Q4243312", "Gila Lustiger": "Q91358", "Juliane Hielscher": "Q1712105", "Kathrin Zechner": "Q2740051", "Dorothee Nolte": "Q1250220", "Gisela Dachs": "Q1527295", "Sabina Kasslatter Mur": "Q2209534", "Fatoumata Sidib\u00e9": "Q3067272", "Pascale Clark": "Q3367663", "V\u00e9ronique Anger": "Q2407513", "Albina Aleksandrovna Nikitina": "Q4319785", "Eva Twaroch": "Q1379521", "Xandra Schutte": "Q120167", "Madeleine Cederstr\u00f6m": "Q4942433", "Nausicaa Marbe": "Q2588276", "Johanna Parikka Altenstedt": "Q4935302", "Kathrin Lehmann": "Q1736502", "Giulia Foss\u00e0": "Q3769261", "Alessandra Borghese": "Q2641037", "Donatella Bianchi": "Q3713691", "Adele Ammendola": "Q3605173", "Sonia Dubois": "Q3490423", "Gabriella Ahlstr\u00f6m": "Q4934568", "Isabelle Giordano": "Q3154931", "Kathleen Cools": "Q2210421", "H\u00e9l\u00e8na Villovitch": "Q3144692", "Sabina Marchesi": "Q3944291", "Elena Smekhova": "Q4424481", "Menna Laura Meijer": "Q2530194", "Anne-Sophie Mercier": "Q2850934", "Petra A. Bauer": "Q103449", "Andrea Jeska": "Q494148", "Anke Stessun": "Q556877", "Annett Gr\u00f6schner": "Q566487", "Annette Sabersky": "Q566686", "Tina Mendelsohn": "Q998739", "Cathrin B\u00f6hme": "Q1051112", "Claudia Buckenmaier": "Q1097352", "Kirsten Pie\u034f\u0308ch": "Q1331425", "Klaudia Wick": "Q1375707", "Gisa Kl\u00f6nne": "Q1527156", "Heike G\u00f6tz": "Q1594517", "Katharina Leyen": "Q1736047", "Mella Waldstein": "Q1739821", "Mabel van den Dungen": "Q2038375", "Ute Welty": "Q2503166", "Florence Servan-Schreiber": "Q3074032", "Suzanna Jansen": "Q3193568", "Marie-H\u00e9l\u00e8ne Duvignau": "Q3291871", "Pilar Rodr\u00edguez Birrell": "Q3388379", "Kristina Hultman": "Q4955060", "Ulrike Herrmann": "Q106405", "Ariane Dayer": "Q2861186", "Elena Fontanella": "Q3721422", "Janine Hoekstein": "Q2468050", "Rapha\u00eblle Bacqu\u00e9": "Q3419553", "Cilla Benk\u00f6": "Q4938181", "Diana Pe\u010dkaj Vukovi\u0107": "Q3446065", "Elisabetta Caporale": "Q3723211", "Lottie Knutson": "Q4959266", "Katrin M\u00fcller-Walde": "Q1372963", "Barbara Bollwahn": "Q123720", "Eva Beckman": "Q4937882", "Maria Luisa Busi": "Q1896111", "Sigrid Spruyt": "Q2690066", "Constanze Angermann": "Q1128092", "Corinna Waffender": "Q1132861", "Benedetta Corbi": "Q3638014", "Irma d'Alessandro": "Q3802073", "Ira von Mellenthin": "Q1672334", "Cunera van Selm": "Q2695202", "Inge Kloepfer": "Q1434457", "Ann-Marie Ljungberg": "Q4963291", "Sveva Sagramola": "Q3978512", "Gy\u00f6rgyi Albert": "Q577797", "Daniela Lager": "Q1163459", "Esther von Krosigk": "Q1370145", "Irina Yasina": "Q4230839", "Monica Maggioni": "Q3860829", "Flavia Fratello": "Q3746438", "Raffaella Corradini": "Q3929209", "Elena Geus": "Q1327868", "Fran\u00e7oise Degois": "Q3086450", "Maryse Burgot": "Q3296318", "Chalora Karat": "Q4506946", "Katia Ippaso": "Q3813941", "Dominique van der Heyde": "Q2460657", "Murielle Szac": "Q3328148", "Maryna Pyrozhuk": "Q4363438", "Kerstin Jentzsch": "Q1244561", "Esther B\u00e9gin": "Q3058953", "Monica Setta": "Q3860841", "Antje W\u00f6hnke": "Q584944", "Desir\u00e9e Treichl-St\u00fcrgkh": "Q1200740", "Franziska Augstein": "Q1450076", "Antje Schrupp": "Q584860", "Ilka E\u00dfm\u00fcller": "Q1658691", "Roselyne Febvre": "Q3442488", "Val\u00e9rie Maurice": "Q3554290", "Yael Hedaya": "Q1440202", "Claudine Bourbonnais": "Q2978461", "Alessandra Arachi": "Q3609657", "Lidwien Gevers": "Q2232346", "Stefania Piazzo": "Q3972311", "Anja Caspary": "Q551050", "Karen-Susan Fessel": "Q106873", "Simone von Stosch": "Q2288183", "Joanie de Rijke": "Q2671426", "Isabel Dur\u00e1n": "Q2917303", "Amy Kellogg": "Q4749261", "Andrea R\u00f6pke": "Q494969", "Annette Kerckhoff": "Q566613", "Ariane Vuckovic": "Q655833", "Babette Michel": "Q797659", "Beate Lakotta": "Q813154", "Birgit Donker": "Q865210", "Caroline Elias": "Q1044480", "Catherine Ann Berger": "Q1050917", "Claudia Schick": "Q1097752", "Elisabeth Niejahr": "Q1330159", "Rita Werner": "Q1399794", "Jessica Schellack": "Q1515349", "Petra Pinzler": "Q2080308", "V\u00e9ronique de Saint-Vaulry": "Q3564385", "Hanne Kj\u00f6ller": "Q4959036", "Anna Kachkayeva": "Q4217990", "Unni Jerndal": "Q4956648", "Stina Abenius": "Q4933594", "Susanne Kronzucker": "Q975140", "Nicole le Fever": "Q2169653", "Maiken Nielsen": "Q1701258", "Daniela Palumbo": "Q3701814", "Nina Obrezkova": "Q3744248", "Astrid Randerath": "Q750747", "Beate Krafft-Sch\u00f6ning": "Q813155", "Monica Leofreddi": "Q3860827", "N\u00f3ra Szily": "Q1298421", "Clarissa Ahlers": "Q1095610", "Astrid Kofler": "Q750624", "Cecilia Valenzuela": "Q2884673", "Sherry Wolf": "Q573674", "Ildik\u00f3 Bal\u00e1zs": "Q789850", "Sabine K\u00fcchler": "Q1670921", "Suska D\u00f6pp": "Q1322712", "Nathalie Le Breton": "Q3336620", "Anne Goderniaux": "Q2851117", "Alexandra Ernst": "Q1606376", "Monique Punter": "Q2203377", "Martina Chyba": "Q3295704", "Petra von Olschowski": "Q1276984", "Alix Girod de l'Ain": "Q2837273", "Liudmila Rublie\u016dskaja": "Q3920087", "Yelena Afanasyeva": "Q4072675", "Yelena Syanova": "Q4447842", "Bettina R\u00fchl": "Q850038", "Stina Gardell": "Q4949497", "Laurence Bobillier": "Q3218861", "Fiona Hering": "Q2513982", "Manon Sikkel": "Q2392085", "Cecilia Garme": "Q4949553", "Sylvia Witteman": "Q1936571", "Lia Celi": "Q3831510", "Caroline Avon": "Q2939952", "Hessling Hegyi Erika": "Q1035829", "Ariane Massenet": "Q2861205", "Sabina Naber": "Q113691", "Valerie Weber": "Q2508857", "Brigitte B\u00fcscher": "Q916198", "Zo\u00e9 Varier": "Q3576209", "Katarina Gunnarsson": "Q4951408", "Colette van Luik": "Q4963853", "Evelin K\u00f6nig": "Q105178", "Anne Hahn": "Q565352", "Annette Bruhns": "Q566541", "Annette Le\u00dfm\u00f6llmann": "Q566636", "Antje Potthoff": "Q584760", "Cornelia Stolze": "Q1133440", "Doris Knecht": "Q1245209", "Maike Albath": "Q1574723", "Verena Schmitt-Roschmann": "Q1601888", "Ines Kr\u00fcger": "Q1662215", "Petra Werner": "Q2080384", "Tina Soliman": "Q2435561", "Johanna Spaey": "Q2784519", "Isabelle Daccord": "Q3154900", "Laurence Pieau": "Q3218925", "Pauline Valkenet": "Q3275406", "Bregtje van der Haak": "Q4670459", "Ina Bergmann": "Q1543705", "Lisa Ortgies": "Q1680826", "Cinzia Fiorato": "Q3677340", "Alice Brauner-Orthen": "Q1474567", "Christin-D\u00e9sir\u00e9e Rudolph": "Q1083053", "Lotta Fogde": "Q4948393", "Muriel Cousin": "Q3328104", "Domitilla Savignoni": "Q3713380", "Martina Bonnier": "Q4940024", "Christiane Gerboth-J\u00f6rges": "Q1082712", "Steffi von Wolff": "Q2338883", "Laura Baranyi": "Q790244", "Alessandra De Stefano": "Q3609683", "Katarina Bj\u00e4rvall": "Q4939243", "Nadezhda Yemelyanova": "Q4175423", "Katrin Sandmann": "Q1299562", "B\u00e9atrice Pign\u00e8de": "Q2929474", "Brita Cappelen M\u00f8ystad": "Q4946783", "Carlotta Mannu": "Q3660167", "Irina Kraeva": "Q4203175", "Judith Mayencourt": "Q3188002", "Ineke Moerman": "Q2627495", "Lidiya Sychyova": "Q4448318", "Harriet Heise": "Q1492980", "Monika Bulaj": "Q3860861", "Fr\u00e9d\u00e9rique Jourdaa": "Q3090380", "Kristien Bonneure": "Q2202101", "Colombe Schneck": "Q2984140", "Virginie Mouzat": "Q3560761", "Isabelle Meerhaeghe": "Q3154980", "Petra Gute": "Q2080197", "Renata Putzlacher-Buchtov\u00e1": "Q2581742", "Olivia de Lamberterie": "Q3350727", "Clara Block": "Q4939554", "Nadia Zicoschi": "Q3869846", "Isabelle Millet": "Q3154983", "Helga Hengge": "Q1499645", "Helle Klein": "Q4959068", "Manuela Moreno": "Q3845101", "Emma D'Aquino": "Q3724635", "Rosalie van Breemen": "Q2529433", "Birte Karalus": "Q865887", "Ariane Dollfus": "Q2861190", "Alena Valer\u02bae\u016dna Brava": "Q543679", "Ariane Jacobi": "Q655699", "Sara Daniel": "Q3473254", "Tania Hadjithomas Mehanna": "Q3515176", "Ginna Lindberg": "Q4962253", "Aysun Ertan": "Q793312", "Barbara van Beukering": "Q2502402", "Margarita Shilova": "Q4523854", "Monica Gasparini": "Q3860825", "Val\u00e9rie Durier": "Q3554252", "Dalia Ferreira": "Q2891813", "Elisa Anzaldo": "Q3723123", "Heidi Rehn": "Q1594348", "Fabiana": "Q3737562", "Britta Hilpert": "Q920735", "Karin Steinbach Tarnutzer": "Q1729562", "Helena Bengtsson": "Q4938131", "Claudia Cornelsen": "Q1097384", "Andrea Thilo": "Q495180", "Sybille Seitz": "Q1561873", "Carla Menaldo": "Q3658858", "Katia Noventa": "Q3813942", "Leila Chaieb": "Q2689682", "Kathy Pauwels": "Q3046997", "Sophie Loubi\u00e8re": "Q3490996", "Karen Ilse Horn": "Q1729249", "Sophie Gastrin": "Q2311440", "Judith Perrignon": "Q3188004", "Anna Jakt\u00e9n": "Q4956230", "Maria Gresz": "Q107310", "Christiane Schulzki-Haddouti": "Q1082820", "Kathrin Schirmer": "Q1553803", "Karin Wehn": "Q1729583", "Els van Diggele": "Q1952173", "Nele-Marie Br\u00fcdgam": "Q1975357", "Margot Vanderstraeten": "Q2571226", "Veronika Kutsyllo": "Q4249891", "Daniela Hooghiemstra": "Q4448351", "Anna-Klara Bratt": "Q4940485", "Hilke Petersen": "Q1618627", "Gunilla Bergensten": "Q4938383", "Ir\u00e9n K\u00e1rm\u00e1n": "Q1123352", "Christine Kopp": "Q1083633", "Annette Hess": "Q566588", "Susanne Gaschke": "Q104875", "Olga Yulianovna Semyonova": "Q4415885", "Catherine Lovey": "Q2941980", "Roberta Cardarelli": "Q3938493", "\u00c9va Fej\u0151s": "Q997952", "Bianca Caterina Bizzarri": "Q3639372", "Judith Koelemeijer": "Q1893677", "Caroline Kyberd": "Q2940013", "Carina Lindskog": "Q4962928", "Julia-Niharika Sen": "Q1711801", "Inka Schneider": "Q1251374", "T\u00edmea Horv\u00e1th": "Q1055633", "Christiane Hoffmann": "Q1082696", "Laurence Ostolaza": "Q3218921", "Svitlana Fabrykant": "Q4480326", "Sonja Hasler": "Q2301637", "Esther Mamarbachi": "Q3058979", "Tatyana Malkina": "Q4278010", "Beate Maxian": "Q813165", "Florence Belkacem": "Q3073937", "Kelly Madison": "Q242271", "Sophie Lacoste": "Q3490964", "Sibylle Sager": "Q2281033", "Anja Charlet": "Q551052", "Tiba Marchetti": "Q2431222", "Petra Ivanov": "Q2080218", "Bettina Rust": "Q850035", "Lena Johannson": "Q1536132", "\u00c9lise Karlin": "Q3587951", "Elena Guarnieri": "Q3721435", "Nathalie Collard": "Q3336555", "Franziska Reichenbacher": "Q1450171", "Anne Charlotte d'Ursel": "Q2851018", "Farian Sabahi": "Q3739587", "Annachiara Valle": "Q3617878", "Milena Vjatsjeslavovna Orlova": "Q4336747", "Margherita D'Amico": "Q3846935", "Euke Frank": "Q1373661", "H\u00e9l\u00e8ne Jouan": "Q3144785", "Eleonora Bagarotti": "Q3721769", "Agn\u00e8s Michaux": "Q2827001", "Ay\u015feg\u00fcl Acevit": "Q276390", "Angela Eder": "Q532738", "Arezu Weitholz": "Q643673", "Susanne Leinemann": "Q1259285", "Leo Busch": "Q1818505", "Susanne Fischer": "Q2369200", "Mari Forssblad": "Q4948582", "Alberta Marques Fernandes": "Q1678020", "Ildik\u00f3 von K\u00fcrthy": "Q1658374", "Sibylle Bamberger": "Q1561808", "Lucia Ingrosso": "Q3838454", "Goedele Devroy": "Q2800665", "Isabelle Foug\u00e8re": "Q3154923", "Daphn\u00e9 Roulier": "Q3015887", "C\u00e9line G\u00e9raud": "Q3010168", "Malika Nedir": "Q3282092", "Olena Styazhkina": "Q4444863", "Natacha Henry": "Q3336320", "Monica Vanali": "Q3860843", "St\u00e9phanie Bonvicini": "Q3502156", "Fadime \u00d6rg\u00fc": "Q517849", "Claudia Marchionni": "Q3679856", "Corinna Wolters": "Q1132866", "Victoria Davydova": "Q3557685", "Christine Kr\u00f6ger": "Q1083638", "Tatyana Ustinova": "Q3482274", "Sabina Stilo": "Q3944296", "Isabella Neven DuMont": "Q1673610", "Tiziana Panella": "Q3991982", "Myrta Merlino": "Q3869147", "Eva Baronsky": "Q1379111", "Marine": "Q3293192", "Carola Ferstl": "Q1044220", "G\u00f6rrel Espelund": "Q4947189", "Mina Nagashima": "Q326656", "Oksana Robski": "Q537320", "Sabrina Staubitz": "Q1247058", "Cristina Guerra": "Q3697538", "Yuliya Bystritskaya": "Q4101143", "Johanna Korhonen": "Q3180670", "Manon Dumais": "Q3286451", "Consuelo Mangifesta": "Q3687668", "Claudia Reiterer": "Q1097726", "Katharina Kramer": "Q1735932", "Katrin Pr\u00fcfig": "Q1696718", "Marianne Dubertret": "Q3291297", "Yulianna Shakhova": "Q4521296", "Catherine Boudet": "Q2941835", "Grethe Nestor": "Q1277823", "Susanne Wess": "Q1509606", "Brandie Knight": "Q4956697", "Tanja D\u00fcckers": "Q1549056", "Sheila Sitalsing": "Q1861445", "Brigitte Pavetic": "Q916564", "Kathrin Elfman": "Q1736484", "Sabrina Gandolfi": "Q3944357", "Marie-Ange Le Boulaire": "Q3291478", "Maggie Entenfellner": "Q1347714", "Zsuzsa Fekete": "Q998216", "Manon Loizeau": "Q3286461", "Nina Blazon": "Q104650", "Anna Engelke": "Q560287", "Belinda Rodik": "Q815623", "Cathrin Bonhoff": "Q1051109", "Cornelia D\u00f6rries": "Q1133312", "Husch Josten": "Q1439166", "Frauke Scheunemann": "Q1451952", "Janna Hagedorn": "Q1582509", "Hildegard Mathies": "Q1618353", "H\u00fcr\u00fc Meryem K\u00f6k": "Q1652453", "Iris Alanyali": "Q1672705", "Simona Ryser": "Q1686826", "Maxi Sickert": "Q1913794", "Marie-Jos\u00e9 Klaver": "Q2138749", "Mahasin al-Hawati": "Q3660650", "Izabela Sowa": "Q4426152", "Alexa Wolf": "Q2833075", "Jos\u00e9e Bilodeau": "Q3186626", "Warda Khaldi": "Q4958679", "Gabi Waldner": "Q1488487", "Antje Pieper": "Q584843", "Elisabeth Scharang": "Q1330244", "Anna Charlotta Gunnarson": "Q4951392", "Ulrike Hinrichs": "Q2477327", "Katja Thimm": "Q1170679", "Elizabeth Gummesson": "Q4951346", "Lucia Goracci": "Q3838453", "St\u00e9phanie Antoine": "Q3502149", "Signe Schlichtkrull": "Q2285190", "Gaia Tortora": "Q3757242", "Beatrice Ghezzi": "Q3637260", "Bettina Gundermann": "Q832627", "Moa Herngren": "Q4953771", "Jenni Zylka": "Q1686920", "Barbara Carfagna": "Q3634601", "Katrin Hu\u00df": "Q1281651", "Raffaella de Riso": "Q3929227", "Birgit von Bentzel": "Q865378", "Karin Frei": "Q1729432", "Hatice Aky\u00fcn": "Q1588908", "Patricia Figueroa": "Q2882778", "Caroline Boserup": "Q1044460", "Yuliya Bordovskikh": "Q4093510", "Anna Dahlberg": "Q4943937", "Nicole Westenfelder": "Q1721544", "Katja Sindemann": "Q1736662", "Caterina Ruggeri": "Q3663529", "Federica Balestrieri": "Q3741516", "Irina Lukyanova": "Q4269215", "Natalya Maltseva": "Q4279517", "Dace Ruk\u0161\u0101ne": "Q1156612", "Sandy Altermatt": "Q3948329", "Inna Kovtun": "Q4201154", "France Beaudoin": "Q3080629", "Agn\u00e8s Giard": "Q2826987", "Caroline Van den Berghe": "Q2445130", "Sonia Topazio": "Q3964776", "Vir\u00e1g Vass": "Q1402273", "Anne Gesthuysen": "Q565332", "Cornelia Vospernik": "Q1133453", "Ulrika K\u00e4rnborg": "Q4960315", "Catherine Siguret": "Q2942061", "Christina Harland": "Q1083167", "Iris Bethge": "Q1672712", "Johanne Montay": "Q3180700", "D\u00f3ra Esze": "Q991614", "Florence Duprat": "Q2365164", "Caroline Cartier": "Q2939970", "S\u00e9verine Daucourt-Fridriksson": "Q3511463", "\u041a\u0430\u043f\u0438\u0442\u043e\u043b\u0438\u043d\u0430 \u0414\u0435\u043b\u043e\u0432\u0430\u044f": "Q4212990", "Tinni Ernsj\u00f6\u00f6 Rappe": "Q4947144", "Salka Hallstr\u00f6m Bornold": "Q4952217", "Tina Hildebrandt": "Q1149021", "Sandra Willmeroth": "Q1262744", "Susann Sitzler": "Q1565102", "Rachel Papo": "Q1666221", "Juliane Caspar": "Q1712094", "Sylvia Englert": "Q1736611", "Sonya Winterberg": "Q2302507", "Andromeda Romano": "Q2324693", "Susana Santina": "Q2368991", "Deborah Gambetta": "Q3020856", "Florence Autret": "Q3073928", "Neslihan G\u00f6kdemir": "Q4153304", "Andrea Stassou": "Q4755282", "Helena Karlsson": "Q4958144", "Kajsa Lindohf": "Q4962865", "Caroline Munoz": "Q2940037", "Sabine Stamm": "Q2209853", "Ursula Hoffmann": "Q2501669", "Margarita Mitrofanova": "Q4296832", "Margriet van der Linden": "Q2188653", "Sabine Reber": "Q2209870", "Natalya Semenikhina": "Q4415246", "Sophie Verhoeven": "Q1938300", "Nataliya Metlina": "Q4291788", "Sita Mazumder": "Q2290477", "Abeer Almadawy": "Q4666491", "Tinna Jon\u00e9": "Q4957259", "Terry Schiavo": "Q3984820", "Eva Umbauer": "Q1379525", "Andrea Meier": "Q494439", "Hilal Sezgin": "Q1269123", "Karyn Nishimura-Poup\u00e9e": "Q3193639", "Anna Pankratova": "Q4344125", "Anzhelika Rudnytska": "Q4399540", "C\u00e9cile Narinx": "Q1811889", "Sabrina Donadel": "Q3944353", "Anni B\u00fcrkl": "Q566780", "Natalya Loseva": "Q4267158", "Lucella Carasso": "Q2321385", "Katja Kullmann": "Q1736640", "Dinesh Kumari Chenchanna": "Q1226321", "Alexandra Golovanoff": "Q2833275", "Anja Kohl": "Q109698", "Corinna Hilss": "Q1132831", "Mariya Lemesheva": "Q4257875", "Sanne Boswinkel": "Q1823232", "Nynke de Zoeten": "Q2688394", "Olga Nikolaevna Kostina": "Q4235392", "Tanja Busse": "Q2392650", "Uta Georgi": "Q2502746", "Yekaterina Ryndyk-Igol": "Q4402009", "Hiba Daniel": "Q4944168", "Elena Molinari": "Q3721459", "Pilar Kaltzada": "Q4890238", "Olga Pashkova": "Q4347603", "Francesca Fanuele": "Q3749397", "Pat Zapletal-Murphy": "Q2056596", "Valerie Haller": "Q101113", "Nadezhda Muravyova": "Q4307766", "Janira Majello": "Q3807049", "Aida Shtino": "Q403850", "Kerstin Petry": "Q1739690", "Catherine Van Eylen": "Q2046295", "Greet Op de Beeck": "Q2572978", "H\u00e9l\u00e8ne Risser": "Q3144843", "Mari\u00e1n de la Fuente": "Q3314709", "Rebecka Bohlin": "Q4939811", "Claudia Rusch": "Q90903", "C\u00e9cile Schortmann": "Q1150143", "Evelyn Finger": "Q1381728", "Jutta Sundermann": "Q1400904", "Nicole Maibaum": "Q1412088", "Irina Samochina": "Q1672673", "Johanna Adorj\u00e1n": "Q1696898", "Nadia Dala": "Q2140489", "Silvia Giralucci": "Q3960766", "Marcia Luyten": "Q4649637", "Steffi Neu": "Q1688666", "Anki Edvinsson": "Q4945775", "Szilvia Krizs\u00f3": "Q1121281", "Manuella Maury": "Q3287013", "Birgit Fenderl": "Q865215", "Nadia Le Brun": "Q3334875", "Anne-Gine Goemans": "Q564748", "Patricia Loison": "Q3369114", "Lies Martens": "Q2001179", "Evelina Khromchenko": "Q4501589", "Paola Maugeri": "Q3893590", "Andrea Kand\u00e1sz": "Q1104076", "Krisztina Hadas": "Q1032394", "Siska Mulder": "Q2120574", "Federica Brunini": "Q3741524", "Karlijn van Overbeek": "Q2174708", "Meike Kr\u00fcger": "Q1782550", "\u0424\u0438\u043b\u044c, \u0420\u0438\u043c\u043c\u0430 \u042d\u0434\u0443\u0430\u0440\u0434\u043e\u0432\u043d\u0430": "Q4484363", "Bettina Hammer": "Q832632", "Nathalie Renoux": "Q3336662", "Daniela Dinandt": "Q1163610", "Alexandra Vacano": "Q1660689", "Sanna L\u00fcning": "Q4964400", "Regina Myannik": "Q4310289", "Victoria Nikiforova": "Q4319956", "Corinna Lampadius": "Q1132837", "Lidiya Maslova": "Q4284026", "Katja Huber": "Q989817", "Laura Gobbetti": "Q3827781", "Diana Matroos": "Q2385696", "Agn\u0117 Zuokien\u0117": "Q395156", "Anja H\u00f6fer": "Q104435", "Sarah Khan": "Q2224395", "Annette Mingels": "Q566655", "Sla\u0111ana Bukovac": "Q2293957", "Karin Magnusson": "Q4964966", "Caroline Hamann": "Q1044499", "Jildou van der Bijl": "Q2643328", "Anna B\u00e4s\u00e9n": "Q4941502", "Ellen Alpsten": "Q99295", "Raquel Martos": "Q2841541", "Sandra Schuurhof": "Q1993369", "Kysia Hekster": "Q2007848", "Natascha Lusenti": "Q3870693", "Marie-Claude Savard": "Q3291730", "Tania de Montaigne": "Q3515187", "Cristiana Palazzoni": "Q3697415", "Elizaveta Listova": "Q4263452", "Elsa Pallot": "Q3051730", "Karelle M\u00e9nine": "Q3193088", "Anna Koblanck": "Q4959301", "Anne Zielke": "Q565904", "Canan B\u00fcyr\u00fc": "Q1032744", "Claudia Kr\u00fcger": "Q1097565", "Deniz Ba\u015fpinar": "Q1187836", "Dilek G\u00fcng\u00f6r": "Q1225463", "Kathrin Hartmann": "Q1736491", "Kerstin von der Linden": "Q1739706", "Petra Percher": "Q2080303", "Nicole van Est": "Q2281239", "Mickelle Haest": "Q2715249", "Claire Fournier": "Q2975036", "Jennie Dielemans": "Q4944808", "Katja Losch": "Q994680", "Natalija Vasi\u013cjeva": "Q4104747", "Sarah Varetto": "Q3950352", "Anna Matveyeva": "Q4284567", "Jennifer Pressman": "Q3807890", "Sofia Sokolova": "Q4427298", "Alexandra Diaz": "Q2833263", "C\u00e9line Pigalle": "Q3010182", "Zsuzsa R\u00e1cz": "Q934639", "Larisa Shteynman": "Q4526807", "Laurence Garcia": "Q3218894", "Wiebke Lorenz": "Q1258848", "Ina Dietz": "Q1274446", "Letizia Muratori": "Q3831060", "Rose-H\u00e9l\u00e8ne Ich\u00e9": "Q3442335", "Annika de Buhr": "Q567171", "Hella Hueck": "Q2648591", "Rafaela Lindeberg": "Q4962540", "Kata Jaksity": "Q1099433", "Ketty Riga": "Q3814784", "Eva-Lotta Hult\u00e9n": "Q4955023", "Caroline Roux": "Q2940048", "Nathalie Iannetta": "Q3336609", "Caroline Brou\u00e9": "Q2939965", "Annelies Rutten": "Q4027366", "Lia Capizzi": "Q3831511", "Chlo\u00eb des Lysses": "Q528292", "Marieke de Vries": "Q2203471", "Karina Marceau": "Q3193268", "Caroline Henry": "Q2940002", "Yuliya Kantor": "Q4212678", "Katia Clarens": "Q3194125", "Marleen Vanhecke": "Q2162306", "Benedetta Parodi": "Q3638022", "Indra Dewitte": "Q2203373", "Sanja Lu\u010di\u0107": "Q3948437", "Yana Chernukha": "Q4537828", "Dodo Roscic": "Q1234432", "Chiara Geronzi": "Q3667484", "Eva Weissenberger": "Q1379542", "Sunny Bergman": "Q2437114", "Jana Simon": "Q1313855", "Tatiana Potard": "Q3516053", "Rapha\u00eblle Duchemin": "Q3419559", "Rebekka Reinhard": "Q2134977", "Karla Constant": "Q2590893", "Rebecca Manzoni": "Q3421710", "Corinna Milborn": "Q1132843", "Karin af Klintberg": "Q4959155", "Aline Afanouko\u00e9": "Q2837018", "Yaiza Mart\u00ednez": "Q2838392", "Dalila Kerchouche": "Q3012397", "Elisabeth Logean": "Q3051095", "Sophie Jovillard": "Q3490956", "Stina Blomgren": "Q4939599", "\u00c5sa Erlandson": "Q4947110", "Ariane Reimers": "Q655795", "Astrid Herbold": "Q750591", "Jasna Zaj\u010dek": "Q1683840", "Kristl Strubbe": "Q2104346", "Jenny Berntson Djurvall": "Q4938822", "Ulrika Lidbo": "Q4962008", "St\u00e9phanie de Muru": "Q3502248", "Laura Di Salvo": "Q1807734", "Astrid Vits": "Q750902", "Lovisa Hamrin": "Q4952449", "Mel Wallis de Vries": "Q1883647", "Myret Zaki": "Q3331489", "Natasha Bounteska": "Q128475", "Yelena Vychodtseva": "Q4129902", "Cristina Fantoni": "Q3697529", "\u0641\u064a\u0631\u0648\u0632 \u0632\u064a\u0627\u0646\u064a": "Q2689622", "Victoria Farkas": "Q3343064", "Oksana Marchenko": "Q4283159", "Domenika Ahlrichs": "Q1237315", "Elena Percivaldi": "Q3721477", "Olga Bychkova": "Q4101321", "Hendrike Brenninkmeyer": "Q1605133", "Eleonora Benfatto": "Q3721773", "Liesbeth Staats": "Q2249842", "Julia B\u00f6hm": "Q1433100", "Katharina Born": "Q1735873", "Vicky D\u00e1vila": "Q3701207", "Simona Rolandi": "Q3961168", "Yelena Zeyfert": "Q4190210", "Michelle Ferre": "Q453091", "\u00c5sa E. J\u00f6nsson": "Q4957727", "Silke Andrea Schuemmer": "Q2286141", "Charlotte Le Grix de La Salle": "Q2960990", "Annelies Beck": "Q1994539", "Val\u00e9rie B\u00e9ranger": "Q3554240", "Anna Prokhorova": "Q4382190", "Myriam Seurat": "Q3331548", "Barbara L\u00fcthi": "Q807541", "Anna Pavlova": "Q4341578", "Marion Pauw": "Q2044422", "Katia Chapoutier": "Q3194121", "Savka Pollak": "Q3474584", "Elin J\u00f6nsson": "Q4957702", "Cecilia Hansson": "Q4952595", "Patrice Fuchs": "Q2057118", "Carolina Jemsby": "Q4956519", "Malin H\u00e4renstam": "Q4955314", "Anna Ekelund": "Q4946056", "Ilaria Cavo": "Q3796301", "Tatjana Ge\u00dfler": "Q2395604", "Ana Furtado": "Q4590811", "Linda Lorin": "Q3241359", "Jonna Bergh Wahlstr\u00f6m": "Q4938467", "Ann-Katrin Schr\u00f6der": "Q558014", "Karine Champagne": "Q3193275", "Yelena Ishcheyeva": "Q4205725", "Kerstin J\u00e4ckel": "Q1739666", "Christiane Teschl-Hofmeister": "Q1082839", "Mikaela Calcagno": "Q3857336", "Paola Cambiaghi": "Q3893535", "Luc\u00eda L\u00f3pez": "Q971401", "Anne Lagercrantz": "Q4960507", "Susanne Delastacia": "Q4944511", "Asl\u0131 Sevindim": "Q732832", "Orianne Charpentier": "Q3356264", "Terese Cristiansson": "Q4943630", "Lena Malmberg": "Q4965172", "\u00d6zlem Sar\u0131kaya": "Q307925", "Astrid Geisler": "Q750566", "Esma Annemon Dil": "Q1367894", "Petra Mauer\u00f6der": "Q1430390", "Julia Sch\u00f6ning": "Q1711915", "Stella Luncke": "Q2342138", "Isabelle Regnier": "Q3155021", "Allison Kugel": "Q4732781", "Johanna B\u00e4ckstr\u00f6m Lerneby": "Q4941464", "\u00dclk\u00fc Holago": "Q4954363", "Cecilia Lindgren": "Q4962723", "Naeeda Aurangzeb": "Q2466240", "Veronica Gervaso": "Q4010184", "Marie Mamgioglou": "Q3292672", "Agnieszka Rylik": "Q187353", "Lorena Bianchetti": "Q3836831", "Valentina Bisti": "Q4007667", "Candida Morvillo": "Q3655195", "Galina Prokhorova": "Q4382191", "Felicitas von Lovenberg": "Q1309936", "Tamara Bok": "Q2776904", "Ika Johannesson": "Q4956813", "\u00c5sa Avdic": "Q4937041", "Susanne Wille": "Q2369578", "Paula Lambert": "Q2063565", "Laura D\u00fcnnwald": "Q1807741", "Anne-Isabelle Tollet": "Q2850789", "Julie Couture": "Q3189189", "Laetitia Barlerin": "Q3216061", "Beata Sadowska": "Q2362515", "Tamina Kallert": "Q1670221", "Barbara Barend": "Q2032684", "Kristina Sterz": "Q1789360", "Olimpia Ajakaiye": "Q3737144", "Carmen Stephan": "Q122743", "Antje Diller-Wolff": "Q584661", "Ana Plasencia": "Q121536", "Lou Lorenz-Dittlbacher": "Q1871294", "Adri Simon": "Q1288470", "Mariya Makeyeva": "Q4275670", "Vrouwkje Tuinman": "Q2229616", "Claudia von Brauchitsch": "Q1097913", "Laurence Roustandjee": "Q3218934", "Thais Villas": "Q1752213", "Barbara T\u00f3th": "Q89654", "Christine Emmerich": "Q1083506", "Kamilla Senjo": "Q2790996", "Lena Friblick": "Q4948926", "Irina Dragunskaya": "Q4167537", "Monica Van Campen": "Q3320747", "Annika Leone": "Q4961768", "Britta Wauer": "Q920860", "Manja Pr\u00e4kels": "Q1365965", "Ana Maria Sandu": "Q660373", "Kay-S\u00f6lve Richter": "Q1260748", "Okka Gundel": "Q2017267", "Cristina Zagaria": "Q3697566", "Linda Lundqvist": "Q4964212", "Julia Kr\u00f6hn": "Q88741", "Madlenka Scholze": "Q126173", "Catrin Barnsteiner": "Q1051270", "Christina Teuthorn": "Q1083301", "Daniela Schick": "Q1163544", "Kerstin Grether": "Q1245919", "Umida Niyozova": "Q1534543", "X\u00f3chil A. Sch\u00fctz": "Q1560464", "Meret Forster": "Q1636501", "Katrin Seibold": "Q1685686", "Juliane Hennig": "Q1712101", "Muriel Gremillet": "Q3328112", "Anna Landelius": "Q4960706", "La\u00ebtitia Allemand": "Q3220088", "Verena Wriedt": "Q1648347", "Ana Turpin": "Q2845013", "Natalya Makeyeva": "Q3870686", "Helena Bostr\u00f6m": "Q4940215", "Sonia Devillers": "Q3490422", "Kriszta D. T\u00f3th": "Q900732", "Agn\u00e8s Bonfillon": "Q2826967", "Anik\u00f3 Marsi": "Q1165808", "G\u00fcner Yasemin Balc\u0131": "Q1560215", "Natalya Radulova": "Q4387962", "Laura Squizzato": "Q3827844", "Silvia Squizzato": "Q3960797", "Charlotte Bouteloup": "Q2960950", "St\u00e9phanie Hochet": "Q3502181", "Marl\u00e8ne Blin": "Q3294474", "Sophie Simone Cortina": "Q3491044", "Aude Rossigneux": "Q2870708", "Jolanda Granato": "Q3809783", "Myriam Encaoua": "Q3331519", "Lydia Antivalidis": "Q4936277", "Ina B\u00f6ttcher": "Q1660822", "Annelies Van Herck": "Q1823018", "Victoria Gaunitz": "Q4949637", "Eva P\u00f6lzl": "Q88256", "Luisa Righi-Wallisch": "Q1783561", "Malin Lernfelt": "Q4961810", "Alessandra Balletto": "Q3609658", "Olga Izhenyakova": "Q4198198", "Joey Grit Winkler": "Q1585129", "Katarina Bernhardsson": "Q4938803", "Margje Fikse": "Q2300044", "Stefania Cavallaro": "Q3972281", "Carola Jung": "Q1044234", "Miriam Pede": "Q1246567", "Vira Carbone": "Q4013871", "Serafima Chebotar": "Q4508077", "Katja W\u00f6lffing": "Q1736671", "Yana Dubynianska": "Q4169216", "Chiara Lico": "Q3667491", "Marzena Sienkiewicz": "Q518141", "Fatou Biramah": "Q3067258", "Agn\u00e8s Wuthrich": "Q2827018", "Bettina Prendergast": "Q850016", "Momo Faltlhauser": "Q1377075", "Nadja Bernhard": "Q1361302", "Francesca Senette": "Q3749458", "Ga\u00eblle Lavidi\u00e8re": "Q3099891", "Marie Labory": "Q3292623", "Jenny Dahlberg": "Q4943941", "Anna Prandoni": "Q3617804", "Maria Bjaring": "Q4939158", "Francesca Fogar": "Q3749403", "Verena Araghi": "Q1753440", "Capucine Graby": "Q2937715", "Gesa Dankwerth": "Q1516063", "Zita Lotis-Faure": "Q3575619", "Hanna Jedvik": "Q4956479", "Di\u00e1na Papp": "Q1609913", "Hind Fraihi": "Q2221491", "Claire-\u00c9lisabeth Beaufort": "Q2974992", "Doroth\u00e9e Janin": "Q3037206", "Rosa Aneiros": "Q3399157", "St\u00e9phane Horel": "Q3501834", "Mely Kiyak": "Q124589", "Jana Hensel": "Q1682497", "Sylvia Van Driessche": "Q2204161", "Suzan \u015eekerci": "Q2370107", "Madelaine Levy": "Q4961899", "Lisbeth Imbo": "Q2344196", "Jule G\u00f6lsdorf": "Q1711633", "Natalia Kholmogorova": "Q4499204", "Darya Subbotina": "Q4444976", "Johanna Gar\u00e5": "Q4949606", "Yana Amelina": "Q4064133", "Lien Willaert": "Q2693751", "T\u00edmea P\u00e9nzes": "Q1243033", "Janine Abbring": "Q2085390", "Kriszta K\u00e1llai": "Q1122910", "Laura Tenoudji": "Q3218716", "Ingelin R\u00f8ssland": "Q4580810", "Zuzana Belohorcov\u00e1": "Q3563152", "Laura Chimenti": "Q3827746", "Aurora Lussana": "Q3629874", "Jenny Alexandersson": "Q1687016", "Elisa Triani": "Q3723165", "Emily Whigham": "Q114658", "Nicole Makarewicz": "Q2783170", "Anna-Lena Laur\u00e9n": "Q4961250", "Peggy Olmi": "Q3374243", "Isabelle Saporta": "Q3155030", "Natalya Laydinen": "Q4253130", "Irina Karenina": "Q4214965", "Sarah Lelouch": "Q3473378", "Anna Schneider": "Q4525781", "L\u00e6titia Bianchi": "Q3269956", "Virginie Darmalingom": "Q3560724", "Janine Steeger": "Q1682771", "Timisoara Pinto": "Q3991454", "Barbara Saladin": "Q2884024", "Anja Heyde": "Q551122", "Marie Marquet": "Q3292682", "Kiss Bori": "Q1111583", "Simona Branchetti": "Q3961146", "Sabrina Scampini": "Q3944377", "Melanie M\u00fchl": "Q1573554", "Orsolya Karafi\u00e1th": "Q1104410", "Daniella Campos": "Q1999164", "Val\u00e9rie Amarou": "Q3554220", "Anna Bill\u00f2": "Q3617663", "Fidan Ekiz": "Q2213797", "Esmeralda van Boon": "Q2099353", "Amelie Ernst": "Q461699", "Carina Teutenberg": "Q1036223", "Miriam Yung Min Stein": "Q1938181", "Mirjam van der Vegt": "Q1946249", "Mariska Orb\u00e1n-de Haas": "Q1971133", "Liesbet Vrieleman": "Q2008477", "Mirjam van den Broeke": "Q2024674", "Yasmin Parvis": "Q2599713", "Catherine-Emmanuelle Lalibert\u00e9": "Q2941796", "Anna Baychik": "Q4075786", "Matilda Sofia Svensson": "Q3299108", "Olga Shelest": "Q4522615", "Benedetta Tobagi": "Q3638027", "Marina Pustilnik": "Q4383980", "Cath\u00e9rine Moerkerke": "Q2229542", "Aur\u00e9lie Godefroy": "Q2872000", "Yuliya Pankratova": "Q4344128", "Chiara Zocchi": "Q3667517", "Anastasiya Chernobrovina": "Q4513754", "Irina Sashina": "Q4409607", "\u00c9va Csom\u00f3s": "Q874126", "Darya Zlatopolskaya": "Q4431282", "Harriet K\u00f6hler": "Q1586147", "Sina Mainitz": "Q2288682", "Isabelle Moreau": "Q2371846", "Annika Line Trost": "Q567123", "Yvonne Lacina": "Q1249862", "Zlatica Pu\u0161k\u00e1rov\u00e1": "Q1414703", "Oksana Mitnytska": "Q4296704", "\u00c9l\u00e9 Asu": "Q3588079", "Raffaella Ponzo": "Q3929223", "Silvia Bencivelli": "Q3960747", "Sandra Freeman": "Q3471900", "Constanze Polaschek": "Q1128115", "A\u00efda Touihri": "Q2876226", "Karine Lima": "Q3193300", "Elin af Klintberg": "Q4959144", "Bibiana Ballb\u00e8": "Q547044", "Kareen Guiock": "Q3193047", "Pascale de La Tour du Pin": "Q3367718", "Kirsten Fuchs": "Q1743634", "Karine Duchochois": "Q3525419", "Iman Sabbah": "Q3796576", "Ariane Lacoursi\u00e8re": "Q2861198", "C\u00e9cile Delarue": "Q3009727", "Sophie Brunn": "Q3490868", "St\u00e9phanie Brillant": "Q3502161", "Camilla Zamek": "Q3545528", "Izabela Szolc": "Q1676104", "Sarah Zierul": "Q2224535", "Silvia Jelincic": "Q2286719", "Stefanie Suren": "Q2338295", "Ulrike Gruska": "Q2477296", "Catherine Mercier": "Q2941997", "Claudia Paganini": "Q1097685", "Jessica Henkel": "Q1410262", "Kirsten Verdel": "Q2157607", "Tania Bruna-Rosso": "Q3515170", "Ellen Frauenknecht": "Q1331812", "Aur\u00e9lie Bambuck": "Q2871984", "Karolina Fjellborg": "Q4948210", "Lauren Eku\u00e9": "Q3218828", "Alice Pedrazzi": "Q3611694", "Rakel Chukri": "Q4942900", "B\u00e9n\u00e9dicte Martin": "Q2929899", "Caroline Engvall": "Q4946833", "Irina Mamaeva": "Q4279750", "Petra Grijzen": "Q2408144", "Lisa Irenius": "Q4955840", "Ildik\u00f3 Szil\u00e1gyi-Nagy": "Q1298449", "Jana Petersen": "Q1583431", "Marina Khrustalyova": "Q4501880", "Al Ghaoui Hesna": "Q558428", "Eva Imhof": "Q1379230", "Mariasilvia Santilli": "Q3847820", "Johanna Koljonen": "Q4959406", "Linna Johansson": "Q4957031", "Julia Martin": "Q3189055", "Francesca Romana Elisei": "Q3749446", "Ma\u00efa Mazaurette": "Q3303386", "Annett M\u00f6ller": "Q566496", "Valeriya Korablyova": "Q4232632", "Yaroslava Tankova": "Q4451369", "Vanessa Descouraux": "Q3554521", "Silan Diljen": "Q4944847", "Steffi Buchli": "Q2338845", "Francesca Barra": "Q3749359", "Shakhri Amirkhanova": "Q4064391", "Eva-Maria Bast": "Q1379035", "Charlotte Savreux": "Q2961007", "Alessia Gizzi": "Q3610435", "Anne Kleisen": "Q2019915", "Britta von der Heide": "Q920879", "Christina von Ungern-Sternberg": "Q1083355", "Isabel Hecker": "Q1588500", "Marie Pohl": "Q1897460", "Guinevere Claeys": "Q2531619", "Nisha Besara": "Q4938890", "Julia Seeliger": "Q1699589", "Val\u00e9rie Filain": "Q3554256", "Ainhoa Arbizu": "Q3755654", "\u00c9lisabeth Bost": "Q3587854", "Astrid Bard": "Q2868527", "Caroline Fontenoy": "Q2939994", "Sandra Thier": "Q2221117", "Olga Lukas": "Q4334080", "\u00c9lodie de S\u00e9lys": "Q3588020", "Sara Bachmann": "Q3473247", "Florence Colombani": "Q3073954", "Ilse Liebens": "Q1908402", "Pascale L\u00e9vesque": "Q3367685", "\u00c9lise Chassaing": "Q3587945", "Federica Cellini": "Q3741529", "Iryna Potanina": "Q4374583", "Natalia Kazmierska": "Q4958428", "F\u00e4rid\u00e4 Qorban\u011f\u00e4ilev\u00e4": "Q4247859", "Olalla Coci\u00f1a": "Q3394316", "Nina Mercedez": "Q26274", "Jessy Wellmer": "Q1629898", "Cl\u00e9lie Mathias": "Q2980514", "Julia Friedrichs": "Q1711841", "\u00c9dith Bouvier": "Q3579169", "Cicci Hallstr\u00f6m": "Q4952222", "Jennie J\u00e4geblad": "Q4957631", "Britta Krane": "Q920768", "Elke Pattyn": "Q1861868", "Pernilla Ahls\u00e9n": "Q4934547", "Giusy La Piana": "Q3771778", "Hanne Decoutere": "Q2564252", "Kseniya Turkova": "Q4466171", "Lies Lefever": "Q2378363", "Sakine Madon": "Q4964829", "Miriam Lange": "Q1938149", "Jessica Abudinen": "Q3177639", "Micheline Thienpont": "Q2390545", "Margriet Wesselink": "Q2057089", "Anna Rayva": "Q4388903", "Kristina Lindquist": "Q4962870", "Silvia Carrera": "Q3960753", "Susanne M\u00f6ller": "Q2369400", "Roberta Gangeri": "Q3938511", "Sara De Paduwa": "Q3473257", "Anna Froster": "Q4949069", "Justine Fraioli": "Q3190530", "Anna Funck": "Q560485", "Franziska Stawitz": "Q1450189", "Vir\u00e1g Szab\u00f3": "Q870143", "Caroline Lacroix": "Q2940015", "Anja Herrmann": "Q551117", "Ulyana Elina": "Q4174909", "Nargiz Asadova": "Q4071111", "Claire Barsacq": "Q2975006", "Emma Danielsson": "Q4944188", "Nazan G\u00f6kdemir": "Q1972529", "Yocci": "Q4022799", "\u00c1gnes Paul": "Q249611", "Sandra Hochhuth": "Q2221000", "Janneke van der Horst": "Q2905348", "Luria Petrucci": "Q5019798", "Pamela Le Roy": "Q3361779", "Anna Kozlova": "Q4226802", "Frida Fahrman": "Q4947459", "Alessandra Viero": "Q3609715", "Tatyana Zykina": "Q4194823", "Nina Mavis Brunner": "Q1992827", "Alyona Gorenko": "Q4144083", "Alicia Fall": "Q2836758", "Nabila Abdul Fattah": "Q4933560", "Jorun Collin": "Q4943263", "Nora Strandberg": "Q4953647", "Florence Hainaut": "Q3073978", "Chlo\u00e9 Chamouton": "Q2964180", "Anastasiya Tsvetayeva": "Q4503412", "Loubna Moussali": "Q3260197", "Tatyana Arno": "Q4069781", "Anna Aleksandrovna Danilova": "Q4154699", "Yekaterina Grinchevskaya": "Q4149679", "C\u00e9cile Lecomte": "Q1150123", "Sandra Kuhn": "Q1620819", "Kristin Lundell": "Q4964043", "Annabelle Baudin": "Q2850647", "Nina Pauer": "Q1646317", "Katrin R\u00f6nicke": "Q1736743", "Sanne Groot Koerkamp": "Q1868088", "Mur\u00e1nyi Zita": "Q1179983", "Anna Mahjar Barducci": "Q3617731", "Laura Tangherlini": "Q3827849", "Myriam Leroy": "Q3331528", "Mariya Kravchenko": "Q4237364", "Soraya Lavasani": "Q4961305", "Juliana Restrepo": "Q2878720", "Josefin Johansson": "Q4957010", "Mariya Martysevich": "Q776752", "Dana B\u00f6nisch": "Q1159207", "Alyona Vodonayeva": "Q4114099", "Mara Bergmann": "Q1892196", "Sarah C\u00e9line Tacke": "Q2224509", "Anja Gatu": "Q4949626", "Valeria Pustovaya": "Q4383989", "Mabel Cartagena": "Q2889056", "Julia Filonova": "Q4484290", "Alice Mahlberg": "Q2836609", "Soraya Hashim": "Q4952875", "M\u00fcnire Inam": "Q1422875", "Karen Geurtsen": "Q2308997", "Irina Vorobyova": "Q4125235", "Elisabeth Bungeneers": "Q3324375", "Stephanie M\u00fcller-Spirra": "Q1384289", "Chlo\u00e9 Andries": "Q2964174", "Sophie van der Stap": "Q1681907", "\u00c9milie Besse": "Q3588832", "Alexi Panos": "Q4721358", "Margot Neyskens": "Q2294723", "Katharina H\u00f6ftmann": "Q1735917", "Lara Fritzsche": "Q1669535", "Hanna Bervoets": "Q2279331", "Melinda Varga": "Q1401779", "Szurovecz Kitti": "Q1300799", "Quetzala Blanco": "Q4939479", "Angel Chow-Toun": "Q2849334", "Maria Morgun": "Q4302426", "Anna Kasterova": "Q4066534", "T\u00edmea Turi": "Q1325404", "Andrea H\u00fcnniger": "Q494032", "Alma Mathijsen": "Q2594301", "Julia Friese": "Q1711771", "Victoria Schlederer": "Q1712825", "Noha Atef": "Q1995476", "C\u00e9line Bosquet": "Q3010136", "Alix Battard": "Q2837260", "Inga Yumasheva": "Q4534450", "Renata Ventura": "Q862652", "Sabrina Janesch": "Q103797", "Cecilia Bonelli": "Q2943716", "Claire Oelkers": "Q1094818", "Margret Atladottir": "Q4936919", "Francesca Messere": "Q3749432", "Csilla Ball\u00f3k": "Q789495", "Christine Neder": "Q2669117", "Maryam Majd": "Q1906426", "Anne-Marie Lemay": "Q2850873", "Nadezhda Nizovkina": "Q4319522", "Hanna Frid\u00e9n": "Q4948947", "Azija": "Q4058367", "Nataliya Nikolaeva": "Q4320209", "Antonina Samsonova": "Q4407053", "Valeria Ortega": "Q3553693", "Amanda Fredin": "Q4948826", "Isabel Fern\u00e1ndez Ibarra": "Q3154818", "Valeriya Chugunova": "Q4517578", "Gersin Livia Paya": "Q1281951", "Dariya Shapovalova": "Q4520296", "Andrea Matthies": "Q3303194", "Zandra Lundberg": "Q4963993", "Iryna Slavinska": "Q3699323", "Olena Potanina": "Q4374584", "Magdalena Buczek": "Q975707", "Vera Kholmogorova": "Q4499202", "Lisa-Mari Moen J\u00fcnge": "Q3833343", "Bar Belfer": "Q3634472", "Yuliya Bekhtereva": "Q4086046", "Alejandra Andreu": "Q2232657", "Patricia Banks": "Q992873", "Bj\u00f8rk Olsen": "Q804181", "Vera Kichanova": "Q2559962", "Katharina Wei\u00df": "Q1736012", "Myra \u00c7akan": "Q1956736", "Nancy Roc": "Q3335595", "Andrea Chalupa": "Q4942506", "Sliva Cigerxwin": "Q4942950", "Maryam Hosseinkhah": "Q4954821", "Sukran Kavak": "Q4958388", "Valeria Risi": "Q98484", "Adriana Nunes": "Q375116", "Anke Bruns": "Q556658", "Anne Fran\u00e7oise Weber": "Q565307", "Anne Urbauer": "Q565855", "Annette Baumeister": "Q566519", "Barbara Goerlich": "Q807440", "Ang\u00e9la Gal\u00e1n": "Q1007826", "Marta S. Halpert": "Q1030890", "Monika G\u00e1sp\u00e1r": "Q1031169", "Christiane K\u00f6ller": "Q1082738", "Christine Sch\u00f6pf": "Q1083788", "Daniela Witte": "Q1163611", "Elfi Marten-Brockmann": "Q1328534", "Elfie Casty": "Q1328538", "Elke von Radziewsky": "Q1331602", "Emina \u010cabaravdi\u0107-Kamber": "Q1337677", "Ingeborg Zaunitzer-Haase": "Q1342094", "Evelyn Fischer": "Q1381734", "Vivien Marx": "Q1405343", "Kerstin Werner": "Q1456159", "Gabi L\u00fce\u00dfe": "Q1488466", "Insa M\u00fcller": "Q1541335", "Sefa Inci Suvak": "Q1561628", "Victoria Herrmann": "Q1601685", "Ingrid Uebe": "Q1663423", "Laura Lange": "Q1728846", "Mehpare Bozyigit-Kirchmann": "Q1917388", "Nadya Luer": "Q1963401", "Nicola Graef": "Q1986107", "Petra Schwarzenberg": "Q2080328", "Sabine Scholt": "Q2209894", "Sabine Steuernagel": "Q2209926", "Sabine Thomas": "Q2209943", "Sandra Freudlsperger": "Q2220986", "Sibel Balta": "Q2280824", "Silke J\u00fcrgensen": "Q2286187", "Susann Gr\u00fcnwald-Aschenbrenner": "Q2369005", "Sybille Brunner": "Q2373522", "\u015eenay D\u00fcdek": "Q2607351", "Andrea Fies": "Q2846329", "Katsyaryna Aheyeva": "Q620794", "Ann De Bie": "Q2470911", "Carmel Travers": "Q2565979", "Jina Bacarr": "Q2740964", "Amel Bouakba": "Q2842631", "Lindsay Jenkins": "Q2959706", "Palmyre Bazard": "Q3361646", "Reiko Kidachi": "Q3423813", "Daniela Palazzoli": "Q3701812", "Donata Giachini": "Q3713681", "Jihan Ammar": "Q3808277", "Mara De Paulis": "Q3845242", "Veronika Kononenko": "Q4231063", "\u0422\u0430\u0442\u044c\u044f\u043d\u0430 \u0410\u043b\u0435\u043a\u0441\u0435\u0435\u0432\u043d\u0430 \u041a\u043e\u043f\u044b\u043b\u043e\u0432\u0430": "Q4232500", "Elena Pavlova": "Q4341582", "Natalya Peshkova": "Q4362199", "Alison MacGregor": "Q4727132", "Amber Renae": "Q4741293", "Amelia Reynolds": "Q4742303", "Ann Marie Lynch": "Q4766548"}