{"Naing Sit Thandar": "Q11323653", "Teresa Campos": "Q20013733", "Sandra Bradshaw": "Q21000985", "In\u00e9s Dant\u00edn": "Q21484087", "Andreza Bariane": "Q23927482", "Cecilia Hern\u00e1ndez Llerena": "Q23927639", "Analy Rodr\u00edguez": "Q23927694", "Gianna Santorsola": "Q23927742", "Kelly Silva": "Q25414469", "Susej Oliveros": "Q23927785", "Osdalis Rengel": "Q23927800", "Carolina Aguilar": "Q25412233", "Mar\u00eda Eugenia Gonz\u00e1lez": "Q25413209", "Carmen Rodr\u00edguez": "Q25413380", "Hanitra Razanamalala": "Q28502043", "Naina Marthine Randriamalala": "Q28502258", "Beby Mahita": "Q28502305", "Hsu Hui-Yu": "Q30901402", "Olga Quesada": "Q70875890", "Christiane Herzog": "Q24807684", "Katsuko Kosaki": "Q64783586", "Miye Ota": "Q28819504", "Haruko Niboshi": "Q11371585", "Solveig Malmkvist Bennerstr\u00f6m": "Q66732732", "Monique Venner": "Q3320942", "Anita Welz": "Q106707486", "Christine Child": "Q20994488", "Maggy Callu": "Q20994484", "Blanca Cerro de Casanovas": "Q122222604", "Giovanna Parenti": "Q20994640", "Sylvie Lecocq": "Q20994579", "Annie Vial": "Q20994711", "Sanama Agoume": "Q28501392", "Chahla Atailia": "Q28501409", "Nura Hasan": "Q28501990", "Sonia Ghorbel": "Q28501994", "Augustine Ndzouli Ndoumbe": "Q28502030", "Souad Benabdellah": "Q28502045", "Samira Chhab": "Q28502047", "Sow Yacine": "Q28502069", "Sylvie Lago": "Q28502129", "Hanane Fadissi": "Q28502146", "Kaoutar Al-Andaqi": "Q28502182", "Ibtisam Zaoui": "Q28502184", "Salima Baazizi": "Q28502308", "Je Min-jung": "Q30126113", "Hajam El-Mesry": "Q106330025", "Hayat Tedmiri": "Q106333878", "Nsabasi Thompson": "Q106341592", "Mara Markovi\u0107 Sila\u0111i": "Q12754892", "Mary Schilder": "Q126114254", "Margherita De Cal": "Q11341248", "Eva Hillesheim": "Q20994546", "Sacramento Moyano": "Q20017255", "Maria Dolors Roig": "Q108674819", "Hiromi Tateishi": "Q11598494", "F\u00e9licit\u00e9 Marie Mbala Ntsama": "Q15616896", "Anna De Novellis": "Q16527050", "Bridgette McCarthy": "Q16534055", "Ingrid Berg": "Q16643541", "Sigrid Happ": "Q20799450", "Annie Bechepay": "Q20994466", "Maria Theresia Schroth": "Q20994674", "Josefina Homminga": "Q20994549", "Yvonne Vringer": "Q20994714", "Maureen Bennett": "Q20994468", "Jocelyne Triadou": "Q2415979", "Laura Di Toma": "Q16268979", "Marina Angelovi\u0107": "Q20942812", "Sandra Manderson": "Q29917712", "Inge Heuvelmans": "Q20994544", "Marie-France Mill": "Q20994613", "Christine Domino": "Q30064069", "Michiko Sasahara": "Q28647049", "Martine Rottier": "Q11341391", "Gerda Winklbauer": "Q631243", "Hennie Matteman": "Q20994602", "Xiomara Orozco": "Q23304178", "Margit Schmutzer": "Q1669979", "Edith Hrovat": "Q261491", "Christiane Kieburg": "Q16269434", "Gertrude Kranzl": "Q1515773", "Renata M\u011b\u0159\u00ednsk\u00e1": "Q109076508", "Suzanne Williams": "Q11311660", "Jutta Reifgraber": "Q20994657", "Geraldine Dekker": "Q115171095", "Petra Sonntag": "Q30130621", "Hilde Hjertnes": "Q73774695", "Avril Malley": "Q16269494", "V\u011bra Pelantov\u00e1": "Q109712457", "Herta Reiter": "Q20994660", "Andrea Hilger-Solbach": "Q20994545", "Heidi Grimm": "Q20994535", "Cobie Malipaard": "Q2357082", "Christina-Ann Boyd": "Q18700520", "Catherine Pierre": "Q16269508", "Vera van der Meulen": "Q20994610", "Jenny Hall": "Q30064120", "Carol Scheid": "Q23304214", "Inge Krasser": "Q20994568", "Julie Reardon": "Q11310457", "Karin Kr\u00fcger": "Q18916900", "Allison Henry": "Q23927686", "Carina Thomas": "Q20994692", "Paula Mallens": "Q20994598", "Heidi Bauersachs": "Q21564988", "Franciska Moln\u00e1r": "Q15411595", "\u00c5se Hoff": "Q123668648", "Astrid Krombach": "Q750642", "Fatma Zohra Mechti": "Q106231971", "Jeannine Peeters": "Q20440742", "Ann L\u00f6f": "Q20994592", "Marianne Promegger": "Q20994651", "B\u00e9atrice Rodriguez": "Q11336753", "Tracey Downs": "Q30331354", "Marie-France Colignon": "Q11341175", "Muriel Samery": "Q20994668", "Annie-Laure Suc": "Q20994688", "Genevi\u00e8ve Nga Onana": "Q28501385", "Zineb Ghezal": "Q28502065", "Leila Zitoune": "Q28502067", "Sabrina Asselah": "Q28502309", "Samira Oueslati": "Q106291597", "Inger Lise Solheim": "Q18817730", "Dawn Netherwood": "Q16269654", "Patricia Montaguti": "Q20994618", "Wendy Callender": "Q30064114", "Vigdis Nesse": "Q123668652", "Isabel Cortavitarte": "Q20014254", "Marie-Paule Panza": "Q16269658", "Marina Berg": "Q20994469", "Caroline Larivi\u00e8re": "Q16269645", "Jolanda van Meggelen": "Q17355598", "Christine Huck": "Q125537302", "Hitomi Nakahara": "Q11363101", "Stefania Drzewicka": "Q21572938", "Karin Kutz": "Q17129865", "Mich\u00e8le Lionnet": "Q21057384", "Godelieve Lieckens": "Q21001017", "Regina Philips": "Q11349521", "Kerrye Katz": "Q30064079", "Liesbeth Beeks": "Q20994467", "Petra Wahnsiedler": "Q21001055", "Solange de Almeida": "Q21564595", "Karima Benyoucef": "Q106232011", "Edith Simon": "Q1285174", "Noriko Matsumoto": "Q17209546", "Birgit Friedrich": "Q20994524", "Pascale Doger": "Q16269689", "Gabriele Ritschel": "Q20440832", "Karin Posch": "Q18916869", "Claudette Dekarz": "Q20994499", "Grace Osagie": "Q106407630", "Susanne Litscher": "Q2369373", "Ann De Brabandere": "Q21010989", "Anna Chodakowska": "Q21574036", "Marica Arsenovi\u0107": "Q21000964", "Chita Gross": "Q20645429", "Mandy Clayton": "Q21572772", "Marjolein van Unen": "Q11341091", "Anita Koop": "Q73861880", "Line Bergene": "Q73863019", "Geesje Vandelinde": "Q30134455", "Domenica Soraci": "Q21014255", "Souhir El Mtouni": "Q106240479", "El Vermeer": "Q20994710", "Erika van Weyen": "Q20994720", "Lemmi Selge": "Q124218612", "Lidija Vladimirovna Akimova": "Q28664477", "Tam\u00e1si Ibolya": "Q115942165", "Heidi Andersen": "Q18700511", "Claudia Ellegast": "Q117380851", "Regina Sigmund": "Q11349519", "Sherrie Phillips": "Q21573627", "Dolores Veguillas": "Q20016658", "Cristina Fiorentini": "Q21014253", "Fabienne Boffin": "Q20644106", "Anna Udycz": "Q27430280", "Laura Zimbaro": "Q20994727", "Diana Bridges": "Q23413304", "Kana \u014cmura": "Q53764774", "Hanne Eva M\u00fcller": "Q73862529", "Lenka \u0160indlerov\u00e1": "Q21042762", "Julie Madeley": "Q30064112", "Margita Kade\u0159\u00e1bkov\u00e1": "Q109076456", "Jocelyne Couset": "Q16645964", "Shelley Hallett": "Q30331323", "Kristin \u00d8ygarden": "Q73247019", "Dominique Brun-Maaoui": "Q3035021", "Isabelle Paque": "Q17350346", "Joanna Majdan": "Q20638492", "Jola Bink": "Q20042599", "Gao Fenglian": "Q3095224", "Linda Hagendoorn": "Q85927478", "Chen Ling-Jen": "Q27983018", "Iracema Arias": "Q70876456", "Tomomi Kako": "Q27917553", "Khadija Haouati": "Q106332020", "\u00c1ngela Medina": "Q21057388", "Olga Lugo": "Q19402468", "Ok Kyoung-sook": "Q18991213", "Anita van der Pas": "Q19950465", "Aline Batailler": "Q20042249", "Maricela Bonelli": "Q21484072", "Jaana Ronkainen": "Q11865594", "Svanhild Storstein": "Q74254635", "Theresa Hayden": "Q21001004", "Samira Azizi": "Q106240200", "Liu Aixiang": "Q20646239", "Natasha Hern\u00e1ndez": "Q11323827", "Samia Hachemi": "Q106232063", "Agn\u00e8s Philippe": "Q114836910", "Renate Feyrer": "Q116764777", "Justina Pinheiro": "Q21480904", "Wu Weifeng": "Q20039915", "Noriko Mochida": "Q11403816", "Jean Kanokogi": "Q70875910", "Armelle Iost": "Q75156208", "Val\u00e9rie Bazin": "Q114836911", "Isabelle Magnien": "Q75175899", "V\u00e9ronique Akkermans": "Q2529657", "Lola Romero": "Q59742607", "Ninfa \u00c1lvarez": "Q23414014", "Elizabeth Monteleone": "Q23414073", "Emma Salazar": "Q23414099", "Kotomi Kurokawa": "Q30900034", "Liaw Tien-Ying": "Q27983011", "Martine Dupond": "Q12035922", "Tatiana Kuvshinova": "Q21096221", "Tatyana Fyodorova": "Q27990849", "\u0428\u0443\u043a\u043b\u0438\u043d\u0430, \u041e\u043b\u044c\u0433\u0430 \u0410\u043b\u0435\u043a\u0441\u0430\u043d\u0434\u0440\u043e\u0432\u043d\u0430": "Q56311098", "Elisabeth Karlssonov\u00e1": "Q11878185", "Elisabeth Karlsson": "Q18991627", "Tammy Hensley": "Q21573098", "Renata Sza\u0142": "Q21573985", "Olga Matveeva": "Q108312378", "Helen Lewis": "Q37584221", "Khadidiatou Seck": "Q106231526", "Amy Coll\u00e9 Mbengue": "Q106231702", "Ahlem Chikhaoui": "Q106291558", "D'Anya Bierria": "Q23414197", "Miriam Medina Ortega": "Q23414248", "Akiko Sato": "Q30126267", "Sarah Jane Lloyd": "Q74009445", "Kim Sung-hye": "Q28502743", "Liu Guizhu": "Q24891392", "Annamaria Colagrossi": "Q21057347", "Isabelle Beauruelle": "Q21065586", "C\u00e9line G\u00e9raud": "Q3010168", "Marion van Dorssen": "Q18917033", "Anne Marie Pepper": "Q30331351", "Fatiha Douba": "Q106291419", "Andrea Bachofner": "Q493351", "Bae Mi-jung": "Q22124486", "Emmanuelle Mikula": "Q21057391", "Marjo Vilhola": "Q11881012", "Monica Angelucci": "Q21564622", "Kathy Hubble": "Q21484111", "Sachiko Sekiguchi": "Q40040022", "Rika Yazaki": "Q40040059", "Marina Mijeyeva": "Q28933230", "Renate Lehner": "Q2143447", "Catherine Duchemin": "Q2941898", "Susanna Breda S\u00e1nchez": "Q122037255", "Koo Hyun-suk": "Q30900603", "Nacera Nouari": "Q106232297", "\u041a\u043e\u0441\u0442\u044b\u043b\u0435\u0432\u0430, \u041d\u0430\u0442\u0430\u043b\u044c\u044f \u0413\u0435\u043d\u043d\u0430\u0434\u044c\u0435\u0432\u043d\u0430": "Q39676296", "Oukid Ourida": "Q28502044", "Leanne Sheehy": "Q30331467", "Kaori Suzuki": "Q17160006", "Svetlana Bolshakova": "Q108369718", "Zahia Bacha": "Q106232232", "Souad Bouzainne": "Q106292624", "Naoko Kotake": "Q28689757", "Saori Kawamura": "Q47465041", "Sylvie Meloux": "Q21480826", "B\u00e9n\u00e9dicte Nardou": "Q57308552", "Clementina Papa": "Q21480887", "Maritza P\u00e9rez C\u00e1rdenas": "Q11341071", "Marina Zakharova": "Q108372123", "Zhang Ying": "Q11487670", "Viktoriya Kazunina": "Q18991435", "Angela Deacon": "Q30331465", "Nadia Khadem": "Q106240619", "Aiko \u014cishi": "Q16264655", "Jadranka Raguz": "Q30331520", "Chang Fengxia": "Q27983005", "Kari Gabriel": "Q23641322", "Mimose G\u00e9ry-Goodorally": "Q98931974", "Tang Lihong": "Q20041594", "Qiao Yanmin": "Q22130582", "Hideko Sugimura": "Q23947985", "Junko Igarashi": "Q28688097", "Hege Aar": "Q73773872", "Yuka Tsunematsu": "Q81968009", "Mar\u00eda del Mar Alc\u00edbar": "Q21057334", "Diana Pop": "Q1208871", "Liv Bue": "Q73612117", "\u0420\u0430\u0441\u0430 \u0410\u043b\u044c\u0433\u0438\u043c\u0430\u043d\u0442\u043e\u0432\u043d\u0430 \u0426\u0435\u0445\u0430\u043d\u0430\u0432\u0438\u0447\u044e\u0442\u0435": "Q28500850", "Ute Burmeister": "Q21572699", "Maaoua Etoumi": "Q27430308", "Renee Hock": "Q21573108", "Alicia Eugenia Vargas Restrepo": "Q5668752", "Joanna Piasecka": "Q24583685", "\u0413\u0430\u0431\u0434\u0443\u043b\u043b\u0438\u043d\u0430, \u0421\u0430\u0443\u043b\u0435 \u0416\u0430\u043d\u0431\u044b\u0440\u0431\u0430\u0435\u0432\u043d\u0430": "Q29358748", "Viviane Dumortier": "Q2493459", "Kasumi Izumi": "Q16264094", "Yumiko Eto": "Q18990911", "Tanja M\u00fcnzinger": "Q21573453", "Noriko Matsuo": "Q17223048", "Fumiko Ezaki": "Q11550860", "Yuriko Fukuba": "Q22124603", "Galina Rybalko": "Q108306790", "Elise Summers": "Q21573979", "Liliana Ibarra": "Q23641332", "\u00c1ngela Valles": "Q23641341", "Itsuko Masuda": "Q28689754", "Monica Halle": "Q73973961", "Nina Haugen": "Q73974214", "Veronica Mikalsen Kristiansen": "Q74254716", "Yukari Asada": "Q28688093", "Mutsumi Ueda": "Q11540712", "Chou Yu-Ping": "Q11416931", "Soleil Rasoafaniry": "Q28501971", "Elena Leverova": "Q108312306", "Emi Miyake": "Q24869519", "Ga\u00eblle Potel": "Q75175520", "Monique Aarts": "Q21564310", "\u0412\u043b\u0430\u0441\u043e\u0432\u0430, \u0410\u043b\u0435\u043a\u0441\u0430\u043d\u0434\u0440\u0430 \u0412\u043b\u0430\u0434\u0438\u043c\u0438\u0440\u043e\u0432\u043d\u0430": "Q22045618", "Christel Deli\u00e8ge": "Q2964932", "\u0412\u043e\u043b\u043e\u0442\u043e\u0432\u0430, \u0412\u0438\u043a\u0442\u043e\u0440\u0438\u044f \u042e\u0440\u044c\u0435\u0432\u043d\u0430": "Q70252619", "Bente Stensrud": "Q73610578", "Karine Petit": "Q75177576", "Anneliese Anglberger": "Q566132", "Aneta Arak": "Q97176061", "Yukiko Abe": "Q21698858", "Rehab El Gafy": "Q106341566", "Anita Kubica": "Q21573245", "G\u00f8ril Johansen": "Q73477503", "K\u00e1tia Maia": "Q23641346", "Chikako \u014cmori": "Q28688249", "Mako Kuniyoshi": "Q28689493", "Sun Yanyan": "Q29582624", "Beata Walczak": "Q55393027", "Takako Fujiwara": "Q56059874", "Karolina Syrek": "Q65174113", "Chelisa Chester": "Q33296985", "Yuka Eto": "Q18990907", "Park Mi-hee": "Q27983008", "Esther Myreb\u00f8e": "Q73119633", "Amina Abdellatif": "Q20994455", "Awa Bathily": "Q106291728", "Miwa Anno": "Q16263905", "Servane Bruneau": "Q75177134", "Lee Hyun-kyung": "Q20038601", "Birgit Rydningen": "Q74254770", "Angela Raguz": "Q30905727", "\u00c9milie Harnichard": "Q75179636", "Christine Dorfinger": "Q1083488", "Chisato Ishibashi": "Q16264065", "Harumi Nakahashi": "Q20041856", "Domoina Rabeantoandro": "Q28501977", "Melissa Jones": "Q42908216", "Glorieuse Guillaume": "Q27430305", "Monika Kurath": "Q20039807", "Cristina Sebasti\u00e3o": "Q23664068", "Y\u014dko Nakaichi": "Q47465039", "Ann-Helen Tygsett": "Q73772826", "Sabine Van Crombrugge": "Q3460574", "Elena Zadvornova": "Q97466027", "Poonam Chopra": "Q27983040", "Wang Shuyan": "Q28911561", "Noriko Fujimoto": "Q28688096", "Lim Jung-sook": "Q28058325", "Katrina Campbell": "Q30905460", "Nancy van Stokkum": "Q21573970", "Yvonne Mitchell": "Q30907423", "Raquel Barrientos Espinosa": "Q15715313", "\u041f\u0430\u043f\u0443\u0448\u0438\u043d\u0430, \u0422\u0430\u0442\u044c\u044f\u043d\u0430 \u0412\u0430\u0441\u0438\u043b\u044c\u0435\u0432\u043d\u0430": "Q24351113", "\u041a\u0443\u0437\u044c\u043c\u0435\u043d\u043a\u043e, \u042d\u043b\u043b\u0430 \u0412\u0430\u0441\u0438\u043b\u044c\u0435\u0432\u043d\u0430": "Q29359089", "Kanae Suzuki": "Q30126219", "Agnieszka Szymura": "Q55392640", "Aneta Kaczorowska": "Q55392987", "Aneta \u0141o\u015b": "Q55393086", "Cathrine L\u00f8vgren": "Q73773497", "Doris P\u00f6llhuber": "Q1245307", "Natsuko Sano": "Q20040386", "Irena Tokarz": "Q21574052", "Saki Yoshida": "Q11413854", "Alicia Herrera": "Q23927771", "Siri Marte Hollekim": "Q12000626", "Atsuko Takeda": "Q17160708", "Birgitte Ursin": "Q73721476", "Lorinda Bence": "Q27430288", "Olga Zwolak": "Q100591846", "Melanie Seidler": "Q27430299", "Svetlana Kuzn\u011bcovov\u00e1": "Q56753628", "Sharma Bittu": "Q28933264", "Nu\u0161a Lampe": "Q18643031", "Li Yanfu": "Q28967444", "Natalja Nikolaevna Pavlova": "Q21857145", "Stine Lastein": "Q74009754", "Anne Morlot": "Q75186801", "Miho Kanbayashi": "Q15650769", "Hidemi Seo": "Q20040926", "\u041f\u044b\u0440\u0445, \u0418\u043d\u0433\u0430 \u041c\u0438\u0445\u0430\u0439\u043b\u043e\u0432\u043d\u0430": "Q21857169", "Heidi Moore-Seibold": "Q24567335", "Kylie Koenig": "Q30905524", "Oksana Boltenkova": "Q28496556", "Yoshie Kiya": "Q27151279", "Virginia Strong": "Q27536226", "Megumi Yamamoto": "Q30126254", "Tomoe Nakamura": "Q30126256", "Ainara Arrizabalaga Urkiza": "Q126630266", "Anna Koroza": "Q55392919", "Marzena Podolska": "Q55392991", "Katarzyna Kasprowicz": "Q55393017", "Joanna Bednarska": "Q56191925", "Sophie Delwiche": "Q3490909", "Natalia Aranovskaya": "Q19907117", "Olga Zaifert": "Q108381331", "Nadezhda Zheltakova": "Q16581179", "Milana Kleyna": "Q108369478", "Mayumi Yamada": "Q28682391", "Cynthya Tan": "Q23641600", "Y\u016bko Tonooka": "Q21700719", "Miki Amao": "Q16263741", "Alena Karytskaya": "Q21531525", "Sophia Michaelis": "Q35831730", "Ngo Batang Donna": "Q28502046", "Carine Varlez": "Q75178701", "Mary Warren": "Q30907426", "Yulia Ovchinnikova": "Q108372261", "Yuko Isozaki": "Q18700595", "Myriam Beaumont": "Q30905520", "Kim Hwa-soo": "Q28058322", "Annie Mazaud": "Q20994605", "Ibis Due\u00f1as": "Q23641662", "Roxana Garc\u00eda": "Q23641663", "Jolanta Wojnarowicz": "Q23641674", "Y\u016bko Ueda": "Q23949016", "Masako Otsuka": "Q30125912", "Izabela Lubczynska": "Q55392792", "Kinga Jurek": "Q55392817", "Anna Socha": "Q55392923", "Alla Kulikova": "Q28099219", "Khadija El Hamdaoui": "Q27430296", "Dolly Moothoo": "Q25935810", "Elinore Stallworthy": "Q33296845", "Bianca Geerdts": "Q855332", "Yuki Mizutani": "Q24860327", "Natalia Melnikova": "Q108381849", "Liudmila Jramova": "Q21126840", "Roselys Guacar\u00e1n": "Q23927692", "Evelin Pihlak": "Q124334833", "May Linn Hystad": "Q73112979", "Betina Mantey-Berg": "Q831441", "\u0427\u0438\u0440\u0446\u043e\u0432\u0430, \u041e\u043b\u044c\u0433\u0430 \u0410\u043b\u0435\u043a\u0441\u0430\u043d\u0434\u0440\u043e\u0432\u043d\u0430": "Q39082681", "Hitomi Kaiyama": "Q16265114", "Ayako Okazaki": "Q11472977", "Fernanda Pires": "Q23641689", "Mihoko Nakaya": "Q23947251", "Naomi Morishima": "Q24860310", "Izumi \u014cishi": "Q27917554", "Midori Gomikawa": "Q28689496", "Marzena Wegrzyn": "Q55392737", "Magdalena Marek": "Q55392901", "Silvia Schlagnitweit": "Q1425539", "Kang Min-jeong": "Q30126214", "\u0410\u0449\u0435\u0443\u043b\u043e\u0432\u0430, \u041d\u0430\u0442\u0430\u043b\u044c\u044f \u042e\u0440\u044c\u0435\u0432\u043d\u0430": "Q21856806", "Jacynthe Maloney": "Q23641685", "Yulia Maximenkova": "Q108373499", "Nicky Boontje": "Q124293636", "Chigusa Minami": "Q28967510", "Kelly Fong": "Q33297044", "Virginie Marie": "Q108839888", "Deborah Hill": "Q35831280", "Michaela \u0160oukalov\u00e1": "Q61824819", "Jenny Karl": "Q20057523", "Jia Xueying": "Q29122328", "Cecilie Lille": "Q73612328", "Zhang Yanchun": "Q29122481", "Fanny Euranie": "Q75180354", "Tatyana Kutepova": "Q108373880", "Norie Sait\u014d": "Q16582631", "Li Ling (yudoca)": "Q29577446", "Johanne Vanbergen": "Q3180705", "Noriko Mogi": "Q17218928", "Muriel Iglesias": "Q20994551", "Ivonne P\u00e9rez": "Q23641789", "Al\u00edcia Alonso S\u00e1nchez": "Q122171110", "Mizuho Matsuzaki": "Q17223310", "Salima Lalili": "Q27536230", "Chiho Hamano": "Q22126073", "Natalia Bobkina": "Q108383676", "Yin Yufeng": "Q18700683", "Aminata Sall": "Q23641791", "\u0423\u0439\u043c\u0430\u043d\u043e\u0432\u0430, \u0418\u0440\u0438\u043d\u0430 \u041f\u0435\u0442\u0440\u043e\u0432\u043d\u0430": "Q21857241", "Sol Hui-kye": "Q6131320", "Anna Byczek": "Q55392899", "Anna Adamczewska": "Q55392970", "Hisae Takara": "Q20041161", "Barbara Krzywda": "Q55390020", "Agnieszka Szaj": "Q55393080", "Meriem Adjmi": "Q27430326", "Kathleen Witters": "Q3194091", "Yukie Koga": "Q22118701", "Min Kyung-soon": "Q29024333", "Virginie Henry": "Q96035347", "Zaimaris Calder\u00f3n": "Q23641834", "Emi Tasaka": "Q23641844", "Jill Collins": "Q23721871", "Karima Dhaouadi": "Q28501395", "Dalenda Hamdi": "Q28501972", "Mounia Islan": "Q28501975", "Rkia Ami": "Q28501993", "Ahlem Azzabi": "Q28502111", "Nathalie Oguielou": "Q28502143", "Jalila Hermani": "Q28502147", "Asmaa Naqouss": "Q28502261", "Amal Meluk": "Q28502310", "Sherine Moussa": "Q106329711", "Chika Teshima": "Q30126216", "Tamsin Rigold": "Q33297000", "Barbara W\u00f3jcicka": "Q55392307", "Katarzyna Bia\u0142kowska": "Q55392313", "Alicja Daniel": "Q55392823", "Magdalena Rainczuk": "Q55392907", "Nina Paw\u0142owicz": "Q55392978", "Olga S\u00f3nina": "Q18249560", "Laia Fern\u00e0ndez Puigb\u00f3": "Q122191042", "Honami Yoshizawa": "Q27917555", "Yu Ying-Ying": "Q29024329", "Louise Stephanie Zeh": "Q27430298", "Honorine Mafeguim": "Q28501771", "\u041b\u044e\u0431\u043e\u045e \u0411\u0435\u043b\u044c\u0441\u043a\u0430\u044f": "Q22045567", "Hiromi Kaji": "Q24875174", "Laura Maddaloni": "Q15290632", "Galina Fedoseeva": "Q22046435", "\u0411\u0435\u0442\u0435\u0435\u0432\u0430, \u0412\u0438\u043a\u0442\u043e\u0440\u0438\u044f \u0412\u043b\u0430\u0434\u0438\u043c\u0438\u0440\u043e\u0432\u043d\u0430": "Q22045573", "Yana Serbova": "Q21857195", "Kei Eguchi": "Q28689582", "Svetlana Panteleyeva": "Q21141738", "Xu Lihui": "Q29122377", "Conchi Bellor\u00edn": "Q5780990", "Shi Junjie": "Q3482004", "S\u00e9drine Portet": "Q20994650", "Marta D\u00e1vila": "Q23641857", "Atunaisa Delai": "Q33297029", "Anastasia Tsukareva": "Q21857281", "Hiroko Komatsuzaki": "Q24860340", "Bozena Hinca": "Q55392916", "Nahoshi Shinkai": "Q27150925", "Li Ying": "Q10337095", "Raquel Prieto": "Q19886473", "Joke Buysschaert": "Q3183089", "Jo Song-hui": "Q29555966", "\u041b\u044e\u0446\u0438\u044f \u0413\u0438\u043d\u0438\u044f\u0442\u0443\u043b\u043b\u0438\u043d\u0430": "Q30346424", "Celeste Barrington": "Q37583630", "Haruko Kazato": "Q16265147", "Eriko Nakajima": "Q21700901", "Gao Lijuan": "Q28028650", "Ira Purnamasari": "Q16183416", "Carrie Chandler": "Q23907388", "Oriana Ma\u0142achowska": "Q55392741", "Xue Fuyan": "Q29122373", "Natsuko Kimijima": "Q23985085", "Ekaterina Zamuldinova": "Q108373190", "Dorota Sikora": "Q55392826", "Esther Sando": "Q27119525", "Barbara Bukowska": "Q11687344", "Eriko Yamaguchi": "Q11467424", "Vanessa Garc\u00eda N\u00fa\u00f1ez": "Q122216655", "Marie Pasquet": "Q75181352", "Melissa Rodr\u00edguez": "Q25414468", "Miyuki Tokuda": "Q27917727", "Yadmaaguiin Dulmaa": "Q29477819", "Jo Su-hee": "Q28503422", "Geovanna Blanco": "Q5878114", "\u0411\u0430\u0442\u043e\u0432\u0430, \u0415\u043b\u0435\u043d\u0430 \u0421\u0435\u0440\u0433\u0435\u0435\u0432\u043d\u0430": "Q21856820", "Jenny Mart\u00ednez": "Q23641909", "M\u00e1rcia Vieira": "Q23907414", "Leidi Germ\u00e1n": "Q23927809", "Yuko Fujii": "Q11367724", "Shao Dan": "Q28503379", "Katherine Brown": "Q37584206", "Sharon Taylor": "Q37584685", "Monika Grochola": "Q55392621", "Ma\u0142gorzata Kruza": "Q55392645", "Barbara Harezlak": "Q55392891", "Marta Werpachowska": "Q55392894", "Anne Lene Andersen": "Q73718807", "Erdenechimeguiin Guereltuyaa": "Q29024328", "Marine Richard": "Q75187486", "Sandra Blanco Clop\u00e9s": "Q122258069", "Y\u016bko Nesaki": "Q22119910", "Aynur Samat": "Q12808650", "Anne-Laure Bellard": "Q97622551", "Christal Ransom": "Q23641916", "Dou Shumei": "Q29263365", "Asami Kuramochi": "Q20039809", "Mayumi Takara": "Q20041162", "Asuka Sano": "Q16530474", "Catherine Arscott": "Q35830746", "Hitomi Tokuhisa": "Q11489492", "Li Yiqing": "Q29477824", "Ane Ofstad Presterud": "Q73246853", "Chie Iwata": "Q16264368", "Aki Yamashita": "Q24868213", "Kunie Matsuda": "Q21702096", "Chantal Castledine": "Q33296989", "Nurgul Tagayeva": "Q29024334", "Kumiko Horie": "Q17219753", "Val\u00e9rie Degrijse": "Q3554248", "Yoshimi Shichij\u014d": "Q24860270", "Megumi Nagase": "Q22119753", "Wang Haixia": "Q29419636", "Caroline Lantoine": "Q75175079", "Francesca Congia": "Q109817217", "Zohra Zemamta": "Q28502186", "Keigo Magome": "Q27917725", "Naomi Komaki": "Q28688248", "Joy Williams": "Q39082042", "Agnieszka Zabrocka": "Q55392317", "Anna Kras": "Q55392320", "Irena Blicharz": "Q55392638", "Barbara Siemieniuk": "Q55392863", "Tan Fafang": "Q29122323", "\u0429\u0435\u0434\u0440\u0443\u0445\u0438\u043d\u0430, \u041c\u0430\u0440\u0438\u044f \u0412\u043b\u0430\u0434\u0438\u043c\u0438\u0440\u043e\u0432\u043d\u0430": "Q84425226", "Asuka Oka": "Q18225898", "Leen Dom": "Q3228977", "Liu Huanyuan": "Q24895549", "Ilana Korval": "Q75182692", "Marianne Morawek": "Q1896859", "Laetitia Blot": "Q18214155", "Xiao Jun": "Q29623629", "Juri Miyamoto": "Q17215913", "Tatyana Bobalova": "Q108381433", "Yu Yaling": "Q29122475", "Isabel Latulippe": "Q23641933", "Kahina Hadid": "Q27119327", "Philom\u00e8ne Bata": "Q15617109", "\u041c\u0430\u0440\u0438\u043d\u0430 \u0414\u0438\u0431\u0440\u043e\u0432\u0430": "Q21856921", "Myl\u00e8ne Riad": "Q75191026", "\u041c\u0430\u0433\u043e\u043c\u0435\u0434\u043e\u0432\u0430, \u041a\u0430\u043c\u0438\u043b\u0430 \u0410\u043b\u0438\u0435\u0432\u043d\u0430": "Q22045821", "Yousra Zribi": "Q27786399", "Mayumi Toriyabe": "Q24860670", "Silvia Gonz\u00e1lez": "Q25414868", "Marina Zharskaya": "Q24351247", "Katrien Verheeke": "Q3194198", "Pak Myong-hui": "Q29263360", "Rebecca Ramanich": "Q75181785", "Hajer Barhoumi": "Q11861161", "Katie Mocco": "Q24258698", "Mavi Mendoza": "Q24258714", "Hanan Kerumi": "Q27786515", "Arina Aleksandrova": "Q21856790", "Audrey Puello": "Q23907315", "Nadezhda Zaytseva": "Q19909426", "Tahlia Cole": "Q33296993", "Sylwia Chruscicka": "Q55392805", "Romana Kasperkiewicz": "Q55392873", "Alena Eiglov\u00e1": "Q15054180", "Zhu Ang": "Q110968041", "Anita Chanu": "Q29122299", "Anaid Mkhitaryan": "Q19911084", "Fary Seye": "Q27119268", "Nadine Wetie Diodjo": "Q27119656", "Rina N\u00e6ss": "Q73612514", "Raisa Lebomie": "Q27119532", "Jessica Zannoni": "Q24953399", "Arina Pchelintseva": "Q19916087", "Ikumi Tanimoto": "Q11632953", "Clarisse Ebrottie Nda": "Q27786516", "Svetlana Chepurina": "Q18279813", "Svyatlana Tsimashenka": "Q20058183", "N\u0259rgiz \u0130brahimova": "Q30125812", "Aminata Diatta": "Q27786497", "Natalia Pichyuzhkina": "Q21857152", "Florence Daoleuang": "Q52158087", "\u041c\u0430\u0440\u0438\u044f \u0421\u0435\u043c\u0435\u043d\u044e\u043a": "Q65152820", "Sun Yi": "Q9348138", "Monica Bwanga Misenga": "Q27786576", "Fatima Zohra Chakir": "Q27786570", "Marisca Loots": "Q27119302", "Amel Bensma\u00efne": "Q75183434", "Ratiba Tariket": "Q27119629", "Justyna Dorlet": "Q55392309", "\u30a2\u30ea\u30ca\u30fb\u30dc\u30a4\u30b3\u30ef": "Q17224918", "Yan Sirui": "Q110968031", "\u0415\u043b\u0435\u043d\u0430 \u0421\u0435\u0440\u0433\u0435\u0435\u0432\u043d\u0430  \u0413\u0430\u043b\u043a\u0438\u043d\u0430": "Q22045633", "Hasania El-Azar": "Q27786553", "Zhang Meiling": "Q29555971", "\u0425\u0440\u0430\u043c\u0446\u043e\u0432\u0430, \u0410\u043d\u043d\u0430 \u041c\u0438\u0445\u0430\u0439\u043b\u043e\u0432\u043d\u0430": "Q21857274", "Yang Hsien-Tzu": "Q29122318", "Kalzhan Taizhanova": "Q29122478", "Souhir Madani": "Q27119361", "Yao Yuting": "Q29477805", "Natalia Grigorieva": "Q21856901", "Flora Mkhitaryan": "Q21857114", "Hitomi Ikeda": "Q7477246", "Irene Figoli": "Q15965076", "Irina Gromova": "Q19908839", "Yuko Imai": "Q24874385", "Giulia Cantoni": "Q121141477", "Natalia Sokolova": "Q19915435", "\u30a8\u30ea\u30b6\u30d9\u30fc\u30c8\u30fb\u30b0\u30ec\u30fc\u30d6": "Q11290935", "Magali Leguay": "Q75188488", "Delphine Delsalle": "Q75174530", "Katrien Ongena": "Q3194195", "Sheila Hern\u00e1ndez": "Q12267374", "Mariam Bangoura": "Q27536245", "Hwang Chun-gum": "Q29477797", "Zarina Sanaki": "Q29477800", "Milagros Gonz\u00e1lez": "Q23927813", "Mai Hiromura": "Q23947304", "Sandra Gruszczynska": "Q55392547", "Katarzyna Nowak": "Q56191926", "Dechantal Fokou Ntolack": "Q15616916", "Rosa Delots": "Q35830760", "Aida Mezerna": "Q27786574", "Ngandeu Weyinjam": "Q15617106", "Lenariya Mingazova": "Q28504025", "\u30aa\u30ea\u30ac\u30fb\u30c0\u30f4\u30a3\u30c9\u30a5\u30b3\u30fc": "Q10816632", "Emmanuelle Payet": "Q75188145", "Christelle Okodombe": "Q15617101", "Mai Tateyama": "Q18817787", "Nada Ashraf Gabala": "Q27786519", "Rikke Berg": "Q1462672", "Mo Qinqin": "Q29419659", "Anna Pavlova": "Q21857144", "Iljana Marzok": "Q1658642", "Wilhelmina Strydom": "Q27786518", "Sayaka Anai": "Q16263708", "Emi Yamagishi": "Q11467898", "Shirley Guerrero": "Q24258712", "Nozomi Hirai": "Q7477688", "\u0410\u043d\u0434\u0440\u0435\u0435\u0432\u0430, \u041e\u043b\u044c\u0433\u0430 \u0410\u043b\u0435\u043a\u0441\u0430\u043d\u0434\u0440\u043e\u0432\u043d\u0430": "Q22045538", "Sarah Loko": "Q22918384", "Eri Kakita": "Q27917597", "Meg Emmerich": "Q108049550", "Emily Bensted": "Q28672376", "Karina Acosta": "Q23641957", "G\u00e9raldine Mentouopou": "Q75188928", "Galiya Ulmentayeva": "Q28503750", "Rim Yun-hui": "Q29419660", "Julie Baeyens": "Q3189154", "Julia Be\u017eko": "Q111336097", "Zhang Jie": "Q110968033", "Rina Kozawa": "Q23947501", "Tetyana Savenkova": "Q24351034", "Diana Ort\u00edz": "Q120970563", "Marta Labazina": "Q20165554", "Kitty Bravik": "Q20994478", "Lada Pilzov\u00e1": "Q24352644", "Sh\u014dko Ibe": "Q11380921", "\u0411\u0435\u043b\u043e\u0432\u0430, \u0415\u043a\u0430\u0442\u0435\u0440\u0438\u043d\u0430 \u0410\u043b\u0435\u043a\u0441\u0430\u043d\u0434\u0440\u043e\u0432\u043d\u0430": "Q22045562", "\u0427\u0435\u0440\u0435\u043f\u0430\u043d\u043e\u0432\u0430, \u041b\u0430\u0440\u0438\u0441\u0430 \u041f\u0430\u0432\u043b\u043e\u0432\u043d\u0430": "Q19915712", "Sheila Espinosa": "Q10371019", "Aurore Urani": "Q75189680", "Hyon Jong-hui": "Q29477821", "Racky Bolly": "Q27786554", "Lucie Chytr\u00e1": "Q12034158", "Mahana Clutha": "Q33297203", "Ekaterina Onoprienko": "Q19819708", "Ekaterina Sheremetova": "Q19915750", "Zoubida Bouyacoub": "Q27786395", "Xie Shishi": "Q29555957", "\u0420\u0430\u0434\u0430 \u0410\u0431\u0434\u0440\u0430\u0445\u043c\u0430\u043d\u043e\u0432\u0430": "Q22045520", "Elisa Ciria": "Q108038804", "Gerty Evens": "Q16638979", "Alina Pukhova": "Q21857168", "Khaoula Jouini": "Q27786496", "Tatyana Simantov": "Q18966198", "Vicky Stormont": "Q33297092", "Laure Aerts": "Q3218741", "Gretel Romero": "Q23642233", "Ichihashi Suzuka": "Q23947627", "Haruna Kawashima": "Q24860676", "Moe Kawasaki": "Q24874384", "Natsumi Katagiri": "Q27917724", "Maya Ishiyama": "Q28689583", "Nanami Morimoto": "Q29526090", "Grace Deutcho": "Q28501739", "Sanaa Mandar": "Q115921796", "Morgane Ribout": "Q3032047", "Baljinnyamyn Bat-Erdene": "Q20608278", "Liu Yang": "Q29602860", "Kiarn Kelly": "Q35831706", "Nodoka Shiraishi": "Q17159710", "\u0413\u0443\u0431\u0430\u0434\u043e\u0432\u0430, \u0410\u043d\u0430\u0441\u0442\u0430\u0441\u0438\u044f \u0417\u0430\u0445\u0438\u0440\u043e\u0432\u043d\u0430": "Q22045671", "Fatima Zohra Ait Ali": "Q27786435", "Munkhtsetseg Otgon": "Q107578256", "Jennifer Arcq": "Q3177019", "Evija Pu\u0137\u012bte": "Q16356322", "Ons Ben Messaoud": "Q27834558", "P\u00e9n\u00e9lope Bonna": "Q3411844", "Kristina Rumyantseva": "Q20657150", "Mariama Ndao": "Q27834757", "Tiphaine Le Gall": "Q80355538", "Shirley Elliot": "Q78224391", "Katherine Campos": "Q10313993", "Christina Herbu": "Q27786521", "Tomomi Okamura": "Q11473311", "Megumi Ishikawa": "Q11585818", "Polina Belousova": "Q22045563", "Yuka \u014csumi": "Q16264710", "Val\u00e9riane Fichot": "Q75190245", "Paule Sitcheping": "Q27955280", "Hana Carmichael": "Q23642258", "Mette Johansen": "Q11989216", "Y\u016bmi Asaka": "Q24860651", "Shizuka Maki": "Q24868362", "Sun Rong": "Q29419662", "Amani Khalfaoui": "Q5396600", "Larissa Csatari": "Q19288866", "Sabrina Saidi": "Q27119516", "Hanne Van Bossele": "Q3126846", "Jung Eun-jung": "Q28504023", "Aicha Ben Abderahmane": "Q27119636", "Kaori Kond\u014d": "Q11638953", "Elsa Honorine Oyama Enye": "Q27119243", "Liu Dan": "Q110968032", "\u0417\u0430\u0438\u043c\u0446\u044f\u043d, \u041d\u0430\u0440\u0438\u043d\u044d \u0410\u0433\u0430\u0441\u0438\u0435\u0432\u043d\u0430": "Q22045713", "\u9023\u4f69\u5982": "Q11639844", "Patricia Grogan": "Q37006305", "\u0413\u0430\u0433\u0430\u0440\u0438\u043d\u0430, \u041e\u043b\u044c\u0433\u0430 \u041e\u043b\u0435\u0433\u043e\u0432\u043d\u0430": "Q19908580", "Ye Meixin": "Q110968040", "Sofie De Saedelaere": "Q3488850", "Chihiro Takahashi": "Q30126147", "Mar\u00eda Vel\u00e1squez": "Q24034928", "Amina Temmar": "Q27119566", "Yulia Kazarina": "Q19918038", "Tatyana Zyryanova": "Q108387616", "Tomoe Ueno": "Q11360331", "Darya Karpova": "Q108400785", "Natalja Sinitsina": "Q22133609", "Javzmaa Odj\u00fc\u00fc": "Q29917660", "C\u00e9line Cond\u00e9": "Q22922371", "Di\u00e9wo Wane": "Q106388743", "V\u00e9ronique Vigneron": "Q18990620", "Angela Woosley": "Q23642313", "Diana Cobos": "Q23927814", "Natsumi Gomi": "Q28689499", "Evelyn Rodr\u00edguez": "Q24579414", "Richelle Anita Soppi Mbella": "Q122452509", "Meerim Momunova": "Q107635918", "Olga Pochkina": "Q22046054", "Olga Titova": "Q108390189", "Rania El Kilali": "Q27786577", "Shahar Levy": "Q107092086", "Kim Mi-ri": "Q29835644", "Chiho Kagaya": "Q11399732", "Myriam Lamarche": "Q24449690", "Laure Fournier": "Q21634490", "Lin Meiling": "Q29419663", "Maria Kurdyaeva": "Q15070808", "M\u00f3nica Hern\u00e1ndez": "Q24579380", "Tsend-Ayuushiin Tserennadmid": "Q20612263", "\u041d\u043e\u0441\u043a\u043e\u0432\u0430, \u0422\u0430\u0442\u044c\u044f\u043d\u0430 \u0418\u0433\u043e\u0440\u0435\u0432\u043d\u0430": "Q19915516", "Irina Alekseyeva": "Q19907555", "Camila Minakawa": "Q17208940", "Aida Ali Ouala": "Q27786545", "Tatjana Vladimirovna Timonina": "Q19915521", "Sayuri Yamamoto": "Q22120754", "Tatiana Kazeniuk": "Q19909798", "Justine Bishop": "Q37006689", "Sara Collins": "Q35831487", "G\u00fcls\u0259d\u0259f K\u0259rimova": "Q38130030", "Alyona Moskalyova": "Q19844012", "Samantha Le Cocguen": "Q101287669", "Omri Kenyon": "Q109002764", "Angelika Sopp": "Q111452688", "Cergia David": "Q107641378", "Nanami Hashiguchi": "Q11543742", "Heidy Abreu": "Q24579382", "Yuki Kikukawa": "Q24860251", "Anastasiya Valova": "Q19908247", "Lotte Denoo": "Q3260044", "Su Xin": "Q115925999", "Andrea Madgett": "Q24034930", "Taisiya Kireeva": "Q19909974", "Alexa Liddie": "Q24034929", "Maureen Groefsema": "Q2969956", "Natsumi Baba": "Q28069002", "Rui Takahashi": "Q30126273", "Nada El-Fadli": "Q27916828", "Liu Jing": "Q29581273", "Yurie Morizaki": "Q17230554", "Olga Baranova": "Q19907845", "Miri Toda": "Q11405151", "Georgette Sagna": "Q27119565", "Shayanne Stuart": "Q37006703", "Marta Ferrari": "Q50827224", "Terumi Kaneko": "Q28689585", "Margi Corfios": "Q35831473", "Kristina Vr\u0161i\u010d": "Q121128219", "\u041b\u043e\u0442\u0444\u0443\u043b\u043b\u0438\u043d\u0430, \u041b\u0438\u043b\u0438\u044f \u0420\u043e\u0431\u0435\u0440\u0442\u043e\u0432\u043d\u0430": "Q19910520", "Olga Masferrer": "Q24807665", "Emma Rouse": "Q35831450", "Hong Son-yong": "Q30099261", "Nodoka Tanimoto": "Q17160999", "Kim Su-gyong": "Q28503691", "Laia Talarn Compa\u00f1\u00f3": "Q46997730", "Nina Milo\u0161evi\u0107": "Q121097742", "Hannah Trotter": "Q35831209", "Sandra Badie": "Q118610644", "Hwang Ryu-ok": "Q29555960", "Krist\u00fdna Plevov\u00e1": "Q121255081", "Jekaterina Klinkova": "Q20528396", "Anastasiya Shinkarenko": "Q19819707", "Haruka Yasumatsu": "Q23947975", "Miku Eboshi": "Q28069000", "Yuri Nagira": "Q58420211", "Marie Thue Holm": "Q73973731", "Aaliyah Bikkuzhina": "Q24010898", "Wafa Idrisi Chorfi": "Q27916815", "Asma Bjaoui": "Q27786575", "\u041b\u0430\u043f\u0448\u0438\u043d\u0430, \u041f\u0435\u043b\u0430\u0433\u0435\u044f \u042e\u0440\u044c\u0435\u0432\u043d\u0430": "Q19910399", "Tereza Patockova": "Q12856846", "Isabella Kopecny": "Q35831293", "Mahdi Zeghir": "Q24449691", "Chintogtokh Azzaya": "Q30099243", "Haruna \u014cta": "Q11444288", "Elena Chirac": "Q68999162", "Maho Nishikawa": "Q20041996", "Rachelle Plas": "Q28872590", "Tomoka Yomogita": "Q21703070", "Ebru \u015eahin": "Q20470511", "Anne-Sophie Jura": "Q2850932", "Quansah Rosemond": "Q126285123", "\u0422\u043e\u0432\u0441\u0442\u0435\u0446\u043a\u0430\u044f, \u0410\u043d\u0442\u043e\u043d\u0438\u043d\u0430 \u0421\u0435\u0440\u0433\u0435\u0435\u0432\u043d\u0430": "Q19915529", "Manami Inoue": "Q11373014", "Halyna Tarasova": "Q115178973", "Aliona Prokopenko": "Q115133331", "You Je-Young": "Q63325604", "Anais Gopea": "Q52767995", "Hend Abdelmeguid": "Q27916818", "\u0414\u0438\u043d\u0430\u0440\u0430 \u0416\u0443\u043c\u0430\u0431\u0430\u0435\u0432\u0430": "Q28099011", "Elisa Marchio": "Q121128220", "Kotey Rachel": "Q126285029", "\u0410\u0440\u0448\u0430\u043a\u044f\u043d, \u0410\u043d\u0430\u0438\u0442 \u041b\u0435\u0432\u0430\u0435\u0432\u043d\u0430": "Q19907747", "Tina Zeltner": "Q1519105", "Maria Niangi": "Q112167235", "\u0413\u0430\u0431\u0430\u0438\u0434\u0437\u0435, \u0414\u0430\u0440\u0438\u043a\u043e \u0411\u0430\u0434\u0440\u0438\u0435\u0432\u043d\u0430": "Q19917922", "Cindy Rival": "Q35831462", "Fabiola Ndanga Nana": "Q27916808", "Ekaterina Lialina": "Q108410963", "Valeria Ferrari": "Q50772813", "Valentina Maltseva": "Q108406051", "Nuriyya Axundova": "Q30125806", "Kim Chalmers": "Q37006292", "\u0410\u0439\u0433\u0443\u043b\u044c \u0422\u0430\u0448\u0442\u0438\u043c\u0438\u0440\u043e\u0432\u0430": "Q22919365", "\u0416\u0443\u0440\u0430\u0432\u043b\u0451\u0432\u0430, \u0410\u043d\u043d\u0430 \u0412\u043b\u0430\u0434\u0438\u043c\u0438\u0440\u043e\u0432\u043d\u0430": "Q19909368", "Emeline Kaddour": "Q38681515", "Nadja Bazynski": "Q22236512", "\u041f\u0440\u0438\u0434\u0430\u043d\u043d\u0438\u043a\u043e\u0432\u0430, \u0410\u043d\u043d\u0430 \u0412\u0438\u043a\u0442\u043e\u0440\u043e\u0432\u043d\u0430": "Q19915609", "\u0422\u0430\u0446\u0446\u044f\u043d\u0430 \u041c\u0456\u0445\u0430\u0439\u043b\u0430\u045e\u043d\u0430 \u041c\u0430\u0446\u043a\u043e": "Q64438567", "Sahar Trabelsi": "Q27119657", "Kayoko Sano": "Q11385108", "Veronika Romanko": "Q108389974", "Merel Groenen": "Q64869199", "Delphine Gu\u00e9non": "Q64667987", "El\u00e9a de Gans": "Q61731781", "\u041a\u0440\u044e\u043a\u043e\u0432\u0430, \u042f\u043d\u0430 \u0415\u0432\u0433\u0435\u043d\u044c\u0435\u0432\u043d\u0430": "Q21640771", "Alice Coppleman": "Q35831194", "Miharu Kuroki": "Q24874275", "Im\u00e1n Rezug": "Q112136930", "Allyson Quevedo": "Q115625937", "Natalia Kubin": "Q1966121", "Stevie Kelly": "Q24956151", "Treicy Etiennar": "Q3538323", "Li Yang": "Q29576744", "Wisneiby Machado": "Q24449759", "Julia Rosso": "Q80173674", "Rita Ebere": "Q27119653", "Shiori Yoshimura": "Q17211024", "Judith Gonz\u00e1lez": "Q115625935", "Koyuki Tsuruoka": "Q85586684", "Sonia Lniany": "Q85868228", "Tamami Yamazaki": "Q11468154", "Sakaguchi Hitomi": "Q18457729", "Djazia Haddad": "Q27119627", "Takumi Miyakawa": "Q11454693", "Riho Okamoto": "Q11473175", "Donya Aghaei": "Q122914911", "Carola Paissoni": "Q50772807", "Aya Khaled": "Q27916823", "M\u00e9lissa H\u00e9leine": "Q64767769", "Alaa Hamed": "Q52005856", "Camille Larose": "Q80328318", "Olfa Saoudi": "Q27119622", "Mai Morishita": "Q24859397", "Melanie Wallis": "Q35831308", "Zere Bektaskyzy": "Q30068092", "Mil\u00e8ne Wojciak": "Q80134962", "\u0420\u0435\u0437\u0435\u043f\u043a\u0438\u043d\u0430, \u0410\u043b\u0438\u043d\u0430 \u0412\u043b\u0430\u0434\u0438\u043c\u0438\u0440\u043e\u0432\u043d\u0430": "Q4392396", "Marie-Jeanne Seck": "Q114833801", "\u041f\u0430\u0448\u0438\u043d\u0430, \u0410\u043d\u043d\u0430 \u0412\u043b\u0430\u0434\u0438\u0441\u043b\u0430\u0432\u043e\u0432\u043d\u0430": "Q21643774", "Sakiho Hamada": "Q11566217", "Mar\u00eda Isabel Huitr\u00f3n": "Q40683604", "Sara Yamamoto": "Q22120755", "Fredrikke Roaldseth": "Q73611862", "Urszula Hofman": "Q48844327", "M\u00e9lanie Lem\u00e9e": "Q97012045", "Olga Kryukova": "Q24010913", "Adi Grossman": "Q34229037", "Daria Bobrikova": "Q108408491", "Brenda Freitas": "Q123505976", "Nieke Nordmeyer": "Q66785369", "Cai Qi": "Q115917976", "Oksana Agazade": "Q108401829", "Virginia Aymard": "Q125635086", "Galiya Sagitova": "Q108399252", "Andrea Guti\u00e9rrez": "Q25415218", "Stessie Bastareaud": "Q110770279", "Mako Uchio": "Q18383168", "Adel van der Walt": "Q37006318", "Marl\u00edn Viveros": "Q24827163", "Ekaterina Tokareva": "Q24010816", "\u018ffsan\u0259 H\u00fcseynova": "Q16378578", "Nazl\u0131can K\u0131l\u0131\u00e7": "Q101096570", "Shawnee Felton": "Q38794565", "Fatou Kin\u00e9 Badji": "Q106937933", "Lilian Cordones": "Q123652144", "Fatima Zahra El Qorachi": "Q52005814", "Joana Diogo": "Q110997505", "Dewy Karthaus": "Q115178967", "Shiori Sat\u014d": "Q30126290", "Akari Inoue": "Q40034224", "Brillith Gamarra": "Q63398534", "Luc\u00eda Cantero": "Q63398640", "Cecilie Bolander": "Q73754011", "Erdenebat Bazarraq\u00e7a": "Q31301291", "Nathalie K\u00f6bli": "Q30088964", "Lee Hye-kyeong": "Q63255730", "Sarah Harachi": "Q106937153", "Naomi de Bruine": "Q38794573", "Alessandra Prosdocimo": "Q3609709", "Keisy Peraf\u00e1n": "Q52133649", "Ana Laura Portuondo-Isasi": "Q24807660", "Sebile Akbulut": "Q111796037", "Niurguiana Nikiforova": "Q108417833", "Mariana Esteves": "Q122425336", "Jeanne Louise Nkou Mballa": "Q114834022", "Honoka Yamauchi": "Q24874274", "Marie Atuvaha": "Q37322086", "S\u0259kin\u0259 Zairova": "Q42296404", "Audrey Njepang": "Q30126209", "Maiko Inoue": "Q53764773", "Karen da Silva": "Q42912919", "Katarzyna Wiszniewska": "Q85864199", "Giulia Pierucci": "Q50772803", "Catalina Ascencio": "Q115625945", "Caroline Hain": "Q38794545", "Jung Ye-rin": "Q115917868", "Kaho Yonezawa": "Q22120837", "Luisa Bonilla": "Q123688200", "Djamila Silva": "Q106920136", "Shiho Kakizawa": "Q30933037", "Alexandra Gimaletdinova": "Q108418277", "Mariya Skora": "Q115178971", "Gunel Hasanli": "Q30125810", "Marta Wykupil": "Q85865754", "Kim Akker": "Q65939209", "Mikoto Tsunemi": "Q22123880", "Mari Suzuki": "Q24874265", "Miyu Nakae": "Q24874803", "Shiy\u016b Umezu": "Q27917857", "Honoka Araki": "Q28068993", "Esther Dumons": "Q52767993", "Aoi Ogura": "Q64782939", "Klaudia Cie\u015blik": "Q71324116", "Agata Zacheja": "Q85858922", "Anita Formela": "Q85859407", "Daria Tymann": "Q85860395", "Ikram Sukat": "Q29419670", "Audrey Jeannette Etoua Biock": "Q112166996", "Marina Bukreeva": "Q108418053", "Hafsa Yatim": "Q106942104", "Zahra Bagheri": "Q122915310", "Yanka Pascoalino": "Q29835793", "Dilbara Salkarbek Kyzy": "Q108410845", "Laura Piccinni": "Q20204986", "Khadija Sonko": "Q114833849", "Fatim Fofana": "Q115110827", "Yousra El Bouhairi": "Q114833920", "Nadia Guimendego": "Q122451972", "Haingoniaina Durianah Ramiandrisoa": "Q104334969", "Anna G\u00fashchina": "Q115155025", "Natsumi Kuroki": "Q23947984", "Ilona Lucassen": "Q96279965", "Remi Aoyagi": "Q24868393", "Nazakat Azizova": "Q38123593", "Brigitte Carabal\u00ed": "Q122639615", "Chlo\u00e9 Buttigieg": "Q112976639", "Andreza Antonio": "Q122451827", "Louise Kelly": "Q54849383", "Leyla Aliyeva": "Q23684107", "P\u00fcrevs\u00fcrengiyn Buyanhishig": "Q55198372", "Nana K\u014dta": "Q65266815", "Valida Mirzazada": "Q30125814", "J\u00e9ssica Lima": "Q111621013", "Erin Butts": "Q24961875", "Iori Suzuki": "Q23947982", "Melisa \u00c7akmakl\u0131": "Q19611957", "Emilia Kanerva": "Q20736602", "Mai Umekita": "Q28693477", "Hikaru Kodama": "Q30126247", "Ry\u014d Shinmori": "Q58419998", "Anna D\u0105browska": "Q70608625", "Barbara Kulik": "Q85859810", "Danuta Majcher": "Q85860392", "Dominika Mr\u00f3z": "Q85860535", "Justyna Sliwa": "Q85863507", "Karolina Miller": "Q85864144", "Katarzyna Madajewska": "Q85864164", "Paulina Dziopa": "Q85867072", "Vanessa Machnicka": "Q85869788", "Chie Sasaki": "Q85876402", "\u0410\u043d\u0442\u0438\u043a\u0430\u043b\u043e \u0413\u0430\u043d\u043d\u0430 \u0421\u0435\u0440\u0433\u0456\u0457\u0432\u043d\u0430": "Q85988244", "Jana Scheffold": "Q123631110", "Yekaterina Dolgikh": "Q108412782", "Signoline Kanyamuneza": "Q104218475", "Camila Figueroa": "Q123669887", "Danna Nagucheva": "Q108410927", "Candice Lebreton": "Q110670496", "Mar\u00eda Fernanda Villalba": "Q123652259", "Narindra Rakotovao": "Q104219238", "Amanda Lima": "Q111620949", "Anastasiya-Alexandra Nenova": "Q104300338", "Anastasia Kolyadenkova": "Q108417681", "Manon Deketer": "Q108910536", "Aurore Cabanne": "Q80172214", "Lili Cardenashi": "Q29835826", "Ellen Wright": "Q37322001", "Oduro Elizabeth": "Q126285007", "Celinda Corozo": "Q106521002", "Park Eun-Song": "Q123972923", "Maeve Coughlan": "Q37322014", "Riho Sanganji": "Q112239050", "Karina Cherevan": "Q108408581", "M\u00e9lanie Vieu": "Q110763566", "\u0417\u0430\u0434\u0432\u043e\u0440\u043d\u043e\u0432\u0430, \u041a\u0441\u0435\u043d\u0438\u044f \u0412\u0430\u043b\u0435\u0440\u044c\u0435\u0432\u043d\u0430": "Q123411871", "Riko Igarashi": "Q28689494", "Rinoko Wada": "Q45819272", "Aickessa Atuvaha": "Q52768000", "Aleksandra Butlewska": "Q71330401", "Eliza Wr\u00f3blewska": "Q85860679", "Julia Swiatkiewicz": "Q85863401", "Maria Baczek": "Q85865508", "Akmaral Nauatbek": "Q63243375", "Ryoko Takeda": "Q22127103", "Luz Pe\u00f1a": "Q106513505", "Shannon van de Meeberg": "Q115195863", "Guo Zongying": "Q122830378", "Iryna Jriashchevska": "Q115178972", "Utana Terada": "Q102246956", "Paulina Mart\u00ednez": "Q122609965", "V\u011bra Zemanov\u00e1": "Q107782508", "Nadia Simeoli": "Q37242259", "Rosa Alsgaard": "Q74009306", "Natasha Ferreira": "Q122609879", "Minel Akdeniz": "Q111605065", "Vanesa Godines Alem\u00e1n": "Q24807664", "Georgika Wesly Djengue Moune": "Q112167219", "Zita Ornella Biami": "Q112167206", "Aruna Dzhangueldina": "Q115908245", "Gultaj Mammadaliyeva": "Q119729138", "Darja Tokmantseva": "Q124348119", "Giulia dos Santos Pereira": "Q122983990", "Feng Yingying": "Q122830379", "Josefina Fuentealba": "Q115625939", "Aartje Vroegh-Sheffield": "Q23927738", "Cecilia Mart\u00ednez": "Q25413718", "Marcelline Mkegne": "Q28502080", "Pauline Ngo Tepka": "Q28502110", "Hildegarde Asse": "Q28502219", "Meeta Sharma": "Q30125819", "Darlene Jones": "Q30125930", "Chihiro Todokoro": "Q58139815", "Aleksandra Gaj": "Q71331439", "Asumi Ura": "Q85586712", "Paulina Szlachta": "Q85867084", "Anna Siga Faye": "Q114678762", "Daria Vlad\u00edmirova": "Q115155024", "\u30bd\u30d4\u30aa\u30fb\u30bd\u30e0\u30d2\u30b7\u30f4\u30a3\u30ea": "Q97244540", "Filippa Brovold": "Q109731278", "Marlene Hunger": "Q123197837", "Amarsaikhany Adiyas\u00fcren": "Q111011415", "Marlene Galandi": "Q115195869", "Naomi van Krevel": "Q107168667", "Figalaau Mafi": "Q38794587", "Ayano Yuki": "Q40033391", "Mariam Chanturia": "Q115155027", "Mariah Holguin": "Q111621073", "Shaked Amihai": "Q108317667", "Ruri Takahashi": "Q74145639", "Lea Schmid": "Q115195870", "Mascha Ballhaus": "Q108910539", "Seija Ballhaus": "Q115195865", "Houaria Kaddour": "Q125634661", "Irene Pedrotti": "Q121079795", "Eiraima Silvestre": "Q111632595", "Meroua Mammeri": "Q106942194", "Jasmine Martin": "Q63457534", "Tomoka Arakawa": "Q118696636", "Petrunjela Pavi\u0107": "Q112538260", "Tracy Durhone": "Q122452593", "Brisa G\u00f3mez": "Q122610068", "Stine Marie R\u00f8s\u00e6g": "Q109731281", "Nina Kuboi": "Q43424886", "Sana Yoshida": "Q58139819", "Mami Asahi": "Q74145573", "Kanako Hakamata": "Q76283351", "Momo Tatsukawa": "Q118130496", "Ariela S\u00e1nchez": "Q123688295", "Cecilia Betemps": "Q121079796", "Moira Morillo": "Q111632657", "Daria Khramoikina": "Q124284692", "Mariem Khlifi": "Q106937522", "Elis Startseva": "Q124613422", "Hibiki Shiraishi": "Q111461755", "Mohadeseh Hosseini": "Q123501690", "Kokoro Fujishiro": "Q123406086", "Oulaya Khairi": "Q122452216", "Isabelle Harris": "Q123251430", "Kirari Yamaguchi": "Q111112819", "Suzumi Yoshida": "Q112239052", "Chaimae Taibi": "Q121357237", "Sita Kadambaeva": "Q106449251", "Laila G\u00f6bel": "Q115195867", "Diane Par\u00e9": "Q125693324", "Ana Viktorija Puljiz": "Q61061200", "Halimajon Qurbonova": "Q122830377", "Mun Song-Hui": "Q123972778", "Idelannis G\u00f3mez": "Q123669724", "Haruka Kawabata": "Q40033131", "Rosalie W\u00f6ss": "Q114871268", "Ai Tsunoda": "Q71680111", "Donne Breytenbach": "Q106920170", "Esmigul Kuyulova": "Q123972835", "Asya Tavano": "Q111796036", "Maria Swan": "Q122639470", "Kseniia Galitskaia": "Q108824573", "Anna Monta Olek": "Q112238179", "Alexia Nascimento": "Q123246859", "Akari Omori": "Q115529924", "Chlo\u00e9 Devictor": "Q114825566", "Hikari Yoshioka": "Q71678933", "Sarah Mehlau": "Q115195868", "Rania Harbaoui": "Q108803621", "Deniba Konare": "Q120401198", "Ayumi Kawada": "Q76283349", "Pihla Salonen": "Q91994024", "Sairy Col\u00f3n": "Q123669860", "Sindi Vainshtein": "Q108473861", "Mizuki Takaki": "Q122973725", "Miki Mukunoki": "Q123000873", "Kseniya Medvedeva": "Q117814640", "\u017diva Vilfan": "Q126280007", "Ariane Toro": "Q125121014", "L\u00e9a Beres": "Q110768040", "Eter Askilashvili": "Q121079791", "Adelina Novitzki": "Q122387420", "Thauany Capanni Dias": "Q121079797", "Gulkhayo Juraeva": "Q124714207", "Mizuki Sugimura": "Q121091817", "Ta\u00eds Pina": "Q126097656", "Rin Eguchi": "Q71678936", "Lianet Cardona": "Q123670067", "Aina Laura Rasoanaivo Razafy": "Q123299485", "Tassnim Roshdy": "Q125216448", "Chaima Sidaoui": "Q125029844", "Nino Gulbani": "Q115155028", "Mariem Jmour": "Q125029878", "Maram Jmour": "Q125030448", "Mayu Honda": "Q121072305", "Mitsuki Kondo": "Q123406085", "Maysa Pardayewa": "Q123972970", "Carina Klaus-Sternwieser": "Q110191167", "Kano Miyaki": "Q115529137", "Kerem Primo": "Q107293599", "Savita Russo": "Q125625658", "Rahma Tibi": "Q122424916", "Yuli Alma Mishiner": "Q108123861", "Dzato Evelyn": "Q126284973", "Anane Esther": "Q126284941", "Ons Romdhani": "Q125030051", "Riko Honda": "Q123000982", "Zeineb Troudi": "Q125053293", "Shenidy Tsemane": "Q125216357", "Yuri Shimizu": "Q121872725", "Hili Zakroisky": "Q121863185", "Soraya Carvalho": "Q10373444", "Evelyn Mat\u00edas": "Q18649979", "Mar\u00eda Luisa Iglesias": "Q19886472", "Maira \u00c1lvarez": "Q19900562", "Concepci\u00f3n Costa": "Q20014267", "Li Jinlin": "Q20653279", "Pae Dong-suk": "Q20730617", "Nadia Amerighi": "Q20994461", "Agneta Andersson": "Q20994462", "Edith Bouthemy": "Q20994476", "Gabriele Czerwinski": "Q20994494", "Emilia Davico": "Q20994495", "Andr\u00e9e Dayez": "Q20994497", "Ute Dr\u00f6gekamp": "Q20994507", "Maria Vittoria Fontana": "Q20994519", "Andrea Gerber": "Q20994527", "G\u00e9raldine Harmon": "Q20994542", "Christine Jankowski": "Q20994555", "Noella Jodogne": "Q20994558", "Rebecca K\u00fcttner": "Q20994574", "Rebecca Limerick": "Q20994587", "Rebecca Ljungbergh": "Q20994591", "Franka Luzzi": "Q20994595", "Gloria Monti": "Q20994620", "Veronika Nagy": "Q20994627", "Paola Napolitano": "Q20994629", "Ther\u00e9se Nguyen": "Q20994632", "Kathy Nicol": "Q20994633", "Pia Olsson": "Q20994638", "Elisabetta Ricciato": "Q20994663", "Varma Rothacher": "Q20994665", "Judith Salzmann": "Q20994666", "Mileva Smiljani\u0107": "Q20994679", "Josiane Tripet": "Q20994697", "Sylviane Trucios": "Q20994698", "Anna-Maria Valvano": "Q20994704", "Mileva Vasi\u0107": "Q20994705", "Helen Wantling": "Q20994717", "Cornelia Wei\u00df": "Q20994719", "Fabienne Antoine": "Q21000961", "Ann-Marie Briody": "Q21006230", "Tipi Kantoj\u00e4rvi": "Q21006241", "Yelena Gushchina": "Q21057462", "Svetlana Komarova": "Q21126707", "Anny Hern\u00e1ndez": "Q21482301", "Diane Amyot": "Q21484062", "Nancy Clayton": "Q21484085", "Nilda Espinosa": "Q21484097", "Nancy Jewitt": "Q21484116", "Lorraine Methot": "Q21484130", "Regla Povea": "Q21484138", "Sara Rilves": "Q21484144", "Heather Ford": "Q21497230", "Vilma Cianelli": "Q21503341", "In\u00e9s Dar\u00f3n": "Q23067879", "Karine Blanchet": "Q23301948", "Consuelo Gonz\u00e1lez": "Q23307883", "Bonnie Sherman": "Q23641137", "Sonia Blanco": "Q23778633", "Sandra Leisle": "Q23786825", "Marcia Qui\u00f1\u00f3nez": "Q23906961", "Belinda Binkley": "Q23915416", "Mar\u00eda Luj\u00e1n Pacciarini": "Q23927319", "Mariel Quintieri": "Q23927351", "Vahakn Paladian": "Q23927358", "Marcela Cano": "Q23927360", "Patricia Melgarejo": "Q23927361", "Silvana Filippi": "Q23927362", "Claudia Quinteros": "Q23927363", "Cecilia Bondi": "Q23927365", "Irene Coronel": "Q23927366", "Tina Stump": "Q23927389", "Jaqueline Rodriguez": "Q23927405", "Mar\u00eda Rivero": "Q23927406", "Ana Morales": "Q23927407", "Diana Mart\u00ednez": "Q23927408", "Maureen Randolph": "Q23927409", "Cindy Sovljanski": "Q23927410", "Kathy Dalton": "Q23927412", "Denise Vidal": "Q23927413", "Amy Moesta": "Q23927414", "Sharon Seibel": "Q23927415", "Katherine Ensler": "Q23927416", "Elizabeth Mel\u00e9ndez": "Q23927417", "Davina Minkin": "Q23927418", "Telitha Ellis": "Q23927419", "Rosemeri Salvador": "Q23927429", "Roberta Silva Bittencourt": "Q23927455", "In\u00e9z Nazareth": "Q23927464", "Carla Duarte": "Q23927465", "Ivana Santana": "Q23927466", "Cristina Souza": "Q23927467", "Valeria Brandino": "Q23927470", "Gisleine Lamano": "Q23927471", "Cecilia Sato": "Q23927472", "Elena Guimar\u00e3es": "Q23927473", "Miriam Correia": "Q23927475", "Helena Guimar\u00e3es": "Q23927476", "Andre Soria": "Q23927477", "Renata Silva": "Q23927479", "Carla Melo": "Q23927481", "Denise Buengermino": "Q23927483", "Luciana Satiko Ohi": "Q23927485", "Denise Oliveira": "Q23927486", "Erika Damasceno": "Q23927487", "\u00c9rica Moraes": "Q23927488", "Mirledis Turro": "Q23927638", "Florentina Quintana": "Q23927642", "Miriela Gener Alfonso": "Q23927644", "Danieska Vel\u00e1squez": "Q23927645", "Suislay Jay": "Q23927646", "Jolanta Adamczyk": "Q23927682", "Helena \u0160tus\u00e1kov\u00e1": "Q23927683", "Nereida Brito": "Q23927685", "Cathy Lee": "Q23927688", "Colleen McDonald": "Q23927690", "Betsabeth Hern\u00e1ndez": "Q23927710", "M\u00f3nica Proano": "Q23927711", "Denise Thivierge": "Q23927712", "Sonia Carabajo": "Q23927713", "Berta Osuna": "Q23927714", "Cathy Sheffield": "Q23927715", "Mary Rooks": "Q23927716", "Marcia Coello": "Q23927717", "Susan Ulrich": "Q23927718", "Rossina Cianelli": "Q23927719", "Yully Navas": "Q23927720", "Andr\u00e9e Barrette": "Q23927721", "Iveck Mata": "Q23927723", "Karelis Aguilar": "Q23927731", "Maritza Jim\u00e9nez": "Q23927732", "Amelia \u00c1vila": "Q23927733", "Sara Hockett": "Q23927734", "Sandra Insley": "Q23927739", "Teresa Ben\u00edtez": "Q23927748", "Tammy Patterson": "Q23927750", "Elizabeth Sayer": "Q23927751", "Ivis Garc\u00eda": "Q23927753", "Patricia Ibarra Uribe": "Q23927754", "Gisella Naula": "Q23927755", "Ana Luc\u00eda Barb\u00f3n": "Q23927759", "Aurora Cardona": "Q23927760", "Virnelis Boraure": "Q23927761", "Rosel\u00edn Huacar\u00e1n": "Q23927764", "Blanca Gonz\u00e1lez": "Q23927765", "Niurka Perdomo": "Q23927766", "Marianela Astudillo": "Q23927767", "Juliana Rodr\u00edguez": "Q23927768", "Yarelis Suero": "Q23927769", "Talia Fuentes": "Q23927770", "Leida Anzola": "Q23927776", "Magali Cer\u00f3n": "Q23927777", "Mar\u00eda Sosa": "Q23927778", "Rubenia Castro": "Q23927779", "Adriana Losada": "Q23927786", "Nancy Acosta \u00c1vila": "Q23927787", "Herlin Carios": "Q23927790", "Valeria Palomino": "Q23927791", "Liliana Carreras": "Q23927792", "X\u00f3chitl Arauz": "Q23927796", "Johanna Brizuela": "Q23927798", "Claudia Rivera": "Q23927801", "Andrea Collazos": "Q23927803", "Maira Viveros": "Q23927806", "Rie Iwafuji": "Q24860307", "Lorrayne Costa": "Q24961167", "Edilia Amor\u00f3s": "Q24961169", "Stefany Garc\u00eda": "Q24961406", "Ana Blanco": "Q25413136", "Susana Mart\u00ednez": "Q25413211", "Liliana Fern\u00e1ndez": "Q25413488", "Yoriko Yoshimura": "Q26045933", "Hidemi S\u014dda": "Q27150924", "Asami Hiraoka": "Q27917723", "Miyuki Kurihara": "Q27917726", "Yasmeen Afify": "Q28501393", "Sally Buckton": "Q28501401", "Nora Abdelhamid": "Q28501407", "Chemabo Awah": "Q28501417", "Tania D'Aguiar": "Q28501970", "Liezl Downing": "Q28501974", "Fatima El-Miftah": "Q28501992", "Iman El-Banna": "Q28502066", "Khalifa Magda": "Q28502068", "Amani Ismail": "Q28502081", "Mariam Hossam Eldin": "Q28502127", "Hanem Esayed Jater": "Q28502128", "Yasmin Sabra": "Q28502145", "Radia Boubrioua": "Q28502273", "Chedlya Ghliss": "Q28502274", "Sharlene Laishley": "Q28502275", "Haidi Hafez": "Q28502306", "Mira Nabil Nasif": "Q28502307", "Mahitab Faruk": "Q28502351", "Nina Langenhoven": "Q28502354", "Audrey Catherine": "Q28502365", "Sarra Wahid": "Q28502367", "Samar Salah": "Q28502368", "Amal Fawzi": "Q28502403", "Nada Tarek": "Q28502415", "Nada Ibrahim": "Q28502480", "Tsay Shwu-Huey": "Q28502740", "Chen Mei-Huey": "Q28502893", "Kim So-ra": "Q28503025", "Nuanchan Tangprapassorn": "Q28503184", "Kim Hye-sook": "Q28503187", "Song Jianfeng": "Q28503200", "Paradawdee Pestonyee": "Q28503217", "Pan Yuqing": "Q28503434", "Huang Yu-Hsin": "Q28518348", "Etsuko Kondo": "Q28688092", "Michiko Nakanishi": "Q28689645", "Miyuki Saita": "Q28689646", "Muiana Tanto": "Q29052483", "Umar Usman": "Q29052486", "Elly Amalia": "Q29052489", "Zhanat Nurtazina": "Q29052510", "Manchuk Dauletkereyeva": "Q29052524", "Chen Bishan": "Q29577095", "He Ji": "Q29577219", "He Xiaoli": "Q29577229", "Hu Rong": "Q29577256", "Jin Shujiao": "Q29577280", "Qin Yuying": "Q29582594", "Sun Xiaofang": "Q29582619", "Liang Zhenxia": "Q29582638", "Wang Yangbei": "Q29623455", "Zhang Qingli": "Q29624510", "Zhao Limin": "Q29624607", "Zheng Linli": "Q29624685", "Yang Sun-ae": "Q30125822", "Kim Hee-jong": "Q30125829", "Lee Won-jung": "Q30125834", "Roongtawan Jindasing": "Q30125843", "Ri Myong-hwa": "Q30125852", "Kim Myong-hui": "Q30125854", "Jung Hae-mi": "Q30125863", "Kang Sin-hye": "Q30125878", "Wang Hsiang-Wen": "Q30125880", "Juan Hsin-Yi": "Q30125883", "Choe Hyon-ju": "Q30125890", "Colleen Kuriger": "Q30125900", "Debbie Ann Smith": "Q30125902", "Shinko Sato": "Q30125914", "Hureldorj Batjishig": "Q30125923", "Cho Hye-jin": "Q30125925", "Patricia Taylor": "Q30125932", "Debbie Ann Van Hoek": "Q30125945", "Julie Fitzgerald": "Q30125950", "Tammy Johnson": "Q30125957", "Kerrye Jones": "Q30125959", "Lindsay Bloss": "Q30125979", "Vivienne Burke": "Q30125998", "Kerry Corkin": "Q30126001", "Sue Crimmins": "Q30126003", "Susan Dunn": "Q30126007", "Carolyn Hamblin": "Q30126011", "Sue Lytollis": "Q30126013", "Randolea Rapley": "Q30126014", "Frances Roeloffs": "Q30126016", "Aria Ruwhiu": "Q30126018", "Vaneta Stutt": "Q30126019", "Heidi Zahn": "Q30126026", "Audrey Halkyard": "Q30126037", "Judith Hansberry": "Q30126040", "Janet Morrison": "Q30126046", "Janet Lambert Yarsley": "Q30126066", "Michelle Shoveller": "Q30126068", "Elizabeth Crosbie": "Q30126070", "Lyle Emmens": "Q30126074", "Jeon Soh-young": "Q30126117", "Park Mi-ja": "Q30126121", "Jeong Ji-won": "Q30126126", "Kim Myong-ok": "Q30126128", "Choe Kyong-sil": "Q30126134", "Karin Sheedy": "Q30126181", "Jodi Atkinson": "Q30126195", "Chris Simiona": "Q30126202", "Dominique Pilon": "Q30126212", "Suzanne Ajmedova": "Q30126235", "Tihea Topolovec": "Q30126241", "Hiroyo Sato": "Q30126258", "Heather Gingell": "Q30134443", "Judith Bruce": "Q30134447", "Lynette Farmer": "Q30134449", "Janet Poole": "Q30134459", "Suesan McDonald": "Q30134464", "Namiko Hayashi": "Q30899946", "Michiko Saijo": "Q30899954", "Satsuki Watabe": "Q30900027", "Kim Eun-hee": "Q30900597", "Wu Jiu-Ling": "Q30900670", "Keum Jin-hee": "Q30900676", "Cho Hyun-suk": "Q30900686", "Hsu Yu-Gu": "Q30900690", "Chak Mi-jeong": "Q30900695", "Shizuka Johoji": "Q30901323", "Nadajda Teltakova": "Q30901854", "Choi Young-hee": "Q30902135", "Janine Harker": "Q30904997", "Anne Marie Fraser": "Q30905001", "Karen Thorpe": "Q30905007", "Brenda Lefty": "Q30905064", "Lois Walker": "Q30905065", "Marguerita Fuentealba": "Q30905112", "Sheryl Trevena": "Q30905113", "Ishiri Lagah": "Q30905115", "Suzanne Childs": "Q30905268", "Yvette Childs": "Q30905269", "Diana Fanulli": "Q30905286", "Christine Pearce": "Q30905287", "Rachel Day": "Q30905288", "Lyndsay Reid": "Q30905303", "Marleen Timmers": "Q30905379", "Shirl Hapuku": "Q30905381", "Tammy Acciari": "Q30905457", "Maria Jakowetz": "Q30905461", "Julia Serrano": "Q30905729", "Angela Hill": "Q30907255", "Leah Smith": "Q30907257", "Victoria Brown": "Q30907288", "Barbara Potter": "Q30907351", "Rebecca Smith": "Q30907428", "Allison Newham": "Q37583470", "Ana Navira": "Q37583479", "Anne Medil": "Q37583521", "Belinda Giudice": "Q37583560", "Carole Giudice": "Q37583622", "Chen Mei-Hui": "Q37583639", "Coralie Bretegnier": "Q37583675", "Fiona Glen": "Q37583866", "Elodie Foeillet": "Q37583970", "Helen Robertson": "Q37584068", "Kuramihirangi Smith": "Q37584227", "Hannah Downing": "Q37584278", "Gabrielle Clarke": "Q37584304", "Mereani Naioba": "Q37584367", "Sandrine Perel": "Q37584646", "Sarah Donegan": "Q37584663", "Sarah Hunter": "Q37584667", "Sharon Milligan": "Q37584682", "Simone Dahl": "Q37584700", "Sisilia Lewamoqe": "Q37584703", "Sophia Dennis": "Q37584709", "Stephanie Palumbo": "Q37584791", "Stephanie Topp": "Q37584795", "Elenoa Korowaqa": "Q37585902", "Dawn Murten": "Q37586624", "Danielle Newham": "Q37586707", "Francis Albrew": "Q37586757", "Rebecca Finlay": "Q37586816", "Renat Loader": "Q37586826", "Tina Wood": "Q37586905", "Usenia Naulu": "Q37586917", "Xina Hudson": "Q37586927", "Zoe Bourke": "Q37586934", "Natasha Forgeson": "Q39080651", "Michelle Olsen": "Q39080715", "Nina Kolotilina": "Q39080838", "Jeaneen Steel": "Q39080938", "Lisa Archbold": "Q39080967", "Kate Stanbridge": "Q39080971", "Laure-Line Lafille": "Q39081031", "Marion Poiret": "Q39081174", "Patrycja Bokiej": "Q55392802", "Monika Skibinska": "Q55392886", "Morimi Ogasawara": "Q55540485", "Mizuho Sat\u014d": "Q55540487", "Margaret McKenna": "Q56695207", "Yoriko Shimaya": "Q60229939", "Sayoko Hoshino": "Q60229940", "Yoko Suzuki": "Q60229941", "Tomoka Kashimoto": "Q60990778", "Mayumi Hashimoto": "Q60990780", "Mizue Takahashi": "Q60990783", "Fukiko Okai": "Q60990789", "Marcela Garc\u00eda": "Q70873800", "Eva Espinoza": "Q70875870", "Grisel del Valle": "Q70875932", "Gabriela Vizcarra": "Q70876443", "Michelle des Groseilliers": "Q70876470", "Kathleen Dalton": "Q70876485", "Telma Coelho de Souza": "Q70876494", "Janika Michel": "Q73517475", "Christina Skandli": "Q76570363", "Desiree Allan": "Q76662955", "Dlanny Bagu": "Q76677382", "Mara Narancic": "Q76760201", "Scarlett Gabrieli": "Q78223923", "\u677e\u6c38\u771f\u7406\u5b50": "Q81967985", "\u571f\u5ddd\u7f8e\u548c\u5b50": "Q81967996", "Monika Karkoszka": "Q85866525", "Ma\u0142gorzata Wielgosz": "Q100591845", "Magdalena Baleja": "Q100591847", "Alisha Galles": "Q102347164", "Gulnur Muratbaeva": "Q106431997", "Hsu Lin-Hsuan": "Q106432221", "Sita Kadamboeva": "Q106432288", "Nilufar Ermaganbetova": "Q106432520", "Priscila Mart\u00ednez": "Q106521045", "Yelena Gasanova": "Q108101029", "Lian Bibe": "Q108123822", "Oxana Fedorova": "Q108312122", "\u0418\u0440\u0438\u043d\u0430 \u041f\u0430\u0432\u043b\u0435\u043d\u0438\u043d\u0430": "Q108312269", "Lyudmila Klimchuk": "Q108312406", "Margarita Bazulina": "Q108369618", "Olga Lyubchenko": "Q108370881", "Olga Serikova": "Q108371963", "Elena Pronina": "Q108372817", "Natalia Petukhova": "Q108373030", "Yael van Heemst": "Q110757455", "Florentina Iv\u0103nescu": "Q110763503", "Iva Oberan": "Q110770318", "Marine Erb": "Q110969403", "Tasha Cancela": "Q111268918", "Sara Golden": "Q111268938", "Yusmari Reyes": "Q111621098", "Cindy Mera": "Q111621115", "Luana Carvalho": "Q111632426", "Vera Wandel": "Q112678747", "Giulia Caggiano": "Q112827450", "Rachel Rammant": "Q112977311", "Elena Dengg": "Q112977321", "Nele Noack": "Q112977327", "Lisa Tretnjak": "Q112977462", "Daniela Badura": "Q112977522", "Julie Beurskens": "Q113308203", "Kisumi Omori": "Q115529925", "Seiko Watanabe": "Q115596030", "\u00d6zlem Yildiz": "Q115781288", "Shojista Nazarova": "Q115925893", "Tserendulam Enjchimeg": "Q115925936", "Shakhida Narmukhamedova": "Q116045267", "Kurena Ikeda": "Q117831030", "Adriana Gonz\u00e1lez": "Q120984133", "Veronica Toniolo": "Q121694541", "Amira Ben Ayed": "Q122424052", "Dunia Slimani": "Q122451885", "Ange Ciella Niragira": "Q122452369", "Arij Akkab": "Q122452422", "Rin Kamiya": "Q123001038", "Carla Livia Muller Duarte": "Q123370875", "Christi-Rose Pretorius": "Q124052152", "Natacha Razafindrakalo": "Q125029800", "C\u00e9line Baba Matia": "Q125029823", "Farida Magdi": "Q125030561", "Aya Yabal\u00e1": "Q125030939", "Crislayn Rodrigues": "Q125053036", "Zina Buakach": "Q125053459", "Dyhia Benchalal": "Q125053568", "Luiza Ichalal": "Q125053604", "Tasnim Roshdi": "Q125071956", "Hanin Altaeb": "Q125071984", "Fatma Ganem": "Q125072017", "Safa Soliman": "Q125072106", "Farah Sharaf": "Q125072149", "Pavl\u00edna Mare\u0161ov\u00e1": "Q125579733", "Sevinch Isokova": "Q125582854", "Lieke Derks": "Q125710816", "Minami Aono": "Q125895676", "Fiatuxo Favour": "Q126285222", "Erika Lasso": "Q126709311", "Aleanny Carbonell Julian": "Q126709393", "Nauana Silva": "Q126726462", "Brenda Olaya": "Q126736412", "Galiya Tynbayeva": "Q126894722", "Batsuuriin Nyam-Erdene": "Q126900818", "Otgonbayaryn J\u00fcslen": "Q126900866", "Hsu Wang Shu-Huei": "Q126900909", "Lee Hyeon-Ji": "Q126900940", "Liang Ye": "Q126900998"}