{"Concepci\u00f3n Sierra Ord\u00f3\u00f1ez": "Q105064576", "Ana Ker\u0161evan": "Q114239285", "Hedda Remen": "Q119360701", "Nicola Alianelli": "Q3876110", "Lina Stadlin": "Q92622248", "Ina Zhordania": "Q20570923", "Erika Lie": "Q63328830", "Elisabeth Nilsson": "Q101476208", "Elsa von Bonin": "Q63486183", "M\u00e4rta Wikstr\u00f6m": "Q105078929", "Leonor Serrano Pablo": "Q5973380", "Nadja Stein": "Q24249818", "Emma Steiger": "Q63485842", "Jeanne Rospars-Legrand": "Q76391118", "Margrit Schlatter": "Q110526332", "Hanna Katz": "Q107044055", "Madeleine Dwelshauvers Gevers": "Q78784047", "Elisabeth N\u00e4geli": "Q78067329", "Else Rahel Samulon-Guttmann": "Q104772041", "Maria Bredow": "Q1896499", "Sigrid Beckman": "Q104887817", "Sofya Berezovskaya": "Q87462793", "Gerda Kr\u00fcger": "Q21061281", "Montserrat Solano Carboni": "Q18224998", "Graciela Monesterolo": "Q61998544", "Marisela Valentina Godoy Estaba": "Q63683672", "Alice Meyer": "Q60459139", "Marie-Th\u00e9r\u00e8se Nisot": "Q109044427", "Luise von Schwartzkoppen": "Q55887511", "Marta Unger": "Q104536127", "Helene Legradi": "Q42532949", "\u10d7\u10d8\u10dc\u10d0\u10d7\u10d8\u10dc \u10ec\u10d4\u10e0\u10d4\u10d7\u10d4\u10da\u10d8": "Q112988926", "Feodora Feodorovna Kornilova": "Q23894884", "Elisabeth Charlotte Gloeden": "Q91347", "Kl\u00e1vdia Abr\u00e1mova": "Q4054962", "Elisabeth Schilder": "Q94738112", "Maria Penno": "Q111152219", "K. A. Sofronenko": "Q41580595", "Ida Averbakh": "Q4055625", "Maria Soteras Mauri": "Q20005770", "Irene Fuchs": "Q105800805", "Edelgard Huber von Gersdorff": "Q47487442", "Alice Prausnitz": "Q94743047", "Gisela Graf-Blauner": "Q94752142", "Helena Ko\u017eeluhov\u00e1": "Q4532826", "Arlette Maug\u00e9": "Q107355888", "Maria Neus Mir\u00f3 Comas": "Q21081388", "Herta Cohn-Bendit": "Q61948377", "Slava Mitovska": "Q106513429", "L\u00edda Hynkov\u00e1": "Q11764480", "Anna Haritonovna Zjoekovets": "Q54888082", "Charlotte Schmitt": "Q29063275", "Anna Augusta Leonie Minkenhof": "Q43263101", "Charlotte Leitmaier": "Q101064687", "Dora von Caemmerer": "Q106527764", "Raisa Osipovna Halfina": "Q87413234", "Zdenka Adami\u010d": "Q118122258", "Anna Machiz": "Q4286018", "Wanda Chylicka": "Q18808443", "Zoja Koush": "Q13030881", "Lidia A. Modzhoryan": "Q78025712", "Qian Jianqiu": "Q22100239", "Madeleine Grawitz": "Q16027798", "Gunvor Wallin": "Q33043897", "Maria Friedemann": "Q59140645", "Erika Wolf": "Q1354539", "Gra\u017ebyl\u0117 Venclauskait\u0117": "Q12655834", "Wiltraut Rupp-von Br\u00fcnneck": "Q1000023", "Aleida Betsy Terpstra": "Q18934832", "Marianne Grewe-Partsch": "Q1896805", "Daria Rebet": "Q9201894", "Ingrid S\u00f6derman": "Q41775675", "Aurora Arnaiz": "Q12254503", "Else Noack": "Q15807927", "\u041a\u044b\u0434\u044b\u0440\u0431\u0430\u0435\u0432\u0430, \u0424\u0430\u0442\u0438\u043c\u0430 \u0427\u0430\u043f\u0438\u0435\u0432\u043d\u0430": "Q65130599", "Marlise Ernst-Henrion": "Q49964872", "Rutt Eliaser": "Q12374358", "Clara Feinstein-Rosenberg": "Q73926971", "Carmen Salinas Alfonso de Villag\u00f3mez": "Q105064598", "Maria Lipczy\u0144ska": "Q56255869", "Erika Hanel": "Q59653094", "Astrid Kristensson": "Q4959880", "Simone David-Constant": "Q78784064", "Katja Vodopivec": "Q12793536", "Meredith Blake": "Q89046834", "Isabell Mahrer": "Q57397375", "Ascensi\u00f3n de Gregorio": "Q19826730", "Psyche Nystr\u00f6m": "Q114273227", "\u041b\u044e\u0431\u043e\u043c\u0443\u0434\u0440\u043e\u0432\u0430, \u0412\u0430\u043b\u0435\u043d\u0442\u0438\u043d\u0430 \u0412\u043b\u0430\u0434\u0438\u043c\u0438\u0440\u043e\u0432\u043d\u0430": "Q112130699", "Jadwiga Ja\u015bkiewiczowa": "Q11715896", "Natalya Yakubovich": "Q87463195", "Elena V. Shorina": "Q87464338", "Erika R\u00e9v": "Q79235414", "Sonja Berg von Linde": "Q105505632", "Annette Sch\u00fccking-Homeyer": "Q72435920", "Majda Strobl": "Q65962709", "Marianne Meinhart": "Q101082550", "Danielle Bridel": "Q22209927", "Maria Borucka-Arctowa": "Q11768754", "Yvonne Bongert": "Q23021059", "Maria Kirillova": "Q88323380", "Nadezhda Chechina": "Q87459147", "\u042e\u0440\u0447\u0438\u0448\u0438\u043d \u041d\u0430\u0434\u0456\u044f-\u0421\u043e\u0444\u0456\u044f": "Q108919993", "Helga St\u00f6dter": "Q1602304", "Gerda De Bock": "Q55233504", "Zoya Korcheva": "Q101072261", "Margarita Andrejevna Vikut": "Q62714178", "Margreet Wijnstroom": "Q2245638", "Valentina Yakovleva": "Q4536965", "Maria Sawicka": "Q11769138", "Elena A. Shibaeva": "Q76765089", "Marie-Th\u00e9r\u00e8se Cuvelliez": "Q78784329", "Sadyya Beglova": "Q13206812", "Natalia M. Ershova": "Q88993621", "Lidia Al. Nikolaev": "Q78148629", "Krystyna Daszkiewicz": "Q20165650", "Zoja Mi\u0125ajlovna Zamenhof": "Q12356907", "Nadezhda Salishcheva": "Q88993520", "Anna M. Belyakova": "Q87462984", "Zoya Krylova": "Q88323741", "Anna Rav\u00e0": "Q50807688", "Genowefa Rejman": "Q11699594", "Hanna Bokor-Szeg\u00f6": "Q55629364", "Eva Leith\u00e4user": "Q1379297", "Evgenia Tikhonova": "Q107126484", "Anna Shebanova": "Q87463158", "Betty Selid": "Q106244823", "Maria J\u0119drzejewska": "Q62621750", "Oktawia G\u00f3rniok": "Q11797599", "Inger Lindquist": "Q4962867", "Kanae Taijud\u014d": "Q17224548", "Ingeborg Kleinert": "Q1662899", "\u041c\u0438\u0442\u0440\u043e\u0445\u0438\u043d\u0430, \u0417\u0438\u043d\u0430\u0438\u0434\u0430 \u0418\u0432\u0430\u043d\u043e\u0432\u043d\u0430": "Q110203351", "Renata Sonnenfeld-Tomporek": "Q9306363", "Teresa Rabska": "Q9357348", "Illaria Bachilo": "Q87769191", "Edm\u00e9e Buclin-Favre": "Q24933747", "Hannemarie K\u00fchler": "Q104787849", "Gunvor Bergstr\u00f6m": "Q50809182", "Izabela Martsinovich": "Q13028057", "Ninel Kuznetsova": "Q540839", "Zoya Belyaeva": "Q87463161", "Argira Ignatenko": "Q89559261", "Elisabeth Steup": "Q1330311", "\u0413\u0430\u043b\u0456\u043d\u0430 \u0413\u0430\u045e\u0440\u044b\u043b\u0430\u045e\u043d\u0430 \u0426\u0435\u0440\u043d\u0430\u0432\u0430\u044f": "Q105964134", "Ilse Staff": "Q43654527", "Sofya Kelina": "Q88993020", "Martha Hennissart": "Q28970218", "Janina Wojciechowska": "Q108807281", "Virineya Burdanova": "Q87768667", "Irma Alonso": "Q123598300", "Birgitta Blom": "Q4939571", "Inge Gampl": "Q1662768", "Josine Junger-Tas": "Q63003607", "Liv Wisnes Haugen": "Q117187576", "Krystyna Skolecka-Kona": "Q11748774", "Nina Kufakova": "Q87722543", "Alicja K\u0119dzierska-Cie\u015blak": "Q50801184", "Natalia M. Zolotukhina": "Q88993632", "Anne-Marie Storrer": "Q67218424", "Czes\u0142awa \u017bu\u0142awska": "Q66828524", "Tatyana V. Ivankina": "Q88993634", "Anna Turska": "Q24068224", "Anna V. Galakhova": "Q87768679", "Miek de Langen": "Q21559853", "Nina Barchukova": "Q77282027", "Julia Nyssens": "Q3189057", "Katarzyna S\u00f3jka-Zieli\u0144ska": "Q16565835", "Lorenza Carlassare": "Q14401930", "Vida \u010cok": "Q18643128", "Lyudmila Fomina": "Q87412994", "Maria Matey-Tyrowicz": "Q27928549", "Maria \u0141abor-Soroka": "Q11769272", "Alexandra K. Bezina": "Q63242369", "Paulette Pierson-Mathy": "Q3372644", "Ester Kosovski": "Q111087849", "Dagmar C\u00edsa\u0159ov\u00e1": "Q21996313", "\u0428\u0435\u0432\u0447\u0435\u043d\u043a\u043e \u042f\u0440\u043e\u0441\u043b\u0430\u0432\u043d\u0430 \u041c\u0438\u043a\u043e\u043b\u0430\u0457\u0432\u043d\u0430": "Q104772575", "Antonina Guskova": "Q4152915", "Irina A. Ikonitskaya": "Q89560198", "Mar\u00eda Guadalupe Aguirre Soria": "Q118309882", "Dolly Richter-Hannes": "Q121317768", "Alenka \u0160elih": "Q18502300", "Oleg Mandi\u010d": "Q86360269", "Rosa Oliva": "Q99173326", "Maite Lafourcade": "Q108331649", "Gerarda \u015aliwi\u0144ska": "Q29549481", "Bel\u00e9n Land\u00e1buru": "Q16537166", "Teresa Misiuk-Jod\u0142owska": "Q9357336", "Olga N. Gorbunova": "Q87769123", "L\u00facia Valle Figueiredo": "Q10322242", "Tina Tomlje": "Q18643093", "Tatyana N. Dobrovolskaya": "Q88324069", "Ethel Groffier": "Q55989005", "\u0413\u043e\u043d\u0447\u0430\u0440\u043e\u0432\u0430, \u0413\u0430\u043b\u0438\u043d\u0430 \u0421\u0442\u0435\u043f\u0430\u043d\u043e\u0432\u043d\u0430": "Q109930523", "Nina Granat": "Q87769155", "Margarita P. Sturova": "Q77997407", "Montserrat Avil\u00e9s i Vila": "Q17028686", "Betty Jo Christian": "Q63268465", "Tamara Illarionova": "Q89560418", "Alla Ionova": "Q89560424", "Terszty\u00e1nszkyn\u00e9 Vasadi \u00c9va": "Q1318572", "Antje Sedemund-Treiber": "Q584871", "Ruth Leuze": "Q2177677", "Lyudmila Vaneeva": "Q87722525", "Maria Po\u017aniak-Niedzielska": "Q19691387", "\u66fe\u9673\u660e\u6c5d": "Q9085330", "Urszula Jackowiak": "Q9367171", "Anne Thily": "Q2851294", "Diemut Majer": "Q95210183", "Rosmarie Trautmann": "Q105889048", "Ellen Schl\u00fcchter": "Q1331864", "Jacqueline Morand-Deviller": "Q33113505", "Valborg Anderzon": "Q20907348", "Aude Palant-Vergoz": "Q2870707", "Anita Werner": "Q113383322", "Francine Demichel": "Q3081204", "Maria Kruk": "Q21328424", "Vanyushka Angusheva": "Q106634452", "Carla Rabitti": "Q113441933", "Alice Gonzalez Borges": "Q8195572", "Roswitha Schmidt-Salveter": "Q104819280", "Victoria Adato Green": "Q123026845", "Margarita Shiminova": "Q87463915", "Zofia \u015awida": "Q9391915", "Milica \u0160turm": "Q17351179", "Helena Ciep\u0142a": "Q9287309", "Julia Sevilla Merino": "Q59822326", "Almuth Hirt": "Q106615128", "Galina K. Dmitrieva": "Q88324055", "Irene Michiels van Kessenich-Hoogendam": "Q3171259", "Livia Pomodoro": "Q3835542", "Mich\u00e8le-Laure Rassat": "Q33133308", "Anna Michalska": "Q106254225", "Larisa Volova": "Q87722478", "Tsanka Tsankova": "Q106634482", "Marie-Claude Smouts": "Q16663024", "Teresa Bi\u0144czycka-Majewska": "Q41750432", "Halina Nie\u0107": "Q11708450", "Ingeborg Puppe": "Q1662920", "Christel Streffer": "Q15794157", "Ursula K\u00f6bl": "Q95193679", "Brigitte Tilmann": "Q2663650", "Jolanta Zajdel-Sarnowicz": "Q11728119", "Corry Moolhuysen-Fase": "Q2136639", "Anne-Marie Sigmund": "Q564859", "Bonnie M\u00fcrsch": "Q12304102", "Ani Kruleva": "Q61408333", "Yoshiko Iwai": "Q20038820", "Krystyna Krzekotowska": "Q11748721", "Carolina Rovira": "Q12385405", "Lenny Klijn": "Q19839132", "Canan Ar\u0131n": "Q28869630", "Inga Schmidt-Sya\u00dfen": "Q95190366", "Ursula Reichling": "Q122917187", "Kaarina Buure-H\u00e4gglund": "Q16167672", "Madeleine Leijonhufvud": "Q4961638", "Inetta J\u0119drasik-Jankowska": "Q30902623", "Angela Lemppenau-Kr\u00fcger": "Q104883071", "Hedda von Wedel": "Q1467396", "Eva Smith": "Q12310747", "Conceptia Ouinsou": "Q53998115", "Ans Luttmer-Kat": "Q2092028", "Karin Renate Ahmann": "Q1249166", "\u8f9b\u4ec1\u7f9a": "Q21709918", "Renata Szafarz": "Q27016827", "Joanna Haberko": "Q20640162", "Ewa Borkowska-Bagie\u0144ska": "Q21328402", "Alegr\u00eda Borr\u00e1s i Rodr\u00edguez": "Q16163973", "Catherine von Heidenstam": "Q16595110", "Barbro Hegrelius-Jonsson": "Q42393768", "Marbeth Bierman-Beukema toe Water": "Q2605861", "Rika Aaldriks": "Q15881321", "Stanis\u0142awa Kalus": "Q38046399", "Ana Lucina Garc\u00eda": "Q110271324", "Maria Sylvia Zanella di Pietro": "Q10326086", "Lyubov Boltenkova": "Q87463437", "Isabella Giannola": "Q26253801", "Helga Oberloskamp": "Q1602251", "Nina G. Vilkova": "Q87722506", "Constanze Angerer": "Q15623154", "Ewa Gdulewicz": "Q21328408", "Zhu Weijiu": "Q110405331", "Consuelo \u00c1lvarez de Toledo": "Q5784864", "Ursula Flo\u00dfmann": "Q51844365", "Marjana Kotnik Poropat": "Q18627777", "Beatrice Weber-D\u00fcrler": "Q813267", "Suzanne Wennberg": "Q4990293", "Katalin G\u00f6ncz\u00f6l": "Q1031550", "Mar\u00eda Encarna Roca Tr\u00edas": "Q5489053", "Janina Panowicz-Lipska": "Q11719854", "Reinhild Ruban": "Q1423542", "Ann Kathrine Skj\u00f8rshammer": "Q11958169", "Natalia G. Doronina": "Q88324076", "Nina V. Shcherbakova": "Q87722447", "Albina Kovalyova": "Q21640309", "Ruth Steiner": "Q108546082", "Rosalia Ivanova": "Q89559197", "Taisija Dounar": "Q14917990", "Sibylle T\u00f6nnies": "Q1437188", "Irina Zubkevich": "Q96076491", "Dolores Sancho": "Q28927252", "Dagmar Coester-Waltjen": "Q1157259", "Gunnel Wennberg": "Q4990287", "Lyudmila M. Volodina": "Q87722462", "Milojka Modrijan": "Q30086440", "Vanda Lamm": "Q1127721", "Heidrun Merk": "Q1594426", "Lyudmila Gros": "Q88323359", "Heikedine K\u00f6rting": "Q1594607", "Gabriele Matzner-Holzer": "Q1490504", "Zofia Sienkiewicz": "Q102328488", "Claire Brisset": "Q2399956", "V\u011bra Koreck\u00e1": "Q14435195", "\u041d\u0430\u0442\u0430\u043b\u043b\u044f \u0406\u043e\u0441\u0456\u0444\u0430\u045e\u043d\u0430 \u0410\u043d\u0434\u0440\u044d\u0439\u0447\u044b\u043a": "Q99326662", "Eleonora Zieli\u0144ska": "Q11696621", "El\u017cbieta Holewi\u0144ska-\u0141api\u0144ska": "Q30902815", "Galina Fedorova": "Q4494041", "Dani\u00e8le Lochak": "Q3015149", "Ludmi\u0142a Dziewi\u0119cka-Bokun": "Q11763415", "Anna-Karin Lundin": "Q38774401", "Barbara Bludau": "Q807362", "Mar\u00eda Teresa Herr\u00e1n": "Q29263404", "Bohum\u00edra Kope\u010dn\u00e1": "Q83956037", "Marlies Mosiek-Urbahn": "Q1260598", "Barbara D\u00f6lemeyer": "Q21255131", "Margo Andriessen": "Q21528722", "Danuta Waniek": "Q11692888", "Galina Khimicheva": "Q87413268", "\u0411\u043e\u043b\u043e\u0442\u0456\u043d\u0430 \u041d\u0456\u043d\u0435\u043b\u044c \u0411\u043e\u0440\u0438\u0441\u0456\u0432\u043d\u0430": "Q12083801", "Elisabet Brunnberg": "Q122962437", "Gzime Starova": "Q64006911", "Tamar Pitch": "Q3980558", "Zlatka Sukareva": "Q26831392", "Krystyna Sawicka": "Q48847265", "Konstanze Plett": "Q95192683", "Irena Wiszniewska-Bia\u0142ecka": "Q610719", "Johanna Kammerlanderov\u00e1": "Q65720202", "Gra\u017cyna Micha\u0142owska": "Q56872141", "Vibecke Groth": "Q15732053", "Betina Kern": "Q831443", "Maria Zmierczak": "Q19691476", "Elke Herrmann": "Q90545565", "Viera Mr\u00e1zov\u00e1": "Q16519773", "Lidia A. Nudnenko": "Q78195882", "El\u017cbieta Traple": "Q30902613", "Teresa Gardocka": "Q9357289", "Grzegorz Go\u017adziewicz": "Q24431184", "Ximena Moreno": "Q71850700", "Brigitte Basdevant-Gaudemet": "Q29299059", "Lyubov Shevchenko": "Q87463166", "Natalia Bogdanova": "Q87413280", "Urszula Kalina-Prasznic": "Q9367176", "Nata\u0161a Ko\u0161ir": "Q99521880", "Eva Alexandra Gr\u00e4fin Kendeffy": "Q1379098", "Adela As\u00faa Batarrita": "Q5657452", "Ewa Nowi\u0144ska": "Q9256799", "Marta Skarova": "Q84323861", "Maria Vavra": "Q106120670", "Marie-Ang\u00e8le Hermitte": "Q3291489", "Oda-Gerlind Gawlik": "Q2013985", "Svetlana V. Ignatieva": "Q89559444", "El\u017cbieta Chojna-Duch": "Q9253102", "Mar\u00eda Luisa Cava de Llano y Carri\u00f3": "Q11691430", "Amina Mousso Ouedraogo": "Q115350002", "El\u017cbieta Kornberger-Soko\u0142owska": "Q30902785", "Ilona P\u00e1lffy": "Q24701356", "Breda Jane\u017ei\u010d": "Q18507842", "El\u017cbieta Skowro\u0144ska-Bocian": "Q9253262", "Claude Beau": "Q2976968", "Ellen Margrethe Basse": "Q62079925", "V\u00e9ronique Paulus de Ch\u00e2telet": "Q3564351", "Monika Paulat": "Q104844920", "Bo\u017cena Popowska": "Q9178412", "Altamira Gonzalo": "Q91776235", "Carola Schulze": "Q95192754", "Nguy\u1ec5n Th\u1ecb M\u01a1": "Q111117712", "Ingeborg Berggreen-Merkel": "Q15430642", "Wies\u0142awa Miemiec": "Q29079417", "Elisabeth Koch": "Q106167050", "Hege Br\u00e6khus": "Q62604071", "Danuta Demianiuk": "Q92721654", "Marie-Odile Bertella-Geffroy": "Q3292171", "Willy Thomassen": "Q2359865", "Mariana Karagyozova-Finkova": "Q110065375", "Birgit Gantz-Rathmann": "Q110764239", "Tatyana A. Dikanova": "Q88324032", "Dorota Safjan": "Q9210244", "Zehra Ayla Perkta\u015f": "Q12812704", "Maria Zab\u0142ocka": "Q21328464", "Anna \u0141abno": "Q24451873", "Emelina Fern\u00e1ndez Soriano": "Q28943562", "Ma\u0142gorzata Korzycka-Iwanow": "Q30902671", "Gema Espinosa": "Q50856066", "Vera Klop\u010di\u010d": "Q54669799", "Joanna Nowakowska-Ma\u0142usecka": "Q55392767", "Helena Szewczyk": "Q55392773", "Anna Wierzbica": "Q55392789", "Ma\u0142gorzata Balwicka-Szczyrba": "Q55841560", "Aneta Michalska-Warias": "Q56255993", "Agnieszka Sk\u00f3ra": "Q56256126", "Maria Szczepaniec": "Q56256142", "Katitza Rodr\u00edguez": "Q56316354", "Martina \u0160t\u011bp\u00e1nkov\u00e1": "Q56754431", "Evelyne Schmid": "Q58878874", "Monika Wa\u0142achowska": "Q60834360", "Agnieszka Fr\u0105ckowiak-Adamska": "Q60837815", "Graciela Llaneza": "Q61965934", "Janet Ramatoulie Sallah-Njie": "Q62089164", "Marita K\u00f6rner": "Q63105324", "Rachael Mendy": "Q64532755", "Katarzyna Krzysztofek": "Q66828419", "Marlena Pecyna": "Q85133236", "Karolina Wierczy\u0144ska": "Q85134123", "Monika Szwarc": "Q85134145", "Weronika Jakubczak": "Q85134230", "Marzena Paszkowska": "Q85134994", "Dagmara Kornobis-Romanowska": "Q85531056", "Tiziana J. Chiusi": "Q89409199", "Jadwiga Pazdan": "Q89511010", "Makal\u00e9 Traor\u00e9": "Q91502308", "Regula K\u00e4gi-Diener": "Q108195556", "Maria Wi\u015bniewska": "Q110955352", "Marina Frost": "Q1898237", "Silvia Tellenbach": "Q85664955", "Odilia Lissner": "Q108863064", "Tsvetana Kamenova": "Q12298786", "Dragoljuba Ben\u010dina": "Q17402379", "Kristina G\u00f6hle-Sander": "Q105051947", "Irena Boruta": "Q11713721", "Jaroslava Janderov\u00e1": "Q105061229", "Marion J. Johannsen": "Q111831981", "Jenny Goldschmidt": "Q15526350", "Marie-Paule Moracchini": "Q3292188", "Heikelien Verrijn Stuart": "Q2692650", "Zuzana Holasov\u00e1": "Q22298418", "Judit Csiha": "Q872875", "Darja Lavti\u017ear Bebler": "Q18507860", "Renate Augstein": "Q18683962", "Christine Windbichler": "Q1083851", "Beatrix Weber-Monecke": "Q38304916", "Joanna Krupinska-Trzebiatowska": "Q11727446", "Jolanta Gliniecka": "Q11728056", "Hanna Machi\u0144ska": "Q29079397", "Ma\u0142gorzata Kr\u00f3l-Bogomilska": "Q30902818", "Ewa Bie\u0144kowska": "Q52145304", "Monika Roth": "Q58739412", "Sibylle von Heimburg": "Q106376141", "Barbara Grunewald": "Q126054", "Elke Monssen-Engberding": "Q1331549", "Elli H. Radinger": "Q1332113", "Ingrid Jent-S\u00f8rensen": "Q1565551", "Dorien Pessers": "Q4292462", "Ann Numhauser-Henning": "Q4970438", "Marlis Grotheer-H\u00fcneke": "Q1749941", "Margret Diwell": "Q1234915", "Ewa Kulesza": "Q11697418", "Maria Beisert": "Q11768726", "Marianne Fastvold": "Q16898719", "Elena Kabatova": "Q88992943", "Lise Malouin": "Q3242504", "Monika Pauknerov\u00e1": "Q12038572", "Oda Scheibelhuber": "Q2014018", "Janina B\u0142achut": "Q16561936", "Mich\u00e8le Nahum": "Q3311625", "Aranka Palatinus": "Q1228118", "Talia Einhorn": "Q96343984", "Annie Junter": "Q24690662", "Lee Eun-young": "Q24857495", "Silvia Schuster": "Q55084021", "Natalia V. Varlamova": "Q88992947", "Rikki Holtmaat": "Q117858872", "Halina Zi\u0119ba-Za\u0142ucka": "Q55389734", "Anna Skarhed": "Q4979070", "Natalia Hamaneva": "Q88992951", "Mar\u00eda Casado Gonz\u00e1lez": "Q9029965", "Ingunn-Sofie Aursnes": "Q16169482", "Gabriele Beger": "Q1490124", "\u041c\u0430\u043b\u0438\u0448\u0435\u0432\u0430 \u041d\u0430\u0442\u0430\u043b\u0456\u044f \u0420\u0430\u0444\u0430\u0435\u043b\u0456\u0432\u043d\u0430": "Q87266536", "Gloria Mart\u00edn Vivas": "Q19291056", "Lyudmila B. Eskina": "Q88993626", "Eija M\u00e4kinen": "Q28720800", "Marie-Dani\u00e8le Campion": "Q3291744", "Valentina Viktorovna Lapaeva": "Q97314596", "Gabrielle Kaufmann-Kohler": "Q121109", "Antje Niewisch-Lennartz": "Q6526112", "G\u00fcn\u0259\u015f V\u0259liyeva": "Q16368290", "Zofia Duniewska": "Q29549399", "Hanna Litwi\u0144czuk": "Q29828887", "Jasna Poga\u010dar": "Q30086398", "Maria Duran Febrer": "Q91801482", "Eva Persson": "Q124045321", "Fr\u00e9d\u00e9rique Granet": "Q3090375", "Manon Vennat": "Q3286474", "V\u00e9ronique Champeil-Desplats": "Q3564296", "Lisbeth Johansson": "Q4957041", "Marion Cla\u00dfen-Beblo": "Q96098593", "\u013dudmila Novack\u00e1": "Q97361441", "Teresa Wyka": "Q97186740", "Helga Nachtigall": "Q79128584", "Sigrid Laube": "Q2285283", "Anna Wyrozumska": "Q65095429", "Helen S\u00e6ter": "Q11974749", "Helga Roesgen": "Q1602273", "Hilde Adolf": "Q1618192", "Irena Lipowicz": "Q1276867", "Margit Kopp\u00e1nn\u00e9 Kert\u00e9sz": "Q51880670", "Ewa Ferenc": "Q9256653", "Mies Westerveld": "Q2458543", "Astghik Chamkerten": "Q52158025", "Bente Ohnstad": "Q19861593", "Bogus\u0142awa Gnela": "Q97184724", "\u013dudmila Gajdo\u0161\u00edkov\u00e1": "Q10545656", "Maria da Gl\u00f3ria Garcia": "Q16940256", "Kirsten Lindeberg": "Q19377226", "Mar\u00eda Paz Andr\u00e9s S\u00e1enz de Santa Mar\u00eda": "Q6004427", "Cs\u00edk Ibolya": "Q47507175", "Jolanta Jab\u0142o\u0144ska-Bonca": "Q11728061", "Martina Gerlach": "Q28070899", "Zita K\u00fcng": "Q58797822", "Gabriele Wolfslast": "Q62065119", "Barbara Lischetti": "Q106574160", "Ulrike Pauckstadt-Maihold": "Q106648300", "Glykeria Siouti": "Q12875435", "Anna Przyborowska-Klimczak": "Q20030396", "Maarit J\u00e4nter\u00e4-Jareborg": "Q29341934", "Eliana Maseva": "Q19204248", "Milena Holcov\u00e1": "Q12352679", "Birgit Eberbach-Born": "Q58878876", "\u00c9lizabeth Montfort": "Q3587990", "Angelika Marienfeld": "Q534449", "Brigitte Scherb": "Q21014976", "Lise Beha Erichsen": "Q18199431", "Anne-Marie Le Pourhiet": "Q2850872", "Lidija Apohal-Vu\u010dkovi\u010d": "Q17402263", "Elido Aponte": "Q60613917", "Marie-Theres Hammes-Rosenstein": "Q5000006", "Angelika Blettner": "Q106591494", "Vlasta Nussdorfer": "Q12805972", "Izabela Malinowska": "Q104508072", "Birgit Munz": "Q28213328", "Hamideh Mohagheghi": "Q1573388", "Maximiliane Kriechbaum": "Q62101772", "Elena Grachyova": "Q87769180", "Anne Kumpula": "Q80104899", "Ulrike Davy": "Q95209925", "Christiane Druml": "Q1082649", "Bo\u017cena Gronowska": "Q93469227", "Eleonora Kohler-Gehrig": "Q104504170", "Pirjo Puustj\u00e4rvi": "Q55393785", "Stella Engama": "Q111301494", "Maria van der Sluijs-Plantz": "Q61864277", "Shen Muzhu": "Q19849354", "Barbara Dauner-Lieb": "Q807393", "Elisabeth Rynning": "Q27996935", "Gabriele C. Klug": "Q1490182", "Ma\u0142gorzata Pyziak-Szafnicka": "Q11772359", "Jarmila Pokorn\u00e1": "Q13569665", "Maria-Elisabeth Grosse": "Q1895521", "Janina Janu\u0161kien\u0117": "Q16453198", "Helena S\u00fdkorov\u00e1": "Q95372234", "Ricarda Brandts": "Q2148594", "Lyudmila Zharkova": "Q4178252", "Elisabeth Fritz": "Q108793635", "Karin Milger": "Q1729506", "Elisabeth Freismuth": "Q33896437", "Gabriele J\u00f6rchel": "Q105087073", "Maria Kaiafa-Gbandi": "Q12880711", "Katharina Boele-Woelki": "Q20100065", "Karin Metzler-M\u00fcller": "Q55087184", "Gabriele Zwiehoff": "Q63143239", "Sigut\u0117 Jak\u0161tonyt\u0117": "Q2161828", "Sabine Thurau": "Q2209941", "Jasminka Hasanbegovi\u0107": "Q16511835", "Fengxian Gao": "Q22099813", "Dorothea Assmann": "Q89542202", "Elke Luise Barnstedt": "Q1331534", "Tetiana Novikova": "Q12134322", "Maria Els": "Q57316834", "Petra Hermes": "Q122803237", "Helga Laux": "Q107343981", "Esther Arizmendi": "Q43325408", "Simone Korkus": "Q100446857", "Mark\u00e9ta Fialkov\u00e1": "Q462435", "Sylvia Wortmann": "Q2795335", "Katharina Gr\u00e4fin von Schlieffen": "Q1735900", "Marina Livi\u021bchi": "Q1422761", "Katalin Fogarasi": "Q16522500", "Helena Pr\u00e1\u0161kov\u00e1": "Q95458909", "Patricia Guerrero": "Q28558638", "Brigitte Lherbier": "Q41067438", "Kathrin Flossing": "Q4948365", "Nela Grigoryan": "Q98073156", "Marlis Bredehorst": "Q1425027", "Jarmila Vesel\u00e1": "Q56155248", "Dorothea Prietzel-Funk": "Q111328264", "\u041b\u0456\u043b\u0456\u044f \u0424\u0440\u0430\u043d\u0446\u0430\u045e\u043d\u0430 \u041c\u0430\u0440\u043e\u0437": "Q99968375", "Livia Stanciu": "Q19709199", "Natalia An. Vlasova": "Q87722495", "Mich\u00e8le Pappalardo": "Q3311668", "Gabriele Schuster": "Q26934866", "Johanna Niemi": "Q23039876", "Lidia Zacharko": "Q30902741", "Maggy Barr\u00e8re Unzueta": "Q31202628", "Lyudmila Mokasele": "Q34521527", "Teresa Gisbert Jord\u00e0": "Q61825599", "Outi Antila": "Q73775668", "Renate Dendorfer-Ditges": "Q96637769", "Ursula Hantl-Unthan": "Q99893775", "Marlehn Thieme": "Q993136", "Verena Wiedemann": "Q2515340", "Alina Wypych-\u017bywicka": "Q60835532", "Monika Schlachter": "Q94503875", "Adelheid Puttler": "Q106344056", "Elena Bagreeva": "Q87413100", "Cora-Jeanette Hermenau": "Q1131769", "Martha Boersch": "Q48278792", "Myroslava Diakovych": "Q30957625", "Luisa Torchia": "Q3840473", "Lena Ebervall": "Q110565699", "Eugenia Zamora Chavarr\u00eda": "Q117122388", "Larisa Shchennikova": "Q16721370", "Cornelia Horz": "Q42341655", "Gro Nystuen": "Q17106187", "Dorothee Dzwonnek": "Q1246361", "Jutta F\u00f6rster": "Q102691692", "Tuula Linna": "Q63184784", "Mar\u00eda Tard\u00f3n Olmos": "Q104986902", "Isabell G\u00f6tz": "Q23798735", "Sabine R\u00f6hl": "Q2209880", "Edith Schreiner": "Q1285161", "Christine Baur": "Q1083417", "Astrid Deixler-H\u00fcbner": "Q56395565", "Jan\u012bna Jalinska": "Q58371486", "Hellen van der Wal": "Q65557853", "Tatyana An. Vasilieva": "Q88993363", "Regina Harzer": "Q89033529", "Esther Luzato": "Q99052703", "Kathrin Thies": "Q99899404", "Gabriela Riemer-Kafka": "Q107301225", "Silvia Liebaug": "Q2286731", "Julieta Monginho": "Q10312885", "Heidrun Tempel": "Q16368606", "Zhen Zhen": "Q16906263", "Marie Cornu": "Q27942870", "Tuula Pere": "Q63274289", "Tetiana Korniakova": "Q12113027", "Lucia Serena Rossi": "Q59158639", "Nina Dethloff": "Q1992755", "B\u00e4rbel Sch\u00e4fer": "Q1019045", "Ingrid K\u00f6ppe": "Q1439517", "Vesna Rijavec": "Q47977010", "Pilar Blanco-Morales Limones": "Q20994770", "Tamara \u011e\u00f6b\u00e4yev\u00e4": "Q88323346", "Brigitte G\u00f6ttling": "Q104861606", "Simeona Zikmundov\u00e1": "Q111128247", "Petra K\u00f6pping": "Q1788125", "Marcela Krejsov\u00e1": "Q98518191", "Sylvie Foucart": "Q17461871", "Marie-Fran\u00e7oise Nicaise": "Q17350815", "Yelena Lukyanova": "Q4269216", "Elke He\u00dfelmann": "Q97384587", "Beatrice von Weizs\u00e4cker": "Q813272", "Gabriele Janke": "Q105073066", "Karin Brieden": "Q15822810", "Barbara Veit": "Q52151442", "Wera Stramkouskaja": "Q1801986", "Soili Nyst\u00e9n-Haarala": "Q106575249", "Nathalie Fellonneau": "Q3336581", "Mich\u00e8le Coninsx": "Q24195938", "Dunja Jadek Pensa": "Q30087745", "Monique Goyens": "Q42097376", "Margarete Schuler-Harms": "Q50977037", "Eva Schulev-Steindl": "Q56229047", "Andrea Schmidt": "Q106625312", "Yasemin I\u015f\u0131kta\u00e7": "Q112752174", "Anne Ekstrand": "Q117613775", "Heike Dieball": "Q1594505", "Ulrike Gutheil": "Q2477306", "Brigitte Tag": "Q6570019", "Ulrike Brune": "Q17326693", "Elke Gurlit": "Q105084068", "Genevi\u00e8ve Meunier": "Q17350783", "Ana Mar\u00eda Ferrer Garc\u00eda": "Q16185213", "V\u00e9ronique Jamoulle": "Q3564319", "Monika Hermanns": "Q1944657", "\u0416\u0438\u043b\u0438\u043d\u043a\u043e\u0432\u0430, \u0418\u0440\u0438\u043d\u0430 \u0412\u043b\u0430\u0434\u0438\u043c\u0438\u0440\u043e\u0432\u043d\u0430": "Q109494545", "Karola Wille": "Q1734202", "Irina V. Reshetnikova": "Q88323375", "Constanze Fischer-Czermak": "Q123578669", "Luc\u00eda Cer\u00f3n": "Q50379655", "Astrid R\u00f6ssler": "Q750777", "Sabine Schudoma": "Q28606301", "Marj\u00e1nn\u00e9 Rinyu Ilona": "Q1165380", "Rasa Noreikien\u0117": "Q16856188", "Jana Baj\u00e1nkov\u00e1": "Q30531272", "El\u017cbieta Mikos-Skuza": "Q60832427", "Birgit Grundmann": "Q865228", "Svetlana Golovina": "Q87768902", "\u0421\u0432\u044f\u0442\u043b\u0430\u043d\u0430 \u041f\u044f\u0442\u0440\u043e\u045e\u043d\u0430 \u041a\u0430\u0446\u0443\u0431\u0430": "Q98834449", "Torunn Austheim": "Q16169621", "Astrid Stadler": "Q750853", "Bente Hagelund": "Q66446559", "Angelika Dammann": "Q104836990", "Ulrike Bick": "Q101237596", "Michaela Kilian-Bock": "Q107598114", "Berta Rodr\u00edguez Callao": "Q16738438", "Annette Bronsvoort": "Q19760470", "Marianna Mochn\u00e1\u010dov\u00e1": "Q12771030", "\u015e\u0259hla S\u0259m\u0259dova": "Q54555405", "M\u00e1ria Homoki-Nagy": "Q67735304", "Galina Krylova": "Q18244477", "Luce Samoisette": "Q3265110", "Francina Esteve i Garcia": "Q20875864", "Milagros Otero": "Q20987134", "Ute Sacksofsky": "Q48562036", "Ilse Reiter-Zatloukal": "Q60691000", "Bintou Foun\u00e9 Samak\u00e9": "Q100280127", "Bettina Sokol": "Q850057", "Monika B\u00f6hm": "Q1944583", "Clara Bayarri": "Q5771100", "Gabriele Kuhn-Zuber": "Q104849461", "Bianca Hoogendijk": "Q4335418", "Monica Dahlbom": "Q102525371", "Ylva Norling J\u00f6nsson": "Q103810696", "Polonca Dobrajc": "Q12799170", "Bettina Limperg": "Q14540749", "Agneta B\u00e4cklund": "Q23914992", "\u041c\u0430\u0440\u0438\u043d\u0430 \u0412\u043b\u0430\u0434\u0438\u043c\u0438\u0440\u043e\u0432\u043d\u0430 \u0421\u0435\u0434\u044b\u0445": "Q100600973", "Danuta Janicka": "Q9201664", "Marion Dammann": "Q1334681", "Liesbeth Lijnzaad": "Q30303270", "Immaculada Riera i Re\u00f1\u00e9": "Q11926550", "Margit Kraker": "Q24464024", "Elena V. Gritsenko": "Q88323366", "Brigitte Mandt": "Q916502", "Margrite Kalverboer": "Q23889015", "Andrea Ruppert": "Q494963", "\u8521\u5f66\u654f": "Q27546987", "Erzs\u00e9bet S\u00e1ndor": "Q56116228", "Katarina P\u00e5hlsson": "Q63928993", "Amelia Sanch\u00eds": "Q84854492", "Dagmar Richter": "Q95202276", "Marie J\u00f6nsson": "Q102185922", "Marion Albers": "Q1899109", "Corien Prins": "Q1948942", "Maria Giovanna Cubeddu": "Q59629180", "Anne Katrin Bohle": "Q66619347", "Claudia Wemheuer": "Q66758921", "Ma\u0142gorzata Bednarek": "Q106673306", "Karla Sichelschmidt": "Q1733748", "Mona Striib": "Q12327542", "Christa Tobler": "Q1078215", "Susanne Lippmann": "Q15849692", "Britta Konradt": "Q65770008", "Kari Bj\u00f8rke": "Q16175830", "Cornelia Vismann": "Q1133451", "Vera Junker": "Q69895569", "Lucia Calvosa": "Q108316847", "Angela Faber": "Q85281774", "Tatyana Volchetskaya": "Q87464480", "Mari Heidenborg": "Q31671956", "Charlotte Brokelind": "Q64159315", "Delphine Edith Emmanuel": "Q112326537", "Neila Chaabane": "Q17485875", "Irina Borodushko": "Q87464083", "Casilda Guti\u00e9rrez": "Q2882105", "Martina Schwonke": "Q26945171", "Petra Wittig": "Q27238061", "Regina Kiener": "Q63123372", "Edith Loozen": "Q106595581", "Hinako Matsumura": "Q112027921", "Elwira Marsza\u0142kowska-Krze\u015b": "Q9253024", "Anne Kjersti Befring": "Q59330710", "Evelyn H\u00f6benreich": "Q93965543", "Brigitte Kelker": "Q916393", "Christine Lager": "Q111011724", "Eva K\u00fchne-H\u00f6rmann": "Q126735", "Armineh Arakelian": "Q31200493", "Inge Scherer": "Q106390634", "Hildegard Warnink": "Q18396971", "Annette Klein": "Q566617", "Caren Denner": "Q55342138", "Christine Kaufmann": "Q1083621", "Anna Sporrer": "Q27703007", "Eva Maria Ziegler": "Q1379362", "Brigitta Brunner": "Q26341834", "Susanne Rublack": "Q102385594", "Helga Dehm": "Q15815018", "Heidrun Piwernetz": "Q27859348", "Merc\u00e8 Barcel\u00f3 i Serramalera": "Q65028668", "Ana Bili\u0107": "Q56876012", "Lidija Stebernak": "Q47538646", "Nellie Munin": "Q22661451", "Ma\u0142gorzata Masternak-Kubiak": "Q48854735", "Ute Mager": "Q13418165", "Olena Ivanovna Kharitonova": "Q30960657", "Dagmar Hartge": "Q1157281", "Rosa Uylenburg": "Q112501020", "Nathalie Voser": "Q104921085", "Dagmar Gesmann-Nuissl": "Q106371834", "Dagmar Heib": "Q1157283", "Silvia Valma\u00f1a Ocha\u00edta": "Q27755785", "Iris Knobloch": "Q111351141", "Hannelore Cayre": "Q3126848", "Hanna Sevenster": "Q2196030", "Dagmar Oppermann": "Q1157305", "Alena Mackov\u00e1": "Q61965128", "Kl\u00e1ra Samkov\u00e1": "Q12029495", "Irma Pavlini\u010d Krebs": "Q18507957", "Renata Voss": "Q29018052", "Charlotte von Essen": "Q108281858", "Iulia Pataki": "Q12731175", "Maria van de Schepop": "Q63164107", "Tamara Bischof": "Q2391175", "Katharina Pistor": "Q84340356", "Lenka Mare\u010dkov\u00e1": "Q87051175", "Katharina Sulzbach": "Q16216303", "Eva Gotsiridze": "Q61352427", "Ulrike Lubek": "Q2477379", "Encarnaci\u00f3n Orozco": "Q56072349", "Yolanda Valdeolivas Garc\u00eda": "Q66766817", "Armine K. Hovannisian": "Q62571088", "Maia Tsatsanashvili": "Q110776841", "Tatjana H\u00f6rnle": "Q21264782", "Camelia Toader": "Q12651891", "Monika Jachmann-Michel": "Q63075309", "Birgit Weitemeyer": "Q865370", "Mar\u00eda Luz Rodr\u00edguez Fern\u00e1ndez": "Q6004241", "Wang Chunyan": "Q8462330", "Gundula Ro\u00dfbach": "Q15441304", "Svetlana Ficov\u00e1": "Q18042191", "Frauke Gerlach": "Q29866610", "Eva-Maria Kieninger": "Q42899525", "Maren Rennpferdt": "Q67145794", "Eva Waller": "Q97395787", "Christine Fuchsloch": "Q99752057", "N\u00faria Terribas i Sala": "Q103231219", "Alexandra Jungo": "Q106632822", "Keiko Sakurai": "Q11544776", "Anita Herczegh": "Q17278676", "Muriel Fabre-Magnan": "Q104832422", "Dominique Jeanmoye": "Q3035236", "Maria R\u00f8rbye R\u00f8nn": "Q1896290", "Maarika Kuusk": "Q85985470", "Ildik\u00f3 Vida": "Q18335858", "Marzena Kordela": "Q21328423", "Agn\u00e8s Durdu": "Q16439108", "Karin Angerer": "Q123555196", "Britta Bannenberg": "Q920669", "Franziska Roth": "Q30728395", "\u0411\u0438\u043a\u0431\u0443\u043b\u0430\u0442\u043e\u0432\u0430 \u0413\u04e9\u043b\u043d\u0430\u0440\u0430 \u0424\u04d9\u0440\u0438\u0442 \u04a1\u044b\u0499\u044b": "Q87438123", "\u041a\u0430\u043b\u0430\u043d\u0434\u0430 \u041b\u0430\u0440\u0438\u0441\u0430 \u0412\u044f\u0447\u0435\u0441\u043b\u0430\u0432\u043e\u0432\u043d\u0430": "Q100570344", "Shamsutdinova Luisa Alimchanovna": "Q118129472", "Rose-Marie Christiansen": "Q25426186", "Helga Hjorth": "Q41535252", "Caroline List": "Q107076603", "Consuelo Castro": "Q55285401", "Beate Bube": "Q813129", "Khatuna Gogorishvili": "Q97360535", "Ursula Molka": "Q15816838", "Susanne Kschenka": "Q89173675", "Anu Sajavaara": "Q112762223", "Krystyna Szczepanowska-Koz\u0142owska": "Q30231722", "Charlotte Gaitanides": "Q44668753", "Annetje Ottow": "Q49217748", "Marianne Janik": "Q58739321", "Silke Ruth Laskowski": "Q63124589", "Elena Alonso Frayle": "Q73910239", "\u05d0\u05d5\u05e8\u05dc\u05d9 \u05d1\u05df-\u05d0\u05e8\u05d9": "Q78929795", "Bettina K\u00e4hler": "Q850006", "Agn\u00e8s Tricoire": "Q2827014", "Mechthild Reichsgr\u00e4fin von Schmettau": "Q92975110", "Eva Kocher": "Q106589594", "Esther Happacher": "Q106602544", "Afra Waterkamp": "Q104810912", "Joanna Sie\u0144czy\u0142o-Chlabicz": "Q16563336", "Geraldina Boni": "Q99774759", "Trine Baumbach": "Q64514048", "Ivana Hrdli\u010dkov\u00e1": "Q22262426", "Agneta \u00d6gren": "Q108888662", "Irina Sergeevna \u0160itkina": "Q65124870", "Ela Sialitskaya": "Q106043961", "Antonella Sciarrone Alibrandi": "Q123397518", "Jana Zwyrtek Hamplov\u00e1": "Q12023412", "Agnieszka Liszewska": "Q9142342", "Henriette Laursen": "Q30033121", "Charlotte Insinger": "Q55823774", "Nataliya Kozlova": "Q75716255", "\u042e\u043b\u0438\u044f \u0412\u0430\u043b\u0435\u043d\u0442\u0438\u043d\u043e\u0432\u043d\u0430 \u041d\u0438\u043a\u043e\u043b\u0430\u0435\u0432\u0430": "Q28500200", "Lyubov Boytsova": "Q87413269", "Victoria Boytsova": "Q87413272", "Martina Bla\u017ekov\u00e1": "Q12035901", "Elvira Hettler": "Q1334268", "\u0418\u043d\u043d\u0430 \u0410\u0440\u043a\u0430\u0434\u044c\u0435\u0432\u043d\u0430 \u0424\u0435\u0434\u043e\u0442\u043e\u0432\u0430": "Q108830734", "Ewa Gajda": "Q20028875", "Susana Beltr\u00e1n Garc\u00eda": "Q20876728", "Marisa Soleto": "Q34018772", "Katja \u0160ugman Stubbs": "Q60150044", "Erika Casajoana Daunert": "Q63808700", "Anja Amend-Traut": "Q89032584", "Bettina Heiderhoff": "Q90562218", "Suvianna Hakalehto": "Q105829244", "Marianne Johanna Lehmkuhl": "Q106460892", "Anne Kristin Farseth": "Q114346025", "Bettina B\u00f6hm": "Q832576", "Stephanie Ladwig": "Q2344200", "Martina Weber": "Q16854629", "Laura Cl\u00e9rico": "Q61473449", "Rita Haverkamp": "Q101246685", "Sabine Gless": "Q106522565", "Olena Busol": "Q28701262", "Aminatou Ahidjo": "Q56304657", "Astrid Pra\u0161nikar": "Q12785210", "Dominika Kolowrat-Krakowsk\u00e1": "Q27430335", "Anne-Marie Keding": "Q564846", "Tone Elisabeth Vangen": "Q25428120", "Pilar Garrido Guti\u00e9rrez": "Q28872546", "Nicola Preu\u00df": "Q45194956", "Margareta Brattstr\u00f6m": "Q112524332", "Ivana Kuzmanovi\u0107": "Q452755", "Anke P\u00f6rksen": "Q6531600", "Leila Chikhaoui": "Q108892383", "Krasimira Medarova": "Q19205922", "\u041e\u043b\u044c\u0433\u0430 \u0410\u043d\u0430\u0442\u043e\u043b\u044c\u0435\u0432\u043d\u0430 \u041a\u043e\u0431\u0446\u0435\u0432\u0430": "Q110068627", "Linda Haggren": "Q106926794", "Madeleine de Cock Buning": "Q27609880", "Claudine Konsbruck": "Q47090344", "Yelena Borisova": "Q74960491", "Olga Shilo": "Q113815542", "Gemma Calvet i Barot": "Q19291029", "H\u00e9l\u00e8ne Pauliat": "Q33108074", "Sonja De Becker": "Q24188882", "Pascale Cancik": "Q55231556", "Michaela Windisch-Graetz": "Q62104715", "Elisabeth Kornfeind": "Q64214540", "\u0410\u0431\u0440\u043e\u0441\u0438\u043c\u043e\u0432\u0430, \u0415\u043b\u0435\u043d\u0430 \u0410\u043d\u0442\u043e\u043d\u043e\u0432\u043d\u0430": "Q65124814", "Maria Windhager": "Q75045590", "Anja-Ursula Hucke": "Q94496430", "Katarzyna Kopaczy\u0144ska-Pieczniak": "Q97371311", "Inese Kalni\u0146a": "Q115693839", "Stephanie Springer": "Q14252437", "Katarzyna Dudka": "Q60836573", "Eva Schumann": "Q63283356", "Martina Benecke": "Q105945888", "Bettina H\u00fcrlimann-Kaup": "Q106641556", "Anne Riethm\u00fcller": "Q106644950", "Antje Grotheer": "Q584698", "Maarika P\u00e4hklem\u00e4e": "Q17447050", "Torunn E. Kvisberg": "Q17194822", "Pavlina Panova": "Q109935328", "Claudia Ana Costea Moarc\u0103\u0219": "Q21512989", "Caroline Heide-J\u00f8rgensen": "Q64513400", "Wendy Walker": "Q59821612", "Monika Tomaszewska": "Q97279474", "B\u00e9n\u00e9dicte B\u00e9vi\u00e8re": "Q2929882", "Lidia Klat-Wertelecka": "Q29829484", "Valeska B\u00f6ttcher": "Q100149496", "\u0412\u043e\u043b\u044c\u0433\u0430 \u0422\u0430\u043b\u043e\u0447\u043a\u0430": "Q114389398", "Jolien Schukking": "Q40166043", "Martine Lamesch": "Q59458810", "Kati Resch": "Q101095659", "Sabine Kirchmayr-Schliesselberger": "Q106471683", "Ute Hohoff": "Q100776744", "Theresia H\u00f6ynck": "Q1242396", "Beate Gsell": "Q813139", "Annette Guckelberger": "Q18616342", "Zelai Nikolas": "Q20201434", "Idoia Otaegui": "Q38794828", "Kerstin Tillmanns": "Q63140217", "Anne Challandes": "Q83441731", "Bettina Nunner-Krautgasser": "Q112448134", "Rita Christen": "Q114347266", "Ida Melbo \u00d8ystese": "Q116810790", "Juan Ram\u00f3n Valdivia Rosa": "Q6004177", "Marianne Ryter": "Q61827874", "Antje Weihs": "Q76890334", "Franceska Werth": "Q105489261", "Val\u00e9rie-Laure B\u00e9nabou": "Q3554217", "Yamila Idrissi": "Q2969973", "Yuan Gujie": "Q110105390", "Annette Wille": "Q106362891", "Anne R\u00f6thel": "Q565759", "Heike Jochum": "Q1411477", "Heike Krieger": "Q1306166", "Eva Marek": "Q47499243", "Mark\u00e9ta Reedov\u00e1": "Q12035622", "Alba Nogueira": "Q53383734", "Pui Ling Lau": "Q12332560", "Eva G\u00fcnther-Gr\u00e4ff": "Q89801912", "Eveline Artmann": "Q1381664", "Maria Pilar Canedo": "Q27586951", "Christiane Wendehorst": "Q58738917", "Nerea Ir\u00e1culis": "Q87116033", "Mojca Prelesnik": "Q65037311", "Anna Machnikowska": "Q29079598", "Sara Lallana": "Q50622766", "Silke Torp": "Q96111662", "Anna Dobaczewska": "Q97373291", "Nida Grunskien\u0117": "Q104218467", "Malin Thunberg Schunke": "Q109676880", "Nazila Ghanea": "Q116820807", "Frauke Scheunemann": "Q1451952", "Stefanie Schmahl": "Q2338275", "Katharina Pabel": "Q17496460", "Olena Salmanova": "Q30960032", "Simone Wiegand": "Q85322827", "Anna Block Mazoyer": "Q69566573", "Leticia D\u00edaz": "Q5973906", "Marjan Olfers": "Q2230112", "Isabelle Gelas": "Q17350605", "Marie Derain": "Q3292474", "Sandra von Klaeden": "Q976839", "Kirsten Kuhlmann": "Q102176490", "Agnieszka Bielska-Brodziak": "Q109564734", "Susanne H\u00e4hnchen": "Q23661794", "Slagjana Taseva": "Q55194165", "Veronika K\u0159es\u0165anov\u00e1": "Q121298655", "Simone Sanftenberg": "Q6556808", "Sandra Moneo": "Q6119979", "Fran\u00e7oise Thoma": "Q16440225", "Elena Viktorovna Barinova": "Q4078248", "M\u00f3nika Bek Balla": "Q24460955", "Sofia Wallstr\u00f6m": "Q99188661", "Mar Esquembre": "Q28812545", "Annelene Svingen": "Q11958320", "Barbara Kresal": "Q65332025", "Yofi Tirosh": "Q12408047", "Elisabeth Holzleithner": "Q20901556", "Tatiana Chauvin": "Q30902872", "Christiane Schmaltz": "Q47012238", "Monika Jagielska": "Q48861187", "Magdalena P\u00f6schl": "Q56648130", "Diana Zacharias": "Q58307320", "Ulla Gl\u00e4\u00dfer": "Q89778912", "Yolanda Regidor": "Q90968436", "Margrit Seckelmann": "Q95197248", "Aldona Doma\u0144ska": "Q97371303", "Charlotte Kreuter-Kirchhof": "Q98391878", "Sudabeh Kamanabrou": "Q98645883", "Martina Rosenberg": "Q100151906", "C\u00e9line Bellot": "Q100605492", "Ellen Katrine H\u00e6tta": "Q111477318", "Vanessa Conze": "Q112435445", "Joumana Seif": "Q115624884", "Indra Spiecker D\u00f6hmann": "Q1661816", "Jadwiga Potrzeszcz": "Q56256053", "Elisabeth Steiner": "Q84609731", "Gudrun Hochmayr": "Q105098592", "Margarita Mitrofanova": "Q4296832", "B\u00e9atrice Joyaud": "Q2929452", "Anne Levade": "Q2851173", "Barbara Nita-\u015awiat\u0142owska": "Q105162006", "Mika Hayashi": "Q11533278", "Cornelia Holsten": "Q1133348", "Elisabeth Hammer": "Q20680097", "Mirjam Kruppa": "Q33105615", "Jasna Murgel": "Q43389594", "Eva Maria Belser": "Q106616207", "Claudia Fischer": "Q101113012", "Aliena Makowskaya": "Q105888403", "Astrid Hilde": "Q28718264", "Tamara Zieschang": "Q1748125", "Sanna Wolk": "Q4990696", "Isabelle Sima": "Q16644050", "Sabine Leppek": "Q106729062", "Estefania Elena Mart\u00ednez Zaragoza": "Q20876322", "Mariya Pavlova": "Q30329560", "Ines Zenke": "Q35789239", "Eva Engelken": "Q51583992", "Ewa Bagi\u0144ska": "Q55392515", "Nina P\u00f3\u0142torak": "Q69389373", "Christine Budzikiewicz": "Q86204302", "Mia Korpiola": "Q93239020", "Friederike Wapler": "Q105945083", "Ulrike Gauderer": "Q108419159", "Laila al-Zwaini": "Q108436086", "Elisa Moreu": "Q113527962", "Patricia Rombach": "Q66899200", "Anette Kugelm\u00fcller-Pugh": "Q81215444", "Ursula Kriebaum": "Q106471410", "Kerstin Engelhardt-Blum": "Q113723104", "Mark\u00e9ta Seluck\u00e1": "Q19602387", "Ma\u0142gorzata Materniak-Paw\u0142owska": "Q21328436", "Katrin Rieke": "Q116693204", "\u053c\u0578\u0582\u057d\u056b\u0576\u0565 \u0531\u0562\u0563\u0561\u0580\u0575\u0561\u0576": "Q85985613", "Nadjma Yassari": "Q21264442", "Gala Veldhoen": "Q65055093", "Dorota Py\u0107": "Q17544596", "Regina E. Aebi-M\u00fcller": "Q107293460", "Maribel Mora": "Q20645978", "Ksenia": "Q16569987", "Frauke Patzke": "Q107302995", "Ulrike Picker": "Q101095684", "\u041c\u0438\u0445\u0435\u0435\u0432\u0430, \u041b\u0438\u0434\u0438\u044f \u042e\u0440\u044c\u0435\u0432\u043d\u0430": "Q106839042", "Svatava \u0160t\u011brbov\u00e1": "Q14970923", "Magdalena Pyter": "Q48860885", "Nadja Capus": "Q28091874", "Ana Mar\u00eda Mart\u00ednez-Pina": "Q27955985", "Ruth Maria Mestre i Mestre": "Q43371041", "\u0410\u043b\u0451\u043d\u0430 \u0420\u043e\u043c\u0430\u043d\u043e\u0432\u043d\u0430 \u0417\u0435\u043b\u044c\u0434\u0438\u043d\u0430": "Q25437158", "Eva Tammi-Salminen": "Q107142861", "Sylvia Beutler-Krowas": "Q79235475", "Pilar Ad\u00f3n": "Q6075747", "Deidre Du Bois": "Q79447196", "Ewa Monika Guzik-Makaruk": "Q16544513", "Weronika Marczuk": "Q9372084", "Nicole Demme": "Q108858098", "Magdalena Sitek": "Q29413820", "Brigitte H\u00fctter": "Q61693003", "Iole Fargnoli": "Q65465266", "Hanna Witczak": "Q85133271", "Ines H\u00e4rtel": "Q89778887", "Andrea Loose": "Q99662105", "Alexandra Kemmerer": "Q112561798", "Alexandra Palt": "Q114029895", "Cordelia Koch": "Q121593146", "Cecilie Lilaas-Skari": "Q124101525", "Marietta Auer": "Q27925363", "Anna M\u0142ynarska-Sobaczewska": "Q48854705", "Silke Wittkopp": "Q86095255", "Iris Kirchner-Freis": "Q99845351", "Annegret Eppler": "Q106065149", "Franca Contratto": "Q106446529", "Yvonne Donders": "Q40651068", "Christine Busse": "Q122746132", "Monique Adams": "Q123575216", "Brigitta Z\u00f6chling-Jud": "Q22351219", "C\u00e9line Bardet": "Q28053863", "Edyta Bielak-Jomaa": "Q19844505", "Anna Stavitskaya": "Q100566511", "Ma\u0161a Kociper": "Q12796244", "Nina Chilova": "Q765831", "Marte Thorsby": "Q17112117", "Ulrike Fischer": "Q72072449", "Oleksandra Karmaza": "Q108871840", "\u041a\u043e\u043b\u043e\u043c\u043e\u0454\u0446\u044c \u0422\u0435\u0442\u044f\u043d\u0430 \u041e\u043b\u0435\u043a\u0441\u0430\u043d\u0434\u0440\u0456\u0432\u043d\u0430": "Q51578397", "Anne Sofie Allarp": "Q17482158", "Daria Kowalczyk": "Q56633623", "Sigrid Boysen": "Q19513738", "Abigail Seran": "Q55118111", "Monika \u0160im\u016fnkov\u00e1": "Q14789835", "St\u00e9phanie Hennette-Vauchez": "Q96279185", "Sabina Grabowska": "Q17544569", "Katarzyna Kokoci\u0144ska": "Q20829488", "Dorota Lis-Staranowicz": "Q26251017", "Debi Cornwall": "Q28864760", "Magdalena Habdas": "Q48855012", "Bo\u017eena For\u0161tnari\u010d Boroje": "Q62114292", "Ulrike Babusiaux": "Q63126955", "Christina Binder": "Q63974495", "Kati Kulovesi": "Q82317283", "Miriam Hannes": "Q89588873", "Anna Jurkowska-Zeidler": "Q97373174", "Renata \u015awirgo\u0144-Skok": "Q100592144", "Gemma Rodr\u00edguez i Villanueva": "Q106892360", "Rayna Nikolova": "Q110262316", "Michaela Kohlwei\u00df": "Q1558555", "Agata Ga\u0142uszka-G\u00f3rska": "Q28672434", "Joanna Lema\u0144ska": "Q56256117", "Miyuki Watanabe": "Q64783103", "Christina Pernice": "Q65034016", "Miriam Me\u00dfling": "Q65589033", "Bettina Noltenius": "Q65943225", "Michelle Cottier": "Q90570782", "Nicole Gubbels": "Q106595578", "Angelika G\u00fcnzel": "Q113770649", "Katharina Stasch": "Q106525889", "Wang Wanhua": "Q17500022", "Katarzyna Cha\u0142ubi\u0144ska-Jentkiewicz": "Q106026298", "Clementina Cantoni": "Q2978899", "Kinga Flaga-Gieruszy\u0144ska": "Q60836109", "Synne S\u00e6ther M\u00e6hle": "Q16903395", "Angela Julcher": "Q25845839", "Aude Mirkovic": "Q38382293", "Anna Horv\u00e1th": "Q19905064", "Ryu Yeo-hae": "Q12594297", "Mia Edwall Insulander": "Q69763410", "Aitziber Irigoras Alberdi": "Q14132158", "Nele Matz-L\u00fcck": "Q60103484", "Annika Jyrwall \u00c5kerberg": "Q100146087", "\u041a\u043e\u043d\u0434\u0437\u0435\u043b\u044f \u0421\u0432\u0456\u0442\u043b\u0430\u043d\u0430 \u0417\u0456\u043d\u043e\u0432\u0456\u0457\u0432\u043d\u0430": "Q75112923", "Annette Volk": "Q23059551", "Celina Nowak": "Q26973403", "Corinne Widmer L\u00fcchinger": "Q28435344", "Antje von Ungern-Sternberg": "Q58236269", "Agnieszka Bie\u0144-Kaca\u0142a": "Q60837849", "Agnieszka Barczak-Oplustil": "Q65162536", "Val\u00e9rie Sch\u00fcller": "Q78139052", "Mariola Urrea": "Q98399578", "B\u00e1rbara Navarro": "Q109312287", "Mateja Toman": "Q113382829", "Lao Dongyan": "Q113987060", "Carola Lingaas": "Q115126729", "Egl\u0117 Radu\u0161yt\u0117": "Q1298204", "Ruth Janal": "Q100810714", "Josefa Schmid": "Q53680957", "Gaetana Morgante": "Q61993961", "Krist\u012bne Kr\u016bma": "Q28664992", "Desislava Akhladova": "Q98921495", "Kate\u0159ina Ronovsk\u00e1": "Q18006596", "Barbara Leitl-Staudinger": "Q807531", "Carol Proner": "Q75100116", "Charlotte Girard": "Q42420251", "Honey Deihimi": "Q1626848", "Ma\u0142gorzata Krasnod\u0119bska-Tomkiel": "Q11772305", "Wiebke Reitemeier": "Q122831905", "Karolina Francov\u00e1": "Q12028813", "Esperanza G\u00f3mez Corona": "Q69972166", "Julie James": "Q20498239", "Barbara Sadurska": "Q48850360", "V\u00e9ronique Stoffel": "Q52558879", "Zuzanna Benincasa": "Q30902690", "Kirstin Drenkhahn": "Q52895389", "Maria Eugenia Gay Rosell": "Q65508838", "Petra Skvarilova-Pelzl": "Q69301759", "Sonja Bekker": "Q90429454", "Nadja Braun Binder": "Q105942770", "Kathrin Kroll-Ludwigs": "Q110866838", "Helen Scott": "Q115239844", "Dorothy Estrada-Tanck": "Q122213335", "Wiebke Brose": "Q100770045", "Liane W\u00f6rner": "Q106389192", "Lenka Teska Arno\u0161tov\u00e1": "Q19602336", "Natalia Basina": "Q108456081", "Susana de la Sierra": "Q5561931", "Kate\u0159ina Kalistov\u00e1": "Q65937175", "Renata Cytacka": "Q2581360", "Dorritt Selbmann": "Q101208167", "Aino Bunge": "Q115675909", "Anneke Wezel": "Q20113700", "Farah Hached": "Q18214865", "Anna Gamper": "Q560533", "Birgit Linder": "Q101053712", "Lucie Pot\u016f\u010dkov\u00e1": "Q108872651", "Larissa van den Herik": "Q76741565", "Tetiana Kahanovska": "Q4207119", "Emmily Talpe": "Q18326075", "Elvira Baryakina": "Q4078917", "\u041f\u0454\u0445\u043e\u0432\u0430 \u0412\u0456\u043a\u0442\u043e\u0440\u0456\u044f \u041c\u0438\u043a\u043e\u043b\u0430\u0457\u0432\u043d\u0430": "Q123553202", "Silje Vaadal": "Q17113734", "Agn\u00e8s Roblot-Troizier": "Q35768216", "Constanze Janda": "Q48758433", "Janne Rothmar Herrmann": "Q64514128", "Mar\u00eda Oru\u00f1a": "Q80700291", "Judit Neumann": "Q93129475", "Julia Ettl": "Q100334163", "Ann-Katrin Kaufhold": "Q108923234", "Gundula Momsen-Pflanz": "Q112564978", "Lene L\u00f8vdal": "Q115126218", "Nata\u0161a Posel": "Q65493423", "Anna-Bettina Kaiser": "Q79147981", "Yuanshi Bu": "Q105924240", "Janneke Gerards": "Q19832262", "Katja Lindroos": "Q106463706", "Karol\u00edna \u017d\u00e1kovsk\u00e1": "Q47500009", "Maria Ejchart": "Q123666442", "Julia Heesen": "Q89418782", "Ksenija Klampfer": "Q62655268", "Krystyna Kowalik-Ba\u0144czyk": "Q119040766", "Joanna Misztal-Konecka": "Q84405314", "Larisa Glukhova": "Q110128415", "P\u00e4ivi Leino-Sandberg": "Q106556542", "Caroline D\u00e9sir": "Q2103955", "\u0406\u0440\u044b\u043d\u0430 \u0410\u043b\u044f\u043a\u0441\u0430\u043d\u0434\u0440\u0430\u045e\u043d\u0430 \u0426\u044d\u043b\u0456\u043a\u0430\u0432\u0435\u0446": "Q98834334", "Mar\u00eda Cruz D\u00edaz de Ter\u00e1n": "Q19814791", "Susanne Augenhofer": "Q50923676", "Frauke Katharina Wedemann": "Q86999986", "El\u017cbieta Karska": "Q97275938", "Anne Sanders": "Q98629907", "Monika Florczak-W\u0105tor": "Q38076787", "Ellen Euler": "Q55222800", "Tanja Domej": "Q63126963", "Katrin H\u00f6ffler": "Q64666713", "Gabriele Steinfatt": "Q66980830", "Anna Katharina Mangold": "Q91012803", "Susanne Beck": "Q105925104", "Claudia Maria Hofmann": "Q106570317", "Anna Petrig": "Q106608625", "Valerie Holsboer": "Q29115953", "Katarzyna Klafkowska-Wa\u015bniowska": "Q98714301", "Gabriella V\u00f6lgyesi": "Q761961", "Urszula Pas\u0142awska": "Q9367197", "Szilvia Gyurk\u00f3": "Q65216027", "Christiana Fountoulakis M\u00e4sch": "Q21256882", "Anna Heyer-Stuffer": "Q76756789", "Nataliya Barshchevskaya": "Q4078818", "Anna B\u00e5gstam": "Q111658784", "Georgina Rieradevall i Tarr\u00e9s": "Q21001431", "Izolda Ishkhanishvili": "Q4205718", "Stephanie Schiedermair": "Q94377853", "Michaela Tejmlov\u00e1": "Q15980400", "\u0415\u043a\u0430\u0442\u0435\u0440\u0438\u043d\u0430 \u0412\u043b\u0430\u0434\u0438\u043c\u0438\u0440\u043e\u0432\u043d\u0430 \u0418\u043b\u044c\u0433\u043e\u0432\u0430": "Q97760450", "Marika Ericson": "Q107574342", "Ingebj\u00f6rg Darsow-Faller": "Q116045322", "Adoraci\u00f3n Guam\u00e1n Hern\u00e1ndez": "Q93415264", "Oksana Hryshchuk": "Q107415865", "Nina Zidar Klemen\u010di\u010d": "Q18586746", "Judith Hahn": "Q50246181", "Nora Markard": "Q52635593", "Ulrike Lembke": "Q63136697", "Bettina Spilker": "Q84724634", "Birgit Peters": "Q107337180", "Angela Henke": "Q72066762", "Tosca Kniese": "Q75125784", "Pamela Pabst": "Q87351065", "Sarah Progin-Theuerkauf": "Q106656143", "Emine U\u011fur": "Q115154515", "Pia Lorenz": "Q104394318", "Manja Schreiner": "Q101421883", "Veronika Mickel-G\u00f6ttfert": "Q38588961", "Yuliia Hryshyna": "Q85990874", "Angelika Allgayer": "Q105335296", "Ana Polak Petri\u010d": "Q66087872", "Sarah Vanuxem": "Q27942897", "Ne\u017ea Kogov\u0161ek \u0160alamon": "Q65493379", "Natalya Alekseevna Sergunina": "Q16514984", "Rikke Arnesen": "Q11997832", "Maria Wersig": "Q50825326", "\u00d6zlem \u00d6zen": "Q3593705", "Rita Bell L\u00f3pez Vences": "Q118150927", "Helen H\u00e4\u00e4l": "Q20528731", "Lidia Undiemi": "Q109141738", "Nao Suguro": "Q3335821", "Karolina Stopka": "Q78451459", "Joanna D\u0142ugosz": "Q97372085", "Claudia Fuchs": "Q104218148", "Lena Foljanty": "Q106225910", "Andrea Opel": "Q107309176", "Catharine Titi": "Q117350902", "Maryse Pradervand-Kernen": "Q106641557", "\u042e\u043b\u0456\u044f \u0413\u0430\u045e\u0440\u044b\u043b\u044c\u0447\u0430\u043d\u043a\u0430": "Q114389585", "Louise Halleskov": "Q94967422", "Jessica Schmidt": "Q29001198", "Elaine Mak": "Q93433889", "Julia Hahn": "Q110409124", "Petra Nov\u00e1kov\u00e1": "Q61697731", "Magali Dock": "Q17350552", "Micha Klapp": "Q118151455", "Katharina P\u00f6tter": "Q108703393", "Aleksandra Hadzik": "Q60833653", "Agnessa Haikara": "Q112563113", "Katarzyna Ma\u0107kowska": "Q16565828", "Renate Barbaix": "Q116546874", "Renate Bj\u00f8rshol": "Q123019879", "Nancy Poser": "Q104709273", "Vilija Naus\u0117dait\u0117": "Q2524749", "Mercedes Van Volcem": "Q2176507", "Ingunn Solheim": "Q15057356", "Adele Matheson Mestad": "Q64223474", "Cristina Alger": "Q66429496", "Madeleine Tolani": "Q104523805", "Ulrike Lehmann-Wandschneider": "Q107018218", "M\u00f2nica Vilasau": "Q113773751", "Ariane Paulus": "Q79338739", "Amina Aghazada": "Q108084872", "Kudertxuk Mikolaivna": "Q85994091", "Ad\u00e9la Hor\u00e1kov\u00e1": "Q117206009", "Marcela Peredo": "Q117003979", "Anita Boros": "Q97342951", "Marta Kaczy\u0144ska": "Q30317108", "Tone Marie Myklevoll": "Q93432924", "Isabel Vallet i S\u00e0nchez": "Q17037064", "Car\u00e8ne Ponte": "Q96473912", "Dorota Pudzianowska": "Q97372264", "Olha Sovhyria": "Q81335571", "Franziska Boehm": "Q59912125", "Angela Schwerdtfeger": "Q90105391", "Anuscheh Farahat": "Q28154854", "Hanneke van Eijken": "Q37474023", "Anne Eekhout": "Q62075554", "Aurore Gaillet": "Q95193300", "El\u012bna Pinto": "Q117984465", "Jitka Ludv\u00edkov\u00e1": "Q41653747", "Orsolya Zsuzsanna Kov\u00e1cs": "Q62068840", "Kl\u00e1ra Kalibov\u00e1": "Q95217101", "Radka T\u0159e\u0161t\u00edkov\u00e1": "Q59249508", "Nicole Solarz": "Q1459944", "Beti Hohler": "Q123685177", "Nadia Akacha": "Q96207491", "Helene Bubrowski": "Q64732916", "Rosaline Mouton": "Q15104957", "Ida Stuberg": "Q17110006", "Katarzyna Szymielewicz": "Q19268359", "Katarzyna Zalasi\u0144ska": "Q30902902", "Elisa Hoven": "Q59825800", "Fieke Gosselaar": "Q97265943", "Viktorija Baire": "Q115726190", "Nina Nestler": "Q100808481", "Karol\u00edna Bab\u00e1kov\u00e1": "Q20755748", "Zuzanna Rudzi\u0144ska-Bluszcz": "Q98313452", "Silvia Schneider": "Q24203368", "Yuliya Proskuryakova": "Q15087097", "Danielle Eyango": "Q117218373", "Anna Stolz": "Q57527276", "Seraina Gr\u00fcnewald": "Q106446518", "Anne Schneider": "Q60695568", "Victoria Braathen": "Q16181496", "Tinka Uphoff": "Q22343658", "Yuliya Lazareva": "Q4252847", "Tetiana Lokatska": "Q85994791", "Beatriz Taleg\u00f3n": "Q18670428", "Anna Vekilyan": "Q55081816", "Karolina Rudzi\u0144ska": "Q115205760", "Nazeli Baghdasaryan": "Q64846145", "C\u00e9line Zuber-Roy": "Q124100675", "Siranush Sahakyan": "Q47074465", "Machteld Zee": "Q111577569", "Susanne Lilian G\u00f6ssl": "Q93480506", "Anna Kornecka": "Q104419327", "Siran Avetissian": "Q97204827", "Nele Somers": "Q106840547", "Sabrina Neuendorf": "Q2210149", "Tatiana Pishchulina": "Q102038386", "\u10d0\u10dc\u10d0 \u10dc\u10d0\u10ea\u10d5\u10da\u10d8\u10e8\u10d5\u10d8\u10da\u10d8": "Q61138090", "Susanne Auer-Mayer": "Q115987775", "Frauke Rostalski": "Q64859767", "Andrea Edenharter": "Q82820226", "Narmin Karimbayova": "Q61122203", "Andrea Moln\u00e1r": "Q56391333", "Lyseline Louvigny": "Q28802572", "Eva Dobrovoln\u00e1": "Q50415486", "Judith Gerlach": "Q14920385", "Laura Melusine Baudenbacher": "Q116013339", "Sina Fontana": "Q113845888", "Agnese Krasta": "Q115693979", "Alica Valiulova": "Q79329467", "Denisse Vega Farf\u00e1n": "Q107567739", "Iryna Hrytsai": "Q28702095", "Maria Albot": "Q97981588", "Zim\u00e1ny Linda": "Q1467437", "Tina Heferle": "Q54944131", "Natalia Kuvshinova": "Q28792023", "Christa St\u00fcnzi": "Q67203781", "Essie Kelly": "Q118523500", "Ulrika Mossberg": "Q100869973", "Nada Ina Pauer": "Q63994451", "Tatevik Grigoryan": "Q54826275", "Ulrikke Holm\u00f8y": "Q17096883", "Katia Mosally": "Q111726459", "Evelyn Jadin": "Q16635286", "\u0418\u043d\u043d\u0430 \u0412\u0430\u043b\u0435\u043d\u0442\u0438\u043d\u043e\u0432\u043d\u0430 \u0421\u0435\u043c\u0451\u043d\u043e\u0432\u0430": "Q105082329", "Inger Eline Eriksen": "Q17057989", "Alexandra Szalay-Bobrovniczky": "Q80545244", "Olena Potanina": "Q4374584", "St\u00e9phanie De Somer": "Q116603641", "Vigjilenca Abazi": "Q111570362", "Sofia Konkina": "Q100438370", "Pamela Bruno": "Q113816033", "Dona Hariri": "Q4952716", "Jana Sedl\u00e1kov\u00e1": "Q92585245", "Sandra Norak": "Q79322670", "Cristina Lenardon": "Q106098292", "Monika Sobczak": "Q116178100", "Olha Savchenko": "Q70708880", "M\u00fcnire Manisa": "Q83213558", "Alejandra Jacinto Uranga": "Q53781185", "\u00c4ngla P\u00e4ndel": "Q63870836", "Martine Str\u00f8msnes": "Q28737732", "Musu Bakoto Sawo": "Q67203688", "Wafa Al Ali": "Q112144785", "Wiebke Vo\u00df": "Q115829959", "\u0531\u057d\u057a\u0580\u0561\u0574 \u053f\u0580\u057a\u0565\u0575\u0561\u0576": "Q123482314", "Louise Meijer": "Q57168719", "Mariia Chuprii": "Q105531253", "Pernille Nygaard": "Q123475052", "Serena Essed": "Q115471888", "Anetta Bril": "Q105064011", "Sahar Shirzad": "Q124260617", "Beata Siemieniako": "Q56192156", "Zuzana Pavelkov\u00e1": "Q123516831", "Bj\u00f8rk Olsen": "Q804181", "G\u00f6k\u00e7e G\u00f6k\u00e7en": "Q107525742", "Johanna Jachs": "Q42305634", "Laura Zimmermann": "Q59183972", "Emilie Dokset": "Q99619936", "Gl\u00f2ria Llobet Torres": "Q99693432", "Lena Gumnior": "Q107308257", "Uxue Pilar": "Q109659913", "Lisa-Marie Jeckel": "Q106163271", "Aneta Ro\u017cek": "Q124307347", "Anine Fr\u00f8lich": "Q21474138", "Eli\u0161ka Beranov\u00e1": "Q111291217", "Eva-Maria Meidl": "Q109441500", "Anna Fux": "Q115902564", "Constance du Bus de Warnaffe": "Q80425639", "\u041d\u0435\u0431\u043e\u0440\u0430\u043a \u0411\u043e\u0433\u0434\u0430\u043d\u0430 \u0412\u0456\u043a\u0442\u043e\u0440\u0456\u0432\u043d\u0430": "Q108460194", "Liz Braz": "Q123002867", "Firuz\u0259 N\u0259sibli": "Q95879284", "Montserrat Dameson": "Q116820155", "Marie Jacobsson": "Q4956141", "Paz de la Cuesta": "Q6067755", "Salwa El Garbhi": "Q47510644", "Ewa Rott-Pietrzyk": "Q48862495", "Anna Stawarska-Rippel": "Q48864255", "Ewa Przeszlo": "Q48865956", "\u00c9velyne Serverin": "Q55625150", "Montserrat del Toro L\u00f3pez": "Q61967962", "Anne Lauber-R\u00f6nsberg": "Q70438827", "Stefanie Bock": "Q86210406", "Christiane Leiwesmeyer": "Q89420345", "Annemarie Matusche-Beckmann": "Q89476511", "Beate Naake": "Q89914379", "Bettina Wei\u00dfer": "Q93955437", "Katharina Beckemper": "Q94375848", "Angelika Siehr": "Q98398637", "Maja Smoltczyk": "Q101523281", "Nancy Jurik": "Q105776710", "Almuth Zempel": "Q106091517", "Eva-Maria Hepp": "Q106164185", "Rosemarie Kreitmair": "Q106410515", "Theresia Koch": "Q106617530", "Beate Schmidt": "Q813194", "Inga Karalien\u0117": "Q1576671", "Barbara Bajor": "Q15631637", "Hanna Paluszkiewicz": "Q21328444", "Teresa Dukiet-Nag\u00f3rska": "Q27016792", "Ma\u0142gorzata Sieradzka": "Q29079279", "Beata Giesen": "Q29079328", "Agnieszka G\u00f3ra-B\u0142aszczykowska": "Q30902513", "Maria Boraty\u0144ska": "Q30902790", "Marie-Jeanne Campana": "Q3291928", "Maryvonne Lyazid": "Q3296362", "St\u00e9phanie Mahieu": "Q3502198", "Luc\u00eda Herrera": "Q5982447", "Elita Dreimane": "Q16355916", "Janina Czapska": "Q16561939", "Sophie Thonon": "Q16635728", "Amira Galin": "Q18191226", "Magdalena Fedorowicz": "Q20829477", "Dorota Soko\u0142owska": "Q20829513", "Karen McKenzie": "Q21076478", "Gra\u017cyna Ba\u0142truszajtys": "Q21328400", "Joanna Mucha": "Q21328438", "Anna Musia\u0142a": "Q21328439", "Carolyn Shapiro": "Q23769578", "Barbara Iwa\u0144ska": "Q24451899", "El\u017cbieta Feret": "Q26201803", "Gra\u017cyna Szpor": "Q28672506", "Teresa Kurowska": "Q28672560", "Jaroslawa Johnson": "Q28701474", "Denise Meyerson": "Q30902370", "Barbara Miko\u0142ajczyk": "Q30902502", "Aleksandra Wiktorowska": "Q30902612", "Maria Magdalena Kenig-Witkowska": "Q30902664", "Jadwiga Glumi\u0144ska-Pawlic": "Q30902779", "Dorota Dzienisiuk": "Q30902879", "Melanie Dulong de Rosnay": "Q42852568", "Maria-Anna de Abgaro Zachariasiewicz": "Q48038916", "Monika D\u0105browska": "Q48841369", "Agnieszka Grzelak": "Q48841616", "Dominika Wajda": "Q48841767", "Marta Litwi\u0144ska-Werner": "Q48841773", "Bo\u017cena Szewczul": "Q48843635", "Magdalena B\u0142aszczyk": "Q48850625", "Joanna Jagoda": "Q48861198", "Anna Zalcewicz": "Q48866858", "Janet Blake": "Q50307451", "L\u00edvia Santana e Sant\u2019Anna Vaz": "Q50822324", "Yolanda G\u00f3mez S\u00e1nchez": "Q55693850", "Dorota \u0141obos-Kotowska": "Q56255555", "Malika Benradi": "Q56524717", "Nadezhda Krylova": "Q57203491", "Julia Fedotova": "Q58106904", "Limor Ezioni": "Q61126961", "Kami N. Chavis": "Q62015780", "M\u00f3nica Franco Izquierdo": "Q62282614", "Maja Bogataj Jan\u010di\u010d": "Q63669698", "Iya Malkina": "Q63928493", "Meghan March": "Q64995494", "Anica Djami\u0107": "Q65211391", "Barbara Rajgelj": "Q65318142", "Jerneja Turin": "Q65493292", "Renata Martin\u010di\u010d": "Q65681248", "Caron Beaton-Wells": "Q65720111", "Simona Drenik": "Q66088516", "Laura Yli-Vakkuri": "Q70206537", "Solveig Rietschel": "Q81320557", "Lea Beckmann": "Q87261078", "Margit Bruck-Friedrich": "Q88448617", "Mar\u00edlia Muricy": "Q94994228", "Anne K\u00fchler": "Q95655776", "Marion Frater": "Q96088928", "Renata Kusiak-Winter": "Q97161289", "Ma\u0142gorzata Szwejkowska": "Q97183005", "Anetta Breczko": "Q97184672", "Anna Walaszek-Pyzio\u0142": "Q97185896", "Janine Elizabeth Coye-Felson": "Q97255409", "Marilyn Williams": "Q97256957", "Justyna Zajdel-Ca\u0142kowska": "Q97277547", "Monika Adamczak-Retecka": "Q97279970", "Helena \u017bakowska-Henzler": "Q97370866", "Aneta Sucho\u0144": "Q97372605", "Joanna Kruczalak-Jankowska": "Q97373201", "Diana Trzci\u0144ska": "Q97373307", "\u041b\u0430\u0440\u0438\u0441\u0430 \u042e\u0440\u044c\u0435\u0432\u043d\u0430 \u041f\u0443\u0448\u0438\u043d\u0430": "Q97607827", "Kinga Micha\u0142owska": "Q97665626", "El\u017cbieta Ku\u017celewska": "Q100591465", "Agnieszka Malarewicz-Jakub\u00f3w": "Q100591478", "\u0415\u043a\u0430\u0442\u0435\u0440\u0438\u043d\u0430 \u0412\u0438\u043a\u0442\u043e\u0440\u043e\u0432\u043d\u0430 \u0410\u0431\u0430\u0448\u0438\u043d\u0430": "Q104144332", "Gra\u017cyna Spytek-Bandurska": "Q104887745", "Sylwia Majkowska-Szulc": "Q105086990", "Mariana Afanasieva": "Q105336821", "Nicole Ntumba Bwatshia": "Q106240966", "Ewelina Ca\u0142a-Wacinkiewicz": "Q106289286", "Camilla H\u00e4gglund": "Q106468214", "Nicole Gronemeyer": "Q107833139", "Anna Maria Badia i Mart\u00ed": "Q108560019", "Katarzyna \u0141a\u017cewska Hrycko": "Q108782909", "Ewa Galewska": "Q109316698", "Lyyli Helena Lukander": "Q109775363", "Kitty Sweeb": "Q109887978", "Marta Grzybowska": "Q109914003", "Justyna \u0141acny": "Q110358775", "Aleksandra Partyk": "Q110485690", "Adilia de las Mercedes": "Q111133351", "Leila Alikarami": "Q111183917", "Fatima Camara": "Q111466804", "Fingui Camara": "Q111667557", "Connie Br\u00fcck": "Q112876223", "Fanny Benedetti": "Q113192142", "Katharine Hurst": "Q113559436", "Sylvia Aquereburu": "Q113628549", "Wiebke Judith": "Q113747602", "Katrin Gierhake": "Q113823224", "Nazar\u00e9 da Costa Cabral": "Q114604688", "Wioletta Jedlecka": "Q114677546", "Corinne Zellweger-Gutknecht": "Q114836187", "Maria Claudia Bucchianeri": "Q114916882", "Etsuko Yoshida": "Q115530299", "Ewa Szewczyk": "Q115607117", "Anna Kalisz": "Q116161663", "Brigitte V\u00e9zina": "Q116209712", "Jolanta Drzewakowska": "Q116730951", "\u10e5\u10d4\u10d7\u10d4\u10d5\u10d0\u10dc \u10d7\u10e3\u10e0\u10d0\u10d6\u10d0\u10e8\u10d5\u10d8\u10da\u10d8": "Q117006666", "Thinlay Chukki": "Q117309856", "Martina Klement": "Q118175542", "Mar\u00eda Luisa Cuerda Arnau": "Q118398927", "Sanae Fujita": "Q119220414", "Edilene Lobo": "Q120105026", "Michaela Hailbronner": "Q120186211", "Becky Burr": "Q121320445", "Brita Sundberg-Weitman": "Q121760400", "Amina Lanaya": "Q123005489"}