{"Mich\u00e8le Cahen": "Q15970488", "Anna \u00c5kesson": "Q11851637", "Mar\u00eda Asunci\u00f3n Sandoval": "Q29452602", "Maria Augusta Saraiva": "Q85875299", "Ruth Stjernstedt": "Q4980550", "Janina Jurkiewicz": "Q25713063", "Karen Berl\u00e8me-Nix": "Q62080718", "Th\u00e9r\u00e8se Moreau": "Q76394006", "Liuda Pur\u0117nien\u0117": "Q7720945", "M\u00e4rta Wikstr\u00f6m": "Q105078929", "Frieda Schwarz": "Q15441439", "Ekaterina Fleischitz": "Q622800", "Paule Pignet": "Q62075753", "Albertina Correia Lima": "Q98931221", "Leonor Serrano Pablo": "Q5973380", "Carmen Cuesta del Muro": "Q64706512", "Pieternella Ketel": "Q110032383", "Gladys Evelyn Steyn": "Q61051729", "Juliette Smaja Z\u00e9rah": "Q101874393", "Maud Crawford": "Q6792211", "Margarete Meseritz-Edelheim": "Q43181913", "Paule Lamy": "Q67220954", "Hilda Maikalu": "Q12363964", "Andr\u00e9e Lehmann": "Q63485517", "Maria Plum": "Q95746103", "Philom\u00e8ne Barel": "Q115281582", "Concepcion Aguila": "Q62070328", "Jeanne Rospars-Legrand": "Q76391118", "Hanna Katz": "Q107044055", "Mercedes Machado": "Q99476576", "Benita Adelivia Castillo Lanuza": "Q109424659", "Celia Fern\u00e1ndez Figueroa": "Q107821961", "Margit Ung\u00e1r": "Q104721866", "Dora Labhart-Roeder": "Q110561563", "Marcelle Kraemer-Bach": "Q76392180", "Raymonde Linossier": "Q18115486", "Kathryn O'Malley": "Q110998475", "Matylda W\u00edchov\u00e1-Mocov\u00e1": "Q105745163", "Carmen L\u00f3pez Bonilla": "Q117835055", "Emmy Rebstein-Metzger": "Q26990378", "H\u00e9l\u00e8ne Campinchi": "Q76392034", "Erika Sinauer": "Q30392868", "Lucile Tinayre": "Q62075717", "Ona Leonait\u0117-Kairien\u0117": "Q12667241", "Esperanza Vel\u00e1zquez Bringas": "Q110629721", "Elisabeth Alida Johanna Scheltema-Conradi": "Q53679246", "Almerinda Farias Gama": "Q16529077", "Alice Dufr\u00eane": "Q76390083", "Juliette Veillier-Duray": "Q76392437", "Bartha Femke Mirandolle-de Vries": "Q101338250", "Gerda Kr\u00fcger": "Q21061281", "Ludmila Kloudov\u00e1-Vesel\u00e1": "Q106469696", "Marie B\u00f6ckel-Grosch": "Q62605694", "Mariana Soto": "Q5997462", "Celia Puente Ojea": "Q30604502", "Elenis del Valle Rodriguez": "Q45918664", "Fabiola Mu\u00f1oz": "Q51340732", "Yolanda de Sousa": "Q51883342", "Martha S\u00e1chica M\u00e9ndez": "Q52005870", "Marisela Valentina Godoy Estaba": "Q63683672", "Alegr\u00eda Fonseca": "Q104441834", "Mar\u00eda Teresa Pardo Reinaldos": "Q108527615", "Maria Macarita Elizondo Gasper\u00edn": "Q5997291", "Mariella Demarco": "Q5998201", "Mar\u00eda de la Pe\u00f1a Berraondo": "Q6004890", "Teresa Laos C\u00e1ceres": "Q6142580", "Yolanda Palomo del Castillo": "Q6170221", "Ana Isabel Piaggi": "Q16483109", "Laura Marulanda Tob\u00f3n": "Q16589672", "Alexandra Moreira": "Q28077659", "Cristina Pardo Schlesinger": "Q47436573", "Helmi Kaber": "Q12363764", "Juliane von Campenhausen": "Q23071533", "Rose Matet": "Q117812434", "Aim\u00e9e Racine": "Q66895402", "Jeanne Loviton": "Q3175074", "Hildegard Gethmann": "Q112968865", "Agnes Nath-Schreiber": "Q95664856", "Maria Josefa Saavedra": "Q104878689", "Sophie Grinberg-Vinaver": "Q15987602", "Sarah Bollo": "Q6121797", "Irma \u0160v\u0113de": "Q20565427", "Mitsuko Ishiwatari": "Q17193071", "Tehila Matmon": "Q55648444", "Nora Jassov": "Q16402993", "Edith Krojanker": "Q106228501", "Antonie Kraut": "Q94775784", "Shoshana Stern": "Q30005039", "K\u00e4the Manasse": "Q20980287", "Sara Maynar Escanilla": "Q21591326", "Charlotte Walner-von Deuten": "Q15429415", "Helene Thalmann-Antenen": "Q22002316", "Anna Dauge-\u0160\u0137\u0113ris": "Q125694598", "Lisbeth Gombrich": "Q86580288", "Helena Ko\u017eeluhov\u00e1": "Q4532826", "Helene Poska-Niinemann": "Q16408119", "Remedios Albertina Ezeta Uribe": "Q117898348", "Elvira Fern\u00e1ndez-Almoguera": "Q112162074", "Ingrid Norlander": "Q19976860", "Bo\u017eena P\u00e1tkov\u00e1": "Q11241023", "Maria Neus Mir\u00f3 Comas": "Q21081388", "Hemda Nofech-Mozes": "Q19577330", "Zdenka Brejc Perne": "Q105112687", "Wanda Wachnowska-Skorupska": "Q30607826", "Josefina Carabias": "Q5936628", "Francine Lazurick": "Q3081220", "Maria Lu\u00edsa Bittencourt": "Q54329557", "Inger Leijonhufvud": "Q123089666", "Maria Felipa Espa\u00f1ol Coll": "Q114957892", "Kang Myung-ok": "Q12582848", "Janine Alexandre-Debray": "Q3161977", "Jadwiga Rutkowska": "Q11715964", "Ogenia Wienogradov": "Q6717817", "Rachel Markovski Landau": "Q16129077", "Walentyna Markowska-Ga\u0142ach": "Q9370397", "Marie Louise Stern-Loridan": "Q1897417", "Leida Johanson": "Q39040088", "Madda Holda": "Q12734680", "Lucienne Scheid-Levillion": "Q62075723", "\u97e9\u5b66\u7ae0": "Q97780347", "Luise Schapp": "Q109121", "Lucie Deltour": "Q87262209", "Gra\u017ebyl\u0117 Venclauskait\u0117": "Q12655834", "Annemarie Schwerin": "Q59806855", "Ludmila Ture\u010dkov\u00e1": "Q106962325", "Zuleika Sucupira Kenworthy": "Q51882126", "Hulda Autenrieth-Gander": "Q61596176", "Acracia Sarasqueta": "Q5656818", "Aurora Arnaiz": "Q12254503", "Bert Haars": "Q1947827", "Mar\u00eda Victoria Uribe Lasso": "Q82290935", "Mar\u00eda Teresa Merciadri": "Q106222717", "Elffy Albrecht Iba\u00f1ez": "Q108791532", "Cary Ann Bechly": "Q65931959", "Grete Herseth": "Q103134540", "Rosy de Macedo Pinheiro Lima": "Q10364665", "Marta Dutrem i Dom\u00ednguez": "Q114842576", "Chieko Kadogami": "Q11654935", "Jadwiga Kokoszko": "Q11715905", "Melahat Gedik": "Q17431032", "Susana Correche": "Q18760424", "Michiko Watanabe": "Q11562569", "Mary Margaret Shaw": "Q113815587", "Javier Salazar Villanueva": "Q124800018", "Jadwiga Boczar": "Q104531864", "Rosario Oller de Sarasqueta": "Q19759692", "Estrella Genta de Lockhart": "Q19721974", "Judit Lopez Faget": "Q20016334", "Alzira Costa": "Q87000317", "Emma Gounot": "Q117215820", "Sara Faisal": "Q106294126", "Rafaela Hervada Carnerero": "Q17413473", "Polina Elkind": "Q4531504", "Mar\u00eda Cristina Salmor\u00e1n De Tamayo": "Q20016566", "Simone Goldschmidt": "Q21328812", "\u0648\u062f\u064a\u062f\u0629 \u0645\u062d\u0645\u0648\u062f \u0639\u0632\u0628": "Q28354473", "Ester Roa Rebolledo": "Q23995128", "Jacqueline Cristofol": "Q57833172", "Mar\u00eda del Socorro Blanc Ruiz": "Q6005010", "Annemi Dahlblom": "Q60823226", "Bianca Guidetti Serra": "Q16532370", "Ana Eugenia Ugalde Arias": "Q5673745", "Yael Ozai": "Q6581994", "Micheline Lombrage": "Q18914716", "Annette Sch\u00fccking-Homeyer": "Q72435920", "Gabriela Pel\u00e1ez Echeverry": "Q112605839", "Danuta Przystasz": "Q9201726", "Adriana Georgescu-Cosmovici": "Q51078527", "Maria Luisa Suarez Roldan": "Q65174169", "Imelda Lima Pontes": "Q112946901", "Mar\u00eda de Jes\u00fas de la Fuente Casas": "Q100287120", "Arife Necla Tekinel": "Q6023258", "Piedad Ortells Agut": "Q19358246", "Victoria Numan": "Q56197351", "\u015eekibe \u00c7elenk": "Q93785968", "Angela Sureda": "Q68107607", "Yvonne Jougla": "Q50384083", "Liv Haavik": "Q105664232", "D\u00e9spina Spyr\u00eddes Boabaid": "Q65031600", "Sonja Boekman": "Q2715088", "Jeanne d'Arc Lemay-Warren": "Q117781182", "Kiyomi Aoki": "Q11661774", "Helga St\u00f6dter": "Q1602304", "Suzana Banta\u015f": "Q62584839", "Maria Sawicka": "Q11769138", "Giovanna Cau": "Q18222997", "Irena Makowska": "Q17300317", "Marie-Th\u00e9r\u00e8se Cuvelliez": "Q78784329", "Chizuko Kaji": "Q16265160", "Ayd\u00e9e Anzola Linares": "Q58461371", "S\u00fcha \u00d6zgermi": "Q16591298", "Nicole Dreyfus": "Q3341036", "Aranka Kiszyna": "Q9158823", "Marie-\u00c9lisabeth Cons-Boutboul": "Q3292313", "Aiko Noda": "Q17215445", "Simone Pacot": "Q55111581", "Halina Minkisiewicz-Latecka": "Q9285419", "Monique Picard-Weyl": "Q20019157", "Margita Piscov\u00e1": "Q12035340", "Fatma Sevin\u00e7 D\u00fc\u015f\u00fcnsel": "Q12809522", "Mitsuko Terasawa": "Q17217890", "Ruth Buczy\u0144ska": "Q23071607", "Ingeborg Kleinert": "Q1662899", "Anna Lise Stray Sijthoff": "Q11958184", "Irma Sofia Marienhoff": "Q5920421", "Loreley Friedmann Volosky": "Q24943214", "Monique Pelletier": "Q1944831", "Shizuko Sasaki": "Q17349969", "Dien Barendsen-Cleveringa": "Q27777544", "Ton L\u00fcckers-Bergmans": "Q27661005", "Claudine Herrmann": "Q27757844", "\u00c9lvia Castello Branco": "Q10396296", "Tamara Abowa": "Q24954577", "Anja van den Blink": "Q45320351", "Annette Schwall-Lacroix": "Q16440147", "Philo Weijenborg-Pot": "Q2667913", "Hisako Yukawa": "Q112231818", "Izabela Martsinovich": "Q13028057", "Clementina Sganzini": "Q96474430", "Karin von Dassel": "Q47008714", "Y\u016bk\u014d Urano": "Q11558375", "Stella Monsalve": "Q51883449", "Adriana Pasquali": "Q52838173", "Dora Coledesky": "Q98130981", "Annelise Gotfredsen": "Q4950536", "Nelly Minyersky": "Q6039593", "Alice De Man": "Q50199072", "\u0623\u0628\u0644\u0629 \u0641\u0636\u064a\u0644\u0629": "Q11023272", "Edit Kov\u00e1cs": "Q1120045", "Krystyna Skolecka-Kona": "Q11748774", "Dorila Perea": "Q124538358", "Elisabeth Abrahamson": "Q4933626", "Seik\u014d Yoshimi": "Q11446682", "Lidia Markiewicz-Ziental": "Q104528021", "Orvokki Kauppila": "Q23040568", "Inas Hakki": "Q20397369", "Laura Novoa V\u00e1squez": "Q123167870", "\u0e27\u0e34\u0e21\u0e25\u0e28\u0e34\u0e23\u0e34 \u0e0a\u0e33\u0e19\u0e32\u0e0d\u0e40\u0e27\u0e0a": "Q13021205", "Carmen Antony Garc\u00eda": "Q118391382", "Maria Budzanowska": "Q11768758", "Jeanne Boucourechliev-Bayet": "Q27901568", "Katalin Nagyn\u00e9 Szegv\u00e1ri": "Q104949539", "Karin Stieringer": "Q1729567", "Keiko Ida": "Q11373704", "Hadassah Mor": "Q12406440", "Bernadete Pedrosa": "Q48645103", "Sumiko It\u014d": "Q112239947", "Mar\u00eda Antonia Morales": "Q111291132", "Mar\u00eda Blanca Ferrer Garc\u00eda": "Q60296878", "Gisela Wild": "Q1365515", "Hilda Gautreaux": "Q63214796", "Tomoko Tans\u014d": "Q73112097", "Paula Iacob": "Q22133230", "Ester Kosovski": "Q111087849", "Irene Ngan Kit-ling": "Q9373907", "Audur Thorbergsdottir": "Q65335309", "Rosa Francisca Fadul": "Q21209380", "Hannah Hirsch": "Q6782622", "Maria de Jesus Serra Lopes": "Q111611211", "Monique Antoine": "Q19689950", "T\u00e2nia de Maya Pedrosa": "Q101071771", "Alma Montenegro de Fletcher": "Q19493105", "Eiko Nukiyama": "Q11497566", "Shoshana Berman": "Q62098593", "Kinko Sat\u014d": "Q11384150", "Gilda Rinc\u00f3n": "Q63738495", "Masako \u014cwaki": "Q11438561", "L\u00facia Valle Figueiredo": "Q10322242", "Renate Damm": "Q51136698", "Adelheid Koritz-Dohrmann": "Q112960723", "Kikuko Suzuki": "Q11648692", "Michiko Nakajima": "Q46853639", "Rustamzade Zemfira": "Q12848295", "Ter\u00e9z Szab\u00f3n\u00e9 Nagy": "Q105605752", "Edna Gabrieliov\u00e1": "Q6601686", "Montserrat Avil\u00e9s i Vila": "Q17028686", "Birgitta Alexanderson": "Q24018877", "Andreina Ardizzone Emeri": "Q502772", "Anita Dahlberg": "Q47067933", "Mahiru Akda\u011f": "Q19611844", "Margarita Herreros": "Q5859493", "Judith De La Mata": "Q5954153", "Regina Naru\u0161ien\u0117": "Q12671130", "Mar\u00eda Teresa Revilla": "Q19610996", "Aurora Alonso de Rocha": "Q5712071", "Silvia Maureen Williams": "Q24939118", "Fri\u00f1\u00e9 Pe\u00f1a Castro-Cuba": "Q88385581", "Renate Schwarz": "Q106937337", "Sonia Araneda": "Q6132210", "Marta Altolaguirre": "Q79977323", "Shona Andrell": "Q120799897", "Paz Fern\u00e1ndez Felgueroso": "Q2558228", "Plia Albeck": "Q4063359", "Yehudit Karp": "Q6962302", "Smadar Ottolenghi": "Q6586675", "Danielle M\u00e9rian": "Q27861604", "Kazue \u014ckuni": "Q16264668", "Kiyoko Kinjo": "Q55973226", "Zvia Gross": "Q87647437", "Ingrid Soehring": "Q1663404", "Alice Gonzalez Borges": "Q8195572", "Y\u014dko Sait\u014d": "Q11500698", "Susana Sanz": "Q16636992", "Lida Hulgaard": "Q15944286", "Hiromi Naya": "Q11605370", "Dian van Leeuwen-Schut": "Q2381516", "Bruna Bianco": "Q3645553", "Masako Atsumi": "Q11562874", "Margarethe Nimsch": "Q1895126", "Irene Michiels van Kessenich-Hoogendam": "Q3171259", "J\u016brat\u0117 Galinaityt\u0117": "Q1717989", "Libertad Leal Zapata": "Q117187617", "Rina Pridor": "Q7059184", "Miriam Pilco": "Q99238225", "Margit Fleckenstein": "Q1895284", "Beatriz Krauthamer de Guti\u00e9rrez Walker": "Q66363206", "Roberta Avenda\u00f1o": "Q94475514", "Sonia Sgambatti": "Q110271792", "Esther Bertoletti": "Q18707933", "Bonnie M\u00fcrsch": "Q12304102", "Maja Stadler-Euler": "Q15833401", "Mar\u00edlia Beatriz de Figueiredo": "Q125938454", "Marina Moran": "Q3848055", "Yoshiko Iwai": "Q20038820", "Yukiko Tsunoda": "Q11630808", "Canan Ar\u0131n": "Q28869630", "Luzia Toledo": "Q119925688", "\u05e6\u05d9\u05d5\u05e0\u05d4 \u05e4\u05e1\u05dc": "Q25491392", "Sachiyo Minowa": "Q11603858", "Emilia Caballero \u00c1lvarez": "Q11919162", "Joaquima Alemany i Roca": "Q11928144", "Priscilla Lord": "Q7245605", "Ana Mar\u00eda Castellano Vilar": "Q21001158", "Marta Taboada": "Q10882600", "Merethe Stagetorn": "Q12326674", "Carter Casteel": "Q16105877", "Cecilia Sosa": "Q5759847", "Talia Livni": "Q6739222", "Martha Huatay": "Q47528385", "Lia Georgiadi": "Q65956686", "Linda Weil-Curiel": "Q81660006", "Mar\u00eda Dolores Pelayo": "Q15073747", "Edeltraut Felfe": "Q100473024", "Tja\u0161a Andr\u00e9e-Prosenc": "Q61278565", "Jadwiga Sk\u00f3rzewska-\u0141osiak": "Q11715975", "Delia Revoredo": "Q60197058", "Claire Vernay": "Q28599393", "Ursula Nordmann-Zimmermann": "Q106685002", "Itziar Aizpurua Ega\u00f1a": "Q2410014", "Dora Nunez Davila": "Q108538441", "Ingrid N\u00fcmann-Seidewinkel": "Q1663368", "Dominique de La Garanderie": "Q3035551", "Hiromi \u014cta": "Q11444173", "Zita \u0160li\u010dyt\u0117": "Q206162", "Hideko It\u014d": "Q11379563", "Isabella Giannola": "Q26253801", "Anne Petitpierre": "Q565700", "Nina Brugo": "Q106950814", "Jadwiga Gi\u017cycka-Koprowska": "Q11715881", "Shizuko Sugii": "Q11521721", "Alexandra Goy": "Q24075249", "Elvira Land\u00edn Aguirre": "Q54980068", "Marisa Arag\u00f3n": "Q106778841", "Margarida Cantarelli": "Q50031527", "Brigitta K\u00f6gler": "Q916006", "\u05e0\u05d5\u05e8\u05d9\u05ea \u05e9\u05e0\u05d9\u05d8": "Q6579365", "Suzanne Ahlner": "Q20901674", "Ana Mar\u00eda Ruiz-Tagle": "Q5673959", "Juana Iturmendi": "Q12261084", "Kerstin Sandels": "Q16596266", "Ana Vasconcelos (Ativista)": "Q121762110", "Paloma Palao Herrero": "Q42356285", "Martine Luc-Thaler": "Q3295798", "Dora Narrea": "Q101514279", "\u00c1ngela Cattan": "Q6173629", "Else-Marie Gr\u00f6nstedt": "Q104922411", "Margarita Retuerto Buades": "Q19681733", "Dolores Sancho": "Q28927252", "Irma Campos Madrigal": "Q81588150", "Carolyn Turchin": "Q5045480", "Mirtha Guianze": "Q18224315", "Mar\u00eda Cristina Bustos de Coronel": "Q30902311", "\u05e0\u05d5\u05e8\u05d9\u05ea \u05d0\u05dc\u05e9\u05d8\u05d9\u05d9\u05df": "Q7043522", "Marleen Schouteden": "Q15879167", "Ieda Santos Delgado": "Q17413836", "Ana Elba Gritti": "Q5673736", "Maria Grzelka": "Q11768879", "Kirsten Clausen": "Q87365866", "Claire Brisset": "Q2399956", "Isabel Villar": "Q92313887", "Dalva Lazaroni": "Q10263804", "Tami Hausner-Raveh": "Q42453401", "Ana Mar\u00eda Garc\u00eda Barzelatto": "Q124808542", "Eleonora Zieli\u0144ska": "Q11696621", "Kari Breirem": "Q11980162", "Lola Gonz\u00e1lez Ruiz": "Q28933209", "Anne Cathrine Vogt": "Q87363517", "Veronika Arendt-Rojahn": "Q95684337", "May Lorenzo Alcal\u00e1": "Q55994659", "Cathrijn Haubrich-Gooskens": "Q2452452", "Bj\u00f8rg Ven": "Q11961282", "Alicia Tate": "Q110323995", "Marie-H\u00e9l\u00e8ne Gillig": "Q11769888", "Eny Moreira": "Q110418668", "Misabel Derzi": "Q10330679", "Marijke Scholten": "Q13815606", "Barbara Bludau": "Q807362", "Mar\u00eda Teresa Garc\u00e9s Lloreda": "Q6004666", "Krystyna Kami\u0144ska": "Q11748705", "Pnina Dvorin": "Q6636585", "Rosa Mar\u00eda Maggi": "Q6112210", "Els Swaab": "Q2242362", "Cheryl Johnson": "Q19668160", "Ellen Moen": "Q11967202", "Adrienne Vrisekoop": "Q20734815", "Yiska Leibowitz": "Q6600294", "Merc\u00e8 Rivadulla i Gr\u00e0cia": "Q11936558", "Tchia Shapira": "Q16342260", "Irena Wiszniewska-Bia\u0142ecka": "Q610719", "Nazire Karaku\u015f": "Q6036840", "Akiko Miki": "Q11560054", "Helga Wullweber": "Q15434233", "\u0130zge Nazl\u0131o\u011flu": "Q24304111", "Gabriele Burmester": "Q70204583", "Marilena Samperi": "Q3847958", "Magda Raemaekers": "Q3276631", "Vanzetta Penn McPherson": "Q28823014", "Ximena Moreno": "Q71850700", "Jan Schneider": "Q6149870", "Ana Arraes": "Q16336442", "Hava Tabenkin": "Q6803860", "Anna Schneider": "Q6921326", "Clara Szczaranski": "Q5547877", "Adela As\u00faa Batarrita": "Q5657452", "Ver\u00f3nica Baraona": "Q6160717", "Mertxe Ag\u00fandez": "Q12263455", "Sara Frisch": "Q25493400", "Ana Laura Magaloni": "Q83876088", "Marta Skarova": "Q84323861", "Irene Strenge": "Q17425438", "Anna Popowicz": "Q9155581", "Pinkie C. Wilkerson": "Q7196198", "Megumi Yamamuro": "Q11467735", "Maria Theresia Opladen": "Q1411890", "Ewa Juszko-Pa\u0142ubska": "Q55739324", "Mar\u00eda de los \u00c1ngeles Gonz\u00e1lez": "Q26780912", "Annamaria Bernardini De Pace": "Q3617911", "Tasia Christodoulopoulou": "Q24702508", "Mar\u00eda Luisa Cava de Llano y Carri\u00f3": "Q11691430", "Brigitta Bali": "Q123739709", "Mar\u00eda Isabel Peces-Barba": "Q61985055", "Helene Klaar": "Q81644428", "Eli\u0161ka Wagnerov\u00e1": "Q11878277", "Marcia Orell": "Q5996096", "Y\u016bko Takasaki": "Q11669795", "Kozue Shiga": "Q11491142", "\u05d3\u05dc\u05d9\u05d4 \u05d8\u05dc": "Q25491035", "Altamira Gonzalo": "Q91776235", "Beatriz Monasterio Chicharro": "Q109769835", "Coro Cill\u00e1n": "Q117124516", "Maria Sabine Augstein": "Q1896284", "Mar\u00eda Eugenia Galv\u00e1n": "Q29643986", "Nidia Puelles": "Q28746179", "Triinu Vernik": "Q12377261", "Margaret Donnelly": "Q19360362", "Marjorie Diehl-Armstrong": "Q55913351", "Norma N\u00e9lida Bermejo": "Q18745670", "Marie-Odile Bertella-Geffroy": "Q3292171", "Dalme Marie": "Q111303707", "Esperan\u00e7a Farrera i Granja": "Q11920638", "Jutta Wagner": "Q1596860", "Irena Pelik\u00e1nova": "Q1672475", "Cristina Maeso": "Q8351729", "Reiko \u014cmori": "Q11436396", "Patricia Schulz": "Q115656231", "Sonia Alc\u00e1ntara Magos": "Q116744092", "Theresa Jordis": "Q2419516", "R\u00f3\u017ca \u017barska": "Q9325804", "Dalila Figueiredo": "Q123503027", "Beate Harms-Ziegler": "Q108654496", "Mayumi Utsunomiya": "Q11449797", "M\u00f3nica Calcutta Stormenzan": "Q6036132", "Ursula Nelles": "Q1318684", "Teresa Ulloa": "Q114012723", "Josefa Frau Ribes": "Q5573771", "Mar\u00eda Soledad L\u00e1scar": "Q6004601", "Toshiko Takenaka": "Q11598699", "\u05de\u05d9\u05e8\u05d9 \u05d2\u05d5\u05dc\u05df": "Q18000283", "Jihen Aouichi": "Q20851199", "Emelina Fern\u00e1ndez Soriano": "Q28943562", "Alejandra Contreras Altmann": "Q30901725", "Blanca Rosa M\u00e1rmol de Le\u00f3n": "Q50626761", "Bego\u00f1a Zabala": "Q55403779", "Saadia Wadah": "Q56604802", "Delia Losa Carballido": "Q56721283", "Martina \u0160t\u011bp\u00e1nkov\u00e1": "Q56754431", "Maria Fratangelo": "Q58770472", "Amie Joof": "Q60463957", "Saffie Sankareh": "Q61588295", "Justyna Chrzanowska": "Q61944331", "Graciela Llaneza": "Q61965934", "Saida Garrach": "Q64019736", "Neneh Cham": "Q64513682", "Loubna Farage": "Q64596808", "Susana Montaner": "Q68958471", "Mariana Yepez Andrade": "Q76559416", "Jolanta Pallas-Fabja\u0144ska": "Q92724828", "L\u00fdntia Tr\u00edcha": "Q96607286", "Fany Kuiru Castro": "Q96623940", "Mar\u00eda Noem\u00ed Sosa": "Q108468800", "Mathilde Koller": "Q1411969", "Ir\u00e8ne Terrel": "Q3154665", "Miroslava Barto\u0161\u00edkov\u00e1": "Q12038062", "Dagmar Wiedemann": "Q87122905", "Mercedes Bulnes": "Q110624140", "Kerstin Koorti": "Q4959510", "M\u00e1rta Dezs\u0151": "Q109222474", "Sussie af Rosenborg": "Q12004096", "Lotta Insulander-Lindh": "Q84606042", "Barbara von Minckwitz": "Q807712", "Gloria Labarta Bertol": "Q125484045", "\u05dc\u05d9\u05d0\u05d5\u05e8\u05d9\u05ea \u05d3\u05e0\u05d9\u05d0\u05dc": "Q16128967", "Alicia Saadi de Dentone": "Q19261682", "Jacqueline Rousseaux": "Q3157795", "Marika Wachtmeister": "Q28922691", "Ursula Brunner": "Q97686784", "L\u00eda M\u00e9ndez": "Q5985328", "Delasnieve Daspet": "Q10264818", "Maria Kyriacou": "Q65491345", "L\u00eddia Santos i Arnau": "Q17036785", "Lina Vieira": "Q10318424", "Talia Sasson": "Q6964793", "Mami Nakano": "Q46842026", "Marie Ziskova": "Q62006939", "Mar\u00eda In\u00e9s Krimer": "Q62647784", "Christine Hjortland": "Q75019257", "Nidia Moirano": "Q120869455", "Hiroko Takemori": "Q59552268", "Marlis Grotheer-H\u00fcneke": "Q1749941", "Marie-Laure Stengers": "Q3292026", "Sharon Williams": "Q14722002", "Margret Diwell": "Q1234915", "Sandra Rosado": "Q10367565", "Inese Birzniece": "Q20559136", "Trees Merckx-Van Goey": "Q2071393", "Hiroko Sumita": "Q11381983", "Dana Beldiman": "Q27516417", "Lea Laarmaa": "Q29419936", "Gabi van Driem": "Q2161527", "Uta Heinrich": "Q2502764", "Maha Abu Dia": "Q28716900", "Claudia Preu\u00df-Boehart": "Q1097690", "Carmen Bego\u00f1a G\u00f3mez-Marco P\u00e9rez": "Q20908948", "Meta Vesel Valentin\u010di\u010d": "Q12796403", "Sabine Wernet": "Q2209975", "Ma\u0142gorzata Fuszara": "Q11772263", "Silvia Gette Ponce": "Q6128554", "Rosa Amelia Plumelle-Uribe": "Q647034", "Randi Hagen Spydevold": "Q17195085", "Mar\u00eda Luisa Balaguer Callej\u00f3n": "Q29347649", "Juana Aranguren Rica": "Q61861672", "Martha Catalina Daniels": "Q63102018", "Y\u016bko Kawasaki": "Q92923521", "Sabine Berghahn": "Q2209609", "Liane Melzer": "Q15440346", "Tatiana Neshataeva": "Q4318347", "Lucha Castro": "Q20745399", "Gabriele Beger": "Q1490124", "Dela\u00edde Alves Miranda Arantes": "Q10264820", "Karin Bencze": "Q103491", "Linda J. Morgan": "Q27967960", "Gloria Mart\u00edn Vivas": "Q19291056", "Brigitte Marsigny": "Q62078115", "Elsbeth Boor": "Q2550166", "Alzira Ewerton": "Q123503107", "Nadia Ait Zai": "Q50917533", "Anne Marie Hoebeke": "Q2851195", "Clara Sagard\u00eda": "Q111384104", "Mimi Methvin": "Q18344867", "Kumiko Kitai": "Q107006971", "Gabrielle Kaufmann-Kohler": "Q121109", "Diana \u00c1lvarez-Calder\u00f3n": "Q16297357", "Anne N\u00e8gre": "Q30114602", "Ruth David": "Q23650021", "Maria Cristina Peduzzi": "Q18279788", "Carmen Cristina Wolf": "Q5752493", "Jeanne E. Davidson": "Q17579944", "Ana Mar\u00eda Magaldi Paternostro": "Q28778420", "Maria Duran Febrer": "Q91801482", "Hajer Aziz": "Q3125800", "Nella Cotrupi": "Q6990050", "Chizuko Mura": "Q11523039", "Liliane Glock": "Q17461919", "Fujiko Sakakibara": "Q47470297", "Helga Nachtigall": "Q79128584", "Marita Echave": "Q124302265", "Anna Wyrozumska": "Q65095429", "Vera Keur": "Q5906959", "Mayra Gonz\u00e1lez Le\u00f3n": "Q6007747", "Simone Beissel": "Q13105042", "Margarita Uria": "Q5997120", "Dolors Nadal i Aymerich": "Q8561505", "Merc\u00e8 Curull Mart\u00ednez": "Q68759554", "Dangut\u0117 Ambrasien\u0117": "Q1159680", "\u05dc\u05d9\u05d0\u05d5\u05e8\u05d4 \u05d2\u05dc\u05d8-\u05d1\u05e8\u05e7\u05d5\u05d1\u05d9\u05e5'": "Q12408659", "Sys Rovsing": "Q16065218", "Clotilde Nyssens": "Q2979698", "Pilar Li\u00e9bana Montijano": "Q51885200", "Andrea Versteyl": "Q15438633", "Anne-Mich\u00e8le Hannon": "Q17496934", "Teresa Almeida Garrett": "Q9357256", "Mies Westerveld": "Q2458543", "Havanir Nimtz": "Q10294069", "Daira Galvis": "Q6420395", "\u013dudmila Gajdo\u0161\u00edkov\u00e1": "Q10545656", "Menuchah Beckerman": "Q6716811", "Ana Rosenfeld": "Q15115383", "Doris von Sayn-Wittgenstein": "Q29861223", "Tami Ulman": "Q96782295", "Montserrat Fern\u00e1ndez Garrido": "Q112765459", "Eugenia Zerbini": "Q25440625", "B\u00e4rbel Freudenberg-Pilster": "Q1019021", "Susan Weiss": "Q55649308", "Lydie Lorang": "Q16439719", "Rebekka Schmidt": "Q1299426", "Elisabet Fura": "Q4949255", "Christa Thiel": "Q1078210", "Mette Borchgrevink": "Q11989209", "Mayra Mart\u00ed": "Q6007749", "Ziva Agami-Cohen": "Q17960126", "Marina Magistrelli": "Q3848047", "Zlatka Ruseva": "Q126326935", "Miriam Schenone": "Q63245548", "Agn\u00e8s Pardell i Ve\u00e0": "Q11904307", "Merc\u00e8 Pigem i Palm\u00e9s": "Q17035578", "Marie-Theres Hammes-Rosenstein": "Q5000006", "Catelene Passchier": "Q27651691", "Katalin Moln\u00e1r": "Q44606334", "Laurence de Monaghan": "Q3218955", "Svetlana Kaldarbekovna Sidikova": "Q4447877", "Fatoumata Sylla": "Q100233649", "Anita Thanei": "Q120930", "Hila Gerstl": "Q6642198", "Bea Verschraegen": "Q27158995", "Merc\u00e8 Claramunt Bielsa": "Q50355967", "Nava Ben-Or": "Q110640521", "Inger Johanne Stokke": "Q11977200", "Yasuko Masaki": "Q60230136", "Lourdes Alonso Belza": "Q21001077", "Luiza Nagib Eluf": "Q10320903", "Nursyahbani Katjasungkana": "Q16744670", "Gabriele Rittig": "Q1490545", "Nicole Guedj": "Q3341057", "Esther Larra\u00f1aga": "Q12257301", "Maria Ant\u00f2nia Munar": "Q9028849", "Eva M\u00f6llring": "Q1379394", "Margarete von Galen": "Q1260746", "Beatrijs Deconinck": "Q66725368", "B\u00e9atrice M\u00e9traux": "Q121901", "Onintze Villanueva Goikoetxea": "Q124100548", "Maria Teresa Blasi Gacho": "Q111192223", "Snezhana Botusharova": "Q19204097", "Petra Albrecht": "Q29958230", "Daisy Kiss": "Q104831116", "Martha Isabel Casta\u00f1eda": "Q27119569", "\u053b\u0580\u056b\u0576\u0561 \u053f\u0578\u057d\u057f\u0575\u0561\u0576": "Q65124532", "Anja Cordes": "Q12301692", "Ingrid Schmidt": "Q97680", "Ulrike Donat": "Q107340917", "Anne Birgitte Gammeljord": "Q108385483", "Gudrun Bugge Andvord": "Q115328307", "Eva V\u00f6ller": "Q1379536", "Lieselore Curl\u00e4nder": "Q1595690", "Birgitta Radermacher": "Q19965694", "Kristin Yurukova": "Q12284093", "Doris Russi Schurter": "Q55815340", "Gabi Huber": "Q1488433", "Edna Flor": "Q64832276", "Esther Arizmendi": "Q43325408", "Sophie Dion": "Q3490917", "Nair Xavier Lobo": "Q123562087", "Hilde Laga": "Q105870565", "Paola Frassinetti": "Q2050277", "Hitomi Sugiura": "Q11522206", "Uta R\u00fcping": "Q18343115", "Araceli Ram\u00edrez Maqueda": "Q23591165", "Francisca Pol Cabrer": "Q20877017", "Nela Grigoryan": "Q98073156", "D\u00f6gg P\u00e1lsd\u00f3ttir": "Q16422763", "Hana \u0160ediv\u00e1": "Q12019002", "Jarmila Vesel\u00e1": "Q56155248", "Anna Dynowska": "Q9155123", "Barbara Egger-Jenzer": "Q117776", "Maritza Pineda": "Q3849365", "Maria Thereza Rocha de Assis Moura": "Q10326104", "Jone Goirizelaia": "Q5934104", "Belen Greaves": "Q12254960", "Marta Iris Mu\u00f1oz": "Q6001944", "Dorit Zilberman": "Q6831759", "Mariann V\u00edzkelety": "Q1463000", "\u05e8\u05d7\u05dc \u05d1\u05df \u05d0\u05e8\u05d9": "Q6975571", "Neta Ziv": "Q7008039", "Nives Marin\u0161ek": "Q12797532", "Anne-Marie Gepts": "Q42401788", "Elisa Garrido Cantarero": "Q111449089", "Marina Serrano": "Q112927515", "Petra Seidl": "Q2080331", "Verena Wiedemann": "Q2515340", "B\u00e9n\u00e9dicte Ficq": "Q3145025", "Cynthia Aaron": "Q5200010", "Gisa Pahl": "Q15428599", "Monique Baujard": "Q101244315", "Silke Hinrichsen": "Q123556", "Lourdes Aguil\u00f3 Benn\u00e0ssar": "Q20876927", "Margarita Cabello Blanco": "Q9028795", "Lilian Martins": "Q10318330", "Maura Estrada": "Q20735840", "Antonina Sasieta": "Q4776347", "Francisca P\u00e9rez Barber": "Q21001400", "Marisol Alfonzo": "Q3849348", "Edith Hlawati": "Q108285183", "\u05dc\u05d9\u05dc\u05d9 \u05d1\u05d0\u05d5\u05de\u05d4\u05e7\u05e8": "Q45155517", "Julia Urquieta": "Q111245124", "P\u00eda Guzm\u00e1n Mena": "Q16623544", "Inge Rudolph": "Q102389823", "Marianne Philip": "Q67623851", "Andrea Gysi": "Q494020", "Berit Jagmann": "Q52421260", "Nadja Palitot": "Q10335350", "Marthe Maeren": "Q2326043", "Mar\u00eda Cleofe Mart\u00ednez": "Q20994918", "\u00c1ngela Mar\u00eda Orozco": "Q55815741", "Anke M\u00fcller-Jacobsen": "Q104629385", "Janine M. Otalora Malassis": "Q27691569", "Isabelle H\u00e4ner": "Q1673638", "Lucia Serena Rossi": "Q59158639", "Maria Gaetana Greco": "Q15143068", "Nina Dethloff": "Q1992755", "Ingrid K\u00f6ppe": "Q1439517", "Mona H\u00f8iness": "Q17097087", "Elisenda Malaret i Garcia": "Q11918892", "Shlomit Barnea Farago": "Q28020359", "Serrana Bassini": "Q69520977", "Nancy Avel\u00edn": "Q18729009", "Edina Kastory": "Q23908388", "Elena Ribera i Garijo": "Q11918824", "Carola von Paczensky": "Q1044272", "Rosa Vindel": "Q13613658", "Sylvie Foucart": "Q17461871", "Marie-Fran\u00e7oise Nicaise": "Q17350815", "Angelika Lex": "Q16007228", "Yelena Lukyanova": "Q4269216", "Anne Seydoux-Christe": "Q118313", "Giulia Tamayo Leon": "Q20504750", "Marina Masoni": "Q3848050", "Mar\u00eda Elena Etcheberry": "Q6003671", "Mar\u00eda Teresa Guerra Ochoa": "Q123940854", "Mar\u00eda Luisa Brahm": "Q37153649", "Heather Heidelbaugh": "Q5693865", "Ala Popescu": "Q12720162", "Aura Celeste Fern\u00e1ndez": "Q5711912", "Patricia V\u00e1squez": "Q124464496", "Patrizia Pesenti": "Q121201", "Silvia Beatriz V\u00e1zquez": "Q107999507", "Carolina G\u00f3mez Hermida": "Q5753214", "Irit Rosenblum": "Q16131512", "Lee Min-ah": "Q16177000", "Hanne Bender": "Q18199359", "Irena Dobravc Tatalovi\u010d": "Q18507927", "Lydienne Yen-Eyoum": "Q25873682", "Bettina Schleicher": "Q76753147", "Leticia Bonifaz Alfonzo": "Q101542462", "Nina Hygum": "Q114750742", "Ilana Seker": "Q124396954", "Ulrike Brune": "Q17326693", "Yelena Topilskaya": "Q15071248", "Ana Barcel\u00f3 Chico": "Q5491455", "Franziska Tschudi": "Q58739169", "\u0623\u0645\u064a\u0631\u0629 \u0628\u0647\u064a \u0627\u0644\u062f\u064a\u0646": "Q125864224", "Madeleine Osterling": "Q57304464", "Aysun Cenk": "Q793311", "Rasa Noreikien\u0117": "Q16856188", "\u05d9\u05e2\u05dc\u05d4 \u05de\u05e7\u05dc\u05d9\u05e1": "Q16131604", "Christine Mayr": "Q18620063", "Sabine Amsbeck-Dopheide": "Q2209571", "Vania Kohli": "Q15852438", "Angelika Dammann": "Q104836990", "Luciana Tannus": "Q123224050", "Daniela Birkenfeld": "Q1163345", "Berta Rodr\u00edguez Callao": "Q16738438", "\u05d0\u05d1\u05d9\u05d4 \u05d0\u05dc\u05e3": "Q24819222", "Ulrike Ta\u0161i\u0107": "Q995096", "Pernille H\u00f8xbro": "Q12331400", "Felicia Gail Dunn-Jones": "Q114368918", "Galina Krylova": "Q18244477", "Mirtha Quevedo": "Q21008987", "Nuria Chinchilla": "Q56338902", "\u0628\u0633\u0645\u0629 \u0627\u0644\u0646\u0633\u0648\u0631": "Q61729380", "Ana Teresa Revilla": "Q69604322", "Montserrat Badia i Gomis": "Q101231131", "Heide Lindsj\u00f8rn": "Q106328956", "Rumyana Chenalova": "Q107981919", "Birgit Amend-Glantschnig": "Q112245074", "Yachiko Yamada": "Q11470202", "Brynd\u00eds Hl\u00f6\u00f0versd\u00f3ttir": "Q16421915", "Yumiko Waseda": "Q48764745", "Bibiana Rossa Torres": "Q2900959", "Mar\u00eda Jos\u00e9 L\u00f3pez Gonz\u00e1lez": "Q6004060", "Mitsuko Miyagawa": "Q108481554", "Siti Jamaliah Lubis": "Q56670739", "Lorena Fries": "Q26864649", "Susanne Selbert": "Q47011837", "Merete Smith": "Q12716843", "Luz Marina Bustos Casta\u00f1eda": "Q5984998", "Christine Hamborgstr\u00f8m": "Q11963758", "M\u00f3nica N\u00e1gel": "Q6036230", "Mariane Sandal Dissing": "Q61691350", "Mar\u00eda In\u00e9s Horvitz": "Q6003909", "Maristela Basso": "Q10326532", "Alice Tamborindeguy": "Q16488598", "\u00c9lisabeth Campos": "Q3587861", "Viola Schmid": "Q24576791", "Mar\u00eda Ang\u00e9lica Fuentes": "Q6003335", "Meta Fuglsang": "Q12326774", "Tilde Minasi": "Q110741615", "Irena Haase": "Q16452987", "Virginia Romero Ba\u00f1\u00f3n": "Q21001446", "Eveling Trejo de Rosales": "Q5852711", "Immaculada Riera i Re\u00f1\u00e9": "Q11926550", "Gloria Porras": "Q98828201", "Carmela Silva": "Q2939561", "Kirsten Muster": "Q18022177", "Alejandra Torres": "Q126283601", "\u05e2\u05e0\u05d1\u05dc \u05e8\u05d5\u05d1\u05d9\u05e0\u05e9\u05d8\u05d9\u05d9\u05df": "Q12410404", "Caterina Varzi": "Q23717921", "Miren Gall\u00e1stegui Oyarz\u00e1bal": "Q50384585", "Mathieu Boutin": "Q55722566", "Maria Malactou Pampalli": "Q65552599", "Olga Tubau Mart\u00ednez": "Q70759983", "Thays Pe\u00f1alver": "Q91342313", "Judy Wood": "Q118207472", "Brygida Braun": "Q79104157", "Madeleine Simonek": "Q106371621", "Guadalupe Varela Coello": "Q57581767", "Carla Speziali": "Q17579897", "Brigitte Lindscheid": "Q16739221", "Dagmar He\u0159tov\u00e1": "Q95227246", "\ubc15\ubcf4\uc601": "Q16174280", "Marisol Ag\u00fcero Colunga": "Q5999336", "Line Nersn\u00e6s": "Q116190451", "Gra\u017eina Davidonien\u0117": "Q16452031", "Norka L\u00f3pez Zamarripa": "Q24960643", "Petra Pollak": "Q106114462", "Debora Ivanov": "Q48872586", "Nazar\u00e9 Gadelha": "Q16593050", "Karoline Prien Kjeldsen": "Q12321426", "Monique de Boer-Beerta": "Q28074029", "Gl\u00f2ria Pall\u00e9 i Torres": "Q19291058", "Arantza Manterola Odriozola": "Q117449283", "Michal Shalev": "Q6758007", "Patricia M. McCarthy": "Q16929715", "\uc870\ud76c\uc9c4": "Q19162063", "Elisabeth Abad i Giralt": "Q20875367", "Ofra Klinger": "Q21154868", "Eva Garc\u00eda de la Torre": "Q25508894", "Petra Wittig": "Q27238061", "Regina Kiener": "Q63123372", "Arantza Zulueta": "Q64547326", "Domenica Ghidei Biidu": "Q96479864", "Teresa Vicente Gim\u00e9nez": "Q111585029", "Sanae Tanaka": "Q11575595", "Corinne Herrmann": "Q15728198", "Ren\u00e9e Jacobs": "Q30118278", "Daniela Dondi": "Q114680280", "Vera L\u00facia Castelo Branco": "Q10389779", "Kristen F. Bauer": "Q12492603", "Brigitte Kelker": "Q916393", "Rosanna Filippin": "Q16039233", "Christine Lager": "Q111011724", "Mar\u00eda Jos\u00e9 Ferrer San Segundo": "Q21001214", "Isabel Blanco": "Q60648688", "France Moulin": "Q3080731", "Ruth Arnet Gantner": "Q2177562", "Maire Arm": "Q16404156", "Mar\u00eda Victoria Dom\u00ednguez": "Q24239384", "Aurelia Grigoriu": "Q15065579", "Catherine Jaouen": "Q117442688", "Petra Grimm-Benne": "Q2080192", "Kadidia Sangar\u00e9": "Q110663397", "Mar Moreno": "Q3287325", "Edith Kindermann": "Q62393956", "Mar\u00eda Eugenia Riascos": "Q5795951", "Riitta Leppiniemi": "Q16983932", "Beatriz Boza Dib\u00f3s": "Q63119908", "Liliana Hern\u00e1ndez": "Q5976382", "Izabela Lewandowska-Malec": "Q56256022", "Laura Elena de Esteban Mart\u00edn": "Q11931218", "Marina Chrysoveloni": "Q27808186", "Bego\u00f1a Lasagabaster": "Q4891269", "Elisabeth Koch": "Q90416988", "Mar\u00eda Soledad Melo Labra": "Q124094936", "Ana Rita Tavares Teixeira": "Q64851694", "Gabriele Paukens": "Q1490531", "Nellie Munin": "Q22661451", "Susana Corcuera Leunda": "Q12267762", "Pilar Fern\u00e1ndez i Bozal": "Q19301595", "Anabel Gonz\u00e1lez": "Q20747943", "Mylene Fern\u00e1ndez Pintado": "Q27119276", "Cani Fern\u00e1ndez Vici\u00e9n": "Q96351193", "Bettina Backes": "Q105737602", "Denise Fampou Tchaptchet": "Q108553709", "Christine Ching Kui Lee": "Q111800037", "Mercedes Paula Alvarellos Fondo": "Q124284923", "Alejandra Rodr\u00edguez": "Q125608680", "Rhona Fetzer": "Q1548522", "Lucia da Luz Ribeiro": "Q106492653", "\u5f35\u5b8c\u7ffc": "Q17213944", "Mette Yvonne Larsen": "Q11989226", "Hannelore Cayre": "Q3126848", "Lois Murphy": "Q6668329", "Olga Leon\u0456d\u0456vna Zhukovska": "Q27796401", "Ann Van de Steen": "Q15870043", "Kl\u00e1ra Samkov\u00e1": "Q12029495", "Irma Pavlini\u010d Krebs": "Q18507957", "Mar\u00eda Cristina Gajardo": "Q124176310", "Lenir Rodrigues": "Q59247735", "Astrid Wagner": "Q26001382", "Katharina Sulzbach": "Q16216303", "Dalia Gavriely-Nuri": "Q31197330", "Rosa Mar\u00eda Palacios": "Q6112216", "Ingr\u012bda Labucka": "Q1663445", "Em\u00edlia Maria Silva Ribeiro Curi": "Q25439024", "Samia Maktouf": "Q28837958", "Cida Pedrosa": "Q102421953", "Karen Atala": "Q24034923", "Nancy Hern\u00e1ndez L\u00f3pez": "Q110921239", "Camelia Toader": "Q12651891", "Vuokko Piekkala": "Q55394145", "Dulce Miranda": "Q28677571", "Mar\u00eda Jes\u00fas Espinoza Matos": "Q6003967", "N\u00edura Demarchi": "Q10338470", "Rosalinda V\u00e9lez Ju\u00e1rez": "Q3442239", "Niva Elkin-Koren": "Q6668134", "Ang\u00e9lica Such Ronda": "Q11905617", "Teresa Maria Pitarch": "Q23504293", "Soledad P\u00e9rez Rodr\u00edguez": "Q43371241", "Mar\u00eda Francisca Valle Fuentes": "Q55560451", "Ursula Werner": "Q63046306", "Kristin Kvigne": "Q122872415", "Mikiko \u014ctani": "Q11439150", "Erica Kim": "Q16175025", "Jolanta Malijauskien\u0117": "Q16453458", "Miyuki Ishiguro": "Q38277176", "Thaima Samman": "Q18415452", "Katrien Schryvers": "Q2344465", "Dominique Jeanmoye": "Q3035236", "\u00c0ngels Esteller Ruedas": "Q11955718", "Mirjam de Bl\u00e9court": "Q52216199", "Sylvie Noachovitch": "Q3507376", "Teresa Orjales Vidal": "Q29002705", "Katrin Hesse-Schmitz": "Q1736712", "Agn\u00e8s Durdu": "Q16439108", "Stella Maris C\u00f3rdoba": "Q6133958", "Mar\u00eda Dolores Alba Mullor": "Q27756180", "Sofia Amoddio": "Q16165860", "Kathy Kleiman": "Q54853330", "Griselda Janeth Restrepo": "Q5885839", "Eva Dund\u00e1\u010dkov\u00e1": "Q11985135", "Dione Anguiano Flores": "Q20014580", "Rosa Zaragoza Junc\u00e1": "Q20876869", "Sigita Rud\u0117nait\u0117": "Q16472330", "Petra Berg": "Q2080111", "Marisol Turres": "Q5999370", "Dolors Feliu i Torrent": "Q60525615", "Consuelo Castro": "Q55285401", "Mar\u00eda Jes\u00fas Bonilla Dom\u00ednguez": "Q27755777", "Ingrid H\u00f6nlinger": "Q1663334", "Ximena Matas": "Q6169261", "\u05d3\u05e0\u05d4 \u05e4\u05d5\u05d2\u05e5'": "Q12405845", "Marta Eugenia Esquivel Rodr\u00edguez": "Q114705153", "C\u00e9lia Jord\u00e3o": "Q107864015", "Manuela Reibold-Rolinger": "Q15431207", "Adelita Ravanales": "Q124259560", "Carla Stephanini": "Q123503052", "Marie-Carole Ciuntu": "Q62078151", "Liesbeth Verstreken": "Q19973938", "O": "Q112601524", "Avital Dicker": "Q6732868", "Gisela Piltz": "Q1527423", "\u200eLimor Shapira": "Q96194133", "Mar\u00eda del Carmen Due\u00f1as": "Q6004934", "Emma Sanguinetti": "Q28065868", "Denise Howell": "Q5257680", "Noya Rimalt": "Q12409768", "Joana Maria Camps Bosch": "Q16183871", "Catharina Espmark": "Q18649263", "Silke Ruth Laskowski": "Q63124589", "Annemie Schaus": "Q84264691", "Kati Verstrepen": "Q106366892", "Paloma Llaneza": "Q107356564", "Nancy Y\u00e1\u00f1ez": "Q113361829", "Agn\u00e8s Tricoire": "Q2827014", "Miwa Matsuda": "Q11532129", "Ay\u015fe T\u00fcrkmeno\u011flu": "Q25477301", "Sandra Morelli": "Q6119981", "Nathalie Gilson": "Q3336592", "Nathalie Fontanet": "Q52734910", "Irma Palencia": "Q119952339", "Gemma Escapa": "Q62207521", "Lenka Pavlov\u00e1": "Q12032935", "Rixi Moncada": "Q76760763", "Ir\u00e8ne Wettstein": "Q117383947", "Mar\u00eda Cecilia Ib\u00e1\u00f1ez": "Q125388552", "Marcela Virginia Rodr\u00edguez": "Q108498651", "Kwon Gyeong-ae": "Q117454263", "Huguette Bokp\u00e8 Gnacadja": "Q117457696", "Mar\u00eda Esther D\u00edaz": "Q6003759", "Jana Zwyrtek Hamplov\u00e1": "Q12023412", "Marilisa D'Amico": "Q27831911", "Agnieszka Liszewska": "Q9142342", "Sophie Lavagna": "Q27554868", "Carmen Gloria Arroyo": "Q5752533", "Ellen Valter": "Q116612119", "Carmen Asia\u00edn Pereira": "Q88191493", "Roberta H\u00fcbner": "Q2159353", "Mar\u00eda Virtudes Mar\u00ed Ferrer": "Q20877116", "Nekane Arzallus Iturriza": "Q60197454", "Carolyn Jane Senador Fari\u00f1as": "Q25698313", "\uc2e0\uc740\uc219": "Q54981981", "\u014chira Mitsuyo": "Q6604828", "Eva J\u00e4hnigen": "Q1379247", "Winifred Tung": "Q65056879", "Olga Su\u00e1rez Mira": "Q16301390", "Gerda Van Steenberge": "Q2406092", "Marina Coste": "Q28038657", "Astrid Holleeder": "Q27847759", "Mar\u00eda Josefa Coronel": "Q58818513", "Sol Carre\u00f1o": "Q6131314", "Funda B\u0131\u00e7ako\u011flu": "Q1474073", "Beatriz Alva Hart": "Q5724098", "Michal Gal": "Q6890289", "Rinat Kitai-Sangero": "Q18191265", "Norma In\u00e9s Aguilar Le\u00f3n": "Q20747107", "Michal Halperin": "Q24846944", "Maria Jesus San Jose": "Q27918433", "Hagit Lernau": "Q42054040", "Bego\u00f1a Otalora Ari\u00f1o": "Q50933006", "Marta Alsina i Conesa": "Q63158167", "Gloria Fern\u00e1ndez Merayo": "Q85870388", "Yolanda Besteiro": "Q96623932", "Sonia Gumpert Melgosa": "Q109769762", "Eliana Revollar": "Q111785238", "Beate Bahner": "Q813121", "Ayumiha Michi": "Q11640587", "Kazuko Ito": "Q21655626", "Oya I\u015f\u0131k": "Q26198101", "Lucy Vidal": "Q9024795", "Ursula Wa\u00dfer": "Q15440127", "Susanna Donatella Campione": "Q114813208", "Astrid Pra\u0161nikar": "Q12785210", "Elena Laka Mu\u00f1oz": "Q49258209", "Ann Pontes": "Q123503068", "Rut Carandell i Rieradevall": "Q11946420", "Amelia Salanueva": "Q69902418", "Natalia Gonz\u00e1lez Pel\u00e1ez": "Q41569588", "Cristina Pedra": "Q124370224", "Mireia Ingla i Mas": "Q64728339", "Suzan Se\u00e7kiner": "Q12811977", "Elishewa Patterson": "Q19502200", "Rog\u00e9ria Santos": "Q115526082", "Monika Novotn\u00e1": "Q112398833", "Celia C\u00e1novas Essard": "Q22337882", "Luc\u00eda Ruiz Ostoic": "Q62059226", "Melli Darsa": "Q120203457", "Elisabeth Bj\u00f8re": "Q11967135", "J\u00falia \u00c1brah\u00e1m": "Q47507202", "Maria Teresa Parra Almi\u00f1ana": "Q14020837", "Narcisa Tamborindeguy": "Q10335525", "Julie Quinn": "Q13562325", "Francesca Balzani": "Q3749360", "Kristiina Kouros": "Q11873041", "Merc\u00e8 Perea": "Q22337927", "Beatriz Rojas Mart\u00ednez": "Q50379677", "Mar\u00eda Pilar Sol Cort\u00e9s": "Q20908962", "Elvira Garc\u00eda Pi\u00f1eiro": "Q5830104", "Carmina Castellv\u00ed i Vallverd\u00fa": "Q21479912", "Marisol D\u00edaz Mouteira": "Q24239386", "\u05d0\u05d9\u05e8\u05d9\u05e1 \u05d4\u05d0\u05df": "Q30527378", "Claudia Sch\u00fc\u00dfler": "Q42586428", "N\u00faria Lozano Montoya": "Q63184421", "Maria Windhager": "Q75045590", "Nerea Llanos": "Q106544505", "Christina Clemm": "Q122802496", "Martina Ahrendt": "Q15439693", "Tina Lai": "Q16907188", "Daniela Asinari": "Q28933220", "Pavla Fu\u010d\u00edkov\u00e1": "Q41540934", "Mar\u00eda Eugenia Arrizabalaga": "Q87241375", "Antje Grotheer": "Q584698", "Vanina Paoli-Gagin": "Q50384394", "Elena Nevado del Campo": "Q5829222", "Isabel Betoret Gil": "Q117748424", "Kathleen Deckx": "Q2122036", "\u05e8\u05d5\u05e0\u05d9 \u05d0\u05dc\u05d5\u05e0\u05d9-\u05e1\u05d3\u05d5\u05d1\u05e0\u05d9\u05e7": "Q47488237", "Sylvia Felder": "Q23059203", "Ver\u00f3nica Zavala": "Q6160752", "Elena Liptser": "Q100563686", "Sz\u00f6\u0151r Anna": "Q61070070", "Mar\u00eda del Carmen Alan\u00eds Figueroa": "Q6004929", "Ane Urkiola": "Q12253539", "Wendy Walker": "Q59821612", "Pilar Costa Serra": "Q9059618", "Alona Sheafer": "Q18120367", "Carmen Alba Orduna": "Q16144950", "Rita Moors": "Q101444565", "Sabien Lahaye-Battheu": "Q2081580", "Mamen Peris Navarro": "Q116255880", "Nora de Luc\u00eda": "Q16301330", "Rebecca Ramos": "Q1067036", "Itziar Alkorta Idiakez": "Q95507226", "Martine Lamesch": "Q59458810", "Elis Goldman": "Q62098601", "N\u00faria Mart\u00ednez i Barderi": "Q19301347", "Mich\u00e8le Bl\u00f6chliger": "Q56307068", "Muriel Jourda": "Q41227162", "Jolanta Sawicka": "Q96277092", "Lidia Bagi\u0144ska": "Q11756545", "Laura Albarellos": "Q5971586", "Mar\u00eda Mercedes L\u00f3pez Mora": "Q28501359", "Astrid Hummel": "Q47455151", "Alexandra Cuadrat": "Q14087448", "Irune Berasaluze Lazkano": "Q16517712", "Zelai Nikolas": "Q20201434", "Annabel Marcos i Vilar": "Q20876292", "Maria Josep Amig\u00f3 Laguarda": "Q21402362", "Fernanda Antonijevic": "Q21564693", "Alexandra Fridrich": "Q23958710", "S\u00edlvia Requena i Mart\u00ednez": "Q24013874", "\ub178\uc601\ud76c": "Q31178586", "Idoia Otaegui": "Q38794828", "Cati Rodr\u00edguez Morcillo": "Q52285056", "\uc774\uc720\uc815": "Q54982009", "Philomena Colatrella": "Q58738899", "Monica McCarty": "Q61133858", "Mia Manuelita Mascarinas-Green": "Q107441632", "Liina Carr": "Q111529276", "Isabella Rudes": "Q1505591", "Ulla Rannikko": "Q16990021", "Aysel Demirel": "Q25475403", "Barbara Po\u0159\u00edzkov\u00e1": "Q56762152", "Suzan Sahin": "Q61076194", "Jo\u00eblle Maison": "Q17350756", "Ximena Fuentes": "Q110726712", "Gl\u00f2ria Plana Yanes": "Q64018521", "Yael Almog": "Q7043001", "Agne Berenice Contreras": "Q5659885", "Anna Rita Fioroni": "Q3617812", "Patricia Chotzen": "Q6066461", "Susanne Teichmanis": "Q26203784", "Farida Labidi": "Q16027791", "Kirla Echegaray": "Q100517346", "Nandita Berry": "Q16197576", "Yamila Idrissi": "Q2969973", "Montserrat Seijas Pati\u00f1o": "Q21001623", "Marcela Cardillo": "Q24960150", "Filiz Sara\u00e7": "Q114834059", "Isabel Borrego Cort\u00e9s": "Q21001117", "Gloria Himelda F\u00e9lix Niebla": "Q19323743", "Filomena Gallo": "Q78046291", "Mar\u00eda Teresa Angulo Romero": "Q27756008", "Susana Castanera G\u00f3mez": "Q116894367", "Isabelle Larmuseau": "Q109450959", "Daniela Q\u00fcesta": "Q61854621", "Mari Hermansen": "Q30189026", "Els Haegeman": "Q17428264", "Claudia Schilling": "Q66310314", "Terje Eipre": "Q24546145", "Insa Peters-Rehwinkel": "Q1664355", "Caroline Yadan": "Q113015802", "Merc\u00e8 Conesa i Pag\u00e8s": "Q11936552", "Esther Niewerth-Baumann": "Q42433823", "Merlina Licht": "Q16301172", "Sanita Osipova": "Q86006613", "Gail Shoresh": "Q124257353", "Zohra Othman": "Q4036859", "Kirsten Klingenberg": "Q1508256", "Moria Shlomot": "Q114457287", "Alexandra Stolley": "Q1262347", "Liliana Bar\u00f3n Caballero": "Q5976363", "Darya Maoz": "Q6996927", "Merc\u00e8 Teodoro i Peris": "Q11936560", "Batya Kahana Dror": "Q25497699", "Claudia Wisser": "Q27887826", "Gloria Stella Ort\u00edz": "Q48647151", "Sara Lallana": "Q50622766", "Mar\u00eda Isabel Elbal S\u00e1nchez": "Q63435574", "Alexia Castelo de Sa": "Q84593806", "Ya\u00ebl Hayat": "Q97366192", "Orly Erez Likhovski": "Q108846033", "Carmen Rodr\u00edguez Dacosta": "Q124658635", "Tiina M\u00f6lder": "Q16407798", "Astrid Wallrabenstein": "Q18334823", "Zeynep Kenan": "Q26198102", "Sylvia C\u00e1ceres": "Q59926853", "Michaela Apel": "Q108769954", "Lydia Peeters": "Q3269211", "Mar\u00eda G\u00e1mez G\u00e1mez": "Q82555741", "Solange Huerta": "Q6131396", "Fanny M\u00e1rquez": "Q107302957", "Elena Mar\u00eda Bastidas Bono": "Q14134827", "Gl\u00f2ria Freixa i Vilardell": "Q64223402", "Susana Corella Platt": "Q20994797", "Isabelle Gelas": "Q17350605", "Els De Rammelaere": "Q2448683", "Anne-Marie Hiemeliers": "Q2496432", "Solange Doumic": "Q33107499", "Frederieke Leeflang": "Q97120970", "Susanne F\u00fcrst": "Q42295912", "Margarita Isabel Cabrer Gonz\u00e1lez": "Q11935399", "Hela Ammar": "Q33662643", "Ana Cristina Guarinos L\u00f3pez": "Q44212932", "Mar\u00eda de los Llanos Castellanos Garijo": "Q66603962", "Florence Kuntz": "Q9260905", "Sharon Abraham-Weiss": "Q43295502", "Kelly Hyman": "Q111033674", "Chen Li-ling": "Q8272937", "Beatriz V\u00e9lez N\u00fa\u00f1ez": "Q20016685", "Beatriz Sestayo": "Q20534481", "Thea Totland": "Q12005987", "Ay\u015fe Sula K\u00f6seo\u011flu": "Q20471212", "Sandra von M\u00f6ller": "Q43464191", "Norma Hurtado S\u00e1nchez": "Q117327057", "Clea de Koning": "Q18655446", "Meryem Ka\u00e7ar": "Q3306706", "Astrid P\u00e9rez Batista": "Q124356260", "Noga Wiesel": "Q7000456", "Merita de Jesus Marques": "Q65966534", "Rosario Porto Ortega": "Q102115279", "Smadar Ben-Natan": "Q12410101", "M\u00f3nica Fuquen": "Q20017270", "Lu Chan Khuong": "Q20109655", "\u05e6\u05d9\u05d5\u05e0\u05d4 \u05e7\u05e0\u05d9\u05d2-\u05d9\u05d0\u05d9\u05e8": "Q21789576", "Neus Torbisco-Casals": "Q25421214", "Patricia Vil\u00e1n": "Q25512410", "Maria Elena Fort i Cisneros": "Q53104486", "Marina Roig Altozano": "Q59945979", "Laura Mart\u00ednez Portell": "Q67123869", "Mar\u00eda Naredo Molero": "Q99621451", "Margarita Lamela Louz\u00e1n": "Q111163946", "Josune Escota Bisbal": "Q120636895", "Ay\u015fe \u00dcnl\u00fcce": "Q125453606", "Anja Sturm": "Q15783509", "Claudia Rojas Campos": "Q27961488", "Jainaba Bah Sambou": "Q60871765", "Viviana Waisman": "Q64506573", "Petra Knorr": "Q90300677", "Nicole Geffers": "Q107356370", "M\u00f3nica Saavedra Ochar\u00e1n": "Q74620417", "Harue Yamasaki": "Q106479386", "Galit Shaul": "Q58928073", "B\u00e9atrice Joyaud": "Q2929452", "Khadija Aoudia": "Q64495467", "Isabelle Molenberg": "Q3154989", "Rian Vogels": "Q117228919", "Karin van Bijsterveld": "Q1832437", "Cielo Gonz\u00e1lez Villa": "Q5769005", "Cerasela Carp": "Q12723829", "Cornelia Holsten": "Q1133348", "Guadalupe Murillo": "Q27586851", "Marianne Jakobsen": "Q110250927", "Sandra Sandoval": "Q16301974", "Kristi\u0101na L\u012bbane-\u0160\u0137\u0113le": "Q11748225", "Teresa Coelho": "Q108114805", "C\u00e9cile Rap-Veber": "Q109101429", "Mar\u00eda Beatriz Mart\u00ednez": "Q106450917", "Esther Agirre Ruiz": "Q106572086", "Caroline Meller-Hannich": "Q25902851", "Maria Carme Say\u00f3s i Motilla": "Q20876296", "Teresa Carpio Villegas": "Q2839392", "Beatrice Dalia": "Q6999278", "Paloma Mart\u00edn Mart\u00edn": "Q77329353", "Tamara Zieschang": "Q1748125", "Mar\u00eda Jos\u00e9 Horcajada i Bell-lloch": "Q19301081", "M\u00f3nica Aral\u00ed Soto Fregoso": "Q27797939", "L\u00e1szl\u00f3 Bogl\u00e1rka": "Q125861656", "Patr\u00edcia Gom\u00e0 i Pons": "Q11940524", "Ruth Rachel Anderson-Avraham": "Q116446471", "Ama Walton": "Q451668", "Estefania Elena Mart\u00ednez Zaragoza": "Q20876322", "Mar\u00eda Jes\u00fas Serrano Jim\u00e9nez": "Q16301309", "Kadriye Ayd\u0131n": "Q1628804", "Laura Garrido Kn\u00f6rr": "Q12262017", "Olga In\u00e9s Brizuela y Doria": "Q6049818", "\uc6d0\ubbfc\uacbd": "Q12609290", "Maritza Mart\u00ednez": "Q19722063", "Margalida Capell\u00e0 Roig": "Q21001142", "Ines Zenke": "Q35789239", "Mar\u00eda Helena Barrera": "Q51883459", "Sabrina Sch\u00f6nrock": "Q73628681", "Daniela Rodrigues Teixeira": "Q122416164", "Yael Mellul": "Q56312955", "Leonarda Villalobos": "Q123855506", "Susanna Falkengren": "Q4947549", "Fouziya Bouzerda": "Q107429903", "Ana Michavila N\u00fa\u00f1ez": "Q20908920", "Blanca Alfaro": "Q122891289", "Mayra Enr\u00edquez Vanderkam": "Q32485038", "Mandana Mauss": "Q1888835", "Annelies Storms": "Q2307059", "Aina Maria Castillo Ferrer": "Q11904509", "Natalia Gherardi": "Q50379620", "Fabiola Meco T\u00e9bar": "Q21001344", "Ainhoa Domaica": "Q116153522", "\u6881\u7d20\u745b": "Q43087497", "Ksenia": "Q16569987", "Frauke Patzke": "Q107302995", "Mar\u00eda Gabriela Burgos": "Q21856062", "Claudia Monti": "Q31734952", "Frauke Brosius-Gersdorf": "Q28149846", "Laura P\u00e9rez Borinaga": "Q95688115", "Anne Jakob": "Q105299473", "Anice Gazzaoui": "Q16490672", "Vanessa Rangel": "Q10389079", "Benita Schrank": "Q817334", "Rosa Acevedo": "Q17628995", "Tal Schneider": "Q16339898", "Ann Coolsaet": "Q22696459", "Marion Gentges": "Q23561530", "Nicole Offendal": "Q111516716", "Any Pereyra": "Q106622882", "Margita Prokeinov\u00e1": "Q57016491", "Delphine Verheyden": "Q82675486", "Sylvia Beutler-Krowas": "Q79235475", "Maria Isabella Kirkitadse": "Q1667205", "Kikuko \u014cyama": "Q11434602", "Deidre Du Bois": "Q79447196", "Sara Azari": "Q48472467", "Mar\u00eda Jara": "Q63346628", "Dominique Guns": "Q3035212", "Mar\u00eda Mercedes Maldonado": "Q16735435", "Mag.Claribel Nivar Arias": "Q5989610", "Ewa Monika Guzik-Makaruk": "Q16544513", "Magali Marin-Young": "Q97256948", "\u041a\u0443\u0441\u0442\u043e\u0432\u0430 \u0421\u0432\u0456\u0442\u043b\u0430\u043d\u0430 \u041c\u0438\u043a\u043e\u043b\u0430\u0457\u0432\u043d\u0430": "Q61117107", "Silke Gori\u00dfen": "Q108526006", "Celia Pereira Porto": "Q101252367", "Mercedes Van Volcem": "Q2176507", "Maria Isabel Lozano Moral": "Q14085291", "Rosa P\u00e9rez Garijo": "Q52517739", "Clara Luz \u00c1lvarez Gonz\u00e1lez de Castilla": "Q55188175", "Rita Sousa Uva": "Q56526559", "Ana Taboada": "Q70103966", "Monika Krawczyk": "Q106559916", "Line Coll": "Q111683629", "Alexandra Kemmerer": "Q112561798", "Patricia Vanzolini": "Q124352418", "Alexandra Henkel": "Q2643597", "Mari M\u00e4nniko": "Q16404293", "Anna M\u0142ynarska-Sobaczewska": "Q48854705", "Dyal\u00e1 Jim\u00e9nez Figueres": "Q59303453", "Ruth Nina": "Q61749015", "Katja Wiesmann": "Q75839734", "Iris Kirchner-Freis": "Q99845351", "Franca Contratto": "Q106446529", "Roda Verheyen": "Q106913553", "Laia Bonet Rull": "Q11931107", "Julia Climent Monz\u00f3": "Q108884796", "Rafaela Romero Pozo": "Q5405261", "Veronika Keller-Engels": "Q115770267", "\u05d9\u05e4\u05e2\u05ea \u05e1\u05d5\u05dc\u05dc": "Q7036668", "Yasmine Kherbache": "Q2183903", "Mar\u00eda Auxiliadora Correa Zamora": "Q11771005", "Anna Oliver i Borr\u00e0s": "Q86838262", "Marianne Burkert-Eulitz": "Q1519859", "Hilde Eeckhout": "Q3135599", "Anna Stavitskaya": "Q100566511", "M\u00f3nica Fern\u00e1ndez": "Q20667140", "Sachiho Kojima": "Q11460140", "Isabel Men\u00e9res Campos": "Q83747164", "Waltraud Deeg": "Q15853601", "Monika Zbrojewska": "Q11785179", "Cecilie Hellestveit": "Q28441915", "Tetiana Montian": "Q12124444", "Sandra Mart\u00edn P\u00e9rez": "Q21001334", "Ivoneide Caetano": "Q115514047", "Eva Maria Menor Cantador": "Q14038189", "Sevim Kaya-Karada\u011f": "Q112065455", "Paola Bustamante": "Q15919253", "Daniela Thurnherr": "Q27888352", "Ingrid Kullerkann": "Q125845260", "Carmen L\u00f3pez Santana": "Q21001151", "Minna Helle": "Q18632604", "Tanja Smit": "Q22691531", "Monika \u0160im\u016fnkov\u00e1": "Q14789835", "Natalia Andreevna Savinova": "Q25420962", "Eva Mart\u00ednez Ruiz": "Q11921338", "Ana Maria Besalduch Besalduch": "Q14065657", "M\u00f2nica Lafuente de la Torre": "Q20876190", "Keren Green": "Q58840320", "Natacha Harlequin": "Q62904993", "Margarita R\u00edos Farjat": "Q77485906", "Sagit Afic": "Q89188420", "Geraldina Gonz\u00e1lez de la Vega": "Q106072048", "Jimena Jara Quilodr\u00e1n": "Q109425079", "Catalina Ortiz Lalinde": "Q58338893", "Violetta Volkova": "Q34202962", "Karen R\u00f8nde": "Q12321328", "Francesca Mariotti": "Q106835474", "Irena Matonohov\u00e1": "Q113138138", "Mich\u00e8le Ndoki": "Q32147688", "Maria Rieradevall i Tarr\u00e9s": "Q21001432", "Encarna Cervera Ma\u00f1as": "Q21001198", "Carlin Ross": "Q5749422", "Annabel Moreno i Nogu\u00e9": "Q83644710", "Isabelle Regout": "Q3155022", "shlomit Sihor Riechman": "Q121933371", "Catrin Hannken": "Q1051269", "Tali Nir": "Q12407701", "Sonia Medina": "Q63846068", "Piret Loone": "Q16406931", "Indira Luz Barrios Guarnizo": "Q124258124", "Desamparados Sancho Vicente": "Q20908951", "Eva Gonz\u00e1lez P\u00e9rez": "Q104851210", "Heike Hofmann": "Q1238456", "Isabelle Schlesser": "Q25583825", "Jolanta Turczynowicz-Kiery\u0142\u0142o": "Q11728113", "Andrea Verpoorten": "Q495228", "Eva Parera i Escrichs": "Q15631021", "Almudena Otaola Urquijo": "Q30338745", "Carla Humphrey Jordan": "Q124365103", "Caroline Varin": "Q63764959", "A\u00edla Cortez": "Q119752599", "Delegada Katarina": "Q114429683", "G\u00fcltekin Hac\u0131beyli": "Q6702735", "Chih-Chieh Lin": "Q119812406", "Stefanie Killinger": "Q106856402", "Stela Nikolova": "Q106428837", "Carolina Leitao \u00c1lvarez-Salamanca": "Q5753231", "Ana Mar\u00eda Bravo": "Q111475768", "Isabelle Zribi": "Q3155061", "Alejandra Castro": "Q5664663", "Efrat Shapira Rosenberg": "Q16128508", "Corinne Widmer L\u00fcchinger": "Q28435344", "Liane Bednarz": "Q28605709", "Gunhild Godenzi": "Q29884617", "\u00c1ngela Grossheim": "Q47352279", "Ines Nunez de la Parte": "Q92591871", "Siri Blichfeldt Dyrland": "Q95978036", "M\u00e1rta Pardavi": "Q97668947", "Marie Dos\u00e9": "Q104160476", "Manuela Battaglini": "Q106435775", "Edita Gruodyt\u0117": "Q1284883", "Egidija Tamo\u0161i\u016bnien\u0117": "Q1297803", "Michiko Kameishi": "Q55406392", "Tania Varela": "Q51023717", "Anita Ondine Smith": "Q4765603", "Kinneret Brashi": "Q21984509", "Juliette M\u00e9adel": "Q19629275", "Valeska Teixeira Zanin": "Q122509772", "Fotini Arambatzi": "Q19204774", "Jacinta Rubio Rodrigo": "Q115256044", "Bet\u00e2nia Medeiros": "Q59247718", "Ros\u00e2ngela Moro": "Q114375763", "Montserrat Surroca i Comas": "Q11937537", "Seo Hyang-hui": "Q7952260", "Hanna Wronska": "Q22964264", "Helle Reedtz-Thott": "Q64514123", "Mar\u00eda Jos\u00e9 Salvador Rubert": "Q17036734", "Cecilia Eguiluz": "Q5759799", "Charlotte Girard": "Q42420251", "Liza M. Ortiz": "Q6660412", "Lucie Dolansk\u00e1 B\u00e1nyaiov\u00e1": "Q123695518", "Oana-Marciana \u00d6zmen": "Q104603365", "Morwenna Lane": "Q28529341", "V\u00e9ronique Stoffel": "Q52558879", "Elizabeth J. Drake": "Q20807406", "Mar\u00eda Jos\u00e9 Camps Orfila": "Q21001138", "Esperanza Garc\u00eda Gonz\u00e1lez": "Q21402415", "Sigal Yaakovi": "Q30158634", "V\u011bra Nov\u00e1kov\u00e1": "Q30354997", "Olga Arderiu": "Q59846313", "Maria Eugenia Gay Rosell": "Q65508838", "Petra Skvarilova-Pelzl": "Q69301759", "Lorena Recabarren": "Q87002018", "Kristi Paron": "Q16406829", "Mar\u00eda Elena Troncoso": "Q16601330", "Michaela Teller": "Q76654791", "Catharina Hellbach": "Q79044065", "Lenka Teska Arno\u0161tov\u00e1": "Q19602336", "Bea Sim\u00f3ka": "Q604796", "G\u00fcler Turan": "Q2283161", "Eva Siomara Sosa": "Q113882703", "Dani Portela": "Q116689127", "Laura Vicol": "Q104537270", "Sigalit\u200f Dill": "Q6622404", "Tijen Kortak": "Q1747772", "Pascale Hansen": "Q16439363", "\u041a\u043e\u0437\u0430\u0447\u0435\u043d\u043a\u043e \u0422\u0435\u0442\u044f\u043d\u0430 \u0410\u043d\u0430\u0442\u043e\u043b\u0456\u0457\u0432\u043d\u0430": "Q55107482", "Paula Janza Mu\u00f1iz": "Q61060587", "Y\u016bko Morita": "Q18818235", "Michaela Chaloupkov\u00e1": "Q60661590", "Anneke Wezel": "Q20113700", "Kanae Doi": "Q11422989", "Isabella de Rold\u00e3o": "Q64850943", "S\u00fclmez \u00c7olak": "Q1464323", "\u0413\u0430\u0432\u0440\u0438\u0448 \u0422\u0435\u0442\u044f\u043d\u0430 \u0421\u0442\u0435\u043f\u0430\u043d\u0456\u0432\u043d\u0430": "Q30957615", "Jana Such\u00e1": "Q12023457", "Irina Khrunova": "Q15061578", "Yuka Hayashibara": "Q11628793", "Maria Teixidor i Jufresa": "Q90020137", "Paola Pe\u00f1a": "Q113612073", "Gladys Acu\u00f1a": "Q102347183", "Izarra Urdalleta Iraola": "Q120739118", "Almudena Cueto": "Q50883495", "Rania Papadakou": "Q64584803", "Elvira Baryakina": "Q4078917", "\u00c9lise Arfi": "Q93967154", "Tamar Arimborgo Guerra": "Q58418141", "Maite Pe\u00f1a": "Q124960067", "M\u00f3nica del Pilar Roa L\u00f3pez": "Q20015728", "Iolanda Pineda Ball\u00f3": "Q64860527", "Mar\u00eda Oru\u00f1a": "Q80700291", "Constanze Geiert": "Q106362890", "Tatiana Trad": "Q107716862", "Andrea Medina": "Q110103582", "Fannie Lafontaine": "Q28104999", "Seda Ba\u015fay-Y\u0131ld\u0131z": "Q60613098", "Maider Morras Azpiazu": "Q120482950", "Sandra \u00cdnsua Rial": "Q61613122", "Alessandra Herrera": "Q110782287", "H\u00e9lo\u00efse Bock": "Q25583521", "Inka M\u00fcller-Schm\u00e4h": "Q1663643", "Karol\u00edna \u017d\u00e1kovsk\u00e1": "Q47500009", "Lavinia Mennuni": "Q114259421", "Tiina Mikk": "Q61110074", "Ana Otadui Biteri": "Q14132223", "Sonja Bongers": "Q30166287", "Emili Yioliti": "Q96745552", "L\u00e9onie-Claire Breinersdorfer": "Q1662070", "Silvia Toledo Vallejos": "Q16631869", "Ang\u00e9lica Palomino": "Q100729198", "Krista Aas": "Q16403137", "Ruth Nordstr\u00f6m": "Q116465066", "Cristina Tr\u0103il\u0103": "Q38082933", "Ivana Weberov\u00e1": "Q12022060", "Annabelle Brunet": "Q63763187", "Fusako Miwa": "Q69635068", "Alejandra Guti\u00e9rrez Campos": "Q55841440", "Natalya Trofimova": "Q16707652", "Stefanie Drese": "Q1772095", "Rosa Maria Bauz\u00e0 Colom": "Q20876936", "Fattoum Lassoued": "Q16027793", "Sayo Saruta": "Q11572139", "Su Huilun": "Q19853651", "Cecilia V\u00e1zquez Su\u00e1rez": "Q42911769", "Amanda Meyer": "Q82318256", "Nino Bolkvadze": "Q96336215", "Laia Serra i Perell\u00f3": "Q98137723", "Montserrat Vinyets i Pag\u00e8s": "Q104623370", "Marta Gir\u00e1ldez Barral": "Q110952146", "Martina Aneiros Barros": "Q124656842", "Mai Ishiwatari": "Q16264089", "Katr\u00edn Oddsd\u00f3ttir": "Q31749298", "Elina Koivum\u00e4ki": "Q50806446", "Paola Barriga": "Q59220979", "Rosario Celed\u00f3n": "Q64830464", "Valerie Holsboer": "Q29115953", "Celia Alberto P\u00e9rez": "Q27919572", "Candace Smith": "Q5031576", "Marta Vidal Crespo": "Q120599890", "Jacqueline Bernhardt": "Q1677802", "Nataliya Barshchevskaya": "Q4078818", "Ingrid Ulst": "Q20933587", "\u05e4\u05e0\u05d9\u05e0\u05d4 \u05e9\u05e8\u05d1\u05d9\u05d8 \u05d1\u05e8\u05d5\u05da": "Q122214255", "Anne-Laure Couchepin Vouilloz": "Q28739254", "Aoi Horii": "Q56253117", "Shifra Mescheloff": "Q121484150", "Ana Isabel Abeng\u00f3zar Castillo": "Q58638072", "Sirle S\u00f6\u00f6t": "Q61110464", "Renata Fan": "Q7312578", "Mark\u00e9ta Va\u0148kov\u00e1": "Q52276807", "Karla Fiesco": "Q126217040", "Kattya Gonz\u00e1lez": "Q111352748", "Xiana Margarida M\u00e9ndez B\u00e9rtolo": "Q60447611", "Aiko Obuchi": "Q11437513", "Kl\u00e1ra Sl\u00e1mov\u00e1": "Q12029497", "Alida Ferreyra": "Q124539762", "\u00darsula Letona": "Q28753714", "Gabriela Benavides": "Q20127264", "Agnes Sirkka Prammer": "Q81616260", "Mar\u00eda Jos\u00e9 Pardo Pumar": "Q120886670", "Marlena Sakowska-Bary\u0142a": "Q118999148", "Nadia Giannakopoulou": "Q91358169", "Elisa N\u00fa\u00f1ez S\u00e1nchez": "Q121704381", "Nina Zidar Klemen\u010di\u010d": "Q18586746", "F\u00e1tima Abal Roma": "Q20532815", "N\u00faria Balada Cardona": "Q43305283", "Bettina Spilker": "Q84724634", "Birgit Peters": "Q107337180", "Erica Caluwaerts": "Q110320136", "Frida Wallin": "Q112977463", "Anik\u00f3 Grad-Gyenge": "Q118307953", "Alexandra Sdoukou": "Q119983062", "Patricia Iglesias Rey": "Q124666447", "Caroline Fayard": "Q5045062", "Anna Rakowska-Trela": "Q28645749", "Paloma Valencia Laserna": "Q17364462", "Pia Lorenz": "Q104394318", "Blanca Garrigues Franc\u00e9s": "Q21001233", "Natalia Gonz\u00e1lez": "Q116467167", "Ma\u0142gorzata Wassermann": "Q21209286", "Estelita Bustos": "Q30064133", "Nagore Alkorta Elorza": "Q120983433", "Magali Orellana": "Q62566967", "Monica Salazar": "Q123486035", "F\u00e1tima Iturr\u00edos": "Q62598309", "Fl\u00e1via Francischini": "Q116699364", "Yeni Vilcatoma": "Q26160291", "Noem\u00ed Llaurad\u00f3 i Sans": "Q43439908", "Mirian Alconchel Gonzaga": "Q27756359", "Hortencia Figueroa Peralta": "Q63684016", "\u05d0\u05d1\u05d9\u05d8\u05dc \u05e1\u05d5\u05de\u05e4\u05d5\u05dc\u05d9\u05e0\u05e1\u05e7\u05d9": "Q112246418", "Amaia Goirigolzarri Alegria": "Q121322629", "Judith Wolter": "Q1711089", "Elena-Simona Sp\u0103taru": "Q104788798", "Salom\u00e9 Pradas Ten": "Q22965109", "Lucie Pokorn\u00e1": "Q83310650", "\u00d6zlem \u00d6zen": "Q3593705", "Desislava Atanasova": "Q3024453", "Katarzyna K\u0119pka": "Q21288064", "Y\u014dko Maeda": "Q110403213", "Helen H\u00e4\u00e4l": "Q20528731", "Risa Kanayama": "Q81783486", "Line Margareta Foss": "Q11984125", "Ver\u00f3nica L\u00f3pez Ram\u00f3n": "Q11954493", "Marina Gall\u00e9s i Clar\u00e0": "Q66794111", "Paloma Zorrilla": "Q91641905", "Haizea Ziluaga": "Q110918267", "Patricia Hermida": "Q123353597", "Nicole Schneiders": "Q15836763", "Maryse Pradervand-Kernen": "Q106641557", "Agn\u00e8s Llad\u00f3 i Saus": "Q64633460", "Evi Van der Planken": "Q22691670", "Antonina Yaholnyk": "Q17310904", "Cecilia Bellido": "Q40688264", "Eszter Vit\u00e1lyos": "Q111884634", "Katarzyna Bilewska": "Q11736924", "Judit Piquet Flores": "Q107551094", "Patricia Otero Rodr\u00edguez": "Q98408458", "Elisa Rojas": "Q104217906", "Ieda Moin": "Q61117161", "Claudia Arlett Espino": "Q29835628", "Gabriela Zoan\u0103": "Q47524630", "Minka Alagi\u010d": "Q99493087", "Petra Nov\u00e1kov\u00e1": "Q61697731", "Lyudmila Grudtsyna": "Q4150465", "Wendy Weckhuysen": "Q26132916", "Katarzyna Ma\u0107kowska": "Q16565828", "Renate Barbaix": "Q116546874", "An Christiaens": "Q17496898", "Luciene Cavalcante": "Q115925392", "Zorayda Andam": "Q3550903", "Garbi\u00f1e Saez": "Q16517328", "Karla Micheel Salas Ram\u00edrez": "Q20747070", "Lorena Herrera Pe\u00f1aloza": "Q23641838", "Kiss Eliza": "Q55386072", "S\u00e9fora Vargas": "Q63372728", "Adele Matheson Mestad": "Q64223474", "Ine Van Wymersch": "Q75961263", "Helena Witzel": "Q96064248", "Kleinsy Bonilla": "Q101001190", "Wakako Isaka": "Q110403160", "Ver\u00f3nica Mart\u00ednez Barbero": "Q119520211", "\u00c1gnes Hornung": "Q123681095", "Shahin Jahangiri": "Q124805309", "Barbara Havelkov\u00e1": "Q61997003", "Ariane Paulus": "Q79338739", "Lee Yen-jong": "Q19825654", "\u041a\u043e\u0432\u0430\u043b\u043a\u043e \u041d\u0430\u0442\u0430\u043b\u0456\u044f \u041c\u0438\u043a\u043e\u043b\u0430\u0457\u0432\u043d\u0430": "Q65194918", "Maria Flavia Timbro": "Q107149476", "Sevda Erdan K\u0131l\u0131\u00e7": "Q106194851", "Gunn Cecilie Ringdal": "Q22003431", "Ad\u00e9la Hor\u00e1kov\u00e1": "Q117206009", "Marcela Peredo": "Q117003979", "Angela Erwin": "Q30275057", "Jessica Echeverr\u00eda": "Q93455387", "Marta Kaczy\u0144ska": "Q30317108", "Virginie Delalande": "Q67199563", "Oana-Alexandra Cambera": "Q104549916", "Ebony Woodruff": "Q19979392", "Johana N\u00fa\u00f1ez": "Q62590297", "Meritxell Cabez\u00f3n i Arbat": "Q20875512", "Mascha Santschi Kallay": "Q58739240", "Ad\u00e9la \u0160\u00edpov\u00e1": "Q85593835", "Virginia Velasco Condori": "Q47712142", "Camila Toscano": "Q21290188", "Goedele Uyttersprot": "Q17429475", "Maria Rubert": "Q19664501", "Leslye Lazo": "Q73675555", "Nataliya Mykolska": "Q20068540", "Kourra F\u00e9licit\u00e9 Owona Mfegue": "Q111182200", "Loreto Letelier Barrera": "Q104832548", "Aline Gurgel": "Q58966765", "Arisa Takemori": "Q27917755", "\u0647\u062f\u0649 \u0639\u0627\u0628\u062f\u064a\u0646": "Q123474039", "Laura Celeiro Garc\u00eda": "Q12391632", "Mar\u00eda Loureiro Garc\u00eda": "Q16740301", "Paola Coimbra": "Q63400150", "Estibaliz Larrauri Aranguren": "Q97499013", "Paloma Castro Rey": "Q98398878", "Xenia K\u00fchn": "Q107138975", "Wendy Valeska Flores Acevedo": "Q109568781", "M\u00f3nica Zwaig": "Q125723237", "Karen Su\u00e1rez": "Q84602285", "Orsolya Zsuzsanna Kov\u00e1cs": "Q62068840", "Rotem Yadlin": "Q58928191", "Claudia Alonso": "Q58657371", "Diana Varela Pu\u00f1al": "Q20535796", "Sandra Flores de Garz\u00f3n": "Q23907410", "Barbara Trachte": "Q2884039", "Aleksandra Leo": "Q123349613", "Marianna Hofer": "Q63099931", "\u0e02\u0e31\u0e15\u0e15\u0e34\u0e22\u0e32 \u0e2a\u0e27\u0e31\u0e2a\u0e14\u0e34\u0e1c\u0e25": "Q13013298", "Radka T\u0159e\u0161t\u00edkov\u00e1": "Q59249508", "Marcela Passamani": "Q106546683", "Vanessa Retreage": "Q86003305", "Siret Siilbek": "Q17447100", "N\u00faria Gonz\u00e1lez L\u00f3pez": "Q99968326", "Mar\u00eda Seoane Romero": "Q12393055", "Wiebke Osigus": "Q42100759", "Magali Woch": "Q3276523", "Karina Guzm\u00e1n Arias": "Q120068878", "Mar\u00eda Torres Tejada": "Q28872595", "Jana Kaslov\u00e1": "Q12023426", "Gabriela Gr\u00e9zlov\u00e1": "Q29048708", "Ta\u0165\u00e1na Mal\u00e1": "Q30067856", "Julia Minkowski": "Q52063231", "Miren Zabaleta": "Q30224739", "Jone Berriozabal B\u00f3veda": "Q11685275", "R\u0117da Brandi\u0161auskien\u0117": "Q28045625", "Katarzyna Zalasi\u0144ska": "Q30902902", "Massouda Kohistani": "Q111309529", "Annika Vait": "Q17447309", "Paola Zavala": "Q56224205", "Sonja Yr Thorbergsdottir": "Q65335760", "Niki Lymperaki": "Q93642042", "Habiba Tour\u00e9": "Q119801908", "Karmen Turk": "Q16407425", "Linn Therese Erve": "Q95979943", "Antonia Rivas": "Q117006172", "Karol\u00edna Bab\u00e1kov\u00e1": "Q20755748", "Maria Fredenslund": "Q96085070", "Elvia Milena Sanju\u00e1n D\u00e1vila": "Q124214333", "Kumala Sari Mukhlisah": "Q107189144", "Eva Decroix": "Q108057136", "Virginia C\u00e1ceres": "Q125558306", "Andere Arriolabengoa": "Q12253478", "Michal Gera Margaliot": "Q95142027", "Susana I. Mora Humbert": "Q57812578", "Montserrat Caballero Ram\u00edrez": "Q108389742", "Natalia Castillo": "Q54801041", "Sylvana Beltrones S\u00e1nchez": "Q46578384", "Natalia Pastorutti": "Q6038501", "Noa Shmida": "Q6606840", "Oleksandra Pavlenko": "Q24025525", "Kat Walsh": "Q7545", "\u041c\u0430\u0437\u0443\u0440 \u0422\u0430\u043c\u0430\u0440\u0430 \u0412\u0456\u043a\u0442\u043e\u0440\u0456\u0432\u043d\u0430": "Q20068258", "Linda Loaiza": "Q51063144", "Patricia Lobeira Rodr\u00edguez": "Q111144925", "Mar\u00eda Isabel Ulloa": "Q20994919", "Ana\u00efs Franquesa Griso": "Q66793722", "Beatr\u00edz Coelho Luna": "Q111509652", "Jana Turo\u0148ov\u00e1": "Q121255004", "Wiktorija Ptaschnyk": "Q19207050", "Viviana Barbosa Bonola": "Q50197831", "Danielle Suh": "Q55730792", "Paz Anastasiadis": "Q117286812", "Grisell P\u00e9rez Rivera": "Q110418682", "Agnieszka Kapa\u0142a-Sokalska": "Q85858932", "Georgina Alejandra Bujanda R\u00edos": "Q118445253", "Millane Hora": "Q18475613", "Estefan\u00eda Esparza": "Q124807768", "Mayu Yamaguchi": "Q11467389", "Szilvia Vetter": "Q100164617", "Jessica Jaccoud": "Q123156795", "Elo\u00efse Wagner": "Q106766677", "Mar\u00eda Virginia Mill\u00e1n Salmer\u00f3n": "Q27756554", "Javiera Morales": "Q111374404", "Christine Schweich": "Q92279890", "Ragni L\u00f8kholm Ramberg": "Q21697123", "Kee-Yoon Kim": "Q16648179", "Pamela Sossi": "Q43549448", "Marisol Vicens Bello": "Q65173700", "Asha Hedayati": "Q121486459", "Dorota Brejza": "Q125154807", "Andrea Jancs\u00f3": "Q84169243", "Karina Pacheco Jim\u00e9nez": "Q124186715", "Leslie S\u00e1nchez": "Q117006173", "Lorena Pi\u00f1\u00f3n Rivera": "Q111517045", "Tiphaine Auzi\u00e8re": "Q28842880", "Viviana Ponce de Le\u00f3n": "Q124805666", "Sophie Turner": "Q735034", "Mark\u00e9ta Vochoska Haindlov\u00e1": "Q20057774", "Sabrina Neuendorf": "Q2210149", "Andrea Bychlov\u00e1": "Q63155107", "Amanda Blair": "Q4739561", "Erica Maria Castano": "Q73602747", "Diana Gamboa": "Q125509430", "Louisa Specht-Riemenschneider": "Q31831396", "Nada Kiswanson": "Q53766816", "Karolina Kuszlewicz": "Q60835182", "Beg\u00fcm G\u00fcrel": "Q106691339", "Frauke Rostalski": "Q64859767", "Sogand Sasanpour": "Q116880100", "Julia Zanatta": "Q114898663", "Fabiana Goyeneche": "Q51798276", "Emily B\u00fcning": "Q1337575", "Ainize Gastaka Mart\u00ednez": "Q120200761", "Natalie Yoffe": "Q113999790", "Carolina Tello": "Q111399060", "Eva Dobrovoln\u00e1": "Q50415486", "Minori Sato": "Q47580795", "Magdalena Contest\u00ed": "Q63882095", "Mar\u00eda Florencia Marinaro": "Q111009628", "Lena Rudkowski": "Q64868940", "Mercedes Aramend\u00eda": "Q69523916", "Vaida Markevi\u010dien\u0117": "Q104408891", "Nadia Schindelhauer": "Q111449867", "Shihana Alazzaz": "Q112875065", "Linda Bonyo": "Q120542861", "Silvia Plaza": "Q123420301", "Alica Valiulova": "Q79329467", "Gabriela Prioli Della Vedova": "Q88986089", "Catalina Salem": "Q124854033", "Catarina Guerra": "Q59247713", "Yamila Osorio": "Q18719859", "Cristina Cabedo Laborda": "Q21001133", "Ana Vega Campos": "Q87602468", "Fernanda Keulla": "Q76009898", "Tina Heferle": "Q54944131", "Alice Trevisan": "Q50981112", "Ana Abashidze": "Q111772337", "\u0415\u043b\u0438\u0437\u0430\u0432\u0435\u0442\u0430 \u0413\u0435\u043d\u043d\u0430\u0434\u044c\u0435\u0432\u043d\u0430 \u0428\u0430\u0440\u0433\u043e\u0440\u043e\u0434\u0441\u043a\u0430\u044f": "Q104805099", "Elsa Schalck": "Q61951630", "Liz Ricketts": "Q110279944", "Yelitza Ruiz": "Q106236093", "Sabrina Selva": "Q124457261", "Maria Sirvent i Escrig": "Q43375166", "Lena Kotr\u00e9": "Q68047287", "Cristina Garc\u00eda Salazar": "Q110788323", "Louise Tschanz": "Q124693987", "Cl\u00e0udia Mass\u00f3 i Font\u00e0s": "Q21779176", "Natalia Mileszyk": "Q114002062", "Laina Pretas por Salvador": "Q120765669", "Fernanda \u00c1vila": "Q124540015", "Patricia Tob\u00f3n Yagar\u00ed": "Q113156167", "Daina Ferreira Da Costa": "Q28803839", "Tania Kyshakevych": "Q111384927", "Evelyn Jadin": "Q16635286", "Carole Hartmann": "Q59497129", "Randi J\u00f8rum Sulland": "Q26985499", "Yessica Rosselli Amuruz Dulanto": "Q108414580", "Constanza Mart\u00ednez": "Q112226569", "Li\u00e2n Hiok-t\u00eeng": "Q65056142", "Clara Helena Enciso": "Q5771113", "Amalur Alvarez Ortiz": "Q62579433", "Bogl\u00e1rka Ill\u00e9s": "Q111477086", "Mar\u00eda Bel\u00e9n Bernal": "Q114262493", "Fabiola Pasten": "Q27903798", "Inken Baxmeier": "Q15820155", "Florencia de Sensi": "Q124415492", "Mayara Noronha Rocha": "Q112035445", "Wanda Buk": "Q56339395", "Nina Kr\u0161ljanin": "Q61130217", "Antonina Slavytska": "Q85998866", "Pamela Bruno": "Q113816033", "Deolane Bezerra": "Q107759975", "Mar\u00eda Pardo Vergara": "Q123745982", "Elena Makarova": "Q57722419", "Karina Bosak": "Q123107543", "Marit Saaretalu": "Q121599235", "Oana Murariu": "Q104535825", "Jana Sedl\u00e1kov\u00e1": "Q92585245", "Violaine De Filippis Abate": "Q122875080", "Elena Gil Gonz\u00e1lez": "Q107933231", "Oluyemi Adetiba-Orija": "Q109969344", "Beth\u00e2nia Pires Amaro": "Q118750053", "Rehana Popal": "Q110062949", "Tetyana Berezhna": "Q118131641", "Elizabeth Tintaya": "Q113528994", "Carla Vall i Duran": "Q105534046", "Emily Naphtal": "Q3425183", "Ux\u00eda Tiz\u00f3n V\u00e1zquez": "Q90005677", "Joana Darc": "Q59205168", "Alejandra Jacinto Uranga": "Q53781185", "Michelle Wiki": "Q78606156", "Zo\u00e9 Istaz-Slangen": "Q59914342", "Monika Horna-Cie\u015blak": "Q123496908", "Maria Vila i Redon": "Q60041787", "Cl\u00e0udia Masd\u00e9u": "Q109140903", "Chika Minami": "Q109599281", "Anina Ciuciu": "Q16527047", "Nabila Furtado": "Q107641651", "Camila Moreno Sub\u00eda": "Q56659283", "Raphaela Caboclo": "Q106463352", "Mimie Haris": "Q97940588", "Mar\u00eda Such": "Q21293418", "Jeannine Abella Chica": "Q63928953", "Gilia Guti\u00e9rrez": "Q116442859", "Rehina Kharchenko": "Q125581437", "Ana Fl\u00e1via Rodrigues Ramiro": "Q123555959", "Sapir Sluzker Amran": "Q95142030", "Sonia Olivella Saludes": "Q88067258", "Kim Jung-eun": "Q63150283", "Flor Dest\u00e9fanis": "Q121634837", "Tayla Peres": "Q59247731", "Jolanta Niezgodzka": "Q123156288", "Beata Siemieniako": "Q56192156", "Ma\u0142gorzata Krok": "Q124414199", "Kamila Ferenc": "Q123504153", "G\u00e9nesis D\u00e1vila": "Q124980890", "Amanda Guti\u00e9rrez": "Q121840413", "Sarah Saldmann": "Q114658103", "Gizelly Bicalho": "Q91836723", "Ana Maria Balsera i Mar\u00edn": "Q105826061", "Talia Salant": "Q102402481", "Ayaka Sakaguchi": "Q105259171", "Zeynep Y\u0131ld\u0131z": "Q65499840", "Oluwafunke Adeoye": "Q119705897", "Uxue Pilar": "Q109659913", "Reyna Celeste Asencio Ortega": "Q58338851", "Gloria Sengha Panda Shala": "Q102183138", "Ysabel Bisnath": "Q56043498", "Sol P\u00e9rez": "Q59654420", "Ximena Peralta": "Q115607416", "Maja Winther Brandt": "Q98594940", "Anine Fr\u00f8lich": "Q21474138", "France Svetlana": "Q123834393", "Yandra Moura": "Q114427186", "Diana-Anda Buzoianu": "Q104602986", "D\u00e9bora Menezes": "Q114606272", "Erin Malek": "Q25484434", "Luciana Potenza": "Q124438131", "Nerea Casta\u00f1o": "Q110686916", "Mar\u00eda Jos\u00e9 Poncell": "Q111323428", "Nicole Fry\u010dov\u00e1": "Q107751673", "Garazi Romero": "Q110154383", "Natasha Yu": "Q122802038", "Giuliana Murakami": "Q97013725", "Immaculate Akello": "Q111729377", "Sandra Okunzuwa": "Q113363420", "Eraitz Saez de Egilaz": "Q97145256", "Binga Tupam\u00e4ki": "Q29892883", "Nerea Mart\u00edn": "Q122975679", "Ruth Manus": "Q94787108", "KOSHIMIZU Haruka": "Q126002154", "Yarlenis Moreno": "Q108130369", "Enxhi Drapi": "Q116219720", "Nathalie Fellonneau": "Q3336581", "Brooke C. Wells": "Q4974415", "Jimena Bronfman": "Q5931123", "M\u00f3nica Saravia Soriano": "Q6036270", "Yolanda Pinto de Gaviria": "Q6170222", "Paula Gaviria": "Q16617171", "Sandra Garc\u00eda P\u00e9rez": "Q16628604", "Catalina Sureda Fons": "Q20877035", "Julia Hern\u00e1ndez Valles": "Q27230200", "Orfa Boh\u00f3rquez Valencia": "Q30901986", "Elsa Quintas Albor\u00e9s": "Q65274658", "Beatrice Betka": "Q106328854", "Margarete Fabricius-Brand": "Q106634427", "Gloriane Blais": "Q108682618", "Roc\u00edo Mora Nieto": "Q108858806", "Julija Kir\u0161ien\u0117": "Q1428827", "Marjorie Reiley Maguire": "Q1899801", "Claire Mahon": "Q15078897", "Anja Zimmer": "Q23566561", "\u0631\u0646\u062f\u0627 \u0641\u0647\u0645\u064a \u0647\u0648\u062f\u0648\u0645": "Q25451708", "Ma\u0142gorzata Sieradzka": "Q29079279", "Futaba Igarashi": "Q11372080", "Amalia Fleischer": "Q86988107", "Happie Ntelamo": "Q5494211", "Flora Sep\u00falveda": "Q5862823", "Clara In\u00e9s Vargas Hern\u00e1ndez": "Q6411999", "\u05d7\u05e0\u05d4 \u05e7\u05dc\u05e8": "Q6600912", "\u05e9\u05e8\u05d9\u05ea \u05d3\u05e0\u05d4": "Q6968801", "\u05d8\u05dc \u05d9\u05e8\u05d5\u05df-\u05d0\u05dc\u05d3\u05e8": "Q6978240", "Ira Hadar": "Q7060884", "Daniela Sollberger Cembranelli": "Q10264044", "Elaine Matozinhos Ribeiro Gon\u00e7alves": "Q10271216", "Jorgina de Freitas": "Q10308313", "Maria Helena Veronese Rodrigues": "Q10325894", "Y\u016bko Kimijima": "Q11416364", "Mariko Ishiguro": "Q11587358", "Maiko Hagiya": "Q11620435", "Juri Yukita": "Q11659920", "Naima al-Ayyubi": "Q12248729", "Elixabete Pi\u00f1ol": "Q12256732", "Noem\u00ed Vizcardo Rozas": "Q13190156", "Maria Ch. Malandrinou": "Q14623373", "Beth Nazar": "Q16498076", "Patricia Viseur Sellers": "Q16587542", "Herilda Baldu\u00edno de Sousa": "Q16592966", "Patricia Vega Herrera": "Q16616992", "Sophie Thonon": "Q16635728", "Yasuko Morooka": "Q17217964", "Farah Ejaz Baig": "Q19560016", "Maria Gleyde Martins Costa": "Q19601734", "M\u00f4nica Maria de Paula Barroso": "Q19601759", "\u5289\u5dcd": "Q20688112", "Ela Mino": "Q20819513", "Ant\u00f2nia Maria Perell\u00f3 Jorquera": "Q20877009", "\u042f\u043d\u043e\u0432\u0441\u044c\u043a\u0430 \u041e\u043b\u0435\u043a\u0441\u0430\u043d\u0434\u0440\u0430 \u0413\u0440\u0438\u0433\u043e\u0440\u0456\u0432\u043d\u0430": "Q22138151", "Louise Otis": "Q23719021", "Jennifer K. Elsea": "Q23955645", "Regina Tam\u00e9s Noriega": "Q24953689", "\u0646\u0633\u0631\u06cc\u0646 \u0645\u0635\u0641\u0627": "Q25425878", "Sylvia Royce": "Q27918337", "Dora Cavalcanti": "Q28678448", "Marjo Anttoora": "Q28788364", "Kyle Fortson": "Q33110367", "Svetlana Gavorov\u00e1": "Q37813980", "Yoshiko Takagi": "Q38276037", "Maya Majzoub": "Q46375696", "Lyaysan Aralbaeva": "Q46379573", "Magdalene Moonsamy": "Q47890857", "Ram Phrommobon Bunyaprasop": "Q49000722", "Keren Bar Menachem": "Q49833141", "Anna Mazzola": "Q52325768", "Antonia Alba": "Q54164448", "Nahwand Serry": "Q56420796", "Maria In\u00eas Dolci": "Q57272316", "Alice Backer": "Q57551059", "Irina Ruchko": "Q57724289", "Stine Hel\u00e9n Pettersen": "Q59602124", "K\u00e1tia Magalh\u00e3es Arruda": "Q60178299", "Keiko \u014cta": "Q60230201", "Laurel Beeler": "Q60286953", "Adriana Ancelmo": "Q60445917", "\u6e15\u4e0a\u73b2\u5b50": "Q60452201", "Beatriz P\u00e9rez L\u00f3pez": "Q60967273", "Carme Herranz": "Q61031798", "Deniz Erten": "Q61072640", "Vicensia fuko": "Q61082448", "Limor Ezioni": "Q61126961", "Auxiliadora Borja Albiol": "Q61866875", "Raimunda Luzia de Brito": "Q62108311", "Jennifer Pollock": "Q62109016", "Roc\u00edo Barrios": "Q62113080", "Ikumi Sat\u014d": "Q62601533", "Circe Alm\u00e1nzar Melgen": "Q63214812", "Silvia Rosales Bola\u00f1os": "Q63214871", "Sonja Boddin": "Q63609707", "Josefina San Miguel": "Q64152306", "Sara Anjargolian": "Q64797243", "Keiko Ikeda": "Q65272136", "Aggeliki Adamopoulou": "Q65272896", "Caron Beaton-Wells": "Q65720111", "Mar\u00eda del Pilar S\u00e1nchez \u00c1lvarez": "Q67925947", "Emily Tisch Sussman": "Q68967799", "Sof\u00eda Medina de L\u00f3pez Villa": "Q76823168", "Elena Liberatori": "Q76825098", "Jurga Gradauskaite": "Q78206447", "Mireia Montesinos i Sanchis": "Q80580321", "Andrea Wallace": "Q83319731", "Laura Medina": "Q84259712", "Angela Vidal Gandra Martins": "Q86741691", "Ana Maria Stoppa": "Q88485178", "Marija Andelkovi\u0107": "Q88802021", "Joan Nibte": "Q90147634", "Julie Strauss Levin": "Q93550053", "Patricia D\u00edaz Charquero": "Q93731084", "Sultana Eleftheriadu": "Q94574724", "Mar\u00edlia Muricy": "Q94994228", "Imelda Marrufo Nava": "Q96356125", "Lynn Bergeson": "Q96402486", "Audrey Matura": "Q97253263", "Janine Elizabeth Coye-Felson": "Q97255409", "Cristina Caama\u00f1o": "Q97285034", "Mariana Rodr\u00edguez Mier y Ter\u00e1n": "Q97380653", "Nyaradzayi Gumbonzvanda": "Q98381376", "Miriam Germ\u00e1n": "Q98432253", "Cynthia Umezulike": "Q98497517", "Lutgarda Garc\u00eda-Boente": "Q98540745", "Ana Neyra": "Q99619851", "Melanie Adamek": "Q100714868", "Delia Munoz": "Q101715924", "Lizzet Rojas": "Q102037503", "Elvia Barrios": "Q103860161", "Romanina Morales Baltra": "Q103865437", "Clara Luz Flores": "Q104017069", "Suely Ara\u00fajo": "Q104078453", "Denise Ritchie": "Q104591844", "Virginie Chardin": "Q104637701", "Patty Chen": "Q104723655", "Cate Slater": "Q104953885", "Keaka Hemi": "Q105077608", "Mar\u00eda Mart\u00edn Barranco": "Q105084711", "Vianney Sierralta": "Q105096408", "Gabrielle Trainor": "Q105186570", "Mariana Afanasieva": "Q105336821", "Esp\u00e9rance Musirimu": "Q105393798", "Camara Chantal": "Q105759542", "Janilene Vasconcelos de Melo": "Q105825342", "Maggie Yang": "Q105880541", "Marta Vali\u00f1as": "Q106204047", "Jennifer Bukowsky": "Q106293308", "Stephanie S. Bell": "Q106318888", "Mar\u00eda Paula Duque Samper": "Q106728785", "France Margaret B\u00e9langer": "Q106872779", "Kristy McDonald": "Q107123544", "Lourdes Su\u00e1rez": "Q107302324", "Mar\u00eda Carolina Ameliach": "Q107303097", "Stephi Drakou": "Q107355932", "Nicole Gronemeyer": "Q107833139", "Mary Ponte": "Q107863726", "\u05d4\u05d9\u05dc\u05d4 \u05db\u05e5": "Q108102047", "Maria Eysmont": "Q108258895", "Aashna Kanhai": "Q108486541", "Amina Rawlings": "Q108737816", "Mar\u00eda Estela R\u00edos Gonz\u00e1lez": "Q108802553", "\u05e2\u05e0\u05ea \u05de\u05d9\u05e1\u05d3-\u05db\u05e0\u05e2\u05df": "Q108846391", "Shiho \u014cno": "Q109597367", "Violeta Assiego": "Q109769290", "\u00c1ngela Cerrillos Valledor": "Q109771464", "Marisol Blanchard": "Q110184089", "Elia Borges de Tapia": "Q110270326", "Isabel Carmona de Serra": "Q110289264", "Kei Takahira": "Q110403909", "Khadijeh Keshavarz": "Q110586146", "Anabela Carlon Flores": "Q110761893", "Rosalyn Tang": "Q111087044", "Marisol Aravena Puelma": "Q111183840", "Suzanna Tkalec": "Q111291454", "Jennifer Bellamy": "Q111519733", "Carolina Botero Cabrera": "Q111529141", "Mar\u00eda Concepci\u00f3n Mulino": "Q111678924", "Pilar Rebaque i Mas": "Q111718717", "Lisa Thiele": "Q111722883", "Sam Emmerechts": "Q111722957", "Samantha Neakrase": "Q111728707", "Joana Rosa": "Q111732093", "Ana Paula Hoff": "Q112036724", "Hayd\u00e9e Raymundo": "Q112106963", "Alicia Mart\u00ednez R\u00edos": "Q112194696", "Juria Tachikawa": "Q112239298", "Lucie Hrd\u00e1": "Q112726535", "Ricarda Redeker": "Q112992907", "Lilia M\u00f3nica L\u00f3pez Ben\u00edtez": "Q113101243", "Luz Angela Melo": "Q113292612", "Karina Espinosa Oliver": "Q113296419", "Evangelia Liakoulis": "Q113393385", "Marylise Issemb\u00e9": "Q113553582", "Makiko Tsuda": "Q113566942", "Hauwa Evelyn Shekarau": "Q113723292", "Leyli Santizo": "Q113880689", "Corinne Zellweger-Gutknecht": "Q114836187", "Desil\u00fa Le\u00f3n": "Q115252034", "Fabiane Pereira de Oliveira": "Q115327497", "Deborah Marshall": "Q115367458", "Ry\u014dko Takeda": "Q115529381", "Acha-Morfaw Diane": "Q115536887", "Rachel Hayward": "Q115600680", "Charlotte Wise": "Q115731660", "Leslie Urteaga": "Q115789034", "Patricia Fern\u00e1ndez Vicens": "Q115861078", "Elisabeth Mabus": "Q115863399", "Ameena AL-Rahal": "Q115912664", "Anita Mazzoleni": "Q115933527", "Jane Meares": "Q116168157", "Romy Rutherford": "Q116204944", "Cecilia Celeste Danesi": "Q116267917", "Kezban Hatemi": "Q116457689", "Catherine Edeh": "Q116550954", "Eti Craif": "Q116689521", "Bruna Morato": "Q116946807", "Alexa Solorzano": "Q116968752", "Annette Witte": "Q117026443", "Irina Dilkinska": "Q117281291", "Teresa Nobre": "Q117309403", "Yolanda Cecilia Casta\u00f1eda": "Q117319781", "Magnet M\u00e1rquez": "Q117832427", "Melisa Mac\u00eda Dom\u00ednguez": "Q117839027", "Kathryn Kovacs": "Q118288823", "Tania Morales Olvera": "Q118352537", "Cecilia Britto": "Q118894140", "Lena Flitzani": "Q119128691", "Eunice Aparecida de Jesus Prudente": "Q119859132", "Minori Morimoto": "Q119973902", "Edilene Lobo": "Q120105026", "Erin Barclay": "Q120687007", "Mal\u00fa Garc\u00eda Andrade": "Q121224453", "Loueila Mint El Mamy": "Q121539339", "Jenny Lindo": "Q121789094", "Genevi\u00e8ve Dufour": "Q121840442", "Gwendoline Keel": "Q122052618", "Nipun Roy Chowdhury": "Q122069351", "Amanda Keton": "Q122155597", "Ruby Schaumkel": "Q122178408", "Jennifer Contreras": "Q122262127", "Josette Kadji": "Q122311502", "\u05d4\u05d3\u05e8\u05d4 \u05d1\u05e8 \u05de\u05d5\u05e8": "Q122317025", "Emily K. Richardson": "Q122329217", "Julia Catherine Crouch": "Q122762528", "Fatoumata Sidib\u00e9-Diarra": "Q122890638", "Andrea Armstrong": "Q122936954", "Carla Escoffi\u00e9": "Q123026265", "Tania Ott": "Q123434455", "Elvia Arcelia Quintana Adriano": "Q123513448", "Gabriela Fossati": "Q123604512", "Michele Jawondo": "Q123687765", "Alicia Mu\u00f1oz Lombard\u00eda": "Q124054514", "Diala Patricia Wilches Cortina": "Q124130060", "Rafaela Cort\u00e9s Zambrano": "Q124176477", "Nubia Carolina C\u00f3rdoba Cur\u00ed": "Q124213874", "Mellissa English": "Q124302398", "Adriana Carolina Arbel\u00e1ez Giraldo": "Q124310733", "Rafaela Fernandes": "Q124365174", "Maday Merino Dami\u00e1n": "Q124389025", "Sonsoles Garc\u00eda": "Q124392603", "Ursula Pachl": "Q124393189", "Beatriz Ramacciotti": "Q124415309", "Farlin Perea Renter\u00eda": "Q124424466", "Ivana Cei": "Q124460010", "Patricia Dom\u00ednguez Barja": "Q124538631", "Rosario Camejo Puerta": "Q124726289", "Lola Conde": "Q124753704", "Dominique Fousse": "Q124806335", "Nadine Pemberton Jn Baptiste": "Q125115488", "Ana Barreira": "Q125176097", "Elizabeth Galdo": "Q125260134", "Luisa Santos": "Q125270252", "Ana Tereza Lyra Campos Meirelles": "Q125273690", "Eleni Marianou": "Q125294240", "Huma Jamil Babar": "Q125499186", "Lydia Hu": "Q125919010", "Bernarda Villalona": "Q126043815", "Onintze Oleaga": "Q126121946", "\u0644\u064a\u0646\u0627 \u0641\u0637\u0648\u0645": "Q126126404", "Josephine Ballon": "Q126266955", "Martha Tineo": "Q126364973"}