{"Stella Parson": "Q114953328", "Ugboma Margaret": "Q108903364", "Naina Athale": "Q112493982", "Mirabai Starr": "Q112563937", "Ilham Nasser": "Q96272836", "Adriana Giulia Moretto": "Q106040360", "Kate Norley": "Q30248954", "Barbara Marchica": "Q113291967", "Paulina Flasch": "Q59199853", "Ashley Clement": "Q89504394", "Diane Berke": "Q96360522", "Sameera Ahmed": "Q105658862", "Marcelle Nader-Turner": "Q106734348", "Elizabeth Kjellstrand Hartwig": "Q107091815", "Shaywanna Harris-Pierre": "Q107337997", "Jeanice Caporaso": "Q107416412", "Jennifer Greene-Rooks": "Q114569779", "Shirleen Prasad": "Q115933508", "Susan R. Furr": "Q116741227", "Onalethata Mpebe": "Q116876482", "Carol Shinkfield": "Q117216654", "Brigitte Puls": "Q118234654", "Fiona Gail Pienaar": "Q123330401", "Meira Petersen": "Q123739379", "Dani Williams": "Q124386449", "Liz K. Wagoner": "Q124393490", "E'lisa Kelley": "Q124393608", "Liza Jarrett": "Q124393923", "Chelsea Leeds": "Q124394309", "Kaycee Wilson": "Q124394421", "Kaitlin E. Knapp": "Q124429151", "Hillary Timmerman": "Q124453449", "Ilene Armstrong": "Q124617632", "Juliet Okene": "Q124618218", "Hannah Lugo": "Q124619310", "Tara Brascamp": "Q125024834", "Petro Booysen": "Q125385912", "Maria Davey": "Q125396560", "Phillipa E. Horn": "Q125976366", "Susan Crozier": "Q126021164", "Gayanne Frater": "Q126371285", "Abigail Downs": "Q126740470"}