{"Guacolda": "Q5391450", "Fresia": "Q5869488", "Margaretha": "Q73148841", "Carmen Temprano Salorio": "Q28355696", "Consuelo Garc\u00eda Meijide": "Q65666175", "Amelina Ermeline Devant-Le Gallena": "Q105757789", "\u5ebe\u6301": "Q11345984", "Sol Juk Hwa": "Q12601813", "Mar\u00eda Rodr\u00edguez": "Q8197495", "Agnes of Saarbr\u00fccken": "Q17353089", "Cia Ordelaffi": "Q3676231", "Margaret of Attenduli": "Q99378395", "Tjede Peckes": "Q541056", "Madeleine de Saint Nectaire": "Q16185910", "Camille de Digoine du Palais": "Q2935096", "\u00c9l\u00e9onore de Beaulieu de B\u00e9thomas": "Q3588132", "Maria Jacoba de Turenne": "Q4983629", "Madeleine Caulier": "Q16011085", "Marianna de Copons": "Q19301118", "Anne Fran\u00e7ois de Montmorency-Luxembourg": "Q2851098", "Anne Joseph Dumas": "Q15967661", "Anne Paul Emmanuel Sigismond de Montmorency-Luxembourg": "Q2851225", "Jonathan Kinner": "Q88678646", "Hay Macdowall": "Q75995074", "Marin-Pierre Gaullier": "Q3293108", "Marie Paul de Sc\u00e9peaux de Bois-Guignot": "Q3292722", "Marie Th\u00e9odore Urbain Garbe": "Q3292818", "Marie-Ange du Breil de Pontbriand": "Q3291485", "B\u00e1rbara de La Torre Guti\u00e9rrez": "Q24960116", "Ana Barba": "Q5673672", "Mar\u00eda Baltasara de los Reyes": "Q5717635", "Maria Spanou": "Q12286019", "\u03a0\u03b1\u03bd\u03ce\u03c1\u03b9\u03b1 \u0392\u03bf\u03b6\u03af\u03ba\u03b7": "Q12883193", "Altagracia Mercado": "Q54822569", "\u03a7\u03ac\u03b9\u03b4\u03c9 \u03a3\u03ad\u03c7\u03bf\u03c5": "Q104781024", "Carmen Pastenes": "Q107449862", "Barbara Czarnowska": "Q11687343", "Rosa Florentina Eroles": "Q19301779", "Trinidad Garc\u00eda de la Cadena": "Q6152731", "Marie Simon": "Q969096", "Jeanne-Marie \u00c9milie Turrettini": "Q27861719", "Rosa Castellanos": "Q6112139", "Joaquina Galarza": "Q56318715", "Lucyna \u017bukowska": "Q11763382", "Maria Bentkowska": "Q16166168", "Mar\u00eda Quiteria Ram\u00edrez": "Q20015626", "Stana Kova\u010devi\u0107": "Q61129117", "Luz Palomares": "Q5985012", "\u041c\u0430\u0440\u0438\u044f \u042f\u043d\u0447\u0435\u0432\u0441\u043a\u0430": "Q4539850", "Auguste Hertzer": "Q766591", "Francisca Guarch Folch": "Q20001159", "Martha Liebermann": "Q29053814", "Annie Hartelius": "Q4952830", "Valerie Seisser": "Q1777555", "Lady Mabel Brassey": "Q75341483", "Ir\u00e9n\u00e9e Bonnafous": "Q3154688", "Juancito Pinto": "Q5953935", "Lucrecia Toriz": "Q15617920", "Mary G. S. Best": "Q70937959", "Marie de Miribel": "Q16220837", "Mercedes Sirv\u00e9n P\u00e9rez": "Q16606459", "\u0411\u043e\u0441\u0430 \u0420\u0430\u043d\u043a\u043e\u0432\u0438\u045b": "Q31181582", "Helena Sujkowska": "Q9287422", "Oda Olberg": "Q2014013", "Dr. Alice Benham": "Q105677468", "Alexandrine \u00dcxk\u00fcll": "Q2643789", "Marjorie Monkhouse": "Q106821784", "Harumi Akai": "Q11635327", "Elisabeth Kuznitzky": "Q1330079", "Elisabeth Graterolle": "Q106528411", "Odile Moereels": "Q105076462", "Catherine Krieps-Welbes": "Q87611472", "Henriette Moriam\u00e9": "Q3132483", "Marie Arnol": "Q35227564", "Adzire Lindemann": "Q2825419", "Ludmi\u0142a Korbuttowa": "Q11763421", "Yvonne Le Roux": "Q19629266", "Madeline Elsie Bates": "Q105672399", "Julie Majer": "Q1712184", "Muriel Evelyn De Rougemont": "Q106363048", "Abelone M\u00f8gster": "Q707185", "Catherine de Bellefeuille": "Q72181880", "Margaret Trevenen Arnold": "Q96351039", "Marie Soboul": "Q56695676", "Coba Pulskens": "Q18612651", "Elizabeth Margaret Phillips": "Q67774208", "L\u00e9onie de Ganay": "Q67530404", "Eleonora Reicher": "Q40332785", "Hildegard B\u00f6hme": "Q1282394", "Marie Talet": "Q3292811", "Janina \u0141ada-Walicka": "Q11719893", "Saito Toshie": "Q17224019", "Luise Meier": "Q1876643", "Andr\u00e9e R\u00e9cipon": "Q2848968", "Beatrice Coxon": "Q105697905", "Denise Moran": "Q18642560", "Wiktoria Dzier\u017ckowa": "Q9374216", "Donka Ushlinova": "Q12279014", "Maria K\u00fchne": "Q1896068", "Louise Brimbeuf": "Q105673974", "Consuelo Alba Dig\u00f3n": "Q61062101", "Suzanne Babut": "Q63492787", "Maria Rychter": "Q96210145", "Klavdiya Ivanovna Kirsanova": "Q1746062", "Herminie Prod'homme": "Q108028085", "Maria Jankowski": "Q98831535", "Hildegard Margis": "Q1618351", "Gertrude Golda Lowy": "Q105962808", "Lammerdina Holst": "Q25171103", "Ren\u00e9e Jacqmotte": "Q3427151", "Nezahat Onba\u015f\u0131": "Q17471929", "Blanche Michel": "Q37999531", "Anne-Marie Orveillon": "Q39641832", "Bella Pochez": "Q2894613", "Therese Wittrock": "Q2419635", "Maria Hilfrich": "Q94772843", "Paulina Schwitzgebel": "Q19631448", "Aline Lapicque": "Q29884081", "Marie-Agn\u00e8s de Gaulle": "Q3291439", "Karla Liivola": "Q16407631", "Wanda Baraniecka-Szaynok": "Q105906428", "Margaret Carew": "Q75541832", "Coraline Labourdette": "Q105757897", "Halina Nieniewska": "Q16556842", "Marie Dubois": "Q98687617", "Vera Braude": "Q29358680", "Margaret Constance Pruen": "Q105687450", "Stefania Kudelska": "Q9345523", "Josephine Jaans": "Q51954657", "L\u00e9a Vion": "Q17634495", "Ethel Saxon": "Q96349090", "Marie Roserot de Melin": "Q107447826", "Marcelle Pard\u00e9": "Q3289563", "H\u00e9l\u00e8ne Studler": "Q3144864", "Agnes Wendland": "Q394661", "W\u0142adys\u0142awa Sieradzka": "Q16617804", "Agnes Pearce": "Q96467978", "Louise Blazer": "Q61743588", "Florence Failing Kenny": "Q67881862", "Elvira Ibarz Ibarz": "Q101247293", "Marthe Tesson": "Q98109011", "L\u00e9onie Bonnet": "Q67145835", "Lucile Pauline Matignon Crane": "Q70786158", "Celestyna Orlikowska": "Q85860194", "Marie Granet": "Q104786731", "Florence Green Shay": "Q97570067", "Gilberte Levesque": "Q54943242", "Cornelia Johanna van den Berg-van der Vlis": "Q2476425", "Immigje Kiers": "Q13731905", "Beryl Randall Trigellis-Smith": "Q24240128", "Olena Stepaniv": "Q4441724", "Maria Babicka Zachertowa": "Q16163203", "Laura Smith": "Q72327339", "Jadwiga Tokarzewska-Karaszewicz": "Q57264687", "Anamarija Basch": "Q106412833", "Irena Posselt": "Q8864365", "Valentina Ram\u00edrez": "Q6158856", "Anne-Marie Basch": "Q108133093", "Alice Soulange-Bodin": "Q2836661", "Joanna Nie\u0107ko": "Q19697946", "Ellen Marie Johnson": "Q67776615", "Hilma Josefina Andersson": "Q16161211", "Elvira L\u00f3pez Mour\u00edn": "Q96186014", "Marie Bartette": "Q3292374", "Ida Wolff": "Q1656554", "L\u012bna \u010canka": "Q4507066", "Marija Zacharczenko-Szulc": "Q1703423", "Marie Anne Tellegen": "Q3181404", "\u00c7ete Ay\u015fe": "Q24289710", "Halina Bruzovna": "Q40820706", "Maria Bortnowska": "Q8863327", "Ang\u00e8le Le Hen": "Q99654416", "Catherine Shuttleworth": "Q58482026", "Milda Vo\u00df": "Q1800640", "Halina Sosnowska": "Q16556848", "\u041a\u0443\u0437\u044c \u041e\u043b\u0435\u043d\u0430 \u0410\u0442\u0430\u043d\u0430\u0441\u0456\u0457\u0432\u043d\u0430": "Q96473919", "Matilda Papenhausen": "Q71053411", "\u0425\u0440\u0438\u0441\u0442\u0438\u043d\u0430 \u0421\u0443\u0448\u043a\u043e": "Q106425915", "France Audoul": "Q19279720", "Marie-Th\u00e9r\u00e8se de Poix": "Q42887213", "Janina Maria Sippko": "Q98108208", "Stanis\u0142awa Kuszelewska-Rayska": "Q105007130", "H\u00e9l\u00e8ne Vautrin": "Q3144872", "Maguy Perrier": "Q3277426", "Wladyslawa Choms": "Q9382474", "Maria Stro\u0144ska": "Q63762909", "Pilar Fern\u00e1ndez Seijo": "Q98069704", "Maria Valtat": "Q3291074", "Helena Jab\u0142onowska": "Q9287347", "Aphra Wilson": "Q107175133", "Dora Rivi\u00e8re": "Q52344733", "Odile Kienlen": "Q3349236", "Toini M\u00e4kel\u00e4": "Q11897863", "Irena Tomalak": "Q8865551", "Stanis\u0142awa Groblewska": "Q26973388", "Wanda Lechowin": "Q19756471", "Jeanne Letourneau": "Q67174852", "Marguerite Eberentz": "Q3290701", "Wanda Herman\u00f3wna": "Q81809815", "Germaine Masour": "Q63385883", "Agnes C. M. Sliter Rodgers": "Q104813042", "Ljudmila Naumowna Mokijewskaja-Subok": "Q4299976", "Germaine Michel-Jaffard": "Q28753643", "Zofia Lorentz": "Q26263251", "Simone Saint-Clair": "Q15967003", "Michelle Auriol": "Q3311398", "Wanda Melcer": "Q19698039", "Wojciecha Dutkiewicz": "Q18225543", "Jeanne Goupille": "Q27147438", "Jantje van Aalderen-Koster": "Q5351199", "\u0420\u0438\u0431\u0430\u0447\u0443\u043a-\u0421\u043f\u0435\u0440\u0430\u043d\u0441\u044c\u043a\u0430 \u0410\u043b\u0435\u043a\u0441\u0430\u043d\u0434\u0440\u0430 \u041e\u043b\u0435\u043a\u0441\u0435\u0435\u0432\u043d\u0430": "Q28357646", "Bronis\u0142awa Wys\u0142ouchowa": "Q16533704", "Hildegarde Abbott": "Q68213446", "Maria Kotulska": "Q11768964", "Mathilde Mir": "Q19958428", "Stefania Perzanowska": "Q76418129", "Margarethe Lachmund": "Q1895125", "Frank Wilmont Marks": "Q60871435", "Leopoldyna Stawecka": "Q11754691", "Florentyna Madejewska": "Q9260923", "Zofia Pelczarska": "Q9391834", "Helena Teodorowicz-Karpowska": "Q16557259", "Blanche Auzello": "Q104037500", "Johanna Eekman": "Q104543376", "Anne-Marie Boumier": "Q2850830", "Th\u00e9r\u00e8se Cahen": "Q108106515", "\u041f\u0430\u043b\u044c\u0448\u0438\u043d\u0430-\u041f\u0440\u0438\u0434\u0430\u0442\u043a\u043e, \u0410\u043d\u0442\u043e\u043d\u0438\u043d\u0430 \u0422\u0438\u0445\u043e\u043d\u043e\u0432\u043d\u0430": "Q4342912", "Margherita Kaiser Parodi": "Q3846948", "Brecht Willemse": "Q2105018", "Maria Fischer": "Q15811259", "Violet Evelyn Wellesley": "Q75387095", "Janina Szczerska": "Q11719871", "Marie Reynoard": "Q3292756", "Jadwiga Jarecka": "Q85862097", "Michalina Wieszeniewska": "Q15994068", "Franti\u0161ek Pta\u0161insk\u00fd": "Q23722457", "\u041f\u0430\u0432\u043b\u0438\u043d\u0430 \u0418\u0432\u0430\u043d\u043e\u0432\u043d\u0430 \u041a\u0443\u0437\u043d\u0435\u0446\u043e\u0432\u0430": "Q30346067", "Suzanne Lecl\u00e9zio": "Q101251355", "Ana Carrillo Dom\u00ednguez": "Q103200499", "Frieda N\u00f6dl": "Q59653266", "H.J. van Nijnatten-Doffegnies": "Q28064146", "Maria Krzy\u017cowska": "Q23943476", "Madeleine Martinache": "Q3275689", "Irena Maternowska": "Q11713803", "Suzanne Bougeard": "Q104162036", "Helena Piszczatowska": "Q16557255", "Margarete Jung": "Q1894988", "Julia Halina Piwo\u0144ska": "Q11728953", "Georgette Hammel": "Q3103737", "Henriette de Ganay": "Q67202638", "Ir\u00e8ne Chiot": "Q62654628", "Maria Zdziarska-Zaleska": "Q7944517", "Leopoldine Padaurek": "Q102188872", "Mariya Skrydlova": "Q19906803", "Elza \u017diglevica": "Q16355995", "Marie Moravcov\u00e1": "Q12035439", "Marguerite Lozier": "Q106692652", "Zofia Orliczowa": "Q9391831", "\u0555\u056c\u0563\u0561 \u053f\u0561\u0562\u0561\u0576\u0578\u057e\u0561": "Q21099178", "Maria Verhoeven": "Q106370859", "Oda Bj\u00f8rnholt": "Q62081321", "Rachel Minc": "Q2834034", "Irena Nelkenowa": "Q11713807", "W\u0142adys\u0142awa \u0141owicka": "Q16617806", "Claire Duysburgh": "Q22955294", "Ruschka Lenz": "Q94757558", "Dorothea Hoffmann": "Q94757635", "Gertrud Frank": "Q94758367", "Zofia Franio": "Q9391742", "Marcelle Baverez": "Q3289537", "Remedios Jover C\u00e1novas": "Q28869985", "Madeleine Cl\u00e9ment": "Q47107820", "Delphine Aigle": "Q2386339", "Olga Kuzminichna Kovalyova": "Q18170417", "Marguerite Moret": "Q16230745", "Marie Gross": "Q108047406", "Th\u00e9r\u00e8se Baton": "Q3527328", "\u00c9milienne Ferry": "Q96348147", "\u0413\u0443\u0434\u0438\u043c\u043e\u0432\u0438\u0447 \u0410\u043d\u0430\u0441\u0442\u0430\u0441\u0456\u044f": "Q12098291", "Martina van Deth": "Q1944800", "Isaure Luzet": "Q104145613", "Maria Gutry": "Q56256089", "Halina Regulska": "Q105664769", "Marguerite Fontaine": "Q3290699", "Clara de la Rocha": "Q5771166", "\u041a\u0430\u0442\u0435\u0440\u0438\u043d\u0430 \u0417\u0430\u0431\u0456\u043b\u043b\u043e": "Q12109064", "Gabrielle Ferri\u00e8res": "Q16231239", "Jeanne Rousson": "Q61422799", "Ruth Shaver": "Q104813173", "Ad\u00e9la\u00efde Valentin": "Q105834768", "Ruzya Iosifovna Chernyak": "Q4514477", "Hazel M. Hamilton": "Q68093858", "Aino M\u00e4lk\u00f6nen": "Q12358448", "Zofia Maternowska": "Q29016627", "Alicja Abczy\u0144ska": "Q97370761", "Halina Czarnocka": "Q29016537", "Janina Klatt": "Q23943904", "Jadwiga Packiewicz": "Q7945379", "H\u00e9l\u00e8ne Burger": "Q3144721", "Irina Constanziu-Vlassopol": "Q18541082", "Maria Fortus": "Q4492062", "Suzanne Kricq": "Q23759304", "Suzanne Tony Robert": "Q79659029", "Jadwiga Zaleska": "Q16560909", "Anne Noury": "Q2851221", "Lise Les\u00e8vre": "Q3242500", "Jadwiga Bobi\u0144ska": "Q16168286", "Coba Veltman": "Q53252639", "Dien Veenendaal-Meurs": "Q66123502", "Maria Szczurowska": "Q85865543", "Natalya Zvonaryova": "Q17427644", "Anna Kodelska": "Q18012076", "Madeleine Dassault": "Q106644584", "Gilberte Bonneau du Martray": "Q3105909", "Helena Sieradzka": "Q9287414", "Irena D\u0105bkowska": "Q16560329", "Zdzis\u0142awa Bytnarowa": "Q7941331", "Halina Stabrowska": "Q9285455", "Marcelle Bidault": "Q84184167", "Jane Sivadon": "Q3161894", "Germaine Gu\u00e9rin Dirique": "Q3104187", "Urszula Niepokojczycka": "Q28025893", "Zofia Lejmbach": "Q11838463", "Waleria Nabzdyk": "Q24203325", "Anna Heringa-Jongbloed": "Q87200151", "Eliza Cornelis Wiersma": "Q47545036", "Louise Denise Damasse": "Q26837451", "Germaine Pican": "Q3104212", "Halina Cimino": "Q16556829", "Magda Trocm\u00e9": "Q15056045", "Wanda J\u00f3zefa Maria Kirchmayer": "Q16614154", "Mireille Philip": "Q18636942", "Annie Post": "Q95612925", "Olga Dzhigurda": "Q12100769", "Vera Babenko": "Q12079955", "G\u00f6rdesli Makbule": "Q12809758", "Maria Le\u015bniak": "Q30607939", "Yvonne Ziegler": "Q101251389", "Mary Josephine Shelly": "Q62666294", "Nadine Huong": "Q27062865", "Gra\u017cyna Lipi\u0144ska": "Q9276072", "Jeanne Laurent": "Q3176091", "Zofia Kraczkiewicz\u00f3wna": "Q16620406", "\u0417\u043e\u043b\u043e\u0446\u0435\u0432\u0441\u043a\u0430\u044f, \u0410\u043d\u0433\u0435\u043b\u0438\u043d\u0430 \u0414\u043c\u0438\u0442\u0440\u0438\u0435\u0432\u043d\u0430": "Q4193685", "C.E. Smit-Dyserinck": "Q56194133", "Ilse Barea-Kulcsar": "Q1390965", "Maria Suzanna Willinge-Sligcher": "Q22343445", "Andr\u00e9e Dupeyron": "Q23648966", "Helena P\u0142otnicka": "Q9287398", "Jadwiga Beaupr\u00e9": "Q11715852", "Etta Waldersee": "Q1371715", "Maria Peskoller": "Q66085472", "Maria Bauerowa": "Q106223483", "Esra Ter\u00e4": "Q20736816", "Eleonore Hodys": "Q25378375", "Maria Schmidt": "Q64267088", "Cecelia G. Mehlick": "Q72304789", "Janina Karasi\u00f3wna": "Q16561948", "Anna Griese-Goudkuil": "Q2263968", "Yvonne Lucienne Curvale": "Q62996642", "Eva Thom\u00e9": "Q3061290", "Simone Demangel": "Q58322645", "Charlotte Eisenbl\u00e4tter": "Q99930", "Bogna Doma\u0144ska": "Q9175474", "Josette Bocq": "Q72041440", "Germaine Tambour": "Q3104224", "Halina Hackiewicz": "Q9285348", "Zenobia Jeli\u0144ska": "Q9390061", "Elise Hampel": "Q1330633", "Jeannette Le Bail": "Q60172443", "Teodozja Lisiewicz": "Q58426235", "Madeleine Sorel": "Q3275738", "Elsie Toby Miles": "Q104813065", "Wiktoria Fechter": "Q9374218", "Anna Krajewska": "Q16529133", "Fran\u00e7oise P\u00e8ne": "Q67201352", "Harriet Waddy": "Q107192629", "Izydora D\u0105mbska": "Q11714979", "Gilette Ziegler": "Q21401806", "Ewa Grodecka": "Q8861523", "Zofia Grz\u0119dzi\u0144ska": "Q9391754", "Edith Wolff": "Q1285213", "Natalia Hiszpa\u0144ska": "Q11789966", "\u00c9veline Garnier": "Q61978345", "Juliette Vidal": "Q69883678", "Jadwiga Piekarska": "Q11715945", "Helena Stankiewicz": "Q9287420", "Mary Lippens": "Q2253031", "Louise L'Huillier": "Q99654418", "Hanna Van de Voort": "Q2483436", "Anna Vladimirovna Nikulina": "Q15783544", "H\u00e9l\u00e8ne Fournier": "Q27165107", "Ernie Reitz": "Q87270666", "Grete Noetzel": "Q94757949", "Liddy Pientka": "Q94757992", "Jadwiga Jakubowska": "Q18857480", "Hildegard Burger": "Q107291655", "Maria Szel\u0105gowska": "Q11769180", "Teresa Estreicher": "Q9357283", "Wanda Chodkowska": "Q9370757", "Maria Zielonka": "Q29057234", "Anny Blau": "Q87610368", "Halina \u017burowska": "Q11708466", "Emmy Rutten-Broekman": "Q4800553", "Marian Rybicki": "Q48841392", "Gwendolen Mary Willoughby": "Q76267122", "Suzanne Chevet": "Q15407293", "Helene Marie Renee de Francqueville d'Abancourt": "Q28145370", "Halina Bretsznajder": "Q85861498", "Leokadia Dehnel": "Q11754176", "Marcelle Lafont": "Q105453807", "Denise Cerneau": "Q3023020", "Hermine Dirmhirn": "Q108001016", "Mariya Mikhailyova": "Q4298029", "Pilar Lage Bobadilla": "Q66776854", "Helena Kuchar": "Q94776652", "Bessie L. Herbert": "Q105979089", "Wanda Kraszewska-Ancerewicz": "Q16614156", "Higinia Luz Go\u00f1i Ayestar\u00e1n": "Q65944386", "Anna Lisa Moline": "Q67612936", "Monique de Selys Longchamps": "Q4989093", "Jikke Ozinga": "Q2545170", "Ruth Boehringer": "Q2177570", "Genevi\u00e8ve Manceron": "Q18684472", "Irena S\u0142o\u0144ska": "Q8865086", "Johanna Adriana Ader-Appels": "Q2445018", "Maria Kann": "Q11768942", "Bets Gootjes": "Q47545039", "Ruth Rewald": "Q2177746", "Emilie Schmitz": "Q87612571", "Maria Piskorska": "Q8864245", "Jeanne Atger": "Q50842916", "Andr\u00e9e Jacob": "Q61978660", "Fran\u00e7oise \u00c9lie": "Q79120459", "Klara H\u00e4hnlein": "Q55768000", "Daphine Doster Mastroianni": "Q104812988", "Beate Bremme": "Q15787314", "Zde\u0148ka Pakov\u00e1": "Q106962498", "Maria Eugenia Jasi\u0144ska": "Q16574732", "\u00c9dith Pulver": "Q2375074", "Maria Grz\u0119dzielska": "Q11768880", "Antoinette Reille": "Q76435807", "Rita Sprengel": "Q94737799", "Eva von Heeringen": "Q94767969", "Nina M. Greenlee": "Q104812991", "Ellen Harris Huckabee Gobbell": "Q104813124", "Kazimiera Horody\u0144ska": "Q11737635", "Sonia Sofia Stephanidou": "Q18555792", "Betty Rosenfeld": "Q69797006", "Marie-Fortun\u00e9e Besson": "Q77247326", "M.G. Schenk": "Q28064374", "Mavis Freeman": "Q33239969", "Irena Piasecka": "Q16560359", "Suzanne Roubaud": "Q51954658", "Zofia Siemaszko": "Q16335448", "Marthe Norgeu": "Q3295205", "Maria Kaczy\u0144ska": "Q11768934", "Claire Chevrillon": "Q16236023", "Sarah Levan-Reifman": "Q55978930", "Mary C. Burnham": "Q68216101", "Jadwiga Doma\u0144ska": "Q105204581", "Ren\u00e9e Abel": "Q57418879", "Danica Perovi\u0107": "Q29300319", "Ruut Aarelo": "Q12374374", "\u00c9milienne Mopty": "Q3588902", "Luise Oehl": "Q94777780", "Irmina Rze\u017anicka": "Q28057795", "Winifred Gansel": "Q71429025", "Caroline Muller": "Q84602243", "Th\u00e9r\u00e8se Nichterwitz": "Q63451117", "Marcelle Devaud": "Q3289546", "Weronika Tropaczy\u0144ska-Ogarkowa": "Q85870105", "Beata H\u0142asko": "Q9168041", "Lenchen Weber": "Q1284514", "Th\u00e9r\u00e8se Chassaing": "Q56817009", "Helena Paszkiewicz": "Q9287388", "Sylvette Leleu": "Q17639628", "Helena M\u0119\u017cy\u0144ska": "Q16557252", "Auguste Breitzke": "Q766175", "Marina Shafrova-Marutaev": "Q15210941", "Claire Saunier": "Q18744963", "Izabela Horodecka": "Q8861750", "Marianne Monestier": "Q62391420", "Rie Lips-Odinot": "Q2509822", "Louise Moor": "Q107622140", "Antoinette Labisse": "Q2194611", "Andr\u00e9e Salomon": "Q2848970", "Izabela Jadwiga \u0141opuska": "Q16560578", "Elizabeth Simpson": "Q104813152", "Wanda Wachnowska-Skorupska": "Q30607826", "Madeleine Marzin": "Q15526010", "Evelyn Barbier": "Q67877688", "Maria Garzena": "Q47843473", "Mireille Renouvin": "Q86514201", "Dorothea Stutkowski": "Q97466165", "Winona Franklin Walker": "Q105979079", "Gladys Welch": "Q67893793", "Maria Szerocka": "Q16574784", "Celina Eugenia Iwanowska": "Q16535178", "Johanna Slagter-Dingsdag": "Q28973719", "Izabela Kaniowska-Lewa\u0144ska": "Q11714671", "Louise de Landsheere": "Q11298630", "Michalina Munkiewicz": "Q19690204", "Marguerite Dardant": "Q99526096", "Maria Irena Mileska": "Q11768905", "Ella Lingens": "Q94547", "Bogus\u0142awa Je\u017cowska-Trzebiatowska": "Q9176005", "Louise Horte": "Q59421146", "Madeleine Tambour": "Q3275741", "Steffi Kunke": "Q107208808", "Mina Ben-Zvi": "Q6894246", "Wanda Ostaszewska": "Q23944007", "Zofia Gli\u0144ska": "Q24949134", "Jean Flatt Davey": "Q91470099", "Sigrid Heide": "Q94445470", "Frieda Arnheim": "Q104532720", "Helena Rudzi\u0144ska": "Q7943719", "Helena Szo\u0142drska": "Q26179362", "Agniya Polyantseva": "Q4371561", "Antoinette G\u00e9rard": "Q18121470", "Pierrette Marcelle Poirier": "Q66836661", "Jeanne Julie Bouillane": "Q105192869", "Madeleine Dreyfus": "Q63131664", "Centa Beimler": "Q29000918", "An\u0111a Rankovi\u0107": "Q4389930", "Jane Piatt": "Q67683972", "Inez Stroud": "Q104812956", "Anni Wadle": "Q85950347", "Maria Andrunik": "Q17362019", "Maadi Gobrait": "Q105779167", "Yvonne Fili\u00e2tre": "Q60184999", "Eufemia Malinowska": "Q9255751", "Eug\u00e9nie Duvernois": "Q17350560", "Alice Ferri\u00e8res": "Q56309132", "Marie Clausse": "Q62008309", "Marta K\u0142yszewska": "Q11770594", "Helga Maria zu L\u00f6wenstein-Wertheim-Freudenberg": "Q52146912", "Julia Pongracic": "Q94769346", "Luise Reiter": "Q94772824", "Carola Karg": "Q97656419", "Charlesanna Fox": "Q103440799", "Eunice M. Rountree": "Q104062229", "Nellie May Hammond": "Q104813170", "\u041b\u0438\u0441\u043e\u0432\u0441\u043a\u0430\u044f, \u041b\u0438\u0434\u0438\u044f \u0418\u0432\u0430\u043d\u043e\u0432\u043d\u0430": "Q105361303", "Irene Goldin": "Q15820392", "Nelly Gorce": "Q67198764", "Louise Alcan": "Q16661374", "R\u00f3\u017ca Marczewska": "Q16599167", "Rozalia Szafraniec": "Q9323050", "Genevi\u00e8ve Lefevre-Seillier": "Q55597065", "Anna Bene\u0161ov\u00e1": "Q61996971", "Fokje Bleeker-Dijkstra": "Q2211770", "Rosa Eberhard": "Q66085477", "Jos\u00e8phe Jacquiot": "Q2381210", "Antoinette Binoche": "Q17173753", "Cecylia Stok\u0142osi\u0144ska": "Q97579833", "Jana P\u0142aska": "Q11719707", "El\u017cbieta Kawenoki-Minc": "Q7942396", "Danuta Magierska": "Q9201694", "Hildegarda Bigocka": "Q16167531", "Odette Elina": "Q89477308", "Sophie Steffer": "Q71314279", "Odette Fabius": "Q28030721", "Marie-\u00c9lisa Nordmann-Cohen": "Q55418533", "Anna Leska": "Q17266662", "Ida Margulies": "Q59653277", "Ren\u00e9e Langlet": "Q72314170", "Hanna Herz": "Q94758574", "Madeline M. Ullom": "Q71858511", "Baila Marjanka": "Q99654424", "Marie-Rose Gineste": "Q107291656", "Paulette Mercier": "Q19315430", "Isabel Bayley": "Q99438408", "Trix Terwindt": "Q2489230", "C\u00e9sarine Le Floc'h-Rosenberg": "Q107302809", "W\u0142ada Majewska": "Q9381509", "Ninon Ha\u00eft-Weyl": "Q20750652", "Germaine Leli\u00e8vre": "Q106519042", "Maria Maniak": "Q97274862", "Mathilde Dardant": "Q23765670", "Stella Maria Szacherska": "Q24949641", "R\u00e9gine Karlin": "Q16246535", "Goldy Parin-Matth\u00e8y": "Q124480", "Hanna Malewska": "Q1344625", "Ida Laura Veldhuyzen van Zanten": "Q2430545", "Lotti R\u00f6ell": "Q2347197", "May Aubert": "Q13499856", "Lucienne Soubbotnik": "Q16248512", "Janina G\u00f3rnicka": "Q17362125", "Halina Martinowa": "Q9285410", "Anna Ptaszycka": "Q16529200", "Arentje Margrieta Henstra": "Q28064017", "Ren\u00e9e Darriet": "Q6105788", "Paulette Isa\u00efa": "Q105575765", "Grietje Doele-Bokma": "Q26035008", "Serafima Sitnik": "Q9335374", "Eileen Mary Howes": "Q76208962", "Catherine G. Katopes": "Q104813066", "Stefania Wojtulanis-Karpi\u0144ska": "Q9345539", "Brunilde Tanzi": "Q16533850", "Corinne Marie Louise Pardede-baronesse van Boetzelaer": "Q28064031", "Ingebj\u00f8rg Skoghaug": "Q17107396", "Helena Zacharczuk": "Q9287443", "Lucie Deltour": "Q87262209", "Wanda Ossowska": "Q9370817", "Adela Korczy\u0144ska": "Q27672258", "Marguerite Flavien": "Q27440831", "Irena B\u0142asi\u0144ska": "Q11713724", "Georgette Clerc": "Q3103731", "Anna Catherine Corbin": "Q67528531", "Mala Kriegel": "Q59588706", "Maria Wszelaczy\u0144ska-Szaszkiewicz": "Q24263425", "Irena Wilhelmina \u0141ukomska": "Q47016775", "Kazimiera Olszewska": "Q29016562", "Mary Eleanor Price": "Q72710590", "Edmone Robert": "Q63249211", "Mary J. Ford": "Q71049392", "Willie Mae Williams": "Q104813149", "Rudy Albert Blatt": "Q1850401", "\u041c\u0438\u0433\u0443\u043d\u043e\u0432\u0430, \u0415\u043a\u0430\u0442\u0435\u0440\u0438\u043d\u0430 \u0410\u043b\u0435\u043a\u0441\u0430\u043d\u0434\u0440\u043e\u0432\u043d\u0430": "Q101097338", "Nora Krusze": "Q16582599", "Wanda Wyrobkowa-Paw\u0142owska": "Q55388783", "Ludwika Krysiak": "Q51634851", "Lucette Pla-Justafr\u00e9": "Q19300907", "Virtudes Cuevas": "Q28708677", "Louise Nash Dorsett": "Q104812963", "Mildred Parish Turton": "Q104813091", "Dale Augusta Van Vacter Angers": "Q104813106", "Aleksandra Nozadze": "Q20852562", "Elisabeth Hirsch": "Q63140576", "Maria Hudymowa": "Q47016762", "Halina W\u0142odarczyk": "Q11708462", "Yekaterina Dikshtein": "Q16698737", "Louisette Texier": "Q108175632", "Andr\u00e9e Gadat": "Q107921092", "Maria Doriath": "Q67324148", "Jacqueline B\u00e9v\u00e9rina-H\u00e9reil": "Q3157685", "Fifi Turin": "Q3071581", "Marcelle Campana": "Q27788724", "Sonja Coucheron": "Q48975751", "Rolande Birgy": "Q3440321", "Gilberte Champion": "Q3105911", "Ru\u017ea \u0160egedin": "Q12800616", "Katharine W. Toll": "Q105979081", "Annie van Ommeren-Averink": "Q5341418", "Maria Skiba": "Q11769149", "Jean Marie Ad\u00e8le Leydet": "Q41795752", "Gabrielle Martinez-Picabia": "Q79800420", "Suzanne Lanoy": "Q58213356", "Isla Victoria Murphy": "Q24082419", "Anna Schweppe": "Q15438844", "Manon Tardon": "Q3286472", "H\u00e9l\u00e8ne Kro": "Q1566769", "Helen V. Kennard": "Q68097353", "Elfryda Trybowska": "Q9252660", "Irene Cully": "Q70468473", "And\u011bla Haida": "Q51798013", "Nel Lind": "Q19587834", "Jeanne L'Herminier": "Q3176085", "Denise Lauvergnat": "Q3023048", "Eva Prauss-P\u0142oska": "Q30231419", "Maria Janina Broel-Plater-Skassa": "Q680763", "Vera Lomako": "Q4266102", "\u0141ucja Zawada": "Q9394496", "Marija Kova\u010d": "Q18627747", "Marthalou Hunter": "Q104813050", "Jeanne M. McGovern": "Q104813983", "Halina Piasecka": "Q7943447", "Anna Jachnina": "Q9155226", "Florinda Guti\u00e9rrez Alba": "Q61062106", "Halina Mancewicz\u00f3wna": "Q106685930", "Lillian Malloy": "Q72703134", "Ruth Lambert": "Q63184919", "Mary Templeton Gates": "Q71920457", "Huguette Wahl": "Q63253105", "Maryna Hnatenko": "Q4675500", "Bernice B. McCormack": "Q104813108", "Helena Brodowska": "Q11708807", "Waleria Fuksa": "Q9370416", "Hebe Charlotte Kohlbrugge": "Q1396697", "Casilda Hern\u00e1ez": "Q12261351", "Lucyna Anastazja Penciak-Radzymi\u0144ska": "Q11763375", "Isabelle Douteau": "Q2410629", "Cobie Douma": "Q59617560", "Helena Kurcyusz": "Q9287368", "Helena Filipionek": "Q9287324", "Marinette Menut": "Q52525703", "Hermina Schreurs": "Q19587668", "Marguerite Gonon": "Q1472546", "Teodora \u017bukowska": "Q29057233", "Anne-Marie Bauer": "Q2850819", "Hilde Berger": "Q1563231", "Julienne Volat": "Q105800692", "Orly Reichert": "Q107743718", "Solita Salgado": "Q23806377", "Oksana Jaroszewicz": "Q107125760", "Erna Thompson": "Q71447079", "Maria Cetys": "Q11768772", "Ludmi\u0142a Hausbrandt": "Q20640165", "Madeleine Laffitte": "Q27848497", "France Pejot": "Q3080737", "Gerd Pettersen": "Q28718336", "Maria Vachon-Turini": "Q3291075", "Ida Genty-Rossi": "Q51930849", "Trui van Lier": "Q2309441", "Trudel van Reemst-de Vries": "Q6153374", "Anna-Maria Lucko": "Q94757819", "Polina Antonova Nedialkova": "Q12290978", "Elizabeth Dussauze": "Q3051207", "Natalia Bode": "Q4089957", "Wanda Stefania Fillerowa": "Q16614177", "Arlette Humbert-Laroche": "Q24845159", "Hildegard Arnold": "Q94741395", "Irmgard Konrad": "Q94774976", "Martha Boger": "Q104812979", "Shirley McCorquodale Lyle": "Q104813061", "Leng Yun": "Q48929129", "Ada van Rossem": "Q2696526", "Antonina Mijal": "Q29016561", "Chaja Karaulnik": "Q107839555", "Jeannette Marshall": "Q72044121", "Elisabeth Torlet": "Q97159331", "Augustine Le May": "Q38800450", "Marian Mosher": "Q72706641", "Paulette Dehoux": "Q107559700", "Letty Rudelsheim": "Q2794575", "Zofia Bagi\u0144ska": "Q9391706", "Marcelle Devilliers": "Q28222985", "Simone Benielli": "Q104145671", "Maria J\u0119drzejec": "Q11768932", "Elisabeth Warnon": "Q3315364", "Julia Tamer Kerr": "Q104813180", "Teresa Krassowska": "Q9357317", "Fanny Loinger": "Q55590245", "Nelly Feld": "Q13476291", "Halina Kurowska": "Q9285395", "Anne Noreen Bauer": "Q67615146", "Abbie Voorhies DeVerges": "Q107962877", "Lyudmila Kalinina": "Q4209515", "Colette Heilbronner": "Q44489001", "Sarah Westray Bunn": "Q107457400", "\u0425\u0438\u043c\u0438\u043d\u0435\u0446\u044c \u041c\u0430\u0440\u0456\u044f": "Q12167243", "Dolores \u0160perkov\u00e1": "Q97012491", "Lilah Cameron Ramsey": "Q67655751", "Vittoria Nenni": "Q4015223", "Rose Bayuk": "Q100273876", "Gertrud M\u00fcller": "Q88489173", "Halina Jab\u0142o\u0144ska": "Q29057235", "Jos\u00e9phine Welu-Scherer": "Q87263890", "Yaroslava Skab": "Q92006265", "Helen Bonner Eshelman": "Q104812989", "Nancy Riddle Hinchliffe": "Q104813010", "Mattie Osborne Spicer": "Q104813052", "Florence S. Weil": "Q104813172", "Maria Iwanicka": "Q16574738", "Edm\u00e9e Jourda": "Q3048163", "Colette Cassignol": "Q55135913", "Rosemary Blakely Zule": "Q104813981", "Kazimiera Sobieska-Stachurowa": "Q11737645", "Alla Dusmenil": "Q41792256", "Hetty van Klaveren": "Q29867829", "Cezaria Iljin-Szyma\u0144ska": "Q8861828", "H\u00e9l\u00e8ne Cogoluegnes": "Q59263305", "Jadwiga Boczar": "Q104531864", "Maria Deymer": "Q11768803", "Rolande Tremp\u00e9": "Q15970937", "Aniela Dziewulska-\u0141osiowa": "Q9154680", "Ruth Mary Petry": "Q105979110", "Eug\u00e9nie Mettenet": "Q3060271", "Isabel MacArthur": "Q92198681", "Mimi de Vries": "Q22582378", "Hester van Lennep": "Q2918619", "Alice Gillig": "Q83832570", "Vera Solomina": "Q4428288", "Helena Gi\u017cycka": "Q9287327", "Anne Maclaine Pont": "Q86914915", "Krystyna Be\u0142\u017cy\u0144ska": "Q11748650", "Lillie M. Henson": "Q104813014", "Els Boon": "Q20820460", "Annie Gu\u00e9henno": "Q44914337", "Elisa Garc\u00eda S\u00e1ez": "Q2943889", "Irena Lepalczyk": "Q14753781", "Rita Geis": "Q71303421", "Jeanne Roos": "Q1857805", "Annie de Waard": "Q87986584", "Jadwiga Dzieko\u0144ska": "Q11715871", "Dorothy R. Collins Sullivan": "Q104813132", "Maria \u017belechowska-Wyrzykowska": "Q18011048", "Mirjam Pinkhof": "Q1938236", "Zofia Grzesik": "Q61958593", "Josipina \u017didanik": "Q18508063", "W\u0142adys\u0142awa Nowak-Steffen": "Q23071886", "Dorothy P. Hoover": "Q104813117", "Marjorie Randolph Suggs Edwards": "Q104813123", "Dorothy Avery": "Q104813151", "Ruth M. Gregg": "Q105979047", "Varvara Lyashenko": "Q4272856", "Mariya Uskova": "Q4477718", "Yelizaveta Shamshikova": "Q4519984", "Lucyna Herc": "Q7942049", "Mientje ten Dam-Pooters": "Q22998863", "Genowefa Osiejowa": "Q9266942", "Rachel Cheigam-Grunstein": "Q3416080", "Irena Bredel": "Q106690229", "Mariya Tepikina": "Q101413655", "Raymonde Rolly": "Q73235700", "Betty Trompetter": "Q2589281", "Halina Kostecka-Kwiatkowska": "Q7942532", "Hanna Skar\u017canka": "Q9286035", "Marguerite Noutary": "Q72704278", "Nelli Turza\u0144ska-Szymborska": "Q86909877", "Maria Fijewska-Dobrzy\u0144ska": "Q11768846", "Reva Ingram Fortune": "Q104812981", "Gr\u00e9 Visser": "Q43902427", "Joukje Smits": "Q18655460", "Janalla Jarnach": "Q3161829", "Felicja Lemiesz": "Q17362018", "Elly Nauta-Moret": "Q2463408", "Dinie Aikema": "Q2619347", "Bep Turksma": "Q2408394", "Ol\u02b9ha Horoshko": "Q94371953", "Mary Myers": "Q70914561", "Simone Perl": "Q3484595", "Gisela Tschofenig": "Q1527458", "Norma Martell": "Q104813017", "Teresa \u015awiklanka": "Q16610272", "Harriet Jayne": "Q70787404", "Fransina Dingstee": "Q5387941", "Rachel Brower Twiddy": "Q104813077", "Judita Alargi\u0107": "Q56334000", "Margaret Greene": "Q104813974", "Henriette Cohen": "Q64859778", "H\u00e9l\u00e8ne Nebout": "Q3144828", "Yvette Varvoux": "Q27150018", "Ruth Fournier Barker": "Q71313023", "Helen McPherson Reynolds": "Q68095320", "B\u00e9 Ruys": "Q1019350", "Maria Biernacka": "Q7941172", "Fran\u00e7oise Salmon": "Q17350909", "Nataliya Belova": "Q4082233", "Alice Pfeiffer": "Q72043050", "Simone Jacques-Yahiel": "Q19999545", "Simone S\u00e9ailles": "Q18398255", "Madeleine Dissoubray": "Q21648476", "Elisabeth Waissnix": "Q98843010", "Elena Chiri\u021b\u0103": "Q51047943", "H\u00e9l\u00e8ne Mabille": "Q107959337", "Bernice Isabel Heath": "Q104813142", "Estelle Garner Ptaszynski": "Q104812980", "Tatyana Nechiporenko": "Q12133629", "Janina Burska-Toborowicz": "Q11719793", "\u041f\u0430\u0448\u043a\u043e\u0432\u0430 \u041b\u044e\u0434\u043c\u0438\u043b\u0430 \u0406\u0432\u0430\u043d\u0456\u0432\u043d\u0430": "Q107351908", "Zofia Ro\u015bciszewska": "Q21290611", "Josefa Escourido Cobo": "Q29275314", "Rose Berger": "Q94764185", "Laura G. Anderton": "Q104812972", "Aimee Nott Moore": "Q104813023", "Olene Brumbles Jones": "Q104813136", "Ruth Lillian Gaddy": "Q104813163", "Juanita Webster": "Q104814007", "Phyllis Dunning": "Q105858241", "Frances Bradsher Turner": "Q105978681", "Hazel Jones": "Q105979040", "Sammie M. Rice": "Q105979054", "Norma L. Harris": "Q105979102", "\u04d8\u0445\u043c\u04d9\u0442\u043e\u0432\u0430 \u04ba\u044b\u043b\u044b\u0443 \u04d8\u0445\u043c\u04d9\u0442\u043e\u0432\u043d\u0430": "Q107272888", "Anna Jel\u00ednkov\u00e1": "Q107429553", "Katherine Faye Giles": "Q104813162", "Ding Zhihui": "Q10864271", "Denise Meunier": "Q106490286", "Helena Marusarz\u00f3wna": "Q4282970", "Halina Szyrmerowa": "Q9285464", "Anny Royaux-Claeys": "Q50208919", "Trijntje Taconis": "Q15883039", "Li Zaide": "Q64782945", "Lady Patricia Wellesley": "Q75352968", "Louise Ross Yegge": "Q105979036", "Maria \u0141obaszewska": "Q11769274", "Zofia Jaworska": "Q23071694", "Anne-Marie Mingat": "Q47787502", "Maria Patkowska-Krucza\u0142owa": "Q16334901", "Ma\u0142gorzata Je\u017cewska": "Q11772286", "Helen Doyle Black": "Q105979062", "Marion Fisher": "Q104813029", "Pierina Bonilauri": "Q60197926", "Blanche Caton": "Q96575221", "Virginia Miller": "Q104813155", "Nina Baumgarten": "Q2660374", "Lucie Primot": "Q63085123", "Anne Ubersfeld": "Q2851303", "Mariya Tkalich": "Q28664602", "Maria Miros\u0142awa Chadaj-Zwiejska": "Q85865527", "Jeanne Barnier": "Q68421540", "Esm\u00e9e van Eeghen": "Q2153563", "Gis\u00e8le Gonse-Boas": "Q58835238", "Paulette Jacquier": "Q104145618", "Ewa Pohoska": "Q9256820", "Genevieve Hill Cadmus": "Q67882826", "Marcelle Mourot": "Q108000636", "Irene Petrie": "Q70469606", "Helen P. Onyett": "Q71567322", "Mildred Curtis Scott": "Q104813037", "Zofia \u015acibor-Rylska": "Q16620418", "Ruta Czapli\u0144ska": "Q9324179", "Lucienne Welschinger": "Q84080188", "Jadwiga Jurkszus-Tomaszewska": "Q29016563", "Alicja Czerkawska": "Q62271927", "Neola Ann Spackman": "Q67611464", "Marie-Antoinette Papp\u00e9": "Q85621169", "Lyubov Korotaeva": "Q4234039", "Slavka Rado\u0161evi\u010d - Nadja": "Q12802874", "Jacqueline Plessis": "Q3157784", "Anna Lechicka": "Q7942748", "Olga Waissnix": "Q98842841", "Anna Filonenko-Kamayeva": "Q18045188", "Stanis\u0142awa Lata\u0142a": "Q29829580", "Ruth Coster": "Q104813092", "Olga Zvereva": "Q19907999", "Janina Duda": "Q58758648", "\u0423\u0441\u043c\u0430\u043d\u043e\u0432\u0430 \u0424\u04d9\u0440\u0438\u0499\u04d9 \u0492\u04d9\u043b\u0438\u043c\u0439\u04d9\u043d \u04a1\u044b\u0499\u044b": "Q106816635", "Irena Ba\u0144kowska": "Q11713715", "Josefa Gallego Abeledo": "Q29275308", "Judith Bullock Nisbet": "Q103757750", "Jean Wrenn Higgins": "Q104812971", "Virginia Gardner Becker": "Q104813000", "Frances Hunt Hall": "Q104813016", "Ruby Morgan Sheridan": "Q104813021", "Vera Rackley Jenkins": "Q104813022", "Betty Berry Godin": "Q104813041", "Winifred Taylor Kuehn": "Q104813071", "Gertrude McSpiritt": "Q104813103", "Margaret Wyatte Glennon": "Q104813112", "Carrie Radnik": "Q105979058", "Vera Tarasova": "Q4451708", "Valentina Aleksandrovna Gribaljova": "Q18238290", "Zofia Czerwosz": "Q60693750", "Katherine Zaleska": "Q107062456", "Alice C. Boehret": "Q104813113", "Emilia Szlachta": "Q9253617", "Zdzis\u0142awa Kopczy\u0144ska": "Q29830974", "Virginia Immerman": "Q71423545", "Wanda W\u0119gierska": "Q9370853", "Josephine Martin Flynn": "Q104813159", "Danuta Stefa\u0144ska": "Q23943873", "Violette Maurice": "Q3560443", "Hanna Szuma\u0144ska": "Q23943970", "Czes\u0142awa Puzon": "Q11692299", "Ton\u010dka Drobni\u010d": "Q97327949", "Zarija Stojovi\u0107": "Q12806482", "Jan Dirk van Bilderbeek": "Q1982210", "Ethel L. Palma": "Q104814015", "Kek IJzerdraat": "Q18692819", "Stanis\u0142awa Ol\u0119dzka": "Q9343605", "Simone Debout": "Q104284717", "Jeanne Berthe Massias": "Q27661839", "Elena Dmitrievna Karbisjeva": "Q44356518", "Willy Wielek-Berg": "Q23018540", "Esther Jane McNeil": "Q71564721", "Marie-Jeanne Koffman": "Q18043824", "Gis\u00e8le Saltet d'Alzon-Marad\u00e8ne": "Q65123130", "Valentina Vlasenko (Subbocheva)": "Q63309125", "Mimi van den Hurk": "Q2364365", "Meinarda van Terwisga": "Q28064395", "Josette Dumeix": "Q37863403", "Ewa Matuszewska": "Q9256768", "Yvette Farnoux": "Q3574046", "Janina Kulesza-Kurowska": "Q11719831", "Mila Racine": "Q3313818", "Solange Zitlenok": "Q63978467", "Jadwiga Tymek": "Q11715988", "Jadwiga Podryga\u0142\u0142o": "Q11715949", "Johanna van Hellenberg Hubar": "Q3110699", "Ren\u00e9e Moreau": "Q105483751", "Rose Blanc": "Q19951874", "Mary Ruth Pullig": "Q71727780", "Krystyna Wa\u0144kowicz": "Q11748798", "Bernice R. Couzynse": "Q70771535", "Marion Kern Kennedy": "Q70916632", "Helena Ko\u0142akowska-Prze\u0142omiec": "Q47135662", "Wanda Wolska Conus": "Q9370851", "Mientje Proost": "Q18692842", "Mary Duncan Clark": "Q71014523", "Matrena Volskaya": "Q104848603", "Mary Williams Elder": "Q104812976", "Audrey Knyrim Mattern": "Q104812993", "H\u00e9l\u00e8ne \u00c9deline": "Q3144759", "Isabella P. Evans": "Q104813120", "Stephanie Eisler": "Q94731605", "Margareta Bolli": "Q122608", "Bodil Westerholm": "Q108007011", "Jacqueline Pery d'Alincourt": "Q3157782", "Betty Thompson": "Q67612244", "Miriam Cendrars": "Q59532567", "Irena Findeisen-Bellert": "Q48644190", "Ilita Daurova": "Q63892115", "Stefania Bachman": "Q9345498", "Mariam Basina": "Q16692421", "Anne Chraplywa-Smith": "Q20065646", "Frances Barringer Bailey": "Q104097602", "Margaret (Peggy) Reeve": "Q104812967", "Lucile Griffin Leonard": "Q104812975", "Eleanor Neeva Northcott": "Q104813009", "Martha Redding Mendenhall": "Q104813032", "Dorothy B. Austell": "Q104813130", "Walta Mae Schreiber": "Q104813154", "Irene Parsons": "Q105979109", "Teresa Ch\u0142apowska": "Q9357267", "Halina Miroszowa": "Q15394338", "Janina Storo\u017cy\u0144ska": "Q24514829", "Maria Kobuszewska-Faryna": "Q8862252", "Maria Ca\u0142ka": "Q11768766", "Braulia C\u00e1novas": "Q57592952", "Margot Durrmeyer": "Q27707447", "Janine Quiquandon": "Q15965515", "Janina \u017bubryd": "Q11719897", "Stijntje Pratomo-Gret": "Q2242197", "R\u00e9gine Skorka-Jacubert": "Q27961990", "Yvette Feuillet": "Q18214751", "Lidiya Svistunova": "Q4410923", "Barbara Reimann": "Q807597", "Annie Pozyck": "Q105979115", "Lucienne Andr\u00e9": "Q107620242", "Brenda Marguerite Balfour": "Q75360576", "Galina Fedorova": "Q4494042", "Helena Siekierska": "Q16557257", "Kathryn F. Wakefield": "Q105979070", "Door de Graaf": "Q2292536", "Claire Richet": "Q27928467", "Zofia Ksi\u0105\u017cek-Bregu\u0142owa": "Q9391792", "Krystyna Wi\u015bniewska-Szabelska": "Q7944400", "Zofia Lewenstam": "Q9391799", "Betty Bristow Docker": "Q61111148", "Mireille Lauze": "Q3315984", "Dina Volkats": "Q4123221", "Kitty van der Have": "Q2391157", "Maria Soboci\u0144ska": "Q11769155", "Helga Beyer": "Q19285297", "Krystyna Wituska": "Q11748800", "Zofia Rysi\u00f3wna": "Q218320", "Irena Kowalska-Wuttke": "Q7942557", "Danuta Przystasz": "Q9201726", "Elizabeth Booker": "Q67769859", "Marguerite Fabre": "Q107734268", "Lola Israelski": "Q63246749", "Jeanine Manuel": "Q3175908", "Anne-Marie Boudaliez": "Q41796278", "Mary Wiedemann": "Q2349999", "Anna Kotarbi\u0144ska": "Q16529128", "R\u00e9gine Krochmal": "Q3455497", "Maria P\u0142achecka-Gutowska": "Q90405672", "Rachel Summers McGee": "Q104812962", "Wanda Tazbir": "Q9370842", "Janina Augusty\u0144ska": "Q7940983", "Katarzyna Filipowicz-Pola\u0144ska": "Q30231573", "Jet Berdenis van Berlekom": "Q2639558", "Erma Hughes Kirkpatrick": "Q104813160", "Simone Schloss": "Q16262713", "Virginia Russell Reavis": "Q104813129", "Paule Bernard": "Q3372579", "Lidia Lwow-Eberle": "Q16572048", "Lillian Kivela": "Q70779765", "Lyubov Alekseyevna Netupskaya": "Q104527271", "Anna Rusinov\u00e1": "Q95446305", "Gladys Eva": "Q106959613", "Anna Spillman Atteberry": "Q67613902", "Jadwiga Frankowska": "Q11715878", "Maria Uliszewska-Kaden": "Q30604319", "Wanda Czarnecka-Minkiewicz": "Q39039358", "Milma Broe": "Q62081255", "Hell\u0101 R\u00fbfayzn-\u0160\u00eepper": "Q95205674", "Mary Jane DeWan": "Q104812974", "Helen Allegrone": "Q104813008", "Andr\u00e9e Fifield": "Q104813015", "Emma Dale Newell Love": "Q104813035", "Jane Gail Brister": "Q104813060", "Annis Glendon Weir": "Q104813095", "Marie Cody": "Q104813104", "Nancy Featherhoff Sendelbach": "Q104813115", "Charlotte Lavone Schuck": "Q104813150", "Patricia Keegan Delaney": "Q104813156", "Coralee 'Coco' Burson Davis": "Q104813169", "Ruth Mildred Marshburn": "Q104813174", "Ellen Mercer Diming": "Q104813176", "Eleanor Elizabeth House Selzo": "Q105979057", "Maude Middleton": "Q105979065", "Anna Sabine Halle": "Q563130", "Germaine Willard": "Q3104230", "Sarah Goldberg": "Q3473353", "Vera Sergeevna Ippolitova": "Q18203018", "Olga Vasilyeva": "Q21091961", "Edyta Nawratil-Chachajowa": "Q61746727", "Juanita Ashcraft": "Q107192622", "Janina Wolska-Bochenek": "Q100591641", "Raymonde Guyon-Belot": "Q18081233", "Davorjanka Paunovi\u0107": "Q12750616", "Margaret E. Oaks": "Q71861257", "Denise Josse-Elicot": "Q96384894", "Anneliese Knoop-Graf": "Q114069", "Aleksandra Grzeszczak": "Q9146526", "Doris J. Triick": "Q70772853", "Nancy Mayes": "Q104813116", "Veslem\u00f8y Kokkin": "Q96053071", "Maria de Meersman": "Q2348289", "Simone Bastien": "Q106472537", "Halina Grotowska": "Q7941970", "Irena Grotowska": "Q7941974", "Krystyna Idzikowska": "Q60613361", "Zofia Krassowska": "Q9391788", "Hella Hirsch": "Q18747045", "Irena Bajerowa": "Q11713712", "Klavdiya Panchishkina": "Q18275526", "Marie Blommaart": "Q73788232", "Mireille Miailhe": "Q3316000", "Trude Simonsohn": "Q2456132", "Halina Ku\u017aniak\u00f3wna": "Q13379386", "Tiny Mulder": "Q2241444", "Halina Beisert\u00f3wna": "Q7941096", "Liliane Blondeau": "Q24040893", "Truus van Lier": "Q2515634", "Miep Koffrie": "Q62565724", "Pastorita N\u00fa\u00f1ez": "Q6066170", "Irena Ko\u0142odziejska": "Q7942477", "Marie Alizon": "Q3292338", "Ewa Szuma\u0144ska": "Q9256870", "Fran\u00e7oise Marzellier": "Q42218683", "Annita Malavasi": "Q59359841", "Halina Wittig": "Q16334975", "Hana Krupkov\u00e1": "Q47265914", "J\u00f3zefa Radzymi\u0144ska": "Q7945513", "Urszula Plenkiewicz": "Q106508939", "Simone Sauteur": "Q42529230", "Mary McLeod Rogers": "Q104813078", "Ronnie Goldstein-van Cleef": "Q2894394", "Aldona Rymsza": "Q85854252", "Winifred Anne Jacobs Walker": "Q71871322", "El\u017cbieta Korompay": "Q16543516", "Mariam Kereselidze": "Q50386620", "Norma Petree Shaver": "Q104813164", "Myrtle A. Rhoden": "Q104813118", "Betty Vogel": "Q67661685", "Danuta Brzosko-M\u0119dryk": "Q9201608", "Teresa Janasz": "Q9357299", "Nelda Weeks": "Q71862947", "Ruth Waller": "Q6531551", "Adelaide Murphy": "Q105979031", "Danuta Mostwin": "Q11692871", "Jacqueline Pardon": "Q3157778", "Geke Linker": "Q78362723", "Danuta \u0141ozi\u0144ska": "Q18226284", "Gisela S\u00f6hnlein": "Q78200775", "Virginia Louise Brown": "Q71425321", "M\u00e9lanie Berger-Volle": "Q61919895", "Mariya Smirnova": "Q12153951", "Davetter Shepard": "Q104813119", "Marie-Louise Kergourlay": "Q106315539", "Anna Borkiewicz-Celi\u0144ska": "Q9155052", "Laurette Demaret": "Q16262749", "Jany Sylvaire": "Q83807804", "Juliette Weill": "Q26178962", "Nell Smith Lutz": "Q104813107", "Joy Kade\u010dkov\u00e1": "Q61715243", "Maria Dybaczewska": "Q28653961", "Jette Hecht-Johansen": "Q62080605", "Gertruda \u015awierczek": "Q42392939", "Odette Kerbaul": "Q37801598", "Elizabeth Ryan Wiviott": "Q104812954", "Hanna Bi\u0144kowska": "Q7941184", "Paule Bourguignon": "Q22955280", "Wanda Paw\u0142owicz": "Q24732802", "\u0412\u0430\u0440\u0432\u0430\u0440\u0430 \u041f\u044f\u0442\u0440\u043e\u045e\u043d\u0430 \u0412\u044b\u0440\u0432\u0456\u0447": "Q28599297", "Doris McGraw Cobb": "Q67663680", "Rozalia Osuch-Jaczewska": "Q86249273", "Wendy Bishop": "Q93593932", "Ana Jug-Olip": "Q95193292", "Betty Baker": "Q104812992", "Jean Comins Mitchell": "Q104812999", "Carolyn Newby Finger": "Q104813003", "Mary Ellen West": "Q104813005", "Marjory Johnson": "Q104813056", "Jane G. Morey": "Q104813059", "Marilyn Roberts (Bobbi) Earp": "Q104813121", "Rose Elaine Male": "Q104813178", "Jessie E. McIntyre": "Q105978682", "Lola Chaconas": "Q105979050", "Jannie Raak": "Q2269647", "Kl\u00e1vdia Vav\u00edlova": "Q4102118", "Klavdija Ivanovna Sjatalova": "Q4520834", "Odile de Vasselot de R\u00e9gn\u00e9": "Q15617099", "Britta Lou Miller": "Q95889576", "Vietta M. Bates": "Q107469815", "Nina Belobrova": "Q101545036", "Hanna Czaki": "Q9285954", "Virginia Gilbert Mattson": "Q104812960", "Maria Kamecka": "Q24431345", "Yvette Renac": "Q108006391", "Aleksandra Khoroshilova": "Q4500151", "Gra\u017cyna Zasacka": "Q7944542", "Krystyna Wycza\u0144ska": "Q11748802", "Claire Monis": "Q106831396", "Dorothy M. Miller": "Q104813144", "R\u00f3\u017ca Nowotna-Walcowa": "Q20668488", "Helene Rounder": "Q106925607", "Evelyn Henson": "Q104813161", "Marion Anna Steinhilber": "Q70955692", "Franciszka Ramotowska": "Q9263163", "Norma Barbolini": "Q3878436", "Ma\u00efti Girtanner": "Q3303417", "L\u00e9a Blain": "Q19924117", "\u00c9lisabeth Quintenelle": "Q3587912", "Sara Livni": "Q6724502", "Zofia de Pourbaix": "Q9391907", "Maria Bia\u0142obrzeska": "Q11768733", "Gilberte Lavaire": "Q3105919", "Angelina Milazzo": "Q47240173", "Anna Pawe\u0142czy\u0144ska": "Q562847", "Janina Ludwika Bauer-Gellert": "Q106223481", "Penny Edlin": "Q71215937", "Myrtle Otto Hanke": "Q104813094", "Danuta Wody\u0144ska": "Q11220078", "Jos Gemmeke": "Q2321287", "Jane Hydes Council": "Q104813038", "Paulette Bouchoux": "Q99654409", "Germaine Bonnafon": "Q61043307", "\u8881\u7af9\u6797": "Q15908440", "Anise Postel-Vinay": "Q19606396", "Mariya Grichanova": "Q5150680", "Janina Przysi\u0119\u017cniak": "Q11719858", "Lidiya Shtykan": "Q4527065", "Persa Bosanac": "Q12757149", "Suzanne Citron": "Q3505930", "Susie Winston Bain": "Q104813131", "Petertje van den Hengel": "Q4617006", "Jadwiga Holnicka-Szulc": "Q11715889", "Nicole Clarence": "Q96142924", "Anna Bursche-Lindnerowa": "Q11686223", "Zofia Beisert\u00f3wna": "Q7941100", "Magdalena Morawska": "Q7943146", "Maryla Strzembosz": "Q11770884", "Zofia Jarkowska-Krauze": "Q7942189", "Andr\u00e9e Dumon": "Q16262799", "Lucy Phillips Pugh": "Q104813020", "Alicja Kuna-I\u017cowska": "Q11685400", "Suzanne Olivier": "Q3506014", "Iryna Babuniak": "Q12080022", "Danuta Rossman": "Q56850812", "Paulette Sauboua": "Q50364851", "Alicja Go\u0142od-Go\u0142\u0119biowska": "Q7941875", "Blanka Kaczorowska": "Q9174211", "Janina Zamojska": "Q23071984", "Ellen Jordan": "Q104813980", "Simone Chalon": "Q16676887", "Maria \u017bmigrodzka": "Q11769283", "Irena Pozna\u0144ska": "Q11713821", "Mary Vaders": "Q18655506", "Denise Albert": "Q52159008", "Maria Ginter": "Q8861374", "Eryka Tyszk\u00f3wna": "Q7944278", "Yevdokiya Dmitriyeva": "Q18238810", "Belinde M. Th\u00f6ne-Siemens": "Q15638299", "Simonne Brugghe": "Q1900797", "Mary Sabourin": "Q104813045", "Anna Vysotskaya": "Q4129540", "Wanda Wasilewska": "Q9370845", "Krystyna Samborska": "Q11748766", "Maria Donaj": "Q24263426", "Hanna Nowicka": "Q27971160", "Leokadia Rowinska": "Q95202284", "Fran\u00e7oise Siefridt": "Q95204893", "Frances M. Hobbins": "Q104813001", "Elizabeth C. Hickcox": "Q104813013", "Eleanor Rigney": "Q104813046", "Dorothy Mae Griffin Rice": "Q104813057", "Ruth Kent Petker": "Q104813069", "Nina Johnson Wiglesworth": "Q104813076", "Anita M. Keller": "Q104813086", "Anna Louis Henderson": "Q104813165", "Edna Painter Searles": "Q104813975", "Helen Boileau Hester": "Q104813979", "Cl\u00e9mence-Annick Burgard": "Q105045605", "Aleksandra Shlyakhova": "Q105101945", "Georgia Motsinger Burton": "Q105979042", "Yuliya Pashkova": "Q4347605", "Helena Junkiewicz": "Q9287356", "Ljudmila Kerin": "Q12795033", "Irena Nowakowa": "Q16560356", "\u0421\u0442\u0440\u0456\u043b\u0435\u0446\u044c \u041e\u043b\u044c\u0433\u0430 \u041e\u043b\u0435\u043a\u0441\u0430\u043d\u0434\u0440\u0456\u0432\u043d\u0430": "Q12158334", "Betty Hyatt Caccavale": "Q104813040", "Appolinariya Zenkova": "Q4191428", "Bronia Klibanski": "Q96758036", "El\u017cbieta Krajewska": "Q85860690", "Josane Duranteau": "Q19544324", "Stefania Grzeszczak": "Q7941997", "Alice Coudol": "Q107990040", "Krystyna Bierut-Maminajszwili": "Q11748651", "Phyllis Hinton Snyder": "Q104813093", "Irena K\u0105kol": "Q7945004", "Wiesje Boonzaaijer": "Q56174841", "Marcelle Engelen": "Q106110969", "Gaby Wolff": "Q55740235", "Gertruda Biernat": "Q23071577", "Kalina Sk\u0142odowska-Antonowicz": "Q11733780", "H\u00e9l\u00e8ne Berthaud": "Q16773106", "Ellis Brandon": "Q2115741", "Krystyna Bednarczyk": "Q11748649", "Barbara Gancarczyk": "Q9165369", "Edythe Jean Hathaway": "Q71562791", "Irena Makowska": "Q17300317", "Marcelle Loeb": "Q25826263", "Paulette Davin": "Q30152162", "Marie Chamming's": "Q3292427", "Katarzyna Borowi\u0144ska": "Q42393038", "Renato Lodi": "Q63344301", "Marie-Jos\u00e9 Chombart de Lauwe": "Q3291974", "Lidia Daniszewska": "Q7941471", "Gina Moncigoli": "Q60197919", "Franca Barbier": "Q47240167", "Patricia W. Pasbach": "Q71163100", "Krystyna Ca\u0142a": "Q11748661", "V\u011bra Ku\u010derov\u00e1": "Q76479205", "\u054c\u0578\u0566\u0561\u056c\u056b\u0561 \u0531\u0562\u0563\u0561\u0580\u0575\u0561\u0576": "Q77638862", "Claude Michel": "Q50673009", "Irena Dole\u017cal-Nowicka": "Q97179107", "Anna i Jerzy Tarnawscy": "Q97279299", "Alina Radkowska": "Q9148352", "Joke Folmer": "Q2411275", "Anna Turkiewicz-Jablczynska": "Q9155769", "Teresa Bojarska": "Q9357262", "Odile Arrighi": "Q107639888", "Simone Souloumiac": "Q3484615", "Ewa Hanulanka": "Q7942040", "Maria \u0141yczko": "Q11769279", "Jan de Rooij": "Q2370482", "Halina Gaca": "Q9285342", "Th\u00e9r\u00e8se Menot": "Q55672906", "Lyudmila Foya": "Q12166089", "Bertha Barwikowski": "Q104813133", "Jean-Cl\u00e9ment Labourdette": "Q11310268", "R\u00e9gine Gattegno": "Q25767994", "Olga Golubeva-Teres": "Q15206264", "Alice Hirsch": "Q33083652", "Lydia Riezouw": "Q2285645", "Janina Trojanowska-Zborowska": "Q11719878", "Jacqueline Teyssier": "Q98065186", "Marianna Krasnod\u0119bska": "Q85865635", "Anne-Marie van Oost": "Q92282904", "Jewgenija Derjugina": "Q43376512", "Monique Livry-Level": "Q11985010", "Doris Wofford Armenaki": "Q104813025", "Gladys L. Dimmick": "Q104813002", "Annick van Hardeveld": "Q1947096", "Ewa Jegli\u0144ska": "Q52145302", "Nina Ivantsova": "Q4196842", "Zofia Czechowska": "Q65771073", "Zenta Ozola": "Q24351985", "Ellen Brown Steel": "Q104813101", "Krystyna Koli\u0144ska": "Q11748710", "Stanis\u0142awa Nadstawek": "Q7945256", "D\u00fcrr\u0259 M\u0259mm\u0259dova": "Q12838765", "Marie Hutn\u00edkov\u00e1": "Q68431645", "Helena \u015awi\u0105tek": "Q9287453", "Valentina Sergeevna Barchatova": "Q18236231", "Li Landing": "Q55694958", "Odette Nil\u00e8s": "Q93611735", "Madeleine Aylmer-Roubenne": "Q94772849", "Ren\u00e9e Wiener": "Q95193631", "Mariya Zubchenko": "Q101519352", "Lucille Ingram Pauquette": "Q104812987", "Constance Cline Phillips": "Q104813028", "Ann Henning Moore": "Q104813047", "Jaenn Coz Bailey": "Q104813088", "Audrey Meyers": "Q104813098", "Arlene Chalifoux Jeffers": "Q104813977", "Sarah B. Greenlee": "Q104813982", "Jadwiga Desage": "Q104852815", "\u041c\u0438\u043a\u043e\u0442\u0430, \u041c\u0430\u0440\u0438\u044f \u041c\u0430\u043a\u0430\u0440\u044c\u0435\u0432\u043d\u0430": "Q105361370", "Jacqueline Bidegorri": "Q105898350", "Adeline Ledesma Teague": "Q105979033", "Sylvia K. Swink": "Q105979067", "Frances Butler": "Q105979076", "Zofia Laskowska": "Q7942730", "Barbara Grochulska": "Q9165387", "Maria Rondoma\u0144ska": "Q61040222", "Danuta Barbara Dzieka\u0144ska": "Q9201601", "Mae-Marie Irons": "Q70960537", "Anka Pa\u0111en": "Q4342071", "Maria Teresa Regard": "Q3847563", "Leonie van Rooij-Overgoor": "Q18655488", "Lisette Bolle": "Q27062791", "\u0414\u0430\u0440\u044c\u044f \u042e\u0440\u044c\u0435\u0432\u043d\u0430 \u0413\u0443\u0441\u044f\u043a": "Q4152919", "Anna Sabbat": "Q9155653", "Helena Wolny": "Q30230928", "Hanna Bedry\u0144ska": "Q2392993", "Mireille Chrisostome": "Q3315951", "Irena Kummant-Skotnicka": "Q18067330", "Gerrie Welbedacht": "Q61741141", "Krystyna Daszkiewicz": "Q20165650", "Danuta Ga\u0142kowa": "Q9201635", "Maria Sophia von Weryha-Wysoczanska": "Q75779008", "Feliksa Szczerbiak": "Q56255903", "Anna Przemyska": "Q9155596", "Anne Gayle Ingram": "Q105080965", "Anna Leszczy\u0144ska": "Q55825475", "Diet Kloos-Barendregt": "Q19818901", "Louise van Santen": "Q52609297", "Jolande Gerardine Spangenberg": "Q47510516", "Irena Lauda\u0144ska-Dec": "Q11713791", "Sylvi Paaso": "Q18688561", "Stanis\u0142awa Lewandowska": "Q24949640", "Barbara Otwinowska": "Q20028297", "Germaine Ameye": "Q56669761", "Budzimira Wojtalewicz-Winke": "Q19913135", "Halina Pilawska": "Q20829463", "Mireille Albrecht": "Q21069334", "Barbara Hulanicka": "Q9165410", "Mildred C. Fritz": "Q71448975", "Loek Caspers": "Q66363349", "Anna Wajcowicz": "Q7944316", "Irena Szanser": "Q97278879", "Gera Chausheva": "Q19205544", "Stefania Szantyr-Powolna": "Q26076834", "Nina Gerasimova": "Q4136049", "Zinaida Tsukanova": "Q4506130", "Jeanne Dientje Woerdeman-Evenhuis": "Q2527332", "Maria Lewicka": "Q11768998", "Maria Kowalska": "Q7942559", "Annick Pizigot": "Q24076406", "Irena Filuk": "Q21293719", "Antonina Maria z Siemie\u0144skich Sapie\u017cyna": "Q9157842", "Lucia Ottobrini": "Q3838469", "Janina B\u0142aszczak": "Q23071592", "Marzenna Schejbal": "Q16575265", "Odette Bergoffen": "Q50364828", "Olga L. Lathrop": "Q105979063", "Mirjam Ohringer": "Q1339825", "Walentyna Stempkowska": "Q85869985", "Hilary Stewart": "Q19361373", "Li Min": "Q20063506", "Danuta Kaczy\u0144ska": "Q9201670", "Janina Pawliszewska": "Q85854508", "Mary Cugini Necko": "Q104813039", "Jean Schiffman": "Q71845004", "Zofia Raciborska": "Q9391840", "Ann Kaplowitz Goldberg": "Q104813089", "Anna Vasilevna Isaeva": "Q19909748", "Anna Branicka-Wolska": "Q11686222", "Zofia D\u0105browska": "Q7941495", "Zofia Zieli\u0144ska-Porayska": "Q24052959", "Ewa \u017bygulska": "Q18697228", "Josiane Somers": "Q91359057", "Barbara Wojtowicz-Natanson": "Q9165660", "Valeria F. Hilgart": "Q104813105", "Krystyna Bojarska": "Q61944250", "Yvette Andr\u00e9": "Q65239271", "Antonina Wojciechowska": "Q85859621", "Henrietta Stevenson Ingram": "Q104812977", "Margaret Marian Smith": "Q104812984", "Maria Magdalena Tryjarska": "Q104927467", "Domitila Guti\u00e9rrez Alba": "Q108143744", "Anna Kornacka": "Q11686255", "Irena Chodorowska": "Q11713722", "Aim\u00e9e Stitelmann": "Q78072194", "\u05d9\u05dc\u05e0\u05d4 \u05d5\u05e8\u05e9\u05d1\u05e1\u05e7\u05d9\u05d4": "Q16629269", "H\u00e9l\u00e8ne Jakubowicz": "Q20895003", "Catherine Varlin": "Q2942088", "Mary Patricia Laughlin": "Q71726818", "Maria \u015apiewak": "Q86724631", "Ann K. Watters": "Q104813122", "Zofia Kasperska": "Q7942390", "Danuta Winiarska": "Q19826269", "Milojka \u0160trukelj": "Q18642993", "Bo\u017cenna Ra\u017cniewska": "Q7943611", "Yolande Theule-Bacquet": "Q63533895", "Elsie Smith": "Q71865772", "Celina Siwkowska": "Q23071853", "S\u0142awomira Zarod": "Q27971127", "Marisa Musu": "Q3849324", "Maria Wi\u0119ckowska": "Q7944388", "Irena Rybczy\u0144ska-Holland": "Q11713826", "Maria Dziak": "Q7941720", "Danuta Szyksznian": "Q9201752", "Janina Teresa Szostakiewicz": "Q11719875", "Anna Proszkowska": "Q75839426", "Maria Sadowska-Wr\u00f3blewska": "Q60833498", "Anna Sosnowska": "Q97161522", "Violet K. Caudle": "Q104813973", "Joanna Domaszewska": "Q11727398", "Maria Swierczewska": "Q7944056", "Marie-Louise Moru": "Q106601185", "Ewelina Nowak": "Q16544553", "Rina Havron": "Q101580391", "Nad\u011b\u017eda Br\u016fhov\u00e1": "Q104836377", "Nanka Serkedzhieva": "Q25478652", "Vanda Bin\u011bvsk\u00e1": "Q99640555", "Alicja Solska-Jaroszewicz": "Q7943962", "Yvette Grollet-Briand": "Q42218701", "Danuta Jab\u0142o\u0144ska-Fr\u0105ckowiak": "Q11692860", "\u0411\u0440\u044f\u043d\u0441\u043a\u0430\u044f, \u041f\u043e\u043b\u0438\u043d\u0430 \u0421\u0442\u0435\u043f\u0430\u043d\u043e\u0432\u043d\u0430": "Q21636511", "\u0429\u0435\u0440\u0431\u0430\u043a, \u041c\u0430\u0440\u0438\u044f \u041a\u0443\u0437\u044c\u043c\u0438\u043d\u0438\u0447\u043d\u0430": "Q86664619", "Feng Lida": "Q28355223", "Stefania Oryl": "Q29016408", "Maria Joanna Radomska": "Q8864510", "Eugenia Maria Cegielska": "Q27300082", "Zuzanna Stromenger": "Q7944013", "Henryka Brzeska": "Q7941293", "Klavdiya Kalugina": "Q28037312", "Ewa Konopacka": "Q55392335", "Ailsa Betty Edwards": "Q61249125", "Kazimiera Wolniewicz": "Q65159863", "Audrey Ann Fisher": "Q104813100", "Elaine Agnes Anderson": "Q104813137", "Galina Zhukova": "Q4181431", "Maria Su\u0142owska-Dmochowska": "Q8865283", "Mira Ben Ari": "Q6969292", "Nina Azolina": "Q4058441", "Dorota \u0141empicka": "Q7942885", "Bronis\u0142awa Romanowska-Mazur": "Q53549683", "Teresa Wilska": "Q9357380", "Alicja Czerwi\u0144ska": "Q7941444", "Zofia Stefanowska-Treugutt": "Q9391865", "Gwendolen 'Bunty' Sergant": "Q80930434", "Janny Laupman": "Q47680178", "Zofia Leszczy\u0144ska": "Q63246801", "Wis\u0142awa Samulska-Sk\u0142odowska": "Q20829464", "Costavina Aya Ayal": "Q28064192", "Irena Jaczynowska": "Q11713760", "Anna Nelken": "Q7943214", "Alfr\u00e9da Bridoux": "Q55315995", "Aleksandra Korewa": "Q18192744", "Olga Ban": "Q2351716", "Teodora Angela Lefterescu": "Q18548515", "Anna Laskowicz\u00f3wna": "Q9155363", "Stefania Pity\u0144ska": "Q19697956", "Siyka Tsoncheva": "Q28038728", "Maria Stypu\u0142kowska-Chojecka": "Q11769171", "Adelaide Salati": "Q65931853", "Halina Najder": "Q62083932", "Halina J\u0119drzejewska": "Q17544540", "Zofia Grodecka": "Q85853932", "Danuta Rogalczyk-Martusewicz": "Q16334921", "Gais Meinsma-Greydanus": "Q78372939", "Wanda Broszkowska-Piklikiewicz": "Q9370754", "Anna Andrusikiewicz": "Q9154998", "Barbara Kie\u017cun": "Q9165427", "Halina Suwa\u0142a": "Q11708459", "Stefania Paszkowska": "Q7945398", "Ewa Ma\u0144kowska": "Q9256657", "Jolanta Moro\u0144ska": "Q11728089", "Wanda Klimek": "Q76610309", "Grace Alexander": "Q104812964", "Geraldine Muse Phillips": "Q104813073", "Ibtisamat Mohamed Abdullah": "Q28716022", "Zipora Neria": "Q30526703", "Nina Baumstein": "Q96807672", "Ma\u0142gorzata Lorentowicz": "Q8862921", "Erma Flitsch": "Q67777545", "Janina \u0141uszczewska-Heine": "Q61944428", "\u042e\u0437\u044d\u0444\u0430 \u041d\u0430\u0439\u0434\u0437\u044e\u043a": "Q6549365", "Valeriya Borts": "Q4094833", "Wanda Traczyk-Stawska": "Q21290614", "Teresa Kruszewska": "Q17275667", "Suzanne Orts": "Q50359982", "Barbara Kojer": "Q30607958", "Lois A. Johns": "Q71568176", "Halina Paszkowska-Turska": "Q29051566", "Anna Bautsch": "Q9155010", "Maria Radomska": "Q11769112", "Czes\u0142awa Karaszewska": "Q16334801", "Barbara Zmys\u0142owska": "Q7944594", "Zoharah Levyatov": "Q12407209", "Zinaida Shipanova": "Q104779155", "Martha Marshall Baker": "Q70957931", "Bridget Islay Forbes Adam": "Q75935026", "\u05d7\u05e0\u05d4 \u05d9\u05e4\u05d4": "Q6915829", "Mar\u00eda Gallego Abeledo": "Q29275293", "Zofia Dillenius": "Q98104400", "Lunary Love": "Q104813109", "Zofia \u0141azor": "Q60980797", "Halina Grabowski": "Q107469821", "Gal\u00edna Doub\u00e9eva": "Q28358761", "Eleanor M. Carey": "Q67697871", "Irena Schirt\u0142adze": "Q7943820", "Ginette Lion-Cl\u00e9ment": "Q106010256", "Krystyna Ni\u017cy\u0144ska": "Q11748751", "Izabela Dzieduszycka": "Q16560576", "S\u0142awa Kwa\u015bniewska": "Q9353028", "Jolanta Kolczy\u0144ska": "Q11728071", "Krystyna Kabzi\u0144ska": "Q18192741", "Klara Solonenko": "Q21293841", "Lilianna Drzewiecka": "Q20028741", "Marie Kevensky": "Q104813058", "Izabela Rybicka": "Q11714690", "Hanna Szczepanowska": "Q9286041", "Hadassa Lempel": "Q12406438", "Anna Piskorska-Chlebowska": "Q8864232", "Teresa Lewtak-Stattler": "Q7942829", "El\u017cbieta Dzi\u0119bowska": "Q9253115", "Barbara Lewandowska": "Q102047085", "Maria Chmiel": "Q11768773", "Gusta Olivier-Vonk": "Q50398551", "Anna Przec\u0142awska": "Q9155592", "Maria Szypowska": "Q11769190", "Krystyna Szmeja": "Q23071907", "Danuta Or\u0142owska": "Q16334896", "Katalin Papp": "Q1229621", "Nguy\u1ec5n Th\u1ecb Chi\u00ean": "Q10799600", "J\u00f3zefa \u017byci\u0144ska": "Q54892961", "Margaret Easterly Canfield": "Q70806701", "Ruth Moritz": "Q6983010", "El\u017cbieta \u0141aniewska-\u0141ukaszczyk": "Q9253322", "Maria Budzanowska": "Q11768758", "Lenora I. Nagel": "Q104813147", "Maria Dmochowska": "Q11768807", "Yehudit Yehezkeli Galili": "Q107605897", "Barbara Pratt-LeMahieu": "Q72044100", "Simone Lagrange": "Q22813114", "Barbara Seidler": "Q19267313", "Patricia Lee Accountius": "Q71453937", "\u90ed\u4fca\u537f": "Q15942998", "Weronika Sebastianowicz": "Q16614587", "Vera Perlingerova": "Q54809196", "Joan R. Kammer Horton": "Q104813102", "Naomi Shadmi": "Q7063518", "Micheline Chanteloube": "Q97930399", "Maria Kamocka": "Q11768941", "Laura Jacquelin Coggin": "Q70597984", "Mildred Smith Johnson": "Q104813138", "Joan E. Gerichten": "Q104813976", "Betty Hemphill": "Q104813986", "Jadwiga Obrembalska": "Q97370992", "Shula Ligum": "Q42298347", "Luvenia Mitchell": "Q104813146", "Esa Sepp\u00e4nen": "Q11858613", "Paula J. Johnson": "Q104813167", "Jeanette Gilmour": "Q95884216", "Hannah Hirsch": "Q6782622", "M\u00e1ria Rajcs\u00e1nyi": "Q1245488", "Eleanor Steinhebel Gurney": "Q104813075", "Shirley D. Brantley": "Q104813158", "Hye-rin Ch\u014fn": "Q12615382", "Dorthe Emilie R\u00f8ssel": "Q29457162", "Erika S\u00f6r\u00f6s": "Q1315462", "\u05e8\u05d5\u05ea \u05de\u05d5\u05e9\u05db\u05dc": "Q68014340", "Ruth Virginia Payne Brown": "Q104813141", "Dorothy Jane Rechel": "Q104813143", "Barbara E. Gove": "Q104813099", "Shirley F. John": "Q105979044", "Joycestane Brant Malcolm": "Q104813070", "Shirley Crute": "Q95880220", "Patricia A. Silvestre": "Q71843811", "\u00c9va Nagy": "Q1214713", "\u05e2\u05dc\u05d9\u05d6\u05d4 \u05de\u05d2\u05df": "Q16133453", "T\u1ea1 Th\u1ecb Ki\u1ec1u": "Q30919910", "M\u00e1rta Osztermann": "Q1226776", "Margareta Mehedin\u021beanu-Ionescu": "Q51042510", "Greta Mkrtchyan": "Q61668061", "Lucr\u00e9cia Pa\u00edm": "Q96195304", "\u0539\u0561\u0574\u0561\u0580\u0561 \u0546\u0561\u0566\u0561\u0580\u0575\u0561\u0576": "Q20509684", "Halyna Shurepova": "Q4527954", "Alicia Rey Morales": "Q62988449", "\u7533\u5141\u7199": "Q12604507", "Kaarina Buure-H\u00e4gglund": "Q16167672", "Marcia Baer Larsen": "Q70792258", "Erzs\u00e9bet Stanek": "Q1291219", "Gretchen C. Davis": "Q104813043", "Charlotte Holder Clinger": "Q104813177", "Teresa Espaillat Hern\u00e1ndez": "Q65166262", "\u0425\u043e\u0442\u0447\u0435\u043d\u043a\u043e, \u0412\u043b\u0430\u0434\u0438\u043c\u0438\u0440 \u041c\u0438\u0445\u0430\u0439\u043b\u043e\u0432\u0438\u0447": "Q97180040", "Mar\u00eda Elia Topolansky": "Q62988139", "Margarita Spasova": "Q12285893", "Susie McArthur": "Q104813145", "Ayala Hochman": "Q107283520", "Gy\u00f6rgyi B\u00e1cskai": "Q852612", "Margit Moln\u00e1r": "Q1178711", "Teresa Afonso": "Q96195495", "Marian E. Weller": "Q70912019", "Shoshana Bar-Nun": "Q107170565", "Yessie Macchi": "Q63068441", "Engr\u00e1cia dos Santos": "Q96195325", "\u0540\u0565\u0572\u056b\u0576\u0565 \u0540\u0578\u057e\u0570\u0561\u0576\u0576\u056b\u057d\u0575\u0561\u0576": "Q20511509", "\u0536\u0565\u0574\u0586\u056b\u0580\u0561 \u0544\u056b\u056c\u056b\u057f\u0578\u0576\u0575\u0561\u0576": "Q20512248", "\u05d7\u05d3\u05d5\u05d4 \u05d0\u05dc\u05de\u05d5\u05d2": "Q6814254", "Jin Kyu Suh": "Q16171733", "\u0535\u056c\u0565\u0576\u0561 \u0544\u0561\u0580\u057f\u056b\u0580\u0578\u057d\u0575\u0561\u0576": "Q20510275", "Svetlana Nikolaevna Perova": "Q4351648", "Nina Lukashova": "Q105006607", "\u0531\u0572\u0561\u057e\u0576\u056b \u054d\u0561\u0570\u0561\u056f\u0575\u0561\u0576": "Q20511455", "H\u1ed3 Th\u1ecb K\u1ef7": "Q10772018", "Zhang Ning": "Q15925805", "\u0411\u0443\u0445\u0442\u043e\u044f\u0440\u043e\u0432\u0430, \u0412\u0430\u043b\u0435\u043d\u0442\u0438\u043d\u0430 \u0412\u043b\u0430\u0434\u0438\u043c\u0438\u0440\u043e\u0432\u043d\u0430": "Q4100575", "\u0422\u0430\u043c\u0430\u0440\u0430 \u0406\u0432\u0430\u043d\u0430\u045e\u043d\u0430 \u041d\u044f\u0442\u044b\u043a\u0441\u0430": "Q84725153", "Csom\u00f3s Vera": "Q874103", "\u05d0\u05e1\u05ea\u05e8 \u05d3\u05d5\u05de\u05d9\u05e0\u05d9\u05e1\u05d9\u05e0\u05d9": "Q7060529", "\u05de\u05d9\u05e8\u05d9 \u05d2\u05d5\u05dc\u05df": "Q18000283", "Marijana Mavsar": "Q12795789", "Donata Freifrau Schenck zu Schweinsberg": "Q23565716", "Ahuva Yanai": "Q6577140", "Xu Lili": "Q8248927", "\u0100rija Meikali\u0161a": "Q4289082", "Coulibaly Kani Diabat\u00e9": "Q79792823", "Israela Oron": "Q6635816", "M\u00e1ria R\u00f3th": "Q1253557", "\u0417\u0443\u043c\u0440\u0443\u0434 \u0417\u0430\u043f\u0438\u0440\u043e\u0432\u043d\u0430 \u0421\u0443\u043b\u0435\u0439\u043c\u0430\u043d\u043e\u0432\u0430": "Q29359566", "Fiona Anne Walthall": "Q75504857", "Erika Franke": "Q1312878", "Ziva Agami-Cohen": "Q17960126", "\u041a\u043e\u0437\u043b\u043e\u0432\u0441\u043a\u0430\u044f \u041e\u043a\u0441\u0430\u043d\u0430 \u0412\u0438\u0442\u0430\u043b\u044c\u0435\u0432\u043d\u0430": "Q91563737", "Jeanne PMR Winaktu": "Q16184437", "\u041c\u0430\u0440\u043a\u043e\u0432\u0430, \u0410\u043d\u043d\u0430 \u0411\u043e\u0440\u0438\u0441\u043e\u0432\u043d\u0430": "Q4282069", "Dana MacDuff": "Q5214780", "\u05de\u05e8\u05d9\u05dd \u05e2\u05d6\u05d5\u05e8\u05d9": "Q25081794", "\u0413\u043e\u043b\u0435\u043d\u0434\u0435\u0435\u0432\u0430, \u0422\u0430\u0442\u044c\u044f\u043d\u0430 \u041d\u0438\u043a\u043e\u043b\u0430\u0435\u0432\u043d\u0430": "Q55106576", "Susanne Bach Bager": "Q67625101", "Dvora Hasid": "Q19318260", "Dalva Maria Carvalho Mendes": "Q10263805", "Mar\u00eda Eugenia Sader": "Q4141503", "Rose Ang\u00e9line Nga": "Q56072334", "Britt Brestrup": "Q26714939", "Ahuva Tomer": "Q6041262", "Manimbul Manurung": "Q19738481", "Anne Cullerre": "Q13566343", "Tamar Dayan": "Q6648722", "Brigitte Jullien": "Q65131164", "Genevi\u00e8ve Sola Fidelle": "Q79865495", "Suzy Yogev": "Q19302056", "Feodosia Furculi\u021b\u0103": "Q18540285", "Yelena Knyazeva": "Q28498328", "\u0533\u0561\u0575\u0561\u0576\u0565 \u0544\u0565\u057b\u056c\u0578\u0582\u0574\u0575\u0561\u0576": "Q20511835", "Gloria D. Davis": "Q5571353", "Maryline Gygax G\u00e9n\u00e9ro": "Q65143078", "Gloria Arenas Agis": "Q5881207", "Philom\u00e8ne Nga Owona": "Q56306071", "Madelein Spit": "Q60676368", "Corinne Faut": "Q15874047", "Saule Ajtpajewa": "Q63797063", "Heike Groos": "Q51872273", "Ayala Hakim": "Q16131079", "Zuzana Krocova": "Q104814014", "Elisabeth Natvig": "Q17105740", "S\u0142awomir Kowalski": "Q85132694", "Gilah Gazi\u02beel": "Q18919673", "\u053f\u0561\u0580\u056b\u0576\u0565 \u0540\u0578\u057e\u057d\u0565\u0583\u0575\u0561\u0576": "Q20511809", "Ingela Mathiasson": "Q20261702", "Yehudit Grisaro": "Q6965676", "Ofra Klinger": "Q21154868", "Douglas Linn Hickok": "Q95578805", "Romana Rupar": "Q12800398", "Monique Legrand-Larroche": "Q18397420", "Drago Magdi\u010d": "Q19934950", "Arega Sargsyan": "Q20512451", "Isabelle Guion de M\u00e9ritens": "Q3154934", "Yelena Vavilova": "Q55651099", "Larisa \u0218avga": "Q12731951", "Rachel Tevet-Wiesel": "Q6668594", "\u05d2\u05d9\u05dc\u05d4 \u05db\u05dc\u05d9\u05e4\u05d9-\u05d0\u05de\u05d9\u05e8": "Q6770401", "Patricia Ortega": "Q19766326", "Lim Sok Bee": "Q97817500", "Manja Blok": "Q57199777", "\u0645\u064a\u0633\u0648\u0646 \u0627\u0644\u0628\u0646\u0627": "Q106610451", "Germaine Seewer": "Q18224064", "Lenka \u0160merdov\u00e1": "Q29878194", "Nicole Louise Pearce": "Q26935203", "\u0421\u0442\u0430\u043d\u043a\u043e\u0432\u0438\u0447, \u0421\u043b\u0430\u0434\u0436\u0430\u043d\u0430": "Q28099673", "Hillie Beentjes": "Q97395964", "Dominique Arbiol": "Q97666541", "Marieta Sargsyan": "Q61993815", "Ayelet Yeruham": "Q19200906", "Mojca Pe\u0161ec": "Q18643013", "Lyudmila Shugaley": "Q47489705", "\u05e9\u05d5\u05e9\u05d9 \u05db\u05d7\u05dc\u05d5\u05df-\u05db\u05d9\u05d3\u05d5\u05e8": "Q58036688", "Irena Doroszkiewicz": "Q21440724", "Irena Avbelj": "Q12791438", "Sima Vaknin-Gil": "Q6767468", "Regina Mateus": "Q60042228", "\u0546\u0578\u0582\u0576\u0565 \u0531\u0562\u0580\u0561\u0570\u0561\u0574\u0575\u0561\u0576": "Q62030458", "Victoria Manetta": "Q52636823", "Yuliia Laputina": "Q88653809", "Tatjana Pe\u010dnik": "Q12803930", "Nazik Amiryan": "Q20512975", "Marie Olukemi Wach": "Q75738667", "Anna-Karin Broth": "Q57304578", "Olena Lavrinets": "Q25441773", "Nguy\u1ec5n Th\u1ecb Xu\u00e2n": "Q30921212", "Alla Vovk": "Q23658878", "Ingrid Margrethe Gjerde": "Q11977254", "\u05e2\u05e0\u05ea \u05d0\u05d6\u05e8\u05d9 \u05e1\u05d5\u05e8\u05e7\u05d9\u05e1": "Q63200020", "\u05e1\u05d9\u05d2\u05dc \u05d1\u05e8 \u05e6\u05d1\u05d9": "Q18035585", "\u05de\u05d9\u05db\u05dc \u05ea\u05e9\u05d5\u05d1\u05d4": "Q19810747", "Sigal Toledo": "Q85436074", "Helena Michalak": "Q26973418", "Maria Cristina Luinetti": "Q27966402", "Christine Sterbik": "Q2965994", "Sharon Nir": "Q21789584", "Juliane Gallina": "Q107192623", "\u053c\u0578\u056c\u056b\u057f\u0561 \u054e\u0561\u0580\u0564\u0561\u0576\u0578\u057e\u0561": "Q20511413", "Pernille Und\u00e9n": "Q107282785", "Monica Bonfanti": "Q73129547", "Ariella Ben-Avraham": "Q19361136", "Esther Yanez": "Q20492778", "Magdalena Kozak": "Q11766056", "Anne-C\u00e9cile Ortemann": "Q88176098", "\u0531\u0576\u0561\u0570\u056b\u057f \u0544\u0561\u0580\u057f\u056b\u0580\u0578\u057d\u0575\u0561\u0576": "Q20510185", "Mariya Biletska": "Q47489232", "Alice Miller": "Q12403956", "Nataliya Khoruzha": "Q30606142", "Alenka Petek": "Q12784245", "Lizbeth Robles": "Q6660577", "Anat Herskovits": "Q97978329", "\u0546\u0578\u0582\u0576\u0565 \u0531\u0569\u0561\u0575\u0561\u0576": "Q20511230", "Inka Niskanen": "Q59140428", "Wioleta Gorzkowska": "Q89035151", "Jessica Rose Epel Alupo": "Q105942912", "Alexandra Fabregue-Tondu": "Q94680454", "Ilil Shahar": "Q29465988", "Piroska Ailer": "Q59677343", "Susan Lakot Oruni": "Q67500467", "Adi Elazari": "Q51630378", "\u041d\u0456\u0436\u0438\u043d\u0441\u044c\u043a\u0430 \u0406\u0440\u0438\u043d\u0430 \u0421\u0435\u0440\u0433\u0456\u0457\u0432\u043d\u0430": "Q87770652", "Agnieszka Pogr\u00f3dka-W\u0119c\u0142awek": "Q9142414", "Song\u00fcl Yakut": "Q30124737", "\u05d0\u05e8\u05d9\u05d0\u05dc\u05d4 \u05dc\u05d6\u05e8\u05d5\u05d1\u05d9\u05e5'": "Q34229044", "\u05de\u05d9\u05e8\u05d1 \u05dc\u05e4\u05d9\u05d3\u05d5\u05ea": "Q53006488", "Elanor Boekholt-O'Sullivan": "Q59623496", "Nurit Canetti": "Q6580946", "Fay Potton": "Q1399003", "Narine Arakelyan": "Q13054224", "Coralie Delaume": "Q17485910", "Nadezhda Durachenko": "Q84720298", "Risa Miyoshi": "Q7485232", "Galina Mikhailova": "Q84720299", "\u0412\u043e\u043b\u044c\u0433\u0430 \u0427\u0430\u043c\u0430\u0434\u0430\u043d\u0430\u0432\u0430": "Q107314757", "Maddy Scheurer": "Q107028837", "Adi Stern Grundland": "Q60155023", "Nicolien Kroon": "Q18201952", "Yevgeniya Vasilyeva": "Q4104732", "Anna Barker": "Q559651", "Julie Carraz-Collin": "Q274466", "D\u00e9bora Pontecorvo": "Q5815544", "Katarzyna Mazurek": "Q27971073", "Alanda Scott": "Q944601", "\u041e\u043c\u0435\u043b\u044c\u0447\u0443\u043a \u041e\u043b\u044c\u0433\u0430 \u0406\u0432\u0430\u043d\u0456\u0432\u043d\u0430": "Q30956915", "Heather Vandeven": "Q137657", "Ange Laycock": "Q530901", "Miki Nishimura": "Q11628662", "Sophie Adenot": "Q87399454", "Debora Piu Boselli": "Q55416601", "\u041c\u0438\u0440\u0458\u0430\u043d\u0430 \u0414\u0440\u0430\u0433\u0438\u0447\u0435\u0432\u0438\u045b": "Q12755574", "Taryn Ashley Robinson": "Q23464788", "Jessica Dawley": "Q55596669", "\u0411\u0430\u0431\u043a\u0456\u043d\u0430 \u041e\u043b\u044c\u0433\u0430 \u0412\u0456\u043a\u0442\u043e\u0440\u0456\u0432\u043d\u0430": "Q20072888", "\u0413\u043e\u0440\u0431\u0430\u0447\u043e\u0432\u0430 \u0410\u043d\u0430\u0441\u0442\u0430\u0441\u0456\u044f \u0412\u0430\u043b\u0435\u043d\u0442\u0438\u043d\u0456\u0432\u043d\u0430": "Q47489246", "Denisa Smitalov\u00e1": "Q95332240", "Fernanda G\u00f6rtz": "Q10281181", "\u0410\u043d\u0434\u0440\u0443\u0445\u0456\u0432 \u041d\u0430\u0434\u0456\u044f \u041c\u0438\u0445\u0430\u0439\u043b\u0456\u0432\u043d\u0430": "Q21683209", "Jennifer Wygant": "Q1686991", "Paulina Bobak": "Q1514223", "Wendy Barranco": "Q20006753", "Manar Benkhalifa Miludi": "Q107362289", "Olga Kalendarowa-Ochal": "Q11797863", "Marta Bra\u00f1as": "Q57908781", "Claire M\u00e9rouze": "Q19629819", "Dilar\u0259 Babayeva": "Q30605057", "\u041a\u0438\u0442\u0430\u0435\u0432\u0430, \u041c\u0430\u0440\u0438\u044f \u0412\u043b\u0430\u0434\u0438\u043c\u0438\u0440\u043e\u0432\u043d\u0430": "Q62712907", "Morgane Riou": "Q21294808", "\u0421\u0438\u0442\u043d\u0438\u043a \u041a\u043b\u0430\u0432\u0434\u0456\u044f \u0412\u043e\u043b\u043e\u0434\u0438\u043c\u0438\u0440\u0456\u0432\u043d\u0430": "Q85854922", "Dong Xue": "Q535750", "Hila Levy": "Q5760706", "Katarzyna Tomiak": "Q16565838", "Guadalupe Porras Ayuso": "Q97487828", "\u9a6c\u5e38\u5229": "Q9012068", "Iwona Wicha": "Q60832677", "Karolina Pito\u0144": "Q1734217", "Megan Henry": "Q77725613", "Natalia Rybarczyk": "Q21293840", "Mai Tsugumi": "Q28692196", "\u05d0\u05e4\u05e8\u05ea \u05e7\u05d9\u05d9\u05e7\u05d5\u05d1": "Q76513877", "Maria Berlinska": "Q47489237", "Shushan Stepanyan": "Q87596574", "Irena Lomakivska": "Q26256058", "Ar\u0259st\u0259 Bax\u0131\u015fova": "Q101818801", "Hsieh Yun-ting": "Q18119183", "\u041d\u043e\u0441\u043a\u043e\u0432\u0430 \u041a\u0430\u0442\u0435\u0440\u0438\u043d\u0430 \u0412\u043e\u043b\u043e\u0434\u0438\u043c\u0438\u0440\u0456\u0432\u043d\u0430": "Q30607394", "Marta Mysur": "Q71961202", "Priscillah Tabunda": "Q64763217", "Jenny B\u00f6ken": "Q1238424", "Captain Ella": "Q104873322", "\u9ad8\u6148\u59a4": "Q18669428", "Irina Ivanyush": "Q23659601", "\u6e05\u6c34\u7dbe\u4e43": "Q76283360", "Rossiyana Markovskaya": "Q98152587", "Paulina Kaczy\u0144ska": "Q20028056", "Anna M\u0105ka": "Q9155510", "Mona Wabnigg": "Q1943939", "Ay\u015fe Deniz Karacagil": "Q102104380", "Kazari": "Q65234402", "Valeria Ferrari": "Q50772813", "Megan High Bear": "Q92466414", "Nadiya Morozova": "Q67962295", "Diana Salman": "Q1208854", "Sabina Galitska": "Q50408765", "Viktoriya Soroka": "Q20096934", "Barin Kobane": "Q53549649", "Kinga Zbylut": "Q16566652", "Ajeng Tresna Dwi Wijayanti": "Q97306959", "Victoria Zaverukha": "Q30961105", "Tsubasa Komura": "Q28689632", "Luisa Hornung": "Q60194234", "\u0428\u0435\u043c\u0447\u0443\u043a \u041a\u0430\u0440\u0438\u043d\u0430 \u041e\u043b\u0435\u0433\u0456\u0432\u043d\u0430": "Q107181975", "Vanessa Guillen": "Q97020734", "Mar\u00eda V\u00e1zquez Blanco": "Q97218493", "Caroline Hart": "Q1044503", "Djignabo Badji": "Q3032952", "Estera Heiber-Fajersztejn": "Q3058929", "Guiraude de Lavaur": "Q3120648", "Maya P\u00e9ron": "Q3302910", "Suzanne Moons": "Q3506010", "\u0422\u0445\u044f \u0421\u0435\u043d \u0425\u0438": "Q4466912", "Zuhurat Baba": "Q6047396", "\u05d0\u05d9\u05e0\u05d4 \u05d5\u05d5\u05dc\u05e3": "Q6588766", "\u05d7\u05e0\u05d4 \u05e7\u05dc\u05e8": "Q6600912", "Mirla Gal": "Q6870186", "Saira Batool": "Q7402502", "Eleonora Wanda Ptaszek": "Q9252636", "Isabel Dias": "Q10303793", "Isabel Fernandes": "Q10303795", "\u041d\u043e\u0432\u0430\u043a\u0456\u0432\u0441\u044c\u043a\u0430 \u0421\u0442\u0435\u0444\u0430\u043d\u0456\u044f": "Q12133882", "Alexandrina Ivanova": "Q12271385", "Erika Demiraj": "Q13038673", "Nada Jahjah": "Q16011400", "\uace0\ud61c\uc9c4": "Q16180700", "\u0422\u0438\u0441\u043e\u0432\u0441\u044c\u043a\u0430 \u0421\u0442\u0435\u0444\u0430\u043d\u0456\u044f": "Q16720005", "Barbara Fernandes": "Q17318049", "Garcia Rodrigues": "Q17318192", "Irena Ma\u0142czuk": "Q17696805", "Widya Latief": "Q19745199", "Susan M. Puska": "Q20062608", "\u0411\u0443\u0440\u0434\u044e\u0436\u0430 \u0422\u0435\u0442\u044f\u043d\u0430 \u0412\u0430\u043b\u0435\u0440\u0456\u0457\u0432\u043d\u0430": "Q20066103", "\u0414\u0443\u0433\u0430\u0440\u044c \u041d\u0430\u0442\u0430\u043b\u0456\u044f \u041f\u0430\u0432\u043b\u0456\u0432\u043d\u0430": "Q20066951", "\u041a\u043e\u0432\u0430\u043b\u044c\u043e\u0432\u0430 \u0412\u0456\u043a\u0442\u043e\u0440\u0456\u044f \u042e\u0440\u0456\u0457\u0432\u043d\u0430": "Q20067603", "Viktoriya Cherkasova": "Q20070684", "\u0410\u0434\u0430\u043c\u0435\u043d\u043a\u043e \u0413\u0430\u043b\u0438\u043d\u0430 \u041f\u0430\u0432\u043b\u0456\u0432\u043d\u0430": "Q20072567", "\u041c\u0435\u043b\u044c\u043d\u0438\u043a \u0421\u0432\u0456\u0442\u043b\u0430\u043d\u0430 \u0412\u0430\u0441\u0438\u043b\u0456\u0432\u043d\u0430": "Q20096922", "\u0421\u043a\u043e\u0432\u043e\u0440\u043e\u043d\u0441\u044c\u043a\u0430 \u041d\u0430\u0442\u0430\u043b\u0456\u044f \u0412\u043e\u043b\u043e\u0434\u0438\u043c\u0438\u0440\u0456\u0432\u043d\u0430": "Q20096933", "Yolande F\u00e9rier de Thi\u00e8rache": "Q20899956", "Andrea Martynowski": "Q21505950", "S\u0153ur Th\u00e9r\u00e8se": "Q22249360", "\u041c\u0435\u0434\u044f\u043d\u0430 \u0406\u0440\u0438\u043d\u0430 \u042e\u0440\u0456\u0457\u0432\u043d\u0430": "Q25419949", "\u0420\u0443\u0431\u043b\u044c\u043e\u0432\u0430 \u0412\u0456\u0440\u0430 \u041e\u043b\u0435\u043a\u0441\u0430\u043d\u0434\u0440\u0456\u0432\u043d\u0430": "Q25420703", "\u0411\u0443\u0433\u0430\u0439\u0447\u0443\u043a \u041b\u044e\u0434\u043c\u0438\u043b\u0430 \u041c\u0438\u043a\u043e\u043b\u0430\u0457\u0432\u043d\u0430": "Q25436800", "Marina Barinina": "Q25436867", "Olga Polyakova": "Q25441871", "Balbina L\u00f3pez Roxo": "Q25510062", "Einat Gil-Tzuberi": "Q27020057", "Lucienne Gaillard": "Q27915674", "Orly Markman": "Q27990408", "Shanita Simmons": "Q28007503", "Meirav Kirshner": "Q28012994", "Maya Heller": "Q28237435", "Kate Norley": "Q30248954", "Celia Gonz\u00e1lez Pernas": "Q30608280", "Josefa Ramiro Souto": "Q30608329", "Tsionit Fattal Kuperwasser": "Q33004330", "\u05dc\u05d9\u05e8\u05d5\u05df \u05d3\u05d5\u05e0\u05dc": "Q37275987", "Penny Flett": "Q39756499", "Claire Morandat": "Q42330328", "\u05dc\u05d9\u05dc\u05d9 \u05d1\u05d0\u05d5\u05de\u05d4\u05e7\u05e8": "Q45155517", "Anne-Marie Bigot": "Q47075790", "Lilliard of Ancrum": "Q50298426", "Madeleine Jeudi": "Q51131274", "Rachel Rokah": "Q51300348", "Cristina Moreno Mart\u00ednez": "Q51763797", "Lynette Stevenson": "Q53202431", "Josneidy Castillo": "Q54826218", "\u041f\u0430\u0440\u0430\u0434\u0430 \u0412\u0430\u043b\u0435\u0440\u0456\u044f \u0411\u043e\u0440\u0438\u0441\u0456\u0432\u043d\u0430": "Q54965020", "\u0414\u043e\u043d\u0435\u0446\u044c \u0421\u043e\u043b\u043e\u043c\u0456\u044f": "Q55107938", "Jacqueline Saveria": "Q56309622", "Henriette Achiary": "Q57242429", "Ntora Lelouda": "Q60752013", "Margaret Jean Moloney": "Q60954029", "Edith Elizabeth Harler": "Q61197848", "Jetta H. Disco": "Q61694163", "Marnie S. Buchanan": "Q61698857", "Gayle D. Shaffer": "Q61699324", "Maureen M. Pennington": "Q61713678", "Sheherazad Lena Hartzell": "Q61718128", "Marthe Doutreligne": "Q61781021", "Patricia Costa": "Q61983738", "Jacqueline Vigne": "Q62560278", "Anne-Marie Th\u00e9rond": "Q62750328", "Marie Rem\u00e9rand": "Q62757691", "Marie Moinon": "Q64506258", "Denise Le Flohic": "Q65037641", "Maria Altagracia Tejada Quintana": "Q65165768", "Bibi Daulatnaz": "Q66622310", "Cynthia Rapp": "Q66733499", "Alexandra Hemmerly-Brown": "Q66759367", "Merriann E. McBride McKillip": "Q67560233", "Ruth Rowntree": "Q67560559", "Gertrude A. Lynn": "Q67560826", "Gertrude Neff Gay": "Q67561751", "Agnes Elaine Osborn Myers": "Q67611152", "Alice Nordly": "Q67611408", "Alta May Andrews Sharp": "Q67611668", "Barbara Fravenholtz": "Q67615305", "Betty Bowman": "Q67653076", "Devere Powell": "Q67662846", "Sarah Leach": "Q67664814", "Dorothy Early": "Q67665170", "Dorothy Haughton": "Q67665902", "Dorothy McDonald": "Q67671450", "Dorothy Schroeder": "Q67677081", "Jean T. Campbell": "Q67678257", "Edna Penny Rice": "Q67680523", "Elaine Carlton": "Q67694954", "Florence Bernstein McChesney": "Q67881324", "Genevieve Manning Voelker": "Q67891687", "Harriet Wise": "Q67940127", "Hazel Percival": "Q68094537", "Helen B. Schwarz": "Q68096620", "Linda R. Wackerman": "Q68373560", "Martha Herb": "Q68381045", "Aldrith L. Baker": "Q68383257", "Jill R. Cesari": "Q68404801", "Catherine A. B. Reppert": "Q68477240", "Robin L. Graf": "Q68496029", "Susanne M. McNinch": "Q68525936", "Jennifer M. Free": "Q68530581", "Patricia E. Wolfe": "Q68606410", "Lara R. Bollinger": "Q69992765", "Kathleen Mullen Ellis": "Q70140616", "Margaret Mary Schult": "Q70141796", "Janet A. Bachmeyer": "Q70470853", "Johanna Butt": "Q70476032", "Lena Hitchcock": "Q70769883", "Jane Fore": "Q70770835", "Margaret Goodrich": "Q70807938", "Margaret J. Hornickel": "Q70811910", "Margaret Kaminski Bliss": "Q70815373", "Margaret M. Lyon": "Q70891181", "Margaret Patricia Phillips": "Q70901274", "Mary Tener Davidson Hall": "Q71051254", "Peggy Lechtweis": "Q71214200", "Theodora C. Smolinski": "Q71315666", "Kathleen Ann Rheinlander O'Neal": "Q71451052", "Crescentia Wellman": "Q71459524", "Ann Claire Phillips": "Q71703647", "Clara Christine Johnson": "Q72041473", "Lola Olsmith": "Q72083639", "Ione McCormick": "Q72309706", "Lee Gordhammer": "Q72328390", "Marjorie Varner": "Q72708903", "Naomi Flores": "Q74447717", "Grace Margaret Stanley": "Q75399052", "unknown Moore": "Q75864851", "Alfred Charles Stuart Smith": "Q76077502", "John Alan le Norreys Daniell": "Q76216878", "F. Poulton": "Q76232942", "Thomas Thompson Irvine": "Q76233427", "\u0412\u0430\u0440\u0442\u0430\u043d\u044f\u043d \u0413\u043e\u0430\u0440 \u041b\u0435\u0432\u043e\u043d\u043e\u0432\u043d\u0430": "Q76458405", "Dianna Wolfson": "Q76975246", "Liu Xiaolian": "Q78123798", "Elisabeth Gifstad Michelsen": "Q80384054", "Anne Fougerat": "Q82494752", "Malin Persson": "Q82530058", "Shay S. Razmi": "Q82761100", "Yanqing Ye": "Q84076643", "Sayaka Notomi": "Q84461519", "Kori L. Melvin": "Q87682487", "\u00c9dith Gorce-Franklin": "Q88953950", "teri darnell": "Q93979248", "Andr\u00e9e Dubos-Larouquette": "Q94633875", "Sigismund von K\u00e9ler": "Q94736396", "Habiba Ruth Garba": "Q95183802", "Cecelia Akagu": "Q95188459", "Katarzyna Kazakowie": "Q95652528", "Janina Psujek": "Q95654985", "Anna Ko\u017ami\u0144ska": "Q95655061", "Sheila Grant Duff": "Q95660856", "Ethel Mary Tate": "Q96354608", "Hanna Kamieniecki": "Q96623349", "Hava Inbar": "Q96675711", "Meirav Brikman": "Q97010296", "La Delfina": "Q97137850", "Cynthia A. Kuehner": "Q97158834", "Pascale Regnault-Dubois": "Q97930405", "Pam Keith": "Q98382762", "Patricia Morse Jarman": "Q98562754", "Deirdre Byrne": "Q98596414", "Louise Derache": "Q98734666", "Elise Grandprez": "Q98735968", "Blanch de Rossi": "Q99377518", "Yifat Yerushalmi Tomer": "Q99522030", "Genevi\u00e8ve Brousset": "Q99960942", "\u05d0\u05e0\u05d4 \u05d1\u05df \u05de\u05e8\u05d3\u05db\u05d9": "Q100715655", "Wendy Rothery": "Q101705106", "Encarnaci\u00f3n Hern\u00e1ndez Luna": "Q102117759", "Brande H. Walton": "Q102257567", "Mattie Donnell Hicks": "Q102292158", "Noa Zomer": "Q104433409", "Amy Bauernschmidt": "Q104535078", "Lorna W. Thigpen": "Q104812949", "Theo Roberts Fore Creadick": "Q104812953", "Florence Leonard": "Q104812957", "Margaret E. Hassell": "Q104812959", "Virginia Van Dongen": "Q104812961", "Anna Jean Coomes Woods": "Q104812965", "Rosemarie Dodd": "Q104812966", "Elna Allran Jones": "Q104812969", "Marguerite V. Clodfelter": "Q104812970", "Blanche Holt Gwyn": "Q104812978", "Dorothy Farrington Gribble": "Q104812983", "Blanche Woolard Haggard": "Q104812990", "Doris K. Wilmott": "Q104812994", "Mary Cooper Floyd": "Q104812995", "Elizabeth Shamburger": "Q104812997", "Julia Hill Gunn": "Q104813006", "Edith Kimsey League": "Q104813007", "Dorothy H. Jordan": "Q104813018", "Lucy M. Smith": "Q104813026", "Jane Heins Escher": "Q104813027", "Henrietta Clodfelter Lucke": "Q104813030", "Agnes Cantwell": "Q104813031", "Elizabeth Rutledge Bacon": "Q104813033", "Edna Andrews Weston": "Q104813036", "Bernice Moran Miller": "Q104813049", "Maxine Virginia Easter": "Q104813053", "Kathleen Bayne": "Q104813055", "Janet Froome": "Q104813064", "Mary Ann Byrd": "Q104813079", "Ora T. Beatty": "Q104813080", "Margaret Helen (June) Crowel": "Q104813082", "June Neely Baker": "Q104813083", "Mary Gage Dunham": "Q104813090", "Charlotte G. Coppage": "Q104813111", "Leah T. Willis": "Q104813128", "Jamie Marshall": "Q104813153", "Matilda Rubenstein Brenner": "Q104813157", "Lillian M. Pimlott": "Q104813166", "Shirley Van Brakle": "Q104813168", "Ruth M. Bonin": "Q104813171", "Mary Wheeler": "Q104813175", "Catherine Cayle": "Q104813179", "Margaret G. Sherry": "Q104813969", "Mary Angelyn Giles Kelly": "Q104813970", "Lynn Bechard": "Q104813971", "Effie Sparrow": "Q104813985", "\ubc15\uc740\ud558 (\ud2b9\uc804\uc0ac)": "Q104848846", "Susan Orsega": "Q105078128", "Maria Luisa Pellizzari": "Q105152818", "\u041e\u043a\u0441\u0430\u043d\u0430 \u042f\u043a\u0443\u0431\u043e\u0432\u0430": "Q105773678", "Carmen Vilches": "Q106335512", "\u0417\u0435\u043c\u043b\u0456\u043d\u0430 \u0421\u0432\u0456\u0442\u043b\u0430\u043d\u0430 \u0413\u0435\u043d\u043d\u0430\u0434\u0456\u0457\u0432\u043d\u0430": "Q106447350", "Jo Heinsius": "Q106474084", "Engr\u00e1cia Cabenha": "Q106543157", "Anne Brusselmans": "Q106612720", "Karen Riale": "Q106615815", "Jacklyn Kokomoor": "Q106678333", "Alicia Evans": "Q106725968", "Marie \u010cerm\u00e1kov\u00e1": "Q106784696", "Chrodielde": "Q107067306", "Modthryth": "Q107104277", "Hetha": "Q107192624", "Bona Longabarba": "Q107192625", "Gail Reals": "Q107192626", "Annie Humphrey": "Q107362603", "Marianna Nowicka": "Q107370860", "Claudia D\u00edaz": "Q107424369", "Susan Christie": "Q107469816", "F\u00e9licit\u00e9 de Fernig": "Q107469818", "Th\u00e9ophile de Fernig": "Q107469819", "Janine-Marie de Foix": "Q107469820", "Marguerite de Bressieux": "Q107469822", "Th\u00e9r\u00e8se Stutzmann": "Q107877910", "Rae Hussey (n\u00e9e Wilson)": "Q108122058", "Tetiana Ostashchenko": "Q108167288"}