{"Yekaterina Ruchevskaya": "Q4401323", "Maria Wacholc": "Q11769213", "Anna Berit Asp Christensen": "Q12301738", "Tamara Vyzgo": "Q16634892", "Samantha Englander": "Q102258011", "Anuja Kamat": "Q105731108", "\u00c1ine Heneghan": "Q106909568", "Jennifer Milne": "Q107105633", "Amy Holbrook": "Q107448699", "Witos\u0142awa Frankowska": "Q110276413", "Anne Hameister": "Q111674551", "Jaroslava Zeleiov\u00e1": "Q112407286", "Jadwiga Dzielska": "Q112422450", "Eva \u010cunderl\u00edkov\u00e1": "Q112508411", "Nguy\u1ec5n Th\u1ecb Nhung": "Q113477125", "Danuta Dobrowolska-Marucha": "Q126868966", "Wies\u0142awa Anczykowska-Wysocka": "Q128588283", "Janet Schmalfeldt": "Q63349309", "Halina Lorkowska": "Q64221106", "Ma\u0142gorzata Janicka-S\u0142ysz": "Q64495695", "Alma Colk Santosuosso": "Q64844168", "Jitka Reindlov\u00e1": "Q95085462", "Petra B\u011blohl\u00e1vkov\u00e1": "Q95114981", "Milada Ladmanov\u00e1": "Q95124374", "Magdalena Blochov\u00e1-Barteltov\u00e1": "Q95170276", "Milena \u010cernohorsk\u00e1": "Q95174640", "Ludmila Vrko\u010dov\u00e1": "Q95214846", "Jana Kupkov\u00e1": "Q95394746", "Judita Ku\u010derov\u00e1": "Q95395905", "Hanna Kostrzewska": "Q97484770"}