{"Lara Naszinsky": "Q113601", "Rita Kurzmann-Leuchter": "Q114540", "Daiva K\u0161anien\u0117": "Q540856", "Annette Maye": "Q566641", "Annette Otterstedt": "Q566662", "Carmen Stoianov": "Q1043720", "Christa Landon": "Q1078108", "Despina Petecel-Theodoru": "Q1200867", "Dorothea Kolland": "Q1246224", "Grete Wehmeyer": "Q1256044", "Rebecca Maurer": "Q1281686", "Valentina Kholopova": "Q1284793", "Elisabeth Maier": "Q1330117", "Erika Kickton": "Q1354400", "Esther Morales-Ca\u00f1adas": "Q1370091", "Eszter Fontana": "Q1370843", "Greta Moens-Haenen": "Q1545947", "H\u00e9l\u00e8ne Nolthenius": "Q1819178", "Gonny van der Maten": "Q1844810", "Francine Bloch": "Q3081185", "Laurence Boulay": "Q3218863", "Nabiha Karawli": "Q3334681", "Nella Anfuso": "Q3337909", "St\u00e9phane Goldet": "Q3501784", "Suzanne Clercx-Lejeune": "Q3505928", "Barbara Lazotti": "Q3634645", "Elena Biggi Parodi": "Q3721392", "Emilia Fadini": "Q3724246", "Nami Artemievna Mikoyan": "Q4293096", "Elisabeth Netzkowa": "Q4298765", "Tatyana Popova": "Q4372659", "Galina Preobrazhenskaya": "Q4377279", "Yekaterina Ruchevskaya": "Q4401323", "Svetlana Savenko": "Q4403868", "Irina Tigranova": "Q4457121", "Halyna Tyumenyeva": "Q4467475", "\u0425\u0438\u0442\u0440\u0438\u043a, \u0418\u0437\u0430\u0431\u0435\u043b\u043b\u0430 \u0418\u043e\u0441\u0438\u0444\u043e\u0432\u043d\u0430": "Q4497931", "Valeria Tsenova": "Q4503906", "Janete El Haouli": "Q3807030", "Jessie De Caluw\u00e9": "Q3836811", "Miriam Meghnagi": "Q3858835", "Yekaterina Alekseyeva": "Q4061746", "Yevgeniya Andreyeva": "Q4065554", "Shushanik Apoyan": "Q4068134", "Gita Balter": "Q4076890", "Inna Barsova": "Q4078574", "Tatjana Alekseevna Gaydamovitsj": "Q4131949", "Valeriya Gapeyeva": "Q4133432", "\u0413\u0435\u043d\u0438\u043d\u0430, \u041b\u0438\u0430\u043d\u0430 \u0421\u043e\u043b\u043e\u043c\u043e\u043d\u043e\u0432\u043d\u0430": "Q4135437", "R. V. Glezer": "Q4139673", "Tamara Groem-Grzjimaylo": "Q4150616", "Nataliya Deeva": "Q4156791", "Babette Dorn": "Q4166661", "Mariia Zahaikevych": "Q4183382", "Irina Zolotova": "Q4193374", "Marie Kobayashi": "Q4225059", "V. Konen": "Q4230729", "Nina Korolyuk": "Q4233851", "Marina Nikolajewna Lobanowa": "Q4264634", "Elena Frayonova": "Q15148567", "Romy Petrick": "Q15428486", "Rosa Alarco Larrabure": "Q15428548", "Annette Kreutziger-Herr": "Q15431556", "Laurie J. Lafferty": "Q15838321", "Gayle Lathrop": "Q15838454", "HyeKyung Lee": "Q15838493", "Irma Lvovna Zolotovitskaja": "Q16060205", "Idit Sulkin": "Q16133279", "Hana Dohn\u00e1lkov\u00e1": "Q16159751", "L\u00ecd\u00ecja Borys\u00ecvna Archymovy\u010d": "Q16161219", "Hiroko Kat\u014d": "Q16265285", "Kim Eunhye": "Q16283775", "Ilirjana Dema": "Q16358464", "Xur\u015fid Abdullayeva": "Q16376111", "Xur\u015fid A\u011fayeva": "Q16376115", "Margarit Harutyunyan": "Q16392864", "Virge Joamets": "Q16403036", "Ene Pilliroog": "Q16403552", "Tiina Koivisto": "Q16403740", "\u017danna P\u00e4rtlas": "Q16404804", "Mare P\u00f5ldm\u00e4e": "Q16405044", "Tiia Teder": "Q16406627", "Alice Pehk": "Q16407100", "Genovait\u0117 \u010cetkauskait\u0117": "Q16451356", "J\u016brat\u0117 Ku\u010dinskait\u0117": "Q16454715", "J\u016brat\u0117 Landsbergyt\u0117": "Q16454716", "Rima Mik\u0117nait\u0117": "Q16471092", "Virginija Kligyt\u0117": "Q16476610", "Zita Kelmickait\u0117": "Q16477488", "Anna Dalos": "Q16518855", "Holly Kruse": "Q16522949", "Roza Veniaminovna Artisjtsjeva": "Q16534324", "Ilinca Dumitrescu": "Q16593343", "Gunnel Fagius": "Q16594777", "N\u00e9ffer Kr\u00f6ger": "Q16612820", "Walentyna W\u0119grzyn-Klisowska": "Q16614052", "Elena Bronfin": "Q16628057", "Ida Pinhasovna Vulyh": "Q16634792", "Natalia Serbina": "Q16697038", "\u041a\u043e\u043f\u0438\u0446\u044f \u041c\u0430\u0440\u0456\u0430\u043d\u043d\u0430 \u0414\u0430\u0432\u0438\u0434\u0456\u0432\u043d\u0430": "Q16702555", "Oleksandra Nimylovych": "Q16709540", "Stefanii\u0361a Pavlyshyn": "Q16710693", "\u0428\u0435\u0444\u0444\u0435\u0440 \u0422\u0430\u043c\u0430\u0440\u0430 \u0412\u0430\u0441\u0438\u043b\u0456\u0432\u043d\u0430": "Q16723785", "Emilia Biancardi": "Q16939993", "Susanna V\u00e4lim\u00e4ki": "Q16991359", "Maria Teresa Gim\u00e9nez i Morell": "Q17044805", "Gis\u00e8le Brelet": "Q17232025", "Ursula Hemetek": "Q17326729", "\u0427\u0435\u0440\u043d\u043e\u0432\u0430 \u0406\u0440\u0438\u043d\u0430 \u0412\u0456\u043a\u0442\u043e\u0440\u0456\u0432\u043d\u0430": "Q17372406", "Katarina Bedina": "Q17402357", "Regina Opisso": "Q17462612", "Aafke Komter-Kuipers": "Q17578905", "Malou Haine": "Q17634899", "Elisabeth Le Guin": "Q17639660", "Ewa S\u0142awi\u0144ska-Dahlig": "Q17705044", "Florence Mothe": "Q17977168", "Christiane Wiesenfeldt": "Q18019078", "Ljudmila \u017dujkova": "Q18043984", "\u05d2\u05ea\u05d9\u05ea \u05d1\u05d5\u05e2\u05d6\u05e1\u05d5\u05df": "Q18120298", "Alfhild Forslin": "Q18238936", "Ann-Mari H\u00e4ggman": "Q18242760", "Kate\u0159ina \u010cervenkov\u00e1": "Q18362002", "Antonina Karpowicz-Zbi\u0144kowska": "Q18423193", "Speran\u021ba R\u0103dulescu": "Q18549677", "Anna Polmanov\u00e1-Precl\u00edkov\u00e1": "Q18564383", "Carolyn Shuster Fournier": "Q18578076", "Karoliina Kantelinen": "Q18632913", "Katharina Baum": "Q18649113", "Fanny G\u00e6tje": "Q18759120", "Orpheline Olsen": "Q18759122", "Louisa M. Middleton": "Q18911268", "Kathrin Eberl-Ruf": "Q18923113", "Annemarie Jeanette Neubecker": "Q19116954", "Monti Galdon i Arru\u00e9": "Q19301282", "Simone d'Erigny": "Q19544549", "Li\ufe20u\ufe21dmila Vladimirovna Karagicheva": "Q19617412", "Larisa Kirillina": "Q19618043", "Olga Manulkina": "Q19619174", "Kei Koito": "Q19725531", "Yelena Berlyand-Chornaya": "Q19741996", "T. N. Livanova": "Q19819637", "Malena Kuss": "Q19843388", "Margit Peil": "Q19847293", "Chiara Bertoglio": "Q19946724", "Nelly van Ree Bernard": "Q20006066", "Zoia Vasylenko": "Q20066164", "Sofii\ufe20a\ufe21 \u012cosyfivna Hryt\ufe20s\ufe21a": "Q20066646", "Nataliya Zabolotna": "Q20067105", "\u041c\u0430\u0439\u0431\u0443\u0440\u043e\u0432\u0430 \u041a\u0430\u0442\u0435\u0440\u0438\u043d\u0430 \u0412\u0456\u043a\u0442\u043e\u0440\u0456\u0432\u043d\u0430": "Q20068263", "Maria Ester-Sala": "Q20159679", "Lidia Axionov": "Q20431612", "Ilona Borsai": "Q20477853", "Elena Stoin": "Q20498132", "J\u016brat\u0117 Marija Burokait\u0117": "Q20503268", "Anna Arevshatyan": "Q20507628", "Anna Barsamian": "Q20509125", "Lilit Yernjakyan": "Q20511089", "Saale Kareda": "Q20528304", "Doroth\u00e9 Schubarth": "Q20534753", "Gundula Kreuzer": "Q20638771", "Salome Reiser": "Q20638869", "Nuria Schoenberg Nono": "Q20644305", "Marianne Betz": "Q20724977", "Ver\u00f3nica Plata": "Q21035914", "Laura Henriksson": "Q21084745", "Zsuzs\u00e1nna Mindszenty": "Q21099495", "Margarit Brutyan": "Q21210426", "Karine Khudabashyan": "Q21211750", "Margarita Roukhkyan": "Q21212661", "Andrea Lindmayr-Brandl": "Q21253287", "Christine Fischer": "Q95204685", "Leticia Armijo": "Q21480456", "Lorna Mary Belton Stirling": "Q21536337", "Polina Vaydman": "Q21856854", "\u00c8milija Lazarevna Frid": "Q21857259", "Margarit Babayan": "Q22138632", "Regula Pusk\u00e1s": "Q22689485", "Isabella Yolyan": "Q23017300", "Lucila Ramos Ma\u00f1\u00e9": "Q23041485", "Evi Aruj\u00e4rv": "Q23042878", "Susana Zapke": "Q23059264", "Melanie Unseld": "Q23059303", "Caroline Valentin": "Q23071985", "Maryam Alibayli": "Q23684594", "Maartje Stokkers": "Q23818276", "Yumi Wakamiya": "Q23947157", "Helga Dostal": "Q24298347", "Leyla Aralbaeva": "Q24351498", "Brigitta Davidjants": "Q24545832", "Alicja Matracka-Ko\u015bcielny": "Q24643337", "Christine Sartoretti": "Q24689571", "Michelle Biget-Mainfroy": "Q24712228", "Cornelia Krumbiegel": "Q24817279", "Gila Flam": "Q25490170", "Thea Derks": "Q25640773", "Vinoo Alluri": "Q25796289", "Anne-Madeleine Goulet": "Q25930061", "Sibyl Marcuse": "Q25991753", "Maricarmen G\u00f3mez Muntan\u00e9": "Q26160015", "Michaela Freemanov\u00e1": "Q26281704", "Viola-Bianka Kie\u00dfling": "Q26341820", "Lu Yu-hsiu": "Q26705225", "Rozalia Biks": "Q26822865", "Lenora McCroskey": "Q26861343", "Olena Murzina": "Q27064357", "Alina Pahlevanyan": "Q27339459", "Naira Gyurjinyan": "Q27653038", "Margaret Steinitz": "Q27851319", "Violaine Anger": "Q27882905", "Dorota Serwa": "Q27914505", "Anna Asatryan": "Q28018461", "Luise Leven": "Q28047500", "Sini Mononen": "Q28056031", "Florence May": "Q28057537", "Paula Carp": "Q28113792", "Tamar Hovhannisyan": "Q28146369", "Anna Langenbruch": "Q28154864", "Ingeborg Leire": "Q28356995", "Teresa Alonso Parada": "Q28549239", "Karine Jaghatspanyan": "Q28678413", "Oksana Nikitiuk": "Q28701216", "\u041e\u043b\u0438\u0439\u043d\u0438\u043a \u0410\u043b\u0435\u043a\u0441\u0430\u043d\u0434\u0440\u0430 \u0421\u0442\u0435\u043f\u0430\u043d\u043e\u0432\u043d\u0430": "Q28702485", "Lidziya Mukharynskaya": "Q28735486", "Anna Rudneva": "Q28914192", "Genevi\u00e8ve Dournon": "Q28927184", "Manica \u0160pendal": "Q29001091", "Uchida Ruriko": "Q29410930", "Pirkko Moisala": "Q29419128", "Merike Vaitmaa": "Q29419855", "Csilla Alf\u00f6ldy-Boruss": "Q29509859", "Borb\u00e1la Selmeczi": "Q30112649", "Irena Poniatowska": "Q30231718", "Irene Suchy": "Q30250115", "Nazenik Sargsyan": "Q30276362", "Mariantonia Palacios": "Q30914305", "Yoshiko Mori": "Q30925412", "\u0406\u0432\u0430\u0445\u043d\u0435\u043d\u043a\u043e \u041b\u0456\u0434\u0456\u044f \u042f\u043a\u0456\u0432\u043d\u0430": "Q30956717", "\u0413\u0430\u0432\u0440\u0438\u0448 \u041e\u043b\u044c\u0433\u0430-\u0413\u0430\u043b\u0438\u043d\u0430 \u0406\u0432\u0430\u043d\u0456\u0432\u043d\u0430": "Q30959041", "Nad\u00ecja Onysym\u00ecvna Suprun-Jaremko": "Q30961532", "Florence G\u00e9treau": "Q33104713", "Ari\u00e8le Butaux": "Q33177066", "\u0422\u0430\u0442\u044c\u044f\u043d\u0430 \u0428\u0430\u0431\u0430\u043d\u043e\u0432\u0430": "Q37385675", "Nanna Koch": "Q1964623", "Kumiko Tanaka": "Q1988316", "Kristen Cornwell": "Q2003419", "Caecilia Andriessen": "Q2073534", "Anne-Virginie Marchiol": "Q2080726", "Coosje Wijzenbeek": "Q2094040", "Christa Rakich": "Q2118477", "Catherine McMichael": "Q2143133", "Renate Federhofer-K\u00f6nigs": "Q2143373", "Renate Grasberger": "Q2143387", "Eurydice V. Osterman": "Q2167583", "Helen Dugal": "Q2183773", "Margherita Sanfilippo": "Q2197806", "Claudine Novikow": "Q2198826", "Noriko Nakamura": "Q2214062", "Nancy H. Seward": "Q2240805", "Ching-Wen Chao": "Q2244381", "Renske Nieweg": "Q2254862", "Annette Richards": "Q2258461", "Morine A. Nyquist": "Q2312046", "Stana \u0110uri\u0107-Klajn": "Q2330126", "Suzanne Welters": "Q2330205", "Nelly Wagenaar": "Q2335457", "Olena Sinkevych": "Q2370056", "Dorthy de Rooij": "Q2397783", "Gay Holmes Spears": "Q2414405", "Tanja Orning": "Q2414643", "Eiko Orita": "Q2416786", "Coba Rijneke": "Q2444641", "Valentina Sandu-Dediu": "Q2508586", "Vera Schwarz": "Q2513363", "Li Stadelmann": "Q2538564", "Berthe Nyssens": "Q2542284", "Elena Roussanova Lucas": "Q2552062", "Beatrice Berstel": "Q2564666", "Davina van Wely": "Q2624275", "Felicia Sandler": "Q2677891", "Anne Posthumus": "Q2678575", "Charlotte Mattax": "Q2684783", "Marju Riisikamp": "Q2741609", "Brenna MacCrimmon": "Q2924447", "Tat'yana Chausova": "Q4507811", "Tatyana Cherednichenko": "Q4512658", "Maryna Cherkashyna-Hubarenko": "Q4513153", "Lyudmila Shaymukhametova": "Q4519487", "N. G. Shakhnazarova": "Q4521268", "Salwa El-Shawan Castelo-Branco": "Q4531417", "Elena Ricardovna Jazvinskaja": "Q4536387", "Bodil Asketorp": "Q4936782", "Berit Berling": "Q4938751", "Pia Bygd\u00e9us": "Q4941376", "Eva Helenius-\u00d6berg": "Q4953388", "Anna Lena Holm": "Q4954439", "Anna Ivarsdotter": "Q4956018", "Margareta Jersild": "Q4956657", "Boel Lindberg": "Q4962368", "Ann-Marie Nilsson": "Q4969551", "M\u00e4rta Ramsten": "Q4974017", "Christina Tobeck": "Q4983005", "Cari Johansson": "Q4988847", "Eva \u00d6hrstr\u00f6m": "Q4991122", "Tamara Skliutovskaya": "Q5665182", "Beatriz C. Montes Arribas": "Q5724110", "Genoveva G\u00e1lvez": "Q5877191", "Elmira Abasova": "Q5944186", "Mari\u00e1ngeles S\u00e1nchez Benimeli": "Q5999453", "Michal Zmora-Cohen": "Q6791904", "Bathja Bayer": "Q6854606", "Zephira Ogen": "Q6889999", "Edith (Esther) Gerson-Kiwi": "Q7010329", "Dalia Cohen": "Q7066787", "Montserrat Albet i Vila": "Q9034887", "Trinidad Mir\u00f3 Mira": "Q9090092", "Alicja Helman": "Q9148160", "Barbara Podmiotko": "Q9165540", "Beatrix Podolska": "Q9168166", "Bronis\u0142awa W\u00f3jcik-Keuprulian": "Q9179995", "Eleonora Harendarska": "Q9252630", "El\u017cbieta Dzi\u0119bowska": "Q9253115", "Ewa Dahlig-Turek": "Q9256637", "Ewa Gruszczy\u0144ska-Zi\u00f3\u0142kowska": "Q9256667", "Helena Harajda": "Q9287341", "Regina Ch\u0142opicka": "Q9305383", "Stefania \u0141obaczewska": "Q9345541", "S\u0142awomira \u017bera\u0144ska-Kominek": "Q9353288", "Teresa Kruczek": "Q9357318", "Maria Augusta Barbosa": "Q10325726", "Maria Luiza Kfouri": "Q10325985", "Maria de Lourdes Sekeff": "Q10326160", "Anna Hostomsk\u00e1": "Q10826348", "Laurel Elizabeth Fay": "Q11351127", "Y\u016bk\u014d Kamisang\u014d": "Q11358643", "Okayama Mariko": "Q11362571", "Satsuki Inoue": "Q11372766", "Takako Inoue": "Q11373247", "Tomiko Kojima": "Q11460211", "\u5cf6\u7530\u4e9c\u7d00\u5b50": "Q11476856", "Murayama Rion": "Q11523078", "Toshie Kakinuma": "Q11535043", "Y\u014dko Narazaki": "Q11541336", "Enomoto Yasuko": "Q11541837", "Sumiko Segawa": "Q11566492", "Miyuki Shiraishi": "Q11580221", "Tsuneko Arakawa": "Q11618565", "Mitsuko Gamo": "Q11621358", "Izumiko Aoyanagi": "Q11661916", "Keiko Torigoe": "Q11675132", "Alicja Weber": "Q11685405", "Danuta Gwizdalanka": "Q11692857", "Danuta Idaszak": "Q11692859", "Jadwiga Mackiewicz": "Q11715923", "Jolanta Umecka": "Q11728114", "J\u00f3zefa Katarzyna Dadak-Kozicka": "Q11731788", "Kathi Meyer-Baer": "Q11737400", "Leonia Gradstein": "Q11754558", "Maria Baliszewska": "Q11768712", "Maria Ewa So\u0142tys": "Q11768838", "Maria Zduniak": "Q11769254", "Marta Szoka": "Q11770635", "Ma\u0142gorzata G\u0105siorowska": "Q11772275", "Ma\u0142gorzata Komorowska": "Q11772296", "Ma\u0142gorzata Nowak": "Q11772341", "Kati H\u00e4m\u00e4l\u00e4inen": "Q11870348", "Terhi Dostal": "Q11896933", "Anna Cazurra": "Q11905638", "Rosa Maria Kucharski i Gonz\u00e0lez": "Q11946285", "Kari Iveland": "Q11980174", "V\u011bra Haluzov\u00e1": "Q12001623", "Franti\u0161ka Kyselkov\u00e1": "Q12017738", "\u0406\u0432\u0430\u043d\u043e\u0432\u0430 \u041b\u044e\u0434\u043c\u0438\u043b\u0430 \u041e\u043b\u0435\u043a\u0441\u0430\u043d\u0434\u0440\u0456\u0432\u043d\u0430": "Q12073747", "Neonila Leonidovna O\u010deretovskaja": "Q12080045", "Tamara Hnativ": "Q12096294", "\u0413\u043e\u0440\u044e\u0445\u0456\u043d\u0430 \u041d\u0430\u0434\u0456\u044f \u041e\u043b\u0435\u043a\u0441\u0430\u043d\u0434\u0440\u0456\u0432\u043d\u0430": "Q12097183", "\u041d\u0430\u0442\u0430\u043b\u044c\u044f \u041b\u0435\u043e\u043d\u0438\u0434\u043e\u0432\u043d\u0430 \u042d\u043d\u0442\u0435\u043b\u0438\u0441": "Q12103950", "Lyubov Kyyanovska": "Q12110118", "Lidiia Kornii": "Q12113042", "\u041a\u0443\u0437\u0438\u043a \u0412\u0430\u043b\u0435\u043d\u0442\u0438\u043d\u0430 \u0412\u043e\u043b\u043e\u0434\u0438\u043c\u0438\u0440\u0456\u0432\u043d\u0430": "Q12115491", "Alla Vilorevna Migay": "Q12130972", "\u041f\u0435\u0447\u0435\u043d\u044e\u043a \u041c\u0430\u0439\u044f \u0410\u043d\u0442\u043e\u043d\u0456\u0432\u043d\u0430": "Q12140388", "\u0421\u0430\u043c\u043e\u0439\u043b\u0435\u043d\u043a\u043e \u041e\u043b\u0435\u043a\u0441\u0430\u043d\u0434\u0440\u0430 \u0406\u0432\u0430\u043d\u0456\u0432\u043d\u0430": "Q12150388", "\u0421\u043c\u0435\u0440\u0435\u0447\u0438\u043d\u0441\u044c\u043a\u0430-\u0428\u0443\u043b\u044c \u0420\u043e\u0436\u0430": "Q12153892", "Solveig Serre": "Q38221855", "Aude Mouaci": "Q38227937", "Catherine Rudent": "Q38228087", "Pauline Adenot": "Q38228799", "C\u00e9cile Pr\u00e9vost-Thomas": "Q38229093", "Pola Su\u00e1rez Urtubey": "Q38542314", "Olympia Fragkou-Psychopaidi": "Q38902210", "Hiroko Yamamoto": "Q40027782", "Hilde Synn\u00f8ve Blix": "Q40033064", "Renate Stark-Voit": "Q40638221", "\u00c9dith Weber": "Q41692373", "C\u00e9cile Auzolle": "Q41799382", "Berit Kvinge Tj\u00f8me": "Q42289829", "M\u00e1rta \u00c1brah\u00e1m": "Q42315631", "Christelle Cazaux-Kowalski": "Q42328699", "Solange Corbin": "Q42529312", "Audrey Ekdahl Davidson": "Q42529366", "Anneliese Landau": "Q42529391", "Bertha Antonia Wallner": "Q42529728", "Vlasta Reittererov\u00e1": "Q42574135", "Bizek Emi": "Q42785409", "Godelieve Spiessens": "Q42899773", "Esperanza Pulido": "Q42912976", "Elena Koycheva": "Q43357305", "Polina Kuyumdzhieva": "Q43357921", "Anny Piscaer": "Q43678252", "\u041a\u043e\u0441\u0430\u043a-\u0411\u0430\u0431'\u044e\u043a \u041b\u044e\u0431\u043e\u0432 \u041e\u043b\u0435\u043a\u0441\u0456\u0457\u0432\u043d\u0430": "Q44059036", "Natalia Vladislavna Savitskaya": "Q44059087", "Helena Spurn\u00e1": "Q46646146", "Irina Nikolskaya": "Q46992912", "Laura Diane Kuhn": "Q47120094", "Hyacinthe Ravet": "Q47155642", "Blanka \u010cervinkov\u00e1": "Q47466170", "Rita Benton": "Q47472772", "Corinne Schneider": "Q47486910", "\u0410\u043b\u0435\u043a\u0441\u0430\u043d\u0434\u0440\u043e\u0432\u0430 \u041d\u0430\u0442\u0430\u043b\u0456\u044f \u0413\u043b\u0456\u0431\u0456\u0432\u043d\u0430": "Q47489357", "\u0410\u0441\u0442\u0430\u0444'\u0454\u0432\u0430 \u041e\u043b\u044c\u0433\u0430 \u0410\u043d\u0434\u0440\u0456\u0457\u0432\u043d\u0430": "Q47489776", "Na\u010fa F\u00f6ldv\u00e1riov\u00e1": "Q47509233", "Sabine Teulon-Lardic": "Q47522976", "Ksenija Benedetti": "Q47656894", "Katarina Livljani\u0107": "Q48570936", "Mariana Kahane": "Q48645071", "Teresa Chyli\u0144ska": "Q48851135", "Feriel Kaddour": "Q49984434", "C\u00e9cile Reynaud": "Q50229569", "Janine Cizeron": "Q50290090", "Paola Bernardi": "Q50322961", "Sofia Dnistrianska": "Q50413683", "Leonora Saavedra Moctezuma": "Q50672223", "Mar\u00eda Pilar Al\u00e9n": "Q51218434", "Danuta Szlagowska": "Q51452251", "\u0413\u0430\u043b\u0456\u043d\u0430 \u0412\u0430\u043b\u044f\u043d\u0446\u0456\u043d\u0430\u045e\u043d\u0430 \u0422\u0430\u045e\u043b\u0430\u0439": "Q51543495", "Saskia De Ville": "Q51786431", "Gertrude Bamberger": "Q51844314", "Mena Blaschitz": "Q51844328", "Herta Blaukopf": "Q51844329", "Irmgard Bontinck": "Q51844337", "Sibylle Dahms": "Q51844347", "Irene Geiringer": "Q51844372", "Hedwig Kraus": "Q51880223", "Ieva Rozentale": "Q52080811", "Ursula Aarburg": "Q52084967", "Katelijne Schiltz": "Q52637135", "Galina Roebenovna Taraeva": "Q53857732", "Mar\u00eda Gembero Ust\u00e1rroz": "Q54855424", "Tatiana Frantova": "Q55104585", "Tatyana Rudichenko": "Q55104587", "Maria Isaakovna Shornikova": "Q55105050", "\u041a\u043e\u0445\u0430\u043d\u0438\u043a \u0406\u0440\u0438\u043d\u0430 \u041c\u0438\u043a\u043e\u043b\u0430\u0457\u0432\u043d\u0430": "Q55107590", "Marie-Alexis Colin": "Q55231255", "Elena Maria Sorban": "Q55235124", "Dace Blu\u0137e": "Q55285851", "Ma\u0142gorzata Wo\u017ana-Stankiewicz": "Q55391615", "Liisamaija Hautsalo": "Q55394108", "Rebecca Grotjahn": "Q55464640", "Meri Lao": "Q55467464", "Cornelia Bartsch": "Q55467582", "Elena Barassi Ferrari": "Q55622477", "Christelle Chaillou": "Q55622496", "Myriam Chim\u00e8nes": "Q55625589", "Jo\u00eblle Caullier": "Q55625918", "Margareta W\u00f6ss": "Q55627127", "G\u00e9raldine Gaudefroy-Demombynes": "Q55628695", "Nanie Bridgman": "Q55629071", "Martine Clouzot": "Q55629516", "Maria Llu\u00efsa Cortada": "Q55687612", "Rosario \u00c1lvarez Mart\u00ednez": "Q55688003", "Marie-H\u00e9l\u00e8ne Benoit-Otis": "Q55723599", "Elisabeth Gallat-Morin": "Q55724356", "Sylveline Bourion": "Q55725373", "Pascale Duhamel": "Q55725439", "Jacinthe Harbec": "Q55725829", "Na\u010fa Hr\u010dkov\u00e1": "Q55883209", "Sabilla Novello": "Q55909306", "Brigitte Van Wymeersch": "Q55946531", "Nicoletta Guidobaldi": "Q55996255", "Marie-No\u00eblle Colette": "Q55999260", "Claudia Bullerjahn": "Q56073209", "Margarit Ter-Simonyan": "Q56165228", "Irmlind Capelle": "Q56186608", "Wanda Dobrovsk\u00e1": "Q95362992", "Eva M\u00fcllerov\u00e1": "Q95364309", "Eva Pensdorfov\u00e1": "Q95364641", "Milada Rutov\u00e1": "Q95365013", "V\u011bra Star\u00e1": "Q95365328", "Stanislava Zacha\u0159ov\u00e1": "Q95366195", "Dagmar Hen\u017el\u00edkov\u00e1": "Q95368621", "Ad\u00e9la Kov\u00e1\u0159ov\u00e1": "Q95370905", "Kate\u0159ina Nov\u00e1": "Q95374916", "Lenka K\u0159upkov\u00e1": "Q95376452", "Jana Perutkov\u00e1": "Q95376455", "Alena Mart\u00ednkov\u00e1": "Q95377563", "V\u011bra \u0160ust\u00edkov\u00e1": "Q95378608", "Claire Ma\u00eetre": "Q95379619", "Jana Bene\u0161ov\u00e1": "Q95380122", "Eva Myslivcov\u00e1": "Q95382086", "Jind\u0159i\u0161ka B\u00e1rtov\u00e1": "Q95391748", "Zuzana \u0160alplachtov\u00e1": "Q95394162", "Mark\u00e9ta Hallov\u00e1": "Q95395118", "M\u00e1ria Jana Terrayov\u00e1": "Q95396073", "Kate\u0159ina Ma\u00fdrov\u00e1": "Q95397354", "Jitka Novotn\u00e1": "Q95397614", "Marie Nov\u00e1kov\u00e1": "Q95397785", "Helena Posp\u00ed\u0161ilov\u00e1": "Q95402892", "Hana S\u00e9quardtov\u00e1": "Q95437273", "Jit\u0159enka Pe\u0161kov\u00e1": "Q95439622", "Erika Smith-Fro\u0148kov\u00e1": "Q95439629", "Mark\u00e9ta Kabelkov\u00e1": "Q95440075", "Jitka Bajgarov\u00e1 \u010cernohorsk\u00e1": "Q95442921", "Olga Settari": "Q95444352", "Jana Pavl\u00ed\u010dkov\u00e1": "Q95444613", "Lenka Dohnalov\u00e1": "Q111633195", "Zuzana Zatloukalov\u00e1": "Q95446023", "Vlasta Bok\u016fvkov\u00e1": "Q95446653", "Eva Drl\u00edkov\u00e1": "Q95457016", "Hana Ad\u00e1mkov\u00e1": "Q95463638", "Nora Hode\u010dkov\u00e1": "Q95464913", "Jana Vojt\u011b\u0161kov\u00e1": "Q95469696", "V\u011bra Wasserbauerov\u00e1": "Q95471962", "Blanka Nov\u00e1kov\u00e1": "Q95477195", "Simona Kostrhunov\u00e1": "Q95481900", "Ingrid Siln\u00e1": "Q95556404", "Roswitha Schl\u00f6tterer": "Q95635470", "Hanna St\u00e4blein-Harder": "Q95635791", "Grete Horak": "Q95635908", "Marie-V\u00e9ronique Gauthier": "Q95646120", "Claire Alby": "Q95646491", "Christin Bonin": "Q95646926", "Lotte Thaler": "Q95648444", "L. E. Eberhard": "Q95648873", "Sabine \u017dak": "Q95649514", "Astrid Keiner": "Q95649515", "Cornelia Szab\u00f3-Knotik": "Q95649533", "B\u00e9n\u00e9dicte Gandois": "Q95651289", "Carola Bebermeier": "Q95651612", "Emily S. Thelen": "Q95653146", "Louise Bernard de Raymond": "Q95655053", "Eva Maria Hois": "Q95656929", "Nadja Wallaszkovits": "Q95657103", "Silvia Maria Erber": "Q95657153", "Irmgard Otto": "Q95657296", "Michelle Bourhis": "Q95657494", "Bianca T\u00e4nzer": "Q95667915", "Claudia Irion": "Q95672881", "Kuo-Hsiang Hung": "Q95672965", "Ingrid Schraffl": "Q95673088", "Daniela Goebel": "Q95673142", "Abby Anderton": "Q95673167", "Christiane Marianne Vorster": "Q95697019", "Ingrid Jach": "Q95697034", "Stefanie Br\u00e4uml": "Q95701437", "Hannelore Gerlach": "Q95735543", "Ir\u00e8ne Minder-Jeanneret": "Q95747339", "Katharina von Glasenapp": "Q95747576", "Elizabeth Randell Upton": "Q95747684", "Melanie Kleinschmidt": "Q95747685", "Anastasia Belina-Johnson": "Q95748032", "Sungil Yu": "Q95748046", "Natasha Loges": "Q95748054", "Emily H. Green": "Q95748064", "Birgit Johanna Wertenson": "Q95748315", "Gertrud Klotz": "Q95749013", "Vera Gitschmann": "Q95750972", "Kathrin Massar": "Q95751342", "Sabine Ehrmann-Herfort": "Q95751479", "Susanne B\u00fcchner": "Q95751481", "Katrin St\u00f6ck": "Q95751484", "Regina Busch": "Q95751514", "Silke Berdux": "Q95751569", "Ute Evers": "Q95751573", "Frauke Grimmer": "Q95751887", "Nina Eichholz": "Q95756383", "Regina Back": "Q95756413", "Theresa Jacobs": "Q96052502", "\u00c9veline Andr\u00e9ani": "Q96207470", "Barbora Kadl\u00ed\u010dkov\u00e1": "Q96243101", "Anna Ilieva": "Q96276949", "Jadwiga Sobieska": "Q96314522", "Ligiana Costa": "Q96483253", "Elena Razumovskaya": "Q96627041", "Halyna Filkevych": "Q12166571", "\u0424\u0456\u043b\u044c\u0446 \u0411\u043e\u0433\u0434\u0430\u043d\u0430 \u041c\u0438\u0445\u0430\u0439\u043b\u0456\u0432\u043d\u0430": "Q12166584", "Oleksandra Tsalay-Yakymenko": "Q12168182", "\u0410\u043d\u0456\u0441\u0456\u044f \u0428\u0440\u044d\u0435\u0440-\u0422\u043a\u0430\u0447\u044d\u043d\u043a\u0430": "Q12172328", "Valentina Yudina": "Q12172906", "Ljubomyra Jarosevytsj": "Q12173954", "Lutxi Mancisidor": "Q12262742", "Elisaveta V\u016dlchinova-Chendova": "Q12279742", "Lozanka Peycheva": "Q12285023", "Rozmari Statelova": "Q12292514", "Dorthe Falcon M\u00f8ller": "Q12308867", "Judit Benk\u0151": "Q12350029", "Geiu Rohtla": "Q12362858", "Janika Oras": "Q12365061", "Kaire Maimets": "Q12366069", "Kristel Pappel": "Q12367566", "Urve Lippus": "Q12377840", "Vilma Paalma": "Q12378715", "Bathia Churgin": "Q12404760", "\u0412\u0430\u0440\u0432\u0430\u0440\u0430 \u041f\u0430\u0432\u043b\u043e\u0432\u043d\u0430 \u0414\u0435\u0440\u043d\u043e\u0432\u0430": "Q12537684", "Lydia Gontcharova": "Q12551859", "Koraljka Kos": "Q12634754", "Dzintra Var\u017egalien\u0117": "Q12653602", "Egl\u0117 Elena Mar\u010d\u0117nien\u0117": "Q12653849", "Jadvyga \u010ciurlionyt\u0117": "Q12657063", "R\u016bta Gaidamavi\u010di\u016bt\u0117": "Q12672082", "Gabriela Munteanu": "Q12728738", "Stela Sava": "Q12741424", "\u0414\u043e\u043d\u0430\u0442\u0430 \u041f\u0440\u0435\u043c\u0435\u0440\u0443": "Q12751039", "M\u00e1ria Glockov\u00e1": "Q12772177", "Branka Rotar Pance": "Q12786351", "Katarina Bogunovi\u0107": "Q12793521", "Marija Bergamo": "Q12795729", "Teja Saksida": "Q12803961", "Aida Ta\u011f\u0131zada": "Q12835510", "Lal\u0259 Kaz\u0131mova": "Q12841275", "N\u0259rmin Qaralova": "Q12843534", "Melp\u014d Logothet\u0113-Merlie": "Q12880501", "Danielle Roster": "Q13102264", "Csorja Viola T\u00f6r\u00f6k": "Q13443331", "Dorothy Priesing": "Q13574108", "Etty Mulder": "Q13579057", "Anuja Kamat": "Q105731108", "Dorothee Barth": "Q105754848", "Maria Piotrowska": "Q105763249", "Elisabeth Theresia Hilscher": "Q105773598", "Aleksandra Anatol'evna Orlova": "Q105799233", "Margherita Canale Degrassi": "Q105870458", "Rosanna Cioffi": "Q105882962", "Maria Teresa Rosa-Barezzani": "Q105946302", "\u00c4li-Ann Klooren": "Q105964210", "Greer Garden": "Q105988812", "Kadja Gr\u00f6nke": "Q106095095", "\u041c\u0430\u0442\u0443\u0441\u0435\u0432\u0438\u0447 \u041d\u0456\u043d\u0430 \u0406\u0432\u0430\u043d\u0456\u0432\u043d\u0430": "Q106095206", "Dianne M. McMullen": "Q106108983", "Katharina Larissa Paech": "Q106128940", "Rebecca Wolf": "Q106170153", "\u0421\u043e\u0444\u0438\u044f \u0411\u0443\u043b\u0430\u0442\u043e\u0432\u043d\u0430 \u0410\u0441\u0430\u043d\u043e\u0432\u0430": "Q106200116", "Tacciana Mdyvani": "Q106205217", "Sarah Kolat": "Q106217128", "\u0410\u043b\u0435\u043d\u0430 \u042f\u043a\u0430\u045e\u043b\u0435\u045e\u043d\u0430 \u0420\u0430\u043a\u0430\u0432\u0430": "Q106238384", "\u0410\u043b\u0435\u043d\u0430 \u0410\u043b\u044f\u043a\u0441\u0435\u0435\u045e\u043d\u0430 \u0421\u0430\u043b\u0430\u043c\u0430\u0445\u0430": "Q106244894", "\u042d\u043b\u044c\u0432\u0456\u0440\u0430 \u0410\u043d\u0430\u0442\u043e\u043b\u044c\u0435\u045e\u043d\u0430 \u0410\u043b\u0435\u0439\u043d\u0456\u043a\u0430\u0432\u0430": "Q106246879", "Hadass Pal-Yarden": "Q106255205", "\u041b\u0430\u0440\u044b\u0441\u0430 \u041f\u0456\u043b\u0456\u043f\u0430\u045e\u043d\u0430 \u041a\u0430\u0441\u0446\u044e\u043a\u0430\u0432\u0435\u0446": "Q106289649", "Antonina Saja": "Q106311044", "Anastasiya Lyapunova": "Q106350471", "Stanislava St\u0159elcov\u00e1": "Q106407768", "Silvia Bruni": "Q106427324", "Marianna Jara": "Q106437064", "Tamara Levitz": "Q106440635", "Cristina Azuma": "Q106463136", "Fanny Rebillard": "Q106506362", "Gabriella Biagi Ravenni": "Q106509591", "Naomi Bell": "Q106519439", "Barbara B. Heyman": "Q106564732", "Aida Ashkharua": "Q106583544", "Eleanor Selfridge-Field": "Q106594949", "Michiyo Yoneno-Reyes": "Q106604732", "Gwynne Kuhner Brown": "Q106627792", "Yan Liang": "Q112522419", "M\u00e1rta Sz. Farkas": "Q112522627", "Katalin Szerz\u0151": "Q112522629", "Vera Gehrs": "Q112523006", "Susan Lewis Hammond": "Q112523068", "Christiane Heine": "Q112523086", "Simone Hohmaier": "Q112523215", "Vesna Peno": "Q112523299", "Antje Olivier": "Q112523617", "Barbara Mohn": "Q112523813", "Marja von Bargen": "Q112523814", "Suzanne Robinson": "Q112524850", "Kay Dreyfus": "Q112524852", "Dolores Pesce": "Q112524860", "Krystyna Turek": "Q112525370", "Rumjana Lazarova Karakostova": "Q112525995", "Ljubov\u2018 Aleksejevna Serebrjakova": "Q112526682", "Marina Toffetti": "Q112527666", "Kimberly A. Francis": "Q112528110", "Monika Dorna": "Q112528268", "Angelika Horstmann": "Q112528560", "Jutta Toelle": "Q112528613", "Paloma Ortiz de Urbina y Sobrino": "Q112530925", "Michaela B\u011bhanov\u00e1": "Q112531227", "Sabine T\u00f6fferl": "Q112531326", "Anna Pulkkis": "Q112532764", "Jelena Gennad\u2018jevna \u0160at\u2018ko": "Q112533242", "Sarah Haslinger": "Q112533946", "Elizabeth L. Wollman": "Q112534101", "Elisabeth Reisinger": "Q112534296", "Juliane Riepe": "Q112534298", "Fran\u00e7oise Lempereur": "Q112535429", "Magdal\u00e9na St\u00fdblov\u00e1": "Q112536194", "Katharina Loose-Einfalt": "Q112536552", "Gabriela V\u0161eti\u010dkov\u00e1": "Q112536834", "Manuela Deleva Bon\u010deva": "Q112537353", "Talia Bachir-Loopuyt": "Q112538059", "Lini H\u00fcbsch-Pfleger": "Q112538710", "Andrea Pach": "Q112538711", "Susan Boynton": "Q112539544", "Uta Hertin-Loeser": "Q112539685", "V\u00ecra Madjar-Novak": "Q112540071", "Margaret Ruth Butler": "Q112540519", "Ana Petrov": "Q112540709", "Teresa Cascudo": "Q112541138", "Joanne Cormac": "Q112541372", "Marie-Gabrielle Soret": "Q112541801", "Ren\u00e1ta Ko\u010di\u0161ov\u00e1": "Q112541818", "Annette Oppermann": "Q112542186", "Bonnie Gordon": "Q112542584", "Jean Harden": "Q112543224", "Bogumi\u0142a Mika": "Q112544876", "Magdalena Szyndler": "Q112544879", "Daphne Leong": "Q112546864", "Mikica Ma\u0161trovi\u0107": "Q112546884", "Diana Grguri\u0107": "Q112547209", "Vesna Veni\u0161nik Peternelj": "Q112547239", "Madeline Smith Atkins": "Q112547359", "Leta E. Miller": "Q112547981", "Mirjana Matovi\u0107": "Q112548558", "Sof\u2018ja Davidovna Magid": "Q112549170", "Claire Brook": "Q112549654", "\uc774\uad00\uc625": "Q81226708", "Coralie Fayolle": "Q84439643", "Liao Lin-ni": "Q84440547", "Alicja Knast": "Q84470574", "Erna Brand": "Q84582022", "Eleonora-Noga Alberti": "Q84851408", "Maria Szymanowicz": "Q85132470", "Alina M\u0105dry": "Q112466086", "Magdalena Walter-Mazur": "Q85133083", "Barbara Literska": "Q85134144", "Maria Adelaide Rosado Pinto": "Q85308041", "Sandra Bergmannov\u00e1": "Q85417790", "Eugenie Dufkov\u00e1": "Q85656262", "Leandra Scappaticci": "Q85824441", "Maria Przychodzi\u0144ska": "Q85853944", "\u0417\u043e\u044f \u041a\u044b\u0440\u0433\u044b\u0441": "Q85861995", "Lioudmila Efremova": "Q85987672", "\u0411\u0435\u0440\u0435\u0433\u043e\u0432\u0430 \u041e\u043b\u0435\u043d\u0430 \u041c\u0438\u043a\u043e\u043b\u0430\u0457\u0432\u043d\u0430": "Q85988684", "Tatiana Shvachko": "Q86057182", "Theodora Strakov\u00e1": "Q86199754", "Anette Nagel": "Q86349359", "Patricia Pate Havlice": "Q87185896", "Erica Buurman": "Q87263909", "Julie Adrienne Carricaburu": "Q87364566", "Luisa Lacal de Bracho": "Q87816108", "Maria Szczepanska": "Q87932703", "Arpi Vardumyan": "Q88218911", "Knarik Pilossian": "Q88293419", "Nona Voskanyan": "Q88297051", "Margarit Takhtajyan": "Q89197261", "Claudia Reuter": "Q89206953", "Alessandra Fiori": "Q89487209", "Cl\u00e9mence Monnier": "Q91809951", "\u041a\u0430\u0432\u0443\u043d\u043d\u0438\u043a \u041e\u043b\u0435\u043d\u0430 \u0410\u043d\u0430\u0442\u043e\u043b\u0456\u0457\u0432\u043d\u0430": "Q92397105", "C\u00e9cile Kubik": "Q92451288", "Angela Pachovsky": "Q93225281", "Nele Gabri\u00ebls": "Q93228770", "Paula Higgins": "Q93232520", "Maria Caraci Vela": "Q93233612", "Dorothea Baumann": "Q93236192", "Ulrike Hascher-Burger": "Q93239792", "Anne-Zo\u00e9 Rillon-Marne": "Q93242567", "Gis\u00e8le Dumas": "Q93246216", "Rossana Dalmonte": "Q93248300", "Tsitsilia Brutyan": "Q93442560", "Kathleen Munro": "Q94128702", "M\u00e1ria Potemrov\u00e1": "Q94381402", "Isabel Lippitz": "Q94440738", "Iryna Drach": "Q94579597", "Zdenka Bokesov\u00e1": "Q94637883", "Lisbeth Nadel": "Q94732388", "Mathilde Stern-Porges": "Q94732716", "Bettina von Seyfried": "Q94735638", "Alison J. Dunlop": "Q94741491", "Marianne Br\u00f6cker": "Q94743863", "Mathilde von Leinburg": "Q94752624", "Ghizela Suli\u021beanu": "Q94773994", "Agape Gensbaur": "Q94774070", "Gertrud Spat": "Q94774807", "Else Thalheimer-Lewertoff": "Q94776489", "Irmgard Becker-Glauch": "Q94777537", "Laurence Helleu": "Q94778041", "Gertraude Schlosser": "Q94807653", "Lada Brashovanova-Stancheva": "Q94998323", "Marie Svobodov\u00e1": "Q95074260", "Monika Hol\u00e1": "Q95077005", "Jana Vozkov\u00e1": "Q95078297", "Jana Fojt\u00edkov\u00e1": "Q95078300", "Kate\u0159ina R\u016f\u017ei\u010dkov\u00e1-Pi\u0148osov\u00e1": "Q95080927", "Jarmila Proch\u00e1zkov\u00e1": "Q95086223", "Hana Vlhov\u00e1-W\u00f6rner": "Q95086826", "Jana Honz\u00edkov\u00e1": "Q95093743", "Nina Dlouh\u00e1": "Q95098500", "Jitka Ludvov\u00e1": "Q95100886", "V\u011bra Nollov\u00e1": "Q95101585", "Svatava P\u0159ib\u00e1\u0148ov\u00e1": "Q95102383", "Jitka Bajgarov\u00e1": "Q95108469", "Marcela Lemariov\u00e1": "Q95108528", "Lucie Ma\u0148ourov\u00e1": "Q95109007", "Zuzana Nov\u00e1kov\u00e1": "Q95114088", "V\u011bra Dolansk\u00e1": "Q95121171", "Milada Ladmanov\u00e1": "Q95124374", "Eva Tomandlov\u00e1": "Q95136085", "Lenka Vojt\u00ed\u0161kov\u00e1": "Q95136628", "Iva Horov\u00e1": "Q95139137", "Eva Mikul\u00e1\u0161kov\u00e1": "Q95139615", "Ivana A\u0161enbrenerov\u00e1": "Q95142852", "Jitka Fuka\u010dov\u00e1": "Q95148030", "Hana Tillmanov\u00e1": "Q95149142", "Olga Moj\u017e\u00ed\u0161ov\u00e1": "Q95153775", "Svatava \u0160enkov\u00e1": "Q95154461", "Kate\u0159ina Fajtlov\u00e1": "Q95154663", "Lenka Bo\u010danov\u00e1": "Q95156811", "Olga Hrabalov\u00e1": "Q95162385", "Hana Hlavsov\u00e1": "Q95164970", "Lenka Str\u00e1nsk\u00e1": "Q95166919", "Jarmila Gabrielov\u00e1": "Q95167914", "Olga Kittnarov\u00e1": "Q95171758", "Anna \u0160er\u00fdch": "Q95173392", "Barbora Kube\u010dkov\u00e1": "Q95174216", "Jarmila Doubravov\u00e1": "Q95174698", "Alena Borkov\u00e1": "Q95177015", "Helena Chaloupkov\u00e1": "Q95177023", "\u0160\u00e1rka Handlov\u00e1": "Q95177250", "Hana Rothov\u00e1": "Q95177425", "Veronika \u0160ev\u010d\u00edkov\u00e1": "Q95179582", "Hana Jarol\u00edmkov\u00e1": "Q95181077", "Milena Galu\u0161kov\u00e1": "Q95183144", "Eva Herrmannov\u00e1": "Q95183270", "Yeboaa Ofosu": "Q95183909", "Ulrike Migdal": "Q95184152", "Katherine Rae Syer": "Q95185439", "Silke Schmid": "Q95186499", "Annemarie Clostermann": "Q95186735", "Frohmut Dangel-Hofmann": "Q95186736", "Sibylle Brunner": "Q95187216", "Kateryna Sch\u00f6ning": "Q95187826", "Verena Naegele": "Q95190043", "Nicole Schwindt": "Q95190315", "Viveca Servatius": "Q95191012", "Irmgard Jungmann": "Q95191196", "Monika Woitas": "Q95191234", "Martina Rebmann": "Q95191281", "Gisela Probst-Effah": "Q95191363", "Christiane Bernsdorff-Engelbrecht": "Q95191376", "Renate Herklotz": "Q95191405", "Helga L\u00fchning": "Q95191569", "Ute Scholz": "Q95191616", "Marianne Danckwardt": "Q95191627", "Marion Kant": "Q95191636", "Thea Vignau-Wilberg": "Q95191679", "Waltraud Linder-Beroud": "Q95191987", "Inka Stampfl": "Q95192125", "Solveig Schreiter": "Q95192176", "Ursula Geisler": "Q95192386", "Barbara Haggh-Huglo": "Q95192842", "Heike Fricke": "Q95193169", "Jutta Raab Hansen": "Q95193179", "Angela R. Mace": "Q95193484", "Karin Martensen": "Q95193847", "Darina M\u00fadra": "Q95193963", "Ulrike Thiele": "Q95194013", "Cornelia Brockmann": "Q95194066", "Ruth Steiner": "Q95194161", "Sandra Danielczyk": "Q95194445", "Cornelia Boese": "Q95194506", "Christine Wassermann Beir\u00e3o": "Q95194521", "Brit Reipsch": "Q95194651", "Katrin Markowski": "Q95195003", "Margret Jestremski": "Q95195068", "Lily E. Hirsch": "Q95195190", "Hedwig M\u00fcller von Asow": "Q95195554", "Nina Noeske": "Q95195944", "Edith B. Schnapper": "Q95196164", "Stephanie Schroedter": "Q95196227", "Corinne Holtz": "Q95196429", "Hildegard Herrmann-Schneider": "Q95196530", "Christina Drexel": "Q95196587", "Rose Marie Barber": "Q95197036", "Adelheid Geck": "Q95197204", "Corinna Hesse": "Q95197261", "Ingeborg Allihn": "Q95197276", "Eva Martina Hanke": "Q95197480", "Ulrike Kienzle": "Q95197573", "Bettina Weil": "Q95197586", "C\u00e9cile Leblanc": "Q95197593", "Kordula Knaus": "Q95198109", "Hanna Z\u00fchlke": "Q95198462", "Ellen van Lelyveld": "Q95198512", "Anne-Katrin Jordan": "Q95198799", "Eveline Nikkels": "Q95198944", "Kazuko Ozawa": "Q95199270", "Gesa zur Nieden": "Q95199418", "Jane F. Fulcher": "Q95199704", "Audron\u0117 \u017di\u016braityt\u0117": "Q95199862", "Theda Weber-Lucks": "Q95200115", "Claudia Maria Zey": "Q95201678", "Annemarie B\u00f6sch-Niederer": "Q95201985", "Maraike Schr\u00f6ter": "Q95202222", "Jutta Lambrecht": "Q95202224", "Beate Hiltner-Hennenberg": "Q95202490", "Marion Saxer": "Q95202512", "Margarete Zander": "Q95202710", "Therese Muxeneder": "Q95202796", "Elisa Novara": "Q95203018", "Heike Angermann": "Q95203357", "Antonia Ronnewinkel": "Q95204088", "Monika Tibbe": "Q95204175", "Christiane Schwerdtfeger": "Q95204489", "Irene Brandenburg": "Q95204719", "Susanne Herrmann-Sinai": "Q95204775", "Julia Bungardt": "Q95204789", "Ute Poetzsch-Seban": "Q95204816", "Christine Siegert": "Q95204824", "Daniela v. Aretin": "Q95204826", "Sarah-Denise Fabian": "Q95204842", "Ute Becker": "Q95204843", "Christiane Sch\u00e4fer": "Q95204964", "Marina Voinova": "Q95205021", "Annalisa Bini": "Q111472919", "Sylvie Bouissou": "Q111502857", "Gorana Doliner": "Q111503441", "Janet Knapp": "Q111506424", "Barbara Dobbs Mackenzie": "Q111506474", "Sanja Majer-Bobetko": "Q111506484", "Anne Walters Robertson": "Q111506578", "Mirjana Veselinovi\u0107-Hofman": "Q111506627", "Mary S. Lewis": "Q111508548", "Imani Mosley": "Q111515123", "Marie-Claire Mussat": "Q111524252", "Lumini\u0163a Vartolomei": "Q111527173", "Irmengard Neukomm-Lobenstein": "Q111579931", "Liselotte Theiner": "Q111579970", "Kristina Richts": "Q111648535", "Irina Fedotovna Bezuglova": "Q111653319", "Hamide Stringa": "Q111653338", "Sanja Radinovic": "Q111653340", "Svetlana Kujumdzieva": "Q111653341", "Anastasia Siopsi": "Q111653343", "Grozdana Maro\u0161evi\u0107": "Q111653347", "Julia Deppert-Lang": "Q111674122", "Juliane Jedicke": "Q111675219", "Jung-A Lim": "Q111675536", "Dongdong Liu": "Q111675699", "Angelika Moths": "Q111716676", "Vittoria Fontana": "Q111724489", "Chiara Colm": "Q111728638", "Laura Mauri Vigevani": "Q111732278", "Edlira Priftuli": "Q111746525", "Cristina Magaldi": "Q111750364", "Sylvia Kenney": "Q111750379", "Anna Harwell Celenza": "Q111754217", "Marina Ca\u00f1ardo": "Q111823458", "Gabriele Groll": "Q111829823", "Josephina Str\u00f6\u00dfner": "Q111858524", "Carol A. Hess": "Q111985547", "Jacinta Landa Vaz": "Q111993642", "Henrike Rucker": "Q112042968", "Alena H\u00f6nigov\u00e1": "Q112121993", "Mariateresa Dellaborra": "Q112156015", "Beth Lise Glixon": "Q112170427", "Francesca Menchelli-Buttini": "Q112177419", "Jana Tich\u00e1 Janul\u00edkov\u00e1": "Q112183719", "Teresa Leonhardmair": "Q113824323", "Tala Jarjour": "Q113828043", "Elisa Lessa": "Q113828460", "Cristina Maria de Carvalho Cota": "Q113828461", "Donna Weston": "Q113828592", "Juliane P\u00f6che": "Q113828739", "Susan Mohini Kane": "Q113828878", "Tamar Barzel": "Q113828884", "Anne Pi\u00e9jus": "Q113829456", "Judith I. Haug": "Q113829781", "Christine Haustein": "Q113830064", "Maike Aden": "Q113830282", "Siobh\u00e1n Dowling Long": "Q113832347", "Melinda Latour": "Q113833177", "Yael Sela-Teichler": "Q113833364", "Gabriella Gil\u00e1nyi": "Q113834123", "Jasmina Huber": "Q113834581", "Irina Ivanovna \u017dukovskaja": "Q113834998", "Reet Marttila": "Q113835231", "Lucia Sziborsky": "Q113836637", "Ivana Perkovi\u0107": "Q113836967", "Ursula Bube": "Q113837968", "Katrin Beck": "Q113838607", "Stefka Venkova": "Q113843427", "Inka Le-Huu": "Q113847145", "Fiona McAlpine": "Q113857334", "Suzana Ograjensek": "Q113969584", "Flavia Gervasi": "Q114080459", "Nata\u0161a Cigoj Krstulovi\u0107": "Q114203799", "Marguerite Gauthier-Villars": "Q114237257", "Tja\u0161a Ribizel Popi\u010d": "Q114336402", "Lorenda Ramou": "Q114660374", "Inge van Rij": "Q114860349", "Cassandre Balosso-Bardin": "Q114866763", "Davinia Caddy": "Q114949872", "Elly Kooiman": "Q114977061", "Marie Skalick\u00e1": "Q115078672", "Jenny Burchell": "Q115122258", "\u0421\u04d9\u043b\u043c\u04d9\u043d\u043e\u0432\u0430 \u041b\u0438\u043b\u0438\u04d9 \u04a0\u043e\u0442\u043b\u043e\u0445\u0443\u0436\u0430 \u04a1\u044b\u0499\u044b": "Q115252071", "Consuelo Giglio": "Q115684526", "Jolanta Wo\u017aniak": "Q115768817", "Marta Podkovych": "Q115846940", "Lydia Vroegindeweij": "Q115915014", "Maria Helena de Freitas": "Q115915232", "Federica Camata": "Q115933172", "Marina Sudo": "Q116222845", "Livine Van Eecke": "Q116222992", "\u0531\u057d\u057f\u0572\u056b\u056f \u0544\u0578\u0582\u0577\u0565\u0572\u0575\u0561\u0576": "Q116378266", "Teresa Arazyan": "Q116417923", "Lida Berberyan": "Q116436114", "Sabine Klaus": "Q116440010", "Jana Krch\u00e1kov\u00e1": "Q116449857", "Carla Huston Bell": "Q116452561", "Narine Avetisyan": "Q116464165", "Gohar Shagoyan": "Q116464649", "Ir\u00e8ne Brisson": "Q56260886", "Agnieszka Budzinska-Bennett": "Q56344509", "Juliette Bourassa-Tr\u00e9panier": "Q56461987", "Agnieszka Branska": "Q56558790", "Dorothea Redepenning": "Q56678703", "Ellen Waterman": "Q57083333", "Dorothea Kaufmann": "Q57209632", "Nina Sun Eidsheim": "Q57306211", "Helen Rusak": "Q57429738", "Amanda Harris": "Q57443604", "Jelena Novak": "Q57447070", "Friederike Woebcken": "Q57576745", "Katherine Ruth Schofield": "Q58003268", "Yvonne Wasserloos": "Q58626155", "Elena Canadelli": "Q59151613", "Julia Ronge": "Q59493969", "Anna Szweykowska": "Q59526096", "Ursula Kirkendale": "Q59526943", "Imogen Fellinger": "Q59527261", "Carol Cook MacClintock": "Q59527269", "Monique Rollin": "Q59527942", "Mabel Dolmetsch": "Q59527973", "Elma Doflein": "Q59528817", "Suzanne Chainaye": "Q59530796", "Isabel Pope": "Q59531654", "Ellen Hickmann": "Q59532184", "Julia Evdokimova": "Q59532351", "Sigrid Wiesmann": "Q59532966", "Marica Tacconi": "Q59609657", "Tess Knighton": "Q59610366", "Laura Youens": "Q59610448", "Maria Teresa Muraro": "Q59628264", "Ruth Halle Rowen": "Q59631540", "Anny von Newald-Grasse": "Q59653263", "El\u017cbieta Witkowska-Zaremba": "Q60613230", "Katarzyna Morawska": "Q60613244", "Iwona Lindstedt": "Q60613261", "Irena Bie\u0144kowska": "Q60613265", "Agnieszka Leszczy\u0144ska": "Q60613268", "Dolors Sendra Bordes": "Q60630820", "\u0411\u0435\u0440\u043a\u043e, \u041c\u0430\u0440\u0438\u043d\u0430 \u0410\u043b\u0435\u043a\u0441\u0430\u043d\u0434\u0440\u043e\u0432\u043d\u0430": "Q60695012", "Zoila G\u00f3mez Garc\u00eda": "Q60828895", "Zdenka Pilkov\u00e1": "Q60831308", "Elisabeth Jeanette Luin": "Q60842557", "Renate Croll": "Q61024402", "Eli\u0161ka Ba\u0165ov\u00e1": "Q61052271", "\u0420\u043e\u0449\u0435\u043d\u043a\u043e, \u0415\u043b\u0435\u043d\u0430 \u0413\u0435\u043e\u0440\u0433\u0438\u0435\u0432\u043d\u0430": "Q61116669", "Roksanda Pejovi\u0107": "Q61133666", "Mariya Samokovlieva": "Q61138305", "Jacqueline C. Warwick": "Q61161220", "De Val Dorothy": "Q61163299", "Sarah Yuill McCleave": "Q61186906", "Marisa Dalai Emiliani": "Q61475156", "Giada Viviani": "Q61482829", "Susanne Keuchel": "Q61621504", "Alina \u017b\u00f3rawska-Witkowska": "Q61718288", "Wanda L. Landowski": "Q61748926", "Christiane Gerischer": "Q61961815", "Anna Margr\u00e9t Magn\u00fasd\u00f3ttir": "Q61972092", "Helga J\u00f3hannsd\u00f3ttir": "Q61972770", "Ingibj\u00f6rgu Ey\u00fe\u00f3rsd\u00f3ttur": "Q61972951", "Pilar Magad\u00e1n Chao": "Q61976804", "Alla Pertsovskaya": "Q62415112", "Inga Mai Groote": "Q62559901", "Friederike Wissmann": "Q62592479", "\u0427\u0435\u043f\u0435\u043b\u0435\u043d\u043a\u043e, \u041a\u0441\u0435\u043d\u0438\u044f \u041e\u043b\u0435\u0433\u043e\u0432\u043d\u0430": "Q62713461", "Alicja Simon": "Q63018550", "Anne Dvinge": "Q63057761", "Julianne Lindberg": "Q63067098", "Zhanna Zurabyan": "Q63097158", "Lilit Yepremyan": "Q63103613", "Nancy van Deusen": "Q63205164", "Danuta Mirka": "Q63348905", "Nancy Guy": "Q63441130", "Amalie Arnheim": "Q63485316", "Liesbeth Weinhold": "Q63485944", "Zs\u00f3fia Cseri": "Q63886824", "Catherine P. Smith": "Q63986401", "Donna G. Cardamone": "Q64055622", "Marcelle Benoit": "Q64214156", "Donna Marie Di Grazia": "Q64691593", "Alma Colk Santosuosso": "Q64844168", "Maria \u0141astowiecka": "Q65160370", "\u042d\u043b\u044c\u0437\u0430 \u0417\u0443\u0431\u043a\u043e\u0432\u0456\u0447": "Q65172222", "\u041f\u0443\u0446\u0435\u043d\u0442\u0435\u043b\u0430 \u041d\u0430\u0442\u0430\u043b\u0456\u044f \u041e\u0440\u0435\u0441\u0442\u0456\u0432\u043d\u0430": "Q65198822", "\u0408\u0435\u043b\u0435\u043d\u0430 \u041c\u0438\u043b\u043e\u0458\u043a\u043e\u0432\u0438\u045b-\u0402\u0443\u0440\u0438\u045b": "Q65199864", "Barbara Duran Bordoy": "Q65210427", "Mariam Tonyan": "Q65225453", "Jagoda Majska Martin\u010devi\u0107": "Q65498254", "Tiziana Affortunato": "Q65589773", "Anna Schivazappa": "Q65662910", "Lena-Lisa W\u00fcstend\u00f6rfer": "Q65666084", "Evelyn Fink-Mennel": "Q65770245", "Katarina Kra\u0161evac": "Q65892736", "Katarina Tr\u010dek Maru\u0161i\u010d": "Q65920500", "Maru\u0161a Zupan\u010di\u010d": "Q65924078", "Tonja \u010cak\u0161": "Q65924277", "Teja Klob\u010dar": "Q65924382", "Katarina \u0160ter": "Q65924916", "Ma\u0161a Komavec": "Q65925238", "Barbara Przybyszewska-Jarmi\u0144ska": "Q95205080", "Anja M\u00fchlenweg": "Q95205140", "Corinna Herr": "Q95205973", "Marie-Therese Rudolph": "Q95205974", "Eva Neumayr": "Q95205994", "D\u00f6rte Schmidt": "Q95205996", "Tatjana B\u00f6hme-Mehner": "Q95206782", "Maren Goltz": "Q95206877", "Claudia Maria Knispel": "Q95206964", "Gabriele Busch-Salmen": "Q95207211", "Christa Br\u00fcstle": "Q95207293", "Sigrid Brandt": "Q95207307", "Alice Friedl\u00e4nder": "Q112469990", "Heide Volckmar-Waschk": "Q95207330", "Antje Ruhbaum": "Q95207375", "Johanna Senigl": "Q95207384", "Geraldine McGreevy": "Q95207443", "Anja Morgenstern": "Q95207534", "Fulvia Morabito": "Q95207544", "Sonja Gerlach": "Q95207747", "Manuela Widmer": "Q95207843", "Isabella van Elferen": "Q95207845", "Heidy Zimmermann": "Q95208032", "Olga Stieglitz": "Q95208228", "Barbara Meier": "Q95208232", "Mechthild von Schoenebeck": "Q95208373", "Silvia Uhlemann": "Q95208611", "Ulrike Aringer-Grau": "Q95208669", "Therese Bruggisser-Lanker": "Q95209087", "Monica Steegmann": "Q95209125", "Maria Teresa Arfini": "Q95209486", "Lydia Wei\u00dfgerber": "Q95209774", "Ilse Kob\u00e1n": "Q95209905", "Sarah Chaker": "Q95210043", "Elizabeth Anne Wells": "Q95210114", "Eva-Maria von Adam-Schmidmeier": "Q95210124", "Katy Hamilton": "Q95210205", "Petra van Langen": "Q95210223", "Jana Lengov\u00e1": "Q95210451", "Barbara Eichner": "Q95210911", "Katharina Talkner": "Q95211550", "Adriana De Feo": "Q95211690", "Christina Richter-Ib\u00e1\u00f1ez": "Q95212404", "Martina Wohlthat": "Q95212600", "Hertha Tilsen": "Q95212659", "Maria-Elisabeth Brockhoff": "Q95213105", "Sabine Kurth": "Q95213314", "Gertraut Haberkamp": "Q95213319", "Irene Holzer": "Q95213331", "Lena van der Hoven": "Q95213414", "Jennifer Bain": "Q95213425", "Katharina Bradler": "Q95213456", "Katharine Leiska": "Q95213483", "Undine Wagner": "Q95213727", "Leslie A. Sprout": "Q95213826", "Angela Ida De Benedictis": "Q95213946", "R\u016f\u017eena Mu\u017e\u00edkov\u00e1": "Q95214070", "Ludmila Vrko\u010dov\u00e1": "Q95214846", "\u0160t\u011bp\u00e1nka Li\u0161kov\u00e1": "Q95231198", "Dita Kop\u00e1\u010dov\u00e1 Hradeck\u00e1": "Q95241837", "Reiner N\u00e4gele": "Q95332018", "Alexandra Goloubitskaia": "Q96791851", "Sandria P. Bouliane": "Q97138600", "Anna Nowak": "Q97164402", "Krystyna Doma\u0144ska-Ma\u0107kowiak": "Q97167859", "Christina Bashford": "Q97493924", "Sonja Huber": "Q97501252", "Alicja Gronau-Osi\u0144ska": "Q97619770", "Anna Agathonos": "Q97656757", "Roberta Montemorra Marvin": "Q97694763", "Zuzana Martin\u00e1kov\u00e1": "Q97776587", "Anna Zasimova": "Q98094205", "Nelly Avetisyan": "Q98167295", "Lidia Katary\u0144czuk-Mania": "Q98216551", "Esther Sestelo Longueira": "Q98374738", "Gillian Anderson": "Q98461252", "Ann-Kathrin Erd\u00e9lyi": "Q98514685", "Margery Morgan Lowens": "Q98662014", "Kathrin Kirsch": "Q98729820", "Susanne Gl\u00e4\u00df": "Q98785941", "Jacklin Bolton Stopp": "Q98803315", "Dorothy Slepian Packer": "Q98804830", "Wanda Bogdany-Popielowa": "Q98912098", "Veronika Mrackova": "Q98958361", "Florentina Panchenko": "Q98971760", "Kathrin Schlemmer": "Q99481170", "Samantha Owens": "Q99577253", "Jane Hardie": "Q99882906", "Caroline Manning Cunningham": "Q100144646", "Alexandra Amati": "Q100360018", "Youmna Saba": "Q100627443", "Annemarie Neubacher": "Q100705120", "Juliane Ribke": "Q100705247", "Eva Schmutz": "Q100775387", "Yolande de Brossard": "Q100792708", "Marie-Laure Ragot": "Q100980102", "Nadja Kayali": "Q100983229", "Sofia Khentova": "Q100998024", "Sylvie Douche": "Q101499681", "Ute van der M\u00e2er": "Q101629460", "H\u00e9l\u00e8ne Charnass\u00e9": "Q101644194", "Marie-Th\u00e9r\u00e8se Bouquet-Boyer": "Q101645827", "Dimitra Mantzouratou": "Q102045823", "\u0160\u00e1rka H\u00e1le\u010dkov\u00e1": "Q102136168", "Stefania Gitto": "Q102177670", "Margarita Viso": "Q102228199", "Ivanka Stoianova": "Q102280520", "Graziella Seminara": "Q102285364", "Talia Berio Pecker": "Q102285372", "Manuela Huber": "Q102337737", "\u0420\u0430\u0456\u0441\u0430 \u0406\u0432\u0430\u043d\u0430\u045e\u043d\u0430 \u0421\u0435\u0440\u0433\u0456\u0435\u043d\u043a\u0430": "Q102357769", "Micheline Banzet-Lawton": "Q102361327", "Teresa Marrin Nakra": "Q102411088", "Elena Toncheva": "Q102421666", "\u041a\u0430\u043b\u0435\u0440\u044b\u044f \u0406\u043e\u0441\u0456\u0444\u0430\u045e\u043d\u0430 \u0421\u0446\u0435\u043f\u0430\u043d\u0446\u044d\u0432\u0456\u0447": "Q102427002", "Svetlana Kuyumdzhieva": "Q102441931", "\u041d\u0456\u043d\u0430 \u041c\u0456\u043a\u0430\u043b\u0430\u0435\u045e\u043d\u0430 \u042e\u0434\u0437\u0435\u043d\u0456\u0447": "Q102443970", "\u041d\u0430\u0434\u0437\u0435\u044f \u0410\u043b\u044f\u043a\u0441\u0430\u043d\u0434\u0440\u0430\u045e\u043d\u0430 \u042e\u045e\u0447\u0430\u043d\u043a\u0430": "Q102472295", "\u0422\u0430\u0456\u0441\u0456\u044f \u0410\u043b\u044f\u043a\u0441\u0435\u0435\u045e\u043d\u0430 \u0428\u0447\u0430\u0440\u0431\u0430\u043a\u043e\u0432\u0430": "Q102502404", "\u0420\u0430\u0434\u0430\u0441\u043b\u0430\u0432\u0430 \u041c\u0456\u043a\u0430\u043b\u0430\u0435\u045e\u043d\u0430 \u0410\u043b\u0430\u0434\u0430\u0432\u0430": "Q102516361", "Martha Stellmacher": "Q103078169", "Alix Bourbon": "Q103531176", "Elsa Fortant": "Q103618388", "Irina Kirchberg": "Q103814720", "Susanne Sackl": "Q103820262", "Sarah Collins": "Q103839088", "Uta Goebl-Streicher": "Q104322982", "Rosa Isusi Fagoaga": "Q104377048", "Sylvie P\u00e9brier": "Q104524059", "Chlo\u00e9 Huvet": "Q104525104", "C\u00e9cile Quesney": "Q104525345", "Liouba Bouscant": "Q104525411", "Aurore Flamion": "Q104528385", "Anastasiia Syreishchikova": "Q104529431", "Catherine Lefran\u00e7ois": "Q104532342", "C\u00e9line Carenco": "Q104532351", "Solenn Hell\u00e9gouarch": "Q104532415", "Emmanuelle Bob\u00e9e": "Q104532449", "Michaela Ambrosi": "Q112494053", "Pavl\u00edna Kr\u00e1\u010dmarov\u00e1": "Q112494846", "Janet K. Page": "Q112496769", "Helen Coffey": "Q112497018", "Julie A. Brown": "Q112497198", "Veselka Mil\u010deva Ton\u010deva": "Q112497697", "Tat\u2018jana Ivanovna Naumenko": "Q112498214", "Milena Petrovi\u0107": "Q112498447", "Anja G\u00f6bel": "Q112498720", "Alice Ondrejkov\u00e1": "Q112499420", "Ursula Eckart-B\u00e4cker": "Q112499423", "Britta Schilling-Wang": "Q112499471", "Bosiljka Peri\u0107-Kempf": "Q112499848", "Cynthia J. Cyrus": "Q112500069", "Jitka Zichov\u00e1": "Q112501499", "Jessica Wiskus": "Q112501522", "Iben Have": "Q112501684", "Ludmila \u0160m\u00eddov\u00e1": "Q112503939", "\u00c1gnes Papp": "Q112504144", "Michaela \u017d\u00e1\u010dkov\u00e1 Rossi": "Q112504152", "Jelena Arnautovi\u0107": "Q112504546", "Julijana \u017dabeva Papazova": "Q112505799", "Irena Vesel\u00e1": "Q112506111", "Krystyna Winowicz": "Q106651549", "Honey Meconi": "Q106675784", "Mareike Beckmann": "Q106694950", "\u0423\u0433\u0440\u044e\u043c\u043e\u0432\u0430 \u0422\u0430\u0442\u044c\u044f\u043d\u0430 \u0421\u0442\u0435\u043f\u0430\u043d\u043e\u0432\u043d\u0430": "Q106730098", "Yvetta Kajanov\u00e1": "Q106832798", "Denise Von Glahn": "Q106836075", "Anna Abramovna Chochlovkina": "Q112550235", "Ivana Kalina Tabak": "Q112550430", "Zsuzsa G\u00e1l": "Q112550592", "Brenda M. Romero": "Q112550779", "Anna Kuhnov\u00e1": "Q112551097", "Jelena Ivanovna Jakubovskaja": "Q112551643", "Judith Milhous": "Q112554049", "Dorothea Link": "Q112554574", "Berta Joncus": "Q112554856", "Natal\u2018ja Ivanovna Vygranenko": "Q112555094", "Nata\u0161a Marjanovi\u0107": "Q112555642", "Claudia Calabrese": "Q112555712", "Maria Cizmic": "Q112555796", "Paule Druilhe": "Q112555911", "Anna Stoll Knecht": "Q112557209", "Julia H. Schr\u00f6der": "Q112557795", "Mark\u00e9ta Milerov\u00e1": "Q112558855", "Nada Bezi\u0107": "Q112559387", "Ljerka V. Rasmussen": "Q112559635", "Kirsten Dyck": "Q112560245", "Marta Pielech": "Q112560519", "Iwona Januszkiewicz-R\u0119bowska": "Q112560520", "El\u017cbieta Jasi\u0144ska-J\u0119drosz": "Q112561187", "Frances A. Barton": "Q112561396", "Biljana Milanovi\u0107": "Q112561830", "Hanna Vasyl\u00ecvna Karas\u2018": "Q112561966", "Ljudmyla Vasyl\u00ecvna Obuch": "Q112561968", "Vesna Baji\u0107 Stojiljkovi\u0107": "Q112562223", "Sarah Day-O'Connell": "Q112563346", "Emily Kilpatrick": "Q112563408", "Inna Michajlovna Roma\u0161\u010duk": "Q112563648", "Zdenka E. Fischmann": "Q112565177", "Ivana Medi\u0107": "Q112565435", "Anette M\u00fcller": "Q112565611", "Anna Hoefnagels": "Q112565888", "Milijana Pavlovi\u0107": "Q112669012", "\u0420\u0430\u0446\u043a\u0430\u044f, \u0426\u0435\u0446\u0438\u043b\u0438\u044f \u0421\u0430\u043c\u043e\u0439\u043b\u043e\u0432\u043d\u0430": "Q112763978", "Donatella Melini": "Q112787640", "\u041a\u043e\u043b\u043e\u0434\u0443\u0431 \u041e\u043a\u0441\u0430\u043d\u0430 \u041b\u044c\u0432\u0456\u0432\u043d\u0430": "Q112803109", "Jadwiga Bobrowska": "Q112817715", "Irena Marciniak": "Q112842942", "Clara Gabanizza": "Q112873534", "Jane Meredith Bowers": "Q112875612", "Susanne Binas-Preisend\u00f6rfer": "Q113004559", "Susana Asensio Llamas": "Q113005882", "Sarah Ross": "Q110741223", "Anne Sprenger": "Q113042613", "Ingrid Mayer": "Q113110344", "Isabella Kubiak": "Q113161440", "Jolanta Rostworowska": "Q113245907", "Myl\u00e8ne Dubiau": "Q113256325", "Gillian Rodger": "Q113258201", "Emily Wilbourne": "Q113259326", "Britta Sweers": "Q113399042", "Adelheid Krause-Pichler": "Q113399045", "C\u00e9cile Lartigau": "Q113404192", "Anne-Marie Forbes": "Q113439957", "Anneli Kont-Rahtola": "Q113495230", "Ene Lukka-Jegikjan": "Q113495234", "Margaret Ley": "Q113564819", "Anja-Rosa Th\u00f6ming": "Q113716027", "Sabine Meine": "Q113716540", "Katharina Sponsel": "Q113717524", "Nah\u00e9ma Khattabi": "Q113728144", "Marina Grigor\u02b9evna Rycareva": "Q113733642", "Renata Borowiecka": "Q113733699", "Alla Alekseevna Semenjuk": "Q113735853", "Astrid Dr\u00f6se": "Q113737119", "Mary Channen Caldwell": "Q113738005", "Joanna Pudlik": "Q113738852", "Maria Schildt": "Q113743979", "Nade\u017eda Ivanovna Kabanova": "Q113747820", "Merav Rosenfeld-Hadad": "Q113748719", "Jane D. Hatter": "Q113750658", "Aikaterin\u0113 Kyriazu": "Q113751452", "Brigitte Knipp": "Q113751550", "Evgenija Borisovna Rezni\u010denko": "Q113751913", "Esma Cerkovnik": "Q113758944", "Lisa Herrmann-Fertig": "Q113758951", "Theresa Seitz": "Q113760240", "Biljana Mandi\u0107": "Q113760291", "Raquel Rojo Carrillo": "Q113760657", "Elisabeth Seidel": "Q113761690", "Helen Geyer": "Q113767204", "Regula Qureshi": "Q113769148", "Annette Landau": "Q113769761", "Alba Scotti": "Q113772438", "Beate Angelika Kraus": "Q113772644", "Martha Brech": "Q113772955", "Ann-Katrin Heimer": "Q113773156", "Regina Randhofer": "Q113773716", "Elena Ungeheuer": "Q113773812", "Michaela Schwarzbauer": "Q113773815", "\u0160ahraz\u0101d Q\u0101sim \u1e24asan": "Q113774555", "Metoda Kokole": "Q65926509", "Alenka Bagari\u010d": "Q65926537", "Darja Frelih": "Q65935906", "Mojca Kova\u010di\u010d": "Q65943157", "Alenka Barber-Ker\u0161ovan": "Q65954688", "Jasna Nemec Novak": "Q66385109", "Susanne Vill": "Q66625342", "Milada Jon\u00e1\u0161ov\u00e1": "Q66973220", "Ike de Loos": "Q67145859", "Heather Hadlock": "Q67152137", "Katharina Kost-Tolmien": "Q67180141", "Barbara Boisits": "Q67200122", "Beata Bodzioch": "Q67201056", "Jane L. Baldauf-Berdes": "Q67203535", "St\u00e9phanie Moraly": "Q68198418", "\u041d\u0438\u043a\u043e\u043b\u0430\u0435\u0432\u0430, \u041d\u0430\u0434\u0435\u0436\u0434\u0430 \u0421\u0435\u0440\u0433\u0435\u0435\u0432\u043d\u0430": "Q68584189", "Martina Sichardt": "Q68929400", "Julie Anne Sadie": "Q70064668", "Ad\u00e9la\u00efde de Place": "Q70216361", "Justyna Humi\u0119cka-Jakubowska": "Q70992917", "Danuta Jasi\u0144ska": "Q71119654", "Helene Wessely-Kropik": "Q71858669", "Sophie St\u00e9vance": "Q72085133", "Antje Tumat": "Q72701587", "Kirsten Bei\u00dfwenger": "Q72936658", "Gudrun Busch": "Q72936814", "Magda Marx-Weber": "Q72937850", "Magali Philippsborn": "Q72938042", "Katrin Bicher": "Q72941041", "Christine Blanken": "Q72941080", "Katia-Sofia Hakim": "Q73529183", "Myfany Turpin": "Q75630248", "Anna Maria Meo": "Q76494190", "Sofie Taes": "Q78206461", "Helma Kaldewey": "Q78450198", "Rachel W. Wade": "Q79869613", "Bego\u00f1a Lolo Herranz": "Q80565027", "Ina Iske-Schwaen": "Q112463307", "Marie-Claire Beltrando-Patier": "Q112463460", "Nina Michajlovna Vladykina-Ba\u010dinskaja": "Q112463616", "Borislava Borisovna Jefimenkova": "Q112463675", "\u010cchun-mi Kim": "Q112465404", "Marina Fedorovna Leonova": "Q112465802", "Rachel Beckles Willson": "Q112466434", "Eli\u0161ka \u0160ediv\u00e1": "Q112467951", "Ellinor Dohrn": "Q112467988", "Janina Mendysowa": "Q112468056", "Silvia Frei": "Q112468109", "\u00c1gnes Sas": "Q112468714", "Patricia Howard": "Q112469460", "Paologiovanni Maione": "Q112469650", "Hildegard Sch\u00f6n": "Q112469991", "Mary L. Hart": "Q112470592", "Ursula G\u00f6tze": "Q112471109", "Marta Hulkov\u00e1": "Q112471227", "Regina Wohlfarth": "Q112471272", "Karla Hartl": "Q112471927", "Gretchen Peters": "Q112473314", "Jelena Manja Radulovi\u0107-Vuli\u0107": "Q112473664", "Natalija Pavlovna Savkina": "Q112474212", "Mechthild Sobiela-Caanitz": "Q112475735", "Nanette de Jong": "Q112476007", "Marina Izrailevna Nest\u2018jeva": "Q112476676", "Carolyn Gianturco": "Q112476730", "Jelena Milojkovi'c-Djuri'c": "Q112477096", "Beate Agnes Schmidt": "Q112477691", "Elisabeth Kappel": "Q112477836", "Jessica Riemer": "Q112477941", "M\u00e1ria Stren\u00e1\u010dikov\u00e1": "Q112441106", "Danka Laji\u0107-Mihajlovi\u0107": "Q112479796", "Maria Mirska": "Q112479945", "Svetlana Nej\u010deva": "Q112480281", "Agnieszka Ma\u0142gorzata Budzi\u0144ska-Bennett": "Q112480529", "Claire Delamarche": "Q112480651", "Wendy Heller": "Q112481057", "Cynthia Verba": "Q112481330", "Agata Schindler": "Q112481600", "Viera Polakovi\u010dov\u00e1-Koreck\u00e1": "Q112481917", "Martina Oster": "Q112482063", "Aleksandra Patalas": "Q112482684", "J\u016brat\u0117 Trilupaitien\u0117": "Q112483365", "Csilla M\u00e1ria Pint\u00e9r": "Q112483728", "Liliana Isabela Apostu": "Q112484395", "Anne Margrete Fiskvik": "Q112484753", "Christine K. Koh": "Q112486206", "Anna Ryszka-Komarnicka": "Q112486242", "Ioana Raluca Voicu-Arn\u0103u\u0163oiu": "Q112486953", "Kl\u00e1ra Soml\u00f3": "Q112487305", "Dorottya F\u00e1bi\u00e1n Somorjay": "Q112487312", "Erika Krpan": "Q112487641", "Judith Le Blanc": "Q112487899", "Lu\u00edsa Cymbron": "Q112506290", "Barbara Titus": "Q112506625", "Vera Nikolajevna Nikitina": "Q112507173", "N. (Nadezhda) Tumanina": "Q112507257", "Danielle Fosler-Lussier": "Q112507305", "Eva \u010cunderl\u00edkov\u00e1": "Q112508411", "Marijana Kokanovi\u0107 Markovi\u0107": "Q112508854", "Miriam Has\u00edkov\u00e1": "Q112509719", "Olena Valentyn\u00ecvna Buhajeva": "Q112509994", "Sarah Brasack": "Q112510209", "Anne Schnoebelen": "Q112510249", "Judith Leah Schwartz": "Q112510490", "Carola Nielinger-Vakil": "Q112510650", "Jadranka Radujko": "Q112511299", "Carolyn Lee": "Q112511317", "Sarah Gutsche-Miller": "Q112511840", "Astrid Eitschberger": "Q112512022", "Ingrid Schubert": "Q112512236", "Vera Borisovna Val\u2018kova": "Q112512860", "Janka Bedn\u00e1rikov\u00e1": "Q112513197", "Katherine Ann Williams": "Q112513736", "Zuzana Cenkerov\u00e1": "Q112513956", "Ivana Vuksanovi\u0107": "Q112514988", "Brigitte Richter": "Q112515118", "Astrid Reimers": "Q112515315", "H\u00e9l\u00e8ne Pierrakos": "Q112515358", "Monika Fink": "Q112515525", "Nicole Haitzinger": "Q112515895", "Veronika Busch": "Q112516280", "Dilva Princivalli": "Q112516327", "Elfriede Reissig": "Q112516563", "Marie Thompson": "Q112517157", "Anna Aleksandrovna Galkina": "Q112518306", "\u00c9lizabeth Giuliani": "Q112518888", "Kate\u0159ina Pincov\u00e1": "Q112519319", "Dorothy Payne": "Q112519934", "Elizabeth West Marvin": "Q112520330", "Tamara Barysa\u016dna Varfalamejeva": "Q112521008", "Svetlana Georgijevna Zvereva": "Q112521014", "Maja Vasiljevi\u0107": "Q112521105", "Sonja Cvetkovi\u0107": "Q112521107", "Daniela Garbe": "Q112521253", "Traute M. Marshall": "Q112521858", "Suzanne J. Beicken": "Q112522078", "Tamara Levaya": "Q112343005", "Barbara Nestola": "Q112343695", "Irina Popova": "Q112343885", "Danica Jakubcov\u00e1": "Q112346768", "Marta Ottlov\u00e1": "Q112351660", "So\u0148a Burlasov\u00e1": "Q112353095", "Joy Kohoutov\u00e1": "Q112361163", "Jarmila Vrtalov\u00e1": "Q112363209", "V\u011bra Vyslou\u017eilov\u00e1": "Q112368380", "Vera Andrejevna Vasina-Grossman": "Q112368521", "Lenka Folt\u00fdnov\u00e1": "Q112369619", "Jana Sp\u00e1\u010dilov\u00e1": "Q112370557", "Luitgard Schader": "Q112373355", "Eva Vi\u010darov\u00e1": "Q112374048", "Petra Heerenov\u00e1": "Q112376667", "Ludmila Pe\u0159inov\u00e1": "Q112376890", "Ute Omonsky": "Q112378136", "Nelly Caron": "Q112378729", "Maria Jo\u00e3o Dur\u00e3es Albuquerque": "Q112382642", "Nikola Hirnerov\u00e1": "Q112382852", "Daniela Kota\u0161ov\u00e1": "Q112384935", "Eva V\u00edtov\u00e1": "Q112387554", "Emese Duka-Z\u00f3lyomiov\u00e1": "Q112388493", "Sabine Sanio": "Q112390663", "Judith Tick": "Q112390849", "Petra Med\u0159\u00edkov\u00e1": "Q112394618", "Al\u017ebeta Elanov\u00e1": "Q112395413", "Zuzana Vl\u010dinsk\u00e1": "Q112396457", "Elena Let\u0148anov\u00e1": "Q112398893", "O\u013ega Kova\u010di\u010dov\u00e1-H\u00faskov\u00e1": "Q112399641", "Mary E. Frandsen": "Q112401245", "Mary Kathleen Hunter": "Q112401364", "Eva Velick\u00e1": "Q112402421", "Anna Kor\u00ednsk\u00e1": "Q112403019", "Svetlana Vladimirovna Katonova": "Q112403607", "Alla Konstantinovna Kenigsberg": "Q112403637", "Ren\u00e1ta Beli\u010dov\u00e1": "Q112404058", "Annelie K\u00fcrsten": "Q112405226", "Suzel Ana Reily": "Q112406223", "Lada Durakovi\u0107": "Q112406557", "Ema Kurajdov\u00e1": "Q112407980", "Natalia Samotos-Beirle": "Q112408118", "Marianna Tigranyan": "Q116490175", "\u0536\u0561\u0580\u0578\u0582\u0570\u056b \u054f\u0565\u0580-\u0542\u0561\u0566\u0561\u0580\u0575\u0561\u0576": "Q116491572", "\u054f\u0561\u0569\u0587\u056b\u056f \u0547\u0561\u056d\u056f\u0578\u0582\u056c\u0575\u0561\u0576": "Q116503222", "\u0555\u056c\u0575\u0561 \u0546\u0578\u0582\u0580\u056b\u057b\u0561\u0576\u0575\u0561\u0576": "Q116646457", "Ligita Viduleja": "Q116671215", "\u0540\u0565\u0572\u056b\u0576\u0565 \u0554\u0561\u0581\u0561\u056d\u0575\u0561\u0576": "Q116701997", "\u0531\u0576\u0576\u0561 \u0540\u0561\u0580\u0578\u0582\u0569\u0575\u0578\u0582\u0576\u0575\u0561\u0576": "Q116706696", "Arusyak Tamrazyan": "Q116732399", "Laura Touri\u00f1\u00e1n Morandeira": "Q116738008", "\u0547\u0578\u0582\u0577\u0561\u0576\u056b\u056f \u053b\u057d\u056f\u0561\u0576\u0564\u0561\u0580\u0575\u0561\u0576": "Q116753496", "Angela Fiore": "Q116819120", "\u0540\u0561\u057d\u0574\u056b\u056f \u0540\u0561\u0580\u0578\u0582\u0569\u0575\u0578\u0582\u0576\u0575\u0561\u0576": "Q116850850", "\u0412\u0435\u0440\u0430 \u041f\u0430\u045e\u043b\u0430\u045e\u043d\u0430 \u041f\u0440\u0430\u043a\u0430\u043f\u0446\u043e\u0432\u0430": "Q116947331", "Tatjana \u010cunko": "Q116959931", "Ellen T. Harris": "Q116986788", "Miriam Karpilow Whaples": "Q117007052", "Aneta Oborny": "Q117075773", "Alexandra Wilson": "Q117085925", "Naiara Burke": "Q117144702", "Lal\u0259 H\u00fcseynova": "Q117190482", "Monika Bloss": "Q117323090", "Ksenija Stevanovi\u0107": "Q117455836", "Natalie Sch\u00e4fer": "Q117803292", "Ludomira Stawowy": "Q117838205", "Danijela Kulezic-Wilson": "Q117860986", "\u0427\u0438\u0433\u0430\u0440\u0451\u0432\u0430, \u0415\u0432\u0433\u0435\u043d\u0438\u044f \u0418\u0432\u0430\u043d\u043e\u0432\u043d\u0430": "Q118211864", "Marie Ca\u00ebr": "Q118608544", "\u0420\u044f\u0431\u0443\u0445\u0430, \u041d\u0430\u0442\u0430\u043b\u044c\u044f \u0410\u043b\u0435\u043a\u0441\u0430\u043d\u0434\u0440\u043e\u0432\u043d\u0430": "Q118715710", "Elisabeth F\u00f6hrenbach": "Q118779794", "Elfi Vomberg": "Q119441136", "\u042e\u0444\u0435\u0440\u043e\u0432\u0430, \u0417\u0438\u043d\u0430\u0438\u0434\u0430 \u0411\u043e\u0440\u0438\u0441\u043e\u0432\u043d\u0430": "Q119497372", "Renate Hofmann": "Q119974503", "Celsa Alonso Gonz\u00e1lez": "Q120210021", "Jelena Nikolajevna Abyzova": "Q120277827", "Th\u00e9odora Psychoyou": "Q120441992", "Myriam Soumagnac": "Q120483001", "Ma\u0142gorzata Gamrat": "Q120594365", "Kate\u0159ina Viktorov\u00e1": "Q120597451", "Jitka Bastlov\u00e1": "Q120602001", "Mark\u00e9ta Hani\u010d\u00e1kov\u00e1": "Q120602013", "Margar\u00e9ta Osvaldov\u00e1": "Q120603294", "Zde\u0148ka M\u00e1lkov\u00e1": "Q120607406", "Blanka K\u0159\u00ed\u017eov\u00e1": "Q120614305", "Catherine H\u00e9rault": "Q120682690", "Anna Borucka-Szotkowska": "Q120757370", "Weronika Grozdew-Ko\u0142aci\u0144ska": "Q120776322", "Diana Fern\u00e1ndez Calvo": "Q120804968", "Elisa Morelli": "Q120926088", "Susan Feder": "Q120963124", "Sijin Chen": "Q121075773", "Fanny Gribenski": "Q121078096", "Am\u00e9lie Porret-Dubreuil": "Q121078163", "Edita Bugalov\u00e1": "Q121267337", "Anna Kov\u00e1\u0159ov\u00e1": "Q121434516", "L\u00fddia Urban\u010d\u00edkov\u00e1": "Q121438637", "Sabina Teller Ratner": "Q121890296", "Ilaria Narici": "Q121906814", "Amra Bosni\u0107": "Q121912682", "Michaela Krucsay": "Q104535098", "Anne-Sylvie Barthel-Calvet": "Q104535193", "Margaux Sladden": "Q104538508", "Ariane Couture": "Q104550292", "Florence Leyssieux": "Q104559466", "Laurence Le Diagon-Jacquin": "Q104564557", "Dorrit R\u00e9v\u00e9sz": "Q104614464", "Maya Mihaylovna Gurji": "Q104663543", "Bianca Maria Antolini": "Q104671904", "Em\u00eclia Zan\u00e9tti": "Q104767536", "Maria Walcher": "Q104806227", "Gabriele Jont\u00e9": "Q104816574", "Veronika Seidlov\u00e1": "Q104832411", "Barbara Wiermann": "Q104836475", "Marie-Pier Leduc": "Q104836966", "Justine Comtois": "Q104845688", "Solvej Donadel": "Q104864175", "Gerda Lechleitner": "Q104884036", "Inmaculada Quintanal": "Q105046901", "Albina Var\u00e9s i de Batlle": "Q105082418", "Judy-Ann Desrosiers": "Q105142232", "Ingeborg Radok \u017d\u00e1dn\u00e1": "Q105317302", "Florence Launay": "Q105336536", "Genevieve Mathon": "Q105336645", "Sylvie Sierra-Markiewicz": "Q105336698", "Mich\u00e8le Tosi": "Q105337114", "Vita Gruodyt\u00e9": "Q105337349", "Viviane Waschb\u00fcsch": "Q105337384", "H\u00e9l\u00e8ne Cao": "Q105344958", "Olga Garbuz": "Q105346346", "Caryl Leslie Clark": "Q105395051", "Jamie Croy Kassler": "Q105443787", "Christine Villinger": "Q105492239", "Megan Francisco": "Q105586035", "Maria Antonella Balsano": "Q105623307", "Maryla Renat": "Q105646793", "Barbara Garvey Jackson": "Q105695735", "Nancy Kovaleff Baker": "Q105696448", "Olga Dutkov\u00e1": "Q105720848", "Georgia Cowart": "Q112488466", "Irina Lucke-Kaminiarz": "Q112488592", "Sabina Vidulin": "Q112488625", "Halina Kotarska": "Q112488865", "Sof\u2018ja Samojlovna Ziv": "Q112490114", "Janka Pet\u0151czov\u00e1": "Q112490199", "Marta Ulvaeus": "Q112490384", "Elizabeth Aubrey": "Q112490616", "Mark\u00e9ta Kratochv\u00edlov\u00e1": "Q112491929", "France Vernillat": "Q112492418", "H\u016di-suk O": "Q112493087", "Petra Hnikov\u00e1": "Q112408254", "Martina Stratilkov\u00e1": "Q112408256", "Dagmar \u0160tefancov\u00e1": "Q112409197", "Elaine King": "Q112409424", "Sima Gerasimovna Nisnevi\u010d": "Q112409741", "Irina Petrovskaya": "Q112410903", "\u0160t\u011bp\u00e1nka Studen\u00edkov\u00e1": "Q112411580", "Lucie Bern\u00e1": "Q112414735", "Jana Slim\u00e1\u010dkov\u00e1-Mich\u00e1lkov\u00e1": "Q112414794", "Lujza Tari": "Q112415273", "Zoya Gulinskaya": "Q112415489", "Dragana Jeremi\u0107-Molnar": "Q112415653", "Oksana Timofejevna Leont\u2018jeva": "Q112416976", "Ingeborg \u0160i\u0161kov\u00e1": "Q112417270", "Eva Hazdrov\u00e1-Kopeck\u00e1": "Q112418781", "\u00ccna Dzm\u00ectryje\u016dna Naz\u00ecna": "Q112421346", "Lucie Jirglov\u00e1": "Q112421496", "Larisa Georgijevna Dan'ko": "Q112422218", "Charlotte Ebenig": "Q112424123", "Ol'ga Leonidovna Skrebkova": "Q112424964", "Hana Urbancov\u00e1": "Q112425022", "Georgie Durosoir": "Q112426068", "Carole Bertho Woolliams": "Q112426393", "Tereza \u017d\u016frkov\u00e1": "Q112427569", "Nathalie Berton-Blivet": "Q112427690", "Renate M\u00fcller": "Q112427789", "Judith Kuhn": "Q112429001", "Mariella Sala": "Q112430170", "Adriana Sachelarie": "Q112430631", "Pauline Fairclough": "Q112431411", "Ksenija Jur\u2018jevna Davydova": "Q112432647", "Tatjana Okapcov\u00e1": "Q112434220", "Oksana Palamar\u010duk": "Q112434407", "Yolanda Plumley": "Q112436071", "Eva Sz\u00f3r\u00e1dov\u00e1": "Q112438303", "Irene Riegler": "Q112438767", "Emmanuela Kohlhaas": "Q112438832", "Sandra Corse": "Q112439138", "Jana Kalinayov\u00e1-Bartov\u00e1": "Q112439302", "Aleksandra Szurmiak-Bogucka": "Q112440749", "Nesrin Kalyoncu": "Q112440906", "Ljudmila Zinov'jevna Korabel'nikova": "Q112442514", "Mar\u00eda Encina Cortizo": "Q112442619", "Gabriela N\u011bmcov\u00e1": "Q112442894", "Birgit Heise": "Q112444029", "Marianne Frippiat": "Q112444167", "Anna Tesa\u0159ov\u00e1": "Q112445009", "Irena Med\u0148ansk\u00e1": "Q112445947", "Shirley Thompson": "Q112446454", "Susan Melanie Filler": "Q112446559", "Janet K. Halfyard": "Q112446640", "Barbara M. Reul": "Q112446646", "Barbara Sauser": "Q112446791", "Roe-Min Kok": "Q112447505", "Katica Buri\u0107": "Q112448322", "Martina Kru\u0161insk\u00e1": "Q112448727", "Sabine Reiter": "Q112449555", "Michaela Moj\u017ei\u0161ov\u00e1": "Q112450358", "Simona Jindr\u00e1kov\u00e1": "Q112450820", "Kiralina Iosifovna Ju\u017eak": "Q112450895", "Teresa B\u0142aszkiewicz": "Q112450940", "Amrei Flechsig": "Q112451159", "Christian Storch": "Q112451160", "Cathy Ragland": "Q112451168", "Nasta Niakrasava": "Q122525404", "Marion Beyer": "Q122655818", "Marguerite Baba\u00efan": "Q122786533", "Barbora \u0160tevanka Kadl\u00ed\u010dkov\u00e1": "Q122916874", "Merc\u00e8 Pons Ramis": "Q122925290", "Maria-Jos\u00e9 de la Torre-Molina": "Q122972104", "Rachael Durkin": "Q122972117", "Sakira Ventura Quintana": "Q123102329", "Lydia Rilling": "Q123130667", "Aleksandra K\u0142aput-Wi\u015bniewska": "Q123248953", "Laurence Decobert": "Q123302551", "Beatriz Busto Miramontes": "Q123350638", "\u041d\u0435\u043c\u043a\u043e\u0432\u0438\u0447 \u041e\u043b\u0435\u043d\u0430 \u041c\u0438\u043a\u043e\u043b\u0430\u0457\u0432\u043d\u0430": "Q123417593", "\u0404\u0444\u0440\u0435\u043c\u043e\u0432\u0430 \u041b\u0435\u043d\u0456\u043d\u0430 \u041f\u0435\u0442\u0440\u0456\u0432\u043d\u0430": "Q123420292", "\u041a\u043e\u0440\u0447\u043e\u0432\u0430 \u041e\u043b\u0435\u043d\u0430 \u041e\u043b\u0435\u043a\u0441\u0430\u043d\u0434\u0440\u0456\u0432\u043d\u0430": "Q123455780", "Antonella D'Ovidio": "Q123475137", "Elena Quaranta": "Q123478329", "Vincenzina Caterina Ottomano": "Q123502336", "Carola Darwin": "Q123540175", "Anastasia Georgaki": "Q123679084", "Carmela Bongiovanni": "Q123680427", "Carmen Finocchiaro": "Q123680492", "Rosa Cafiero": "Q123685169", "Ramona Hocker": "Q123699840", "Helena Dorabialska": "Q123819466", "Sachiko Imura": "Q124097234", "Sophie Zehetmayer": "Q124254105", "Maris Valk-Falk": "Q124258979", "\u041b\u044e\u0434\u043c\u0438\u043b\u0430 \u0417\u0438\u043d\u043e\u0432\u044c\u0435\u0432\u043d\u0430 \u041a\u043e\u0440\u0430\u0431\u0435\u043b\u044c\u043d\u0438\u043a\u043e\u0432\u0430": "Q124296507", "Zoila Vega Salvatierra": "Q124304928", "\u0414\u0430\u0432\u0438\u0434\u043e\u0432\u0430 \u041e\u043a\u0441\u0430\u043d\u0430 \u041c\u0438\u043a\u043e\u043b\u0430\u0457\u0432\u043d\u0430": "Q124340061", "Eva Z\u00f6llner": "Q124357178", "\u041a\u043e\u0437\u0430\u043a \u041e\u043b\u0435\u043a\u0441\u0430\u043d\u0434\u0440\u0430 \u0406\u0432\u0430\u043d\u0456\u0432\u043d\u0430": "Q124397943", "Jane Alden": "Q124398173", "\u041a\u0430\u0432\u0435\u0440\u0456\u043d\u0430 \u041b\u044e\u0434\u043c\u0438\u043b\u0430 \u041a\u043e\u0441\u0442\u044f\u043d\u0442\u0438\u043d\u0456\u0432\u043d\u0430": "Q124545084", "Eva Maria St\u00f6ckler": "Q106905355", "Margaret Anne Mabbett": "Q107024282", "\u0544\u0561\u0563\u0564\u0561\u056c\u056b\u0576\u0561 \u0547\u0561\u0570\u056b\u0576\u0575\u0561\u0576": "Q107153178", "Michal Grover-Friedlander": "Q107160420", "Lotte Kallenbach-Greller": "Q107164915", "Hedvig Boivie": "Q107246857", "Veronika Kusz": "Q107261370", "Maria Rita Coppotelli": "Q107356578", "Biancamaria Brumana": "Q107395442", "Christina Siegfried": "Q107434308", "In\u00e9s Ruiz Artola": "Q107679186", "Ol\u02b9ga Evgen\u02b9evna Levasheva": "Q107819033", "Teresa Wilson": "Q107837746", "Maria Nevilla Massaro": "Q107907450", "\u0416\u0430\u0440\u043a\u043e\u0432\u0430 \u0412\u0430\u043b\u0435\u0440\u0456\u044f \u0411\u043e\u0440\u0438\u0441\u0456\u0432\u043d\u0430": "Q107988522", "Ma\u0142gorzata Bratek": "Q108096399", "Monique Deschauss\u00e9es": "Q108103388", "Jeanne Marix": "Q108250813", "Merle Fahrholz": "Q108393608", "Laura Mauri": "Q108464121", "Cristina Santarelli": "Q108472591", "Annarita Colturato": "Q108472608", "Jennie Shaw": "Q108483374", "Donatella Restani": "Q108486622", "Jeanette B. Holland": "Q108596543", "Susan Campos": "Q108615170", "Cecilia Campa": "Q108653052", "Iva Neni\u0107": "Q108697477", "E. A. (Elena Andreevna) Grosheva": "Q108699949", "Bo\u017cena Schmid-Adamczyk": "Q108801996", "Al\u017ebeta Rajterov\u00e1": "Q108884908", "Milena Bozhikova": "Q108944619", "Lucia Ludovica De Nardo": "Q109031830", "Anna Rita Addessi": "Q109317305", "\u0413\u0443\u043b\u044f\u043d\u0438\u0446\u043a\u0430\u044f, \u041d\u0430\u0442\u0430\u043b\u044c\u044f \u0421\u0435\u0440\u0433\u0435\u0435\u0432\u043d\u0430": "Q109358213", "Ann-Elisabeth Wolff": "Q109367306", "\u0410\u043f\u0440\u0430\u043a\u0441\u0438\u043d\u0430, \u041e\u043b\u044c\u0433\u0430 \u0410\u043b\u0435\u043a\u0441\u0430\u043d\u0434\u0440\u043e\u0432\u043d\u0430": "Q109414501", "\u0414\u043e\u0437\u043e\u0440\u0446\u0435\u0432\u0430, \u0416\u0430\u043d\u043d\u0430 \u0413\u0440\u0438\u0433\u043e\u0440\u044c\u0435\u0432\u043d\u0430": "Q109416974", "Galina Cocearova": "Q109469282", "Olga Komenda": "Q109469599", "Marie-Pierre Lassus": "Q109479527", "Leila Galleni Luisi": "Q109480315", "Ren\u00e9e Viollier": "Q109579722", "Zofia Chechlinska": "Q109647779", "Cristina Cimagalli": "Q109781797", "Mariangela Don\u00e0": "Q110089335", "Elaine Brody": "Q110089517", "Zofia Szymanowska": "Q110193333", "\u017danna Abramovna Sokol\u02b9ska\u00e2": "Q110207564", "Eva Sedak": "Q110212793", "Betty Matthews": "Q110214346", "Elke Liebig": "Q113775506", "Sophie Fetthauer": "Q113775514", "Silke Borgstedt": "Q113775723", "Cordula P\u00e4tzold": "Q113775742", "Claudia Emmenegger": "Q113775748", "Martina Grempler": "Q113776257", "Claudia Valder-Knechtges": "Q113776546", "Suzanne Summerville": "Q113776594", "Anita Mayer-Hirzberger": "Q113777256", "Katharina Hottmann": "Q113777342", "Nanon Bertrand-Tourneur": "Q113778239", "Eike Fe\u00df": "Q113778336", "Laurence Wuidar": "Q113778338", "Benedetta Saglietti": "Q113782439", "Diane H. Touliatos-Banker": "Q113782619", "Irina Vladimirovna Dynnikova": "Q113783363", "Dagmar Hoffmann-Axthelm": "Q113783428", "Stefanie Steiner-Grage": "Q113783502", "Bettina Varwig": "Q113783573", "Anne-Emmanuelle Ceulemans": "Q113783715", "Christine Suzanne Getz": "Q113786804", "Andrea Korenjak": "Q113788954", "\u00c9milie Corswarem": "Q113794587", "Rebecca Cypess": "Q113797489", "Tricia Tunstall": "Q113797506", "Mar\u00eda Sanhuesa Fonseca": "Q113797714", "Barbara Aniello": "Q113797780", "Marjorie A. Roth": "Q113797785", "Mira Waner": "Q113797793", "Jasmina Talam": "Q113800368", "Tamara Kara\u010da Beljak": "Q113800369", "Judith Michelle Crispin": "Q113800470", "Razia Sultanova": "Q113801185", "Angela Bellia": "Q113802637", "Luciane Beduschi": "Q113802898", "Janine Droese": "Q113802974", "Elisabeth Giselbrecht": "Q113803312", "Annkatrin Dahm": "Q113803686", "Alice Tacaille": "Q113804464", "Mary Jennifer Bloxam": "Q113804958", "Julia Craig-McFeely": "Q113805179", "Anu Schaper": "Q113807300", "Laurie McManus": "Q113808149", "Awet Andemicael": "Q113808259", "Isabel Laack": "Q113808534", "Alicia Scarcez": "Q113808857", "C\u00e9line Dr\u00e8ze": "Q113809174", "Katalin Fittler": "Q113811137", "Natal\u02b9ja Sem\u00ebnovna Ser\u00ebgina": "Q113811840", "Elena Abramov-van Rijk": "Q112451228", "Valentina Vasil'jevna Rubcova": "Q112451434", "Mark\u00e9ta \u0160tefkov\u00e1": "Q112451719", "Eva Ferkov\u00e1": "Q112451810", "Lilo Gersdorf": "Q112452672", "Kathleen Joyce Lamkin": "Q112453893", "Marta N\u011bmcov\u00e1": "Q112454533", "Ingrid Isola": "Q112454771", "Alice Marie Hanson": "Q112455140", "Jelena Borisovna Dolinskaja": "Q112455163", "Mieczys\u0142awa Hanuszewska": "Q112455725", "Marina Pavlovna Rachmanova": "Q112455803", "Natal'ja Andrejevna Ljubomudrova": "Q112456952", "Ilona Ferenczi": "Q112457353", "Susanne Shigihara": "Q112457695", "Morag Josephine Grant": "Q112457989", "Karen Painter": "Q112458853", "Ljudmila Viktorovna Poljakova": "Q112459085", "Ellinor Lau": "Q112460196", "Irena Vladimirovna Lavrentieva": "Q112460260", "Marija Riman": "Q112460529", "Rapha\u00eblle Legrand": "Q112460884", "Sl\u00e1vka Kop\u010d\u00e1kov\u00e1": "Q112461162", "Ewa Lipska": "Q112461259", "Cindy Bylander": "Q112461785", "Margarete Appel": "Q112462252", "Jevgenija Andrejevna Bok\u0161\u010danina": "Q112462811", "Lucie Br\u00e1zdov\u00e1": "Q112463012", "Jeanne Dalli\u00e8s": "Q124634760", "Helga Aumere": "Q124651499", "Anneli Remme": "Q124651517", "Raili Sule": "Q124651647", "Helju Tauk": "Q124651653", "Vivian Tordik": "Q124651663", "Helga T\u00f5nson": "Q124651667", "Tiina \u00d5un": "Q124651684", "Mariia Bilynska": "Q124661732", "J\u00falia M\u00e9rida Coli": "Q124705041", "Marta Marri Tonelli": "Q125022340", "Natalya Talankina": "Q125205402", "Irina Konopleva": "Q125205816", "Sylwia Makomaska": "Q125206027", "Sarah Ann Long": "Q125294558", "\u039c\u03b1\u03c1\u03af\u03b1 \u0393\u03b5\u03c9\u03c1\u03b3\u03b1\u03ba\u03b1\u03c1\u03ac\u03ba\u03bf\u03c5": "Q125296914", "Julie E. Cumming": "Q125335990", "\u041b\u044e\u0434\u043c\u0456\u043b\u0430 \u0410\u043b\u044f\u043a\u0441\u0430\u043d\u0434\u0440\u0430\u045e\u043d\u0430 \u0412\u043e\u043b\u043a\u0430\u0432\u0430": "Q125360519", "\u0410\u043b\u0435\u043d\u0430 \u0412\u0430\u0441\u0456\u043b\u0435\u045e\u043d\u0430 \u041b\u0456\u0441\u0430\u0432\u0430": "Q125372061", "Eileen Karmy": "Q125405321", "Susanne Wosnitzka": "Q125424439", "Hild Borchgrevink": "Q125548518", "Vaike Sarv": "Q125568528", "Anette Sidhu-Ingenhoff": "Q126113843", "Clair Rowden": "Q126390728", "Marta Bonet de la Cruz": "Q126391104", "Ky\u014dko Koizumi": "Q126889958", "Annie Osborne Warburton": "Q126900660", "Anna Vilenskaya": "Q126904928", "Carme L\u00f3pez Fern\u00e1ndez": "Q126946041", "Miriam Escudero": "Q127165103", "Kathleen Gerrard": "Q127256725", "\u0410\u043d\u043d\u0430 \u0410\u043b\u0435\u043a\u0441\u0435\u0435\u0432\u043d\u0430 \u0415\u043f\u0430\u043d\u0447\u0438\u043d\u0430": "Q127463990", "Inmaculada C\u00e1rdenas Serv\u00e1n": "Q128010302", "Marie-Louise Pereyra": "Q128214671", "Anne Sivuoja-Gunaratnam": "Q128221183", "Marine Gyulumyan": "Q128243264", "Alina Nowak-Romanowicz": "Q110224339", "El\u017cbieta Wojnowska": "Q110224443", "Carmen Garc\u00eda Mu\u00f1oz": "Q110225059", "Anna Martellotti": "Q110257328", "Witos\u0142awa Frankowska": "Q110276413", "Panja M\u00fccke": "Q110279972", "Anna Gadzinski": "Q110290934", "Bianca Becherini": "Q110523684", "Lucia Marchi": "Q110624081", "Daniela Bartels": "Q110637493", "Pacifica Artuso": "Q110792472", "Mar\u00eda Salud \u00c1lvarez Mart\u00ednez": "Q110801182", "Benedetta Zucconi": "Q110808191", "\u0422\u0430\u043c\u0430\u0440\u0430 \u0410\u043b\u044f\u043a\u0441\u0430\u043d\u0434\u0440\u0430\u045e\u043d\u0430 \u0414\u0443\u0431\u043a\u043e\u0432\u0430": "Q110917755", "\u041d\u0430\u0442\u0430\u043b\u044c\u044f \u0410\u043d\u0434\u0440\u0435\u0435\u0432\u043d\u0430 \u041c\u0438\u0440\u043e\u043d\u043e\u0432\u0430": "Q110931448", "Barbara White": "Q110965934", "Jadwiga Paja-Stach": "Q111024805", "Ema Romero Santos Fonseca da C\u00e2mara Reis": "Q111083421", "Fumiko Hitotsuyanagi": "Q111112172", "Sanya Shoilevska Henderson": "Q111154432", "Ingrid Pustijanac": "Q111218387", "Magdalena Dziadek": "Q111300816", "Jelena Dopu\u0111a": "Q111335561", "Gerlinde Haas": "Q111343323", "Adele Pontecorvo Pertici": "Q111395793", "Lala Jafarova": "Q111397582", "Donatella Taverna": "Q111418330", "Barbara Chmara-\u017baczkiewicz": "Q111434190", "Joanna Falenciak": "Q111434852", "Rachel Harris": "Q111441875", "Janina Fyk": "Q111443299", "Ma\u0142gorzata Sajna": "Q111460789", "Lola Salem": "Q111466036", "Krystyna Tarnawska-Kaczorowska": "Q111466426", "Paola Besutti": "Q111469377", "Zoe C. Sherinian": "Q113812677", "Rebecca Wagner Oettinger": "Q113812942", "Anne Liebe": "Q113813068", "Catherine Saucier": "Q113814626", "Lourdes Turrent": "Q113821360", "Lori A. Kruckenberg": "Q113822368", "Galina Andreevna Po\u017eidaeva": "Q113822379", "Tat\u02b9jana Andreevna Zajceva": "Q113822415", "Natalija Vasil\u02b9evna Ramazanova": "Q113822418"}