{"Csilla Marosi": "Q92919040", "Juliette Moreau": "Q21043084", "Chiriachitza Athanassio-B\u00e9nisty": "Q9189819", "Marie Kalau vom Hofe": "Q113463139", "Eugenie Bormann": "Q51844339", "J\u00falia Gy\u00f6rgy": "Q1030440", "Anastasia Sutkovaya": "Q112563546", "Anna Dinaburg": "Q47009877", "V\u011bra Dosu\u017ekov\u00e1": "Q95094568", "Helene Papanek": "Q59653295", "Gerdhild von Staabs": "Q93433900", "Evgeniya Fedorovna Davidenko": "Q88361905", "Margarethe H\u00fcbsch": "Q1728206", "M\u00e1rta Csaj\u00e1ghy": "Q113686253", "\u041a\u0430\u0446\u044f\u0440\u044b\u043d\u0430 \u0413\u0435\u043e\u0440\u0433\u0456\u0435\u045e\u043d\u0430 \u042e\u0440\u0430\u0446\u043a\u0430\u044f": "Q113954228", "Eli\u0161ka Klimkov\u00e1-Deutschov\u00e1": "Q21030230", "Herta Lange-Cosack": "Q63485506", "Klara Weingarten": "Q101110147", "Gertrud Olbrich": "Q112535256", "Vera Grigorevna Efimova": "Q42889558", "Hannah Arnold": "Q113615702", "Libu\u0161e Fu\u010d\u00edkov\u00e1": "Q95156931", "Karolina Jus": "Q100591440", "Friedl Aufreiter": "Q51844310", "Marie Fi\u0161arov\u00e1": "Q95183101", "Helena Riegerov\u00e1": "Q112422598", "Marianne Smolenski": "Q60829837", "Ks\u00e9nia Semionova": "Q4415878", "\u0540\u057c\u056b\u0583\u057d\u056b\u0574\u0565 \u0549\u056b\u056c\u056b\u0576\u0563\u0561\u0580\u0575\u0561\u0576": "Q27884549", "\u041d\u0430\u0442\u0430\u043b\u044c\u044f \u0415\u0432\u0433\u0435\u043d\u044c\u0435\u0432\u043d\u0430 \u041c\u043e\u043b\u044c\u0441\u043a\u0430\u044f": "Q92703293", "Noreen A. Lemak": "Q112488366", "Ruth Paimre": "Q16406509", "Lykke Aresin": "Q1878684", "Herta Betzendahl": "Q112435052", "Henryka Langauer-Lewowicka": "Q115434059", "M\u00e4rta Donner": "Q18238465", "Herm\u00edna F\u00e1rkov\u00e1": "Q95168355", "Eleonora Jankowicz": "Q109616070", "Kv\u011btoslava Schwartzov\u00e1": "Q95175879", "K. Schwartzov\u00e1": "Q125579443", "Ilona Husz\u00e1r": "Q105767894", "Dagmar Ujh\u00e1zyov\u00e1": "Q12764312", "Rose-Marie Olischer": "Q84725283", "Anica Ju\u0161i\u0107": "Q112515593", "Ewa Dzia\u0142ek": "Q112660893", "G\u0326ertr\u016bde Enin\u0326a": "Q77682644", "Barbara Stroi\u0144ska-Ku\u015b": "Q81203592", "Gerta Vrbov\u00e1": "Q19828166", "Vlasta Hrazdirov\u00e1": "Q112346595", "Jaroslava Nebudov\u00e1": "Q95145069", "Friderun Sch\u00f6nberg": "Q113838796", "Ursula Kleinpeter": "Q112449884", "Joan Welkowitz": "Q112517291", "Janina Rafa\u0142owska": "Q85134615", "Barbara Emeryk-Szajewska": "Q110072475", "Ellen Gibbels": "Q15450395", "Dina Mukhamedovna Tabeeva": "Q39388989", "Hana Ma\u0161kov\u00e1": "Q112348028", "Alena Vorlov\u00e1": "Q112457855", "Hanna J\u0119drzejowska": "Q111513106", "Anna Fidzia\u0144ska-Dolot": "Q116258747", "Margaret M. Hoehn": "Q74597695", "Rosemarie Dietze": "Q95202038", "Kl\u00e1ra Alm\u00e1si": "Q110268586", "Vlasta Rybkov\u00e1": "Q112478366", "Mary E. Granger": "Q119140171", "Ewa Dilling-Ostrowska": "Q106576281", "Gisela Goldhahn": "Q112442580", "Ludmila Ku\u010derov\u00e1": "Q95490505", "Nine Ipekchyan": "Q27441540", "Valentina Y. Latysheva": "Q28754017", "Emma Zueva": "Q97660742", "\u0218tefania Calomfirescu-Kory": "Q53997931", "Tiina Talvik": "Q24546004", "Helga Schmitt": "Q112377427", "Judie R. Walton": "Q112511190", "Jana S\u00fcssov\u00e1": "Q95334895", "Erzs\u00e9bet Knyih\u00e1r-Csillik": "Q112503031", "So\u0148a Nev\u0161\u00edmalov\u00e1": "Q12055524", "Charlotte K\u00f6ttgen": "Q112511414", "Ingrid Kerz-R\u00fchling": "Q113716210", "Sigrid Poser": "Q2285309", "Zemfira Makarovna Kuzmina": "Q28845727", "Marie Kun\u010d\u00edkov\u00e1": "Q112415993", "Virginia Pickel": "Q112482689", "Dobroslava Jandov\u00e1": "Q110416009", "Catherine Billard-Davou": "Q56289413", "Milu\u0161e Havlov\u00e1": "Q95443562", "Anna Cz\u0142onkowska": "Q16529091", "Marcela \u0160vandov\u00e1": "Q95488110", "Johanna Krause": "Q21032165", "Helena Kle\u010dkov\u00e1": "Q95451740", "Christa Erken": "Q113718991", "Olga Zapletalov\u00e1": "Q95171596", "Elisabeth Kludas": "Q113845307", "Susanna Smolenski": "Q63838399", "Dagmar Kraj\u00ed\u010dkov\u00e1": "Q95154048", "Mark\u00e9ta Jir\u00e1skov\u00e1": "Q95157495", "Dagmar Kukl\u00edkov\u00e1": "Q112541368", "Katalin \u00c1cs": "Q108045869", "Zinaida Suslina": "Q17306064", "Miroslava Sinkulov\u00e1": "Q95400075", "Zyta Banecka-Majkutewicz": "Q85134991", "V\u011bnceslava Svobodov\u00e1": "Q105121421", "Laura Bossi": "Q106241663", "Claudia Croos-M\u00fcller": "Q21031988", "Irina Elovaara": "Q29418888", "Joanne Lynn": "Q88019687", "A M Bonnet": "Q67207524", "Nat\u00e1lia Balekov\u00e1": "Q112512875", "Olga Baudy\u0161ov\u00e1": "Q112540332", "Iva Svr\u010dinov\u00e1": "Q95181292", "Jill Winegardner": "Q112541645", "Nad\u011b\u017eda Frankov\u00e1": "Q100818510", "Kirsten Stollhoff": "Q112518360", "Kiti M\u00fcller": "Q5400102", "Alena N\u00e1b\u011blkov\u00e1": "Q116888576", "Virginija Gaigalait\u0117": "Q12677778", "Montserrat Verdaguer Clavera": "Q64092494", "Anna \u0160vehl\u00e1kov\u00e1": "Q112402508", "Margareta Griesz-Brisson": "Q124827061", "Hannelore Ehrenreich": "Q1575862", "Eva Havrdov\u00e1": "Q41721885", "Ma\u0142gorzata Mraz": "Q16575785", "Marianne Dieterich": "Q112542900", "Mijna Hadders-Algra": "Q67426165", "Hana O\u0161lej\u0161kov\u00e1": "Q95169328", "Milada Betlachov\u00e1": "Q112454250", "Karin Guti\u00e9rrez-Lobos": "Q110415809", "Iris Maria Kloiber": "Q100705102", "Luciana Baroni": "Q104285205", "Margaret M. McCarthy": "Q112523669", "Larisa Bahdanovich": "Q9394017", "Maria Giuliana Vannucchi": "Q64885211", "Katalin Pungor": "Q90409832", "Christine Pozs\u00e1r": "Q94743081", "Zuzana Gdovinov\u00e1": "Q112539816", "Gabriela Timarova": "Q95968476", "Vladim\u00edra Strandelov\u00e1": "Q95157026", "Vesna Jelic": "Q112397267", "Bettina Schmitz": "Q112465744", "Gloria M. Galloway": "Q112552490", "Suzan Uysal": "Q112561485", "Jana Z\u00e1rubov\u00e1": "Q95154878", "Reetta K\u00e4lvi\u00e4inen": "Q42305503", "Euphrosyne Gouzoulis-Mayfrank": "Q67672706", "Fernette Eide": "Q112483926", "Nadia Volf": "Q55950452", "Zilla \u0160onkov\u00e1": "Q112424885", "Jaroslav Nushart": "Q113272136", "Catherine Thomas-Ant\u00e9rion": "Q59866258", "Cornelia Matzke": "Q1133375", "Isabelle Arnulf": "Q30500707", "Montserrat Bernabeu i Guitart": "Q92888372", "Nancy Foldvary-Schaefer": "Q112440122", "Ivana \u0160t\u011btk\u00e1\u0159ov\u00e1": "Q13411262", "Frauke Zipp": "Q21259942", "Iva P\u0159\u00edhodov\u00e1": "Q82918076", "Caroline Leaf": "Q112508507", "Miriam Koln\u00edkov\u00e1": "Q112482789", "Pa\u0161\u010denko Evfimija": "Q113781889", "Kirsten M\u00fcller-Vahl": "Q113539", "Marcela Gr\u00fcnerov\u00e1-Lippertov\u00e1": "Q112556932", "Inga Zerr": "Q67228353", "Alena Novotn\u00e1": "Q95147960", "Daniela \u0160tarhov\u00e1": "Q112545096", "Donatella Saviola": "Q116742252", "Caroline Tilikete": "Q67390036", "Korinna Zamfir": "Q112461077", "Lucie Svit\u00e1lkov\u00e1": "Q95401824", "Christiane Nicola Klimek": "Q31039573", "Irena Rektorov\u00e1": "Q67211553", "Lenka Hlinkov\u00e1": "Q111336873", "Anja Henkel": "Q124823449", "Vladim\u00edra Sl\u00e1dkov\u00e1": "Q95157041", "Veronika Hy\u0161persk\u00e1": "Q112541116", "Marika Tal\u00e1bov\u00e1": "Q95095182", "Francesca Pastorelli": "Q96066378", "Martina K\u0151v\u00e1ri": "Q112461832", "Andrea K\u00fchn": "Q98412865", "Charlotte Teunissen": "Q56887227", "Iveta Nov\u00e1kov\u00e1": "Q112413655", "Blanka Hejdukov\u00e1": "Q112423592", "Carmen Barba": "Q42774422", "Dagmar Sou\u010dkov\u00e1": "Q112446873", "Jana Kotalov\u00e1": "Q106377010", "Alessandra Piccini": "Q113644640", "Agnes Fl\u00f6el": "Q56954900", "Valentina Zipoli": "Q114533540", "Gabriela Krejstov\u00e1": "Q112538605", "Petra B\u00e1rtov\u00e1": "Q112430687", "Kate\u0159ina Seltenreichov\u00e1": "Q95400021", "Marianna Amboni": "Q67172977", "Katharina Bayer": "Q112379642", "Ghazaleh Tabatabai": "Q45324636", "Hana Bro\u017eov\u00e1": "Q95460760", "Gennarina Arabia": "Q89414653", "Ulrike Bingel": "Q105839501", "\u0160t\u011bp\u00e1nka Bru\u0161\u00e1kov\u00e1": "Q112545776", "Mateja De Leonni Stanonik": "Q106091303", "Eva Vl\u010dkov\u00e1": "Q95244001", "Nurcan \u00dc\u00e7eyler": "Q109819813", "Angelika Alonso": "Q112536682", "Florinda Ferreri": "Q39272315", "Sonia Villapol Salgado": "Q42911295", "Telma Abrah\u00e3o": "Q107573340", "Sonja Leiminger": "Q112408897", "Servane Mouton": "Q119428751", "Federica Agosta": "Q37840940", "Karin Gmitterov\u00e1": "Q112560375", "Zuzana Lib\u00e1": "Q92251923", "Leda Volpi": "Q65125857", "Al\u017eb\u011bta M\u00fchlb\u00e4ck": "Q112530385", "Valentina Alda Carozzi": "Q60751224", "Clara Dom\u00ednguez": "Q123437904", "Clara Dom\u00ednguez Vivero": "Q118577526", "Michaela Kaiserov\u00e1": "Q112545765", "Iva \u0160rotov\u00e1": "Q95182163", "Olga Dobrushina": "Q93026174", "Ninna Kozorog": "Q79951540", "Stanislava Suroviakov\u00e1": "Q112564006", "Zuzana \u010carnick\u00e1": "Q112554384", "Jitka \u0160\u00edpkov\u00e1": "Q113951435", "Jana Raputov\u00e1": "Q95095252", "Anna Wilmowska-Pietruszy\u0144ska": "Q30902745", "Catherine Julie Albert": "Q21043059", "Margitta Seeck": "Q21402749", "Vanessa van der Linden": "Q26237767", "Agnieszka S\u0142owik": "Q30437288", "Ruth Ann Marrie": "Q37368469", "Andrea Harrer": "Q37829402", "Tamara Ownsworth": "Q38546407", "Anne-Catherine Bachoud-L\u00e9vi": "Q41907952", "Iwona Kurkowska-Jastrz\u0119bska": "Q42305539", "Maria Giovanna Marrosu": "Q42408301", "Jane W. Chan": "Q42409610", "Melissa L. Rayhill": "Q43265898", "Jana L\u00edzrov\u00e1 Preiningerov\u00e1": "Q44483255", "Monica Busse": "Q47503797", "Sudarshini Ramanathan": "Q48866882", "Jane E. Alty": "Q50244028", "Olga Ulmanov\u00e1": "Q50265574", "Simona Mancini": "Q51053639", "Ma\u0142gorzata Zgorzalewicz-Stachowiak": "Q52653109", "Helena Jahnov\u00e1": "Q55692869", "Joanna Siuda": "Q55873623", "Sin\u00e9ad Murphy": "Q56056871", "S\u00e9verine Boill\u00e9e": "Q56288705", "Katarzyna Kotulska": "Q56418714", "Maria Pia Amato": "Q56451881", "Sheryl Martin-Schild": "Q56722493", "Marilyn S. Albert": "Q56861968", "Livia Pasquali": "Q56885067", "Astrid Thomas": "Q57003521", "Luisa De Risio": "Q57015825", "Marina Picillo": "Q57019858", "Petra Nytrova": "Q57081844", "Gabriella Silvestri": "Q57092769", "Elena Coccia": "Q57095571", "Eva Feketeova": "Q57223523", "Simona Balestrini": "Q57233732", "Joanna Pera": "Q57981485", "Ana Verdelho": "Q58338960", "Dorota Dziewulska": "Q58482025", "Cheryl Carcel": "Q58492846", "Halina Sienkiewicz-Jarosz": "Q58537077", "Petra La\u0161\u0161uthov\u00e1": "Q58756603", "Joanna Gesche": "Q59164306", "Melissa J. Armstrong": "Q59695795", "Monika Nojszewska": "Q59707803", "Anna Potulska-Chromik": "Q59707998", "Iwona Rotter": "Q59830460", "Anna Szczepanska-Szerej": "Q60327862", "Jun Wang": "Q60419678", "Beata Labuz-Roszak": "Q60425566", "Barbara B\u0142aszczyk": "Q60656066", "Petra Kovalsk\u00e1": "Q60687025", "Izabela Monika Rozmilowska": "Q61125212", "Rommy von Bernhardi": "Q61129620", "Ilona Kopyta": "Q61148178", "Ewa Krzystanek": "Q61157673", "Genevi\u00e8ve Bernard": "Q61467054", "Anna Kostera-Pruszczyk": "Q61638820", "Agnieszka Gorzkowska": "Q62589355", "Sarah Marshall-Pescini": "Q63979558", "Teresa Wierzba-Bobrowicz": "Q63987098", "Jitka Bu\u0161kov\u00e1": "Q64092472", "Urszula Fiszer": "Q64495578", "Alexandra Carter": "Q64765345", "Elena Moro": "Q64784931", "Maja Kojovi\u0107": "Q65933269", "Laura J. Balcer": "Q66764405", "Katarzyna Sieradzan": "Q67385151", "Monika Rudzi\u0144ska-Bar": "Q67395789", "Shilpa D. Kadam": "Q69456772", "Beata Tarnacka": "Q73130039", "Joanna I\u0142\u017cecka": "Q73666750", "Maria \u0141ukasik": "Q79434538", "Hanna Mierzewska": "Q79445921", "Sylvie Fontayne-Agui\u00e9": "Q79600609", "Tatiana Kharitonova": "Q79639512", "Joanna Smigielska-Kuzia": "Q79659136", "Iwona Sarzy\u0144ska-D\u0142ugosz": "Q80276327", "Dorota Dunin-Wasowicz": "Q80842201", "Ludmila Borodulin-Nadzieja": "Q82076500", "Alicja Kalinowska-\u0141yszczarz": "Q82254313", "Alla Graban": "Q83215308", "Barbara Jasinska-Myga": "Q83920460", "Anna G\u00f3jska-Grymaj\u0142o": "Q85272842", "Karolina Dzie\u017cyc-Jaworska": "Q85372349", "Erika Schirinzi": "Q85464107", "Chiara Pane": "Q85573484", "Ewa Matyja": "Q85632007", "Pavlina Kleinova": "Q86727357", "Margherita Russo": "Q87092764", "Marta Jakoniuk": "Q87184116", "Katarzyna Szacka": "Q87366436", "Magdalena Lewa\u0144ska": "Q87483619", "Ruth Rosenstein": "Q87590291", "Anetta Lasek-Bal": "Q87624689", "Aleksandra Klimkowicz-Mrowiec": "Q87737398", "Fernanda De Felice": "Q87769550", "Jadwiga Kuciel-Lewandowska": "Q87903161", "Michelle A Farrar": "Q87955289", "Marta Anczewska": "Q87999759", "Justyna Paprocka": "Q88034304", "Jana Ma\u0161kov\u00e1": "Q88051381", "Celine Gathier": "Q88346107", "Anna Fe\u010d\u00edkov\u00e1": "Q88379835", "Marta Waliszewska-Pros\u00f3\u0142": "Q88929534", "Laura Vilella": "Q88934028", "Monika Go\u0142\u0105b-Janowska": "Q88939832", "Bo\u017cena Adamczyk": "Q89261528", "Kelly Flemming": "Q89357428", "Anna Starostka-Tatar": "Q89466800", "Hyang Woon Lee": "Q89484113", "Ma\u0142gorzata Micha\u0142owska": "Q89543265", "Julie Mart\u00ednkov\u00e1": "Q89707682", "Marta Skowro\u0144ska": "Q89776744", "Anna Poggesi": "Q90241199", "Renata Rusa": "Q90315772", "Maria Teresa Pellecchia": "Q90331538", "Lekha Pandit": "Q90431286", "Wioletta Pawlukowska": "Q90819615", "Joanna Tarasiuk": "Q90922768", "Halina Bartosik-Psujek": "Q90922770", "Agnieszka Korchut": "Q91202624", "Anna Pokryszko-Dragan": "Q91303074", "Marta Dubik-Jezierza\u0144ska": "Q91303077", "Aleksandra Podlecka-Pi\u0119towska": "Q91303080", "Alina Ku\u0142akowska": "Q91303094", "Divyani Garg": "Q91346348", "Maria Hlebowicz": "Q91359043", "Joana Carvalho (neurologista)": "Q91790218", "Luc\u00eda Gal\u00e1n D\u00e1vila": "Q91827013", "Daniela Pietrobon": "Q91834707", "Monika Chor\u0105\u017cy": "Q92010392", "So Young Moon": "Q92092891", "Magdalena Ku\u017ama-Kozakiewicz": "Q92387996", "Anna Winczewska-Wiktor": "Q92530362", "Barbara Steinborn": "Q92530364", "Magdalena Bosak": "Q92648619", "Rebekah M Ahmed": "Q92957277", "Alice Mariottini": "Q92971806", "Giovanna Dati": "Q93170094", "Lidia Garcia-Campmany": "Q93736138", "Mathilde Marchionini": "Q94733257", "Ji Ye Jeon": "Q94958558", "Ulrike Bartsch": "Q95701492", "Ruth Jacob": "Q95748816", "Magdalena W\u00f3jcik-P\u0119dziwiatr": "Q95976617", "Pavla Pe\u0159inov\u00e1": "Q95978752", "Dorota Raczy\u0144ska": "Q96085192", "Dorota Koziarska": "Q96188138", "Marta Le\u0144ska-Mieciek": "Q96221037", "Ariane Mackey": "Q96642297", "Ma\u0142gorzata Gawe\u0142": "Q97665642", "Danuta Ryglewicz": "Q98087639", "Filomena Abate": "Q98292145", "Anna Radwa\u0144ska": "Q98565238", "Ann M E Bye": "Q99349652", "Maria Mazurkiewicz-Be\u0142dzi\u0144ska": "Q99349653", "Maria Houtchens": "Q99363929", "Ane Skaare Sjulstad": "Q100527733", "Agnieszka Meller": "Q102142533", "Marieta Peycheva": "Q104257425", "Anne-Marie de Barsy": "Q104370020", "Marta Lipowska": "Q104610887", "Biruta Kierdaszuk": "Q104743029", "Ma\u0142gorzata Buksi\u0144ska-Lisik": "Q104748759", "Joanna Collicutt McGrath": "Q106618106", "Pamidimukkala Vijaya": "Q107545936", "Karen C. Johnston": "Q108904457", "Elizabeth Wells": "Q108702945", "Madaline Harrison": "Q108904376", "Laura Parisi": "Q109128692", "Valentina Cardinali": "Q109286702", "Jules Montague": "Q109498411", "Ilene Ruhoy": "Q110348862", "Bo\u017cena Galas-Zgorzalewicz": "Q111434929", "Anna Krygowska-Wajs": "Q112118073", "Antonella Conte": "Q112158295", "Serena Bancone": "Q112161557", "Arianna Cappiello": "Q112176782", "Giovanna Di Lorenzo": "Q112207471", "Ilaria Lista": "Q112222491", "Sofia Cuoco": "Q112302005", "Francesca Isabella De Simone": "Q112305038", "El\u017cbieta Czarnecka": "Q112517558", "Janina Szulc-Kuberska": "Q112592958", "Annamaria Landolfi": "Q112596462", "Maria Francesca Tepedino": "Q112631401", "Maria Claudia Russillo": "Q112666714", "Danuta Ro\u017cniecka-Ro\u015bciszewska": "Q112668221", "Ute Auhagen-Stephanos": "Q113775490", "Anita Eckstaedt": "Q113833161", "Vittoria Cuteri": "Q114209868", "\u041a\u0430\u0446\u044f\u0440\u044b\u043d\u0430 \u041c\u0456\u043a\u0430\u043b\u0430\u0435\u045e\u043d\u0430 \u041f\u0430\u043d\u0430\u043c\u0430\u0440\u043e\u0432\u0430": "Q114324799", "Leja Dolenc-Gro\u0161elj": "Q114326333", "Anna \u0141usakowska": "Q114342147", "Barbara Tomik": "Q114416365", "Anna Paola Batocchi": "Q114438003", "Ewelina Grzywna": "Q114442200", "Dorota Doma\u0144ska-Pakie\u0142a": "Q114529443", "Orla M Gray": "Q114533522", "\u0411\u04d9\u0445\u0442\u0435\u0439\u04d9\u0440\u043e\u0432\u0430 \u041a\u043b\u0430\u0440\u0430 \u0417\u04d9\u043a\u0438 \u04a1\u044b\u0499\u044b": "Q115035201", "Melanie Shulman": "Q115177892", "Danuta Dylewska-Paw\u0142owska": "Q115838873", "Jolanta Kiczka-Wojczuk": "Q115855515", "Wanda Lipczy\u0144ska-\u0141ojkowska": "Q116046990", "Maria Bara\u0144ska-Gieruszczak": "Q116047015", "Krystyna Mitosek-Szewczyk": "Q116202581", "Ewa Papu\u0107": "Q116262414", "Rebecca Bliss Ryan Milholland": "Q116922882", "Joanna Wojczal": "Q117221914", "Krystyna Honczarenko": "Q117268868", "Catherine E Hobbs": "Q117599121", "Ewa Pi\u0142kowska": "Q117807907", "Danuta Lenart-Jankowska": "Q118123633", "Anna Budzianowska": "Q118258568", "Irena Johannov\u00e1": "Q119840675", "Kristina Jonsztov\u00e1": "Q119840691", "Eva Meluz\u00ednov\u00e1": "Q120579340", "Frances E. Jensen": "Q120596125", "Maya Shetreat-Klein": "Q120600036", "Monika \u0160kutov\u00e1": "Q120603860", "Eva Kme\u0165ov\u00e1": "Q120604057", "Zuzana Rous": "Q120604060", "\u0160tef\u00e1nia Aulick\u00e1": "Q120604253", "Zuzana Ritterov\u00e1": "Q120604417", "Alena Martinkov\u00e1": "Q120607555", "Jana Ad\u00e1mkov\u00e1": "Q120607558", "Miroslava Ch\u00fdlov\u00e1": "Q120611710", "Eva Recmanov\u00e1": "Q120611711", "Alena Hyhl\u00edkov\u00e1": "Q120615429", "Anna G\u0142uszcz-Zieli\u0144ska": "Q121026384", "Ewa Bertrand": "Q121070668", "Arleta Kuczy\u0144ska-Zardzewia\u0142y": "Q121073117", "Pavla Zaj\u00ed\u010dkov\u00e1": "Q121302170", "Ma\u0142gorzata Szenborn": "Q121662897", "Ma\u0142gorzata Bili\u0144ska": "Q121665371", "Rosamund Hill": "Q122443801", "Jolanta Biernawska": "Q122731526", "Nuria Lacuey Lecumberri": "Q122831496", "Renata Martyn\u00f3w-Medo\u0144": "Q123053042", "Tiffany Rose Farchione": "Q123410008", "Alina Mochecka-Thoelke": "Q123704499", "Teresa Pi\u00f3rek": "Q123740027", "Halina Grzelec": "Q124100330", "Larysa Strzy\u017cewska-Lubos": "Q124248338", "El\u017cbieta Sztamska": "Q124258113", "Ayesha Sherzai": "Q124327470", "Gra\u017cyna Zwoli\u0144ska": "Q124631838", "Margaret M. Ryan": "Q125658242", "Marta Tynecka-Turowska": "Q126891454"}