{"Marfa Vasilevna Pavlovets": "Q28745384", "Mar\u00eda Cristina Garc\u00eda-Sancho": "Q111737304", "Ruth Paimre": "Q16406509", "Jadwiga Szumska-Kowalska": "Q99521476", "Anna-Elisabeth Trappe": "Q558924", "Carole A. Miller": "Q111737324", "Elizabeth Bullitt": "Q125178044", "Anna-Leena Sir\u00e9n": "Q18224131", "Marianne Juhler": "Q92033174", "Concetta Alafaci": "Q114720806", "Kirsten Schmieder": "Q1504218", "Claudia C Faria": "Q55459132", "Lindsey Ross": "Q111508234", "Luisa De Risio": "Q57015825", "Eve Tsai": "Q59535701", "Monika Barczewska": "Q59686598", "Katharine Jann Drummond": "Q85682414", "Anna-Maria Barciszewska": "Q87483120", "Karine Michaud": "Q87987561", "Genevi\u00e8ve Milot": "Q87987571", "Adriana G Ioachimescu": "Q90289326", "Emilia Nowos\u0142awska": "Q90388154", "Anna M Nia": "Q91067789", "Marie-Therese Forster": "Q91261513", "Shelly D. Timmons": "Q93818975", "Uzma Samadani": "Q96836451", "Olga Milczarek": "Q100995856", "Stacey Q Wolfe": "Q104756551", "Ann Parr": "Q111655058", "Souad Bakhti": "Q111695872", "Nabila Tighilt": "Q111695884", "Najia El Abbadi": "Q111695897", "Mouna Bougrine": "Q111695918", "Faten Abid": "Q111696013", "Djamila Kafoufi Benderbous": "Q111696030", "Esp\u00e9rance Maman You Broalet": "Q111696049", "Mame Salimata Diene": "Q111696053", "Magatte Gaye Sakho": "Q111696064", "Sarah Mutomb": "Q111696088", "Mirelle Moumi": "Q111696101", "Tracy John": "Q111696843", "Beverly Cheserem": "Q111697508", "Aingaya Kaale": "Q111697987", "Happiness Rabiel": "Q111697994", "Constansia Bureta": "Q111698004", "Yordanos Ashagre": "Q111698434", "Minette du Preez": "Q111700205", "Coceka Mfundisi": "Q111710503", "Bhagavatula Indira Devi": "Q111737348", "Erica Bisson": "Q111737899", "Aruna Ganju": "Q111737971", "Aysima Altinok": "Q111809764", "Ann Marie Flannery": "Q115917015", "Daria Schooler": "Q115917051", "Aviva Abosch": "Q115917089", "Jennifer Sweet": "Q115917140", "Anne Moore": "Q116235598", "Brindha Shivalingam": "Q117251018", "Barbara Tarczon": "Q118172877"}