{"Aelia Sabina": "Q27924488", "Raffaella Aleotti": "Q3929201", "Marie-Madeleine Couperin": "Q2755598", "Antoinette-Victoire Couperin": "Q2120501", "C\u00e9leste-Th\u00e9r\u00e8se Couperin": "Q2114956", "C\u00e9lestine-Th\u00e9r\u00e8se Couperin": "Q20310222", "Jeanna \u00c5kerman": "Q4991045", "Hannah Rampton Binfield": "Q55836857", "Am\u00e1lie Jan\u00e1\u010dkov\u00e1": "Q94656288", "Eliza Wesley": "Q74185239", "Juliette Dillon": "Q95685416", "Gudrun Petursdottir": "Q61972644", "Sophia Uddman": "Q49673281", "Charlotte von Sch\u00e9ele": "Q23989196", "Georgeanne Hubi-Newcombe": "Q102285143", "Louise Aspegren": "Q42013090", "M\u00e9lanie Chasselon": "Q107496705", "Maria Bastiaans": "Q24407671", "Jeanne-Marie Say": "Q21115881", "Margr\u00e9t Eir\u00edksd\u00f3ttir": "Q61973268", "Ina Durchman": "Q115177599", "Annie Ol\u00e1n": "Q101422013", "Gertrud Kihlgren": "Q19976647", "Minna Bouffier": "Q106591540", "Susanne Saabye": "Q62081445", "Anna Helga Gabriella Bj\u00f6rling": "Q98531468", "Olga Tavaststjerna": "Q55387690", "Hanna Hallberg-Norlind": "Q4952148", "Clara Bastiaans": "Q24447956", "Lucy Charlotte Benson": "Q24087984", "Rowena Birkett": "Q108839384", "Marielou Cory": "Q108937973", "Virginia E. M. Hunt Scott": "Q97703858", "Daniella Sophia Louisa Winge": "Q44627219", "Eleanor Alice Davey": "Q114951658", "THuridur THorsteinsdottir": "Q61974034", "\u013dudmila Lehotsk\u00e1-Kri\u017ekov\u00e1": "Q112479075", "Soff\u00eda Sk\u00falad\u00f3ttir": "Q61973742", "Elsa Stenhammar": "Q4980310", "Hildur Liedberg": "Q4962059", "El\u00edsabet J\u00f3nsd\u00f3ttir": "Q24203186", "Nelly van der Linden van Snelrewaard-Boudewijns": "Q71738351", "Gudrun Jonsdottir Briem": "Q61972619", "Stefan\u00eda Thorarensen": "Q61973782", "Frida Ahstrom": "Q98476894", "Lillian Mary Frost": "Q21536307", "Herd\u00eds P\u00e9tursd\u00f3ttir": "Q61972813", "Hanna Pegelow": "Q98716893", "Isabel G\u00fcell i L\u00f3pez": "Q17148146", "Krist\u00edn Stephensen": "Q61973163", "Maria Llu\u00efsa G\u00fcell L\u00f3pez": "Q21081362", "Mar\u00eda Nielsen": "Q61973337", "Sigridur THorlaksdottir": "Q61973652", "Anna Lambrechts-Vos": "Q19508640", "Attie Dyserinck": "Q20987518", "Matthildur Finnsd\u00f3ttir": "Q61973359", "Anna Bergh": "Q4938456", "Sigurlaug Erlendsd\u00f3ttir": "Q61973712", "Gu\u00f0r\u00ed\u00f0ur Sigur\u00f0ard\u00f3ttir L\u00edndal": "Q61972544", "Gudrun Thorlacius": "Q61972664", "Jenny Van Rysselberghe": "Q2754498", "Jessie Mae Jewitt": "Q107271699", "El\u00edn Steind\u00f3rsd\u00f3ttir Briem": "Q61972337", "Kotryna Vinci\u016bt\u0117": "Q16456785", "Sigridur Kjartansdottir": "Q61973618", "Petrea Gu\u00f0mund\u00edna Sveinsd\u00f3ttir": "Q61973448", "Gudmunda Nielsen": "Q61972492", "Margr\u00e9t G\u00edslad\u00f3ttir": "Q61973271", "Emil\u00eda P\u00e9tursd\u00f3ttir Briem": "Q61972384", "Ethel Adelaide Parker": "Q118303341", "J\u00f3n\u00edna Eyj\u00f3lfsd\u00f3ttir": "Q61973047", "Soff\u00eda Hallgr\u00edmsd\u00f3ttir": "Q61973740", "Felix Haj": "Q10816048", "Sigridur Oddny Benediktsdottir": "Q61973628", "Magnea \u00c1g\u00fasta \u00deorl\u00e1ksd\u00f3ttir": "Q61973248", "Camille Besse": "Q11911012", "\u00de\u00f3rhildur Sk\u00falad\u00f3ttir": "Q61973989", "Magnhild Lindeman": "Q64067710", "Holmfridur Halldorsdottir": "Q61972843", "Gudrun Sveinbjorg THorsteinsdottir": "Q61972659", "Marie-Louise Gigout-Bo\u00ebllmann": "Q3292062", "Oddn\u00fd Stef\u00e1nsd\u00f3ttir": "Q61973400", "Louisa M. \u00d3lafsd\u00f3ttir": "Q61973235", "Fannie Woods": "Q3066425", "Gudrun Olafsdottir": "Q61972640", "Oddny Fridrika Arnadottir": "Q61973395", "El\u00edn Kolbeinsd\u00f3ttir": "Q61972322", "Anna G. Torfad\u00f3ttir": "Q61972068", "M\u00e1lfr\u00ed\u00f0ur \u00deorbergsd\u00f3ttir": "Q61973371", "Sigurros Cornelia Olafson": "Q61973723", "Stefan\u00eda Eggertsd\u00f3ttir": "Q61973772", "Thordis Louise Ottenson Gudmunds": "Q61973846", "Hulda \u00c1. Stef\u00e1nsd\u00f3ttir": "Q61972870", "Svea Welander": "Q4990267", "Gu\u00f0finna J\u00f3nsd\u00f3ttir": "Q16425982", "Alva Sandberg-Norrlander": "Q42010492", "\u00d3l\u00edna Benediktsd\u00f3ttir": "Q61973417", "Ragnheidur Bodvarsdottir": "Q61973457", "Ilonka Hufnagelov\u00e1": "Q12767414", "Juliette Milette": "Q3189770", "Margaret Phillips": "Q5996956", "Yvette Brelet": "Q3574039", "L\u00e1ra P\u00e1lsd\u00f3ttir": "Q61973212", "Gudbjorg Signy Gudmundsdottir": "Q61972466", "J\u00f3hanna G\u00edslad\u00f3ttir": "Q61973007", "Astridur Stefansdottir": "Q61972200", "Genevi\u00e8ve de La Salle": "Q27712447", "Anna Eir\u00edksd\u00f3ttir": "Q61972065", "Izabella Dedinszky": "Q16518968", "THorbjorg Halldors fra Hofnum": "Q61973931", "Gudrun O. Melax": "Q61972636", "Ellinor Dohrn": "Q112467988", "Anna T\u00f3masd\u00f3ttir": "Q61972111", "Geirr\u00fan \u00cdvarsd\u00f3ttir": "Q61972439", "Asbj\u00f8rg Dahl Elvestrand": "Q109364567", "Ald\u00eds P\u00e1lsd\u00f3ttir": "Q61972043", "Audur Tryggvadottir": "Q61972147", "Helga J\u00f3na El\u00edasd\u00f3ttir": "Q61972771", "Line Zilgien": "Q23816462", "Hrefna Bodvarsdottir": "Q61972861", "Hl\u00edf Tryggvad\u00f3ttir": "Q61972838", "Hl\u00edf Petra Magn\u00fasd\u00f3ttir": "Q61972836", "Elizabeth Ellinor Morcom": "Q120968403", "Sigr\u00fan Dagsd\u00f3ttir": "Q61973659", "Mary Elizabeth Caldwell": "Q1906249", "Lydia Lithell": "Q4963146", "Unnur G\u00edslad\u00f3ttir": "Q61973861", "Madeleine Will": "Q107349442", "Marthe Lapointe": "Q97015739", "J\u00f3hanna Vigf\u00fasd\u00f3ttir": "Q61973032", "Gertrude C. Suppe": "Q105978797", "Noreen Eileen Hennessy": "Q55766701", "Claire Coci": "Q111503197", "Nelsie Johnson": "Q108923470", "Sigrun Gudbrandsdottir": "Q61973664", "P\u00e1la P\u00e1lsd\u00f3ttir": "Q61973438", "Ren\u00e9e Nizan": "Q3427168", "Bj\u00f6rg Bj\u00f6rnsd\u00f3ttir": "Q61972230", "Svava Hallvardsdottir": "Q61973827", "Catherine Crozier": "Q2030618", "Josette Delaruelle": "Q68956908", "Johanna Fahr": "Q95199978", "Helga Benediktsd\u00f3ttir": "Q61972749", "Hulda Run\u00f3lfsd\u00f3ttir": "Q61972880", "Gertrud Katja Loos": "Q19283981", "Nina Oksentyan": "Q15076792", "Blanche Gangwere": "Q112471340", "Sigridur Olafsdottir": "Q61973630", "Lourdes Vallier": "Q10319944", "Ebba Nielsen": "Q62079838", "Micheline Lagache": "Q28496442", "Gudrun Sigridur Haflidadottir": "Q61972648", "Hella Tedder": "Q96233705", "Else Berntsen Aas": "Q105435030", "Ingibj\u00f6rg Andr\u00e9sd\u00f3ttir": "Q61972890", "Alena Vesel\u00e1": "Q10769680", "J\u00f3hanna Anna Einarsd\u00f3ttir": "Q61972999", "Ludmila Eckertov\u00e1": "Q21534312", "Elena Aleknien\u0117-Ivanauskait\u0117": "Q16450396", "Odette Vercruysse": "Q3349215", "Lilja Sveinsd\u00f3ttir": "Q61973228", "Barbara Heinisch": "Q107586706", "Helen L. Wright": "Q106029491", "Anna Fingrov\u00e1": "Q95481040", "Sigr\u00ed\u00f0ur Bjarnad\u00f3ttir Kolbeins": "Q61973562", "Johanna Schell": "Q61996809", "Rev. Alberta Baker": "Q65014684", "Laine-Astrid Bils": "Q123137029", "Gy\u00f0a Berg\u00fe\u00f3rsd\u00f3ttir": "Q61972685", "Marie-V\u00e9ra Maixandeau": "Q63119664", "Jantina Noorman": "Q61000011", "Ingrid M\u00fcller Seraphim": "Q105533010", "Audrey Cooke": "Q55774486", "Gian Lyman": "Q63863113", "Lucie Radov\u00e1": "Q51950494", "Almut R\u00f6\u00dfler": "Q101281", "J\u00f3na Krist\u00edn Bjarnad\u00f3ttir": "Q61973036", "Adelma G\u00f3mez": "Q5657559", "Rut Magn\u00fasson": "Q61973525", "Mireille Lagac\u00e9": "Q3315982", "Susan Landale": "Q12057266", "Arlette Heudron": "Q2861633", "Betty Leslie Stewart": "Q107394299", "Jaroslava Luklov\u00e1": "Q112479427", "Ute Grass": "Q73494611", "Jaroslava Potm\u011b\u0161ilov\u00e1": "Q12024205", "Carol Doran": "Q100978611", "Nataliya Vedernikova": "Q111453349", "Elisabeth Roloff": "Q1330220", "Angela Tomani\u010d": "Q12784677", "Jean M. Winterbottom": "Q95880843", "Marie-Andr\u00e9e Morisset-Balier": "Q110662579", "Ji\u0159ina Pokorn\u00e1": "Q12025008", "Alice Louise Trout": "Q95880886", "Galina Vasilevna Semjonova": "Q30892537", "Inge B\u00f8nnerup": "Q67622170", "Almuth Reuther": "Q95700220", "Michelle Quintal": "Q56258430", "Elisabeth Wangelin-Buschmann": "Q63838670", "Grazia Salvatori": "Q15812774", "Elise S. Eslinger": "Q105968143", "Maria Teresa Mart\u00ednez": "Q111308053", "Dalia Viskontien\u0117-Skrinskait\u0117": "Q16446903", "Sigr\u00fan Gr\u00edmsd\u00f3ttir": "Q61973663", "Jitka Chaloupkov\u00e1": "Q112396238", "Muff Worden": "Q61973378", "Deirdre Piper": "Q56653827", "Guy Huot": "Q55670259", "\u00d3l\u00f6f P\u00e1lsd\u00f3ttir": "Q61973431", "Lenora McCroskey": "Q26861343", "Monika Henking": "Q71835662", "Cecilija Kobal": "Q12786736", "Elly Kooiman": "Q114977061", "Dorthy de Rooij": "Q2397783", "Janet Ahrend": "Q107966165", "Sigridur Jonsdottir": "Q61973617", "Rosalie Bonighton": "Q105838488", "Kerrine Wilson": "Q56311963", "Lucie Madden": "Q2592985", "Nicole Hostettler": "Q24690328", "Gabriela Riedlbauchov\u00e1": "Q87413264", "Kati H\u00e4m\u00e4l\u00e4inen": "Q11870348", "Valborg Mangs M\u00e4rak": "Q21816214", "Mirta Skopljanac-Macina": "Q12637087", "Kamila Klugarov\u00e1": "Q12027902", "Ieva Lazd\u0101ne": "Q22083820", "Rosemarie Pritzkat": "Q2166908", "Lynne Davis": "Q113030453", "Christiane Colleney": "Q107065343", "Helen Dugal": "Q2183773", "Hana Francov\u00e1": "Q95466921", "Dee Ann Crossley": "Q2835219", "Irena Wise\u0142ka-Cie\u015blar": "Q11713866", "Yasuko Uyama-Bouvard": "Q21088137", "Joanna Kaja-Valli\u00e8re": "Q55294495", "Christa Rakich": "Q2118477", "Anne Froidebise": "Q47470112", "Kei Koito": "Q19725531", "Tat'yana Chausova": "Q4507811", "Eurydice V. Osterman": "Q2167583", "Anna Krist\u00edn J\u00f3nsd\u00f3ttir": "Q61972088", "Marie \u0160est\u00e1kov\u00e1": "Q95450799", "V\u011bra He\u0159manov\u00e1": "Q12001643", "J\u016brat\u0117 Bundzait\u0117": "Q12658997", "Elisabeth Ullmann": "Q43423945", "Ro\u017eana \u0160peh": "Q114032626", "Marta Filipcov\u00e1": "Q112543511", "Fran\u00e7oise Dornier": "Q3086461", "Diane Luchese": "Q15407429", "Britta Snickars": "Q4979431", "Csilla Alf\u00f6ldy-Boruss": "Q29509859", "Marie-Agn\u00e8s Grall-Menet": "Q3291436", "Margareta H\u00fcrholz": "Q1894918", "Cristina Garc\u00eda Banegas": "Q1140394", "Mar\u00eda Soledad Mendive Zabaldica": "Q83711105", "Ursula Philippi": "Q112407316", "son Lindh Nordenmalm": "Q23916971", "Cecilia Franke": "Q4948719", "Zde\u0148ka Ledvinov\u00e1": "Q95176416", "Birut\u0117 Pra\u0161mutait\u0117": "Q16445886", "Martine Reymond": "Q22712389", "Hana Barto\u0161ov\u00e1": "Q95179892", "Carolyn Shuster Fournier": "Q18578076", "Naomi Matsui": "Q11529727", "Helene P\u00fcrmayr": "Q112407140", "Maria Nacy": "Q123630884", "D\u00f6rte Maria Packeiser": "Q1271473", "Em\u0151ke Lipcsey": "Q15620931", "Dagmar Koptein": "Q62571309", "Magdalena Czajka": "Q16334750", "Genevi\u00e8ve Lagac\u00e9": "Q56560621", "Janette Fishell": "Q104120065", "Gay Holmes Spears": "Q2414405", "Miroslava Svobodov\u00e1": "Q95170585", "Marju Riisikamp": "Q2741609", "Ines Maidre": "Q15407362", "Hildegund Treiber": "Q1618419", "Gonny van der Maten": "Q1844810", "Em\u00edlia Dzemjanov\u00e1": "Q112443955", "\u041a\u0441\u0435\u043d\u0456\u044f \u041c\u0430\u043a\u0441\u0456\u043c\u0430\u045e\u043d\u0430 \u041f\u0430\u0433\u0430\u0440\u044d\u043b\u0430\u044f": "Q21154215", "Tamara Still": "Q107554509", "Viktorija Mork\u016bnien\u0117-Jurcikait\u0117": "Q12677276", "Marilyn Perkins Biery": "Q1742586", "Ulla Eho-Saario": "Q105416682", "Irena Ch\u0159ibkov\u00e1": "Q12021807", "Claudia Wa\u00dfner": "Q76710143", "Ljerka O\u010di\u0107": "Q1796035", "Karin Nelson": "Q16595912", "Pascale Rouet": "Q2366726", "Margreeth de Jong": "Q50359782", "Gabriella Gullin": "Q4951320", "Gerrie Meijers": "Q108592263", "Andrea Pach": "Q112538711", "Ursula Duetschler": "Q72197344", "V\u00e9ronique van den Engh": "Q56195474", "G\u00edsl\u00edna J\u00f3natansd\u00f3ttir": "Q61972445", "Renata Bauer": "Q12800071", "\u041e\u0440\u043b\u043e\u0432\u0430 \u0422\u0435\u0442\u044f\u043d\u0430 \u041c\u0438\u043a\u043e\u043b\u0430\u0457\u0432\u043d\u0430": "Q25433089", "Jetty Podt": "Q109996559", "Merle Kollom": "Q24546217", "Inger-Lise Ulsrud": "Q11977188", "Catharina Palm\u00e9r": "Q2431981", "Rikako Watanabe": "Q2152971", "Christiane Michel-Ostertun": "Q1082763", "Anton\u00eda Hevesi": "Q61972120", "Annette Richards": "Q2258461", "Rie Hiroe": "Q2498910", "Margareta Raab": "Q4973822", "Marie-Ange Leurent": "Q29043534", "El\u00edn Gunnlaugsd\u00f3ttir": "Q61972314", "Heidi Emmert": "Q47462496", "Brigitte Fruth": "Q69067473", "Josineia Godinho": "Q23893166", "Kiyomi \u014ctaka": "Q11441969", "Susanne Clod Pedersen": "Q12337798", "Jiyoung Lee": "Q107546359", "Elena Sartori": "Q112562076", "Barbara Kraus": "Q807514", "Beate Rux-Voss": "Q813182", "Anne Chollet": "Q18642508", "\u00c1gnes Papp": "Q112504144", "Natalija Imbri\u0161ak": "Q12638141", "Judit Andrejszki": "Q23908604", "Junko Ito": "Q2747447", "Claudia Hirschfeld": "Q18620100", "Petra Varga": "Q1401806", "Olga Malkina": "Q2509707", "Anne-Catherine Bucher": "Q13334256", "Bine Katrine Bryndorf": "Q2498430", "Jolanda Zwoferink": "Q121330663", "Eunjung Jung": "Q106292675", "Michelle Hradeck\u00e1": "Q112366087", "Anna Bakunts": "Q116782471", "Anna Humal": "Q31275068", "Danguol\u0117 Beinaryt\u0117": "Q16446949", "Michaela Pol\u00e1\u0161kov\u00e1": "Q95451742", "Aya Yoshida": "Q792703", "Willeke Smits": "Q21608334", "Sung Joo Kim": "Q106293117", "Kristina Shtegman": "Q55387692", "Olga Watts": "Q113573448", "Maria Wolfsberger": "Q60716925", "Silvia M\u00e1rquez Chulilla": "Q91609062", "Marie Rosenmir": "Q4975531", "Hana Ry\u0161av\u00e1": "Q95148905", "Eunyoung Kim": "Q111497371", "Yu Nagayama": "Q96655532", "Jin Young Bae": "Q106438022", "Cecilie Kub\u00e1tov\u00e1": "Q112418799", "Anne Marie Dragosits": "Q61810312", "Maria Helfgott": "Q6480636", "Edita Keglerova": "Q1841221", "Karoline Leblanc": "Q2262363", "Lenka Klodnerov\u00e1": "Q112366721", "Ester Moravetzov\u00e1": "Q112487973", "Liselotte Kunkel": "Q1825259", "Marketa Reindlova": "Q1999099", "Katharina Larissa Paech": "Q106128940", "Arnger\u00f0ur Mar\u00eda \u00c1rnad\u00f3ttir": "Q61972134", "Susanne Kujala": "Q73481648", "Ji\u0159ina Dvo\u0159\u00e1kov\u00e1-Mare\u0161ov\u00e1": "Q106374875", "Giulia Nuti": "Q112407556", "Eva Bublov\u00e1": "Q11985132", "Lidia Ksi\u0105\u017ckiewicz": "Q3238144", "Daniela Kosinov\u00e1-Valtov\u00e1": "Q11774254", "Kate\u0159ina Chrobokov\u00e1": "Q12028929", "Villemo Daneling": "Q98639216", "Melody Chen": "Q106644095", "Ludmila Stichov\u00e1": "Q112473099", "Els Biesemans": "Q2656392", "Pilvi Listo": "Q63092793", "Ourania Gassiou": "Q104178863", "Zuzana Ferjen\u010d\u00edkov\u00e1": "Q231190", "Ma\u0142gorzata Trzaskalik-Wyrwa": "Q111628796", "Gu\u00f0n\u00fd Einarsd\u00f3ttir": "Q61972503", "Ruth Draper": "Q106289653", "Diana Ovsianykova": "Q30959975", "L\u00e1ra Brynd\u00eds Eggertsd\u00f3ttir": "Q61973208", "Zde\u0148ka Ne\u010desan\u00e1": "Q95487551", "Ania Proskourina": "Q105702088", "Arusyak Tamrazyan": "Q116732399", "Yeonju Sarah Kim": "Q58219589", "Olga Podgajska": "Q23642654", "Linda \u010cechov\u00e1 S\u00edtkov\u00e1": "Q19602346", "Jana Ba\u0159inkov\u00e1": "Q12023389", "Ji\u0159ina Navr\u00e1tilov\u00e1": "Q112541443", "Iveta Za\u0165kov\u00e1": "Q119769475", "Michaela K\u00e1\u010derkov\u00e1": "Q19602405", "Helga V\u00e1radi": "Q82074319", "Daria Burlak": "Q105078142", "Marie Zahr\u00e1dkov\u00e1": "Q112491063", "Mari Fukumoto": "Q27151214", "Lucie Kajzarov\u00e1": "Q112555122", "Marie Dos Santos Samek": "Q112548142", "Veronika Ml\u010d\u00e1kov\u00e1": "Q107863221", "Liudmila Matsiura": "Q5977321", "Drahom\u00edra Matznerov\u00e1": "Q11826277", "Petra Veenswijk": "Q55204840", "Chantal de Zeeuw": "Q115096969", "Anne Horsch": "Q565421", "Mami Sakato": "Q1888204", "Marlene Hinterberger": "Q1902017", "Ry\u014dko Morooka": "Q11632089", "Jelena Barszaj": "Q11724055", "Yuri Tachibana": "Q17160785", "Annam\u00e1ria Melczer": "Q22042952", "Maiko Kato": "Q24868048", "Yuka Ishimaru": "Q28690752", "Claude Nadeau": "Q31684974", "JoAnn Rice": "Q55233973", "Juliana Santner": "Q57168678", "Elisa Freixo": "Q57361830", "Anna Benediktsson": "Q61972055", "Anna Magn\u00fasd\u00f3ttir": "Q61972091", "Elin Gudmundsdottir": "Q61972312", "El\u00edn P\u00e1lsd\u00f3ttir": "Q61972330", "Elisabet Gudnadottir": "Q61972357", "Gudny Gudnadottir": "Q61972512", "Gu\u00f0r\u00fan": "Q61972550", "Gu\u00f0r\u00fan G\u00edslad\u00f3ttir": "Q61972582", "Gudrun Haflidadottir": "Q61972593", "Gu\u00f0r\u00fan Sigur\u00f0ard\u00f3ttir": "Q61972650", "Gu\u00f0r\u00fan Sk\u00falad\u00f3tti": "Q61972654", "Gudrun THorsteinsdottir": "Q61972670", "Halla Sigur\u00f0ard\u00f3ttir": "Q61972702", "Hanna Einarsd\u00f3ttir": "Q61972731", "Ingibjorg Gudmundsdottir": "Q61972910", "Krist\u00edn G\u00edslad\u00f3ttir": "Q61973121", "Kristin Gudmundsdottir": "Q61973125", "Krist\u00edn Kristj\u00e1nsd\u00f3ttir": "Q61973141", "Kristin Sigurdardottir": "Q61973157", "Olafia TH. Bjarnadottir": "Q61973414", "Ragnhildur G. P\u00e1lsd\u00f3ttir": "Q61973476", "Rannveig J\u00f3nsd\u00f3ttir": "Q61973493", "Regina Gudmundsdottir": "Q61973507", "Sigridur Einarsdottir": "Q61973571", "Sigridur Hallgrimsdottir": "Q61973598", "Sigridur Helgadottir": "Q61973603", "Sigridur Nordquist": "Q61973627", "Sigr\u00ed\u00f0ur P\u00e1lsd\u00f3ttir": "Q61973637", "Sig\u00fer\u00fa\u00f0ur P\u00e1lsd\u00f3ttir": "Q61973729", "Stefan\u00eda J\u00f3nsd\u00f3ttir": "Q61973779", "Steinunn Gudmundsdottir": "Q61973792", "Steinunn S. Thorarensen": "Q61973801", "Steinunn Sveinsd\u00f3ttir": "Q61973805", "Svafa THorleifsdottir": "Q61973817", "THorhildur THorsteinsdottir": "Q61973992", "Ivana Valotti": "Q62019505", "Mamie E. Williams": "Q65719423", "Mari Ohki": "Q66365120", "Maria Cecilia Farina": "Q71435103", "Bente Ibenfeldt": "Q81669682", "Stephanie A. Budwey": "Q83500316", "Anne Nissinen": "Q84792891", "Ann Leaf": "Q89603196", "Jutta Grimm": "Q95756354", "Lillian R. Bundy": "Q97672354", "Gabriela Rzechowska-Klauza": "Q98216130", "Marcelle Viala": "Q98829627", "Beverly A. Howard": "Q99671644", "Pauliina Hyry": "Q105729159", "Dianne M. McMullen": "Q106108983", "Kyujin Choi": "Q106271704", "Sarah Duffy": "Q106290442", "Rose J. Whitmore": "Q106293380", "Ahra Yoo": "Q106293615", "Maria Teresa Garatti": "Q106523288", "Frida \u00c5str\u00f6m": "Q106590252", "Abbey Hallberg Siegfried": "Q107554447", "Rachel Root": "Q107655116", "Rachel Washington": "Q108322941", "Rapha\u00eble Garreau de Labarre": "Q108951841", "Eiko Maria Yoshimura": "Q111577549", "Barbara Cornet": "Q112088556", "Jind\u0159i\u0161ka Hrne\u010dkov\u00e1": "Q112415152", "Shin-Young Lee": "Q113175501", "Liisa Aaltola": "Q113328613", "Lesley Jackson": "Q113510632", "Hedda Illy": "Q118337662", "Jana Marcinkov\u00e1 Smolov\u00e1": "Q120613515", "Anna Predmersk\u00e1-Z\u00farikov\u00e1": "Q121413174", "Jeanne Serv\u00eatre": "Q122766552", "Jolanda Molenaar": "Q123743028"}