{"Hedwig Lang": "Q61126073", "Karin Endsj\u00f8": "Q17057900", "Janny Minholts": "Q108554161", "Lia de Baat-Duine": "Q107556048", "Dorothea Agetle": "Q108322297", "Netty van der Krieke": "Q108526442", "Kathy Gregory Davies": "Q16745245", "Batia Shviki": "Q27990340", "Alevtina Elessina": "Q21639244", "Marcela Rizzotto": "Q26762630", "Nancy Olson": "Q19729339", "Polina Katsman": "Q108319256", "Daila Dameno": "Q114163556", "Mary Kogan": "Q47501705", "Hagar Zahavi": "Q121499638", "Sonja Tobiassen": "Q106493424", "Aki Taguchi": "Q23947966", "Ilanit Fridman": "Q121484789", "Olga Sokolov": "Q47501779", "Janaina Cunha": "Q23409699", "Gizele Maria Dias": "Q27267598", "Agnieszka Glemp-Etavard": "Q26505566", "Yuliya Chernoy": "Q47501793", "Line Damgaard": "Q16188260", "Laiana Rodrigues": "Q27267600", "Simona Shtouk Goren": "Q61749271", "Larisa Volik": "Q21092120", "Anastasiya Dobrovolski": "Q47501690", "Zhang Lijun": "Q96775177", "Sheila Hern\u00e1ndez": "Q12267374", "Brenda Ramaekers": "Q3151900", "Aiko Okazaki": "Q98735879", "Zhao Meiling": "Q96775131", "Tetyana Smyrnova": "Q4979410", "\u00c9milie Acquistapace": "Q113516220", "Jennifer Poist": "Q97572600", "Li Ting": "Q96608903", "Shir Kalmanovitz": "Q47501790", "\u041a\u043e\u0440\u0443\u043d\u0447\u0430\u043a \u042e\u043b\u0456\u044f \u0421\u0435\u0440\u0433\u0456\u0457\u0432\u043d\u0430": "Q67186127", "Wang Yanan": "Q96775137", "Marianne Buso": "Q26505652", "Marlaina Jaye Miller": "Q81445985", "Caroline Tabib": "Q27020224", "Shahar Milfelder": "Q126121256", "Yulia Gordiychuk": "Q121541575", "Airi Ike": "Q24869390", "Roni Ohayon": "Q108320478", "Aud Grundvik": "Q11959582", "Aud Jensen": "Q11959586", "Nurit Jacob": "Q29465658", "Ruth Massas": "Q64682589", "Christina Skandli": "Q76570363", "Desiree Allan": "Q76662955", "Dlanny Bagu": "Q76677382", "Barbara Chmielecka": "Q78514523", "Xufei Zhang": "Q96757910", "Bin Gong": "Q96776166", "Hongqin Lu": "Q96776184", "Maria Kalpakidou": "Q98381196", "Masako Yonezawa": "Q98515258", "Kim Ok-geum": "Q98704008", "Minette Wilson": "Q100332185", "Maria Albertina Cabral": "Q101072302", "Olga Pinto": "Q101072375", "Maria Helena Martins": "Q101093836", "Maria Melo": "Q101110238", "Em\u00edlia Costa": "Q101110403", "Eunice Raimundo": "Q101243881", "Wil Verschoor": "Q108600196", "Jeanne Backx-de Backer": "Q110040222", "Karen Casper": "Q110041216", "Mickey Strole": "Q110042113", "Elena-Marie Bey": "Q110042175", "Syd Jacobs": "Q110042197", "Beata Anderson": "Q110042250", "Gunilla Ahren": "Q114162632", "Janet Penn": "Q114162785", "Franciane Fischer": "Q114162797", "Evelyn Werner": "Q114162807", "Lana Jo Chapin": "Q114162901", "Eszbieta Dadok": "Q114163011", "Emiko Ikeda": "Q114163036", "Beate Salen": "Q114957467", "Elisabeth Dos-Kellner": "Q115114843", "Dagmar Vollmer": "Q115147114", "Stephanie Riche": "Q115158040", "Marilyn Hamilton": "Q115255736", "Cochava Fliter": "Q116821429", "Olivia Lane": "Q119544820", "Tikva Aharoni": "Q121294785", "Orna Grinberg": "Q121304451", "Ruth Botton Shmueli": "Q121539723", "Sivan Abravaya": "Q121617663", "Ester Tery": "Q121641204", "Rosa Kuhnel": "Q123530876", "Ilse Driessler": "Q123530883", "Rachel Shalom": "Q123558453", "Talia Eilat": "Q124313305", "Maayan Zikri": "Q128422109"}