{"Abdildina Raushan Zhabaykhanovna": "Q70251688", "Abigail Wernicki": "Q84512924", "Ada Lamacchia": "Q85765545", "Adriana Caparello": "Q93223849", "Adrianna Grabizna": "Q98228554", "Agnieszka Kaczmarek": "Q85133703", "Agnieszka Smrokowska-Reichmann": "Q56255604", "Agn\u00e8s Gayraud": "Q29820593", "Aiko \u014cgoshi": "Q11439268", "Airi Liimets": "Q16407619", "Aive Pevkur": "Q12358483", "Akiko Ikeda": "Q11551966", "Akiko Shimada": "Q11476834", "Akiko Tsukamoto": "Q11428491", "Alamanda": "Q19997670", "Alberta Rebaglia": "Q93230146", "Alda Kolodna": "Q97842971", "Aleksandra Derra": "Q60836041", "Aleksandra Gorjat\u0161ova": "Q55825864", "Alena Niyakowskaya": "Q28152554", "Alessandra Chiricosta": "Q93220058", "Alessandra Cislaghi": "Q93229686", "Alessandra Papa": "Q95747205", "Alessandra Tarabochia Canavero": "Q93237086", "Alexandra Gusetti": "Q34493606", "Alexandra Makowiak": "Q47494923", "Alexandra Roux": "Q42616398", "Alexandra Zinck": "Q57193218", "Alice Koubov\u00e1": "Q95168035", "Alice Poirier": "Q19629521", "Alicja Przy\u0142uska-Fiszer": "Q9148213", "Alina Komarova": "Q12111933", "Aline Lizotte": "Q15406979", "Alison E. Denham": "Q93221415", "Alma Sodnik": "Q18507814", "Amalia Bettini": "Q21542185", "Amalia Rosenbl\u00fcth": "Q101112434", "Amalie Svobodov\u00e1-Skokanov\u00e1": "Q95166092", "Amelia Podetti": "Q2842664", "Ana Azanza El\u00edo": "Q55990939", "Ana Caras": "Q59149909", "Ana Carrasco Conde": "Q19829582", "Ana Escr\u00edbar": "Q97657336", "Ana Honnacker": "Q95654053", "Ana Marta Gonz\u00e1lez": "Q46599985", "Ana Mart\u00ednez Aranc\u00f3n": "Q93435650", "Ana Mar\u00eda Leyra": "Q55500507", "Ana Mar\u00eda Mart\u00ednez de la Escalera": "Q5673930", "Ana Mar\u00eda Rabe": "Q50380065", "Ana Mar\u00eda Rivadeo": "Q30904167", "Ana Mat\u00edas Rend\u00f3n": "Q61773575", "Ana Trebe\u017enik": "Q12784499", "Anat Matar": "Q12410407", "Anca Gheaus": "Q101045327", "Anca Vasiliu": "Q63350471", "Andrea Christofidou": "Q87647604", "Andrea Kern": "Q494196", "Andrea Maihofer": "Q18018363", "Andrea Marlen Esser": "Q83564056", "Andrea Rehberg": "Q58505651", "Andrea Revueltas": "Q29530781", "Andrea Sakoparnig": "Q95657262", "Andrea Veltman": "Q59611077", "Andreja Inkret": "Q66305817", "Andrina Tonkli Komel": "Q29884509", "Angela Ales Bello": "Q3616741", "Angela Felicia Botez": "Q12720715", "Angela Ferraro": "Q99356096", "Angela Garz\u00f3n": "Q61872898", "Angela Standhartinger": "Q28778430", "Angelica Nuzzo": "Q93237575", "Angelika H\u00fcbscher": "Q94770058", "Ang\u00e8le Kremer-Marietti": "Q2849841", "Anindita N. Balslev": "Q65533970", "Anita Paz": "Q61727310", "Ann Margaret Sharp": "Q59626630", "Ann Meskens": "Q108324791", "Ann-Marie Holm-Nielsen": "Q56654324", "Anna Blume": "Q94774272", "Anna Calvera Sagu\u00e9": "Q65925006", "Anna Czajka": "Q560081", "Anna Gerasimova": "Q58204349", "Anna Greenspan": "Q99537549", "Anna Grzegorczyk": "Q85133687", "Anna Hogenov\u00e1": "Q10826327", "Anna Jani": "Q95186907", "Anna Jedynak": "Q9155250", "Anna Klimekov\u00e1": "Q50809876", "Anna Latawiec": "Q85859447", "Anna L\u00fcbbe": "Q61780091", "Anna Maciejewska-Jamroziak": "Q84562533", "Anna Maria Carassiti": "Q3617745", "Anna Marmodoro": "Q21254097", "Anna Pag\u00e8s Santacana": "Q60516965", "Anna Pia Viola": "Q93252392", "Anna Punsoda i Ricart": "Q22084526", "Anna Remi\u0161ov\u00e1": "Q12762393", "Anna Wycz\u00f3\u0142kowska": "Q58327304", "Anna Zeidler-Janiszewska": "Q11686292", "Anna Zielinska": "Q33091884", "Anna-Lena Die\u00dfelmann": "Q67481038", "Anna-Sofia Maurin": "Q4966478", "Annalisa Caputo": "Q93221359", "Annalisa Coliva": "Q90819069", "Annarosa Buttarelli": "Q52419615", "Anne Boissi\u00e8re": "Q95193189", "Anne Cauquelin": "Q2851009", "Anne Eusterschulte": "Q89041407", "Anne Fischer-Buck": "Q26263298", "Anne Merker": "Q60577921", "Anne Minas": "Q30605648", "Anne Reboul": "Q85616004", "Anne Reichold": "Q91088391", "Anne Sch\u00e4fer-Junker": "Q95190562", "Anne Siegetsleitner": "Q99198805", "Anne Sophie Meincke": "Q95208193", "Anne Staquet": "Q15406938", "Anne-Marie Drouin-Hans": "Q52283652", "Anne-Marie Moulin": "Q55623410", "Annegret Stopczyk-Pfundstein": "Q42947199", "Annemarie Pieper": "Q98785", "Annemarie Podlipny-Hehn": "Q101216", "Annette Schlemm": "Q26197467", "Annette Wittkau-Horgby": "Q93230949", "Annick Stevens": "Q60642312", "Annie Kraus": "Q94778052", "Annie Leclerc": "Q2851675", "Annika Nickenig": "Q95208048", "Annika Schlitte": "Q95200461", "Antoinette Kankindi": "Q28778002", "Antoinette Torres Soler": "Q50389978", "Antoinette Virieux-Reymond": "Q65115259", "Antonella Corradini": "Q93238926", "Antonella De Cieri": "Q42365460", "Antonella Moscati": "Q55948966", "Antonia Birnbaum": "Q15973685", "Antonia LoLordo": "Q93431133", "Antonie Dole\u017ealov\u00e1": "Q95446567", "Antonina Alberti": "Q66735135", "Antonina Kolodii": "Q12111678", "Anya Topolski": "Q93246961", "Arantza Campos Rubio": "Q50312556", "Ariane Kalfa": "Q2861196", "Ascensi\u00f3n Cambr\u00f3n Infante": "Q101248528", "Astrid Desbordes": "Q99067304", "Astrid E. Schwarz": "Q85414446", "Astrid Meyer-Schubert": "Q50164747", "Astrid Nettling": "Q95210013", "Asunci\u00f3n Oliva Portol\u00e9s": "Q60969959", "Audra-Kristina Zabulionite": "Q15066714", "Aura Wyle\u017cy\u0144ska": "Q17426547", "Avishag Zafrani": "Q95735377", "Ayala Gliksberg": "Q6899884", "Azahara Alonso G\u00f3mez": "Q100773937", "Baldine Saint Girons": "Q17350907", "Barbara Bleisch": "Q15432469", "Barbara Carnevali": "Q55628386", "Barbara Chyrowicz": "Q9165320", "Barbara Faes de Mottoni": "Q55620065", "Barbara Klein": "Q94735043", "Barbara Krawcowicz": "Q9165442", "Barbara Markiewicz": "Q9165492", "Barbara Muraca": "Q49228734", "Barbara Reiter": "Q108368073", "Barbara R\u00e4nsch-Trill": "Q61451376", "Barbara Stanosz": "Q11687372", "Barbara Stiegler": "Q61855659", "Barbara Strohschein": "Q807653", "Barbara Szotek": "Q97373615", "Barbara de Negroni": "Q47091827", "Barbara von Reibnitz": "Q807713", "Baukje Prins": "Q25426049", "Beata Borowicz-Sierocka": "Q9168017", "Beate Berwin": "Q93253389", "Beate Krickel": "Q88247395", "Beate Regina Suchla": "Q60558606", "Beate Ulrike La Sala": "Q95746942", "Beatrix Vogel": "Q26277932", "Begonya S\u00e0ez i Tajafuerce": "Q61831008", "Bella Szwarcman-Czarnota": "Q792460", "Benedetta Bisol": "Q95213730", "Bernadette Collenberg-Plotnikov": "Q63143532", "Bertha Stenzel": "Q93268006", "Bianca Cepollaro": "Q62057771", "Bindaice": "Q27553561", "Bindi Bennett": "Q81613304", "Birge Krondorfer": "Q95204547", "Birgit Apitzsch": "Q95202627", "Blanca Castilla de Cort\u00e1zar": "Q2917332", "Bla\u017eenka First": "Q65962974", "Bogdana Koljevi\u0107": "Q16082547", "Boison": "Q18643222", "Boles\u0142awa Duszy\u0144ska": "Q97343142", "Bonnie Kent": "Q16533303", "Brigitta Balogh": "Q95213580", "Brigitte Buchhammer": "Q20638646", "Brigitte E. S. Jansen": "Q916223", "Brigitte Tambrun": "Q100351279", "Brigitte Weisshauptov\u00e1": "Q12763537", "B\u00e4rbel Frischmann": "Q59590902", "B\u00e9la Bacs\u00f3": "Q788235", "B\u00e9r\u00e9nice Levet": "Q18692704", "Caitlin Smith Gilson": "Q95751221", "Camila Jourdan": "Q108761279", "Camilla Warnke": "Q76969068", "Carla Bagnoli": "Q93221409", "Carla Canullo": "Q62392917", "Carla Carmona": "Q53551280", "Carla Danani": "Q93233946", "Carla Gallicet Calvetti": "Q59630361", "Carmen Cozma": "Q96276386", "Carmen G\u00f6tz": "Q93220247", "Carmen Revilla Guzm\u00e1n": "Q69036686", "Carmen de Zulueta": "Q6405154", "Carola Freiin von Villiez": "Q21256292", "Carola Meier-Seethaler": "Q88381128", "Carole Maign\u00e9": "Q95748259", "Carole Talon-Hugon": "Q16536174", "Carole Widmaier": "Q95748818", "Carolina del Olmo": "Q47483186", "Caroline Guibet Lafaye": "Q29018239", "Caroline Schaffalitzky de Muckadell": "Q12305458", "Caroline Sommerfeld-Lethen": "Q42109737", "Carolyn Price": "Q61159578", "Catalina Maura i Pou": "Q11913238", "Catalina Pestana": "Q99803096", "Caterina Resta": "Q50296884", "Caterina Tarlazzi": "Q93258656", "Catherine Audard": "Q2941813", "Catherine Chalier": "Q2941854", "Catherine Chevalley": "Q2941857", "Catherine Colliot-Th\u00e9l\u00e8ne": "Q1050943", "Catherine Kintzler": "Q2941954", "Catherine K\u00f6nig-Pralong": "Q93240231", "Catherine Lord": "Q75240221", "Catherine Mills": "Q57987158", "Catherine Rioux": "Q99429628", "Cathrine Egeland": "Q11963286", "Catrin Misselhorn": "Q21268863", "Cecilia Motzo Dentice d'Accadia": "Q18224086", "Cecilia Muratori": "Q95201853", "Cecilia S\u00e1nchez": "Q55767734", "Cer\u00e8l\u00b7lia": "Q16188463", "Chana Safrai": "Q2580818", "Chantal Jaquet": "Q2956290", "Charlotte Horstmann": "Q95207074", "Charlotte Kogon": "Q95195250", "Chiara Bellini": "Q108156588", "Chiara Cantelli": "Q93222766", "Chiara Lalli": "Q20630343", "Chiara Saraceno": "Q3667511", "Chiara Zamboni": "Q95657144", "Chika Kinoshita": "Q27151230", "Chis Oliveira": "Q26268384", "Chisato Tanaka": "Q20041264", "Christa Berg": "Q28574331", "Christa Hackenesch": "Q1078074", "Christa Runtenberg": "Q79368340", "Christa S\u00fctterlin": "Q99039259", "Christel Fricke": "Q95190378", "Christiane Chauvir\u00e9": "Q2965750", "Christiane Tietz": "Q1082840", "Christiane Voss": "Q95207858", "Christin Waldenfels-Goes": "Q95191287", "Christina Aus der Au Heymann": "Q15893914", "Christina Sch\u00fces": "Q64825264", "Christine Abbt": "Q25816679", "Christine Bratu": "Q95920115", "Christine Chwaszcza": "Q68453395", "Christine Straehle": "Q90722715", "Christine Weckwerth": "Q20900770", "Cinzia Arruzza": "Q86865194", "Claire Foster": "Q93236622", "Claire Lucques": "Q55771873", "Claire Marin": "Q2367716", "Claire Pag\u00e8s": "Q46998089", "Claire Salomon-Bayet": "Q2975121", "Clara Elchibegashvili": "Q60868649", "Clarisse Zoulim": "Q46996106", "Claudia Bl\u00f6ser": "Q62060560", "Claudia Carbonell": "Q93230849", "Claudia Estela Vanney": "Q60595527", "Claudia Mancina": "Q65497737", "Claudia Mari\u00e9le Wulf": "Q93236684", "Claudia Melica": "Q95204449", "Claudia Navarini": "Q108810740", "Claudia d' Amico": "Q95756690", "Claudine Cohen": "Q2978467", "Clotilde Leguil": "Q15922044", "Cl\u00e9mence Ramnoux": "Q2980550", "Colleen McCluskey": "Q59610560", "Concha Rold\u00e1n": "Q55558033", "Constanze Peres": "Q87286740", "Cordelia Guzzo": "Q93248366", "Corine Besson": "Q25517645", "Corinna Burkhart": "Q73734284", "Corinna Mieth": "Q98071716", "Corinne Enaudeau": "Q542318", "Cornelia Th\u00e9venaz": "Q95190456", "Cornelia Wegeler": "Q95202438", "Corona Bamberg": "Q42899527", "Costanza Arato": "Q21543327", "Cristina Escofet": "Q60367219", "Cristina G\u00f3mez Baggethun": "Q92119108", "Cristina Salanitri": "Q108876494", "Cristina Santinelli": "Q93231040", "Cristina S\u00e1nchez": "Q55987307", "Cristina Viano": "Q93221005", "Cruz Gonz\u00e1lez Ayesta": "Q93241877", "Cvetka T\u00f3th": "Q18507851", "Cynthia Fleury": "Q3008802", "C\u00e9cile Renouard": "Q64686677", "C\u00e9line Denat": "Q86919380", "C\u00e9line Lafontaine": "Q55620918", "C\u00e9line Marty": "Q90115811", "C\u00e9line Spector": "Q93223584", "Daan Roovers": "Q62565594", "Dagmar Borchers": "Q79683592", "Dagmar Mirbach": "Q95196132", "Dagmar Pohle": "Q1157310", "Dagmar R\u00fddlov\u00e1": "Q95179965", "Daiva Tamosaityte": "Q25495696", "Dalia Marija Stan\u010dien\u0117": "Q12652200", "Dalila Pereira da Costa": "Q10263773", "Damaris Gehr": "Q95199114", "Dana Hor\u00e1kov\u00e1": "Q1159222", "Dana Kay Nelkin": "Q61158233", "Dana \u017d\u00e1\u010dkov\u00e1": "Q95153966", "Danica Sloukov\u00e1": "Q11774198", "Daniela Bailer-Jones": "Q67147160", "Daniela Calabr\u00f2": "Q108744036", "Daniela Camhy": "Q108540452", "Daniela Gromska": "Q9201494", "Daniela Luigia Caglioti": "Q43775783", "Danielle Lories": "Q55629814", "Danielle Moyse": "Q95187656", "Danuta Wajsprych": "Q86357869", "Danuta \u015al\u0119czek-Czakon": "Q97372436", "Darja Koc\u00e1bov\u00e1": "Q75089996", "Daysi Bregantini": "Q28473851", "Deborah Achtenberg": "Q58885228", "Deborah G. Johnson": "Q98681437", "Debra Bergoffen": "Q26999879", "Delia Steinberg Guzm\u00e1n": "Q5660809", "Delphine Antoine-Mahut": "Q68102751", "Delphine Kolesnik-Antoine": "Q95201891", "Demetria": "Q18643224", "Denisa Kera": "Q63930521", "Denise Lardner Carmody": "Q70059784", "Denise Le Dantec": "Q3023052", "Diana Arghiresco": "Q55722562", "Diana Cohen Agrest": "Q23907251", "Diana I P\u00e9rez": "Q88961968", "Dietlinde Schmalfu\u00df-Plicht": "Q95184770", "Dimitrina Petrova": "Q88193555", "Dina Emundts": "Q84315207", "Dominika Koz\u0142owska": "Q20029433", "Dominique Ottavi": "Q45101056", "Dominique Paquet": "Q28495472", "Donatella Pagliacci": "Q93221692", "Doris Becher-Hedenus": "Q95756838", "Dorit Barchana-Lorand": "Q95747135", "Doroteja Vodnik Pegam": "Q19937718", "Dorothea Schneider": "Q95660876", "Dulce Mar\u00eda Granja Castro": "Q93431008", "D\u00e9borah Danowski": "Q93259262", "Edda Ducci": "Q3718907", "Edita Marie Mendelov\u00e1": "Q15712536", "Edita Rydhag": "Q95152314", "Edith Landmann": "Q1285049", "Edith Schiele": "Q55882442", "Edwige Chirouter": "Q29048110", "Eiko Hanaoka": "Q11615325", "Ekaterina Dais": "Q4154085", "Ekaterina Shorohova": "Q89194849", "Elena Casetta": "Q94476592", "Elena Castellani": "Q64415990", "Elena Ficara": "Q93222386", "Elena Gagliasso": "Q108763997", "Elena Laurenzi": "Q93223902", "Elena Louisa Lange": "Q95207600", "Elena Martinez Rubio": "Q57659862", "Elena Modrzhinskaya": "Q4299442", "Elena Nikolayevna Viktoruk": "Q15064978", "Elena P. Ostrovskaya": "Q62713611", "Elena Pasquinelli": "Q47297207", "Elena Pe\u010dari\u010d": "Q65681287", "Elena Postigo Solana": "Q75129263", "Elena Pulcini": "Q1327911", "Elena Tavani": "Q108764493", "Elena V\u00e1rossov\u00e1": "Q12765276", "Eleonora Missana": "Q93222463", "Elfie S. Raymond": "Q94776449", "Elfriede Huber-Abrahamowicz": "Q27043316", "Elfriede Kreuzeder": "Q51880225", "Elga Freiberga": "Q50378586", "Elisa Oberti": "Q93268536", "Elisabeth Feist Hirsch": "Q93248051", "Elisabeth Grahl-Schulze": "Q95207187", "Elisabeth List": "Q51886092", "Elisabeth Nemeth": "Q64827744", "Elisabeth Paquette": "Q100428034", "Elisabeth Sch\u00e4fer": "Q62912213", "Elisabeth Weisser-Lohmann": "Q63143541", "Elisabeth von Samsonow": "Q1330485", "Elizabeth Asmis": "Q68901083", "Elizabeth G. Salmon": "Q65013128", "Elizabeth Hamilton": "Q19325545", "Elizabeth Lane Beardsley": "Q16404662", "Elizabeth Telfer": "Q63977127", "Elke Uhl": "Q95657915", "Ella Buceniece": "Q21993485", "Ellen K Feder": "Q95974933", "Ellen T. Armour": "Q83432379", "Elli Heesch": "Q94775663", "Elma Kohlmeyer de Estrabou": "Q16492568", "Elna A. Orlova": "Q84720819", "Elsa Cecilia Frost": "Q5830003", "Elsa Godart": "Q3051719", "Elsbeth Michel": "Q97066024", "Else Voigtl\u00e4nder": "Q23011973", "Else Wentscher": "Q15447239", "Elza Ku\u010dera": "Q58070470", "El\u017cbieta Jung": "Q11696748", "El\u017cbieta Pietruska-Madej": "Q9253235", "El\u017cbieta Wolicka-Wolszleger": "Q16334977", "Emilia Giancotti Boscherini": "Q59626741", "Emilia Nobile": "Q28550548", "Emily C Parke": "Q91402999", "Emma Curvers": "Q62913573", "Emma Godoy": "Q5831491", "Emy Beseghi": "Q108125118", "Encarnaci\u00f3n Fern\u00e1ndez Ruiz-G\u00e1lvez": "Q27068095", "Erika Lazarova": "Q95657231", "Erika Vonkov\u00e1": "Q95153350", "Erna Seeberger-Sturzenegger": "Q1339537", "Erotion": "Q18643216", "Estelle Ferrarese": "Q68103974", "Ester Jordana Lluch": "Q74799140", "Esther D\u00edaz": "Q5849381", "Esther Elisabeth de Waldkirch": "Q78074497", "Esther Starobinski-Safran": "Q93248979", "Eul\u00e0lia Bosch": "Q19290615", "Eur\u00eddice caba\u00f1es": "Q23011837", "Eva Buddeberg": "Q66124780", "Eva Chkoidze": "Q59712845", "Eva Dolar Bahovec": "Q22686540", "Eva Form\u00e1nkov\u00e1": "Q77959306", "Eva Johansone": "Q51397031", "Eva Meijer": "Q28860673", "Eva Meyer": "Q47450612", "Eva Nordentoft": "Q94735084", "Eva Piirim\u00e4e": "Q16403422", "Eva Tomandlov\u00e1": "Q95136085", "Eva Waniek": "Q101112935", "Eva Weber-Guskar": "Q92609044", "Eva von Redecker": "Q99481169", "Evdokia Peteva-Filova": "Q12279395", "Eve-Marie Engels": "Q1381574", "Evelin E. Klein": "Q94534591", "Evelina Krieger": "Q97065833", "Eveline Nikkels": "Q95198944", "Evelleen Richards": "Q69627492", "Evelyne M\u00e9ron": "Q95209930", "Ewa Agnieszka Lekka-Kowalik": "Q85132955", "Ewa Anna Nowak": "Q97164593", "Ewa Bi\u0144czyk": "Q60835375", "Ewa Rewers": "Q85133671", "Ewa Sowa": "Q9256851", "Fatima La\u010devi\u0107": "Q17998394", "Fatima bint al-Muthanna": "Q3067231", "Fatima from Cordoba": "Q47711811", "Fatma Haddad-Chamakhov\u00e1": "Q13408837", "Federica Buongiorno": "Q87401105", "Federica Montevecchi": "Q24335417", "Felice Alderisio": "Q93250271", "Felicja Czerniak\u00f3w": "Q9258471", "Fina Birul\u00e9s": "Q19290780", "Fiorella Magnano": "Q87401108", "Fiorinda Li Vigni": "Q93221439", "Florence Burgat": "Q3073947", "Florence Salvetti": "Q95205254", "Florinda Cambria": "Q82264262", "Frances Coppola": "Q87396703", "Francesca Brezzi": "Q62393297", "Francesca Menegoni": "Q93232627", "Francesca Minerva": "Q48318498", "Francesca Rigotti": "Q50359769", "Francesca Rivetti Barb\u00f2": "Q91413113", "Francine Markovits": "Q87400559", "Franciszka Merlan": "Q95683929", "Franziska Herzfeld": "Q95648786", "Fran\u00e7oise Armengaud": "Q17370648", "Fran\u00e7oise Bonardel": "Q3086410", "Fran\u00e7oise Caujolle-Zaslawsky": "Q100165245", "Fran\u00e7oise Gange": "Q3086488", "Fran\u00e7oise Proust": "Q47118623", "Frauke Rostalski": "Q64859767", "Friederike Schmitz": "Q64605746", "Frisbee Sheffield": "Q87257063", "Fulvia De Luise": "Q87400367", "Fumi Sakaguchi": "Q17158650", "Fumi Takahashi": "Q30609056", "F\u00e1tima Regina Rodrigues \u00c9vora": "Q83657464", "Gabriela Besler": "Q86536846", "Gabriela Kurylewicz": "Q9265175", "Gabriele Galluzzo": "Q99367335", "Gabriele Lautenschl\u00e4ger": "Q1339586", "Gabriella Caramore": "Q3756725", "Galina Antonova": "Q4067412", "Gayatri Wedotami": "Q96180447", "Ga\u00ebtane Lamarche-Vadel": "Q21634521", "Genese Grill": "Q95213877", "Genevi\u00e8ve Clancy": "Q3100617", "Genevi\u00e8ve Rodis-Lewis": "Q3100689", "Genoveva Mart\u00ed": "Q21260110", "Gerda Walther": "Q3760989", "Gerda von Bredow": "Q59628921", "Germaine Goblot": "Q3104184", "Germana Ernst": "Q98768350", "Gertrud Jung": "Q88389334", "Gertrud Kahl-Furthmann": "Q94747511", "Gertrud Simmel": "Q11860443", "Gertrude Hirsch Hadorn": "Q64167596", "Gertrudis Van de Vijver": "Q95748345", "Giorgia Salatiello": "Q87400726", "Giovanna Costanzo": "Q109061766", "Giovanna Grignaffini": "Q28966650", "Gisela Kittel": "Q6490687", "Gis\u00e8le Brelet": "Q17232025", "Giulia Caminito": "Q61666799", "Giuseppa Saccaro Del Buffa": "Q107362146", "Giusi Strummiello": "Q93260878", "Gloria Germani": "Q55282306", "Gloria Zea": "Q2918417", "Godeleine Lafargue": "Q71690600", "Grace Neal Dolson": "Q18910969", "Graciela Hierro": "Q23028040", "Gudrun K\u00fchne-Bertram": "Q93236959", "Guillermina Garmendia": "Q56248090", "Gwendoline Jarczyk": "Q29509419", "G\u00e9raldine Mosna-Savoye": "Q94734638", "G\u00e9raldine Roux": "Q64008135", "G\u00fclm\u012bra Shalabaeva": "Q12539770", "Halina Rarot": "Q67173488", "Halina Sosnowska": "Q16556848", "Halina Walentowicz": "Q9285475", "Halina Wistuba": "Q62100838", "Hana Dobi\u00e1\u0161ov\u00e1": "Q95397649", "Hana Filov\u00e1": "Q95168653", "Hana Havelkov\u00e1": "Q87409466", "Hana Samard\u017eija": "Q101011425", "Hanna Buczy\u0144ska-Garewicz": "Q9285945", "Hanna Chmil": "Q4516961", "Hanna Delf von Wolzogen": "Q88011554", "Hanna Gekle": "Q95212632", "Hanna Makurat": "Q29413723", "Hanne Andrea Kraugerud": "Q11973915", "Hanne De Jaegher": "Q37375635", "Hannelis Schulte": "Q1575841", "Hannelore Schroeder": "Q57269596", "Hasana Sharp": "Q95658281", "Hasmik Hovhannisyan": "Q88212947", "Hedeia": "Q18643214", "Hedwig Rossi": "Q26090098", "Hedwig Wingler": "Q95211744", "Heidemarie Bennent-Vahle": "Q15858589", "Heidi Liehu": "Q11861794", "Heike Bungert": "Q21260955", "Heike Flemming": "Q95198648", "Heike Omerzu": "Q1594558", "Heleen Pott": "Q46822981", "Helen Petrovsky": "Q4361145", "Helena Chroustov\u00e1": "Q95175009", "Helena De Preester": "Q55232817", "Helena Eilstein": "Q11708812", "Helena Havlasov\u00e1-Partajov\u00e1": "Q95174876", "Helena Ha\u0161kovcov\u00e1": "Q12019410", "Helena Hirata": "Q18462368", "Helena Kozakiewicz": "Q9287361", "Helena Mandysov\u00e1": "Q95177238", "Helena Motoh": "Q18507918", "Helene Weiss": "Q28321380", "Helga Kuhnert": "Q95184255", "Helgard Mahrdt": "Q11974767", "Herlinde Pauer-Studer": "Q1610143", "Hermine Weigelt": "Q95208245", "Herta Nagl-Docekal": "Q1614625", "Hilda Pechowicz": "Q100759805", "Hildegard Geimer": "Q95656901", "Hildegard Gosebrink": "Q1399541", "Hildegard Schenck": "Q94776488", "Hilppa Kinos": "Q17381663", "Hiroko Sakamoto": "Q21699746", "Hiroko Sugita": "Q11522299", "Hisako Nagakura": "Q11651505", "Hoo Nam Seelmann": "Q95210651", "Hourya Bentouhami": "Q47091961", "Hubertus G. Hubbeling": "Q2621333", "Huguette Court\u00e8s": "Q88549276", "H\u00e9l\u00e8ne L'Heuillet": "Q3144791", "H\u00e9l\u00e8ne Van Camp": "Q93231830", "Ida Dominijanni": "Q3791737", "Ida Hallgren": "Q98296714", "Idoya Zorroza": "Q88539312", "Ieva Lapinska": "Q50378581", "Ignacija Fridl Jarc": "Q97624665", "Ija Lazari-Paw\u0142owska": "Q678060", "Ilse Bulhof": "Q28018949", "Ilse Doehl": "Q95196427", "Ilse Sch\u00fctz-Buenaventura": "Q5914075", "Imelda Ch\u0142odna-B\u0142ach": "Q85861875", "Ina Paul-Horn": "Q95202363", "Ines Testoni": "Q61227507", "Inga R\u00f6mer": "Q57829823", "Ingeborg Gleichauf": "Q1662885", "Ingeborg Sch\u00fc\u00dfler": "Q85844204", "Ingetrud Pape": "Q94747563", "Ingrid Albrecht": "Q31278447", "Ingrid Craemer-Ruegenberg": "Q85702983", "Ingtraud G\u00f6rland": "Q93260494", "Inka Kording": "Q95206162", "Inna Nikolaevna Titarenko": "Q28664555", "Iolanda Poma": "Q93229685", "Irena Dubsk\u00e1": "Q1672465", "Irena Kro\u0144ska": "Q23943932", "Irena S\u0142o\u0144ska": "Q8865086", "Irena \u0160nebergov\u00e1": "Q95179586", "Irene Kajon": "Q61151981", "Irina Dobronravova": "Q12101534", "Irina Predborska": "Q12143798", "Iris D\u00e4rmann": "Q17322472", "Irmgard Gindl": "Q101086318", "Irmgard-Maria Piske": "Q93233944", "Iryna Dubianieckaja": "Q6460149", "Iryna Viktorivna Bohachevska": "Q55361598", "Ir\u00e8ne Fernandez": "Q96761155", "Ir\u00e8ne Rosier-Catach": "Q3154659", "Isabella Guanzini": "Q60193223", "Isabella Pezzini": "Q47491736", "Isabelle Aubert": "Q68102885", "Isabelle Bochet": "Q93242230", "Isabelle Mandrella": "Q60852361", "Isabelle Peschard": "Q100942592", "Isabelle Pr\u00eatre": "Q74418890", "Isabelle Raviolo": "Q47126465", "Isolde Charim": "Q50535619", "Isolde Karle": "Q2732144", "Iva Dra\u0161ki\u0107 Vi\u0107anovi\u0107": "Q29298733", "Ivana Komanick\u00e1": "Q19268034", "Ivanka Apostolova": "Q20499227", "Izabela Jurasz": "Q93222665", "Izabela Nowak": "Q66828307", "Izabella Gy\u00f6rgyjakab": "Q12349617", "Izar Agirresarobe": "Q86853800", "Izydora D\u0105mbska": "Q11714979", "Ja-kyung": "Q19349854", "Jaana Eigi": "Q56820450", "Jacqueline Broad": "Q57421244", "Jacqueline Genot-Bismuth": "Q3157729", "Jacqueline Held": "Q3157737", "Jacqueline Lagr\u00e9e": "Q93223125", "Jacqueline Laing": "Q16731168", "Jacqueline Russ": "Q3157797", "Jadwiga Mizi\u0144ska": "Q11715934", "Jagna Dankowska": "Q58003245", "Jana Balazova": "Q13419791", "Jana Miedzgov\u00e1": "Q12767804", "Jana Novoz\u00e1msk\u00e1": "Q95364479", "Jana Ren\u00e9e Friesov\u00e1": "Q95166706", "Jane Flax": "Q44600589", "Janie P\u00e9labay": "Q55723996", "Janina Gajda-Krynicka": "Q11719800", "Janina Kotarbi\u0144ska": "Q11719826", "Janneke de Bijl": "Q68725263", "Jaroslava Pe\u0161kov\u00e1": "Q95364649", "Jaroslava Schlegelov\u00e1": "Q95230989", "Jean De Groot": "Q67168526", "Jeanette Emt": "Q4946660", "Jeanette Kennett": "Q80508188", "Jeanine Solotareff": "Q3175911", "Jeanne Burgart Goutal": "Q99435820", "Jeanne Delhomme": "Q55949488", "Jeanne Marie Gagnebin": "Q16940339", "Jeanne Parain-Vial": "Q3176138", "Jeanne Peijnenburg": "Q87056681", "Jeanne Wyttenbach": "Q15491153", "Jeanne van den Bergh van Eysinga-Elias": "Q60029190", "Jeannine Quillet": "Q59527938", "Jelena Berberovi\u0107": "Q17997253", "Jennifer Radden": "Q93287577", "Jessica Dawn Moss": "Q93222569", "Jessica Heesen": "Q68085540", "Ji\u0159ina Popelov\u00e1": "Q12025009", "Ji\u0159ina Stachov\u00e1": "Q95376671", "Jo Ann Boydston": "Q59628068", "Joana Serrado": "Q10307019", "Joanna G\u00f3rnicka-Kalinowska": "Q60981269", "Joanna Hodge": "Q87211091", "Joanna Michalik": "Q11727462", "Joanna North": "Q31276846", "Joanna Usakiewicz": "Q85132764", "Johana Bronkov\u00e1": "Q95479087", "Johanna Christine Janowski": "Q1083612", "Johanna Seibt": "Q94735592", "Joke Johannetta Hermsen": "Q1928535", "Jolana Pol\u00e1kov\u00e1": "Q12025813", "Jolanta Brach-Czaina": "Q11728047", "Jole Agrimi": "Q55626733", "Jonna Bornemark": "Q18923363", "Josefa Mutg\u00e9 Vives": "Q95750275", "Josiane Boulad-Ayoub": "Q3186051", "Jo\u00eblle Hansel": "Q95201654", "Jo\u00eblle Proust": "Q21263372", "Jo\u00eblle Zask": "Q3187523", "Judith Fischer": "Q95190823", "Judith Siegmund": "Q29422980", "Judith Simon": "Q53181381", "Judith Suissa": "Q98088238", "Judith Wolfe": "Q95187032", "Jule Goikoetxea Mentxaka": "Q21573223", "Julia Christ": "Q41223536", "Julia Lai Po-Wah Tao": "Q93241094", "Julia Peters": "Q95201583", "Julia Wiele\u017cy\u0144ska": "Q7945956", "Julia de Fun\u00e8s": "Q62829112", "Juliana Bidadanure": "Q67941690", "Julie Kassowitz": "Q98348850", "Juliette Grange": "Q46995879", "Juliette Roussin": "Q46998120", "Julka Chlapec-\u0110or\u0111evi\u0107": "Q20438240", "Junko Hamada": "Q30926684", "Justyna Kroczak": "Q97482825", "J\u00e8ssica Jaques Pi": "Q54877422", "J\u016brat\u0117 Baranova": "Q16454702", "J\u016brat\u0117 Mork\u016bnien\u0117": "Q12659013", "Kadri Simm": "Q16404872", "Kadriya-Ulker Salimova": "Q4405825", "Kaja Melsom": "Q55226266", "Karen Joisten": "Q55116662", "Karen Ng": "Q83389845", "Karla Mertens": "Q95207993", "Karolina M. Cern": "Q97370595", "Katalin Neumer": "Q59531773", "Katalin Szeg\u0151": "Q12350557", "Katalin Vidr\u00e1nyi": "Q56390010", "Katarina Petrovi\u0107ov\u00e1": "Q95441431", "Katarzyna Polus-Rogalska": "Q91589269", "Katarzyna St\u0119pie\u0144": "Q84405310", "Kate Larson": "Q65563196", "Katharina Ceming": "Q1735877", "Katharina Comoth": "Q1294816", "Katharina Kanthack": "Q93267596", "Katharina Nieswandt": "Q95696716", "Katharine J. Schweitzer": "Q63969569", "Kathinka Evers": "Q23646413", "Kathleen Okruhlik": "Q93233005", "Kathryn Pyne Addelson": "Q100359901", "Katia Hac\u00e8ne": "Q19631410", "Kati\u00fascia Ribeiro": "Q99044805", "Katja Crone": "Q95750231", "Katja Maria Vogt": "Q98456473", "Katja Rodenburg": "Q60817956", "Katrien Schaubroeck": "Q99422891", "Katrin Velbaum": "Q17447145", "Katrin Wille": "Q81967974", "Kelahai": "Q57833045", "Kev\u00e4t Nousiainen": "Q5396190", "Ki Ageng Suryomentaram": "Q19746044", "Kica Bard\u0302ieva Kolbe": "Q65295961", "Kikuchi Ry\u014dju": "Q6605237", "Kim Atkins": "Q31277398", "Kinga Kiwa\u0142a": "Q86249213", "Kiriaki Orpinel": "Q62995720", "Kirsten Gerland": "Q95193081", "Klara Ajybekova": "Q13165522", "Konul Bunyadzade": "Q129825", "Kristell Trego": "Q93231414", "Kristie Dotson": "Q57756823", "Kristie Miller": "Q25517997", "Kristin Voigt": "Q59156285", "Kristina Mitalait\u00e9": "Q99197258", "Kristina Rolin": "Q16990164", "Kristina Simona Montagov\u00e1": "Q95171488", "Krystyna Starczewska": "Q11748779", "Krystyna Zamiara": "Q11748804", "Krzysia G\u00f3rniak": "Q11749046", "Ksenia Abulkhanova": "Q15063888", "K\u00e4the Steinhardt": "Q101112654", "Laine Kadakas": "Q16405489", "Lajla Rolstad": "Q16904402", "Lana Zdravkovi\u0107": "Q65924067", "Lara Huber": "Q1805852", "Larysa Vitali\u0457vna Didenko": "Q20066846", "Laura Ben\u00edtez Grobet": "Q42904678", "Laura Boella": "Q3827738", "Laura Campanello": "Q108586107", "Laura Candiotto": "Q93244387", "Laura Cremonesi": "Q93231424", "Laura Grimm": "Q39997137", "Laura Llevadot": "Q23900965", "Laura Maria Castelli": "Q93237909", "Laura Odello": "Q93242581", "Laura Palazzani": "Q3827823", "Laura Selva Carugati": "Q60580796", "Laura Tundo": "Q93221370", "Laura Valentini": "Q108679762", "Laura Weigel": "Q95702564", "Laurence Devillairs": "Q93242197", "Laurence Vanin": "Q3218946", "Lea Kuhar": "Q65097717", "Leena L\u00f6fstedt": "Q51274356", "Leena Vilkka": "Q11875260", "Lenka Adamov\u00e1": "Q95147047", "Lenka Ho\u0159\u00ednkov\u00e1 Kou\u0159ilov\u00e1": "Q95440536", "Lenka Karf\u00edkov\u00e1": "Q4216319", "Lenore Ripke-K\u00fchn": "Q23059679", "Leonarda Jekentait\u0117-Kuzmickien\u0117": "Q12662849", "Lia Formigari": "Q55941241", "Lidiya Denkova": "Q12284872", "Liisi Keedus": "Q95200135", "Lili Zhang": "Q95751661", "Liliana Albertazzi": "Q59914519", "Liliana Cacialli": "Q63241414", "Lilianna Kiejzik": "Q11756809", "Lina Tumanova": "Q4160163", "Linda M. Napolitano": "Q61480844", "Lisa A. Eckenwiler": "Q93221986", "Lisa Folkmarson K\u00e4ll": "Q27514235", "Lise Haddad": "Q95658191", "Lisz Hirn": "Q92757225", "Liudmyla Fylypovych": "Q55401530", "Liz Stillwaggon Swan": "Q93222875", "Lizelle Reymond": "Q3257325", "Lola Ca\u00f1amero": "Q24666807", "Lotte Jensen": "Q21264240", "Louise Crowther": "Q95756849", "Louise Reich": "Q101112414", "Louise Richardson-Self": "Q55190135", "Louise de Craene-Van Duuren": "Q66793567", "Lourdes Flamarique": "Q99774852", "Lourdes Vel\u00e1zquez Gonz\u00e1lez": "Q78419336", "Lu Jiang": "Q95210645", "Lubica Gabri\u0161kov\u00e1": "Q95108200", "Lucia Abignente": "Q93237928", "Lucia Duncan Pychowska": "Q98642688", "Lucia Lumbelli": "Q65953046", "Lucia Scherzberg": "Q1805056", "Lucia Urbani Ulivi": "Q94249079", "Luciana Cadahia": "Q65048687", "Luciana Pepi": "Q93241152", "Lucie \u0160arkadyov\u00e1": "Q95094804", "Lucyna Wi\u015bniewska-Rutkowska": "Q65161015", "Ludwika Dobrzy\u0144ska-Rybicka": "Q11764020", "Luigia Tincani": "Q3840303", "Luigina Mortari": "Q19357743", "Luisa Bonesio": "Q50296874", "Luisa Muraro": "Q1769200", "Luisa Posada Kubissa": "Q18689578", "Luise Meier": "Q79915132", "Luisella Battaglia": "Q93252408", "Luz Garc\u00eda Alonso": "Q46724246", "Lydia Jaeger": "Q42721784", "Lydie Adolphe": "Q96049735", "Lyudmila Bueva": "Q4098279", "Lyudmila Grigoryeva": "Q4149348", "L\u00e9a Veinstein": "Q65944663", "L\u00e9na Soler": "Q251802", "Madeleine Barth\u00e9lemy-Madaule": "Q55687338", "Madrona Clarina i Colomer": "Q11934540", "Magali Bessone": "Q38225619", "Magda Polo Pujadas": "Q28552607", "Magdalena Bl\u00e1hov\u00e1": "Q95167672", "Magdalena Bosch": "Q53549024", "Magdalena Kasch": "Q94777557", "Magdalena Kone\u010dn\u00e1": "Q95233913", "Magdalena M. Baran": "Q97372951", "Magdalena Orlinska": "Q19268689", "Magdalena Rialp": "Q11934552", "Magdalena Zi\u0119tek-Wielomska": "Q76975924", "Magdalene Treulieb": "Q94754763", "Maija K\u016ble": "Q16363027", "Maija-Riitta Ollila": "Q5486620", "Maite Larrauri G\u00f3mez": "Q61974087", "Maja Mil\u010dinski": "Q12795447", "Maja Wicki-Vogt": "Q27588525", "Makiko Miyano": "Q98759095", "Malene Trock Hempler": "Q41776799", "Malu Jimenez": "Q100347499", "Mammarion": "Q18643212", "Manola Antonioli": "Q3286412", "Manuela L\u00f3pez Marcos": "Q55687936", "Manuela Pallotto Strickland": "Q57737333", "Mara Beller": "Q6652694", "Marcela Sedl\u00e1\u010dkov\u00e1": "Q95152947", "Marcella Serafini": "Q87405023", "Marcia Morgan": "Q100939186", "Margarete Eberhardt": "Q15431660", "Margarete Schmid": "Q51908418", "Margarita Schultz": "Q95673008", "Margherita Isnardi Parente": "Q1895253", "Margit Techert": "Q1317431", "Margot Fleischer": "Q93262152", "Marguerite Deslauriers": "Q93232920", "Marguerite L\u00e9na": "Q3290713", "Mari Mikkola": "Q47542093", "Maria Adelaide Raschini": "Q17285369", "Maria Ang\u00e9lica Arteaga Lyon": "Q95192558", "Maria Bartels": "Q30504370", "Maria Bettetini": "Q15452338", "Maria C. Donad\u00edo Maggi de Gandolfi": "Q64485287", "Maria Carmen Pardo Salgado": "Q24287224", "Maria Cec\u00edlia Gomes dos Reis": "Q16940739", "Maria Cristina Amoretti": "Q93228801", "Maria Cristina D'Alfino": "Q108867377", "Maria C\u00e2ndida da Costa Reis Monteiro Pacheco": "Q93240580", "Maria Dimitrova": "Q63388937", "Maria E Kronfeldner": "Q84765296", "Maria E. Reicher": "Q95205058", "Maria Elena Reina": "Q67203072", "Maria Filomena Molder": "Q29592659", "Maria Francesca Carnea": "Q93241610", "Maria Giovanna Noccelli": "Q93229965", "Maria Giovanna Sittignani": "Q77248554", "Maria Go\u0142aszewska": "Q11768869", "Maria Jo\u00e3o Castelbranco da Silveira": "Q89784632", "Maria Kostyszak": "Q85134181", "Maria Lasonen-Aarnio": "Q47502575", "Maria Luisa Martini": "Q61477586", "Maria Lu\u00edsa Ribeiro Ferreira": "Q95206698", "Maria Mach": "Q24649701", "Maria N\u00fchlen": "Q95210074", "Maria Otto": "Q1880750", "Maria Petrosyan": "Q20509556", "Maria Raich": "Q95191630", "Maria Reichenbach": "Q94735450", "Maria Teresa Pansera": "Q87400625", "Maria Teresa Ricci": "Q15407373", "Maria Teresa Russo": "Q87400719", "Maria Turchetto": "Q94139172", "Maria Virnich": "Q94754501", "Maria Wodzy\u0144ska-Walicka": "Q11769231", "Maria van der Schaar": "Q108858460", "Maria-Cristina Pitassi": "Q17580341", "Mariacarla Gadebusch Bondio": "Q95199227", "Mariana Bern\u00e1rdez Zapata": "Q42904667", "Mariangela Caporale": "Q87401537", "Mariangela Priarolo": "Q108934231", "Marianna Oravcov\u00e1": "Q13441110", "Marianne Vahl": "Q17113447", "Mariapaola Fimiani": "Q3291402", "Mariateresa Fumagalli Beonio Brocchieri": "Q61063766", "Marie Bayerov\u00e1": "Q1897244", "Marie Benediktov\u00e1": "Q95466561", "Marie Gaille": "Q41704961", "Marie Leca-Tsiomis": "Q42295098", "Marie Luise Knott": "Q1897427", "Marie Monnet": "Q42318711", "Marie Robert": "Q55598542", "Marie-Andr\u00e9e Ricard": "Q55721952", "Marie-Anne Vannier": "Q16663017", "Marie-Charline Pacquot": "Q48000843", "Marie-Claude Blais": "Q41167113", "Marie-Dominique Popelard": "Q18222032", "Marie-Fran\u00e7oise Hiroux": "Q95184953", "Marie-Fran\u00e7oise Vieuille": "Q93220740", "Marie-Fr\u00e9d\u00e9rique Pellegrin": "Q89589031", "Marie-H\u00e9l\u00e8ne Brousse": "Q24887691", "Marie-H\u00e9l\u00e8ne Parizeau": "Q20933558", "Marie-Jos\u00e9 Mondzain": "Q530010", "Marie-Line Laplante": "Q60835462", "Marie-Luise Haase": "Q99774916", "Marie-Luise Heuser": "Q1897183", "Marie-Madeleine Davy": "Q3292112", "Marie-Pierre de Coss\u00e9 Brissac": "Q33110517", "Mariele Nientied": "Q93237130", "Mariflor Aguilar Rivero": "Q17154990", "Marija Brida": "Q42529271", "Marija Selak Raspudi\u0107": "Q61062198", "Marija \u0160vajncer": "Q18627772", "Marina Calloni": "Q93237689", "Marina Carnogurska": "Q12771044", "Marina Lalatta Costerbosa": "Q93224837", "Marina Rugelj": "Q12795796", "Marina Terragni": "Q58233465", "Marinella Perroni": "Q87400652", "Marion Bernard": "Q42309707", "Marion Heinz": "Q15916816", "Marion Soreth": "Q94804394", "Mariya Kozlova": "Q18002990", "Marjan Slob": "Q30131416", "Marjolaine Pierre": "Q41555691", "Marjolein Oele": "Q89894776", "Mark\u00e9ta Pravdov\u00e1": "Q29598539", "Marlene Mies": "Q95700744", "Marli Huijer": "Q2050967", "Marlies de Munck": "Q97384440", "Marly Bulc\u00e3o": "Q3294471", "Marta Cruells L\u00f3pez": "Q99587089", "Marta Davouze": "Q22678776", "Marta Fattori": "Q93241875", "Marta Soniewicka": "Q63108697", "Marta Spranzi": "Q51175853", "Marta Tafalla": "Q24042295", "Martha Otte": "Q17106385", "Martha Palacio Avenda\u00f1o": "Q50769687", "Martina Elisabeth Thom": "Q38905492", "Martina Reuter": "Q85989981", "Martina Roesner": "Q96070013", "Martina Schmidhuber": "Q99588356", "Martine B\u00e9land": "Q55721899", "Martine Groult": "Q58821366", "Martine Leibovici": "Q46219880", "Maru\u0161a Nardoni": "Q65300580", "Mary Beth Ingham": "Q64626502", "Mary F. Rousseau": "Q65014364", "Mar\u00eda Antonia Gonz\u00e1lez Valerio": "Q16956597", "Mar\u00eda Cerezo": "Q90542501", "Mar\u00eda Graciela de Ort\u00fazar": "Q108544335", "Mar\u00eda Jes\u00fas Soto-Bruna": "Q93230219", "Mar\u00eda Jos\u00e9 Salvador Rubert": "Q17036734", "Mar\u00eda Luisa Femen\u00edas": "Q28870249", "Mar\u00eda Luz Pintos Pe\u00f1aranda": "Q83638924", "Mar\u00eda P\u00eda Lara": "Q93428033", "Mar\u00eda Rosa Palaz\u00f3n Mayoral": "Q55229047", "Mar\u00eda Soledad Escalante": "Q95746965", "Mar\u00eda Xos\u00e9 Agra Romero": "Q21816263", "Mar\u00eda de San Jos\u00e9": "Q3292940", "Mar\u00eda de los Llanos Lozano Guevara": "Q11935766", "Mar\u00eda de los \u00c1ngeles Era\u00f1a Lagos": "Q42685908", "Mar\u00eda del Carmen Paredes Mart\u00edn": "Q93428276", "Mar\u00eda del Rosario Acosta L\u00f3pez": "Q95205841", "Masako Keta": "Q11548136", "Masuko Murakami": "Q11522849", "Maya Ombasic": "Q55724256", "Mayumi Tomihara": "Q20041689", "Ma\u0142gorzata Derc": "Q43260550", "Ma\u0142gorzata Dziewulska": "Q19268838", "Ma\u0142gorzata Jantos": "Q21524742", "Ma\u0142gorzata Kowalewska": "Q67173494", "Ma\u0142gorzata Kowalska": "Q24428559", "Melika Ouelbani": "Q3332925", "Melissa Moschella": "Q88854823", "Melitta Urbancic": "Q65486252", "Menene Gras Balaguer": "Q19301170", "Meng Mu": "Q8249129", "Mercedes G\u00f3mez Blesa": "Q6010869", "Meritxell Janina Piel": "Q95672451", "Metka Coti\u010d": "Q12796420", "Meya Katsakhyan": "Q63768136", "Micaela Latini": "Q95204586", "Michaela Fi\u0161erov\u00e1": "Q95167679", "Michaela Ott": "Q95208682", "Michaela Rehm": "Q64797242", "Michela Pereira": "Q107362351", "Michelle Bastian": "Q96182154", "Michelle Mason": "Q60058252", "Mich\u00e8le Cohen-Halimi": "Q3311594", "Mich\u00e8le Lenoble-Pinson": "Q49024718", "Mie Ikeda": "Q11552103", "Mieke Boon": "Q45388502", "Miira Tuominen": "Q18633790", "Milada Z\u00e1borcov\u00e1": "Q95474273", "Milda Palevi\u010da": "Q16363724", "Mildred Galland-Szymkowiak": "Q38225828", "Mira Marcin\u00f3w": "Q55392646", "Miriam Rasch": "Q39254236", "Miriam Rose": "Q1938163", "Miriam Wildenauer": "Q42797427", "Miriam van Reijen": "Q67381976", "Mirja Hartimo": "Q96212387", "Mirjam Schaub": "Q95192499", "Miyuki Kitajima": "Q11401567", "Mizue Kobata": "Q24090607", "Mojca Ram\u0161ak": "Q28976078", "Monia Andreani": "Q56612330", "Monica Ferrando": "Q93220054", "Monica Vilhauer": "Q95756570", "Monika Betzler": "Q95205248", "Monika Bobako": "Q61942184", "Monika Boll": "Q95201218", "Monika Bystro\u0148ov\u00e1": "Q95372196", "Monika Hofmann-Riedinger": "Q95208168", "Monique Castillo": "Q3320814", "Monique David-M\u00e9nard": "Q20666488", "Monique Dixsaut": "Q3320834", "Montse Barderi Palau": "Q20101237", "Montserrat Bordes Solanas": "Q93414059", "Montserrat Galcer\u00e1n Huguet": "Q21426789", "Montserrat Herrero": "Q55950487", "Montserrat \u00c1lvarez": "Q96573506", "Muriel Combes": "Q3328103", "Muriel Van Vliet": "Q95756764", "Myisha Cherry": "Q108917832", "Myl\u00e8ne Botbol-Baum": "Q95187033", "Myriam Bienenstock": "Q95190901", "Myriam Revault d'Allonnes": "Q3331547", "M\u00e1ria G\u00f6llner": "Q1031492", "M\u00e1ria Ludassy": "Q1159641", "M\u00f3nica Cavall\u00e9 Cruz": "Q28017248", "Naama Carmi": "Q16131368", "Nadejda Golik": "Q3334821", "Nadia Tazi": "Q60391128", "Naomi Kasher": "Q16131395", "Nastasja Stupnicki": "Q51905344", "Natalia Kryvda": "Q96308968", "Natalia Meta": "Q85180094", "Natalie Knapp": "Q23765811", "Natalii\u0361a Khristova": "Q12287786", "Natalija Ma\u017eeikien\u0117": "Q50421136", "Nataliya Avtonomova": "Q4056400", "Nataliya Kuznetsova": "Q4245112", "Nathalie P\u00e9rin": "Q47126618", "Nathalie Sarthou-Lajus": "Q93239394", "Nat\u00e1lie Adamov\u00e1": "Q95167384", "Nayla Farouki": "Q3337359", "Nelli Motroshilova": "Q4304936", "Nelly Cormeau": "Q87263542", "Nelly Viallaneix": "Q55973583", "Neonila Leonidovna O\u010deretovskaja": "Q12080045", "Neus Campillo i Iborra": "Q11938636", "Neusa Santos Souza": "Q97013761", "Nicidion": "Q18643217", "Nicola M\u00f6\u00dfner": "Q57979439", "Nicoletta Tirinnanzi": "Q50144153", "Nima Adlerblum": "Q62380982", "Nina Abramova": "Q48868854", "Nina G\u0142adziuk": "Q48850929", "Ninel Kostyuk": "Q12113629", "Noortje Marres": "Q92054267", "Nora H\u00e4m\u00e4l\u00e4inen": "Q11884718", "Nora Mar\u00eda Matamoros Franco": "Q30904176", "Noriko Okada": "Q17157901", "Norma Bl\u00e1zquez Graf": "Q48349975", "No\u00eblle Maurice-Denis Boulet": "Q17277897", "Nuria S\u00e1nchez Madrid": "Q55444952", "Nu\u0161a Kolar": "Q18643030", "Nyisztor Judith": "Q97940547", "Oksana Gaman-Golutvina": "Q4132972", "Olga Alexander": "Q57535046", "Olga Elizabeth Hansberg Torres": "Q6049800", "Olga Lavrenova": "Q4252069", "Olga Marki\u010d": "Q86713653", "Olga Pombo": "Q59610400", "Olga Volkogonova": "Q4123496", "Olga Wall\u00f3": "Q12042546", "Olgaria Matos": "Q3350476", "Olha Vysotska": "Q12089604", "Olivia Gazal\u00e9": "Q47472792", "Olivia Guaraldo": "Q93972581", "Oxana Timofeeva": "Q21145943", "P Anne Scott": "Q59158805", "Palma Sgreccia": "Q108651559", "Palmyre Oomen": "Q1866932", "Paloma Valencia Laserna": "Q17364462", "Paola Bernardini": "Q108116275", "Paola Gatti": "Q93233423", "Paola Govoni": "Q61476427", "Paola Marrati": "Q3362577", "Paola Ricci Sindoni": "Q16757981", "Paola-Ludovica Coriando": "Q1266206", "Patricia Curd": "Q93237657", "Patricia Purtschert": "Q57980285", "Patrizia Calefato": "Q20500520", "Patrizia Manganaro": "Q87400549", "Patrizia Pozzi": "Q93226477", "Patrycja Sasnal": "Q108627305", "Paule Desgagn\u00e9s": "Q55740846", "Paule Salomon": "Q3372610", "Paulette Chon\u00e9": "Q55620894", "Paulette Destouches-F\u00e9vrier": "Q94774081", "Paulette Dieterlen": "Q53545305", "Pauliina Remes": "Q55393980", "Paulina Rivero Weber": "Q28008755", "Pelu\u0161ka Bendlov\u00e1": "Q95174500", "Penelope Fitzgerald": "Q18559839", "Pepita Haezrahi": "Q7220447", "Perictione II": "Q2217245", "Petra Chud\u00e1rkov\u00e1": "Q95401755", "Petra Gehring": "Q1702052", "Petra Jaeger": "Q95626717", "Petra Kolman\u010di\u010d": "Q29168079", "Petra Kolmer": "Q95208398", "Petra Maria Meyer": "Q88538221", "Petra von Morstein": "Q95185996", "Pia Lauritzen": "Q12331839", "Piama Ga\u00efdenko": "Q4131970", "Piret Kuusk": "Q12372515", "Pirkko Lahti": "Q11888242", "Presentaci\u00f3n S\u00e1ez de Descatllar": "Q20101723", "Purificaci\u00f3n Mayobre Rodr\u00edguez": "Q55134584", "Rachel Albeck-Gidron": "Q7279134", "Radegunda de Trevi\u00f1o": "Q11944385", "Rafael Coraz\u00f3n Gonz\u00e1lez": "Q87400353", "Raisa Blommestijn": "Q108765361", "Ramatoulaye Diagne Mbengue": "Q83719997", "Rani Lill Anjum": "Q88810273", "Rapha\u00eble Andrault": "Q26818523", "Raquel Capurro": "Q2404377", "Razika Adnani": "Q56307884", "Rebeca Baceiredo P\u00e9rez": "Q12398704", "Rebeca Maldonado Rodriguera": "Q30904179", "Rebecca Paimann": "Q95655832", "Rebecca Schwoch": "Q57777126", "Rebecca Tuvel": "Q84039400", "Rega Wood": "Q91484331", "Regina Rajchman-Ettingerowa": "Q56220332", "Regine Kather": "Q2138064", "Reiko Shimizu": "Q11561093", "Remedios \u00c1vila": "Q40341389", "Renata Viti Cavaliere": "Q61986968", "Renate Bethge": "Q94743766", "Renate H\u00fcrtgen": "Q24736244", "Renate Jost": "Q2143419", "Renate Steiger": "Q2143521", "Renate Wahsner": "Q95197014", "Ren\u00e9e Bilodeau": "Q72307395", "Ren\u00e9e Bouveresse": "Q3427116", "Ren\u00e9e Fregosi": "Q19631275", "Ren\u00e9e Gicklhorn": "Q108812159", "Ren\u00e9e van Riessen": "Q27894013", "Riin Sirkel": "Q16404935", "Rima Mirumyan": "Q63385601", "Rita Bischof": "Q92731381", "Rita Fulco": "Q93229744", "Rivka Schechter": "Q7013292", "Roberta Corvi": "Q108552001", "Roberta De Monticelli": "Q3938501", "Roberta Lanfredini": "Q93220217", "Roc\u00edo Consales": "Q63405893", "Romana Habartov\u00e1": "Q95113051", "Romy Jaster": "Q63806456", "Rosa Krauze": "Q41788845", "Rosa Sierra": "Q95204565", "Rosalia Azzaro Pulvirenti": "Q93221139", "Rosaria Egidi": "Q93230971", "Rose Goetz": "Q56247961", "Rose-Marie Ferenczi": "Q42529338", "Rose-Marie Moss\u00e9-Bastide": "Q67167199", "Rosemarie Achenbach": "Q62021013", "Rosemarie Rheinwald": "Q67170193", "Rossella Fabbrichesi Leo": "Q93228971", "Rowena Morse": "Q28840519", "Rufina Noeggerath": "Q15181212", "Ruth F. Chadwick": "Q62607857", "Ruth Link-Salinger Hyman": "Q84602251", "Ruth Lorand": "Q16128972", "Ruth Weintraub": "Q28524429", "Ruth-Eva Schulz-Seitz": "Q55886976", "Sabine D\u00f6ring": "Q87483692", "Sabine Gehlhaar": "Q66004295", "Sabine Kittel": "Q95202286", "Sabine Prokhoris": "Q49482889", "Sabine Roeser": "Q21264614", "Sabine Wienand": "Q93258608", "Sachiko Sakonji": "Q11479722", "Sakiko Kitagawa": "Q11401641", "Salv\u00f6r Nordal": "Q15977702", "Samira Khamis Obaid": "Q20385161", "Sandra Caponi": "Q52363786", "Sandrine Darsel": "Q50881519", "Sang-Wha Lee": "Q76000343", "Saniye Vatansever": "Q64711590", "Sanna Lehtinen": "Q65244235", "Sanneke de Haan": "Q87874606", "Sara Barquinero del Toro": "Q108858081", "Sara Hein\u00e4maa": "Q11892464", "Sara Klein-Braslavy": "Q6983049", "Sarah Borden": "Q55089798", "Sarah Buss": "Q107457516", "Sarah Hutton": "Q20968783", "Saskia Wendel": "Q2225677", "Satsuki Tasaka": "Q17686901", "Sawako Hanyu": "Q65278942", "Scarlett Marton": "Q10368814", "Seloua Luste Boulbina": "Q59349931", "Serena Olsaretti": "Q21264642", "Shannon Dea": "Q101123655", "Shannon Hoff": "Q95672680", "Sharon Meagher": "Q27000198", "Shino Kihara": "Q22118533", "Shosh Sitton": "Q54931336", "Shoshana Ronen": "Q9336113", "Sibylle Anderl": "Q87401345", "Signe Cane": "Q81215469", "Sigr\u00ed\u00f0ur \u00deorgeirsd\u00f3ttir": "Q14475862", "Sigr\u00fan Svavarsd\u00f3ttir": "Q15977695", "Silvana Borutti": "Q61472866", "Silvana Procacci": "Q93222393", "Silvia Alejandra Manzo": "Q62479274", "Silvia Donati": "Q87400386", "Silvia Magnavacca": "Q93432306", "Simona Simonini": "Q107351620", "Simone Daval": "Q93287707", "Simone Dietz": "Q1263642", "Simone Goyard-Fabre": "Q3484569", "Simone Mazauric": "Q40727201", "Simone P\u00e9trement": "Q15982124", "Simone Zurbuchen": "Q93242428", "Simonka de Jong": "Q5752500", "Siobhan Kattago": "Q95202622", "Siri Z\u00f6ller": "Q98545771", "Skaidr\u012bte Lasmane": "Q50378614", "Sobia Tahir": "Q18392112", "Sofia Vanni Rovighi": "Q3963972", "Solange Cama\u00fcer": "Q23041498", "Solveig B\u00f8e": "Q16183409", "Sonia Dayan-Herzbrun": "Q3490420", "Sonia Torres Ornelas": "Q42904694", "Sonja Lavaert": "Q97995913", "Sonja Rinofner-Kreidl": "Q21264705", "Sophia Vasalou": "Q95747501", "Sophie Bilemdjian": "Q40457048", "Sophie Galabru": "Q92715329", "Sophie Gibb": "Q23916381", "Sophie Gosselin": "Q88048727", "Sophie Gu\u00e9rard de Latour": "Q35486891", "Sophie Klimis": "Q3490962", "Sophie Loidolt": "Q66680544", "Sophie Nordmann": "Q80586004", "Sophie Reimarus": "Q19964083", "Sophie de Mijolla-Mellor": "Q21756890", "Sophie-Jan Arrien": "Q72306831", "Souad Ayada": "Q43531315", "Stacey Ake": "Q65534409", "Stefania Achella": "Q93226718", "Stefania Centrone": "Q83042234", "Stefania Giombini": "Q93250253", "Stefania Salvadori": "Q95201516", "Stella Villarmea": "Q61269627", "Stine Jensen": "Q2663037", "St\u00e9phanie Novak": "Q46998090", "Su-Qing Lin": "Q55116716", "Suely Rolnik": "Q3502976", "Sun-Hye Kim": "Q95205589", "Sunanda Gandhi": "Q13563000", "Sundari": "Q3976988", "Sunny Bergman": "Q2437114", "Susan Dodds": "Q58228296", "Susana Carro Fern\u00e1ndez": "Q100148261", "Susanna Lindberg": "Q11895368", "Susanne Boshammer": "Q97498107", "Susanne Hahn": "Q28790164", "Susanne Herrmann-Sinai": "Q95204775", "Susanne L\u00fcdemann": "Q92399738", "Susanne M\u00f6bu\u00df": "Q93749326", "Susanne Schmida": "Q52084141", "Suzanne Mansion": "Q3505999", "Suzy Kassem": "Q15429114", "Svetlana Khanumyan": "Q47507746", "Svetlana Kovalchuk": "Q29359012", "Svetlana Mesyats": "Q19682723", "Svetlana Neretina": "Q4317467", "Syliane Malinowski-Charles": "Q55725480", "Sylvia Murr": "Q59526087", "Sylvie Courtine-Denamy": "Q28088090", "Sz\u00e9plaky Gerda": "Q28722153", "S\u00e9verine Auffret": "Q3511457", "S\u00f4nia T. Felipe": "Q10376637", "S\u00f4nia Viegas": "Q108863789", "S\u0142awomira Walczewska": "Q9353285", "Takako Shikaya": "Q11419987", "Takako Tanigawa": "Q21700530", "Tama Weisman": "Q95656965", "Tamaki Takada": "Q17160528", "Tamara Tenenbaum": "Q70873029", "Tamar\u200f Meir": "Q64830968", "Tania Basque": "Q55724554", "Tara Chatterjea": "Q7685044", "Tarja Kallio-Tamminen": "Q11896519", "Tatiana Gornshteyn": "Q108125257", "Tatjana H\u00f6rnle": "Q21264782", "Tatjana Rozman": "Q47987521", "Tatjana Sch\u00f6nw\u00e4lder-Kuntze": "Q21264783", "Tatyana Klimenkova": "Q50822534", "Tatyana Solovyova-Domashenko": "Q19916856", "Teresa P\u0119kala": "Q82036859", "Tereza Obolevich": "Q18430234", "Tessa Lacerda": "Q51882556", "Tetiana Holichenko": "Q12096732", "Theano II": "Q2245053", "Therese Decker": "Q95197077", "Th\u00e9r\u00e8se-Anne Druart": "Q65013930", "Tiiu Hallap": "Q12376949", "Tina Mirella Manferdini": "Q76494459", "Tine Wilde": "Q57515388", "Tinneke Beeckman": "Q17747560", "Tiziana Suarez-Nani": "Q87400773", "Tomoko Kishida": "Q20039608", "Tomoko Koto": "Q20040052", "Tsugiko Sakai": "Q11644007", "Tuija Pulkkinen": "Q16989917", "T\u0315amar C\u0315op\u0315ura\u0161vili": "Q95751293", "Ulla Karttunen": "Q5394383", "Un Sunn Lee": "Q95197791", "Ursula Baumann": "Q95194494", "Ursula Goldenbaum": "Q2501618", "Ursula Konnertz": "Q95209907", "Ursula Kubes-Hofmann": "Q19631341", "Ursula Pia Jauch": "Q1687011", "Ursula Renz": "Q63162995", "Urszula M. \u017begle\u0144": "Q9367220", "Ute Guzzoni": "Q2502987", "Valentina Dianova": "Q16644067", "Valentina Gaudiano": "Q93241019", "Valentina Hribar Sor\u010dan": "Q66057530", "Valeria Campos": "Q91937779", "Valeria Nichyk": "Q56650664", "Val\u00e9rie Charolles": "Q33105815", "Vanessa Albus": "Q101069515", "Vanna Gessa-Kurotschka": "Q108102349", "Varvara Polovcova": "Q94743718", "Varvara Polovtsova": "Q4370512", "Vera Aleksandrovna Fomina": "Q59626529", "Vera Wrona": "Q95202483", "Verena Brunschweiger": "Q73006652", "Viktoriya Lysenko": "Q4270655", "Vilma Fritsch": "Q95195620", "Vincenza Celluprica": "Q85695682", "Violeta Cervera Novo": "Q108676451", "Violeta Panzova": "Q55185565", "Viorella Manolache": "Q18341024", "Vira Ivanivna Dodonova": "Q85991597", "Virginia Aspe Armella": "Q60575435", "Vittoria Franco": "Q4015219", "Viviane Drack": "Q98947482", "Viviane Drai": "Q95187234", "Vlasta Christovov\u00e1": "Q95392866", "Vlasta Plevzov\u00e1": "Q16519946", "V\u00e9ronique Albanel": "Q47508698", "V\u00e9ronique Bergen": "Q3564272", "V\u00e9ronique Le Ru": "Q3564326", "Waldtraut Kr\u00fctzfeldt-Eckhard": "Q101208106", "Walentyna Horoszkiewicz\u00f3wna": "Q95919706", "Waltraud Maria Neumann": "Q48210002", "Waltraud Naumann-Beyer": "Q95199127", "Wanda Bajor": "Q85870036", "Wanda Popiak": "Q62603958", "Wanda von Baeyer-Katte": "Q94777548", "Werner Schneider": "Q95207025", "Weyma L\u00fcbbe": "Q2566337", "Wiebke Schrader": "Q59529798", "Wiebke-Marie Stock": "Q95207618", "Yaelle Sibony-Malpertu": "Q95748325", "Yan Gao": "Q95751399", "Yehudit Cook": "Q6642907", "Yekaterina Hakobjanyan": "Q16379974", "Yelena Borzova": "Q4093662", "Yeo Myeongsuk": "Q28699193", "Ysabel de Andia": "Q93230325", "Yuderkys Espinosa Mi\u00f1oso": "Q67568527", "Yukari Suzuki": "Q17160085", "Yumiko Nakamura": "Q11365575", "Yun Kim Ji-Yeong": "Q55732903", "Yun Nodeok": "Q12610202", "Yvonne Pell\u00e9-Dou\u00ebl": "Q3574218", "Yvonne Toros": "Q55628090", "Zarina Khan": "Q55030358", "Zde\u0148ka Jastrzembsk\u00e1": "Q95395718", "Zde\u0148ka Kalnick\u00e1": "Q12779340", "Zehava Remorano": "Q95196261", "Zeynep Talay-Turner": "Q95185361", "Zhana Damyanova-Assa": "Q22964581", "Zhengmi Zhouhuang": "Q95200396", "Zofia Dunin-Borkowska": "Q16620389", "Zofia Rosi\u0144ska": "Q9391846", "Zoya Stavreva": "Q12280613", "Zsuzsa Sz\u00e9ll": "Q12357063", "Zuzana Kiczkov\u00e1": "Q12780871", "Zuzana \u0160korp\u00edkov\u00e1": "Q95459823", "Z\u00edlia Os\u00f3rio de Castro": "Q86451182", "Z\u00f6lfi\u00e4 Tacurizina": "Q18635204", "\u00c1frica L\u00f3pez Souto": "Q101301395", "\u00c1ngela Sierra": "Q9098415", "\u00c1ngeles Ram\u00edrez": "Q63390156", "\u00c9dith Fuchs": "Q95747072", "\u00c9liane Escoubas": "Q3587690", "\u00c9lisabeth de Fontenay": "Q274715", "\u00c9lodie Boublil": "Q95748403", "\u00c9milie Hache": "Q34334790", "\u00c9milienne Naert": "Q85509996", "\u00c9va Ancsel": "Q128184", "\u00c9va Kar\u00e1di": "Q16521168", "\u00d6zge Yaka": "Q65104149", "\u015e\u00fckuf\u0259 Mirz\u0259yeva": "Q12849666", "\u0406\u0440\u044b\u043d\u0430 \u0406\u0432\u0430\u043d\u0430\u045e\u043d\u0430 \u0421\u044f\u0440\u043e\u0432\u0430": "Q93081125", "\u0406\u0440\u044b\u043d\u0430 \u0423\u043b\u0430\u0434\u0437\u0456\u043c\u0456\u0440\u0430\u045e\u043d\u0430 \u0421\u0456\u0434\u043e\u0440\u0441\u043a\u0430\u044f": "Q90410517", "\u0411\u0430\u049b\u044b\u0442\u0436\u0430\u043c\u0430\u043b \u0421\u0430\u043f\u0430\u0440\u049b\u044b\u0437\u044b \u049a\u0430\u0431\u044b\u043a\u0435\u043d\u043e\u0432\u0430": "Q12534518", "\u0412\u0443\u0441\u044f \u0410\u0440\u043e\u043d\u043e\u0432\u043d\u0430 \u0427\u0435\u0440\u043d\u044f\u043a": "Q20482860", "\u0413\u04af\u043b\u0436\u0438\u0445\u0430\u043d \u0416\u04b1\u043c\u0430\u0431\u0430\u0439\u049b\u044b\u0437\u044b \u041d\u04b1\u0440\u044b\u0448\u0435\u0432\u0430": "Q16435605", "\u0413\u04af\u043b\u0436\u04d9\u043c\u0438\u043b\u0430 \u041c\u0435\u0439\u0456\u0440\u043e\u0432\u0430": "Q12539747", "\u0417\u0430\u0433\u043e\u0440\u043a\u0430 \u041c\u0438\u045c\u0438\u045c": "Q12906507", "\u041a\u0443\u0441\u0436\u0430\u043d\u043e\u0432\u0430, \u0410\u0436\u0430\u0440 \u0416\u0430\u043b\u0435\u043b\u0435\u0432\u043d\u0430": "Q71165025", "\u041b\u044e\u0431\u0438\u043d\u0441\u044c\u043a\u0430 \u041b\u0430\u0434\u0430 \u041c\u0438\u043a\u043e\u043b\u0430\u0457\u0432\u043d\u0430": "Q25437206", "\u0420\u0430\u0438\u0441\u0430 \u0418\u0432\u0430\u043d\u043e\u0432\u043d\u0430 \u0422\u0440\u043e\u0441\u0442\u0438\u043d\u0441\u043a\u0430\u044f": "Q28701574", "\u0421\u0438\u0434\u043e\u0440\u0435\u043d\u043a\u043e \u041b\u0438\u0434\u0438\u044f \u0418\u0432\u0430\u043d\u043e\u0432\u043d\u0430": "Q12152573", "\u0421\u043e\u0444\u0438\u044f \u04b2\u0430\u0441\u0430\u043d\u043e\u0432\u0430": "Q25591623", "\u0421\u0442\u0430\u043b\u0438\u043d\u0430 \u0421\u0435\u0440\u0433\u0435\u0435\u0432\u043d\u0430 \u0420\u043e\u0437\u043e\u0432\u0430": "Q29865416", "\u0422\u0430\u0442\u044c\u044f\u043d\u0430 \u0421\u0435\u0440\u0433\u0435\u0435\u0432\u043d\u0430 \u041f\u0430\u0440\u0445\u043e\u043c\u0435\u043d\u043a\u043e": "Q29865368", "\u0631\u0698\u06cc\u0646 \u067e\u06cc\u200c\u06cc\u062a\u0631\u0627": "Q5677154"}