{"Margaretha Lassadotter": "Q4965670", "Margarethe von Wied-Runkel": "Q26480437", "Barbro Christina H\u00e4stesko-Fortuna": "Q105705287", "\u0425\u0438\u0442\u0440\u043e\u0432\u043e, \u0415\u043a\u0430\u0442\u0435\u0440\u0438\u043d\u0430 \u0410\u043b\u0435\u043a\u0441\u0430\u043d\u0434\u0440\u043e\u0432\u043d\u0430": "Q4497948", "In\u00e9s Luisi": "Q29163301", "Yelizaveta Yanitskaya": "Q28359365", "\u0410\u043b\u0435\u043a\u0441\u0430\u043d\u0434\u0440\u0430 \u0413\u0430\u0432\u0440\u0438\u043b\u043e\u0432\u043d\u0430 \u0410\u0440\u0445\u0430\u043d\u0433\u0435\u043b\u044c\u0441\u043a\u0430\u044f": "Q51670302", "Rosa Kerschbaumer-Putjata": "Q2166444", "Maria Pokrovskaya": "Q28975226", "Mizuko Takahashi": "Q15740249", "In\u00e8s Gaches-Sarraute": "Q17375128", "Anna Adamovna Krasoeskaja": "Q19908289", "Evgeniya Serebrennikova": "Q27534033", "Fekla Donetska": "Q96739721", "Jadwiga Olszewska": "Q111149292", "Giuseppina Cattani": "Q22342151", "Anna Kuhnow": "Q63485483", "Sofiya Ivanchina-Pisarevna": "Q16593994", "Marie Holst": "Q73037569", "Witolda Rechniewska": "Q4393872", "Manuela Sol\u00eds i Clar\u00e0s": "Q9028286", "Alvilda Harbou Hoff": "Q4954291", "Maria Folkeson": "Q98841779", "Martha Sommer": "Q78071469", "Sigrid Engstr\u00f6m": "Q4946829", "Marie Nageotte-Wilbouchewitch": "Q91665073", "Bess Mensendieck": "Q830051", "Constance Elbe": "Q4946258", "Hermina Walch-Kaminski": "Q53023902", "Charlotte Olivier": "Q15980336", "Marie Feyler": "Q108133926", "Ina Rosqvist": "Q18245481", "Mathilde Wagner": "Q111217716", "Louise Gram Qvam": "Q106170361", "Lidya Ezerskaya": "Q6508757", "Marija Stepanovna Derenkova": "Q23655909", "Cornelia Kernbach-Tatu\u0219escu": "Q53998132", "Constance Ellen Long": "Q26333652", "Karolina Eskelin": "Q13364924", "Anna Dahlstr\u00f6m": "Q15845399", "Vera Velichkina": "Q7296328", "Emilie Louise Frey": "Q96364286", "Martha Wygodzinski": "Q1347360", "Elin Cederblom": "Q4942361", "Anna Kaijser": "Q96759189", "Marie Kj\u00f8lseth": "Q106169717", "Migita Asa": "Q100454071", "Serena Bangerter-Buser": "Q112684879", "Margaret Slosson": "Q18911661", "Hermine Heusler-Edenhuizen": "Q1613598", "Antonia Monreal": "Q111442686", "Gertrud Gussander": "Q15845382", "Estera Golde-Str\u00f3\u017cecka": "Q9255069", "Zofia Garlicka": "Q8861331", "Aleksandra Sevastyanova": "Q16594242", "Anas Barakat el Baz": "Q64737977", "Marie Anne van Herwerden": "Q20031857", "Paula Philippson": "Q2063586", "Agnes de Vries-Bruins": "Q2676861", "Yelena Oshanina": "Q4340770", "Else Rosenthal": "Q89267752", "\u041d\u0435\u043e\u043d\u0438\u043b\u0430 \u0418\u0432\u0430\u043d\u043e\u0432\u043d\u0430 \u041a\u0435\u0434\u0440\u043e\u0432\u0430": "Q85861063", "Elena Densu\u0219ianu-Pu\u0219cariu": "Q18539655", "Beata \u0141ysi\u0144ska": "Q9168147", "Siri Wikander-Brunander": "Q104812777", "Laimi Leidenius": "Q11874443", "Inez Laurell": "Q23989226", "Frida Imboden-Kaiser": "Q1456130", "Hedvig Str\u00f6mgren": "Q19776546", "Ljubow Harkavy-Landau": "Q18786020", "Marie Long-Landry": "Q27064223", "Trinitat Sais Plaja": "Q11953139", "Miriam Nofach": "Q27990267", "Rachel Rotenberg": "Q50668097", "Christine Bader": "Q28064324", "Rauha Hammar": "Q23040463", "Dora Br\u00fccke-Teleky": "Q1243597", "Jeanne Debat-Panson": "Q26997617", "Vilma Kov\u00e1cs": "Q12275287", "Pauletta Brupbakher": "Q2063662", "Marga Wolf": "Q1569386", "Alexandra Smirnova-Zamkova": "Q12153950", "Milagros Andreu Boigues": "Q21730790", "Hedwig Jung-Danielewicz": "Q63228589", "\u0428\u043e\u0440\u043e\u0445\u043e\u0432\u0430, \u0410\u043d\u0442\u043e\u043d\u0438\u043d\u0430 \u0410\u043b\u0435\u043a\u0441\u0435\u0435\u0432\u043d\u0430": "Q4526202", "Gerda Kjellberg": "Q16946303", "Kirstine Nolfi": "Q2238212", "Klara Goldzieher Roman": "Q79073602", "Nataliya Zyngalevych-Mazepa": "Q12152797", "Irina Bonch-Osmolovskaya": "Q86566955", "Janina \u017bniniewicz": "Q11719896", "Virg\u00ednia Soler i Alberola": "Q117785210", "Olga Resnevi\u010d Signorelli": "Q3881634", "Alice Bloch": "Q59840355", "Nieves Gonz\u00e1lez Barrio": "Q107477219", "Zde\u0148ka \u010cerm\u00e1kov\u00e1": "Q10857839", "Margarita Zatzkin": "Q27998224", "Maria Paz Mendoza-Guazon": "Q79860166", "Hanna Hirszfeldowa": "Q9285970", "Carmela Dutra": "Q9697450", "Josefina Landete Arag\u00f3": "Q23505770", "Chiriachitza Athanassio-B\u00e9nisty": "Q9189819", "Elin Leonore Odencrants": "Q110143611", "Raisa Golant": "Q4141305", "Marie-Elise Kayser": "Q1711720", "Emma Hauser": "Q105622660", "Helga Bekker": "Q17195582", "Aurelia Sikorska": "Q9162291", "Frieda Freise": "Q87410931", "Nadia Payot": "Q3334885", "Iseult Duff": "Q3802451", "Bronis\u0142awa Pra\u0161ek-Ca\u0142czy\u0144ska": "Q9179988", "Serafyma Vynohradova": "Q12089439", "Erzs\u00e9bet Rad\u00f3-R\u00e9v\u00e9sz": "Q51464631", "Kaarina Kari": "Q17381449", "Julia \u015awitalska": "Q112040089", "Katalin Fuguly\u00e1n": "Q1004245", "\u041a\u043e\u0441\u0442 \u0415\u043a\u0430\u0442\u0435\u0440\u0438\u043d\u0430 \u0410\u043d\u0434\u0440\u0435\u0435\u0432\u043d\u0430": "Q88465483", "Evgenia Andreeva-Galanina": "Q87482453", "Olga Knopf": "Q12289199", "Polina Mendel\u00e9ef": "Q3394241", "Helena Ho\u0142\u00f3wko": "Q106697214", "Alicja Eber": "Q11685394", "Rosalia Evelevna Ginsburg": "Q61752727", "Marta Karlweis": "Q1902926", "Else Weil": "Q1333731", "Hanna Hubicka": "Q16556955", "Rut Grubb": "Q46652807", "Wanda Baraniecka-Szaynok": "Q105906428", "Cathrine Hambro": "Q12714015", "Jadwiga Szustrowa": "Q51954362", "Lotte Land\u00e9": "Q1067249", "Ir\u00e9n Bar\u00e1t": "Q20481320", "Aldona \u0160li\u016bpait\u0117-Jankauskien\u0117": "Q12647472", "Wilhelmine Mimi Johnson": "Q12010662", "Rosario Lacy": "Q84430079", "Elsa Belfrage": "Q25929806", "Dora Boerner-Patzelt": "Q1243587", "Sofia Schafranov": "Q18758690", "Lilly Hajdu": "Q16520043", "Mar\u00eda del Mar Terrones Villanueva": "Q86698775", "Anna Margolis": "Q9155420", "Maria Del Rio": "Q15142821", "Edda Gornitskay": "Q24010793", "Rakel Jalas": "Q23040514", "Eudoxia P\u00edriz": "Q23942864", "\u041c\u0430\u0440\u0438\u044f \u041d\u0438\u043a\u043e\u043b\u0430\u0435\u0432\u043d\u0430 \u041a\u0430\u0449\u0435\u043d\u043a\u043e": "Q106630421", "\u0415\u043b\u0435\u043d\u0430 \u041a\u0430\u0432\u0430\u0435\u0432\u0430": "Q12279683", "\u0531\u056f\u056f\u0561\u0563\u0561\u0566 \u0534\u0578\u057d\u056a\u0561\u0576\u0578\u057e\u0561": "Q12532480", "Aranka B\u00f6hm": "Q855023", "Wanda Zamenhof": "Q937695", "Marcelle Dauphin": "Q19859318", "Wanda Hanke": "Q2547833", "Bo\u017eena Kuklov\u00e1-\u0160t\u00farov\u00e1": "Q33112775", "Ona Jablonskyt\u0117-Landsbergien\u0117": "Q11109641", "Anna Petryaeva": "Q4361766", "Ibolya L. Kiss": "Q12349100", "Edith Weigert": "Q1285206", "Hristina Sushko": "Q106425915", "Zaida Eriksson-Lihr": "Q11903156", "Dora Rivi\u00e8re": "Q52344733", "Editha Sterba": "Q1285240", "Bella Kunv\u00e1ri": "Q105755377", "Alice Hermann": "Q1035567", "Elisa Fern\u00e1ndez de la Vega": "Q8774909", "Hertha Nathorff": "Q1614695", "Elisabeth M\u00fcller": "Q85507451", "Mariya Shatelen": "Q18045347", "Jeanne L\u00e9vy": "Q65055434", "K\u00e4the Beutler": "Q64666587", "Lilian Roter": "Q12284888", "J\u00falia Gy\u00f6rgy": "Q1030440", "Eugenia Lewicka": "Q8862791", "Lily Ehrenfried": "Q99124", "Stefania Perzanowska": "Q76418129", "Berta Bornstein": "Q12273177", "Marta Fraenkel": "Q1333092", "\u041d\u0430\u0434\u0435\u0436\u0434\u0430 \u0421\u0435\u0440\u0433\u0435\u0435\u0432\u043d\u0430 \u0410\u0437\u0430\u0440\u043e\u0432\u0430": "Q93365586", "Helena Kornella": "Q55586128", "Marie-Louise H\u00e9nin": "Q11309723", "Simone S\u00e9dan": "Q3484611", "J\u00f3zsa Lad\u00e1nyi": "Q65924325", "R\u00f3zsi Sch\u00f6nfeld": "Q106485521", "Sofiya Parfanovych": "Q12139021", "Alice Rosenstein": "Q99335708", "Ester Elisabeth Gr\u00f6nblad": "Q105397678", "Elli Schauman": "Q42904147", "Lidiya Timashuk": "Q4457354", "Olimpia Valencia": "Q9052082", "Juliette Usach": "Q30218452", "Zofia Franio": "Q9391742", "Anna Dinaburg": "Q47009877", "Aya Kagawa": "Q11667574", "Maria Felchlin": "Q1895857", "Anna Adler": "Q110644355", "Teofila Lewenfisz-Wojnarowska": "Q23943931", "Madeleine Rambert": "Q3275717", "Elisabeth Maria Haj\u00f3s": "Q88219777", "Maria Schug-K\u00f6sters": "Q1496007", "Zoya Bazilevskaya": "Q28359467", "Agnessa Mikhailovna Hamburg": "Q4133016", "Saima Tawast-Rancken": "Q18246442", "Alma Tomingas": "Q12358950", "Ir\u00e9n Becski": "Q12349385", "Antares V\u00e1zquez Alatorre": "Q56939047", "Suzanne Rose Elosu": "Q63092776", "Wies\u0142awa Maria Klimek-Piotrowska": "Q63246804", "Jules Cashford": "Q5494317", "Hanna Petrynowska": "Q9286022", "Maria Werkenthin": "Q11769220", "Mariya Pevzner": "Q4347757", "Irena Konopacka-Semadeni": "Q16560347", "Aleksandra Raatma": "Q12358790", "Urszula Niepokojczycka": "Q28025893", "Liliane Frey-Rohn": "Q5976397", "\u0417\u0432\u044f\u0433\u0438\u043d\u0446\u0435\u0432\u0430, \u0421\u043e\u0444\u044c\u044f \u0413\u0435\u043e\u0440\u0433\u0438\u0435\u0432\u043d\u0430": "Q93151293", "Olga Dzhigurda": "Q12100769", "Alice P\u00e1rtos": "Q63102887", "Mar\u00eda Soledad Ruiz Capillas": "Q104247812", "Edith Buxbaum": "Q12279510", "Evgeniya Fedorovna Davidenko": "Q88361905", "Volodymyra Krushelnytska": "Q12115137", "\u0160evala Zild\u017ei\u0107-Iblizovi\u0107": "Q85982061", "Irena Doma\u0144ska": "Q11713733", "Margarethe H\u00fcbsch": "Q1728206", "S\u00e1ra Vadas": "Q12355689", "\u00c1ngela Pardo Celada": "Q104671595", "Zofia Kara\u015b": "Q24203262", "Ticiana Iturri": "Q29413891", "Daria Babayan": "Q28842765", "Natalia Traugott": "Q4462223", "Ru\u017ea Jovanovi\u0107": "Q33093331", "Tatiana Birich": "Q6540849", "Kawkab Hefni Nassef": "Q35584880", "Leena Sibelius": "Q60434456", "Jadwiga Zienkiewicz\u00f3wna": "Q7944588", "Jenny Cohen": "Q1666271", "Fl\u00f3ra Kozmutza": "Q1120715", "Hilda Abraham": "Q12298052", "Valentina Raspopova": "Q97663229", "Borghild Krane": "Q11961960", "Anna-Lisa Annell": "Q16158211", "Francesca Casaponsa": "Q106106807", "Milada Frantov\u00e1": "Q95174112", "Yevgeniya Byelitska": "Q20065887", "Natalia Isaakovna Scurtu": "Q97197119", "Leokadia Mikolajkow": "Q104515049", "Eli\u0161ka Klimkov\u00e1-Deutschov\u00e1": "Q21030230", "Mar\u00eda Luisa Sald\u00fan de Rodr\u00edguez": "Q26692024", "Anne Lise Schubel": "Q80032732", "Kirstine Ladefoged Jensen": "Q4960454", "Alina Hulanicka": "Q9148317", "Danica Perovi\u0107": "Q29300319", "\u0417\u0456\u043d\u0430\u0456\u0434\u0430 \u0410\u0434\u0430\u043c\u0430\u045e\u043d\u0430 \u0411\u043e\u043d\u0434\u0430\u0440": "Q97006721", "\u041a\u043e\u043d\u0447\u0430\u043b\u043e\u0432\u0441\u043a\u0430\u044f \u041d\u0438\u043d\u0430 \u041c\u0430\u043a\u0441\u0438\u043c\u043e\u0432\u043d\u0430": "Q88071175", "Stefi Pedersen": "Q50846445", "Alicia Porro Freire": "Q42383926", "Nadezhda Puchkovskaya": "Q4384610", "Izabela Jadwiga \u0141opuska": "Q16560578", "Giannina Cattaneo Petrini": "Q65496583", "Ren\u00e9e Fon\u00f3": "Q23931690", "Sara Davtyan": "Q27919131", "Elena Gurova": "Q84720271", "Raziyakhon Sadykovna Mirsagatova": "Q4296279", "Anastasia Pozdnyakova": "Q29865390", "Maria Hippius-D\u00fcrckheim": "Q1895966", "Q\u00e4dri\u00e4 Qotl\u0131bay\u0131va": "Q85951521", "Alexandra Antonovna Valentinovich": "Q21098735", "Sinaida Isserson": "Q23656031", "Edith Emery": "Q57082509", "Klavdia Kostina": "Q12549346", "Aur\u00e8lia Pijoan Querol": "Q20876513", "Fenya Tsaturyan": "Q87718851", "Wladyslawa Wolowska Mussi": "Q10393936", "Olga Geszti": "Q115821585", "J\u00falia Coromines i Vigneaux": "Q9016932", "Sophie Berlinghof": "Q89197868", "Gabrielle Perret-Gentil": "Q24284674", "Vera Grigorevna Efimova": "Q42889558", "Anna Maria Jokl": "Q562001", "Aagot Christie L\u00f8ken": "Q9137915", "Doris Maase": "Q1245245", "Vera Starck-Romanus": "Q50680702", "Goldy Parin-Matth\u00e8y": "Q124480", "Tamara Gabrielyan": "Q27652983", "Viola Tomori": "Q515549", "Magda Radn\u00f3t": "Q18924533", "Vlasta Vesel\u00e1": "Q106417688", "Carolina Zamora Herrador": "Q20015484", "Marfuga Gaysina": "Q85951456", "Anik Stepanyan": "Q47007394", "Mar\u00eda Rold\u00e1n Castros": "Q23302005", "Kl\u00e1ra D\u00f3zs\u00e1": "Q105745914", "Martina Besc\u00f3s Garc\u00eda": "Q21591229", "Julianna S\u00e1ray": "Q1314816", "Masako Fukuda": "Q11594171", "Eug\u00e9nie Lemoine-Luccioni": "Q3060269", "Maria Wszelaczy\u0144ska-Szaszkiewicz": "Q24263425", "Irma N\u011bme\u010dkov\u00e1": "Q19800946", "Margarit  Grigoryan": "Q20506940", "Lucy Ackerknecht": "Q1612627", "Ren\u00e9e Marceau": "Q121994459", "Lyudmila Danielyan": "Q64728640", "Aurora Villa": "Q17478325", "Motrja Mitrofanovna Rjabets": "Q12149541", "Franja Bojc Bidovec": "Q15695279", "Emilia Andreasyan": "Q61997338", "Ru\u017eica Rip": "Q17427180", "Danuta Kaczorowska": "Q32334056", "Lois Elsie James": "Q21516902", "Lola Fischel": "Q6467769", "Stef\u00e1nia Hal\u00e1sz": "Q105620612", "Denise Louis-Bar": "Q105416193", "Luz Zalduegi": "Q55972220", "Marina Soliva Corominas": "Q99521268", "\u00c9va Gergely": "Q115806760", "Olga Popovi\u0107-Dedijer": "Q4242665", "Margit Szer\u00e9my Br\u00f3dy": "Q12816277", "Nino Javakhishvili": "Q12867646", "Klementyna \u015awica": "Q106587768", "Cecilia Sanz Sanz": "Q57786149", "Th\u00e9r\u00e8se Planiol": "Q110223634", "Danuta Hryniewicz": "Q9201656", "Karolina Jus": "Q100591440", "Ruth Wegelius": "Q18274803", "Elisabet Sj\u00f6vall": "Q4979018", "Tetiana Antonovych": "Q4067435", "Marija Lompar": "Q11106241", "\u041c\u0430\u0440\u0433\u0430\u0440\u0438\u0442\u0430 \u041f\u0430\u0432\u043b\u043e\u0432\u043d\u0430 \u041a\u0430\u043a\u0430\u0431\u0430\u0434\u0437\u0435-\u0413\u0443\u0434\u0443\u0448\u0430\u0443\u0440\u0438": "Q52117892", "Mastjura Fachroetdinovna Sakaeva": "Q15087334", "Marialzira Perestrello": "Q10326203", "Brita Mannerheim": "Q60041769", "Halina Cetnarowicz": "Q101109404", "Annemarie D\u00fchrssen": "Q566265", "\u0632\u0647\u064a\u0631\u0629 \u0639\u0627\u0628\u062f\u064a\u0646": "Q12214750", "Agnessa Podmazenko": "Q42681647", "Adina Blady-Szwajger": "Q9140870", "Julie Sulianti Saroso": "Q16187414", "Linda Wichterlov\u00e1": "Q95580969", "Maria Goncerzewicz": "Q105201205", "Eva Landauer": "Q12279348", "Tatyana Nechiporenko": "Q12133629", "Tacciana Alaksandra\u016dna \u017ddanovi\u010d": "Q63348796", "Bianca Garufi": "Q3639379", "\u0421\u043e\u0440\u043e\u043a\u0438\u043d\u0430, \u041d\u0430\u0434\u0435\u0436\u0434\u0430 \u0413\u0440\u0438\u0433\u043e\u0440\u044c\u0435\u0432\u043d\u0430": "Q24010731", "Maria Teresa Bonilla i Elias": "Q77881824", "Denise Braunschweig": "Q19606850", "Zora Jan\u017eekovi\u010d": "Q18643139", "Salme Vannas": "Q17384504", "Ingrid Lingmark": "Q16602172", "\u0411\u0443\u0440\u0430\u043d\u0493\u043e\u043b\u043e\u0432\u0430 \u0492\u04d9\u0440\u0438\u0444\u04d9 \u0424\u04d9\u0442\u0442\u04d9\u0445\u0435\u0442\u0434\u0438\u043d \u04a1\u044b\u0499\u044b": "Q123928942", "Anastasija Stepanovna Ketova": "Q4219831", "Sona Mammadova": "Q39382695", "\u041e\u043b\u044c\u0433\u0430 \u0410\u043d\u0434\u0440\u0435\u0435\u0432\u043d\u0430 \u041b\u0443\u0431\u0435\u043d\u0435\u0446": "Q12557153", "\u042f\u043d\u043a\u043e\u0432\u0438\u0447, \u0420\u0430\u0432\u0438\u0439\u043e\u0439\u043b\u0430": "Q12758033", "\u0417\u043e\u044f \u041f\u0440\u043e\u0445\u0430\u0440\u0430\u045e\u043d\u0430 \u0426\u0456\u0442\u043e\u0432\u0430": "Q13030879", "Praskowya Harbatsevich": "Q18045182", "Krystyna Tempska-Cyrankiewicz": "Q7944217", "Oleksandra Sokol": "Q16717102", "Zuzanna Araszkiewicz": "Q7940961", "Marie-Jeanne Koffman": "Q18043824", "Ks\u00e9nia Semionova": "Q4415878", "L\u00edvia Nemes": "Q97202619", "Maria Kope\u0107": "Q100708614", "Alena Vrbov\u00e1": "Q10769716", "Jadwiga Kuska": "Q110864370", "Luciana Nissim Momigliano": "Q3838501", "Aldona Jocevi\u010dien\u0117": "Q16443009", "Maria Kobuszewska-Faryna": "Q8862252", "Madeleine Baranger": "Q45565147", "Christiane Dosne de Pasqualini": "Q23907135", "Inge Petersen": "Q100506906", "Tamara Chorna": "Q18669929", "Olga Kistler-Ritso": "Q16403328", "\u00c1gnes Bin\u00e9t": "Q20435703", "Janina Augusty\u0144ska": "Q7940983", "Dr. Jean (Connan) Murray Landsborough": "Q28358231", "Zsuzsa Holl\u00e1n": "Q20480997", "Edith Muriel Carlisle": "Q1285093", "Jelena Petropavlovskaja": "Q61110269", "Ruth Paimre": "Q16406509", "Kira Dreyer": "Q19907910", "Lykke Aresin": "Q1878684", "Jelena Krmpoti\u0107-Nemani\u0107": "Q12792329", "Zofia Keppe": "Q9391774", "Yelena Zaytseva": "Q4184458", "Maria Dabska": "Q11768828", "Danuta Brzosko-M\u0119dryk": "Q9201608", "Bo\u017cena Hager-Ma\u0142ecka": "Q11688707", "Jadwiga Pawlak": "Q11715944", "Rosario Barroso Moguel": "Q50672191", "Mariya Smirnova": "Q12153951", "Ljubov Solomonovna Kogosova": "Q12111128", "Rozalia Osuch-Jaczewska": "Q86249273", "Henryka Bartnicka-Tajchert": "Q1455262", "Magdalena Soko\u0142owska": "Q22114848", "Krystyna Wycza\u0144ska": "Q11748802", "Ludmi\u0142a Hirnle": "Q11763417", "Janina Ludwika Bauer-Gellert": "Q106223481", "\u0421\u0442\u0435\u043f\u0430\u043d\u043a\u043e\u0432\u0441\u043a\u0430\u044f, \u0413\u0430\u043b\u0438\u043d\u0430 \u041a\u043e\u043d\u0441\u0442\u0430\u043d\u0442\u0438\u043d\u043e\u0432\u043d\u0430": "Q30605491", "Stefania G\u00f3rz-Kardaszewicz": "Q28922104", "Christien Lafeber": "Q13466266", "M\u00e4rta Donner": "Q18238465", "Terttu Araj\u00e4rvi": "Q11896984", "Valja St\u00fdblov\u00e1": "Q4444753", "Wanda Paw\u0142owicz": "Q24732802", "Ingrid von Staffeldt": "Q12318381", "Iraida Afanasevna Kontsevitsj": "Q16665605", "Alaine Polcz": "Q281501", "Tamar Dekanosidze": "Q20557416", "Annick de Souzenelle": "Q2851598", "Rita Kukaine": "Q1964859", "Mar\u00eda del Rosario Castells Vila": "Q47512443", "Olena Lukyanova": "Q12118685", "Magda M\u00f3zes": "Q1213316", "Milda Petrowna Wikturina": "Q26243615", "Barbro Nilsson": "Q97119947", "Ruth Gattiker": "Q54916228", "B\u00f6y\u00fckxan\u0131m \u018fliyeva": "Q22918421", "Margarita Vorontsova": "Q18881450", "Valentina Nasonova": "Q4313958", "Mavlutova Munavara": "Q65334604", "Ulla Bengtsson": "Q75096427", "Irina Markova": "Q27016657", "\u0424\u0435\u0434\u044e\u043a\u043e\u0432\u0430 \u041c\u0430\u0440\u0438\u044f \u0410\u043d\u0434\u0440\u0435\u0435\u0432\u043d\u0430": "Q91247565", "Nonna Ausk\u00e1": "Q50809729", "Anna Paramonova": "Q89497350", "Mar\u00eda Antonieta Rebollo": "Q29054680", "Majda Furlan": "Q12795467", "Larisa Zhuruli": "Q61961515", "Maria Rondoma\u0144ska": "Q61040222", "Barbara Szurig-Werner": "Q111468815", "Helga Kangro": "Q17361906", "Gisela Enders": "Q29966207", "Aleksandra Buvanova": "Q18401293", "Zora Antalovsk\u00e1": "Q83838580", "Vyera Linkyevich": "Q13029049", "Valentina Nersisyan": "Q24037097", "Etelka Szab\u00f3 Adorj\u00e1n": "Q12816170", "\u0414\u04d9\u04af\u043b\u04d9\u0442\u0448\u0438\u043d\u0430 \u0413\u04e9\u043b\u0441\u0438\u0440\u04d9 \u0411\u0443\u043b\u0430\u0442 \u04a1\u044b\u0499\u044b": "Q65334390", "Henryka Ma\u0142dyk": "Q52670117", "\u0411\u0430\u0437\u0430\u0440\u043d\u043e\u0432\u0430 \u041c\u0430\u0440\u0456\u044f \u0410\u043d\u0442\u043e\u043d\u0456\u0432\u043d\u0430": "Q123531513", "Kl\u00e1ra Ambrus": "Q24845046", "Artemia Fuentes": "Q26393741", "Louise Kassis": "Q24845178", "Lidia Babiuch": "Q11756543", "\u0413\u0443\u0442\u043c\u0430\u043d \u041b\u0454\u043d\u0430 \u0411\u043e\u0440\u0438\u0441\u0456\u0432\u043d\u0430": "Q123421072", "Waltraut Kruse": "Q2547662", "Urszula Radwa\u0144ska": "Q60318960", "Gohar Ghukasyan": "Q27058258", "Maria Sadowska-Wr\u00f3blewska": "Q60833498", "\u041c\u0430\u0440\u044b\u043d\u0430 \u0406\u0432\u0430\u043d\u0430\u045e\u043d\u0430 \u041b\u044f\u0433\u0435\u043d\u0447\u0430\u043d\u043a\u0430": "Q62774421", "Tirza Cohen": "Q60693805", "Rita Aleksanyants": "Q66424665", "\u041d\u0438\u043a\u043e\u043b\u0430\u0435\u0432\u0430 \u0412\u0435\u0440\u0430 \u0421\u0435\u043c\u0451\u043d\u043e\u0432\u043d\u0430": "Q30345847", "\u041a\u0440\u044b\u043b\u043e\u0432\u0430 \u041d\u0438\u043d\u0430 \u0413\u0435\u043e\u0440\u0433\u0438\u0435\u0432\u043d\u0430": "Q93497321", "Kl\u00e1ra A. Pfeifer": "Q108101575", "Srbuhi Yeramyan": "Q87453396", "Galina Zhukova": "Q4181431", "Biruta F\u0105frowicz": "Q51830223", "Mette Warburg": "Q19731788", "Edit Beregi": "Q112352574", "Lidia Romanchuk": "Q21600381", "Ofelia Trimboli": "Q11018358", "Tatyana Ivanova": "Q22918691", "Halina J\u0119drzejewska": "Q17544540", "Gerta Vrbov\u00e1": "Q19828166", "\u0420\u0430\u0434\u0438\u043e\u043d\u0447\u0435\u043d\u043a\u043e \u0410\u043d\u043d\u0430 \u0410\u043b\u0435\u043a\u0441\u0435\u0435\u0432\u043d\u0430": "Q60826110", "Claude Maillard": "Q15406905", "Bracha Ramot": "Q6775215", "Alina Dobrza\u0144ska": "Q112767384", "Gertrud Keck": "Q51880214", "Pauline Dubuisson": "Q3372709", "Alla Iljinitschna Ljowuschkina": "Q28664767", "Madeleine Natanson": "Q16263147", "Erika Freeman": "Q79754616", "Ingeborg Bayer": "Q1662862", "Bo\u017cena Raszeja-Wanic": "Q62603969", "Truus Postma": "Q2854847", "Inge Hegeler": "Q4953223", "Elli Jansson": "Q16985786", "M\u00e1rta Bal\u00e1zs": "Q110828902", "Galina \u0130brahimova": "Q86664598", "Colette Chiland": "Q36309089", "Maria Sieniawska": "Q11769145", "Mary Zeldenrust-Noordanus": "Q13817405", "Teresa Socha-Lisowska": "Q3518354", "Rusudan Bulusashvili": "Q116842534", "Ilse Barande": "Q15973478", "Alicja Graczykowska-Koczorowska": "Q14918058", "Sabina Kotlarek-Haus": "Q9332573", "\u0425\u04d9\u0431\u0438\u0440\u043e\u0432\u0430 \u0492\u04d9\u043b\u0438\u043c\u04d9 \u0424\u04d9\u0442\u04a1\u0443\u043b\u043b\u0430 \u04a1\u044b\u0499\u044b": "Q56041336", "Zoia Butenko": "Q12085915", "Yevheniia Leshchuk": "Q15965988", "Sabina Chyrek-Borowska": "Q112652669", "P. Sridevi": "Q16317426", "Elvira Lux": "Q1159983", "Elza Agababova": "Q16166011", "\u0411\u0435\u043b\u044f\u043a\u043e\u0432\u0430 \u041b\u0438\u0434\u0438\u044f \u0418\u0432\u0430\u043d\u043e\u0432\u043d\u0430": "Q78114726", "Mar\u00eda de Lourdes Gallango": "Q28924645", "Janina Rafa\u0142owska": "Q85134615", "Kerstin Hall": "Q4952108", "Eva Giberti": "Q5852514", "Barbara Emeryk-Szajewska": "Q110072475", "Ingeborg Retzlaff": "Q13492331", "Anna Berggren": "Q4938420", "Ellen Gibbels": "Q15450395", "Claudine Amiel-Tison": "Q55950397", "Lia Kamalyan": "Q20513910", "Krystyna Ilmurzy\u0144ska": "Q104187150", "Dina Mukhamedovna Tabeeva": "Q39388989", "Susanna Pshonik": "Q17043478", "Valentyna Yevdokymivna Dashkevych": "Q123518541", "Yelena Korneva": "Q16665863", "Valeria Gourieva": "Q19468085", "Teresa Grzegorczyk-Skibi\u0144ska": "Q11836901", "Hanna Cera\u0144ska-Goszczy\u0144ska": "Q47135685", "Krystyna Kubicka": "Q16569613", "Janina Suchorzewska": "Q106587770", "Barbara Krupa-Wojciechowska": "Q106485524", "El\u017cbieta \u0141aniewska-\u0141ukaszczyk": "Q9253322", "Danuta Wierzbicka": "Q9201770", "Maria Dmochowska": "Q11768807", "\u00c9lisabeth Zucman": "Q108857599", "Janina Bogus\u0142awska-Jaworska": "Q59784206", "Wanda Rydlewska-Sadowska": "Q85131980", "Louiz Fov-Hovhannisyan": "Q22665531", "Halina Adamska-Dyniewska": "Q111218979", "Yardena Ovadia": "Q114290413", "Anita Stenberg": "Q21578737", "Laura Manukyan": "Q63457330", "Pirjo M\u00e4kel\u00e4": "Q17296415", "Hanna Dziatkowiak": "Q64295748", "Barbro Beck-Friis": "Q4987339", "\u041a\u0440\u044e\u0447\u043a\u043e \u0410\u043b\u0435\u043a\u0441\u0430\u043d\u0434\u0440\u0430 \u0418\u043b\u044c\u0438\u043d\u0438\u0447\u043d\u0430": "Q91152492", "Danuta Naruszewicz-Lesiuk": "Q88503835", "\u041d\u0435\u043b\u043b\u0438 \u0418\u0432\u0430\u043d\u043e\u0432\u043d\u0430 \u041a\u043e\u043b\u044b\u0447\u0435\u0432\u0430": "Q12556121", "Estela Raquel Gim\u00e9nez": "Q27980726", "Eugenia Ivanovna Marova": "Q62757671", "Miros\u0142awa Narkiewicz": "Q97273869", "Haidi Streletz": "Q104025", "Kl\u00e1ra Alm\u00e1si": "Q110268586", "Laurence A. Harker": "Q112394380", "Christiane Olivier": "Q1082782", "Elmira Gevorgyan": "Q22665486", "Marie Bromberg": "Q27891168", "\u0410\u043b\u0435\u043d\u0430 \u0423\u0441\u0446\u0456\u043d\u0430\u045e\u043d\u0430 \u041b\u0443\u043a\u0430\u0448\u044d\u0432\u0456\u0447": "Q85682810", "Liv Aagot Hundevadt": "Q86066960", "Maria Savula": "Q20069617", "Magda Farkas": "Q996338", "Barbara Lecewicz-Toru\u0144": "Q112765050", "Joanna Salamon": "Q11727516", "L\u012bga Ruperte": "Q13715555", "Elana Konstantinovna Yanenko": "Q56438271", "Presentaci\u00f3n S\u00e1ez de Descatllar": "Q20101723", "\u0411\u04d9\u043a\u0435\u0440\u043e\u0432\u0430 \u04d8\u043c\u0438\u043d\u04d9 \u0492\u04d9\u0439\u0444\u0443\u043b\u043b\u0430 \u04a1\u044b\u0499\u044b": "Q65334252", "Zdzis\u0142awa Bem": "Q110464384", "Ana Mar\u00eda Rizzuto": "Q482668", "Ginette Michaud": "Q21073380", "Maura O'Donohue": "Q1911173", "Angelita Habr-Gama": "Q9615295", "Julija Brazauskien\u0117": "Q10415285", "Helena Teede": "Q53059518", "Mioara Mincu": "Q18541892", "Mar\u00eda Luz Terrada Ferrandis": "Q29574782", "Ida Kinalska": "Q11710959", "Abigail Feitosa": "Q28758845", "Helmtraut Arzinger-Jonasch": "Q47307322", "Helena \u0141angowska-Adamczyk": "Q97719180", "Anna Kasperlik-Za\u0142uska": "Q23449317", "Birgit Sk\u00f6ldenberg": "Q116505114", "Joaquima J\u00fadez i Fageda": "Q11928145", "B\u00e9atrice Ahyi Aguessy": "Q111341641", "Florence Guignard": "Q29960659", "Maria Starzycka": "Q17864548", "Stella Vardanyan": "Q63985572", "Rasma Kaju": "Q97232495", "\u0418\u0432\u0430\u043d\u043e\u0432\u0430 \u0412\u0435\u0440\u0430 \u0412\u0430\u0441\u0438\u043b\u044c\u0435\u0432\u043d\u0430": "Q74405119", "Zofia Krasicka-Domka": "Q9391787", "Marina Brilliant": "Q4096510", "\u0644\u0641\u062a\u064a\u0629 \u0627\u0644\u0633\u0628\u0639": "Q28717018", "Lira Minhacetdinev\u00e4": "Q99435620", "Ewa Otto-Buczkowska": "Q112430002", "Barbara Iwaszkiewicz-Bilikiewicz": "Q81216552", "\u0411\u0443\u0436\u0456\u0454\u0432\u0441\u044c\u043a\u0430 \u0422\u0430\u043c\u0430\u0440\u0430 \u0406\u0432\u0430\u043d\u0456\u0432\u043d\u0430": "Q123553199", "Nine Ipekchyan": "Q27441540", "Krystyna de Walden-Ga\u0142uszko": "Q11748808", "Erika Drees": "Q1354339", "Ilona M\u00e1rtha-Papp": "Q1212409", "Hristina Mateeva": "Q22132977", "Galina Poskryobysheva": "Q4373685", "Martha Rosenberg": "Q106941129", "Teresa Widomska-Czekajska": "Q96636457", "Maria Hrabowska": "Q11768901", "Liv Hatle": "Q11986527", "Kirsti Ala-Harja": "Q5414139", "\u041a\u0440\u044e\u043a\u043e\u0432\u0430 \u0410\u043d\u0442\u043e\u043d\u0438\u043d\u0430 \u042f\u043a\u043e\u0432\u043b\u0435\u0432\u043d\u0430": "Q91991576", "Valentina Y. Latysheva": "Q28754017", "Ewa Pronicka": "Q20640342", "Anna Jakubiec-Puka": "Q60833767", "Emma Zueva": "Q97660742", "Zjanar Gabidenovna Moestafina": "Q12555268", "Mary Anna Barbey": "Q3296132", "Eva G\u00f6ncz\u00f6l": "Q86761237", "Nika Strzemi\u0144ska": "Q11792014", "Sidra Stone": "Q3483364", "Pilar Citoler": "Q21405836", "\u0410\u0441\u0442\u0430\u0444\u044c\u0435\u0432\u0430 \u0422\u0430\u043c\u0430\u0440\u0430 \u0410\u0440\u043a\u0430\u0434\u044c\u0435\u0432\u043d\u0430": "Q89801997", "Maria Korzon": "Q116077333", "Mitsuko Masui": "Q11429131", "Helena Kl\u00edmov\u00e1": "Q24352526", "Zhanna Vozianova": "Q12090197", "Isa Halvarsson": "Q4952263", "Anita Br\u00e5kenhielm": "Q4941081", "Ildik\u00f3 B\u00e1r\u00e1nyin\u00e9 L\u00e1szl\u00f3": "Q853538", "Adel Tadevossyan": "Q27955312", "Maria Trzci\u0144ska-Fajfrowska": "Q11769204", "Lidia Kozenitzky": "Q12408674", "Ligia Urnia\u017c-Grabowska": "Q11756725", "Bogus\u0142awa Baranowska": "Q23670135", "Sonia Hecker": "Q50379712", "Olena Antoniv": "Q12078670", "Krystyna Zawilska": "Q66835728", "Ma\u0142gorzata Krasi\u0144ska": "Q1343615", "Maria Krzemi\u0144ska-Paku\u0142a": "Q68368689", "Barbara Zahorska-Markiewicz": "Q26973409", "Laura Tadevosyan": "Q28148046", "Auli Toivanen": "Q11853433", "Gisela Fischer": "Q19284144", "Tiina Talvik": "Q24546004", "Marie Lin": "Q11105928", "Magda Seres-Sturm": "Q5663633", "Mar\u00eda del Carmen Maroto Vela": "Q19508313", "Alina Romanenko": "Q4397064", "Thea Bauriedl": "Q7064576", "Lyudmila Goryachkina": "Q62734064", "El\u017cbieta Malicka": "Q9253201", "Ulla J\u00e4rvilehto": "Q11899453", "Ewa Mayzner-Zawadzka": "Q16544509", "Airi V\u00e4rnik": "Q18752956", "Wies\u0142awa Tracz": "Q68368701", "Nina Trekova": "Q62896408", "Kateryna Bohomolez": "Q85988785", "Birgit Angmar-M\u00e5nsson": "Q20907368", "Danuta Dzier\u017canowska": "Q55479642", "Claire Nihoul-F\u00e9k\u00e9t\u00e9": "Q33205872", "Jolanta Wadowska-Kr\u00f3l": "Q55391562", "Gunvor Ahlborg": "Q16157128", "Waltraud Deckelmann": "Q2547592", "Tamara Leta": "Q4260008", "Aneta Rama": "Q98102806", "Teresa Adamek-Guzik": "Q9357252", "Kristin Aspelund": "Q106232158", "Jadwiga S\u0142owi\u0144ska-Srzednicka": "Q23670134", "Izaskun Etxetxipia Goiburu": "Q106595687", "Aulikki Nissinen": "Q27588762", "Kalina Kawecka-Jaszcz": "Q64868051", "Maja Wicki-Vogt": "Q27588525", "Judit Cseh\u00e1k": "Q15838619", "Simona Argentieri": "Q60301915", "\u00c9liane Gluckman": "Q3587692", "So\u0148a Nev\u0161\u00edmalov\u00e1": "Q12055524", "\u00c8leonora Mikha\u00eflovska\u00efa": "Q51882472", "Aija \u017dilevi\u010da": "Q20796883", "Nelli Aghajanova": "Q88681968", "Marja-Riitta Taskinen": "Q18246437", "Yuliya Belyanchikova": "Q4083613", "Ildik\u00f3 Vizi": "Q15094354", "Claudette Coorens": "Q17350513", "Elsa Noem\u00ed Grassano": "Q57456133", "Klara D\u00f3zsa-Farkas": "Q22109590", "Katalin K\u00f6ves": "Q39068138", "\u0414\u04d9\u04af\u043b\u04d9\u0442\u0431\u0430\u0435\u0432\u0430 \u0412\u0435\u043d\u0435\u0440\u0430 \u0492\u0438\u043b\u0435\u043c\u0445\u0430\u043d \u04a1\u044b\u0499\u044b": "Q106728668", "Irena Frydecka": "Q96642876", "Maria Trusz-Gluza": "Q110895948", "Angela D'Angelo": "Q42947605", "Fr\u00f8ydis Langmark": "Q11970458", "Gundl Kutschera": "Q17353123", "Bela Denisenko": "Q4157913", "Danuta Karczewicz": "Q20021240", "Nina Arefyeva": "Q90863379", "Hildegunde Piza-Katzer": "Q1618425", "Sophie D. Foss\u00e5": "Q17059251", "\u0417\u0430\u043a\u0438\u0440\u043e\u0432\u0430 \u04d8\u043b\u04d9\u0440\u04d9 \u041d\u0443\u0440\u043c\u04e9\u0445\u04d9\u043c\u04d9\u0442 \u04a1\u044b\u0499\u044b": "Q65334422", "Lyudmila Postoyalko": "Q17317976", "Sigrid Poser": "Q2285309", "\u041a\u04d9\u043b\u0438\u043c\u0443\u043b\u043b\u0438\u043d\u0430 \u041b\u0438\u043b\u0438\u04d9 \u0411\u0430\u0440\u044b\u0439 \u04a1\u044b\u0499\u044b": "Q108935745", "Barbara Krzy\u017canowska-\u015awiniarska": "Q20918652", "Kirsten Lee": "Q4961499", "Aleksandra Gabrysiak": "Q21328384", "Elia Nunes": "Q26395822", "Anna Dmoszy\u0144ska": "Q62603971", "Heidemarie Schwermer": "Q1594115", "Miros\u0142awa Gra\u0142ek": "Q20033578", "M\u00e1ria Kopp": "Q1118715", "\u041c\u0430\u0442\u0432\u0435\u0435\u0432\u0430 \u041b\u044e\u0434\u043c\u0438\u043b\u0430 \u0418\u043b\u044c\u0438\u043d\u0438\u0447\u043d\u0430": "Q28747873", "Elke Liebs": "Q21460359", "Zemfira Makarovna Kuzmina": "Q28845727", "Ingrid Eckerman": "Q117068176", "\u041a\u043e\u0432\u0430\u043b\u044c\u043e\u0432\u0430 \u041e\u043b\u044c\u0433\u0430 \u041c\u0438\u043a\u043e\u043b\u0430\u0457\u0432\u043d\u0430": "Q65211017", "Claire Noblia": "Q2975102", "Raisa Kozdenbayeva": "Q12559665", "Milena \u010cern\u00e1": "Q95106906", "Dorothea Ridder": "Q15449107", "Andreja Kocijan\u010di\u010d": "Q18502329", "Marta Navarro": "Q57530092", "Tatiana Gierek": "Q28354437", "Grethe Birketvedt": "Q11972597", "Ewa Szczepa\u0144ska-Sadowska": "Q11697439", "Martine Laffitte-Catta": "Q21091561", "Margarita Alexandrovna Vyzhigina": "Q62718469", "Britt-Ingjerd Nesheim": "Q11962318", "Marie Svato\u0161ov\u00e1": "Q10545729", "Eva Umlauf": "Q20638981", "Alice Holzhey-Kunz": "Q117989", "Verena Kast": "Q2515260", "Antonia Ar\u00e1nega Jim\u00e9nez": "Q105754632", "Mateja Ko\u017euh-Novak": "Q18642952", "Olga Bertomeu": "Q23939794", "Zsuzsa Ro\u0219ca Bonczos": "Q20480280", "\u00c9va Szab\u00f3": "Q1293829", "Anna Cz\u0142onkowska": "Q16529091", "Diana S. Rabinovich": "Q106613406", "Oleksandra Gongadze": "Q12174312", "\u0422\u0435\u0440\u0435\u0493\u043e\u043b\u043e\u0432\u0430 \u0417\u04d9\u043a\u0438\u04d9 \u0421\u04d9\u0493\u04d9\u0499\u04d9\u0442 \u04a1\u044b\u0499\u044b": "Q85951570", "Mich\u00e8le Barzach": "Q3311566", "Ebba Nex\u00f8": "Q62079837", "Zsuzsa Schaff": "Q1285946", "Bente Danneskiold-Sams\u00f8e": "Q12303216", "Mercedes Ruiz Moreno": "Q21153079", "Elke L\u00fctjen-Drecoll": "Q1331539", "\u041d\u0438\u0437\u0430\u043c\u0435\u0442\u0434\u0438\u043d\u043e\u0432\u0430 \u0420\u043e\u0437\u0430\u043b\u0438\u044f \u0421\u0430\u0431\u0438\u0440\u0439\u04d9\u043d \u04a1\u044b\u0499\u044b": "Q111853632", "Liliana Grinfeld": "Q5976379", "Kerstin Uvn\u00e4s-Moberg": "Q4984130", "Wanda Romaniuk": "Q19886584", "Elizabeth Lira": "Q30331332", "Ingrid Bittner": "Q1663296", "\u0414\u0454\u043b\u044c\u0446\u043e\u0432\u0430 \u041e\u043b\u0435\u043d\u0430 \u0406\u0432\u0430\u043d\u0456\u0432\u043d\u0430": "Q123421079", "Clara Fassler": "Q29055519", "Judit M\u00e9ray": "Q1212903", "\u04d8\u043c\u0438\u043d\u0435\u0432\u0430 \u0421\u0432\u0435\u0442\u043b\u0430\u043d\u0430 \u04d8\u0445\u043c\u04d9\u0442 \u04a1\u044b\u0499\u044b": "Q106765945", "Rotraud A. Perner": "Q1687920", "Graziella Fumagalli": "Q3776075", "Silvia Bleichmar": "Q6128530", "\u0411\u043e\u0493\u0499\u0430\u043d\u043e\u0432\u0430 \u0492\u04d9\u043b\u0438\u04d9 \u041d\u04d9\u0493\u0438\u043c \u04a1\u044b\u0499\u044b": "Q108910355", "\u0423\u0440\u0430\u0437\u0430\u0435\u0432\u0430 \u0420\u043e\u0437\u0430 \u0417\u04d9\u0439\u043d\u0443\u043b\u043b\u0430 \u04a1\u044b\u0499\u044b": "Q75171172", "Madeleine Rohlin": "Q4975244", "Isabel Orbe": "Q9009406", "Tzila Zwas": "Q55109176", "Ewa \u017bukowska-Szczechowska": "Q47157842", "Krystyna Raczy\u0144ska": "Q17563964", "Nina Yepiskoposyan": "Q87454316", "Maria K\u0119dra-Luboi\u0144ska": "Q16334804", "Karine Sargsyan": "Q30232609", "Bogumi\u0142a Boba": "Q9175607", "Avalon Roberts": "Q4827596", "Utami Roesli": "Q16049341", "Irmeli Takala": "Q5480393", "Carola Gr\u00f6nhagen-Riska": "Q18242109", "Juliana Fari\u00f1a Gonz\u00e1lez": "Q5954774", "Jadwiga Piskorska-Pliszczy\u0144ska": "Q11715948", "Gra\u017cyna Broda": "Q16334740", "Johanna Krause": "Q21032165", "Michaela Gl\u00f6ckler": "Q29907154", "Ingrid le Roux": "Q42393537", "Mary Lee Vance": "Q108910385", "Outi Hovatta": "Q16299128", "Elisabeth Pittermann": "Q1330186", "Lyubka Valkova": "Q41555179", "Catherine Barth\u00e9l\u00e9my": "Q2941823", "\u0415\u043d\u0438\u043a\u0435\u0435\u0432\u0430 \u0421\u0432\u0435\u0442\u043b\u0430\u043d\u0430 \u04d8\u0445\u043c\u04d9\u0442 \u04a1\u044b\u0499\u044b": "Q89412590", "Ebba Wergeland": "Q16898070", "Marina Aghajanyan": "Q66689701", "Maria Gajecka-Bo\u017cek": "Q11768856", "Riitta Kauppinen": "Q11890749", "Sara Yesayan": "Q27188620", "Catherine Dolto": "Q2941896", "Elisabeth Steinhagen-Thiessen": "Q15440263", "G\u00f6lz\u00e4d\u00e4 Safiullina": "Q63103544", "\u041c\u0430\u043d\u043d\u0430\u043d\u043e\u0432\u0430 \u0424\u043b\u043e\u0440\u0430 \u0424\u04d9\u0442\u0438\u0445 \u04a1\u044b\u0499\u044b": "Q108137381", "Ludmila Viksna": "Q88580454", "Aila Rissanen": "Q106383635", "Tatyana Svyagintseva": "Q21558993", "Catherine Chabert": "Q2941853", "Sheilagh Hodgins": "Q47704464", "Marianne Leuzinger-Bohleber": "Q1896854", "Kerstin Albertsson Wikland": "Q4934775", "Ritva Vastam\u00e4ki": "Q11890988", "Koubourath Oss\u00e9ni": "Q107191315", "Anna Midelfart": "Q70520219", "Nada Pop-Jordanova": "Q25907037", "\u0428\u04d9\u04bb\u04d9\u0440\u043e\u0432\u0430 \u0421\u0430\u043d\u0438\u044f \u0412\u04d9\u043b\u0438 \u04a1\u044b\u0499\u044b": "Q111659605", "Jenny Pronczuk": "Q28007399", "Solange Louren\u00e7o Gomes": "Q17413886", "Caroline Eliacheff": "Q1044483", "Esther Tellermann": "Q3058991", "Marie-Louise Danielsson-Tham": "Q4944201", "Martine Delfos": "Q3469200", "Judith Le Soldat": "Q1229741", "Maria Rita Parsi": "Q3847478", "Maria Roszkowska-Blaim": "Q22114838", "Inesa Michaj\u0142auna Drabyszeuska": "Q21029193", "Nina Goyda": "Q57079443", "V\u011bra Roubalov\u00e1": "Q104612708", "Barbara Czarnocka": "Q48844600", "Adriana Haidar": "Q16527098", "Halina Kemona": "Q27971092", "Maria Podolak-Dawidziak": "Q63573993", "El\u017cbieta Gawrych": "Q85134172", "Agneta Nordberg": "Q63126486", "Mar\u00eda Castellano Arroyo": "Q19508726", "Kristina Narfstr\u00f6m": "Q4968951", "Maria Borszewska-Kornacka": "Q61693279", "Khalida Gantseva": "Q4133380", "Anna Castberg": "Q12301740", "Maria Pot\u0119pa": "Q11769104", "Helena Pyz": "Q11708829", "Riina Kallikorm": "Q24546272", "Suely Rolnik": "Q3502976", "Hanne N\u00f8kleby": "Q11973928", "Mich\u00e8le Rozenfarb": "Q12036861", "Maria R\u00e5stam": "Q4976287", "Virginia Ungar": "Q21105606", "Berit Austveg": "Q37929973", "Park In-sook": "Q12597014", "Barbara Czaplicka": "Q9165325", "Ellen Ombre": "Q2304703", "Ewa Marcinowska-Suchowierska": "Q24431485", "Annika Dahlqvist": "Q3616411", "Jane Flax": "Q44600589", "Hertha Richter-Appelt": "Q40932392", "Helena K\u00e4\u00e4ri\u00e4inen": "Q48239607", "Maria Domenica Cappellini": "Q56678936", "Ksenia Bykowska": "Q69898065", "Helena Lopes da Silva": "Q72973422", "Veronika \u00c1d\u00e1m": "Q1469292", "Cande\u011fer Y\u0131lmaz": "Q6035738", "Ewa Ma\u0142ecka-Tendera": "Q9256772", "Carmita Abdo": "Q9697495", "Alicja E Grzegorzewska": "Q88357819", "Bente Pakkenberg": "Q12303222", "\u00c5sa Nilsonne": "Q4969526", "Nicole Prieur": "Q62566743", "Anna Lluch i Hern\u00e1ndez": "Q19288848", "Walentyna Balwierz": "Q102361240", "Vesna Bosanac": "Q12644591", "Vera Lucia Gonzalez Teixeira": "Q97178767", "\u0428\u04d9\u0440\u04d9\u0444\u0435\u0442\u0434\u0438\u043d\u043e\u0432\u0430 \u041d\u04d9\u0437\u0438\u0440\u04d9 \u0425\u04d9\u043c\u0437\u04d9 \u04a1\u044b\u0499\u044b": "Q109059153", "Maribel Forcadas Berdus\u00e1n": "Q16334674", "Zinaida Suslina": "Q17306064", "Kirsti Malterud": "Q87413757", "Marion Strunk": "Q85103376", "Jadwiga Moll": "Q74593380", "Eva Noh\u00fdnkov\u00e1": "Q36548220", "Renate Holznagel": "Q2143413", "Kyung Ah Park": "Q16173390", "Maggie Schauer": "Q28114638", "Walentyna Mazurek": "Q33279213", "Marcia Hiriart": "Q37828725", "Anna Linda Zignego": "Q39507303", "Anna Machali\u0144ska": "Q42305515", "Agnieszka Kaplon-Cieslicka": "Q42305542", "Kathryn M. Edwards": "Q52577914", "El\u017cbieta Katarzyna Biernacka": "Q55068961", "Ewa Straburzy\u0144ska-Migaj": "Q55392903", "Tatiana Mularek-Kubzdela": "Q55392963", "Ma\u0142gorzata Pyda": "Q55392971", "Magdalena Krajewska": "Q57080482", "Irina Kowalska": "Q57320527", "Magdalena Krajewska-W\u0142odarczyk": "Q57544881", "Ewa Malecka-Panas": "Q58773772", "Katarzyna Dzier\u017canowska-Fangrat": "Q59211395", "Teresa Stachowicz-Stencel": "Q59579267", "Agnieszka \u017bebrowska": "Q60326570", "Oktawia Mazanowska": "Q60476376", "Joanna Kwiatkowska": "Q60833282", "Hanna Szwed": "Q60835432", "Montse Serra": "Q61970608", "El\u017cbieta Mierzwi\u0144ska-Nastalska": "Q62566866", "Ma\u0142gorzata \u0141awniczak": "Q63202911", "Joanna Zywiec": "Q64516578", "Marina Berenguer Haym": "Q65161967", "Anat Loewenstein": "Q66217383", "Ewa Helwich": "Q69555371", "Leokadia B\u0105k-Romaniszyn": "Q81218266", "Ewa Langwi\u0144ska-Wo\u015bko": "Q84405293", "Maria Dudziak": "Q84405360", "Iwona Gisterek": "Q85134205", "Natalia Marek-Trzonkowska": "Q85134219", "Aneta Gawlik-Starzyk": "Q85134236", "Iwona Mozer-Lisewska": "Q85134922", "Iwona Paradowska-Stankiewicz": "Q85134946", "Zyta Banecka-Majkutewicz": "Q85134991", "El\u017cbieta Radzikowska": "Q87805838", "Marzena Zieli\u0144ska": "Q91822834", "Michelle Ho": "Q110404795", "Kaija Holli": "Q11868916", "Chiara Simonelli": "Q55686140", "Nataliia Pasechnikova": "Q4346446", "Karin Nohr": "Q19285321", "Irina Chukayeva": "Q23656685", "Trini Cornellana Puigarnau": "Q117405769", "Svetlana Grigoryan": "Q28916575", "Urszula Kaczmarek": "Q59188428", "Zdzis\u0142awa Kornacewicz-Jach": "Q96758283", "Erzs\u00e9bet Ligeti": "Q18694671", "\u00c9milienne Poumirol": "Q2809967", "Maria Emilia Borysewicz-Lewicka": "Q97372211", "Antonella Maria Vittoria Afeltra": "Q67891878", "Berit Schei": "Q27062369", "Anahit Khandilyan": "Q87770149", "Catherine Bensa\u00efd": "Q2941828", "Anna Prokop-Staszecka": "Q9155591", "Kayoko Matsunaga": "Q15405951", "Claudia Croos-M\u00fcller": "Q21031988", "Anna Angelopoulos": "Q68314390", "Helena Puonti": "Q106471151", "C\u00e9cile Bomba Nkolo": "Q116200053", "Solange Olszewska": "Q6335043", "Mar\u00eda Teresa Valenzuela": "Q110101740", "Dilya Yenikeyeva": "Q4175630", "Anne Villemin-Sicherman": "Q67199724", "Maria Omarova": "Q16438127", "\u0418\u0441\u043c\u04d9\u0493\u0438\u043b\u0435\u0432\u0430 \u04d8\u043b\u0444\u0438\u04d9 \u0418\u0431\u0440\u0430\u04bb\u0438\u043c \u04a1\u044b\u0499\u044b": "Q93314906", "Slawomira Kyrcz-Krzemien": "Q114428269", "Marjukka M\u00e4kel\u00e4": "Q67984401", "Ma\u0142gorzata Koz\u0142owska-Wojciechowska": "Q80154478", "Carmen San Jos\u00e9": "Q23010374", "Sarolta K\u00e1rp\u00e1ti": "Q21264636", "Maria Beisert": "Q11768726", "Birte Yding Glenth\u00f8j": "Q29364431", "Keren Skegg": "Q123314410", "Ligia Brzezi\u0144ska-Wcis\u0142o": "Q57032478", "Nina Fiedaruk": "Q11792287", "Esperan\u00e7a Castell i Rodr\u00edguez": "Q51324306", "Anu Kasmel": "Q16406452", "Janina St\u0119pi\u0144ska": "Q56255823", "Valyantsina Kachan": "Q9370082", "El\u017cbieta P\u0142onka": "Q9253243", "Eva Brittebo": "Q4987754", "Anne D\u00f8rum": "Q17057721", "Ewa Ma\u0144kowska": "Q9256778", "Val\u00e9ria Cs\u00e9pe": "Q875675", "Julia Buj\u00e1n Varela": "Q59662946", "Magdalena Kostkiewicz": "Q62591429", "Isabella Heuser": "Q95205074", "Anna Nasierowska-Guttmejer": "Q55391569", "Belkisyole Alarc\u00f3n de Noya": "Q56612110", "Halina Dordov\u00e1": "Q9285334", "Gemala Rabi'ah Hatta": "Q25467900", "Gun Heimer": "Q19975987", "Barbara Jarz\u0105b": "Q16531491", "Rosa Giove": "Q67409916", "Claire Geraets": "Q17324146", "Karin Kraft": "Q15638809", "Tetyana Kvyatkovska": "Q27947833", "Lydia Flem": "Q3269206", "Ina Antonava": "Q11712032", "El\u017cbieta Staros\u0142awska": "Q113907300", "Minerva Malliori": "Q3566204", "Leena Bruckner-Tuderman": "Q1812122", "Silvia Marsoni": "Q42882462", "Anne Tybj\u00e6rg-Hansen": "Q52932605", "Brida von Castelberg": "Q103936496", "Elzbieta Oldak": "Q80256677", "Birgitta Evengard": "Q63696882", "Martha E. Shenton": "Q80161330", "Ruth Strasser": "Q21264598", "Lidia Puchalska-Niedba\u0142": "Q19691391", "Sonia Gaztambide": "Q89748082", "Maryalice Stetler-Stevenson": "Q90926259", "Astrid von Friesen": "Q750966", "Lucie Germain": "Q3265275", "K\u00e1tia Born": "Q10314897", "Mimi Guarneri": "Q26923703", "Harriet Finne-Soveri": "Q28028789", "Daniela Pelclova": "Q39184232", "Sylvia L. Asa": "Q39437223", "Marja Jylh\u00e4": "Q63092687", "Marianna Janion": "Q29549467", "Lina Badim\u00f3n Maestro": "Q11931953", "Anna Jegier": "Q24430654", "Kl\u00e1ra S\u00e1rk\u00f6zy": "Q3197936", "Brigitte Dr\u00e9no": "Q33269837", "Maria Albin": "Q4934800", "Marlene Kegler Krug": "Q126486", "Mar\u00eda S\u00e1inz Mart\u00edn": "Q120601662", "Maria Magdalena Heras i Fortuny": "Q17031307", "Liudmyla Yurieva": "Q4535250", "Hana Pape\u017eov\u00e1": "Q89210133", "Eleon\u00f3ra Fabi\u00e1nov\u00e1": "Q13408494", "Tatsyana Artsyushyna": "Q9353992", "Marianna Hajduska": "Q16520254", "Karineh Aroustamyan": "Q62588456", "Jutta Fiegl": "Q1419994", "Olga Haus": "Q11797861", "Elida Cangonji": "Q9252729", "Elena Gentile": "Q17152573", "Carmen Mart\u00ednez Ten": "Q5752599", "Patricia Ann Harding": "Q6066422", "Inger Nj\u00f8lstad": "Q29999957", "Robyn E O'Hehir": "Q38544144", "Maja-Lisa L\u00f8chen": "Q43134555", "Bo\u017cenna Dembowska-Bagi\u0144ska": "Q47460875", "Bo\u017cena Werner": "Q59685607", "Beate Herpertz-Dahlmann": "Q67355914", "Jenny de la Torre Castro": "Q771111", "Catherine Bergeret-Amselek": "Q2941832", "Brigitte Autran": "Q15406961", "Hantanirina Rasamimanana": "Q105391974", "Teresa Jackowska": "Q26973390", "Zdenka Ul\u010dov\u00e1-Gallov\u00e1": "Q95392040", "Magdalena Durlik": "Q11766017", "Signe Flottorp": "Q18601475", "Ulrike Brandenburg": "Q1675546", "Erika Franke": "Q1312878", "Cornelia Weyand": "Q87638981", "Ewa \u0141ojkowska": "Q61628498", "Maija-Riitta Hirvonen": "Q80992833", "Livia Azzariti": "Q3835536", "Ljubov Michaylovna Tsvetova": "Q60836968", "Anita Riecher-R\u00f6ssler": "Q550833", "V\u011bra Ad\u00e1mkov\u00e1": "Q42311480", "Susan O'Brien": "Q66370727", "Galia Rahav": "Q88798024", "Dominika Jana Bohu\u0161ov\u00e1": "Q95078505", "Ma\u0142gorzata Tafil-Klawe": "Q11772391", "Chefa Alonso": "Q13560476", "Curie Ahn": "Q16084618", "Jo\u017eica Mau\u010dec Zakotnik": "Q18508066", "Carmen Ayuso": "Q43117839", "Gunilla Kleiverda": "Q45838220", "Touria Skalli": "Q50366932", "Elba Veleiro": "Q64629493", "Hannelore Ehrenreich": "Q1575862", "Anna-Leena Sir\u00e9n": "Q18224131", "Annamari Ranki": "Q18245258", "\u041c\u0430\u043d\u043d\u0430\u043f\u043e\u0432\u0430 \u0420\u04d9\u043c\u0437\u0438\u04d9 \u0422\u0438\u043c\u0435\u0440\u0493\u04d9\u043b\u0435 \u04a1\u044b\u0499\u044b": "Q30345969", "Anne-Claude Cr\u00e9mieux": "Q33295081", "Montserrat Garcia Balletb\u00f3": "Q18565645", "Zdenka \u010ceba\u0161ek Travnik": "Q12806562", "Erika Isolauri": "Q23039746", "Gerda Mehta": "Q1510996", "Merete Nordentoft": "Q30456284", "Marli Huijer": "Q2050967", "Renata C\u00edfkov\u00e1": "Q46327403", "Ildik\u00f3 Albert": "Q20479570", "Carme Junqu\u00e9": "Q38641038", "Iwona K\u0142oszewska": "Q38633661", "Muriel Salmona": "Q21964287", "Lucia Castello Branco": "Q20048716", "Karin R\u00f6ding": "Q4976295", "Lesia Romanchuk": "Q12148698", "Baiba Rozentale": "Q9164261", "Iris Bar On": "Q16338440", "Anne De Paepe": "Q13429701", "Iva Holmerov\u00e1": "Q16773154", "Bo\u017cena Romanowska-Dixon": "Q17864547", "Joanna Szymkiewicz-Dangel": "Q11727542", "\u0414\u0430\u0443\u044b\u0442\u043e\u0432\u0430 \u0417\u0435\u043c\u0444\u0438\u0440\u0430 \u04d8\u0445\u0438\u04d9\u0440 \u04a1\u044b\u0499\u044b": "Q99434559", "Alina Bakunowicz-\u0141azarczyk": "Q20028284", "Dolores Serrat Mor\u00e9": "Q8561502", "Marta Misiuk-Hoj\u0142o": "Q17864542", "Ute Ehrhardt": "Q18609016", "Fida Al-Hourani": "Q22689024", "Maria Cinta Cid Xutgl\u00e0": "Q44062339", "Luisa Fernanda Mart\u00ednez de Haro": "Q57606104", "Phyllis Butow": "Q67471190", "Jolanta Torzecka": "Q97373795", "\u041c\u0443\u0441\u0438\u043d\u0430 \u0424\u043b\u0430\u0440\u0438\u0441\u0430 \u0421\u0430\u0431\u0438\u0440\u0439\u04d9\u043d \u04a1\u044b\u0499\u044b": "Q111856269", "\uc464\uc8fc\ub8fd": "Q114690496", "Kathrin Sonnenholzner": "Q1349548", "Alicia de Miguel Garc\u00eda": "Q11905042", "Caroline Gordon": "Q58049734", "Mijna Hadders-Algra": "Q67426165", "Konat\u00e9 Suzanne Ma\u00efga": "Q85984030", "Yolanda L\u00f3pez Vidal": "Q18417627", "\u0424\u04d9\u0439\u0437\u0443\u043b\u043b\u0438\u043d\u0430 \u0420\u0435\u0437\u0435\u0434\u0430 \u041c\u0430\u043d\u0441\u0430\u0444 \u04a1\u044b\u0499\u044b": "Q93479236", "Annick Jacquemet": "Q63766536", "Kateryna Amosova": "Q12128009", "Odile Buisson": "Q15407448", "Mar\u00eda Eugenia Sader": "Q4141503", "Larysa Vyarshalovich": "Q9394020", "Pilar Dughi": "Q41961254", "Gunn-Elin Aa. Bj\u00f8rneboe": "Q11973273", "Anny Schneider": "Q2851815", "Kaisu Pitk\u00e4l\u00e4": "Q57292429", "Harriet Wallberg-Henriksson": "Q4990124", "Dominique Stoppa-Lyonnet": "Q16629677", "Amparo Botejara Sanz": "Q27999126", "Turid Jorunn Thune": "Q12719183", "Gabriele Sprickler-Falschlunger": "Q1490592", "Zoya Lazaryan": "Q20507329", "Martine Mergen": "Q13104062", "Ingrid Pabinger-Fasching": "Q1323266", "Bella Kaufman": "Q106829524", "Brigitte Schlegelberger": "Q916643", "Mari J\u00e4rvelaid": "Q12369736", "\u00c1gnes Forr\u00f3": "Q12357111", "Sylvie M. Jema": "Q47373081", "Bente Klarlund Pedersen": "Q12303219", "Jitka Ulrichova": "Q61168250", "Chiara Castellani": "Q3667474", "Barbara G\u00f3rnicka": "Q62615376", "Donatella Marazziti": "Q27149392", "Ingrid Hanu\u0161ov\u00e1": "Q95169885", "Dorota Sumi\u0144ska": "Q9210251", "Helena Zi\u00f3\u0142kowska": "Q23071990", "Ma\u0142gorzata Gietka-Czernel": "Q24430786", "Lenka Foretov\u00e1": "Q30830691", "Paz Toren": "Q35386194", "Magda Campins Mart\u00ed": "Q56808270", "Anna Fija\u0142kowska": "Q59785657", "Barbara Traub": "Q110295868", "Susan R. Davis": "Q38644278", "Barbara Ma\u0142ecka": "Q91119587", "Ewa Nowak-Markwitz": "Q91785774", "Ana de Staal": "Q52566220", "Christa Sedlatschek": "Q61993975", "Maria-Luise Mathiaschitz": "Q19971298", "Liselotte H\u00f8jgaard": "Q28520613", "Gaye Usluer": "Q25474936", "El\u017cbieta Krajewska-Ku\u0142ak": "Q9253185", "Ursula Nonnemacher": "Q2501779", "Irina Yevtushenko": "Q30880619", "Daniela Ostatn\u00edkov\u00e1": "Q20908774", "Marina Margaryan": "Q87244079", "Carolina Ciacci": "Q56380026", "Florence Lassarade": "Q41545911", "Esther Tayie Ngubi Tallah": "Q23044267", "Saliya Murzabayeva": "Q20605035", "Andrea Pfeifer": "Q24951466", "Pilar Grande": "Q6075800", "Laimut\u0117 Matkevi\u010dien\u0117": "Q28371206", "Marcella Rietschel": "Q20742720", "Irena Moudr\u00e1 W\u00fcnschov\u00e1": "Q22303323", "Concha Colomer": "Q5780961", "Hae-Sim Park": "Q12597311", "Francine Mayran": "Q17350776", "Gra\u017cyna Rydzewska": "Q20030519", "Rita Schmutzler": "Q21264574", "Kathleen M. Carroll": "Q44263688", "Tuula Salo": "Q55360585", "Maria Alicja D\u0119bska-\u015alizie\u0144": "Q67979217", "Alicja Grzanka": "Q85921882", "Yeon Lim Suh": "Q89438084", "Claire-Anne Siegrist": "Q64006386", "Basimat Musa": "Q11045122", "Kati Myllym\u00e4ki": "Q28720754", "Gunda Leschber": "Q104821900", "Veronika Ter\u00e9zia Rackov\u00e1": "Q24136371", "Clara L. Harris": "Q47581039", "\u0417\u04d9\u0443\u0440\u0435\u0448 \u0414\u0436\u0443\u043c\u0430\u043d\u0430\u043b\u0438\u049b\u044b\u0437\u044b \u0410\u043c\u0430\u043d\u0436\u043e\u043b\u043e\u0432\u0430": "Q60837638", "Tuija Nurmi": "Q11898453", "Aneta Krogulska": "Q92690022", "Carola Lemne": "Q16595593", "Anastasia Kotanidou": "Q42204471", "El\u017cbieta Dembowska": "Q61946807", "Iwona Grabska-Liberek": "Q19697895", "Mona Mina": "Q12245856", "Olesia Hulchiy": "Q12098358", "Wies\u0142awa Grajkowska": "Q57637804", "Anne Tj\u00f8nneland": "Q28356235", "Hanna Nohynek": "Q101444623", "Kyung-Ja Cho": "Q116763965", "Larisa Bahdanovich": "Q9394017", "Mar\u00edlia Pinto": "Q10327092", "Mai Rosenberg": "Q12369497", "Natsumi Higa": "Q11547421", "Ekaterina Tityanova": "Q61137947", "Margaret Zaleski-Zamenhof": "Q65089774", "Gloria Polo": "Q10290183", "Eva M\u00fcckstein": "Q15808914", "Martina Gredler": "Q1404911", "Pilar Farjas": "Q12397668", "Afroditi Stampouli": "Q19204726", "Johanna Kuusisto": "Q28516669", "Ghada Hatem-Gantzer": "Q29535430", "Zofia Bili\u0144ska": "Q48861383", "Martina C. Cornel": "Q59206152", "Pirjo Ilanne-Parikka": "Q86871378", "Ver\u00f3nica Casado": "Q93136081", "Ewa Wender-O\u017cegowska": "Q90472405", "Stephanie Dancer": "Q29642527", "Damayanti Rusli Sjarif": "Q11168409", "Bojana Beovi\u0107": "Q89561883", "Viveka Frykman": "Q51837606", "Melinda Kov\u00e1cs": "Q72143184", "P\u00e4ivi Peltom\u00e4ki": "Q41787886", "Alena \u0160romov\u00e1": "Q18061241", "Ruth Kn\u00fcchel-Clarke": "Q2177653", "Wanda de Kanter": "Q60475997", "Edit Buz\u00e1s": "Q71983145", "Violetta Skrzypulec-Plinta": "Q64295835", "Cecilia Guariglia": "Q43094174", "Sandra Margaret Burrows": "Q21506708", "Zofia Dzieli\u0144ska": "Q56337711", "Pirjo Nuutila": "Q64438300", "Anna Gotz-Wi\u0119ckowska": "Q19691268", "Blagorodna Bojad\u017eieva": "Q105821939", "Balasanyan Marine": "Q89422341", "Mari Luz Esteban Galarza": "Q42911353", "Pilar Fern\u00e1ndez Pardo": "Q6075786", "Elena D\u00edaz Ere\u00f1o": "Q111064559", "Elena Carreras": "Q54936496", "Ursula Schmidt-Erfurth": "Q56524114", "Sofie Hexeberg": "Q115183798", "Korinna Huber": "Q117223417", "Birgit Meyer": "Q865281", "Mar\u00eda \u00c1ngeles Mu\u00f1oz Uriol": "Q6173697", "Barbara Do\u0142\u0119gowska": "Q61942784", "Mar\u00eda Victoria Lareu": "Q100348227", "Marion Kiechle": "Q1899177", "Verena Stangl": "Q104549068", "Sabine Herpertz": "Q27256842", "Siegal Sadetzki": "Q30527442", "Marina Pollan": "Q51579203", "Anna-Elina Lehesjoki": "Q30500570", "Reetta K\u00e4lvi\u00e4inen": "Q42305503", "Maria Dagli": "Q42873804", "Guadalupe Mart\u00edn Gonz\u00e1lez": "Q27758364", "Anita Olejek": "Q64295798", "Marleen Boelaert": "Q28817180", "Marina Tuutma": "Q97285805", "Gyultekin Askerova": "Q4071296", "Naira Khudaverdyan": "Q87654400", "Alena Dzikawicka": "Q9147007", "Eva Maria Palau i Gil": "Q11921337", "Thea Koch": "Q21264786", "Sare Davuto\u011flu": "Q23920473", "France L\u00e9gar\u00e9": "Q28324521", "Marina \u00c1lvarez Benito": "Q30171415", "Inge Paulini": "Q51577943", "Euphrosyne Gouzoulis-Mayfrank": "Q67672706", "Marta Cohen": "Q42632763", "Petra Tesa\u0159ov\u00e1": "Q62523814", "Deborah M. Power": "Q42595861", "Karen Velez": "Q15487917", "Dorota Krasowska": "Q90864896", "Soraya Manato": "Q60782571", "Hanna Lawicka": "Q9286002", "Britta Konradt": "Q65770008", "Claudia Spies": "Q1097806", "Svyatlana Shylava": "Q9348622", "Marta Wawrzynowicz-Syczewska": "Q66007222", "Patricia Janody": "Q3369109", "\u0411\u0443\u0440\u0430\u043d\u0493\u043e\u043b\u043e\u0432\u0430 \u0410\u043b\u044c\u0431\u0438\u043d\u0430 \u0412\u0430\u043d\u0446\u0435\u0442 \u04a1\u044b\u0499\u044b": "Q106813353", "Marta Gonz\u00e1lez G\u00f3mez": "Q110270068", "Gjulistana \u041c\u0430rkovska": "Q17431825", "Anna Che\u0142mo\u0144ska-Soyta": "Q65621767", "Anna Miranda i Torres": "Q11905652", "Svetlana Maksimova": "Q24642452", "Liana Aleksanyan": "Q88484012", "Eva Henriette Mohn": "Q11968140", "Peggy Chen": "Q18669033", "Mirjam Kalland": "Q63138731", "Valerie Verdier": "Q42624141", "Marie Rose Moro": "Q3292770", "Irina Chazova": "Q56223975", "Magdalena Filgerowicz": "Q106026254", "Cornelia Matzke": "Q1133375", "Kirsten Schmieder": "Q1504218", "Raja Ben Slama": "Q12213139", "Anne-Marie Veds\u00f8 Olesen": "Q12301803", "Ina K\u00f6tter": "Q19859604", "Marta E Alarc\u00f3n-Riquelme": "Q28751753", "Isabelle Arnulf": "Q30500707", "Outi Kuittinen": "Q41600082", "Africa Gonz\u00e1lez Fern\u00e1ndez": "Q42805982", "Nora Sz\u00e1sz": "Q65594001", "Eva Meisenzahl": "Q70896937", "Lourdes Lled\u00f3 Garc\u00eda": "Q90773078", "Mariola Ropacka-Lesiak": "Q114333807", "Lisa Niederreiter": "Q116009436", "Berta Tricio G\u00f3mez": "Q5727108", "Deborah K. Levine": "Q37830595", "Kyong Ran Peck": "Q38641275", "Pia Bosch i Codol\u00e0": "Q11941420", "Gunilla Hasselgren": "Q24019323", "Ilse Sand": "Q104630076", "Ellen Laan": "Q47088885", "Leila Ameddah": "Q3229173", "Mieke Kerkhof": "Q17300179", "Ma\u0142gorzata Wrochna": "Q59914479", "Anisa Markarian": "Q11038850", "Kate\u0159ina Cajthamlov\u00e1": "Q14541736", "Urszula Demkow": "Q87115735", "Petra Wolf": "Q90156789", "Nila Zborovs\u02b9ka": "Q12106303", "Ma\u0142gorzata Peregud-Pogorzelska": "Q91715699", "Tatiana Zybizova": "Q55085174", "Antonella Polimeni": "Q59033045", "Caroline Robert": "Q41784107", "Andrea Szenes": "Q1620573", "Fabiola Mansur": "Q59205501", "Marjo Renko": "Q40087024", "Katalin Varga": "Q15353296", "Rosellina Sbrana": "Q55281563", "Melinda Gy\u00f6ngyi Sz\u00e9kely": "Q12816385", "Carmen Mart\u00ednez Ramirez": "Q5484087", "Marja J\u00e4\u00e4ttel\u00e4": "Q19507915", "Monika Modrzejewska": "Q19691348", "Jasmina Hanjali\u0107": "Q25917177", "Nekane Murga": "Q62070535", "Kimberlee Gauvreau": "Q64515661", "Ana Mar\u00eda Garc\u00eda Garc\u00eda": "Q93277435", "Beata Kos-Kud\u0142a": "Q58446548", "Jana Kl\u00e1nov\u00e1": "Q60158777", "Sook-Hyang Jeong": "Q88677490", "Helga Refsum": "Q11974765", "Alla Boichuk": "Q106812448", "Puerto Gallego": "Q6092069", "Natalla Klimowicz": "Q14918190", "Ceuci Nunes": "Q112061952", "Bita Esmaeli": "Q28059237", "Ivana \u0160t\u011btk\u00e1\u0159ov\u00e1": "Q13411262", "Frauke Zipp": "Q21259942", "Ir\u00e8ne Frachon": "Q3154643", "Ewa Toporowska-Kowalska": "Q120054663", "Margarita Sergeyecheva": "Q4416984", "Luc\u00eda Artazcoz Lazcano": "Q53546619", "Leyla Namazova-Baranova": "Q29359263", "Sira Repoll\u00e9s Lasheras": "Q94440645", "Marje Oona": "Q16405976", "Ewa Mrukwa-Kominek": "Q19691349", "P\u00e4ivi Sillanaukee": "Q23698998", "Ilona Luoma": "Q57303192", "Mar\u00eda Paz Garc\u00eda-Vera": "Q86536656", "Birgit Kreipe": "Q15788744", "Cristina Cattaneo": "Q36522686", "Zohra Rasekh": "Q9391936", "Kirsten M\u00fcller-Vahl": "Q113539", "Jagoda Shahpaska": "Q31155310", "Zsuzsanna Nagy": "Q1214604", "Yee Jin Shin": "Q16084248", "Cecilia Garlanda": "Q60001307", "Laura Mela": "Q11874997", "Ildik\u00f3 Horv\u00e1th": "Q41663426", "Steffi G. Riedel-Heller": "Q86995875", "Jolanta Ma\u0142yszko": "Q29079698", "Inga Zerr": "Q67228353", "Pimpen Vejjajiva": "Q13018225", "Johanna Bj\u00f6rkroth": "Q11866658", "Dorota Niedziela": "Q11694886", "Stanis\u0142awa Gierek-Ciaciura": "Q19886586", "Konstanze D\u00f6hner": "Q66385457", "Zuzana Mo\u0165ovsk\u00e1": "Q43245118", "Denise Carvalho": "Q42722356", "Nela Sr\u0161en": "Q12638216", "Gabriella Fabbrocini": "Q87750568", "Evanthia Galanis": "Q88613246", "Irena Walecka": "Q90133692", "Susan Smyth": "Q116186055", "Anetta Undas": "Q67571752", "Virginie Masserey Spicher": "Q55491185", "Claudia Bausewein": "Q1097329", "Na\u010fa Jir\u00e1skov\u00e1": "Q24954406", "Maryna Remsza": "Q11770910", "Sevda Jafarova": "Q77700891", "Ruth Kalda": "Q24546269", "Belinda Nazan Walpoth": "Q107999743", "Johanna Olweus": "Q17106319", "Federica Cavallo": "Q37838953", "Valiantsina Kursievich": "Q99523122", "\u0413\u043e\u0433\u0443\u043d\u0441\u043a\u0430\u044f, \u0418\u043d\u043d\u0430 \u0412\u043b\u0430\u0434\u0438\u043c\u0438\u0440\u043e\u0432\u043d\u0430": "Q21663994", "\u0406\u0440\u044b\u043d\u0430 \u042d\u0434\u0443\u0430\u0440\u0434\u0430\u045e\u043d\u0430 \u041b\u0443\u043a\u0430\u043d\u0441\u043a\u0430\u044f": "Q99662210", "Fiona Gribble": "Q52588093", "Zehra Ne\u015fe Kavak": "Q27926258", "Paola Vigan\u00f2": "Q38641751", "Susanne Johna": "Q87194236", "Monika Puzianowska-Ku\u017anicka": "Q59153687", "Sigrid Harendza": "Q2285260", "Iryna Abelskaya": "Q17272381", "Hortense Slevogt": "Q21261273", "Barbara Schmalfeldt": "Q83489230", "Anna Lis-\u015awi\u0119ty": "Q59267933", "\u00c5slaug Helland": "Q38155382", "Andrea Tannapfel": "Q90124537", "Dorota Pojda-Wilczek": "Q20030330", "F\u00e1tima Cardoso": "Q38524099", "Agnieszka Szadkowska": "Q112385147", "Betti Giusti": "Q42167367", "Bego\u00f1a Garc\u00eda Arandigoyen": "Q5643942", "Rim Mahjoub": "Q23073234", "Ana Beatriz Barbosa Silva": "Q8198007", "Vessela Kristensen": "Q37344701", "Oksana Chaichuk": "Q98658708", "Synne S\u00f8rheim": "Q17111344", "Ingrid Fleming": "Q21261982", "Orly Weinstein": "Q124218768", "Silke Birgitta Gahleitner": "Q2286145", "Serenella Fucksia": "Q15621353", "Dorota Zozuli\u0144ska-Zi\u00f3\u0142kiewicz": "Q89510423", "Laura Jan\u00e1\u010dkov\u00e1": "Q17986775", "\u0412\u043e\u043b\u044c\u0433\u0430 \u0412\u0456\u043a\u0442\u0430\u0440\u0430\u045e\u043d\u0430 \u041c\u044b\u0447\u043a\u043e": "Q99712081", "Olympia Teligioridou": "Q56349568", "Antonia L\u00f3pez Gonz\u00e1lez": "Q21496212", "Clara Welten": "Q24729680", "Helena Canh\u00e3o": "Q51064297", "Caroline Semaille": "Q54513753", "Florence Ader": "Q63777339", "Evelien Dekker": "Q83121243", "El\u017cbieta Petriczko": "Q85134171", "Line Vold": "Q87923607", "Sue Ann Costa Clemens": "Q105622933", "Aylin Yaman": "Q120761933", "Christ\u00e8le Gras-Le Guen": "Q47542549", "Birgit Wagner": "Q61794343", "Eun-Jung Park": "Q88848206", "Merav Roth": "Q126519838", "Emna Menif": "Q3053054", "Anneli Uusk\u00fcla": "Q18626787", "Liudmila Makaryna-Kibak": "Q84314142", "Anna-Liisa Levonen-Harju": "Q59543736", "Svitlana Boitsaniuk": "Q117818066", "Kriszta B\u00f3dis": "Q854883", "Margherita Lambertini": "Q96955108", "Suzette Delaloge": "Q41786138", "Andrea Ficzere": "Q28722298", "D\u00f3ra Prokopp": "Q1240651", "Anna \u015awi\u0119ch-Zubilewicz": "Q48848299", "\u041c\u0430\u0440\u044b\u043d\u0430 \u0410\u043b\u044f\u043a\u0441\u0430\u043d\u0434\u0440\u0430\u045e\u043d\u0430 \u0428\u043a\u0440\u043e\u0431": "Q84223526", "Agnieszka Kubicka-Trz\u0105ska": "Q20029480", "Edyta Szurowska": "Q59705926", "Madlen Algafari": "Q12285549", "Laurence Cristol": "Q63766076", "Katarzyna Mizia-Stec": "Q56956812", "Fr\u00e9d\u00e9rique Bonnet-Brilhault": "Q3090355", "Barbara Mroczko": "Q28057792", "Sylvia Thun": "Q63952874", "Berit Schneider-Stickler": "Q15449836", "Nadja Mari\u0107": "Q16084392", "Anette Lykke Petri": "Q109979575", "Lorena Astudillo": "Q23043540", "Ana Cristina Gonz\u00e1lez Velez": "Q30524186", "Sonia Ben Cheikh": "Q42311056", "Yolanda Urarte": "Q57335401", "Marie-Louise H\u00e4nel Sandstr\u00f6m": "Q70586981", "Rajanti Fitriani": "Q56640259", "Duska Dragun": "Q21872149", "Yifat Erlich": "Q98693873", "Katarzyna Michalak": "Q11737022", "Pille Saluvere": "Q29419986", "Ngo Thi Kim Yen": "Q30921651", "Gamze Akku\u015f \u0130lgezdi": "Q61075844", "Sheila de Liz": "Q101104154", "Margo Mulder": "Q56604388", "Anna Martling": "Q56495006", "Y\u00fcli\u00e4 \u011e\u00e4ll\u00e4mev\u00e4": "Q96023290", "Eleonora Cantamessa": "Q43397010", "Eva Vejm\u011blkov\u00e1": "Q11878198", "Karin Tegmark Wisell": "Q86892068", "Cristina Ibarrola": "Q116153070", "Dora Reglodi": "Q91979543", "Dominika Dudek": "Q22114801", "Arzu \u00c7erkezo\u011flu": "Q56163251", "Anna Sowa-Staszczak": "Q114328832", "Aneta Nitsch-Osuch": "Q56754357", "Luana Costa": "Q28028905", "Viola Heinzelmann-Schwarz": "Q92622086", "S\u00e9verine Daucourt-Fridriksson": "Q3511463", "Bernet Elzinga": "Q59210325", "Alicja Kasperska-Zaj\u0105c": "Q89308720", "Covadonga Tom\u00e9": "Q117815231", "Julinda Mehilli": "Q43249625", "Kirsi H Pietil\u00e4inen": "Q60647942", "Aylin Cesur": "Q61077187", "Hee Jeong Yoo": "Q85360098", "Maryana Lysenko": "Q97168193", "Paola Romagnani": "Q21264491", "Anna Charuta": "Q65693462", "Karine Lacombe": "Q60732323", "Amaia C\u00eda Abascal": "Q18719539", "Katarzyna Michalska-Ma\u0142ecka": "Q20029800", "Marzena Dominiak": "Q89876810", "Judit Bal\u00e1zs": "Q789859", "Ghizlaine Chraibi": "Q85423422", "Iwona Sudo\u0142-Szopi\u0144ska": "Q41026916", "Sabina Sen\u010dar": "Q113815352", "S\u00e9gol\u00e8ne Neuville": "Q3510539", "Brenda Penninx": "Q21255846", "Gra\u017cyna Lisowska": "Q87659041", "S\u00e9verine Vermeire": "Q30247983", "Antonia Joussen": "Q21254840", "Beatriz Dom\u00ednguez-Gil": "Q51550281", "Charlotte Teunissen": "Q56887227", "Judith R Kroep": "Q56920064", "Michaela Klimkov\u00e1": "Q21041943", "Maki Sugimoto": "Q11522114", "Monika Arenbergerova": "Q93174573", "Beata Naumnik": "Q57541897", "Ana Grynbaum": "Q42394099", "Zsuzsanna Helyes": "Q71944012", "Beata Ku\u015bnierz-Cabala": "Q77963518", "Ma\u0142gorzata Skucha-Nowak": "Q86016380", "Tri Maharani": "Q56640246", "\u0425\u04d9\u043a\u0438\u043c\u043e\u0432\u0430 \u0420\u0438\u043c\u043c\u0430 \u0425\u04d9\u043c\u0438\u0442 \u04a1\u044b\u0499\u044b": "Q108821807", "Marzena D\u0119bska": "Q60331850", "Britta Siegmund": "Q52911890", "Samia Hurst": "Q21264624", "Val\u00e9rie D'Acremont": "Q96066422", "Tatevik Avakyan": "Q61999562", "Anna Chrapusta": "Q48850969", "Marta Tanasiewicz": "Q85698079", "Solange Peters": "Q98952669", "Katarzyna \u017byci\u0144ska": "Q102312875", "Deniz Ba\u015fpinar": "Q1187836", "Anne Fleck": "Q30159685", "Inke R. K\u00f6nig": "Q54877915", "Heidi Alasepp": "Q124164963", "Tarana Bayramova": "Q121115160", "Purwati Purwati": "Q91911088", "Elisabeth Farbu": "Q17058195", "Ana Navas-Acien": "Q28052843", "Larisa Sydorchuk": "Q95350228", "Anat Engel": "Q65252741", "Iva Bicanic": "Q62060667", "Barbora Jelonkov\u00e1": "Q42402953", "Hanan Fawzi al-Masudi": "Q107274765", "Anna Keski-Rahkonen": "Q47710815", "Raquel Yotti": "Q57048270", "Malgorzata Sokolowska-Wojdylo": "Q59676561", "Julia Mayerle": "Q65559556", "Aurelia Bustos Moreno": "Q97127702", "Dace Seisuma": "Q4413175", "Alena Shamal": "Q26897741", "Anna Kende": "Q15411590", "Kersti Oselin": "Q12366819", "Yael Adler": "Q6449504", "\u0410\u043b\u0435\u043d\u0430 \u041c\u0456\u043a\u0430\u043b\u0430\u0435\u045e\u043d\u0430 \u041a\u0440\u0430\u0442\u043a\u043e\u0432\u0430": "Q99673173", "\u00c1gnes Horv\u00e1th": "Q1055662", "Maite Ruiz de Larramendi": "Q54801222", "\u0425\u0443\u0448\u0432\u0430\u043a\u0442\u043e\u0432\u0430, \u041c\u0430\u0445\u0444\u0443\u0440\u0430\u0442 \u0414\u0436\u0430\u0431\u0431\u0430\u0440\u043e\u0432\u043d\u0430": "Q109491568", "Anna Borgos": "Q834870", "Annalisa Berzigotti": "Q88161349", "Cynthia Fleury": "Q3008802", "Mar\u00eda Martin\u00f3n Torres": "Q28930076", "Undine Lang": "Q5394305", "Kristina Norman": "Q50650108", "Ghazaleh Tabatabai": "Q45324636", "Aynur Safiyeva": "Q117600004", "Sara Brucker": "Q63345510", "El\u017cbieta Paszy\u0144ska": "Q86858098", "Anna K\u00f6ttgen": "Q30435027", "Sofie Merckx": "Q64686920", "Dagna O. Constenla": "Q5208601", "Patr\u00edcia Poeta": "Q42934702", "Shana Sturla": "Q50923716", "Nicole Kemper": "Q88445033", "\u0422\u0430\u0442\u044f\u043d\u0430 \u041a\u043e\u0440\u0441\u0430\u043a\u043e\u0432\u0430": "Q93839658", "Astrid Nylander Almaas": "Q99528898", "Ulrike Bingel": "Q105839501", "Tessa Lennemann": "Q120597010", "Maria Aleksandra Kalina": "Q62603970", "Katarzyna Nowomiejska": "Q88173459", "Karolina Siero\u0144-Sto\u0142tny": "Q60731217", "Irina Pershina": "Q17908361", "Iwona Bojar": "Q24817346", "Maril\u00e9n Barcel\u00f3": "Q64528181", "Meral Uzeiri-Ferati": "Q105826824", "Angela Ivask": "Q16406543", "Susanne Herold": "Q51023448", "Bianca-Miruna Gavrili\u021b\u0103": "Q28113801", "Maider Garcia de Vicu\u00f1a Quintana": "Q12262854", "Sabine Gabrysch": "Q45901006", "Anna Corbella i Jordi": "Q55714228", "Agnieszka Mastalerz-Migas": "Q57651425", "Cecilia Brozovich": "Q19842694", "Yekaterina Skulkina": "Q4422695", "Mar\u00eda Nieves Mart\u00ednez Tarazona": "Q21001340", "Paola Guglielmelli": "Q37830547", "Chen Hsing-yu": "Q6311263", "Carina Freitas": "Q9696660", "Nurcan \u00dc\u00e7eyler": "Q109819813", "Zdenka N\u011bme\u010dkov\u00e1 Crkvenja\u0161": "Q54801007", "Adriana Rakowska": "Q91790166", "Daniella Rush": "Q260970", "Sandra Saavedra": "Q114115082", "Sarah Abu-Kaf": "Q24818258", "Olaia Naveiras": "Q9051943", "Alkistis Skalkidou": "Q44582681", "Katrin Bekes": "Q47340875", "Veronika Dintinjana": "Q48626359", "Beatriz Mothe": "Q56864627", "Sari Arponen": "Q113464056", "Sonia Villapol Salgado": "Q42911295", "Ludhmila Hajjar": "Q64136268", "Pollyanna Dutra": "Q10394578", "Nerea Sancho": "Q12264795", "Andrea Maier": "Q25693002", "Paula Jim\u00e9nez Fonseca": "Q28502958", "Aneta Cymbaluk-P\u0142oska": "Q87997387", "Fatoumata Ba": "Q105975386", "Constanza Michelson": "Q120735271", "Raffaella di Girolamo": "Q28816131", "Isabella Rocchietta": "Q26973345", "Cath\u00e9rine Gebhard": "Q47503098", "Vladlena Grinblat": "Q110975609", "Federica Agosta": "Q37840940", "Catherine Moureaux": "Q2942011", "Elsa Godart": "Q3051719", "Ur\u0161ka Ba\u010dovnik Jan\u0161a": "Q96312268", "Beata S Lipska-Zi\u0119tkiewicz": "Q58377359", "Yael Dreznik": "Q124391293", "Silje Hvarnes": "Q12000467", "Emmanuella Guenova": "Q42494363", "Maria J G T Vehreschild": "Q90954049", "Ayano Kunimitsu": "Q41770647", "Albena Refki Reshitaj": "Q50412027", "Sandrine Atallah": "Q20980482", "Kristina H\u00f6schlov\u00e1": "Q23817139", "Leda Volpi": "Q65125857", "Francesca Cenci": "Q111543465", "Anne Viken": "Q12713459", "\u041a\u0430\u043c\u0430\u043b\u043e\u0432\u0430 \u0410\u043b\u0438\u0441\u0430 \u0410\u0442\u043b\u0430\u0441 \u04a1\u044b\u0499\u044b": "Q66819304", "Maria Pokorska-\u015apiewak": "Q64873724", "Marta Mendel": "Q91313287", "Yuliia Kuzmenko": "Q78214422", "Anna Nowi\u0144ska": "Q30902847", "Anna Waszczuk-Gajda": "Q47967559", "Mariem Mint Mohamed Fadel Ould Dah": "Q113154086", "Oksana Dmytriieva": "Q66149793", "Fabiane Secches": "Q95405948", "Laura Andreoli": "Q61806166", "Sara Buesa Rodr\u00edguez": "Q106824695", "Riina Rekil\u00e4": "Q11890720", "Magdalena Kr\u00f3l": "Q26973406", "Susanna Raule": "Q3978264", "Oihana Azkorbebeitia": "Q56247796", "Savita Halappanavar": "Q5247527", "Nela Arag\u00f3n": "Q28735993", "Eveline Stallaart": "Q39336723", "Amaia Lujambio": "Q57416069", "Christine Reiler": "Q89899", "Anna M Czarnecka": "Q37843540", "An Capoen": "Q17428073", "Lise Vandecasteele": "Q64210685", "Bettina Baessler": "Q87112589", "Marie-Cath\u00e9rine Schumann": "Q100277136", "J\u00falia Rocha": "Q112673253", "Lucie Kalinov\u00e1": "Q95380476", "Silvia Caballol": "Q108430738", "Marian Rojas Estap\u00e9": "Q107182204", "Bia Villa-Chan": "Q94994269", "Diana Santos": "Q106951460", "\u00c5sa Lundstr\u00f6m": "Q14943170", "Natalia Volotovska": "Q26858561", "Nai-Chieh Liu": "Q9112280", "Alexandra Dole\u017ealov\u00e1 Hrouzkov\u00e1": "Q10772583", "Alice Modolo": "Q97671040", "Th\u00e9r\u00e8se Hargot": "Q23058814", "Silvana Emperatriz Robles Araujo": "Q108414729", "Isa Duque": "Q111948862", "Gilda Sahebi": "Q114514742", "Ninna Kozorog": "Q79951540", "Nina Krajnik": "Q112265440", "Tatiana Skrypnik": "Q15146499", "Norah al-Anbar": "Q95487176", "Line Jansrud": "Q17097365", "Carmen Herrero Vicent": "Q121299304", "Maja H\u00f8jgaard": "Q125949087", "Martina Viktorie Kopeck\u00e1": "Q68429916", "Alina S\u00e1nchez": "Q60826113", "Jamilah Sherally": "Q110636990", "Olha Svyst": "Q122212718", "Mayara Pinheiro": "Q106546767", "Kaja Nordengen": "Q27230577", "Trifonova Maria": "Q122148712", "Vanessa Rodrigues": "Q96195587", "Alexandra Schoos": "Q91651508", "Katarzyna Berenika Miszczuk": "Q19268351", "Luc\u00eda L\u00f3pez Marco": "Q110098638", "Alessandra Haber": "Q114424478", "Giuliana Zevallos": "Q3769338", "Mar\u00eda S\u00e1nchez": "Q61929857", "Dra. Thaiza Hortegal": "Q110647968", "Maria V Cicinelli": "Q63712979", "Yekaterina Tour": "Q124737355", "Ma\u00efmouna Bah Sangar\u00e9": "Q118367943", "Sahar El-Sayegh": "Q20385851", "Aleksandra G\u0105secka-van der Pol": "Q90750179", "Iria Carreira Pazos": "Q98392708", "Mabel Caro": "Q16382969", "Amanda Meirelles": "Q117830723", "Helene Alberdi": "Q101444741", "Mariana Mamonova": "Q114085963", "Hannah Emde": "Q124453219", "Ivanna Chobaniuk": "Q24025877", "Laurane Scalabrino": "Q107392920", "Gehad Hamdy": "Q115650531", "Anastasia Lenkova": "Q118185981", "Marta Ortega Gallego": "Q61927403", "Tuula Tamminen": "Q16990790", "Angela R\u00f6sen-Wolff": "Q21253476", "Sonja A. Rasmussen": "Q24255834", "Mona bint Abdullah bin Saeed Al Mushait": "Q25449800", "Sudha Seshadri": "Q28516588", "Anja Pinborg": "Q28777959", "Eija Kalso": "Q37841559", "Nadia Harbeck": "Q38294539", "Carmel Hawley": "Q46863719", "Skye McDonald": "Q47616961", "Zofia Nawrocka": "Q48850005", "Iwona Obuchowska": "Q48850049", "Silvia Kochen": "Q60825636", "Danina Coelho": "Q88397884", "Diane Franc\u0153ur": "Q107496762", "Iryna Kondratova": "Q115650462", "Suzanne McNabb": "Q2802385", "Olga Trojnarska": "Q19691433", "Renata Zalewska": "Q20031151", "Nihad Al Jashi": "Q20425315", "Anna Wilmowska-Pietruszy\u0144ska": "Q30902745", "Marguerite Klein": "Q3290707", "Neli": "Q5875069", "Jyoti Pandya": "Q6319421", "Heidi Eriksen": "Q6473683", "Aldona Siwi\u0144ska": "Q9144715", "Zofia Dudkiewicz": "Q9391733", "Ky\u014dko \u014cno": "Q11439506", "Chitra Sarkar": "Q15700453", "Asma Rahim": "Q16734859", "Ma\u0142gorzata Mrugacz": "Q19844452", "Karolina Olek-Hrab": "Q19844493", "Mariola Dorecka": "Q19886531", "Anna Broniarczyk-Loba": "Q20028482", "Anna Niwald": "Q20029965", "Dorota Tarnawska": "Q20030868", "Yuko Higaki": "Q20042454", "Lutfiah Al-Khatib": "Q20419629", "\u0544\u0561\u0580\u056b\u0561\u0574 \u0549\u056b\u056c\u056b\u0576\u056f\u056b\u0580\u0575\u0561\u0576-\u0531\u0574\u0562\u0561\u056f\u0578\u0582\u0574\u0575\u0561\u0576": "Q20508308", "Monique David-M\u00e9nard": "Q20666488", "Mar\u00eda del Carmen P\u00e9rez Mart\u00ednez": "Q21001403", "Avan Aihie Sayer": "Q21402722", "C. Noel Bairey Merz": "Q23662175", "Ma\u0142gorzata Krajnik": "Q24688734", "Francesca di Roma": "Q24939612", "Hamideh Moravvej Farshi": "Q25424775", "Malinee Laopaiboon": "Q25712567", "Martha Hickey": "Q28037241", "Fiona Blyth": "Q28484180", "Karen Sliwa": "Q28484205", "Simin Salehi": "Q28712646", "Sari M\u00e4kimattila": "Q28778832", "Lynn Schriml": "Q28913673", "Helle Krogh Johansen": "Q30004123", "Nil\u00fcfer Ertekin-Taner": "Q30112477", "Annick Toutain": "Q30170329", "Zea Borok": "Q30419810", "Agnieszka S\u0142owik": "Q30437288", "Robyn Ward": "Q30503543", "Ma\u0142gorzata \u015awi\u0105tkowska-Freund": "Q30902626", "Hande \u00d6zdinler": "Q31190659", "Caroline Mohammed": "Q36527597", "Jolanda Roux": "Q36598233", "Lisa A. Castlebury": "Q36611631", "Seonju Marincowitz": "Q36678498", "Anna Wojas-Pelc": "Q37329016", "Karin Leder": "Q37366583", "Ruth Ann Marrie": "Q37368469", "Elena Chiappini": "Q37372618", "Sandra C. Thompson": "Q37372632", "Kathryn M. Rexrode": "Q37388060", "Evelyne Jacqz-Aigrain": "Q37828693", "Harriet Hiscock": "Q37828917", "Carme Borrell": "Q37830209", "Carla Oliveira": "Q37831347", "Helen Giamarellou": "Q37838077", "Monica Slavin": "Q37838294", "Claudia Cooper": "Q37838778", "Antje K\u00f6rner": "Q40081203", "Ewa A Jankowska": "Q40395675", "Anna K. Nowak": "Q40897391", "Dominique Le Guludec": "Q41104352", "Kelly-Anne Phillips": "Q41368487", "Ekaterina S. Jordanova": "Q41602380", "Claudia Traidl-Hoffmann": "Q41608304", "Helen K Reddel": "Q41616561", "Penny Gowland": "Q42305711", "Maria Giovanna Marrosu": "Q42408301", "Amy P. Abernethy": "Q42432705", "Krystyna Domanska-Janik": "Q42439495", "Soraya Seedat": "Q42573059", "Claire J. Steves": "Q42575769", "Leslie C. Grammer": "Q42718690", "Joanna Zajkowska": "Q42770867", "Anne-Marie Gerdes": "Q43376223", "Ning Zhang": "Q46121597", "Anne B Chang": "Q46601108", "Treena Isobel Burgess": "Q46863778", "Christine Katlama": "Q47006550", "Ulrike Blume-Peytavi": "Q47006608", "Anna Sysa-Jedrzejowska": "Q47087815", "Raquel Sei\u00e7a": "Q47503991", "Cinzia Talamonti": "Q48583867", "Annette M. O'Connor": "Q50037118", "Rebeca Atencia": "Q50066171", "Roc\u00edo Garc\u00eda-Carbonero": "Q51093358", "Gloria Pelizzo": "Q51167665", "Anna W\u00f3jcik-G\u0142adysz": "Q51714603", "Chirlei Glienke de Blanco": "Q52677881", "Ewa Florek": "Q54152615", "Laurence Albiges": "Q54553347", "Mette N\u00f8rgaard": "Q54605007", "Clarice de Durisio": "Q55188199", "Hania Szajewska": "Q55272508", "Ann Tabor": "Q55362953", "Sonja Saurin": "Q56289736", "Katarzyna Kotulska": "Q56418714", "Antonella Castagna": "Q56424492", "Anna deFazio": "Q56444622", "Maria Pia Amato": "Q56451881", "Karin Thursky": "Q56797837", "Roberta Battini": "Q56839319", "Marilyn S. Albert": "Q56861968", "Christine Stabell Benn": "Q56863190", "Gloria Sober\u00f3n-Ch\u00e1vez": "Q56926373", "Joanna Jackowska": "Q56956729", "Ana Gonz\u00e1lez-Pinto": "Q56995383", "Agata Szulc": "Q57002031", "Marina Picillo": "Q57019858", "Lucia Altucci": "Q57020535", "Val\u00e9rie Chetboul": "Q57117316", "Hester den Ruijter": "Q57294289", "Carolyn Lam": "Q57312629", "Anna Nowak-Wegrzyn": "Q57324100", "Catherine Lemi\u00e8re": "Q57334309", "Kristen J Nadeau": "Q57340292", "Maryna Krawczuk-Rybak": "Q57562981", "Claire Magnon": "Q57615109", "Joanna Pera": "Q57981485", "Clara Chow": "Q58076785", "Anna Tylki-Szyma\u0144ska": "Q58108766", "Hanna My\u015bliwiec": "Q58232826", "Danuta Czarnecka": "Q58326245", "Halina Sienkiewicz-Jarosz": "Q58537077", "Seock-Ah Im": "Q58821370", "Hanna Bach\u00f3rzewska-Gajewska": "Q59186574", "Anna Krakowiak": "Q59210532", "Maria Majdan": "Q59504029", "Jodie M Dodd": "Q59556783", "Tida Dethoup": "Q59662518", "El\u017cbieta Bandurska-Stankiewicz": "Q59687467", "Bozena Sobkowicz": "Q59848489", "Ruth Lynfield": "Q59908487", "Flora Korbanaeva": "Q60221278", "Uduak Okomo": "Q60377641", "Alex Macmillan": "Q60636845", "Frances Rachel Frankenburg": "Q60646412", "Margaret N Kosek": "Q60647167", "Jane L. Liesveld": "Q60687367", "Maria Bili\u0144ska": "Q60837755", "Ewelina Szczepanek-Parulska": "Q60970609", "Natasha Sarah Crowcroft": "Q61100890", "Gra\u017cyna Chodorowska": "Q61157791", "Mary E Wlodek": "Q61162846", "Aldona Pietrzak": "Q61223537", "Iwona Stelmach": "Q61312650", "Anna Kostera-Pruszczyk": "Q61638820", "Kitty W. M. Bloemenkamp": "Q61863730", "Pamela S. Douglas": "Q61863756", "Rochelle Caplan": "Q61970485", "Evangelina Vormittag": "Q62061937", "Ewa Nowalany-Kozielska": "Q62591449", "Teresa Wierzba-Bobrowicz": "Q63987098", "Suzy Duflo": "Q63991437", "Nadia Sawicka-Gutaj": "Q64175163", "Ma\u0142gorzata My\u015bliwiec": "Q64295795", "Maria Delivoria-Papadopoulos": "Q64347126", "Ann Marie Navar-Boggan": "Q64684758", "Bethany A. Teachman": "Q64748931", "Elena Moro": "Q64784931", "Flavia M Cicuttini": "Q64867086", "Evelyn Ansah": "Q64876341", "Odile Launay": "Q65089382", "Andrea Kurz": "Q65665912", "Joanna Pepke-Zaba": "Q66126627", "Margarita Alegr\u00eda": "Q66725452", "Laura J. Balcer": "Q66764405", "Julie M. Cunningham": "Q67440680", "Anna Klisiewicz": "Q67462954", "Catherine Nelson-Piercy": "Q67487875", "Catriona A. McLean": "Q68267862", "Ann F. Hubbs": "Q69461316", "Donna M McDonald-McGinn": "Q71371557", "Maria Olszowska": "Q73085905", "Susan M Blaney": "Q73565675", "Lilach O. Lerman": "Q77286570", "Hiroko \u014ctsubo": "Q78182544", "Ewa Izycka-Swieszewska": "Q81350818", "Przemyslawa Jarosz-Chobot": "Q84075500", "Rowena J Dolor": "Q84197094", "Bridget F. Grant": "Q85286202", "Wanda D. Barfield": "Q85341876", "Ewa Bie\u0144": "Q85860816", "Alarcos Cieza": "Q86034688", "Barbara Rogala": "Q86841382", "Mary Amanda Dew": "Q87012500", "Gyu Young Hur": "Q87727587", "Mary E. McCaul": "Q87751067", "Yae-Jean Kim": "Q87794096", "Irit Avivi": "Q87833182", "Gra\u00e7a Almeida-Porada": "Q87842395", "Felice N. Jacka": "Q87867540", "Urszula Mazurek": "Q87903141", "Marta Anczewska": "Q87999759", "Jan Clarkson": "Q88231350", "Zee-A Han": "Q88293458", "Brenda K. Wiederhold": "Q88323365", "Lorena Orozco": "Q88370007", "Ruvishika Shehali Jayawardena": "Q88830835", "Sonia Molino": "Q88849965", "Saowaluck Tibpromma": "Q88854668", "Melita Vujnovi\u0107": "Q88962352", "Kelly Flemming": "Q89357428", "Agata Bronisz": "Q89412743", "Marina Konopleva": "Q89564940", "Mar\u00eda Victoria Mateos": "Q89582275", "Virginia Hood": "Q90145660", "Ewa Kosior-Jarecka": "Q90353730", "Josefina Castro-Fornieles": "Q90560101", "Anna Raciborska": "Q90993991", "Elizabeth J. Phillips": "Q91133566", "Lorraine B. Ware": "Q91134545", "Sylwia Ma\u0142gorzewicz": "Q91309006", "Natasha B. Halasa": "Q91486577", "Dorothy K Grange": "Q91908338", "Tendani Gaolathe": "Q91908938", "Carol Aghajanian": "Q91946596", "Beata Wo\u017cakowska-Kap\u0142on": "Q91947608", "Katarzyna Kucharska": "Q92036041", "Agnieszka Perkowska-Ptasi\u0144ska": "Q92044178", "Danuta Zwoli\u0144ska": "Q92241179", "Monika Boci\u0105ga-Jasik": "Q92246626", "Evelyn P. Whitlock": "Q92307905", "Fiona Stapleton": "Q92509155", "Paulina Muszkatblat": "Q92717821", "Jie Ae Kim": "Q92828522", "Maria Bieniaszewska": "Q92868658", "Robyn Tate": "Q92934890", "Barbara Zegarska": "Q96048589", "Mary B. Daly": "Q96105692", "Katja Weisel": "Q96475433", "Dagmara Klasa-Mazurkiewicz": "Q97373836", "Danuta Ryglewicz": "Q98087639", "Evelyn J. Bromet": "Q98456898", "Justyna Izdebska": "Q98500691", "Maria Mazurkiewicz-Be\u0142dzi\u0144ska": "Q99349653", "Kathryn M. Anastos": "Q100301637", "Amy E. Krambeck": "Q101113389", "Magdalena Sendecka": "Q104170096", "Kirsten Finucane": "Q104591782", "Elisabeth Sanders": "Q104749029", "June Corry": "Q105336420", "Odelia Karmon": "Q106387777", "Janina Ratajczak": "Q106478163", "Stephanie B Seminara": "Q106489987", "Dawn Provenzale": "Q106650998", "Aldona Dembi\u0144ska-Kie\u0107": "Q106952746", "Birgit Mazurek": "Q107363102", "Teresa Szprengier-Juszkiewicz": "Q108742845", "Randall Allardyce": "Q108757302", "Marianne Arner": "Q108836925", "Ma\u0142gorzata Wierusz-Koz\u0142owska": "Q109448696", "Vanessa K Dalton": "Q109509461", "Irena Krupi\u0144ska-Sanecka": "Q109570335", "Reli Hershkovitz": "Q109813273", "Mahera": "Q110056724", "Ruksana": "Q110062920", "Susan M. Ramin": "Q110252023", "Carmen Navarro Fern\u00e1ndez-Balbuena": "Q110289424", "Mari Carmen Mart\u00ednez Chamorro": "Q110328668", "Gendengarjaa Baigalimaa": "Q110566964", "Jadwiga Nessler": "Q110726810", "Kuylhee Kim": "Q110885087", "Joia Perry": "Q111154233", "Maria Cis\u0142o": "Q111372447", "Alicja Hubalewska-Dydejczyk": "Q112118070", "Ewa Ni\u017cankowska-Mogilnicka": "Q112118078", "Mardge H. Cohen": "Q112651887", "Ma\u0142gorzata Inglot": "Q112913156", "Sugantha Govindarajan": "Q113303675", "Susan G Kornstein": "Q113560660", "Libby Lee Ha-yun": "Q113902215", "\u0637\u0627\u06c1\u0631\u06c1 \u06a9\u0627\u0638\u0645\u06cc": "Q114355942", "Donna M. Mancini": "Q114359142", "Gulnaz Dadashova": "Q114397756", "Danuta So\u0144ta-Jakimczyk": "Q114406464", "Dianne Webster": "Q114417478", "Irena Zimmermann-G\u00f3rska": "Q114527543", "Clare O'Donnell": "Q115706160", "Mar Noguerol": "Q117266910", "Ryszarda Chazan": "Q117458295", "V\u00e9na Arielle Ahouansou": "Q117834455", "Dorota Jenerowicz": "Q120416066", "Roma Rokicka-Milewska": "Q120745396", "Fabiola Trejo": "Q123505734", "Anne Kagey-Sobotka": "Q123536695", "Hila Elinav": "Q123676664", "Rachel Bocher": "Q124336352"}