{"Barbara Faye Holman Turner": "Q90540267", "Ma\u0142gorzata Kota\u0144ska": "Q112449804", "Barbara Godzik": "Q63169742", "Irene J. Bisang": "Q21506141", "\u00c5sa Lankinen": "Q91580165", "Xin Xiaoping": "Q111511658", "Sylvia Mota de Oliveira": "Q57965370", "Estela Illa": "Q92348505", "Ingrid Olivares": "Q88587472", "Marie Smy\u010dkov\u00e1": "Q112493080", "Josefin A. Madjidian": "Q128119307", "Christina L. Richards": "Q30512480", "Rosario Gloria Gavil\u00e1n Garc\u00eda": "Q36662625", "Sara Palacio": "Q46661806", "Liesje Mommer": "Q47460639", "Michelle R. Leishman": "Q53473794", "No\u00eblie Maurel": "Q56349043", "Ellen Cieraad": "Q56426564", "Susan K Wiser": "Q56452494", "Laura F. Galloway": "Q56922578", "Tsipe Aavik": "Q57074807", "Angela O Eni": "Q57862450", "Mar\u00eda J. Salinas": "Q59683305", "Rachael V. Gallagher": "Q62558788", "Carol C. Baskin": "Q87075786", "Jessamine Finch": "Q88739323", "Shuli Niu": "Q89590013", "Carolyn Wessinger": "Q90097975", "Rosal\u00eda Pi\u00f1eiro": "Q96101545", "Jenny L. McCune": "Q96578853", "Brenda Molano-Flores": "Q104202041", "Hasna Ellouzi": "Q106166764", "Soumaya Boudagga": "Q106168410", "Lydia R O'Halloran": "Q114441026"}