{"Francisca Navarro": "Q5864925", "Tatyana Mayzel": "Q124750055", "Annalena Odaldi": "Q106814805", "Ye Xiaowan": "Q21008400", "Catharina Verwers": "Q19754726", "Petronella Keysers": "Q3377630", "Elizabet Hartloop": "Q19755810", "Margarita Ruano": "Q77403984", "Jeanne Bisson de la Coudraye": "Q123403375", "Marie Anne Carrelet de Marron": "Q60536863", "Genevi\u00e8ve Savalette de Gl\u00e9on": "Q123449303", "Alida Catharina van Kinschot": "Q123567585", "Fran\u00e7oise Chaumont": "Q67201345", "Mariana Alc\u00e1zar Pe\u00f1a": "Q66667692", "Mariana Cabanas": "Q73795584", "Marie Antonie Teutscher": "Q57168672", "Marie Franziska Regina Freytag": "Q105187084", "Jeanne-Louise Viat-Roselly": "Q123411636", "Caroline Louise von Klencke": "Q1044525", "Viktoria Rupp": "Q94774944", "Maximilienne de L\u00fctgendorf": "Q123534383", "Mar\u00eda Lorenza de los R\u00edos": "Q6004144", "Luise H\u00f6lder": "Q30500554", "Johanne Christine Harboe": "Q16064173", "Aurore Bursay Domergue": "Q41567433", "Marianne Sophie Weikard": "Q1896914", "Friederike Reinhardt": "Q18916763", "Sophie Friederike Krickeberg": "Q26878036", "Maria Fulvia Bertocchi": "Q111529051", "Joaquina Comella": "Q75045110", "Marie von Zay": "Q55904408", "Barbara Prechtler": "Q94986595", "Charlotte Engelhardt": "Q2960972", "Agla\u00e9 Comte": "Q53499453", "[[<Mademoiselle> Minette (Q94757516)|]]": "Q94757516", "Elise von Hohenhausen": "Q1330663", "Madame Huet-Masson": "Q110535836", "Jenny Buller": "Q94775450", "M\u00e9lanie Waldor": "Q3332900", "Karoline Bernstein": "Q1044452", "Bibiana Gallego Lancharro": "Q75838852", "Antonie von Cosmar": "Q2653682", "Augusta von Ribics": "Q95199541", "Pauline Werner": "Q1465959", "Karoline Pierson": "Q1459744", "Marie Gordon": "Q1515486", "Mary Bennett": "Q18880122", "Apolonia Maria Eleonora Fellerov\u00e1": "Q105133903", "Joaquina L\u00f3pez de Madariaga": "Q19447701", "Gabrielle Soumet": "Q3094143", "Marie \u00c9mery": "Q112621364", "Charlotte Dupuis": "Q2960970", "Doroth\u00e9e Rouy": "Q122872993", "\u00c9lisa Adam-Boisgontier": "Q54894949", "C\u00e9line Fallet": "Q54853336", "Anna Forchheimov\u00e1-Rajsk\u00e1": "Q7940575", "L\u00e9ocadie Doze": "Q3270594", "Elise Schmidt": "Q16471517", "Lydia Kullgren": "Q16595525", "Agnes Charlotte Elise Grans": "Q95187671", "Elisabeth Ebeling": "Q94748038", "\u041b\u0430\u0441\u043a\u043e\u0441, \u0418\u0437\u0430\u0431\u0435\u043b\u043b\u0430 \u041b\u044c\u0432\u043e\u0432\u043d\u0430": "Q29335570", "Mary Elizabeth Mears": "Q110692718", "Adele von Bredow-G\u00f6rne": "Q55897097", "Auguste Taglioni": "Q50841767", "Vicenta Laparra de la Cerda": "Q106777362", "Am\u00e9lie Perronnet": "Q55837526", "Betty Young": "Q94530827", "Mar\u00eda de los \u00c1ngeles Mart\u00ednez Sifuentes": "Q21081372", "Rina T\u00f8nnesen": "Q99518943", "Joaquina Vera": "Q5931656", "Anna Kistner": "Q63485439", "Auguste Pulvermacher": "Q103256001", "Louise Jenisch": "Q95205663", "Ellen Pollock": "Q76129614", "Ilka Angyal": "Q124056459", "Anna Caroline Wood": "Q76123993", "\u0413\u043e\u043b\u043e\u0445\u0432\u0430\u0441\u0442\u043e\u0432\u0430, \u041e\u043b\u044c\u0433\u0430 \u0410\u043d\u0434\u0440\u0435\u0435\u0432\u043d\u0430": "Q107238619", "Victorina S\u00e1enz de Tejada": "Q60687428", "Julia Fraser": "Q64685702", "Mar\u00ecja Stepan\u00ecvna Vol\u2018va\u010d": "Q12090558", "Marie Knauff": "Q94749982", "Emma Laddey": "Q1338050", "Jeanne-Th\u00e9r\u00e8se Rousson": "Q3372446", "Zinaida Konstantinovna Nevolina Ozmidova": "Q84405036", "Julia Loenbom": "Q5398788", "Georgina Drewry": "Q64685662", "Am\u00e9lie Villetard": "Q2844775", "Emilie Zogbaum": "Q102046385", "Nadezhda Lukhmanova": "Q15633182", "Wilhelmine Flamm": "Q94748620", "Marija P\u0113k\u0161\u0113na": "Q4348154", "Serge Rello": "Q111586022", "Marie Poitevin": "Q56810706", "Ad\u00e9la Volfov\u00e1": "Q66363315", "Jenny Th\u00e9nard": "Q110222881", "Tekla N\u00e1hlovsk\u00e1": "Q87069478", "Kapitolina Nazaryeva": "Q64853416", "Olivier des Armoises": "Q108710079", "Zofia Mellerowa": "Q25340860", "Jol\u00e1n Benk\u0151": "Q12349926", "Jeanne France": "Q111575070", "Clara Lemore": "Q64685791", "Ilse Akunian": "Q1659118", "Berthe Reynold": "Q104413312", "Simone Arnaud": "Q12079109", "Mercedes de Velilla": "Q5840290", "Felix T\u00e9ver": "Q12016634", "Anna Nikolaevna Velitsjkovskaja": "Q42547621", "Henriette Klara von Foerster": "Q95195624", "Anna Karwatowa": "Q97582710", "Vojt\u011b\u0161ka Baldessari Plumlovsk\u00e1": "Q93331098", "Mary Albert-Frileux": "Q111579611", "Louise Rousseau": "Q113302685", "Mea Reichard": "Q106056490", "Iraida Umanetz-Raiskaya": "Q43429628", "Therese Caron": "Q113356581", "Nathalie Larsen": "Q62080670", "Richard Anton Patrick Connel O'Ferrall": "Q2613954", "Nadiia Kybalchych": "Q18713360", "Ellen Lancaster Wallis": "Q106813910", "Berthe Balley": "Q112626162", "Margarete Goldheim": "Q94750636", "Johanna Klemm": "Q1696959", "Effie Woodward Fifield": "Q96247410", "Marie Knitschke": "Q94750245", "Anna Dietrich": "Q113674649", "Ludmila Tesa\u0159ov\u00e1": "Q15652018", "Marie Schmidl": "Q94741382", "Vlasta Pittnerov\u00e1": "Q11914269", "Palmira Vent\u00f3s Cullell": "Q20101415", "Suzanne Thoresen": "Q3506052", "Hanna Schomacker": "Q16720792", "Marie Jadrn\u00e1": "Q95122920", "Vilma Sokolov\u00e1": "Q15831326", "Margaret Tyler": "Q18528984", "Camille Clermont": "Q108550022", "Yulia Ivanovna Iakovleva": "Q18016311", "Bozena Kvapilova-Justova": "Q93837001", "Franti\u0161ka Svobodov\u00e1-Goldmannov\u00e1": "Q12766071", "\u0412\u0438\u043d\u0434\u0438\u043d\u0433, \u0415\u043b\u0438\u0437\u0430\u0432\u0435\u0442\u0430 \u041f\u0430\u0432\u043b\u043e\u0432\u043d\u0430": "Q110891662", "Jekaterina Konstantinovna Skvorcova": "Q112505189", "Josephine Campbell": "Q64685572", "Gertrude Southam": "Q64685914", "Anna Waldhauserov\u00e1": "Q95078403", "Julie Vlas\u00e1kov\u00e1-Kahlesov\u00e1": "Q92417552", "Ovidia Aas": "Q102296730", "Natalia Dzier\u017cek": "Q11789958", "Julija Michajlovna Zaguljajeva": "Q112514105", "Sohvi Halonen": "Q18632531", "M. G. Veselkova-Kil'shtet": "Q106648960", "J\u00falia D\u00e9ry": "Q986949", "Nadage Dor\u00e9e": "Q64685655", "Henriette Doyen": "Q111543473", "Erzsi Grail": "Q12347205", "Llu\u00efsa Den\u00eds i Reverter": "Q35024628", "Sabina Br\u0103tianu-Cantacuzino": "Q50369024", "Frieda Kraft": "Q95187546", "Mariya Potapenko": "Q124750098", "Ida C. Ward": "Q98124411", "Am\u00e1lie Vrbov\u00e1": "Q12025535", "Marie Hug": "Q113787879", "Luise Flachs-Fokschaneanu": "Q63637274", "Condesa de San Luis": "Q90570855", "Jane Meyerheim": "Q123518847", "Grace Livingston Furniss": "Q110733182", "\u0418\u043d\u043e\u0437\u0435\u043c\u0446\u0435\u0432\u0430, \u0410\u043d\u043d\u0430 \u0410\u043d\u0434\u0440\u0435\u0435\u0432\u043d\u0430": "Q107041320", "Lily Tinsley": "Q64685934", "Luise Kaliebe": "Q1785331", "Olga Walter-Segel": "Q106085382", "H\u00e9l\u00e8ne Gingold": "Q94998083", "Barbara Zweig": "Q29572730", "Margaret Cross": "Q64685629", "Estelle Clayton": "Q110768827", "Anna Maria Nessi Piantanida": "Q113136796", "Irma von Wittek": "Q106085432", "Vera Starkoff": "Q28727906", "Dorothea Reinhardt": "Q96746081", "Fanny Stenroth": "Q11859377", "Elizaveta Shilovskaya": "Q124750125", "Martha M. Stanley": "Q106814480", "Gemma Ferruggia": "Q45769608", "Yelizaveta Yakovleva": "Q124735623", "\u00c9lisabeth Dode": "Q60713071", "Camilla Lucerna": "Q1029017", "Mathilde Schurz": "Q124378498", "Edith Salburg": "Q19187925", "Rachel Bernstein": "Q4085139", "Mina Hartig": "Q96332886", "Margarete Paulick": "Q1895013", "Antonietta Maria Bessone Aureli": "Q88982354", "Paula Houben": "Q94757386", "\u0421\u0430\u043a\u0441\u0430\u0433\u0430\u043d\u0441\u043a\u0430\u044f, \u0410\u043d\u043d\u0430 \u0410\u0431\u0440\u0430\u043c\u043e\u0432\u043d\u0430": "Q107699688", "Faina Venttsel": "Q124750143", "Yekaterina Bahatur": "Q50665933", "Berthe Rey": "Q104165932", "Marie Wor\u00e1\u010dkov\u00e1": "Q95136811", "Henriette Lyon": "Q95185543", "Abigail Hor\u00e1kov\u00e1": "Q72849291", "Lydia Bl\u00e5field": "Q11879926", "Juliette Portron": "Q62528305", "Eddy Beuth": "Q15833916", "Adelaide Bernardini": "Q55897192", "Jeanne Valcler": "Q61744299", "Inga Meidell": "Q96146778", "Cornelie Nuernberg": "Q94739156", "Elena Lokhvitskaya": "Q124750038", "Margaret Macnamara": "Q110134026", "Astrid Bonge Petersen": "Q67888409", "Natalya Zhukovskaya-Lisenko": "Q124710975", "Anna Dix": "Q94731720", "Ljudmila Poljanec": "Q17351096", "Bath Moriton": "Q94752621", "Baruna Bro\u017eov\u00e1": "Q95182821", "Della J. Evans": "Q117624333", "Herdis Bergstr\u00f8m": "Q47010754", "Mafalda Mouzinho de Albuquerque": "Q10322984", "Anna Sahlst\u00e9n": "Q11851612", "Yevgeniya Fortunato": "Q124710672", "Paule de Gardilanne": "Q111574500", "Edit Wahlbeck": "Q11856550", "Pauline Valmy": "Q23053121", "Adelaide Matthews": "Q110090436", "Laura Rountree Smith": "Q52156176", "Bertha Goudvis": "Q106648923", "Margarete Beutler": "Q102889", "Bo\u017eena Mr\u0161t\u00edkov\u00e1": "Q95113674", "Evy Bj\u00f6rkman": "Q11859217", "Sid\u00f3nia Sakalov\u00e1": "Q95445062", "Marie Pavlickova-Smelikova": "Q94369555", "Anastasia Chebotarevskaya": "Q18203814", "Avgusta Filippovna Damanskaja": "Q112551442", "Marija Aleksandrovna Ry\u010dkova": "Q118366395", "Marie Findeklee": "Q96336867", "Libu\u0161e Baudy\u0161ov\u00e1": "Q12033410", "Sof\u00eda Blasco": "Q91793115", "Eug\u00e9nia Pereira Rego": "Q50384702", "Martha Grosse": "Q27966108", "Mireille Kermor": "Q109622674", "Evgenia Zografou": "Q63254315", "Therese Rie": "Q2419609", "Jeanne Dortzal": "Q15970833", "Marie Laparcerie": "Q104161524", "Marie Votrubov\u00e1-Haunerov\u00e1": "Q12035492", "Jeanne Herter-Eymond": "Q51237099", "Ingeborg Zernin": "Q102042370", "Matilde Ribot y Van Halen": "Q90020461", "Edna Baxter Lawson": "Q108225753", "Olga Zhdanova": "Q43094210", "Helena Cepry\u0144ska": "Q106858358", "Marion Short": "Q110567608", "Sonabai Chimaji Kerkar": "Q20585198", "Helen Granville-Barker": "Q84356711", "Lola Vitoria Tarruella": "Q111220954", "Marie Lahy-Hollebecque": "Q3292631", "\u0427\u043e\u0433\u043b\u043e\u043a\u043e\u0432\u0430 \u0412\u0435\u0440\u0430 \u0421\u0435\u0440\u0433\u0435\u0435\u0432\u043d\u0430": "Q33045425", "Rose Shomer Bachelis": "Q116908986", "Janke Spanninga-Posthuma": "Q18093507", "Anna Sartory": "Q27981742", "Hana Pt\u00e1\u010dkov\u00e1-Luttnov\u00e1": "Q98479295", "Ruth Waldstetter": "Q43383669", "Anna Szederk\u00e9nyi": "Q1295318", "Aileen Cleveland Higgins": "Q113554225", "Anna de Villalonga i Zayd\u00edn": "Q85844264", "Lucre\u021bia Petrescu": "Q112549626", "Isabelle Crowley Gross": "Q88471347", "Gisa Pickov\u00e1-Saudkov\u00e1": "Q95214255", "Anna Ziegloserov\u00e1": "Q60739462", "Ragnhild Sann": "Q97815642", "Bohumila Dubnanska": "Q63486325", "Yachiyo Okada": "Q11473449", "Lola Lorme": "Q47291654", "Charlotte Thompson": "Q89289465", "Maria Baranowska": "Q28947438", "Lyubov Stolitsa": "Q4442904", "Magdeleine B\u00e9rubet": "Q3276701", "Marie Pernicov\u00e1-Stejskalov\u00e1": "Q93268548", "Juliette Lermina-Flandre": "Q19630718", "Lula Vollmer": "Q55996350", "Natal\u2018ja Konstantinovna Pac-Pamarnackaja": "Q118366394", "Yevgeniya Russat": "Q124710872", "Jean Alley": "Q3170341", "Claude Socorri": "Q12263202", "Magda Gustavovna Lieven-Orlov": "Q27995044", "Karla Prok\u0161ov\u00e1": "Q42307652", "Edna Sherry": "Q16025230", "Maria Morozowicz-Szczepkowska": "Q40331845", "Gertrude Robins": "Q120836032", "Jakobine Walch-Gfall": "Q111372820", "Lila Bubelov\u00e1": "Q110609063", "Maria Lastufka": "Q111369335", "Mary Josephine Crane": "Q48977722", "Midoriko Abe": "Q11657719", "Natalia Bakhareva": "Q113141285", "Antonie Men\u010dlov\u00e1": "Q93626372", "Annie Borg": "Q110322593", "C\u00e9cile Lauber": "Q1150122", "Alma Johanna Koenig": "Q2649555", "Andula Sedl\u00e1\u010dkov\u00e1": "Q10822051", "Eli\u0161ka Horsk\u00e1": "Q95122443", "Carroll Aikins": "Q107362824", "Margaret Bell": "Q126597578", "Eva Vrchlick\u00e1": "Q11081098", "Milena Nov\u00e1kov\u00e1": "Q95133843", "Elza Egle": "Q59548609", "Robustiana Mujika Ega\u00f1a": "Q12266639", "Jindra Z\u00f6llnerov\u00e1": "Q95473286", "Annie von Schendel": "Q106069495", "Katarine Eleizegi": "Q12261360", "Augusta Falck": "Q69380654", "Helen A. Murphy": "Q121224434", "\u00c8ve Baudouin": "Q123916941", "Yelena Tarvid": "Q124710916", "Clara Solomonovna Arseneva": "Q4069949", "Elody Oblath": "Q3723601", "Dorothea Donn-Byrne": "Q98124697", "Sofya Zeltser": "Q124743512", "Lidiya Lesnaya": "Q124710718", "Hella Winkler": "Q100775404", "R\u016f\u017eena Mari\u00e1nkov\u00e1": "Q95436224", "Anna K\u00f6hler": "Q110969502", "Lili Hatvany": "Q1034385", "Bella Zorich": "Q4193983", "Albertine M\u00e4user": "Q95186134", "Madeleine Izel\u00e9-Foucard": "Q120443103", "Marie Slav\u00edkov\u00e1": "Q95135048", "Grete Baeck": "Q119017862", "Hedwig Rossi": "Q26090098", "V\u011bra Sojkov\u00e1": "Q95332802", "Natalya Venkstern": "Q4107202", "Kseniya Petrova": "Q12140219", "Maria Ginanni": "Q105888020", "Blanche Alix": "Q110958749", "Aura Abranches": "Q16495333", "Klara Varshavskaya": "Q124710939", "Kerttu Kaskimaa": "Q17381514", "Elizabeth Crosby Noyes": "Q113369089", "Anna Bonacci": "Q3617666", "Nataliya Potapenko": "Q124710854", "Vera Kugel-Markovich": "Q124710773", "R\u016f\u017eena Posp\u00ed\u0161ilov\u00e1": "Q95150969", "Gertrude Maud Carter": "Q56182135", "Marcelle Capron": "Q94749004", "Marjorie McLeod": "Q124966131", "Elsa Soini": "Q17383883", "Mar\u00eda Teresa Borrag\u00e1n Rojas": "Q57497521", "Anna Helene Askanasy": "Q121385636", "Maria Kolisko": "Q100510378", "Angelina Abad Cantavella": "Q19997799", "Marija Evgenevna Ljovberg": "Q42708119", "Elmire Koref": "Q95687725", "Yvette Mercier-Gouin": "Q111532345", "Igena Floru": "Q120130629", "Anita Patr\u00edcio": "Q123906730", "Karla Dol\u00e9nkov\u00e1": "Q95149669", "Virg\u00ednia Vitorino": "Q10391751", "Elsa Franconi-Poretti": "Q92466413", "Gretchen Damrosch Finletter": "Q120762889", "Laura T\u0159e\u0161\u0148\u00e1kov\u00e1": "Q12032775", "Leiken Schjelderup": "Q98038449", "Dorothy Christie": "Q106813995", "Karla Lu\u017eansk\u00e1": "Q95165424", "Bo\u017eena Buchlovsk\u00e1": "Q95376073", "Vikt\u00f3ria Diamandy": "Q904948", "Anne Holtan": "Q87867894", "Angela Ramos": "Q63037218", "Karen Benedikte Berg": "Q11980209", "Anna Furmanova": "Q18278237", "Bianca Avancini Tedeschi": "Q114866310", "Agnes Taar": "Q66975631", "Mar\u00eda Luisa Mu\u00f1oz de Vargas": "Q62019942", "Margarete Cordes": "Q94751061", "Aniela Gut-Stapinska": "Q9154689", "Jo\u017ea G\u00f6tzov\u00e1": "Q41788120", "Ludmila Mace\u0161kov\u00e1": "Q4537802", "Erna Wei\u00dfenborn": "Q1318102", "Varsenik Aghasyan": "Q13055004", "Augusta Sk\u00e1lov\u00e1": "Q92159422", "Concepci\u00f3n Sada": "Q39188399", "Antonina Golubeva": "Q19614521", "Alfhild Skau": "Q95062043", "Ilse Langner": "Q98929", "Caroline Francke": "Q95673340", "M\u00edla Mellanov\u00e1": "Q12039219", "Anna Yermolayeva": "Q124710656", "Sheyne-Rokhl Bader": "Q88980869", "Maria Karlovna Levina": "Q4256487", "Claude Virmonne": "Q19958536", "Adelaida Mu\u00f1iz y M\u00e1s": "Q35746781", "Tat\u2018jana Jevsejevna Gurevi\u010d": "Q55102589", "Franca de Armi\u00f1o": "Q64819906", "Lola Ramos de la Vega": "Q87304051", "Ksenija Nikolajevna \u0160nejder": "Q112462593", "Am\u00e9lie Amestoy": "Q113070046", "Colette d'Hollosy": "Q2982532", "Radmila Vojvodi\u0107": "Q12959538", "Kseniya Shneyder": "Q124750130", "Yekaterina Andreyeva": "Q124710571", "Daniela Lillo": "Q56151421", "\u0418\u0440\u0438\u043d\u0430 \u0412\u0430\u043b\u0435\u0440\u0438\u0430\u043d\u043e\u0432\u043d\u0430 \u041a\u0430\u0440\u043d\u0430\u0443\u0445\u043e\u0432\u0430": "Q112144196", "Sara Ins\u00faa": "Q21585666", "Trude Payer": "Q100503906", "Dicte Sj\u00f6gren": "Q18245813", "Aldyth Morris": "Q114731407", "Natividad Zaro": "Q104191516", "Mila Dimi\u0107": "Q51155013", "Meller R\u00f3zsi": "Q1175729", "Krystyna Grzybowska": "Q11748688", "Mari Myrberget": "Q96322484", "Nina Svobodov\u00e1": "Q43122095", "Kimiko Tsumura": "Q11556197", "Else Westh Neuhard": "Q112554479", "Grada Eding-Askes": "Q108201277", "Maria \u0141\u0119czycka": "Q11769280", "Simone Jolivet": "Q3484574", "Czes\u0142awa Niemyska-R\u0105czaszkowa": "Q97670645", "Olga Vysotskaya": "Q4129532", "Vilma Volkov\u00e1": "Q49238606", "Jarmila Svat\u00e1": "Q29348871", "Vlasta Petrovi\u010dov\u00e1": "Q28468064", "Tamara Tsulukidze": "Q17094400", "Teodozja Lisiewicz": "Q58426235", "Lucia Mae Pitts": "Q124336502", "Luisa Mercedes Levinson": "Q3266918", "Natalya Elyasheva": "Q124710659", "Kaspara M\u00f8rk": "Q96349039", "Nina Gernet": "Q4137363", "Cec\u00edlia Alonso i Bozzo": "Q16941697", "Mary Drayton": "Q112539013", "C\u00e9cile Cuxac": "Q119649401", "Iris Uurto": "Q11865025", "Maria Fagyas": "Q1895851", "M\u00e1ria R\u00e1zusov\u00e1-Mart\u00e1kov\u00e1": "Q12772194", "Olga Bar\u00e9nyi": "Q23930500", "Margit G\u00e1sp\u00e1r": "Q1031172", "Irena \u0141adosi\u00f3wna": "Q112323465", "Milena Balcarova": "Q63485555", "Zdena Miltov\u00e1": "Q95214032", "Erika Mitterer": "Q1354436", "Toini Aaltonen": "Q11897858", "Virginia de Lanty": "Q106596098", "Marie Bla\u017ekov\u00e1": "Q95120410", "Miroslava Tomanov\u00e1": "Q95437950", "Nadezhda Nadezhdina": "Q124710814", "Alexandra Pecker": "Q23910550", "Oydin": "Q12829514", "Maruja Gil Quesada": "Q6003071", "Maria Siedmiograj": "Q11769144", "Ferruccia Cappi Bentivegna": "Q123469951", "Elithe Hamilton Kirkland": "Q109269932", "Gabriele Lamberger": "Q111369169", "Heather McIntyre": "Q113028058", "Josefina Solsona i Querol": "Q85436511", "Marie Vo\u0159\u00ed\u0161kov\u00e1": "Q32312874", "Margarita Krayndel": "Q124743053", "Anna Aleksandrova": "Q124742781", "Anthoula Stathopoulou-Vafopoulou": "Q37478665", "Walentyna Aleksandrowicz": "Q113661305", "Sylvia Regan": "Q106814507", "Marija Dmitrievna Oechsay": "Q4479208", "Marika Baratashvili": "Q4077925", "Lo Tui": "Q18752879", "Anne-Marie Goulinat": "Q66103699", "Olga Krej\u010dov\u00e1": "Q95124119", "Mai Talvest": "Q61853299", "Malwina Szczepkowska": "Q65164787", "Marie-Th\u00e9r\u00e8se Bodart": "Q19947349", "Lullan Helo": "Q5401472", "Natalya Reut": "Q124743231", "Blanka Gyselen": "Q13439866", "Mary A. MacKinnon": "Q25635015", "Viera Markovi\u010dov\u00e1-Z\u00e1tureck\u00e1": "Q12778491", "Nina Ivanter": "Q4196826", "Gunvor \u00d8wre Havrevold": "Q106287385", "Helena \u0160mahelov\u00e1": "Q12019446", "Eva Formanov\u00e1": "Q95164821", "Joanna Gorczycka": "Q110177335", "Siya Chelebieva": "Q25478016", "Liya Geraskina": "Q4136090", "Lilly Hod\u00e1\u010dov\u00e1": "Q95183298", "Mar\u00eda Luisa Camilleri Maiques": "Q29533925", "Nancy Naumburg": "Q112468414", "Maria Burnati": "Q95697945", "Li Bozhao": "Q11095325", "Esfir Jakovlevna Tsjuroepa": "Q4506479", "Simone Cuendet": "Q3484554", "Lina Hautle-Koch": "Q94775006", "Irina Iroshnikova": "Q30346224", "Adrienne Sirgue": "Q120861483", "Lucia Victor": "Q106814472", "Anna \u010cerv\u00ednov\u00e1": "Q95180494", "Helga P\u00e4rli-Sillaots": "Q16408172", "Mary Boylan": "Q106231420", "Nar Urini": "Q4313032", "\u0422\u0443\u0440\u0435\u043d\u0441\u043a\u0430\u044f, \u0412\u0430\u043b\u0435\u043d\u0442\u0438\u043d\u0430 \u0418\u043e\u043d\u043e\u0432\u043d\u0430": "Q109485100", "Erika Aland-Vernik": "Q28355015", "Coca Farago": "Q51386031", "Mar\u00eda Teresa Prats": "Q97649774", "Eddie Semenovna Kagan": "Q4331114", "Adrine Tatryan": "Q20512697", "Yvonne Ponsolle": "Q120733999", "Merula Salaman": "Q12735318", "Nancy Maude Elizabeth Bruce": "Q95773752", "Habiba Sha'ban Yakan": "Q113955261", "Alfonsa de la Torre": "Q5666636", "Mira Smirnova": "Q124743315", "Marisa Villardefrancos": "Q12392948", "Lorraine Botha": "Q64030665", "Toushan Esenova": "Q4532661", "Ragida Yanbulatova": "Q4537853", "Elena Borissovna Ouspenska\u00efa": "Q112987758", "Lena Foellbach": "Q95207409", "Julia Chamorel": "Q3189029", "Ella Gerber": "Q107479221", "Muza Pavlova": "Q15637085", "Maj Samzelius": "Q21065195", "Khalimat Bayramukova": "Q4075708", "Marie Isobel Bullock": "Q96694546", "Erdenebatyn Oyun": "Q24844924", "Liubov Zabashta": "Q4981332", "Sophie Coetzee": "Q31737913", "Sirkka Karppanen": "Q17381484", "Milena Tom\u00e1\u0161kov\u00e1": "Q95166458", "Bianca Garufi": "Q3639379", "Hilkka Honkakangas": "Q17380890", "Margarita Urueta": "Q11203270", "Josephine Carson": "Q94125352", "Marija Bren\u010di\u010d Jelen": "Q12252362", "Krystyna Berwi\u0144ska": "Q1381695", "Gretl Keren Fischer": "Q56868136", "Lucia Scher": "Q121461583", "Jarom\u00edra Kol\u00e1rov\u00e1": "Q12023707", "Nadezhda Stepanovna Aronetskaya": "Q4069831", "Luisa Treves": "Q21793959", "Mar\u00eda Isabel Su\u00e1rez de Deza": "Q24943395", "J\u00falia Kurilov\u00e1": "Q112434781", "Tamara Avramovna Makarskaja": "Q112546855", "Ritva Heikkil\u00e4": "Q16298690", "Ludmila Uli\u010dn\u00e1": "Q95438056", "Pepita Escandell": "Q111905142", "Marie Mr\u00e1zkov\u00e1": "Q24237158", "Zofia Jaremko-Pytowska": "Q111349994", "\u017dofie Hekelov\u00e1": "Q83638967", "Selyutina Lidia Yakovlevna": "Q12151854", "Anne Caprile": "Q30054827", "Irma Airisto": "Q11865042", "Vera Crven\u010danin": "Q61130153", "Denise Bonal": "Q3023009", "Isabella Quarantotti": "Q3802287", "Milena Markov\u00e1": "Q95175438", "Elizabeth Sch\u00f6n": "Q8774959", "Olga Hor\u00e1kov\u00e1": "Q95362638", "Valentina Semyonovna Chaplina": "Q108804093", "Mariv\u00ed Villaverde": "Q29562298", "Ursula Damm-Wendler": "Q95200223", "M\u00e1ria Terenov\u00e1": "Q112472958", "Gabriella Poggi": "Q112494953", "Elena \u010cep\u010dekov\u00e1": "Q13408492", "Tamara Germanovna Jan": "Q110215677", "Dagmar Novotn\u00e1": "Q95214126", "Miho Mayama": "Q11583097", "Marie Kub\u00e1tov\u00e1": "Q12035426", "Zuzana Ko\u010dov\u00e1": "Q231199", "Genevi\u00e8ve Ba\u00eflac": "Q27758484", "Olga Zezulov\u00e1": "Q12042550", "Judith Porto de Gonz\u00e1lez": "Q104213392", "\u041a\u0430\u0442\u043a\u043e\u0432\u0430, \u0417\u0438\u043d\u0430\u0438\u0434\u0430 \u0424\u0451\u0434\u043e\u0440\u043e\u0432\u043d\u0430": "Q25647096", "\u00c1gnes B\u00e1lint": "Q852837", "Ingrid Sj\u00f6strand": "Q4978990", "Zofia Bystrzycka": "Q9391722", "Vera Chubakova": "Q124742869", "Carmen V\u00e1zquez-Vigo": "Q5752686", "Rachel Erlanger": "Q114769687", "Gis\u00e8le Ansorge": "Q3107803", "Louise-Marie Danhaive": "Q17350525", "Jitka Bodl\u00e1kov\u00e1": "Q94769075", "Ingeborg Gurr-Soerensen": "Q95212562", "Jeannine Worms": "Q3176289", "Zora Jir\u00e1kov\u00e1": "Q22132818", "Lourdes Ramalho": "Q28677433", "V\u011bra \u0160ed\u00e1": "Q95162546", "Helena Bene\u0161ov\u00e1": "Q95208762", "Naig Rozmor": "Q3335188", "Giulio Gatti": "Q112476637", "Tina Ionescu Demetrian": "Q112545826", "Umukursjun Arzulumovna Mantajeva": "Q112546870", "Lisa Mayo": "Q117260542", "Myriam de B\u00e9arn": "Q110137588", "Vlasta Dvo\u0159\u00e1\u010dkov\u00e1": "Q55340076", "Irena Totwen-Nowakowska": "Q124350197", "Eva Marie Kavanov\u00e1": "Q95165152", "\u0411\u043e\u044f\u0440\u0438\u043d\u043e\u0432\u0430, \u0412\u0435\u0440\u0430 \u0418\u043b\u044c\u0438\u043d\u0438\u0447\u043d\u0430": "Q108320266", "Norma Rom\u00e1n Calvo": "Q72046688", "Anna Jur\u00e1skov\u00e1": "Q10826483", "Valentina Levidova": "Q124742990", "Jarmila \u0160t\u00edtnick\u00e1": "Q11720709", "Joha Fourie": "Q31737790", "Etta Cascini": "Q111232396", "Eugenia Busuioceanu": "Q112545823", "Irina Trius": "Q4463242", "Petron\u0117l\u0117 \u010cesnulevi\u010di\u016bt\u0117": "Q12669334", "Anna Zelenay": "Q9155837", "Jana Vobrubov\u00e1": "Q95464225", "Eli\u0161ka Horelov\u00e1": "Q11878242", "Paulette Mathieu": "Q120646141", "Marina Jarre": "Q3848036", "V\u011bra Petrovsk\u00e1": "Q95151917", "Park Hyeonsuk": "Q16176441", "Susana Platero": "Q123479313", "Giuseppina Luongo Bartolini": "Q105393501", "Eva M\u00fcthel": "Q88408530", "Colette Godard": "Q27518746", "Zdenka Suledrov\u00e1": "Q95151264", "Kv\u011bta \u0160kutchanov\u00e1": "Q95176037", "Janina Hertz": "Q11719812", "Helju Rammo": "Q22696673", "Inkeri Kilpinen": "Q5402605", "Karin Saarsen": "Q47508262", "Gloria Parrado": "Q112544334", "Chava Novak": "Q12407321", "Mies Bouhuys": "Q2695137", "Ilze Indrane": "Q16357997", "Luzia Maria Martins": "Q3268139", "Josette Boulva": "Q17507134", "Dagmar Dra\u0161arov\u00e1": "Q95400921", "Nadezhda Grigoryeva": "Q4149349", "Jane Reid Petty": "Q98406742", "Doreen Clarke": "Q108302234", "Zofia Mikli\u0144ska": "Q112547317", "Elli Synadinou": "Q104525490", "Lya \u0158\u00edhov\u00e1": "Q95073672", "Joanna Kulmowa": "Q11727449", "Sofia Prokofyeva": "Q4380407", "Herm\u00edna Frankov\u00e1": "Q12019548", "Magda Matu\u0161t\u00edkov\u00e1": "Q95463585", "Eva Zeidler": "Q19279402", "Sinaida Tschigarewa": "Q30605615", "Anna Elisabeth Wiede": "Q99016", "Hana B\u011blohradsk\u00e1": "Q18555572", "Lucie J. Lipschutz": "Q35830973", "Shinko Tokizane": "Q11514371", "Anita Blom": "Q4939568", "Marie Laberge": "Q71331436", "Irma Polari": "Q19708811", "Anna Paula": "Q9616320", "V\u011bra P\u00e1nkov\u00e1": "Q122873277", "Fatimah al-Budaywi": "Q93884385", "Marie Irene Fornes": "Q63434355", "Marija Fedorovna Storo\u017eeva": "Q112514820", "Fukase Saki": "Q11560197", "Lorees Yerby": "Q112166533", "Ivona Kone\u010dn\u00e1": "Q95173608", "Lyudmila Bogatenkova": "Q12552119", "Eleonora Alekseevna Anokhina": "Q30250595", "Kate\u0159ina Po\u0161ov\u00e1": "Q95102215", "Barbara Stellmach": "Q110464135", "Kumiko Koba": "Q11518399", "Mukarama Sadykova": "Q11109297", "Reine Barteve": "Q95706422", "N\u00faria Tubau i Jordi": "Q58314243", "Ada Yevin": "Q12410204", "Irena Wenigov\u00e1": "Q95438299", "Pavla Kov\u00e1\u010dov\u00e1": "Q95463574", "Leia Chatzopoulou-Karavia": "Q12880120", "Ira Jeffries": "Q125417595", "Judith Ross": "Q115121239", "Krystyna Mi\u0142ob\u0119dzka": "Q11748743", "Olga Lavrova": "Q4252236", "\u00c9lisabeth Janvier": "Q3587894", "Annemarie Prins": "Q2568327", "Carmen Platero": "Q123479331", "Janina Zaj\u0105c\u00f3wna": "Q11719888", "Maria Georg Hofmann": "Q95186951", "Hana Bud\u00ednsk\u00e1": "Q95174576", "Milada Matuchov\u00e1-Sv\u011br\u00e1kov\u00e1": "Q95434405", "Rada Moskova": "Q12291924", "Jarmila Mikul\u00e1\u0161kov\u00e1": "Q95471470", "Marie Ho\u0159\u00ednkov\u00e1": "Q95167090", "Ljudmila Vladimirovna Goloebkina": "Q4142429", "\u042d\u043b\u044c\u0433\u0430 \u041c\u0438\u0445\u0430\u0439\u043b\u043e\u0432\u043d\u0430 \u041b\u044b\u043d\u0434\u0438\u043d\u0430": "Q106511925", "Katherine H. Burkman": "Q112497816", "Liliana Ugolini": "Q19414166", "Milada Ma\u0161atov\u00e1": "Q95150528", "Ella Fonyakova": "Q103908806", "Reet Reiljan": "Q125211214", "Hana Lamkov\u00e1": "Q95150438", "Libu\u0161e Kuncov\u00e1": "Q95165333", "Montserrat Cornet i Planells": "Q27518163", "Clare Coss": "Q63434264", "Bebe Coker": "Q114741375", "Bo\u017eena \u0160imkov\u00e1": "Q15870775", "Marta Nov\u00e1": "Q95181500", "Chris Yperman": "Q2571623", "Sara Joffr\u00e9": "Q6121745", "Larisa Vasilyeva": "Q4104741", "V\u011bra \u0160t\u011bp\u00e1nov\u00e1": "Q112527722", "Jill Shearer": "Q19868421", "Anne Tasquin": "Q2851291", "Gun Ek": "Q19976522", "Hana Dosko\u010dilov\u00e1": "Q16556938", "Albina Angioni": "Q95690067", "Hiromi It\u014d": "Q17193370", "Albina Shulgina": "Q4527556", "Lucie Sp\u00e8de": "Q3265305", "Nikki Nojima Louis": "Q63438910", "Galina Artemonovna Djumond": "Q112565120", "Alicja Patey-Grabowska": "Q9148210", "Eva Ka\u010d\u00edrkov\u00e1": "Q95175091", "Kate\u0159ina \u010cern\u00e1": "Q95434807", "Ulla Ryum": "Q4989622", "Carole Ione": "Q94635177", "Pilar Pereira Carballo": "Q61993832", "Galina Dyumond": "Q124750008", "Mar\u00eda Alicia Mart\u00ednez Medrano": "Q50767181", "Victoria Th\u00e9rame": "Q3557708", "Maricla Boggio": "Q3847832", "Tina Packer": "Q94130194", "Monique Miville-Desch\u00eanes": "Q108648371", "Beverly Simons": "Q106814806", "Maria Campagna": "Q112061755", "Elena Antalov\u00e1": "Q11878061", "Nosrat Partoyi": "Q64163355", "Mihoko Inagaki": "Q11596521", "Gunila Ambj\u00f6rnsson": "Q4935430", "Flavia Cosma": "Q55723184", "Hermine Karagheuz": "Q3134232", "Danielle Dumas": "Q57080854", "Joanna Wan-Ying Chan": "Q113195806", "Huda Fu'ad Zaka": "Q113908854", "Paula Milton": "Q116672044", "Catharina Boer": "Q2498522", "Carla Matteini": "Q14932816", "Nina Pavlova": "Q4341586", "Alla Akhundova": "Q13552118", "Monique Buczynski": "Q28833070", "Gloria Gonzalez": "Q63434896", "Mariaraffaella Cuomo-Lanzara": "Q112544032", "Gisela von Wysocki": "Q1301545", "Vi\u0161nja Machiedo": "Q110323473", "Anne Cl\u00e9ment": "Q19982608", "Pirkko Jaakola": "Q16299351", "Maria Jos\u00e9 Ragu\u00e9 Arias": "Q66841029", "Ragnhild Vannebo": "Q112915222", "Heleny Ferreira Telles Guariba": "Q10294483", "Helena Albertov\u00e1": "Q88549467", "Carmen Resino": "Q5752639", "Margarita Borja": "Q30705081", "Julie Jensen": "Q63437218", "Malena Marechal": "Q72069076", "Susanne B\u00f6hmel": "Q95193708", "Ry\u014d Mizuki": "Q11548757", "Miriam Kainy": "Q102037735", "Edda de los R\u00edos": "Q5335769", "Mich\u00e8le Ressi": "Q3311682", "Jana Knitlov\u00e1": "Q95175160", "Eva Han\u017el\u00edkov\u00e1": "Q95122024", "Bilgesu Erenus": "Q6063786", "Teresa Calafell": "Q22968510", "Maria Reinhard": "Q94743871", "Gabriela Rak\u00fasov\u00e1": "Q112540354", "Donna Smyth": "Q106648956", "Ingegerd Monthan": "Q4968004", "M\u00f3nica Ottino": "Q6036232", "Jarom\u00edra Nohelov\u00e1": "Q95441753", "Margareta Thun": "Q122441698", "Marija Peaki\u0107-Mikuljan": "Q16112476", "Kristina Vlachov\u00e1": "Q25713027", "Ilse Rautio": "Q11864726", "Rada Aleksandrova": "Q12291921", "Kristin Lyhmann": "Q17102579", "Carmen Heymann": "Q5752553", "Hang Ying": "Q8259574", "Viktoria Hradsk\u00e1": "Q112346591", "M\u00e1rta T\u00f6m\u00f6ry": "Q112472593", "Maria Heiden": "Q126373683", "Marie-No\u00ebl Rio": "Q3292156", "Heidi Sarapuu": "Q61111876", "Alla Sokolova": "Q15076983", "Lidia Hlib": "Q34362956", "Margareta Garpe": "Q4949576", "Crescenzia Lucia": "Q107350970", "Eva T\u00e1lsk\u00e1": "Q13420163", "Eva Demski": "Q88795", "G\u00f6rel Engstrand": "Q116855730", "L\u00edda Engelov\u00e1": "Q95098716", "Mariana Vartic": "Q3291253", "Iva Pe\u0159inov\u00e1": "Q95214239", "Michelle Kokosowski": "Q3311425", "Rita Cirio": "Q19402635", "Gunilla Bo\u00ebthius": "Q27513120", "Khadija Tnana": "Q111506520", "\u0646\u0647\u0627\u062f \u0635\u0644\u064a\u062d\u0647": "Q7213027", "Cristina Escofet": "Q60367219", "Fran\u00e7oise Maimone": "Q65131879", "Manuela Soeiro": "Q111736809", "Margaret Lawrence": "Q112356554", "Carmen Scivittaro": "Q3660323", "Myriam Tanant": "Q3331550", "L\u00edgia Braz\u00e3o": "Q50390530", "Maaria Koskiluoma": "Q11880402", "\u0412\u0438\u043e\u043b\u0435\u0442\u0430 \u0410\u043b\u0430\u0440\u043e\u0432\u0430": "Q12905577", "Lavonne Mueller": "Q112166530", "Susan Parman": "Q115352450", "Svetlana Aleksandrovna Aksenova-Steingrud": "Q4060023", "Luc\u00eda Laragion\u00e9": "Q20898844", "Mercilee M. Jenkins": "Q63435354", "Anita Hudl": "Q66311124", "Janis Rapoport": "Q106438128", "Nicole Filion": "Q3341046", "Marianne Lindberg De Geer": "Q4962353", "\u041c\u0430\u0440\u044b\u044f \u042f\u043a\u0430\u045e\u043b\u0435\u045e\u043d\u0430 \u0411\u0430\u0440\u0430\u0432\u0456\u043a": "Q18704577", "Ria Endres": "Q2148471", "Katharina Riese": "Q1735975", "Judit Sz\u00f6ll\u0151sy": "Q112496374", "Fran\u00e7oise Merle": "Q13567589", "Sylvie Reff": "Q3507392", "Laura Bove": "Q5971604", "Keva Apostolova": "Q12282880", "Polona \u0160krinjar": "Q12799167", "Anna Bojarska": "Q9155037", "Virve Osila": "Q18752979", "Wang Chi-mei": "Q10379458", "Lynne Alvarez": "Q63430756", "Elisabeth Schrom": "Q95187383", "Marie C\u00e9line Lachaud": "Q110498293", "Bertha Sithembiso Msora": "Q112547991", "Nataliya Slyusareva": "Q26255738", "Pina Allegrini": "Q124676827", "V\u011bra Provazn\u00edkov\u00e1": "Q12002181", "Irena Kowal": "Q12110959", "Susanne Marko": "Q102078047", "Elena Demidova": "Q57905482", "Pernille Anker": "Q13360635", "Raisa Baravikova": "Q4094267", "Elizabeth Baines": "Q66105403", "V\u011bra Eli\u00e1\u0161kov\u00e1": "Q95174743", "Monick Lepeu": "Q3320749", "Yelena Popova": "Q19915996", "Nelya Sheyko-Medvedeva": "Q12171574", "Erica H\u00e4nssler": "Q49771895", "Oshrit Mintz": "Q102243868", "Yvette Sauvage": "Q3574057", "Patricia Medina": "Q122235727", "Marjolaine Saint-Pierre": "Q55689144", "Linda Faigao-Hall": "Q63434309", "Ina Hertel": "Q95194638", "Maryse Pellerin": "Q108648249", "Jean Cossette": "Q108680527", "Suzan Zeder": "Q112554846", "Anne-Sofie Nielsen": "Q71386752", "Marie Proch\u00e1zkov\u00e1": "Q112550182", "Louise Doutreligne": "Q98588507", "Claudine Fi\u00e9vet": "Q98588966", "Gabriela Yncl\u00e1n": "Q106629575", "Simone Collet": "Q3484549", "Daniela Fischerov\u00e1": "Q1163375", "Maka Jokhadze": "Q12866470", "Moni Gr\u00e9go": "Q20241032", "Milojka \u017di\u017emond Kofol": "Q20010583", "Maura Del Serra": "Q3852396", "\u0130nci Adal\u0131": "Q97354315", "Katalin Thur\u00f3czy": "Q1320591", "Claude Ber": "Q2976978", "Karin Parrot-Jonzon": "Q110720542", "Sof\u00ecja Majdans\u2018ka": "Q12120428", "Gulfija Junusova": "Q15992629", "Annie Zadek": "Q15407349", "Mette Hansen": "Q86897408", "Louise Caron": "Q108882951", "Cassandra Medley": "Q63438953", "Ranjana Pandey": "Q66935566", "Helen Gori-N\u00e4geli": "Q95213916", "Rhodessa Jones": "Q106263644", "Emilia Ricotti": "Q112506710", "Ingrid Schulz": "Q113376151", "Coby Omvlee": "Q55040544", "\u017bywia Karasi\u0144ska-Fluks": "Q111524359", "Nadezjda Kondakova": "Q15069295", "Nadezhda Ptushkina": "Q3334835", "Mariela Romero": "Q112118666", "Gabriele Kotte": "Q95197271", "Irina Medvedeva": "Q4287346", "Chantal Pelletier": "Q1062414", "Olga Nytrov\u00e1": "Q12042540", "Odile Ehret": "Q3349235", "Pirkko Kurikka": "Q42901410", "Pavla Kotyzov\u00e1": "Q95379930", "Helen Cooper": "Q8191822", "Christiane Saint-Pierre": "Q16267560", "Birgit Hageby": "Q106622840", "Marja Kurkela": "Q110600329", "Ganna Slutski": "Q4424065", "No\u00eblle Renaude": "Q3345942", "M\u00f3nica Salvator": "Q24365072", "Julia Reichert": "Q95199423", "Katha Roesmer": "Q95201565", "H\u00e9l\u00e8ne Custeau": "Q108648445", "Giovanna Barbero": "Q60439230", "Fridi Martina": "Q57457060", "Ol\u2018ha \u00ccvan\u00ecvna Stra\u0161enko": "Q23303796", "Tatyana Fedotova": "Q124735615", "Zinaida Dudzyuk": "Q13030896", "Irena Fuchsov\u00e1": "Q12021809", "Denise Stoklos": "Q10265096", "Rasima Uraksina": "Q16710230", "Valentina Mishanina": "Q4298381", "Irina Chaykovskaya": "Q60833197", "Lina Prosa": "Q20084191", "Traudl Bogenhauser": "Q95210842", "Alannah O'Sullivan": "Q107393923", "Barbara Nativi": "Q112548282", "Laura Pariani": "Q3827824", "Mara Cantoni": "Q3845239", "Silvana Garcia": "Q111739394", "Tamara Ganiyeva": "Q16635716", "Gulshat Ahmatekujina": "Q45118862", "Zdena Bratr\u0161ovsk\u00e1": "Q56556939", "Yelena Dyuk": "Q124710646", "Olga Hr\u010dkov\u00e1": "Q126181288", "Daliya Truskinovskaya": "Q4464528", "Martina Drijverov\u00e1": "Q12035903", "Cristina Castrillo": "Q47296838", "\u00c9lizabeth Lalibert\u00e9": "Q108828925", "Jelica Zupanc": "Q109916719", "T\u00e1\u0148a Kus\u00e1": "Q112468207", "Agn\u00e8s Limbos": "Q112557651", "Marie Yanick Dutelly": "Q116785995", "Mona Thomas": "Q3320067", "Corinne Atlas": "Q20035306", "Antonia Bueno": "Q53545963", "Anne-Karen Hytten": "Q4955248", "Denise Chalem": "Q3023021", "Geertrui Daem": "Q2105750", "Else F\u00e6rden": "Q4988530", "Helena Anttonen": "Q47522630", "Mich\u00e8le Par\u00e9": "Q17580285", "Sharon Towana Austin": "Q29034406", "Pilar Romero": "Q27150027", "Martine Bisson-Rodriguez": "Q3295737", "Simone Morgenthaler": "Q3484591", "Suzanne van Lohuizen": "Q37630602", "Karen Jones-Meadows": "Q63437230", "Araceli Bruch i Pla": "Q93413471", "Dragana Bo\u0161kovi\u0107": "Q110046407", "Carole Bugg\u00e9": "Q112376445", "Joni Crone": "Q126951702", "Christiane Saleh": "Q2965795", "Florence Camoin": "Q3073949", "Louise Roy": "Q3263820", "Eliane K. Arav": "Q17627831", "V\u00e9ronique Kanor": "Q19544891", "Milica Novkovi\u0107": "Q20438004", "Peta Tait": "Q99544986", "Margaret Carlyle Price Swim": "Q124567353", "Tatjana Petrovna Timofeeva": "Q4457600", "Ruth de Gooijer": "Q2177812", "Pauline Mol": "Q21803240", "Jacqueline Merville": "Q3157765", "Renate Kampmann": "Q2143421", "Tuula Mehtonen": "Q61103894", "Irena Eli\u00e1\u0161ov\u00e1": "Q37868924", "Mimi Denissi": "Q3314680", "Iva Proch\u00e1zkov\u00e1": "Q1264985", "Beatriz Novaro": "Q27531927", "Macha Make\u00efeff": "Q3274239", "Louise Bombardier": "Q3263683", "Ingeborg Eliassen": "Q12715679", "Hiromi Shimada": "Q11476987", "Monique Enckell": "Q18331790", "Marie-Line Laplante": "Q60835462", "Michelle Allen": "Q3311392", "Dolores Campos Herrero": "Q27307200", "Claudia Allen": "Q63430742", "Jyl Lynn Felman": "Q94645560", "Fani Tsurakova": "Q115534627", "Heidi von Plato": "Q1594374", "Zarina Salahuddin Rubinstein": "Q121995985", "Dorothee Wong Loi Sing": "Q2333767", "Ulla-Carin Nyqvist": "Q122915068", "Goren Agmon": "Q22324562", "Jana Galinov\u00e1": "Q102315080", "Anca Visdei": "Q2422654", "Lucie B\u011blohradsk\u00e1": "Q95069159", "Christine Orban": "Q2965970", "Eugenia Cabral": "Q105061364", "Ann Sofie Oxenvad": "Q12301732", "Fabienne Pasquet": "Q12890543", "Wendy Hammond": "Q63434981", "Beverley Smith-Dawson": "Q63439660", "Elena C\u00e1novas": "Q68666896", "Maria Quintans": "Q126722525", "K\u00e1llai Katalin": "Q124596753", "Leonor Azc\u00e1rate": "Q65767096", "Minakshi Devi": "Q106625105", "Teresa Calo": "Q12267899", "Anne Bihan": "Q16945780", "Alena Zeman\u010d\u00edkov\u00e1": "Q95378395", "Zaynab al-Assal": "Q46801355", "Sandra Rodgers": "Q63439553", "Dalia Cohen\u2013Knohl": "Q86000749", "Ma\u0142gorzata P\u0142oszewska": "Q95213321", "\u017deljko Karan (dramatist)": "Q110417312", "Ma\u0142gorzata Owsiany": "Q112549257", "Elizabeth Joan O'Connor": "Q121141746", "Hotaru Okamoto": "Q11473224", "Chikae Takahashi": "Q17686850", "Laura Curino": "Q3218675", "Koharu Kisaragi": "Q1778451", "Sonja Votolen": "Q113956081", "Sylviane Dupuis": "Q12267778", "Elfriede M\u00fcller": "Q120155", "\u041a\u0430\u043d\u0430\u0440\u0441\u044c\u043a\u0430 \u0413\u0430\u043b\u0438\u043d\u0430 \u041f\u0430\u0432\u043b\u0456\u0432\u043d\u0430": "Q108543465", "Milena \u0160tr\u00e1feldov\u00e1": "Q95449858", "Kerstin Specht": "Q106324", "Tatyana Chichkina": "Q124735631", "Sandra Massera": "Q18719818", "V\u011bra D\u0159ev\u00edkovsk\u00e1": "Q95470549", "Lyudmyla Skrypka-Tciselska": "Q96776404", "Musarat Kalanchoi": "Q33035160", "Thilde Barboni": "Q105344676", "\u00c1nxeles Cu\u00f1a": "Q26971312", "Catherine Zambon": "Q112560785", "Susan Kander": "Q113154470", "Sabine Thiesler": "Q100671", "Yuri Shinoto": "Q11603837", "Goldstein Tara": "Q61110142", "M\u00e1ria Kotv\u00e1\u0161ov\u00e1-Jon\u00e1\u0161ov\u00e1": "Q124308128", "Carmela Vincenti": "Q3660210", "Jana Jur\u00e1\u0148ov\u00e1": "Q95168300", "Natalya Borisovna Safronova": "Q24009881", "Siri Senje": "Q12000631", "Laura Annawyn Shamas": "Q118558814", "Teresa Vilardell": "Q19301910", "Mona M\u00f6rtlund": "Q4968813", "Ivana Dimi\u0107": "Q20434582", "Olha Kushnir": "Q25431952", "Lenka Vychodilov\u00e1": "Q101044159", "\u05e8\u05d5\u05d9\u05d8\u05dc \u05d0\u05d9\u05ea\u05df": "Q112964148", "Dani\u00e8le Vall\u00e9e": "Q64141020", "Brigitte Ath\u00e9a": "Q2925388", "Mar\u00eda Manuela Reina": "Q6004268", "Sophie Kassies": "Q30084650", "S\u00eara Moore-Williams": "Q47128294", "Silvia Gonzalez S.": "Q63434915", "Susan Kim": "Q63437397", "Angels Aymar": "Q85220225", "Ioana Cr\u0103ciun": "Q95191474", "Gertrud Pigor": "Q95203554", "Catherine McKinnon": "Q112655858", "Marie-Brigitte Bertrand": "Q114340967", "Regine Ahrem": "Q2138049", "Anna Vivarelli": "Q3617845", "Le\u00efla Houari": "Q52634852", "Maria Altomare Sardella": "Q121438224", "Ivana Blahutov\u00e1": "Q95182767", "\u00c9lisabeth Gentet-Ravasco": "Q3587880", "Barbara Feldbrugge": "Q3099623", "Anne-Mali Saether": "Q52636998", "Miriam Kutz": "Q117805598", "Dragica Poto\u010dnjak": "Q12787799", "Tamara Iskandariya": "Q4450807", "Hetty Kleinloog": "Q2755626", "Tatsyana Mushynskaya": "Q4309083", "Miroslava Vydrov\u00e1": "Q120404510", "Atsuko Takaizumi": "Q11671767", "Eva van Heijningen": "Q2674729", "Anna Fil\u00e9 Salvans": "Q20875918", "Carole Tremblay": "Q2939919", "Nicole Caligaris": "Q3341013", "Garbi Losada": "Q20492347", "Tamara V\u0259liyeva": "Q83845548", "Johanna van Erden": "Q95212630", "Maria Jo\u00e3o da Rocha Afonso": "Q96184396", "Sylvie Trudel": "Q111254232", "Anna Adamowicz-K\u0119dzierska": "Q112548803", "D. Rust": "Q112550794", "Ludmila Liberdov\u00e1": "Q112561552", "Ana Vall\u00e9s": "Q120682371", "Elisabeth Herrmann": "Q1329983", "Anne Th\u00e9ron": "Q2851295", "Chie Ei": "Q11549904", "Caroline de Kergariou": "Q2940083", "Dagna Slepowronska": "Q17812534", "Irina Antonova": "Q124865555", "Tamar Bartaia": "Q12864900", "Efu Wakagi": "Q11281648", "Sylvie Cassez": "Q15407471", "Darja Dominku\u0161": "Q15569197", "Masako Takada": "Q20041096", "Lyubov Terentyeva": "Q4455647", "Zhila Taghizadeh": "Q28712963", "Anahit Aghasaryan": "Q50549244", "Natalya Gromova": "Q16514921", "Susanne Agerholm": "Q15127883", "Barbora \u0160t\u011bp\u00e1nov\u00e1": "Q807866", "Catherine Anne": "Q2941807", "Silvia Pel\u00e1ez": "Q9077427", "Caroline Moreno": "Q50358731", "Natacha de Pontcharra": "Q71246175", "Regina Faerber": "Q95207999", "Johanne Alice C\u00f4t\u00e9": "Q108648375", "Nathalie Papin": "Q3336650", "Alina Nelega": "Q12720470", "Ulrike Sauerh\u00f6fer": "Q113782883", "Patrizia Rinaldi": "Q3897837", "Lidija Nikoli\u0107": "Q12754554", "Elena Chernikova": "Q4513625", "Cristina Toro": "Q5791529", "Isabelle L\u00e9vy": "Q3154969", "Pascale Platel": "Q2149638", "Chiara Guidi": "Q16268446", "\u041e\u0440\u0434\u044b\u043d\u0441\u043a\u0430\u044f, \u0418\u0440\u0438\u043d\u0430 \u041d\u0438\u043a\u043e\u043b\u0430\u0435\u0432\u043d\u0430": "Q97940691", "Stine Kjelland-M\u00f8rdre": "Q12003267", "Nikoline Werdelin": "Q12328996", "Vily Sotiropoulou": "Q122228260", "Estela Le\u00f1ero": "Q23807391", "Sirkku Peltola": "Q5391483", "Iveta \u0160kripkov\u00e1": "Q12767696", "Layla Nabulsi": "Q3219972", "Bego\u00f1a Mu\u00f1oz": "Q12384297", "Tuija Kokkonen": "Q21043830", "Val\u00e9rie Poirier": "Q40251277", "Elham Abd-El-Attif Mohamed": "Q95193103", "Laetitia-N. Bouzahar": "Q95210617", "Angelika Eichhorn": "Q95211892", "Denise Boucher": "Q108839376", "Nata\u0161a Nelevi\u0107": "Q112548473", "Bettina Fless": "Q832607", "Satomi Yamakawa": "Q63131337", "Molina Udovi\u010dki Fotez": "Q110046398", "Wendy Stroobant": "Q47515978", "Mariya Lukashkina": "Q124866858", "Andreja Zelinka": "Q66310836", "Patrizia Pasqui": "Q19819565", "Margarida Feliu i Portabella": "Q38160297", "V\u011bra Herajtov\u00e1": "Q111718286", "Hajar Bali": "Q111279885", "Eva Proch\u00e1zkov\u00e1": "Q95156374", "V\u011bra Ma\u0161kov\u00e1": "Q95157773", "Marie-Paule Kumps": "Q3292186", "Vesna Stanisic": "Q96694112", "Akara Arisato": "Q11516705", "Marie Destrait": "Q11297580", "Llu\u00efsa Cunill\u00e9": "Q9023358", "Anja Tuckermann": "Q551308", "Thelma Guedes": "Q10381963", "Eugenie Chan": "Q63431053", "Katharina Tanner": "Q95197169", "Chloe Koutsoumbeli": "Q106914972", "Betsy Howie": "Q112376447", "Paola Trimarco": "Q112419443", "Elizabeth Dewberry": "Q112469169", "Ana Isabel Fern\u00e1ndez Valbuena": "Q112499016", "Veronika Mabardi": "Q112543894", "Fr\u00e9d\u00e9rique Dolphijn": "Q112558599", "Vivienne Laxdal": "Q114779302", "Mar\u00eda Teresa Z\u00fa\u00f1iga Norero": "Q124339112", "Arielle Meyer MacLeod": "Q124622912", "Beate Fa\u00dfnacht": "Q105754", "Elena Hlo\u017eanov\u00e1": "Q124304342", "Janne Langaas": "Q7710674", "Anne Luthaud": "Q2851180", "Elena Skorokhodova": "Q13218101", "Marina Steinmo": "Q27299897", "Estrella Laurta": "Q5849628", "Milena Fuchedjieva": "Q25344251", "Nathalie Uffner": "Q11300054", "Simone Meyer": "Q19309168", "Ana Bili\u0107": "Q56876012", "Zuzana Uli\u010dianska": "Q112553985", "Liliya Sakmar": "Q16671288", "Adriana Kr\u00fapov\u00e1": "Q13368395", "Elsa Solal": "Q42311179", "Juana Escabias": "Q62839531", "Steffi B\u00f6ttger": "Q95204246", "Roba Shimori": "Q108777244", "Mariko Muramatsu": "Q11523314", "Lolita Monga": "Q96619697", "Daniela Zbytovsk\u00e1": "Q95179749", "Yasmine Char": "Q3571919", "Daphne de Bruin": "Q2515524", "Inger Scharis": "Q122263064", "Albina Aleksandrovna Nikitina": "Q4319785", "Abelone Koppel": "Q72320475", "Lenka Lagronov\u00e1": "Q12032931", "Sanae Iijima": "Q11666356", "Emanuelle delle Piane": "Q3051987", "Yumi Suzuki": "Q11649260", "Milica Luk\u0161i\u0107": "Q16114870", "Maria Merc\u00e8 Cuartiella i Todol\u00ed": "Q16941871", "Ma\u0142gorzata Sikorska-Miszczuk": "Q19268846", "Tanja Radovi\u0107": "Q112558938", "Nathalie Fillion": "Q112559240", "Flavia Radrig\u00e1n": "Q117615501", "Tetyana Ivashchenko": "Q4197107", "Betty Quan": "Q64734811", "Olga \u010cern\u00e1": "Q95167758", "Azuki Mashiba": "Q11583260", "Eva David": "Q21294633", "Sarah Nemitz": "Q22670351", "Laila Ripoll": "Q5969465", "Sofia Panailidou": "Q97069950", "Roza Mukanova": "Q12560224", "Maria Grazia Calandrone": "Q22677269", "Alma Ganihar": "Q6943956", "Ry\u016bsei Izumi": "Q11554872", "Manon Pulver": "Q21043423", "Seo Mi-ae": "Q98411830", "Virginie Thirion": "Q111212143", "Sabrina G. Bernard": "Q112510364", "Julija Aleksandrovna Lavrja\u0161ina": "Q112544483", "Anna R. Costa": "Q116151129", "Lot Vekemans": "Q2124424", "Mariko Hasegawa": "Q11653699", "Vinciane Moeschler": "Q77229621", "Maya Bahir": "Q12408745", "Emmanuelle Marie": "Q3052968", "Line Knutzon": "Q4959286", "Nina Obrezkova": "Q3744248", "Eugenia Naef": "Q1373219", "Yuliya Lavryashina": "Q124865648", "Anna Langhoff": "Q103929", "Zora \u0160im\u016fnkov\u00e1": "Q10861351", "Malin Lindroth": "Q4962918", "Emma Riverola": "Q117864213", "Petra Revenue": "Q4974570", "Carlotta Clerici": "Q496037", "Alma Weich Hoshen": "Q114558289", "Nesrin Kazankaya": "Q6094446", "Umi Yamano": "Q11471076", "Kate Pendry": "Q16904004", "Kseniya Dragunskaya": "Q4167538", "Loone Ots": "Q12369020", "Rike Reiniger": "Q29048567", "Lina Saneh": "Q52637047", "Elizabeth Schraml": "Q95187347", "Gesine Schmidt": "Q95199529", "Debbie Patterson": "Q107457478", "Guadalupe Pardo": "Q112498993", "Justine Del Corte": "Q1409681", "Isabelle Daccord": "Q3154900", "Alexandra La Capria": "Q3610820", "Monika Muska\u0142a": "Q11785142", "Efrat Ben-Yehuda Levin": "Q110251666", "\u0415\u043b\u0435\u043d\u0430 \u0418\u0441\u0430\u0435\u0432\u0430": "Q65158742", "Claudia Faci": "Q112256876", "Laura Forti": "Q105394059", "Florence Vanoli": "Q122912548", "Sharda Ganga": "Q1997464", "Katharina Gericke": "Q1735893", "Anna Alexis Michel": "Q48758044", "Claire Lasne Darcueil": "Q96242233", "Anne Calife": "Q2851006", "Renata Putzlacher-Buchtov\u00e1": "Q2581742", "Eva Moreno Bosch": "Q90406256", "Anastasija Romanovna Haritonova": "Q4495919", "Merc\u00e8 Sarrias": "Q85220234", "Clyde Chabot": "Q2980415", "Cl\u00e1udia Maria de Vasconcellos": "Q111838567", "Jacqueline Goldberg": "Q5924584", "Roberta Biagiarelli": "Q3436789", "Natalia Men\u00e9ndez": "Q6038494", "Minna Nurmelin": "Q11882910", "Lene Henningsen": "Q12324261", "Elba Cortez Villapudua": "Q106234803", "Heather Elise Harpham": "Q112519387", "Deborah Sheldon": "Q127038372", "Krystyna Krauze": "Q27042425", "Sulpan Abdrakhimova": "Q125764948", "Karin Serres": "Q100138241", "Martina Ani\u010di\u0107": "Q15879184", "Paula Udondek": "Q2172537", "Petra Norman": "Q113682058", "Itziar Pascual Ortiz": "Q55087533", "Tyra Bondevik T\u00f8nnessen": "Q64342560", "Siv Rajendram": "Q12000678", "Virginia Ducler": "Q47494214", "Anne Riitta Ciccone": "Q80316", "Asako Maekawa": "Q11397212", "Yekaterina Asmus": "Q21088550", "\u017danina Mir\u010devska": "Q18643152", "\u0428\u04d9\u043a\u04af\u0440\u043e\u0432\u0430 \u0428\u04d9\u04af\u0440\u04d9 \u0420\u04d9\u0448\u0438\u0442 \u04a1\u044b\u0499\u044b": "Q107711156", "Andrea Csuk\u00e1n\u00e9 Szer\u00e9my": "Q85483935", "Sara Ganoti": "Q84553504", "Kitte Wagner": "Q12321997", "Laurence Vielle": "Q21970170", "Christiane Jatahy": "Q28961132", "Ioanna Bourazopoulou": "Q86532713", "Shenja Keil": "Q95187489", "Ma\u0142gorzata Mroczkowska": "Q112491000", "Cecilia Propato": "Q5759834", "Shirili Deshe": "Q21035143", "Mayumi Nakatani": "Q11367118", "Jana Janatov\u00e1": "Q12424751", "Noa Brenner": "Q6919593", "Sofia Fred\u00e9n": "Q4988505", "Francesca Zanni": "Q3749471", "Malin Lagerl\u00f6f": "Q4960544", "Marielle Pinsard": "Q3292992", "Katrin Wiegand": "Q31704153", "Brigitte Marleau": "Q2925449", "Mateja Bizjak Petit": "Q17402451", "Carol L\u00f3pez": "Q21001309", "Josephina Lopez": "Q63438894", "Pauline Sales": "Q88029619", "Annie Phrommayon": "Q95213066", "Rab\u012b\u02bb, \u0100minah": "Q100257890", "Zhang Yong": "Q105590886", "Marina Milivojevi\u0107-Ma\u0111arev": "Q112547323", "Chisato Tashiro": "Q11270984", "Marije Gubbels": "Q72391792", "Lia Bugnar": "Q17312130", "Jelena Kajgo": "Q110046397", "Hinako Nakazawa": "Q22119739", "Dainara Toffoli": "Q118436445", "Tale N\u00e6ss": "Q16903699", "Jana Barnov\u00e1": "Q95181651", "Giovanna Mulas": "Q104599867", "Olga Atamanova": "Q124742800", "Carole Thibaut": "Q56309405", "Anna Lengyel": "Q60594124", "Tove Appelgren": "Q15647023", "Doroth\u00e9e Zumstein": "Q63214637", "St\u00e9phanie Tesson": "Q3502227", "LUCIA FRANGIONE": "Q55768441", "Dace Ruk\u0161\u0101ne": "Q1156612", "\u041d\u0430\u0442\u0430\u043b\u0456\u044f \u041e\u0441\u0438\u043f\u0447\u0443\u043a": "Q56374132", "Olga Pogodina-Kuzmina": "Q19915581", "Colette Freedman": "Q77931403", "Barbara Abel": "Q16009958", "Genevi\u00e8ve Damas": "Q3100614", "Giuliana Musso": "Q3107891", "Paola Presciuttini": "Q16707940", "Agnieszka Zgieb": "Q27941256", "Lilja Scherfig": "Q29113238", "Lisa Stadler": "Q95199105", "Luise Rist": "Q95201519", "Pamela D\u00fcrr": "Q95212198", "Ane Aass": "Q123072825", "Jana J\u00fcr\u00df": "Q1167471", "Yayohi Yoshimura": "Q11413218", "Mark\u00e9ta Bidlasov\u00e1": "Q12035600", "Kate\u0159ina Tomanov\u00e1": "Q95148673", "C\u00e9lia Houdart": "Q3010112", "Sandrine Roche": "Q110243527", "Gritt Uldall-Jessen": "Q98223978", "Anna Donatova": "Q48953319", "Ivana Bakari\u0107": "Q12022038", "Victoria Meirik": "Q64345538", "Lilach Dekel-Avneri": "Q6882123", "Felicia Zeller": "Q1403035", "Sabina Tan\u010devov\u00e1": "Q12050799", "Olga Mukhina": "Q4308945", "Anna Maria Krassnigg": "Q562014", "Mikuni Yanaihara": "Q11583946", "Nathalie Saugeon": "Q15149327", "V\u00e9ronique Reymond": "Q18222118", "Judite Canha Fernandes": "Q105078728", "Milica Pileti\u0107": "Q109917218", "Mirjana Drljevi\u0107": "Q110046385", "Lejla Begim": "Q112538282", "Marta Soko\u0142owska": "Q112552381", "Beata Mi\u0119tus": "Q112557173", "Dominick Parenteau-Lebeuf": "Q16629634", "Marina Krapivina": "Q47453004", "Neda Nez\u0361hdana": "Q12133167", "Victoria Nikiforova": "Q4319956", "Irene Ahn\u00e9ll": "Q111494925", "Lenka Kolihov\u00e1 Havl\u00edkov\u00e1": "Q95457643", "Muriel Roland Darcourt": "Q23816357", "Ximena Carrera": "Q60635385", "Karelle M\u00e9nine": "Q3193088", "Yana Borisova": "Q12299675", "Kati Kaartinen": "Q16299737", "Gemma Bri\u00f3 i Zamora": "Q21293411", "Esther Steinbrecher": "Q95201843", "Nen Ishihara": "Q97031372", "Zia Soares": "Q110838671", "Dana \u0141ukasi\u0144ska": "Q112556780", "Ana Graciani": "Q115056158", "Esther Gerritsen": "Q2517533", "Keren Koch": "Q97205483", "Ixiar Rozas": "Q12259946", "Andreea V\u0103lean": "Q25785875", "Vesna Stankovi\u0107-Mileki\u0107": "Q16084341", "Sananda Solaris": "Q67624870", "Satu Rasila": "Q11892600", "Sonia Risti\u0107": "Q63117694", "Khawla Elhadef": "Q97641365", "Isabelle Sorente": "Q3155034", "Rachida Khalil": "Q3416212", "Meritxell Cucurella-Jorba": "Q11936571", "Helena Tornero": "Q62081073", "Simone Kucher": "Q95184146", "Dorothee Brix": "Q95193785", "Anna Eschenhagen": "Q95212650", "Marta Gal\u00e1n": "Q106464816", "Gemma Rodr\u00edguez i Villanueva": "Q106892360", "H\u00e9l\u00e8ne Desgranges": "Q108828876", "Diana de Paco": "Q111370173", "Irina Stojkovi\u0107 Kiki\u0107": "Q112545602", "Michela Marelli": "Q112546893", "Renata Ciaravino": "Q112556002", "Gracia Morales": "Q5883906", "Akane Nakata": "Q11274072", "Heidi Linde": "Q4544755", "Gemma Miralles Esteve": "Q87307687", "Ellisiv Lindkvist": "Q11967229", "Naghmeh Samini": "Q20109946", "Anna Vars\u00e1nyi": "Q84259884", "L\u00e9da Forg\u00f3": "Q125240", "Carmen Pombero": "Q5752623", "Isabelle Le Nouvel": "Q3154962", "Katar\u00edna Fiala": "Q95373732", "Sa\u00efda Jawad": "Q3474848", "Victoria Szpunberg": "Q56652415", "Helena R\u00f6hr": "Q124657704", "Mar\u00eda Rosa O\u00f1a": "Q42394231", "Maja DasGupta": "Q95212195", "\u0531\u057d\u057f\u0572\u056b\u056f \u054d\u056b\u0574\u0578\u0576\u0575\u0561\u0576": "Q107400571", "Malin Kivel\u00e4": "Q27130929", "Joana Craveiro": "Q92575661", "Charlotte Roos": "Q95201637", "Sonja Evang": "Q105038308", "Tristana Landeros": "Q106243800", "Marilia Samper": "Q106804375", "S\u00edlvia Ferrando": "Q107485262", "Friederike Heller": "Q111803388", "Johanna Kaptein": "Q112473030", "Katarzyna Dworak": "Q112519201", "Gl\u00f2ria Bala\u00f1\u00e0 i Altimira": "Q118274604", "Enne Koens": "Q16068817", "Aur\u00e9lie Viel": "Q2872017", "Anna Krogerus": "Q5489738", "Anna Vnuk": "Q4984788", "Milena Markovi\u0107": "Q3314048", "Mariana de Althaus": "Q3291255", "Julie Douard": "Q59282033", "Denise Despeyroux": "Q42394328", "Julie Gilbert": "Q3189213", "Nina Wester": "Q16905893", "Rebekka Kricheldorf": "Q1719590", "Jorgelina Cerritos": "Q5936356", "Sara Giese": "Q37016336", "Magda Fertacz": "Q12034867", "N\u00faria Casado i Gual": "Q20006115", "Patr\u00edcia Pardo": "Q43561621", "Anna B\u00f6hm": "Q50383677", "Marion Suter": "Q95199693", "Henriette Dushe": "Q95211558", "Cristina Colmena": "Q112557501", "Reine Oussou": "Q117302433", "Anja Hilling": "Q104942", "Alexandra Helmig": "Q24205512", "Marijke Schermer": "Q57515136", "Birgit Amalie Nilssen": "Q67126792", "Svetlana Mardagol\u00edmova": "Q109495979", "Jera Ivanc": "Q18508043", "Natalia Moshina": "Q56782247", "Irina Agapova": "Q4056638", "Silvia Soro": "Q65267316", "Sophie Helsing": "Q113197694", "Milja Sarkola": "Q28919148", "Aina de Cos": "Q110391447", "Dora Kapr\u00e1lov\u00e1": "Q28567684", "Mark\u00e9ta Ketnerov\u00e1": "Q112545554", "Vanessa Montfort": "Q6159539", "Simona Semeni\u010d": "Q18643066", "Malin Axelsson": "Q4937070", "Triin Sinissaar": "Q12377248", "Stefanie Grob": "Q70891171", "Shin Takase": "Q11671918", "Caroline Eriksson": "Q18176376", "Kyriak\u00ed Christoforidi": "Q23906899", "Ana Mar\u00eda Harcha": "Q52158910", "Sophie Maurer": "Q59247589", "Lauren Jackson": "Q96658128", "M\u00e9lanie Rivet": "Q108648269", "Marie Henry": "Q112543483", "Blanca Dom\u00e9nech Casares": "Q112552963", "Megan Campisi": "Q112553813", "Camille Kohler": "Q112561767", "Mely Kiyak": "Q124589", "Makiko Mizoguchi": "Q11564478", "Mara D'Aquila": "Q120046188", "M\u00e9lanie Chappuis": "Q3332870", "Ulrike Syha": "Q2477491", "Aline C\u00e9sar": "Q116974156", "Annechien Koerselman": "Q18655472", "Ivana Djilas": "Q47237052", "Y\u016bko Kuwabara": "Q11537478", "Nafumi Sasaki": "Q64624669", "Anne-\u00c9lisabeth Blateau": "Q2850947", "Silvia Albert Sopale": "Q71149002", "Naoko Nakano": "Q11367720", "Athenea Mata": "Q4892895", "Ya\u02bfel Ronen": "Q3571288", "Susanne Falk": "Q63829335", "Ver\u00f3nica Mato": "Q91272452", "Nicole Dambreville": "Q123352899", "Ana Seferovi\u0107": "Q110046380", "Marie Fourquet": "Q63644055", "Ada Berger": "Q4938393", "Ikue Osada": "Q11653485", "Shahar pinkas": "Q27990374", "Fr\u00e9d\u00e9rique A\u00eft-Touati": "Q46643045", "Lene Marie Olsen": "Q47012205", "Cornelia Gro\u00df": "Q95183947", "Antonina Grzegorzewska": "Q95213042", "Zuzana Ferenczov\u00e1": "Q112473312", "Maria Spiss": "Q112479419", "Jalie Barcilon": "Q112531776", "Ana Candida de Carvalho Carneiro": "Q112535935", "Laura Buffoni": "Q112535988", "L\u0101n\u0101 N\u0101\u1e63ir": "Q112548264", "Monja Jovi\u0107": "Q112558801", "Dione Carlos": "Q120940064", "Pipsa Lonka": "Q63192662", "Leticia Feippe": "Q42394524", "Ahn Hyun Jung": "Q12605882", "Akane Yamaguchi": "Q11467454", "Katarzyna Raduszy\u0144ska": "Q11737050", "Ingrid Ulst": "Q20933587", "\u00c9va Csom\u00f3s": "Q874126", "Nana Mil\u010dinski": "Q18523776", "Marion Aubert": "Q3293607", "Gianina C\u0103rbunariu": "Q11699769", "No\u00e9mie de Lattre": "Q3345738", "Caro Thum": "Q35853126", "Sara Nalbandyan": "Q52775923", "Virginia Ord\u00f3\u00f1ez": "Q30331292", "Marte Hallem": "Q105970893", "Florence Lefebvre": "Q72282122", "Veera Tyhtil\u00e4": "Q65953651", "Gabriela Ponce": "Q85123533", "Karin Valecillos": "Q24284728", "Line M\u00f8rkeby": "Q64514142", "Boo Killebrew": "Q62131251", "Rosario Troncoso": "Q6112420", "Abke Haring": "Q28750820", "Marija Karaklaji\u0107": "Q109643940", "Sivan Ben Yishai": "Q112180454", "Linda Jur\u010d\u00edkov\u00e1": "Q112527023", "Marzena Sadocha": "Q112551184", "Ruth Vilar": "Q121548533", "Queralt Riera": "Q121556653", "Anne Lepper": "Q565514", "Johana Sou\u010dkov\u00e1": "Q95079498", "Ma\u00efa Sandoz": "Q47005212", "H\u00e9l\u00e8ne Chardonnet": "Q123410280", "Eva Guillam\u00f3n": "Q96743117", "Borb\u00e1la Szab\u00f3": "Q46995905", "Nata Varada": "Q12867435", "Orit Gal": "Q105811106", "\u0160\u00e1rka Fenykov\u00e1": "Q95144725", "Jimena M\u00e1rquez": "Q23041505", "Helena Sandstr\u00f6m Cruz": "Q104836822", "Veranika Buslaeva": "Q28830633", "Helena Hedlund": "Q56692057", "Mukku Akazawa": "Q11635802", "Junko Emoto": "Q11551152", "Anna Viitala": "Q28028727", "Esther F. Carrodeguas": "Q52568769", "Marta Buchaca": "Q68799897", "Ulrike Freising": "Q95193007", "Julienne Baseke Nzabandora": "Q111309393", "Silvia Zoffoli": "Q112554863", "Ebru Nihan Celkan": "Q113956637", "Kirstine K. H\u00f8gsbro": "Q118111443", "Rakel Camacho": "Q118583345", "Katharina Schmitt": "Q14948918", "Tine Rahel V\u00f6lcker": "Q109585477", "Anne-C\u00e9cile Vandalem": "Q30728494", "Diana Balyko": "Q13030652", "Hajla Khalladi": "Q98925623", "Marta Gusniowska": "Q19268790", "Laetitia Mazzoleni": "Q3216069", "Kato Javakhishvili": "Q123882623", "Romina Paula": "Q3441231", "Old\u0159i\u0161ka Ciprov\u00e1": "Q12042489", "Andr\u00e9a Bescond": "Q29440413", "Tanya O'Debra": "Q7684031", "Andrea Pass": "Q112516074", "Antoinette Rychner": "Q65036946", "P\u0131nar T\u00f6re": "Q46997746", "Joanna Mueller": "Q11727469", "Olesya Vladimirovna Emelyanova": "Q4175426", "Marie-\u00c8ve Perron": "Q27826970", "Manuela Infante": "Q52159121", "Nora Nilsson": "Q59639058", "Esther Becker": "Q63210371", "Emma Brostr\u00f6m": "Q65196851", "Sylvia Vieli": "Q95194468", "Nora Mansmann": "Q95196611", "Katharina Schmidt": "Q95199632", "Tina M\u00fcller": "Q95205647", "Florence Longpr\u00e9": "Q101114140", "Idoia Gerenu": "Q106832837", "So\u0148a \u010cerm\u00e1kov\u00e1 Uli\u010dn\u00e1": "Q112468128", "Jana Micenkov\u00e1": "Q112531337", "Iwona Kusiak": "Q112545999", "Alexandra Badea": "Q20807816", "Camila Urioste": "Q50414481", "Julie Annen": "Q94241568", "Maria Kwiecie\u0144": "Q121438247", "Nino Sadgobelashvili": "Q16373554", "\u0410\u043b\u0435\u043a\u0441\u0438\u043d\u0430, \u0410\u043b\u0451\u043d\u0430 \u0415\u0432\u0433\u0435\u043d\u044c\u0435\u0432\u043d\u0430": "Q123597577", "Anna Bro": "Q12301739", "Lorena Conde": "Q28114012", "Emmanuelle Favier": "Q49696274", "Lali \u00c1lvarez": "Q71038851", "Mariel Rosciano": "Q116590067", "Mariette Navarro": "Q3293028", "Anna Sobotkov\u00e1": "Q112543906", "Pilar Gamboa": "Q5696453", "Sa\u0161a Rakef": "Q124669313", "Svetlana Petriychuk": "Q109486607", "Dafnah Rubinshtain": "Q112865133", "Yulia Ravvina": "Q48956173", "Natalia Blok": "Q24262033", "Marie Dilasser": "Q110243126", "Berta Giraut Junoy": "Q122585675", "Lisa Charlotte Baudouin Lie": "Q11984182", "V\u00e9ronique C\u00f4t\u00e9": "Q55722978", "\u0421\u0432\u0435\u0442\u043b\u0430\u043d\u0430 \u0421\u0430\u0447\u0435\u043d\u043a\u043e": "Q108363880", "Johanna Sprondel": "Q117675279", "Vanesa Mart\u00ednez Sotelo": "Q20534855", "Noora Dadu": "Q27588755", "Penda Diouf": "Q44412016", "Miren Tirapu": "Q83485919", "Dorothee Aumayr": "Q95193369", "Jillian Weise": "Q106772893", "Tamara \u0160u\u0161ki\u0107": "Q110046394", "Aneta Wr\u00f3bel": "Q111360259", "Anna Bednarska": "Q112535980", "Ulviyya Heydarova": "Q112540072", "Kate\u0159ina Male\u010dov\u00e1 Sukov\u00e1": "Q112541598", "Ishbel Szatrawska": "Q112547794", "Julia May Jonas": "Q114873759", "Carolina Pizarro": "Q124536125", "M\u00f3nica Zwaig": "Q125723237", "Lara Sch\u00fctzsack": "Q76845448", "Anastasiya Bukreeva": "Q56308876", "Julie Carcuac": "Q58478222", "Kseniya Starostina": "Q124866848", "Kristina Sigunsdotter": "Q55178459", "Isidora Stevenson": "Q123956109", "Maja Pelevi\u0107": "Q16087469", "Martina Schlegelov\u00e1": "Q95393503", "Nerea Ariznabarreta Izkune": "Q126917253", "Laura de Weck": "Q1285579", "Milena Depolo": "Q109643513", "Yaara Reshef Nahor": "Q116776729", "Saara Turunen": "Q11891808", "Caroline Guiela Nguyen": "Q19843734", "Irina Vaskovskaya": "Q56312018", "L\u00e9onore Confino": "Q19952187", "Lena M\u00fcller": "Q32855952", "Magali Mougel": "Q41225946", "Marianne Strauhs": "Q95203182", "Nora Coss": "Q106233869", "Maria Milisavljevi\u0107": "Q108862138", "Agata D\u0105bek": "Q112450004", "Zo Brinviyer": "Q112498887", "Milena Bogavac": "Q112505647", "Jolanta Janiczak": "Q112540199", "El\u017cbieta Chowaniec": "Q112544539", "Julie Maj Jakobsen": "Q116052616", "E. L. Karhu": "Q11857832", "Marjolaine Beauchamp": "Q50825944", "Ana do Vale L\u00e1zaro": "Q51882932", "Claudia Grehn": "Q1097476", "Anne-Sophie Girard": "Q19956036", "Zane Zusta": "Q125726317", "Carla Rovira": "Q77800459", "Daryna Berezina": "Q12082209", "Joana B\u00e9rtholo": "Q21290311", "Tatiana Sivec": "Q13134191", "St\u00e9phanie Le Bail": "Q16028170", "Martina Bal\u00e1\u017eov\u00e1": "Q117735340", "Daniela Sodomov\u00e1": "Q106783351", "Cl\u00e0udia Ced\u00f3 i Castillo": "Q85951209", "Nora Abdel-Maksoud": "Q95193642", "R\u00e9becca D\u00e9raspe": "Q101115496", "Daimary S\u00e1nchez Moreno": "Q106234966", "Julia Holewi\u0144ska": "Q112473188", "Erika Z. Galli": "Q112494954", "Aurore Jacob": "Q112496805", "Carlota P\u00e9rez-Reverte": "Q112519224", "Ewa Opawska": "Q112549139", "Barbara Herz": "Q112564353", "Alexandra Gu\u00e9nin": "Q125096708", "Silvia Manzana": "Q125266231", "Lola Blasco": "Q24069681", "Adriana Totikov\u00e1": "Q38654850", "Aristide Tarnagda": "Q56320552", "Joanna Ostrowska": "Q60835012", "Teja Oblak": "Q66310952", "Lisa Danulat": "Q66587257", "Iva Brdar": "Q110042006", "Gerhild Steinbuch": "Q1512989", "Liis Sein": "Q126013271", "Mirela Payret": "Q24258727", "Vanja Nikoli\u0107": "Q110046389", "Abi Zakarian": "Q124540361", "Zivia Margaliot": "Q34229060", "Malina Prze\u015bluga": "Q16321177", "Raquel Loscos": "Q96480014", "Salom\u00e9 Lelouch": "Q3470077", "Caitlin van der Maas": "Q113121124", "Anna Matison": "Q7510890", "Simona Petru": "Q63640297", "Seluah Alsaati": "Q96789594", "Mar\u00eda Velasco": "Q56324166", "Ioana P\u0103un": "Q89981711", "Magdalena Schrefel": "Q98446031", "Olga Dimitrijevi\u0107": "Q109644131", "Anna Papst": "Q112535102", "Magdalena Kupryjanowicz": "Q112549164", "Ronnie Brodetzky": "Q112865132", "Azar Mortazavi": "Q6523308", "Danica Pajovi\u0107": "Q12745016", "Anoek Nuyens": "Q52636155", "Annika Nyman": "Q104635032", "Mar\u00eda Folguera": "Q21402428", "Anna Ter\u00e9k": "Q44501559", "Dimen Abdulla": "Q28045183", "Wakako Kitagawa": "Q11401602", "Judith Bordas": "Q104192515", "Sorami Date": "Q11613528", "Hekatherina C. Delgado": "Q42394941", "Jitka Vrbkov\u00e1": "Q95096967", "Isabel Cruz Liljegren": "Q23917069", "Ahlam al-Yaqoub": "Q55665998", "Katie Mulgrew": "Q67994519", "Olivia Wenzel": "Q85111269", "Caren Je\u00df": "Q85700353", "Juliana L\u00e9veill\u00e9-Trudel": "Q106857659", "Ewelina Benbenek": "Q107679214", "Tamara Bijeli\u0107": "Q109265435", "Aleksandra Uro\u0161evi\u0107": "Q110419749", "Kl\u00e1ra Aragonov\u00e1": "Q112531624", "Esther Duysker": "Q125883381", "Asya Voloshina": "Q97182794", "Kana Yamada": "Q17223588", "Jana Pacheco": "Q55061829", "Nadezhda Karelina": "Q124866867", "Tereza Vereck\u00e1": "Q95400964", "\u0410\u043d\u043d\u0430 \u0411\u043e\u0431\u0440\u043e\u0432\u0441\u043a\u0430\u044f": "Q125327483", "Tiphaine Raffier": "Q64772105", "Tine H\u00f8eg": "Q51671915", "Juliette Speranza": "Q3189778", "Dana Sideros": "Q48947433", "Elizaveta Sergeevna Trusevich": "Q4464513", "Raheli Moskovits": "Q58652160", "Paula Llorens": "Q91089379", "Tabea Hertzog": "Q95184250", "Zs\u00f3fia Znajkay": "Q97201753", "Lara Salvador Peydro": "Q110008359", "Emmelyne Octavie": "Q111285586", "Martina Ruggeri": "Q112494955", "Miroslava Svolikova": "Q112524723", "Selma Spahi\u0107": "Q112553070", "Pauline Peyrade": "Q112560784", "Celtia Figueiras": "Q121092875", "Laetitia Boqui-Queni": "Q66057890", "Ivna \u017dic": "Q94698997", "Johanna Emanuelsson": "Q4946613", "Zita Izs\u00f3": "Q17361707", "Ekaterine Kato Shariqadze": "Q124807939", "Tamara Al Saadi": "Q64711587", "Michaela Dole\u017eelov\u00e1": "Q95401625", "Gabriela Rom\u00e1n": "Q106297701", "Hannah Zufall": "Q111692228", "Lenka \u010cepkov\u00e1": "Q112494936", "Michaela Zaku\u0165ansk\u00e1": "Q112504898", "Helena Singh Eli\u00e1\u0161ov\u00e1": "Q112510360", "Emily Slocum": "Q112532555", "Ul\u2018jana Gicareva": "Q112541963", "Gwendoline Soublin": "Q112560783", "Anna Neata": "Q124361236", "M\u00fcge Oskay": "Q126870794", "Estel Sol\u00e9 i Casadell\u00e0": "Q24042331", "Agnieszka Jakimiak": "Q29079284", "Raffaela Sch\u00f6bitz": "Q116947661", "Vol\u2018ha Prusak": "Q122055266", "Julie Rossello-Rochet": "Q55340960", "Hanna Nygren": "Q104506774", "Dagmar Radov\u00e1": "Q112471973", "Yaroslava Aleksandrovna Pulinovich": "Q4383583", "Jelena Paligori\u0107 Sinkevi\u0107": "Q110046410", "Sayaka Nomizo": "Q11645814", "Kathrine Olsen Nedrejord": "Q24009638", "Sandija Santa": "Q109803638", "Maialen Diaz": "Q102241515", "Tanja \u0160ljivar": "Q112505174", "Laia Alsina Ferrer": "Q111056853", "Marija \u00c8\u0161kind-Ogneva": "Q112497884", "Ol\u2018ha Macjupa": "Q112535814", "Karolina Fortuna": "Q112547783", "Ariane Koch": "Q116465511", "Clara Gallistl": "Q47005591", "Marina Skalova": "Q56314954", "Fanny Garin": "Q123977907", "Blanca Bardagil": "Q73441696", "Anna Wakulik": "Q18067312", "Camara Lundestad Joof": "Q63927735", "Mariya Zelinskaya": "Q16653872", "Emanuelle Davin": "Q120836232", "Emma Winsor Wood": "Q116851640", "Milene Tournier": "Q114000549", "Marlena Hermanowicz": "Q19268785", "Sandra Szwarc": "Q112506108", "Marina Dady\u010denko": "Q112527393", "Kl\u00e1ra Hute\u010dkov\u00e1": "Q112549833", "Silje Louise Waters": "Q25435301", "Aleksandra Zielinska": "Q55390688", "Magdal\u00e9na Mikulov\u00e1": "Q112544930", "Sara Radojkovi\u0107": "Q109643025", "Veronika V\u0161iansk\u00e1": "Q123561220", "Ayla Schneiders": "Q83364817", "Shuko Nemoto": "Q22124199", "Andrise Pierre": "Q113243491", "Yekaterina Vasilyeva": "Q75780075", "Maja Todorovi\u0107": "Q16380676", "Dounia Mahammed": "Q52606920", "Pauline Picot": "Q55975167", "Teresa Dopler": "Q63533053", "Sofie Frost": "Q63923778", "L\u00e9a Carton de Grammont": "Q85347543", "Lucia Mih\u00e1lov\u00e1-\u0160u\u013eov\u00e1": "Q112483763", "Svetlana Ba\u017eenova": "Q112500335", "Magdalena Drab": "Q112506868", "Olga Bach": "Q112511008", "Tereza B\u0159ezinov\u00e1": "Q112542488", "Simone Isabel N\u00f8rgaard": "Q116052360", "Anna Nygren": "Q124056721", "Golda Barton": "Q119724435", "Amanda H\u00f6gberg": "Q110392315", "B\u00e0rbara Mestanza": "Q19289954", "Dina Safina": "Q106612694", "Lauren Larkin": "Q86832395", "Sarah Camille Osmundsen": "Q106373382", "Jimena Eme V\u00e1zquez": "Q106944797", "Elsa-Sophie Jach": "Q108156684", "Catherine C\u00f4t\u00e9": "Q108828809", "Zdenka Hor\u010dicov\u00e1": "Q112486145", "Taja Sapurina": "Q112527382", "Alena Ivanju\u0161anka": "Q112553755", "Eva Jansen Manenschijn": "Q113852112", "Sarakka Gaup": "Q123323158", "Yaiza Berrocal Guevara": "Q125690345", "Katja Brunner": "Q14441606", "Maryja Aljaksandra\u016dna Bjal\u2018kov\u00ec\u010d": "Q122055320", "Anna-Marie Maxera": "Q95246317", "Esther L\u00e1zaro Sanz": "Q113258766", "Marianne Dansereau": "Q50530420", "Nika Simonova": "Q62712747", "Lenka Smr\u010dkov\u00e1": "Q112538307", "Tereza Nov\u00e1kov\u00e1": "Q112526926", "Kaja Kowalczukov\u00e1": "Q112545867", "Karoline Una Moen": "Q124626386", "Slata Roschal": "Q100776800", "Daria Sobik": "Q119807894", "Kasha Jand\u00e1\u010dkov\u00e1": "Q112535730", "Jana Fleglov\u00e1": "Q95157775", "Enis Maci": "Q58798641", "Barbora Han\u010dilov\u00e1": "Q112525255", "Agata M. Skrzypek": "Q112544270", "Alicja \u0141ukasik": "Q112551777", "Martyna Wawrzyniak": "Q112561739", "Kate\u0159ina Vol\u00e1nkov\u00e1": "Q112562190", "Galina Maksimovi\u0107": "Q109917206", "Pamela Ghislain": "Q125100098", "Anna Carlier": "Q52626613", "Sarah Kilter": "Q112566092", "Marie Lucienne Verse": "Q115110105", "Bewis de la Rosa": "Q124014156", "Mina \u0106iri\u0107": "Q109642624", "Maria Kontorovich": "Q62071437", "Vera Morina": "Q110715527", "Zuzanna Bu\u0107ko": "Q112509379", "Alexandra Bolfov\u00e1": "Q112535972", "Dorina Marlen Heller": "Q112556781", "Lisa Wentz": "Q114397708", "Elisabeth Tj\u00f8svoll": "Q115425212", "Alexandra Ratajov\u00e1": "Q112525773", "Eva Mir": "Q125178653", "Irena Parezanovi\u0107": "Q109643261", "Mabel Olea": "Q114424281", "Jasmine Lee-Jones": "Q108866544", "Wera Makowskx": "Q112563665", "Selma Kay Matter": "Q115109564", "Berta Prieto": "Q117187679", "Marie-Luisa Purkr\u00e1bkov\u00e1": "Q114349925", "Danae Dimopoulou": "Q99143573", "Annie Corbier": "Q2851641", "Marisa Esteban": "Q30907021", "Raven Dauda": "Q42418858", "Daniele Auray": "Q110202081", "Jasmina \u017diljak Ilin\u010di\u0107": "Q110597536", "Chiyo Hayashi": "Q20042351", "Vanja \u0160evi\u0107": "Q110046401", "Faina Savenkova": "Q107099967", "Yasmine Modestine": "Q3571927", "Daniela Kullman": "Q4960116", "Mariko Shimizu": "Q5367518", "Sepideh Khosrowjah": "Q5721824", "Katayun Hosseinzadeh": "Q5946952", "Noam Friedlander": "Q7045515", "Saman Shad": "Q7408558", "Daniela Pereira de Carvalho": "Q10264039", "Y\u016bna Koyama": "Q11459778", "Eiko Ichikawa": "Q11480413", "Y\u014dko Takizawa": "Q11566349", "Sakurako Fukuyama": "Q11592081", "Kanko Akagi": "Q11635621", "Kibun Hiba": "Q11665820", "\u0412\u0430\u0441\u0438\u043b\u044c\u0435\u0432\u0430 \u041b\u0430\u0440\u0438\u0441\u0430 \u041d\u0438\u043a\u043e\u043b\u0430\u0435\u0432\u043d\u0430": "Q12537776", "\u039b\u03af\u03bb\u03b9\u03b1\u03bd \u039a\u03b1\u03bb\u03bb\u03af\u03c4\u03c3\u03b7": "Q12880035", "Ruan Lizhen": "Q16903820", "Eleni Haviaras": "Q20064356", "Olufunmi Aluko": "Q20604544", "\u0410\u0431\u0434\u044b\u0433\u0443\u043b\u043e\u0432\u0430, \u0410\u0441\u0430\u043d\u0433\u04af\u043b": "Q20614230", "Vida Crn\u010devi\u0107-Basara": "Q20638340", "Wendy Weiner": "Q22117240", "Anne Paschetta": "Q22976242", "Megan Gogerty": "Q24572212", "Lina Patel": "Q26197564", "Teresa Burrell": "Q28147058", "Antonia Fontana": "Q28801755", "Roxana Aramburu": "Q29122103", "Jessica Si\u00e2n": "Q29643848", "Zvia Huberman": "Q30526807", "Mai Lincoln": "Q31684437", "Nibedita Jena": "Q38791931", "Raquel Araujo": "Q39430195", "Marion Stoufflet": "Q48204351", "Olga Dimitrijevic": "Q52487240", "Heleen Verburg": "Q52497208", "Dalia Taha": "Q52771305", "Donatella Diamanti": "Q53460360", "Marianne Auricoste": "Q55540769", "H\u00e9l\u00e8ne Robitaille": "Q55723493", "Mojisola Adebayo": "Q55998073", "Niki Tsingalou": "Q56052093", "Susan Battye": "Q56239228", "Madeleine Lande": "Q56452279", "Julie Mayhew": "Q56512624", "Carolyn Lewis": "Q56750832", "Allia V. Oswald": "Q60524872", "Mar\u00eda Papal\u00e9xi": "Q60952179", "Mar\u00eda Fil\u00edni": "Q61206654", "Valentina Papadimitraki": "Q61252859", "Arlitia Jones": "Q61974624", "Mara Nelson-Greenberg": "Q61974851", "Deborah Stein": "Q61976470", "Kara Lee Corthron": "Q62130685", "Erika Sheffer": "Q62130722", "Kate Tarker": "Q62131296", "Heather Allin": "Q62333876", "Baijayanti Mishra": "Q63253067", "Linda Marshall Griffiths": "Q63256092", "Stacey Lynn Brown": "Q63348176", "Jane Anderson": "Q63430764", "Valetta Anderson": "Q63430800", "Janis Astor del Valle": "Q63430805", "Edit Villarreal": "Q63439813", "Odile Gakire Katese": "Q63833900", "Elyzabeth Gregory Wilder": "Q64350628", "Mia McCullough": "Q64350702", "S.M. Shephard-Massat": "Q64350746", "Anne Galjour": "Q64350983", "Aurore Evain": "Q64864972", "Egidia Bruno": "Q65006537", "Keiko Fukuyama": "Q65095668", "Barbara Hutchins": "Q65963810", "Jill Blewett": "Q65966658", "Kim Komljanec": "Q66363327", "Gertrude Nelson Andrews": "Q66698743", "Rachel Shukert": "Q66905304", "Irma Herrera": "Q69566591", "Gilda Bona": "Q74895747", "Carolina Balbi": "Q74897663", "N\u00e9lida Ballo": "Q74898298", "Valerie Sing Turner": "Q75641208", "Eleanor Burgess": "Q76477497", "Sybil Rosen": "Q80696763", "Genevieve Greville Haines": "Q81669851", "Eirini Nikolaki": "Q82748306", "Barbara J. Molette": "Q86916980", "Florence Wilkinson Evans": "Q87470673", "Sylvia Ashby": "Q88026200", "Melina Voipio": "Q89186525", "Ellyn Bache": "Q93353801", "Lisa Guez": "Q94816815", "Jane Robe": "Q95142077", "Katja Wachter": "Q95654895", "Kitty Hoffmann": "Q95697290", "Carmen Priego": "Q95707136", "No\u00e9mi Valentin": "Q95742064", "Rosalie Corraface": "Q96053983", "Kate Melville": "Q96238554", "Emilie Hahn": "Q96475210", "L\u00e9one Louis": "Q96619774", "Clara Chow": "Q97818380", "Caitr\u00edona N\u00ed Mhurch\u00fa": "Q98996631", "Zanjabeel Asim Shah": "Q99343139", "Elizabeth Higgins Clark": "Q99402266", "Kaci Beeler": "Q100165604", "Jeree Palmer": "Q100348881", "Andr\u00e9anne Joubert": "Q100450547", "Elisabeth Locas": "Q100450611", "Meghan Gardiner": "Q100939408", "Alice Eve Cohen": "Q100975797", "Marcelle Dubois": "Q101115463", "Jamie Pachino": "Q101171689", "Vasanti Saxena": "Q101535407", "C\u00e9cile Hoarau": "Q101747624", "Satoko Ichihara": "Q102276397", "Kira Breed-Wrisley": "Q104654119", "Clementine Schrader": "Q105103631", "Lydie Parisse": "Q105571704", "Sylvie Esp\u00e9rance": "Q105701074", "Teresa C\u00f3nsul": "Q105748193", "Anika Johnson": "Q106118694", "Kaneza Schaal": "Q106519757", "Honor Molloy": "Q106584826", "Katharine Clark Gray": "Q106584914", "Kimmika L.H. Williams-Witherspoon": "Q106584936", "Silviana Wood": "Q106719215", "Judi Callen": "Q106807866", "Jacqueline E. Lawton": "Q106813101", "Marjorie Barkentin": "Q106813905", "Beatriz de Souza e Mello": "Q106814494", "Kerryn Palmer": "Q106817680", "Gillian Gould": "Q106820276", "Anne Gardner": "Q106827323", "Mar\u00eda Cervantes Balmori": "Q106859291", "Elizabeth Jordon": "Q107107091", "Fran Kewene": "Q107196846", "Tulasi Ojha": "Q107297755", "Siobhan Rosenthal": "Q107340173", "Sarah Browne": "Q107340179", "Dawn Cheong": "Q107340485", "Georgina Titheridge": "Q107340486", "Hannah McKie": "Q107340487", "Josephine Stewart-Tewhiu": "Q107340489", "Lori Leigh": "Q107340490", "Maureen Fepulea'i": "Q107340491", "Pilar \u00c1vila": "Q107410984", "Haina Stewart": "Q107479144", "Sandra Purperhart": "Q107972658", "Emma Kinane": "Q107995116", "Eve Hughes": "Q108053741", "Estelle Chout": "Q108082753", "Lucy O'Brien": "Q108203553", "Rosemary Johns": "Q108259532", "Helen Vivienne Fletcher": "Q108334071", "Anna Grigoryevna Yelagina": "Q108396793", "Anita Sullivan": "Q108462608", "Zoe Mavroudi": "Q108547634", "Janna Carioli": "Q108570189", "Olinda Ch\u00e1vez Callirgos": "Q108632795", "Nathalie Chevalier": "Q108648140", "Maureen Martineau": "Q108648221", "\u00c9lise Rivard": "Q108648268", "Susy Desrosiers": "Q108648466", "Adele Regnauld de Prebois": "Q108664365", "H\u00e9l\u00e8ne Blais": "Q108680517", "Misaki Setoyama": "Q108777074", "Jacqueline Martin": "Q108828820", "Marie-Soleil Roy": "Q108829001", "Carmen Marfa Vives": "Q108872872", "Natalie Rafal": "Q108882758", "Elli Salo": "Q108892107", "Julie Janson": "Q109107287", "Dorothy Fortenberry": "Q109290537", "Celeste Bedford Walker": "Q109351031", "Patricia Browning Griffith": "Q109351466", "Prajwala Dixit": "Q109372161", "Sylvie Luneau": "Q109518526", "Sandra Adell": "Q109648670", "Christina Masciotti": "Q109987490", "Jelena \u0110or\u0111evi\u0107 Kne\u017eevi\u0107": "Q110041854", "Chandel Gambles": "Q110111876", "Palesa Mazamisa": "Q110243703", "Lanaire Aderemi": "Q110458212", "Madame Marty": "Q110493109", "Madame Fradeille": "Q110535389", "Sandra Shotlander": "Q110602586", "Ethel Taylor": "Q110660004", "Chelsea Woolley": "Q110715505", "Pacifica Artuso": "Q110792472", "Eugenia De Jong": "Q110986354", "Nicole Bonder": "Q110996207", "Jessica Dickey": "Q111016336", "Khadija Soqdali": "Q111033047", "Cinzi Lavin": "Q111109591", "Ana Isabel Rodr\u00edguez Bern\u00e1rdez": "Q111310843", "Margaret Engel": "Q111367312", "Shannon Farrell": "Q111436972", "Fordyce": "Q111532407", "D\u00e9aria Rouy": "Q111540615", "Robert Danceny": "Q111573088", "F\u00e9licie Henri": "Q111575445", "M\u00e9lanie Dumont": "Q111578359", "Blanche Fromont": "Q111578456", "Aline Clairval": "Q111578622", "Mathilde Linange": "Q111578716", "Corn\u00e9lie Grimon": "Q111586299", "C\u00e9lia de Vylars": "Q111586575", "Chris White": "Q111732137", "Giorgina Pi": "Q111993274", "M\u00f3nica Drouilly": "Q112130906", "Mercedes Fouda": "Q112203718", "Nana Ponceleon": "Q112315959", "Amina McIntyre": "Q112531008", "Nicole Mathieu": "Q112620069", "Ekaterina Ofrena": "Q112622230", "Madame R\u00e9al": "Q112624782", "Armande Arnim": "Q112625984", "PENELOPE LOWDER": "Q112713317", "Marguerite Prud'homme": "Q112726985", "JOY YVONNE JONES": "Q112731191", "Mlle Maucs": "Q112975298", "Torange Yeghiazarian": "Q113038990", "Aline Ducros": "Q113070144", "Val\u00e9rie Alane": "Q113154749", "Jude Narita": "Q113195004", "Uma Nada-Rajah": "Q113299896", "Alice Mary Cooper": "Q113305009", "Joelle Peters": "Q113467948", "Mumbi Kaigwa": "Q113519459", "Alida Giardina": "Q113549104", "Arnette Makimou Arapai": "Q113580998", "Rosemary Cann": "Q113581075", "Outi Rossi": "Q113600862", "Roser Contreras": "Q113708076", "Madame Th\u00e9o-Lemaire": "Q113790262", "Rose Bailleul": "Q113790605", "Moria Zrachia": "Q113946280", "Lynne Conner": "Q114383506", "Diane Giorgis": "Q114420652", "Patti Flather": "Q115028017", "Maria Giulia Pinheiro": "Q115122118", "Raquel Almazan": "Q115473934", "Marie Barbier": "Q115647708", "Beth Turner": "Q115651082", "Diur N'tumb": "Q115933775", "Tanja Mastilo": "Q116052342", "Isabelle Martinez": "Q116114662", "Gloria Miguel": "Q116194186", "Luna Yafa\u2018i": "Q116759280", "Trinidad Gonz\u00e1lez": "Q116918834", "Giulia Massini": "Q116959946", "Chika Ikogwe": "Q117178854", "Afi Gbegbi": "Q117307166", "Tanya Ronder": "Q117352574", "Anne Tanyi Tang": "Q117474129", "Hilary Beaton": "Q117712818", "Lynne Kaufman": "Q118134452", "Lois Elaine Griffith": "Q118176443", "Louisa May Fields": "Q119105018", "Christine Ferlay": "Q119245000", "Caitr\u00edona Ennis": "Q119476607", "Airam Galliani": "Q119930272", "Tara Dairman": "Q120597114", "Emma Lively": "Q120601963", "Melissa Jane Osborne": "Q120604001", "Claire Seeber": "Q120608045", "Barbora Vor\u00e1\u010dov\u00e1": "Q120608194", "Jess Ryder": "Q120610152", "Seraphina Nova Glass": "Q120614727", "Hannah Vincent": "Q120614836", "Mireille P\u00e9gurier": "Q120706253", "Yano de Mauco": "Q120949474", "Allyson King": "Q121049486", "Filomena Oliveira": "Q121094316", "Nina Berry": "Q121493844", "Margaret Scott Oliver": "Q121823158", "Peggy Kristine Kruse": "Q122459507", "Julia Thays": "Q122766698", "Florence Keith-Roach": "Q123017541", "Olena Astaseva": "Q123121575", "Julia Gonchar": "Q123121577", "Ihor Bilyts": "Q123121578", "Oksana Grytsenko": "Q123121579", "Anastasiia Kosodii": "Q123121580", "Olha Maciupa": "Q123121581", "Kateryna Penkova": "Q123121582", "Oksana Savchenko": "Q123121583", "Liudmyla Tymoshenko": "Q123121584", "Tamara Babi\u0107 Nikiforov": "Q123331850", "Melissa Crespo": "Q123332480", "Shelly Naiditch": "Q123377638", "Mademoiselle Dorcey": "Q123461044", "Mar Monegal": "Q123704159", "Mich\u00e8le Antiphone": "Q124045591", "Katie Douglas": "Q124053150", "Miriam Cusson": "Q124301295", "Hannah Silva": "Q124310660", "Naranjargal Khashkhuu": "Q124311569", "Alemtsehay Wedajo": "Q124316911", "Trudie Lute": "Q124446015", "Juanita Peters": "Q124515282", "Wendy Beckett": "Q124527138", "Sophia Kingshill": "Q124535927", "Kath Perry": "Q124536429", "Ren\u00e9e Delmas": "Q124630780", "R\u00e9mi Prad\u00e8re": "Q124791459", "Aurelia Buzot": "Q125088406", "Fran\u00e7oise D\u00f4": "Q125107259", "Magali Solignat": "Q125107450", "Abiose Adelaja Adams": "Q125133829", "Denise Dufresne": "Q125153575", "Fatou Sy": "Q125715670", "Sonya Hale": "Q126127732", "Sarah Woods": "Q126127733", "Anne Mackay": "Q126486888", "Rae del Cerro": "Q126725745", "Maritza Kirchhausen": "Q126869222"}