{"Caterina De Silvestro": "Q109597802", "Anna Bernhard": "Q95211481", "Madeleine Eggendorffer": "Q78061145", "Margaretha Elisabeth Forchhammer": "Q50743892", "Louise Pauli": "Q1872181", "Louise-Marie-Julienne Charles-B\u00e9chet": "Q16661370", "Alojzia Macholdov\u00e1": "Q12762178", "Sofia Petrovna Burnasheva": "Q15686387", "Marija Aleksandrovna Slavi\u010d": "Q4429739", "Sofia G. Rehnevskaya": "Q21803257", "\u0415\u043b\u0438\u0437\u0430\u0432\u0435\u0442\u0430 \u041f\u0435\u0442\u0440\u043e\u0432\u043d\u0430 \u0412\u043e\u0440\u043e\u043d\u043e\u0432\u0430": "Q106967094", "Mariya Grigoryevna Peucker": "Q67665765", "Ekaterina Alekseevna A\u013emendingen Sysoeva": "Q4448186", "Meinrada Josefa Benziger": "Q110800836", "Marianna Pe\u010d\u00edrkov\u00e1": "Q15712579", "Wilhelmine Amalie Friederike (Frieda) Gestefeld Lipperheide": "Q88469876", "Lucrecia Undurraga Solar": "Q108598001", "Marie Karchow-Lindner": "Q1797644", "\u041f\u043e\u043b\u043a\u043e\u0432\u0430, \u0410\u043b\u0435\u043a\u0441\u0430\u043d\u0434\u0440\u0430 \u0410\u043d\u0434\u0440\u0435\u0435\u0432\u043d\u0430": "Q105942835", "Vilem\u00edna Hybe\u0161ov\u00e1": "Q105756371", "Elene Qipiani": "Q25543358", "Cecylia Niewiadomska": "Q3593982", "Justyna Lisowska": "Q11729704", "Anetta Garathun": "Q12713433", "Maria Pasolini Ponti": "Q87181349", "Ella Robinson Merchant": "Q106397060", "Anny Mahn": "Q567448", "Marta \u017divn\u00e1": "Q95075865", "Blandina \u010c\u00ed\u017ekov\u00e1": "Q95164694", "Amy Grothe-Twiss": "Q13429464", "Maria Che\u0142mo\u0144ska": "Q59782434", "Sofiya Ivanchina-Pisarevna": "Q16593994", "Jeanne Bucher": "Q3175999", "Kamilla Neumannov\u00e1": "Q12027912", "Marta Rai\u0161ukyt\u0117": "Q12664607", "Katharina Kippenberg": "Q1735926", "Toni Schwabe": "Q6148787", "Zoila Ascasibar": "Q60182623", "Gudveig H\u00f8yem": "Q88160658", "Marija \u0160lapelien\u0117": "Q28099845", "Maria Kuprina-Iordanskaya": "Q112994865", "Sofiya Yurukova": "Q31191873", "\u041c\u0430\u0440\u0438\u044f \u0421\u0430\u043c\u043e\u0439\u043b\u043e\u0432\u043d\u0430 \u0422\u0443\u043c\u0430\u0440\u043a\u0438\u043d\u0430": "Q4465373", "Mariyka Dragolova": "Q75234568", "Anna Hlavat\u00e1-Pokorn\u00e1": "Q106043881", "Libu\u0161e Mach\u00e1\u010dkov\u00e1": "Q95072251", "Marie L\u00e1bkov\u00e1": "Q95212943", "Noa Kiepenheuer": "Q1505397", "Margarete Rohrer": "Q1803880", "Jantina Henderika van Klooster": "Q19756173", "Luise Schneider": "Q29063289", "Hulda Pankok": "Q1636262", "Koos Schregardus": "Q71101589", "Alice Bucher": "Q78059493", "Bernadette Ratier": "Q2897377", "Emmie Oprecht": "Q94751531", "\u0421\u043e\u0444\u0456\u044f \u041a\u0443\u043b\u0438\u043a": "Q59357627", "Erna Jansk\u00e1": "Q98609768", "Elisabeth L\u00f6wenstein": "Q94774301", "No\u00ebla Le Guiastrennec": "Q3171323", "Mary S. Rosenberg": "Q1906389", "Elda Bossi": "Q3721196", "Hanna Kister": "Q20029357", "Martha Vande Walle": "Q45024351", "Jeanne Loviton": "Q3175074", "Greta Helms": "Q50804925", "Gis\u00e8le d'Assailly": "Q3107839", "Ester Riwkin": "Q115691541", "Ursula Mangoldt": "Q2501954", "Consuelo Gil": "Q5784828", "Zofia Dembi\u0144ska": "Q23943935", "Else Lundin": "Q106476672", "Lotte Eckener": "Q1642227", "Lotte Weitbrecht": "Q59615276", "Kl\u00e4re Buchmann": "Q55848790", "Ilse R. Wolff": "Q1659190", "Irena Rybotycka": "Q15394314", "Heidi Oetinger": "Q89503", "Bettina H\u00fcrlimann": "Q849977", "Nina Kindler": "Q15438950", "Tea Bertasi": "Q19938836", "Lili Lebach": "Q95199176", "Gilberte Coston": "Q3105913", "Maria Teresa S\u00e0bat i Salinas": "Q47482549", "Maria Luigia Guaita": "Q123013370", "Stefania Wortman": "Q11836346", "Lucie Groszer": "Q94743099", "Elin Reissm\u00fcller": "Q1329499", "Annie Bank": "Q2336526", "\u039d\u03b1\u03bd\u03ac \u039a\u03b1\u03bb\u03bb\u03b9\u03b1\u03bd\u03ad\u03c3\u03b7": "Q12881591", "Noguchi Akiko": "Q6658897", "Nienke Bakker": "Q113367246", "Madeleine Aubier-Gabail": "Q3275587", "Elisabeth Lafite": "Q1330082", "Trinidad S\u00e1nchez Mercader": "Q87289105", "Mercedes Junco": "Q116444818", "Margot H\u00f6jering": "Q4955474", "Anneliese Brost": "Q566139", "Henryka Broniatowska": "Q11709125", "Gertrud Zasche": "Q1515715", "Amparo Soler Gimeno": "Q87254741", "Ingeborg Stahlberg": "Q23696508", "Anne-Marie Chouillet": "Q24203074", "Zofia Lewin\u00f3wna": "Q9391800", "Maria M\u00fcller-Sommer": "Q1896190", "Ilse Dvorak-Stocker": "Q1659106", "Ursula L\u00fcbbe": "Q26647934", "Pola Mozes": "Q64518417", "Ludmilla Raudtits": "Q116859764", "Nino Luise Hackelsberger": "Q1876610", "Nezihe Meri\u00e7": "Q545957", "Y\u014dko Hasegawa": "Q30926787", "Hilde Lang": "Q1618270", "Brigitte Weyl": "Q111728636", "Margret Krick": "Q1375808", "Monique Mathieu": "Q63573145", "Irene Greven": "Q18937563", "Barbro Stenstr\u00f6m": "Q106160574", "Anneliese Friedmann": "Q6469347", "Izabela Wasiak": "Q11714700", "Christa Spangenberg": "Q55890851", "Tilly Boesche-Zacharow": "Q1708987", "Ellinor Holland": "Q105380", "Ursula Basse-Soltau": "Q104723906", "Betty Shapian": "Q20512076", "Katja Wagenbach": "Q1736010", "Gertraud Middelhauve": "Q1515478", "Krystyna Szmeja": "Q23071907", "Jacqueline Raoul-Duval": "Q19629557", "Maria Carme Dalmau i Dalmau": "Q106358386", "Elisabeth Allmers": "Q1329723", "Solveig Nellinge": "Q105426954", "Ruth Greuner": "Q46467094", "Laura Lepetit": "Q16571317", "Rosellina Archinto": "Q3941449", "Neus Espresate i Xirau": "Q20006070", "Tereza Desbordes": "Q3518365", "Cristina Mondadori": "Q56816952", "Rosanna Chiessi": "Q61853909", "Brunhilde Baur": "Q992646", "El\u017cbieta Zechenter-Sp\u0142awi\u0144ska": "Q9253314", "Vesela Lyutskanova": "Q25477502", "C\u00e9cile Odartchenko": "Q15970733", "Elvira Sellerio": "Q1243668", "Olcha Sikorska": "Q11797667", "Renate Nagel": "Q77577309", "Zofia Bobowicz": "Q3575685", "Aase Gjerdrum": "Q17064057", "Mar\u00eda Eugenia Moreno G\u00f3mez": "Q125397875", "Monique Nemer": "Q29058341", "Waltraud Wei\u00df": "Q95202882", "Ute Blaich": "Q2502944", "Monika Schoeller": "Q1684575", "Elke Platz-Waury": "Q1331555", "Danuta Knysz-Tomaszewska": "Q19691301", "Nina Karsov": "Q11792289", "Marlyse Pietri": "Q128217612", "Luc\u00eda Y\u00e9pez": "Q106236559", "Silke Weitendorf": "Q21033490", "Kirsten Hofst\u00e4tter": "Q16064336", "Monika Beck": "Q1944563", "Angelika Jahr-Stilcken": "Q534349", "Monika Thaler": "Q20243310", "Viktoria Andreeva": "Q4065552", "Julianna J. K\u00f6ves": "Q125423917", "Xavi\u00e8re Gauthier": "Q3570836", "Marzena Oko\u0144ska": "Q7945306", "Racheli Edelmanov\u00e1": "Q26265494", "Petra Grotkamp": "Q106472258", "Vera Gancheva": "Q12275092", "Susanne Amrain": "Q23491852", "Sawako Noma": "Q11646175", "Marianne Leconte": "Q3291306", "Asmahan al-Saidawi": "Q42302032", "Margrit Osterwold": "Q18024912", "Dominique Alduy": "Q33101806", "Pierrette Kermoal": "Q20560970", "Else Lill Bj\u00f8nnes": "Q19372703", "Gudula Lorez": "Q15440884", "Annegret Herzberg": "Q566004", "Dorothea Rein": "Q71983242", "Maren Sell": "Q15438637", "Stina Hammarstr\u00f6m": "Q47067924", "Marta Davouze": "Q22678776", "Diana Kempff": "Q98932", "Margot Lang": "Q15833858", "Helen Svensson": "Q55387694", "Adrienne Lezzi-Hafter": "Q377495", "Nicole Canet": "Q3341014", "Anne Horn": "Q8754476", "Marion Kraft": "Q104184250", "Ljudmila Kol": "Q118488209", "Wanda Mihuleac": "Q3566014", "Mariana Todorova": "Q97670106", "Tatjana Pregl Kobe": "Q17351107", "Gisela Schinzel-Penth": "Q15134033", "Ida Sch\u00f6ffling": "Q95186745", "\u041b\u044e\u0434\u043c\u0456\u043b\u0430 \u0406\u0432\u0430\u043d\u0430\u045e\u043d\u0430 \u041f\u044f\u0442\u0440\u043e\u0432\u0430": "Q111539202", "Audron\u0117 Viktorija \u0160kiudait\u0117": "Q12649516", "Muriel Hees": "Q3328113", "Donka Ganeva": "Q58102977", "Far\u012bdah Khal\u02bfat\u02bebar\u012b": "Q1396690", "Katia Lebesi": "Q29357337", "Sally Fallon Morell": "Q18584098", "Irja Thorenfeldt": "Q11977518", "Caterina Emili": "Q84138873", "Milagros Palma": "Q3313844", "Sophie Curtil": "Q63456585", "Gabriele Wachholtz": "Q55100219", "Antje Kunstmann": "Q584790", "Rada Panchovska": "Q71383526", "Roswitha Quadflieg": "Q2167952", "\u041f\u043e\u043b\u0438\u0449\u0443\u043a, \u0420\u0430\u0434\u0430 \u0415\u0444\u0438\u043c\u043e\u0432\u043d\u0430": "Q55655475", "L\u00ecl\u00ecjana Fedara\u016dna Ancuch": "Q63439441", "Ingke Brodersen": "Q1663060", "Malina Tomova": "Q12285733", "Angelika Bruhn": "Q534228", "Maddalena Di Giacomo": "Q55282047", "Astrid de Vibe": "Q18647692", "Alexandra Kauka": "Q1361973", "Emilia Lodigiani": "Q3724255", "Jo\u00eblle Losfeld": "Q3187506", "Ursi Anna Aeschbacher": "Q27609793", "Marja Visscher": "Q104590979", "Ulrike Hofmann": "Q2477333", "Christine Brendle": "Q1083453", "\u0420\u0430\u0442\u0435\u0433\u043e\u0432\u0430 \u041b\u044e\u0434\u043c\u0438\u043b\u0430 \u041f\u0435\u0442\u0440\u043e\u0432\u043d\u0430": "Q25686814", "V\u011bra Kopeck\u00e1": "Q21027971", "Ellen Ringier": "Q61596147", "Dahlia Pelled": "Q6829110", "Marianne Koch Knudsen": "Q11988241", "Elka Nyagolova": "Q9257249", "Batya Horn": "Q18616587", "Ramut\u0117 \u0160imukauskait\u0117": "Q12670892", "Piroska K\u00e9ri": "Q96595516", "Gisela Haehnel": "Q1527342", "Brigitte Ebersbach": "Q20724931", "Muriel Beyer": "Q33187764", "Tiiu Valm": "Q12376968", "Aisha Razem": "Q105222143", "Silva Tomingas": "Q16407120", "Claire Debru": "Q2975025", "Nayla Farouki": "Q3337359", "Sophie Bogaert": "Q3490859", "Sylvia Dorance": "Q3507215", "Andrea Haufe": "Q15990549", "Lyudmila Androvska": "Q12285467", "Edita Koch": "Q95199238", "Metha Skog": "Q98399875", "Susanne Krause": "Q106426512", "Cesilie Tander\u00f8": "Q111686490", "Yvonne-Denise K\u00f6chli": "Q1740710", "Alla Kovtun": "Q107863434", "Denisa Comanescu": "Q11916896", "Isabelle Seguin": "Q3155033", "Galina Zlatareva": "Q60912228", "Anna Mieszczanek": "Q9155492", "Barbara Kindermann": "Q107871886", "Donata Kinzelbach": "Q13422693", "M\u00e1ria Pethes": "Q20435913", "Jitka Sv\u011btl\u00edkov\u00e1": "Q95180114", "F. Alm\u00e1si \u00c9va": "Q118558844", "Ingeborg Stadelmann": "Q1662934", "Leena Majander-Reenp\u00e4\u00e4": "Q19706702", "Karin Kestner": "Q101584477", "Heiderose Fischer-Nagel": "Q15814609", "Lise Bostrup": "Q65229573", "Karin Mundal": "Q17105374", "Tacc\u00e2na Uladz\u00ecm\u00ecra\u016dna B\u00e2lova": "Q124486823", "Anne R\u00fcffer": "Q565761", "Annette Kulenkampff": "Q15447573", "H\u00e9l\u00e8ne Amalric": "Q96774734", "Margitt Lehbert": "Q1519140", "Laurence Lacour": "Q3218906", "Kate\u0159ina Be\u010dkov\u00e1": "Q80153294", "M\u00fcge S\u00f6kmen": "Q23906897", "Monika Bilstein": "Q61761504", "V\u00e9ronique Sales": "Q3564363", "\u05e4\u05e1\u05e7\u05dc \u05e4\u05e8\u05e5-\u05e8\u05d5\u05d1\u05d9\u05df": "Q7032650", "Dorota Dobrew": "Q111545262", "Daniela Thiele": "Q1163588", "Corinne Jaquet": "Q2997337", "Mich\u00e8le Moreau": "Q65125628", "Bronislava M\u00fcllerov\u00e1": "Q11345807", "Pierrette Turlais": "Q124325080", "Angelika Taschen": "Q534621", "Yelena Myasnikova": "Q4310340", "Laurence Faron": "Q123409101", "Silviya Choleva": "Q12293716", "M\u00e1ria Haraszti": "Q124051622", "Elisabeth Sandmann": "Q51584001", "Reinhilde Ruprecht": "Q76884534", "Siv Bublitz": "Q95190316", "Elisabeth Ruge": "Q1330232", "Inger Gammelgaard Madsen": "Q12318349", "Dorothea van der Koelen": "Q1246304", "Uta Grosenick": "Q6475639", "Donate G\u00fcnther": "Q1240608", "L\u00facia de Almeida Braga": "Q10322244", "R\u00e9gine Vandamme": "Q3455503", "G\u00f6lin Carina Gerken Christiansen": "Q97451419", "Annette N\u00fcnnerich-Asmus": "Q566660", "\u00c9lisabeth Daldoul": "Q108316240", "Luisa Capelli": "Q3840437", "Gabriella Baumann-von Arx": "Q1490648", "Svetlana Sharenkova": "Q12293293", "Kate Larson": "Q65563196", "Mateja \u010crv Su\u017enik": "Q12796088", "Myriam Halberstam": "Q105122623", "Friduwih Riemersma": "Q117857304", "Renate Da Rin": "Q16194771", "\u041c\u0430\u043a\u0441\u0438\u043c\u0435\u043d\u043a\u043e \u041b\u0456\u043b\u0456\u044f \u041e\u043b\u0435\u043a\u0441\u0430\u043d\u0434\u0440\u0456\u0432\u043d\u0430": "Q123584493", "Gan Qi": "Q17499430", "Galina Ledogorova": "Q4406731", "B\u00e4rbel Dorweiler": "Q124016794", "Beate Kuckertz": "Q15451561", "Linda Bilda": "Q105885918", "Doris Matth\u00e4us": "Q97864", "Claudia Puhlf\u00fcrst": "Q1097697", "Dorothea Rosa Herliany": "Q1246264", "Caroline Sury": "Q2940063", "Ana Bustelo": "Q106514856", "Desir\u00e9e Treichl-St\u00fcrgkh": "Q1200740", "Tine Smedegaard Andersen": "Q63059992", "Hege Gundersen": "Q19974461", "Maggie Schneider": "Q95196896", "Clarissa von Reinhardt": "Q1095628", "Barbara Budrich": "Q807376", "Magda Polo Pujadas": "Q28552607", "Iben Hendel Philipsen": "Q124154974", "Kira Kariakin": "Q99968396", "Kinga Andersson": "Q77281517", "Agn\u00e8s Olive": "Q2827006", "Murielle Rousseau": "Q76562217", "Kari J. Spjeldn\u00e6s": "Q17108321", "Katarzyna Sienkiewicz-Kosik": "Q24427644", "Beatriz Fraga": "Q50560772", "Laura Wittner": "Q60658664", "Natascha Meuser": "Q66590286", "Natal\u00ecja Trochym": "Q23659142", "Esther Eppstein": "Q23661761", "Ana Bel\u00e9n Fortes L\u00f3pez": "Q60148549", "Alexandra Cuadrat": "Q14087448", "Elisabeth Steen": "Q25425198", "Anne Leloup": "Q87407188", "Barbara Mucha": "Q807563", "Moran Shoub": "Q105695175", "Judit Pujad\u00f3 i Puigdom\u00e8nech": "Q28492111", "Isabella Neven DuMont": "Q1673610", "Ubane Uzin Argarate": "Q56762811", "Kerstin Gleba": "Q58492027", "Nicola Bartels": "Q88454084", "Tina Uebel": "Q1487243", "Birgitte M. Siem": "Q110755012", "Simone Edelberg": "Q2288084", "Marie Noe Ch\u0159ibkov\u00e1": "Q106686849", "Laura Falc\u00f3": "Q47003762", "Grusche Juncker": "Q104846255", "Brita Zilg": "Q59296641", "Svetlana Ismailova": "Q15067717", "Marie-Laure Dagoit": "Q8335181", "Anne Rambach": "Q2851256", "Ida Berntsen": "Q11976772", "Kristin Jobraaten": "Q97670762", "Britta Egetemeier": "Q104847314", "Jorunn Sandsmark": "Q54583063", "Sandra J. Paul": "Q105731098", "Ingeri Engelstad": "Q19116338", "Ingrid Majerikov\u00e1": "Q111962623", "Mona Horncastle": "Q112526600", "Margarita Pouchkina": "Q28099524", "Sandra-Stella Triebl": "Q58738942", "Tereza Horv\u00e1thov\u00e1": "Q64587309", "Mar\u00eda Paulina Briones": "Q105816039", "Katarzyna Mol-Wolf": "Q68453372", "Sonia Feertchak": "Q3490427", "\u0415\u043b\u0435\u043d\u0430 \u0410\u043d\u0434\u0440\u0435\u0435\u0432\u043d\u0430 \u0410\u043b\u0435\u043a\u0441\u0430\u043d\u0434\u0440\u043e\u0432\u0430": "Q105479858", "Wikan Satriati": "Q106803649", "C\u00e9line Aversenq": "Q3010131", "Marine Rambach": "Q3293218", "Evita Twardzik": "Q23008344", "Nora Pester": "Q38946888", "Ayelet Svatitzky": "Q104533534", "Caroline Oblasser": "Q1044534", "Melan\u00ffn": "Q25390056", "In\u00eas Castel-Branco": "Q104533189", "Claudia Kusebauch": "Q50807557", "Susanna Isern": "Q112545015", "Jenni Erkintalo": "Q70206271", "Patricia Noriega Herrera": "Q20644672", "Shakhri Amirkhanova": "Q4064391", "Eva-Maria Bast": "Q1379035", "Laura S\u00e1ez": "Q113773299", "Selma Wels": "Q123291763", "Irina Kabasakal": "Q39387778", "Marieke Derksen": "Q50821922", "Beatriz Rodr\u00edguez": "Q93430935", "Sira Abenoza": "Q112055746", "Polina Deripaska": "Q4158957", "Yelena Vasilyeva": "Q4104740", "Emi-Simone Zawall": "Q98708986", "Katarzyna Jordan-Kulczyk": "Q112683794", "Kamila Hladk\u00e1": "Q112407810", "Julia R\u00f3\u017cewicz": "Q55392585", "Siri Hult\u00e9n": "Q98446363", "Kateryna Lebedjeva": "Q12109065", "Meriem Merdaci": "Q66730481", "Marjanca Scheicher": "Q105612212", "Olena Braichenko": "Q122965874", "Diana Marossek": "Q24238183", "Martyna Sztaba": "Q11770807", "Maude Nepveu-Villeneuve": "Q110969841", "\u0422\u0430\u0442\u044c\u044f\u043d\u0430 \u041f\u0435\u0442\u0440\u0430\u043a\u043e\u0432\u0430": "Q65198878", "Hope Nicholson": "Q63274679", "Armelle Touko": "Q117196975", "Bohdana Pavlychko": "Q27966333", "Shekufe Tadayoni Heiberg": "Q66794838", "Lina Nordstrand": "Q63985137", "Romane Armand": "Q118383630", "Veronika Jone\u0161ov\u00e1": "Q112539929", "Mercedes Monmany": "Q21684207", "Rossi Schreiber": "Q90416899", "Pen\u00e9lope Pedreira": "Q123738872", "Claudia Moser": "Q1097650", "Renate Matthei": "Q1527021", "Susanna Lea": "Q3505633", "\u0646\u06af\u0627\u0631 \u0627\u0633\u06a9\u0646\u062f\u0631\u0641\u0631": "Q5918205", "Irmi Haupenthal": "Q15062261", "Zhang Junhua": "Q15936278", "Jinane Chaker-Sultani Milelli": "Q15974284", "Alda Campos": "Q18237201", "Mirna Queiroz": "Q21020171", "Olga Masalitina": "Q24025671", "\u0413\u0430\u043b\u0438\u043d\u0430 \u0422\u0430\u0434\u0435\u0443\u0448\u0435\u0432\u043d\u0430 \u0417\u043e\u043b\u043e\u0442\u043e\u0432\u0430": "Q28498070", "Rosanne Reeves": "Q47128229", "Carol Pimentel": "Q61000790", "\u041e\u0440\u043b\u043e\u0432\u0430 \u042e\u043b\u0456\u044f \u0411\u043e\u0440\u0438\u0441\u0456\u0432\u043d\u0430": "Q65202053", "Marcia": "Q105134204", "Elisenda Climent i Quer": "Q108072267", "Giustina Valiani": "Q109647172", "\u674e\u975c\u5b9c": "Q111098001", "Lynsken Berckmans": "Q124789881"}