{"Jeanne Boulet": "Q107356626", "Frances Hancock Baker": "Q98688754", "Wilhelmine Heidtman Springmeyer": "Q107015187", "Julia Weber": "Q123505744", "Elizabeth Frances Ann Simpson": "Q121093025", "Van Doren Vredenburg Beekman": "Q100250131", "Belle Butler": "Q106816207", "Edith Williams Jenkins Southward": "Q66699777", "Jennie O'Hare Riordan": "Q106769413", "Margaret Flick": "Q106966976", "Kitty Tubb": "Q106919336", "Jesusa Saval": "Q106769540", "Ruth C. Ruddell": "Q106769501", "Myrtle Anker": "Q106705949", "Anna Neddenriep Dressler": "Q106918493", "Louise Jenkins Marvel": "Q107311512", "Frances Hornbrook Staunton": "Q55894171", "Addie Peed Swearingen": "Q4681142", "Mar\u00eda Luisa Dom\u00ednguez y P\u00e9rez de Vargas": "Q97580065", "Virginia Moreira Moura": "Q106816445", "Basti Fatulayeva": "Q55105996", "Georgie Sicking": "Q16089028", "Linda Tellington-Jones": "Q1825907", "Sonsoles Abo\u00edn": "Q51885559", "Connie Feddersen": "Q126476547", "Janet Krueger": "Q6153438", "Minervina Maria de Barros Silva": "Q61873537", "Eva Lopez de Arroyabe Saez de Maturana": "Q52281189", "Pilar Mart\u00edn Canto": "Q96357599", "Echo Roy Klaproth": "Q99237918", "Magali Saumade": "Q60176944", "Bonita of Brioude": "Q113359177", "Cortney Wagner": "Q114913457"}