{"Ellen Pigeon": "Q75910439", "Ernestine Tavernier": "Q3057242", "Anna von Frey": "Q98091157", "Anna Pigeon": "Q18201677", "Aurora Herzberg": "Q95705049", "Hermina Tauscher-Geduly": "Q20155497", "Rozalija \u0160kantar": "Q87056200", "Rosine Artaria": "Q95705686", "Irene Pigatti": "Q16566421", "Maria Preobrazhenska": "Q98581425", "Rose von Rosthorn-Friedmann": "Q1799420", "Vineta Mayer": "Q56457411", "Marianne Sophia C. Peyton": "Q76251656", "Jenny Winkler von Forazest": "Q95749902", "K\u00e4the Br\u00f6ske": "Q11737398", "Alba Hintner": "Q106390663", "Henrietta Tuzo": "Q122538163", "Margarete Grosse": "Q94763985", "Rolanda von E\u00f6tv\u00f6s": "Q84867290", "Cenzi von Ficker": "Q15451887", "Ilona von E\u00f6tv\u00f6s": "Q84867257", "Jol\u00e1n Adri\u00e1nyi-Borcs\u00e1nyi": "Q11728134", "Marthe Jord\u00e1n": "Q11770658", "Alida Janet Bigelow": "Q106589464", "Clara von Ruckteschell-Tru\u00ebb": "Q56385213", "Florence Jean Perrin": "Q92713112", "Elizabeth Muriel Graham": "Q106808001", "Katherine Bruderlin": "Q86860599", "Wanda Herse": "Q85870062", "Emmy Eisenberg": "Q126948050", "Janina Ma\u0144kowska": "Q93085336", "Mary Gennaro Varale": "Q3850464", "Leiken Schjelderup": "Q98038449", "Irene Dyhrenfurth": "Q59527049", "Raimunda Royo": "Q104758903", "Ruth Hale": "Q9324187", "Yoneko Murai": "Q11522999", "Felicitas Reznicek": "Q15433982", "Beryl Smeeton": "Q94643407", "Gabriele Boccalatte": "Q3094053", "Vlasta \u0160t\u00e1flov\u00e1": "Q11837539", "Nin\u00ec Pietrasanta": "Q16582664", "Celso Gilberti": "Q2944128", "Barbara Passrugger": "Q94635494", "Olga Afanasyevna Firsova": "Q113167956", "Marzena Skotnic\u00f3wna": "Q1906531", "Jo\u017eica Smet": "Q12793008", "Irina Vja\u010deslavovna Korzun": "Q112561280", "Dorly Marmillod": "Q86500476", "\u0130lmiye Bergman": "Q25475158", "Maria Ant\u00f2nia Sim\u00f3 i Andreu": "Q19301053", "Adrienne Bance": "Q124368353", "Marie-Jeanne Koffman": "Q18043824", "Carme Romeu Pecci": "Q69108314", "C\u00e9cile Agnel": "Q115098515", "Bona Maria Scotoni": "Q106766637", "Blazena Karasova": "Q47499611", "Paquita Bernad Noviant": "Q77181339", "R\u00fath L\u00e1nyov\u00e1": "Q105687430", "Helma Schimke": "Q1603153", "Nadja Fajdiga": "Q18643018", "Gudrun Gaskill": "Q26707148", "Maria Estorach Pons": "Q69356553", "Paquita Brezos Andueza": "Q124301440", "Anna Skoczylas": "Q9155687", "Micheline Rambaud": "Q68967262", "Loli Lopez Goni": "Q84563823", "Jekaterina Chasjanowna Mamlejewa": "Q4279937", "Aita Lumiste-Eek": "Q31274486", "Lea Prunsvelt": "Q29420132", "Viorica Stoica-Canarache": "Q107741402", "Sylva Hn\u00e1tkov\u00e1-Kysilkov\u00e1": "Q11836511", "Bianca di Beaco": "Q72609616", "Simone Badier": "Q3484527", "Janet Johnson": "Q123765835", "Eva Novotn\u00e1": "Q112387424", "Betsy White": "Q115329268", "Silvia Metzeltin": "Q2286739", "Camille Bournissen": "Q16266606", "Halina Kr\u00fcger-Syrokomska": "Q9285392", "Ulrike von Hase-Schmundt": "Q113715173", "Elisabeth Verg\u00e9s Costa": "Q68639806", "Alice von Hobe": "Q26201741", "Alicia Masriera Gonz\u00e1lez": "Q68710574", "Dina \u0160t\u011brbov\u00e1": "Q11812225", "Valentina Semenjuk": "Q29419816", "Barbka Lipov\u0161ek - \u0160\u010detinin": "Q28955070", "Elvira Nasonova": "Q65924963", "Christine de Colombel": "Q16539376", "Zorka Prachtelov\u00e1": "Q10861358", "Montserrat Jou i Parrot": "Q68704549", "Dana Densmore": "Q112518476", "Chizuko K\u014dno": "Q16335979", "Anna Taparkova-Pencheva": "Q117450981", "Heidi L\u00fcdi": "Q114346705", "Magda Nos Loppe": "Q69134598", "Helme Suuk": "Q16405602", "Pilar Ganuza": "Q21281322", "Krystyna Palmowska": "Q3200036", "Irene Sarrionandia": "Q111680403", "Liliane Barrard": "Q6547780", "Irena K\u0119sa": "Q112817232", "Constance Roos": "Q117247244", "Martine Rolland": "Q64755868", "Vineeta Muni": "Q58770374", "Yuyun Yuniar": "Q61235814", "Trini Cornellana Puigarnau": "Q117405769", "Yoshie Ichige": "Q11480576", "Veronika R. Meyer": "Q93373475", "Christiane Fladt": "Q91665046", "Christine Gambert": "Q2965921", "Piroska Zsohovszky": "Q1468185", "El\u017cbieta Fija\u0142kowska": "Q17266668", "Alena \u010cepelkov\u00e1": "Q23932815", "Judy T\u00e4ndzin": "Q112388425", "Monika Rogozi\u0144ska": "Q113738279", "Mari Carme Magdalena V\u00e0zquez": "Q106530448", "Helga Peskoller": "Q1602260", "Yamanoi Taeko": "Q15100795", "Martine Farenzena": "Q95948029", "Merc\u00e8 Maci\u00e0 Armengol": "Q104383202", "Anu Kallavus": "Q29419921", "Christine Janin": "Q2965932", "Marija \u0160tremfelj": "Q18627771", "Louise Shepherd": "Q122681559", "M\u00f2nica Verge Folia": "Q69116282", "Tamara Likar": "Q12803885", "Itziar I\u00f1arra Oiarzabal": "Q119312154", "Rosa Fern\u00e1ndez": "Q12266676", "Luisa Iovane": "Q519095", "Nanette Raybaud": "Q31779100", "Erika Ader": "Q29419985", "Isabelle Dorsimond": "Q16269690", "Blanka Nedv\u011bdick\u00e1": "Q11158388", "Meri Puig Rebustes": "Q55076481", "Magda \u0160alamon": "Q23011644", "Anu N\u00f5ulik": "Q29419737", "Kristen Lignell": "Q106729283", "Miriam Garc\u00eda Pascual": "Q84440378", "Tiina Tamm": "Q29419748", "Amaia Aranzabal": "Q52418006", "Fran\u00e7ois-Guy Thivierge": "Q3083374", "Sylvie Fr\u00e9chette": "Q3507321", "Chus Lago": "Q8345930", "Corinne Labrune": "Q2997340", "Elena Ovtchinnikova": "Q3050714", "Gabrijela Krajnc": "Q12789529", "Yuka Endo": "Q24460432", "Billi Bierling": "Q17122475", "Miranda Ortar": "Q113800174", "Andrea Strau\u00df": "Q112516923", "Rita Christen": "Q114347266", "Leyla Albogachieva": "Q18194889", "Krista Kirspuu": "Q29420108", "Rozemarijn Janssen": "Q2177609", "Sophie Lavaud": "Q56194811", "Katrin Merisalu": "Q29420107", "Marietta Uhden": "Q120249", "Renata Piszczek": "Q3424799", "Pille Saluvere": "Q29419986", "Anita Ugyan": "Q1399494", "N\u00faria Balagu\u00e9 G\u00f3mez": "Q124980838", "\u5409\u5409": "Q19825524", "Patricia Soto": "Q6066590", "Natalie Richer": "Q51879444", "Carme Parareda Sala": "Q115194631", "\u067e\u0631\u0648\u0627\u0646\u0647 \u06a9\u0627\u0638\u0645\u06cc": "Q25252237", "Eva Mar\u00eda L\u00f3pez Rivera": "Q3061267", "Anna Torretta": "Q60677610", "Sayuri Ogawa": "Q116147194", "Sofiya Foteva": "Q117466205", "Sona Bostikova": "Q12055521", "C\u00e9cile Avezou": "Q3009696", "Barbara Raudner": "Q2884017", "Irena Mrak": "Q113933676", "Olha Zakharova": "Q3350471", "Mark\u00e9ta Han\u00e1kov\u00e1": "Q23978016", "Janine Cardoso": "Q61031712", "Anu Peljo": "Q29420057", "Ene Soop": "Q29420106", "Enel Lepik": "Q108532149", "Nataliya Perlova": "Q51711984", "Andreja Jagodic": "Q113987247", "Tina Di Batista": "Q18643091", "Olena Ryepko": "Q3350333", "Kristiina Kindel": "Q29419847", "Kim Anthoni": "Q59479199", "Evi Neliwati": "Q61234300", "Janina Meier": "Q112553730", "Yan Wang Preston": "Q126947718", "Silvia Trigueros": "Q56676159", "St\u00e9phanie Bodet": "Q20165013", "Tanja Grmov\u0161ek": "Q12803891", "Olga Bibik": "Q3350404", "Andi Fichtner": "Q491861", "Petra Michvoc\u00edkov\u00e1": "Q112489069", "Mayya Piratinskaya": "Q54926291", "Chlo\u00e9 Minoret": "Q2964191", "Vera Kotasova-Kostruhova": "Q21685645", "St\u00e9phanie Maureau": "Q60614363", "Galina Vladimirovna Tsjibitok": "Q43005410", "Eveli Habakuk": "Q29419947", "Tatiana Ruyga": "Q3516059", "Myriam Motteau": "Q3331541", "Zosia Podgorbunskij": "Q60031972", "Eimir McSwiggan": "Q116874814", "Diahanne Gilbert": "Q5270389", "Lisi Steurer": "Q18224260", "Nastja Davidova": "Q64576595", "Edyta Ropek": "Q3048839", "Sin Un-son": "Q30321181", "Luo Teng-Pching": "Q105792720", "Marta Alejandre": "Q106450038", "Marion Chaygneaud-Dupuy": "Q105822139", "Daila Ojeda Sanchez": "Q3012075", "Barbora Gregorov\u00e1": "Q11052120", "Eva Liivak": "Q29420001", "Petra M\u00fcller": "Q59946462", "Nelly Kudrov\u00e1": "Q27038723", "Miriam Marco Sanchez": "Q99860764", "D\u00f6rte Pietron": "Q1271476", "Christiane Hupe": "Q121302147", "Sarah Seeger": "Q2224497", "Juliette Danion": "Q588803", "Gigi Wu": "Q60949437", "Svitlana Tuzhylina": "Q54520833", "Lucelia Blanco": "Q3265115", "Ilina Arsova": "Q61120149", "Barbara Bacher": "Q55092955", "Yuka Komatsu": "Q9383583", "Yulia Abramchuk": "Q3154146", "Aleksandra Dzik": "Q14442084", "Irati Anda": "Q12259717", "Viridiana \u00c1lvarez": "Q125697883", "Olga Morozkina": "Q3350438", "Olga Shalagina": "Q3350452", "Chunhua Li": "Q2967647", "Miranda Oakley": "Q126727770", "Anna Stenkovaya": "Q2850607", "Jenny Lavarda": "Q3177154", "Sabine Bacher": "Q55097563", "Juliana Garc\u00eda": "Q76762349", "Natalija Gros": "Q3336422", "Alexandra Balakireva": "Q56875824", "St\u00e9phanie Crouvisier": "Q3502169", "Caroline Ciavaldini": "Q2939982", "Valentina Yurina": "Q3553629", "Kairi Kiik": "Q29420093", "Nadezhda Oleneva": "Q123077914", "Amy Alward": "Q55987302", "Anna Galliamova": "Q56876462", "Krisli Melesk": "Q113248568", "Kinga Ociepka": "Q3197068", "Maria Granberg": "Q55713645", "Angelika Rainer": "Q3616829", "Nina Caprez": "Q117385", "Supita Tita": "Q54552844", "Evgenia Malamid": "Q56681700", "\u8a79\u55ac\u6109": "Q57694804", "Mina Leslie-Wujastyk": "Q111575166", "M\u00e9lanie Sandoz": "Q3332896", "Ana Kosma\u010d": "Q23914412", "Maria Tolokonina": "Q59524722", "Ksenia Alekseeva": "Q3200142", "Katharina Saurwein": "Q27960503", "Lise Billon": "Q27336965", "Tori Allen": "Q106586547", "Lucie Hrozov\u00e1": "Q21418794", "Cuilian He": "Q3006791", "Marie Saame": "Q29420110", "Yana Chereshneva": "Q27964787", "Ekaterina Kipriianova": "Q55087416", "Silvie Rajfov\u00e1": "Q23908961", "Yuliya Levochkina": "Q28001403", "Hannah Midtb\u00f8": "Q30004814", "Puji Lestari": "Q53912878", "Charlotte Durif": "Q2960974", "Juliane Wurm": "Q96040", "Eva Maria Hammelm\u00fcller": "Q104587484", "Cl\u00e9mentine Kaiser": "Q56877329", "Michaela Tracy": "Q56884550", "Olga Kosek": "Q116847280", "Klaudia Buczek": "Q11739845", "Tashi Malik": "Q40755808", "Nungsi Malik": "Q40755841", "Ayari Sakamoto": "Q40038612", "Amruta Wyssmann": "Q120967377", "Amaia Agirre Gonzalez": "Q124159011", "Katherine Choong": "Q3194030", "Seuran Han": "Q61195087", "Alexandra Ladurner": "Q51077725", "Estefi Troguet": "Q89668986", "Dinara Fakhritdinova": "Q20961818", "Anna Zaikina": "Q56677823", "Risa Ota": "Q38873358", "Fanny Gibert": "Q33133721", "Julia Serri\u00e8re": "Q57204644", "Lide Leibar Eraso": "Q120892467", "H\u00e9l\u00e8ne Janicot": "Q16642712", "Lena Herrmann": "Q23907634", "Magdalena R\u00f6ck": "Q27901675", "Sa Sol": "Q53721332", "Katharina Posch": "Q28004299", "Eva K\u0159\u00ed\u017eov\u00e1": "Q27555525", "Atori Yasuda": "Q11450962", "Federica Mingolla": "Q58011252", "Michaela Kiersch": "Q83373076", "Tereza Svobodov\u00e1": "Q29168115", "Anna Bro\u017cek": "Q56611612", "Karoline Sinnhuber": "Q56611723", "Katja Debevec": "Q113882675", "Nina Lach": "Q54617778", "Aya Onoe": "Q32959574", "Elena Timofeeva": "Q56034378", "Victoire Andrier": "Q56877286", "Marion Thomas": "Q116785671", "Anna Margolina": "Q66828912", "Alma Bestvater": "Q56668936", "Claudia Ghisolfi": "Q114846149", "Laura Tiefenthaler": "Q111472238", "Chlo\u00e9 Caulier": "Q102252749", "Julia Pinggera": "Q66827079", "Marin Minamiya": "Q26044560", "Evgeniya Lapshina": "Q59816676", "Anna Hazelnutt": "Q122624589", "Patrycja Chudziak": "Q56676131", "Julia Fiser": "Q66825907", "Jana \u0160vecov\u00e1": "Q123362180", "Megan Mascarenas": "Q22670623", "Hannah Schubert": "Q55098198", "Vivien Labarile": "Q116280789", "Veronika \u0160imkov\u00e1": "Q27430338", "Claire Buhrfeind": "Q42269996", "Johanna F\u00e4rber": "Q66825417", "Franziska Sterrer": "Q39740660", "Maya Madere": "Q56605074", "Marl\u00e8ne Prat": "Q56612928", "Hannah Slaney": "Q56884490", "Muriel Ruiz de Larramendi": "Q88533472", "Asja Gollo": "Q57177050", "Sina Goetz": "Q61284097", "Elma Fleuret": "Q56871558", "Lucia D\u00f6rffel": "Q66828149", "Aneta Lou\u017eeck\u00e1": "Q116420022", "Lieselotte Schell": "Q1470303", "Nolwenn Arc": "Q54396893", "Elena Krasovskaia": "Q56810672", "Ur\u0161ka Repu\u0161i\u010d": "Q66826120", "Nanako Kura": "Q96655668", "Mattea P\u00f6tzi": "Q121121659", "Valeriya Bogdan": "Q59592873", "Giorgia Tesio": "Q55225571", "Holly Toothill": "Q113882657", "Laura Lammer": "Q57261034", "Celina Schoibl": "Q66809731", "Flavy Cohaut": "Q113882686", "Lu\u010dka Rakovec": "Q76760738", "Camila Moroni": "Q113882526", "Sandra Lettner": "Q56605223", "Cloe Coscoy": "Q112256917", "Sienna Kopf": "Q81542645", "Fatima Sultani": "Q109969091", "Irina Dubovtseva": "Q116810718", "Ingrid Kindlihagen": "Q113882753", "Emily Phillips": "Q113882702", "Geta Popescu": "Q29555706", "Annia Unterscheider": "Q81907787", "Ryu Nakagawa": "Q114708593", "Emilia Warenski": "Q124435354", "Angie Scarth-Johnson": "Q113633816", "Beatrice Colli": "Q119849246", "Aleksandra Totkova": "Q113882735", "Ainhize Belar": "Q115852388", "Jennifer Buckley": "Q126923540", "Flora Oblasser": "Q127502149", "Goretta Traverso": "Q3773520", "Fani Kousipetkou": "Q24088830", "Scratch": "Q25252238", "Arineta Mula": "Q47093352", "Janiina Kauppinen": "Q65235213", "Madeleine Vallot": "Q66133220", "Helene Wolf": "Q66823298", "Lucie Watillon": "Q66825654", "Lucy Fletcher Brown": "Q67954719", "Jeanne Franco": "Q68969613", "Margaret Darwall": "Q68970528", "Krystyna Kozio\u0142": "Q86561063", "Katie Sarah": "Q89342812", "Olga St\u00fcdl": "Q94735801", "Rolande von E\u00f6tv\u00f6s": "Q95704989", "Alba Helversen": "Q95705029", "Anna Magdalinski": "Q95705039", "Paula Magdalinski": "Q95705041", "Rosa Kirschbaum": "Q95705043", "Herma Kmoch": "Q95705051", "Mily Hlouschek-Eckerth": "Q95705055", "Sarah Marie Hohenlohe": "Q95705057", "Anna Franc von Liechtenstein": "Q95705059", "Ellen Strack": "Q95705714", "Jeanne Imminck": "Q95706371", "Helene Kuntze": "Q95749298", "Emilie Meurer": "Q95749400", "Luise Niepmann": "Q95749906", "Rosa Z\u00f6hnle": "Q95750006", "Violet Overton": "Q95750047", "Ernestine Lecher": "Q95750049", "Henriette Terschak": "Q95750057", "Anna Worisek-Gebhart": "Q95750059", "Lilli Kiesgen": "Q102293063", "Livia Bertolini": "Q106729281", "Tina Bozzino": "Q106729282", "Lidia Huayllas": "Q111423491", "Andrea K\u00fcmin": "Q113882596", "Rebeca P\u00e9rez Duato": "Q113882714", "Aida Torres Illamola": "Q113882728", "Agathe Calliet": "Q113882763", "Ilaria Scolaris": "Q114878457", "Meije Lerondel": "Q114878466", "Selma Elhadj Mimoune": "Q114878474", "Lucie Vaillant": "Q114878482", "Padamati Anvitha Reddy": "Q115619196", "Liz Robbins": "Q119981790", "Anna Rink": "Q120612785", "Shelley Read": "Q121110205", "Airlie Anderson": "Q121479129", "Ulyana Horodyskyj Pe\u00f1a": "Q123053868", "Anita Aggarwal": "Q123745251", "Fran\u00e7oise Gendarme": "Q124062078", "\u0627\u0644\u0647\u0627\u0645 \u0631\u0645\u0636\u0627\u0646\u06cc": "Q128525818"}