{"Wanda Noury": "Q46993297", "Marie Lematte": "Q17496954", "Antonella Rossetti": "Q54865819", "Karen Almond": "Q116753075", "Fabienne Saudin": "Q3063705", "Anne Alaphilippe": "Q2850955", "Adelina Corbanese": "Q109107217", "Susan Moncl\u00fas Twomey": "Q108435282", "Aline Sagols": "Q2837037", "Annick Hayraud": "Q2851581", "Jayne Molyneux": "Q111495326", "Marta Gran Rodr\u00edguez": "Q108417551", "Olga Pons Prior": "Q108410710", "Olatz Fern\u00e1ndez": "Q3350152", "Catherine Devillers": "Q2941892", "Samanta Botter": "Q50602703", "Paz Estevan de Heriz": "Q77883859", "Ainslie Sauvao": "Q2828159", "Maureen MacMahon": "Q3300242", "Meritxell Bast\u00e9 i Batalla": "Q96356183", "Erika Morri": "Q105478789", "Ingrid Aymat": "Q2386374", "Heather Lockhart": "Q3129083", "Mercedes Batidor Llabr\u00e9s": "Q108403948", "Sara Mears": "Q3473277", "Corinne Devroute": "Q2997325", "Odile Sorel": "Q3349256", "Kelly McCallum": "Q3194907", "Armelle Auclair": "Q2862174", "Sandrine Jaur\u00e9guiberry": "Q3472002", "In\u00e9s Etxegibel": "Q3154023", "Izzy Gray": "Q97064795", "Kary Steele": "Q3193637", "Erin Dance": "Q3056614", "Tatyana Tur": "Q3516131", "Michela Tondinelli": "Q23015048", "Maylis Bonnin": "Q3302980", "Isabel Rodr\u00edguez Bergareche": "Q3154827", "Anne-Sophie Canizares": "Q2850923", "Selena Worsley": "Q3478079", "Dalila Boukerma": "Q3012395", "Clare Muir": "Q2975530", "Raquel Soc\u00edas": "Q3419735", "Chris Ovenden": "Q2964828", "Gladys Letizia Alcaraz": "Q11085510", "Raquel Eldridge": "Q3419730", "Elena Roca": "Q3050718", "Rania Burns": "Q3418967", "Rhona Shepherd": "Q3429693", "Licia Stefan": "Q55651859", "Giuliana Campanella": "Q52271852", "Angelina Masdeu": "Q2849423", "Sarah Ulmer": "Q3473429", "Elisa Facchini": "Q3723135", "Daniela Gini": "Q3701798", "Montserrat Poza": "Q3323167", "Francesca Gallina": "Q108223356", "Aitziber Porras": "Q2828816", "Francisca Moreno": "Q3081757", "Aroa Gonz\u00e1lez": "Q2863430", "Hasna Rhamouni": "Q3128101", "Delphine Plantet": "Q3021853", "Erika Smortchevsky": "Q3056601", "Rosa Marc\u00e9": "Q3442081", "Marion Talayrach": "Q3293671", "Anna Schnell": "Q2850601", "Violaine Aubr\u00e9e": "Q3560367", "Summer Yeo": "Q3503671", "Heather Jaques": "Q3129080", "Kristin Baja": "Q96902962", "Sylvie Vuillaume": "Q3507408", "Helena Estevan de Heriz": "Q89662051", "Heather McDonald": "Q3129089", "Clotilde Flaug\u00e8re": "Q2979689", "Dawn MacDonald": "Q3019245", "Aur\u00e9lie Cousseau": "Q2871993", "Maud Camatta": "Q3300090", "Katie Murray": "Q3194156", "Isabel Dolera i Ruiz": "Q83185618", "Sara Pettinelli": "Q3950278", "Julie Pujol": "Q3189259", "Kristy Heemskerk": "Q3199830", "Mellissa Berry": "Q3305185", "Marjorie Hans": "Q3293946", "Silvia Gaudino": "Q50822672", "Natasha Haines": "Q97097752", "Marie Bourret": "Q3292394", "Aurore Sobolak": "Q2871950", "Wendy Khumalo": "Q3567247", "Veronica Schiavon": "Q48692447", "Georgina de Swert Burrull": "Q98000132", "Iona Frickleton": "Q3154113", "Maria Diletta Veronese": "Q51027978", "Erin Kerr": "Q3056619", "Elisa Cucchiella": "Q3723132", "Lucie \u00c9lodie": "Q3265318", "Magdalena Jarecka": "Q11766041", "Lucy Millard": "Q3266015", "Anna Yakovleva": "Q2850626", "Rosie Foley": "Q3442640", "Marianna Balashova": "Q3291262", "Valentina Schiavon": "Q50079046", "Anastasiya Muharyamova": "Q4308902", "Marie-Charlotte Hebel": "Q3291613", "Sarah Wilson": "Q57915936", "Paola Zangirolami": "Q50362958", "Natalya Essembekova": "Q3336436", "Mandisa Willams": "Q3285513", "Deborah McCormack": "Q96613437", "Michela Este": "Q50507946", "Claire Canal": "Q2975019", "Megan Gibbs": "Q3304345", "Allison Lamoureux": "Q2838334", "Kat Evans": "Q114212072", "Alice Trevisan": "Q50981112", "Valuese Sao Taliu": "Q3554172", "C\u00e9cilia Saubusse": "Q127691729", "Awa Coulibaly": "Q52834869", "Flavia Severin": "Q51285507", "Louise Galvin": "Q78056158", "Anna Wassiljewna Minislamowa": "Q19619129", "Michelle Claffey": "Q78129540", "Julie Duval": "Q19952404", "Nawrat Chamidowna Chamidowa": "Q28500783", "Lucie Canal": "Q27999587", "Fiona Reidy": "Q78030739", "Jekaterina Alexejewna Kabejewa": "Q19616342", "Patricia Carricaburu": "Q37793214", "Sarah Proud": "Q3473409", "Annabel Sergeant": "Q77750192", "Davinia Catlin": "Q84436082", "Marina Petrova": "Q21154308", "Maria Grazia Cioffi": "Q48556714", "Marija Alexandrowna Schemtschuk": "Q19916514", "L\u00e9na\u00efg Corson": "Q18214464", "Anna Alexandrowna Gotzewa": "Q28497399", "Ljudmila Rinatowna Artamonowa": "Q55106521", "Russijet Nurbijewna Jedidschi": "Q18816906", "Juliet Short": "Q78027193", "Ekaterina Bankerova": "Q18236164", "Ikumi Susuki": "Q27150935", "Laura Di Muzio": "Q63645318", "Sarah Mimnagh": "Q78041253", "Miranda Chartrand": "Q6872796", "Cecilia Zublena": "Q50756339", "Yulia Rudenko": "Q42296437", "Galina Grigorjewna Chajet": "Q21141530", "Sabija Abujussupowna Medschidowa": "Q28499553", "Ekaterina Skoromko": "Q17333385", "Elisa Giordano": "Q51133653", "Swetlana Wiktorowna Ussatych": "Q21143562", "Mio Suzuki": "Q27150919", "Cristina Molic": "Q50363287", "Chikami Inoue": "Q28683737", "Lucia Gai": "Q50940311", "Melissa Bettoni": "Q50401060", "Claire Keohane": "Q78052039", "Marta Ferrari": "Q50827224", "Ai Tasaka": "Q27150948", "Abbey Constable": "Q124526448", "Yulia Ledowskaja": "Q63249209", "Mil\u00e9na Soloch": "Q50674526", "Khadidja Camara": "Q84435625", "Alessia Pantarotto": "Q66020917", "Maria Perestyak": "Q21145637", "Megan Williams": "Q78026239", "Chloe Edwards": "Q84439210", "Caroline Thomas": "Q41674755", "Fi Fletcher": "Q84440892", "Katarzyna Paszczyk": "Q62699223", "Julie Billes": "Q111626898", "Eriko Hirano": "Q27150621", "Sofia Stefan": "Q51931761", "Morgane Peyronnet": "Q61446274", "Anna Prib": "Q21154043", "Lucia Cammarano": "Q50405821", "Lauriane Lissar": "Q26221129", "Nicole Cronin": "Q78094569", "Maria Magatti": "Q51724109", "Valeria Fedrighi": "Q50572335", "Valentina Ruzza": "Q50313474", "Kie Tamai": "Q109594127", "Nicole Fowley": "Q78060099", "Laura Delas": "Q123163708", "Samantha Monaghan": "Q125245742", "Lyndsay O'Donnell": "Q114907968", "Youko Suzuki": "Q28684048", "Carys Williams-Morris": "Q114212138", "Linda Thwala": "Q56486623", "Babalwa Latsha": "Q94939430", "Camille Boudaud": "Q85839377", "Isabella Locatelli": "Q51167844", "Y\u016bka Sadaka": "Q109594123", "Gaia Giacomoli": "Q51163628", "Lowri Norkett": "Q114210283", "Camille Imart": "Q61440323", "Veronica Madia": "Q51685908", "Jelena Michailowna Schornikowa": "Q28500958", "Natalya Kostina": "Q28496480", "Aschura Magomedowna Achmedowa": "Q28495982", "Silvia Turani": "Q114346114", "Ma\u00eflhys Dhia Traor\u00e9": "Q37425946", "Sara Tounesi": "Q51382833", "Maki Takano": "Q27917484", "\u00c9lise Pignot": "Q100872841", "Ffion Lewis": "Q114210290", "Sinazo Mcatshulwa": "Q114355929", "Darja Dmitrijewna Fefelowa": "Q55106509", "Arina Bystrova": "Q60828854", "Maria Losada Gifra": "Q62024019", "Beatrice Veronese": "Q114346109", "Montserrat Am\u00e9d\u00e9e": "Q42595149", "Elisa Bonaldo": "Q48815922", "Ma\u00eblia Lapoujade": "Q61456506", "Yuki Ito": "Q28069189", "Kathryn Treder": "Q117467185", "Hinano Nagura": "Q109594132", "Fiona Lecat": "Q50364834", "Hannah Bluck": "Q97732481", "Aura Muzzo": "Q51879962", "Beatrice Capomaggi": "Q114346146", "Danelle Lochnar": "Q123235912", "Nora Baltruweit": "Q126726800", "Yumeno Noda": "Q100453620", "Sophie Anderson": "Q77715129", "Megumi Abe": "Q109594130", "Rosine Assouga": "Q124858076", "Carys Cox": "Q124684061", "Iroha Nagata": "Q29841239", "Shione Nakayama": "Q109594133", "Bethan Lewis": "Q114212036", "Carla Arbez": "Q116983852", "Page McGregor": "Q109317782", "Nassira Konde": "Q95919794", "Wako Kitano": "Q109595092", "Emma Coudert": "Q61776815", "Marie-Aur\u00e9lie Castel": "Q100979807", "Lleucu George": "Q114210297", "Sanelisiwe Charlie": "Q114355932", "Anne Young": "Q117767758", "Kate Williams": "Q124684373", "Brianna Hoy": "Q125537620", "Ndoka Jenifa": "Q123405518", "Lide Erbina": "Q105358977", "Ellie Green": "Q84769618", "Jennifer Vander Elst": "Q119579222", "Otoka Yoshimura": "Q110403252", "Sarah Denholm": "Q77735387", "Sofia Rolfi": "Q114346138", "Gaia Maris": "Q114346129", "Vittoria Ostuni Minuzzi": "Q106528408", "Komachi Imakugi": "Q109594131", "Vittoria Vecchini": "Q114346112", "Desiree Miller": "Q125538647", "Alyssa D\u2019Inc\u00e0": "Q113173107", "Maddie Feaunati": "Q125541243", "Maama Vaipulu": "Q125584754", "Francesca McGhie": "Q123150237", "Morgane Bourgeois": "Q116328892", "Natsumi Takahashi": "Q115530308", "Dannah O'Brien": "Q125274181", "Ma\u00eflys Borak": "Q119555256", "Alex Stewart": "Q125124280", "Kahlia Awa": "Q125570249", "Allana Sikimeti": "Q126946851", "Lina Tuy": "Q124805740", "Ma\u00eb Levy": "Q117843551", "Nel Metcalfe": "Q124535331", "Kelly Arbey": "Q125112436", "Erin Carter": "Q59567239", "Issy Dexler": "Q77731061", "Aoi Mimura": "Q100453503", "Abigail Dow": "Q101008222", "Joanna Sainlo": "Q108776390", "Ayumi Kokaji": "Q109594125", "Ria An'oku": "Q109594139", "Ayaka \u014ctsuka": "Q109595094", "L\u00e6titia Est\u00e8ve": "Q111630134", "C\u00e9line H\u00e9guy": "Q111668229", "Misaki Matsumura": "Q111831199", "\u30d0\u30c6\u30a3\u30f4\u30a1\u30ab\u30ed\u30ed\u30a2\u30c6\u30b6\u512a\u6d77": "Q115529188", "Nao And\u014d": "Q118869726", "Saya Nakamura": "Q118869730", "Manami Mine": "Q118869734", "Yuki Paraki": "Q118869736", "Mio Nishimura": "Q118954357", "Suliana Sivi": "Q123409183", "Cassandra Tuffnail": "Q125997109"}