{"Antje Herbst": "Q584715", "Adriana la Noy": "Q2626432", "Jeanne Gr\u00e9goire": "Q3176057", "Karine Fauconnier": "Q3193281", "Olympe Sanguines": "Q3351590", "Servane Escoffier": "Q3480017", "Cecilia Zorzi": "Q3664125", "Joyce Floridia": "Q3810689", "Manuela Mascia": "Q3845094", "Milo Dahlmann": "Q4944044", "Linda Ashcroft": "Q6551384", "Naomi Mimatsu": "Q11355878", "Eri Miura": "Q11356479", "Y\u016bko Nakanishi": "Q11367089", "Tomoko Nakatani": "Q11367143", "Y\u016bko Nakasato": "Q11367382", "Shinobu Gotanda": "Q11372222", "Sayaka Nishina": "Q11376439", "Mia Imai": "Q11376684", "Megumi Yasooka": "Q11390611", "Akiko Uchida": "Q11394196", "Natsuki Kat\u014d": "Q11399128", "Aya Kat\u014d": "Q11399469", "Kaori Hara": "Q11409422", "Yumi Harada": "Q11409760", "Mai Furukawa": "Q11411191", "Mihoko Yoshihara": "Q11412732", "Misuzu Mukai": "Q11415903", "Tsukasa Kii": "Q11419047", "Nayuka Kita": "Q11419186", "Anna Kitazu": "Q11419190", "Chiaki Tsuchiya": "Q11423239", "Ai Sakaguchi": "Q11425056", "Sayuri Saka": "Q11425093", "Kiyoko Horinouchi": "Q11427198", "Y\u016bko \u014chara": "Q11433172", "Akina \u014cmine": "Q11434794", "Seiko \u014cshima": "Q11434963", "Erika \u014chashi": "Q11436613", "Mana \u014csawa": "Q11437647", "Asuka \u014ctaki": "Q11437674", "Yayoi Uno": "Q11449881", "Miho Moriya": "Q11450033", "Naoko Aki": "Q11450594", "Miho Adachi": "Q11451554", "Chie Terada": "Q11457976", "Shizue Kosugi": "Q11460981", "Y\u016bki Yamashita": "Q11465910", "Ai Yamamoto": "Q11466314", "Miyuki Yamakawa": "Q11468320", "Yoshimi Iwasaki": "Q11474549", "Keiko Kishi": "Q11475870", "Kanako Kawanabe": "Q11479320", "Mei Kawano": "Q11479353", "Chika Hirayama": "Q11482525", "Sayaka Hirata": "Q11483274", "Nana Hirataka": "Q11483790", "Chisae Hironaka": "Q11486334", "Hiromi Tokumasu": "Q11489563", "Chiyomi \u014cji": "Q11495271", "Yoshimi Nitta": "Q11503767", "Itsuko Hidaka": "Q11510866", "Kozue Hayasaka": "Q11511202", "Atsuko Kimura": "Q11518751", "Sayuki Kimura": "Q11518981", "Akie Matsumoto": "Q11531126", "Masako Matsumura": "Q11531422", "Hiromi Matsuse": "Q11531934", "Chiharu Yanagisawa": "Q11534453", "Y\u016b Kuwahara": "Q11537446", "Mami Kajino": "Q11538932", "Maki Morioka": "Q11539540", "Ai Morinaga": "Q11539948", "Yukari Higuchi": "Q11542132", "Kanae Yokonishi": "Q11543461", "Yuki Hashizume": "Q11544106", "Ayumi Sakuramoto": "Q11544831", "Yuki Minakuchi": "Q11548381", "Masami Nagai": "Q11549837", "Yukimi Ikeda": "Q11551852", "Akemi Ikeda": "Q11551957", "Hiromi Ikeda": "Q11552005", "Arisa Hamada": "Q11557926", "Yukari Unno": "Q11559343", "Chiaki Asada": "Q11560410", "Haruyo Shibuta": "Q11561643", "Hiroko Watanabe": "Q11562683", "Mayuko Takikawa": "Q11565164", "Tomoe Takizawa": "Q11565255", "Mikako Hamamura": "Q11566184", "Chiaki Ind\u014d": "Q11571250", "Setsuko Taguchi": "Q11576384", "Natsumi Mako": "Q11583043", "Natsuki In\u014d": "Q11596734", "Aki Takenaka": "Q11598718", "Nami Takei": "Q11598765", "Y\u016bko Hosokawa": "Q11606001", "Sachika Ashimura": "Q11614874", "Hayaka Kanno": "Q11619411", "Naoko Ochiai": "Q11620609", "Sayuri Fujisaki": "Q11623975", "Megumi Nishimura": "Q11628500", "Ayumi Nishimura": "Q11628621", "Michiko Nishimura": "Q11628661", "Hitomi Sumi": "Q11630667", "Rie Tanikawa": "Q11632907", "Kanae Adachi": "Q11636913", "Chinatsu Michigami": "Q11641592", "Emi End\u014d": "Q11642164", "Yukiko Kanada": "Q11647687", "Yumiko Suzuki": "Q11649121", "Narumi Suzuki": "Q11648874", "Ry\u014d Kamakura": "Q11650934", "Maki Nagashima": "Q11652945", "Fumiko Aharen": "Q11657576", "Motoko Kagawa": "Q11667573", "Atsumi Takahashi": "Q11671412", "Kaori Uotani": "Q11674080", "Nahoko Ukai": "Q11675773", "Janina Kwa\u015bniewska": "Q11719834", "Jaione Aiastui": "Q12260142", "Olatz Mu\u00f1oz": "Q12265095", "Solveig Gaarde Schmidt": "Q12336382", "Agnes Lill": "Q12358325", "Juta Lember": "Q12365598", "Lara Cacabelos": "Q12391609", "Mutsumi Akai": "Q16263593", "Saki Shimizu": "Q16264147", "Masami \u014cta": "Q16264750", "Ester Luiga": "Q16407032", "Cristiana Monina": "Q16545675", "Elisabeth Natvig": "Q17105740", "Hiromi Sasaki": "Q17158875", "Nao Sakamoto": "Q17224883", "Marie Antoinette von Lowzow": "Q18244044", "Merili Kuku\u0161kin": "Q18753381", "Diana Neves": "Q19372506", "Anna Jans": "Q19680811", "Annie Van de Wiele": "Q19947772", "\u00c1gnes Babics": "Q20748135", "Reika Togashi": "Q21019237", "Satomi Yonei": "Q21019911", "Martha Faraguna": "Q21076838", "Frances Betty Provan": "Q21537619", "Seina Ono": "Q22129196", "Ayano Koike": "Q22130154", "Tomoe Fukao": "Q23948741", "Sarah Young": "Q24049979", "Kim Pletikos": "Q26934478", "Maria Bj\u00f6rnstam": "Q28529815", "Violette Dorange": "Q36697026", "\u0411\u0435\u0437\u0443\u0433\u043b\u043e\u0432\u0430, \u041b\u044e\u0431\u043e\u0432\u044c \u0424\u0435\u0434\u043e\u0442\u043e\u0432\u043d\u0430": "Q43430016", "Doreen Schnell": "Q47261593", "Elke Rost": "Q47316498", "Monika Kurtz": "Q47339884", "Gudrun Apelt": "Q47465157", "Helena Dunlap": "Q52156204", "Kaori Hirakawa": "Q54867711", "Marie Barru\u00e9": "Q55183237", "Phillippa Hutton-Squire": "Q56742469", "Anna-Karin Broth": "Q57304578", "Chihiro \u014cyama": "Q57314671", "Lin Ea Cenholt": "Q57409279", "Teresa Romairone": "Q57839999", "Eileen H. Laubacher": "Q58822141", "Irina Gracheva": "Q60144013", "Amy Baltzell": "Q61754941", "Giorgia Speciale": "Q62566736", "Anne-Julie Foght Sch\u00fctt": "Q63057767", "Annemette Ruth": "Q63057773", "Mar\u00eda Jes\u00fas Seguel": "Q63247780", "Yelizaveta Krylova": "Q64431590", "Justine Mettraux": "Q64590479", "Megumi Komine": "Q65095849", "Fujiko \u014cnishi": "Q65095852", "Mikaela von Koskull": "Q65240440", "Astrid Talum\u00e4e": "Q65262803", "Anabel Montes Mier": "Q67413483", "Andrea Schmidt": "Q67621604", "Linda R. Wackerman": "Q68373560", "Martha Herb": "Q68381045", "Jill R. Cesari": "Q68404801", "Catherine A. B. Reppert": "Q68477240", "Robin L. Graf": "Q68496029", "Susanne M. McNinch": "Q68525936", "Jennifer M. Free": "Q68530581", "Patricia E. Wolfe": "Q68606410", "Kathleen Mullen Ellis": "Q70140616", "Margaret Mary Schult": "Q70141796", "Heidi C. Agle": "Q75299929", "Eileen Mary Howes": "Q76208962", "Mireia Cornudella i Felip": "Q76742636", "Maiken Foght Sch\u00fctt": "Q76762065", "Anne-Julie Sch\u00fctt": "Q76762078", "Claire Fountaine": "Q77970001", "Diana Hubbard": "Q84548908", "Alberte Lindberg": "Q85864799", "Anthi Economou": "Q85865247", "Elisa Cecconi": "Q85868713", "Hannah Diamond": "Q85870724", "Luisa Spanghero": "Q85873511", "Maelle Frascari": "Q85873833", "Paola Porta": "Q85876036", "Roberta Zucchinetti": "Q85877117", "Sveva Carraro": "Q85878095", "Buket Aslan": "Q87300371", "Beryl Smeeton": "Q94643407", "Elisabet Llargu\u00e9s Masachs": "Q96354904", "Rachel Kiel": "Q98539739", "Minami Tsuchiya": "Q98758046", "Eleanor Ablett": "Q99646467", "Anna Livbjerg": "Q102351607", "Anne Fran\u00e7ois": "Q102351779", "Hannah Swett": "Q102419744", "Melissa Purdy": "Q102419746", "Trine Palludan": "Q102419752", "Dominica Lindsey": "Q102419760", "Sarah Gunni": "Q102419787", "Hillary O'Connor Mueri": "Q105077287", "Manami Fukagawa": "Q105528220", "Nance Frank": "Q106241684", "Erica Dawson": "Q106504615", "Juliana Duque": "Q106546060", "Rina Nakagawa": "Q106994270", "Kiwako It\u014d": "Q106994333", "Simonne Abboud": "Q107131783", "Christina Borregaard Otzen": "Q107131796", "Irina Chunikhovskaya": "Q107131813", "Annie Nelson": "Q107447308", "Elizabeth Charles": "Q107447309", "Joan Lee Touchette": "Q107447310", "Stephanie Armitage-Johnson": "Q107447311", "Merritt Carey": "Q107447312", "Sarah Bergeron": "Q107447313", "Sarah Cavanagh": "Q107447314", "Christie Evans": "Q107447315", "Diana Klybert": "Q107447316", "Susanne Leech Nairn": "Q107447317", "Linda Lindquist": "Q107447319", "Jane Oetking": "Q107447320", "Merritt Palm": "Q107447321", "Katherine Pettibone": "Q107447322", "Marci Porter": "Q107447323", "Sally Stearns": "Q107466514", "Noa Lasry": "Q107534265", "Arden Scott": "Q107608750", "Lucille M. Dingley": "Q108171817", "Shachar Reshef": "Q108254702", "Vasa T. Saitala": "Q108440376", "Raisa Chekashkina": "Q109412626", "Nettie Johnson": "Q110391120", "Raiya Al Habsi": "Q110741303", "Ibtisam Al Salmi": "Q110754682", "Betti Vaink\u00fcla": "Q111338800", "Annika Valkna": "Q111341774", "Maria Veessaar": "Q111357098", "Marjaliisa Umb": "Q111432853", "Elise Umb": "Q111450407", "Esther Y\u00e1\u00f1ez Gonz\u00e1lez-Ir\u00fan": "Q111494704", "LaKeeva Gunderson": "Q111524295", "Juliette Petres": "Q111575916", "Inna V\u00e1clavov\u00e1": "Q112436974", "Jana Honsov\u00e1": "Q112459358", "Eva Sko\u0159epov\u00e1": "Q112460357", "Zosia Burska": "Q112498168", "Sava Kalu\u017ea": "Q112561011", "Jolanda Gruden": "Q112561014", "Elizabeth Marami": "Q112874049", "V\u00e9ronique Seremes": "Q112875363", "Alice Boote": "Q114576308", "Maya Morris": "Q114809875", "Agustina Jord\u00e1n": "Q115626263", "Mariela Moraga": "Q115626264", "Carmina Malsh": "Q115626266", "Camila Ernst": "Q115626271", "Rafaela Salvatore": "Q115626273", "Constanza Olivares": "Q115627978", "Paula Herman": "Q115628011", "Charlotte Wise": "Q115731660", "Ba\u015fak Mireli": "Q116313836", "Norma Hayes Neergaard": "Q118121422", "Bimba Sj\u00f6holm": "Q118121430", "Fiona Campbell": "Q120604847", "Kate\u0159ina Sta\u0148kov\u00e1": "Q120608272", "Jo Adey": "Q121303194", "Sharon Malkin": "Q121303443", "Hagar Zahavi": "Q121499638", "Evie Haseldine": "Q121600234", "Lucie De Gennes": "Q122310248", "Patricia Coro": "Q122649771", "Erica Reineke": "Q123643717", "Maite Rojo Garrido": "Q124024965", "Alga Soligo": "Q124025972", "Ave Org": "Q124305890", "Ella van den Heuvel": "Q124307178", "Liis Koort": "Q124307527", "K\u00fclli Haav": "Q124351145", "Walter Wrye": "Q124629268", "Brigita Viilop": "Q124844399", "Sophie Aymon": "Q125212974", "Ronja Gr\u00f6nblom": "Q125604772", "Veera Hokka": "Q125636409", "Laura Falzon": "Q125849934", "\u03a3\u03c4\u03ad\u03bb\u03bb\u03b1 \u03a6\u03c1\u03b1\u03bd\u03c4\u03b6\u03b5\u03c3\u03ba\u03ac\u03ba\u03b7": "Q127277207", "Kimberly Paul Arp": "Q127603701", "Kate\u0159ina \u0160v\u00edkov\u00e1": "Q127804511", "S\u00e1ra Tkadlecov\u00e1": "Q127804842", "Eline Verstraelen": "Q127869916", "Mar\u00eda Cantero": "Q127917943", "Florencia Chiarella Salas": "Q128073101", "Ebru Bolat": "Q128303793"}