{"Boussiris de Gaza": "Q2922509", "Doda of Metz": "Q3033649", "Marta di Cordova": "Q3073901", "Gayan\u00e9": "Q3099647", "Gertrud of Hamage": "Q3104400", "Julienne de Vyazma": "Q3189724", "Flore de Cordoue": "Q3746667", "Benilde de Cordoue": "Q5725762", "Derfuta": "Q5803554", "Claudia of Rome": "Q11739857", "Th\u00e9odechilde": "Q16124683", "\u0424\u0435\u043e\u0444\u0438\u043b": "Q16711536", "Sveta Irena Rimska": "Q19934059", "Obdulia": "Q20995276", "Bertha": "Q23991005", "Babila": "Q28502580", "Tigre": "Q30727128", "Mar\u00eda de Edesa": "Q48781991", "Saint Glaphyra": "Q105751446", "Our Lady of the Road": "Q106857640", "Saint Flasinetalia": "Q121029314", "Sophia the Martyr": "Q15916381", "Zoe of Attalia": "Q227105", "Paschasia": "Q2055410", "Apphia": "Q4068319", "Saint Donata": "Q4166048", "Polyxena": "Q6081867", "Virginia": "Q4013953", "Saint Veneranda": "Q19411814", "Corona": "Q16666017", "Potamiana": "Q6746023", "Patricia of Nicomedia": "Q11813585", "Lucina": "Q1873459", "Irene of Thessalonica": "Q264096", "Mustiola": "Q637267", "Ciriaca of Pianella": "Q3414053", "Mirope of Chios": "Q3858908", "Suina di Cagliari": "Q3976762", "Lupercilla": "Q3840815", "Saint Celestina": "Q3948952", "Dionisia": "Q2181166", "Messalina of Foligno": "Q7883921", "Saint Anatolia": "Q3615108", "Macra": "Q2554553", "Julitta": "Q3189786", "Beata of Sens": "Q9168142", "Pome": "Q18222028", "Beatrix": "Q19202889", "Ulpia Candidia": "Q21657752", "Grace of Saragossa": "Q124214762", "Justa": "Q24254812", "Rufina": "Q24254815", "Fortunata": "Q18918375", "Innocentia": "Q1664137", "Amelia of Girona": "Q509535", "Natalia of Nicomedia": "Q1869249", "Larissa": "Q3217937", "Alessandra di Amiso": "Q3609718", "Marta d'Astorga": "Q6002046", "Julia of Emerita": "Q6120459", "Antonina of Nicea": "Q9157868", "Santa Sot\u00e9ria": "Q10368037", "Claudia": "Q4222776", "Agape of Thessaloniki": "Q390480", "Saint Ninfa": "Q473364", "Victoria of C\u00f3rdoba": "Q544327", "Cornelia": "Q1133270", "Pia of Carthage": "Q2091818", "Serena of Spoleto": "Q2272298", "Florence de Combl\u00e9": "Q3074048", "Irena of Rome": "Q1672593", "Dafrosa di Roma": "Q3700811", "Demetria di Roma": "Q3705279", "\u0410\u043b\u043b\u0430 \u0413\u043e\u0442\u0444\u0441\u043a\u0430\u044f": "Q4062523", "Porcaire": "Q92598728", "Gwawr ach Brychan": "Q24558760", "Taisia": "Q12867530", "Matrona di Capua": "Q16577087", "Lluan": "Q13129708", "Madrun": "Q3842904", "Camilla": "Q2935097", "Magnanzia": "Q3277068", "Tomaida de Alejandr\u00eda": "Q9359120", "Honorata de Pavia": "Q11710058", "Ceinwen": "Q22955657", "Ina ach Cynyr": "Q53779022", "G\u00e9orgie (vierge)": "Q115706658", "Olivi\u00e8re de Chaumont": "Q3351486", "\u041a\u0438\u0432\u0430\u0438\u0440": "Q4219999", "Gwenhaf": "Q52120536", "Tudclyd": "Q4457143", "Rhuddlad": "Q18535925", "Tudwen": "Q18535981", "Rhiangar": "Q20562503", "Tutglud ach Brychan": "Q24973140", "Kew": "Q28681406", "Gwenonwy ach Meurig": "Q52157525", "Tangwystl ach Brychan": "Q53718889", "Efrddyl": "Q55652103", "Lleucu": "Q61107833", "Eithne": "Q64786428", "Feidhealm Ruadh": "Q64786452", "Virginia of Poitu": "Q1403277", "Faustina of Como": "Q3740312", "Elena of Laurino": "Q107920450", "Eurgain ach Maelgwn Gwynedd": "Q52083916", "Enimia": "Q582990", "Eodez of Tremazan": "Q2870718", "Galla von Valence": "Q3094783", "Disciole": "Q19947407", "Emiliana de Roma": "Q24960413", "Peithien": "Q20568444", "Enghenedl": "Q13128270", "Llechid": "Q13129679", "Melyd": "Q13130110", "Gwenfaen": "Q18535665", "Cywair": "Q24020880", "Wenna": "Q43538963", "Ll\u0177r Forwen": "Q52557168", "Machraeth": "Q53090679", "Oranne d'Eschweiler": "Q2028282", "Marchell": "Q27924032", "Waleria z Honnecourt": "Q11837612", "Engratia of Segovia": "Q18246552", "Juliana of Pavilly": "Q109451261", "Osana": "Q7105700", "Eusebia": "Q959947", "Notburga von B\u00fchl": "Q1346683", "Thiatildis": "Q1740066", "Heriburg von Nottuln": "Q1609960", "Roswitha von Liesborn": "Q2167965", "Natalia of Cordoba": "Q9048833", "Regiswindis": "Q1488034", "Genevi\u00e8ve de Loqueffret": "Q3100703", "Th\u00e8cle de Roubaix": "Q3526227", "Saint L\u00fcfthildis": "Q1880265", "Edith fan Tamworth": "Q2291463", "Matrull de Barcelona": "Q11936217", "Saint Concordia": "Q97291654", "Al\u00e8the": "Q2840712", "Hombelina": "Q107067315", "Lucie de Sampigny": "Q1873230", "Fevronia of Murom": "Q54568882", "Helena de Veszpr\u00e9m": "Q1567157", "B\u00e9atrice d'Assise": "Q50374716", "Khristina Vladimirskaya": "Q4501475", "Santa Ugolina di Vercelli": "Q113125250", "Agnes of Bohemia": "Q2656351", "Toscana di Zevio": "Q78161964", "Marguerite de Metola": "Q3290785", "Col\u00e0gia de Barcelona": "Q11914796", "Reinhild von Westerkappeln": "Q1366775", "Flora of Beaulieu": "Q2239586", "\u0424\u0435\u043e\u0434\u043e\u0440\u0430 \u041d\u0438\u0436\u0435\u0433\u043e\u0440\u043e\u0434\u0441\u043a\u0430\u044f": "Q30879290", "Joana de Tolosa": "Q4178121", "Gemma di Goriano Sicoli": "Q3100326", "Beata Eustochio": "Q6998832", "In\u00e9s de Aislingen": "Q9142500", "Caterina Aliprandi": "Q3663483", "\u041b\u0430\u043a\u0448\u043c\u0438\u043f\u0440\u0438\u044f": "Q4253375", "Christina von Hamm": "Q1083338", "Marina de Omura": "Q3293239", "Doroth\u00e9e de Kachin": "Q3037230", "Clara": "Q107067307", "Marie Crucifi\u00e9e Costantini": "Q3292461", "Maria di Belgorod": "Q3847611", "Elisabeth Roux": "Q59520446", "Cecilia Yu So-sa": "Q4533462", "Lucia Kim": "Q9394486", "Magdalene H\u014f Kye-im": "Q11766038", "Magdalene Kim \u014eb-i": "Q4220649", "Agnes L\u00ea Thi Than": "Q9142353", "Barbara Cho Ch\u016dng-i": "Q4516992", "Catherine Yi": "Q4260689", "Magdalene Han Y\u014fng-i": "Q4495365", "Rosa Kim No-sa": "Q9325784", "Iulietta Kim": "Q11728956", "Agatha Yi So-sa": "Q4260721", "Mary Pak K'\u016dn-agi": "Q11769076", "Martha Kim S\u014fng-im": "Q11770581", "Agatha Kim A-gi": "Q4220641", "Theresa Yi Mae-im": "Q9357382", "Anna Kim Chang-g\u016dm": "Q9155300", "Agatha Ch\u014fn Ky\u014fng-hy\u014fb": "Q9141897", "Barbara Han A-gi": "Q4495366", "Barbara Kwon Hui": "Q9165465", "Benedicta Hy\u014fng Ky\u014fng-ny\u014fn": "Q4502874", "Magdalene Pak Pong-son": "Q11766085", "Elisabeth Ch\u014fng Ch\u014fng-hye": "Q9253103", "Theresa Kim": "Q9357309", "Barbara Ko Sun-i": "Q4225032", "Barbara Yi Ch\u014fng-h\u016di": "Q9165663", "\u041c\u0430\u0440\u0444\u0430": "Q19918293", "Chaido of Stanos": "Q100980097", "Lucia Pak H\u016di-sun": "Q4342297", "Magdalene Son": "Q11766100", "Eudokia di Leu\u0161ino": "Q3734164", "Susanna U Sur-im": "Q9392173", "Mary Yi Y\u014fn-h\u016di": "Q11769243", "Perpetua Hong K\u016dm-ju": "Q11815721", "Elena Diveevskai\u0361a": "Q4174677", "Barbara Kim": "Q9165430", "Iulitta Zubova": "Q3804598", "Magdalene Cho": "Q4516984", "Pelagia": "Q4348172", "Magdalene Yi Y\u014fng-h\u016di": "Q11766122", "Dimitra Kievska": "Q12278121", "Magdalene Yi Y\u014fng-d\u014fk": "Q4260672", "Theresa Kim Im-i": "Q9357310", "Martha Wang Luoshi": "Q4103227", "Agatha Lee Gan-nan": "Q9141961", "Columba Kim Hyo-im": "Q11741361", "Agatha Yi Ky\u014fng-i": "Q11684592", "Agnes Kim Hyo-ju": "Q9142291", "Catharine Ch\u014fng Ch'\u014fr-y\u014fm": "Q11736935", "Lucia Kim Nusia": "Q9394485", "Choi Yeong-i": "Q9165318", "Mary W\u014fn Kwi-im": "Q11769242", "Mary Yi In-d\u014fk": "Q4260688", "Agatha Yi": "Q9141962", "Anna An Xin": "Q4067854", "Arsenia": "Q4070003", "Maria Guo Li": "Q4140823", "Maria An Guo": "Q4067853", "Mary Zhao Guo": "Q4515472", "Sophia": "Q18278038", "Elizabeth Qin Bian": "Q4505788", "Maria Du Zhao": "Q4169026", "Barbe Cui Lianzhi": "Q4506119", "Maria Zhu Wu": "Q4468236", "Maria Wang Li": "Q4260676", "R\u00f3\u017ca Fan Hui": "Q4481160", "Maria Du Tian": "Q4169023", "Maria Fu Guilin": "Q4493263", "Teresa Zhang He": "Q4515455", "Matrona Anemnyasevskaya": "Q4284954", "Lucia Wang Wang": "Q4103212", "Tamara": "Q17362429", "Anna Zertsalova": "Q4191650", "Maria An Linghua": "Q4067852", "Lang Yang": "Q4253698", "Ol\u02b9ga Lo\u017ekina": "Q55654418", "Augusta": "Q16162680", "Anna An Jiao": "Q4067856", "Teresa Chen Jinjie": "Q4518506", "Yekaterina Arskaya": "Q2254758", "Elizaveta Viktorovna Koeranova": "Q4247792", "R\u00f3\u017ca Chen Aijie": "Q4518497", "Rosa Zhao": "Q9325793", "Tatyana Yegorova": "Q4173806", "Maria Marta Kazimiera Wo\u0142owska": "Q4123648", "Magdalena Du Fengju": "Q4169024", "\u0141ucja Wang Cheng": "Q4103246", "Mary Zhao": "Q4515469", "Maria Fan Kun": "Q4481157", "Maria Qi Yu": "Q4505486", "Anne Wang": "Q74210677", "Ad\u00e8le Mardosewicz": "Q2825441", "Maria Zheng Xu": "Q4515533", "Kira Obole\u0144ska": "Q11739446", "Marie Staszewska": "Q2169550", "Pelagia Of Ryazan": "Q55103915", "Varvara Skvorchikhinskaya": "Q4103594", "Anna Koko\u0142owicz": "Q4227354", "Jadwiga Karolina \u017bak": "Q4177885", "Eleonora Aniela J\u00f3\u017awik": "Q4534236", "\u0421\u0435\u043f\u0444\u043e\u0440\u0430 \u0432\u0430\u0442\u00e7\u044b\u043d": "Q55103914", "J\u00f3zefa Chrobot": "Q4501531", "Domna Tomskaya": "Q4165889", "Helena Cierpka": "Q4514575", "Julia Rapiej": "Q4390023", "Ekaterina Ruti": "Q4401163", "Mieczys\u0142awa Kowalska": "Q4225512", "Eugenia Mackiewicz": "Q3060279", "Tatjana Nikolaevna Grimblit": "Q4149536", "Paulina Borowik": "Q4094239", "Leocadia Matuszewska": "Q4285086", "\u0412\u0430\u0440\u0432\u0430\u0440\u0430 \u0412\u044b\u0440\u0438\u0446\u043a\u0430\u044f (\u0441\u0445\u0438\u043c\u043e\u043d\u0430\u0445\u0438\u043d\u044f)": "Q55651138", "Celestina Catarina Faron": "Q2471413", "Weronika Narmontowicz": "Q4313205", "Plautilla": "Q269721", "Heilika": "Q1808924", "Maxellendis": "Q1926341", "Odrada van Balen-Scheps": "Q2136721", "Viola": "Q2322236", "Cl\u00e9mence d'\u00d6hren": "Q2350620", "Sainte Ode": "Q2373897", "Edith of Aylesbury": "Q2471125", "Ad\u00e8le d'Orp-le-Grand": "Q2825440", "Aude de Paris": "Q2870712", "Bertile de Mar\u0153il": "Q2899368", "Carina of Ancyra": "Q2938818", "Centola of Burgos": "Q2944375", "Love of Rome": "Q2957849", "C\u00e9line de Meaux": "Q3010193", "C\u00e9line de Laon": "Q3010195", "Donate de Rome": "Q3036198", "Emma de Br\u00eame": "Q3052484", "Hope of Rome": "Q3058588", "Florence d'Agde": "Q3074041", "Gemma de Saintonge": "Q3100325", "Gontrude": "Q3110594", "Sophie d'\u00c9gypte": "Q3182823", "Libaire de Grand": "Q3237693", "Maxime": "Q3302473", "M\u00e9nehould": "Q3333191", "N\u00e9omaye du Poitou": "Q3347124", "Osmane of the Maine": "Q3357275", "Mastridia van Jeruzalem": "Q3397736", "Preuve de Laon": "Q3402779", "Rosine d'Augsbourg": "Q3442688", "Sainte C\u00e9ronne": "Q3464486", "Sainte \u00c9m\u00e9rance": "Q3464490", "Sainte Pexine": "Q3464541", "Ragenfreda": "Q3464553", "Sainte Soline": "Q3464560", "Sainte Suzanne": "Q3464562", "Sainte S\u00e8ve": "Q3464563", "Sainte S\u00e9raphie": "Q3464564", "Vinciane de Wintershoven": "Q3464580", "Sigeberge": "Q3483508", "Sophie de Thrace": "Q3491077", "Sp\u00e9rie de Cahors": "Q3494400", "Tarsille de Rome": "Q3515812", "Elizabeth Rose": "Q3587840", "\u00c9milienne de Rome": "Q3588903", "\u00c9vette d'Esquibien": "Q3592810", "Comasia": "Q3683968", "Daria of Venafro": "Q3702538", "Degna di Roma": "Q3704772", "Degna di Todi": "Q3704773", "Elena di Arzamas": "Q3721522", "Eufemia di Ourense": "Q3734197", "Eusebia de Bergamo": "Q3734996", "Giustina vergine e martire": "Q3771716", "Liberata of Como": "Q3831629", "saint Lucille": "Q3838778", "Marfa di Suzdal": "Q3846832", "Oliva di Anagni": "Q3881780", "Pelagia Bere\u017ea di Ustjug": "Q3898860", "Restituta of Sora": "Q3933521", "Santa Clementina": "Q3948955", "Santa Felicissima": "Q3949015", "Gaudencia de Roma": "Q3949020", "Giovina": "Q3949024", "Santa Guglielmina": "Q3949033", "Santa Grania": "Q3949035", "Santa Kennera": "Q3949040", "Santa Matronilla": "Q3949205", "Santa Sofronia": "Q3949252", "Sofia of Sicily": "Q3949253", "Saint Veneria": "Q3949262", "Zaira": "Q3949267", "Sarah of Antioch": "Q3950291", "Severa di Pyrgi": "Q3958479", "Tecla da Lentini": "Q3982414", "Theopista": "Q3983958", "Vissia di Fermo": "Q4014825", "\u0412\u0438\u0448\u043d\u0443\u043f\u0440\u0438\u044f": "Q4112768", "\u0413\u0430\u043d\u0433\u0430\u043c\u0430\u0442\u0430 \u0413\u043e\u0441\u0432\u0430\u043c\u0438\u043d\u0438": "Q4133179", "\u0413\u043b\u0438\u043a\u0435\u0440\u0438\u044f \u041d\u043e\u0432\u0433\u043e\u0440\u043e\u0434\u0441\u043a\u0430\u044f": "Q4139725", "\u0414\u043e\u043c\u0438\u043d\u0438\u043a\u0430 \u041a\u0430\u0440\u0444\u0430\u0433\u0435\u043d\u0441\u043a\u0430\u044f": "Q4165859", "Eupraxia of Pskov": "Q4173062", "\u0418\u0443\u043b\u0438\u0430\u043d\u0438\u044f \u0411\u043e\u043b\u043e\u043d\u0441\u043a\u0430\u044f": "Q4205377", "Saint Candida": "Q4212312", "\u041a\u0430\u043d\u0434\u0438\u0434\u0430 \u0438\u0437 \u0425\u0435\u0440\u043e\u043d\u044b": "Q4212315", "\u041a\u043e\u043a\u043a\u0430": "Q4227298", "\u041a\u0440\u0438\u0434\u0430": "Q4240982", "Manacca": "Q4280133", "\u041c\u0435\u043b\u043b\u0430 \u0438\u0437 \u0414\u043e\u0438\u0440-\u041c\u0435\u043b\u043b\u0435": "Q4289598", "Sainte Menne": "Q4290548", "\u041c\u043e\u043d\u0435\u0441\u0441\u0430 \u0418\u0440\u043b\u0430\u043d\u0434\u0441\u043a\u0430\u044f": "Q4301698", "Saint Natalia": "Q4411313", "Anna Vasilevna Serova": "Q4417731", "Silvia de Aquitania": "Q4419399", "\u0421\u0438\u043d\u043d\u0438\u044f \u0438\u0437 \u041e\u043b\u044c\u0441\u0442\u0435\u0440\u0430": "Q4420370", "Te\u00f3rico de Barkingskaya": "Q4455069", "Tigridia": "Q4457128", "\u0422\u0440\u0435\u044f": "Q4462793", "Hademunda": "Q4494521", "Hieu": "Q4498002", "Sissela av Borrby": "Q4978777", "Columba de Roma": "Q5480876", "Santa Generosa": "Q8963753", "Aurelia de Anagni": "Q9162292", "Benigna di Breslavia": "Q9168838", "Blat": "Q9174271", "Hilaria of Augsburg": "Q9292207", "Sebastiana de Heraclea": "Q9334805", "Pot\u00e0mia de Santurde": "Q11218497", "Kamila z Tuluzy": "Q11734570", "Cornelia de \u00c1frica": "Q11743693", "Cristina d'Osma": "Q11916122", "Troj\u00e8cia de Rod\u00e9s": "Q11953195", "\u0628\u0627\u0626\u064a\u0633\u0629": "Q12195498", "\u0421\u0432. \u0413\u0430\u043b\u0438\u043d\u0430": "Q12293034", "\u0421\u0435\u0440\u0430\u0444\u0438\u043c\u0430 \u0410\u043d\u0442\u0438\u043e\u0445\u0438\u0458\u0441\u043a\u0430": "Q12758783", "Theodora": "Q12872890", "Saint Tybie": "Q13132095", "Alodia": "Q14056266", "Apol\u00b7l\u00f2nia de Barcelona": "Q16168674", "Offa di Benevento": "Q16583586", "Dode d'Astarac": "Q16629566", "Julie de Troyes": "Q16647535", "Candida the Younger": "Q16661327", "Sainte B\u00e9line": "Q16674815", "\u041c\u0435\u0440\u0432\u0438\u043d\u043d\u0430 \u0420\u043e\u043c\u0441\u0435\u0439\u0441\u043a\u0430\u044f": "Q16675916", "\u0424\u0435\u043e\u043a\u0430": "Q16711522", "Agia Anthousa": "Q16737355", "Philonella": "Q16939266", "Paraskeva Polatskaya": "Q17094336", "Adelina de Savigny": "Q17143191", "Edburga di Caistor": "Q17284909", "Elia di Ohren": "Q17284915", "Sainte Adeltrude": "Q18032503", "Ida de Leeuw": "Q18225203", "T\u00e1rsila": "Q18233514", "Eve of Dreux": "Q18616086", "St. Anna Wang": "Q18716060", "Cairech Dergain": "Q19325196", "Eutropia": "Q19594601", "Maura van Tours": "Q20819862", "Saint Enora": "Q21427205", "Rolende de Gerpinnes": "Q21512031", "Bonoza": "Q21660383", "Priscilla": "Q22661413", "Eulampia": "Q23877435", "\u041c\u0443\u0437\u0430 \u0420\u0438\u043c\u043b\u044f\u043d\u044b\u043d\u044f": "Q24351754", "Saint Savina of Troyes": "Q24863131", "\u054d\u0578\u0582\u0580\u0562 \u0544\u0561\u0576\u0565": "Q26196993", "Saint Maxentia": "Q27022270", "Mariamne": "Q27263363", "Iraja": "Q27824042", "Ia of Persia": "Q28664512", "Giusta di Bazzano": "Q28668040", "Lucretia": "Q30243354", "Vitaline d'Artonne": "Q35568178", "Tibba": "Q36354480", "Emiliana of Rome": "Q40322805", "Beno\u00eete d'Origny": "Q40415557", "Patientia of Huesca": "Q40741207", "Sati Loyan": "Q45759755", "Wddyn": "Q47432550", "Liberata": "Q48832791", "Aur\u00e9lie de Rome": "Q49163701", "Isabella Maria della Passione": "Q51531462", "Banadlwen ach Cynyr": "Q51907633", "Cenhedlon ach Briafael": "Q51954536", "Cymorth": "Q51954656", "Keneython": "Q51954783", "Dilig": "Q52002304", "Eleri o Gwytherin": "Q52059552", "Elliw ach Cadog": "Q52060057", "Eurfyl ach Padarn": "Q52061534", "Nefyn ach Brychan": "Q53570396", "Nwyalen ach Selyf": "Q53573757", "Tegfedd ach Amwn Ddu": "Q53719817", "Teigiwg ach Ynyr": "Q53720089", "Marana": "Q54592083", "Cyra": "Q54592123", "Nicea": "Q54600562", "Zenobia": "Q54611038", "Ilud": "Q61107830", "Meugan ach Gwenonwy": "Q61107832", "Gwenaseth ach Rhufon": "Q61107841", "Anhun de Gwrthyfer": "Q61107844", "Saint Albane": "Q62024542", "Toyosatomimi no Miko": "Q65095648", "Attal": "Q78161168", "Elena de Auxerre": "Q84603110", "Minia de Bri\u00f3n": "Q99193216", "Adelina": "Q105965587", "Virgen del Llano": "Q106684106", "Bertha of Marbais": "Q106980709", "Thecla of Iconium": "Q106981065", "Salsa of Tipasa": "Q107051452", "Benedicta of Assisi": "Q107067302", "Bertha of Biburg": "Q107067304", "Irene of Constantinople": "Q107067316", "Marie Clotilde": "Q107067319", "Santa Felicia": "Q107088645", "Lucy of Scotland": "Q107104274", "Modesta of Trier": "Q107417366", "Hilaria": "Q107444383", "Justina": "Q107444384", "Saint Victoria": "Q107444476", "Irene of Spain": "Q107465636", "Mechtild of Driessen": "Q107465637", "Regina of Ostrevant": "Q107465638", "Richilde": "Q107465639", "Nicole Tavernier": "Q107465640", "Maria of Thrace": "Q109331305", "Blath of Kildare": "Q112827363", "Baya of Cumbrae": "Q112975824", "Maura of Cumbrae": "Q112975890", "Bonita of Brioude": "Q113359177", "Brigid of Kilbride": "Q113359221", "Candida of Whitchurch": "Q113359263", "Ameltrude de Rouen": "Q113360187", "Camelle de Toulouse": "Q113361008", "Christiana of Geraardsbergen": "Q113572232", "Valentine": "Q113623202", "Mallteg": "Q114773801", "Margaret Marloes": "Q114775028", "Tetta": "Q114775069", "Ellyw": "Q114775104", "\u041c\u0430\u0440\u0438\u044f \u041d\u043e\u0432\u0430\u044f": "Q115471724", "Bezela": "Q115683377", "Natalena van Pamiers": "Q115683901", "sainte Ad\u00e8le": "Q115921766", "Athanasia": "Q115921777", "Saint Maul": "Q116165695", "Paulina of Paulinzella": "Q116208661", "Pelagia of Limoges": "Q116210041", "Aurea of Amiens": "Q116236160", "Germaine de Bar-sur-Aube": "Q116497686", "Margaret of England": "Q116641297", "Thomais of Alexandria": "Q116767099", "Tochumra of Kilmore": "Q116767137", "Santa Paula Barbada": "Q117302380", "Odila of Laon": "Q118770218", "Philippina of Chalon": "Q118773126", "Flavie Viktorie": "Q120002399", "Sairnait": "Q121001043", "C\u00f3elfhind": "Q121010274", "Floride de Dijon": "Q121416167", "Gertrude de Remiremont": "Q121419520", "Gunhild von Biblisheim": "Q121435412", "Ragenufle d'Incourt": "Q121603289", "Stithian van Cornwall": "Q121717510", "Glaphyra of Amasea": "Q122818542", "Einbeth": "Q124453543", "Warbeth": "Q124453555", "Wilbeth": "Q124453560"}