{"Judith Nijland": "Q2656794", "Afia Mala": "Q11849842", "Qamar of Seville": "Q39413429", "Anne Antonia Christina Somis": "Q110933508", "Anna Franti\u0161ka Hata\u0161ov\u00e1": "Q10826150", "Christine Sophie Hanke": "Q4952494", "\u0633\u0627\u0643\u0646\u0629 \u0628\u0643": "Q31797090", "Lidy Steche": "Q1823682", "Therese Heberle": "Q25239319", "C\u00e9lim\u00e8ne Gaudieux": "Q3010129", "Johanna Catharina Aarsse": "Q19368911", "Giovanna Rossi-Caccia": "Q11924251", "Josefa Cruz de Gassier": "Q28502302", "Hedvig Eleonora Berwald": "Q65940702", "Elena Iankova": "Q12279702", "Carlotta Maironi da Ponte": "Q19998147", "Costanza Rovelli": "Q3695628", "Sophie Offermans-van Hove": "Q5001483", "Harfenjule": "Q1033933", "Yuliya Abaza": "Q7491751", "Elisa Volpini": "Q19998535", "Mari Feh\u00e9rv\u00e1ri": "Q31190407", "Vera Lyadova": "Q4272530", "Rosa Bordas": "Q15944851", "Th\u00e9r\u00e8se Hahl": "Q68798104", "Johanna Wilhelmina Gips": "Q19756231", "Theresia Saxenberg": "Q42393816", "Dolores Parrales Moreno": "Q2593877", "Maria Collan": "Q4943250", "Maria Leopoldina Paolicchi": "Q3847363", "Anna \u010cerm\u00e1kov\u00e1": "Q60467653", "Elise Svendsen": "Q18756071", "Almerinda Soler di Franco": "Q19997744", "Jevdokia Kanniste": "Q12365123", "Beatrice Diderichsen": "Q19976475", "La Rubia de M\u00e1laga": "Q5965153", "\u00c1gnes Pajor": "Q31092932", "Eva Tetrazzini": "Q3735144", "Leonilda Gabbi": "Q11931365", "Camilla Landi": "Q11911013", "Antoinette Trebelli": "Q19587494", "C\u00e9lia Marg\u00f3": "Q30101934", "Heghine Ghorghanyan": "Q21146107", "Giovanna Lucaszewska": "Q28542188", "Martha Leffler-Burckard": "Q94752157", "Elsa Stenhammar": "Q4980310", "Guerrina Fabbri": "Q3778808", "Ridi Meininger": "Q28844238", "Maria Borsa": "Q3847169", "Charlotte Gaudet": "Q2960979", "Kathinka Zapf": "Q1427683", "Paula Menotti": "Q1352838", "Dagmar Hagelberg-Raekallio": "Q11855710", "Vendla Johansson": "Q87484719", "Elena Fons": "Q19998519", "Nataliya Tamara": "Q56307747", "Margarit Babayan": "Q22138632", "K\u00e4the Hyan": "Q83379108", "Clary Morales": "Q4968067", "Signe Liljequist": "Q4962176", "Ersilia Sampieri": "Q3732614", "Giorgina Caprile": "Q11924252", "Helene Staegemann": "Q1516425", "Gea della Garisenda": "Q3759149", "Szer\u00e9na Sziklai": "Q1298250", "Taougrat Oult A\u00efssa": "Q118142192", "Berta Kiurina": "Q59601733", "Elvira Donnarumma": "Q518410", "Leonida Balanovskaya": "Q12080565", "Carli Nagelm\u00fcller": "Q1041705", "Luisa Vela": "Q5984691", "Elisabeth Ohlhoff": "Q1031102", "Berthe Sylva": "Q2899291", "Dorothy Moulton-Mayer": "Q1250330", "Berthe Mayn\u00e9": "Q2899275", "Betty Fischer": "Q94622", "Ofelia de Arag\u00f3n": "Q9051819", "Ebba Jacobson-Lilius": "Q23039708", "Tilly De Garmo": "Q49259141", "Carme Bau Bonaplata": "Q11912487", "Veturia Ghibu": "Q53997065", "Marija Edoeardovna Donets-Tesseyr": "Q12101985", "\u041c\u0438\u0440\u043e\u0432\u0438\u0447, \u0421\u043e\u0444\u044c\u044f \u041c\u0438\u0445\u0430\u0439\u043b\u043e\u0432\u043d\u0430": "Q21107672", "Amparo Saus": "Q113388578", "Emilia Benito": "Q5830813", "Minna Ebel-Wilde": "Q1320654", "Vladislava Grigaitien\u0117": "Q12678075", "Morta Vai\u010dkien\u0117": "Q12665911", "Nina Dulkevitsch": "Q4170506", "Maria Carena": "Q47470185", "\u0421\u043e\u0444\u0456\u044f \u0421\u044b\u043c\u043e\u043d\u0430\u045e\u043d\u0430 \u0417\u044f\u043d\u044c\u043a\u043e-\u041f\u0430\u0447\u044b\u043a\u043e\u045e\u0441\u043a\u0430\u044f": "Q24229333", "Zabel Aram": "Q21211442", "Ikuko Nagai": "Q11549853", "Nobuko Hara": "Q11409403", "Na'ima al-Misriyya": "Q20608943", "Elli Suokas": "Q11857515", "Alia al-Mundhir": "Q12228220", "Zsizsi Ferenczy": "Q1000602", "Suzanne Feyrou": "Q105036709", "\u062c\u0644\u064a\u0644\u0629 \u0623\u0645 \u0633\u0627\u0645\u064a": "Q122234250", "Pilar Alonso i Moll": "Q5693857", "Mia Peltenburg": "Q94749571", "A\u00edda Doninelli": "Q5490948", "Vivian Tisell": "Q75804631", "Adelina Morelli": "Q19997633", "Marija Solomonovna Goldina": "Q4142751", "Rosetta Crawford": "Q1725323", "Hedwig Schmitz-Schweicker": "Q1593405", "Vera Petrovna Novinskaja": "Q20068840", "Pascuala Peri\u00e9": "Q6065524", "SHIHO": "Q5371688", "Sanae Shintani": "Q11255268", "Kiyomi Kumano": "Q11265530", "Tamar Shahnazaryan": "Q20511543", "\u0411\u0430\u0440\u0431\u0430\u0440\u0430 \u0406\u0432\u0430\u043d\u0430\u045e\u043d\u0430 \u0412\u0435\u0440\u0436\u0431\u0430\u043b\u043e\u0432\u0456\u0447": "Q16658481", "Armenuhi Gevonyan": "Q23119652", "Greta von Konow": "Q69043873", "\u0412\u043e\u043b\u0438\u043a\u043e\u0432\u0441\u043a\u0430\u044f, \u0418\u0440\u0438\u043d\u0430 \u0418\u0432\u0430\u043d\u043e\u0432\u043d\u0430": "Q16168925", "\u0418\u0437\u043c\u0430\u0439\u043b\u043e\u0432\u0430, \u0410\u0441\u0438\u044f \u0421\u0430\u0444\u0438\u0443\u043b\u043b\u043e\u0432\u043d\u0430": "Q39644519", "Ankie van Wickevoort Crommelin": "Q4028995", "Hans Gruys": "Q54101888", "Fatma Serri": "Q28715821", "Nadezhda Tsomaia": "Q20562130", "Birgitta Norrby-Collinder": "Q4970304", "Marija Nikolaevna Izergina": "Q4198553", "Matilde Revenga": "Q25411092", "Louise Hartung": "Q55402274", "Utako Matsushima": "Q11530176", "Piroska Tutsek": "Q1639702", "Carla Castellani": "Q3658837", "\u00c9dith Burger": "Q28839344", "\u0633\u0647\u0627\u0645": "Q29530366", "Anna Utry": "Q12345125", "G\u00f6lsem S\u00f6l\u00e4ymanova": "Q89587498", "Meme Bianchi": "Q3854352", "Nuccia Natali": "Q3879197", "La m\u00f4me Moineau": "Q3214136", "Concepci\u00f3 Panad\u00e8s i Juanengo": "Q2991954", "Gianna Perea-Labia": "Q20752248", "Lina Margy": "Q3241262", "Marcella Rivi": "Q3845506", "Mira Grelichowska": "Q19697843", "Maria Espinalt i Font": "Q17148031", "\u0645\u062e\u062a\u0627\u0631 \u0628\u06cc\u06af\u0645": "Q26832691", "Marianne H\u00fctel": "Q1512864", "Misao Matsubara": "Q11529403", "Jamal Omarova": "Q16434069", "Olga Lund": "Q16407145", "Sirkka Rikka": "Q18276730", "Sabriye Erecepova": "Q12149944", "\u0622\u0645\u0627\u0644 \u062d\u0633\u064a\u0646": "Q13141387", "Seyyan Han\u0131m": "Q6075453", "Vera Krasovitskaya": "Q30346090", "Norma Bruni": "Q3878437", "Mari Nakashidze": "Q16632514", "Helly M\u00f6slein": "Q114950", "\u041e\u043c\u0443\u0440\u043a\u0430\u043d\u043e\u0432\u0430 \u041c\u044b\u0441\u043a\u0430\u043b": "Q20630037", "Ni\u00f1a de Marchena": "Q30914656", "Neva Raphaello": "Q1982133", "Edit Utesova": "Q4479062", "V\u011bra Ko\u010dvarov\u00e1": "Q19941932", "Rina Gigli": "Q3935903", "Margareta Kjellberg": "Q4958964", "Inga Ley": "Q52376016", "Jone Caciagli": "Q3809966", "Kawabata Fumiko": "Q11479068", "Hilda Parra": "Q5897829", "Irena Lewi\u0144ska": "Q11713793", "Mizzi Locker": "Q12735781", "Annie de Reuver": "Q2160943", "Norma Gal\u00e1n": "Q24567736", "Janka Guzov\u00e1": "Q12767812", "Fahime Akbar": "Q97266644", "Stella Haskil": "Q11894416", "Danka Firfova": "Q12905992", "Hideko Hirai": "Q11482043", "Tamara Avetisyan": "Q4055725", "Viviane Greene": "Q1739462", "Cora Vaucaire": "Q2996971", "Bo\u017eena \u0160ebetovsk\u00e1": "Q11241266", "Ai-Ai": "Q7234428", "Gertraud Well": "Q18881166", "Beggar Hadda": "Q2893796", "Rose Avril": "Q737755", "Marisa Fiordaliso": "Q3849315", "Ilona Holl\u00f3s": "Q1037866", "Clara Bagelman": "Q18601277", "Danica Obreni\u0107": "Q11045383", "Masako \u014cya": "Q11434548", "Annikki Kuisman": "Q11851798", "Teruko Akatsuki": "Q11514841", "Giuliana Fontanelli": "Q61853823", "Rama Samsonov": "Q7035347", "Jossie Pollard": "Q11979366", "Clara Betner": "Q3679072", "Yoshiko Ishii": "Q3572661", "Maria Candido": "Q3290905", "Olga Sergeeva": "Q4416859", "Isaurinha Garcia": "Q10303873", "\u767d\u862d\u5152": "Q12597731", "\u041b\u0456\u0434\u0437\u0456\u044f \u0406\u0432\u0430\u043d\u0430\u045e\u043d\u0430 \u0413\u0430\u043b\u0443\u0448\u043a\u0456\u043d\u0430": "Q17354972", "Krystyna Nyc-Wronko": "Q19268498", "\u0628\u062f\u064a\u0639\u0629 \u0635\u0627\u062f\u0642": "Q10997282", "Sonia Malkine": "Q30604528", "Britt-Inger Dreilick": "Q4945219", "Monique Morelli": "Q3320888", "Lily de Vos": "Q1821394", "Yukie Kubo": "Q11369004", "Akiko Kikuchi": "Q11619839", "Laura Mendoza Suasti": "Q94746972", "Teofilia Bratkivska": "Q9356976", "Ulla Christenson": "Q21030332", "Viktoriya Ivanova": "Q16654843", "Olga Lowina": "Q2713344", "Susika Simo": "Q4978659", "Ranko Fujisawa": "Q9066610", "Pia Beck": "Q540948", "Betty O\u2019Hara": "Q18684287", "\u0646\u0647\u0627\u0648\u0646\u062f": "Q20425320", "Aida Moga": "Q41764179", "Emma Renzi": "Q15983612", "Gertrude Troyanova": "Q4464053", "Michiru Suminoe": "Q11381959", "M\u00e1rta Z\u00e1ray": "Q1468604", "Th\u00e1i H\u1eb1ng": "Q10825728", "Tsuzuku Sugawara": "Q11619239", "Clara Jaione": "Q3679082", "Judy Bounds Coleman": "Q1711145", "Wahida Khalil": "Q6894492", "Trude Mally": "Q112887", "Lucy Loes": "Q2108282", "Valentina Dvoryaninova": "Q24009822", "B\u00e1rdos Anna": "Q25929884", "Mara Del Rio": "Q3845243", "Regina Bielska": "Q9305379", "Viginia L\u00f3pez": "Q66248438", "Estrellita de Palma": "Q3059049", "Solveig Skramstad": "Q19389623", "Jolly Land": "Q5933871", "Sonia von Schrebler": "Q2301549", "Jole De Maria": "Q3809794", "Alia Moujahid": "Q95635822", "Badriya Essayed": "Q6742669", "Pinky Winters": "Q47299523", "Hermi Lechner": "Q1613570", "Laura Villa": "Q3827861", "Stefka Sabotinova": "Q12295356", "Vanja Lazarova": "Q12905484", "Aisha Hassan": "Q13141900", "Myriam von Schrebler": "Q1514529", "Rita Raines": "Q29999431", "Solange Berry": "Q326981", "Mei Baoyue": "Q11115326", "Elsie Bianchi Brunner": "Q1333836", "Elba Ber\u00f3n": "Q5827342", "Joekie van der Valk": "Q124605829", "Moon Kim": "Q1400680", "Afkham Mohager": "Q27592545", "\u0646\u0627\u062f\u064a\u0629 \u0641\u0647\u0645\u064a": "Q20608883", "Marilyn King": "Q16334807", "Gong Ok-jin": "Q626819", "Rica Pereno": "Q3934268", "Isabel Penagos": "Q5920819", "Irma Mikhailovna Golodyaevskaya": "Q21655087", "Darina La\u0161\u010diakov\u00e1": "Q164930", "\u0645\u0647\u0627 \u0627\u0644\u062c\u0627\u0628\u0631\u064a": "Q12245922", "Anica Zubovic": "Q12626940", "Irene D'Areni": "Q3801882", "Gloria Van Aerssen": "Q21175460", "Seija Karpiomaa": "Q11892805", "Lina Lancia": "Q3832548", "Olga Ramos": "Q114942496", "Yoshiko Got\u014d": "Q37259574", "Luisa Ronchini": "Q55349910", "\u062c\u0645\u0627\u0644\u0627\u062a \u0634\u064a\u062d\u0629": "Q63225884", "Adriana Lazzarini": "Q14527138", "Elenita Santos": "Q1327985", "Martha Miyake": "Q22124512", "Mirna Lacambra Dom\u00e8nech": "Q11937030", "Ad\u00e9lia Garcia": "Q94953466", "Lin Duryan": "Q20507724", "Celia Langa": "Q5760187", "Mariana Silva": "Q10326251", "Fiorella Bini": "Q3745854", "Toha": "Q16119589", "Katalin Madar\u00e1sz": "Q1161413", "Mari Ade": "Q4933782", "Joanna Rawik": "Q11727505", "Vieno Kekkonen": "Q4219033", "Ivete Siqueira": "Q10304442", "Dzhulyetta Yakubovych": "Q4537139", "Elisabeth Steiner": "Q1330306", "R\u00fcz\u00e4li\u00e4 apa": "Q4399847", "Yoko Kishi": "Q4022824", "Franca Evangelisti": "Q3749295", "\u00c5se Thoresen": "Q5977082", "Maruja Lozano": "Q96254790", "Claudette Soares": "Q16337229", "Luciana Gonzales": "Q3838500", "Barbara Allen": "Q807331", "Bella Darbinyan": "Q16373729", "Marjana Der\u017eaj": "Q13472175", "Edith Barr": "Q16303135", "Magda K\u00e1sler Barab\u00e1s": "Q790139", "Gianna Quinti": "Q3763399", "Beti Jurkovi\u0107": "Q11260506", "Lea Bischof": "Q1151019", "Maeda Nazhat": "Q6849432", "Yoshie Sue": "Q105260205", "Muna Al-Khair": "Q43032998", "\u0417\u0435\u0439\u043d\u0435\u043f \u049a\u043e\u0439\u0448\u044b\u0431\u0430\u0435\u0432\u0430": "Q12546389", "Vira Baganych": "Q44056678", "\u0411\u0430\u049b\u044b\u0442 \u04d8\u0448\u0456\u043c\u043e\u0432\u0430": "Q12534508", "Conny van Bergen": "Q57646438", "Margreet Honig": "Q75843032", "Lil Malmkvist": "Q16595785", "Ursula Anders": "Q23849426", "Y\u0131ld\u0131z Ayhan": "Q25680801", "\u00c9liane Varon": "Q25391931", "Giulia De Mutiis": "Q3769254", "Stefka Kushleva": "Q105728220", "Lucia Altieri": "Q3838440", "M\u00e1ria Toldy": "Q1322185", "Ang\u00e9lica Harada V\u00e1squez": "Q8199727", "Mimi Nikolova": "Q12286796", "Jana Petr\u016f": "Q3505727", "Yanka Rupkina": "Q1682796", "Anna D'Amico": "Q3617691", "Margarita Suvorova": "Q12317446", "Nina Spirova": "Q17431884", "Elsa Quarta": "Q3723681", "Montserrat Aparici": "Q16168388", "\u041a\u043e\u0441\u0442\u0430\u0434\u0438\u043d\u043a\u0430 \u041f\u0430\u043b\u0430\u0437\u043e\u0432\u0430": "Q61121356", "Britt Kersten": "Q920599", "Eila Pienim\u00e4ki": "Q5484716", "Jolanda Rossin": "Q3809786", "Ludmi\u0142a Jakubczak": "Q8861892", "Marisa Terzi": "Q3849332", "Carmi\u00f1a Gallo": "Q12156422", "Sunshine Ruby": "Q1617754", "Helen Shepherd": "Q4842540", "Anna Hulejov\u00e1": "Q95433174", "\u00c1gnes Gergely": "Q1009782", "Hadja Kad\u00e9 Diawara": "Q93644847", "Anita Strandell": "Q4980748", "Jacmelina": "Q3157500", "Edda Montanari": "Q3718909", "Maria Macoskova": "Q10980152", "Maria Cristina Brancucci": "Q3847221", "Nada Kne\u017eevi\u0107": "Q12755951", "Stella Dizzy": "Q3972907", "Tia Cida dos Terreiros": "Q60247963", "Ulla Norden": "Q2475139", "Margarita Vilc\u0101ne": "Q14104159", "Vera Schneidenbach": "Q1263280", "Pinise Saul": "Q2095774", "Ad\u00e9lia Pedrosa": "Q16142715", "Stanka Kova\u010di\u010d": "Q18643077", "Ema Prodnik": "Q18507891", "Yumi It\u014d": "Q11379801", "Lyutsiya Tulesheva": "Q65252177", "Elmira Rahimova": "Q12839110", "Tanja Berg": "Q99129", "Susi Dor\u00e9e": "Q2369652", "Mona Grain": "Q4950660", "Vetty": "Q3556419", "Eugenia Foligatti": "Q3734266", "Christine Pilzer": "Q2965974", "Adri\u00e1ngela": "Q16143911", "Chris Doerk": "Q1077171", "Rauni Pekkala": "Q11890209", "Janice Harrington": "Q109729195", "Ginette Acevedo": "Q1524933", "Carmen Lavani": "Q16658022", "Nahid Daei Javad": "Q20110180", "Maria da F\u00e9": "Q3291099", "Viorica Flintasu": "Q18540185", "Jo\u017eica Svete": "Q46516115", "Eter Kakulia": "Q20558819", "Patxika Erramuzpe": "Q112224733", "Cowboy-Laila": "Q4581606", "Georgette Lemaire": "Q3103741", "Sanda Kulikova": "Q25703946", "\u0416\u04b1\u0431\u0430\u0442\u044b\u0440\u043e\u0432\u0430 \u0420\u0430\u0445\u0438\u043c\u0430 \u0422\u04e9\u043b\u0435\u0433\u0435\u043d\u049b\u044b\u0437\u044b": "Q16437332", "Heli Keinonen": "Q4218977", "Maite Idirin": "Q12262883", "Marion Maerz": "Q1899207", "Teresa Tutinas": "Q766624", "Yok Koeswoyo": "Q12525271", "Edna Goren": "Q6984741", "Thanh Th\u00fay": "Q10824899", "Barbara Dunin": "Q9165339", "Kerstin Aul\u00e9n": "Q4937002", "Maria Teresa Cau": "Q3847553", "Mari\u00e1n Far\u00edas G\u00f3mez": "Q5999443", "Zofia Bogdanowicz-Kasprzyk": "Q16168584", "Delia Corleto": "Q3705005", "Christine Jones": "Q19277389", "\u062a\u063a\u0631\u064a\u062f \u0627\u0644\u0628\u0634\u0628\u064a\u0634\u064a": "Q63122975", "Ingrid Sertso": "Q1663400", "Alena Tich\u00e1": "Q17013729", "Elena Baggiore": "Q3721379", "Armande Alta\u00ef": "Q2862029", "Estitxu": "Q12257307", "Mar\u00eda Ostiz": "Q118424", "Annarita Spinaci": "Q3617926", "Mira Kubasi\u0144ska": "Q571224", "Joana": "Q104733", "Elda Viler": "Q12788282", "Vida Pavlovi\u0107": "Q14564390", "El\u017cbieta Klausz": "Q16543512", "Krystyna Pawlaczyk-Ba\u015bkiewicz": "Q16569624", "\u041a\u0435\u0432\u0441\u0435\u0440 \u0421\u0435\u043b\u0438\u043c\u043e\u0432\u0430": "Q17431772", "Mimmi Mustakallio": "Q11882874", "Kyri Ambrus": "Q689229", "Julie Sudiro": "Q12488160", "Nat\u0259van \u015eeyxova": "Q12843138", "Kathy Westmoreland": "Q4109611", "Michal Tal": "Q6867079", "Suzanne Klee": "Q15849704", "Zazie Varnel": "Q3574970", "Ora Sittner": "Q6789988", "Elena Luk\u00e1\u0161ov\u00e1": "Q104445686", "Jeanette MacLeod": "Q1685994", "Niky": "Q3876998", "Liubov Izotova": "Q12074107", "Anita Hirvonen": "Q11851443", "Marju Kuut": "Q12369828", "Birgit Lystager": "Q12303509", "Jazz Gitti": "Q112289", "Fran\u00e7oise Kucheida": "Q15992392", "\u042f\u043b\u0431\u0430\u043a\u043e\u0432\u0430, \u041a\u0430\u0440\u0430\u0433\u044b\u0441": "Q92516979", "Regina Thoss": "Q1669584", "\u064a\u0627\u0633\u0645\u064a\u0646 \u0627\u0644\u062e\u064a\u0627\u0645": "Q12251535", "Valerie Simpson": "Q60149843", "Lori Spee": "Q2830629", "G\u00f6lz\u00e4d\u00e4 Safiullina": "Q63103544", "Farida": "Q3739590", "Elena Presnyakova": "Q4377458", "Luisa Casali": "Q3840439", "Anagonou Vodjo": "Q117261623", "Beatrix Neundlinger": "Q813283", "Nora Bumbiere": "Q540747", "Mari Nakamoto": "Q11365133", "Trea Dobbs": "Q2103547", "Bruna Baglioni": "Q3645551", "Anto\u00f1ita Pe\u00f1uela": "Q2857574", "Marthe Zambo": "Q4990878", "Gabriele Clonisch": "Q1490207", "Angelica": "Q3616818", "Rita Ray": "Q59534336", "Ionela Prodan": "Q12731010", "Banu Gibson": "Q29809932", "Ditka Haberl": "Q3446374", "Marie Selander": "Q4977953", "Renata Lewandowska": "Q16595670", "Didi Balboni": "Q3707020", "Lan Ng\u1ecdc": "Q10784332", "Petranka Kostadinova": "Q12909530", "Eeva Kiviharju": "Q109772976", "T\u00e2n Hun-l\u00e2n": "Q30948100", "Cindy Berger": "Q2097750", "Irene Lardy": "Q2429174", "Tatjana Gros": "Q18643084", "L\u00edlian Knapp": "Q10322038", "Lalla Castellano": "Q3826244", "Sandra Johnson": "Q6912983", "Julie": "Q3811103", "Zully Goldfarb": "Q60967522", "Jacinta": "Q15627794", "Renate Knaup": "Q2094661", "Guna Ivanova": "Q12277478", "Anli Sugano": "Q20742272", "M\u00e1ria Z\u00e1dori": "Q51078059", "Raisa Vasilyeva": "Q120979693", "Eszter Bal\u00e1s": "Q789804", "Mimount n'serwane": "Q3314645", "m\u00eda kalifa": "Q5802711", "Giao Linh": "Q10761477", "Nasrin": "Q28714059", "Gayane Nersisyan": "Q20510463", "\u0422\u0430\u0446\u044f\u043d\u0430 \u0411\u0430\u0440\u043a\u043e\u045e\u0441\u043a\u0430\u044f": "Q6540838", "Annariitta Minkkinen": "Q11851651", "Graziella Ciaiolo": "Q3776074", "Lyudmila Ryumina": "Q4402261", "Moon Ju-ran": "Q12595807", "Bibisara Azamatova": "Q96278289", "Mia Adolphson": "Q4933955", "\u00c1gota Bajtay Horv\u00e1th": "Q788843", "Clara Serina": "Q16542119", "Michelle Richfield": "Q4395004", "Agnieszka G\u00f3recka": "Q9142264", "Ive Mendes": "Q11714347", "Dora Decca": "Q27063005", "Susan Ebrahimi": "Q27677971", "Bella Wagner": "Q29838046", "Junko Mine": "Q33084374", "Lisa Mills": "Q33103152", "Takako Ueno": "Q37590382", "Carole Vinci": "Q516706", "Mary Anne Driscoll": "Q1906207", "Giusy Balatresi": "Q3771774", "Marina Occhiena": "Q3848058", "Edna Lev": "Q12410218", "Ingrid Haking Raaby": "Q4952055", "Annam\u00e1ria Sasv\u00e1ri": "Q1285676", "Jitka Zelenkov\u00e1": "Q12024968", "Charo Cofr\u00e9": "Q3666789", "Be\u00e1ta Karda": "Q1104555", "Silvia Christoph": "Q16739199", "Stefanie Simon": "Q64876025", "Irith Gabriely": "Q1672924", "Patricia": "Q3369067", "Salamiah Hassan": "Q7403590", "Hideko Tsukida": "Q11516179", "Trang My Dung": "Q16158822", "Nazi Afshar": "Q97191237", "Libi Hart": "Q119111279", "Karin Roth": "Q1389300", "Mayte Mat\u00e9e": "Q1606603", "Lagle Alpius": "Q16403796", "Elisabeth Kales": "Q1330044", "Jody Sandhaus": "Q1691309", "Ana Reverte": "Q8198115", "Natallia Rudnieva": "Q17043408", "Tetyana Boyeva": "Q4090056", "Marcela Holanov\u00e1": "Q12035259", "Vikt\u00f3ria Eszm\u00e9nyi": "Q991690", "Christina Imsen": "Q4955637", "Verna Mae Bentley-Krause": "Q1737306", "Jocelyne": "Q3179848", "Sonia": "Q3964757", "\u041d\u0443\u0440\u043c\u0443\u0445\u0430\u043c\u0435\u0434\u043e\u0432\u0430, \u041d\u0430\u0442\u0430\u043b\u044c\u044f \u0421\u0430\u0442\u0442\u044b\u0435\u0432\u043d\u0430": "Q4328146", "Ronit Ophir": "Q7063041", "Betty": "Q5955823", "Nada \u017dgur": "Q23914288", "In\u00e9s Bac\u00e1n": "Q15944922", "Jiang Lei": "Q20062511", "Maria Cinta": "Q3661495", "Val\u00e9rie \u010ci\u017em\u00e1rov\u00e1": "Q11873919", "\u041c\u0435\u043d\u0430\u0436\u0434\u0438\u043d\u043e\u0432\u0430, \u0422\u0430\u0445\u0438\u0440\u0430": "Q20628394", "Hilja Gr\u00f6nfors": "Q4951183", "Freya Wippich": "Q18020282", "\u00c9va P\u00e1l": "Q1242015", "Rita Pap": "Q1229392", "Ina-Maria Federowski": "Q1660810", "Marinella": "Q3848146", "Salma Jahani": "Q2214724", "Helena Vrtichov\u00e1": "Q17115333", "Dynamic": "Q16045280", "Jennifer Lara": "Q3177084", "Chama Zaz": "Q29514434", "Edina Kutzora": "Q1122467", "Edibe Sulari": "Q1284487", "Tissy": "Q1321462", "T\u00e1rk\u00e1nyi Tamara": "Q1326304", "Eva Lopez": "Q3061262", "Jenny Salgado": "Q3177166", "Julie Bergen": "Q3189162", "Mariana Ramos": "Q3291250", "Nancy Fortin": "Q3335573", "V\u00e9ronique Le Berre": "Q3564323", "V\u00e9ronique Lortal": "Q3564330", "\u00cdris H\u00f3lm": "Q3592983", "\u0641\u06d5\u062a\u0627\u0646\u06d5 \u0648\u06d5\u0644\u06cc\u062f\u06cc": "Q5989572", "Anne Auffret": "Q11332172", "Fran\u00e7oise Dague": "Q12948883", "Marl\u00e8ne Samoun": "Q18636929", "Tanzilya Uzyanbaeva": "Q17266273", "\u00c9va V\u00e1rszegi": "Q1462238", "Sue Chaloner": "Q4949872", "Laila Yrvum": "Q11982978", "\u0643\u0641\u064a \u0639\u0631\u0627\u0642\u064a": "Q16122786", "Angelika Weiz": "Q534668", "G\u00fclay Olt-Sahiner": "Q1347649", "Ismeta Krvavac": "Q12957596", "Yu Ying-ying": "Q21040361", "Lucia Rizzi": "Q3838476", "Gaby Baginsky": "Q97865", "Maegie Koreen": "Q1430753", "Tzipi Mor": "Q6989452", "Nicoletta Bauce": "Q3876479", "Tet\u00ea Esp\u00edndola": "Q10381008", "Nasifa Kadyrowa": "Q13056157", "Nachy Acevedo": "Q29018662", "\u00c1ngela Irene": "Q6173640", "Ren\u00e9e de Haan": "Q1924951", "Lidija Loginova": "Q47013", "Krystyna Gi\u017cowska": "Q11748681", "\u0535\u056c\u0565\u0576\u0561 \u0544\u056f\u0580\u057f\u0579\u0575\u0561\u0576": "Q29865306", "\u041e\u0440\u0444\u0435\u0435\u0432\u0430 \u041b\u04d9\u043b\u04d9 \u0492\u0430\u0431\u0434\u0443\u043b\u043b\u0430 \u04a1\u044b\u0499\u044b": "Q15141222", "Astar Shamir": "Q12404152", "Eri \u014cno": "Q11439476", "Anik\u00f3 Serf\u0151z\u0151": "Q1287214", "Barbara Lazotti": "Q3634645", "Datevik Hovanesian": "Q13055066", "Maria Dragomiroiu": "Q12734896", "Annagloria": "Q3617881", "Luisa Molina": "Q5476150", "Blanka T\u00e1borsk\u00e1": "Q11158438", "El\u017cbieta Adamiak": "Q9253083", "Kriszta Krist\u00e1ly": "Q1121093", "Lalla Francia": "Q3826246", "Mae McKenna": "Q2318101", "Kichka Bodurova": "Q12283131", "Marianne Weber": "Q275840", "Maddi Oihenart": "Q12262824", "Iris Lentjes": "Q1672745", "Arja Sipola": "Q11852573", "Ida Widawati": "Q1980357", "Lisa Boray": "Q2006759", "Mathilde Bondo": "Q12326415", "Ida Kelarov\u00e1": "Q12021412", "Regine Dobbersch\u00fctz": "Q2138056", "Marina Arcangeli": "Q3848010", "Lisa Helljesen": "Q13533650", "Mara Cubeddu": "Q3845241", "Sofie Verbruggen": "Q2025756", "Melike Demira\u011f": "Q590857", "Ann-Mette Elten": "Q12301726", "Gabi Decker": "Q1384338", "Olga P\u012br\u0101gs": "Q4363244", "Mare V\u00e4ljataga": "Q85996990", "Carmen Amato": "Q3660291", "Birgit Kley": "Q865267", "Tiziana Ghiglioni": "Q1119632", "Elisabeth Melander": "Q4966915", "Krystyna \u015awi\u0105tecka": "Q11748818", "Dorit Farkash": "Q12405777", "Choi Jin-hee": "Q12619877", "M\u00e1ria Petr\u00e1s": "Q16438754", "Fr\u00e9d\u00e9rique Spigt": "Q13638239", "\u041a\u0443\u0437\u043d\u0435\u0446\u043e\u0432\u0430, \u0420\u0430\u0438\u0441\u0430 \u0418\u0432\u0430\u043d\u043e\u0432\u043d\u0430": "Q55108149", "Merja Rantam\u00e4ki": "Q16990031", "Patricia Fern\u00e1ndez Goberna": "Q106960631", "Maija L\u016bs\u0113na": "Q16363029", "Brenda Boykin": "Q16533420", "Chantal Richard": "Q54567362", "\u30c1\u30e3\u30f3\u30fb\u30a6\u30f3\u30b9\u30af": "Q11318273", "Su Miriam": "Q18684265", "A\u00efcha Kon\u00e9": "Q2876207", "\u015eahnaz Ha\u015f\u0131mova": "Q16377988", "Cecilia Fong": "Q8261241", "Viviana Stucchi": "Q4015712", "Arus Goulanyan": "Q21438201", "Cakana": "Q10439409", "Michelle Pan": "Q9320140", "\u00c9lisabeth Caumont": "Q3587863", "Inaicyra Falc\u00e3o dos Santos": "Q10301855", "Laura": "Q3827713", "Zoya Bernikova": "Q25646929", "Shin Hyung-won": "Q16084406", "Conny Strauch-Pollow": "Q1126475", "Rosa Zaragoza Lluch": "Q4408244", "Ma\u0142gorzata Ostrowska": "Q11772350", "Emanuela Cortesi": "Q3723840", "Shi Yilin": "Q125016754", "Anna D\u00f6bling": "Q4945558", "Matilda Pascal Cojoc\u0103ri\u021ba": "Q12735158", "Lara Li": "Q10316297", "Ana Curra": "Q8198012", "Aurinha do Coco": "Q117025978", "Sona Diabat\u00e9": "Q2300823", "Marika Uus": "Q12369793", "Ankie van der Meer": "Q13134614", "Mazzie Cohen": "Q7216141", "Kim McAuliffe": "Q13743427", "Claudia Puy\u00f3": "Q5771783", "Jan Terri": "Q2087573", "Griet Wiersma": "Q2544705", "Debbie Davis": "Q3020801", "Annabelle Louie": "Q9371802", "Mar\u00eda Costas": "Q20533697", "Enzo Enzo": "Q3055538", "Catherine Fontaine": "Q2941919", "Kristin Groven Holmboe": "Q17093579", "Biljana Jevti\u0107": "Q16083322", "\u00c1gata": "Q10395614", "Eva Kyselka": "Q21901358", "Monica Silverstrand": "Q537357", "Miranda van Kralingen": "Q1857612", "Nicky Nicolai": "Q3876067", "Svetlana Myrvoda": "Q12123457", "Lilian Day Jackson": "Q57260679", "Binka Dobreva": "Q12273229", "Vera Kaa": "Q125130", "Charo Reina": "Q16301723", "Wiebke Hoogklimmer": "Q1689858", "Lorella Pescerelli": "Q3836824", "Ghita Ben Abdessalam": "Q20402631", "Lora Szafran": "Q11762574", "Tone Krohn": "Q12006742", "Eini": "Q3381124", "Gina T": "Q16549483", "Reet Kromel": "Q16408346", "Alla Sumarokova": "Q61610541", "Hassiba Abderaouf": "Q16641340", "Emanuela Gubinelli": "Q3723852", "Ana Bejerano": "Q5393125", "Hengameh": "Q5829611", "Celsa Mel Gowland": "Q6408218", "Th\u00e1i Th\u1ea3o": "Q16480685", "SuZy": "Q466771", "Dilber Do\u011fan": "Q1225442", "Encarna Salazar": "Q16301897", "Vardina Cohen": "Q6843612", "Ines Reiger": "Q1662225", "Irina Florin": "Q9009274", "Lee Eun-ha": "Q16181131", "Lorena Fontana": "Q3836833", "Gunnel Mauritzson": "Q4966485", "Claudia Sinesi": "Q16942283", "Helen": "Q5931586", "Elke Diepenbeck": "Q1331474", "Wiebke G\u00f6etjes": "Q2086087", "Margarita Alaverdyan": "Q109416936", "Jale": "Q6056238", "Kye Eun-sook": "Q10855255", "Shalva Berti": "Q6837652", "Marina Kapuro": "Q4213260", "Judit Lehoczky": "Q12815110", "Danila Satragno": "Q16548609", "Shkurte Fejza": "Q540017", "Graciela Pesce": "Q16572308", "Nastya Poleva": "Q4369593", "A\u00efcha Redouane": "Q2876212", "Carme Canela": "Q5360707", "Jaana Lammi": "Q11865584", "Thea Paluoja": "Q16406709", "Marina Gradic": "Q17463973", "Shyhrete Behluli": "Q1241803", "Carole Sergent": "Q28766603", "Liudmyla Burmitska": "Q28701404", "Brunella Borciani": "Q3645574", "Sofia Sadek": "Q12220395", "Nike Markelius": "Q4966024", "Flora King": "Q10321494", "Eija Kourimo": "Q11856987", "Minako It\u014d": "Q16264212", "Pavl\u00edna J\u00ed\u0161ov\u00e1": "Q543421", "Zhang Die": "Q8266401", "Cecilia Ringkvist": "Q4974909", "Ixi": "Q106415", "Elmir\u00e4 \u011e\u00e4liev\u00e4": "Q4132311", "Dodo Gad": "Q12308789", "Kirsi Rissanen": "Q11871784", "Ewa Domaga\u0142a": "Q87815489", "Dalit Cahana": "Q93969143", "Doris Decker": "Q1245129", "Cathy Claret": "Q2942184", "Ivette Cepeda": "Q31684464", "Muriel Moreno": "Q3328124", "Suzanne Klemann": "Q2039228", "Tomoko Ishizaka": "Q11585358", "To\u00f1i Salazar": "Q9628122", "Barbara Boncompagni": "Q3634596", "Simona Weiss": "Q17149879", "Lieze Stassen": "Q18207760", "Sofia Kara-ool-Dulush": "Q18741272", "Leila Saribekyan": "Q13053033", "Anna Jurksztowicz": "Q9155266", "Hayat Alidrisi": "Q28746158", "Anabell L\u00f3pez": "Q4750592", "Extra Nina": "Q8014895", "Elisabeth Berg": "Q4938287", "Monica Akihary": "Q1666010", "Mirella Felli": "Q3858814", "Riina Roose": "Q29420331", "Irina Charovatova": "Q18242822", "Estrella Acosta": "Q2139557", "Barbara Clear": "Q807384", "Fatou Guewel": "Q573889", "Melissa Walker": "Q1719821", "Cheuni": "Q11270219", "Mar\u00eda Pretiz": "Q6004468", "Anne-Lise Sollied Allemano": "Q30088052", "Valentina Stella": "Q4007720", "G\u00fclcihan Ko\u00e7": "Q1560077", "Miko": "Q1664965", "Satoko Shimizu": "Q17159561", "Nina Forsberg": "Q12329027", "Rita de C\u00e1ssia Oliveira": "Q10363063", "Chela Ceballos": "Q5765511", "Won Mi-yeon": "Q12609289", "Xana": "Q9096513", "Gladys \"La Bomba Tucumana\"": "Q5880680", "Kerstin Radtke Buchfelner": "Q1117371", "Olga Cerpa": "Q6049799", "Anita S\u00e1rk\u00f6zi": "Q1314978", "Nancy Himma-Mantsik": "Q12370852", "Zorana Pavi\u0107": "Q3649629", "Hiroko Asakawa": "Q11517396", "Paola Folli": "Q3893560", "Tatyana Denisova": "Q25646950", "Akemi Ishii": "Q8973064", "Mika Shinno": "Q9037170", "Madou": "Q109044020", "PiyoPiyo": "Q11276923", "Monique Klemann": "Q2246628", "Emma Petrosyan": "Q30876483", "Agata Rymarowicz": "Q9141946", "Monika Drasch": "Q1336258", "Park Mi-kyung": "Q12596646", "Birsen Tezer": "Q12808897", "Tove B\u00f8ygard": "Q16183861", "Judy Rafat": "Q1278764", "Svetlana Robertovna Arginbaeva": "Q15204921", "Eija Kantola": "Q11856985", "Cornelia Sojdelius": "Q4979553", "Natusha": "Q2377741", "Am\u00e9ty Meria": "Q482299", "Sina": "Q2288673", "Melina Kana": "Q1919349", "Patimat Kagirova": "Q21099183", "Poli Paskova": "Q12290963", "T\u00fcnde Frank\u00f3": "Q1003586", "Carry Sass": "Q1045349", "Michelle David": "Q2193206", "Moon Baker": "Q2180898", "Sarah Bray": "Q468038", "Sashka Vaseva": "Q12293017", "Uma Mohan": "Q641384", "Jadranka Krajina": "Q20310204", "Nina C. Alice": "Q1485610", "Virg\u00ednia Rosa": "Q11222678", "Florence Ng": "Q7251563", "\u0633\u0647\u064a\u0631 \u0634\u0642\u064a\u0631": "Q12217153", "Mayada Basilis": "Q12246415", "Roxanne": "Q25679276", "Dana Bure\u0161ov\u00e1": "Q52766162", "Tamar Giladi": "Q6757093", "Bianca Giovannini": "Q60841530", "Philippa Bulgin": "Q12331818", "Julia Wegner": "Q123530564", "Kinuko Ohmori": "Q83206572", "\u0424\u0430\u0439\u0440\u0443\u0448\u0438\u043d\u0430 \u0410\u043d\u0433\u0435\u043b\u0438\u043d\u0430 \u0415\u0433\u043e\u0440\u043e\u0432\u043d\u0430": "Q20627457", "Sandra Rehder": "Q16628619", "Halina Benedyk": "Q2158393", "Mili Korpar": "Q61985337", "Linda Freeland": "Q15445406", "May Ng": "Q9119261", "Tina Siel": "Q12339416", "Mihrije Braha": "Q13042850", "\u0413\u04af\u043b\u0437\u0430\u0442 \u0411\u0435\u0439\u0441\u0435\u043d\u049b\u044b\u0437\u044b \u0414\u04d9\u0443\u0456\u0440\u0431\u0430\u0435\u0432\u0430": "Q16438167", "Maria Mathis": "Q1258324", "Clara Montes": "Q6412009", "Jennifer Kim": "Q13024611", "Mery Bas": "Q124419453", "Jackie Leuenberger": "Q1677286", "Delphine Collot": "Q3021822", "\u30a6\u30fb\u30e8\u30cb": "Q12608938", "Zehra Bajraktarevi\u0107": "Q20557305", "Wanda Stuart": "Q4981017", "Junko Ishihara": "Q8973034", "Stephanie Hundertmark": "Q1031058", "K\u00f6n\u00fcl Xas\u0131yeva": "Q20560125", "Sarajane": "Q10368423", "Tatiana Tichinskaia": "Q4458840", "Liza da Costa": "Q548060", "Edina Thalhammer": "Q1284683", "Galit Burg": "Q6716542", "Naima D'Ziria": "Q16123495", "Izumi Kat\u014d": "Q8977762", "Annie Leung": "Q9298134", "Irena Vr\u010dkovnik": "Q15088230", "Britta Bergstr\u00f6m": "Q4938664", "Yana Chaban": "Q4506556", "Y\u014d Izumi": "Q2892620", "Mandy Winter": "Q1889107", "Daniela Manelista": "Q16593305", "Y\u014dko Obata": "Q11460692", "Candice Tai": "Q47668932", "Eti Levy": "Q12404328", "Birgit Fischer": "Q865224", "Claire Littley": "Q17232184", "Anja Rybiczka": "Q551242", "Daphna Levy": "Q25490934", "Patsy": "Q3370131", "Arjopa": "Q671429", "Thanh Thanh Hi\u1ec1n": "Q17166744", "Karin Bachner": "Q23946119", "Loriana Lana": "Q3837143", "\u0160\u00e1rka Rezkov\u00e1": "Q10508780", "Ceumar": "Q9737930", "Rita Effendy": "Q12508748", "Antonella Ruggiero": "Q117317234", "\u0411\u0430\u049b\u0442\u0430\u0439, \u0416\u0430\u043d\u043d\u0430\u0442 \u041a\u0435\u04a3\u0435\u0441\u043e\u0432\u043d\u0430": "Q60830933", "Ulita Knaus": "Q2475064", "Erica Yong": "Q1959256", "Raquel Amparo": "Q6100516", "Simona Bencini": "Q3961145", "Nikolina Chakardakova": "Q1991915", "Eranda Libohova": "Q4961988", "Shima": "Q12709174", "Tang Fei": "Q10923052", "Jay Leung": "Q11114388", "Elina Vettenranta": "Q11857414", "Elisabetta Guido": "Q3723235", "Zen\u00eema": "Q1217579", "Fay Claassen": "Q1398994", "Dee Lewis": "Q3704647", "Fanny Krug": "Q1395766", "Brenna MacCrimmon": "Q2924447", "\u5f90\u4e16\u73cd": "Q18234194", "Eleni Peta": "Q1327979", "Ther\u00e9se Neaim\u00e9": "Q4969062", "Yta Farrow": "Q1323457", "Yana Kay": "Q12341691", "Cristina Perales": "Q5791506", "Rovena Dilo": "Q4944857", "Mar\u00eda Isabel Garc\u00eda Asensio": "Q11691421", "Alicja Boncol": "Q9148116", "Paula Almerares": "Q6067317", "Sylvie Hoarau": "Q3507341", "Jolina Carl": "Q1665881", "Ginevra Di Marco": "Q1903072", "Dewi Gita": "Q12481412", "L\u00facia Megyesi Schwartz": "Q47442047", "Makiko Sait\u014d": "Q3280820", "Dalila": "Q5797640", "\u9673\u66c9\u5a1f (\u97f3\u6a02\u4eba)": "Q15912415", "Viki Pint\u00e1csi": "Q1236297", "Anna Mayilyan": "Q16368794", "Pia Fridhill": "Q1611174", "Tanja Jonak": "Q1281558", "Nawal Ghachem": "Q12249100", "Luna": "Q3267404", "Jolanta Gulbe-Pa\u0161kevi\u010da": "Q16358600", "Birgite Gebhardt": "Q19835492", "Nadja Bertelli": "Q112516083", "Ebba Durstewitz": "Q1278475", "Sonia Dersion": "Q3490424", "Tomoe Sawa": "Q11248482", "Nelina": "Q12288120", "Carmen Masola": "Q3660314", "Orit Shahaf": "Q6666103", "Karni Postel": "Q7041676", "Shakila": "Q49250220", "Nadja Zela": "Q1963373", "Sani": "Q11892368", "Satomi Kihara": "Q11518184", "Alice Pelle": "Q3611692", "Iraida Noriega": "Q20015885", "Catherine Durand": "Q1050959", "Marie Carmen Koppel": "Q12326060", "Miyuki Kajitani": "Q10855059", "Berget Lewis": "Q2183840", "Maja Jaku": "Q124253332", "Amy Ukays": "Q7306416", "Saori Ishizuka": "Q11585472", "Erikah Karst": "Q2037500", "Cheryl Porter": "Q3667247", "Noluen Le Buh\u00e9": "Q16892798", "Anna Miko\u0142ajczyk-Niewiedzia\u0142": "Q9155494", "\u063a\u0627\u062f\u0629 \u0634\u0628\u064a\u0631": "Q12229240", "Sabrina Marinangeli": "Q3944365", "\u0414\u0438\u0430\u043d\u043d\u0430 \u0413\u043e\u043b\u044c\u0434\u044d": "Q28702120", "Csilla Auth": "Q782332", "\u0639\u0627\u064a\u062f\u0629 \u0623\u0628\u0648 \u0646\u0648\u0627\u0631": "Q12222395", "\u00c1gnes Szab\u00f3": "Q1293818", "Linda Kvam": "Q17100559", "Cristina Sp\u0103tar": "Q20430754", "Paula \u00c5kesdotter-Jarl": "Q4991051", "Emma Re": "Q3724658", "Petra Magoni": "Q3377583", "Zouley Sangar\u00e9": "Q109356212", "Chon Hye-yong": "Q12615384", "Christa Ratzenb\u00f6ck": "Q1078166", "Thu Ph\u01b0\u01a1ng": "Q10825374", "Tomoko Hikita": "Q11487166", "Johanna Gr\u00fcssner": "Q4951118", "Unni Boksasp": "Q16177252", "De Coy": "Q9202992", "Emine Ata": "Q6093926", "Nadja": "Q11578057", "\u0646\u0648\u0627\u0639\u0645": "Q12249061", "Mar\u00eda de los \u00c1ngeles Ledesma": "Q21004166", "Vanessa Maurischat": "Q2510211", "Maizurah Hamzah": "Q17232056", "Amin": "Q11190232", "Patsy Verfaillie": "Q46699555", "Arimi Matsuno": "Q2861284", "Junko Uchida": "Q11394379", "Vivian Lai": "Q6145374", "Ruth Karina": "Q65405098", "Marina de La Riva": "Q10326416", "Jennie Tebler": "Q674619", "Brigitte Traeger": "Q916731", "P\u00e4ivi Lepist\u00f6": "Q11889367", "Sabine Edelsbacher": "Q10366706", "Susanna Heikki": "Q11895364", "Viktoriya Makarskaya": "Q29551241", "Jennifer Davids": "Q1686938", "Natalia Rasouli": "Q16330194", "Ivana Plechinger": "Q11004361", "Purple Lee": "Q8985505", "Emi Stambolova": "Q25476380", "Mio": "Q11231642", "Cindy Oudshoorn": "Q56678650", "Roksana Vikaluk": "Q11835170", "Fr\u00f8ya": "Q11970450", "Nana Kond\u014d": "Q3335519", "Mika Matsubara": "Q11529446", "Karen Jo Fields": "Q11980146", "Barbara Wiernik": "Q28665200", "Lisa Bassenge": "Q151405", "\u0130ntizar": "Q343980", "Inga L\u00fchning": "Q370913", "Marthe Vassallo": "Q527932", "Sarah Kaiser": "Q2224385", "Ulrika Bod\u00e9n": "Q2477187", "Anna Kie\u0142busiewicz": "Q9155295", "Kazumi Nikaid\u014d": "Q11371881", "Ye Pei": "Q9186315", "Eno Sigit": "Q5832929", "Ayako Yamazaki": "Q8210686", "Helin-Mari Arder": "Q16404103", "Ang\u00e9la P\u00f3ka": "Q1243325", "Enkelejda Arifi": "Q18559361", "Tomoko Tokugaki": "Q669549", "C\u00e9lia Lawson": "Q25883", "Barbara Carlotti": "Q2883922", "Monika Fabianov\u00e1": "Q16516545", "Ildik\u00f3 Cserna": "Q872233", "Louise Gold": "Q6473381", "\u041b\u0430\u0440\u0438\u0441\u0430 \u0427\u0435\u0440\u043d\u0438\u043a\u043e\u0432\u0430": "Q4513624", "Elles de Graaf": "Q1332071", "Antonella Arancio": "Q1110460", "\u041b\u0430\u0440\u0438\u0441\u0430 \u041c\u043e\u0441\u043a\u0430\u043b\u0435\u0432\u0430": "Q16670081", "Susana Alva": "Q6136297", "Mariang\u00eala Zan": "Q65174426", "Laura Angel": "Q453630", "Diana": "Q25485886", "Jenny Robson": "Q11866339", "Afrika Bibang": "Q12252830", "Karoliina Kantelinen": "Q18632913", "Irene Nonis": "Q3801911", "Lembe Lokk": "Q97685245", "Vesna Zornik": "Q12805610", "Zoe Mazah": "Q218216", "Lise Westzynthius": "Q12324653", "Fabiana Anast\u00e1cio": "Q96072211", "Cathaleeya Marasri": "Q13013803", "Asami Yoshida": "Q463691", "Betty Love": "Q794279", "Nina Tamam": "Q6491160", "Reem Nasri": "Q25451438", "Sarah Egglestone": "Q3473346", "Sara al-Ghamid\u00ed": "Q12215021", "Urarako Suzuki": "Q11649408", "Rebeka Brown": "Q2363866", "Reza Artamevia": "Q6107468", "Orsolya Szatm\u00e1ri": "Q1295151", "Marian Aas Hansen": "Q4952567", "Jarmila Bohusova": "Q12747590", "Christiane Weber": "Q1082867", "Efrat Alony": "Q1296498", "Pepa": "Q59418291", "Magda Steczkowska": "Q11765993", "Orsi Tunyogi": "Q1325173", "Maryna Odolska": "Q12135285", "Chemda": "Q2657194", "Mervi Koponen": "Q11882197", "Marit Str\u00f8m\u00f8y": "Q11988349", "Aylin Co\u015fkun": "Q23920831", "Sibylle Kefer": "Q2280992", "Tania Saedi": "Q14912634", "Natalia Niemen": "Q11789985", "Nathalie Delcroix": "Q2300432", "Barbara Gilbo": "Q3634633", "Heidi Pakarinen": "Q16989620", "Alaitz Telletxea": "Q31714808", "\u0645\u064a\u0633\u0645 \u0646\u062d\u0627\u0633": "Q12246798", "\u674e\u6167\u73cd": "Q9204855", "Ruru Honda": "Q3111447", "Tiina R\u00e4s\u00e4nen": "Q11897567", "Eliane Silva": "Q10271848", "Nura Suri": "Q16371883", "Chlo\u00e9 Th\u00e9venin": "Q2964202", "Pasi\u00f3n Vega": "Q2032823", "Dina Rae": "Q54815", "Ham So-won": "Q16092466", "Joanna Mallah": "Q3808566", "Magda Mkrtchyan": "Q20507899", "Lianie May": "Q13035287", "Lan Anh": "Q16157371", "Lia Weller": "Q113070", "Luna Monti": "Q23070792", "Jadranka Juras": "Q20652483", "Mira Sunnari": "Q11882962", "Maile Misajon": "Q5767665", "Jannicke Larsen": "Q11978209", "Y\u016bko Sasaki": "Q11248412", "Johanna Siekkinen": "Q16990475", "Roos Van Acker": "Q2543524", "Hitomi Takimoto": "Q11566330", "Piritta Venho": "Q11888196", "Melanie Subono": "Q12497911", "Magdalena Stupkiewicz": "Q11766105", "Pamela Petrarolo": "Q3892880", "Rossella Marcone": "Q3941628", "Veronika": "Q11352171", "Lisette Spinnler": "Q1827967", "Karolina Kozak": "Q11736437", "Ha Vy": "Q24959139", "Brina Vogelnik": "Q917327", "Fatima Spar": "Q1398143", "Clara Andr\u00e9s": "Q11913989", "Danny June Smith": "Q15804551", "Meena Cryle": "Q17124727", "Lucia \u0160oralov\u00e1": "Q12034153", "Telma \u00c1g\u00fastsd\u00f3ttir": "Q1235079", "Stefanie Schlesinger": "Q1719514", "Miwa Kominato": "Q3317244", "Ellekari Sander": "Q106561801", "Miho Miyagawa": "Q11454737", "\u0647\u0648\u064a\u062f\u0627 \u064a\u0648\u0633\u0641": "Q22690476", "Mar Orfila": "Q11694879", "Tessa Boomkamp": "Q2029839", "Katya Ogonek": "Q4217573", "Joana Jim\u00e9nez": "Q5931580", "Barbara Dorfer": "Q19274631", "Ivana Husar": "Q12633270", "Nana Nagayama": "Q11549998", "Edyta Golec": "Q48851691", "RIET": "Q2569251", "Youjeen": "Q3269532", "Gjyste Vulaj": "Q3108242", "Natalia Simoncini": "Q30111744", "Melinda Stoika": "Q23041427", "Bianca Jhord\u00e3o": "Q18421388", "Minerva": "Q9033321", "Ivana Kova\u010d": "Q52086688", "Jonna Geagea": "Q11866887", "Vanya": "Q19825985", "V\u00e9ronica Codesal": "Q977398", "Oksana Radul": "Q23658970", "M\u00f3nica Ergueta": "Q6036156", "Roksana": "Q12292521", "\u00c1gnes Vanilla": "Q249620", "Lubjan": "Q3837990", "Katika": "Q1392843", "Svetla Ivanova": "Q520542", "Patricia Tapia": "Q11417728", "Vidya Liselotte Sundberg": "Q125152344", "Susana Germade": "Q9080712", "Daniela Tabernig": "Q5798848", "Vivian Slaughter": "Q16622503", "Roc\u00edo de Frutos": "Q33134693", "Elena Seti\u00e9n": "Q61413337", "Gabriela Gottschalk": "Q1489968", "\u041c\u0430\u0440\u0436\u0430\u043d \u04e8\u043c\u0456\u0440\u0437\u0430\u049b\u049b\u044b\u0437\u044b \u0410\u0440\u0430\u043f\u0431\u0430\u0435\u0432\u0430": "Q65252199", "\u0413\u0430\u0431\u0434\u0443\u043b\u043b\u0438\u043d\u0430, \u0416\u0443\u043f\u0430\u0440 \u0411\u0430\u043a\u0442\u044b\u0431\u0435\u043a\u043e\u0432\u043d\u0430": "Q60830925", "Daniela Pedali": "Q3701817", "Marta Cugier": "Q11770552", "Ricarda W\u00e4ltken": "Q1761148", "Sofia Georgieva": "Q31191272", "Videlina Mircheva": "Q7927763", "Silvia": "Q12293708", "Kati Lajtai": "Q1127511", "Verena P\u00f6tzl": "Q2515328", "Isabelle Flachsmann": "Q1673633", "Jannicke Abrahamsen": "Q11978206", "Tatyana": "Q12296062", "Buket Bengisu": "Q1003254", "Irina Ortman": "Q4203176", "Slongs Dievanongs": "Q15882136", "Anica Milenkovic": "Q10411905", "Galina Koerdova": "Q719366", "Mari Mari": "Q12754906", "Agata Polic": "Q19409855", "Sonja Kraushofer": "Q10373372", "M\u00e1rcia Castro": "Q18708040", "Bintia": "Q864067", "Kisha": "Q1743702", "Ch\u00e9rie": "Q52288961", "Nadja R\u00e4ss": "Q72408592", "Elsa Lin": "Q5367418", "Mariann Thomassen": "Q11988222", "Hatsumi Morinaga": "Q3826593", "Maggie Fu": "Q8956445", "Pamela Ramljak": "Q3502436", "Leila Chicot": "Q3229179", "Kate Matl": "Q21198011", "Rita Ambrus": "Q689233", "\u30af\u30e0\u30fb\u30b8\u30e3\u30f3\u30c7\u30a3": "Q17094843", "Bianca Mayer": "Q14830390", "Affo Love": "Q2826092", "Ania Brachaczek": "Q9154640", "\u0646\u0627\u062f\u064a\u0646\u0627": "Q12247666", "Eiko Matsumoto": "Q11531290", "Soom T": "Q24014250", "Ana Micaela Moreira Figueiredo": "Q10329416", "Yael Deckelbaum": "Q7049007", "Cheung Yan, Yennis": "Q8264939", "Edona Llalloshi": "Q539991", "Patricia Balmes": "Q6066447", "Katharina Debus": "Q1735878", "Kanon Akamatsu": "Q8916646", "Marie Warnant": "Q3292850", "Giselli Cristina": "Q21020065", "Firefox AK": "Q531511", "Celina Bostic": "Q1052922", "Kanako Hoshino": "Q847454", "Linda Str\u00f6m": "Q4980916", "Evita Wong": "Q8968116", "Mariana Flores": "Q19629724", "Neta Elkayam": "Q63406660", "Conny Reusch": "Q1126466", "Heidi Happy": "Q1594314", "Lorin Berzinci": "Q3677911", "Moon Hye-won": "Q16169597", "H\u039bLNA": "Q3546816", "Lara": "Q1476907", "Chii Mimoto": "Q11242194", "Ryva Kajtazi": "Q2178369", "Cheryl Samad": "Q7321609", "Sofia Falkovitch": "Q18221857", "Gwen Obertuck": "Q1557824", "Maja Sikorowska": "Q11766382", "Vanessa van Hemert": "Q4334256", "\u0412\u0456\u043a\u0442\u043e\u0440\u044b\u044f \u0420\u043e\u0431\u0435\u0440\u0442\u0430\u045e\u043d\u0430 \u0410\u043b\u0435\u0448\u043a\u0430": "Q44155025", "Antonina": "Q50623780", "Loreta Kaqka - Lori": "Q325861", "Roberta Di Lorenzo": "Q3938503", "Aneta Figiel": "Q2553245", "Nikka": "Q1308770", "Y\u016bka Saegusa": "Q852178", "T\u00edmea Kov\u00e1cs": "Q1120416", "Valeria Vaglio": "Q4007812", "Kaisa Jouhki": "Q291380", "Juli F\u00e1bi\u00e1n": "Q15144471", "Ami Yamazaki": "Q4746099", "Natsumi Kawano": "Q8977867", "Beatrice Antolini": "Q3637229", "Lula": "Q13020440", "Mia Coldheart": "Q3307846", "Liyana": "Q19826042", "\u0623\u0631\u064a\u0627\u0645": "Q12179482", "Maja Gullstrand": "Q4951330", "Jehona Sopi": "Q4979701", "Aki Maeda": "Q4389570", "M\u00f3nica Rodr\u00edguez": "Q6036257", "Yuki Kimura": "Q10855711", "Viann Liang": "Q8260262", "Noria Shiraishi": "Q860119", "Mina \u0160piler": "Q4526444", "Anna S": "Q4936199", "Bettina M\u00f6nch": "Q117806001", "Karin Fisslthaler": "Q20164714", "Jelena Krstic": "Q15126057", "Lourdes Pastor": "Q28789969", "Anne Czichowsky": "Q18914739", "Sonya Nemska": "Q5977824", "Sushy": "Q106637208", "Hu Yanglin": "Q9329448", "Kerti Alev": "Q25687219", "Miru Takayama": "Q10856399", "Lea Finn": "Q121114", "Melissmell": "Q3305140", "Reika Nakajima": "Q11364577", "DeL\u00eda": "Q1179571", "Rino": "Q9069364", "Hanne Kolst\u00f8": "Q17711744", "NEA!": "Q26694988", "Katy Satyn": "Q652372", "Reza Ningtyas Lindh": "Q4272701", "Anna St\u0119pniewska": "Q9155727", "\u00c4lbin\u00e4 Apanay\u0131va": "Q4067923", "Celia Flores": "Q24524768", "Ng Yo Yo": "Q8265498", "Ida Haukland": "Q11976780", "Nino Chkheidze": "Q55106227", "Anke Johannsen": "Q556783", "Hope Yang": "Q9299374", "Dasha": "Q11774069", "Miroslava \u010casarov\u00e1": "Q95542845", "\u062c\u0627\u0644\u0627 \u0627\u0644\u062d\u062f\u064a\u062f\u064a": "Q12204171", "Lisa Johansson": "Q3833360", "Kasia Nova": "Q16565755", "Tiara": "Q5926837", "Phung Hang": "Q11995631", "Roxana Postelnicu": "Q16593608", "Y\u016bko Asami": "Q1118733", "Maria Andersson": "Q4935885", "Sandra Carrasco": "Q24807668", "Janne Schra": "Q13736253", "Lee Young Hyun": "Q16091016", "Alexandra Ungureanu": "Q12720258", "Sana Souissi": "Q3471656", "Masha Mysmane": "Q4968601", "Pascale Picard": "Q16585297", "Mais Harb": "Q28716778", "Rus\u00f3 Sala": "Q106635334", "Sabine Mayer": "Q1157676", "Yeorjia Dagaki": "Q1265721", "Hanna Talikainen": "Q11861344", "Einav Jackson Cohen": "Q60193313", "Briohny": "Q246513", "Masae \u014ctani": "Q908653", "Chae Eun-jung": "Q11259708", "Mahan Moin": "Q16595856", "Aty.k": "Q776405", "Kiwi Ng\u00f4 Mai Trang": "Q10780284", "Leonora Poloska": "Q1754129", "Geno Machado": "Q5877168", "Iwona W\u0119growska": "Q519847", "Cherry Poppens": "Q4973288", "Mami Fujioka": "Q11623923", "Kety Wang": "Q9056432", "Kanako Kotera": "Q8979340", "Esther Sels": "Q13579014", "Sevinch Mo'minova": "Q717006", "Tanja \u017dagar": "Q3499046", "Gu\u00f0run S\u00f3lja Jacobsen": "Q273954", "Tan Nhan": "Q20026166", "Eleonora Skydanova": "Q20995406", "Lena Swanberg": "Q4981592", "Anna T\u00e8ko": "Q95473909", "St\u00e9phanie B\u00e9dard": "Q3502162", "Giua": "Q3769096", "Bella Zhang": "Q20970570", "Noa Faran": "Q6710601", "\u56b4\u85dd\u4e39": "Q8267007", "Ms.Ooja": "Q11233802", "Lizzie": "Q12324762", "Chiara Raggi": "Q65224194", "Sidsel Storm": "Q28835912", "Amanda Rogers": "Q454096", "Eva Mo\u0161kon": "Q12788613", "Sindhu Malla": "Q65448985", "Maria Mohn": "Q11988197", "Almut K\u00fchne": "Q21140483", "Fjoralba Turku": "Q29932109", "Marjan Farsad": "Q39395423", "La Furia": "Q94696999", "\u0646\u0627\u0646\u0627": "Q20423769", "Jini Meyer": "Q76828450", "La Basu": "Q30149754", "Katharina La\u00df": "Q20873854", "Myata": "Q56121523", "Yelle": "Q254848", "Alessia": "Q16593182", "Katy Winter": "Q1736852", "Lee Sang-mi": "Q16631068", "Amarda Arkaxhiu": "Q4740210", "Oh San-ha": "Q16090315", "Andrea Zim\u00e1nyiov\u00e1": "Q38761297", "Lorena \u00c1lvarez": "Q85119538", "Nina Osenar": "Q3341941", "Siti Sairah": "Q61116460", "Paola Jara": "Q29054780", "Anna Jousne": "Q25679151", "Anniina Mattila": "Q11851769", "Marianna Sipos": "Q1288994", "Carolina Soto": "Q8339420", "Oana Nistor": "Q11794580", "Monika Urlik": "Q19409859", "Miray": "Q3266634", "Nana Inoue": "Q11372748", "Emma Essinger": "Q4947217", "Anna Setton": "Q106542501", "Y\u016bko Ishida": "Q9321161", "Kh\u00e1nh Linh": "Q10779609", "Ramona Rey": "Q9303886", "Bae Da-hae": "Q12597615", "Saras Dewi": "Q5856346", "Brigitte Aichner": "Q534762", "\ud638\uc811\uc800\uc800": "Q8969509", "Keito Mizukiri": "Q11549524", "K\u0131v\u0131lc\u0131m": "Q6092038", "Heli Kajo": "Q11862040", "Sonia Lacen": "Q3490432", "Daniella Pick": "Q32947601", "Xhoana Bejko": "Q18552439", "Jelena Kostov": "Q31181229", "Sigrun Loe Sparboe": "Q17107250", "Minh Th\u01b0": "Q6667435", "Lynn Cassiers": "Q30524549", "Ch\u00e9 Aimee Dorval": "Q76890854", "Marlene Bakker": "Q89649488", "Gabby Young": "Q1306567", "Elif Turan": "Q1329320", "Betty Dittrich": "Q4676512", "Jelena Pudar": "Q10949152", "Joey Chiang": "Q9301611", "Jonsu": "Q2660099", "Jaime Fong": "Q8957351", "Mercedes Lander": "Q6818199", "Erika": "Q2295460", "Claire Denamur": "Q2975026", "Bia Villa-Chan": "Q94994269", "Lee Joo-hee": "Q12617477", "Susanna Jara": "Q60834334", "Amna": "Q15969050", "Irke": "Q4203333", "Nancy Afyouny": "Q20423778", "Tricia Evy": "Q53647927", "Audrey Bakrude": "Q107191748", "\u041f\u0430\u043b\u044c\u0447\u0435\u0432\u0441\u043a\u0430\u044f, \u041d\u0430\u0442\u0430\u043b\u044c\u044f \u0421\u0435\u0440\u0433\u0435\u0435\u0432\u043d\u0430": "Q22919320", "Claire Bahi": "Q63967554", "Veeby": "Q112189110", "Katarzyna Stasiak": "Q19800819", "Fidi Steinbeck": "Q106153585", "Chiemi Azuki": "Q11373854", "Dimana": "Q12278112", "Elena": "Q12279692", "Allegra Lusini": "Q3612431", "Olha Monastyrska": "Q92591360", "Katra Solopuro": "Q3194193", "Oh Sang Eun": "Q12590740", "Helena Andrian": "Q2891849", "Monika Pu\u010delj": "Q2267531", "Celia": "Q3664254", "Yongae Asano": "Q56060085", "Yoyo Sham": "Q9131912", "Destiny Dixon": "Q20088893", "Hanah": "Q23878104", "Fl\u00f3ra Herczeg": "Q1035452", "Alicia Maas": "Q1761885", "Belsy": "Q816189", "Ede": "Q18689591", "Franziska": "Q1450070", "Alice Foccroulle": "Q16526106", "Aurora": "Q17380041", "Raperin": "Q21791455", "Hila Ruach": "Q39273005", "Kasia Dere\u0144": "Q83699535", "Sam Hardwick": "Q10367190", "Jana V\u00e9brov\u00e1": "Q12023469", "Ceci Monte": "Q20013960", "Elerin Velling": "Q20528915", "Bovska": "Q27808278", "Anastasija Osipowa": "Q4337905", "Maxie Renner": "Q1477488", "Anastasiya Spiridonova": "Q55102128", "Zizi Kirana": "Q85982531", "Kotono": "Q9317251", "Mark\u00e9ta Fassati": "Q12035615", "Lolene": "Q6668889", "Claudia Giner": "Q26714776", "Nata Zhyzhchenko": "Q19603618", "Cubick Xiao": "Q15928402", "Kim Sa-eun": "Q16080243", "Mark\u00e9ta Jak\u0161lov\u00e1": "Q1901947", "Evelyn Herrera": "Q16300756", "Rumina": "Q19826057", "Y\u016b Imai": "Q3574294", "Alexia Degremont": "Q3610870", "Zanfina Ismajli": "Q146816", "M\u00e4rj\u00e4m Sjabanova": "Q4978812", "Takayo \u014ckoshi": "Q7884953", "Serena Abrami": "Q3955843", "Aida Saskia": "Q13091492", "Paz Balpreda": "Q107970851", "Maja Kleszcz": "Q11766373", "Orgesa Zaimi": "Q16224075", "Nh\u1eadt Kim Anh": "Q4358512", "Noa Neal": "Q2116523", "Pearl Jozefzoon": "Q1851155", "Ayano Uema": "Q11360503", "Liene Greif\u0101ne": "Q10561452", "Ruby Palomino": "Q122270963", "Yuki Maeda": "Q11397658", "G\u00fcnel": "Q3181352", "Sammi Chan": "Q113902126", "Monica Jeffries": "Q47455485", "Colleen Lau": "Q8992269", "Xu Fei": "Q6701420", "Liana Kolodinskaja": "Q13608118", "Najwa Mahiaddin": "Q2645184", "Hannaliisa Uusma": "Q12363318", "Ingrid Beaujean": "Q42904796", "Lynn Adib": "Q107418340", "Katherine Orellana": "Q5694909", "Mine": "Q18411661", "Rammie Guo": "Q8963505", "Veronica Akselsen": "Q12009402", "Manu Bahtid\u00e3o": "Q123256226", "Mark\u00e9ta Proch\u00e1zkov\u00e1": "Q12035621", "Lindsay Schoolcraft": "Q84166415", "Kendy Suen": "Q18638696", "Gabriela G\u0105sior": "Q65165132", "Mable Cho": "Q8938078", "Sanzy Viany": "Q30728613", "Kartika Yudia Ramlan": "Q13094058", "Judith van Hel": "Q15416251", "Sara Al-Hani": "Q12215024", "Yunggiema": "Q15907692", "Anna": "Q110051668", "Marlene Strand": "Q27331554", "Chelsea Korka": "Q16337165", "Indy": "Q20434669", "Rui Nakamura": "Q10856014", "shadi amini": "Q42370025", "Anya Marian": "Q12720824", "Jin Wenqi": "Q24837287", "Zs\u00f3fia Tarj\u00e1n": "Q22443685", "Dana Likvornik": "Q111417796", "Sayaka Kamizono": "Q11588842", "Jubi": "Q12617359", "B\u00f6rni": "Q1019952", "Nadeea": "Q6957500", "Mayu Kud\u014d": "Q11479613", "Marina Celeste": "Q47369673", "Tomoka Nishimura": "Q7884326", "Laura Carbone": "Q28092052", "PiA": "Q28415425", "Marie\u2010Flore": "Q108875437", "Izabela Tomi\u021ba": "Q18549787", "Beige": "Q12598110", "Janne Saar": "Q12365070", "Franziska Wiese": "Q26196590", "Doreen Steinert": "Q1243836", "Milena Vu\u010di\u0107": "Q543343", "Amylea Azizan": "Q7306420", "Jennifer Weist": "Q15820954", "Illaria": "Q12074186", "Stine Bramsen": "Q16324605", "Sukie Shek": "Q8265252", "Mia": "Q12370243", "Kathi Kallauch": "Q19971255", "Jessy Martens": "Q21158274", "Gal De Paz": "Q58927654", "Franziska Huth": "Q5493058", "Pedrina": "Q51063168", "\uc774\uc740\ubbf8": "Q11266510", "Orinda Huta": "Q18169816", "Aka Chio": "Q18533898", "Nicole Pillman": "Q2838086", "Cynthia Monta\u00f1o": "Q5795490", "Cylia": "Q3008652", "Wang Wen": "Q9067074", "Kotono Yamamoto": "Q11469221", "Steff la Cheffe": "Q2338513", "Stina Girs": "Q16990644", "Gnu\u010d\u010di": "Q4950304", "\u30ad\u30e0\u30fb\u30b9\u30f3\u30a8": "Q16176130", "Nikki Phoenix": "Q28122409", "IVY CHOW": "Q28416595", "Larissa Luz": "Q10316400", "Fitri Karlina": "Q12483000", "Jenniffer Kae": "Q121902", "Suvi Karjula": "Q11895465", "Alisa Vox": "Q21092117", "Faty": "Q97175681", "Fiona Daniel": "Q1418493", "Anna Hertzman": "Q4953809", "Megumi Imayoshi": "Q3304445", "Sogand": "Q17174568", "Aya Ikeda": "Q11551870", "Yosra Mahnouch": "Q21000723", "Ilaria Porceddu": "Q3796309", "Winkie Lai": "Q9001199", "Mani Bella": "Q27062995", "Haruka Ono": "Q847924", "Meri Voskanian": "Q1921658", "Maya Nehme": "Q12238431", "Melanie Oesch": "Q30728082", "Maiara": "Q40758169", "Stefany June": "Q16636118", "Baran": "Q18637160", "Nisha Madaran": "Q41436321", "Hala al Sabbagh": "Q12249653", "Adrienn Nagy": "Q1213967", "Lee Min-hui": "Q18648440", "Lyn Inaizumi": "Q97031549", "Madelyn Ann": "Q114356570", "Angel Flukes": "Q28091871", "Jazzu": "Q54313595", "Jike Junyi": "Q8266370", "Natashia Nikita": "Q7395502", "Afize Yusuf-q\u0131z\u0131": "Q25680820", "Fee Reega": "Q51885104", "Polina Stefoglo": "Q27927381", "Emiliana Cantone": "Q3724271", "Momoko Uchina": "Q11260529", "Masumi Arakawa": "Q11232840", "Marlous Oosting": "Q2715524", "Hiromi": "Q4263389", "Sandra Polop": "Q6119989", "Teele Viira": "Q17447224", "Funda K\u0131l\u0131\u00e7": "Q18396537", "Aninia": "Q30229821", "Ertila Koka": "Q4959380", "Megan McCauley": "Q9031191", "Regen Cheung": "Q8937036", "Odett Polg\u00e1r": "Q57651172", "Leonore Bartsch": "Q15825654", "Katharina Michel": "Q1735961", "Park Eun-ji": "Q16090686", "Joanne": "Q16232169", "Ga\u00ebtane Abrial": "Q1496719", "Noora Louhimo": "Q17382348", "La Nefera": "Q28933097", "Gemma Humet": "Q17148143", "Natasha": "Q6968434", "Fruzsina Kov\u00e1csovics": "Q646557", "Noa Gruman": "Q85990562", "Agiimaa": "Q20606781", "Karen Rodriguez": "Q3299111", "Pola Rise": "Q30902667", "Ayu": "Q12683063", "Parwaz Hussein": "Q13388697", "Nollaig N\u00ed Laoire": "Q20604710", "Ayla Shatz": "Q25427867", "Farah Delance Linot": "Q108688086", "Jovana Paji\u0107": "Q62093232", "Aika Sekiyama": "Q9035777", "Yani de Simone": "Q21757116", "Plamena Petrova": "Q62691671", "Vivian Chan": "Q9368145", "Meilin": "Q11231351", "Usay Kawlu": "Q15901026", "Ada Szulc": "Q15634866", "Woo Ji-hae": "Q10321830", "Iza Lach": "Q11714628", "Ranele Raudsoo": "Q61111402", "Th\u1ee7y Top": "Q10826772", "Mille Gori": "Q24034087", "Stina Tweeddale": "Q42894243", "Victoria Gissen": "Q118143867", "Chie Uihara": "Q11396443", "Melissa Heiduk": "Q1685308", "Sarena Li": "Q89988243", "Son Sung-ah": "Q12602709", "Bruna Karla": "Q16336969", "Sarah Kreuz": "Q2224401", "Sonia Liebing": "Q83693176", "Gabin": "Q17189438", "Luciane Dom": "Q95738525", "Lok Yan Wa": "Q17238780", "Meltem A\u00e7\u0131kg\u00f6z": "Q16890226", "Janics\u00e1k Veca": "Q985629", "Christin Stark": "Q28137090", "Linzy": "Q27951586", "Giang H\u1ed3ng Ng\u1ecdc": "Q108768794", "Kristiana": "Q23409533", "Doini\u021ba Gherman": "Q10475366", "Chiara Canzian": "Q3667473", "Ka\u015bka Sochacka": "Q84492182", "Sigrid Horn": "Q88961165", "Nare Gevorgyan": "Q29903392", "Ela  Rose": "Q16593648", "Cga Wong": "Q22100726", "Marta Grigale": "Q45200571", "Ebow": "Q20829880", "\u062c\u0645\u064a\u0644\u0629 \u0627\u0644\u062e\u0644\u0627\u0642\u064a": "Q12206171", "Anne Sila": "Q23816459", "Sana": "Q61104630", "Versed": "Q48765352", "Alice": "Q16226493", "Ellin": "Q16767663", "Ivanka Chervinska": "Q28703955", "Widy Soediro Nichlany": "Q13098513", "Argjentina Ramosaj": "Q539978", "Lovisa Jennervall": "Q93963816", "Pernilla Karlsson": "Q235269", "Vivian Koo": "Q9345825", "Way": "Q16767739", "Mag Lam": "Q7224928", "Elli Haloo": "Q20895022", "Sophie de Quay": "Q120868212", "Zee Lee": "Q20091613", "Mai Kotone": "Q11462046", "Marwa Ben Sghaier": "Q20424479", "Greta": "Q22010305", "Hedvika T\u016fmov\u00e1": "Q12019348", "Misaki Izuoka": "Q10896641", "Mila Nitich": "Q4293297", "CHENYO": "Q22100945", "Marina Marx": "Q97959071", "Netta Skog": "Q4354066", "Umsuura": "Q111137195", "Elena Nikoghosyan": "Q20510716", "Phuong Ly": "Q66810514", "Han Ye-jin\u200e": "Q12607673", "Rie Kitagawa": "Q18991747", "Emy Hetari": "Q54862096", "Tedi Aleksandrova": "Q23463019", "Mar\u00eda Reyna": "Q76760704", "Hana Hulji\u0107": "Q112740806", "Emma Acs": "Q4933712", "Hannah Reynold": "Q4974599", "Zora Cock": "Q122971208", "\u0643\u0627\u0631\u0645\u0646 \u062a\u0648\u0643\u0645\u0647 \u062c\u064a": "Q35368890", "Erin Saoirse Adair": "Q108937766", "Song Sang-eun": "Q17128390", "Ti\u00ean Ti\u00ean": "Q26921027", "Suzuyu": "Q17219517", "Jemma Pixie Hixon": "Q1686781", "Park Ki-Ryang": "Q22973845", "Infy Snow": "Q20650128", "Maaike Vos": "Q3455251", "Bassma Boussel": "Q16297564", "Veronika Morscher": "Q21855720", "Hanne Kah": "Q27644116", "Liu Yu-shan": "Q17434467", "Rere Gocing": "Q18421393", "Katarzyna \u017burawik": "Q2236807", "Ushi Masala": "Q119844046", "Nh\u1eadt Th\u1ee7y": "Q108312638", "Keit Triisa": "Q12366779", "Anna Faroe": "Q580975", "Kato Callebaut": "Q2499024", "Nanahira": "Q41477597", "Tessa van Tol": "Q1895613", "Kaczi": "Q93997289", "Linda Teodosiu": "Q1825905", "Cvetelina Grahich": "Q12298796", "Alida": "Q83357743", "Nehal Nabil": "Q28715178", "Maia Vahtram\u00e4e": "Q14191504", "Rona Tsui": "Q47672723", "Ashley": "Q18325355", "Keiko Sawaguchi": "Q11553131", "Bely Basarte": "Q28840675", "Han Na-yeon": "Q66817858", "Madara Fogelmane": "Q50355827", "Nakany Kant\u00e9": "Q61918351", "Kenzy Loevett": "Q118726911", "Asaba": "Q113686312", "Kim Yu-jeong": "Q30944712", "Cath Wong": "Q60989766", "Petra Sihombing": "Q12505371", "Yukimi Fujimoto": "Q3573160", "Kong Xiaoyin": "Q19852337", "Yumeha K\u014dda": "Q11484019", "Al\u017eb\u011bta Kole\u010dk\u00e1\u0159ov\u00e1": "Q10787284", "Cris Lizarraga": "Q30899525", "Petra Katona": "Q106307219", "Kaho Sakuma": "Q9034368", "Mitra Kaislaranta": "Q15381545", "R\u00e1chel Skleni\u010dkov\u00e1": "Q95169743", "Kay Lee": "Q109733098", "Julia Heart": "Q101989828", "So Yumi": "Q20444181", "XRukix": "Q11254811", "Jude Tsang": "Q21040429", "Joelle Gelhausen": "Q96049591", "Clara": "Q1095134", "Tracy Wang": "Q15898889", "Ela.": "Q56599157", "Maria Grace Koh": "Q529333", "Shimica Castro, Wong": "Q15902129", "\u041a\u0430\u0442\u0430\u0440\u0438\u043d\u0430 \u0413\u0430\u0440\u0434\u0438\u0458\u0430\u043d": "Q61130585", "Tetyana Shirko": "Q120550469", "Kerli Kivilaan": "Q12366807", "Lee Keum-jo": "Q19657173", "Ace Tee": "Q28790421", "Ariadne Loinsworth": "Q33127838", "Nona": "Q70626976", "Kell Smith": "Q48873163", "Mary Tachibana": "Q60230202", "Joo Min-hee": "Q16081215", "Iris Woo": "Q30945657", "Lime": "Q19968737", "Narumi Takiguchi": "Q18233543", "Kim Steiner": "Q1355884", "Li YuQi": "Q15370726", "T\u00edmea Antal": "Q771767", "Kezia Karamoy": "Q16187574", "Hyoeun": "Q16184245", "Leona \u0160enkov\u00e1": "Q18746127", "Mishelle": "Q4298393", "Elfa Yau": "Q18682991", "Lidia Buble": "Q21032642", "Song Da-hye": "Q20687781", "Shiho Nanba": "Q8085962", "Karen": "Q3193090", "Cornelia Mooswalder": "Q1133384", "Lillian Chan": "Q20062550", "Alissa Galliamova": "Q12471518", "Meis": "Q109911778", "Sandra Ho": "Q16182151", "Kang Ji-eun": "Q30942258", "Aina Abdul": "Q21282897", "Hao Wanqing": "Q49255308", "Jang Jin-yeong": "Q30942276", "Val\u00e9rie Carpentier": "Q15401795", "Marissa Grasdijk": "Q2652609", "Sheila Haxhiraj": "Q16595096", "Roseline Layo": "Q110498357", "Ane Garcia Lopez": "Q98149187", "Caroline Lind": "Q12305456", "Nicoleta Nuc\u0103": "Q18544439", "Muirgen O'Mahony": "Q108413360", "Park Ji-sun": "Q55707763", "Songhaye": "Q17158335", "Angie Shum": "Q18653036", "\u9673\u851a\u7426": "Q46782380", "Kim Yu-min": "Q24857942", "Chilla": "Q55078052", "Ad\u00e9l Csobot": "Q17361676", "Serena": "Q17350053", "Jenni Mosello": "Q28678454", "Levaeva": "Q113126054", "Aleksandra Mladenovi\u0107": "Q61128648", "Suzanna Varnina": "Q104803448", "Beatrix Ramosaj": "Q4973987", "Jinyea": "Q50109116", "Lindsay Daenen": "Q2505413", "Lin Nan": "Q56006363", "Momoka Komine": "Q7365632", "Gabi Melim": "Q94787561", "Yuan Danni": "Q55974001", "Ana Cristina Pag\u00e1n": "Q18602824", "Kate\u0159ina Marie Tich\u00e1": "Q21684336", "Akira Itsuki": "Q23905070", "Hanane El Khader": "Q22931513", "Carman Kwan": "Q27450500", "Sultana Yeasmin Laila": "Q61080517", "Tina": "Q19941367", "Cindy Brand": "Q27659020", "Fazile Ibraimova": "Q20483468", "Flay": "Q106203975", "Nata Chan": "Q18682993", "Sun Xinwen": "Q49255525", "Liu Juzi": "Q49255261", "Seong Min-jae": "Q21006748", "Anniina": "Q44352918", "N\u00faria L\u00f3pez F\u00e0brega": "Q113137519", "\u0646\u0648\u0627\u0644 \u0633\u0645\u0639\u0627\u0646": "Q63121612", "Chiu J\u012b-kho": "Q30940586", "JinE": "Q42302579", "Cherry Ho": "Q8260826", "Rakky Ripper": "Q116680109", "Jin Hye-won": "Q16177889", "Seo Youkyung": "Q16767745", "Mao Weijia": "Q107101346", "Seo Eun-kyo": "Q16173491", "sana": "Q20040375", "Liu Meilin": "Q18651734", "Qian Beiting": "Q49255164", "Fakhiryani Shafariyanti": "Q20278400", "J\u00f6rdis Tielsch": "Q1715184", "Rika Alfiany": "Q18421395", "L\u00e9a": "Q96761053", "Micky Huijsmans": "Q117188470", "Meryl": "Q86735334", "Xu-Yang Yuzhuo": "Q30950900", "Siyeon": "Q59313326", "Xu Yi": "Q49255289", "Oh Seung-hee": "Q25842416", "Zhang Xin": "Q49255456", "Liu Lifei": "Q37942355", "Kira Chan": "Q20828339", "Ayane Fujisaki": "Q20856743", "Kim Na-hyun": "Q28870934", "Nelli Matula": "Q29001032", "Kim Hye-me": "Q60778579", "Marie Bothmer": "Q28056323", "Marta Bijan": "Q60613592", "Kumiko Tsushimi": "Q79017999", "Liu Peixin": "Q49255311", "Gertu Pabbo": "Q20933548", "Maryna Krut": "Q62088519", "Frieska Anastasia Laksani": "Q6543873", "Rayola": "Q63953014", "Elaine Hartanto": "Q20278391", "Lee Chae-bin": "Q47673733", "Kai Nakai": "Q100376270", "Sima": "Q48838692", "Babymonster An": "Q95946114", "Hitomi Suzuki": "Q108110491", "Atara Oryah": "Q122616083", "Marthe De Pillecyn": "Q21402279", "V\u00e5rin Strand": "Q55606651", "L\u00e9a Paci": "Q40759995", "Sana Morohashi": "Q36597879", "Jamie Ho": "Q110191616", "Wersow": "Q116453057", "Soobin": "Q60917505", "Jeon Ji-woo": "Q28669460", "Hong Eui-jin": "Q43111227", "Lin Hui": "Q62082748", "Rachel": "Q28063461", "Isarapa Thawatpakdee": "Q48484861", "Kim Do-hee": "Q43248310", "Thalia": "Q25471307", "Natalia": "Q49250273", "Hirona Murata": "Q5354384", "Geeta Rabari": "Q65397578", "Priscilla Abby": "Q51884474", "Marine Lavigne": "Q111575079", "Melody Chubak": "Q11344140", "Rina Uemura": "Q61940520", "Anastasiya Tolmachevy": "Q17275660", "HARU": "Q61098087", "Choi Yu-ju": "Q60566799", "Kanteera Wadcharathadsanakul": "Q48484852", "Justyna \u015awi\u0119s": "Q25409207", "Carol Biazin": "Q85870302", "Wang Shu": "Q49255559", "Melina Borglowe": "Q124356919", "Amanda Bashmakova": "Q14161288", "Moukdavanyh Santiphone": "Q19697234", "JinSoul": "Q56825122", "Choi Yun-seon": "Q43110976", "Lv Yi": "Q47333053", "Elisa Kolk": "Q17446969", "Kim Minkyeung": "Q27953983", "Valentina Cho": "Q47664541", "Jaime Cheung": "Q114243712", "Demira van der Zeeuw": "Q33646850", "Laura van den Elzen": "Q24046005", "Monique": "Q22808407", "Paula Au": "Q109414424", "Rika Ozeki": "Q65052610", "Risa Yamaki": "Q18643592", "Marem Ladson": "Q72423173", "Kang Kyung-won": "Q27953985", "Sora Nomoto": "Q18999130", "Yulhee": "Q30949603", "Anna Yamamoto": "Q36597893", "Chen Yunling": "Q49255600", "Karencici Lam": "Q65062042", "Yuan Yuzhen": "Q47536038", "Yasmin Santos": "Q64831316", "Tanne Balcells": "Q87735645", "Anna Verhoeven": "Q2121437", "Tafa Mi soleil": "Q117072357", "Park Ji-won": "Q56695886", "ELLA": "Q60873617", "Seo Min-kyung": "Q67983211", "U": "Q62920133", "Alycia Ferryana": "Q17410373", "Karmen P\u00e1l-Bal\u00e1\u017e": "Q64846513", "Mizuki Murota": "Q17218088", "Aless": "Q47509236", "Tao Boer": "Q49255683", "Mathea": "Q62056594", "Qi Jing": "Q49255506", "Ooes": "Q110387666", "Maddi Jane": "Q6485959", "Chiara Kerper": "Q1071645", "Miori Ohkubo": "Q48484879", "Hu Lizhi": "Q56415797", "Kang Yae-bin": "Q27953986", "Sval Rosenl\u00f8w Eeg": "Q12004113", "Yu Jiayi": "Q47542425", "Risa Ogata": "Q27670065", "Nonno Satake": "Q36597823", "Roh Ji-sun": "Q58816684", "Son Yu-ji": "Q47973704", "Eriko J\u014d": "Q5360105", "Xu Shiqi": "Q49255693", "Cara": "Q90271886", "Tuuli": "Q5403607", "Olaia Inziarte": "Q115633807", "Feni Fitriyanti": "Q25456632", "Aino Niemi": "Q56403214", "Lera Yaskevich": "Q103841106", "Yehana": "Q48893617", "Lee Si-an": "Q47666529", "Rio Fujii": "Q22125135", "Nadhifa Salsabila": "Q17410824", "Yade Lauren": "Q27806053", "Langgalamu": "Q22001409", "Miriam Baghdassarian": "Q85696197", "Farina Yogi Devani": "Q25456616", "Shannon Bae": "Q27951936", "Song Yushan": "Q49255672", "Maha Goryacheva": "Q105338882", "Donika Nuhiu": "Q16352979", "Adelia Artamevia": "Q18421236", "Ahin": "Q43111145", "Ayu Safira Oktaviani": "Q25456613", "Ye Zhien": "Q107033967", "Yukyung": "Q57600715", "Hinata Honma": "Q47669935", "Ronisia": "Q110409384", "Ami Tanimoto": "Q27670072", "JANE": "Q40977891", "Aliyah Kolf": "Q1881935", "Shalisa van der Laan": "Q21044819", "Isabelle Rigaux": "Q3155023", "Caterina Novak": "Q3663521", "Isadora Juice": "Q4955903", "Lindita Theodhori": "Q12955917", "Marina Grabovari": "Q13042507", "Catharina Schorling": "Q104698902", "Ada": "Q345878", "Annette Lowman": "Q566638", "Arpin\u00e9 Rahdjian": "Q698888", "Beata Marti": "Q813106", "Beatrice Lawluvi": "Q813255", "Britta-Ann Flechsenhar": "Q920631", "Claudia Carbo": "Q1097373", "Della Miles": "Q1184387", "Disco Bee": "Q1228445", "Edith Lorans": "Q1234786", "Donna Morein": "Q1241773", "Dorretta Carter": "Q1250399", "Katharina Richter": "Q1283772", "Sylvia Gonz\u00e1lez Bol\u00edvar": "Q1335519", "Soffy O": "Q1476997", "Joy Bryan": "Q1507813", "Greta Matassa": "Q1545946", "Gudrun Lange": "Q1553113", "Indra Afia": "Q1661806", "Miriam Horn": "Q1668013", "Vera Ilieva": "Q1688470", "Miss Mary Ann": "Q1725688", "Maricel": "Q1897060", "Poni": "Q2103564", "Sanda Weigl": "Q2220376", "Sefora Nelson": "Q2265829", "Cherrie Vangelder-Smith": "Q2327776", "Verena Guido": "Q2515254", "\u0633\u0644\u0648\u0649 \u0627\u0644\u0639\u0627\u0635": "Q6800832", "\u0623\u0631\u0648\u0649 \u0623\u062d\u0645\u062f": "Q12179473", "\u063a\u0627\u062f\u0629 \u0645\u062d\u0645\u0648\u062f": "Q12229248", "\u0645\u064a\u0633\u0648\u0646 \u0627\u0644\u0635\u0646\u0627\u0639": "Q12246803", "\u0646\u0648\u0641\u0627 \u0639\u0645\u0627\u062f": "Q12249210", "Diana Torto": "Q15805667", "Julia Hillens": "Q15821991", "Sonja M\u00fchleck": "Q18027960", "Marilyn Scott": "Q18628990", "Clara Blume": "Q19971156", "Eliane Mahfouz": "Q20395831", "Sieglinde Schneider": "Q20885140", "Su Ruiqi": "Q60994258", "Lee Chia-Yi": "Q65058270", "Sei": "Q42850795", "Sasaki Maika": "Q36597810", "Chiayi": "Q60992888", "Grechka": "Q51598454", "Ashley Lin": "Q48927937", "Milenia Christien Glory Goenawan": "Q25455960", "Yumeno Kishimoto": "Q27670074", "Isa Zwart": "Q45205004", "Khrystyna Kocheharova": "Q3301699", "Diana Aster": "Q102329150", "Iori Noguchi": "Q36597865", "Asyiela Putri": "Q12682976", "Adriani Elisabeth": "Q25460550", "Lee Chae-young": "Q56660258", "Jo Se-rim": "Q62920711", "Yang Ye-na": "Q27658442", "Karolina Stanis\u0142awczyk": "Q107003224", "Paulina Kurniawan Putri": "Q20021741", "Li Jiaen": "Q49255622", "Ylva Olaisen": "Q55681971", "Zahra Yuriva Dermawan": "Q25460585", "Yang Bingyi": "Q47464482", "Emilija \u0110onin": "Q18176293", "Mizuho Ono": "Q27670075", "Meowth Li": "Q96350629", "Saaren": "Q117012068", "Viona Fadrin": "Q86597673", "Punsikorn Tiyakorn": "Q48484856", "Kim Hyunjin": "Q48893612", "Han Sara": "Q118248202", "Made Devi Ranita Ningtara": "Q25460576", "Stephanie Pricilla Indarto Putri": "Q25456660", "Rei Kuromiya": "Q11678086", "Mishela Rapo": "Q20004028", "Amal Qutami": "Q12180590", "Syahfira Angela Nurhaliza": "Q25456656", "Nabila Yussi Fitriana": "Q65214083", "Charles": "Q108751688", "Pamela Chiu": "Q60988814", "Mor Reveii": "Q107994692", "Maria Vit\u00f3ria": "Q28128893", "Eva": "Q65097792", "Wang Jing-Yi": "Q55695609", "Elena Escorcia": "Q117734739", "Igzidora Gjeta": "Q2934257", "Solomiia Lukianets": "Q4269186", "Julieta Graci\u00e1n": "Q115388935", "Ruru Dambara": "Q30887179", "Choerry": "Q58224261", "Tan Zhi Hui Celine": "Q25460582", "Rym Fikri": "Q113467062", "Mizuki Yamauchi": "Q60796827", "Zhu Ling": "Q107101462", "Hyeju": "Q58825825", "Lee Soo-jin": "Q93969535", "Natalia Zast\u0119pa": "Q61944238", "Karin": "Q54597211", "Elina Ivashchenko": "Q83304176", "Lin Yu-hsin": "Q78117099", "Nannaphas Loetnamchoetsakun": "Q61118023", "Darina Victry": "Q109816323", "Hasyakyla Utami Kusumawardhani": "Q26236958", "Iralia Latorre": "Q17894387", "Pimrapat Phadungwatanachok": "Q48484838", "Sara Deop": "Q110737323", "Nguyen Thien Nhan": "Q18459924", "Aiko Yamaide": "Q21294877", "Zuza Jab\u0142o\u0144ska": "Q60834398", "Ph\u01b0\u01a1ng M\u1ef9 Chi": "Q16158535", "Giulia Nassa": "Q86741760", "Kandiya Rafa Maulidita": "Q86551101", "Nagisa Sait\u014d": "Q36597779", "Kim So-hee": "Q65920474", "Natalie Ho": "Q113110737", "Ichika Arisawa": "Q108700768", "Olivia Lobato": "Q120549371", "Sakura Ishiyama": "Q112797942", "Lee Jae-hee": "Q93970112", "Martija Stanojkovi\u0107": "Q27860264", "Yoon": "Q106518626", "Minji": "Q113561403", "Lena Stamenkovi\u0107": "Q21336116", "Ayame Tsutsui": "Q60904766", "Jihan": "Q93969537", "Kamilla Ismailova": "Q21336050", "Yume Kudo": "Q67456374", "Wulan Permata": "Q121762075", "Momoka Sumitani": "Q69635616", "Kiara Sait\u014d": "Q36597766", "J": "Q106518625", "Yoyo Kwok": "Q111800334", "Eugenia Correia Pires": "Q112143938", "Gail Sophicha": "Q65058198", "AniKa D\u0105browska": "Q86726749", "Zoa": "Q93969533", "Anastasia Baginska": "Q61351836", "Kim Ga-ram": "Q111544443", "Sofia Shkidchenko": "Q110105679", "Putri Ariani": "Q110102773", "Klesta Qehaja": "Q28145791", "Hong Eun-chae": "Q111544444", "Wakana Matsumoto": "Q101652299", "Ako Yumigeta": "Q118669911", "Karolina Protsenko": "Q91313507", "Anna Gebrea": "Q109413002", "Sofia Feskova": "Q106067462", "Sandra Valero": "Q121157571", "Garlum Lau": "Q1253180", "Tanja Lainio": "Q2679637", "Blagovesta Mekki-Tzvetkova": "Q2905700", "Mercedes Audras": "Q3306297", "Najet Attia": "Q3335292", "Nesyamon": "Q3338484", "Barbara Salutati": "Q3634683", "Giulia Del Buono": "Q3769256", "Miho Fujiwara": "Q3857317", "Miriam Meghnagi": "Q3858835", "Silvia Viscardini": "Q3960809", "Sophia": "Q4049784", "Maria Bachok": "Q4209958", "AKI": "Q4375081", "Sozdar": "Q4677641", "Maria Eriksson": "Q4947047", "Gulistan Perwer": "Q4972595", "Neli": "Q5875069", "Pari Maleki": "Q5962210", "\u05d0\u05e1\u05e0\u05ea \u05e4\u05d6": "Q6663024", "Nili Harpaz": "Q6871209", "Berivan Arin": "Q6927489", "Ro\u015fna": "Q7041449", "Yura Hinata": "Q8016133", "Cicih Cangkurileung": "Q8346029", "Miyu Inoue": "Q8729596", "Yuriko Kaida": "Q9183288", "Yura Hatsuki": "Q9335282", "Sandra Duailibe": "Q10367556", "Connie Lu": "Q10920013", "Rurika Miya": "Q11034023", "Young Shim": "Q11255184", "\u304f\u306b\u305f\u3051\u307f\u3086\u304d": "Q11265452", "Aina Kase": "Q11398710", "Miki Tsuchiya": "Q11423260", "Yumi Kawamura": "Q11478732", "Eri Fujisaki": "Q11623686", "Hiroko Jun": "Q11664461", "Yukiko Sugawa": "Q11664571", "\u0645\u0646\u064a\u0631\u0629 \u0627\u0644\u0647\u0648\u0632\u0648\u0632": "Q12245907", "\u0646\u0647\u0644\u0629 \u0639\u0628\u062f \u0627\u0644\u0648\u0647\u0627\u0628": "Q12249039", "Zana Aliu": "Q12356854", "Kadri Kasak": "Q12365980", "Ryu Sia": "Q12594293", "Viorica Vrioni": "Q12743532", "Trupti Das": "Q15724247", "Hilda Stenmalm": "Q15950656", "Mona Aziz": "Q16119046", "\u0641\u064a\u0648\u0644\u064a\u062a \u0633\u0644\u0627\u0645\u0629": "Q16128324", "Tricia Boutt\u00e9": "Q16178234", "Xi Qing": "Q16260436", "Mitsuki Nakae": "Q17224976", "Kyoco": "Q17240248", "CHiCO": "Q17685751", "Elsa Mangue": "Q18246486", "Martyna Za\u0142oga": "Q19409860", "Mirin Furukawa": "Q19814551", "Faten Hilal Bek": "Q20403816", "Nona Asiah": "Q20458120", "DYLYN": "Q21042694", "Magdalena Aleksovska": "Q21526532", "Inkii": "Q22974809", "Kiko Tong Ho Ka": "Q24833589", "Leola": "Q24866382", "Samaha Sam": "Q27062896", "Genevi\u00e8ve Morissette": "Q27756214", "Daniela Spalla": "Q29072708", "Yael Cherni": "Q29573204", "Souad Mahasen": "Q30314594", "Najwa Sultan": "Q39987181", "Lieselot De Wilde": "Q52490106", "Albane Carr\u00e8re": "Q52555471", "\u0631\u064a\u062c\u064a\u0646\u0629 \u0628\u0627\u0634\u0627": "Q55980059", "\u5305\u5a1c\u5a1c": "Q60986137", "Yurie Kokubu": "Q61091721", "Sherlee Skai": "Q61107697", "Rojbin Kizil": "Q61203994", "Edith Ortiz": "Q63211024", "\u0645\u0627\u0631\u064a \u0639\u0643\u0627\u0648\u064a": "Q64744694", "Praseetha Chalakkudy": "Q65321407", "\u0141ada Marija Gorpienko": "Q67219570", "Eda Baba": "Q77081013", "Liang Chuqi": "Q97929203", "Zily": "Q99292841", "Dana Masters": "Q99706362", "Casi Wyn": "Q100144360", "\u0647\u062f\u0649 \u062f\u0631\u0648\u064a\u0634": "Q102113974", "Janice van Klaveren": "Q102204345", "yama": "Q102246552", "Karin Kagami": "Q105826143", "Sophie Straat": "Q106076021", "Miku Kobato": "Q106351036", "P\u00e9p\u00e9 Ol\u00e9ka": "Q108200796", "Hani Nosha": "Q110129260", "Rebeca Rods": "Q110792696", "Rita Ravier": "Q111576444", "Marole Tchamba": "Q112181199", "Estela Rodr\u00edguez": "Q113138154", "Shiyui": "Q116263621", "Gabi Hartmann": "Q117287835", "Hsu Nien Tzu": "Q117391286", "Brimheim": "Q119056086", "Jana Orlick\u00e1": "Q121259834", "Klavdia Petrivna": "Q123117464", "Victoria Niro": "Q124393190", "Ruka Banana": "Q125546787"}