{"Karine Lagueux": "Q3193291", "Hanna": "Q11223620", "Anisha Jo": "Q115509994", "Katharina Leopold": "Q18225314", "Fernande De Virel": "Q122932030", "Anji Bee": "Q4765806", "Traedonya": "Q7832387", "Cecy B": "Q21004908", "\u0645\u062e\u062a\u0627\u0631 \u0628\u06cc\u06af\u0645": "Q26832691", "Celia Mireles Martinez": "Q101246658", "Jingo Viitala": "Q18691100", "Lucienne Vernay": "Q3265786", "Brigitte Sabouraud": "Q2925472", "Monique Aldebert": "Q971624", "Pirkko Jaakkola": "Q92309889", "Christine Fontane": "Q64508163", "Carmen Pascual": "Q83739541", "Teresita Fern\u00e1ndez": "Q6142645", "Mariel Clarmont": "Q3292978", "Luisa Ronchini": "Q55349910", "Luce Klein": "Q15407406", "Nicole Louvier": "Q1533349", "Becky Dukes": "Q98494096", "Ada Yakusheva": "Q4537301", "Carmen Santonja": "Q5752659", "Marta Vald\u00e9s": "Q1902939", "Vera J\u00e1k\u00f3": "Q1102357", "Leticia Daneri": "Q1821081", "Mary Lane": "Q125357369", "Claude Michel": "Q124041333", "Jacqueline Lemay": "Q3157750", "Mitzi Amoroso": "Q3859581", "Paola Orlandi": "Q20056579", "Rita Olivaes": "Q116976948", "M\u00edria Kolling": "Q29869241", "Rolande Dauphin": "Q125462142", "Tamara Severniuk": "Q12151441", "Margot": "Q3847030", "Annie Williams": "Q4769455", "Scottie Scott": "Q6122591", "Chantal Grimm": "Q40914628", "Anne-Marie Hunsel": "Q106522148", "Kumiko Yokoi": "Q11542354", "Antonella Bottazzi": "Q3618908", "Mannick": "Q3286056", "Anissa Mezaguer": "Q20165073", "Mertxe Oliden": "Q39168141", "Claire Charasz": "Q2414078", "Leda Moreno": "Q41863877", "Julia Le\u00f3n": "Q90882043", "Fran\u00e7oise Guimbert": "Q3086500", "Irina Levinzon": "Q4256501", "Ljudmila Anatolevna Toemanova": "Q61483519", "\u05de\u05d9\u05e8\u05d9 \u05e4\u05dc\u05d9\u05e7\u05e1": "Q64682741", "Yvonne Walter": "Q123643521", "Anne Quesemand": "Q81816499", "Hideko Fujiwara": "Q20742032", "Lori Spee": "Q2830629", "Kv\u011bta Bare\u0161ov\u00e1 Kunze": "Q112459568", "Ornella Fiorini": "Q20603990", "Michiko Takaoka": "Q11669547", "\u00c9velyne Courtois": "Q3592765", "Julie Arel": "Q3189146", "Peg Lehman": "Q110393023", "Elaine Kibaro": "Q55596755", "Marva Jan Marrow": "Q3850378", "Dagmar Andrtov\u00e1-Vo\u0148kov\u00e1": "Q4066090", "Sachiko Kanenobu": "Q11647080", "Mama B\u00e9a": "Q3284766", "Bogdana Herman": "Q22910953", "Rabi Nakayama": "Q11364030", "Maria Bill": "Q1422928", "M\u00f3nica Posse": "Q102900519", "Andr\u00e9e Simons": "Q2848974", "Shigemi Yoshioka": "Q11412779", "Nicole Martin": "Q3341083", "Junko Yamamoto": "Q11469212", "Miryam Qui\u00f1ones": "Q6018325", "Katerina Fotinaki": "Q24578965", "Io Perry": "Q28542734", "Tokunbo": "Q51990565", "La Baronne": "Q60833427", "Elles Bailey": "Q63368444", "Ina Reni Alexandrow": "Q64174219", "Yelena Ignatova": "Q64019433", "Christine Authier": "Q2965878", "\u80fd\u767b\u9053\u5b50": "Q83913931", "Mieko Nishijima": "Q11627981", "Rui Tachihara": "Q11271060", "B\u00e9a Tristan": "Q2929375", "Iruka": "Q11287200", "Marcela Saftiuc": "Q121837928", "Ellen Goldsmith Edson": "Q98158691", "Masaki Niwa": "Q11368633", "Madeleine Davis": "Q110896587", "\u0634\u0627\u06c1\u062f\u06c1 \u067e\u0631\u0648\u06cc\u0646": "Q6768483", "Dianne Davidson": "Q113954760", "Laurya Lamy": "Q2375701", "Catherine Diran": "Q2941893", "Claire Vezina": "Q2975133", "Denise Liz Tshiteya": "Q3023056", "Fania Niang": "Q3066400", "K-Reen": "Q3191274", "Maryse Letarte": "Q3296338", "Mich\u00e8le Barbier": "Q3311562", "Rachel des Bois": "Q3416123", "Vanille Atti\u00e9": "Q3554597", "\u00c9milie Proulx": "Q3588871", "Paule-Andr\u00e9e Cassidy": "Q15944740", "Genevi\u00e8ve Laloy": "Q15944847", "Lady Sweety": "Q15944860", "Fanja Andriamanantena": "Q16021022", "Robi": "Q19629941", "Kathleen Elle": "Q20656894", "Antonietta Laterza": "Q3619019", "Mariko Aoki": "Q11661599", "Olga Kachanova": "Q4217921", "Rie Asakura": "Q11517323", "Minako Yoshida": "Q11414060", "Ky\u014dko Kosaka": "Q11459413", "Eru Mishi": "Q124097093", "Jenny Sorrenti": "Q3807916", "Claire d'Asta": "Q2975142", "Keiko Mizukoshi": "Q3194698", "Yoshiko Yoshida": "Q11281114", "Keiko Maruyama": "Q11368183", "Kuniko Fukushima": "Q11593755", "Mariko Kobayashi": "Q11461344", "Lucid Beausonge": "Q3265225", "Tazumi Toyoshima": "Q11633494", "L\u00facia Mas Garcia": "Q12949569", "Mayo Sh\u014dno": "Q11485938", "Nanako Sat\u014d": "Q11383895", "Joyce Rouse": "Q15449021", "\u30cf\u30f3\u30fb\u30e8\u30f3\u30a8": "Q12624267", "Asami Kado": "Q11654932", "Roberta D'Angelo": "Q3938499", "Dominique Dimey": "Q3035105", "Lidi\u00e2 Iosifovna Aniskovi\u010d": "Q112509970", "Zoia Alecu": "Q12744071", "Sabrina Lory": "Q3460746", "Chiara Grillo": "Q3667488", "Dafna Armoni": "Q12405880", "Anton\u00ecja Cv\u00ecd": "Q30961078", "Haruko Kuwana": "Q11537508", "Claudine Leb\u00e8gue": "Q2978489", "Lalli": "Q3826254", "Noa Bursie": "Q15992822", "Hiroko Taniyama": "Q11632816", "Genevi\u00e8ve Paris": "Q3100681", "Emu": "Q11606846", "Sumiko Yamagata": "Q11280452", "Saeko Shu": "Q11269113", "Machiko Watanabe": "Q11562445", "Danielle Messia": "Q3015009", "Yumi Kojima": "Q11388672", "Akiko Kosaka": "Q11459418", "Tomoko Koyano": "Q11411624", "Kimiko Inaba": "Q11596915", "Izumi Kobayashi": "Q11461713", "Katia Iarova\u00efa": "Q3194128", "Reiko Sada": "Q11383367", "Chika Ueda": "Q11359879", "Satoko And\u014d": "Q11451243", "Nathalie Natiemb\u00e9": "Q3336639", "Majda Ko\u010dar": "Q12795471", "Mitsuko Komuro": "Q11459637", "Pilar Reiona": "Q96482569", "Van Orly": "Q116939651", "Marie-Line Dahomay": "Q123175879", "Tomoko Aran": "Q11373892", "Betty Vittori": "Q3639195", "Masumi Fukuda": "Q11594222", "Cindy": "Q17212404", "Sayuri Kume": "Q11369592", "Elizabeth Hummel": "Q5363006", "Agnieszka Fatyga": "Q11684628", "Nachiko Tateoka": "Q11613540", "Yuko Ishikawa": "Q11585685", "Kumiko Tomoi": "Q114795290", "Hitomi Konno": "Q11267067", "Atsuko Niina": "Q11371422", "Ky\u014dko End\u014d": "Q11642376", "Gladys del Monte Horruitiner": "Q5880676", "Megumi Shiina": "Q11540797", "Roxanne Fontana": "Q16729042", "Svetlana Mikhailovna Vetrova": "Q15064970", "Sylvie Bernard": "Q3507275", "Eva Kyselka": "Q21901358", "Jacqui Naylor": "Q1678156", "Sofie Kremen": "Q3488851", "Nathalie Kaufmann": "Q3336614", "Ruth Chen": "Q11091649", "Yuki Nakayamate": "Q21015491", "Yuliya Belomlinskaya": "Q4082581", "Lauren Passarelli": "Q6500329", "V\u00e9ronique Pestel": "Q3564353", "Ang\u00e9lica Balado": "Q124088261", "Petra Lugtenburg": "Q2769161", "EPO": "Q11197744", "Myla Falcon": "Q28742967", "Aida Satta Flores": "Q15059101", "Sensi Fal\u00e1n": "Q116870489", "Chinatsu Kuz\u016b": "Q11620968", "Cinta Hermo": "Q18632614", "Dinah Douieb": "Q113173240", "Midori Karashima": "Q11637819", "Valentina Gautier": "Q4007691", "Liza Myalik": "Q98215505", "Patricia Roncal Zu\u00f1iga": "Q50321962", "Emel M\u00fcft\u00fco\u011flu": "Q6102281", "NORA": "Q85585352", "Sa\u00efda Akil": "Q3474844", "Hanitra": "Q3126782", "Jo Squillo": "Q3808524", "Mateja Kole\u017enik": "Q18642950", "Cristina Narea": "Q23696525", "Audren": "Q2870817", "Y\u016bri Sugimoto": "Q11522134", "Daniela Colace": "Q3701778", "Justyna Bacz": "Q15300581", "Sachiko Kumagai": "Q11568766", "Marina Barone": "Q3848005", "Kristin Mooney": "Q6438173", "\u30c1\u30e3\u30f3\u30fb\u30d4\u30eb\u30b9\u30f3": "Q11318276", "Anna Calemme": "Q3617675", "Barbara Scaff": "Q2884023", "Sheila Raye Charles": "Q7493136", "Kaori Kano": "Q11264108", "Silvia Palumbo": "Q116213441", "Asuka": "Q11512200", "Carol Laula": "Q113865757", "Keiko Kimura": "Q11518890", "Elena Smekhova": "Q4424481", "Tamara Nathov\u00e1": "Q112468162", "Shoshana Jedwab": "Q117878370", "Oksana Bayrak": "Q4075669", "Eri Hiramatsu": "Q3056194", "Suz Andreasen": "Q7650650", "Miss Rosi": "Q107365206", "Mwanvua Shabani": "Q113101679", "Kumi Showji": "Q3200371", "Taborah": "Q7673549", "Amalia Gr\u00e9": "Q3613548", "Misa Fukuma": "Q11594466", "ak": "Q11190104", "Nancy Dumais": "Q3335567", "Jane-Kelly Williams": "Q13736224", "Barbara Gosza": "Q2883949", "Mariko Murai": "Q11523031", "Ana Cirr\u00e9": "Q5673704", "Cl\u00e9mence Lhomme": "Q2980541", "Jenni Muldaur": "Q6177912", "Mitsue \u014cshiro": "Q11433821", "Sable Winters": "Q7396258", "Asami Katagiri": "Q11569891", "Leila Negrau": "Q96943157", "Anastasia": "Q4064909", "Sh\u014dko Suzuki": "Q11649123", "Isako Saneyoshi": "Q11268209", "Miki Yoshinaka": "Q11412563", "Monique Klemann": "Q2246628", "Elena Gudkova": "Q4151601", "Yumi Tanimura": "Q3573214", "Mikiko Noda": "Q11645983", "Hagit Kfir": "Q85992776", "Julie Freundt": "Q111927790", "Mar\u00eda Jos\u00e9 Hern\u00e1ndez": "Q6004047", "Anta E\u0146\u0123ele": "Q120754773", "Miyako Shinohara": "Q11603623", "\u200f\u200eRuti Allal\u200e": "Q88809829", "Pia Tuccitto": "Q3901797", "Christiane Bj\u00f8rg Nielsen": "Q12306241", "Pavla Milcov\u00e1": "Q26260976", "\u0416\u0435\u04a3\u0456\u0441 \u0415\u0440\u043c\u0430\u0493\u0430\u043d\u0431\u0435\u0442\u049b\u044b\u0437\u044b \u042b\u0441\u049b\u0430\u049b\u043e\u0432\u0430": "Q24009873", "Ayumi Nakamura": "Q2875040", "Ky\u014dko Fujimoto": "Q110884807", "Margarita Shilova": "Q4523854", "Hiroe Ueda": "Q11359857", "Mariko Nagai": "Q3293066", "Ariadna Prime": "Q123746805", "Bernadette La Hengst": "Q822157", "Val\u00e9rie Leulliot": "Q3554283", "Karen Mal": "Q6369846", "Tomomi Sakata": "Q11656850", "Kelly Lang": "Q124737489", "Bianca Giovannini": "Q60841530", "Yuka Kawamura": "Q9097262", "Claudia Asselin": "Q19628972", "Natalia Askhatovna Nelyubova": "Q4316821", "Marianne Elstad Olsen": "Q521747", "Michiru Kojima": "Q11388663", "MOMOSE": "Q11231873", "Blues Chen": "Q9370846", "Eri Morishita": "Q11539194", "Mafalda Minnozzi": "Q3843037", "Y\u016bko Imai": "Q11376570", "Agnieszka Chrzanowska": "Q11684625", "Jamika Ajalon": "Q994992", "JoJo Lee Qunn Jo": "Q11095692", "Iori Sakagami": "Q28068925", "Laura Mayne": "Q3218703", "Yurica Nagasawa": "Q11653158", "Rei Shibakusa": "Q11534940", "Silvie Gadulov\u00e1": "Q95458184", "Angela Milanese": "Q3616770", "Sylvie Krobov\u00e1": "Q12057815", "Abigail Hopkins": "Q4667684", "L\u00eddia Pujol": "Q11046665", "Y\u016b Yoshinaga": "Q11413368", "Yui Nishiwaki": "Q3573121", "Izumi": "Q3156504", "Yuki Matsuura": "Q11531824", "Tania Viit": "Q12338796", "Maki Watase": "Q1402485", "Virginie Seghers": "Q3560772", "Olga Zalesskaya": "Q4185214", "Genevi\u00e8ve Bilodeau": "Q111454088", "Yume Suzuki": "Q11649163", "Olga Chikina": "Q4515878", "Yoshiko Goshima": "Q11372341", "Keiko Utsumi": "Q11449845", "Torhild Ostad": "Q23014799", "Miho Gomi": "Q11372256", "Fredda": "Q3086985", "Ronit Shahar": "Q7011481", "Miki Ishioka": "Q11585578", "S\u00e9verine Daucourt-Fridriksson": "Q3511463", "Marian Trapassi": "Q3847655", "Ezina LeBlanc": "Q5423291", "Kristen Barry": "Q29944817", "Eva Lepold": "Q112529060", "Naomi Amagata": "Q11442670", "Emi Nekozawa": "Q11572029", "Nami Hirai": "Q11482045", "Lou": "Q15944900", "Katja Werker": "Q252989", "Hiroko S\u014dma": "Q11582535", "Judith B\u00e9rard": "Q15906856", "Paola Angeli": "Q122964050", "Virginia Rocha": "Q21515170", "Lighea": "Q3832256", "Mariko Yoshida": "Q15266303", "\u0415\u043b\u0435\u043d\u0430 \u0412\u0430\u043b\u0435\u0440\u044c\u0435\u0432\u043d\u0430 \u041a\u0430\u0441\u044c\u044f\u043d": "Q97174961", "Rachel Wallace": "Q7279443", "Kaori Ui": "Q11449023", "Orlane": "Q3356465", "Ky\u014dko Kiya": "Q11518307", "Yuki Murakami": "Q11522660", "Sami Rama": "Q114731131", "Alexia Carr": "Q125448502", "Tomoe Sawa": "Q11248482", "Eiko Hiraiwa": "Q11482652", "Fumina Hisamatsu": "Q379027", "Manon Charlebois": "Q111454444", "Nina Grinshteyn": "Q4312793", "Nadja Zela": "Q1963373", "Tomoko Aizawa": "Q11582204", "Christine Zufferey": "Q2966006", "Melanie Dekker": "Q1918953", "Reij\u014d Ku": "Q11404577", "Anzhelika Miller": "Q19910817", "Georgeta Voinovan": "Q47507781", "Regy Clasen": "Q2138832", "Yukiko Sakai": "Q11644219", "LaReece": "Q42978432", "Satsuki": "Q11488004", "Aki Okui": "Q11445593", "Maki Ichihara": "Q16264144", "Christine Salem": "Q23021832", "Atsuko Hiyaj\u014d": "Q38278537", "Charlotte etc.": "Q2961040", "Uta Titz": "Q95195417", "Karol\u00edna Kambersk\u00e1": "Q100406682", "Melissa Stott": "Q6812885", "Katarzyna Lesing": "Q11736701", "Angela Johnson": "Q17159696", "Hitomi Y\u016bki": "Q11410220", "Marjorie Biondo": "Q3849405", "Milou Largo": "Q3314447", "Sh\u014dko Matsuzaka": "Q11532396", "Julie B. Bonnie": "Q3189150", "Minako Kawae": "Q11478875", "Saiko Suzuki": "Q3461614", "Bice": "Q11192347", "Kitty Hoff": "Q1743938", "Ann Sally": "Q11285479", "Miyuki Hatakeyama": "Q11578669", "Miho Asahi": "Q11517583", "T\u014dko Furuuchi": "Q11410956", "Yuki Kuroda": "Q11678614", "Miranda Dickinson": "Q112447312", "Lisago": "Q11229131", "Swati Sharma": "Q7654045", "Y\u016bko Kumai": "Q11265544", "Takumi Ozawa": "Q11465373", "Maria Bulat": "Q28664593", "Ma\u00efdi Roth": "Q3303387", "Inotomo": "Q16264290", "Maria Luisa Congiu": "Q17636191", "Yumiko Hattori": "Q11516975", "Jennifer Davids": "Q1686938", "Maud L\u00fcbeck": "Q65598495", "Cinthia Santib\u00e1\u00f1ez": "Q19841722", "Marie-Am\u00e9lie Seigner": "Q3291458", "Mio": "Q17211292", "Marie Frank": "Q12326069", "Nana Kond\u014d": "Q3335519", "Keiko Hiraoka": "Q11482591", "Maria Magdalena D\u0103n\u0103il\u0103": "Q12734909", "Bams": "Q60832059", "Choi Hee-jin": "Q108688347", "Gina Argemir": "Q96624540", "\ud558\uc784": "Q16191982", "Sonia Johnson": "Q67220616", "Akiyoshi Fumie": "Q11257016", "Kazumi Nikaid\u014d": "Q11371881", "Sario Kijima": "Q11634753", "Maho Suzuri": "Q11649462", "Aiko Yanagihara": "Q11534142", "Paola Iezzi": "Q16586771", "Lidis Lamor\u00fa Febles": "Q16590924", "Gwennyn Louarn": "Q542123", "Caro Ferrer": "Q61055927", "Yulia Mikheeva": "Q4369880", "Isabel Gonz\u00e1lez": "Q63247888", "Manja Pr\u00e4kels": "Q1365965", "Caroline Cruz Valencia": "Q5753304", "Leine": "Q2526978", "Constance Verluca": "Q2994815", "Eliza Newman": "Q27042186", "Jutta Annala": "Q106323765", "Ayano \u014cki": "Q11435890", "Omnitah": "Q2023471", "Nilla Nielsen": "Q4969421", "A'isha Morris": "Q28062849", "Kodama Saori": "Q11266368", "Julia A. Noack": "Q1711807", "Jeordie Schekeryk": "Q15876994", "Mihiro Arisaka": "Q11516338", "Fanny Gilles": "Q3066457", "Tam Greenhill": "Q4467298", "Katarina Avbar": "Q18608722", "Nacil": "Q11323796", "Nana Yanase": "Q11280412", "Akane Irihi": "Q11388898", "Diana \u00c1ngel": "Q16297406", "Arisa Muto": "Q11279600", "Sayaka Kushibiki": "Q11544672", "Petra \u0160anclov\u00e1": "Q95397852", "Lena Ka": "Q15944746", "Ekaterina Boldyreva": "Q4090745", "anemone": "Q11284462", "Kimmy Brownie": "Q11296979", "Y\u016bko Narisoko": "Q11495473", "Fiorella Cayo": "Q5862207", "Tammy": "Q11250486", "Amika": "Q11190230", "Bikimel": "Q11909368", "Norberka": "Q116780951", "Casey": "Q1047136", "Mariadele": "Q3847639", "Ellis": "Q5365830", "Vanexxa": "Q6159559", "Nao Matsuzaki": "Q11530186", "Uta K\u00f6bernick": "Q1420987", "Delphine Coutant": "Q15944742", "Natalia Niemen": "Q11789985", "Julia Teunikova": "Q4456757", "Sacha Nairobi": "Q3460904", "Vasti Michel": "Q6159792", "Shinko Katsuno": "Q11400517", "Izumi Kojima": "Q11388683", "Ewelina Marciniak": "Q105662175", "Kaori Nanao": "Q9098203", "Montse Castell\u00e0": "Q28053797", "Nana Kuwabara": "Q11537426", "Caroline Jokris": "Q2940010", "Hanna Silvennoinen": "Q5410894", "Rie \u014ctsuka": "Q11433970", "Miranda Brown": "Q6872792", "Laila Samuelsen": "Q11982977", "Maika Shiratori": "Q11580530", "Matilde Politi": "Q3851869", "Ingrid Hofer": "Q105071352", "Maya Barsony": "Q3302893", "Tomomi Kageyu": "Q11294020", "Zoe Ki": "Q9426228", "Dee": "Q11197341", "Skye": "Q139868", "TolumiDE": "Q7814667", "Mari Nakamura": "Q11365195", "Danny June Smith": "Q15804551", "Katarina Juvan\u010di\u010d": "Q94087554", "Gretchen Rhodes": "Q110517273", "Karin Okkenhaug": "Q47495740", "Pilar": "Q91018492", "Ry\u014dko Shiraishi": "Q11269188", "Chibi": "Q2963267", "Simona \u010cerneti\u010d": "Q20522981", "Clo\u00e9 du Tr\u00e8fle": "Q15944786", "Atsu": "Q11257714", "Julie d'Aim\u00e9": "Q3189291", "Hitomi Horikawa": "Q11427414", "Eva K. Anderson": "Q1379249", "Lara Martelli": "Q3827041", "Ozakiai": "Q17224841", "Y\u014dko Kuzuya": "Q11621020", "Akiko Kohara": "Q11459240", "Corry Denguemo": "Q37793271", "Miyuki Motegi": "Q30935266", "Petra Bohemi": "Q112998896", "Rapha\u00eblle Eva": "Q3419560", "Kareen Guiock": "Q3193047", "Susanne Linssen": "Q18202107", "Fola Dada": "Q19279689", "Rie Shimizu": "Q11307561", "Anahi Mariluan": "Q59618576", "Johanna Rezzio": "Q5933016", "Reika Tomita": "Q18234048", "Yuka Senga": "Q11406819", "Ver\u00f4nica Ferriani": "Q16941018", "Mayumi Takahashi": "Q17160592", "Tayo Awosusi": "Q1499659", "Eiko Hamamori": "Q11566167", "Patricia Fern\u00e1ndez": "Q6066485", "Misa Kamiyama": "Q11589525", "Miyako Irikura": "Q11388864", "Rei Sakamoto": "Q11425390", "H\u00e9lo\u00efse Rauth": "Q3144684", "Meiko Haig\u014d": "Q11497838", "Nozomi \u014cmura": "Q11236862", "Barbara Christin Maria Schulz": "Q16667308", "Mie Yamamoto": "Q11469299", "Shuo Hsiao": "Q9338613", "Takako Tate": "Q2389101", "Natsuko Hamasaki": "Q11557670", "Azuma Madoka": "Q17349633", "Naomi Kaitani": "Q11580985", "Kaori Furuya": "Q22125879", "Alexandra Nikl\u00ed\u010dkov\u00e1": "Q112462265", "Diana Tejera": "Q3706765", "Ania Cecilia": "Q3617442", "Carmen Fenk": "Q125570", "Hitomitoi": "Q11352463", "Magali Ripoll": "Q124445614", "Lesley Meguid": "Q1517098", "Sarah Perrotta": "Q7422687", "Karin Nakagawa": "Q17225289", "Merrill Garbus": "Q23894661", "Patricia Kramer": "Q92197601", "Genevi\u00e8ve Jodoin": "Q111455318", "Phaedra Kwant": "Q122706434", "Illute": "Q1658929", "Clarisse Lavanant": "Q2975634", "Sekishino": "Q11245832", "Michelle143": "Q11233163", "Nao Kobayashi": "Q11461751", "Daisy Chapman": "Q19959174", "Agn\u00e8s Gayraud": "Q29820593", "Y\u016b Asagiri": "Q11517777", "Ilenia Volpe": "Q59145851", "Hal": "Q11222994", "Geri King": "Q5550821", "Arima Shino": "Q11258675", "Lavalu": "Q2011091", "Isabelle Grussenmeyer": "Q1673634", "Brune": "Q2926571", "Risa Horie": "Q11427569", "Han Hee-jung": "Q12624382", "n": "Q11223441", "Kei Ikegami": "Q11551438", "Eiko Matsumoto": "Q11531290", "Chancellor Gui": "Q4212752", "Arema Arega": "Q97622581", "Iisa": "Q16299275", "Nanne Emelie": "Q12328274", "Cheri": "Q11194493", "Junko Kamata": "Q11651083", "Jena Kraus": "Q6177356", "Ruka \u014cba": "Q11438695", "Manja": "Q1890471", "Serina": "Q11362046", "\u0623\u062f\u064a\u0644\u064a\u0646\u0627 \u0625\u0633\u0645\u0627\u0639\u064a\u0644\u064a": "Q79351011", "Junko Yano": "Q11584424", "Megumi Shibuya": "Q11561657", "Kaori Tsuji": "Q11638344", "Sansa": "Q11892411", "\u00c9velyne Gallet": "Q20661661", "Eva Meijer": "Q28860673", "Sophie Maricq": "Q33093044", "Ewa Adamusi\u0144ska": "Q74677363", "Ulpu Hozjajenok": "Q106457670", "Hannah K\u00f6pf": "Q27882870", "Anika Auweiler": "Q105367908", "Sayuki": "Q11242561", "Laure Milan": "Q3218775", "Varia Demidova": "Q4104139", "Ayu Okakita": "Q11471976", "Veronika Padilla": "Q95148592", "Siff": "Q16065131", "Delphine Dora": "Q112637264", "Alina Simonova": "Q109860128", "Jennifer Evans - Van der Harten": "Q3177054", "Aiko Okumura": "Q11445876", "M\u00f3nica Ferraz": "Q1250049", "Carine Erseng": "Q2938802", "Sonya Scarlet": "Q7562586", "Chiharu Ogawa": "Q11460380", "Aljona Aleksandrovna Visotskaja": "Q4129533", "Emi Evans": "Q56807739", "Y\u016bri \u014ctsuka": "Q11433974", "Shiori Tanimura": "Q17160992", "Lea Sunshine": "Q6508229", "Chita Yu": "Q9079058", "Colline Hill": "Q16864540", "Andrea Ramolo": "Q52675488", "Shihori": "Q9036666", "Emily Handley": "Q11857837", "Taraneh Mokarram": "Q89327613", "Eliza Wren": "Q5362214", "Tama": "Q17212307", "Mai Fukuda": "Q11594242", "Yoshimi Hirai": "Q11481977", "Eri Takenaka": "Q11598773", "Katerine Gierak": "Q123154836", "Cl\u00e9mence de Tournemire": "Q118926483", "Djazia Satour": "Q3032809", "Yoshiko Hanzaki": "Q30927558", "Marie-Eve C\u00f4t\u00e9": "Q3291764", "Sara Vilander": "Q16991255", "Odeleya Berlin": "Q25712681", "Bettina Kee": "Q27574631", "Vashti Anna Gleave": "Q88600291", "Mariona Forteza": "Q91783684", "Eva Sukov\u00e1": "Q112545924", "Claudia Cantisani": "Q117705536", "Berta": "Q8247042", "NiMa Lindner": "Q27972482", "Mattanja Joy Bradley": "Q13819586", "Wendy Starland": "Q861789", "Evelyn Cornejo": "Q62070942", "Carlotta Proietti": "Q101089182", "Rino": "Q11241946", "Miho Mahara": "Q11667827", "Haruna Yokota": "Q11543340", "Yuliya Kogan": "Q4226013", "Alinne Rosa": "Q11679784", "Lu James": "Q113625700", "Shani Ferguson": "Q55578680", "Milkymee": "Q3314232", "Michael Scott Parker": "Q6834250", "Maria Bestar": "Q1895717", "Emilie Minatchy": "Q107124212", "Sandor": "Q60833821", "Sachiko It\u014d": "Q11379790", "Rica tomorl": "Q17213217", "Julia Kautz": "Q85194642", "Imen Cherif": "Q109299717", "C\u00e9r\u00e9na": "Q3010319", "Kumi": "Q11228654", "Lauren Barrett": "Q6500127", "KNOTS": "Q17215561", "Mirai Suzuki": "Q11648448", "Jessica Clemmons": "Q16202046", "Catalina Avila": "Q47416111", "Kyoko Iwasaki": "Q21699122", "Etsuko Matsui": "Q11278392", "Miki Hazuki": "Q17218889", "Rachel Kar": "Q4261975", "St\u00e9phanie Blanchoud": "Q28791835", "Jun Manaka": "Q11582841", "Nicole Dieker": "Q2783163", "Saho Terao": "Q11457793", "Tiara": "Q5926837", "Akiko T\u014dg\u014d": "Q17161617", "Daniela Ciampitti": "Q96245208", "Nadie Reyhani": "Q1973464", "Shira Z. Carmel": "Q56305256", "Satoko \u014ckura": "Q11432437", "Nina Maleika": "Q18328142", "Yuki Sekiguchi": "Q11270030", "Yuki Asaba": "Q11557192", "Daniela Spector": "Q6854559", "Hiroko Sat\u014d": "Q11304876", "Leandra Ophelia Dax": "Q1810649", "Rie Takahashi": "Q11671341", "Camille Warm\u00e9": "Q3129916", "Pascale Picard": "Q16585297", "Sally Folk": "Q19958530", "Narkis": "Q47546036", "M": "Q62657866", "Beatrice Dear": "Q84495547", "Rus\u00f3 Sala": "Q106635334", "\u013dubica Christophory": "Q112467721", "Emma \u00c5ngstr\u00f6m": "Q112531366", "Sabine Stieger": "Q1548929", "Fleur van Groningen": "Q2310397", "Floria Ambra": "Q5460983", "Haley Gibby": "Q5641539", "Ramya Iyer": "Q20018253", "Sachiko Daita": "Q11378285", "Angelina": "Q11190299", "Lara Polangco": "Q6488578", "Satoko Tatemichi": "Q11598244", "Kanerva": "Q5479563", "Yuki Suzuki": "Q4023209", "Duangta Kongthong": "Q16139210", "Aljona Bikkulova": "Q15064497", "NakamuraEmi": "Q27150609", "Yona": "Q13395841", "Liudmila Svetlova": "Q4410359", "Heidi Solheim": "Q17107999", "Barbera van der Kaay": "Q13434916", "Miwako \u014cguro": "Q11442084", "Aili Ikonen": "Q18632733", "Kanako Kotera": "Q8979340", "Asami Kaneko": "Q11646901", "Chiharu Higa": "Q11547494", "Aretha Henry": "Q13562071", "Synje Norland": "Q2375994", "Y\u016b Mamada": "Q11655357", "Chiaki Arisaka": "Q11405564", "SA.RI.NA": "Q17159186", "Yuki Yuhara": "Q11345750", "Brigitte Boisjoli": "Q2925401", "Ruri Yakushi": "Q11622431", "Hiromi Miyake": "Q11451828", "Miri Milman": "Q19200970", "Ms.Ooja": "Q11233802", "Noam Vazana": "Q12409782", "C\u00e4the": "Q2672495", "Mell": "Q3305151", "Melanie Drack": "Q1650033", "Golden Disk\u00f3 Ship": "Q25931283", "Sofie Letitre": "Q26211980", "Zuzanna Rogulska": "Q92635988", "Dominika Fri\u010dov\u00e1": "Q109425051", "Hana Tsuruuchi": "Q11272535", "Lail Arad": "Q15623157", "Mar\u00eda Xos\u00e9 Silvar": "Q20535044", "Sara Mar\u00edn": "Q28517414", "Stella Cruz": "Q61596194", "Angela Ammons": "Q4762361", "Mana Ueno": "Q11360247", "Liz Van Deuq": "Q41671399", "Chizuka Yatsuhime": "Q11390760", "Chika Fujimoto": "Q28689442", "Love": "Q17230703", "Jewel Osbourne": "Q67482020", "Mica": "Q11231480", "J\u00falia Rocha": "Q112673253", "Balbina": "Q18616541", "Millane Hora": "Q18475613", "Casey Tse": "Q9071849", "Billie Bird": "Q56304884", "Erica Boschiero": "Q84138550", "Anne van Veen": "Q2280555", "Krystl": "Q958224", "NaNa": "Q11236290", "Nozomi": "Q18382925", "Fumiko Daizenji": "Q11554202", "Juli Shono": "Q11618924", "Natsu Kai": "Q11577864", "Patty Tyler": "Q7148737", "Miki Miyamoto": "Q27918185", "Jennifer Ayache": "Q2364370", "Kozue": "Q11672146", "Jaime Kailani": "Q62021964", "Amaryllis Uitterlinden": "Q3022149", "Akiha Ury\u016b": "Q11574153", "Janais Kothajova": "Q21707342", "Shione Yukawa": "Q11563549", "Sarasa Ifu": "Q11385514", "Iratxe Mugire": "Q12259725", "Noa Shemer": "Q23657697", "Laure Perret": "Q25529497", "Mathilde": "Q30731234", "Youmna Saba": "Q100627443", "Katell Chevalier": "Q106408443", "Pilani Bubu": "Q111925317", "Kandy Guira": "Q115971168", "Gabby Young": "Q1306567", "Addictiv": "Q4681122", "MarieMarie": "Q15416660", "KAT": "Q10854605", "Ren\u00e9e": "Q2801327", "Maiko Fujita": "Q11624931", "Marie Kieslowski": "Q96475502", "Yui Annaka": "Q11450171", "MariT\u00e9 K": "Q91087150", "Yumiko Shinohara": "Q11603612", "MORAN MAGAL": "Q21012380", "Lenka Zv\u011b\u0159inov\u00e1": "Q95167594", "Hanne Vatn\u00f8y": "Q22946158", "Claire Denamur": "Q2975026", "Kayoko Kusano": "Q77810783", "Jenny Almsenius": "Q4935246", "Daniella Saettone": "Q20014394", "Izumi Nitta": "Q11503745", "Kate\u0159ina B\u00edmov\u00e1": "Q95093111", "Luna": "Q11230605", "Morgane Imbeaud": "Q22137029", "Celeste Scalone": "Q5057865", "Natalia Fiedorczuk-Cie\u015blak": "Q11790086", "Fuwala": "Q11614586", "Misako Sakazume": "Q11425570", "Rannes Man": "Q8265612", "Sheila Scribner": "Q7493146", "Le Prince Miiaou": "Q3225897", "Mai Iida": "Q11666590", "Mira": "Q21107592", "Miyuki": "Q61057682", "Mojca \u0160toka": "Q120667851", "Arie": "Q2390518", "Ai Takeuchi": "Q11598965", "Giulia Anania": "Q3769230", "Hitomi Yoshimura": "Q48781013", "Mar\u00eda Colores": "Q20738547", "Yukino Nakajima": "Q11364667", "Ry\u014dko Takahashi": "Q11671409", "Tiara Hernandez": "Q62022051", "Ina Regen": "Q47034771", "Saki": "Q11605475", "Chianne": "Q107015203", "Sayaka Kawamitsu": "Q16770300", "Liron Meshulam": "Q99679933", "Muntsa Moral Vinyoles": "Q113971949", "Mai Miyagawa": "Q11454725", "Kado Jun": "Q11228347", "Roko": "Q11392317", "Katarzyna Zarkesh": "Q125118024", "Ingjerd \u00d8strem Omland": "Q56408573", "Y\u016bki Shiina": "Q11540791", "Junko Suwa": "Q21015418", "Irene Ghiotto": "Q52897066", "Mika Sade": "Q16131993", "Margarita Pozoyan": "Q51667898", "Die Mayerin": "Q50364017", "Seiko Shiga": "Q11268797", "Ede": "Q18689591", "Kana Imanari": "Q11376982", "Ma\u00efa Barouh": "Q21891741", "Cl\u00e9a Vincent": "Q30728005", "Kaloune": "Q55597495", "Lucia Manca": "Q63079951", "Ursina Giger": "Q64148137", "Reut Yehudai": "Q64682594", "Eline Gr\u00f8nvoll": "Q106454383", "Leticia Andris": "Q109650028", "Sarah Bourdon": "Q111445431", "Haruka Sugitani": "Q24865842", "Landon Newsom": "Q29913419", "Yuri": "Q55526960", "Katrina Noorbergen": "Q21680850", "Ayuse Kozue": "Q11189836", "Anna Aaron": "Q119545", "Kim Sori": "Q6861635", "Lisa Halim": "Q11230196", "Megumi Mori": "Q11539696", "Diana Fuentes": "Q51280219", "Esperanza Denswil": "Q28863548", "Susan Ochoa": "Q61962647", "Diana Burkot": "Q100391281", "Audrey Jougla": "Q32562350", "Takki Wong": "Q9066636", "Yuka Takada": "Q11672174", "Michiko": "Q11342171", "Yukari Kat\u014d": "Q11399289", "Ayako Nakanomori": "Q11362801", "Anna Rose Menken": "Q17149734", "Mei": "Q11232922", "Kana Matsumoto": "Q22124904", "Yukie Sone": "Q11515350", "Louise Dubiel": "Q12324960", "Ikumi Kumagai": "Q11568834", "Yui Ibuki": "Q11379224", "Halo Maud": "Q97829151", "Mimika": "Q11233323", "Risa Kitano": "Q20039630", "Aina \u014cgi": "Q11496841", "Natsuko Kond\u014d": "Q8979146", "Kimiko Korekata": "Q11514212", "Yui Niitsu": "Q11502706", "Kaori Sawada": "Q21015392", "LeAnne Dlamini": "Q28039448", "MIU": "Q11231706", "Ama\u00eblle": "Q31801543", "Lola Dargenti": "Q108540707", "Ayano Uema": "Q11360503", "Maya Kamaty": "Q64590259", "Marie-H\u00e9l\u00e8ne Massy Emond": "Q96682177", "Hatsumi Kagaya": "Q11399731", "Anat Ester Hitman": "Q65252451", "Buridane": "Q116690017", "\u041d\u0435\u043b\u043b\u0438 \u0410\u043b\u0435\u043a\u0441\u0430\u043d\u0434\u0440\u043e\u0432\u0430 \u0411\u0430\u0440\u044b\u043a\u0438\u043d\u0430": "Q122941912", "Vanessa A\u00f1ez": "Q88659973", "\u041c\u0430\u043b\u0430\u0448 \u041e\u043b\u0435\u043a\u0441\u0430\u043d\u0434\u0440\u0430 \u0412\u0430\u0441\u0438\u043b\u0456\u0432\u043d\u0430": "Q94804647", "Alex Mayr": "Q99438617", "Elske DeWall": "Q2463333", "Michiru Hoshino": "Q846512", "Sora Nakayama": "Q17229490", "Kanae": "Q11620109", "Crist\u00e8l Carrisi": "Q3697725", "Nina Novak Oiseau": "Q114006333", "Valentina Maza": "Q123566952", "Angelica": "Q16263883", "Candace Marie": "Q5031566", "Luciole": "Q19060426", "Predawn": "Q28688222", "Hilde Vos": "Q62517896", "Calypso Valois": "Q62712169", "Justyna Chowaniak": "Q85863493", "KerenDun": "Q92211051", "Renee Goust": "Q105845453", "Julia Charler": "Q60912676", "Corinne Nora Huber": "Q95556310", "Nanako Ashimine": "Q11450889", "Tiina Kariina": "Q11319044", "Hidemi Uematsu": "Q11359376", "Pam Feather": "Q2626456", "Daria Stavrovich": "Q4438987", "Milla Chiba": "Q11406718", "Camille Hardouin": "Q113303543", "Galina Bosaya": "Q27654812", "Lindsay Schoolcraft": "Q84166415", "Ida Gard": "Q23777427", "Saki Kayama": "Q11533503", "Reika Okina": "Q11610456", "Fanny Bloom": "Q3066440", "LUNA": "Q11229683", "Nahoko Miyazaki": "Q8966859", "Sandy Dane": "Q15881681", "Risa Nagatomo": "Q24876891", "Ashley Jana": "Q38913453", "Chiharu Mitamura": "Q11630217", "Claudia Koreck": "Q125883", "YU-A": "Q11255277", "Ai Iwasaki": "Q30923172", "Fanny Leeb": "Q24578977", "Ally Burnett": "Q4733400", "Leina": "Q28058441", "Marie Puttnerov\u00e1": "Q96475505", "Mieko Sat\u014d": "Q868060", "Nangi": "Q11236349", "Shimva": "Q30924878", "Simenona Martinez": "Q7517546", "Mei Fumitsuki": "Q17213639", "Dana Likvornik": "Q111417796", "Mahmundi": "Q18277342", "Emi Arisaka": "Q28688779", "Roi Hino": "Q11510538", "Elyanne Breton": "Q3051867", "Tomomi Oda": "Q24877222", "Rio Yamazaki": "Q48750223", "Owlle": "Q15944865", "Yumi": "Q11606710", "Anja Ba\u0161": "Q20521703", "Luc\u00eda S\u00f3cam": "Q5982458", "Marie\u2010Flore": "Q108875437", "Kanae Hoshiba": "Q11481891", "Asuka Takahashi": "Q11670866", "Doron Talmon": "Q64682743", "Ayg\u00f6l \u011e\u00e4ysin\u00e4": "Q108429246", "Christine Ben-Ameh": "Q5110926", "ERIA": "Q48975756", "Yumemi Ikeda": "Q11551777", "Amay Laoni": "Q108746629", "Cl\u00e0udia Cabero": "Q75727215", "NAVID": "Q10746225", "Aafke Romeijn": "Q22442908", "Ava Gaudet": "Q2873225", "Tailor": "Q15850028", "Loli Molina": "Q5978494", "Karin Rabhansl": "Q2739223", "Aika Yoshioka": "Q758631", "Simona Gretchen": "Q3961159", "Leiden Gomis Fern\u00e1ndez": "Q22047751", "Sachie Hiraga": "Q24859569", "Melissa Menago": "Q24884361", "Clio": "Q65027979", "Kl\u00e1ra \u0160mahelov\u00e1": "Q112462966", "Masquemusica": "Q123655602", "Kana Odaira": "Q30927962", "Maimie": "Q55521972", "Ramou": "Q97160494", "Yumi Kawaguchi": "Q83204168", "Ai Inoue": "Q11373011", "Lucie Bernardoni": "Q3265246", "Y\u016bka Sat\u014d": "Q11384124", "Yuuki Nanami": "Q11353613", "Serikana": "Q21700196", "Emji": "Q22248391", "Blackbird": "Q117317751", "Kimka": "Q65016095", "Shigi": "Q11307078", "Amy Lockwood": "Q4749290", "My&Co.": "Q83680578", "Yuki \u014ctake": "Q9019757", "Aya Zahavi Feiglin": "Q30526859", "Jenniffer Kae": "Q121902", "Tahiti Hernandez": "Q62022074", "Akari Emoto": "Q21015196", "Eli Rose": "Q113502586", "Coraz\u00f3n Mizzi": "Q18620150", "Carmen Boza": "Q50376581", "Yelena Yesenina": "Q7274969", "Y\u016b Inoue": "Q11372832", "Konomi Yoshida": "Q11413513", "Shiori Kinj\u014d": "Q11268781", "Karol Ara\u00fajo": "Q115715333", "Maki Chang": "Q11278183", "Mizumoto Natsue": "Q104764542", "Nikiie": "Q3271885", "Ilaria Porceddu": "Q3796309", "Serena Nishihira": "Q17211355", "Nawel Ben Kraiem": "Q26997115", "Rita Zipora": "Q28038571", "Xiomara Abello": "Q96308445", "Manami Kakudo": "Q124039625", "Sarah Sophie": "Q19356857", "Rumi Tani": "Q30932704", "Chihana": "Q41693429", "Soledad V\u00e9lez": "Q56424234", "Polina": "Q20090805", "Ashleigh Mannix": "Q725691", "Ruth Shualy": "Q106797022", "Risa Sotohana": "Q9298232", "Darya Suvorova": "Q4445157", "Lisette Alfredsson": "Q61758965", "Mikako J\u014dho": "Q38277137", "Kalah Bishop": "Q112073792", "Nestelia Forest": "Q125271618", "Emilie Gassin": "Q19955994", "Madelyn Ann": "Q114356570", "Nagisa Kuroki": "Q11678333", "Stella Gotshtein": "Q106658892", "Kamin Shirahata": "Q98758350", "Ayana": "Q11500102", "Tamara Kapeller": "Q123049109", "Ana\u00efs Vila Casanovas": "Q61059130", "Chihiro Nakamura": "Q17226185", "Elana Brody": "Q117857326", "Moto": "Q11233696", "Keiko Yanai": "Q38278425", "Tzlil Danin": "Q110198579", "Tia London": "Q18637579", "Natsuki Shimodate": "Q18817665", "Sasha Starost": "Q85866623", "Ai Takekawa": "Q403264", "Meanna": "Q116772073", "Elsa Esnoult": "Q46731657", "Sh\u014dko Koshino": "Q17130488", "Anat Malamud": "Q28004365", "November Ultra": "Q112747909", "Y\u014d Shibusawa": "Q11561636", "Hiroko Momochi": "Q11280135", "Haruka": "Q11642662", "Kl\u00e1ra Hanychov\u00e1": "Q108187768", "Yuki Matsuda": "Q30926682", "L\u00e9a Castel": "Q1879360", "Azusa Mitsu": "Q8919629", "Holly Cinnamon": "Q114703860", "Loya": "Q16672226", "Kaoru Miyazaki": "Q11454593", "Phela": "Q21755460", "Fuki": "Q22123738", "Nelli Milan": "Q23908026", "Kama Vardi": "Q42306371", "Mery May": "Q121597663", "Missy Knott": "Q123521091", "Lauana Prado": "Q65162576", "Moa Uchida": "Q65249201", "Airi Kawai": "Q67498429", "Michiko Hamada": "Q70544740", "Phanee de Pool": "Q47303308", "Meirav Hellinger": "Q106649217", "Lina Morgana": "Q61827213", "REDD": "Q1746294", "Sherissa": "Q16232922", "Shan'L": "Q107491477", "Asako Nasu": "Q11407655", "Chelsea Tyler": "Q47008774", "SALLiA": "Q18459063", "Shira Gavrielov": "Q16129831", "Toy Connor": "Q19957086", "Gia Martinelli": "Q118143790", "Erin Willett": "Q5389238", "Andrea Bu\u010dko": "Q24983515", "Seira": "Q11513013", "Mao Uch\u016b": "Q16264519", "Shizuka Kazami": "Q60987253", "Marina Chisa": "Q17161152", "Roberta Prestigiacomo": "Q60921006", "Kazusa": "Q11418179", "A Si": "Q67934082", "Renata Marin": "Q115694588", "Marina Yamane": "Q11469530", "Tessa Douwstra": "Q111474009", "Gessam\u00ed Boada": "Q60968246", "Cr\u00e9ol": "Q107491562", "YeYe": "Q104012707", "Yumiko Ashikawa": "Q4023235", "Dayan Flor": "Q118106733", "Arisa Ono": "Q30926289", "Mao": "Q11583273", "Rachel Lui": "Q15898254", "Sofia Portanet": "Q98069442", "Yui": "Q43426228", "L\u00e9a Jarry": "Q108039505", "Ai Higuchi": "Q22124294", "Chelsy Shantel": "Q111215188", "Megi Gogitidze": "Q110412151", "Yori Swart": "Q2465414", "Sini Yasemin": "Q25266222", "Olatz Salvador": "Q47543182", "Sofia Dragt": "Q55204972", "Ehla": "Q66498290", "Sarah Letor": "Q97279870", "Travis Birds": "Q101248617", "Fee": "Q109729531", "Ginne Marker": "Q113173619", "Rikki Borgelt": "Q114904265", "Marie Lanfroy": "Q116169603", "Kiri Rakete": "Q120038664", "Daisy Chute": "Q124609943", "Anya Rudneva": "Q4399500", "Charlott Boss": "Q94533585", "Meritxell Neddermann": "Q64728789", "Tess van der Zwet": "Q115776360", "Ai Ninomiya": "Q21015498", "Coosje Smid": "Q2327936", "Nomke": "Q106464771", "Rita Dakota": "Q66780650", "Kanae Asaba": "Q17232241", "Silja Sol": "Q24035146", "Laura Kloos": "Q61204780", "Yuri Hirose": "Q56347764", "A'maal Nuux": "Q16147846", "M'Bouill\u00e9 Koit\u00e9": "Q108923241", "Kayoko Yoshizawa": "Q18457617", "Christiana Bohorquez": "Q24241137", "Miss Allie": "Q59091587", "Anna Shiraki": "Q11579816", "Celeste Gaia": "Q3664227", "Lady Sophie Nevill": "Q75238733", "Joanna Koike": "Q11266127", "Charly Klauser": "Q97324123", "Rion Nakamae": "Q17227010", "Presley Hernandez": "Q62022133", "S\u00edlvia Tom\u00e0s": "Q47179310", "MAIKA": "Q11613654", "Yukina Sugihara": "Q11521778", "Laura Cahen": "Q20723183", "Mai Nagatani": "Q5967067", "Lenay": "Q115098157", "Kiki vivi lily": "Q97177207", "Reina": "Q113565676", "P.R2B": "Q100251627", "Yayoi Fukutomi": "Q25266042", "Hana Sekitori": "Q11655586", "Rikke M\u00f8lb\u00e6k Thomsen": "Q66361407", "Ad\u00e9la Bohadlo": "Q30336907", "Suzane": "Q83610427", "Renana Ne'eman": "Q16129250", "Astronaute": "Q30524712", "Kukla": "Q63440587", "Nana Adjoa": "Q109684363", "Merita Berg": "Q117675513", "La Ni\u00f1a": "Q122482346", "Zora Cock": "Q122971208", "Zaena Morisho": "Q25324913", "Yayoi Daimon": "Q64783988", "Mimie": "Q107491845", "Virginia Ernst": "Q18029225", "Yohko": "Q11255097", "Laurie Darmon": "Q60154496", "Daniel Sun Krief": "Q98690790", "Kotono": "Q38278979", "Izumi Fumi": "Q30936073", "Katy Leal": "Q124173416", "Yurika Sugie": "Q22128427", "Noa Moon": "Q16855301", "Judit Neddermann": "Q17338014", "Kayslee Collins": "Q104530416", "Hilary Weaver": "Q5761096", "Natsuko Nisshoku": "Q11510769", "MACO": "Q24903151", "Akari Machi": "Q17222706", "Veronika Morscher": "Q21855720", "Migiwa Takezawa": "Q11599288", "Andrea \u0160ulcov\u00e1": "Q117399899", "Svegliaginevra": "Q111784595", "Kei Takebuchi": "Q17160731", "Omer Moskovich": "Q88489155", "Maryna Tymofiichuk": "Q44057860", "Flora Fischbach": "Q28588645", "Laura Murcia": "Q114245817", "Mina Kobayashi": "Q45819056", "Joan Thiele": "Q83561443", "Greta Ko\u00e7i": "Q462734", "Marley Wildthing": "Q123586981", "Patricie Fuxov\u00e1": "Q50822052", "Nehal Nabil": "Q28715178", "Rose Betts": "Q121816299", "Madison McFerrin": "Q58413987", "Luiza Martins": "Q110143605", "Mar\u00eda del Pilar P\u00e9rez": "Q6004995", "Wendy Eisenberg": "Q118514511", "Giorgieness": "Q47536159", "Alia Rose": "Q122825206", "Emi Kabashima": "Q11540898", "Antje Schomaker": "Q58479389", "Judit Puigdom\u00e8nech Roca": "Q60169700", "Inbar Wizman": "Q62070415", "Catherine Tremblay-Mompart": "Q104080874", "Arina Oka": "Q66480236", "Sandy Mango": "Q102319261", "\ub85c\ub7f0 \ucc28\ubca0\uc2a4": "Q17238157", "Maaike Ouboter": "Q13445257", "Yurina Hamano": "Q56348587", "Mariko": "Q113852905", "Kela": "Q114697281", "Erika Lei": "Q106704779", "Emma Hardyman": "Q125328285", "Nina Attal": "Q3341920", "Mirka Mi\u0161kechov\u00e1": "Q58920692", "Yekaterina Nepruk": "Q66668500", "\u0422\u0423\u0427\u0410 (\u0441\u043f\u0456\u0432\u0430\u0447\u043a\u0430)": "Q111203017", "Ayaka Segawa": "Q28688889", "Coral": "Q109050171", "Rina Katahira": "Q11569812", "Rinana": "Q11598742", "Sophie Hawley-Weld": "Q22812862", "KORESAWA": "Q30934932", "Aizawa Mina": "Q51135590", "Irohamai": "Q18990539", "Reni Orsovai": "Q114677179", "Saya Asakura": "Q20038439", "Rachelle Plas": "Q28872590", "Anna Abad i Gils": "Q105918828", "Ky\u014d Sakai": "Q11644201", "Joyce Wrice": "Q106039538", "Idea": "Q55522030", "Eee Gee": "Q122231238", "Emiri Ota": "Q11261271", "Anjali": "Q18352430", "Taylor Horn": "Q3246642", "Beatrice Keeler": "Q47069620", "Majiko": "Q30931625", "Sumire Takada": "Q18817744", "Emma M": "Q109417998", "ermhoi": "Q105703934", "Edda": "Q52376782", "Ekaterina Yashnikova": "Q110868003", "Sophie Chen": "Q30947607", "Selima Taibi": "Q29508973", "Eneritz Furyak": "Q83986484", "Alma Forrer": "Q96747780", "Sandra Erpe": "Q106563653", "Pitou (artiste)": "Q109041540", "Laura Quirke": "Q116734045", "Clow": "Q28691965", "Reol": "Q56345946", "Kaco": "Q65229162", "Camden Cox": "Q70212525", "Monica Anne Parales": "Q17278257", "Wyke van Weelden": "Q62075515", "Mikichu": "Q17361492", "Ayano Kaneko": "Q56059828", "Rei": "Q11281559", "Santa": "Q123370607", "Alid\u00e9 Sans": "Q14864170", "Alice Newman": "Q64410255", "Toriena": "Q22122889", "Natalie Aguero": "Q17345967", "Seira Sakuragi": "Q17158802", "Miyuu": "Q38277653", "Jun Hirabayashi": "Q59134396", "Cassie Wei": "Q104029537", "Lena-Larissa Senge": "Q110772903", "GALE": "Q50675482", "Manami Terada": "Q53764989", "Gabriella Laberge": "Q23816455", "Emily Roberts": "Q64617501", "Ditka \u010cepin": "Q115097478", "Seira Kariya": "Q21015305", "Kelly MissesVlog": "Q23902749", "sadfem": "Q122759854", "Ayaka Ide": "Q11373598", "Margherita Grechi": "Q108466044", "Nanami": "Q113567025", "Aoi Yamazaki": "Q11467915", "Meis": "Q109911778", "Mayra Arduini": "Q3139960", "Brittany Oaks": "Q17172322", "Ibuki Takai": "Q48763215", "Eva Gonz\u00e1lez Montero": "Q109591541", "Olivera": "Q65242414", "Mogli": "Q87994131", "Sera de Bruin": "Q108618815", "Laetitia Kerfa": "Q110277773", "\u7433\u8abc": "Q116226417", "Marcia Higelin": "Q122054157", "Julie Huard": "Q124306551", "Pihlaja": "Q56402190", "Cilou": "Q109018506", "Bella Ballon": "Q125100707", "Hana Amano": "Q59134494", "Ellinoora": "Q22340531", "\ub808\uc774 \ubca8\ub85c": "Q17401279", "DJ Baby Uniq": "Q75394278", "Sof\u00eda \u00c1lvez": "Q122231933", "Hanorah": "Q125055339", "Sandrayati": "Q113644846", "D\u00e9borah Lukalu": "Q109019958", "Jacque Pyles": "Q17189577", "Njomza Vitia": "Q59851586", "Kud\u014d-chan": "Q24868509", "Levaeva": "Q113126054", "Babet": "Q106652788", "Wizzy": "Q25463890", "?te": "Q109780460", "Moe": "Q124097353", "Lindsey Rayl": "Q6552906", "Aigami": "Q28688005", "Kate\u0159ina Marie Tich\u00e1": "Q21684336", "Vasilisa Starshova": "Q70685741", "Suzu": "Q24902852", "Izumi Wakana": "Q67498336", "Diana Ezerex": "Q105836602", "SOE": "Q19918318", "Steffie Beltt": "Q115513679", "Ana Caetano": "Q94786193", "Masumi Furuhara": "Q11410969", "Flay": "Q106203975", "Natacha Andr\u00e9ani": "Q55598748", "Luciana Zogbi": "Q98609823", "Lidiya Zinko": "Q30962130", "Claudia Laurin": "Q113852901", "Avery": "Q4828358", "MIO": "Q19958303", "Tessa B.": "Q97367595", "Rachel Yaron": "Q84432250", "Delaney McBride": "Q29075148", "Judy Blank": "Q20020005", "AVEC": "Q27158996", "Alexandra Groenestein": "Q46205018", "Milana May": "Q106376480", "Lia Sampai": "Q108767571", "Eyelar Mirzazadeh": "Q109910853", "Madoux": "Q124635895", "Sayaka Inoue": "Q98757969", "Hanna J\u00falia Cseri": "Q120065170", "Elisabeth Tj\u00f8svoll": "Q115425212", "Sayaka Komuro": "Q28068030", "Ai Nagayoshi": "Q30925546", "May Sfadia": "Q116692489", "Rei Ami": "Q104842557", "Ririko": "Q45819192", "Mirabeth Sonia": "Q97307458", "SOPHIA": "Q111840878", "Charlotte Rezbach": "Q35017579", "Hitomi Sano": "Q18817619", "mekakushe": "Q30927150", "Julia van der Toorn": "Q15396628", "Marta Shanti": "Q115940194", "Le\u00efla Huissoud": "Q58042929", "Clover the Girl": "Q88330445", "Momosu Momosu": "Q79843673", "Manca Berlec": "Q104804611", "Dol Ikara": "Q68235627", "Anastasia Kreslina": "Q106714806", "Brenna O": "Q113621578", "Miko": "Q22128455", "KANOERANA": "Q28068076", "Roni Bar Hadas": "Q106570387", "Sandra Bautista": "Q107419514", "Toni Baldwin": "Q26251824", "Maria Domark": "Q52699812", "Shoul Aya": "Q24863969", "Riah Knight": "Q112564293", "Caterina Cropelli": "Q115579869", "AnJu": "Q24903165", "Nabi": "Q64784341", "Morikaho": "Q27917675", "\u05e9\u05d7\u05e8 \u05d2\u05d5\u05d8\u05de\u05df": "Q110994437", "D\u00e9sir\u00e9e": "Q89267737", "Daniela Darcourt": "Q59175608", "Koeda": "Q24874622", "Jo Marie Dominiak": "Q95108324", "Wolftyla": "Q100428190", "CoCoRo": "Q28689702", "Ami Warning": "Q64854649", "Pip Blom": "Q57446168", "St\u00e9phane": "Q111724843", "Anna Mabo": "Q108457501", "Kim Ye-ji": "Q112021680", "Haruka Miyake": "Q66615278", "Helene Nissen": "Q28340344", "birthh": "Q105492589", "Emma Peters": "Q109592990", "CHINCHILLA": "Q123361702", "Lina Maly": "Q47928884", "Ceshia Ubau": "Q64865805", "\u30ed\u30a4-R\u00f6E-": "Q65247648", "Theresa Frostad Eggesb\u00f8": "Q91619357", "Kerstin Val\u00ed\u010dkov\u00e1": "Q112542511", "Inbal Raz": "Q115680608", "Eva Niedermeier": "Q105528932", "Bow Anderson": "Q105720739", "Maris Pihlap": "Q124305985", "CK Wong": "Q113110699", "Rinyu": "Q115790591", "Mashinomi": "Q24871760", "NYV": "Q122619922", "Yui Nara": "Q28690824", "Sakino Izumo": "Q25225198", "Veronica Fusaro": "Q104902237", "Hwang So-yoon": "Q105800249", "Anja Kotar": "Q23914402", "Ruri Namiki": "Q11362726", "Yuinishio": "Q100453755", "Alexiane": "Q35541636", "Ksenia Hoffman": "Q113574333", "Nikki Verhoeven": "Q112031403", "Rocky Gold": "Q110545487", "Daphne Blunt": "Q5221595", "Mai Ueda": "Q27917700", "Inka": "Q112326665", "Ryoko": "Q98758875", "Dalia Chih": "Q28714486", "Yuppi": "Q11280822", "Nishina": "Q106478448", "Greta Zuccoli": "Q110153815", "Jana Mila": "Q118597087", "Kiichigo Suzuno": "Q30922932", "Nanako": "Q48749514", "Nyanzonudeshi": "Q65095802", "Natsumi Miki": "Q74146765", "Sinnie Ng": "Q111800387", "Nanako It\u014d": "Q20038751", "Eden Dersso": "Q67153673", "Olivia Dorato": "Q120169913", "Na\u00efka": "Q109933089", "Shay Hamber": "Q108574875", "Emma Justice McBride": "Q29075149", "Juviolia": "Q28758403", "Anna Takeuchi": "Q68185273", "Akira Yuki": "Q30924127", "Cali Hetfield": "Q82580539", "MIREI": "Q27917719", "Cai Zi": "Q85884860", "Ooes": "Q110387666", "Ece Mumay": "Q50602735", "Savannah Kay": "Q117311979", "Amy Guti\u00e9rrez": "Q67092270", "Esther Querol Forner": "Q116727730", "Hannah Mae": "Q83776699", "Hsien Ching": "Q78117580", "Maria Jaume Martorell": "Q99654322", "Esti Markez": "Q109331806", "Victoria Nadine": "Q111635357", "Vale LP": "Q123900116", "Sarasa Kadowaki": "Q11604692", "Yuna Sakuragi": "Q65271689", "Marghe": "Q113355265", "Sara Kays": "Q105693422", "Juliette Angelo": "Q27663262", "Maya Kuriel": "Q107219716", "Zelenooka": "Q117384189", "Cmqmartina": "Q101109125", "Julia Beautx": "Q26709107", "Ayzha Nyree": "Q115900924", "So Shibano": "Q28692116", "Stella Rose": "Q121338313", "Na Go-eun": "Q107253228", "Sally": "Q101077730", "Maryana Ro": "Q50414326", "Kana Adachi": "Q30925625", "Huang Xing Qiao": "Q109317780", "Miki Kozono": "Q18336931", "Dora": "Q99640642", "Imani Williams": "Q92609060", "Wanda Montanelli": "Q4018071", "Aliya Parcs": "Q4491160", "Marisela Verena": "Q16599914", "Alexia Rodriguez": "Q20432292", "Adrien Reju": "Q24243861", "Alli Neumann": "Q56675290", "Willow Osborne": "Q67479244", "Jessica Einaudi": "Q81059969", "Tara Nome Doyle": "Q87809578", "Meg Pfeiffer": "Q101044", "Abby Zotz": "Q306900", "Moni Francis": "Q1693192", "Michelle Featherstone": "Q2720353", "Marlyn Alarm": "Q16854617", "Desiree Klaeukens": "Q17122801", "Noa Ben-Gur": "Q19843392", "Remifa": "Q60230343", "Suu": "Q82386453", "Anna": "Q110051668", "Naya": "Q60833644", "Lil Jolie": "Q105661836", "Dersu": "Q104586509", "Duquesa (cantora)": "Q115607961", "Akane Wakushima": "Q62085169", "Maya Bond": "Q6796671", "Okinawa Electric Girl Saya": "Q84547008", "Clara": "Q61059391", "Aeren Man": "Q110160976", "Jaune Emma": "Q122705644", "Johanna Wacker": "Q115100537", "Nombeko Auguste": "Q118744593", "Charles": "Q108751688", "Ami Sakaguchi": "Q38278812", "Hanin Dhiya": "Q19726222", "Ruby Nikara": "Q114046019", "Kiki": "Q123079333", "Odeya": "Q105735087", "Shuri Uchida": "Q41693732", "Karin.": "Q90865317", "Martina Attili": "Q108270007", "Selena Slamour": "Q117052855", "Sof\u00eda Arlette": "Q123102454", "Madysyn Rose": "Q63616765", "Yeri Mua": "Q117338267", "Agatha Chelsea": "Q12470903", "Zelda Weber": "Q116925916", "Annika Rose": "Q102382609", "Mara Romei": "Q111745688", "Alma Gov": "Q125132641", "Karin Ann": "Q108529528", "Sy\u2019rai": "Q97968107", "Alexa Moon": "Q109713033", "Paz Binimelis": "Q68367547", "Miyu Suzuki": "Q64783993", "Kaitlyn Lam": "Q110813761", "Giulia Nassa": "Q86741760", "Diva Flawless": "Q107723289", "Mel Maryns": "Q108824010", "Doul": "Q105258034", "Stella Dupr\u00e9": "Q113799453", "Raissa Anggiani": "Q109429993", "MC Soffia": "Q41230643", "Bernadya": "Q120204048", "Juli Chan": "Q117304266", "Katteyes": "Q124880848", "Marissa": "Q117765843", "Ruby J": "Q116785712", "Ava Mcbride": "Q29075155", "Nour": "Q114560330", "Anique van B\u00fcseck": "Q117930017", "ao": "Q111488932", "Isabela Ludtke": "Q108100328", "Piper Newman": "Q89942436", "Dateiga": "Q112239327", "Lidus": "Q106826870", "Alessiah": "Q121288609", "Larissa Ludtke": "Q108100360", "Quinn Salman": "Q114801386", "Monroe Cannon": "Q122823823", "Lennon Bouvier": "Q76674013", "Lexi Rabe": "Q65965555", "Posie Griffin": "Q87310597", "Rachel Samberg": "Q112799427", "Elaine Kohama": "Q116041963", "Taylor Jackson": "Q122822789", "Brenda Weiler": "Q945246", "Natascha Leonie": "Q1966334", "Jennie Stearns": "Q2339248", "Beverly Klass": "Q2378218", "D\u00e9n\u00e9 Iss\u00e9b\u00e9r\u00e9": "Q3044540", "Madina N'Diaye": "Q3276079", "Mercedes Audras": "Q3306297", "Mo'Kalamity": "Q3317523", "Nikki Matheson": "Q3341530", "Debora Petrina": "Q3901062", "Lori S.": "Q4267050", "Maryna Melamed": "Q4289263", "Alexa Hamilton": "Q4718071", "Amy Gore": "Q4749210", "Annie Little": "Q4769359", "Beth Waters": "Q4897654", "Boo Trundle": "Q4942750", "Doxi Jones": "Q5303695", "Funky Taurus": "Q5509312", "Grainne Duffy": "Q5593527", "Hadley Poole": "Q5637983", "S\u00edlvia Comes": "Q5691485", "Janice Cruz": "Q6154226", "Jasmine Commerce": "Q6161757", "Jill Cohn": "Q6192773", "Katie Cook": "Q6377410", "Kim Manning": "Q6409107", "Linda Shider": "Q6551963", "Lucie Bar\u00e2t": "Q6696954", "Noush Skaugen": "Q7063932", "Oona Garthwaite": "Q7095357", "Pietra Wexstun": "Q7192881", "Rad": "Q7279909", "Rekha Luther": "Q7310610", "Renee Garcia": "Q7312981", "Sharyn Maceren": "Q7490517", "Sheri Miller": "Q7494851", "Stephanie Kirkham": "Q7608313", "Suzanne Palmer": "Q7650931", "Tracy Johnson": "Q7831766", "Ngok Mei": "Q9132347", "TikChi": "Q9351149", "Elizabeth": "Q10271971", "\u912d\u7b71\u84c9": "Q10563242", "Nell Balaban": "Q10777745", "U": "Q10854890", "Linde Nijland": "Q10940156", "8utterfly": "Q11188401", "Aili": "Q11189052", "Aria": "Q11189561", "Assy": "Q11190495", "Aya Sueki": "Q11190606", "Chihiro": "Q11193278", "Can'no": "Q11194284", "Chie Umezawa": "Q11194517", "Coba-U": "Q11194709", "Eico": "Q11198232", "EmiLy": "Q11198287", "Emi": "Q11198289", "FORT WAYNE": "Q11199686", "Gao": "Q11200862", "HA\u0418NAH": "Q11222314", "Himari": "Q11223427", "IRUMA RIOKA": "Q11224283", "Iroha": "Q11224889", "Kala": "Q11228359", "Keito Blow": "Q11228443", "Lunakate": "Q11230609", "Marie": "Q11232771", "Riryka": "Q11238267", "Pearl": "Q11239430", "Rie a.k.a.Suzaku": "Q11241897", "Ry\u014d Mizutsuki": "Q11242419", "Saltie": "Q11245468", "ToMo K.": "Q11251137", "Unico": "Q11252247", "VIO": "Q11252659", "AEKA": "Q11256764", "Mai Arai": "Q11258553", "Riyu Konaka": "Q11266606", "Ai Sat\u014d": "Q11268085", "Tot": "Q11273216", "Chiyoko Mori": "Q11280184", "Ruri": "Q11281533", "Seiko Ida": "Q11286735", "Yuki Ota": "Q11291770", "Miku Kakoi": "Q11294022", "Yuri Kanna": "Q11295498", "Kim Bianca": "Q11296997", "Jessica": "Q11309197", "Nakimiso": "Q11323746", "Hisano": "Q11329999", "Hinatakako": "Q11330140", "Yokotoriyabe": "Q11346206", "Rinan": "Q11348255", "Ichiho": "Q11353025", "Masami Nakatsukasa": "Q11363235", "Akiko Nakashima": "Q11364689", "Aiko Nakano": "Q11367590", "Mizumo Ikarashi": "Q11372072", "Mari Sasaki": "Q11382341", "Mariko Sagoi": "Q11383073", "Mami Kan\u014d": "Q11398785", "Yuki Kitagawa": "Q11401598", "Y\u016bki Kitamura": "Q11401944", "Hikari Yoshinaga": "Q11413369", "Hiromi Tsuchiya": "Q11423299", "Maiko Horisawa": "Q11427594", "Michi Yamato": "Q11433475", "Momoko \u014csawa": "Q11436977", "Yumiko And\u014d": "Q11450845", "Yasuha Kominami": "Q11459193", "Erina Koyama": "Q11459967", "Mineko Yamamoto": "Q11469298", "T\u014dko Okabe": "Q11473846", "Namiko Kawaguchi": "Q11477957", "Mariko Kawasaki": "Q11478543", "Y\u016bko Kawamura": "Q11478731", "Akiko": "Q11488049", "Saki Oshitani": "Q11497717", "Shiho Hoshida": "Q11512970", "Yumiko Arima": "Q11516745", "Maki Kimura": "Q11519024", "Momoko Hayashi": "Q11532781", "Megumi Yanagi": "Q11534050", "Y\u014dko Shibata": "Q11534794", "Comet Momono": "Q11537134", "Mori Yumiko": "Q11547248", "Manami Mito": "Q11548629", "Maki Nagayama": "Q11549986", "Ky\u014dka Izumi": "Q11554839", "Eri Horagami": "Q11555826", "Nagare": "Q11556596", "Rieko Watanabe": "Q11562008", "Aya Mizobuchi": "Q11564502", "Sonomi Tameoka": "Q11567176", "Ayako Shiraki": "Q11579823", "Maiko": "Q11582855", "Mar.na": "Q11583544", "Remi Aoi": "Q11587763", "Y\u016bko Iso": "Q11588030", "Chigiri Akiyoshi": "Q11594896", "Y\u014dko Akiyama": "Q11595037", "Yumeka Tachibana": "Q11598143", "Eni": "Q11606843", "Rie Ayase": "Q11607348", "Runa Miyoshida": "Q11608816", "Kana": "Q11615230", "Mary J": "Q11616052", "Sachie Arai": "Q11618385", "Yukari Fujiu": "Q11624641", "Yoshiko Fujita": "Q11624691", "Yuna": "Q11640353", "Noda Junko": "Q11646023", "Aya Kaneshiro": "Q11646647", "Yasuka Suzuki": "Q11648337", "Tomo Suzuki": "Q11648935", "Jun Nagami": "Q11653660", "Yukiko Nagasaka": "Q11654907", "Mami Kiwada": "Q11658968", "Kaori": "Q11667687", "Y\u014dko Takamitsu": "Q11671866", "Maki Onizuka": "Q11673427", "Maimu": "Q11677643", "Miu Kuroki": "Q11678294", "Elviira": "Q11857618", "Christel B\u00e6ksted": "Q12305782", "Pia Scharling": "Q12331843", "Kayla J.Yoo": "Q13430411", "Liza Fox": "Q14970059", "Chintung Tse": "Q15908355", "\u6b4c\u8389\u96c5": "Q15911964", "Kirsty Almeida": "Q16148181", "Tomoko \u014cmoto": "Q16264857", "Caroline Brooks": "Q16727678", "Jon Mack": "Q16731774", "Hiromi Kikuoka": "Q16770339", "Jesse Thomas": "Q17013923", "Charlie Vox": "Q17110463", "Qoonie": "Q17129765", "Charlie": "Q17176101", "UCARY & THE VALENTINE": "Q17190479", "Reiko": "Q17191822", "Hirono Mio": "Q17211314", "Naom'ey": "Q17212177", "Makino Mizuta": "Q17212249", "Rieco": "Q17213189", "Roco": "Q17215420", "Meajyu": "Q17220666", "Mami Yanagi": "Q17222194", "Chiaki Kat\u014d": "Q17224822", "Himitsunohug": "Q17225602", "Mai Yatsushiro": "Q17232127", "Shy": "Q17350002", "Jules Larson": "Q17386238", "Nanami Haru": "Q17687260", "MEG.ME": "Q17687616", "Yoteko": "Q17687796", "Rika Matsuoka": "Q18054790", "Gloria Sklerov": "Q18075450", "Porapora": "Q18339323", "Nitza Melas": "Q18456361", "Hazuki Kawase": "Q18991652", "Elisa Ambrogio": "Q19362134", "Anna Rune": "Q20022897", "A.Y.A": "Q20038320", "Sachi Sh\u014dji": "Q20040656", "Tsuge": "Q20041455", "Bonjour Suzuki": "Q20751451", "Jeni": "Q21015396", "Roxi Copland": "Q21070507", "Amy Odell": "Q21541723", "Midori": "Q22130107", "Mesparrow": "Q22248883", "Anna Inginmaa": "Q23040398", "Amanda Pedersen": "Q24387033", "Saori Fukuyama": "Q24641877", "Yumeru Akanezawa": "Q24863450", "Saya Minami": "Q24864376", "LOU": "Q24871115", "Tomoka Fujioka": "Q24872116", "Tomoko Tanaka": "Q24874033", "Rian": "Q24886155", "Hiroko Ya": "Q24896287", "Vanessa Gonz\u00e1lez": "Q24939094", "Lally Basino Buend\u00eda": "Q24955490", "Viviana Laffranchi": "Q25617706", "\u304d\u3043\u3053\u30af\u30c3\u30ad\u30fc": "Q26043150", "Svetlana Agarwal": "Q26927777", "Kiyomi Kobayashi": "Q27151059", "Veronika Jokel": "Q27670939", "Sakura Yamamoto": "Q27918173", "Deborah Hurwitz": "Q28043122", "Britt Burton": "Q28529983", "Hiromi Sugai": "Q28682612", "Yokko": "Q28683736", "Sala Kurokawa": "Q28685971", "\u6797\u548c\u591c": "Q28687024", "Yuzu Fujisaki": "Q28688013", "Natalie Emmons": "Q28689777", "Tsunei": "Q28693482", "Ida Paul": "Q28720668", "Anna Jean": "Q28736812", "Garance Bauhain": "Q28808674", "Martine Rives": "Q28835647", "TYSM": "Q28949975", "Mewhan": "Q29297242", "Peggy Harley": "Q29477947", "Princesse Ella": "Q30727459", "Namua Morimoto": "Q30922946", "Unconditional love": "Q30922996", "Nanami Matsumoto": "Q30923114", "Mai Aoyanagi": "Q30923140", "Mika Komaki": "Q30923882", "Dressing": "Q30924482", "Eri Yamashita": "Q30925433", "Yukano": "Q30927727", "Satomi Nakamura": "Q30932678", "Tomo": "Q30934468", "Chie Tenrei": "Q30934517", "YUKKO": "Q30935137", "Yuri Tanaka": "Q30936722", "Laetitia Velma": "Q31106531", "SEVA": "Q32035942", "JHM": "Q32540073", "Mii": "Q34853695", "N\u30fbFENI": "Q34859310", "Aya Izumi": "Q35174520", "Maki Adachi": "Q38277441", "Ayuka Watanabe": "Q40040995", "Ivana Lola": "Q43302243", "Momo Hashidume": "Q43423630", "Erinoa": "Q43423973", "Maki Oyama": "Q43423998", "Maki Honda": "Q43425973", "B\u00e1ra Zmekov\u00e1": "Q46328199", "Hana Itoki": "Q47465000", "Sugarhate": "Q47998233", "Trish Young": "Q48059069", "Yuuka": "Q48743757", "Hisae": "Q48746433", "Harumi \u014cki": "Q48754117", "Rune": "Q48757403", "Mayumi Shibata": "Q48765482", "Rheason Love": "Q48765690", "Marlys Dominguez": "Q50234395", "Emily Mae Winters": "Q50385574", "Michelle Michina": "Q50822823", "Yelena Liquini": "Q50930703", "Faustina Masigat": "Q51562378", "Rino Oishi": "Q54292630", "Mia Vaile": "Q55189626", "Akane": "Q55525793", "Yuki Yumeno": "Q55538147", "Eyes'": "Q55539276", "Shimamo": "Q55973351", "Melissa Ann Sweat": "Q56277958", "Sayuko Nano": "Q56346551", "Mai \u014cno": "Q56347094", "\u5473\u53ef": "Q56352168", "Eri Amaji": "Q56354368", "Anastasia Minster": "Q56473700", "Mary Wyer": "Q56555843", "Ghea Indrawari": "Q56761928", "Beck Goldsmith": "Q56993956", "Lynn Langham": "Q57241495", "Fiona NicCoinnich": "Q59490229", "Dominique": "Q59589247", "Angelika Korszy\u0144ska-G\u00f3rny": "Q59818288", "Kimberly Krysiuk": "Q59851589", "\u78e8\u9999": "Q60231002", "Ryina": "Q60613340", "Katia Landr\u00e9as": "Q60836694", "Mei Ehara": "Q60986349", "Akari Fujimoto": "Q60987181", "Audrey Henry": "Q61792138", "Ina Rose": "Q61937628", "Igua": "Q62085347", "Marie Martine B\u00e9dard": "Q62640057", "Hal\u00f8ver": "Q62998524", "Sarah Buckley": "Q63034066", "Niina Maedou": "Q63131173", "Nouela Johnston": "Q63151651", "Minke": "Q63344995", "Emeryld": "Q63347447", "Brianna Falcone": "Q63354302", "Cara Salimando": "Q63379116", "Cuesta Loeb": "Q63386104", "Karine Ste-Marie": "Q63663655", "Lizzy Hofe": "Q63871266", "Arielle Sitrick": "Q63928257", "Marissa Barbalato": "Q63940520", "Bellsaint": "Q64222305", "Natalie Tual": "Q64349065", "Gemma Va\u00f1\u00f3 Guarner": "Q64453900", "Emma Garnett": "Q64682515", "Sallay Garnett": "Q64682542", "Elina Stridh": "Q64734169", "Txell Sota": "Q64760745", "Yuriko": "Q64783057", "Milia": "Q64784610", "Maggie Koerner": "Q64877536", "Sam Rui": "Q64989031", "Yukiyo Mizuno": "Q65014834", "Julia Minkin": "Q65054818", "\u00c9l\u00e9onore Lagac\u00e9": "Q65115711", "La Chica": "Q65152086", "Asami Sasaki": "Q65227623", "RANASOL": "Q65230981", "Shaylee": "Q65232011", "Yukicotoco": "Q65247387", "Makaila": "Q65770067", "Kristi Guillory": "Q66125336", "Josie Dunne": "Q66352129", "Lakin": "Q66370737", "LittleJayneyCakes": "Q70478868", "\u6587\u97f3-ayane-": "Q71678858", "Johanna Amelie": "Q73632910", "Nao Kawamura": "Q74149347", "Lindsay Powell": "Q75018717", "Agatha Kafooko": "Q76854583", "Therese Curatolo": "Q77021089", "Zoe Zobrist": "Q77372416", "Janine Cathrein": "Q77658563", "Maggie McClure": "Q77696663", "Dian": "Q77786127", "Miyabi": "Q79018697", "\u9234\u6728\u5f69\u9999": "Q79018799", "Amanda Cooksey\u200e": "Q79839862", "Rayli": "Q80077860", "Lyla June Johnston": "Q80372097", "Victoria Reed": "Q80481051", "Serena Laurel": "Q80851782", "Scarlett Rabe": "Q80852171", "Savannah Philyaw": "Q80852484", "Savannah Lynne": "Q80852919", "Sarah Summer": "Q80853987", "Aim\u00e9e de La Salle": "Q80856032", "\u7531\u6f6e": "Q81031903", "Michelle Lewis": "Q81444228", "Yvonne McCarthy": "Q82287004", "Yui Shinozaki": "Q83204081", "\u611b\u7532\u30df\u30ab": "Q83208889", "Victoria Girling-Butcher": "Q84326957", "\u7dbe\u702c\u3081\u308d": "Q84462210", "\u5ee3\u7530\u76f4\u5b50": "Q84465990", "Alexandra Sauser-Monnig": "Q85493131", "Ma\u00ef Lingani": "Q87746010", "Marta Carvalho": "Q87991083", "Genevieve Bellemare": "Q88785171", "Khalimonova Khristina Oleksandrivna": "Q89189098", "Tara Flanagan": "Q89267746", "Gabrielle Grau": "Q89372863", "Jessie Williams": "Q89417357", "Alex Hughes (singer)": "Q91694161", "Celia Vergara": "Q91771686", "Olya Shelby": "Q92312418", "Nihila": "Q93757007", "Claudia Aru": "Q94638196", "Zule Guerra": "Q95680437", "Tunonna": "Q96045889", "Iris Nylund": "Q96193969", "Ako Itani": "Q96714282", "Yumica": "Q97031692", "Chima": "Q97163368", "Amaiwana": "Q97170924", "mahina": "Q97376279", "Sira Niam\u00e9": "Q97598232", "Yahne Lambray": "Q97664750", "The Analog Girl": "Q97819210", "Milcboy": "Q97901047", "AHAN": "Q98082878", "Lyyti": "Q98687966", "Yurie Suzuki": "Q98758445", "Hirame": "Q98758883", "Monique Creber": "Q98807693", "Vika Chekhova": "Q99399165", "Louise Vertigo": "Q99472352", "Ruuth": "Q99488282", "Dena": "Q99495434", "Lydia Torrej\u00f3n": "Q99503660", "Margaux Sauv\u00e9": "Q99532916", "Ilon": "Q99539480", "Sarah Jones": "Q99676304", "Yeka Onka": "Q100310724", "Lili Cros": "Q100316237", "Myriam Fournier": "Q100450486", "\u30bf\u30b0\u30c1\u30cf\u30ca": "Q100453529", "Audr\u00e9e Southi\u00e8re": "Q101112964", "Ryomaru": "Q101199883", "Rachel de Ruy": "Q102115583", "Dori Valentine": "Q102195123", "Hitomi Kuramoto": "Q102246537", "LaVoyce": "Q102267522", "Tha\u00efs Millet": "Q102349023", "KiNG MALA": "Q102350200", "Folayan": "Q102384711", "Meaghan Blanchard": "Q102535310", "Julie Ringuette": "Q103818698", "Helena-Shadia": "Q103907883", "Matsuri": "Q104012739", "Namina": "Q104455482", "Kalam Kunde": "Q104715156", "Ka Oskar Ly": "Q105380765", "Monique Paquin": "Q105498294", "POESY": "Q105529993", "Riria.": "Q105703969", "Julia Shortreed": "Q105741179", "Shiloh Dynasty": "Q105758519", "Luz Corrigan": "Q105919065", "Asami": "Q106173538", "Danika Holmes": "Q106459733", "Aida Gim\u00e9nez Garcia": "Q106575125", "Agn\u00e8s de Brunhoff": "Q106625425", "Jolanta Arnal": "Q106839425", "Emii": "Q106960710", "Sandrine Hergi": "Q106986131", "Magdalena Fendrychov\u00e1": "Q107249390", "Julia Bondar": "Q107318397", "Annie Humphrey": "Q107362603", "Manatsu Nagahara": "Q107556743", "Eliza Shaddad": "Q107590016", "Samia Finnerty": "Q107689917", "Kat Papachristou": "Q107985084", "Little Black Dress": "Q108002784", "HALLCA": "Q108109312", "SARM": "Q108109330", "Uuna": "Q108109341", "satomoka": "Q108109354", "Aimee Blackschleger": "Q108137648", "Brooke Bentham": "Q108167807", "Pascale LeBlanc": "Q108475471", "Emi Okamoto": "Q108613893", "Poupie": "Q108678799", "Fionnag NicChoinnich": "Q108829849", "Gillie Mackenzie": "Q108830104", "Uwade": "Q108933361", "Dani\u00e8le Comp\u00e8re": "Q108934073", "Ghawgha Taban": "Q109243187", "Megane Lebel": "Q109289170", "Rina Aoi": "Q109356912", "Kaina": "Q109465000", "Shalini Boland": "Q109570076", "Janna27": "Q109572995", "Ai Fujimori": "Q109600024", "Lily Thibodeau": "Q109885072", "Reese Robinson": "Q110088377", "Laura Lucas": "Q110111874", "Hailey Hunter": "Q110474631", "Ela Ololo": "Q110720196", "Sarah Coponat": "Q110804486", "Talvi Faustmann": "Q110918289", "Madeleine Roger": "Q110974203", "Carole Pel\u00e9": "Q110998627", "Iryna Kulshenko": "Q111022558", "Makico Ono": "Q111111988", "Andr\u00e9e Levesque Sioui": "Q111153991", "Th\u00e9r\u00e8se Sayarath": "Q111194712", "Petra G\u00f6belov\u00e1": "Q111240633", "Charlie Lane": "Q111272309", "Anastasia Falcon": "Q111346949", "Roxane St-Gelais": "Q111444382", "C\u00e9line B\u00e9lair": "Q111444861", "Val\u00e9rie Boivin": "Q111444872", "Melissa Brown": "Q111444881", "Isabelle Dowd": "Q111444920", "Carolyn Fe": "Q111444926", "Julie Goupil": "Q111444945", "Kelly-Ann Martin": "Q111445004", "Edith Myers": "Q111445018", "Josianne Paradis": "Q111445024", "Ga\u00eble Tavernier": "Q111445068", "Cindy Turmel": "Q111445082", "Paule Magnan": "Q111445209", "Sophie Beaudet": "Q111445407", "Martina Govednik": "Q111445531", "Fanny Grosjean": "Q111445539", "Eliane Michaud": "Q111445602", "Carissa Val\u00e8s": "Q111445698", "Julie Barbeau": "Q111449146", "Lydia Bouchard": "Q111449169", "Nadine Chikhi": "Q111449184", "Phyllis Gooden": "Q111449218", "Chantal Lafrance": "Q111449240", "Marie-Jos\u00e9e Lavoie": "Q111449251", "Liza Melfi": "Q111449265", "Fr\u00e9d\u00e9rique Cyr-Desch\u00eanes": "Q111450107", "Fanny Migneault-Lecavalier": "Q111450198", "Odette Olivier Fauchois": "Q111450211", "Isabella D'\u00c9loize Perron": "Q111450222", "Gabrielle Roy Lemay": "Q111450240", "Ella Louise Allaire": "Q111453796", "Julie Aspiros": "Q111453834", "B\u00e9atrice Aubry": "Q111453838", "Gabrielle Audet": "Q111453842", "Elyse Aussant": "Q111453849", "Nicole Beausoleil": "Q111453931", "Andr\u00e9e Belle-Isle": "Q111453984", "Natalie B\u00e9riault": "Q111454004", "Andr\u00e9e Bilodeau": "Q111454077", "Maritza Boss\u00e9-Pelchat": "Q111454153", "M\u00e9lodie Bujold-Henri": "Q111454302", "Natalie Byrns": "Q111454329", "Annette Campagne": "Q111454378", "Cynthia Chalifour": "Q111454419", "Jocelyne Charron": "Q111454447", "Ariane Coddens": "Q111454511", "Jos\u00e9e Connors": "Q111454521", "Va\u00efna C\u00e9cile Cr\u00e8vecoeur": "Q111454569", "Liane de Lotbini\u00e8re": "Q111454673", "Katerine Desrochers": "Q111454802", "Lucie Dorion": "Q111454835", "Andr\u00e9e-Anne Duquette": "Q111454898", "Mathilde Duval-Laplante": "Q111454916", "Elizabeth Ekholm": "Q111454929", "Roxane Filion": "Q111454961", "Ariane Gauthier": "Q111455108", "Karelle Girard-Huneault": "Q111455164", "Melanie Guay": "Q111455224", "Nadine Guertin": "Q111455234", "Sabrina Halde": "Q111455253", "Julie Hamelin": "Q111455258", "L\u00e9a Jarry-Talbot": "Q111455298", "Catherine Jeanne-D'Arc Morrissette": "Q111455311", "Gabrielle Jouanno-Guilbert": "Q111455326", "Katee Julien": "Q111455331", "Myriam Kessiby": "Q111455346", "Chlo\u00e9 Lacasse": "Q111455395", "Miryam Amrouche": "Q111455406", "Ariane Laniel": "Q111455536", "Mathilde Laurier": "Q111455574", "Isabelle Lemay": "Q111455650", "Christine Lemelin": "Q111455656", "Julia Lozano": "Q111455771", "Miryam Magri": "Q111455790", "Claudia Marchand": "Q111455807", "Genevi\u00e8ve Marin": "Q111455818", "Denyse Marleau": "Q111455822", "Tess McQuade": "Q111455854", "Jo\u00eblle Miller": "Q111455886", "Kristin Molnar": "Q111455896", "Ariane Morneau": "Q111455924", "Sophie Naubert": "Q111455939", "Bianca Ortolano": "Q111455959", "Sylvie Paquette": "Q111455995", "Eliane Pr\u00e9fontaine": "Q111456134", "Elizabeth Provencher": "Q111456154", "Johanne Provencher": "Q111456157", "Lyne Ra\u00eeche": "Q111456172", "Julie Renault-Roy": "Q111456201", "Chantal Richer-Tsigane": "Q111456211", "Elaine Rioux": "Q111456216", "Maude Robitaille": "Q111456244", "Rebecca Rowley": "Q111456262", "Guylaine Royer": "Q111456267", "Kathryn Samman": "Q111456287", "Sylvie Sarah": "Q111456294", "Jennifer Savard": "Q111456304", "Anyjeanne Savaria": "Q111456306", "Marcia Seebaran": "Q111456313", "Jessy Sheehy": "Q111456324", "Carole Therrien": "Q111456473", "Monique Vermont Borremans": "Q111456611", "Corinne Zarzour": "Q111456656", "Caroline Savoie": "Q111508281", "Sofia Zorian": "Q111577601", "Sara Roy": "Q111654964", "Bridget Sharp": "Q111772021", "Lisa Schettner": "Q111987153", "YU-KA": "Q112080109", "Hayd\u00e9e Raymundo": "Q112106963", "Eleonora Almonti": "Q112130913", "Debra Lyn Neufeld": "Q112135774", "Grace Hrabi": "Q112135995", "Marole Tchamba": "Q112181199", "Mia": "Q112230446", "Maimi Tanaka": "Q112238303", "Karen Tsuchiya": "Q112238697", "Noeleen N\u00ed Cholla": "Q112331949", "Marcia Diehl": "Q112501737", "Shanna Waterstown": "Q112875399", "Clarissa M\u00fcller": "Q113103634", "Lida Lee": "Q113175467", "Katie Geraghty": "Q113456229", "Kynnie": "Q113471312", "Alt Niss": "Q113471323", "Budah": "Q113499213", "1LUM3": "Q113510494", "\u5e73\u7530\u5fd7\u7a42\u5b50": "Q113567160", "Assucena Assucena": "Q113668761", "Raquel Virg\u00ednia": "Q113668796", "mmm": "Q113815782", "Mich\u00e8le Ouellette": "Q113852911", "Alen": "Q114087479", "Mar\u00eda Cristina Plata": "Q114139443", "Dj Katya Guseva": "Q114246800", "Anaiis": "Q114390968", "Marie-Pier Allard": "Q114763465", "Diamy Sacko": "Q114830587", "Amy Sacko": "Q114830705", "Otiti\u00e9 Kiri": "Q114919687", "Seppo": "Q115452740", "TOMOO": "Q115529200", "Asae": "Q115529662", "Mayumi Malotaux": "Q115594718", "Naxx Bitota": "Q115610357", "Liza Kamikazi": "Q115739384", "Audrey Dardenne": "Q116169424", "Ananda D\u00e9vi Peters": "Q116169465", "Tine Poppy": "Q116169481", "Sund'ri Feeling": "Q116169491", "Sista Lova": "Q116169586", "MC Danny": "Q116221202", "Ginny Loon": "Q116738427", "Ms. Bella": "Q116742389", "Methal": "Q116759160", "Halla Taha": "Q116759265", "Birdpaula": "Q116872707", "Shaylee Mary": "Q116936549", "Miwako Yamane": "Q116936797", "Tegacreampan": "Q116937087", "Shiho Suzuki": "Q116937174", "Belle Grand Fille": "Q116939844", "\u85e4\u4e95\u4e07\u5229\u5b50": "Q116965567", "Anna Blue": "Q117085132", "IN\u00caS APENAS": "Q117088089", "Louisa Specht": "Q117134026", "Patrizia Cirulli": "Q117458757", "Alonda Rich": "Q117812315", "Rickie Byars": "Q117813728", "Jenny Biddle": "Q118238774", "Patricia Hardin": "Q118278842", "Nikola Materne": "Q118559536", "Chiyo Hiraoka": "Q118611463", "Jae Hall": "Q118613386", "Miho Miyata": "Q118748939", "Linn Lorkin": "Q119071654", "Ana Lua Caiano": "Q119287009", "Kei Owada": "Q119380988", "Marie-Jos\u00e9e Ouimet": "Q119797303", "Zumio": "Q119926070", "Sonal Pradhan": "Q120355820", "Floriana Cangiano": "Q120493310", "Jenof\u00e9fa Beta": "Q120607222", "Cynthia Hamar": "Q120878391", "Jenna Paulette": "Q120885276", "Roxy Dekker": "Q120912769", "Isabelle Lapointe": "Q121073883", "Acherie": "Q121354834", "Al Olender": "Q121437446", "Yika Ng": "Q122140875", "Margo Cilker": "Q122538354", "Leela Fr\u00e9d\u00e9rique": "Q122620349", "Cassandra Mae Spittmann": "Q122886630", "Julia Zelg": "Q122891566", "Hadas Dagul Shmerling": "Q122899846", "Florence Naprix": "Q122943028", "Flora Par\u00e9": "Q122967066", "Revelle": "Q122969438", "Nastya Star": "Q123046815", "Edie Bens": "Q123110921", "Melissa Danial-Ward": "Q123159534", "Rita Vian": "Q123312643", "Marjari": "Q123345693", "Somei": "Q123408005", "Fernanda Costa": "Q123416414", "Erika Footman": "Q123498619", "Barbara Neuhauser": "Q123512886", "kyOresu": "Q123587327", "Silly Boy Blue": "Q123643784", "Agus Mor": "Q123690266", "Safiya": "Q123707491", "Anne Eck": "Q123753927", "Erica Pomerance": "Q123786296", "Anna-Rose Clayton": "Q123985837", "Rita Moreira": "Q124071545", "Sion Ai": "Q124096805", "Haruko \u014cishi": "Q124096821", "Fujiko Hata": "Q124097030", "Sage Bond": "Q124208478", "TeaMarrr": "Q124303799", "Luce Rushton": "Q124327962", "Anna-Sophie": "Q124331306", "Myriades": "Q124356811", "Tina Leon": "Q124356814", "Victoria Niro": "Q124393190", "Maryn Charlie": "Q124399521", "FILIPA (cantora portuguesa)": "Q124439591", "Fatima El Kayati": "Q124471840", "Mabrouka El Kayati": "Q124471871", "Tuki.": "Q124479935", "Rebekka Holi": "Q124610933", "Mari Conti": "Q124644764", "Cashmyra Rozendaal": "Q124690657", "Viola Violi": "Q124733015", "Yulin Ng": "Q124739442", "Mariangela": "Q124749445", "B\u016b\u016b": "Q124759333", "Chxrry22": "Q124792140", "Juliet Lloyd": "Q124958909", "Hortensia": "Q124981557", "Clara Nugent": "Q124981707", "Abigail Galwey": "Q125055977", "Serena Brancale": "Q125080611", "Savannah Clancy": "Q125161343", "Natalie Bonds": "Q125210590", "Elsa Brotherus": "Q125395461", "Lexa Gates": "Q125436157", "Katja Esle": "Q125472787"}