{"Christine Putz": "Q15794295", "Sigrid Wiking-Olsson": "Q28922697", "Maria Keller": "Q24231359", "El\u017cbieta Zi\u0119tkiewicz": "Q9253316", "Selma Gustafsson": "Q28967418", "Agnes Lindberg": "Q23989463", "Margit Nordin": "Q4970041", "Helene Fischer": "Q93881192", "Irma Schmidegg": "Q432538", "Nell Carroll": "Q3337902", "Minca Rabi\u010d": "Q12796735", "Annemarie Herwarth von Bittenfeld-Honigmann": "Q44528755", "Signora Nor\u00e9n Eberhardsson": "Q23989380", "Isabel Coursier": "Q16187800", "Grete Alt-Lantschner": "Q1419120", "Nini von Arx-Zogg": "Q636662", "Edith Isakiewicz": "Q48567338", "Helene Zingg": "Q513581", "Elvira Osirnig": "Q282010", "Marguette Bouvier": "Q3290820", "Impi Lahtinen": "Q107758735", "Hilda Sturm": "Q3135585", "Monica Grenness": "Q12327547", "\u041c\u0430\u0440\u0438\u044f \u0415\u0444\u0438\u043c\u043e\u0432\u043d\u0430 \u041c\u0438\u043d\u0438\u043d\u0430": "Q1800255", "Rini Andretta": "Q84992195", "Inga S\u00f6derbaum": "Q4981761", "Klavdiya Yemelyanova": "Q28359195", "Zizi du Manoir": "Q116863767", "Erika Heim": "Q113673917", "Galina Tayozhnaya": "Q1492115", "Helga G\u00f6dl": "Q369994", "Turid Jespersen": "Q43419762", "Inga L\u00f6wdin": "Q50951059", "\u041a\u043b\u0430\u0432\u0434\u0438\u044f \u0418\u0432\u0430\u043d\u043e\u0432\u043d\u0430 \u0410\u043a\u0438\u043b\u043e\u0432\u0430": "Q108905844", "Helena Marusarz\u00f3wna": "Q4282970", "Lidija Kodri\u010d": "Q19934314", "\u0415\u043a\u0430\u0442\u0435\u0440\u0438\u043d\u0430 \u041d\u0438\u043a\u043e\u043b\u0430\u0435\u0432\u043d\u0430 \u0427\u0435\u0440\u043d\u043e\u0443\u0441": "Q28500867", "Christiane de la Fressange": "Q116871436", "Carme Romeu Pecci": "Q69108314", "C\u00e9cile Agnel": "Q115098515", "Lojzka Pra\u010dek": "Q114024664", "Erika Paroni-Gasche": "Q23059205", "\u041a\u0443\u043b\u0430\u043a\u043e\u0432\u0430, \u041b\u044e\u0431\u043e\u0432\u044c \u0410\u043b\u0435\u043a\u0441\u0435\u0435\u0432\u043d\u0430": "Q15965861", "Stella Dybwad": "Q12003049", "Rosemarie Gebler-Proxauf": "Q2166881", "\u041f\u043b\u043e\u0442\u043d\u0438\u043a\u043e\u0432\u0430, \u0410\u043d\u0430\u0441\u0442\u0430\u0441\u0438\u044f \u041c\u0438\u0445\u0430\u0439\u043b\u043e\u0432\u043d\u0430": "Q28359148", "Gritli Schaad": "Q513538", "Rhona Wurtele": "Q1147403", "Rhoda Wurtele": "Q22122858", "Pepeta Planas i Capdevila": "Q20876521", "\u0410\u043d\u043d\u0430 \u0418\u0432\u0430\u043d\u043e\u0432\u043d\u0430 \u0420\u043e\u043c\u0430\u0448\u043e\u0432\u0430": "Q28500442", "Maria Schwarzenbacher": "Q1388764", "Aino Paal": "Q22133065", "Anna Bujak": "Q9155074", "Hilde Quast": "Q110586098", "Karin Laine": "Q16405505", "Luise Jaretz": "Q1876623", "Liidia Ojamets": "Q124323573", "Vivian Mitt": "Q123986929", "Lydia Gstrein": "Q1878605", "Judit Szalatnai": "Q26074851", "Polina Tikk": "Q124296597", "Lotte Blattl": "Q1871140", "Anita Parmesani": "Q4765609", "Sally Deaver": "Q538334", "Berit Stuve": "Q20551623", "Mosse Piene": "Q62051826", "Ann Blackstone Schofield": "Q75758237", "\u0412\u0430\u043b\u0435\u043d\u0442\u0438\u043d\u0430 \u041f\u0435\u0442\u0440\u043e\u0432\u043d\u0430 \u0425\u0430\u043b\u0438\u0442\u043e\u0432\u0430": "Q28500781", "Hannelore Basler": "Q1575843", "Kathi H\u00f6rl": "Q1736253", "Grete Haslauer": "Q1354748", "Dani\u00e8le Telinge": "Q3015164", "Helga Herdy": "Q1602187", "Margherita Bottero": "Q6760334", "Helga Hanel": "Q1265306", "Heidi Talviste": "Q124338977", "Debi Handley": "Q122056855", "Christl Staffner": "Q1083951", "Rosmarie Kurz": "Q47648273", "Gertraud Ehrenfried-Gaber": "Q1436651", "Traudl Eder": "Q1524022", "Lioubov Paninykh": "Q18634745", "Annamaria Samassa": "Q3617918", "Viola Ylip\u00e4\u00e4": "Q64784892", "Grete Grander": "Q1545984", "Sieglinde Br\u00e4uer": "Q2283996", "Yanna Yelistratova": "Q28497994", "Christina Ditfurth": "Q1083940", "Eugenija Ada\u0161kevi\u010dien\u0117": "Q12654133", "Karen Korfanta": "Q115942835", "Grete Digruber": "Q1423406", "Kirsten Aune": "Q110613854", "Heidi Zimmermann": "Q525260", "Inge Jochum": "Q89631", "Diana Gibson": "Q123757615", "Ingegerd Fr\u00e4nberg": "Q122166941", "Lillian Nilsson": "Q122175044", "Marie-France Jean-Georges": "Q938257", "Dominique Mathieux": "Q3035328", "R\u00f6sli Rominger": "Q3458904", "Swetlana Sacharowa (Skilangl\u00e4uferin)": "Q65192759", "Tatjana Bondariewa": "Q65192762", "Ginny Honeyman": "Q122571532", "Draga \u017duraj": "Q122772991", "Penny Northrup": "Q123359941", "Dora Storm": "Q123366263", "Tanja Cizej": "Q123486278", "Rita Kroon": "Q111420549", "Erika Roger": "Q64732640", "Dorothea Agetle": "Q108322297", "Julia Spettel": "Q123375293", "Cathy Nagel": "Q378752", "Cheryl Bechdolt": "Q123347993", "Anahid Tasgian": "Q123472952", "Kaija H\u00e4rkin": "Q26922025", "Inge Alupere": "Q124315937", "Unni Fossen": "Q105750030", "Anneliese Leibetseder": "Q122571530", "Eha Pesur": "Q124313818", "Sigrid Eberle": "Q2285247", "Jutta Knobloch": "Q1714613", "Helene Graswander": "Q1601965", "Paula Canerva": "Q2063527", "Daniela Kessler": "Q3014902", "Lisbeth Polland": "Q3242466", "Marion Steedman": "Q3293669", "Verena Fuchs": "Q3555834", "Odile Chalvin": "Q1396105", "Anna Droppov\u00e1": "Q122396844", "Christine Rolland": "Q2965990", "Vigdis Bente M\u00f8rdre": "Q12009713", "Alevtina Elessina": "Q21639244", "Irena Je\u017e": "Q18507935", "Merja Hanski": "Q26723757", "Fabienne Fl\u00e9chet": "Q123230343", "Gail Blackburn": "Q118581386", "Brigitte Schroll": "Q2925475", "Jocelyn P\u00e9rillat": "Q928297", "Brigitte Hauser": "Q916321", "Eija Penttil\u00e4": "Q87051332", "Viki Fleckenstein": "Q538510", "Maddalena Silvestri": "Q116671988", "Muriel Mandrillon": "Q120335362", "Germaine Michelet": "Q3104203", "Vanita Haining": "Q116257198", "Gro Woxholth": "Q120780523", "Evi Renoth": "Q120837858", "Monika Eder": "Q120837859", "Kersti Jacobsen": "Q12321731", "Jeanette Zanier": "Q120175344", "Martine Couttet": "Q118470991", "Daniela Viberti": "Q119079218", "Urve Vakker": "Q111339511", "Evelyne Dirren": "Q543610", "Becky Dorsey": "Q2893488", "Andrea Straub": "Q122397572", "Kv\u011bta Peckov\u00e1": "Q95090963", "Bente Dahlum": "Q115135926", "Karen Cloutier": "Q118946013", "Martine Ducroz": "Q122360795", "Carola G\u00f6ritz": "Q110586087", "Tiina Idavain": "Q111416261", "Laura Motta": "Q119079238", "Pia Gustafsson": "Q115961209", "Kirsti Pennanen": "Q115789612", "Michaela Schaffner": "Q118501194", "Reidun Skj\u00f8rten": "Q119153999", "Jill Wahlqvist": "Q118225325", "Edith Peter": "Q1285125", "Gabi Hauser": "Q1488426", "Martina Ellmer": "Q1746235", "Martine Liouche": "Q117184912", "Giuliana Campiglia": "Q3769321", "Elfi Deufl": "Q293098", "Astrid Kristiansen": "Q17100299", "Renata H\u00f6nisch": "Q115779686", "Karin Sundberg": "Q116702190", "Jana Zemanov\u00e1": "Q118340825", "Brigitte Glur": "Q2925423", "Christine Loike": "Q1083679", "Maria Kurz-Schlechter": "Q526039", "Lyubov Zimyatova": "Q28487439", "Britta \u00d6stman": "Q118225324", "Edith Lindner": "Q115868177", "Anne Dorte Carlson": "Q28718088", "Gaby Scheidegger": "Q100756512", "Tatsuko Aoki": "Q11661874", "Dianne Lehodey": "Q114733809", "Sigrid Totschnig": "Q2285332", "Monica Jonsson": "Q119376525", "Lorena Frigo": "Q105063561", "Cinzia Valt": "Q115343099", "Elisabeth Kraml": "Q998841", "Eli H\u00e5rdnes": "Q112205860", "Judy Richardson": "Q115896507", "Andrea Haaser": "Q494028", "Karen Lancaster": "Q113568650", "Paola Toniolli": "Q113863866", "\u041d\u0438\u043d\u0430 \u0410\u0440\u043a\u0430\u0434\u044c\u0435\u0432\u043d\u0430 \u041f\u0430\u0440\u0430\u043c\u043e\u043d\u043e\u0432\u0430": "Q28500277", "Hille Saarepuu": "Q124305754", "Brenda Buglione": "Q115219250", "Chiara Fiume": "Q115367849", "Heidi Riedler": "Q115978933", "Lenka Vl\u010dkov\u00e1": "Q115624540", "Tiia Teppan": "Q12376863", "Karine Hesle": "Q113363121", "Christina Grassl": "Q114825275", "Tja\u0161a Klanj\u0161\u010dek": "Q121075998", "Corinne Eugster": "Q114920170", "Krystyna Pawlik": "Q55393031", "Maria Laura Alberti": "Q115215076", "Paola Marciandi": "Q114658456", "Alessandra Bianco": "Q116671992", "Erika Gfrerer": "Q1354369", "Rosi Aschenwald": "Q2167359", "Noel Lyons": "Q115235594", "Christa Puschmann": "Q115978944", "Inge Krenn": "Q115088835", "Heidi Bowes": "Q111938660", "Hanne Krogstad": "Q65192693", "Gry Opheim": "Q113953311", "Lynn Lacasse": "Q114364467", "Roberta Berbenni": "Q114639772", "Ivana Velesov\u00e1": "Q114658475", "Eva Pfosi": "Q114677536", "Alessandra Batacchi": "Q114785986", "Marlies Wittenwiler": "Q115047635", "Huberta Wolf": "Q114689260", "Fran\u00e7oise Bozon": "Q1112115", "Patricia K\u00e4stle": "Q114658383", "Polona Peharc": "Q29343706", "Anne Helene Barlund": "Q16171591", "Nancy Gustafson": "Q90974864", "Chantal Hudry": "Q114875392", "Annelies Lengacher": "Q100975344", "Caroline Beer": "Q113467106", "Sonja Stotz": "Q114920169", "Elena Alberti": "Q114434826", "Linda Rocchetti": "Q20030476", "Lisa Wilcox": "Q113988220", "Maya Hajjar": "Q47462599", "Natalya Frey": "Q15063141", "Cristina Brichetti": "Q113667205", "Lynda McGehee": "Q113568649", "Nata\u0161a Bla\u017ei\u010d": "Q29343655", "Anja Leskov\u0161ek": "Q29343515", "Elisabeth Giger": "Q112119173", "Inger K\u00f6hler": "Q112567639", "Vibeke Hoff": "Q113363120", "Stina Esp": "Q113531508", "Ulla Carlsson": "Q113988221", "Gabriella Hamberg": "Q114451754", "Alexandra Probst": "Q114875395", "Wilma Valt": "Q115047636", "Martina Sch\u00f6nb\u00e4chler": "Q100744327", "Margrit Ruhstaller": "Q100752955", "Kaarin Reintam": "Q124302348", "Clara Angerer": "Q5125933", "Claudia Riedl": "Q113467105", "Ene Ojari": "Q124338464", "Marielle Studer": "Q113667204", "Adele Allender": "Q112136710", "Tarja Mulari": "Q16988379", "Camilla Lundb\u00e4ck": "Q111938721", "Anita Braunegger": "Q113717100", "Regula Betschart": "Q113205181", "Catherine Lussier": "Q110519008", "Anja Straupeneck": "Q112124693", "Nathalie Jamet": "Q112130912", "Kjersti Nilsen": "Q112958160", "Bente Bj\u00f8rnsen": "Q113363119", "Tordis Jonsdottir": "Q113363122", "Tracy McEwan": "Q113462215", "Amy Livran": "Q113576280", "Minna Pelkonen": "Q97682358", "Barbi Koprol": "Q121075918", "Alenka Mavec": "Q121076008", "Elisabeth Glanzmann": "Q100989365", "Kerttu Tiikkainen": "Q105097894", "Christine Zangerl": "Q112158176", "Nicoletta Merighetti": "Q1987127", "Adelheid Gapp": "Q354666", "Brigitte Auer": "Q110518999", "Petra Bernet": "Q111312723", "Angelika Hurler": "Q110834767", "Katrin Stotz": "Q1736755", "H\u00e9l\u00e8ne Barbier": "Q9295610", "Kari Anne Saude": "Q110276310", "Svitlana Tryfonova": "Q4983471", "Gudrun Arnitz": "Q1522781", "Marianne Aam": "Q110993760", "Monica Borsotti": "Q111802593", "Tori Pillinger": "Q113003450", "Ulrika W\u00e4rvik": "Q111812032", "Catarina Rosenqvist": "Q113043228", "Annelie Sundgren": "Q113374853", "Marianne Myklebust": "Q60689160", "Silvana Erlacher": "Q113348211", "Liliya Vasilyeva": "Q3832384", "Kendra Kobelka": "Q87779189", "Rosi Renoth": "Q2167368", "Marianne Vlasveld": "Q12146503", "Jeanne-Marie Pipoz": "Q106719616", "Helga Lazak": "Q113126446", "Roswitha Raudaschl": "Q19971403", "Nadezhda Slesareva": "Q11788783", "Katja Lesjak": "Q20029574", "Katia Ghedina": "Q113878096", "Annie E. Manshaus": "Q110993761", "Rardi Van Heest": "Q111938670", "Camilla Burks": "Q111973923", "Karianne Borge Eriksen": "Q112205859", "Maria Kristoffersson": "Q112228623", "Corinne Spahr": "Q113205182", "Aase Kristine Malm": "Q113363123", "Marion Mahlknecht": "Q113493960", "Myrtha F\u00e4ssler": "Q100997780", "Daila Dameno": "Q114163556", "Angela Drexl": "Q532526", "Annick Chappot": "Q20028546", "Tanja Steinebrunner": "Q112352602", "Andrea Salvenmoser": "Q110773135", "Birgit Wolfram": "Q111312648", "Astrid Geisler": "Q750568", "Gaby May": "Q111049832", "Sandra Burn": "Q112124694", "Giovanna Gianera": "Q110989215", "Karin V\u00e4rnlund": "Q107565102", "Camilla Hott Johansen": "Q17097907", "Marika Daxer": "Q19788884", "Birgit Eder": "Q20028745", "Christa Hartmann": "Q20029057", "Martina Augustin": "Q110943091", "Barbara Frizzarin": "Q110989237", "Karine Pons": "Q111794991", "Ingrid Halseth": "Q111993287", "Janne Ugelstad": "Q111993290", "Julie Klotz": "Q112873541", "Carter Payne": "Q113003449", "Sally Knight": "Q113012398", "Jutta Mainhart": "Q105303259", "Karin Ersson": "Q3812997", "Ine Wigern\u00e6s": "Q11977089", "Dorota Dziadkowiec-Micho\u0144": "Q9210165", "Francine Moreillon": "Q30729008", "Astrid Ruud": "Q125103285", "Raymonde Ansanay Alex": "Q19788878", "Hanne Lahtinen": "Q105097850", "Erika Della Moretta": "Q110267853", "Sonja Rusch": "Q110787173", "Carola Spatschil": "Q110883584", "Marie-Pierre Schule": "Q111270621", "Agneta Hjorth": "Q111912662", "Hanne Charlotte Johnsen": "Q111993289", "Gibson LaFountaine": "Q112109848", "Else Tefre": "Q112205857", "Aline Mandrillon": "Q112252904", "Kristin Sem Thagaard": "Q11982124", "Tanis Hunt": "Q19788851", "Monika Kogler": "Q110443732", "Anu Tammem\u00e4gi": "Q12359466", "Kimberly Schmidinger": "Q19788880", "Manuela Umele": "Q19788774", "Isabelle Fabre": "Q107987272", "Hanne Dreyer": "Q109681560", "Anniken Murstad": "Q110993763", "Wendy Fisher": "Q111016157", "Renate G\u00f6tzendorfer": "Q111312644", "Michaela Thaler": "Q111312647", "Andrea Raffeiner": "Q111802592", "Marina H\u00e4nstr\u00f6m": "Q112040059", "Monica S\u00e6ther": "Q112205858", "Petra Plajbes": "Q121027000", "Caterina Dietschi": "Q3663501", "Anouk Barnier": "Q111851409", "Narcisa \u0160ehovi\u0107": "Q116141578", "Christina Riegel": "Q537521", "Gabriele Papp": "Q110518997", "Manuela Heubi": "Q109669704", "Andreja Potisk": "Q12784631", "Sarah Hemery": "Q3473358", "Roberta Pergher": "Q109712739", "Siri Halle": "Q17094181", "Veronika Kappaurer": "Q108796635", "Manuela Lieb": "Q109376635", "Karine Dubouchet Revol": "Q1559050", "Jelena Vedenejeva": "Q11978368", "Tove Thun": "Q12007243", "Nives Sitar": "Q29045128", "Marcela Mi\u0161\u00fanov\u00e1": "Q92708725", "Ingrid Helander": "Q108796636", "Christl Hager": "Q109669697", "Ulrika Nordberg": "Q109669702", "Josefin Edvinsson": "Q110276311", "Daniela Weitgasser": "Q111312643", "Gerlinde Brandst\u00e4tter": "Q111312649", "Marosffy Orsolya": "Q20437516", "Pavla Francov\u00e1": "Q19602542", "Maryna Pestriakowa": "Q16575249", "Eleonore Richon": "Q109376644", "Lindsey Roberts": "Q108532967", "Andrea Schwarzenberger": "Q19788849", "Cornelia Meusburger": "Q1133379", "Sandra Reymond": "Q109669706", "Isabel Picenoni": "Q111164142", "Barbara Milani": "Q108532934", "Cecilie Mj\u00f8en": "Q24262613", "Brooke Hovey": "Q16533717", "Laetitia Dalloz": "Q108118298", "Karin Lambrigger": "Q109120836", "Katyuscia Demez": "Q110299857", "Monika K\u00e4slin": "Q110453923", "Simona Novara": "Q109376625", "Kerstin Riediger": "Q110221907", "Annette Kullman": "Q3617976", "Monica Johansson": "Q11785088", "Karine Allard": "Q19788760", "Marke Rautiala": "Q29895938", "Siri Kvinlog": "Q109712743", "Katherine Davenport": "Q110762895", "Martina Osterried": "Q111851396", "Monica Raaen-Iversen": "Q125103362", "Johanna Lindholm": "Q65175680", "Sara Hugg": "Q105087053", "Anita Olsen Katnosa": "Q24262607", "Daniela Schuster": "Q1163560", "Monika Tschirky": "Q108796629", "C\u00e9line D\u00e4twyler": "Q19788762", "Steffi Kindt": "Q109347", "Edith Rozsa": "Q1285145", "Linda Ydeskog": "Q108287102", "Christiane Abenthung": "Q1082611", "Marica Fav\u00e9": "Q110544324", "Ann-Mary \u00c4ht\u00e4v\u00e4": "Q28028739", "\u0421\u043c\u0438\u0440\u043d\u043e\u0432\u0430, \u041d\u0430\u0442\u0430\u043b\u044c\u044f \u042e\u0440\u044c\u0435\u0432\u043d\u0430": "Q55655868", "Sovrana Welf": "Q108796622", "Swiet\u0142ana Frizen": "Q16608121", "Tiziana De Martin Tropanin": "Q107530521", "Elizabeth Robinson": "Q108796621", "Hanna Orre": "Q108796627", "Catherine E. Lussier": "Q109120794", "Antje Braito": "Q109120824", "Joanna Magee": "Q109672608", "Katja Wach": "Q110773096", "Stephanie Hoolahan": "Q110787181", "Maija Oravam\u00e4ki": "Q11880547", "Nadja Scaruffi": "Q102257761", "Lea Ribari\u010d": "Q18608742", "Shana Sweitzer": "Q108796644", "Irina Skladnieva": "Q11714008", "Marianne Winge": "Q109120828", "Martina Koschuttnigg": "Q109908667", "Angela Zimmermann": "Q109120844", "Eva Kjerstadmo": "Q24262615", "Tania Noakes": "Q2392575", "Laura Schelbert": "Q110276313", "Petra Olamo": "Q107987141", "Leila Demez": "Q109120848", "Momoko Dekijima": "Q11395659", "Evelyn Lauvstad Hanevold": "Q1381769", "Margarita Nikolian": "Q17558594", "Elena Uskova": "Q85867408", "Madlen Summermatter": "Q1883407", "Hege Nilssen": "Q1593710", "St\u00e9phanie Cl\u00e9ment-Guy": "Q107300320", "Anu T\u00e4htinen": "Q16529787", "Patrizia Auer": "Q107530541", "Morwenna Lane": "Q28529341", "Claudia Cosio": "Q17057593", "Marianne Br\u00e9chu": "Q107530553", "Sonja Stadler": "Q109120849", "Kylie Booth": "Q109376640", "Melanie Sch\u00f6ffmann": "Q109672607", "Jennifer Collins": "Q109672877", "Hege Holen": "Q109712744", "Anu Kittil\u00e4": "Q105097817", "Alena Walkawez": "Q2640963", "Caroline Bisson": "Q15919830", "Susanna Nevala": "Q16608034", "Niina Jyrki\u00e4inen": "Q1668703", "Fujiko Sekino": "Q107300319", "Grete Str\u00f8m": "Q108287096", "Yvonne Zeibig": "Q2602451", "Ayari Sat\u014d": "Q11384347", "Barbara Raggl": "Q20030422", "Romina Dei Cas": "Q107530523", "Doris G\u00f6tzenbrucker": "Q107033572", "Jeanette Collenberg": "Q107530522", "Amber Guaraglia": "Q108532953", "Kristina Duvillard": "Q104998442", "Alexandra Holzmann": "Q108532961", "Cecilie Sylvester Jensen": "Q109120827", "Ellie Levins": "Q109376622", "Kina Swid\u00e9n": "Q4981648", "Cornelia Porrini": "Q11691515", "Lucie Hanusova": "Q65175704", "Sanna Virtanen": "Q65175787", "Sabina Rogie": "Q106855730", "Cecilie Larsen": "Q48868788", "Sigrid Mutscheller": "Q2285304", "Simone Behringer": "Q107300323", "Ylvie Runggaldier": "Q108532927", "Helene Richard": "Q107534028", "S\u00edlvia Leal Auge": "Q85329088", "M\u00f3nica Saez": "Q18609229", "Elina Ussher": "Q16543428", "Sara Granroth": "Q2224160", "Kristine Heggelund": "Q106649579", "Marie-Jo\u00eblle Cl\u00e9ment": "Q108532968", "Maren G\u00fcnter": "Q1894676", "Kjersti Bjorn-Roli": "Q107594964", "Natalja Aleksiejewa": "Q16159263", "Natalja Nikolajewna Sernowa": "Q16581598", "Elena Bresciani": "Q109672875", "Corina Hossmann": "Q107987122", "Marta Antonioli": "Q104984208", "Ruth K\u00fcndig": "Q107110244", "Elena Banfo": "Q1327857", "Leeve H\u00f5rak": "Q123982847", "Anja Kalan": "Q29045093", "Ashley Davenport": "Q108796637", "Mari Rauhala": "Q3847070", "Satu Sikanen": "Q106625262", "Erika Forss": "Q107110243", "Kelly Stempihar": "Q107530540", "Alexandra Morallet": "Q108532930", "Petra Kritzinger": "Q108532933", "Susie Whan": "Q108532955", "Ingrid Bj\u00f8rdal": "Q109120829", "Brigit Repas": "Q109376620", "Kristin Hartman": "Q109376623", "Aimee Mulkern": "Q109376626", "Nadine Amann": "Q109376636", "Vikt\u00f3ria Z\u00e1mb\u00f3": "Q28870455", "Maija Puukilainen": "Q65175708", "Irena Tom\u0161ov\u00e1": "Q6572103", "Marjo Loukkola": "Q42302562", "Tina Bogataj": "Q107530482", "Eveline Rohregger": "Q1381676", "Silke Bachmann": "Q273741", "Shaina Mulkern": "Q108796647", "Renate Forstner": "Q2143381", "Iva Milesov\u00e1": "Q76432744", "Carina Barcos": "Q2665655", "Monika Dumermuth": "Q1944599", "Linda Alpiger": "Q105337263", "Brittney Mahanna": "Q109376621", "Elisabeth Brandner": "Q20028475", "Nathalie Robert": "Q108532931", "Katarina Breznik": "Q1735612", "Jitka Pe\u0161inov\u00e1": "Q1689668", "R\u00f8nnaug Schei": "Q24262640", "Riitta Pitk\u00e4nen": "Q52393", "Heli Peltonen": "Q40574773", "Sibylle Murer": "Q107987144", "Michaela Kofler": "Q1930055", "Katja Ruotsalainen": "Q22916965", "Tamara M\u00fcller": "Q2391204", "Janet Klein-Filbrich": "Q1352081", "Stefanie Luckmaier": "Q107533985", "Veronika Thanner": "Q107272952", "Alexandra Krebs": "Q107987158", "Natallya Svirydava": "Q16581603", "Erika Vasziljevic": "Q28870427", "Sandra H\u00e4lldahl": "Q20029046", "Tatum Skoglund": "Q106964407", "Ines Zenh\u00e4usern": "Q107110245", "Holly Shelton": "Q108532956", "Elisabeth K\u00f6gl": "Q108532973", "Stina Dahlgren": "Q108796626", "Marion Berger": "Q108796639", "Suzan Dole": "Q108796645", "Julia Delich": "Q108796648", "Gillian McFetridge": "Q109376614", "Marina \u0141ajska": "Q65175723", "K\u00e4ti Kangro-Hallik": "Q124317115", "Dalia Lorbek": "Q20029615", "Marina La\u017eskaja": "Q3848046", "Caroline Pellat-Finet": "Q107272921", "Bente Giljarhus": "Q107081010", "Julie Duvillard": "Q102439646", "Isabel Klaus": "Q11714107", "C\u00e9line Martin": "Q109672872", "Antonella Marquis": "Q108796632", "Becky Puiras": "Q813760", "Karin Truppe": "Q105474547", "Tanja Pieren": "Q105337259", "Jennifer Mickelson": "Q108118291", "Delphine Rayne": "Q107987143", "Martina Lechner": "Q1905470", "Mari Yasuda": "Q11451097", "Natasha de Troyer": "Q3336861", "Katja Jossi": "Q106964388", "M\u00e9lanie Lenoir": "Q107530554", "Pirjo Urpilainen": "Q64499", "Katie Dunn": "Q108796646", "Nina Lintz\u00e9n": "Q16582370", "Malin Hultdin": "Q99235174", "Petra Mitterstieler": "Q107556622", "Megan Mullen": "Q109376627", "Andrea Reithmayr": "Q16528460", "Maija Saarinen": "Q16574027", "Jorunn \u00d8ye": "Q17114559", "Pia K\u00e4yhk\u00f6": "Q20029332", "Elisa Bonacorsi": "Q107556621", "Karin Blaser": "Q1349340", "Micol Murachelli": "Q6838946", "Celine Marti": "Q28813129", "Stefanie Wolf": "Q20031093", "Tina Gartz": "Q47462256", "Marina Huber": "Q106964390", "Anna Prchal": "Q106964402", "Eva Walkner": "Q46910459", "Carolina Waidhofer-Dummer": "Q107530526", "Valentine Scuotto": "Q1778901", "Anja Veum": "Q24262608", "Ella Alpiger": "Q101107504", "Tove Pashkowski": "Q107530543", "Sarah Kamilewicz Riley": "Q2224390", "Jana Rehemaa": "Q111336371", "Siri Bj\u00f8rgen": "Q107594961", "Kerstin Reisenhofer": "Q1725060", "Gail Kelly": "Q104903801", "Tiffany Hoversten": "Q108532954", "Elsbeth Straub": "Q2692032", "Megan Ganong": "Q107987147", "Shino Ishizuka": "Q11585471", "Ane Enderud": "Q84035698", "Nina Hansson": "Q104530081", "Courtney Calise": "Q106964411", "Gretchen Mielke": "Q106964417", "Val\u00e9rie Cornu": "Q107033581", "Therese Sommerseth": "Q107081013", "Ania Morton": "Q107272941", "Danielle Bird": "Q107534025", "Erin Graham": "Q1354594", "Magda Mattel": "Q3276628", "Megumi Emura": "Q1917183", "Christine Hargin": "Q47261014", "Romina Demetz": "Q1720065", "Karine Meilleur": "Q107272923", "Petra Knor": "Q106964386", "Anne Marie M\u00fcller": "Q565565", "Mariana Handler": "Q3847669", "Lena Jensen Rogn": "Q24262626", "Itsuka \u014cwada": "Q1675305", "Tatjana Rinatowna Jambajewa": "Q4965090", "Ana Maria Palma Flandez": "Q482934", "Honey Galvani": "Q107556623", "Ekaterina S\u010dastlivaja": "Q1109836", "Mirlene Picin Mika": "Q1567195", "Brooke Gosling": "Q16533713", "Andrea Dupont": "Q24955749", "Julie Langevin": "Q106964413", "Julie Carraz-Collin": "Q274466", "Pia Rivelsrud": "Q24073957", "Floriane Paturel": "Q105474552", "Jennifer Delich": "Q107987159", "Borghild L\u00f8vset": "Q21936359", "Chiara Maj": "Q104761442", "Carmen Casanova": "Q598176", "Tatjana Masunina": "Q1397351", "Ingvild Aas": "Q24262620", "Audrey Peltier": "Q98544569", "Christin Lathrop": "Q105686423", "Elisha Stephens": "Q107273105", "Elisabeth Gmainer": "Q107530544", "Eva Stoll": "Q107534017", "Molly Russell": "Q107534024", "Ingrid Rumpfhuber": "Q1663387", "Krisztina L\u0151rincz": "Q47501498", "Stefanie Stemmer": "Q1266105", "Alexandra Kolier": "Q107300322", "Kayo Kaneko": "Q24873148", "Susanne Beer": "Q105152881", "Heli Heiskanen": "Q21016681", "Rapha\u00eblle Strub": "Q104952850", "Olga Mikhailova": "Q347653", "Isabelle Huber": "Q1507941", "Ida S\u00f6derberg": "Q106766627", "Pia Borgen": "Q105152793", "Kathrin Wilhelm": "Q1736536", "Anja Blieninger": "Q95942", "Sabrina Beer": "Q101850223", "Courtney Strait": "Q107530538", "Peng Yonghong": "Q4972314", "Laurence Lazier": "Q104761456", "\u00c9milie Depommier": "Q106610607", "Emmanuelle Colomban": "Q104903774", "Cristina Kelder": "Q3697541", "Sini Alusniemi": "Q28720806", "Maia Barmettler": "Q1885108", "Darya Starostina": "Q18187983", "Kristina Hultdin": "Q101113274", "Andrea Felber": "Q493867", "Evgenija Chachina": "Q3735644", "Marjo Korander": "Q22916832", "Erika Dicht": "Q105337264", "Yuka \u014ctaki": "Q11437673", "Monika Knapp": "Q105474549", "Fumi Okui": "Q18225945", "Lauren Ross": "Q98178144", "Eliane Volken": "Q104530102", "Katharina Dorner": "Q104698358", "Manuela Suitner": "Q104903775", "Katie Beardsley": "Q104903797", "Kristen Bybee": "Q104904017", "Petra Strassegger": "Q106610581", "Trude Fl\u00f8 Johnsen": "Q106649580", "Florence Roujas": "Q106835478", "Hilary McCloy": "Q106964399", "St\u00e9phanie Ouellet-D\u00e9coste": "Q107272942", "Manuela Mair": "Q107272953", "Ange Laycock": "Q530901", "\u0410\u043d\u043d\u0430 \u041c\u0430\u0440\u0430\u0442\u043e\u0432\u043d\u0430 \u0413\u0430\u0439\u043d\u0443\u043b\u043b\u0438\u043d\u0430": "Q29864985", "Carin Holmberg": "Q3658664", "Linda Baginski": "Q16014220", "Borijana Slatarewa": "Q893592", "Sandra Gini": "Q449702", "Berit Nordstad": "Q820700", "Ines Schweizer": "Q18596669", "Line Damgaard": "Q16188260", "Barbara Feichtner": "Q15785519", "Emma Pezzedi": "Q3724653", "Ingvild Engesland": "Q1663475", "Weronika Alexejewna Timofejewa": "Q2563279", "Eveliina Randelin": "Q67995447", "Suki Horton": "Q107272946", "BethAnn Chamberlain": "Q831088", "Souazic Le Guillou": "Q106620539", "Satsuki Kond\u014d": "Q11638673", "\u041f\u043e\u043f\u043a\u043e\u0432\u0430, \u0410\u043d\u0430\u0441\u0442\u0430\u0441\u0438\u044f \u0411\u043e\u0440\u0438\u0441\u043e\u0432\u043d\u0430": "Q16687094", "Johanna Ojala": "Q16596014", "Claudia Morandini": "Q3679862", "Barbara Moriggl": "Q4859175", "Kristen Mielke": "Q97579282", "Sarah Sch\u00e4dler": "Q104599770", "Solfrid Braathen": "Q12001819", "Ildik\u00f3 Papp": "Q1658369", "Birgit N\u00f6ssing": "Q18920498", "Triin Peips": "Q1648918", "Jessica Kelley": "Q981721", "Aur\u00e9lie Santon": "Q2872012", "Anastasija Kazakul": "Q390628", "Merethe Braathen Sinnes": "Q17107279", "Astrid Vierthaler": "Q750893", "Jessica P\u00fcnchera": "Q1557280", "Ursina Badilatti": "Q16163369", "Ellen Hild": "Q105063567", "Jenny Lathrop": "Q98177606", "Karin Hess": "Q101107506", "Megan Hughes": "Q104903794", "\u0160pela Bertoncelj": "Q105152808", "Maggie Pattillo": "Q107033579", "Vanja Vravnik": "Q107530484", "Cheng Xiaoni": "Q2667918", "Uljana Wiktorowna Denissowa": "Q274455", "Annukka Siltakorpi": "Q6563502", "Isa Tripard": "Q104903782", "Yekaterina Vorontsova": "Q3720810", "Anna Comet i Pascua": "Q42725100", "Megumi Izumi": "Q1917187", "Bryna McCarty": "Q995258", "Samira Zargari": "Q1736033", "Aita Camastral": "Q410286", "Jana H\u00f6nig": "Q1682498", "Anne-Lise Bailly": "Q9155907", "Mariona Aubert Torrents": "Q1899279", "Marina Wassiljewna Tschernoussowa": "Q23059270", "Florian R\u00fcegg": "Q18596659", "Kerttu Siim-Wilcox": "Q123986070", "Veronica Cavallar": "Q5993381", "Rachel Roosevelt": "Q104903796", "Yvonne Schnock": "Q106845", "Tanya B\u00fchler": "Q106835479", "Christiane Bauer": "Q107033840", "Kia L\u00e4tti": "Q1740741", "Daniela Zeiser": "Q1163621", "Christina Risler": "Q103831246", "Lauren Van Ness": "Q104903795", "Angelika Gr\u00fcner": "Q97369611", "Emiko Kiyosawa": "Q1335732", "Monica Berrondo": "Q11989860", "Alessia Pittin": "Q107033587", "Julia Littman": "Q99043380", "Ida Hinders": "Q99235176", "Ingrid Busterud": "Q100805753", "Marie Aufranc": "Q101050185", "Ingrid Oldertr\u00f8en": "Q105152792", "Sandra Fiegl": "Q106610580", "Kristin Berild Ose": "Q106649578", "Valentina Novikova": "Q331145", "Daniela Biechl": "Q15804533", "Ingrid Urdahl": "Q38238572", "Svetlana Kuznetsova": "Q36704144", "Jennifer Wygant": "Q1686991", "Laura Valaas": "Q16570965", "Kaja Eckhoff": "Q11204437", "Megumi Matsuura": "Q1405314", "Sarah Mcdiarmid": "Q1785186", "\u00c9milie Serain": "Q286790", "Daniela M\u00fcller": "Q1163493", "Maija Hakala": "Q19689893", "Iryna Nafranowich": "Q1673315", "Lindsey Williams": "Q17558658", "Ali\u00e4 \u0130qsanova": "Q6303793", "Liv-Miriam Nordt\u00f8mme": "Q59086259", "Karoline Trojer": "Q1734252", "Marina Aleksandrovna Korovina": "Q972455", "Olwen Thorn": "Q1425294", "Outi Gr\u00f6ndahl": "Q15837973", "Anna Slepova": "Q109358250", "Ayako Mukai": "Q792726", "Chisa \u014cbayashi": "Q22236755", "Daniela Markov\u00e1": "Q76493380", "Malin Hemmingsson": "Q96082028", "Pia Nic Gundersen": "Q100805755", "Viktoria Rainer": "Q105152784", "Darja Bajc": "Q105152812", "Jacqueline Hangl": "Q105337265", "Ashley Linda Spina": "Q105686428", "Cathrine Meisingset": "Q101584158", "Ingrid Vikman": "Q39293296", "Aline Bonjour": "Q460927", "Melina Meyer Magulas": "Q28870439", "Sumiko Ishigaki": "Q84604738", "Marthe Katrine Myhre": "Q11988495", "Katie Hitchcock": "Q96082041", "Caitlin Ciccone": "Q98688161", "Sophie Splawinsky": "Q3964952", "Rajna Kojuwa": "Q6507145", "Martina Chr\u00e1stkov\u00e1": "Q95451399", "Theres Leboeuf": "Q119823908", "Olga Tiagay": "Q4982783", "Anna Marconi": "Q3617736", "Natalja Iljina": "Q11990929", "\u0417\u0430\u0432\u0435\u0434\u0435\u0435\u0432\u0430, \u0417\u043e\u044f \u0412\u0430\u0441\u0438\u043b\u044c\u0435\u0432\u043d\u0430": "Q16652674", "Julija Wiktorowna Pantschenko": "Q1712319", "Mitra Kalhor": "Q1939723", "Natalia Yakimova": "Q15924678", "Maria Gr\u00e4fnings": "Q20028985", "Birgitte R\u00f8ksund": "Q865403", "Clothilde Weyrich": "Q97353595", "Laura Alba": "Q27230605", "Jennifer Tank": "Q105152898", "Jilyne McDonald": "Q99764604", "V\u00e9ronique Archambault-L\u00e9ger": "Q101121476", "Kate Bragg": "Q103831248", "Martina B\u00fchler": "Q104903776", "Corinne Anselmet": "Q1132869", "Annika L\u00f6fstr\u00f6m": "Q16529285", "Alenka K\u00fcrner": "Q2640975", "Carolina Nordh": "Q24524910", "Nina Perner": "Q124746", "Pauline Macabies": "Q508749", "Magdalena Eisath": "Q1883777", "Schirnengiin Bolortsetseg": "Q1365141", "Miriam Gm\u00fcr": "Q101043888", "Anna Ogarzy\u0144ska": "Q16529190", "Nina Rysina": "Q17106963", "Olga Jashina": "Q28753683", "Hilary Longhini": "Q3785607", "Shelley Glover": "Q2277918", "Margret Altacher": "Q1026638", "Martina Geisler": "Q1331654", "Tazlina Mannix": "Q16609969", "Indira Liseth": "Q78206228", "Claude Godbout": "Q1096783", "Mari Johanna Brox": "Q16180586", "Katrina Howe": "Q1736771", "Megan Ryley": "Q97924853", "Tii-Maria Romar": "Q52386", "Ilaria Colonna": "Q1658314", "Giulia Candiago": "Q3769243", "Larissa Hofer": "Q100805626", "Laurel Carter": "Q99764603", "Carolin Fernsebner": "Q100724", "Eline Fannemel": "Q1329537", "Astrid \u00d8vstedal": "Q11686878", "Romana Schrempf": "Q1434986", "Yekaterina Artsybysheva": "Q4070950", "Ekaterina Chuykova": "Q4517797", "Bj\u00f8rg Marit Valland": "Q879787", "Elitsa Storey": "Q50628429", "Michaela Smutn\u00e1": "Q68585886", "Ann West": "Q97579228", "Anna Kocken": "Q98398456", "Gabriella Grassl": "Q99235162", "Sanna Kling": "Q99235178", "Lyndee Janowiak": "Q99764605", "Alison Leighton": "Q100805217", "Julie Bordeau": "Q98072806", "Verena H\u00f6llbacher": "Q1676813", "Simone Streng": "Q2288174", "Sarah Ben Mansour": "Q110888243", "Katrin Triendl": "Q1736762", "Esther Good": "Q1370067", "Anamarija Brajdi\u0107": "Q485421", "Therese Neergaard": "Q100805757", "Pascale Berthod": "Q1667507", "Kjersti B\u00f8": "Q16183304", "Anna Belaya": "Q4081558", "Meagan Toussaint": "Q1915451", "Monika Springl": "Q108308", "Larisa Shaydurova": "Q15715049", "Sterling Grant": "Q2801942", "Lenka Muclingerov\u00e1": "Q1714097", "Mia Eriksson": "Q4947057", "Svetlana Nikolaeva": "Q347660", "Veronika Staber": "Q91882", "Mireia Clemente": "Q2894401", "Ma\u0161a Reden\u0161ek": "Q102181097", "Vilde Ravnsborg Gurigard": "Q2524690", "Tetyana Smyrnova": "Q4979410", "Marcela Marcisz": "Q24427913", "Sofia Righetti": "Q28819320", "Andrea Pospisilov\u00e1": "Q94534035", "Kirsten Cooper": "Q96081982", "Sara Pramstaller": "Q96471893", "Lisa-Marie Walz": "Q98544570", "Marie-Mich\u00e8le B\u00e9langer-Timothy": "Q100805218", "Kaia Gulsvik": "Q100805756", "Guro Bottolfs": "Q101584147", "Tesa Herman": "Q102181098", "Eli Gjermundshaug Pedersen": "Q11967078", "Alena Perevozchikova": "Q55106827", "\u0428\u0430\u0434\u0440\u0438\u043d\u0430, \u041b\u044e\u0431\u043e\u0432\u044c \u0410\u043d\u0430\u0442\u043e\u043b\u044c\u0435\u0432\u043d\u0430": "Q55106025", "Katja Jazbec": "Q87051849", "Jennie Bender": "Q50319997", "Lina Korsgren": "Q18579460", "Eli\u0161ka H\u00e1jkov\u00e1": "Q11878243", "Sofja Smirnowa": "Q20030662", "Wiktorija \u0141anczakowa": "Q15070958", "Michaela N\u00f6sig": "Q1930093", "Alysson Marshall": "Q20028167", "Satu Rautiainen": "Q6533659", "Kathrin Fuhrer": "Q517738", "Ida Eide": "Q56448386", "Ida Gjermundshaug Pedersen": "Q11976776", "Anna Hiidensalo": "Q15963987", "Aude Aguilaniu": "Q758690", "Inger Liv Bjerkreim Nilsen": "Q19375626", "Stefanie Moser": "Q114451", "Nina Tipotsch": "Q1992859", "Mari Elden": "Q17057843", "Aur\u00e9lie Dabudyk": "Q15845561", "Mirena K\u00fcng": "Q1516860", "Irina Uslugina": "Q1672641", "Stina Sellin": "Q12003265", "Anne Cecilie Brusletto": "Q565149", "Marte Berget": "Q27094447", "Elisabeth Juudas": "Q1146303", "Lucia Rispler": "Q65126851", "Sarah Pardeller": "Q3950344", "\u041f\u043e\u0432\u0430\u043b\u044f\u0435\u0432\u0430, \u0410\u043d\u043d\u0430 \u041d\u0438\u043a\u043e\u043b\u0430\u0435\u0432\u043d\u0430": "Q19915940", "\u00c8ve Routhier": "Q273236", "Ruut V\u00e4h\u00e4mets\u00e4": "Q67656132", "Katie Hartman": "Q1634795", "Melissa Gorra": "Q3854234", "Marion Pellissier": "Q526701", "Maiju P\u00f6ysti": "Q1885331", "Nina-Katarina Mihovilovic": "Q96471920", "Oxana Alexejewna Ussatowa": "Q19060752", "Enrica Cipriani": "Q168408", "Tatjana Stiffler": "Q15118731", "Kim Adolfsson": "Q1552574", "Sarianna Repo": "Q1618231", "Kerstin Muschet": "Q1739681", "Kate Ryley": "Q67214635", "Ashley-Kate Durham": "Q97621462", "Monique Siegel": "Q18756393", "Azadeh Kiashemshaki": "Q28870418", "Lucia Klimkov\u00e1": "Q50377031", "Niviaq Berthelsen": "Q1171269", "Kiley Staples": "Q1472166", "Wladislawa Igorewna Burejewa": "Q2587510", "Lisa Morandini": "Q3833359", "\u041a\u0430\u0440\u043a\u0438\u043d\u0430, \u0412\u0438\u043a\u0442\u043e\u0440\u0438\u044f \u0421\u0435\u0440\u0433\u0435\u0435\u0432\u043d\u0430": "Q19617501", "Aliona Sosunova": "Q1572394", "Nadine Wallner": "Q15726256", "Marianne Mair": "Q96048", "Rebecca Rorabaugh": "Q37466533", "P\u00e4ivi Roivainen": "Q67359915", "Kristin Gausen": "Q17062913", "\u0415\u043b\u0438\u0441\u0435\u0435\u0432\u0430, \u041d\u0430\u0434\u0435\u0436\u0434\u0430 \u0415\u0433\u043e\u0440\u043e\u0432\u043d\u0430": "Q55107091", "C\u00e9lina Hangl": "Q930341", "Mariya Guschina": "Q6355814", "Ada Ringen": "Q346289", "\u041c\u043e\u043b\u0434\u0430\u0448\u0435\u0432\u0430, \u042d\u043b\u044c\u043c\u0438\u0440\u0430 \u041c\u0435\u0439\u0440\u0430\u043c\u043e\u0432\u043d\u0430": "Q4300309", "Ramona D\u00fcringer": "Q1700744", "Mariella Voglreiter": "Q523515", "Nicole W\u00f6tzel": "Q125028", "Amadeja Tera\u017e": "Q18598974", "Marta Benzoni": "Q69818533", "Zuzana Matousova": "Q86453783", "Cornelia Tiefenbacher": "Q91017456", "Anne-Sophie Koehn": "Q95690424", "Barbara Prantl": "Q95690508", "Victoria Whitney": "Q96082027", "Ricarda Kraus": "Q96245243", "Marion Allard": "Q97143491", "Erle Marie Ringvold": "Q98960708", "Anniken Krane Plener": "Q100805754", "Emilia Lindstedt": "Q110646290", "Marie-Morgane Dessart": "Q115265773", "Gholnaz Savojiasl": "Q28870430", "Regina Bertoti": "Q28870447", "Maaret Pajunoja": "Q42901939", "Karolina Klouckova": "Q86454125", "Marine Gauthier": "Q385328", "Hilary McNamee": "Q1618117", "Nina Halme": "Q3960831", "Olga Tsareva": "Q28149856", "Thea Grosvold": "Q15392044", "Michelle Morik": "Q95240479", "Evelyn Pernkopf": "Q1381786", "Victoria Stevens": "Q2522809", "Jonna Heimonen": "Q22916767", "J\u00e9romine G\u00e9roudet": "Q3190688", "Anna Alexandrowna Sorokina": "Q559434", "Alice Longo": "Q3611684", "Emilia Romanowicz": "Q17558287", "Marielle Molander": "Q1640498", "Corrine Malcolm": "Q1135362", "Monica H\u00fcbner": "Q95958", "Justyna Mordarska": "Q16564010", "\u0418\u0436\u0443\u0442\u0438\u043d\u0430, \u041d\u0430\u0434\u0435\u0436\u0434\u0430 \u0412\u0438\u043a\u0442\u043e\u0440\u043e\u0432\u043d\u0430": "Q55106738", "Aleksandra Alikina": "Q2643640", "Tuva Toftdahl Staver": "Q7486604", "Sara Globocnik": "Q94534250", "Nicola Schmid": "Q97353661", "Heidi Raju": "Q18670244", "Isabelle Stiepel": "Q1673649", "Vanessa Sch\u00e4dler": "Q12008944", "\u0421\u0432\u0435\u0442\u043b\u0430\u043d\u0430 \u0418\u0433\u043e\u0440\u0435\u0432\u043d\u0430 \u0411\u043e\u0447\u043a\u0430\u0440\u0451\u0432\u0430": "Q47453372", "Lada Strukowa": "Q1799864", "Nadja Vogel": "Q1963367", "Stephanie Irwin": "Q96082042", "Brooke Wales": "Q928880", "Leonie Hendrickson": "Q1111664", "Ma Wei": "Q15853824", "Han Da-som": "Q9285853", "Lisa Larsen": "Q128592", "Morane Sandraz": "Q66372396", "Margaux Givel": "Q76494506", "Tess Davies": "Q78185921", "Michaela Schmotz": "Q79338600", "Marine Oberson": "Q82544292", "Kristin Graabak": "Q86360460", "Leah Canfield": "Q91017268", "Elisabeth Egger": "Q91328885", "Tessan Berglund": "Q96674957", "Nathalie Blom": "Q96674968", "Raphaela Sulzbacher": "Q15841752", "Sh\u014dko Niino": "Q27921031", "Agnes Brun-Lie": "Q11957032", "Ana Kobal": "Q3614860", "Anna Shcherbinina": "Q18643544", "Darja Sergejewna Wedenina": "Q23900518", "M\u00e9lissa Voutaz": "Q927738", "Elizabeth Guiney": "Q28654019", "Rebecca Gunnarstedt": "Q64031835", "Anette Baklid": "Q11958084", "Janina Schenk": "Q3807046", "Valentina Greggio": "Q16620181", "Elin Mohlin": "Q19502195", "Maren Wangensteen": "Q28718280", "Rikke Gasmann-Brott": "Q47457581", "Maria Nordstr\u00f6m": "Q22669214", "Magdalena Kozielska": "Q16573916", "Jasmin Rothmund": "Q3807374", "Ekaterina Khramtsova": "Q37449894", "Marion R\u00f8nning Huber": "Q1899238", "Annika Hicks": "Q28736094", "Emilie Kristoffersen": "Q17812957", "Madison Irwin": "Q1883366", "Susanne Weinbuchner": "Q1619564", "Marjaana Pitk\u00e4nen": "Q16575057", "Kristina Smirnova": "Q19207481", "Inna Smirnova": "Q55102659", "Noemi Ristau": "Q50358333", "Isabel Van Buynder": "Q6574121", "Sandra Sch\u00fctzov\u00e1": "Q24955458", "Julia Gr\u00fcnwald": "Q939673", "Sarah Hundert": "Q111086705", "Maria Str\u00f8m Nakstad": "Q18651685", "Marika Sundin": "Q2977353", "Avril Dunleavy": "Q76493453", "Tonje Sekse": "Q78186025", "Lauren Samuels": "Q84022652", "Nora Birgithe Stang": "Q86360393", "C\u00e9lia Bournissen": "Q87256518", "Vanessa Berther": "Q96082031", "Kseniya Stroilova": "Q4444112", "Sini Pyy": "Q49970893", "Anna Beninati": "Q114879878", "Frida Erkers": "Q28654053", "Elena Ustiugova": "Q16562608", "Ludmila Hork\u00e1": "Q28958236", "Sakurako Muk\u014dgawa": "Q110867354", "Tiia Rantala": "Q67916609", "Lisa Dahl": "Q16572307", "Pika Dvornik": "Q116850154", "Marie Massios": "Q63255711", "Ladina Meier-Ruge": "Q2754145", "Anna Wikstr\u00f6m": "Q19368616", "Anastasiya Kedrina": "Q487103", "Abby Ghent": "Q3603334", "Chloe Margrethe Fausa": "Q15311438", "Lisa-Maria Zeller": "Q5141984", "Susanna Meinen": "Q19414850", "Evelina Settlin": "Q17142446", "Iris Pessey": "Q113181624", "Emilie Fleten": "Q63051413", "Olga Repnitsina": "Q20379237", "Theresa Eichhorn": "Q23059443", "Maja Knez": "Q116850881", "Chardine Sloof": "Q164250", "Rebecca B\u00fchler": "Q16182796", "Arianna Tricomi": "Q62572930", "Anne-Tine Markset": "Q17103762", "Anni Kainulainen": "Q19689894", "Hennariikka Rahkola": "Q28028767", "R\u016bta Irbe Tropa": "Q1661587", "Sne\u017eana Borov\u010danin": "Q15962021", "Ylwa St\u00e5lnacke": "Q16623674", "Maria Davydenkova": "Q109358252", "Fabienne Hartweger": "Q1390431", "\u041c\u043e\u0441\u043a\u0432\u0438\u043d\u0430, \u041c\u0430\u0440\u0438\u043d\u0430 \u0412\u0430\u043b\u0435\u0440\u044c\u0435\u0432\u043d\u0430": "Q55106740", "Susanna Saapunki": "Q19513756", "Madison McLeish": "Q1883374", "Annie Pokorny": "Q29054736", "Debora Roncari": "Q23059616", "Anna Marno": "Q562395", "Anna Svedin-Thunstr\u00f6m": "Q18596641", "Cecilie Smith": "Q79850963", "Victoria Michalik": "Q96082043", "Amira Halilovi\u0107": "Q20557524", "Olga Paliutkina": "Q28813125", "Tianda Carroll": "Q67214659", "Katie Ryan": "Q3813961", "Valentina Volopichov\u00e1": "Q80321741", "Katja Horvat": "Q64031891", "Emmi Floor": "Q15963984", "Sofie Elebro": "Q16605119", "Polina Sieronosowa": "Q62017560", "Takako Takamura": "Q106115385", "Andrea Th\u00fcrler": "Q3616065", "Darja Storo\u017eilova": "Q21984088", "Anna Stoyan": "Q15075606", "Julia Svan": "Q10541216", "Krist\u00fdna \u010cern\u00e1": "Q6455646", "Karianne Jevne": "Q24262623", "Johanna Ukkola": "Q67360525", "Saana Niskanen": "Q67659885", "Joanna Frick": "Q11727409", "Lovisa Modig": "Q105061324", "Julia Roth": "Q7653589", "Hallie Grossman": "Q29841113", "Charlotte Lemgart": "Q28813140", "Marthe Bj\u00f8rnsgaard": "Q23050127", "Andrea Pharo Ronde": "Q17106899", "Kim Kyung-nam": "Q1741528", "Christina Kiourkenidou": "Q1083193", "Frida Strand Kristoffersen": "Q15810512", "Giulia St\u00fcrz": "Q16549543", "Ingvild Skare Thygesen": "Q11977302", "Niya Dimitrova": "Q1528485", "Polina Kowalowa": "Q23059384", "Linnea Ottosson Eide": "Q15929145", "Ula Hafner": "Q81738210", "Julija Michailowna Romanowa": "Q19506816", "\u0412\u0438\u043a\u0442\u043e\u0440\u0438\u044f \u0410\u043b\u0435\u043a\u0441\u0430\u043d\u0434\u0440\u043e\u0432\u043d\u0430 \u041a\u0430\u043b\u0438\u043d\u0438\u043d\u0430": "Q109358150", "Lucie Lu\u0161tincov\u00e1": "Q33292113", "\u0410\u043d\u0430\u0441\u0442\u0430\u0441\u0438\u044f \u0421\u0435\u0440\u0433\u0435\u0435\u0432\u043d\u0430 \u041c\u0430\u0439\u043d\u0433\u0430\u0440\u0434\u0442": "Q28499099", "Foreste Peterson": "Q63144545", "Lisa-Maria Reiss": "Q1252980", "Mihaela Kosi": "Q76494204", "Rikke Andersen": "Q8264280", "Annika Knoll": "Q15962011", "Krista Niiranen": "Q22916903", "Nadezhda Schunyayeva": "Q21854956", "Leissan Maratowna Biktaschewa": "Q29358641", "Anette Haukilahti": "Q68441478", "Natalija Kovalova": "Q28870444", "Patricia Jost": "Q2057207", "Kerstin Nicolussi": "Q70587876", "Libby Gibson": "Q71474881", "Noemi R\u00fcsch": "Q76494492", "Katerina Kotrlova": "Q80321722", "Karoline Ekse Jenssen": "Q86360446", "Mari St\u00f8en Gussi\u00e5s": "Q28718324", "Saara Nikander": "Q42901456", "Kelsey Phinney": "Q61653689", "Lisa Blomqvist": "Q8276433", "Urszula \u0141\u0119tocha": "Q24430952", "Tonje Healey Trulsrud": "Q66736204", "Cara Brown": "Q28814589", "Dominika Bielecka": "Q29513995", "Sarah Schaber": "Q24955874", "Oona Kettunen": "Q11885648", "Sofia Henriksson": "Q18584677", "N\u00faria Pau": "Q105558891", "Julia Belger": "Q23059444", "Ann-Katrin Magg": "Q63705368", "Alice Canclini": "Q79335546", "Katr\u012bna Kr\u016bmi\u0146a": "Q11737476", "Beata Lassak": "Q15966914", "Leena Nurmi": "Q18579466", "Anne Winkler": "Q23059446", "Andrea Julin": "Q22916793", "Diana Olegowna Golowan": "Q77681931", "Anikken Gjerde Aln\u00e6s": "Q81726382", "Bruna Moura\u200e": "Q28870424", "Lilija Wasiljewa": "Q19614165", "Katharine Irwin": "Q3813355", "Paulina Grassl": "Q3898203", "Valentina Cillara Rossi": "Q20859530", "Lea Einfalt": "Q18654674", "Jos\u00e9phine Forni": "Q50945510", "Federica Sosio": "Q19842702", "Sabine di Lallo": "Q19414851", "Ina Lukonina": "Q49222722", "Dejana Ko\u0161arac": "Q19362961", "Silje Theodorsen": "Q19306530", "Kristin Hjelstuen": "Q50768108", "Helena Rapaport": "Q47067953", "Kati Roivas": "Q124662768", "Kira Claudi": "Q1742411", "Elisabeth Kappaurer": "Q16551710", "Eli Plut": "Q70248598", "Hannah K\u00f6ck": "Q64576529", "Ang\u00e9lica Simari Birkner": "Q72091904", "Karoline Pichler": "Q3813120", "Roberta Midali": "Q19931444", "Lila Lapanja": "Q16572565", "Klara Livk": "Q64031893", "Tanja Bissig": "Q19414853", "Lara Z\u00fcrcher": "Q66439769", "Rae Swette": "Q67214779", "Adrienne Poitras": "Q68623191", "Mette Asp": "Q70248940", "Ni Yueming": "Q28813138", "Fern Cates": "Q28870428", "Hedda B\u00e5ngman": "Q31087533", "Marion Deigentesch": "Q23560572", "Luana Fl\u00fctsch": "Q62258084", "Moa Molander Kristiansen": "Q60322391", "Zala Gomboc": "Q15120989", "Michaela Dygruber": "Q63449707", "Ane Appelkvist Stenseth": "Q60580194", "Lovisa Grant": "Q66372471", "Veronica Gaspar": "Q6470857", "\u0410\u043b\u0435\u043a\u0441\u0430\u043d\u0434\u0440\u0430 \u0412\u0438\u0442\u0430\u043b\u044c\u0435\u0432\u043d\u0430 \u0410\u043b\u0435\u043a\u0441\u0435\u0448\u043d\u0438\u043a\u043e\u0432\u0430": "Q47453515", "Nichole Bathe": "Q88590513", "Katariina Lonka": "Q106330184", "Nataliia Tkachenko": "Q111242672", "Celine Keirouz": "Q11689532", "Sa\u0161a Brezovnik": "Q24955919", "Anouk Bessy": "Q22683473", "Ana Zim\u0161ek": "Q64031896", "Ma Qinghua": "Q87266512", "Maya MacIsaac-Jones": "Q23013984", "Nora Grieg Christensen": "Q3878304", "Lisa Vinsa": "Q60333439", "Helene Therese Hendel": "Q28966827", "Martina Rettenwender": "Q63255729", "Jole Galli": "Q62572805", "Jasmine Fiorano": "Q121891130", "Xanthea Dewez": "Q24955376", "Michaela Heider": "Q63034811", "Kelly Vainlo": "Q15071048", "Inna Kastsiuchenka": "Q101417726", "Lovise Heimdal": "Q28152211", "Lea Nassar": "Q11753386", "Catherine Elvinger": "Q28813134", "Katarzyna Wo\u0142oszyn": "Q15966913", "Daria Ovchinnikova": "Q19915726", "Andrea Klementov\u00e1": "Q22977868", "Stephanie Resch": "Q28846153", "Uranbaigali Otgondavaa\u200e": "Q29489565", "Kozue Takizawa": "Q84502950", "Eirin Linnea Engeset": "Q63144584", "Vera Asenova": "Q28811913", "Nadine Herrmann": "Q47351903", "Bianca Venier": "Q65953211", "Denise Z\u00f6hrer": "Q67214713", "Jocelyn McCarthy": "Q67214789", "Claudia Seidl": "Q68587136", "Staci Mannella": "Q114879975", "Sadie White": "Q28736100", "Anita Klemen\u010di\u010d": "Q88593858", "Ida Dahl": "Q110498148", "Simone Kupfner": "Q18720002", "Alina Meier": "Q79335517", "Liene Bondare": "Q11756597", "Snejana Tiseeva": "Q29480281", "Johanna Pyk\u00e4l\u00e4inen": "Q60658763", "Veronika Camkova": "Q68585898", "Turi Storstr\u00f8m Thoresen": "Q29512966", "Alexandra Edebo": "Q84140453", "Alexa Dlouhy": "Q63144552", "Elisabeth Willibald": "Q22137836", "Kristiina Kresmer": "Q24955479", "Sanja Kusmuk": "Q28870450", "Lise Anette Vaher": "Q12368892", "Martina Perruchon": "Q64364408", "Hilde Eide": "Q28718279", "Amalie Hakonsen Ous": "Q22917326", "Ann-Cathrin Uhl": "Q62023560", "Jasmin Berchtold": "Q110924069", "Lucrezia Fantelli": "Q48975138", "Katerina Paul": "Q28870435", "Nea Luukko": "Q28812383", "Elena Stoffel": "Q60315968", "Julie Flo Mohagen": "Q23816504", "Luisa Matilde Maria Bertani": "Q62572800", "Marie-Therese Sporer": "Q64840852", "Jenny Solin": "Q24955840", "Desiree Ajlec": "Q65346202", "Carole Bissig": "Q47202174", "Anette Veerpalu": "Q28870416", "Julie Myhre": "Q81725974", "Lia N\u00e4pflin": "Q108532798", "Yekaterina Smirnova": "Q76971729", "Tuva Norbye": "Q22442976", "Julia H\u00e4ger": "Q84236005", "Marte Skaanes": "Q62018753", "Kitija Auzina": "Q28869075", "Anine Ahlsand": "Q80195646", "Verena Gasslitter": "Q22668386", "Elina R\u00f6nnlund": "Q24955839", "Rebecca \u00d6hrn": "Q86685603", "Angelina Shuryga": "Q111251484", "Miki Kodama": "Q62605704", "Sofie Nordsveen Hustad": "Q19389499", "Nathalie Gr\u00f6bli": "Q61907041", "Dajana Dengscherz": "Q27982883", "Vanessa Kasper": "Q47009650", "Masae Tsuchiya": "Q105807679", "Isabella Fidjeland": "Q16566470", "Mery Kayrouz": "Q28870440", "Rachael DesRochers": "Q65953149", "Stephanie Currie": "Q65953226", "Doriane Gravier": "Q66372397", "Abigail Murer": "Q63396789", "Catarina Carvalho": "Q28812191", "Myrtille B\u00e8gue": "Q50363907", "Elena Dolmen": "Q110721483", "Stephanie Lebby": "Q66372440", "Anna Zherebyateva": "Q47472407", "Sanni Alatalo": "Q67919096", "Mariya Istomina": "Q50414189", "Georgia Burgess": "Q63396786", "Vera Tschurtschenthaler": "Q62292337", "Haley Cutler": "Q115641411", "Annie Lindh": "Q124364134", "Johanna B\u0153uf": "Q62555228", "Ariunzul Enkhbayar\u200e": "Q29489551", "Katja Grossmann": "Q65953102", "Natalie Hauswirth": "Q64031803", "Barbara Walchhofer": "Q105773758", "Laetitia El Khoury": "Q28813131", "Marte M\u00e6hlum Johansen": "Q24955814", "Vivien Insam": "Q52418901", "Georgia Nimpiti": "Q28868240", "Karoline Simpson-Larsen": "Q77677551", "Olga Olegowna Kutscheruk": "Q84601181", "Stefanie Fleckenstein": "Q43073762", "Esther Paslier": "Q51078958", "Lidia Durkina": "Q47472404", "Martine Lorgen \u00d8vrebust": "Q106509693", "Emily Harrop": "Q117023353", "Kristr\u00fan Gu\u00f0nad\u00f3ttir": "Q117846008", "Mayuko Eno": "Q15923026", "Katharine Ogden": "Q23902496", "Vilma Nissinen": "Q29419340", "Anni Alakoski": "Q85997993", "Jade Grillet-Aubert": "Q45041987", "Kristina Krjukova": "Q28811345", "Julia Mutschlechner": "Q64432802", "Francesca Franchi": "Q78494325", "Sara Mumovi\u0107": "Q20557760", "Teodora \u0110uki\u0107": "Q20558960", "Nadezda Milosevic": "Q28813133", "Kia-Emilia Hakala": "Q30174272", "Hilla Hannola": "Q42854424", "Nicole Good": "Q62642593", "Petra Hromcov\u00e1": "Q111421011", "H\u00f3lmfr\u00ed\u00f0ur D\u00f3ra Fri\u00f0geirsd\u00f3ttir": "Q111421032", "J\u00e9r\u00e9mie Lagier": "Q63396816", "Natalya Sokolovskaya": "Q28870443", "Clara Pijolet": "Q63034814", "Tereza Nov\u00e1": "Q111083822", "Hannah Halvorsen": "Q95359664", "Stephanie Jenal": "Q63401933", "Fanny Axelsson": "Q63929783", "Aida Bayazitova": "Q61944372", "Lea Fischer": "Q104146924", "G\u00edgja Bj\u00f6rnsd\u00f3ttir": "Q105658618", "Zuzanna Czapska": "Q110859690", "Laura Chamiot-Maitral": "Q23926046", "Martina Bellini": "Q110832136", "Chloe Levins": "Q15078070", "Galena Wardle": "Q65953175", "Kristiane Bekkestad": "Q111421252", "Lucrezia Lorenzi": "Q111386868", "Katrin Hirtl-Stangga\u00dfinger": "Q23872269", "Fabiana Dorigo": "Q106407927", "Cecily Decker": "Q22069382", "Lena Quintin": "Q105162296", "Martine Engebretsen": "Q24262631", "Yuliya Petrova": "Q24262622", "Maureen Lebel": "Q63396788", "Valentine Macheret": "Q106407925", "Mirella Veres": "Q29410940", "Tiana Gairns": "Q110059183", "Chika Kobayashi": "Q111590072", "Rebecca Immonen": "Q24262637", "Julie Kvale St\u00f8stad": "Q97747054", "Kenza Lacheb": "Q116529846", "No\u00e9mie Kolly": "Q61044293", "Soleil Patterson": "Q64840881", "Polina Niekrasowa": "Q48877780", "D\u00e9sir\u00e9e Steiner": "Q123972881", "Lone Johansen": "Q50768383", "Christina Macokina": "Q85860236", "Katarina Bogdanovic": "Q20557399", "Christina Sergejewna Mazokina": "Q79338764", "Carmen Haro": "Q106231083", "Tiril Liverud Knudsen": "Q81641019", "Nadezhda Stepashkina": "Q112996365", "Kseniya Shalygina": "Q111252256", "Eveliina Piippo": "Q28720801", "Anna Rockstroh": "Q21032219", "Nina Sergejewna Dubotolkina": "Q78606134", "Marte Berg Edseth": "Q64364363", "Mariann Mar\u00f3ty": "Q48364075", "Klaudia Ko\u0142odziej": "Q24428686", "Cristina Pittin": "Q111108395", "Michelle Kerv\u00e9n": "Q87827978", "Sofia Pizzato": "Q62572875", "Martina Ostler": "Q63396817", "Vanessa Nu\u00dfbaumer": "Q105620851", "Anja Ilic": "Q85859410", "Madeleine Chirat": "Q61867093", "Mariel Pulles": "Q28870436", "Lindy Etzensperger": "Q62015437", "Mahsa Yarkhah": "Q109454195", "Maya Yakunina": "Q24262627", "Yekaterina Karpova": "Q28813136", "Nora Ulvang": "Q24262635", "Emmi L\u00e4ms\u00e4": "Q67151587", "Tereza Beranov\u00e1": "Q60222298", "Tereza Tvar\u016f\u017ekov\u00e1": "Q84235138", "Camille Cerutti": "Q105758282", "Juliette Ducordeau": "Q116141617", "Saana Lahdelma": "Q60658375", "Anna-Maria Dietze": "Q24262610", "Bianka Tamas": "Q28870421", "Nansi Okoro": "Q28870442", "Valentina Mirza": "Q28870452", "Victoria Manica": "Q28870454", "Carola Vila Obiols": "Q61944554", "Marta Rossetti": "Q82925336", "Doriane Escan\u00e9": "Q60179394", "Elisa Platino": "Q111386207", "Chiara Archam": "Q28812364", "Katrina Van Soest": "Q104217047", "Eliane Christen": "Q101584160", "Johanna Boiardt": "Q90026419", "Astrid Stav": "Q76120307", "Perrine Clair": "Q106407924", "Karen Smadja-Cl\u00e9ment": "Q83643628", "Lorina Zelger": "Q102181102", "Maida Drndi\u0107": "Q29649672", "Mariel Kufaas": "Q106575134", "Anouck Errard": "Q116529864", "Marina Vilanova": "Q63396787", "Rachel Olivier": "Q28813127", "Ida Dannewitz": "Q61761925", "Emelie Henning": "Q51003876", "Johanna Greber": "Q63034810", "Anita Korva": "Q23698987", "Carolin Lippert": "Q63705394", "Teresa Runggaldier": "Q117282159", "Monica Zanoner": "Q87345722", "Giuliana Werro": "Q125135485", "Hannah S\u00e6thereng": "Q62024985", "Serena Viviani": "Q104903777", "Carina Stuffer": "Q105620867", "S\u00e1ra P\u00f3nya": "Q28870451", "Charlotte Lingg": "Q109878180", "Andrine M\u00e5rst\u00f8l": "Q63869612", "Anja Mandeljc": "Q106730440", "Justine Clement": "Q104217049", "Martina Willibald": "Q63396819", "Michelle Niederwieser": "Q64576527", "Weronika Kaleta": "Q60836965", "Laetitia Arida": "Q28869089", "Carlotta Saracco": "Q108116699", "Nella Korpio": "Q60036989", "Tilda Johansson": "Q104883747", "Katie Fleckenstein": "Q65953222", "Ne\u017ea \u017derjav": "Q115908122", "Nellie Rose Talbot": "Q64167385", "Alexandra Walz": "Q102425414", "Zuzana Hol\u00edkov\u00e1": "Q110835403", "Shiori Yokohama": "Q106298636", "Flora Dolci": "Q61936312", "Petra Unterholzner": "Q111386860", "Maija Ker\u00e4nen": "Q60660194", "Jenni Ker\u00e4nen": "Q60660362", "Tiia Olkkonen": "Q106323805", "Cheyenne Brown": "Q115631655", "Katie Hensien": "Q63144562", "Iweta Faron": "Q50327801", "Bayani Jialin": "Q87270935", "Hristina Miteva": "Q28870431", "Martyna Bili\u016bnait\u0117": "Q28870438", "Alexandra Danner": "Q104334485", "Timna Moser": "Q20993687", "Garrie Matheson": "Q115941912", "Vikki Jones": "Q115942080", "Lee Hall": "Q115942317", "Robin Morning": "Q115942637", "Christa Prinzing": "Q1078164", "Ana Cvetanovska": "Q28870411", "Anastasija Vojinovic": "Q28870415", "Inesa Zeki\u0107": "Q28870432", "Louise Lindstr\u00f6m": "Q61944304", "Cande Moreno": "Q110987602", "Amanda Saari": "Q115437579", "Tereza S\u00e1skov\u00e1": "Q56557353", "Nicole Monsorno": "Q106628214", "Nadine Kapfer": "Q105686418", "Nika Tomsic": "Q106407920", "Ad\u00e9la Nov\u00e1kov\u00e1": "Q116824976", "Anna Schilcher": "Q104437291", "Th\u00e9o Lopez": "Q104599778", "Sara Rask": "Q63929787", "Vanesa Emilova": "Q28870453", "Emily Sch\u00f6pf": "Q110210824", "Nora Sanness": "Q117075736", "Elisavet Anastasiadou": "Q28869094", "Kamila Borkowska": "Q24430721", "Luisa Mangold": "Q63705391", "Inni Holm Wembstad": "Q104217055", "Hanne Wilberg Rofstad": "Q115739667", "Nora Brand": "Q63705387", "Louise Myrling": "Q63929782", "Jessica L\u00f6schke": "Q104326804", "Sandra Absmann": "Q116778715", "Ella Renzoni": "Q104217046", "Nina Riedener": "Q105779277", "\u00c5sne Skrede": "Q87063498", "Alessia Crippa": "Q92476553", "Viktorija Jovanovska": "Q28867693", "Ula Stella Podrep\u0161ek": "Q104437293", "Nina Astner": "Q110600899", "Madison Hoffman": "Q116952883", "Lena Wechner": "Q104437292", "Celina Herz": "Q106447974", "Lisa Grill": "Q62626575", "Barbora Anto\u0161ov\u00e1": "Q111103631", "Magdalena Kobielusz": "Q85865244", "Manon Ouaiss": "Q115210651", "Ilaria Ghisalberti": "Q124809722", "Lidija Simjanovska": "Q28812294", "Natalija Jurjewna Mekrjukowa": "Q104150329", "Celia Abad Rodr\u00edguez": "Q113374838", "Janine Schmitt": "Q99463752", "Aveli Uustalu": "Q88975039", "Magdalena Kappaurer": "Q105620836", "Doroth\u00e9e Faucher": "Q63482313", "Eliza Rucka": "Q55391277", "Bianca Bakke Westhoff": "Q116457684", "Chiara Bissig": "Q64031805", "Erika Pyk\u00e4l\u00e4inen": "Q60501398", "Sarah Bennett": "Q63144905", "Kiara Alexander": "Q63482308", "Allie Resnick": "Q64167406", "Nette Kiviranta": "Q109671275", "Nikola Fri\u010dov\u00e1": "Q117193841", "Effrosyni Giannakoviti": "Q28870425", "Rafaela Mavroudi": "Q28870446", "Polina Melnikova": "Q111045970", "Eva Vukadinova": "Q111046098", "\u017dana Cigli\u010d": "Q64031892", "Neja Dvornik": "Q63869635", "Victoria Palla": "Q123905265", "Haley Cunningham": "Q111024524", "Magdalena Egger": "Q87345710", "Aline H\u00f6pli": "Q102425403", "Sofie Mohn": "Q115599097", "Liv Ceder": "Q63929784", "Tegan Wold": "Q106521590", "Anna Bryn M\u00f8rkeset": "Q104217056", "Lisa H\u00f6rhager": "Q106447951", "Moa Hansson": "Q105412504", "Vilma Ryytty": "Q123614045", "Rebeka Oblak": "Q63869637", "Marion Chevrier": "Q104599871", "Johanna Recktenwald": "Q111249706", "Anna Schillinger": "Q105686417", "Hedda Bakkemo": "Q124646574", "Anja Weber": "Q111034776", "Marie Lamure": "Q61950552", "Moa Bostr\u00f6m M\u00fcssener": "Q105854960", "Eleri Smart": "Q117268092", "Karolin Edfalk": "Q90026443", "Sigrid Leseth F\u00f8yen": "Q111663557", "Reece Bell": "Q110211455", "Clarisse Br\u00e8che": "Q109188117", "Anine Thoresen": "Q104217057", "Selina Egloff": "Q63965204", "Elese Sommerov\u00e1": "Q110211449", "T\u00e9a Lamboray": "Q117306564", "Paulina Schlosser": "Q117360242", "Keidy Kaasiku": "Q105075530", "Kaidy Kaasiku": "Q105075532", "Janneke Berghuis": "Q113350233", "Runa Ulvang": "Q105627881", "Lee Eui-jin": "Q111590090", "Lara Baumann": "Q117659147", "Hilla Niemel\u00e4": "Q115485896", "Livia Rossi": "Q110711671", "Magdalena \u0141uczak": "Q54302068", "Jera Kompan": "Q63869631", "Fatma Yavuz": "Q81908219", "Barbora Nov\u00e1kov\u00e1": "Q81905849", "Sof\u00eda Saint Antonin": "Q81906652", "Elena Bondarets": "Q81901976", "Alice Calaba": "Q81902164", "Esperanza Pereyra Iraola": "Q81906115", "Kristiane Roer Madsen": "Q81905135", "Yuka Wakatsuki": "Q81907994", "Kate\u0159ina Svobodov\u00e1": "Q81907412", "Bianca Buholzer": "Q81902105", "Alice Marchessault": "Q81905219", "L\u00e9na Dauphin": "Q109424827", "Luisa Klapprott": "Q111432662", "Zoe Michael": "Q81905409", "Sydney Palmer-Leger": "Q81906008", "Tuva Hagen Roenning": "Q81906523", "Helen Hoffmann": "Q81903645", "Stella Johansson": "Q115487421", "Nika Murovec": "Q81905644", "Marta Moreno Ramos": "Q81905543", "Valeriya Batchenko": "Q81901329", "Gabriela Hopek": "Q81903675", "Sonja Leinamo": "Q81904832", "Emma Sahlin": "Q81906645", "Julie Pierrel": "Q81906166", "Amanda Salzgeber": "Q81728176", "Aliz\u00e9e Dahon": "Q81902466", "Germana Thannheimer": "Q81907520", "Tuuli Raunio": "Q81906405", "M\u00e4rta Rosenberg": "Q81906566", "Chika Honda": "Q81903668", "Krist\u00edna Sivokov\u00e1": "Q81907054", "Caitlin McFarlane": "Q81635469", "Sara Madelene Mar\u00f8y": "Q81905238", "Ala\u00efs Develay": "Q109425044", "Gro Nj\u00f8lstad Randby": "Q81906377", "Eleni Ioannou": "Q81903809", "Lara Dellit": "Q81902574", "Eli\u0161ka \u0160ibravov\u00e1": "Q81907015", "Evgeniya Krupitskaya": "Q81904581", "Maria Niederndorfer": "Q81905812", "Aisha Rakisheva": "Q81906362", "Yeorjia Epiphaniou": "Q81902761", "Rosie Fordham": "Q81902928", "Ine Haugland": "Q117261159", "Zoe Zimmermann": "Q109681558", "Dariya Nepryaeva": "Q81905761", "Silvia Campione": "Q81902174", "Zita T\u00f3th": "Q81907620", "Elina Lipp": "Q116312471", "Nino Kurtanidze": "Q81904667", "Sarah Brown": "Q81902050", "Taynara Da Silva": "Q81902456", "Zoe Favre-Bonvin": "Q81902855", "Ava Sunshine Jemison": "Q110895957", "Jae-un Jeon": "Q81903945", "Timea Mazurova": "Q81905333", "Vanina Guerillot": "Q81903319", "Vicky Bernardi": "Q116264505", "Nicola Rountree-Williams": "Q81906573", "Annette Belfrond": "Q81901811", "Hanle Van Der Merwe": "Q81907832", "Lisa Ingesson": "Q123682721", "Daisi Daniels": "Q81902492", "Jasmine Drolet": "Q81902702", "Antonia Kermer": "Q105686419", "Smilt\u0117 Bieli\u016bnait\u0117": "Q81901921", "Adalbj\u00f6rg Lilly Hauksd\u00f3ttir": "Q81903486", "Katharina Haas": "Q81903371", "Maria Issa": "Q81903844", "Anna Heggen": "Q81903514", "Lisa Nyberg": "Q110914232", "Abigail Vieira": "Q81907933", "Ilyuza Gusmanova": "Q81903362", "Wilma Marklund": "Q81905229", "Emilia Aramburo": "Q110983633", "Lianhong Yang": "Q81908190", "Ginia Caluori": "Q114555938", "Emma Austin": "Q81901202", "Tamara Popovi\u0107": "Q81906249", "Chiara Pogneaux": "Q81906215", "Jana Suau": "Q81907322", "Shengjie Wang": "Q81908041", "Maisa Kivim\u00e4ki": "Q81904322", "Anja Oplotnik": "Q81905951", "Lina Knific": "Q63869633", "Audrey Alice King": "Q81904317", "Esma Ali\u0107": "Q81901048", "Francesca Cola": "Q81902355", "Nina Seemann": "Q81906854", "Justine Lamontagne": "Q104217050", "Johanna Udras": "Q81907773", "Delphine Darbellay": "Q102425402", "Carla Mijares Ruf": "Q81905437", "Lee Wen-yi": "Q81904822", "Lena Volken": "Q81907959", "Selina Gadient": "Q101584154", "Zoja Grbovi\u0107": "Q81903226", "Karolina Kaleta": "Q81904032", "Maria Jeong": "Q81903951", "Kateryna Shepilenko": "Q81906954", "Malin Sofie Sund": "Q81907355", "Isabella Davis": "Q81902527", "Ashley Campbell": "Q117272583", "Maelle Veyre": "Q81907926", "Witta-Luisa Walcher": "Q81908005", "Jasmine Lyons": "Q117118315", "Katie Crawford": "Q81902431", "Ana Noelle Wahleithner": "Q81907991", "Kristine Brunere": "Q81902065", "Karolina Kukuczka": "Q81904642", "Diana Andreea Ren\u021bea": "Q81906443", "Maria Hartz Melling": "Q81905373", "Olivia Sellstedt": "Q111343369", "Teresa Fritzenwallner": "Q81902977", "Liliane Gagnon": "Q81903019", "Klara Mali": "Q81905180", "Nina Drobni\u010d": "Q104437294", "Nika Jagecic": "Q81903887", "Farnoosh Shemshaki": "Q81906949", "Isabel Sj\u00f6lin": "Q117261167", "Mia Hunt": "Q125397485", "Christina B\u00fchler": "Q81902095", "Linda Ros Hannesdottir": "Q81903444", "Zoe Ojeda Hidalgo": "Q81905908", "Daniela Payen Cordero": "Q81906086", "Anastasiia Kompaniiets": "Q81904438", "Anna Maria Logonder": "Q81905003", "Eliisabet Kool": "Q81904457", "Lisa Eriksson": "Q105500491", "Nefeli Tita": "Q81907566", "Beatrice Sola": "Q116234236", "Julia Zlatkova": "Q81908385", "Alexia Tabarelli": "Q116771453", "Sophia Zitzmann": "Q88381131", "Artemis Hoseyni": "Q81903692", "Ma\u0161a Robin": "Q111527205", "Tove Ericsson": "Q81902764", "Pia M\u00f8ller": "Q111461101", "Elsa Torvinen": "Q117359113", "Carmen Sofie Nielssen": "Q104217058", "Samanta Krampe": "Q81904549", "Sophie Foster": "Q81902935", "Anastasia Trofimova": "Q81907671", "Cathinka Lunder": "Q81731445", "Cydnie Timmermann": "Q111313651", "Dasha Romanov": "Q117311616", "Tereza Proke\u0161ov\u00e1": "Q81906287", "Ajda Pi\u017eorn": "Q111569512", "Zhaohui Dong": "Q81902682", "Valeriya Kovaleva": "Q81904527", "Anuk Br\u00e4ndli": "Q117306565", "Lila Deloche": "Q109589687", "Nadine Laurent": "Q111384845", "Anniina Rantala": "Q81906388", "Magdalena Engelhardt": "Q81902757", "Hanna Popko": "Q81906247", "Rosa Pohjolainen": "Q81906218", "Lisa Ekstr\u00f6m": "Q117261193", "Emma Resnick": "Q81906464", "Marina K\u00e4lin": "Q81904007", "Fanny Kukonlehto": "Q117354567", "Arianne Forget": "Q110927616", "Era Shala": "Q81906930", "Agustina Groetzner": "Q81903263", "Mary Bocock": "Q115652080", "Lee Ha-eun": "Q81904790", "Maria Nikoleta Kaltsogianni": "Q81904041", "Lara Klein": "Q81904348", "Hanna Machakhina": "Q81905097", "Eevi-Inkeri Tossavainen": "Q81907614", "Tuva Anine Brusveen-Jensen": "Q116690199", "Molly Jefferies": "Q81903938", "Matilde Schwencke": "Q81906850", "Pernille Dyrstad Lydersen": "Q106649563", "Alexandra Troitskaya": "Q81907673", "Nichakan\u200b Chinupun\u200b": "Q81902296", "Styliani Giannakoviti": "Q81903103", "Sophie Nyberg": "Q111353713", "Malorie Blanc": "Q111355474", "Sara Plakalovic": "Q81906201", "Nahiara D\u00edaz": "Q111502189", "Gina del Rio": "Q124462390", "Amber Adsten": "Q111343384", "Ella Hrb\u00e1\u0148ov\u00e1": "Q124258065", "Anastasiia Nikon": "Q81905816", "Viktoria B\u00fcrgler": "Q117290829", "Gabija \u0160ink\u016bnait\u0117": "Q110641324", "Evelina Cr\u00fcsell": "Q124466724", "Kim Marschel": "Q111386855", "Zana Evans": "Q81902789", "Nomin Erdene Barsnyam": "Q81901309", "Stefanie Grob": "Q111355470", "Urangoo Dulamsuren": "Q81902723", "Vesna Pantic": "Q81906026", "Natalia Ayala": "Q81901209", "Mihaela Danoska": "Q81902504", "Elin N\u00e4slund": "Q111422305", "Emilia Mondinelli": "Q111366690", "Evelina Crussel": "Q124467470", "Angelina Muradyan": "Q117846136", "Tomasine De Brito": "Q117261164", "Victoria Olivier": "Q111144411", "Garance Meyer": "Q117282157", "Ida Waldal": "Q112876701", "Eszter Kocsik": "Q81904387", "Allison Mollin": "Q115631654", "Tena Hadzic": "Q81903386", "Tatum Grosdidier": "Q116148309", "Iris De Martin Pinter": "Q81902548", "Merle Marie Menje": "Q107156560", "Adelina Rimbeu": "Q81906505", "Dorina Georgiana Puscariu": "Q81906311", "Ambra Pomare": "Q116371713", "Giulia Valleriani": "Q116371727", "Eduarda Ribera": "Q81906482", "Liza Backlund": "Q111353847", "Kjersti Moritz": "Q115555738", "Liv Moritz": "Q117323190", "Janine M\u00e4chler": "Q116312682", "Eliane St\u00f6ssel": "Q125448391", "Skylar Sheppard": "Q117286736", "Moa Landstr\u00f6m": "Q117290833", "Emily W\u00f6rle": "Q117355761", "Malin Hoelsveen": "Q112965103", "June Brand": "Q117282158", "Elisabeth Bocock": "Q116985296", "Estere Volfa": "Q110795223", "Gwyneth ten Raa": "Q110687721", "Milla Grosberghaugen Andreassen": "Q116504978", "Cornelia \u00d6hlund": "Q111386213", "Ana Bokal": "Q117336744", "Alina Willi": "Q125448389", "Ludovica Righi": "Q117268087", "Shaienne Zehnder": "Q124459036", "Eva Schachner": "Q124459145", "Camilla Vanni": "Q124455151", "Maja Waroschitz": "Q124462510", "Nelli-Lotta Karppelin": "Q124382413", "Giorgia Collomb": "Q117286735", "Am\u00e9lie Bj\u00f6rkst\u00e9n": "Q124519348", "Charlotte Grandinger": "Q124462528", "Astrid Hedin": "Q124465625", "Romy Ertl": "Q124465850", "Iralda Kliagina": "Q3801817", "Nade\u017eda \u0160amakova": "Q3869826", "Natal'ja Furlatova": "Q3870580", "Nina Koroleva": "Q3877054", "\u0423\u043b\u044c\u044f\u043d\u0430 \u042f\u0440\u043c\u043e\u043b\u0435\u043d\u043a\u043e": "Q4538661", "Aud Berntsen": "Q11959579", "Aud Grundvik": "Q11959582", "Aud Jensen": "Q11959586", "Tamara Zub\u010di\u0107": "Q12643309", "\u0427\u0438\u0440\u043a\u043e\u0432\u0430, \u041d\u0430\u0434\u0435\u0436\u0434\u0430 \u041d\u0438\u043a\u043e\u043b\u0430\u0435\u0432\u043d\u0430": "Q21534159", "Saila Miettinen": "Q62081412", "Marit Sundin": "Q63340489", "Barbara Chmielecka": "Q78514523", "Birgitta Sund": "Q92256339", "Kate\u0159ina Tepl\u00e1": "Q92707430", "Iveta Chleb\u00e1kov\u00e1": "Q98067134", "Caitlin McFarland": "Q104599781", "Regina Enker": "Q109031488", "Romane Faraut": "Q109920013", "Linn Remmen": "Q110553806", "Anna Panferova": "Q110576097", "Varvara Voronchikhina": "Q110589974", "Anastasiia Bagiian": "Q110647805", "Alice Biondani": "Q110764388", "Michaela Kappacher": "Q110773108", "Laura V\u0103leanu": "Q110971641", "Vanesa Gaskova": "Q111173620", "Antonia \u00d5un": "Q111336119", "Natalie Falch": "Q111366688", "Helga Lazek": "Q111806063", "Anja Brekkan": "Q111812030", "Gabriele Rainer": "Q112875241", "Monica Granum": "Q112958154", "Anne Mette Tandberg": "Q112958158", "Helena Kalte": "Q113073668", "Claudia Wernig": "Q113292494", "Ann Taciuk": "Q113292496", "Lucia Frontul": "Q113348401", "Anne Kristin Johansen": "Q113376390", "Dagmar Gufler": "Q113508777", "Mari R\u00f8dhjell Ansnes": "Q113529316", "Irene Deflorian": "Q113878094", "Anne Kathrine Fossli": "Q113953313", "Gunilla Ahren": "Q114162632", "Francoise Jacquerod": "Q114162709", "Janet Penn": "Q114162785", "Franciane Fischer": "Q114162797", "Evelyn Werner": "Q114162807", "Lana Jo Chapin": "Q114162901", "Eszbieta Dadok": "Q114163011", "Emiko Ikeda": "Q114163036", "Helga Knapp": "Q114461913", "Elisabeth Warter": "Q114658446", "\u00c5sa Bengtsson": "Q114830873", "Carmen Haderer": "Q114833995", "Beate Salen": "Q114957467", "Elisabeth Dos-Kellner": "Q115114843", "Dagmar Vollmer": "Q115147114", "Stephanie Riche": "Q115158040", "Helena Hedman": "Q115168274", "Bigna Schmidt": "Q115193172", "Anastasia Gornostaeva": "Q115210662", "Mida Fah Jaiman": "Q115210673", "Maria-Eleni Tsiovolou": "Q115210675", "Gabriele Weber": "Q115215115", "Uta Wedam": "Q115251158", "Marilyn Hamilton": "Q115255736", "Anne Blackburn-Larose": "Q115319975", "Kristen Adams": "Q115367848", "Elke Kunschitz": "Q115485608", "Sitong Liu": "Q115720519", "Yoshiko Tanaka": "Q115747744", "Gunhild Sundstrom": "Q115821861", "Marianne Edfeldt": "Q115860212", "Astrid Nilsson": "Q115868559", "Karin Gustavsson": "Q115899682", "Ruth Hildebrand": "Q115920179", "Dorothea Neuweiler": "Q115923015", "Aino Turpeinen": "Q115924014", "Chiara Devittori": "Q115941755", "Hilde Oseid": "Q115945667", "Ann-Kristin Fossli": "Q115945668", "Christina Jonsson": "Q115959620", "Gerlinde Strixner": "Q116257197", "Gro Lundberg": "Q116694877", "\u00d8ydis Skille": "Q116694878", "Kari Bjerke": "Q116712420", "Maggie Crane": "Q118128872", "Jane Tidball": "Q118144666", "Ma\u0142gorzata Michalska": "Q118665287", "Trine Uggerud": "Q119208218", "Annike Hagen": "Q119208256", "Janni Thorsteinsen": "Q119208286", "Marianne J\u00e4ger": "Q119438268", "Thea Gamper": "Q120015608", "Raffaella Pignataro": "Q120434062", "Sieglinde Zemmer": "Q120470732", "Hanne Hesle": "Q120512048", "Ellen Karin Vangen": "Q120512049", "Anneliese Petautschnig": "Q120531489", "Marlies Mathis": "Q120645005", "Tiziana Bracelli": "Q120679075", "Heidi Bauer": "Q120721895", "Angelika Rudigier": "Q120728106", "Anette Schaumburg": "Q120780526", "Siri M\u00f8ling": "Q120780527", "Lena Sollander": "Q120828437", "Evi Pr\u00f6ll": "Q120837857", "Elena Annovi": "Q120870659", "Andreja Rojs": "Q121001188", "Ilona Rejm\u00e1nkov\u00e1": "Q121006945", "Andreja Urh": "Q121225267", "Reka Pe\u010dari\u010d": "Q121289214", "Jo\u017eica Gortnar": "Q121289216", "Polona Oblak": "Q121289227", "Barbara Pikon": "Q121362621", "Erna Kotnik": "Q121362622", "Tanja Svet": "Q121362623", "Agn\u00e8s Vivet-Gros": "Q121603230", "Marianne Ranner": "Q121603231", "Leith Lende": "Q121718525", "Betsy Devin": "Q121718527", "Maria Paola Mathieu": "Q121872849", "Giovanna De Chiesa": "Q121872850", "Siri Brott": "Q122016256", "Lidia Pellissier": "Q122750965", "Emanuela Fasoli": "Q122761941", "Roberta Quaglia": "Q122761942", "Carmen Rosoleni": "Q122761943", "Sandra Tiezza": "Q122766291", "Gerti Engensteiner": "Q122839888", "Stephanie Forrest": "Q122854959", "Jane Rawlins": "Q122871906", "Karin Aspelin": "Q122899610", "Brigitte Jeandel": "Q123312728", "Milenka Pirnat": "Q123486279", "Jenna Sheldon": "Q123690348", "Annika Hunt": "Q123740888", "Anne-Catherine Th\u00e9berge": "Q123740889", "Sara Thaler": "Q123961043", "Evi Pitscheider": "Q123973607", "Ulli Leitner": "Q123984380", "Magda Rossi": "Q123992731", "Vida Tev\u017e": "Q123999676", "Kari Anne Ruud": "Q124032818", "Monica Hermansson": "Q124157096", "Leonie Raich": "Q124170099", "Mich\u00e8le Rubli": "Q124215719", "Hedi Schillig": "Q124215720", "Edith Hiltbrand": "Q124321927", "Nicole Eibl": "Q124397978", "Thea Emilie Benth Jellum": "Q124409507", "Madeleine Sylvester-Davik": "Q124409509", "Bente Bj\u00f8rnstad": "Q124412887", "Marit Ellen Br\u00f8ste": "Q124412926", "Stephanie Townsend": "Q124608311", "Diane Culver": "Q124618317", "Kendahl Roufa": "Q124661910", "Isabella Pedrazzi": "Q124705597", "Lena Wilhelmsson": "Q124818795", "Kirsti Hamre": "Q124818802", "Laurine Lugon-Moulin": "Q125092443"}