{"Panayiota Kafkaridou": "Q94608970", "Breda Bo\u017enik": "Q112841564", "Princess Rupsirisophak Mahanaknari of Rattanakosin": "Q13022253", "Johanna Christiane Louise Bergener": "Q55848414", "Julie Bagot": "Q3189153", "Sophie Modersohn": "Q55882973", "Bertha von der Schulenburg": "Q94763948", "Hedwig von Bismarck": "Q55901154", "Marie Kompert": "Q40236174", "Mathilde Maria Floriana Lippitt": "Q61197979", "Claudia Grismondi Secco Suardo": "Q63107236", "Johanna Meynert": "Q59653283", "Anna von Lucam": "Q563853", "Felicia Hopkins": "Q21537581", "Elise Gutmann": "Q94750952", "Ida Str\u00e4uli-Kn\u00fcsli": "Q26430570", "Catharina Louisa Maria Alberdingk Thijm": "Q19685472", "Maria Samuela Piksa": "Q61198155", "Emilie K\u00fchnelt": "Q98382258", "Anna Roos": "Q4975366", "Anna Gutmann": "Q94760317", "Elisabeth Ganslandt": "Q97665450", "Mathilda Tengwall": "Q4982330", "Sofi Lindstedt": "Q101422258", "Marie Posp\u00ed\u0161ilov\u00e1": "Q95402495", "Marija Skrinjar": "Q58235260", "Adolfine Malcher": "Q61198004", "Franti\u0161ka Honlov\u00e1": "Q95485986", "Ana Faninger": "Q61785564", "Annie Bellman": "Q123588243", "Amy Kirk": "Q117126440", "Marie Hoffmanov\u00e1": "Q112346467", "Josefine Kurzbauer": "Q61197921", "Anna Kremeir": "Q61197896", "Maria Kruseman": "Q1906306", "Mary Benson": "Q18756958", "Henriette Wei\u00df": "Q95741294", "Elisabeth Boissevain": "Q66085240", "Therese Hinsenkamp": "Q61197767", "Berta Kolm": "Q61197876", "Hella Flesch": "Q94754282", "Apolline de Gourlet": "Q59581772", "Jessie Isabel Henderson": "Q21535132", "Gertrud af Klintberg": "Q4959147", "Gertrude May King": "Q28035043", "Julie Hofmann": "Q61543505", "Auguste Halbmeier": "Q49985571", "Dina Sanson": "Q1921072", "Anna Lundquist": "Q123592127", "Ebba Wedberg": "Q118570177", "Evelyn Garnaut Smalley": "Q99654554", "Mary Willcox Brown Glenn": "Q55721375", "Anna von Meretta": "Q61198031", "Else Hasse": "Q94747224", "Alice Higgins Lothrop": "Q55720915", "Bo\u017eena Hrejsov\u00e1": "Q64944485", "Julia Svedelius": "Q4981419", "Agathe Fessler": "Q123411771", "Klara Fricke": "Q20171875", "Marie Kurowski": "Q61197919", "Willa Thorade": "Q17327012", "Ellen C. Babbitt": "Q127947627", "Anna Hlavinkov\u00e1-Mladinco": "Q100472893", "Juliette Verhaegen": "Q105545890", "Hedwig Lemberger": "Q98372594", "Olga Str\u00e1nsk\u00e1-Absolonov\u00e1": "Q95166241", "Clementine Cramer": "Q55849036", "M. C\u00e9cile Matheson": "Q60793598", "Else Federn": "Q98382284", "Hermine Wittgenstein": "Q96090154", "Berta Hei\u00df": "Q59653234", "Mathilde Paravicini": "Q1908713", "Eva Sardeson Jerome": "Q66699299", "Elsa Strauss": "Q85087715", "Bertha Freiin von Stumm": "Q85087821", "Effie Maud Aldrich Morrison": "Q21176815", "Ilse Arlt": "Q1659081", "Vera Charlotte Scott Cushman": "Q56706822", "Clara Israel": "Q1095200", "Edith Farkas": "Q98280866", "Dorothea Hirschfeld": "Q15449918", "Anna Schapire-Neurath": "Q563158", "Johanna Flinck": "Q95746079", "Clara Samuel": "Q96042794", "Maria Fierz": "Q58739303", "Grete L\u00f6hr": "Q60817543", "Frieda Simon": "Q94735829", "Luise Schiel": "Q98925477", "Magda B\u00edl\u00e1": "Q21476701", "Ella Werner": "Q94756150", "Hedwig Iakobi": "Q95111399", "Berta Baslerov\u00e1": "Q95451213", "Marie-Elvire Flament": "Q110843385", "Margarete Roller": "Q60820889", "Elisabeth Kitzinger": "Q1330057", "Marie Hirzel": "Q94741415", "Hilda Satt Polacheck": "Q94541731", "Olga Dokoupilov\u00e1": "Q101598780", "Margaret Mary Louise Catton": "Q108043411", "Sophia Berger Mohl": "Q115410188", "Virginia Robinson": "Q94756129", "Karoline Maria Redler": "Q1734246", "Marie H\u00f6fnerov\u00e1-\u017dl\u00e1bkov\u00e1": "Q92772827", "Siddy Wronsky": "Q2281696", "Mathilde Girault": "Q99654414", "Else Dawson": "Q55849137", "Margarete Turnowsky-Pinner": "Q1895038", "Ivy Blanche Irene Smith": "Q24045073", "Margarete Baumgart": "Q94766582", "Catherine Morrison": "Q96939975", "Emma Carola Woerishoffer": "Q55721535", "Eva Cassirer": "Q94736802", "Anna Gerardina Hers": "Q28064134", "Adolfine Lemberger": "Q108180057", "Regina Kopstein": "Q61197879", "Hanna Thon": "Q109744459", "Hulda Jost": "Q94767462", "Jeannette Wey": "Q96211275", "Ana Kobal Ziherl": "Q12784497", "Emmi Bloch": "Q94760950", "Hilda von Barton genannt von Stedman": "Q55848306", "Elisabeth Luz": "Q15807818", "Frieda H. Sichel": "Q15810518", "Rosa Rachel Schwarz": "Q55887586", "Anna Hlavat\u00e1-Pokorn\u00e1": "Q106043881", "Margriet Baers": "Q50353187", "Idamarie Solltmann": "Q1656619", "Anna Gr\u00fcn": "Q98280835", "Berta Schumacher": "Q94758830", "Jessie Eleanor Bage": "Q88364856", "Emmy Beer": "Q94764178", "Winifred Anderson Carruthers": "Q21539691", "Charlotte Elizabeth Carr": "Q55721294", "Gertrud Kurz": "Q1515607", "Marie G\u00e9rin-Lajoie": "Q3292569", "Elisabeth Bamberger": "Q1329760", "Elizabeth Stuyvesant": "Q66712395", "F\u00e9 Haije": "Q62035264", "Else Rosenfeld": "Q1333705", "Gertrude van Tijn": "Q28064096", "Gertrud Blank": "Q23671735", "Ellen Simon": "Q94766364", "Erna Berg": "Q94774592", "K\u00e4the Rosenheim": "Q1795503", "Anna Steuerwald-Landmann": "Q94737780", "Marta \u0160\u00edpkov\u00e1-Sm\u011bl\u00e1": "Q102301444", "Else W\u00fcst": "Q72060351", "Amy Gordon Hamilton": "Q63485321", "Beulah S. Hester": "Q94134547", "Auguste Ehrgott": "Q60842107", "Elisabeth Rothschuh": "Q94247118", "Germaine Hommel": "Q15479673", "Christa Thomas": "Q63485886", "Fanny Ollendorff": "Q83283325", "Jenny Kummeneje": "Q64682596", "Mia Neter": "Q94737853", "Romana I\u017cycka-Fedorska": "Q11835323", "Alice Kate Blackall": "Q96630800", "Fusa Asaga": "Q105711628", "Marianne Hapig": "Q44528742", "Hanna Steiner": "Q61200174", "Margareta Fesel": "Q95117062", "\u05e4\u05d0\u05d5\u05dc\u05d4 \u05d1\u05e8\u05d8": "Q126095205", "Olly Oldach": "Q99438749", "Adele Bruckner": "Q104641536", "Alice Bendix": "Q2646832", "Magdalena Heilmann": "Q123484502", "Irma Fechenbach": "Q94731608", "Marta Bernstein Navarra": "Q94440644", "Marthe Levasseur": "Q102832578", "Margarethe Ansion": "Q121367403", "Gerda Philipsborn": "Q123764557", "Clorinda Low Lucas": "Q114731576", "Hanna Bernheim": "Q94753338", "Helene von Thadden": "Q94735782", "Elisabeth Hartkopf": "Q94760069", "\u00c4nne Meier": "Q255271", "Phyllis Lee Walker Francis": "Q66712266", "Anna Christine Martensen": "Q62079410", "Rosa Dworschak": "Q59653185", "Anni Aschoff": "Q94770038", "Jirina Storkova-Alexandrova": "Q97312939", "Ida Helena Fr\u00f6licher": "Q96364387", "Harriet Bartlett": "Q3783473", "Luise von der Heyden": "Q60834825", "Ruth Bang": "Q101112791", "Julie Meyer": "Q94777363", "Agatha van Rijn": "Q110848862", "Caroline Lina Wolff": "Q118962065", "Charlotte Todes": "Q100328271", "Alice Beal Baker Hyde": "Q97014698", "Marga Meusel": "Q1894770", "Beatrice Olive Victoria Dodd": "Q21535944", "Luise J\u00f6rissen": "Q1317974", "Maria Palester": "Q23657376", "Aileen Fitzpatrick": "Q21535171", "Rosemarie Gassner": "Q73139416", "Miryam Hoffert-Horani": "Q30275432", "Isa Gruner": "Q1673342", "Marlis Weniger": "Q94763582", "Josefine Souquet": "Q94758833", "Eva Danelius": "Q108619837", "Lily Pincus": "Q1825282", "Ir\u00e8ne Chiot": "Q62654628", "Marie Krake\u0161ov\u00e1": "Q95149678", "Helen Leland Witmer": "Q118469474", "Thelma Constance Metcalfe": "Q24239632", "Suzanne Lecl\u00e9zio": "Q101251355", "Gertrud Sauerborn": "Q20638892", "El\u00e0dia Faraudo i Puigdollers": "Q11919107", "Ruschka Lenz": "Q94757558", "Anna Teleky": "Q94856268", "Yolande Bonnet de Paillerets": "Q50827758", "Theresia M\u00fcller": "Q94732373", "Hayda Denault": "Q106044358", "Franziska Heberle": "Q85086994", "Edith Kathleen Tredgold": "Q121032446", "Hanna Grunwald-Eisfelder": "Q94657311", "Manon L\u00fcttichau": "Q62081029", "H\u00e9l\u00e8ne Burger": "Q3144721", "Ilse Seglow": "Q44193446", "Tziporah Bloch": "Q30527263", "Mar\u00eda Eugenia Choque": "Q73180369", "Augustina Blahov\u00e1": "Q126894956", "Sofie Quast": "Q106805032", "Jane Sivadon": "Q3161894", "Lillian Windau Spencer": "Q114596820", "Maria Estrada i Clerch": "Q11935435", "Ida Sterno": "Q3147768", "Irena Schultz": "Q23608129", "Katharina Flesch": "Q115198814", "Hilde Lotan": "Q30527243", "Lucyna Franciszkiewicz": "Q110843453", "Nad\u011b\u017eda Munkov\u00e1": "Q108711177", "Elisabeth He\u00df": "Q95192229", "Marianne Hamm von Sahr": "Q1896820", "Anna Theresia Marx": "Q94746677", "Angeles Mangaser Avecilla": "Q108043081", "Dorothea Hoffmann-Reeber": "Q94741454", "Lotte Lemke": "Q1871155", "Martha Beindorff": "Q1903026", "Paulina Medeiros": "Q16617192", "Marie Hirsch": "Q94746816", "Jadwiga Piotrowska": "Q23636076", "Marta Baranowska": "Q1902910", "Anna Cadia": "Q113354616", "Lilo Hehner": "Q94370764", "Hedwig Sch\u00f6nwiese": "Q94735466", "Marie-Jos\u00e8phe Courbet": "Q110842521", "Dora Peyser": "Q1243644", "Gertrud Einstein": "Q95197339", "Else Ackermann": "Q94746488", "Hildegard Holzer": "Q113796010", "Marinette Guy": "Q69760772", "Juliette Vidal": "Q69883678", "Dora Segall": "Q110878900", "Margaret Leslie Canby": "Q20645555", "Martha Laarmann": "Q72060050", "Elsa Lindskog": "Q4962931", "Elisabeth Schilder": "Q94738112", "Ursula Gr\u00e4fin von Schlabrendorff": "Q94735076", "Hansi Pollack": "Q116761499", "Anna Maus": "Q60842081", "Lilly Bischoff": "Q60842097", "Susanne Witte": "Q101435481", "Simone Benielli": "Q104145671", "Berta Mildov\u00e1-B\u00edlkov\u00e1": "Q112348187", "Hedy Reichner": "Q111736798", "I. Myrtle Carden": "Q105245349", "Herma Gunert": "Q59653216", "Leonie von Schlabrendorff": "Q94735078", "Constance Moffit": "Q96695011", "Mina Hochmann": "Q60842121", "Lilian Bye": "Q108131769", "Helen Brown Wiegman": "Q56221323", "K\u00e4the Riechers": "Q37186439", "W\u0142adys\u0142awa Marynowska": "Q110846249", "Marcelle Guillemot": "Q107182674", "Elisabeth Heurkens": "Q113221531", "Marianne Welter": "Q85106034", "Ruth Jaffe": "Q57608923", "Ingeborg Wallis": "Q112479554", "Took Heroma-Meilink": "Q21197306", "Luise Zorn": "Q104788793", "Magda Kelber": "Q18024527", "Emma Weissmann": "Q124368517", "Lotte Wetter": "Q94735227", "Hedvika Tauberov\u00e1": "Q125579278", "Astrid Nilsson": "Q98545908", "Sophia Ragolsky": "Q124811352", "Germaine Le Guillant": "Q104820963", "Jeanne Dombret": "Q110842972", "Fanny Broch": "Q84682884", "Maria Leist": "Q60842141", "Greta Fischer": "Q1545938", "Gisela Konopka": "Q1527392", "Kerstin Alfv\u00e9n": "Q109335901", "Maj Kullenberg": "Q60061820", "Dora von Caemmerer": "Q106527764", "Edith C\u00e9r\u00e9zuelle": "Q110842291", "H\u00e9l\u00e8ne Rosenberg": "Q110848970", "Jadwiga Sa\u0142ek-Deneko": "Q23641678", "Anneliese Debray": "Q60830877", "Gaudencija \u0160plajt": "Q47005729", "Esther Ellis Sampson": "Q97999867", "Gertraude R\u00f6hricht": "Q95193373", "Helene Grefraths": "Q60842111", "Lilli Guggenheim": "Q114220664", "Liselotte Nold": "Q1827947", "Laura Spivey Massie": "Q109599834", "Puck Stoffels": "Q118144207", "Wanda Wyrobek": "Q55388783", "Micheline Cahen": "Q110842214", "Elisabeth Hirsch": "Q63140576", "Stephanie Hegi": "Q96319184", "Eugenie Ut\u00edkalov\u00e1": "Q95180874", "Anne Kohn-Feuermann": "Q111578451", "Ruth Lambert": "Q63184919", "Huguette Wahl": "Q63253105", "Anna-Ma Toll": "Q92929263", "Simone Stolze": "Q110849865", "Betha G\u00f6tz": "Q95193489", "Lillian Frankel": "Q61092977", "Elselyn Harriette Angelique Fa Si Oen": "Q123420293", "Gertrud Aretz": "Q24175422", "Gerda Schulman": "Q52084239", "Renard Paule": "Q109367155", "Elizabeth Whitley": "Q124290545", "Montserrat Castells i Gabriel": "Q11937519", "Clara Reust": "Q19840818", "Elizabeth J. Forrester": "Q109629512", "Eugenia Huneeus": "Q111824228", "Franzi L\u00f6w": "Q1450066", "Elisa Maqe": "Q50941631", "Isabel MacArthur": "Q92198681", "Ilse Mayer-Kulenkampff": "Q95740593", "Fides von Gontard": "Q25916977", "Nettie Hancock Washington Douglass": "Q70478812", "Francine Dumas": "Q109564188", "Karin Wiks\u00e9n": "Q17113946", "Nicole Weil-Salon": "Q55740093", "Erma Henderson": "Q94401150", "Florence Lieberman": "Q112543547", "Anna-Maria Gryczkiewicz": "Q110843903", "Jos Wibaut": "Q125918633", "Lolita Albores": "Q63970098", "Lady Patricia Hogan": "Q10886350", "Maria Meyen": "Q95206005", "Liesel H\u00fcnichen": "Q95206310", "Beverly Barksdale Sheppe": "Q104813048", "Phyllis Fisher": "Q121302427", "Greta W. Stanton": "Q52084345", "Grethe Elisabeth S\u00f8rensen": "Q62080092", "Maria Weber": "Q1896418", "Vivette Samuel": "Q63312301", "Ren\u00e9e Farny": "Q15479684", "Yvette Farnoux": "Q3574046", "Maria das Neves Rebelo de Sousa": "Q83277701", "Judith Piepe": "Q85083643", "Rikica-Radmila \u0160lozberg": "Q59710155", "Irmgard Schneiders": "Q94741485", "Lena Vedel-Petersen": "Q62080851", "Zofia Szoloch": "Q110844781", "Jeanette Frenoux": "Q99662486", "Marie Labrecque": "Q107185745", "Trude Simonsohn": "Q2456132", "Denise Vormus": "Q63308164", "Jeannette Frenoux": "Q124710639", "Marie-Th\u00e9r\u00e8se Jouveau": "Q57704734", "Montserrat Colomer i Salmons": "Q11937521", "Milena Strakov\u00e1": "Q112349668", "Graziella Brenner": "Q109777286", "Tineke Haak": "Q117083317", "Danielle Chantereau": "Q110842307", "Rosa Bauer": "Q15500489", "Virginia Coleman": "Q105952377", "Shu Pao Lim": "Q125553569", "Gaby Wolff": "Q55740235", "Agnes Kunze": "Q108812924", "M\u00e1ria Zsuzsanna G\u00f6nt\u00e9r": "Q78644064", "Anne-Marie Thunberg": "Q37016101", "Dolfka Bo\u0161tjan\u010di\u010d": "Q59816181", "Ida Pantak": "Q95185787", "Hanne Glodny": "Q13424224", "Maria de Lourdes Vale Nascimento": "Q107978133", "Karoline Petersen": "Q3445098", "V\u011bra Pohlov\u00e1": "Q112546017", "Maria Loley": "Q1896100", "Odette Spingarn": "Q91972116", "Carme Obradors i Dom\u00e8nech": "Q19998151", "Monica Kempe": "Q52670249", "Sabine Ball": "Q1728976", "Hanna M. Loewy": "Q94744819", "Joyce Posson Winston": "Q95881368", "Mariko Abdulah": "Q115296134", "Nancy Gomes": "Q94495649", "Ingeborg Hartelius": "Q98271474", "Edith Baumann": "Q94746578", "Rosemary C. Sarri": "Q64021507", "Rigmor Kreyberg": "Q106571713", "Rikke Skalkam": "Q62081377", "Marivi Iturbe Etxeberria": "Q85625312", "Angelika Wilbert": "Q95187782", "Nilimarani Samanta": "Q112562009", "Paul-H\u00e9l\u00e8ne Saint-Raymond": "Q29571286", "Cornelia Middelkoop-Koning": "Q116258719", "Zdenka Bevc": "Q105966518", "Sharon Costner": "Q29230522", "Elsa Bolin": "Q47067935", "Jocelyn Jarmey": "Q118287688", "Marge Eaton Heegaard": "Q112460434", "Maria das Gra\u00e7as de Campos": "Q109791538", "Eva Giberti": "Q5852514", "Slobodanka Kostova": "Q55197921", "Barbara L. Weinstein": "Q105077108", "Greta S\u00f6rlin": "Q46755543", "Maria Heissenberger": "Q104113012", "Dolores Marie DeLaurentis": "Q95885612", "Wenche T\u00f8nseth": "Q124355593", "Marianne Romeick": "Q104672259", "Sonja Stenmarck": "Q27062516", "Ursula Adams": "Q108946314", "Ruth West Ramsey": "Q98471187", "Birthe Hansen": "Q67103341", "Irm\u00e3 Maria Luiza": "Q109775815", "Angela \u017diberna": "Q113731145", "Roser Ponsati i Capdevila": "Q79051748", "P. V. Vanaja Bai": "Q29261437", "Eva Hedlund": "Q49103066", "C\u00e9line B\u00e9dard": "Q106784603", "Maria Baldus-Cohen-Or": "Q60834164", "Julia Ch\u00e1varri Otero": "Q47517114", "Milena Roth": "Q95204394", "Karen Brown": "Q106906993", "Renate Str\u00f6mbach": "Q112475040", "Cornelia Ann Hunt": "Q95890269", "Pamela Cook": "Q117715921", "Barbara McDonald": "Q121835988", "Mary Turner": "Q112423727", "Marie Val\u00ed\u010dkov\u00e1": "Q112532333", "Johanna Vogel": "Q95194862", "Pnina Eldar": "Q22944254", "Marie Goretti Boltnarov\u00e1": "Q12035391", "Jane Wijdenbosch": "Q126088069", "Norma Neide": "Q109780496", "Ines Klonz": "Q95186062", "Joan Healy": "Q96695004", "Tauwira Taurua": "Q104708371", "Helga Laake": "Q106231990", "Jacquelyn Small": "Q112406227", "Riva Miller": "Q29643266", "Georgette B\u00e9liveau": "Q98416052", "Alice Faber": "Q117464058", "Birte Bernt Henriksen": "Q62079695", "Rosa Maria Estrany Llorens": "Q11946284", "Lucy Ching Man Fai": "Q15954461", "Mary Morse": "Q45024894", "Verena McRae": "Q112515077", "Silvia Studer-Frangi": "Q124322306", "Mary Fawcett": "Q47037572", "Anne-Katrin Lehmann": "Q95210137", "Tama Shochat": "Q114352204", "\u00c9laine Carey-B\u00e9langer": "Q100569209", "Silvia Staub-Bernasconi": "Q1619649", "Anita Breithaupt": "Q549485", "Marie-Luise Br\u00f6ckel": "Q94738932", "Rebecca S\u00e1nchez Cruz": "Q100269349", "Maria Teresa Ser\u00f4dio Rosa": "Q115407154", "Kamapanthula Sampurna Chandrika": "Q28916653", "Clida Martinez Ellison": "Q90732093", "Heidi Gonnermann": "Q95208382", "Pauline Bibby": "Q112431570", "Regina Schmidt-Zadel": "Q2137928", "Hana Podzimkov\u00e1": "Q95374689", "Colleen Stotler": "Q96196004", "Aviva Goldschmidt": "Q95202513", "Myrna I. Lewis": "Q112435793", "Eva Rosenbaumov\u00e1": "Q112512447", "\u00c1ngeles de Dios de Martina": "Q112531846", "Rosa Barenys i Martorell": "Q19301773", "Fanny Samuniski": "Q93376549", "Olava Bidtnes": "Q14528832", "Isa Stenberg": "Q96475238", "Esther Langston": "Q105740116", "Sunanda Patwardhan": "Q113838811", "Marie-Claude Teissier-Landgraf": "Q18343349", "Catherine Goodyear": "Q123400057", "Jacqueline Hansen Maggiore": "Q113782192", "Aviva Taler": "Q6845354", "Elsa Santos Andreolli": "Q109758624", "Mercedes Scharf": "Q94735219", "Elisa Thiel": "Q95205805", "Esther Valladolid Wolf": "Q100270858", "Irm\u00e3 Brunildes": "Q109759960", "Cecily Corti": "Q1052447", "Pilar Ferran Hern\u00e1ndez": "Q17625108", "Anita I Andersson": "Q42393655", "Eva Gor\u010d\u00edkov\u00e1": "Q95167365", "Sylvia Walker": "Q121225304", "Karen Kay Bentley": "Q95880782", "Maria Luiza Gui\u00e3o Bastos": "Q109780719", "Yolanda C. Mart\u00ednez": "Q123537202", "Gudrun Nositschka": "Q94635603", "Margarete Jenne": "Q95191901", "Nancy L. Mace": "Q112526281", "Sigrid Schneider-Grube": "Q1658199", "Carmen Alvarez Fernandez": "Q109982079", "Heather Allan": "Q125307269", "Emma Weis": "Q112650593", "Lynne Dratler Finney": "Q30324683", "Lateef Fatima Khan": "Q126721633", "Ute Zydek": "Q95203362", "Naomi Kasher": "Q16131395", "Ruth Loeb": "Q94751171", "Fran\u00e7oise Laborde": "Q65586953", "Ursula Grille": "Q6475350", "Maria Aparecida de Lima Conde": "Q109777557", "Elise Title": "Q112395453", "Jana Flanderov\u00e1": "Q95241270", "Hannelore Hensle": "Q1575870", "Patrocinio de las Heras Pinilla": "Q111357900", "Patricia Noonan Walsh": "Q112563203", "Terry Altilio": "Q116726214", "Chodchoy Sophonpanich": "Q13014328", "Solveig Vennesland": "Q12001907", "Elaine Menchel Marcus": "Q95884809", "Maryann Krieglstein": "Q22006050", "Hertha-Maria Haselmann": "Q1269282", "Ata Hautam\u00e4ki": "Q11853251", "Sibylle Dreher": "Q95191089", "Veronica Coulshed": "Q112353274", "Margaret Bell": "Q112510277", "Birgit Fjelde": "Q65496631", "Jaroslava Vr\u0161kov\u00e1": "Q95148965", "Mary Beth Harris": "Q112463020", "Margit Harder": "Q112496917", "Ivana Klima": "Q112535955", "Margaret Anne Opie": "Q122473138", "Mevl\u00fcde Melek Baklan": "Q1919257", "Hildegard Schmittfull": "Q113803553", "Ann Michele Nolan": "Q113823414", "Miroslava Kub\u00ed\u010dkov\u00e1": "Q95487669", "Maria Celia de Oliveira Munhoz": "Q109793806", "Else Marie Mortensen": "Q65497909", "Blanca Garc\u00eda Manzanares": "Q15059450", "Ieteke \u201cInchi\u201d Witteveen": "Q115657373", "Karin K\u00f6nig": "Q93881187", "Libu\u0161e Koppov\u00e1": "Q111944693", "Rita M. Rhodes": "Q120717496", "Maria Salleras Juan": "Q11935480", "Margarita Castej\u00f3n": "Q55383222", "Eileen R\u00f6nnlund Holmgren": "Q108143187", "Cherry Hartman": "Q112378178", "Joan Orme": "Q112519148", "Marilyn Lash": "Q112539439", "Anne Schumann-Dreyer": "Q63838285", "Elisabeth K\u00e4semann": "Q109678", "Lydia Olchitzky-Gaillet": "Q105963315", "V\u011bra Roubalov\u00e1": "Q104612708", "N\u00faria Carrera": "Q16187591", "Diane Perkins": "Q112439405", "Monica Andersson": "Q4935905", "Margareta Hyd\u00e9n": "Q4955225", "Randi Reese": "Q11997096", "Cath Smith": "Q56458683", "Joyce Parrish O'Neal": "Q106647634", "Robyn Corrigan": "Q112249446", "Maria da Gra\u00e7a S. Tasmo": "Q109777267", "Ghanima al-Harb": "Q20400964", "Rita Egger": "Q112398136", "Marion Bower": "Q112514521", "Femida Handy": "Q112532083", "Marianne Horstkemper": "Q113777275", "Angela Fioravante": "Q109791533", "Elizabeth Mercedes Rekas Urra": "Q85868737", "Jennifer Spielmann Tisdale": "Q114565219", "Malle Eenmaa": "Q123915373", "Nicole Boucher": "Q106698071", "Dalila Figueiredo": "Q123503027", "Evelyn L. Conley": "Q90314433", "Bella Freund": "Q7054100", "Dany Boimare": "Q95201701", "Graham Owen": "Q106806459", "Mar\u00eda Luisa d\u2019Aubuisson de Mart\u00ednez": "Q55652638", "Catherine Drouin": "Q95886906", "Nid\u017ear D\u017eana Popovi\u0107": "Q95173633", "Vera L\u00facia Campos Germano": "Q109778951", "Jurema Ierece Nascimento Costa": "Q64848868", "Odenizia Andrade Dourado": "Q109785711", "Olga Lopes Salom\u00e3o": "Q64861207", "Fran\u00e7oise Fontenaille": "Q65581783", "Cornelia Krause-Girth": "Q1133365", "Pilar Massana": "Q47179294", "Ana Est\u00e9banez": "Q110973058", "Julia M. Catagnus": "Q112419827", "Yvonne Shemmings": "Q112517180", "Kathleen McInnis-Dittrich": "Q112553477", "Darcy Barreto": "Q109776367", "Gabriele L\u00f6sekrug-M\u00f6ller": "Q124055", "Alzira Rodrigues Borges Canuto": "Q64847037", "Jasenka Villbrandt": "Q1683768", "Sarah Maria Coelho de Souza": "Q109781222", "Eva Hurychov\u00e1": "Q11985148", "Jaroslava Mu\u017e\u00edkov\u00e1": "Q95162876", "Fran\u00e7oise Wiltz": "Q62078229", "Milagros Hern\u00e1ndez": "Q61641165", "Dobromila Krupov\u00e1": "Q112508166", "Allyson Davys": "Q112539601", "Gabi Weber-K\u00f6rner": "Q117350156", "Verena Keller": "Q24033400", "Olga Horv\u00e1th": "Q116976025", "Barbara Thompson": "Q4859358", "\u05d0\u05e1\u05e0\u05ea \u05d6\u05d4\u05d9\u05e8": "Q114808645", "Emmy Hart": "Q126001468", "Ana Maria R\u00e9dua Giamarino": "Q109787427", "Margaret Alston": "Q47192410", "Maria Sylvia Farina Matos": "Q109781205", "Birthe Christiansen": "Q12303577", "Barbara Ehrt": "Q28605859", "Kerstin Sj\u00f6gren Fugl-Meyer": "Q29053515", "Christina M\u00fcller-Gutowski": "Q95186112", "Zuzana Nov\u00e1kov\u00e1": "Q112373443", "Libu\u0161e \u0160lezarov\u00e1": "Q95170408", "Erla B. Sm\u00e1ri": "Q64711314", "Dana Prilutzky": "Q108002526", "Kate\u0159ina \u0160ilh\u00e1nov\u00e1": "Q95090545", "Fran\u00e7oise Collemare": "Q63763080", "Jarmila Voj\u00e1\u010dkov\u00e1-Kuncov\u00e1": "Q95442842", "Ada Mello": "Q9582131", "Charlotte Williams": "Q111909154", "Cynthia Cannon Poindexter": "Q112505873", "Carol Rippey Massat": "Q112536735", "Martine Baldy": "Q65564554", "Agn\u00e8s Rausch": "Q16439989", "Leila Maria Martinho Novak": "Q109787212", "Marcia K. Meyers": "Q93386319", "Bettan Byvald": "Q125157405", "Lili de Hoyos Anderson": "Q6547632", "Hana \u0160eclov\u00e1": "Q95119301", "Olga Havr\u00e1nkov\u00e1": "Q95397319", "Claudine Parent": "Q55724059", "Mariella Mazzotti": "Q93314282", "Petra Fiedler": "Q95190194", "Michaela Kepkov\u00e1": "Q112351469", "Angelika Kipp": "Q112363454", "Mercedes S\u00e1nchez Guerrero": "Q115507737", "Maria Eugenia Souza de Athayde Nunes": "Q109793010", "Marinalva Gon\u00e7alves da Silva": "Q64833213", "Justina Ines Onzi": "Q64833574", "Marie-Christine Cl\u00e9ret": "Q63764160", "Sandy Rogen": "Q99670452", "Maria Alice da Costa Silva": "Q109793795", "Paulette Ackermann": "Q65563250", "Brigitte Krecan-Kirchbichler": "Q112460220", "Irmgard Jansen": "Q112545567", "In Am Sayad Mahmood": "Q17353129", "Mireya Garc\u00eda": "Q55265565", "Monika Vyslouzil": "Q20180849", "Maria Teresa Assis Lemos Marques de Oliveira": "Q64832009", "Patricia Friou": "Q63763463", "Marie-No\u00eblle Biguinet": "Q65567254", "Sandra S. Butler": "Q112529683", "Gerda Holz": "Q123392548", "Ingeborg Danielzick": "Q113733279", "C\u00e9lia Yoshi Hara": "Q109790777", "Elisabeth Clobourse": "Q65573948", "Maryse Blanc Ventre": "Q65567510", "Miriam Reid": "Q123562099", "Vladim\u00edra \u0158\u00e1hov\u00e1": "Q95557992", "Catherine Lamour": "Q65587532", "Iracy de Matos Moreira Barbosa": "Q61881215", "Regina C\u00e9lia da Silva Freitas": "Q109777150", "Jaroslava Puntov\u00e1": "Q104807111", "Anna Gralberg": "Q107539145", "Jane Bennett": "Q112478948", "Elfriede Fr\u00f6schl": "Q1328617", "Varda Noga Spielman": "Q105588214", "Maria Schwarz-Schl\u00f6glmann": "Q109577472", "Maria Cristina Abreu Domingos Reis": "Q109787673", "Graziella Pierini": "Q63763761", "Elza Marques": "Q64833590", "V\u00e9ronique Saublet Saint-Mars": "Q63765658", "Muriel Blanc": "Q63765960", "Nilza Maria de Jesus Biscaia Pinto": "Q109774972", "Maria Loheide": "Q62561912", "Nad\u011b\u017eda Stwiertniov\u00e1": "Q95468292", "Jarmila Klugerov\u00e1": "Q95395841", "Fabienne Lassalle": "Q65587871", "Laurie Parsons": "Q43780939", "L\u00facia Xavier": "Q55223038", "Sabine Constabel": "Q71025955", "Dajana Kosti\u0107": "Q112478394", "Amy Schmidt": "Q112483358", "Janet Elizabeth Groen": "Q112522902", "Trish Hafford-Letchfield": "Q64898218", "Isabelle Lahore": "Q63764567", "Jana Hejkrl\u00edkov\u00e1": "Q95078287", "Fran\u00e7oise Amarger-Brajon": "Q63765044", "Eva Dani\u0161ov\u00e1": "Q112466088", "Edna de Fatima Alves e Castro": "Q64847277", "Fidelia Graand-Galon": "Q108964239", "Sonia Sander": "Q99292147", "Virginia Wangare Greiner": "Q22915155", "Inger Ann Fossli": "Q19868611", "Marina Charpentier": "Q115924162", "Nadia Remadna": "Q23926265", "Armelle Mabon": "Q29508954", "Dagmar H\u00fchne": "Q67076624", "Eva Danielov\u00e1": "Q112392897", "Hana Rabenhauptov\u00e1": "Q112561137", "Jarmila Ha\u0161kov\u00e1 Sitarov\u00e1": "Q118429033", "Donna Baines": "Q58224163", "Diane Galpin": "Q121889501", "Maria Aparecida Monteiro Rodrigues da Fonseca": "Q64847749", "Aurita Ferreira Bertoli": "Q64849772", "Cathy Bissonnier": "Q63765956", "Eva Mikuleck\u00e1": "Q111987129", "Marta Maria de Lima Alexandre": "Q64850991", "Deborah Cristiane": "Q109776931", "Maria L\u00facia Bianchini": "Q109793041", "Ingrid Ovidie Rang\u00f8nes": "Q24249006", "Petra Thorn": "Q112444491", "T. Laine Scales": "Q112518388", "Susan White": "Q112563190", "Angelika Klingel": "Q18018387", "Peggy Ndubisi": "Q94713622", "Vesna Jovic": "Q106097508", "Neila Maria Batista Afonso": "Q109779171", "Maria Fernanda Teixeira Branco Costa": "Q109793035", "Fr\u00e9d\u00e9rique Schulthess": "Q63764888", "Marcia Maria de Freitas Fernandes": "Q109790832", "Maria Tereza de Oliveira": "Q61878381", "Alice Bernard": "Q64490269", "Idit Weiss-Gal": "Q96758593", "Renata Kainr\u00e1thov\u00e1": "Q95171277", "Josefina Santiago Rodr\u00edguez": "Q11928411", "Selma Aparecida Leite Andrade": "Q109785337", "Anne Goldmann": "Q109429830", "Rose-Marie Hallynck": "Q65584834", "Barbara A. Lehner": "Q95187613", "\u0160\u00e1rka Chytilov\u00e1": "Q112386570", "Eva Zakou\u0159ilov\u00e1": "Q112415779", "Sharon Dogar": "Q112446364", "Brigitte Kr\u00e4chan": "Q112553110", "Bea Trampenau": "Q812820", "Jeanette Robertson": "Q116621458", "Maria do Carmo Guilherme": "Q64851230", "Hana Hrab\u00e1kov\u00e1": "Q95146590", "Grace Freedom Kwiyucwiny": "Q67499774", "Roseline Gourdon": "Q65583898", "Dagmar Krutilov\u00e1": "Q95182626", "Andr\u00e9a Mendes Barros Rodrigues": "Q109792933", "Becky Wing": "Q75982358", "Gudrun Perko": "Q15436247", "Maria Isabel Ferrer \u00c1lvarez": "Q47006130", "Susanne Venker": "Q95200008", "Romana Hochmannov\u00e1": "Q112409530", "Jacqueline Corcoran": "Q112469372", "Gaby Stra\u00dfburger": "Q112483572", "Tereza Cristina Ferreira da Silva": "Q109781863", "Andrea Trenkwalder-Egger": "Q113835700", "A. T. Panter": "Q119141150", "Hala Kazim": "Q60564941", "Sylvie L'heveder": "Q65586896", "Anny Sanlaville": "Q65601756", "Lenka \u0160imkov\u00e1": "Q112547336", "Solange": "Q109786934", "Jussara Benedita Maldanis Vila\u00e7a": "Q64851680", "Margarida Maria Singer": "Q61881309", "Dagmar Pitnerov\u00e1": "Q95374467", "Susie Scott Krabacher": "Q104519127", "Imelda Vandecandelaere": "Q63766075", "Christin Johansson": "Q4956946", "Heike Knoch": "Q95213498", "Phuong M. Do": "Q110628885", "\u05e0\u05ea\u05de\u05e8 \u05d4\u05dc\u05dc\u05d5\u05d9\u05d4": "Q112229227", "Carla Hinrichs": "Q115950025", "Martha Nubia Bello Albarrac\u00edn": "Q117477294", "Maria Amelia Moraes Rodrigues": "Q109782603", "Regina Kraushaar": "Q46711553", "Ivanka Ber\u010dan": "Q105962030", "Z\u00e9lia Fajardini": "Q109780497", "Lenka Hol\u00e1": "Q95472879", "Els Messelis": "Q63476714", "Marina Hulia": "Q109676690", "Mirka Ertlov\u00e1": "Q112489230", "Yvonne A. Unrau": "Q112507868", "Shari L. Brotman": "Q112563245", "Jasmina In\u0111i\u0107": "Q113803599", "Peggy Wong Pik-kiu": "Q11176659", "Maca\u00e9 Evaristo": "Q115481937", "Maria Aparecida Pereira de Albuquerque": "Q64851928", "Rosana Biscaro Baesso Brunetti": "Q109776732", "Miroslava Kr\u010dov\u00e1": "Q112544851", "Glaucia Berenice Santos da Silva": "Q64851141", "Ruth \u0160ormov\u00e1": "Q12050389", "Luz Campello Garc\u00eda": "Q58635053", "Mar\u00eda Pilar D\u00edaz L\u00f3pez": "Q60632379", "Nielsen P\u00e9rez": "Q90622265", "Sue Gargett": "Q93860270", "Gudrun Orlet": "Q112399830", "Sara L. Crawley": "Q112497342", "Diana Coholic": "Q112522906", "Susanne Dungs": "Q113765310", "Anita Bregar": "Q105975057", "Anja Butschkau": "Q30166291", "Janete": "Q109779391", "Olga Landov\u00e1": "Q95182326", "Silke Birgitta Gahleitner": "Q2286145", "Laurence Juban": "Q62887714", "Amal Couvreur": "Q58179451", "Alice \u0160vehlov\u00e1": "Q112514174", "Emilienne Mukansoro": "Q114766552", "Jo Cunningham": "Q116777125", "Stephanie Holt": "Q119140203", "\u0160t\u011bp\u00e1nka \u010ctrn\u00e1ct\u00e1": "Q95172512", "Bohumila Haj\u0161manov\u00e1": "Q95172643", "Ronit Dror": "Q81968201", "Maria Aparecida Talma": "Q109793971", "Zorka M\u00fcllerov\u00e1": "Q95149174", "Vlasta Stojak": "Q114031174", "Bintu Jalia Lukumu": "Q111292129", "Eva Schnitzerov\u00e1": "Q95093145", "Eva Fremuthov\u00e1": "Q95068779", "Olga Cristiane Lembo": "Q109794811", "Karin Peschka": "Q28814898", "Ilona L\u00edskovcov\u00e1": "Q95401878", "Christiany Eugenia Paruntu": "Q16172501", "Maryum Ali": "Q24293017", "Sabine Prochazka": "Q95192954", "Annette Lory": "Q95204380", "Judith Alcal\u00e0 Gonz\u00e0lez": "Q105427811", "Kamila Rychl\u00e1": "Q112406248", "Johanna Schuh": "Q113839050", "Natalie Clark": "Q116777131", "Carola Reifenh\u00e4user": "Q123686309", "Isabel Cristina Sampaio Angelim": "Q109788607", "Sabine Br\u00e4unicke": "Q95198472", "Chianti Jackson Harpool": "Q95888502", "Juana Fern\u00e1ndez Cort\u00e9s": "Q117794263", "Isabelle Morel": "Q65593779", "Pavl\u00edna Hrade\u010dn\u00e1": "Q95143596", "Hanne Roed": "Q61062422", "Lauri Goldkind": "Q112539527", "Rebecca J. Lester": "Q112548924", "Park Jeong-ok": "Q98140345", "Lenilda Leandro Rocha da Costa": "Q64832299", "Silvia Aparecida Rosa": "Q61879787", "Jana Petrov\u00e1": "Q107506056", "Birgitt Pfeiffer": "Q64202280", "Shara Clevegner Brice": "Q48472496", "Birgit Monteiro": "Q865287", "Andrea Tuana": "Q95149908", "Iva Mackov\u00e1": "Q95083631", "Meenakshi Dhar": "Q106961432", "Orit Klopstock": "Q106678425", "Olatz Peon": "Q114356131", "Yolanda Regidor": "Q90968436", "Jocelyn DeVance Taliaferro": "Q112524363", "Lea Wolf": "Q112539531", "Wendy Hulko": "Q112563243", "Lenka Petermannov\u00e1": "Q112563323", "Rina Zouzout": "Q117323616", "Maria Cristina Leal de Carvalho Viegas": "Q109787801", "Cristiane Ribeiro de Sousa": "Q109779405", "Libby Boyce": "Q113516907", "Zuzana Rebcov\u00e1": "Q112537556", "Zuzana Faldynov\u00e1": "Q95178469", "Susanne M. Riedel": "Q98525527", "Drahom\u00edra Zimov\u00e1": "Q112556597", "Verena Begemann": "Q113716810", "Alba Cl\u00e9ia de Aguiar Bezerra": "Q61878272", "Eva Klimentov\u00e1": "Q95108312", "Drahom\u00edra Pavl\u00edkov\u00e1": "Q95178963", "Kate\u0159ina Jirkov\u00e1": "Q95451559", "Bergt\u00f3ra H\u00f8gnad\u00f3ttir Joensen": "Q793470", "Gabriela Mahrov\u00e1": "Q95231390", "Jana Kosov\u00e1": "Q95157673", "N\u00faria Rivas i Mascar\u00f3s": "Q50384469", "Val\u00e9rie Sirugue-Labille": "Q65602592", "Sueli Alves dos Santos Viana": "Q109777165", "Jitka Navr\u00e1tilov\u00e1": "Q95380507", "Dana Aviram": "Q61268762", "Marcia Regina da Silva de Sousa": "Q61879026", "Amina Ek": "Q4945991", "Rose Akello": "Q116621227", "Jeanie Walker": "Q51158340", "Martine Trudel": "Q55725775", "Saadet S\u00f6nmez": "Q58049494", "Kristina Aamand": "Q67622856", "Pavla V\u00fdborn\u00e1": "Q112426599", "Iveta Kokyov\u00e1": "Q112478156", "Monika Hojn\u00e1": "Q112496155", "Katie Wrench": "Q112539124", "Nicole Quint": "Q112547223", "Marie \u0160pil\u00e1\u010dkov\u00e1": "Q95231996", "Kate\u0159ina Kubal\u010d\u00edkov\u00e1": "Q95447933", "\u0b9a\u0b95\u0bcd\u0ba4\u0bbf \u0b9c\u0bcb\u0ba4\u0bbf": "Q12980586", "Mahia Saracostti Schwartzman": "Q89422953", "Sv\u011btlana Porsche": "Q112538157", "Hana Francov\u00e1": "Q95374442", "Ester Pruuden": "Q16404248", "Ana Mar\u00eda Mart\u00ednez": "Q88867747", "Elisangela Moreira da Cruz": "Q64852268", "Virpi Timonen": "Q48569757", "Blanka Petro\u0161ov\u00e1": "Q95148184", "Kate\u0159ina H\u00e1jkov\u00e1": "Q95094485", "Magdal\u00e9na Sk\u0159iv\u00e1nkov\u00e1": "Q112539030", "Radka Janebov\u00e1": "Q95224064", "Aura Cumes Sim\u00f3n": "Q64158984", "Denise Michelle Brend": "Q108676006", "Michaela \u010cadkov\u00e1-Svejkovsk\u00e1": "Q112414927", "Halina Pientokov\u00e1": "Q112550773", "Edina H\u00e9dern\u00e9 Berta": "Q112798937", "Andrea Tajanovsk\u00e1": "Q120579258", "Kim Winter": "Q62078580", "Renata": "Q109780970", "Alice Gojov\u00e1": "Q112342819", "Slavom\u00edra Pukanov\u00e1": "Q110510012", "Renata Souto Malizia": "Q109793846", "Cibele Carvalho": "Q123402031", "Kl\u00e1ra Kavanov\u00e1 Mu\u0161kov\u00e1": "Q112433447", "Elisabeth Ponsot": "Q65596807", "Nadia Semache": "Q63765664", "Ilona \u010ctvrtn\u00edkov\u00e1": "Q112541815", "Jana Palou\u0161kov\u00e1": "Q95487705", "Ana Josefina Arias": "Q113550485", "Daniela Luskov\u00e1": "Q95397661", "Camille Consuegra Bordon Carletti de Oliveira": "Q109787869", "Nerea Kortajarena Iba\u00f1ez": "Q30337348", "Dagmar G\u00e1bov\u00e1": "Q112421166", "Gabriela La\u0161\u0165ovka": "Q112516323", "Donna Peach": "Q123279200", "Michaela Rogers": "Q123279209", "Dawn Whitaker": "Q123279210", "Ana Eliana Garc\u00eda Monroy": "Q65160298", "Ad\u00e9la Moj\u017e\u00ed\u0161ov\u00e1": "Q95372822", "Kate\u0159ina Maxov\u00e1": "Q104904968", "Camilla Hille": "Q63438031", "Ludmila Pl\u00e1tov\u00e1": "Q95144254", "Mary Bonvoisin": "Q65568360", "Adriana Soares Neves": "Q109757679", "Ticiana Ferreira Candido Fran\u00e7a": "Q61879015", "Lucie P\u0159\u00e1dov\u00e1": "Q112545900", "Marie Mackov\u00e1": "Q95154099", "Sabine Sitter": "Q90488498", "Margit Riezinger": "Q95201431", "Andrea Petrov\u00e1": "Q112351684", "Tereza G\u00fcnterov\u00e1": "Q112391192", "Lucie Pond\u011bl\u00ed\u010dkov\u00e1": "Q112434941", "Jana Markov\u00e1": "Q112517863", "Milu\u0161e \u0160\u00e1lkov\u00e1": "Q112550983", "Bor\u00f3ka Feh\u00e9r": "Q112564716", "Daniela Steenkamp": "Q113843597", "Angela Ellis Paine": "Q90597592", "\u05d0\u05d9\u05dc\u05d0\u05d9\u05dc \u05e6\u05d9\u05df": "Q27972287", "Maria Eduarda Rocha Nascimento": "Q64833459", "Jana Barv\u00edkov\u00e1": "Q117863584", "S\u00e9verine Mateille": "Q63764671", "Madalena Natividade": "Q109109844", "Zuzana Pap\u00e1\u010dkov\u00e1": "Q111009112", "Jana Varteck\u00e1": "Q95220233", "Mark\u00e9ta Hor\u00e1kov\u00e1": "Q95154480", "Radka Bu\u017egov\u00e1": "Q90947629", "Sandra Buchgraber": "Q95193840", "L\u00fddie Th\u00e1lov\u00e1": "Q112388238", "Eva Hrachovinov\u00e1": "Q112457972", "Eva Provazn\u00edkov\u00e1": "Q112506807", "Sana Chehimi": "Q112507485", "Ma\u0142gorzata G\u0142owacka-Grajper": "Q112548256", "Petra Vojtov\u00e1": "Q95113571", "Anna Musialov\u00e1": "Q116858870", "Gabriela V\u00e1gner": "Q95402700", "Tal Lifshitz": "Q124540490", "Barbara Jan\u00edkov\u00e1": "Q95395725", "Rosemeire Rodrigues de Oliveira": "Q109779357", "Jana Prince": "Q95885615", "Kenia de Souza Gon\u00e7alves dos Santos": "Q61881489", "Mar\u00eda Jos\u00e9 Jim\u00e9nez Corti\u00f1as": "Q25509850", "Maria Carme Mart\u00edn Bustos": "Q66102563", "Kate\u0159ina Hellebrandov\u00e1": "Q112392282", "Jurina Rusn\u00e1kov\u00e1": "Q112525221", "Stephanie Azri": "Q112564075", "Sneha Jawale": "Q115649930", "Eneritz de Madariaga": "Q118743336", "\u0160\u00e1rka Pudilov\u00e1": "Q95372052", "Gabriela \u0160ilh\u00e1kov\u00e1": "Q95224808", "Monika Punov\u00e1": "Q112439070", "Roseli Antunes da Silva Ielo": "Q64832768", "Andreia Ferreira de Aguiar": "Q109780366", "Luc\u00edlia Carvalho da Silva": "Q109783082", "K\u00e1tia Cristiane Silvestre": "Q109790746", "Petra Mou\u010dkov\u00e1": "Q95113555", "Petra Tlust\u00e1": "Q95221695", "Marie Be\u010fa\u010dov\u00e1": "Q112539364", "Chrystelle Beurrier": "Q63763151", "Helena Ve\u010derkov\u00e1": "Q95395413", "Carla Morales Maldonado": "Q111288742", "Maike R\u00f6nnau-B\u00f6se": "Q112560665", "Kate\u0159ina Polankov\u00e1": "Q112564275", "Emine U\u011fur": "Q115154515", "Virginie Souilliart": "Q65602732", "Anita Hus\u00f8y Riskedal": "Q115740783", "Andr\u00e9ia Neves dos Santos Vantilio": "Q61877970", "Christine Ferrant": "Q112870168", "Carmen Mantilla": "Q124680874", "Pulch\u00e9rie Feupo": "Q115628112", "Ir\u00e8ne Josianne Ngouhada": "Q101478158", "Sonsoles Arnao": "Q58865593", "Simona Geren\u010der": "Q107185120", "Lucia Holubcov\u00e1": "Q95082825", "Sally Schumann": "Q104076326", "Vladim\u00edra J\u016fzov\u00e1": "Q95396027", "Christina Maria Landerl": "Q95184784", "Patricia Dobr\u00edkov\u00e1": "Q112405750", "Iveta Jaro\u0161ov\u00e1": "Q112449600", "Hannah Shah": "Q112454954", "Helena Kotov\u00e1": "Q112491156", "Mark\u00e9ta Hele\u0161icov\u00e1": "Q112503425", "Zde\u0148ka Chytilov\u00e1": "Q112503427", "So\u0148a Lova\u0161ov\u00e1": "Q112532683", "Anna \u0160mehilov\u00e1": "Q112536632", "Mark\u00e9ta Elichov\u00e1": "Q95453323", "Blanka Plasov\u00e1": "Q95152619", "Vladim\u00edra Loukotov\u00e1": "Q95374230", "Ester Busquets Fern\u00e1ndez": "Q101807723", "Miroslava Klimentov\u00e1": "Q95178300", "Pavl\u00edna Prosov\u00e1": "Q95173663", "Kate\u0159ina Thelenov\u00e1": "Q95178725", "Jitka Hru\u0161kov\u00e1": "Q95154208", "Sabina Zorec": "Q89778057", "Rad Bandit": "Q95094488", "Lucie Kudrnov\u00e1": "Q109850755", "Lenka Klimplov\u00e1": "Q95113444", "Angelika Beranek": "Q29577552", "Kate\u0159ina Kr\u00e1l\u00edkov\u00e1": "Q112409699", "Jana \u010cechov\u00e1": "Q112436850", "Roc\u00edo Vitero P\u00e9rez": "Q112958088", "Anuska Esnal Oliden": "Q14083934", "Crystal Campbell": "Q28860572", "Sunita Biharie": "Q104148678", "Elaine T. James": "Q120784104", "Lucie Solovjevov\u00e1": "Q123271897", "Katiana Vanderley da Silva": "Q109784909", "Tereza Cimburkov\u00e1": "Q95110866", "Mona Berger": "Q76452339", "Maddelin Brizuela": "Q55754372", "Kate\u0159ina Gebauerov\u00e1": "Q95168235", "Hana Tom\u00e1\u0161kov\u00e1": "Q95333934", "Eva Hernov\u00e1": "Q95246478", "Melanie Zajacov\u00e1": "Q112175601", "Tereza Smetanov\u00e1": "Q112558007", "Anna Cald\u00e9n": "Q29895198", "Elisabeth Steinkellner": "Q95192840", "Petra Klingerov\u00e1": "Q112439540", "Katar\u00edna \u0160i\u0148ansk\u00e1": "Q112546000", "Helena Br\u00fddlov\u00e1": "Q112562873", "So\u0148a \u0160rob\u00e1rov\u00e1": "Q112565704", "Luciana Lora Ramos": "Q61878371", "Bohdana Petkovov\u00e1": "Q95157393", "Anne Lindfjeld": "Q2851184", "J\u00f4 Oliveira": "Q124416778", "Kate\u0159ina Dr\u00e1bkov\u00e1 B\u00edbusov\u00e1": "Q95083276", "Maite Guevara": "Q111566056", "Hanka Dvo\u0159\u00e1kov\u00e1": "Q112410629", "Alena Opatov\u00e1": "Q112414930", "Miroslava Janou\u0161kov\u00e1": "Q112416720", "Franziska Meinck": "Q112544435", "Carole Boulebsol": "Q124327649", "Simona Masa\u0159\u00edkov\u00e1": "Q100825292", "Dayana Lau": "Q113747808", "\u0160\u00e1rka Filipovi\u010dov\u00e1": "Q115957496", "Tinixara Guanche Su\u00e1rez": "Q95746727", "Jaroslava Bickov\u00e1": "Q112525245", "Ane\u017eka \u0160oubov\u00e1": "Q95339756", "Kl\u00e1ra Joklov\u00e1": "Q66776931", "Veronika Va\u0148kov\u00e1": "Q95450881", "Lucie Matou\u0161kov\u00e1 Lanka\u0161ov\u00e1": "Q95458413", "Kate\u0159ina Sloupensk\u00e1": "Q95093271", "Jenny Rasche": "Q75298577", "Kate\u0159ina Dombkov\u00e1": "Q112447206", "Ria \u010cern\u00e1": "Q112459874", "Lucia Cintulov\u00e1": "Q112492998", "Andrea Seber\u00edni": "Q112497428", "Kate\u0159ina Hamplov\u00e1": "Q112544913", "Jana Kocourkov\u00e1": "Q112555698", "Eva Surovkov\u00e1": "Q95402681", "Daniela Ma\u0161tal\u00ed\u0159ov\u00e1": "Q113576800", "Lins Roballo": "Q109787537", "Adriana Viriato Fernandes Dias": "Q109757686", "Anna Rantala Bonnier": "Q50377561", "Vanessa Trindade Teixeira": "Q109787978", "Tereza Skoupilov\u00e1": "Q95557701", "Ana Bel\u00e9n Terr\u00f3n Berbel": "Q27756480", "Agurne Gaubeka": "Q91655946", "Paola Damonti": "Q104654079", "Tamara Claver\u00eda": "Q110952030", "Vanda Kasalov\u00e1": "Q112489725", "Petra Horov\u00e1": "Q112497420", "Juliana Bindasov\u00e1": "Q112513536", "Kate\u0159ina Vickers": "Q112516789", "Jana \u0160olcov\u00e1": "Q112541886", "Jarom\u00edra Valder Jakubcov\u00e1": "Q100834008", "Radka \u010can\u00edkov\u00e1": "Q95179842", "Naszvadi Judith": "Q124596205", "Laure Plantegenet": "Q65596555", "Mara\u00edna Martins": "Q123422444", "Elizabeth Teles": "Q109758581", "Gal Nathan": "Q108381596", "Franciska Farkas": "Q51194929", "Mark\u00e9ta Nov\u00e1kov\u00e1": "Q95169728", "Lucie \u010cern\u00e1": "Q112418805", "Martina Mesiarkinov\u00e1": "Q112476531", "Jana Gabrielov\u00e1": "Q112493575", "Mark\u00e9ta S\u00fdkorov\u00e1": "Q112548369", "Lucie Oudov\u00e1": "Q112549016", "Hedviga Tk\u00e1\u010dov\u00e1": "Q120615492", "Vla\u010fka Sack\u00e1": "Q120615675", "Lenka K\u0159\u00ed\u010dkov\u00e1": "Q95141658", "\u0160\u00e1rka Pechkov\u00e1": "Q112435260", "Noelia Ordieres": "Q118558014", "Fadumo Hirsi": "Q108761235", "Tereza Kvapil Pokorn\u00e1": "Q64900088", "Carlijn Niesink": "Q106191720", "Marcela Kred\u00e1tus": "Q95171196", "Aswathy Jwala": "Q16135696", "Lucie Kovandov\u00e1": "Q95208323", "Lenka Sl\u00e1mov\u00e1": "Q112547672", "Marta Sorl\u00ed Fresquet": "Q22965152", "Lucie Bezd\u011bkov\u00e1": "Q112539976", "Tereza Chlup\u00e1\u010dkov\u00e1": "Q112432500", "Barbora Zelenkov\u00e1": "Q112456161", "Marija Wazi": "Q112502574", "Michaela Hromkov\u00e1": "Q112549957", "Maria Rehm-Kordesee": "Q113846648", "Martina Du\u0161kov\u00e1": "Q100818156", "Hana Bene\u0161ov\u00e1": "Q111838836", "Amelle Chouit": "Q63764169", "Kate\u0159ina Hejnov\u00e1": "Q95361415", "Gabrielle Fortin": "Q108816162", "Andrea Pet\u0159\u00edkov\u00e1": "Q112502916", "Veronika \u0160imonov\u00e1": "Q112545985", "Noemi Amaya": "Q125197025", "Marie \u0160umberov\u00e1": "Q112547241", "Zuzana \u0160r\u00e1mkov\u00e1": "Q95461709", "Olga Rudnicka": "Q11797882", "Helena Hrstkov\u00e1": "Q105946831", "Matilda Woods": "Q112538114", "Mateja Turk": "Q112545599", "Iveta Kowolov\u00e1": "Q120615715", "Barbora Ba\u017eantov\u00e1": "Q120616227", "Lucie Vr\u00e1nov\u00e1": "Q120532905", "Roark Luskin": "Q104077655", "Laia Gir\u00f3s i Barr\u00e9s": "Q73915483", "Mark\u00e9ta Ne\u0161porov\u00e1": "Q112507872", "Jana Jeklov\u00e1": "Q112561107", "Eli\u0161ka Annadurai": "Q112564392", "Barbora Cel\u00e1": "Q95227154", "Gersica da Silva Magalhaes": "Q61880108", "Mark\u00e9ta Dobi\u00e1\u0161ov\u00e1": "Q121078194", "Shloka Mehta": "Q56703629", "Emma Igual": "Q122381896", "Tereza Klenorov\u00e1": "Q95067617", "Krist\u00fdna Sloukov\u00e1": "Q95247258", "Sally Bronston": "Q124518975", "Martina \u0160nejdrlov\u00e1": "Q112545649", "Carla Patricia Gomes de Oliveira": "Q64846940", "Nicole Zvon\u00ed\u010dkov\u00e1": "Q95217384", "Veronika Plavcov\u00e1": "Q112514790", "Kharoll-Ann Souffrant": "Q125360718", "Veronika Aresta": "Q106983216", "Agnes Lindstr\u00f6m": "Q65952817", "Mitsu Chavda": "Q106071629", "Bernadeta Kure\u0161ov\u00e1": "Q112554556", "Veronika Valou\u0161kov\u00e1": "Q111271156", "Michaela \u010ce\u0159ovsk\u00e1": "Q115191645", "Catharina M\u00fcller": "Q115806549", "Merle St\u00f6ver": "Q113733361", "Lucia Kram\u00e1rov\u00e1": "Q112512620", "Anna Backhausen": "Q120615857", "Mira Galle": "Q124062542", "Lidia Mello": "Q109785574", "Estefan\u00eda Ruiz Molina": "Q111534819", "Mia Bruvik": "Q64224699", "Nayika Srinian": "Q48484816", "Raquel Carolina \u00c1ngela Negro": "Q30901094", "Mar\u00eda Luisa de Ram\u00f3n-Laca Blanco": "Q47501939", "Manju Manikuttan": "Q104758939", "Rita Steffes-enn": "Q22976016", "Michal Krumer-Nevo": "Q16340666", "Aubrey Webber": "Q19672535", "Hansaben Mehta": "Q20604664", "Virginia Houston": "Q22908983", "Penny Peet": "Q22925648", "Lisa Dazols": "Q23809211", "Yael Benyamini": "Q38801069", "Lorna MacDougall": "Q41621995", "Carissa van den Berk-Clark": "Q43124241", "Angela Elizabeth Brown": "Q46913413", "Julie Birkenmaier": "Q51956236", "Betty-Jean Price": "Q52064162", "Esther Simbi": "Q55078176", "Johanne Lemieux": "Q55724481", "Lisa Ellington": "Q55725303", "\u99ae\u5a49\u5100": "Q56570088", "Naomi S Tucker": "Q58197632", "Michelle Jones": "Q58837466", "Shaila Desouza": "Q60198433", "Susan Kerr Chandler": "Q60957115", "Ashley-Marie Hanna Daftary": "Q61694905", "Lillian R. Dangott": "Q61696737", "Amy L. Ellwood": "Q61874769", "Dorothy S. Farrel": "Q61889697", "Gail-Ann Guy-Cupid": "Q62032292", "Rita Katherine Dillon": "Q62110633", "Mary E. Hylton": "Q62424098", "Jill B. Jones": "Q62508063", "Helen Kormendy": "Q62575220", "Janna Francis": "Q62575383", "Corinna Morhart": "Q62575552", "Alberteen Spence": "Q62922885", "Weiyu Mao": "Q63108576", "Jennifer McClendon": "Q63170225", "Denise M. Montcalm": "Q63214166", "Karin Bolton": "Q63408573", "Ellen F. Pillard": "Q63582978", "Emily M. Powers": "Q63615530", "Valerie Wallace": "Q63684372", "Maureen Rubin": "Q63852510", "Gisela Henkel": "Q63859299", "N\u00faria Pi i M\u00e9ndez": "Q64594672", "Rose Dufour": "Q65923136", "Willy Hillen": "Q65968288", "Jacqueline E. Wenger": "Q67216740", "Edith Irene Joyce Twamley": "Q76314254", "Bindi Bennett": "Q81613304", "Sophia Wekesa": "Q82237934", "Gabrielle Huydts": "Q86741453", "Amrita Roy Choudhury": "Q86968790", "Jane R. Mercer": "Q87004551", "Nicole Egli Anthonioz": "Q87137172", "Crystal Jongen": "Q87466858", "Susan Glassburn": "Q87483715", "Jennifer Hippie": "Q87483729", "Milagro Henr\u00edquez Suarez": "Q87603428", "Catherine Flynn": "Q87615993", "Berta Recabarren": "Q87988667", "Toula Kourgiantakis": "Q89237974", "Al\u017eb\u011bta B\u00e1rtov\u00e1": "Q89839193", "Johanna L\u00f6we": "Q94733029", "Christa St\u00f6ber": "Q95652789", "Thea Nathan": "Q95654889", "Eefje van Batenburg-Resoort": "Q95657348", "Emma Hensgen": "Q95663963", "Frieda Herboth": "Q95664042", "Margarete Dittmer": "Q95706360", "Johanna Herpich": "Q95746863", "Christel Harder": "Q95747465", "Gertrud Meyer-Rheda": "Q95749427", "Marianne Horst": "Q95756862", "Margaret Nixon": "Q95969484", "Vadnie Bish": "Q96277026", "Teresa Wardell": "Q96695017", "Yafit sulimani Aidan": "Q96758311", "Yael Geron": "Q97613855", "Lia Levin": "Q97613937", "Mary A. Burwell": "Q97672359", "Helene L\u00f6hr": "Q98382397", "Maria E. Young": "Q98637479", "Samantha Wolfe-Taylor": "Q98669634", "Helen Q. Kivnick": "Q104128125", "Lia Sanicola": "Q104219033", "Kan'Dace Brock": "Q104610683", "Carolyn Knight": "Q104640220", "Kay Thode": "Q105414817", "Marie-Paule\u200f Lalibert\u00e9": "Q106211643", "Susan G. Dingle": "Q106714860", "Cristiane Lu\u00edza Sabino De Souza": "Q106862403", "Michaela Hiekischov\u00e1": "Q106983114", "Monika Nov\u00e1": "Q106983259", "Zuzana \u0158imn\u00e1\u010dov\u00e1": "Q106983646", "Janice L. Lindstrom": "Q107172289", "May Hill": "Q107189476", "Mairehe Tankersley": "Q107198539", "N'Daisi Kwinga": "Q107543395", "Loredana Marchi": "Q108410028", "Sonia Appleby": "Q108438400", "Gisela Trautwein": "Q108584920", "Rosa Candida Mayorga Mu\u00f1oz": "Q109180221", "Ann Weisgarber": "Q109267473", "Paula Gonzalez-Ossa": "Q109519415", "Livia Penin": "Q109791652", "Gabi Ziv": "Q110144072", "Mati Meyer": "Q110785993", "Bertha ter Braak": "Q110841925", "Mrs. M. G. F. Buys": "Q110842201", "Andree Delforges": "Q110842750", "Marie-Th\u00e9r\u00e8se Dufonteny": "Q110843077", "Elisabeth Landmann": "Q110845561", "Julia Merny": "Q110846402", "Louise Schreinemachers": "Q110849300", "Nancy van Steenhoven": "Q110849650", "Leopoldine Jahudka": "Q111579963", "V\u00e9ronique Devise": "Q111754186", "Belarmina Mart\u00ednez": "Q111906138", "Krist\u00fdna Hvi\u017e\u010fov\u00e1": "Q112599508", "Maria Ahlsdotter": "Q113017265", "Hilde Bachheimer": "Q113343622", "Cristina Bravo": "Q113585465", "Virginia Tong": "Q113645880", "Jane C. Talley": "Q113731686", "Tabea Lenhard": "Q113734375", "Kathy Kortes-Miller": "Q113734598", "Mahshid Turner": "Q113737096", "Gitta Bernshausen": "Q113747516", "Laura Illig": "Q113759941", "Kathrin Kaufmann": "Q113760083", "Danielle H. Jolissaint": "Q113761156", "Anne-Marie Snider": "Q113761908", "Adar Abdulkadir": "Q113761915", "Adelheid Pichler": "Q113777252", "Claudia Steckelberg": "Q113782557", "Irene Renzenbrink": "Q113782625", "Canan Turhan": "Q113782637", "Agn\u00e8s Fritze": "Q113783139", "Fiona Verity": "Q113809349", "Erika Feldhaus-Plumin": "Q113836354", "Carrie Kray": "Q113836723", "Hannah Jost": "Q113843703", "Tanja Kleibl": "Q113844668", "Cecilia Lodonu-Senoo": "Q113996722", "Patricia Young": "Q114239445", "Debbie Zapata": "Q114337041", "Mili Mass": "Q114645970", "Ruth Walter": "Q114860249", "Paula Mara Danel": "Q114960354", "Marie-Aimable Umurerwa": "Q115331920", "Sarah Lubala": "Q116456773", "Sarina Singh": "Q116626297", "Maha Fetayhi": "Q116771152", "Rasha Hefzi": "Q116771168", "Sandra Stukes Chipungu": "Q116865231", "Joyce E. Everett": "Q116865246", "Gomolemo Rasesigo": "Q116873377", "Milena Heinsch": "Q116998541", "Hirabai Lobi": "Q117014890", "Firouzeh Saber": "Q117227071", "Lisa Marchiano": "Q117231107", "Barbara Lynn Staniforth": "Q117304691", "Ellen Joan Nelson": "Q117337561", "Ainhoa Carbonell Allu\u00e9": "Q117468818", "Margaret Ridgway": "Q117793771", "Marie-Andr\u00e9e P\u00e9rigny": "Q118384859", "Leila Arshad": "Q118442694", "\u0160\u00e1rka Slav\u00edkov\u00e1": "Q118645621", "Bohuslava Horsk\u00e1": "Q118645624", "Mark\u00e9ta Geregov\u00e1": "Q118646028", "Kathryn Wood": "Q119071658", "Kendal Collins": "Q119071660", "Ivana Ka\u0161ov\u00e1": "Q120545201", "Margaret J. Black": "Q120574487", "Eva Liberdov\u00e1": "Q120585126", "Kl\u00e1ra Cingro\u0161ov\u00e1": "Q120592735", "Kl\u00e1ra Dvo\u0159\u00e1kov\u00e1": "Q120592737", "Petra Kubinov\u00e1": "Q120593833", "Karol\u00edna Pochmanov\u00e1": "Q120594345", "Alena \u0160pakov\u00e1": "Q120595148", "Monika Mike\u0161ov\u00e1": "Q120595574", "Marie Hlu\u0161kov\u00e1": "Q120595800", "Martina Habrov\u00e1": "Q120595803", "Jana Koll\u00e1r\u010dikov\u00e1": "Q120596096", "Bo\u017eena Igliarov\u00e1": "Q120596207", "Ivana Matou\u0161kov\u00e1": "Q120596986", "Dana Vrabcov\u00e1": "Q120596988", "Michaela Bene\u0161ov\u00e1": "Q120596990", "Veronika \u0160kopov\u00e1": "Q120597176", "Romana Proch\u00e1zkov\u00e1": "Q120597312", "Petra Stehl\u00edkov\u00e1": "Q120597536", "Michaela Stoklasov\u00e1": "Q120597569", "Barbora Uhl\u00ed\u0159ov\u00e1": "Q120597570", "Xenie Do\u010dk\u00e1lkov\u00e1": "Q120597571", "Barbora Machov\u00e1": "Q120599953", "Petra Hokr Miholov\u00e1": "Q120600066", "Daniela Cimlov\u00e1": "Q120600107", "Lenka Pol\u00e1kov\u00e1": "Q120600138", "Lucie H\u00e1jkov\u00e1": "Q120600296", "Kristine Pozatek": "Q120600716", "Martina Liskov\u00e1": "Q120600989", "Kl\u00e1ra My\u0161\u00e1kov\u00e1": "Q120601074", "Kate\u0159ina Ba\u0148ack\u00e1": "Q120601384", "Vendula Zapletalov\u00e1": "Q120601390", "Krist\u00fdna Vo\u0159\u00ed\u0161kov\u00e1": "Q120601912", "Kristin Meekhof": "Q120602533", "Jana Fajstavrov\u00e1": "Q120602605", "Jana P\u011b\u010dov\u00e1": "Q120602777", "Michaela Noskov\u00e1": "Q120603142", "Kate\u0159ina H\u016flov\u00e1": "Q120603242", "Vladim\u00edra Salvetov\u00e1": "Q120603260", "Blanka S\u00fdkorov\u00e1": "Q120603745", "Iveta Langrov\u00e1": "Q120603781", "Kate\u0159ina Hildebrandov\u00e1": "Q120603821", "Petra Kub\u00e1\u010dkov\u00e1": "Q120603873", "Jind\u0159i\u0161ka Prokopov\u00e1": "Q120603891", "Petronela \u0160ebestov\u00e1": "Q120604283", "Debra E. Burdick": "Q120605915", "Lenka Motlov\u00e1": "Q120605927", "Martina Rame\u0161ov\u00e1": "Q120606712", "Simona Zatloukalov\u00e1": "Q120607184", "Krist\u00fdna J\u016fzov\u00e1 Kotalov\u00e1": "Q120607188", "Zdena Lejskov\u00e1": "Q120607190", "Marie Sl\u00e1me\u010dkov\u00e1": "Q120607258", "Jaroslava Baselov\u00e1": "Q120607261", "Marcela": "Q120607335", "Simona Cudlmanov\u00e1": "Q120607518", "Eli\u0161ka \u010cern\u00e1": "Q120607592", "Anna Handrychov\u00e1": "Q120607745", "Milena Tom\u00e1\u0161kov\u00e1": "Q120607749", "Romana Trutnovsk\u00e1": "Q120607755", "Sophia Dvo\u0159\u00e1kov\u00e1": "Q120607840", "Simona Bagarov\u00e1": "Q120608287", "Veronika \u010ctvrtl\u00edkov\u00e1": "Q120608537", "Laura van Dernoot Lipsky": "Q120608906", "Ilona Holkov\u00e1": "Q120609109", "Blanka Valachov\u00e1": "Q120609322", "Karol\u00edna Pechov\u00e1": "Q120609329", "Nata\u0161a Zupan Cvete\u017ear": "Q120609516", "Jana Stejskalov\u00e1": "Q120609517", "Lenka \u0160ilh\u00e1nkov\u00e1": "Q120609638", "Renata Hons\u016f": "Q120609729", "Michaela Berkovi\u010dov\u00e1": "Q120609764", "Michaela D\u00e1vidov\u00e1": "Q120609875", "Tereza V\u00e1gnerov\u00e1": "Q120609891", "Marie Jaro\u0161ov\u00e1": "Q120610015", "Kl\u00e1ra Pragerov\u00e1": "Q120610022", "Lucie Ditrychov\u00e1": "Q120610061", "Petra \u0160r\u00e1mkov\u00e1": "Q120610063", "Iveta Supov\u00e1": "Q120610507", "Miriam Slan\u00e1": "Q120610883", "Gabriela Caltov\u00e1 Hepnarov\u00e1": "Q120611471", "Lucie \u0160krdlov\u00e1": "Q120612254", "Krist\u00fdna G\u00e1bov\u00e1": "Q120612335", "Lucie Pohankov\u00e1": "Q120612481", "Gabriela Morav\u00edkov\u00e1": "Q120612608", "Michaela Rohanov\u00e1 Bodorov\u00e1": "Q120612611", "Petra Hamern\u00edkov\u00e1": "Q120612705", "Miroslava Horeck\u00e1": "Q120612893", "Michaela Paikrtov\u00e1": "Q120613504", "Jana Pittnerov\u00e1": "Q120613505", "Kate Bradley": "Q120613525", "Michaela \u0160korni\u010dkov\u00e1": "Q120614469", "Katar\u00edna Ban\u00e1rov\u00e1": "Q120614475", "Dagmar Ko\u0161inov\u00e1": "Q120614685", "Lenka Caletkov\u00e1": "Q120614690", "Tony Kalma": "Q120614709", "V\u011bra Petlanov\u00e1 Zychov\u00e1": "Q120614790", "Lucie Ger\u0161i\u010dov\u00e1": "Q120614806", "Mark\u00e9ta Vnenkov\u00e1": "Q120614808", "Tatiana Hi\u010d\u00e1rov\u00e1": "Q120614811", "Ciara Smyth": "Q120614828", "Petra Kopi\u010dka": "Q120614855", "Zde\u0148ka Martincov\u00e1": "Q120614896", "Dita Voj\u00ed\u0159ov\u00e1": "Q120614960", "Radka Valouchov\u00e1": "Q120615306", "Nata\u0161a Matulayov\u00e1": "Q120615384", "Eva Mich\u00e1lkov\u00e1": "Q120615406", "Na\u010fa Gubov\u00e1": "Q120615407", "Tereza Piknov\u00e1": "Q120615410", "Petra Ho\u0159ej\u0161ov\u00e1": "Q120615627", "Joy Johnson": "Q120615926", "Renata Tetourov\u00e1": "Q120616470", "LalalaLetMeExplain": "Q120616676", "Rachel Braunigan": "Q120616787", "Marie Buchtov\u00e1": "Q120616823", "Anna Fejfarov\u00e1": "Q120616824", "Petra Ban\u010fouchov\u00e1": "Q120616927", "Lenka Kr\u00e1lov\u00e1": "Q120616989", "Michaela L\u00edmov\u00e1": "Q120629319", "Kamila Stracho\u0148ov\u00e1": "Q120629320", "Marcela S\u00e1nchez Buitrago": "Q120671687", "Ahlonkoba Aithnard": "Q120763374", "Kate\u0159ina D\u00f6rflov\u00e1": "Q120776657", "Jana Dominika \u0160at\u00e1nkov\u00e1": "Q121302065", "Christiane Dubois": "Q121371132", "Iveta Kr\u010dov\u00e1": "Q121493871", "Klaudie N\u011bme\u010dkov\u00e1": "Q121493995", "Pavla Z\u00e1rybnick\u00e1": "Q121494010", "Emilie Doutreloux": "Q121787830", "Shirin Taherzadeh": "Q122102754", "Elizabeth Del Carmen Cabrera Balarriz": "Q122150895", "Maria Cecilia Labrin Saso": "Q122348266", "Susana  Sanchez Espinoza": "Q122478504", "Modesta Carolina Wiff Sepulveda": "Q122479240", "Sabina Zdr\u00e1halov\u00e1": "Q122510384", "Simona Zedn\u00edkov\u00e1": "Q122512249", "Luna McNamara": "Q122818741", "Christina L. Kress": "Q122899018", "Veronika Zv\u00e1novcov\u00e1": "Q122942291", "Jatou Fall": "Q122983996", "Eva Paprstk\u00e1\u0159ov\u00e1": "Q123059111", "Yoya Betzab\u00e9 Flores P\u00e9rez": "Q123199035", "Michelle H\u00e9bert": "Q123269583", "Judy Foster": "Q123279184", "Katta Alonso Raggio": "Q123517038", "Monika Kry\u0161tofovi\u010dov\u00e1": "Q123684765", "Jitka Zral\u00e1": "Q123699796", "Gabriela Ferrada": "Q123860242", "Rose Henderson": "Q124045200", "Eugenia Fabi\u00e1n Arias": "Q124175017", "Yovana Luiza Alberto Bueno": "Q124175029", "Maril\u00fa Uribe Hinostroza": "Q124175070", "Elisabeth Hammer": "Q124255917", "Roxana Yolanda Castillo Acobo": "Q124304968", "Ela Dorena P\u00e9rez Alva": "Q124304991", "Bev Murphy": "Q124308141", "Sally Lee": "Q124309509", "Louise Oliver": "Q124309510", "Charito Emperatriz Becerra Vera": "Q124349687", "Elena Luisa Laos Fern\u00e1ndez": "Q124349713", "Linda Soledad N\u00fa\u00f1ez Inga": "Q124420543", "Norma Steele": "Q124567178", "Olive Brittan": "Q124728441", "Lourdes Lacuta Sapacayo": "Q124840137", "Cecilia Gladys Aliaga Sandoval": "Q125215370", "Graciela P\u00e9rez Mor\u00e1n": "Q125215500", "Yaneth Alem\u00e1n Vilca": "Q125266011", "Hilda Lizbeth Pinto Pomareda": "Q125395275", "Francisca Elena Yucra Yucra": "Q125395378", "Juana Victoria Bustinza Vargas": "Q125395429", "Jana Fojt\u00ed\u010dkov\u00e1": "Q125580150", "Lenka Dejmkov\u00e1": "Q125580204", "Stanislava Boudn\u00edkov\u00e1": "Q125580279", "Fany Margarita Aguilar Pich\u00f3n": "Q125769014", "Ildik\u00f3 Szili-Dar\u00f3k": "Q126391118"}