{"Paulina \u0160afa\u0159\u00edkov\u00e1": "Q62506550", "Emilie B\u00e1rtov\u00e1": "Q98346666", "Jana Pato\u010dkov\u00e1": "Q95134016", "Harriet Noble": "Q120381861", "Anne Griffith Jones": "Q56179350", "Susan Hart Palmer Dyer": "Q112249131", "Elizabeth McConaughey Wassell": "Q113785685", "Lila Ripley Barnwell": "Q111589308", "Marie Garesche": "Q112087858", "Celeste Jane Terrell Barnhill": "Q120431677", "Amy Montague": "Q113713877", "Ingeborg Kindstedt": "Q115048783", "Faith Walcott Morgan": "Q66750877", "Alice Johansson": "Q123222960", "Maude Smith": "Q117793778", "Norah Balls": "Q117793670", "Mary Toomer": "Q117793797", "Alexandrine Latourette": "Q65951167", "Olive Bartels": "Q117793672", "Laura Taylor": "Q117793791", "Edith Fulford": "Q117793700", "Gwen Coleman": "Q117793681", "Rachel Susannah Townsend": "Q75832718", "Joan Frances Tara Stratford Dugdale": "Q75901390", "Ethel Rhoda Evans": "Q108000335", "H. Riordan": "Q108000486", "Nelly Grace Bacon": "Q116025105", "Irene Hilton": "Q117793715", "Miss EM Jackson": "Q117793732", "Esther Knowles": "Q117793735", "Lydia Robinson": "Q117793772", "Effie Graham": "Q120816840", "Gertrude M Johnson": "Q121288137", "PAULINE LYNCH EVANS CREIGHTON": "Q123574732"}