{"Mary Anna Cooke Thompson": "Q106644524", "Mary Ann Lucas": "Q21536578", "Martha M. Frazier": "Q64221217", "Mary Jane Shelley": "Q65665334", "Ann Weaver Bradley": "Q63975356", "S. Marie Montague Woodman": "Q124094868", "Emily M. Vandevort": "Q124100588", "Mary Carolyn Mann": "Q124096338", "Myra N. Lee": "Q124094324", "Sarah A. Leonard": "Q124094375", "Emeline M. North": "Q124094836", "M. Kate Reed": "Q124101598", "Eugenia Steele Campbell": "Q63993629", "Abbie D. Willey": "Q124096569", "Esther G. Munson": "Q124100983", "Susanna Orelli-Rinderknecht": "Q2369073", "Ellen Douglas Morris": "Q65092006", "Elizabeth Marie Remington": "Q124094962", "Clara Crowhurst": "Q124102034", "Laura Faustina Pearson Kezer": "Q66699326", "Allie Eunice Parker": "Q124092975", "Clara A. Blain": "Q124101707", "Elizabeth Brackett": "Q124096464", "Florence D. Richards": "Q124100003", "Anna Myrtle Saunders": "Q124093620", "Josephine R. Pollard": "Q124096083", "Ida Buxton Cole": "Q124094280", "Jennie T. Gray": "Q64310012", "Ruth Lucas": "Q21537716", "Clara Parrish": "Q124094763", "Mary Belle Smith": "Q65684085", "E. Norine Law": "Q124100564", "Cora Rowena Cotterill": "Q124101820", "Helena Ljungberg": "Q4963304", "Ada Rogers Markham": "Q124094455", "Adella C. Greensmith": "Q124101720", "Esther R. Hockert": "Q124102280", "Nellie Andrews Gazzam": "Q105426971", "Sudie Fitzgerald": "Q124096551", "Grace V. Bourcy": "Q124101778", "Ethelynd Gould": "Q124101268", "Susie Williamson Stageberg": "Q95565504", "Sadie Eloise Johnston": "Q124102052", "Eva Mae Fullinwider": "Q124101767", "Jamieson Williams": "Q40548651", "Lulu A. Ramsey": "Q65548741", "Sarah M. Severance": "Q66699729", "Henrietta Brown": "Q115787698", "Margaret J. Magennis": "Q115901619", "M. E. Duguid": "Q124038185", "Ema Longjam Memchoubi": "Q124038419", "Ushioda Chiseko": "Q124038422", "Elizabeth Ross Miller": "Q124094882", "Mary H. Jones": "Q124094938", "Frances Beveridge Heald": "Q124094978", "Mary E. Metzgar": "Q125454493"}