{"Laura Knight": "Q3218694", "Marian Wright": "Q2398112", "L. Stokes": "Q3205902", "Leroux": "Q3230254", "May Sayers": "Q3302883", "Reng\u00edna Lidor\u00edki": "Q26703817", "Maria Teresa de Faria e Melo": "Q10326100", "Christine van Lennep": "Q42941020", "Annabella Wistar": "Q2850644", "Laura Henson": "Q3218692", "Milada Solna\u0159ov\u00e1-C\u00edfkov\u00e1": "Q110740152", "Sarah Coffin": "Q3473334", "Anthonie van Aken": "Q2712638", "Marie Danet": "Q3292468", "Margaret Hunnewell": "Q3290491", "Madzy van Lennep": "Q42939416", "Mary Herskind": "Q16064557", "Abeille Villard-Gallay": "Q16626064", "Effrosini Paspati": "Q1296314", "Helen Chapman": "Q3129599", "Antoinette Gillou": "Q98399044", "Inger Hammer": "Q16063988", "Rosamund Victoria Salusbury": "Q106468578", "Aspasia Matsa": "Q735499", "Virginia MacVeagh": "Q3273950", "Valborg Bjurstedt": "Q64020582", "Josefine von Lobkowitz": "Q75379468", "Agga Selmer-Anderssen": "Q63996238", "D'Elva": "Q3010911", "Isoko Asabuki": "Q99373656", "Ljudmila Iznar": "Q18690414", "Rhoda de Bellegarde de Saint Lary": "Q23818679", "Beryl H. Turner": "Q2899804", "Ellen Frey": "Q12361909", "Elisabeth With": "Q64018427", "Elinor Gates": "Q113660419", "Anna Rogge": "Q63996309", "Alice Krayenb\u00fchl": "Q16063216", "Hilda Klee": "Q81918843", "Sofia Maltseva": "Q21641431", "Stanis\u0142awa Groblewska": "Q26973388", "Inji Lenos": "Q16329264", "Helen Gilleaudeau": "Q101003409", "\u0421\u0443\u0445\u043e\u0434\u043e\u043b\u044c\u0441\u043a\u0430\u044f, \u0422\u0430\u043c\u0438\u0440\u0430 \u041a\u0430\u0437\u0438\u043c\u0438\u0440\u043e\u0432\u043d\u0430": "Q21843432", "Ada Werring": "Q13412140", "Ebba Meyer": "Q16063654", "Agnete Goldschmidt": "Q16063202", "Bella Dutton": "Q37632864", "Mar\u00eda Luisa Marnet": "Q44008598", "Mabel Parsons": "Q108542986", "Liv Arentz": "Q64426772", "Vera Forum": "Q16065279", "Ilse Hesse": "Q18690412", "Lola Menchaca": "Q111650142", "Gudrun Agerholm Roll": "Q81918836", "Ula Valkenburg": "Q3547887", "Pepa Ch\u00e1varri": "Q41792750", "Margrethe K\u00e4hler": "Q16064516", "Else Dam": "Q16063671", "Janina Loteczkowa": "Q20829562", "Ulla Ulrich": "Q42294682", "Anal\u00eda Obarrio": "Q100307038", "Gerta Amende": "Q114687384", "Rozel Le Gallais": "Q16439659", "Sinaida Klotschkowa": "Q21857007", "Carola Fabra i Mestre": "Q59312288", "Salme Redlich": "Q111377802", "Ceres Baker": "Q102346018", "Esme Maude Sandison": "Q47109203", "Nina Teplyakova": "Q12744", "Ena Alexandroff": "Q92362105", "Jacqueline Gallay": "Q3157726", "Marie Ko\u017eeluhov\u00e1": "Q41783478", "Isabel Coursier": "Q16187800", "Annie Bergh": "Q117314772", "Polly Palfrey": "Q13471151", "Else St\u00f8ckel": "Q16063672", "Signy Wennerholm": "Q64223737", "Martha Pio": "Q16064537", "Genevi\u00e8ve de Borman": "Q29783944", "Jonna Gandil": "Q16064218", "Gull Roberg": "Q61767125", "Faini Xydi": "Q27688670", "Lee Palfrey": "Q13471183", "Marie Heidenreich": "Q64223735", "Gaby Curtis": "Q43422349", "Galina Sergeevna Korovina": "Q18009408", "Aspasia Apergi": "Q27870177", "Liu Shang-ku": "Q90903516", "Natalka Andrusiv": "Q18690432", "Mianne Palfrey": "Q13471214", "Susan Billington": "Q125989091", "Elisabeth Malvet": "Q124316009", "Irmina Pop\u0142awska": "Q11714059", "Hella Kovac": "Q3129826", "Le\u00efla Claude-Anet": "Q83180475", "Joy Mowbray-Green": "Q75601576", "Alva Bj\u00f6rk": "Q61767138", "Sanae Inoue": "Q11373032", "Mar\u00eda Josefa Riba": "Q37172042", "Olha Kalmykova": "Q16700687", "Edith Cohen-Mintz": "Q16129504", "Totta Zehden": "Q42525536", "Margaret Peters": "Q110586725", "Thilde Dietz": "Q60712645", "Joey Oakes Palfrey": "Q13471243", "Carme Sugra\u00f1es Blay": "Q124423814", "Myriam de Borman": "Q29785125", "\u0422\u0430\u0442\u044c\u044f\u043d\u0430 \u0411\u043e\u0440\u0438\u0441\u043e\u0432\u043d\u0430 \u041d\u0430\u043b\u0438\u043c\u043e\u0432\u0430": "Q30345865", "Patricia Henry Yeomans": "Q63762498", "Ursula Heidtmann": "Q60222305", "Solveig Gustafsson": "Q16595932", "Roumania Peters": "Q107153017", "Edith Niemeyer": "Q3052379", "Bahtiye Mursaloglu": "Q38215147", "Berti Capellmann": "Q828167", "Ingrid Eggert": "Q61639450", "Lilleba Hals": "Q61767127", "Bunny Vosters": "Q96781371", "Lisa Gram Andersen": "Q20202472", "Mary Lagerborg": "Q61611468", "Ida Wrede-Holm": "Q64223732", "Aino Issak": "Q124153629", "Ursula Rosenow": "Q24839428", "Lill Lind": "Q64020574", "Alice Florian": "Q920455", "Jean Bardsley": "Q1484750", "Milly Vagn Nielsen": "Q20202483", "Vera Johansen": "Q16065280", "Mualla Gorodetzky": "Q39732570", "Enid Andrews": "Q102163956", "Alice Charbonnier": "Q16262787", "Barbro Danielson": "Q26835795", "Doris Popple": "Q3037069", "Elisabeth Bro\u017e": "Q108651354", "Merle Moult": "Q1921898", "Gloria Connors": "Q9268786", "Lois Elizabeth Schaefer": "Q104352690", "Eva Munthe Fog": "Q28758704", "Beryl Bartlett": "Q2899808", "Lucille Davidson": "Q56065814", "Nel Hermsen": "Q66498315", "Peggy Brixhe": "Q1518558", "Eve F. Kraft": "Q83141755", "Tamara Keerd": "Q18752915", "Berna Thung": "Q2612791", "Ruth Haukenes": "Q64020581", "Jopie Roos-van der Wal": "Q119722144", "Lena Voultsou-Ralli": "Q28058737", "Lia Nappa": "Q16407828", "Margareta B\u00f6nstr\u00f6m": "Q61767139", "Margarita Bender": "Q39985634", "Bibi\u00f1e Belausteguigoitia": "Q90997714", "Al\u00edcia Guri i Canivell": "Q27975003", "Larissa Dmitrijewna Preobraschenskaja": "Q16404141", "Mar\u00eda Tort": "Q40070380", "Dolors Molin\u00e9 Pous": "Q115252566", "Velve Tamm": "Q50375881", "Andr\u00e9e Gremillet": "Q523733", "Astri Winther": "Q64220073", "Tova Epstein": "Q16133346", "Jetty Baars-Wienese": "Q118255715", "Eva Johannes": "Q1379240", "Chan Shiao-miao": "Q91231773", "Fenny ten Bosch": "Q5454071", "B\u00e9atrice de Chambure": "Q57418460", "Jill Langley": "Q116051182", "Galina Ivanova": "Q28498093", "Fredy Marinkelle": "Q118190220", "Joy Emerson": "Q3187197", "Gina Huntington": "Q111165933", "Maria Chakarova": "Q11106989", "Hella Riede": "Q1430194", "Anne-Marie Gillion Crowet": "Q30728989", "Lise Kaae S\u00f8rensen": "Q81918902", "Joyce Marinkelle": "Q118190194", "Made Hamann": "Q124324301", "Carmen Ibarra": "Q40072429", "Rosmarie Kurz": "Q47648273", "Carmen Coronado": "Q43738667", "Katarina Frendelius": "Q85318884", "Martina Widjaja": "Q12497161", "Tanja Kokeza": "Q15814108", "Brigitte Hoffmann": "Q916353", "Anja Lepoutre": "Q2874343", "Tiiu Soome": "Q111413256", "Liv Hubert": "Q64020578", "Ljubka Radkova": "Q11098825", "Maria Aimre": "Q111432918", "Kirsten Robsahm": "Q19800708", "Masami \u014cno": "Q16264822", "Lucia Gongora": "Q107585705", "Mari-Ann Klougart": "Q44694743", "Barbara Kral": "Q88957787", "Karol Otero": "Q22810670", "Ekaterina Kryuchkova": "Q39082538", "Alex Rotas": "Q27964805", "Diana Moskova": "Q12278066", "Liidia Nurme": "Q12368711", "Christina Sotirova": "Q12298185", "Ann Lebedeff": "Q18016300", "Cecilia Rosado": "Q2943730", "Katherine Woodward": "Q3194043", "May Blick": "Q3302868", "Melissa Edwards": "Q3305105", "Pat Jones": "Q3368543", "Alicia Heegewaldt": "Q40149827", "Elena Lapimaa": "Q111450485", "Natalya Borodina": "Q17043369", "El\u017cbieta \u015alesicka": "Q9253324", "Gertrud Potocnik": "Q115932342", "Bente Kj\u00f8lstad": "Q64005739", "Donna Stockton": "Q18050874", "Penny Johnson": "Q3374791", "Chiyoko \u014cmae": "Q11433053", "Melanie Molitorov\u00e1": "Q21032187", "Nosheen Ehtesham": "Q102163765", "Uschi Ulrich": "Q1276314", "Christine Schulz": "Q106365280", "Petra van Oyen": "Q1629338", "Katrin Tammaru": "Q124315982", "Sofie Bj\u00f6rling": "Q4939359", "Marina Kondova": "Q12285963", "Dorota Dzieko\u0144ska": "Q9210166", "Mette Sj\u00f8lie": "Q64426769", "Marl\u00e8ne de Wouters": "Q2603752", "Adriana Velcheva": "Q12271227", "Karin Schultz": "Q85420520", "Astrid Sunde": "Q63996430", "Marisa S\u00e1nchez-Vicario": "Q29642560", "Kjersti Jensen": "Q64426765", "Maya Hajjar": "Q47462599", "Svetlana Sinitsyna": "Q123420951", "Anne Chevalier": "Q106921321", "Hsu Mei-chu": "Q98831689", "Susanna Lee": "Q98747577", "Renata Skrzypczy\u0144ska": "Q9306361", "Xenia Anastasiadou": "Q27792009", "Merike Stamberg": "Q124249068", "Nathalie Phan-Thanh": "Q65952948", "Kaja K\u00f5nd": "Q112473399", "Iva Olivari": "Q55478154", "Anya Kochoff": "Q613754", "Monika Grzegowska": "Q11785119", "Andrea Vopat": "Q110572995", "Monica Wiese": "Q64254009", "Piret Ilves": "Q31280454", "Gabriele Lucke": "Q106364663", "Mie Yaosa": "Q11391719", "Katrin Sepp": "Q112473885", "Evangelina Olivarez": "Q106948935", "Lihini Weerasuriya": "Q27487449", "Therese Bakke": "Q64254012", "Katriina Saarinen": "Q13553", "Roberta Burzagli": "Q10363217", "Helen Holter-Mahlapuu": "Q112475381", "Galina Misiuriova": "Q106874256", "Mariza Georgitsi": "Q27866116", "Je\u013cena Jakov\u013ceva": "Q63248813", "Ladislava Po\u0159\u00edzkov\u00e1": "Q26873926", "Simona Galik": "Q109278545", "Karolina Bu\u0142at": "Q11736416", "Laura Olave": "Q13516809", "Sophie Simone Cortina": "Q3491044", "Caroline Elisabeth Ullring": "Q64005740", "Maylani Ah Hoy": "Q56043395", "Linda Beate Andersen": "Q64254005", "Oksana Yarikova": "Q123457309", "Rejane C\u00e2ndida da Silva": "Q123034678", "Helina Lill": "Q111448128", "Elena Krutko": "Q106844164", "Lisa Camenzuli": "Q115282154", "Futaba Kubota": "Q11597678", "Tagifano So'Onalole": "Q27888945", "Natalia Nikitina": "Q123407518", "Marija \u010ci\u010dak": "Q99168362", "Stephanie Schaer": "Q107351821", "Minna Rautajoki": "Q107355637", "Nina Wennerstr\u00f6m": "Q85149897", "Laura Gatti": "Q113501601", "Andrea Masarykov\u00e1": "Q124691912", "Raluca Ciulei": "Q7288397", "Hande As\u0131mgil": "Q56024425", "Irina Yarikova": "Q123457188", "Trine Lise Juliussen": "Q64254016", "Yanet N\u00fa\u00f1ez Mojarena": "Q27495842", "Virginia Trifonova": "Q12275319", "Adriana Burz": "Q113463913", "Vlatka Jovanovic": "Q20984027", "Claudia Salgues": "Q107354805", "Luiza Biktyakova": "Q123406990", "Caroline Tidemand": "Q64005741", "Sabrina Jolk": "Q2210141", "Nicola Trinder": "Q66684970", "Kasumi Aik\u014d": "Q11493989", "Laura Alarcon": "Q56024480", "Aleksandra Kujawska": "Q111453127", "Dea Sumantri": "Q5244998", "Anna Shchupak": "Q123378595", "Siham-Soumeya Ben Nacer": "Q55314929", "Asimina Kaplani": "Q12302305", "Alexandra Kravets": "Q12135588", "Leonie Mekel": "Q12324298", "Nino Esebua": "Q121437444", "Iveta Gerlov\u00e1": "Q12022073", "Kiyono Hirata": "Q11483346", "M\u00e1ria Jedli\u010dkov\u00e1": "Q124130149", "Larika Russell": "Q5970095", "Pavlina Akritas": "Q106450125", "Nadezhda Vassileva": "Q13512704", "Lucie Kriegsmannov\u00e1": "Q12034165", "Federica Quercia": "Q5440945", "Oksana Tepliakova": "Q12160650", "Nicol Kypritidou": "Q27908817", "Nadja Pavic": "Q12328236", "Kim Ji-young (tennis)": "Q117808071", "Cindy Lee Si-Nga": "Q8261320", "Daniela Krejsov\u00e1": "Q124375435", "Dora Kiss": "Q107862522", "Lee Hye-min": "Q117804576", "Yang Chia-hsien": "Q117805211", "Annette Aksdal": "Q63996374", "Patrycja Sanduska": "Q7148165", "Kim Jung-eun (tennis)": "Q117808371", "Larisa Bekmetova": "Q123413320", "Varanya Vijuksanaboon": "Q13020559", "Vera Phatthalung": "Q13021283", "Elina Arutyunova": "Q123377560", "Nika Kukharchuk": "Q66385534", "Kristina Andlovic": "Q64426770", "Tapiwa Marobela": "Q55315010", "Anne Grethen": "Q39939202", "Kim Hae-sung (tennis)": "Q117803331", "Montserrat Gonz\u00e1lez": "Q29746767", "Tori Kinard": "Q22670595", "Alise Vaidere": "Q62703017", "Idunn Hertzberg": "Q64253999", "Ga\u00eblle Desperrier": "Q111027049", "Daniela Scivetti": "Q83541530", "Yurina Koshino": "Q116303939", "Daiana Negreanu": "Q106694676", "Anna Movsisyan": "Q27886475", "L\u00fctfiye Esen": "Q114409957", "Akari Inoue": "Q117382465", "Nathalie Piquion": "Q10335716", "Marina Yudanov": "Q61983739", "Nikola Vajdov\u00e1": "Q124356857", "Amandine Cazeaux": "Q111280000", "Karoline Steiro": "Q64223733", "Cristina S\u00e1nchez-Quintanar": "Q23059378", "Helene Auensen": "Q64020570", "Klaudia Malenovsk\u00e1": "Q124753933", "Nath\u00e1lia Rossi": "Q18761142", "Agni Stefanou": "Q23059695", "Patr\u00edcia Vere\u0161ov\u00e1": "Q124343445", "Tanya Germanlieva": "Q12296031", "Denise Muresan": "Q113668684", "Kerstin Peckl": "Q20983768", "Yulia Kulikova": "Q126030577", "Kim Kun-hee": "Q117806099", "Lu Jiaxiang": "Q19791650", "Victoria Ford": "Q122893782", "Anastasia Kharchenko": "Q107677378", "Amira Benaissa": "Q55314940", "Sanne Bakker": "Q56649921", "Aya Minokoshi": "Q54370272", "Cristina Stancu": "Q5186390", "Anastasia Wagner": "Q29914394", "Yuliya Kalabina": "Q126004096", "Syna Kayser": "Q26243023", "Martina Balogov\u00e1": "Q62703814", "Nadja Gilchrist": "Q23059603", "Priscilla Heise": "Q125149669", "Jeannine Prentner": "Q22236499", "Olivia Rose Campbell-Lamerton": "Q76174781", "Ionela-Andreea Iova": "Q113462369", "Franziska K\u00f6nig": "Q64470458", "Natalie Pr\u00f6se": "Q48718873", "Roc\u00edo de la Torre-S\u00e1nchez": "Q22236572", "Sandra Kristj\u00e1nsd\u00f3ttir": "Q716495", "Arabela Fern\u00e1ndez Rabener": "Q83630392", "Barbara Sobaszkiewicz": "Q17544541", "Csilla Argyel\u00e1n": "Q21032057", "Alina Wessel": "Q2647113", "Carolina Zeballos": "Q18527216", "Pamela Montez": "Q106294065", "Marie-Christine Chartier": "Q108369784", "Yolande Leacock": "Q27573884", "Elien Crombez": "Q24084720", "Martina P\u0159\u00e1dov\u00e1": "Q113611526", "Lena-Marie Hofmann": "Q26710478", "Chihiro Takayama": "Q124338496", "Alexandra Damaschin": "Q4720614", "Heike Albrecht": "Q1594496", "Petra Januskova": "Q28341229", "Karin Morgo\u0161ov\u00e1": "Q16832357", "Alexandra Riley": "Q26511438", "Weronika Domaga\u0142a": "Q9372081", "Kim Ju-eun": "Q117803217", "Martina Boreck\u00e1": "Q12035902", "Deeon Mladin": "Q113680003", "Gabriela Hor\u00e1\u010dkov\u00e1": "Q113232784", "Elora Dabija": "Q5367204", "Zuzana Lukn\u00e1rov\u00e1": "Q118928194", "Michaela Bo\u00ebv": "Q26263102", "Violetta Degtiareva": "Q20474764", "Tereza Mal\u00edkov\u00e1": "Q111695071", "Brittany Sheed": "Q18339900", "St\u00e9phanie Baldinucci": "Q33038131", "Natasha Bredl": "Q116478468", "Anette Munozova": "Q23001500", "Brynn Boren": "Q121094969", "Romy K\u00f6lzer": "Q55810249", "Patricia Chirea": "Q7145519", "Bernice van de Velde": "Q19835400", "Diana Marcu": "Q113462485", "Milana Spremo": "Q23661764", "Martina Kubi\u010d\u00edkov\u00e1": "Q12035908", "Eduarda Piai": "Q20007867", "Leah Daw": "Q113679911", "Daria Kuchmina": "Q125918492", "Giorgia Pinto": "Q113709004", "Michika Ozeki": "Q106293956", "Madeleine Kobelt": "Q117886031", "Rushri Wijesundera": "Q113668656", "Morgane Pons": "Q20789881", "Katar\u00edna Baranov\u00e1": "Q124286821", "Ema Mikul\u010di\u0107": "Q20007857", "Kadi Liis Saar": "Q12365972", "Martina Spigarelli": "Q106368338", "Flavia Guimaraes Bueno": "Q26196934", "Barbara Boni\u0107": "Q15856818", "Suzy Larkin": "Q47008629", "Alice Savoretti": "Q47488734", "Sandy Marti": "Q113014714", "Sarah-Rebecca Sekulic": "Q41537551", "Bianca H\u00eencu": "Q4902497", "Marie Temin": "Q111025875", "Doroteja Eri\u0107": "Q16088391", "Isabella Escobar": "Q6077970", "Karina Goia": "Q6370990", "Sina Haas": "Q19899688", "Jessica Bertoldo": "Q118271235", "Verena Schmid": "Q64140953", "Alexandra Artamonova": "Q60318783", "Linda Prenkovic": "Q19896616", "Midori Yamamoto": "Q60987985", "Louise Brunskog": "Q67581768", "Dwi Rahayu Pitri": "Q105952200", "Nadiya Kolb": "Q114859214", "Deborah Danz": "Q1181558", "Vaszilisza Bulgakova": "Q119045719", "Gabrielle Desimone": "Q51096030", "\u912d\u7af9\u73b2": "Q107412831", "La\u00ebtitia Sarrazin": "Q97680596", "Katharina Holert": "Q24394837", "Nozomi Fujioka": "Q124344591", "Caroline Price": "Q114705827", "Catherine Chantraine": "Q19896605", "Olga Parres Azcoitia": "Q24533142", "Federica Arcidiacono": "Q106840968", "Laura Schaeder": "Q23059259", "Alexandra Romanova": "Q125985859", "Laura Deigman": "Q113494295", "Sabrina Bamburac": "Q113495392", "Steffi Distelmans": "Q26261108", "Julia Stamatova": "Q13512703", "Catherine Leduc": "Q55992017", "Raluca Elena Platon": "Q7288398", "Lorraine Guillermo": "Q106310965", "Ksenia Kirillova": "Q125917691", "Ani Vangelova": "Q66684985", "Vivien Juh\u00e1szov\u00e1": "Q106367843", "Aminat Kushkhova": "Q125767952", "Jos\u00e9phine Boualem": "Q24205758", "Manisha Foster": "Q113494000", "Francesca Stephenson": "Q22236738", "Haine Ogata": "Q66712679", "Vikt\u00f3ria Ma\u013eov\u00e1": "Q124319227", "Rio Kitagawa": "Q90417017", "Aiko Yoshitomi": "Q114268510", "Julia Kimmelmann": "Q15821994", "Lee Eun-hye": "Q106374873", "Nikita Uberoi": "Q61778075", "Yanina Darishina": "Q126031152", "Cemre An\u0131l": "Q66615795", "Ina Kaufinger": "Q113499835", "Ingrid Voj\u010din\u00e1kov\u00e1": "Q118698619", "Polina Vinogradova": "Q15751870", "Ronit Yurovsky": "Q50413955", "Simona Ionescu": "Q123094361", "Kenia Vasallo": "Q106876878", "Nicole Collie": "Q113676465", "Paulina Czarnik": "Q105407795", "Chanelle Van Nguyen": "Q106367644", "Claudia Enache": "Q5129168", "Robu Kajitani": "Q124331911", "Brenda Njuki": "Q23001501", "Brianna Morgan": "Q118120486", "Elena-Teodora Cadar": "Q106685939", "Andrea Renee Villarreal": "Q65337585", "Julia Jones": "Q22680653", "Jung So-hee": "Q117802950", "Mandy Wagemaker": "Q20155514", "Laura Svat\u00edkov\u00e1": "Q124061724", "Pernilla Mendesov\u00e1": "Q23661751", "Michelle Bertolini": "Q16236028", "Nadia Ravita": "Q65413254", "Pauline Payet": "Q111310765", "Camilla Scala": "Q67214722", "Sarah Kanduth": "Q121462975", "Caroline Romeo": "Q24189104", "Yulia Ogarkova": "Q126012914", "Tiffany William": "Q110949123", "Jazzamay Drew": "Q113494457", "Brandy Mina": "Q111292473", "Pamela L\u00f3pez Cervantes": "Q23059652", "Saray Sterenbach": "Q23059637", "Mana Ayukawa": "Q106294995", "Gabriela Duca": "Q113435124", "Diana \u0160umov\u00e1": "Q113227442", "Adesuwa Osabuohien": "Q113125234", "Amy Zhu": "Q106367074", "Darya Chernetsova": "Q125308107", "Mallaurie No\u00ebl": "Q106293691", "Alena Tarasova": "Q125830766", "Viktoryia Mun": "Q125307130", "Elke Lemmens": "Q26262732", "Louise Kwong": "Q66142266", "Lena Lutzeier": "Q106947205", "Miriana Tona": "Q96063370", "Nora Niedmers": "Q48702217", "Sai Samhitha Chamarthi": "Q64138485", "Tamara Vrhovac": "Q99198771", "Hanna Karczewska": "Q123247076", "Gabriela Pant\u016f\u010dkov\u00e1": "Q18915337", "Chiara Quattrone": "Q26697180", "Iva Mekovec": "Q21208758", "Katharina Hering": "Q42438803", "Deborah Kerfs": "Q26258261", "Justine De Sutter": "Q26263099", "Brittany Collens": "Q112317731", "Petra Uberalov\u00e1": "Q14876985", "Lisa-Marie M\u00e4tschke": "Q52111437", "Diana Bogoliy": "Q107677151", "Minami Akiyama": "Q116058144", "Lou Brouleau": "Q23059262", "Nicole Fossa Huergo": "Q108047580", "Marlies Szupper": "Q21087752", "Jennifer Zerbone": "Q125187166", "Anna Maria Heil": "Q19259436", "Berta Bonardi": "Q113579120", "Luisa Marie Huber": "Q19899673", "Rasheeda McAdoo": "Q106363596", "Yelena Nemchen": "Q123221887", "Minori Yonehara": "Q116009384", "Danielle Wagland": "Q83540886", "Alice Bacqui\u00e9": "Q111309645", "Julyette Steur": "Q55810216", "Taylor Ng": "Q106727472", "Yuki Kristina Chiang": "Q22236605", "Kim Se-hyun (tennis)": "Q117802449", "Fiona Codino": "Q66622333", "L\u00e9a Tholey": "Q64211135", "Dominika Paterov\u00e1": "Q16938133", "Dominique Karregat": "Q76009942", "Hikari Yamamoto": "Q113170798", "Charlotte Klasen": "Q25823866", "Chalena Scholl": "Q64374291", "Naomi Totka": "Q19823442", "Alexandra Grinchishina": "Q123029962", "Cristina Ad\u0103mescu": "Q113457269", "Cristina Ene": "Q106675841", "Samantha Harris": "Q27509571", "Federica Prati": "Q106845030", "Fabienne Gettwart": "Q125470557", "Helene Scholsen": "Q26248378", "Gabrielle Smith": "Q51095836", "Kanami Tsuji": "Q11638135", "Angelique Svinos": "Q83542300", "Asiya Dair": "Q123214366", "Zofia Kulig": "Q111453169", "Ulyana Ayzatulina": "Q125760700", "Jana Jablonovsk\u00e1": "Q61314881", "Yana Mogilnitskaya": "Q126043811", "Jeong Yeong-won": "Q117749281", "Anastasia Pribylova": "Q106242184", "Beatrice Lombardo": "Q118286990", "Britt Geukens": "Q26258263", "Adriana Rajkovic": "Q114267891", "Nikola Tomanov\u00e1": "Q113599756", "Sara Ottomano": "Q19944722", "Alba Carrillo Mar\u00edn": "Q106294212", "Mariya Kostyuk": "Q107652715", "Hadley Berg": "Q108069827", "Mami Adachi": "Q113171022", "Chisa Hosonuma": "Q116024943", "Giulia Crescenzi": "Q113705824", "Madison Westby": "Q108060994", "Krist\u00fdna Hrabalov\u00e1": "Q113604199", "Caroline Werner": "Q24399562", "Lou Adler": "Q111029872", "Yukina Saigo": "Q42534564", "Pauline Wuarin": "Q65578249", "Risa Ushijima": "Q105944790", "Barbara K\u00f6telesov\u00e1": "Q118922213", "Timea Jaru\u0161kov\u00e1": "Q118955368", "Karoline Kurz": "Q21970603", "Jekaterina Kljujewa": "Q23661763", "Ena Kajevi\u0107": "Q52158823", "Sadafmoh Tolibova": "Q23642911", "Eleonore Barrere": "Q111305479", "Emma Hurst": "Q120064091", "Amelie Intert": "Q55810219", "Alina Silich": "Q125693308", "Pia \u010cuk": "Q95627324", "Suzuho Oshino": "Q124155465", "Ksenia Laskutova": "Q115965533", "Carla Touly": "Q64211137", "Kanako Morisaki": "Q116009678", "Marianna Zakarlyuk": "Q106293521", "Jasmin Jebawy": "Q55810237", "Ana Bianca Mih\u0103il\u0103": "Q106686974", "Laura Sainsbury": "Q120063389", "Gloria Liang": "Q19886096", "Katharine Fahey": "Q106294029", "Marie Villet": "Q111660485", "Angelina Zhuravleva": "Q125786346", "Abigail Amos": "Q123498011", "Noa Takahashi": "Q107472494", "Palina Dubavets": "Q118124636", "Natalija \u0160ipek": "Q121741818", "Jessica Ho": "Q48547799", "Lauren Proctor": "Q113258102", "Martina Ba\u0161i\u0107": "Q118142569", "Raluca Ciufril\u0103": "Q113457384", "Chiara Grimm": "Q20676044", "Mirabelle Njoze": "Q21914309", "Joanna Zawadzka": "Q106469609", "Paige Cline": "Q108070563", "Xie Siqi": "Q107608661", "Sara Lanca": "Q106474375", "Lu Jiaxi": "Q106367804", "Arina Gabriela Vasilescu": "Q106685839", "Andreea Ghi\u021bescu": "Q95960257", "Maryna Kolb": "Q114848397", "Ahn Yujin": "Q117787687", "Emma Davis": "Q113666530", "Bianka Bekefi": "Q28813458", "Anna Ulyashchenko": "Q113666427", "Sharon Pesch": "Q27332225", "Eliessa Vanlangendonck": "Q76011078", "Jelena Stojanovic": "Q66023209", "Vendula \u017dovincov\u00e1": "Q106515429", "Anastasia Shaulskaya": "Q125984635", "Lisa-Marie Rioux": "Q115988705", "Sabrina Rittberger": "Q55810246", "Kennedy Shaffer": "Q65670794", "Lotte van Leeuwen": "Q70322558", "Simona Heinov\u00e1": "Q16938122", "Mathilde Armitano": "Q105163176", "Martina Ok\u00e1\u013eov\u00e1": "Q123580284", "Anna Turati": "Q66499250", "Karola Patricia Bejenaru": "Q106673479", "Katar\u00edna Stre\u0161n\u00e1kov\u00e1": "Q117450433", "Lea Gasparovic": "Q27517750", "Anna Popescu": "Q107326388", "Nina Holanov\u00e1": "Q113624591", "Iman Qureshi": "Q103982759", "Verena Meliss": "Q96108573", "Anna Brogan": "Q110940567", "Mar\u00eda Silva": "Q23059654", "Dana Kremer": "Q40866675", "Natsuho Arakawa": "Q116008653", "Veronika Vlkovsk\u00e1": "Q113636706", "Sophia Whittle": "Q106292676", "Holly Hutchinson": "Q113494610", "Sandra Jamrichov\u00e1": "Q124415037", "Mar\u00eda Guti\u00e9rrez Carrasco": "Q106293875", "Jessica Hinojosa G\u00f3mez": "Q110769078", "Diana Dmitrijewna Demidowa": "Q118112310", "Luca Nagymih\u00e1ly": "Q63345512", "Laura Daniela Arciniegas Patino": "Q111473414", "Giuliana Bestetti": "Q117829523", "Ofure Osabuohien": "Q113135539", "Anna Ozerova": "Q28720755", "Jenna Friedel": "Q47088473", "Patricia B\u00f6ntgen": "Q108069289", "Gaia Squarcialupi": "Q113708662", "Elina Nepliy": "Q125950839", "Sarvinoz Saidhujaeva": "Q123434408", "Emira Stafford": "Q112266158", "Aline Thommen": "Q114270339", "Alice Ram\u00e9": "Q65556836", "Vivian Zlatanowa": "Q111590293", "Anna Iakovleva": "Q125945443", "Candela Bugnon": "Q113406410", "Sabina Machalov\u00e1": "Q113638714", "Celia Cervi\u00f1o Ruiz": "Q113401615", "Anna Pribylova": "Q106242320", "Anastasia Blyukhterova": "Q95377878", "Anastasia Tsyganova": "Q95383858", "Mariya Koloney": "Q95645058", "J\u00falia Payola": "Q106294936", "Phillis Vanenburg": "Q26450449", "Nurin Nabilah Roslan": "Q22961763", "Constanza Gorches": "Q23059513", "Alica Rusov\u00e1": "Q114269881", "Ghita Benhadi": "Q112054290", "Anne-Marie Medcalf": "Q53372191", "Tereza Kol\u00e1\u0159ov\u00e1": "Q113625723", "Nina Kruijer": "Q47093023", "Gyulnara Nazarova": "Q125947187", "Laura Maluniakov\u00e1": "Q124069271", "Yus Syazlin Nabila Binti Yusri": "Q23059683", "Ani Safaryan": "Q106351436", "Ramu Ueda": "Q106367728", "Barbora Miklov\u00e1": "Q106367540", "Mayuka Aikawa": "Q114589985", "Lusine Chobanyan": "Q106351669", "Diana Chehoudi": "Q114389559", "Ekaterina Tretyak": "Q95366505", "Nicole Frenkel": "Q23059604", "Ema Mulali\u0107": "Q117463028", "Daria Kruzhkova": "Q106367496", "Anna Gabric": "Q52083922", "Anjana Suresh": "Q66023231", "Sarah Brown": "Q83542754", "Eri Shimizu": "Q124121674", "Linn\u00e9a Malmqvist": "Q47472401", "Linda \u0160ev\u010d\u00edkov\u00e1": "Q113636393", "Miho Kuramochi": "Q116057998", "Zaineb El Houari": "Q112044843", "Alexa Graham": "Q23059610", "Olla Mourad": "Q23059653", "Raveena Kingsley": "Q21032154", "Th\u00e9o Gravouil": "Q125157698", "Nicole Gadient": "Q104816920", "Alice Gillan": "Q110909064", "Martina Zerulo": "Q60240041", "Misaki Matsuda": "Q106311244", "Dewi Dijkman": "Q106323316", "Katarzyna Pitak": "Q113406474", "Rosie Johanson": "Q115134563", "Vivian Wolff": "Q124658588", "Kalani Soli": "Q113533850", "Ana Maria Becerra": "Q111474158", "Valeriya Zeleva": "Q125942105", "Dorthea Faa-Hviding": "Q119154274", "Claudia Hoste Ferrer": "Q112661383", "Angelica Raggi": "Q111978970", "Maria Del Rosario Vazquez": "Q66023221", "Nina Alibalic": "Q110971994", "Sophia Patel": "Q119953669", "Merel Hoedt": "Q61651055", "Alexandra Sanford": "Q23661762", "Chien Pei-ju": "Q23059584", "Vanessa Wong": "Q113248547", "Alana Bourgeois": "Q83541918", "Anastasia Nefedova": "Q104776957", "Schena Benamar": "Q118546863", "Bo Luttikhuis": "Q56703244", "Maria Toma": "Q123083257", "Yui Chikaraishi": "Q124332016", "Magdal\u00e9na Pant\u016f\u010dkov\u00e1": "Q24037258", "Kassandra Davesne": "Q111305316", "Nika Shytkouskaya": "Q125306923", "Lucie Wargnier": "Q58043801", "Daria Kuczer": "Q56123441", "Sakura Hondo": "Q106311116", "Marta Paigina": "Q125695382", "Shaline-Doreen Pipa": "Q55810226", "Anna Ukolova": "Q125755152", "Eva Marie Voracek": "Q55810223", "Tatiana Pieri": "Q96072370", "Palina Padabed": "Q118124638", "Milena Avetisyan": "Q106231271", "Anna Slov\u00e1kov\u00e1": "Q113636900", "Hikaru Sat\u014d": "Q124130858", "Kl\u00e1ra H\u00e1jkov\u00e1": "Q106355038", "Polina Bakhmutkina": "Q125823837", "Julita Saner": "Q111016348", "Annick Melgers": "Q76009935", "Nicole Coopersmith": "Q118071357", "Ema Vasic": "Q72725415", "Thaisa Grana Pedretti": "Q56450584", "Johana Markov\u00e1": "Q105944986", "Yuka Hosoki": "Q124150042", "Marcelina Podlinska": "Q125801710", "Evgeniya Levashova": "Q125997710", "Carmen Schulthei\u00df": "Q66424683", "Adi Spiegelman": "Q62629988", "Mei Yamaguchi": "Q106294428", "Valentine Bacher": "Q125188054", "Valeriya Yushchenko": "Q106288607", "Alisha Reayer": "Q120061902", "Emmanuelle Girard": "Q118544752", "Franziska Kommer": "Q55810231", "Emma L\u00e9n\u00e9": "Q111310077", "Chiara Catini": "Q113709547", "Michaela Gordon": "Q23059606", "Lauryn John-Baptiste": "Q113494952", "Daria Nazarkina": "Q125941746", "\u00c1ngeles Moreno Barranquero": "Q112275927", "Gabriella Akopyan": "Q106225755", "Eva Guerrero \u00c1lvarez": "Q97064638", "Magdalini Adaloglou": "Q115962701", "\u0130nci \u00d6\u011f\u00fct": "Q23915467", "Noelia Bouzo Zanotti": "Q112323349", "Chelsea Vanhoutte": "Q106875684", "Julia Adams": "Q118181894", "Jennifer Luikham": "Q64081116", "Monika Kilnarov\u00e1": "Q106293766", "Mouna Bouzgarrou": "Q47088515", "Haruna Arakawa": "Q105944892", "Anna Ureke": "Q125860151", "Gabriela Nicole Tatarus": "Q106675975", "Anastasiya Sharapova": "Q54877297", "Shakhnoza Khatamova": "Q123421813", "Barbora Mat\u00fa\u0161ov\u00e1": "Q118926597", "Ayana Rengiil": "Q55584614", "Yang Yidi": "Q106293356", "Linda Puppendahl": "Q55810242", "Isabelle Boulais": "Q55991203", "St\u00e9phanie Visscher": "Q75523907", "Grit Schneider": "Q106357431", "Noa Liauw a Fong": "Q61651233", "Emily Seibold": "Q113646330", "Irina Cantos Siemers": "Q55810234", "Emilie Lindh Gallagher": "Q107250027", "Shih Hsin-yuan": "Q23661780", "Alina Michalitsch": "Q113952958", "Katyarina Paulenka": "Q92070470", "J\u00falia Konishi Camargo Silva": "Q113400891", "Luc\u00eda de la Puerta Uribe": "Q107521389", "Sathwika Sama": "Q112830633", "Svenja Ochsner": "Q106394967", "Ba\u015fak Akba\u015f": "Q23915459", "Vaidehi Chaudhari": "Q116983864", "Daniela Kovacevic": "Q83540993", "Dariya Detkovskaya": "Q64995952", "Kim Cherry": "Q124260281", "Anastasia Kharitonova": "Q125954550", "Anastasia Sukhotina": "Q125601267", "Veronika Bokor": "Q101402626", "Yanin Wisitwarapron": "Q113162570", "Olga Helmi": "Q105164916", "Marie Mettraux": "Q106396518", "Alicia Melosch": "Q124733735", "Honoka Kobayashi": "Q116058342", "Draginja Vukovi\u0107": "Q89657758", "Selma \u0218tefania Cad\u00e2r": "Q111529231", "Lisa Zaar": "Q111809621", "Maria Lota Kaul": "Q113030572", "Hiromi Abe": "Q124119687", "Anri Nagata": "Q124311819", "Aneta Laboutkov\u00e1": "Q106311040", "Katerina Tsygourova": "Q124989235", "Nadine Keller": "Q114390075", "Tiphanie Lema\u00eetre": "Q107612830", "Lene Mari Bolkesj\u00f8 Hovda": "Q110970996", "Ellie Douglas": "Q67324868", "Helena Francati": "Q51583437", "Luc\u00eda Cortez Llorca": "Q106367622", "Gabriella Mujan": "Q105157968", "Jessica Fowler": "Q113155685", "Madison Beckham": "Q113137936", "Emily Welker": "Q113451443", "Kristina Novak": "Q113114901", "Franziska Sziedat": "Q107216047", "Eliz Maloney": "Q110905196", "Diana Maria Mihail": "Q123093053", "Raphaelle Lacasse": "Q96180316", "L\u00fd-Nguy\u1ec5n Savanna": "Q125469549", "Lola Glantz": "Q119397466", "Arabella Koller": "Q72725432", "Ana Lantigua de La Nuez": "Q106367458", "Kisa Yoshioka": "Q124128159", "Eleni Mtsentlitze": "Q107392825", "Nana Kawagishi": "Q124128096", "Fiona Ganz": "Q63068733", "Sopiko Tsitskishvili": "Q121435067", "Tamara Male\u0161evi\u0107": "Q106861969", "Karol\u00edna Ber\u00e1nkov\u00e1": "Q113625944", "Karol\u00edna Vl\u010dkov\u00e1": "Q113636517", "Victoria Mikhaylova": "Q125055238", "Sahaja Yamalapalli": "Q116983920", "Viktoriia Dema": "Q112191567", "Rita Bentes de Oliveira Pinto": "Q106474206", "Sofia Milatov\u00e1": "Q118948125", "Lisa Piccinetti": "Q44838012", "Olivia Gram": "Q108032825", "Demi Tran": "Q113958690", "Marina Davtyan": "Q106239225", "Shalimar Talbi": "Q63985206", "Adetayo Adetunji": "Q113135652", "Ayumi Miyamoto": "Q124329363", "Oleksandra Oliynykova": "Q105711730", "Selin Ovunc": "Q59829904", "Vicky Van de Peer": "Q123965874", "T\u00edmea Visontai": "Q47330989", "Stella Kova\u010di\u010dov\u00e1": "Q124312799", "Evgeniya Burdina": "Q125820212", "Laetitia Pulchartov\u00e1": "Q106807103", "Manon L\u00e9onard": "Q64006859", "Helena Narmont": "Q114346509", "Martina Biagianti": "Q66685000", "Anna Kubareva": "Q63986022", "Carlota Mart\u00ednez C\u00edrez": "Q112253991", "Ivana \u0160ebestov\u00e1": "Q112173936", "Clara Vlasselaer": "Q117379122", "Vikt\u00f3ria Morvayov\u00e1": "Q106293997", "Elena Jamshidi": "Q116462916", "Laura Radakovi\u0107": "Q117463098", "Taisya Pachkaleva": "Q106310705", "Aleksandra Pitak": "Q112256452", "Viktoriya Petrenko": "Q112191100", "Alexandra Vagramov": "Q55991997", "Kristina Milenkovic": "Q125699307", "Mariia Bergen": "Q112194443", "Bojana Klincov": "Q106419660", "Galateia Mesochoritou": "Q107392881", "Antonia Schmidt": "Q111649929", "Oana Smaranda Corneanu": "Q113435305", "Funa Kozaki": "Q114596848", "Stefania Rogozi\u0144ska Dzik": "Q105405744", "Nikola B\u0159e\u010dkov\u00e1": "Q113230811", "Ekaterina Makarova": "Q56192280", "Laura B\u00f6hner": "Q116180842", "Mana Kawamura": "Q116058557", "Katar\u00edna Kuzmov\u00e1": "Q118495400", "Anika Yarlagadda": "Q119953757", "Milana Maslenkova": "Q70744122", "Yasmina Karimjanova": "Q123370301", "Ikumi Yamazaki": "Q114595088", "Alessia Beatrice Ciuc\u0103": "Q113451127", "Sara McClure": "Q119953594", "Reilly Tran": "Q119953710", "Lilly Elida H\u00e5seth": "Q64426767", "Zara Brankovic": "Q83542946", "Noka Juri\u010d": "Q113115035", "Chiho Mushika": "Q124175990", "\u0130lay Y\u00f6r\u00fck": "Q66604780", "Anastasiya Poplavska": "Q114859485", "Isabella Bozicevic": "Q110500292", "Patricia Apisah": "Q113533368", "Selina Atay": "Q125510832", "Rutuparna Choudhary": "Q33552375", "Marion Viertler": "Q110755710", "Selina Dal": "Q112175461", "Daniella Medvedeva": "Q123156217", "Emily Meyer": "Q113458051", "Mariana Ram\u00edrez Nieto": "Q61650141", "Zo\u00eb Kruger": "Q61983481", "Ella Haavisto": "Q62661540", "Marine Szostak": "Q117845297", "Alexandra Vecic": "Q104872505", "Ana Karen Guadiana Campos": "Q64019463", "Krist\u00fdna Lavi\u010dkov\u00e1": "Q112127316", "Luisa Meyer auf der Heide": "Q112117167", "Palina Babaryko": "Q118124635", "Amandine Monnot": "Q106272062", "Noel Saidenova": "Q125952251", "Jada Bui": "Q92443340", "Marta Custic": "Q106777267", "Jade Bornay": "Q118553987", "\u0218tefana Laz\u0103r": "Q113435980", "Anja Wildgruber": "Q120186218", "Shin Ji-ho": "Q117749116", "Sofia da Cruz Mendon\u00e7a": "Q113398211", "Emilie Elde": "Q64020566", "Karina Miller": "Q108117516", "Maelys Bougrat": "Q111660068", "Daria Frayman": "Q125030431", "Supapitch Kuearum": "Q92047270", "Maja Radenkovi\u0107": "Q118112456", "Charlotte Chavatipon": "Q116923409", "Victoria Hu": "Q112306052", "Stefanie Auer": "Q121461401", "Janice Tjen": "Q126454806", "Chantal Sauvant": "Q55810221", "Wi Hwui": "Q117789769", "Petra Csabi": "Q113630048", "Angelina Wirges": "Q110937425", "Avelina Sayfetdinova": "Q43017820", "Sitora Normuradova": "Q123370993", "Lola Marandel": "Q125188401", "Denisa Hindov\u00e1": "Q113586176", "Lian Tran": "Q105159201", "Vittoria Modesti": "Q124989830", "Mai Napatt Nirundorn": "Q113630605", "Nasiba Espolova": "Q123351612", "Sofia Rocchetti": "Q125794391", "Lucie Petru\u017eelov\u00e1": "Q113626847", "Sophie L\u00fcscher": "Q124774516", "Aisha Al-Suleimani": "Q51232453", "Alisa Kummel": "Q123481946", "Simona Ogescu": "Q113435479", "Amarni Banks": "Q113147400", "Doga Turkmen": "Q111337154", "Sabine Rutlauka": "Q105944618", "Lissi Kubre": "Q106271949", "Melania Delai": "Q48491264", "Viktoriya Kanapatskaya": "Q92055919", "Ayline Samard\u017ei\u0107": "Q107139102", "Maria Torres Murcia": "Q111472952", "Jenna DeFalco": "Q106371813", "Ellie Logotheti": "Q111488700", "Kylie Collins": "Q113252945", "Maria Del Mar Gabriela Sanchez Ramirez": "Q107136354", "Eva-Maria Riml": "Q118698042", "Eszter M\u00e9ri": "Q118489591", "Maya Battle": "Q108212948", "Anna Roggenburk": "Q108213856", "Laura Mair": "Q117812711", "Nino Natsvlishvili": "Q121436650", "Gina Feistel": "Q121300724", "Melis Ayda Uyar": "Q111398380", "Milana Zhabrailova": "Q125634564", "Anouck Vrancken Peeters": "Q119510052", "Evita Ramirez": "Q106941166", "Nanari Katsumi": "Q114603251", "Kylie Bilchev": "Q108061473", "Flavie Brugnone": "Q110835411", "Akanksha Dileep Nitture": "Q106288085", "Daniela Glanzer": "Q112667711", "Beatrice Stagno": "Q117829233", "Holly Fischer": "Q99055804", "Elizabeth Coleman": "Q108117293", "Daria Kudashova": "Q106368450", "Liubov Kostenko": "Q112194406", "Sebastianna Scilipoti": "Q106418915", "Mariya Sinitsyna": "Q123125408", "Bianca Beh\u00falov\u00e1": "Q111926894", "Nicole Rivkin": "Q107214899", "Anika Ja\u0161kov\u00e1": "Q118907174", "Daria Lopatetska": "Q81052655", "Yelizaveta Karlova": "Q110584294", "Rikke de Koning": "Q124504658", "Nesma Beitsayah": "Q126288783", "Mei Hasegawa": "Q124336648", "Alicia Dudeney": "Q112654023", "Lucie Nguyen Tan": "Q108046988", "Kristina Kudryavtseva": "Q105944719", "Connie Ma": "Q98832449", "Kate\u0159ina Mandel\u00edkov\u00e1": "Q113636245", "Anet Koskel": "Q114346149", "Madison Sieg": "Q108117796", "Alexandra Iordache": "Q114269802", "Natsuki Yoshimoto": "Q124155103", "Elena Korokozidi": "Q126374891", "Beatrice Ricci": "Q118395630", "Arianna Zucchini": "Q124454706", "Alina Granwehr": "Q111584833", "Ana\u00eblle Leclercq": "Q110802604", "Jennifer Ruggeri": "Q119795145", "Zdena \u0160af\u00e1\u0159ov\u00e1": "Q125132944", "Yasmin Ezzat": "Q119720745", "Whitley Pate": "Q106363040", "Laura Isabel Putz": "Q112679024", "Alessandra Simone": "Q110939934", "Tilwith Di Girolami": "Q123966049", "Denise Hrdinkov\u00e1": "Q124533533", "Camilla Gennaro": "Q119795490", "Darya Shauha": "Q120755861", "Pimrada Jattavapornvanit": "Q113162215", "Yao Xinxin": "Q118408878", "Nina Radovanovic": "Q111020742", "Tamari Gagoshidze": "Q121435429", "Nikol Pale\u010dek": "Q105944700", "Polina Iatcenko": "Q116447990", "Lavinia T\u0103n\u0103sie": "Q113436139", "Astrid Cirotte": "Q117844303", "Iva \u0160epa": "Q106856851", "Yara Al-Hogbani": "Q110888795", "Tatjana Nikolenko": "Q109469546", "Vanessa Popa Teiusanu": "Q107963194", "Patricie Kub\u00edkov\u00e1": "Q113586546", "Ioana Zvonaru": "Q123096325", "Denislava Glushkova": "Q114588965", "Paula Cembranos": "Q124777353", "Virginia Ferrara": "Q117813922", "Aglaya Fedorova": "Q125825856", "Aliya Musabekova": "Q123363205", "Daria Khomutsianskaya": "Q125304487", "Sabina Zeynalova": "Q116923526", "Viera Deeperm": "Q124411904", "Annabelle Xu": "Q113249550", "\u00d6zlem Uslu": "Q111337067", "Anna Zyryanova": "Q125984361", "Ekaterina Khayrutdinova": "Q126162994", "Ekaterina Maklakova": "Q125689479", "Chlo\u00e9 No\u00ebl": "Q116982455", "Jo\u00eblle Steur": "Q105062317", "Marente Sijbesma": "Q119506577", "La\u00efa Petretic": "Q116859488", "Elyse Tse": "Q124292811", "Ay\u015feg\u00fcl Mert": "Q114859666", "Ana Candiotto": "Q116983696", "Nahia Berecoechea": "Q116858953", "Mia Repac": "Q113155636", "Kira Pavlova": "Q125792762", "Samira De Stefano": "Q119796271", "Catherine Aulia": "Q110557218", "Margaret Navarro": "Q118181355", "Denise Valente": "Q114219170", "Panna Bartha": "Q116477716", "Hanne Vandewinkel": "Q113780001", "Ominahon Valihanova": "Q123363110", "Zhanel Rustemova": "Q123118687", "Kristina Paskauskas": "Q116167651", "Matilda Mutavdzic": "Q107239568", "Chelsea Fontenel": "Q114410374", "Mi Tianmi": "Q117812439", "Elena Micic": "Q124246309", "Am\u00e9lie Van Impe": "Q113773739", "Liisa Varul": "Q114346674", "Lidiia Rasskovskaia": "Q125620465", "Celine Simunyu": "Q124378567", "Lara Smejkal": "Q121740466", "Merna Refaat": "Q116885407", "Rachel Gailis": "Q106365352", "Tea Lukic": "Q113518045", "Coumba Ben Niangadou": "Q124545199", "Feryel Ben Hassen": "Q114347151", "Defne \u00c7\u0131rpanl\u0131": "Q125522267", "Mia Mack": "Q113788417", "Mihaela Tsoneva": "Q113579312", "Anastasia Safta": "Q120751040", "Sarah van Emst": "Q124610670", "Julie \u0160truplov\u00e1": "Q113627027", "Vera Pursnani": "Q113139067", "Kelly Vargas Gonzalez": "Q111473527", "Salma Drugdov\u00e1": "Q122945805", "Anna Kantor": "Q113519392", "Olivia Lincer": "Q117462691", "Jasmine Conway": "Q113493807", "Aruzhan Sagandikova": "Q123029544", "Rinon Okuwaki": "Q99517276", "Jenny Lim": "Q117846033", "Cara Maria Me\u0219ter": "Q123098974", "Liel Marlies Rothensteiner": "Q122781184", "Annelin Bakker": "Q124610893", "June Bj\u00f6rk": "Q117844203", "Deborah Dominguez Collado": "Q123221299", "Zuzanna Pawlikowska": "Q125505155", "Che Sin-yu": "Q124285195", "Stefania Bojica": "Q116836542", "Malwina Rowinska": "Q122759620", "Marylove Edwards": "Q113586788", "Sandugash Kenzhibayeva": "Q123117807", "Stefani Webb": "Q123469149", "Lee Gyeong-seo": "Q124260162", "Yaroslava Bartashevich": "Q110825391", "Carolina Kuhl": "Q112161592", "Karolina Kozakova": "Q124767809", "Vanesa Danko": "Q113519312", "Gaia Parravicini": "Q124991760", "Carmen L\u00f3pez Mart\u00ednez": "Q112304733", "Zara Larke": "Q116046815", "Theadora Rabman": "Q109469043", "Lin Fang-an": "Q115047178", "Eva Shaw": "Q107325991", "Ranah Akua Stoiber": "Q112651270", "Sarafina Hansen": "Q124669881", "Johanna Hiesmair": "Q116832154", "Tea Nikcevic": "Q125197339", "Aya El Aouni": "Q118594193", "Elena Lobo Corral": "Q109345036", "Mao Mushika": "Q118592058", "Mio Mushika": "Q124154570", "Dana Baidaulet": "Q109470082", "Maftunabonu Kahramonova": "Q123352298", "Ella McDonald": "Q112252509", "Astrid Lew Yan Foon": "Q118744784", "Zuzanna Bednarz": "Q113200184", "Sayaka Ishii": "Q116279277", "Melisa Ercan": "Q124248890", "Ariana Geerlings": "Q125555565", "Salakthip Ounmuang": "Q124409722", "Stephanie Yakoff": "Q117028042", "Nikola Daubnerov\u00e1": "Q118459733", "Palina Saulevich": "Q118124640", "Nina Vargov\u00e1": "Q118912408", "Emma T\u00f3thov\u00e1": "Q124063057", "Irina Balus": "Q118463586", "Talia Neilson Gatenby": "Q112654455", "Lily Fairclough": "Q116047153", "Daria \u0218tefania M\u0103l\u0103escu": "Q123096702", "Vladislava Andreevskaya": "Q123125891", "Tania Andrade Sabando": "Q115103962", "Rebecca Munk Mortensen": "Q116458160", "Carmen Andreea Herea": "Q123115385", "Delia Gaillard": "Q111973365", "Tamara Kostic": "Q108366310", "Kaitlin Quevedo": "Q121826235", "Lucie Urbanov\u00e1": "Q124538363", "Paola Dalmonico": "Q124217732", "Asylzhan Arystanbekova": "Q123118091", "Noemi Basiletti": "Q126371292", "Ema Kovacevic": "Q124487181", "Ren Yufei": "Q118406101", "Catrinel Onciulescu": "Q120750788", "Kaitlyn Ramduth": "Q125105070", "Mari-Louise van Zyl": "Q125252949", "Gaia Maduzzi": "Q126371296", "Viktoria Varga": "Q120880932", "Joy de Zeeuw": "Q124611135", "Alexia Iulia M\u0103rginean": "Q123114510", "Aiya Nupbay": "Q123125675", "Kristiana Sidorova": "Q126214720", "Laura Rahnel": "Q117538161", "Kayo Nishimura": "Q124154981", "Mayu Crossley": "Q122282606", "Isabelle Lacy": "Q119141851", "Kitti Moln\u00e1r": "Q120881922", "Sabrina Olimjanova": "Q123351513", "Malak El Allami": "Q119519933", "Lily Taylor": "Q113676500", "Anastasija Grechkina": "Q125351671", "Jang Ga-eul": "Q125388913", "Mariapaz Ospina": "Q117421428", "Mar\u00eda Garc\u00eda": "Q123019912", "Christasha McNeil": "Q124755532", "Hayu Kinoshita": "Q123524702", "Alessandra Teodosescu": "Q118112536", "Ena Koike": "Q122223958", "Valerie Glozman": "Q113586067", "Anastasia Elena Bertea": "Q120750940", "Melinda B\u00edr\u00f3": "Q120878572", "S\u00e9verine Deppner": "Q118538740", "Rositsa Dencheva": "Q126452782", "Beatrise Zelti\u0146a": "Q115162079", "Lidia Podgorichani": "Q124411767", "Eva Maria Ionescu": "Q123114656", "Anamaria Oana": "Q120750874", "Diana-Ioana Simionescu": "Q120751132", "Alexa Karatancheva": "Q117463438", "Reina Goto": "Q124424930", "Mingge Xu": "Q112080351", "Son Ha-yoon": "Q117787506", "Hephzibah Oluwadare": "Q112253823", "Jeline Vandromme": "Q126364874", "Wakana Sonobe": "Q124424785", "Charo Esquiva Ba\u00f1uls": "Q119573051", "Julia Stusek": "Q114832476", "Tahlia Kokkinis": "Q124286880", "Rada Zolotareva": "Q125620141", "Mia Pohankov\u00e1": "Q124082130", "Daphn\u00e9e Mpetshi Perricard": "Q118592334", "Mika Stojsavljevic": "Q126378212", "Ekaterina Agureeva": "Q125389622", "Kristina Penickova": "Q126368976", "Annika Penickova": "Q126368978", "Floris Saint George": "Q3746779", "Gudrun Johnson Rosin": "Q4975565", "Liliana Solomon": "Q12732251", "Jutta Steenberg": "Q16064235", "Tove Morville": "Q16065261", "Gertrude Kornfeld": "Q16132394", "Astrid Sandby": "Q16948847", "Petra Hradeck\u00e1": "Q17303008", "Kathy Bryan": "Q17310953", "Helen Sheedy": "Q18012355", "Lynette Mansfield": "Q18012361", "Margaret Starr": "Q18012611", "Robyn Knobel": "Q18015528", "\u039b\u03ad\u03bd\u03b1 \u0396\u03b1\u03c1\u03af\u03c6\u03b7": "Q27703488", "Ioulia Tissamenou": "Q27704013", "\u0396\u03c9\u03ae \u039a\u03b1\u03c3\u03b9\u03bc\u03ac\u03c4\u03b7": "Q27778281", "Elza Vassilikou": "Q27780728", "Lavender Letts": "Q27908653", "Vicky Georganta": "Q28022665", "Xantippe Vassiliadou": "Q28058796", "Dionysia Vimes": "Q28061698", "\u039c\u03b1\u03c1\u03af\u03b1 \u039d\u03b5\u03b3\u03c1\u03bf\u03c0\u03cc\u03bd\u03c4\u03b7": "Q28806220", "Georgina Greiss": "Q29176489", "Nena Farah": "Q29522891", "Suzanne Pannetier": "Q29525228", "Lizl Bronz": "Q42337886", "Ingeborg Vogler": "Q42587358", "Irmgard Jacke": "Q42878620", "Marie-Odile Bouchet": "Q43369998", "Barbara Bradley": "Q43435428", "Lakshmi Mahadevan": "Q47112987", "Roxani Xydis": "Q47520710", "Marika Dragoumi": "Q47520827", "Wiera Richter": "Q56256151", "\u00d6zel Vas\u0131f": "Q61075909", "Stavroula Genimanoli": "Q92749308", "Isabel Fonrodona": "Q96252948", "Frances Luff": "Q99657064", "Anna Koll": "Q104698228", "Eri Uehara": "Q108109482", "Hitomi Sugimoto": "Q108110027", "Nao Morita": "Q108110101", "Kyoka Kubo": "Q108776514", "Marie Amende": "Q109012728", "Isabel Bland": "Q109664484", "Martha Bayard": "Q111519705", "Janine Bourgnon": "Q111529145", "Gresi Bajri": "Q112950457", "Kristal Dule": "Q112950478", "Julia Johnstone": "Q113630413", "Onta Barbierov\u00e1": "Q115059701", "Elena Granatourova": "Q117662248", "Nicole Seghers": "Q117662282", "Joan Cross": "Q117662313", "Elaine Launay": "Q117662365", "Christine Brunon": "Q117662393", "Qavia Lopez": "Q122625945", "Shiori Ito": "Q122893700", "Miyuka Kimoto": "Q122893702", "Polina Kozyreva": "Q122893703", "Anastasia Sysoeva": "Q122893704", "Zeynep Erman": "Q122893705", "Sofya Treshcheva": "Q122893707", "Sofya Golubovskaya": "Q122893708", "Natalie Novotna": "Q122893709", "Miranda Ramirez": "Q122893710", "Kim Hansen": "Q122893720", "Dina Hegab": "Q122893722", "Libi Mesh": "Q122893723", "Maria Tritou": "Q122893725", "Nicole Mitchell": "Q122893726", "Anna Shkudun": "Q122893727", "Olivia Messineo": "Q122893729", "Valeria Salazar": "Q122893730", "Breanna Bachini": "Q122893731", "Rhiann Newborn": "Q122893739", "Amanda Rodgers": "Q122893740", "Komal Safdar": "Q122893742", "Maria Avgerinos": "Q122893743", "Katia Jordan": "Q122893744", "Maddie Kobelt": "Q122893745", "Aleah Marrow": "Q122893747", "Lauren Sinatra": "Q122893749", "Alex Aiello": "Q122893750", "Sophia Dzulynsky": "Q122893759", "Brittany Lashway": "Q122893761", "Jimena Wu": "Q122893762", "Alessondra Parra": "Q122893764", "Simone Kalhorn": "Q122893765", "Eva Raszkiewicz": "Q122893767", "Christina Tan": "Q122893768", "Jacquelynn Tang": "Q122893769", "Chelsea Jones": "Q122893771", "Eleanor Peters": "Q122893779", "CC Sardinha": "Q122893781", "Katlyn Haycock": "Q122893783", "Allison Haynes": "Q122893784", "Ashley Spicer": "Q122893786", "Vanessa Cohn": "Q122893787", "Katie Bramante": "Q122893788", "Carolina Huignard": "Q122893789", "Ashley Lipton": "Q122893799", "Anne Magellan": "Q122893800", "Kathleen Ready": "Q122893802", "Victoria Vaynberg": "Q122893803", "Catherine Zawadzki": "Q122893804", "Wei-Ming Leong": "Q122893806", "Zeljka Juricek": "Q122893807", "Pearly Leung": "Q122893809", "Kendyl Severino": "Q122893810", "Ali Thorell": "Q122893813", "Marion Charlier": "Q122893814", "Jessica Schlosser": "Q122893816", "Natalie Ackerman": "Q122893817", "Kristine Bech Holte": "Q122893819", "Masha Kabanova": "Q122893820", "Daniela Kaluskova": "Q122893821", "Alexa Konstand": "Q122893822", "Shervin Saedinia": "Q122893824", "Tricia Sargent": "Q122893827", "Bochra Rehab Mebarki": "Q125952255", "Ines Feriel Ibbou": "Q125952302", "Kaitlyn Rolls": "Q126326821"}