{"Lola Westerberg": "Q23918644", "Sellia Epyre": "Q110607084", "Elisava": "Q20100477", "Johanna Brinkhuijsen": "Q19756220", "Anna de Deyster": "Q55770587", "Anna Helena Celsing": "Q91400176", "Eva Sofia Stenbock": "Q45322097", "Eva Maria \u00c5brink": "Q30064048", "Maria Sofia Sergell": "Q31684492", "Thekla Theer": "Q88010652", "Maria Gustava Gahn-Hofgaard": "Q26240210", "Louise van Ommeren-Hengevelt": "Q122936232", "Else Bergenhammer": "Q88965651", "Berit Hilmo": "Q11960764", "Henriette Louise Tischbein": "Q81798154", "Charlotta Elisabet Falksson": "Q4947563", "Catharina Charlotta Salsw\u00e4rd": "Q4976622", "Johanne Juliane Schubert": "Q60845240", "Patty Coggeshall": "Q29908787", "Gustava Forssell": "Q24879051", "Catharina Lefr\u00e9n": "Q16595589", "Augusta Ulrica Ekerman af Ekenstam": "Q24879247", "Marie Liljegren": "Q29246664", "Sophie Sj\u00f6stedt": "Q59616817", "Inoue Den": "Q11372823", "Henrietta Charlotta Ekerman af Ekenstam": "Q24879248", "Julia Ann Fitch": "Q29876996", "Rebecca Johanna Salmson": "Q20156183", "Margarete Christiane Bossel": "Q81820434", "Isabel Llaurad\u00f3": "Q96593740", "Sophie Schotte": "Q42393374", "Maria Elisabeth Stoopendaal": "Q122936589", "Johanna Margaretha Versfelt": "Q122936591", "Betsy Morphew": "Q108744401", "Lydia Morphew": "Q108744400", "Aleida Christina Leefkens": "Q122936582", "Janna van der Voort": "Q107276631", "Elizabeth Labdon": "Q21288818", "Emerentia von Stockenstr\u00f6m": "Q44840980", "Eterina Hokokakahu Aperahama Wright": "Q104603907", "Josefa Ant\u00fanez": "Q118395821", "Ana Skube": "Q114059401", "A.S. Timmermans-van Leeuwen": "Q107053098", "Louise Victorine Gautier": "Q57315326", "Catherine Holiday": "Q99403483", "St\u00e9phanie Hendryckx": "Q116621828", "Emily Rose Twynam": "Q109886283", "Cathinka Lind": "Q23829172", "Neeltje Eggink": "Q107276956", "Henriette Louise Dolleman-Thierry de Bye": "Q122936598", "Emelie Sophie Jadem": "Q118189718", "Celia Maria Thomese": "Q107275871", "Ema Angyalov\u00e1": "Q12765304", "Kristiane Frisak": "Q63323201", "Sophie Werenskiold": "Q63341292", "Mere Te Rongopamamao Aubrey": "Q31416189", "Christine Hardt": "Q42301646", "Elle of Ganado": "Q104224100", "Johanna Rosier": "Q107059149", "Elisabeth Petronella Loeber": "Q107048071", "Wilhelmina Peek": "Q109633263", "Josephine Mary Moody": "Q121316221", "Gulli Peterson": "Q28840656", "Maria Cornelia de Marez Oyens-Reynvaan": "Q109940510", "Teresa Gelats i Griny\u00f3": "Q56285222", "Petronella Johanna Waller-de Kock": "Q109940599", "Erzs\u00e9bet Szontagh": "Q97096814", "Louise Matz": "Q105550255", "Mimmi Lundstr\u00f6m-B\u00f6rjeson": "Q4964268", "Constance de Ner\u00e9e tot Babberich": "Q101071157", "Olivia Frances Tonge": "Q60429542", "Bertha H\u00fcbner": "Q63870788", "Jeanne Labric": "Q27970790", "Mia Westerberg": "Q51400141", "Hedvig Bj\u00f6rkman": "Q26250820", "Ingeborg Holck": "Q54670267", "Sophia L. Crownfield": "Q112668040", "Ida Winkler": "Q122936639", "Elizabeth Siewertsz van Reesema": "Q29422107", "Amalia Fj\u00e6stad": "Q23988985", "Louise Bertel": "Q106397833", "Anna Loman": "Q123698529", "Annie Garnett": "Q64006409", "Cato IJmker": "Q123698690", "Joxepa Antoni Aranberri": "Q39743107", "Kerstin Clason": "Q98545598", "Maria Jacoba van der Weijde": "Q123698680", "Katrina Catharina Wilhelmina Maria Cuypers": "Q123698426", "Marie Caroline Vrij-Mauser": "Q123698663", "Agathe Wegerif-Gravestein": "Q1956847", "Magda Wiegand-Dehn": "Q28872462", "Helene B\u00f6rner": "Q95749027", "Johanne Siegumfeldt": "Q62080648", "Lilli Behrens": "Q52637815", "Clara M\u00f6ller-Coburg": "Q1095219", "Bertha Elizabeth Lloyd": "Q115663310", "Louise Pierette Jacqueline de Jager Meezenbroek-van Beverwijk": "Q109981576", "Maria Brinckmann": "Q110491660", "H\u00e9l\u00e8ne De Rudder": "Q3144744", "Georgia Maltbie": "Q108751815", "Els Elizabeth Nierstrasz": "Q123698555", "Emelie von Walterstorff": "Q4990178", "Geertruida v.d. Woerd-v.d. Werff": "Q109242547", "Annie Frykholm": "Q25743125", "Sarah Ellen Roberts": "Q109946585", "Cato Neeb": "Q122997893", "Estrid Fischer": "Q91785757", "Henriette Bosch\u00e9": "Q96652015", "Leni Matthaei": "Q55219357", "Eugenie Carolina van Vooren": "Q122936187", "Boudouina Jacqueline Bowier": "Q122936488", "Neeltje Lettinga": "Q122936021", "Therese Clemens": "Q122936490", "Sophie Geertruida de Birrius van Harlingen": "Q122936719", "Agnes Sutthoff": "Q37015658", "Annette Schirmer": "Q109853297", "Alida Amelia Kromhout": "Q123698502", "Johanna Hendrika Carolina Stoutjesdijk": "Q123698629", "Gudrun Anker": "Q30093547", "Johanna van Regteren Altena": "Q28080026", "Carlotta Brinckmann": "Q110464187", "Willemien Testas": "Q101081674", "Bertha Thorn Prikker-Cramer": "Q123698637", "Rimma Nikitchina Brailovskaja": "Q122935213", "Emilie van Waveren-Resink": "Q28064142", "Anna Wettergren-Behm": "Q17493718", "Henri\u00ebtte Hamilton-Falise": "Q2676487", "Maria Alida Faddegon": "Q43265321", "\u0411\u043e\u043b\u0441\u0443\u043d\u043e\u0432\u0430 \u0412\u0456\u0440\u0430 \u0412\u0456\u043a\u0442\u043e\u0440\u0456\u0432\u043d\u0430": "Q105830167", "Essie Winifred Newberry": "Q112523527", "Helene Gesine Stern": "Q85087591", "Ilona Jalava": "Q23040516", "Elisabet Wis\u00e9n-Jobs": "Q27654751", "Virginie Granouillet": "Q103148913", "Marian Stoll": "Q118271220", "\u0410\u043b\u0435\u043a\u0441\u0430\u043d\u0434\u0440\u0430 \u0421\u0442\u0435\u043f\u0430\u043d\u043e\u0432\u043d\u0430 \u0411\u044b\u043a\u043e\u0432\u0430": "Q123377455", "Fran\u00e7oise Henrica Fockema": "Q123698447", "Sybil Blunt": "Q75484688", "Kataraina Te Urumahue Emery": "Q104696212", "Clara R\u00f6nning": "Q23989251", "Michal Ber": "Q95127707", "Karen Warming": "Q62080773", "Bertha Bake": "Q2641569", "Ir\u00e8ne d'Olszowska": "Q106804542", "Emma Saltzman": "Q97940237", "Cecile van Grieken": "Q2345815", "Antonia Maria Beernink": "Q122936586", "Riek Palache": "Q108822770", "Benedicte Brummer": "Q16063271", "Klara Goldzieher Roman": "Q79073602", "Johanna de Haas": "Q107048327", "Ton\u010da Josefina Janovsk\u00e1": "Q95122988", "Henrica Paulina Amalia van Bergen": "Q122936483", "Geertruida van den Berg": "Q122936481", "Anna Harland-Zajaczkowska": "Q109718785", "Louise Wilhelmina van der Meulen-Nulle": "Q92940842", "Lena Pillico": "Q21453315", "Elna Arbo": "Q58998366", "Mizzi Vogl": "Q110894143", "Rebecca Agterberg": "Q122997916", "Willemine Polenaar": "Q29024378", "Eivor Fisher": "Q4948149", "Willemina Laman Trip-Nolen": "Q122936052", "Sigrid Wickstr\u00f6m-Paaer": "Q11893369", "Rachel Grieve": "Q24218404", "Maria Vera Brunner": "Q110968659", "Else Birnbacher": "Q110891785", "Mien Wilhelmina Cornelia Schuilen-Putters": "Q123698609", "Mevr. M. Schutten-Putters": "Q125520941", "Helmi Vuorelma": "Q18688659", "Greta Sandberg": "Q25931897", "Judith Fletcher": "Q67071049", "Riek Geuer-Stringa": "Q123698454", "Anna Ankarcrona": "Q16158173", "Hanna Eriksson": "Q24018855", "Vavi Johnsson": "Q27635854", "Anna Groenewegen": "Q107551484", "Mieke Eckhardt": "Q106644399", "Else M\u00f6gelin": "Q17425404", "Toini Nystr\u00f6m": "Q17382663", "Tina Boom-Fransen": "Q113369103", "Heni Ngaropi White": "Q104540682", "Henderika Rijnsburger": "Q107059082", "Bertha Koene": "Q110036988", "Ella Westermark": "Q51567860", "Lili Biegman": "Q59928936", "Helene Bernatzik": "Q110825095", "Elisabeth Boon-Mees": "Q126160467", "Marie-Berthe Pardonnet": "Q110847196", "Martha Fraa\u00df": "Q95201147", "Annie Spier": "Q123698619", "Elsa Kallio": "Q23040548", "Lyyli Heinonen": "Q36006891", "Hanna Herasymovych": "Q12095016", "Lien Citroen-Bendien": "Q72424755", "Selma Nikolina Johansson": "Q27654711", "Ruth Hallberg": "Q29047406", "Dana Bilde": "Q117836223", "Maria Gy\u00f6ri": "Q107053140", "Nita Homberg-Hannema": "Q122936721", "Anna Halonen": "Q11851569", "Margareta Ahlstedt-Willandt": "Q11880848", "Dina Delcourt": "Q122936597", "Eva R. Mouldey": "Q65559433", "Christine van Zeegen": "Q122936724", "Ester Hoffsten-Lindwall": "Q27514273", "Anna Geertruida Wefers Bettink": "Q122936694", "Berta van Loghem-Neumeier": "Q122935563", "Wilhelmina Arnoldina Snethlage": "Q122936685", "Elsa Flensburg": "Q23989188", "Toini Kallio": "Q60484771", "Sigrid Lind": "Q27923880", "Torun Munthe": "Q4968396", "Ita Mees": "Q109336561", "Ragna Breivik": "Q88766335", "Krist\u012bne P\u0101vuli\u0146a": "Q20564211", "Maria Laszkiewicz": "Q85865559", "Emilie Pali\u010dkov\u00e1": "Q20427947", "Lyyli Karppinen": "Q105705297", "Linn\u00e9a Lund": "Q28025657", "Lidiia Vankh\u00e1lska": "Q105914904", "Martta Taipale": "Q56404106", "Georgia Skovgaard": "Q12313757", "Marie Thierfeldt": "Q55282562", "Riek Sijthoff": "Q122935866", "Greet Feuerstein": "Q46998677", "Llu\u00efsa Xifr\u00e9 Morros": "Q123954004", "Bessie M. Scott": "Q105708620", "Clara Bischoff": "Q94775232", "Lise Gujer": "Q85097319", "Dina Gerth-Eilers": "Q122935405", "Hulda Potila": "Q56404058", "Jaroslava Vondr\u00e1\u010dkov\u00e1": "Q12024216", "Anna Rothziegel": "Q110940426", "Rose Krenn": "Q110859297", "Betty Isaacs": "Q105879422", "Greta Gahn": "Q4949380", "Lucie Turel-Welti": "Q95648439", "Rakhel Fagot": "Q95119767", "Ingrid von Werdenhoff": "Q51286557", "Alice Wedel": "Q56191343", "M\u00e4rta Alexanderson": "Q4934872", "Signhild H\u00e4ller": "Q88671083", "Marianne Leisching": "Q110955666", "Miranda B\u00f8dtker": "Q11989600", "Vera Diurson": "Q37016209", "Valentina Doebrova": "Q122935846", "Elisabeth Schipper": "Q122936626", "Henrietta C. Scott": "Q105708607", "Greta Ehrnberg": "Q24680742", "Dien Kreeft": "Q122997900", "Henri\u00ebtte Drost": "Q122935463", "Karna Asker-Ericson": "Q4936776", "\u041a\u0443\u043b\u0438\u043a \u041e\u043b\u0435\u043a\u0441\u0430\u043d\u0434\u0440\u0430 \u0412\u0430\u0441\u0438\u043b\u0456\u0432\u043d\u0430": "Q115364816", "Ragnhild d' Ailly": "Q122936723", "Lilly E. Hoffman": "Q79461506", "Margaretha Antoinette Sch\u00fcrmann-Lels": "Q122936064", "Suzanne Pinault": "Q125427849", "Cathrien Bogtman": "Q122935863", "Astrid \u00d6sterling": "Q55661980", "Henrietta Benjamin": "Q26240388", "Annie Fisker": "Q62079614", "Nel Hagelen-Schilt": "Q122935155", "Marie Kroupov\u00e1-Hemmerov\u00e1": "Q95236648", "Magda Walscott": "Q104708065", "Ingegerd Torhamn": "Q45026417", "Lis Deinhardt": "Q68772017", "Wanda Ziegert von Debschitz": "Q94774518", "Marie Kr\u010dilov\u00e1": "Q95112968", "Sybil Mulvany": "Q109850934", "\u0411\u0430\u043b\u0443\u043d \u041e\u043b\u044c\u0433\u0430 \u0424\u0435\u0434\u043e\u0440\u0456\u0432\u043d\u0430": "Q89189752", "Juliana Elisabeth van Regteren Altena": "Q122936238", "Bo\u017eena Rothmayerov\u00e1": "Q104173678", "Julia Keiner Forchhemr": "Q55285484", "Theodora Lotze": "Q122935567", "Ethelyn Cosby Stewart": "Q19849634", "Josina Smeenk-Knap": "Q110849545", "Jan": "Q122936286", "Alice Lund": "Q4963902", "Sofia Wid\u00e9n": "Q17561341", "Martine Mol": "Q122936625", "Marie Metrailler": "Q28927573", "Johanna K. van de Wint-Rotmans": "Q122935516", "Adele Reindorff": "Q28357409", "Aino Hausmann": "Q70206182", "Inga Wedel-Hansson": "Q50823088", "Josephine Mulvany": "Q109850925", "Susan Gr\u00f6ndal": "Q16594965", "Bo\u017eena Vav\u0159\u00edkov\u00e1-Hartmanov\u00e1": "Q95145893", "M\u00edla Spazierov\u00e1-Hezk\u00e1": "Q27923778", "Marijtje Leeuwrik": "Q109981452", "Alen M\u00fcller-Hellwig": "Q2640934", "Dina Roerdink-te Vaanholt": "Q109234023", "Elisabeth Loke": "Q109994874", "Lisbeth Oestreicher": "Q43265648", "Elisabeth Catharina Bergsma": "Q122936703", "Marta Breuer": "Q55020487", "Ema Markov\u00e1": "Q95332718", "Anne Porte": "Q13134627", "Bettina M\u00fcller-Vogeler": "Q94774338", "Flora Carnell Lewis": "Q122542820", "Gertraud Reinberger-Brausewetter": "Q60904882", "Wilhelmina van Bruchem": "Q106027883", "Anica Nyman": "Q16595990", "Madja Ruperti": "Q52150991", "Rie Stokvis": "Q121887435", "\u041c\u0438\u0440\u043e\u043d\u0438\u0447 \u041c\u0430\u0440\u0456\u044f \u041e\u0432\u0435\u0440\u043a\u0456\u0432\u043d\u0430": "Q112061888", "Carla Hendrika van der Solkesz - Slooten": "Q107551517", "Hellevi Nilsson-Kjellhard": "Q28840662", "Hilda van der Laan-Bosch": "Q122936638", "Woty Werner": "Q2594278", "Kreeta Pohjanheimo": "Q11872960", "Ottilia Giacometti": "Q125317544", "Bertl Kuch": "Q58017641", "Gracia Stein": "Q99480594", "Gerdina Johanna Horvers": "Q122936733", "M\u00e4rta Persson": "Q28025745", "Vera Malmstr\u00f6m": "Q28125280", "Sijtje Balk": "Q109981420", "Dagmar Lod\u00e9n": "Q18244021", "Mascha Vogeler-Schnaars": "Q94774357", "Elwy Persson": "Q87066692", "Dinie Hendrix": "Q111358713", "Monica Bella Ullmann-Broner": "Q76837423", "Christina Schubert-H\u00e5kansson": "Q39039674", "Ali Alssema": "Q122936699", "Liv Beijer": "Q26240339", "K\u00e4the Schmidt": "Q68171536", "K\u00e4lhe Schmidt": "Q123698604", "Mariya Hlouchtchenko": "Q113657380", "Marise Swets": "Q122935740", "Elena Hol\u00e9czyov\u00e1": "Q12765270", "Elisabeth Kadow": "Q28823692", "Greta Digman": "Q24680809", "Paulli Andersen": "Q62081333", "Annemarie Sch\u00fctt-Hennings": "Q95697304", "Hj\u00f8rdis Aas Adler": "Q109232577", "Corona Krause": "Q92589000", "Marita Lybeck": "Q21558192", "Els Gerhardt-Lutkie": "Q122935403", "\u0160\u00e1ra Alexy": "Q110184054", "Lea Mr\u00e1zov\u00e1": "Q12770233", "Greten K\u00e4hler-Neter": "Q96746009", "Ans van Zeyst": "Q108655957", "Trude Dinnendahl-Benning": "Q113716801", "Maria Slusarczyk": "Q122936288", "Alice Sorenius": "Q43894373", "Jeanne Jacoba Tilbusscher": "Q73412475", "Joana A. Vidal Ferrer": "Q11928038", "Elise Diederika Geretta Soeters": "Q51320715", "\u0413\u043e\u0440\u0431\u043e\u0432\u0430 \u041e\u043b\u044c\u0433\u0430 \u0406\u0432\u0430\u043d\u0456\u0432\u043d\u0430": "Q113530759", "Hajime Matsueda": "Q108855842", "Anne Ophelia Todd Dowden": "Q36328967", "Ana Wilhelmson-Lagerman": "Q52222498", "Ingeborg Digman": "Q24680798", "Jo Boer": "Q2576347", "Pauline Merl": "Q111580113", "Suzanne Leppien": "Q15435941", "Li Englund": "Q17380159", "Eva Olsoni": "Q20861612", "Claire Vasarely": "Q122935110", "Agnes de Sitter": "Q122935816", "Elfriede Eckinger-Thurner": "Q112764016", "Rut Thunberg": "Q47526377", "Sigrid Larsson": "Q29246779", "Chris Enthoven": "Q122902772", "Anna Susanna Hoek-Wallach": "Q122997898", "Varvara Bryk": "Q105907397", "Hildegard Osten": "Q1559825", "Nettie de Man": "Q25820451", "Mathilde Reindl": "Q80218848", "Lissy Funk": "Q6469890", "Bj\u00f8rg Deinboll": "Q125807317", "Kl\u00e1ra Sedl\u00e1\u010dkov\u00e1": "Q95367744", "Judit Beck": "Q20644267", "Edith Grove": "Q123191822", "Gerd Ulfstr\u00f6m-Bj\u00f6rnberg": "Q26250822", "Maria Rajchowska": "Q110848659", "Lisbet Jobs": "Q4956744", "Kerstin Thorn-Forsberg": "Q75096187", "Helena Hendrika Baat": "Q63485451", "Ingrid Sebardt": "Q31671835", "Ruska Dimitrova Popvasileva": "Q112512277", "Sara Ferber": "Q95110853", "Wiwi M\u00f6ller-Lindquist": "Q28025744", "Birgitta T\u00f6rnqvist": "Q33043567", "Anna van Goch-Strick van Linschoten": "Q110168169", "R\u00e9 Grunwald": "Q122936718", "Ingrid Segerlind-Lindblad": "Q33043604", "Marie Hollerov\u00e1": "Q95070647", "Wil Stammis-Schmidt": "Q122936616", "Dien Buiter": "Q122935247", "Paula Augustin": "Q122935668", "Maija Kolsi-M\u00e4kel\u00e4": "Q70206359", "Ernee 't Hooft": "Q28070875", "Helena Galkowska": "Q87990067", "Age Faith-Ell": "Q26835777", "\u0424\u0451\u0434\u043e\u0440\u043e\u0432\u0430, \u0412\u0430\u0440\u0432\u0430\u0440\u0430 \u0415\u0444\u0438\u043c\u043e\u0432\u043d\u0430": "Q55103298", "Krystyna Szczepanowska-Miklaszewska": "Q96242173", "Natal\u2018ja Vasil\u2018jevna Kirsanova": "Q112477202", "Avika Taselaar": "Q125389996", "Josephine Wapp": "Q19802595", "Margaret Kaye": "Q21456106", "B\u00e9 Helfferich": "Q106644131", "\u0412\u0456\u0437\u0438\u0447\u043a\u0430\u043d\u0438\u0447 \u0413\u0430\u0444\u0456\u044f \u041f\u0435\u0442\u0440\u0456\u0432\u043d\u0430": "Q105944472", "J.A. Rispens-Poppinga": "Q109942195", "Martha van Coppenolle": "Q29575085", "Catharina Goeting": "Q44796948", "Sonja Sundn\u00e9r": "Q116173433", "Karin Glasell": "Q26389370", "Greta M\u00f6rk": "Q23303951", "Astghik Petrosyan": "Q35126973", "Jane Felicity Ashbee": "Q48644799", "Ruth Z\u00fcrcher": "Q85104769", "Jopie Roosenburg-Goudriaan": "Q29575326", "Leny de Vries": "Q106238994", "Kerstin Ekman-Zethr\u00e6us": "Q24019362", "Gerda Blankenheym": "Q122936705", "Piroska Sz\u00e1nt\u00f3": "Q1301393", "Virginia Nepodal": "Q21287817", "Selma van Ingen Schenau-Otte": "Q122935375", "\u041c\u0430\u043b\u0438\u0448 \u0421\u043e\u0444\u0456\u044f \u041e\u043d\u0438\u0441\u0438\u043c\u0456\u0432\u043d\u0430": "Q106078295", "Inga Palmgren": "Q28840719", "Oleksandra Velikodna": "Q12088420", "Anneke Tammeling": "Q123698635", "Ruhia Oketopa": "Q104708056", "Joanna Anink-Klijn": "Q122936620", "Uhra-Beata Simberg-Ehrstr\u00f6m": "Q17383795", "Pleasant Harrison": "Q94629021", "Susanna Wenger": "Q122935990", "Wil Fruytier": "Q14519490", "Ingeborg Vahle-Giessler": "Q1662943", "Joan Edwards": "Q61229945", "K\u00e4the Wulff-Maslo": "Q54316652", "Sophie de Vries": "Q122935799", "Ria van Oerle-van Gorp": "Q107059211", "Mari Ros": "Q59697921", "Aino Kosk-Schmidt": "Q12358447", "Lise Plum": "Q62080874", "Corine Hofland": "Q122936720", "Puti Hineaupounamu Rare": "Q104708350", "Anneliese D\u00f6nnicke-Schenke": "Q112496226", "Thelma Becherer": "Q77353979", "Fiep van Egten": "Q122936275", "Mien Grips": "Q122936656", "Rakel Onsum Berg": "Q17057462", "Nette Liivak": "Q29420600", "Judith Johansson": "Q98528645", "Odette Alves de Almeida": "Q109778947", "Ann-Mari Forsberg": "Q4948487", "Anna Steiner": "Q105101510", "Kerstin Ekengren": "Q19976496", "Teresa Conte": "Q108073440", "Conny Kocken": "Q122936053", "Mie Jonoguchi": "Q108659331", "Jouck Duker": "Q122935928", "Milada Jaro\u0148ov\u00e1": "Q95393020", "Sonja Reinfeldt": "Q28840694", "Birgit Lindvall": "Q28025662", "Anna Net\u00edkov\u00e1": "Q95396860", "Lucie - Luus Nispen tot Pannerden": "Q109663176", "Eeva Renvall": "Q11856893", "Virginia Harvey": "Q106629662", "Charlotte Weibull": "Q4990250", "Marianne von M\u00fcnchow": "Q75095451", "Jatie van Melle": "Q122936632", "Hetty Kluytmans": "Q29575019", "Zilda Noronha Min\u00e9": "Q109776668", "Alexandra Qvale": "Q124365555", "Brita Neuberg": "Q28025801", "Brittmari Jacobson": "Q27514302", "Minni Patune": "Q28355009", "Paula Dietz": "Q122936338", "Ingrid Skerfe-Nilsson": "Q38774399", "Margje Blitterswijk": "Q16069766", "Ingegerd Alberts": "Q26240260", "Maj Morin": "Q24005846", "Mona Lodstr\u00f6m": "Q27923890", "Britta Reich-Eriksson": "Q4974357", "Kl\u00e1ra Szakasits": "Q63859953", "Anni Apol": "Q122936755", "Agnes van den Brandeler": "Q41327706", "Saskia Koenraads-van Eerde": "Q122936669", "Frida Hoorens van Heijningen": "Q122935738", "\u0414\u0435\u043d\u0438\u0441\u0435\u043d\u043a\u043e \u0413\u0430\u043d\u043d\u0430 \u0414\u0430\u0432\u0438\u0434\u0456\u0432\u043d\u0430": "Q112664707", "\u00c9dith Martin": "Q82555740", "Roz\u00e1lia V\u00f6r\u00f6s": "Q94287668", "Stienie Boven": "Q107277159", "Alexandra Mikhailovna Shtyrova": "Q111488621", "Roma Center": "Q112131155", "L\u00edvie Roub\u00ed\u010dkov\u00e1": "Q112391487", "Tola Steinhage": "Q122936752", "Gerd G\u00f6ran": "Q23916510", "Maria Lindberg": "Q18243764", "Lili Binder": "Q85093163", "Sia Bakema": "Q122935662", "Rajisa Burenko": "Q27990580", "Miling Svalastog": "Q17110549", "Maud Fredin-Fredholm": "Q26835806", "Gerda Beckers": "Q122935251", "Maria Lai": "Q3847346", "Janneke Mandos": "Q122936672", "Maj-Britt Larsson": "Q27923891", "Loes van der Horst": "Q21601148", "\u00c9va Michna": "Q1220819", "Asgerdur Buadottir": "Q20558126", "M. A. van Zweeden-Maanicus": "Q122935696", "Gerry van Tongeren": "Q122935953", "Bibbi Lindgren-Widmark": "Q51800498", "Randi Christine Fisher": "Q4948155", "Annemarie Graupner-Baumgartner": "Q73782076", "Ans van Herwaarden": "Q110317800", "Vlasta Nov\u00e1kov\u00e1": "Q95137754", "Krystyna Czarnocka": "Q104805813", "\u0413\u0430\u0432\u0440\u0438\u043b\u043e-\u0411\u0430\u0440\u0437\u0443\u043b \u041c\u0430\u0440\u0456\u044f \u0410\u043d\u0434\u0440\u0456\u0457\u0432\u043d\u0430": "Q108013475", "Els Roelfsema-Weise": "Q122997917", "Sarah Raber": "Q108755830", "Natalja Fjodorovna Lapteva": "Q18590273", "Ellen Buys": "Q122936709", "Lies Maes": "Q53866654", "Grete Rader-Soulek": "Q1546009", "Hj\u00f6rdis Oldfors": "Q16946366", "D\u00e9sir\u00e9e Scholten": "Q29557521", "Erzs\u00e9bet Sz\u00e9les": "Q1302573", "Sary Heijkoop": "Q122935416", "Gabriele Zwergel": "Q122936058", "Alicja Siodlowska- Wisniewska": "Q122936304", "Ketty Tham": "Q47213488", "Margareta Wilk": "Q78816134", "Gun Holmqvist": "Q28036435", "Fiet Heldring": "Q122935996", "Sacha Gerdes": "Q20888788", "Truus Braster": "Q122935208", "Olena Hasiuk": "Q20066448", "Lies Guntenaar": "Q122935636", "Carla Touw-van Doorn": "Q122935443", "Ingegerd Holmstr\u00f6m-Bjerring": "Q91341443", "Milena B\u00e1rtov\u00e1": "Q110852973", "V\u011bra Nov\u00e1kov\u00e1": "Q95215920", "\u0635\u0648\u0641\u064a \u0648\u064a\u0635\u0627": "Q28714746", "Vlasta \u010can\u010d\u00edkov\u00e1": "Q112351199", "Cynthia Sargent": "Q116813986", "Aslaug Odnes": "Q18714145", "Tamara Kl\u00edmov\u00e1": "Q12777245", "Mariya Volkova": "Q4123381", "V\u011bra Drnkov\u00e1-Z\u00e1\u0159eck\u00e1": "Q28173233", "Titti \u00c5hs": "Q24005924", "mevr. van der Hoeven-Hoetink": "Q125520948", "Clara Salander": "Q29053504", "Malin Selander": "Q23296571", "Age Grefbo": "Q56088227", "Gull Rosdahl": "Q28125342", "Alice Kucha\u0159ov\u00e1": "Q95228555", "Dide de Ruiter-Arink": "Q122935512", "Eva Anderson": "Q75674052", "Ad Kooijmans": "Q110359342", "Mien Berserik-Vo\u00fbte": "Q122935203", "Betty Appelman": "Q106685388", "Ulla \u00c5str\u00f6m": "Q23918705", "Ruta Taporena Rene": "Q104708614", "Mirjam Kann": "Q122935390", "Willy van Bakel-Luysterburg": "Q122936701", "Olga Karl\u00edkov\u00e1": "Q45253091", "\u00c9va Gy\u0151ri F.": "Q12357226", "Undine Sofer": "Q85102911", "Margriet Kagie-Mosterd": "Q122935616", "Erzs\u00e9bet B\u00f3dis": "Q16591132", "Milena Piln\u00e1": "Q95137491", "Maria Winkel": "Q122936696", "Pauline Merkus": "Q122935499", "Rie Schuite-van der Pavert": "Q122935150", "Maiken Banner-Wahlgren": "Q50319096", "Janina Monkut\u0117-Marks": "Q12657208", "Maria Martinha Torres": "Q109776193", "Zora Smetanov\u00e1": "Q95334016", "Adrienne Juncker": "Q123117291", "Maria van Delft": "Q122935631", "Dieneke Hendriks": "Q122935417", "Gabrielle Beljon": "Q122935427", "Willemien Gerstenhauer-Sillevis": "Q122936502", "Lon Germans-Bouthoorn": "Q109615193", "Katsiaryna Lukashenka": "Q109795726", "Eirian Short": "Q125593574", "Simone Reynders": "Q21545254", "Viera Bartkov\u00e1": "Q51554132", "Hilkka Vuorinen": "Q55393913", "Toshi Yagi": "Q108659541", "Eva Sk\u00f6ld-Karn\u00e9us": "Q43261252", "Hj\u00f6rdis Hjalmarsdotter Hjorth": "Q10524975", "V\u011bra To\u0161enovsk\u00e1-Kanczuck\u00e1": "Q95154926", "Anneke Ruimschotel": "Q122935509", "Hyke Koopmans": "Q16481568", "Margareta Sandberg-H\u00f6g": "Q29381315", "Tamara Waskoff": "Q16590947", "Marie B\u011blohl\u00e1vkov\u00e1": "Q95176627", "Barbro Gardberg": "Q4949489", "Coby C.M. Krouwel": "Q87610507", "Sigrid Lochner": "Q107011540", "Th\u00e9r\u00e8se Guit\u00e9": "Q99460543", "Trees de Vries": "Q122935783", "Corry van Aernsbergen": "Q122935640", "Marie-Th\u00e9r\u00e8se Baeyens": "Q106211776", "Anke Maks-Marcus": "Q122935564", "Louise F. Dutry van Haeften": "Q107549607", "Nad\u011b\u017eda Han\u00e1kov\u00e1": "Q95155993", "Alena Zetov\u00e1": "Q95154952", "Oili M\u00e4ki": "Q11885191", "Tusta Wefring": "Q18668658", "Lygia Habicht": "Q60495681", "Ella Sliedrecht": "Q122936682", "Yvonne Eekman": "Q122936276", "Wenche Lambertz-Nilssen": "Q42309251", "Sonja Perstedt": "Q28840653", "Vlasta Vopatov\u00e1-Bujno\u0161kov\u00e1": "Q95085775", "Anne Hofte": "Q63105220", "Riemke Stellingwerf": "Q122935171", "Aur\u00e8lia Mu\u00f1oz Ventura": "Q19289922", "Florence Beaven": "Q56236208", "Jolanta Banaszkiewicz": "Q92438036", "Mar\u00eda Teresa Codina Codina": "Q93863221", "Edith Schaar": "Q108047997", "Astri Johansson": "Q113578401", "Beatrice van der Nahmer": "Q122935604", "Ingeborg Vonau-Bausch": "Q122936327", "Krystyna Wojtyna-Drouet": "Q103832650", "L\u00fddia Jakub\u00edkov\u00e1": "Q111610868", "Iny Nahuys": "Q122935605", "Erna Masarovi\u010dov\u00e1": "Q100384606", "Gunda Montelius": "Q90108949", "Wanda Zalewska-Zdun": "Q124375934", "Tapta": "Q3515533", "Masako Kinoshita": "Q113691847", "Inga Bergfeldt": "Q120138136", "Aina Nystr\u00f6m": "Q29053499", "Grethe Lein Lange": "Q11972603", "Eva Trizuljakov\u00e1": "Q42411267", "Hieke de Jong": "Q122936666", "Helen Sirel": "Q27587322", "Elsa Montell-Saanio": "Q20254004", "Roos Geelen": "Q122936244", "Fumi Koga": "Q108659348", "Willy Bossinade": "Q122935220", "Vlasta \u0160olcov\u00e1": "Q115284572", "Barbro S\u00f6rman": "Q28922700", "Kv\u011bta Hor\u00e1kov\u00e1 - Pech\u00e1nkov\u00e1": "Q64850315", "Andr\u00e9e Wirion": "Q16440339", "Mall Tomberg": "Q16407105", "Henri\u00ebtte Visser-van de Sande": "Q122935716", "Vera Ivanovna Smirnova": "Q18045275", "Kerstin R\u00e5gmark-Lundkvist": "Q22669344", "Suze Kruger": "Q97396681", "Doris Goerner": "Q93346931", "Concessa Cola\u00e7o": "Q106516791", "Miep Schagen": "Q96989384", "Th\u00e9r\u00e8se Costenoble": "Q122936346", "Beppie Knaapen": "Q122936637", "Nel van der Maaden": "Q122935565", "Sylva \u0158epkova": "Q94125487", "Marjola de Vries": "Q122936634", "Ibolya K\u0151r\u00f6si": "Q29869481", "Mary Moeschlin": "Q28529809", "Dana Hlobilov\u00e1": "Q90416309", "Alena Hubi\u010dkov\u00e1": "Q79825551", "Inger Marie Hauk\u00e5s": "Q113192016", "Elsa-Britta Wik": "Q52161938", "Wil Minderman": "Q122935974", "Ingegerd M\u00f6ller": "Q4968748", "Ruth Malinowski": "Q55369948", "Ivonne Duance-van den Boog": "Q122936274", "Yvonne van den Boog": "Q122936707", "Gilda H. Hinter-Reiter": "Q112687452", "Ji\u0159ina Hrub\u00e1": "Q95145516", "Els Martelhof": "Q122935625", "Mary Evans Landis": "Q77973685", "Alice Asmar": "Q19802397", "Dorothea Zech": "Q61709262", "Rachel Ben Zvi": "Q122936056", "Marit Charlotte Olsen": "Q55474011", "Marie Va\u0148kov\u00e1-Kuchynkov\u00e1": "Q94381065", "Elisabeth Altenrichter-Dicke": "Q1329725", "Berit Ternell": "Q4982351", "Anne Deglain": "Q122935429", "Hetty Ganzeman-van Stijnvoort": "Q122935483", "R\u016f\u017eena Magniov\u00e1": "Q95154989", "Sunny van Delft": "Q122935630", "Ida Jacobs-Luitink": "Q122935396", "\u041c\u0430\u0445\u0440\u0456\u043d\u0430 \u041d\u0430\u0434\u0456\u044f \u041e\u043b\u0435\u043a\u0441\u0430\u043d\u0434\u0440\u0456\u0432\u043d\u0430": "Q12121982", "Gunilla Schildt Stuart": "Q91102758", "Tiny van Alphen": "Q124354925", "Virve Aben": "Q12378767", "Alice Sellgren": "Q75090611", "Janet Semmens": "Q122936504", "Will Vaes": "Q111334133", "Barbara Shawcroft": "Q110737896", "Edit Bot\u00e1r": "Q848541", "Halyna Kyva": "Q28701229", "Olga Men\u0161\u00edkov\u00e1": "Q95080962", "Magda Ele\u00f6d P\u00e1szthy": "Q122936205", "Prepelicza Katalin": "Q122936330", "Willemien Schrikkel": "Q122936677", "Lidiya Sizova": "Q18276238", "Maria Assumpci\u00f3 Ravent\u00f3s i Torras": "Q977309", "Margareta Treutiger": "Q24019443", "Olga Umlaufov\u00e1": "Q64850251", "Birgit Michelsson-Ullhammar": "Q28529868", "Ans de Groot": "Q122935858", "\u0413\u0443\u0448\u0443\u043b \u041e\u043b\u0456\u043c\u043f\u0456\u044f \u0406\u0432\u0430\u043d\u0456\u0432\u043d\u0430": "Q113501248", "Blanka Hanu\u0161ov\u00e1": "Q95362383", "Eva Pospisil": "Q85101275", "Erica de Ruiter": "Q122997892", "Binky Martens-Berger": "Q122935561", "Riitta-Liisa Haavisto": "Q56739646", "Dagmar Renertov\u00e1": "Q95154406", "Roji Ben Yosef": "Q55283560", "Genevi\u00e8ve Masoin": "Q106307973", "Margit Szilvitzky": "Q59576484", "Lisa Stauffer": "Q23071468", "Ritta Hager": "Q1032494", "Bj\u00f8rg Abrahamsen": "Q16161210", "Inga-Lill Westman": "Q75096308", "Kv\u011btu\u0161e Rafailov\u00e1": "Q95173688", "Zsuzsa Szenes": "Q1296156", "Maria Teresa Chojnacka": "Q87112311", "Marianne Bursie Wahlman": "Q114778109", "H.C.J.C. Westra-Beijl": "Q122935677", "Rosemarie Winteler": "Q85104275", "Ulla Tollerz": "Q48116631", "Toot Borsje": "Q122935872", "Ingrid Uhr": "Q49853387", "\u041d\u0430\u0442\u0430\u043b\u044c\u044f \u0413\u0435\u0440\u0446": "Q108170419", "Li Ki Sun Bej\u010dkov\u00e1": "Q83193844", "Maija Lavonen": "Q5396497", "Kate\u0159ina V\u00edte\u010dkov\u00e1": "Q95166870", "Elisabeth Voskuilen-Diaz": "Q122935775", "Anneke Koselka-Amir": "Q122935655", "Gizella Solti": "Q1289849", "May Hobijn-Roth": "Q122936062", "Maj Wennberg": "Q125620727", "Anne Flaten Pixley": "Q19802475", "Elrid Metzkes": "Q115505979", "Cilia Aalsma-van Winden": "Q122935645", "Rita Witteveen": "Q122935721", "\u00d5ie Raudsepp": "Q124619215", "Lies Verhoeven": "Q97399514", "Corrie Wortel": "Q122935751", "Ellen Goldman": "Q122935298", "Inger Sonberg Ramstad": "Q17106675", "Justina de Bruyn Kops": "Q122936624", "Inger Sarin": "Q24701096", "\u00c9va M\u00e9sz\u00e1ros": "Q1213120", "Inez Svensson": "Q4981514", "Gunvor Westelius": "Q75110133", "Marianne Szab\u00f3": "Q1293693", "Inger Gulbrandsen": "Q4951283", "Birgitta Hagnell-Lind\u00e9n": "Q23916467", "Inga-Mi Vann\u00e9rus Rydgran": "Q56424487", "Marijke Renes-Wumkes": "Q122935490", "Elisabet Hasselberg Olsson": "Q18747114", "Noor Prins": "Q29559435", "Jit\u0159enka Svobodov\u00e1": "Q95168999", "Emy van Geel-Entrop": "Q122935409", "Susan Weitzman": "Q79462316", "Birgitta Werner-Johansson": "Q91103685", "Armien Visser": "Q122935779", "Marie-Rose Lannoy": "Q22236079", "Margareta Grandin-Nettles": "Q24285875", "Jopie de Wijs-Hollander": "Q122935687", "Tina Hammer-Stroeve": "Q122936570", "Janina Tworek-Pierzgalska": "Q86719284", "Colette van Steyvoort": "Q106804552", "Titti Wrange": "Q111718390", "Eva Halaska": "Q16595025", "Blanka Votavov\u00e1": "Q51568049", "Ina Molleman": "Q21545556", "Bodil Blokker-Veggerby": "Q122936548", "Pieternel Eisinga": "Q122936279", "Cai Lindahl-Sonesson": "Q16946320", "Gon Witzand-van den Brink": "Q122935752", "Jos Smale": "Q122936683", "Elizabeth Akker": "Q73406780", "Ulla B\u00f6ris-Matsson": "Q22133256", "Loes van Waalwijk van Doorn": "Q122936559", "Jenneke Tas": "Q97397150", "Carola Zeekaf-van Beek": "Q122936698", "Antina Verboom": "Q122935182", "Jean Greenhowe": "Q122958181", "Shirley Craven": "Q122997905", "Eva Richter": "Q29470066", "Marisa Bandiera Cerantola": "Q108549308", "Lenie Meulenkamp": "Q122936093", "Guusje Bluyssen": "Q122936241", "Margreet Nobel-De Boer": "Q122935599", "\u00c9va Bart\u00f3k": "Q791044", "Wies Ruim": "Q122935507", "Nora de Jong": "Q110317961", "Annie Vriezen": "Q122935784", "Esther Frisch": "Q119533533", "Miroslava Bradov\u00e1": "Q110210581", "Kari Skavlan": "Q108790209", "Annette Juel": "Q62079613", "Mary Cuthbert Bush Digges": "Q66750853", "Nad\u011b\u017eda \u0160ev\u010d\u00edkov\u00e1": "Q95402784", "\u0414\u0435\u0440\u0446\u0435\u043d\u0456 \u0406\u0431\u043e\u043b\u044f \u0421\u0442\u0435\u043f\u0430\u043d\u0456\u0432\u043d\u0430": "Q108056016", "Gunilla Skyttla": "Q105627722", "Helga von Zeppelin": "Q85104625", "Brammetje Cox": "Q122936273", "Annette Holdensen": "Q62079610", "Buolma Juraeva": "Q109486171", "Mies van Syll": "Q122935198", "Joke Frommel-Haverkorn van Rijsewijk": "Q95202259", "Anna Sophie Rodin": "Q72076274", "Ruta Bogustova": "Q12671963", "Liselotte Siegfried": "Q85102827", "Bo\u017eena P\u00fdchov\u00e1": "Q28547733", "Anna Verweij": "Q20901590", "\u0411\u0443\u0440\u044f\u043a \u041c\u0430\u0440\u0456\u044f \u041f\u0430\u043d\u0442\u0435\u043b\u0435\u0439\u043c\u043e\u043d\u0456\u0432\u043d\u0430": "Q119751815", "Lon Blom": "Q122935281", "Gunborg Stenmark": "Q124330340", "Helma Smit": "Q122935844", "Ursula Klapper": "Q125849291", "Monia Westin": "Q4990388", "Josephine Ifueko Omigie": "Q115861433", "Regina Evers": "Q124396007", "Cindy Hickok": "Q64159582", "Betty Cuykx": "Q122936179", "Jean Stamsta": "Q122936302", "Libu\u0161e Kaplanov\u00e1": "Q95076060", "Renata Madarov\u00e1": "Q95396878", "Turid Holter": "Q12007898", "Maria Adlercreutz": "Q4933894", "Birgitta Fahlbeck": "Q26835767", "Ulla Grytt": "Q19976752", "Charlotte Hartmann Lagerwall": "Q27042177", "R\u00f3zsa Polg\u00e1r": "Q1238287", "Anita Graffman": "Q4950602", "Bj\u00f8rg Tveten Stjernstad": "Q25426865", "Marie Jarkovsk\u00e1": "Q112361387", "Mo\u00efsette Boucher": "Q115649862", "Virginia R. Harris": "Q108755838", "Marjolein Rooy-Vlas": "Q122935722", "Loes Tulkens-Winters": "Q122935969", "Raza Zaidi": "Q122936029", "Serafine de Maar": "Q122936126", "Elly van Es": "Q122936229", "Miriam Salamon": "Q122936284", "Elsa Eikaas": "Q12714482", "Yaroslava Hrytsyshyn": "Q113522710", "Iryna Herman": "Q30957321", "Eva Brodsk\u00e1": "Q69270159", "Mariola van Haagen": "Q82571590", "Nini Anker Dessen": "Q74235391", "Marianne van der Horst": "Q106644383", "Tsaghkanoush Galemteryan": "Q33082298", "Annemarie van der Knaap": "Q122936161", "Margareta L\u00f6\u00f6f Eriksson": "Q24303849", "Britt-Marie Christoffersson": "Q4942887", "B\u011bla Kol\u010d\u00e1kov\u00e1": "Q51175673", "Al\u017ebeta \u0160tollmannov\u00e1": "Q51562588", "Inge Alifrangis": "Q62080263", "Lucie Roseov\u00e1": "Q112545436", "Anne Marie Komissar": "Q64227863", "Rigmor Gr\u00f6njord": "Q19976757", "Joyce Winsley": "Q66855829", "Justina Oviedo Rangel": "Q70876556", "M\u00e1ria Trand\u017e\u00edkov\u00e1": "Q112422754", "Ulla Andersson": "Q113557184", "Anna-Johanna \u00c5ngstr\u00f6m": "Q124026367", "Joke van der Heyden": "Q29436094", "Jeltje Ratsma": "Q96944865", "Amy Zandbergen": "Q97398604", "Else Bongers": "Q122935275", "Marijcke de Jong-van Steen": "Q122935770", "Ria van Eyk": "Q2307656", "Rajisa Horbatsj": "Q109482906", "Rietje Honhof": "Q110317651", "Birgitta Ridby": "Q28840697", "Gerda Bruntink": "Q122936581", "Jeannette Blokhuis": "Q122935279", "Pavl\u00edna Kuschmitzov\u00e1": "Q116142120", "Mara Zoest": "Q122935922", "Emilie Frydeck\u00e1": "Q95170180", "\u0420\u0430\u0438\u0441\u0430 \u041a\u0438\u0440\u0438\u043b\u043b\u043e\u0432\u043d\u0430 \u041c\u043e\u0440\u043e\u0437\u043e\u0432\u0430": "Q29865312", "Jeltje de Jong": "Q122936739", "Brigitte Proeme": "Q122936138", "Woosje Wasser": "Q122936693", "Anna Urbanowicz-Krowacka": "Q106307655", "Madeleine Edberg": "Q26735338", "Sheila Snickars": "Q49104202", "Ildik\u00f3 Pipa": "Q25710666", "Paraskovia Volkovinska": "Q12090378", "Elsa Ag\u00e9lii": "Q4934272", "Jeannine Coppens": "Q106211775", "Moik Schiele": "Q22338450", "Hetty Coster": "Q124396003", "Sas Colby": "Q19802732", "Bo\u017eena August\u00ednov\u00e1": "Q51555078", "Antoinette de Boer": "Q73348246", "Paule Pallard Vide": "Q122935109", "Elsbeth Rabus": "Q122935550", "Bertie J\u00e4gers": "Q122935771", "Els Brons-Alberti": "Q122935787", "Marce Truyens": "Q122935794", "Lydi Ubbels": "Q122936175", "Aino Ternstedt Oni-Okpaku": "Q104029100", "Silja Karlsson": "Q27750734", "Greet Boekholt": "Q122935205", "Kristiina Ihamuotila": "Q16299273", "B\u011bla Such\u00e1": "Q95457318", "Judit Sz\u00e9les": "Q1302570", "Erzs\u00e9bet T\u00f6r\u00f6k": "Q12347224", "Helga Borisch": "Q124536039", "Berthy M\u00fcller": "Q122935603", "Jane Balsgaard": "Q62080574", "Stanny Verster": "Q48807045", "Marietta Dodero": "Q122935439", "Edite Pauls-Vignere": "Q16355730", "Berthe Rulkens": "Q122935515", "Rita Kok": "Q110318882", "Margita Dahlstr\u00f6m": "Q18238268", "Verena Voiret": "Q2515335", "Monica Andersson": "Q20907341", "Ria Fortuijn": "Q122935484", "Mariia Zarembska": "Q85992285", "Angampa Martin": "Q66793705", "Te Muri Turner": "Q73205730", "Birgitta Faxe": "Q74962040", "Drora Calderon Reinhrz": "Q55285529", "Vernal Bogren Swift": "Q108755829", "Paula van Gent": "Q122935285", "Xandra Lanting": "Q122936647", "Bea Rittun": "Q56446585", "Renske Nijland": "Q122935592", "Kapka Tou\u0161kov\u00e1": "Q95379871", "Veronica Nygren": "Q4970554", "Kirsten Hennix": "Q27131222", "Emmie Biermans": "Q122935239", "Annemarie Fischer": "Q29557463", "Alexandra Stapff": "Q122935651", "Edda Seidl-Reiter": "Q1282641", "Martje Hofkamp": "Q113289401", "Gerry Beuling": "Q111334032", "Ankie van Dael": "Q122936712", "L\u00fddia Jergu\u0161ov\u00e1-Vydaren\u00e1": "Q12770663", "Marjanne Doeksen": "Q122935924", "Margot Rolf": "Q21550523", "Koosje van Keulen": "Q27068008", "Olga Bohd\u00e1lkov\u00e1": "Q100452745", "Inga Vatter-Jensen": "Q85103777", "Simone Plaat": "Q122936565", "Fran\u00e7oise Galle": "Q3086485", "Sidsel Bergl\u00f8ff": "Q55432590", "Ildik\u00f3 Csete": "Q110351415", "Gro Bergslien Sommerfelt": "Q76922709", "Ulla Colliander": "Q122983809", "Eva Ek-Schaeffer": "Q16946242", "Kerstin Gustafsson": "Q113577779", "Chiyoko Tanaka": "Q117121396", "Heide Bouman-Behnsen": "Q122935225", "Hannah de Vries": "Q122935782", "Inez Z\u00fcst": "Q122936055", "Heidrun Schimmel": "Q122936300", "Neda Bevk": "Q124684047", "Elisabeth Baillon": "Q122935982", "Heidrun Kringen": "Q17100255", "Fiep Zwaan": "Q122935694", "Ina Wietses": "Q122935930", "Jetteke Overweel": "Q21542923", "Sissel Calmeyer": "Q16184040", "Elly Lamers": "Q122935367", "Betty Scheer": "Q13439138", "Renata Filipov\u00e1": "Q123506979", "Slav\u011bna Jandov\u00e1": "Q64848421", "Marianne Grootenboer": "Q97399505", "Els van der Maas-Teeuwsen": "Q122935894", "Hanneke Klein Wassink": "Q122935386", "Klotilda Pitrov\u00e1-Pulmannov\u00e1": "Q95444047", "Agneta Flock": "Q26835808", "\u0413\u0430\u0432\u0440\u0443\u0448 \u041e\u0434\u0430\u043d\u0456\u044f \u041c\u0438\u0445\u0430\u0439\u043b\u0456\u0432\u043d\u0430": "Q122229462", "Suzanne Nan": "Q122935606", "Suzanne Kittel-Hab\u00f6ck": "Q97396575", "Aino \u00d6stergren": "Q100353692", "Yvonne Struys": "Q96943662", "Marijke Don": "Q97396157", "Manuela Cecilia Lino Bello": "Q101094222", "Pilar Sala Vallejo": "Q108072820", "Alice Gant": "Q108478809", "V\u011bra Mi\u010dkov\u00e1": "Q112414557", "Toos van Raaij": "Q124355077", "Ruth Etter": "Q124396006", "Gerthy Vermeulen-Fleskens": "Q124396015", "Marja Andersson": "Q4935895", "Ann Newdigate Mills": "Q19802450", "Ulla Magnusson": "Q23916683", "Mich\u00e8le Moreau": "Q122936182", "Nelleke Zuring": "Q122936307", "Elfriede Steinegger-Caderas": "Q122936314", "Sidsel Colbi\u00f8rnsen": "Q74693246", "Corry van de Vleuten-van der Werff": "Q122935966", "Marijke Booy": "Q122935211", "Jehanne van Woerkom": "Q122935753", "Vera G\u00e1l": "Q122936333", "Gonne Boddeke-Evers": "Q96986854", "Magda Zim\u00e1n Vit\u00e1lyos": "Q12352161", "Helene Schapenk": "Q122935529", "Madeleine Bosscher": "Q29436152", "Zdenka Ku\u017eelov\u00e1": "Q105747383", "Dorrith Asselbergs": "Q122935659", "Bebbi van Caldenborgh": "Q122935241", "Marie-Anne Otten-Schuffelen": "Q122935733", "Bodil B\u00f8dtker-N\u00e6ss": "Q29521060", "Catharina Arnolda Raaij": "Q122935868", "Aina \u00dcksine": "Q124340782", "Helen Knopp-Rupertsberger": "Q21844784", "Ati Lichtveld": "Q122935130", "Zsuzsa Thur\u00f3czy": "Q71645339", "Marijke Raaijmakers": "Q122936675", "Anne Sander": "Q124032565", "Tiny Wiersma": "Q122935675", "Gunilla Ellis": "Q69406688", "Marianne Magnus": "Q72075940", "Betsy Blumenthal": "Q94536227", "Sigrid Sigurdsson": "Q1646627", "Madeleine Dranger": "Q4945203", "Gerda Teljeur": "Q96943895", "Liberta Ferket": "Q122935455", "Willy Reppel": "Q122935541", "Jantsje Oost": "Q122936198", "Liesbeth Durivou-Huser": "Q122935920", "Caro Pieck-Buurman": "Q122935517", "Ank Overweel": "Q21543314", "Maria Carlier": "Q28933856", "Rosvita Mikulov\u00e1": "Q95162284", "Annika Molhoek": "Q122935542", "Marijke Traast-Bos": "Q110317613", "Ulla Arvidsson": "Q23918203", "Adriana van Brunschot-van Poppel": "Q122935259", "Stans Thijs-van Bavel": "Q122936736", "Maria Alma van Elk": "Q65178431", "Krisztina K\u00f3kay": "Q14947846", "Marijke de Ley": "Q106644389", "Hilde Bakkes-Schoemaker": "Q122936702", "Marie Anne Steenhuizen": "Q65178578", "Nynke van Amersfoort": "Q122935654", "Verena Sieber-Fuchs": "Q21551195", "Annette Fahlsten": "Q4947452", "Michaela Ter\u010dov\u00e1": "Q95230979", "Marica Albreht": "Q105954712", "Dani\u00eblle Orelio": "Q84868059", "Blanka R\u016f\u017ei\u010dkov\u00e1": "Q95152116", "Enik\u0151 Sim\u00f3": "Q12347077", "Urszula von Sychowski": "Q110867568", "Ingeborg Epping": "Q122935897", "Lidia Kostecka-Taubman": "Q122935331", "Anna-Katarina Hermansson": "Q23918114", "Renate Kastner": "Q29585227", "Bo\u017eena Pa\u0159\u00edzkov\u00e1": "Q112413107", "Blanka K\u0159i\u017ekov\u00e1": "Q112548814", "Bodil Nordeke": "Q113591585", "Fran\u00e7oise Paressant": "Q114353828", "Marianne Haselhoff": "Q106314270", "Greetje Majoor-Rijerse": "Q122935842", "Reinie Lap-Middelveld": "Q122936137", "Marian Smit": "Q122936748", "Hetty Oom-Mutsaerts": "Q122935585", "Bodil Svaboe": "Q63348144", "Ger Slik-Schneider": "Q106364314", "\u0410\u0439\u0432\u0430\u0437\u043e\u0432\u0441\u044c\u043a\u0430 \u0420\u0430\u0457\u0441\u0430 \u041e\u043b\u0435\u043a\u0441\u0456\u0457\u0432\u043d\u0430": "Q115038546", "Maria Blaisse": "Q16069772", "Mans Lenards": "Q97396730", "Vibeke Gregers": "Q108563483", "Fenneke Wagenvoort": "Q122935749", "Cheryl Samuel": "Q113204625", "Leokadiia Zahalska": "Q20067116", "Beatrijs van den Thillart": "Q122936151", "Ivonne Harren-Govers": "Q122935639", "Eevahenna Aalto": "Q97292770", "Christina Rinaldo": "Q104819258", "Franka Lechner": "Q122733707", "Machteld Wigersma": "Q122935985", "Sarah M\u00e5rskog": "Q4968678", "Kerstin Ratia": "Q100325714", "Norma Starszakowna": "Q101774445", "Dana Ployer": "Q112419266", "Maomi Kobayashi": "Q19802865", "Christine Steel": "Q22237348", "Tina Carell": "Q75093826", "Florence Adeyemi": "Q116180186", "Irene Sminia": "Q122935164", "Marga Steendijk": "Q122935169", "Elsje Bondrager": "Q122936031", "Hetty Van Boekhout": "Q122936689", "Pien Storm van Leeuwen": "Q14099495", "Ludmila Kr\u00f6hnov\u00e1": "Q95440316", "Olga Zimmelova": "Q16320540", "Kerstin Boulogner": "Q100308720", "Lena Olsson": "Q75088670", "Suzanne Sirok\u00e0": "Q125857525", "Aggie Driessen": "Q122935464", "Kaza Poorter": "Q122935552", "Liesbeth van den Akker": "Q106685647", "Cootje Kenemans-Hummelen": "Q122935391", "Laura Lemmens": "Q21543816", "Lisa Rehsteiner": "Q85101549", "Eva Schamhardt": "Q106644175", "Tjitske Westra": "Q122936150", "Marije Ruben": "Q122935885", "Ir\u00e9n M\u00e1lik": "Q97194362", "Bianca Kleinenberg-Nap": "Q122935387", "Nanda Laas": "Q122935320", "Eija Rasinm\u00e4ki": "Q117477116", "Karla Pal\u00e1tov\u00e1": "Q95228121", "Ted Stigter-Meijer": "Q122936687", "Maria Hillfon": "Q4954033", "Silvia Fedorov\u00e1": "Q51567329", "Hannah Jongenelen": "Q122935378", "Miep Spee": "Q122935197", "Jarmila Koubov\u00e1": "Q95168220", "Eva Kyselicov\u00e1": "Q104131730", "Saimi Kling": "Q75089044", "Wies Noest": "Q96946411", "Nantsje Vonk-Rienstra": "Q122935712", "Katar\u00edna Bla\u017eov\u00e1-Tekelov\u00e1": "Q51553196", "Olu\u0161a V\u00edtkov\u00e1": "Q112367558", "Patti Lechman": "Q113467552", "Jeanne Schaap": "Q124355100", "Annika Liljedahl": "Q28025580", "Maryan Roebers": "Q122935134", "Magdeleine Avignon": "Q122935958", "Yvonne Verzijlbergh": "Q122935781", "Sytske Stratenus-Duba": "Q109981418", "Wiets Braken-Bouma": "Q97396018", "Ans Hulshof-Sekhuis": "Q122935117", "Elleke Phoelich-Zwaan": "Q21544579", "Maryan Klomp": "Q122935871", "Alena Novotn\u00e1": "Q110408234", "Marijke Karsten": "Q122935898", "Jaroslava T\u011b\u0161\u00ednsk\u00e1": "Q112375053", "Marie Luisa Hlobilov\u00e1": "Q95167493", "Marie \u0160t\u011bp\u00e1nkov\u00e1": "Q95112939", "Anne Rijnders": "Q122935537", "Ineke Broeke-Ramier": "Q122935744", "Lut Lenoir": "Q21638003", "Kaarina Heikinheimo": "Q26155936", "Tilleke Schwarz": "Q122936678", "Myrthe Langereis": "Q122935371", "Monica Nilsson": "Q97463032", "Gunilla Andersson": "Q99196776", "Irma Talabi Francis": "Q100250077", "Rose Tahuparae": "Q104708977", "Sylvia Seventy": "Q108744390", "Jay Wilson": "Q110155501", "Zuzana K\u0159\u00ed\u017eov\u00e1": "Q112481260", "Sarah Pelikan": "Q2224451", "Dineke de Boer": "Q122935267", "Etuschka B.": "Q122935665", "Maryan Wilmink": "Q122935726", "Annelie Weinstein": "Q122936002", "Deborah Warner": "Q122936139", "Carolien ter Burg": "Q122935242", "Magda Prins": "Q86739464", "Hermine Lewiszong": "Q122935568", "Radoslava Vod\u00e1kov\u00e1": "Q112391744", "Anne van der Velden": "Q122935187", "Brita Been": "Q11962308", "Henny Willems": "Q122935685", "Meggie Dirks": "Q122935441", "Grietje Koopmans": "Q122935341", "Chiqui Mattson": "Q56088219", "Ella Koopman": "Q2371602", "Jenny Frean": "Q104815206", "H\u00e9l\u00e8ne Wasser": "Q97397229", "Maryan Geluk": "Q106694293", "Kicken Ericson": "Q74793953", "Zsuzsa P\u00e9reli": "Q1243087", "Mariia Varen\u00fdtsia": "Q105946043", "Jasenka Tucan-Vaillant": "Q121008065", "Britt-Marie Oskarsson": "Q23917565", "Hillie Venema": "Q122935190", "Elly Dunnewold": "Q110317872", "Karna Olsson": "Q125897724", "Maria de Lange": "Q122935369", "Anne-Miek Bibbe": "Q122935232", "Anita Grede": "Q16594940", "Maria \u00c5str\u00f6m": "Q96214604", "Carol Shaw-Sutton": "Q106629601", "Regina Herrmann": "Q112530161", "Jos Tijnagel": "Q124355133", "Ilona Lovas": "Q1159421", "Ragnhild Enge": "Q11996948", "Ehalill Halliste": "Q25520031", "Katar\u00edna Zavarsk\u00e1": "Q51553364", "Dona Look": "Q108755845", "Maria van der Louw": "Q122935579", "Adinka Tellegen": "Q122936257", "Nienke van Kampen": "Q122935383", "Marian Klunne": "Q122935389", "Hilda Boer": "Q122936264", "Carley Fonville": "Q97396249", "Annam\u00e1ria M\u00f3r\u00e9-S\u00e1ghi": "Q12720758", "Els Bannenberg": "Q13576476", "Catharine Memerda": "Q122935504", "Aranka Zsigmond": "Q12345254", "Kari Elfstedt": "Q11980166", "Addie van der Scheer": "Q122935527", "Blanka \u0160perkov\u00e1": "Q95375742", "Cockie de Gijzel": "Q122935139", "Marie Vechov\u00e1": "Q112398280", "Joke Rommerts": "Q122935494", "Dana Horonyova": "Q122935349", "Jitka Jakubcov\u00e1": "Q95170255", "Sara Stonor": "Q107037998", "Lena Irvall": "Q23917387", "Milada Corvinov\u00e1": "Q95246736", "Eva Logell": "Q78830650", "Riitta Nelimarkka": "Q16989341", "Femmy Cl\u00e9ment": "Q122935282", "Nina Hart": "Q107457011", "Claudia Helene Jemmott": "Q64026196", "Cynthia Nixon": "Q109674406", "Rina van Nuland": "Q109732710", "Therese Squires": "Q124355125", "Lena Hedberg": "Q23917906", "Yoko Shimura": "Q60452228", "Danu\u0161e No\u017ei\u010dkov\u00e1": "Q95083462", "Doroth\u00e9 Swinkels": "Q122935145", "Angela van der Burght": "Q122935243", "Monique Nijsten": "Q122935598", "Jelly Duursma": "Q122936278", "Elisabeth Schaefer": "Q122936301", "Frieda Med\u00edn Ojeda": "Q122936491", "Greet Leuven": "Q122936555", "Betsy Liepertz": "Q122936650", "Gjertrud Hals": "Q126326928", "Kristiina Wiherheimo": "Q16991405", "Nina Honcharuk": "Q55609693", "Anna Kubinyi": "Q1121586", "Lam de Wolf": "Q15877673", "Ina Barfuss": "Q1311684", "Valentina Golubeva": "Q4142330", "Martine Gyselbrecht": "Q97908159", "Henny Weima": "Q122935718", "Wilma Kuil": "Q96943776", "Federica G\u00e4rtner": "Q85096592", "Sole Lefstad Auensen": "Q104175699", "Carmen Milhous-Arendt": "Q122935132", "Karin Schreppers": "Q122936741", "Kristiina Nyrhinen": "Q24303875", "Eva Nyhus": "Q19372792", "Leonne Hendriksen": "Q97396395", "Milada Linhartov\u00e1": "Q95151992", "Inez Fritschy": "Q59697841", "Vladim\u00edra Fridrichov\u00e1 Kune\u0161ov\u00e1": "Q36552075", "Ria van Krieken": "Q122936746", "Mirjam Boom": "Q122935270", "Petra Margry": "Q122936075", "Alena Poli\u010dansk\u00e1": "Q95076927", "Angela Lind Bergstr\u00f6m": "Q22133272", "Eva Stephenson-M\u00f6ller": "Q107002641", "Karla Sachse": "Q1733743", "Eva Norberg": "Q4969919", "Ris\u00eb Nagin": "Q108744365", "Diana Mazliah-Roffel": "Q122935629", "Barbara Okamoto": "Q122936320", "Yvonne van der Wiel-Rompa": "Q122936461", "Marta Rogoyska": "Q122936575", "Ingrid Six": "Q122936627", "Anneke van Steijn": "Q122936686", "Nancy Talbot": "Q122935755", "Barbara Geyer": "Q122935296", "Mariia Hotsuliak": "Q12121698", "Maija Arela": "Q61102996", "Marjolein Katsma": "Q106685676", "Petra Dannenburg": "Q122936261", "Zs\u00f3fia Csibi Orb\u00e1n": "Q12357085", "Silja Lamp": "Q29420272", "Romana T\u016fmov\u00e1": "Q112540022", "Ingrid Breuers": "Q110308517", "Arty Grimm": "Q43131014", "Jos\u00e9 Ras": "Q122936576", "Betty Venus Blue": "Q99631891", "Janine McAullay Bott": "Q98834196", "Velta Raudzepa": "Q112501157", "Irma Frijlink": "Q106685535", "Joke Vellekoop": "Q122935192", "Anneke van Santen": "Q122935532", "Ivana Dolinov\u00e1": "Q95146637", "Wine Fransen": "Q41316133", "Iva Nesvadbov\u00e1": "Q95109287", "Anne-Brit Krag": "Q17100228", "\u00c9va Szalontai": "Q105042713", "Anita de Kerf-Jansen": "Q122935124", "Edita Volo\u0161\u010dukov\u00e1": "Q104130439", "Teresa Lanceta": "Q56000162", "Mona Falk": "Q23917316", "Anne Christensen": "Q72071141", "Iva Vodr\u00e1\u017ekov\u00e1": "Q95238058", "N\u0117li Aljaksee\u016dna Valynec": "Q115534210", "Marie Therese Koreman": "Q122935344", "Ilse Mater": "Q122936732", "Jana Hauptmannov\u00e1": "Q95157262", "Tove Odnes Jensen": "Q18714183", "Agneta B. Lind": "Q4962268", "Elisabeth Koetsier": "Q96944147", "Kari Dyrdal": "Q107576287", "Alena Koblicov\u00e1": "Q112363317", "Lucie Tu\u010dn\u00e1": "Q112372796", "Ginie van der Heide": "Q21545193", "Nicole van der Heijden": "Q96946140", "Ilona Zielinski": "Q122935322", "Alraune": "Q122936219", "Terry van Setten": "Q122936679", "Ta\u0165\u00e1na B\u00e1bkov\u00e1": "Q95155013", "Bernadette Mayr": "Q822158", "Solfrid Mortensen": "Q66305040", "Ingrid Birgitta Becker": "Q72069440", "Gertrud Buder": "Q1287472", "Ene Pars": "Q12362111", "Kathy Hoyer": "Q122936734", "Henriette Wiessing": "Q122935676", "Helma Hoff": "Q122935764", "Katalin Bandi": "Q12350579", "Ursula Pahnke-Felder": "Q122935859", "Agneta Svensk": "Q18246261", "Erzs\u00e9bet Katona Szab\u00f3": "Q12347216", "Patricia Greene": "Q23900537", "Manuela Rasjido": "Q116854262", "Lydie \u0160loufov\u00e1": "Q95156386", "Anne Aanerud": "Q11958229", "Claudie Berb\u00e9e": "Q97645851", "Ellis de Cock-Baldinger": "Q110317432", "Izabella Kruci\u0144ska": "Q118683908", "Reiko Sudo": "Q3932215", "Zdena \u0160afkov\u00e1-\u0158eh\u00e1kov\u00e1": "Q95078678", "Katalin Abah\u00e1zi": "Q479192", "M\u00e1ria Danielov\u00e1": "Q51560411", "Elisa Halveg\u00e5rd": "Q113669503", "Jarmila Vondr\u00e1kov\u00e1": "Q95155104", "Judit Gink": "Q56867243", "Vebj\u00f8rg Hagene Thoe": "Q64209284", "Kata V\u00e1s\u00e1rhelyi": "Q1462282", "Nel van Ratingen": "Q122936577", "Evelyn Gyrcizka": "Q47505832", "Ir\u00e9ne Agbaje": "Q81571037", "Joke Robaard": "Q97397061", "Teresa \u0141ubi\u0144ska-Kalinowska": "Q111836826", "Linda Okello-Ruyzenaars": "Q122935113", "Shelia O'Hara": "Q113467573", "Gunnel Sahlin": "Q4976484", "Jana Rozto\u010dilov\u00e1": "Q112452293", "\u053b\u0580\u056b\u0576\u0561 \u0542\u0561\u0566\u0561\u0580\u0575\u0561\u0576\u0581": "Q121757342", "\u00c5se Ljones": "Q72075042", "Eva Jand\u00edkov\u00e1": "Q95108621", "Anne van Mierlo": "Q122935172", "H\u00e9l\u00e8ne Kuhn-Ferruzzi": "Q122936005", "Margreet Scholten": "Q122936050", "Stephanie Tyiska": "Q122936479", "Jocelyne Toupet-Poutier": "Q122936183", "Daniela Flej\u0161arov\u00e1": "Q84409968", "Randi Nygaard Lium": "Q84563117", "Hana H\u00fd\u017eov\u00e1": "Q95092535", "Heli Tuori-Luutonen": "Q69997235", "Nyiredy Judit": "Q47506431", "Carina Moberg-Eyre": "Q23916695", "Fia Pinkers": "Q122936202", "Rem\u00edgia Litwinowitz-Biskupsk\u00e1": "Q104130302", "Heidi Wallheimer": "Q97397224", "Liset van der Scheer": "Q122935815", "Bo\u017eena Sp\u00e1\u010dilov\u00e1": "Q95392907", "Ria van Els-Dubelaar": "Q110317895", "Ellinor Hedemann": "Q18744499", "Amy Lightfoot": "Q17101583", "Marianne Tj\u00f8nn": "Q72078753", "Heike Ponwitz": "Q112504936", "Gisela Kleinlein": "Q1527390", "Dani\u00eblle Keunen": "Q106644159", "Martine Salzmann": "Q122936184", "Aurelia Llois": "Q122936235", "Catherine Urban": "Q122936476", "Alena L. \u010cechov\u00e1": "Q95465618", "Anna Bor\u0161ovsk\u00e1-Nemcov\u00e1": "Q122508102", "Karin Aurora Lindell": "Q72074782", "Britt Kjellesvik Rage": "Q19420925", "Gunilla Lagerhem Ullberg": "Q99518967", "Gonny Groenen": "Q122936730", "Marije de Koning": "Q122935934", "Eli\u0161ka \u010cabalov\u00e1": "Q95152062", "Pauline Prior": "Q97399487", "Kazuyo Nomura": "Q108067007", "Kiki Prytz Wilhelmsen": "Q19377107", "Karola Pezarro": "Q2099193", "Gerlinde Creutzburg": "Q94282935", "Barbara Broekman": "Q2214665", "Hana M\u00fcnsterov\u00e1": "Q95381949", "Helle Abildgaard Salting": "Q106528026", "Nina Nisonen": "Q69984428", "Anne Kvam": "Q72074190", "Naseem Akhtar": "Q94770761", "Ria Bosman": "Q97774077", "Jitka Han\u00e1kov\u00e1": "Q112497846", "Fanny Aronsen": "Q124354927", "Carla Guagliardi": "Q1041529", "Anna Mi\u0161ov\u00e1": "Q100825569", "Tove Vils": "Q106308005", "Teresa Barkley": "Q108751795", "Margaret Hluch": "Q108755865", "Judith Meulenberg": "Q122935116", "Claire Rennotte": "Q122936359", "Maria Terhalle": "Q122936440", "Gaby Batlogg": "Q115643567", "Inka Kivalo": "Q23916603", "Ludmila Kolkov\u00e1": "Q95085094", "Kirsten Wagle": "Q62604234", "Anna Hausov\u00e1": "Q51565530", "Jacky van Dessel": "Q122936728", "Claudia Merx": "Q23059547", "Virpi Vesanen-Laukkanen": "Q69997603", "Astrid L\u00f8vaas": "Q62600356", "Gretchen Romey-Tanzer": "Q114164564", "Katri Haahti": "Q11870396", "Hannie Kortland": "Q122935329", "Jana Skalick\u00e1": "Q19800676", "Maria Roosen": "Q2293097", "Guda Koster": "Q122936546", "M.T. Vinke": "Q122935748", "Ewa Nemoudry": "Q95167451", "Rini Ronckers": "Q122935962", "Heeni Kerekere": "Q104708561", "Sarah King": "Q104815217", "Hanneke Edelman": "Q96947981", "Lous Luijer": "Q122935111", "Brigit van der Werff": "Q122935706", "Ulla Hellman": "Q124566649", "Mia Tingvall": "Q23917233", "Francesca Staniforth": "Q105837944", "Olga Uribe": "Q112509305", "Ludie Bakker": "Q122935670", "Vlasta Rydlov\u00e1": "Q95094792", "Milena Her\u00e1kov\u00e1": "Q95092727", "Helen Dahlman": "Q4944038", "Helena Kaikkonen": "Q16299551", "\u00c5se \u00d6jbro": "Q97496477", "Vera Vermeersch": "Q107076687", "Danica Tykov\u00e1": "Q112415363", "Marrit Wijma": "Q122997896", "Rosemarijne van Dam": "Q122936259", "Piet Stuut": "Q122936664", "Nina Zetterquist": "Q23916473", "\u041c\u0438\u043d\u0442\u0443\u0441 \u041b\u044e\u0434\u043c\u0438\u043b\u0430 \u041c\u0438\u043a\u043e\u043b\u0430\u0457\u0432\u043d\u0430": "Q47489261", "Darina Kopkov\u00e1": "Q62501630", "Hana Babyr\u00e1dova\u00e1": "Q55129019", "Ine Bolk": "Q122935268", "Marcela \u010capkovi\u010dov\u00e1-Koc\u00e1kov\u00e1": "Q95112028", "Merja Keskinen": "Q69981109", "Annyta Goossens": "Q122936059", "Joke Schole": "Q106685620", "Niran Baibulat": "Q16297958", "Femke van Heerikhuizen": "Q111355075", "Greta Sartorisov\u00e1": "Q112392901", "Ludmila Bart\u016f\u0161kov\u00e1": "Q112418873", "Trine Mauritz": "Q107635711", "Karin Nebel": "Q122935848", "Marleen van Zwienen": "Q122936462", "Cristina G\u00f3mez": "Q122936486", "Sigrid Hackenberg": "Q2285258", "Carla Beurden": "Q122936552", "Connie Dekker": "Q97396123", "Helena Kastlov\u00e1": "Q125579935", "Dagmar Bravencov\u00e1": "Q95375711", "Vibeke Lindhardt": "Q12343892", "Marie Boro\u0161ov\u00e1": "Q95155001", "Jolanda van der Grint": "Q110318548", "Alice Estef\u00e1nyi": "Q112400548", "Silja Puranen": "Q113324667", "Lucie Beppler": "Q18683975", "Caro Rambonnet": "Q96948304", "Kate Blee": "Q103929391", "Emese Cs\u00f3k\u00e1s": "Q876217", "Liesbeth Peeters": "Q97396988", "Marijke Griffioen": "Q122935730", "Kim Avella": "Q104815235", "Gidsken Braadlie": "Q11971959", "Joy Petyarre": "Q66854782", "Olivia Ettema": "Q48807508", "Ollie Zwitserlood": "Q122935107", "Outi Martikainen": "Q17382469", "Helene Dashorst": "Q122936009", "Elena Veres": "Q111155316", "Maria Jankovics": "Q96964971", "Mieke Gerritzen": "Q13856456", "Lizzy Mayrl": "Q1728224", "Anke Sch\u00e4fer": "Q556859", "\u0413\u0430\u0441\u0438\u043b\u0456\u043d\u0430 \u041e\u043a\u0441\u0430\u043d\u0430 \u041f\u0430\u0432\u043b\u0456\u0432\u043d\u0430": "Q122411113", "Anne Ferrer": "Q122936102", "Berdien Nieuwenhuizen": "Q64821443", "Melinda Schwakhofer": "Q86742724", "Barbara Simon\u010di\u010d": "Q90802843", "Tilly June Titihuia Matthews": "Q104708827", "\u0160\u00e1rka Hr\u016fzov\u00e1": "Q112372709", "Crispina Navarro G\u00f3mez": "Q117731928", "Yuma Taru": "Q59858230", "Mechteld van Remmen": "Q122935489", "Kristin S\u00e6terdal": "Q14623484", "Helena Vaari": "Q105824918", "Sabine K\u00f6nig": "Q122936747", "Milena Ficnerov\u00e1": "Q95142939", "Aune Taamal": "Q12360018", "Olena Petrova": "Q47489267", "Margot Berkman": "Q42898027", "Leonora Jakovljevi\u010d": "Q65769530", "Christien Jaspars": "Q97397438", "Hildegunn Anda": "Q109533772", "Jill Clay": "Q120030276", "Iris van 't Bosch": "Q122935206", "Willemijn van Brussel": "Q122935919", "Berenika Ov\u010d\u00e1\u010dkov\u00e1": "Q95367363", "Alena Isabella Grimmichov\u00e1": "Q95440478", "Dana Holmanov\u00e1": "Q95171003", "Barbara Meisner": "Q807556", "Chelo Matesanz": "Q111306908", "Seija Ranttila": "Q31088105", "Margit Seland": "Q99490933", "Anne Marie van der Wilt": "Q122936361", "Heather Nevay": "Q21466925", "Hana Tefal Jur\u00e1nkov\u00e1": "Q111291495", "Treahna Hamm": "Q42313391", "Mari\u00ebtte Wolbert": "Q122936564", "Maiju Ahlgr\u00e9n": "Q69988148", "Klaartje Martens": "Q122935997", "Blanka Markov\u00e1 Cepkov\u00e1": "Q112406245", "Anne Nissen": "Q565664", "\u0160\u00e1rka \u0160i\u0161kov\u00e1": "Q95440813", "Annemarie Bleeker": "Q96986834", "Adrienne Spratt": "Q104602477", "\u041a\u0440\u0438\u0432\u043e\u0431\u043e\u043a \u0413\u0430\u043d\u043d\u0430 \u0412\u0456\u043a\u0442\u043e\u0440\u0456\u0432\u043d\u0430": "Q119818969", "Aet Ollisaar": "Q16405901", "Natasja de S\u00e9nerpont Domis": "Q122935769", "Lenka Mal\u00e1tov\u00e1": "Q112389806", "Daniela Badinov\u00e1": "Q112398450", "Susie Taylor": "Q123746441", "Ania Czepulkowska": "Q123954254", "Sidsel Palmstr\u00f8m": "Q126366748", "Anna Lehmann-Brauns": "Q561597", "Dorothee Berkenheger": "Q122935099", "Annemiek van Gruijthuijsen": "Q122935993", "Lizzi Damgaard": "Q116785284", "Antonietta Peeters": "Q24073742", "Margrethe Loe Elde": "Q107590280", "Erja Hirvi": "Q16299020", "Wiebke Bartsch": "Q54304504", "Sabyn den Braber": "Q122936014", "Pavla Hampton": "Q112371416", "Astrid Krogh": "Q17100384", "Rejane da Penha Santos de Souza": "Q109776088", "Anne Masson": "Q107076690", "Lesja Majdanec\u2018-Sajenko": "Q112552177", "Alejandra Seeber": "Q2640664", "Kirsi Mikkonen": "Q20736729", "Vlada Nefedova": "Q122936445", "Veronica Pock": "Q122936372", "Maite Agerkop": "Q122935642", "Sigrid Calon": "Q29436314", "Aleksandra Gaca": "Q59202142", "Hinke Schreuders": "Q122830450", "Einike Soosaar": "Q29420563", "Mari\u00eblle Videler": "Q97397490", "Viktoriia Kryvonis": "Q119042723", "Aura Sibila Benjam\u00edn": "Q119822822", "Lu Luo": "Q122935986", "Gisoo Kim": "Q122936211", "Camilla Eliasen": "Q122935991", "Lada Vyvialov\u00e1": "Q112372799", "Willemien Schouten": "Q122936527", "Ingunn Hoffstad Gjone": "Q19560525", "Marcha van den Berg": "Q122935851", "Dita Dost\u00e1lkov\u00e1": "Q95457784", "Joost Post": "Q122936000", "Annike Laigo": "Q29420317", "Petra Fekarov\u00e1-\u010cejkov\u00e1": "Q95478988", "Lenka S\u00fdkorov\u00e1": "Q95093566", "Kristina Forsberg": "Q4988496", "\u041e\u043b\u044c\u0433\u0430 \u0411\u0435\u0440\u0435\u0437\u0430": "Q110821549", "Ma\u0142gorzata Dmitruk": "Q11772253", "Chrystel Proupuech": "Q112512768", "Jiseon Lee Isbara": "Q125166329", "Katerina Kuznetcowa": "Q122935102", "Eva Chup\u00edkov\u00e1": "Q95149318", "Eline Medb\u00f8e": "Q11307201", "emjan": "Q29556869", "Tja\u0161a Bavcon": "Q65768082", "Hilde Sinke": "Q122936015", "Heda Bayer": "Q95152733", "Petra Gadasov\u00e1": "Q95180650", "Annele Sli\u0161\u0101ne": "Q123716792", "Leona Vrzalov\u00e1": "Q95168318", "Clowdy Ngatai": "Q104708862", "Elodie Coudray": "Q112493094", "Marjolein van der Wal": "Q122935103", "Petra Gherbetz": "Q95393286", "Olga Kostyuchenko": "Q16702911", "Helena Ho\u0161kov\u00e1": "Q95443233", "Stina \u00d6stberg": "Q4991158", "Regien Cox": "Q19386365", "Jolana Kodrlov\u00e1": "Q116694593", "Haadjar Fris": "Q122936250", "Yoo Mi van Beek": "Q122936388", "Melina Rapim\u00e1n Risco": "Q47087282", "Zuzana \u0160idl\u00edkov\u00e1": "Q112451930", "Tracy Prehay": "Q122936347", "Suzanne Jongmans": "Q122936226", "Ma\u0142gorzata Markiewicz": "Q105962735", "Kaire Olt": "Q16408112", "Jana Dost\u00e1lov\u00e1": "Q112415361", "Aina Bestard": "Q61754572", "Daniela Hoferer": "Q95202829", "Sylvia van der Meijden": "Q122936167", "Amber Veel": "Q122936177", "Lucie Falt\u00fdnkov\u00e1": "Q95079537", "Rosa Maria Hille": "Q116908497", "Lucie Nov\u00e1\u010dkov\u00e1": "Q95148046", "Sara Vrugt": "Q29551836", "Eloiza Gomes Rufino": "Q109758621", "Laura Luchtman": "Q122950508", "Aim\u00e9e Zito Lema": "Q55235536", "Hana Miletic": "Q55235902", "Francine Schokker": "Q108477709", "Riki Shir": "Q122936403", "Kate\u0159ina Sechovcov\u00e1": "Q112465326", "Magdalena Kita": "Q29575366", "Anna Nordstr\u00f6m": "Q111448640", "Caroline Wells Chandler": "Q32631832", "Kaidi Ploomipuu": "Q29420612", "Sole Otero": "Q52520634", "Elisabeth Stray Pedersen": "Q104888120", "Olena Didyk": "Q115651642", "Saioa Burutaran": "Q122278743", "Marianne Huotari": "Q123748695", "Pia Antonsen Rognes": "Q98119551", "Maline Nordin": "Q23918299", "Jitka \u010cechov\u00e1": "Q110877918", "Viktorie Langer": "Q112517867", "Linn Warme": "Q125107058", "Sequoia Barnes": "Q121434015", "Stella Kalkun": "Q12375348", "Jeanne Vic\u00e9rial": "Q109334734", "Julia Kiryanova": "Q122936176", "Magdalena Sophie Orland": "Q112524647", "Yrurari Johannsdottir": "Q124355006", "Daiane Wehrein Santos de Souza": "Q109785969", "Fabienne Vogel": "Q112524645", "Ana Oliver Ruiz": "Q125516599", "Inge-Britt Sander": "Q23918763", "Anna Vasilevna Serova": "Q4417731", "Mehriban X\u0259lilzad\u0259": "Q16369971", "Irina Baleva": "Q16407657", "Theodosia Poulopos": "Q18575683", "Ester Berggren": "Q18944165", "Debbie Brod": "Q19802724", "Elaine Polvinen": "Q19802808", "Mieke Schreurs-Stevens": "Q21544355", "Elly van Baalen": "Q21544608", "Henny Oosterbaan": "Q21545380", "Kirsten Nissen": "Q21550464", "Monica Hannasch": "Q21550574", "Dorothy Martin": "Q21550839", "Sarah Davenport": "Q21551153", "Hilkka Rahikainen": "Q23040869", "Jenni Rhodes": "Q28972725", "Gertrudis Prat": "Q40011372", "Elisabet Benedicta Sp\u00f6ring": "Q43651442", "\u00c9lizabeth Baillon": "Q46103577", "Marijke Peeters": "Q52500260", "Hannelore Van Dijck": "Q55235907", "Lore Vanelslande": "Q55236124", "Fritzi Reckendorf": "Q64355134", "Elena Fajt": "Q65710158", "Marjana Juvanc": "Q65768759", "A. Spoor": "Q73408294", "Tetiana Pachtchenko": "Q74395556", "Frances Pino": "Q84499077", "Kasanita Vu": "Q84499694", "Nana Suni": "Q85486210", "Mary Haqpi": "Q86740636", "Ni Putu Sewitri": "Q86741549", "Amparo Vargas": "Q88689280", "Nena Dimitru\u0161ev": "Q91670937", "Nene Donatelli-Mart\u00ed": "Q96651711", "Maria Assumpci\u00f3 Monguilod": "Q96651713", "Francesca Pi\u00f1ol i Torrent": "Q96651721", "Carme Sesplugues": "Q96651731", "Josefa Torres i de Funes": "Q96651732", "Martha Tiktaq Anautalik": "Q96721884", "Bengta Oredsdotter": "Q96774943", "Hanneke Klinkum": "Q96945437", "Yuri Himuro": "Q97207561", "Siminiuc Mouline Radia": "Q97368763", "Marita Kratz": "Q97397320", "Marjolein de Wild": "Q97397577", "Kaat Blomme": "Q97962189", "Lisa Merton": "Q100890532", "Zipporah Camille Thompson": "Q101069361", "Catharina Greve-Hamburger": "Q102163075", "Mere Reweti Kururangi": "Q104519054", "Lisa Ward": "Q104560908", "Mrs Warren": "Q104561247", "Mrs Wineera": "Q104562429", "Ria Te Ra-i-kokiritia-ai Hamuera": "Q104602974", "Purewa Macgregor": "Q104603624", "Madeline Tangohau": "Q104604707", "Atareta Paul": "Q104605023", "Mereana T\u014dpia": "Q104605487", "Miriama Lizzie Singer": "Q104708390", "Huia Smith": "Q104710277", "Maata Te Maru": "Q104753076", "Katherine Morrison": "Q104784738", "Sindiso Khumalo": "Q105575978", "Amanda McCavour": "Q105715007", "Marie-Louise Overloop-Zimmer": "Q105734321", "Pirjo K\u00e4\u00e4ri\u00e4inen": "Q105873764", "G.A. Rijksen": "Q105963874", "Dawn Robson-Bell": "Q105978055", "Diane Pieri": "Q106317919", "Trui Cannegieter": "Q106398065", "Anne Daniel": "Q106415431", "Pang Xiong Sirirathasuk Sikoun": "Q106585096", "Amalia Brachmann": "Q106619974", "Els Binnendijk": "Q106689152", "Sophie Dalla Rosa": "Q106693533", "Mll. Brouhon": "Q106804545", "Anne-Marie Rager": "Q106804549", "Estelle Verhaegen": "Q106804550", "Greet Rome": "Q106804554", "Kalameli Ihaia-Alefosio": "Q106807806", "Therese Lafrance": "Q106840529", "Jantje Dibbink": "Q107059126", "Anna Bordewei": "Q107275666", "Aurelia Sibilla Jarges": "Q107275699", "Grietje Amelings": "Q107276207", "Maria Catharina van Dunne": "Q107276832", "Sara van Akerlaken": "Q107277143", "Paul K.Th. van Hien-Seth": "Q107551676", "Yvonne Luske": "Q107551770", "Dorotea Tiarini": "Q107956771", "Antonia Tibaldi": "Q107956880", "Nancy Robb Dunst": "Q108159157", "Karin Celestine": "Q108189019", "Folashade Olukoya": "Q108295382", "Jacqueline McRae-Tarei": "Q108706755", "Gloria Taituha": "Q108706858", "Ingetje van der Linden": "Q108712304", "Ann Dagge": "Q108751803", "Annie Righton Smith": "Q108751805", "Lizzie C. Jones": "Q108751807", "Polly Darling": "Q108756459", "Gerdina Radstake": "Q108874971", "Johanna den Boer": "Q108904998", "Johanna Gerdina Albertina Monck": "Q108904999", "Bea Berends-van de Weijer": "Q109242499", "Jannetje van Beek": "Q109242821", "Maria Hedwig Dorothea Bunny": "Q109252404", "Anna Maria Donk": "Q109303967", "Sini Ankersmit": "Q109304085", "Jonna Jacobsen": "Q109852082", "Anna Toth Bucuristie": "Q109939996", "Adrie Eijkhout": "Q109942062", "Annemarie van Maaren": "Q109942064", "Carolien Zomer": "Q109942104", "Carolina Stern": "Q109942105", "Janine Lauter": "Q109942258", "M. Kramer": "Q109942324", "Mevr. M.P. Jansen": "Q109942325", "G. van Zaling": "Q109942326", "M.J. Aalders": "Q109942328", "Wendy Smit": "Q109942404", "Olga Forbat": "Q109981444", "Merydie Fjarlie": "Q109981449", "C.A. Van Amstel": "Q109981451", "Cindy Jackson": "Q109981582", "Pam Arquette": "Q110242927", "Tonny Manders": "Q110317519", "Rie Verhoef": "Q110317743", "Mieke C.A. Poot": "Q110318068", "Marlaine Verhelst": "Q110318089", "Alice Vander Vennen": "Q110318705", "Jadwiga Handelsman": "Q110383546", "Jacqui Carey": "Q110517600", "Mevrouw van de Poll - Backer": "Q110954509", "Joyce Crain": "Q111206455", "Ellie Ganado": "Q113167464", "Anoushka van der Vlugt": "Q113328779", "Carol Tate": "Q113467420", "Connie Utterback": "Q113467428", "Doris Louie": "Q113467440", "Betsy Tuttle": "Q113467448", "Florence Harvey Pettit": "Q113467454", "Janet Boguch": "Q113467485", "Luella Williams": "Q113467532", "Mary Lynn O'Shea": "Q113467544", "Pauline Sargent Deppen": "Q113467555", "Britt Arnstedt": "Q113557266", "Teresa Maria Reklewska": "Q113665562", "Deborah Cross": "Q113885598", "Mary Little": "Q113897585", "Amy Nguyen": "Q114037352", "Kelly Marshall": "Q114038569", "Beryl Schmid": "Q114164503", "Chie Hitchner": "Q114164521", "Chris Triola": "Q114164522", "Dianne Nordt": "Q114164538", "Juanita Girardin": "Q114164585", "Karren Brito": "Q114164597", "Lauri Chambers": "Q114164620", "Lisa Klakulak": "Q114164625", "Marcia Derse": "Q114164636", "Mary Pow": "Q114164648", "Mina Norton": "Q114164653", "Muffy Young": "Q114164655", "Tenisha Dotstry": "Q114164698", "Gloria McRoberts": "Q114165504", "Latifa Medjdoub": "Q114216513", "Diane Steverlynck": "Q114860846", "Eva Wischnitzky": "Q115090127", "Stella Ruhe": "Q115182554", "Laura Bautista": "Q115678162", "Carol Rajala Johnson": "Q115678172", "Neelam Padte": "Q115678186", "Lisa Martin": "Q115678212", "Kelly Walsh": "Q115678243", "Laura Hunter": "Q115678247", "Regina Vorgang": "Q115678279", "Judith Olson": "Q115678289", "Mary Kronberg": "Q115678290", "Nicki Voss": "Q115678301", "Marian Quanbeck Dahlberg": "Q115678315", "Loriene Pearson": "Q115678379", "Januwa Moja": "Q115796532", "Eleanor McMaster Kluck": "Q116813749", "Lea Miller": "Q116813833", "Hana Almilli": "Q116923330", "Lily van Dongen": "Q118430735", "Hendriks": "Q118430790", "Theresia De Geeter": "Q118441591", "Rowan Panther": "Q118646344", "Ter\u00e9zia Krn\u00e1\u010dov\u00e1": "Q119084777", "Gu Lanyu": "Q119663100", "Vanessa Mooncie": "Q120540724", "Isela Phelps": "Q120596879", "Brioni Greenberg": "Q120597656", "Karen Davis": "Q120600388", "Kv\u011bta Ka\u010derov\u00e1": "Q120603187", "Marie-No\u00eblle Horvath": "Q120603546", "Blanka Grebe\u0148ov\u00e1": "Q120965893", "Tessa Harris": "Q121271547", "Kate Beaver": "Q122208850", "Gabriela Sagarminaga": "Q122515888", "Maria Cardoner": "Q122745600", "Lola Huete Jan\u00e9": "Q122745610", "Renate Rabus": "Q122935101", "Davina Drummond": "Q122935105", "Hanny Schoots": "Q122935135", "Ank van Stokkum": "Q122935147", "T. Slothouwer": "Q122935151", "Sandra van der Valk": "Q122935181", "Rie Beerman": "Q122935235", "Hilda M. Benjamin": "Q122935252", "Zus van Blokland-van de Zandt": "Q122935280", "Joppa Weserman-Heuseveldt": "Q122935301", "Sjan Koene": "Q122935326", "Wil Korver-Lekkerkerker": "Q122935330", "Mies E. Jeswiet": "Q122935377", "Jo de Jong": "Q122935381", "Tineke van Deenen": "Q122935426", "Clemence Deglas": "Q122935430", "R\u00e9 Doja": "Q122935436", "C. Gidding": "Q122935476", "Eleonor van de Rijt": "Q122935535", "Margrit Rey": "Q122935538", "Nel G. Reuyl": "Q122935543", "Maria Rault": "Q122935545", "Loes Lekkerkerker": "Q122935571", "Lieske Leeuwenberg": "Q122935578", "Ingrid Leen-Wesdorp": "Q122935610", "Herma Meere-Coltof": "Q122935627", "Marie-Rose Delmotte": "Q122935632", "Philippine Ackerling": "Q122935643", "Carla Aarts": "Q122935647", "Bep Baerwaldt-Boon": "Q122935664", "Els van Baarle": "Q122935666", "Hanna Zwiep": "Q122935697", "Bep Zevenboom-Brouwer": "Q122935705", "Marlene Schot": "Q122935731", "Didi van Son": "Q122935736", "B. Plas": "Q122935741", "F.H. Hartog": "Q122935767", "Aleid van Veen-Lovink": "Q122935768", "Jolande Verstegen": "Q122935777", "Peetra Kooiman": "Q122935788", "Isabella Lambermont": "Q122935801", "Thea Gouverneur": "Q122935806", "Monique Lageschaar": "Q122935810", "Marion Vollrath": "Q122935818", "Marianne Slangen": "Q122935821", "Elly Gerritsen": "Q122935829", "Carien Heldring": "Q122935838", "Tineke Cazemier": "Q122935840", "Hannie Barelds": "Q122935843", "Judith Ammerlaan": "Q122935845", "Maaike van den Berg-Aarsen": "Q122935857", "Annie Schlutter": "Q122935865", "Marielle Maessen": "Q122935867", "Coby Hess": "Q122935887", "Franca Meeuwsen": "Q122935890", "Berthy Bookelmann-van Engelen": "Q122935895", "Betty Boet": "Q122935902", "Trees Witte": "Q122935907", "Atie Franz-Tilro\u00eb": "Q122935913", "Mathilde van Wijk": "Q122935916", "Simone Carlier": "Q122935931", "Gemma Maas": "Q122935946", "Mady Dooijes": "Q122935947", "Paula Koert": "Q122935949", "Tatjana Quax": "Q122935951", "Joke Schok": "Q122935955", "Brunhild el Attar": "Q122935960", "Carina Groenen": "Q122935963", "Jo Vijftigschil": "Q122935970", "Mieke Werners": "Q122935980", "C Muller": "Q122936001", "Elsje King": "Q122936006", "Maria Antonia Carrasquer Vidal": "Q122936013", "Merete Zacho": "Q122936020", "Elzbieta Zmidzinska": "Q122936023", "Eva Lepsius": "Q122936025", "Lenie Kouwen-Dicke": "Q122936026", "Will Legierse": "Q122936027", "F.M. van der Schalie-van der Linden": "Q122936032", "Eliane Zanetti": "Q122936034", "Nel Loopstra": "Q122936036", "Lodze": "Q122936040", "Hetty Lofstr\u00f6m": "Q122936042", "Jo de Neeve": "Q122936047", "Elly Landkroon": "Q122936049", "T. Kuiper-Stolker": "Q122936051", "C\u00e9cile de Leeuw": "Q122936060", "Annie Lels": "Q122936065", "Truus Lotgerink": "Q122936067", "Astrid Lotte": "Q122936068", "Anina Margiono": "Q122936081", "Fried Nieuwenhuys": "Q122936082", "Mijntje ter Poorten": "Q122936092", "Prins-Meijer": "Q122936095", "Jean Davey Winter": "Q122936096", "Femke Smit": "Q122936097", "Ge van der Meulen": "Q122936099", "J. Norbruis": "Q122936104", "Ulla Wolfender-Josephsson": "Q122936107", "A.M. Rudolphie-Ooijevaar": "Q122936109", "Titia Meerburg": "Q122936112", "Freya Martijn": "Q122936115", "Kitty Markus": "Q122936116", "Fieke van der Meer": "Q122936117", "Ada Matser": "Q122936119", "Geke Mateboer": "Q122936122", "Thera van der Maal-Mooyen": "Q122936125", "Manon Maarle": "Q122936128", "Anneke Nienhaus": "Q122936131", "Allette Mansoor": "Q122936133", "Mia Mandema-van der Beek": "Q122936135", "J. de Boer-van Nes": "Q122936136", "Ria Schilte": "Q122936143", "Tineke Scheveers": "Q122936146", "Merel van Peer": "Q122936157", "Anneke Mulder": "Q122936158", "Margaret Sabee": "Q122936163", "M.A. Flier-Sanders": "Q122936164", "mevr. van Royen-Saltet": "Q122936165", "E. van Reeken-Mez\u00f6": "Q122936168", "Agnes Ritter-Raetzer": "Q122936169", "Maaiken Monnerup": "Q122936170", "Aja Schoenmakers": "Q122936172", "Veerle Lavoir": "Q122936178", "Mieke Thijssen": "Q122936190", "Jo Delden": "Q122936192", "Marcia Nolte": "Q122936213", "Ida Joekers": "Q122936230", "Malone Dietrich": "Q122936231", "Lucille Humair": "Q122936237", "Dina Vos": "Q122936243", "Smi Vukovic": "Q122936253", "Maria Slomkowska": "Q122936287", "Juliane Solignac": "Q122936289", "Marguerite Stephens": "Q122936310", "Maria Stepniewska-Wisnik": "Q122936311", "Fr\u00e9derique Moussault": "Q122936315", "Margherita Stoecklin": "Q122936318", "Tom Mor": "Q122936321", "Egi van Verschuer-Gr\u00fcnberg": "Q122936324", "Judith Maas": "Q122936326", "Rixt Mekenkamp": "Q122936335", "Marianne Kemp": "Q122936345", "Grietje van Wijk": "Q122936365", "Annie Kalter": "Q122936370", "Roos Smith": "Q122936371", "Lida van Stralen": "Q122936377", "Georgina Gordon-Smith": "Q122936387", "Dell Stewart": "Q122936393", "Lily Wieskamp": "Q122936399", "Willemijn van de Poll": "Q122936402", "Petra Beaumon": "Q122936404", "Janina Trawinsky": "Q122936405", "Barbara Todd": "Q122936407", "Adje Kapp\u00e9": "Q122936412", "Ursula St\u00fcrzinger": "Q122936414", "Deborah Taft": "Q122936415", "Sigrid Svalastog": "Q122936416", "Gay Swift": "Q122936417", "Antoinette Stallmann": "Q122936424", "Karen van Spankeren": "Q122936426", "Willy Spoelstra": "Q122936427", "Geja Spruit": "Q122936430", "Karin Spijker": "Q122936431", "Guusje Voditska": "Q122936432", "Esmeralda van Aarle": "Q122936437", "Linda Miller": "Q122936451", "Maria van Straaten": "Q122936459", "Francis van Hall": "Q122936460", "Angela de Smalen": "Q122936464", "Ami Smaling": "Q122936465", "Iet Smits": "Q122936466", "Sanny de Soete": "Q122936469", "Marga Snijder van Wissenkerke": "Q122936471", "Ans Steenhuis": "Q122936474", "Jurate Urbine": "Q122936478", "Joanna Tyka": "Q122936480", "Thera van den Berg": "Q122936482", "Leonie van Poecke": "Q122936485", "Boosten": "Q122936487", "Louise Brandt": "Q122936489", "Hanna Walser": "Q122936497", "Tilly Siekerman": "Q122936498", "Maya Siepel": "Q122936500", "Elly Servaas": "Q122936501", "Karin Vlieger": "Q122936503", "Joke Selders": "Q122936505", "Marlene Scot": "Q122936509", "Nelly de Bruyn-Seewald": "Q122936511", "W. te Veldhuis-Schweitzer": "Q122936513", "Marian Schotanus": "Q122936515", "Michelle Schmit": "Q122936518", "Annemarie Han-Schooneveldt": "Q122936523", "Nalini Weerasinghe": "Q122936524", "Annemarie Verlinden": "Q122936528", "Ria Schumacher": "Q122936529", "Myro Slawa": "Q122936536", "Clara Wainwright": "Q122936538", "Bettina Slettenhaar": "Q122936539", "Irene Sangster": "Q122936540", "Greet Haasnoot": "Q122936545", "C.M. van de Vecht-de Wijn": "Q122936550", "Toos van Wageningen": "Q122936566", "Natalie Dissel": "Q122936572", "Bep Bosman": "Q122936584", "M. Arnoldy": "Q122936585", "mej. Boekdrukker": "Q122936587", "D. Lopes Suasso": "Q122936594", "G.W.I. Doorn": "Q122936599", "A.J. Bekker": "Q122936601", "C Bertrand": "Q122936602", "Gertrude Catherine Vermehr-Brouwer": "Q122936603", "Catharina de Greuve": "Q122936605", "M.A. Harmsen": "Q122936606", "L.W. Ludwig": "Q122936608", "mevr. Mourot": "Q122936609", "mej. Mourot": "Q122936610", "J.B. Sommerlatte": "Q122936613", "J. Kroeze": "Q122936623", "Marjolein van der Stoep": "Q122936629", "Elsje Nagel": "Q122936630", "Marga Kortekaas": "Q122936645", "B\u00e4rbel Ingeborg Zimber": "Q122936648", "Elisabeth Leeuwesteijn": "Q122936649", "Cathrien Schoonwater": "Q122936653", "Milly Schouten": "Q122936654", "Marijke Soesbeek": "Q122936659", "Mariet Soethout": "Q122936660", "Mevrouw Trautwein": "Q122936688", "Marijke den Boer-Vlamings": "Q122936691", "Kitty Wentinck": "Q122936695", "Alice den Boer": "Q122936706", "Christiane M\u00fcller": "Q122940326", "Rosalia Vlieghe": "Q122971151", "Susanna Cati": "Q122997906", "Elisa van Joolen": "Q122997920", "Zofia Rostad": "Q123053493", "Katariina Metsovaara-Heikinheimo": "Q123246891", "mw. Roosten": "Q123698400", "M. de Charro": "Q123698414", "mw. Couwenberg-Ebbinge": "Q123698424", "Jacoba M. de Groot": "Q123698465", "A. mej. Henny": "Q123698470", "J.M. Kany": "Q123698488", "J, Landr\u00e9": "Q123698511", "mej. A Ligtvoet": "Q123698525", "Esther van Mentz": "Q123698544", "Gerda Hitler": "Q123698580", "Maatje Hoeise": "Q123698581", "Marie Sanders": "Q123698588", "Alida Schipper": "Q123698602", "Sijlske E. Sijlsma": "Q123698634", "mej. Ulrich": "Q123698640", "Tine de Vos": "Q123698661", "H. Waalewijn": "Q123698665", "Nelly van der Waarden": "Q123698667", "Ens van den Wall Bake": "Q123698670", "A.J. Wilmink": "Q123698681", "Joh. Johanna Wijnstok": "Q123698689", "M. van IJsselstein": "Q123698691", "J. Castricum": "Q123821237", "Emma Riches": "Q124152645", "Susan Mumma Major": "Q124287373", "Dineke van der Knaap": "Q124410647", "Sindra Tatiana Gonzalez": "Q124412482", "Clara Apolit": "Q124536842", "Natasza Grzeskiewicz": "Q124539476", "Virpi Kinnunen": "Q124740450", "Grethe La Croix": "Q125390052", "Tinka Tiggers": "Q125390147", "A.P. Best": "Q125520939", "Stitch.it.on": "Q126417351"}