{"Fudeko \u014ctsuki": "Q11436494", "Rita Perintfalvi": "Q108297647", "Fanika  Krajnc-Vre\u010dko": "Q110975114", "Nora Moln\u00e1r-H\u00eddv\u00e9gi": "Q113842180", "Ursula Weyda": "Q18334973", "Columba de Tofaninsis": "Q118342426", "Daniel Friedrich": "Q94774031", "Auguste Bernus": "Q78057490", "Jean Cal\u00e8s": "Q16861530", "Laura Hulda Wild": "Q74712702", "K\u014dichi Ich\u016b": "Q17193266", "Florence L. Crawford": "Q16025140", "Arnolda Constantia Eliana Gerlings": "Q43265433", "Beatrice Rohner": "Q17521521", "Magdalene Tiling": "Q1883840", "Hubertus-Kraft von Strachwitz": "Q94737105", "Carola Barth": "Q1044205", "Winnifred Wygal": "Q108769640", "Gerda Karijord": "Q92257196", "Kozue Tomoi": "Q17222781", "Siri Dahlquist": "Q4944048", "Gertrud Bj\u00f6rck": "Q98545585", "Tamasine Allen": "Q11316304", "Erica K\u00fcppers": "Q1351798", "Suzuko Obara": "Q11459275", "Meta Eyl": "Q1924664", "Anna Paulsen": "Q54827926", "Gertrud Wasserzug-Traeder": "Q15438311", "Gertrud Sp\u00f6rri": "Q1514384", "Aemiliana L\u00f6hr": "Q93260206", "Fausta Casolini": "Q93267995", "Lydia von Auw": "Q61482843", "Gertrud Sch\u00e4fer": "Q2699550", "Lydie Watier": "Q3269237", "Ina Gschl\u00f6ssl": "Q1660829", "Magdalena Alida Hendrica Stomps": "Q19756256", "Ilse Jonas": "Q16319488", "annemarie r\u00fcbens": "Q16739235", "Hanna Jursch": "Q1575703", "Marcelle Bard": "Q29592129", "Gertrud Frischmuth": "Q1515556", "Katharina Staritz": "Q1280232", "Berthe Bertsch": "Q29684751", "Ursula Mangoldt": "Q2501954", "Olga Pe\u0161kov\u00e1-Kounovsk\u00e1": "Q102420343", "Kathryn Sullivan": "Q99293570", "Margarete Hoffer": "Q51880197", "Hannelotte Reiffen": "Q15430348", "Hilda Graef": "Q1618176", "\u00c9lisabeth Behr-Sigel": "Q3587853", "Anita R\u00f6per": "Q97065250", "Freda Niemann": "Q16740930", "Doroteea B\u0103rbieru": "Q12726972", "Hanna Wolff": "Q26869465", "Paula Minet": "Q110769602", "Jacqueline de Chevigny": "Q3511713", "Barbara Beyenka": "Q807353", "Marie-Louise Henry": "Q1897164", "Gerta Scharffenorth": "Q15436841", "Marie-Louise Martin": "Q94753303", "Agnes Vold": "Q58868760", "Helga Rusche": "Q97064845", "Marianne Timm": "Q19513432", "Herrade Mehl": "Q106879760", "Ruth Wendland": "Q2177792", "Eva He\u00dfler": "Q2693480", "Christa Zerbst": "Q114299389", "Marga B\u00fchrig": "Q78059570", "Morton T. Kelsey": "Q97063939", "Else K\u00e4hler": "Q63485407", "Fairy von Lilienfeld": "Q110323", "Matsu J\u014dbi": "Q11426079", "Adriana Zarri": "Q3605681", "Ruth Epting": "Q76503999", "Marlies Flesch-Thebesius": "Q6468102", "Th\u00e9r\u00e8se Klipffel": "Q18736812", "Hannelis Schulte": "Q1575841", "Ingetraut Ludolphy": "Q15440596", "Marie Veit": "Q1568944", "\u00c9milie Zum Brunn": "Q55989731", "Gertrude Sartory": "Q59525480", "Ane\u017eka Ebertov\u00e1": "Q10823196", "Rosemarie M\u00fcller-Streisand": "Q1502924", "Gabriele Miller": "Q22693059", "Nelly Viallaneix": "Q55973583", "Anneliese Sprengler-Ruppenthal": "Q6566128", "Inge Rippmann": "Q111462228", "Adela Brki\u0107": "Q105986191", "Elsbeth Meyer-Baltensweiler": "Q107566117", "Irena Kwilecka": "Q112562983", "Catherine Dimier-Paupert": "Q67130913", "Mary Barbara Agnew": "Q66488856", "Rufina Dmitrieva": "Q29358871", "Hubertus G. Hubbeling": "Q2621333", "April Oursler Armstrong": "Q105912232", "Savina J. Teubal": "Q113723407", "Ulla-Christina Sj\u00f6man": "Q16990566", "Dorothy H. Brown": "Q109643435", "Dorothea Nowak": "Q1246252", "Helen Oppenheimer": "Q75746405", "Jerome D. Quinn": "Q110227207", "Hannelore Erhart": "Q1575860", "Maria Caterina Jacobelli": "Q87400505", "Maria Teresa Garutti Bellenzier": "Q93242443", "Margret Marquart": "Q19963123", "Yoshiko Isshiki": "Q40034064", "Joanne McWilliam": "Q59529836", "Josephine Massyngberde Ford": "Q59629549", "Marilyn McNamara Schaub": "Q87843370", "Luise Abramowski": "Q18618635", "Arlene Swidler": "Q675056", "Eva Renate Schmidt": "Q63845147", "Birgitta Paget": "Q46997888", "Giuliana Gandolfo": "Q97066049", "Anka Petri\u010devi\u0107": "Q94655826", "Blanka Stra\u0161\u00edkov\u00e1": "Q95176652", "Maria Kassel": "Q60561687", "Susanne Hausammann": "Q93239049", "Fran\u00e7oise Smyth": "Q93230346", "Halina Bortnowska": "Q9285316", "Marjolaine Chevallier": "Q50862225", "Y\u016b Ibuki": "Q11379245", "Herlinde Pissarek-Hudelist": "Q1610147", "Annemarie Sch\u00f6nherr": "Q566344", "Atsumi Kume": "Q11369570", "Riet Bons-Storm": "Q14276722", "M\u00e1ria Puskely": "Q31094175", "Irmgard Pahl": "Q93240735", "Anne Primavesi": "Q94135105", "Madeleine Lalibert\u00e9": "Q98429345", "Renate Steiger": "Q2143521", "Maria-Luisa Rigato": "Q93229481", "Ingrid Laudien": "Q1663346", "Anna Marie Aagaard": "Q16403007", "Denise Lardner Carmody": "Q70059784", "Dianne Bergant": "Q97013515", "France Qu\u00e9r\u00e9": "Q3080745", "R\u00e9gine du Charlat": "Q63860084", "Margaret R. Miles": "Q55988999", "Christa Reich": "Q1078172", "Julia Bolton Holloway": "Q104602731", "Agnese Cini Tassinario": "Q105575218", "Ysabel de Andia": "Q93230325", "Yeta Ram\u00edrez": "Q28501633", "Dominique Barrios-Delgado": "Q97063495", "Ingrid Meyer-Runkel": "Q105439924", "Monique Dumais": "Q55722123", "Jeltine Lambertha Regina Ledegang-Keegstra": "Q113790964", "Doris Donnelly": "Q93239355", "Julia M\u00e4nnchen": "Q82344979", "Christine Pellistrandi": "Q2965968", "Sabine Pettke": "Q95191647", "Elisabeth de Ranitz-Labouchere": "Q63223799", "Christa Grengel": "Q1078068", "Elga Sorge": "Q1328708", "Francine Childs": "Q120648605", "Gisela Kittel": "Q6490687", "L. Dianna Flournoy": "Q43387553", "Annegret Lingenberg": "Q18288134", "Dorothea McEwan": "Q93231030", "Barbara Wachinger": "Q807676", "Benedikta Hintersberger": "Q817031", "Margaret Davies": "Q104214852", "Gunda Schneider-Flume": "Q1554552", "Claudia Nauerth": "Q55108293", "Rita Torti Mazzi": "Q109329279", "Jutta Voss": "Q88349", "Heide-Marie Emmermann": "Q1593857", "Susanne Heine": "Q2369243", "Helga Tr\u00f6sken": "Q1602313", "Anna Maria Schwemer": "Q61747735", "Pierrette Daviau": "Q93229068", "Annewies van den Hoek": "Q93240978", "Gracia Grindal": "Q105974299", "Mary Kay Beall": "Q108187750", "Ursula Riedel-Pf\u00e4fflin": "Q2501836", "Irmgard Weth": "Q19286263", "Junko Shioya": "Q27151216", "Francisca B\u0103lt\u0103ceanu": "Q12728576", "Barbara Ann Holmes": "Q113585651", "Maria Straszewicz": "Q122978540", "Rotraud A. Perner": "Q1687920", "Oda Wischmeyer": "Q15452208", "Cettina Militello": "Q87400581", "Zsuzsanna Vank\u00f3": "Q106391161", "Larissza Hrotk\u00f3": "Q113824481", "Malle P\u00e4rn": "Q12369605", "Kyllikki Tiensuu": "Q65238452", "Johanna Christine Janowski": "Q1083612", "Mich\u00e8le Bolli": "Q3311581", "Barbara Ellen Bowe": "Q59628005", "Zipora Talshir": "Q12410913", "Kusumita Priscilla Pedersen": "Q98153061", "Wendy E. Sproston North": "Q93230511", "Ann Michele Nolan": "Q113823414", "Emily Stott": "Q108165928", "Christiane Berkvens-Stevelinck": "Q45285562", "Barbara Hilkert Andolsen": "Q104214903", "Elisabeth Reil": "Q1330210", "Maria ter Steeg": "Q2182413", "Else-Britt Nilsen": "Q11967239", "Theresia Hainthaler": "Q33134144", "Susan K. Wood": "Q97621706", "Plautilla Brizzolara": "Q113137898", "Gail Ramshaw": "Q93230131", "Th\u00e9r\u00e8se Nadeau-Lacour": "Q78058114", "Marie-Luise Kling-de Lazzer": "Q1897189", "Terezija Sne\u017ena Ve\u010dko": "Q12804004", "Laverne McCain Gill": "Q111254664", "Mary Perry": "Q84707567", "Jane Holslag": "Q95211507", "Karen L Bloomquist": "Q104214810", "Antonia Badini": "Q108608228", "K\u00e4thi La Roche": "Q1795561", "Maureen Tilley": "Q55154429", "Carolyn Custis James": "Q61113207", "Linda Bergling": "Q23014058", "Nicoletta Vittoria Spezzati": "Q6565857", "Palmyre Oomen": "Q1866932", "Enik\u0151 B\u00f6r\u00f6cz": "Q113807162", "Carmi\u00f1a Navia Velasco": "Q16941635", "Yolanda Tarango": "Q100269471", "Susan Power Bratton": "Q55129780", "Christine Mann": "Q110412153", "Lone Hind\u00f8": "Q12324852", "Christiane Burbach": "Q1082639", "Katalin D\u00e9r": "Q986917", "Sheila Greeve Davaney": "Q93539163", "Christine Gudorf": "Q1083557", "Adele Ahlberg Calhoun": "Q110930297", "Dobrochna Bach-Golecka": "Q84098931", "Renate Wind": "Q93259915", "Lisa Marie Bowens": "Q104214864", "Maria Gallo": "Q108809768", "M\u00f3nica Codina": "Q109802448", "Susan Durber": "Q111233903", "Michelle V. Lee": "Q123021052", "Aldina da Silva": "Q2832293", "Darlene Fozard Weaver": "Q69358009", "Priscilla Patten": "Q110867595", "Christine Hubka": "Q100706503", "Susan A. Ross": "Q110887484", "Katalin H\u00e1rsfai": "Q113845216", "Victoria Barnett": "Q61123673", "Donatella Abignente": "Q93222081", "C\u00e9cile Entremont": "Q111987741", "Kathleen R. Moore": "Q106822762", "Ingrid Spieckermann": "Q1663407", "Claudia von Collani": "Q11963884", "Birgitta Sarelin": "Q4977049", "Ulrike Wagner-Rau": "Q18028900", "Dorothea Wendebourg": "Q55456198", "Martha Himmelfarb": "Q93236907", "Monika G\u00f6decke": "Q112457092", "Gabriele Lautenschl\u00e4ger": "Q1339586", "Ilse K\u00f6gler": "Q16319489", "Elizabeth Bloch-Smith": "Q107196635", "Gabriele Scherle": "Q1490557", "Ingeborg Gabriel": "Q1418021", "Adriana Valerio": "Q3605679", "Irina Levinskaya": "Q17519572", "Brenda B. Colijn": "Q111476651", "Luise M\u00fcller": "Q1876647", "Monica Migliorino Miller": "Q6900014", "Elizabeth E. Green": "Q109301859", "Ann Morisy": "Q114734265", "Birgit Winterhoff": "Q865369", "Solange Lefebvre": "Q3489142", "Mary Louise Bringle": "Q97667347", "Cheryl Bridges Johns": "Q104214783", "Brunhilde Raiser": "Q992664", "Ingrid Roitner": "Q109568404", "Ulrike Elsd\u00f6rfer": "Q1669323", "Marlene Cr\u00fcsemann": "Q1470326", "Maria Hallman": "Q4952211", "Ruth Albrecht": "Q30337123", "Mary Cunningham": "Q64019970", "Lucia Antinucci": "Q93249233", "Marianne Hartung": "Q1896823", "Isabelle Grellier": "Q3154932", "Susanne Breit-Ke\u00dfler": "Q1350587", "Evgenija Borisovna Smagina": "Q4424186", "Maria Anna Bodor": "Q121834354", "Hamideh Mohagheghi": "Q1573388", "Sabine Lichtenfels": "Q2209805", "Angelika D\u00f6rfler-Dierken": "Q17521280", "Philippa Rath": "Q110816937", "Anna Hennersperger": "Q560840", "Christine Fleck-Bohaumilitzky": "Q1083525", "Y\u016b Amano": "Q11443681", "Chantal Reynier": "Q93239756", "Ulrike Link-Wieczorek": "Q1284013", "Renate Jost": "Q2143419", "Cornelia F\u00fcllkrug-Weitzel": "Q1133327", "Lilia Sebastiani": "Q93238139", "Renee Burt": "Q113379492", "Anna Maria Tamburini": "Q112625467", "Roberta Rominger": "Q107199346", "Mona West": "Q1943942", "Ninna Edgardh Beckman": "Q4945694", "Gabriella Cecchetto": "Q68431972", "Maria Neubrand": "Q1896197", "Ina Praetorius": "Q20242906", "Marie-Luise Langwald": "Q47250001", "Beverly Zink-Sawyer": "Q64005029", "Margit Balog": "Q84072079", "Esther E. Acolatse": "Q113812151", "Elke Werner": "Q1331590", "Elisabeth Gr\u00e4b-Schmidt": "Q18222059", "Betty Ferrell": "Q90752138", "Berma Klein Goldewijk": "Q106241688", "Luciana Mirri": "Q93240743", "Karin Sch\u00f6pflin": "Q1729557", "Maria Luisa Vincenzoni": "Q3847392", "Jone Salomonsen": "Q17107060", "Stella Morra": "Q3972915", "Johanna Haberer": "Q1696942", "Gertraud Putz": "Q85401583", "Donna Orsuto": "Q108630445", "Lucia Scherzberg": "Q1805056", "Petra Gem\u00fcnden": "Q2080411", "Joyce Ann Mercer": "Q57435308", "Marion Wagner": "Q110176787", "Barbara Hallensleben": "Q59771065", "Regina Ammicht Quinn": "Q2137841", "Claudia Bandixen": "Q125591", "Helene Egnell": "Q46595899", "\u041c\u0430\u0439\u0434\u0430\u043d\u043e\u0432\u0438\u0447 \u0422\u0435\u0442\u044f\u043d\u0430 \u0412\u0430\u0441\u0438\u043b\u0456\u0432\u043d\u0430": "Q16705909", "Anne Fortin": "Q77977231", "Anne Marie Korte": "Q66660202", "Irmtraud Fischer": "Q1673049", "Helga Kuhlmann": "Q1473917", "Corinna Dahlgr\u00fcn": "Q1132811", "Monika Wohlrab-Sahr": "Q2780421", "Anne Steinmeier": "Q565816", "Letizia Tomassone": "Q104089643", "Leila Hamrat": "Q55597811", "Elena Lea Bartolini De Angeli": "Q108762703", "Faith A. Oyedepo": "Q112667936", "Angelika Sirch": "Q115684357", "Hanne K\u00f6hler": "Q1575824", "Silvia Schroer": "Q2286763", "V\u00e9ronique Lecaros": "Q113807761", "Antonietta Potente": "Q3619020", "Julia M. O'Brien": "Q112316965", "Heilgard Asmus": "Q1594827", "Ulrike Trautwein": "Q2477496", "Lee Min-ah": "Q16177000", "Ellen T. Armour": "Q83432379", "Elisabeth Weber": "Q112443834", "Monika Wyss": "Q1944799", "Julia Strecker": "Q15634678", "Dagmar Heller": "Q20172280", "Maria Suutala": "Q60144209", "Marianne Heimbach-Steins": "Q1896826", "Kerstin G\u00e4fgen-Track": "Q6470151", "Willemien Otten": "Q93234474", "Elisabeth D\u00f6rler": "Q15391272", "Urszula Dudziak": "Q30903265", "Anne Kull": "Q12359285", "Christina Hoegen-Rohls": "Q1083174", "Gisela Matthiae": "Q15438401", "Mar\u00eda del Pilar R\u00edo Garc\u00eda": "Q65945398", "Magdalene L. Frettl\u00f6h": "Q1883829", "Pille Valk": "Q17439620", "Francesca Aran Murphy": "Q19760867", "Ruth Scoralick": "Q60802846", "Lydia Vroegindeweij": "Q115915014", "Ulrike Wagener": "Q1418795", "Renate Kirchhoff": "Q1617993", "Tiziana Longhitano": "Q113135758", "Maria Silvia Avi": "Q116154044", "Gesine Palmer": "Q23870997", "Jos\u00e9e Ngalula": "Q108908580", "Ulrike Bail": "Q108790743", "Marianne Schlosser": "Q1896895", "Manuela Kalsky": "Q1840173", "\u00c9lisabeth Parmentier": "Q59256830", "Andrea Lehner-Hartmann": "Q60234219", "Ulrike Mittmann": "Q60501767", "Anastazja Seul": "Q85134859", "Vera-Sabine Winkler": "Q95349608", "Nicola Kontzi-M\u00e9resse": "Q100999135", "Dalit Rom-Shiloni": "Q107453861", "Ester Abbattista": "Q109533910", "Angelika Berlejung": "Q534198", "Martina Steink\u00fchler": "Q1905525", "Marja Heltel\u00e4": "Q50573726", "Gunhild Winqvist Hollman": "Q105840004", "Heike Lindner": "Q106766704", "Laurie Brink": "Q113804773", "Julia A. Lamm": "Q113808138", "Ellen Bradshaw Aitken": "Q59631848", "Kirsi Tirri": "Q59014123", "Ulrike Murmann": "Q2477399", "Laima Geikina": "Q86209945", "Gerda Riedl": "Q1495712", "Vilma Facunda Bedia": "Q123822500", "Friederike N\u00fcssel": "Q1457083", "Terhi Utriainen": "Q11896935", "Mary Crockett": "Q16663600", "Silke-Petra Bergjan": "Q18027885", "Nancy E. Bedford": "Q96747957", "Ruth Zenkert": "Q107404741", "Miranda Klaver": "Q108119181", "Lydia Koelle": "Q109929359", "Brigitte Proksch": "Q916578", "Helga Kohler-Spiegel": "Q1602208", "Hille Haker": "Q1618684", "Johanna Rahner": "Q19286897", "Gerlinde Baumann": "Q63869445", "Margaret Karram": "Q105201232", "Eunjoo Mary Kim": "Q113801217", "Claudia L\u00fccking-Michel": "Q15435489", "Heike Schmoll": "Q1594575", "Doris Nauer": "Q1245281", "Michaela Bauks": "Q93240238", "Yael Shemesh": "Q25491374", "Angela Berlis": "Q532239", "Virpi M\u00e4kinen": "Q63313387", "Judith K\u00f6nemann": "Q1711055", "Fran\u00e7oise Breynaert": "Q93240402", "Marjo-Riitta Antikainen": "Q25368344", "Carolyn J. Sharp": "Q113797454", "Susan M. St. Ville": "Q113802120", "Andrea Str\u00fcbind": "Q122160", "Lenka Karf\u00edkov\u00e1": "Q4216319", "Jacobine Geel": "Q2630620", "Rose Marie Berger": "Q97014275", "Isolde Karle": "Q2732144", "Angela Standhartinger": "Q28778430", "Hanna Stettler": "Q57837619", "Gabriella Gelardini": "Q93234121", "Anne-Marie Petitjean": "Q93258650", "Katharina Schridde": "Q1413153", "Sigrid M\u00fcller": "Q2285306", "Birgit Weyel": "Q19502048", "Hanna Liss": "Q19963114", "Catrin Williams": "Q104214832", "Maria Maul": "Q15833888", "Lidia Maggi": "Q95979908", "Chong Hwa-Young": "Q61163803", "Viviana De Marco": "Q109350103", "Charlotte H\u00f6glund": "Q4955428", "Ivanka Ber\u010dan": "Q105962030", "Eva-Maria Faber": "Q1379041", "Saskia Wendel": "Q2225677", "Sabine Bobert": "Q1477627", "Elke Mack": "Q1331535", "Ulrike Auga": "Q2477207", "Stavroula Xoulidou": "Q20551806", "Martina B\u00f6hm": "Q30497368", "Christine Helmer": "Q60487334", "Gillian McCann": "Q112521757", "Gury Schneider-Ludorff": "Q1555302", "Heike Grieser": "Q1594512", "Beate Kowalski": "Q61746322", "Johann M. Vento": "Q113846235", "Elsbeth Gruteke": "Q20978379", "Wuhua Paqaliyus": "Q85879355", "Uta Pohl-Patalong": "Q2502789", "Silvia Pellegrini": "Q2286752", "Katharina Greschat": "Q75951184", "Constanze Giese": "Q1128106", "Christina Aus der Au Heymann": "Q15893914", "Barbara M\u00fcller": "Q18018617", "Daria Pezzoli-Olgiati": "Q21258267", "Rannfrid Irene Thelle": "Q85433899", "Lucinda Dirven": "Q99001211", "Cleide Vieira": "Q64847495", "Merete Thomassen": "Q16898026", "Petra Bahr": "Q1169871", "Serena Noceti": "Q21542851", "Claudia Janssen": "Q1097531", "Ivana Noble": "Q57414579", "Corinna K\u00f6rting": "Q17100741", "Annemarie C. Mayer": "Q15783564", "Katharina Bracht": "Q18021906", "El\u017cbieta Kucharska-Dreiss": "Q48862552", "Almut van Niekerk": "Q99768025", "Ursula Reutter": "Q104670238", "Teresa Francesca Rossi": "Q88640503", "Nike Adeyemi": "Q90668841", "Christiane Tietz": "Q1082840", "S\u00f8rine Gotfredsen": "Q12342876", "Anna Pia Viola": "Q93252392", "Mariangela Petricola": "Q93244586", "Eszter Dani": "Q113828430", "Catia Rodrigues": "Q64851705", "Susan E. Hylen": "Q93268927", "Annette Behnken": "Q18221259", "Diana Dimitrova": "Q100605314", "Yvonne Sherwood": "Q112394041", "Christina Brudereck": "Q1083115", "Hildegard Gosebrink": "Q1399541", "Hedwig Porsch": "Q1593394", "Claudia D. Bergmann": "Q113845909", "Nahamm Kim": "Q17088743", "Birgitta Kleinschw\u00e4rzer-Meister": "Q865386", "Charlotte Frycklund": "Q116861952", "Laura Salah Nasrallah": "Q93241648", "Elizabeth Stroud": "Q1331321", "Viola Schrenk": "Q110665467", "Avril Alba": "Q116921179", "Gisa Bauer": "Q15812340", "Katja Tolstaja": "Q111238825", "Hendrika Nicoline Roskam": "Q105716815", "Beate Gilles": "Q105640882", "Katharina Ceming": "Q1735877", "Heike Omerzu": "Q1594558", "Emmanuelle Seyboldt": "Q30068304", "A.S. Dowidat": "Q99389958", "Becky Enenche": "Q112667951", "H\u00e9l\u00e8ne de Saint-Aubert": "Q28164566", "G. Werner": "Q58354755", "Chantal Nsongisa Kimesa": "Q93232172", "Uta Andr\u00e9e": "Q112524655", "Kalina Wojciechowska": "Q11733783", "Astrid Kleist": "Q15784253", "Claudia G\u00e4rtner": "Q61746300", "Anni Pesonen": "Q63139807", "Judith Becker": "Q104834195", "Kamila Veverkov\u00e1": "Q106983272", "Mihamm Kim-Rauchholz": "Q16218726", "Rebecca Sally Watson": "Q112063108", "Angela Maria Lupo": "Q93225602", "Miriam Sklarz": "Q107281407", "Rona Tausinger": "Q110657655", "Anne Westerduin": "Q17351545", "Agatina Abbate": "Q108599038", "Chloe\u034f\u0308 Starr": "Q113776301", "Mari Parkkinen": "Q123678229", "Kana Tomizawa": "Q76362659", "Laurence Ndong": "Q122975783", "Michelle Becka": "Q60481046", "Eivor Andersen Oftestad": "Q110634619", "Kristina Myrvold": "Q112452215", "Karin Berkemann": "Q15446638", "Renate Nika": "Q15842152", "Dorothee Arnold": "Q61122104", "Kati Tervo-Niemel\u00e4": "Q63192787", "Britta Konz": "Q113769489", "Amy E. Marga": "Q113780228", "Ruth Valerio": "Q112521950", "Kathrin Oxen": "Q1736515", "Nina Sophie Heereman": "Q109409766", "Rosalinda Rivera": "Q26258710", "Ifeanyi Adefarasin": "Q111226323", "Martina Roesner": "Q96070013", "Simona Segoloni Ruta": "Q107029475", "Lina Sj\u00f6berg": "Q4978883", "Fiorella Magnano": "Q87401108", "Zde\u0148ka Pitrunov\u00e1": "Q112417782", "Meggan Watterson": "Q112480070", "Veronika Hoffmann": "Q21264851", "Ute Leimgruber": "Q60710919", "Mirja Kutzer": "Q61784390", "Miriam Rose": "Q1938163", "Maria Katharina Moser": "Q40974970", "Aira V\u00f5sa": "Q12358464", "Claudia Welz": "Q21257662", "Heike Springhart": "Q95207396", "Katja Winkler": "Q98832829", "Silvia Vecchini": "Q108570105", "Megan K. DeFranza": "Q111088053", "Agn\u00e8s Desmazi\u00e8res": "Q113832043", "Fabiana Anast\u00e1cio": "Q96072211", "Laetitia Calmeyn": "Q52636719", "Benedetta Rossi": "Q75995756", "Anne Birgitta Pessi": "Q62759810", "Martina B\u00e4r": "Q93242084", "Ianire Angulo Ordorika": "Q108652516", "Stefanie Schardien": "Q2338270", "El\u017cbieta Wiater": "Q113809242", "Jessica Hayes": "Q58917013", "Kylie Crabbe": "Q96749245", "Katharina Heyden": "Q18021912", "\u0418\u0440\u0438\u043d\u0430 \u0402\u043e\u0440\u0452\u0438\u045b": "Q47504885", "Christine Schliesser": "Q61167172", "Emanuela Fogliadini": "Q84766121", "Carmen Joy Imes": "Q113736555", "Monika Bia\u0142kowska": "Q115432875", "Stina Fallberg Sundmark": "Q4947566", "Madeleine Wieger": "Q113808401", "Shayna Sheinfeld": "Q105063758", "Anne-Sophie Vivier-Muresan": "Q87769181", "Leah Kalmanson": "Q113814472", "Marion Muller-Colard": "Q18744892", "Judith Hahn": "Q50246181", "Zuzana Pavelkov\u00e1 \u010cevelov\u00e1": "Q106983463", "Anna Aleksandra Glusiuk": "Q113823321", "Tabita Landov\u00e1": "Q47637642", "Marie Monnet": "Q42318711", "Marianne Moyaert": "Q93233400", "Astrid Heidemann": "Q112072846", "Heather Macumber": "Q113761659", "Suzana Vuleti\u0107": "Q109423874", "Heidi Jokinen": "Q107896618", "\u00c5ste Dokka": "Q91062475", "Christine Weide": "Q95187438", "Ester Brunet": "Q110485793", "Rebecca Stephens Falcasantos": "Q112343225", "Mariam Kartashyan": "Q113844723", "Kathryn R. Barush": "Q113841758", "Anu P\u00f5ldsam": "Q61110126", "Barbara Marchica": "Q113291967", "Katja A. P. Soennecken": "Q102112541", "Ekemini Uwan": "Q111607309", "Carly Lorraine Crouch": "Q113457179", "Sini Mikkola": "Q90022300", "Kornelia Wr\u00f3blewska": "Q21282157", "Dorothea Gauland": "Q41156977", "Anne L\u00e9tourneau": "Q100605300", "Julia Enxing": "Q78757713", "Chiara Bertoglio": "Q19946724", "Petra Verebics": "Q113845922", "Nadia Hilton": "Q53683410", "Almatine Leene": "Q21551250", "Sandra Fernau": "Q109851603", "kemi olubu oyedepo": "Q115621491", "Sarah Stewart-Kroeker": "Q77560159", "Luise Ahmed": "Q93258638", "Katharina Freudenberg": "Q95193828", "Isabelle de La Garanderie": "Q107132594", "Marjaana Toiviainen": "Q61103974", "Elisa Uusim\u00e4ki": "Q98874202", "Irene Klissenbauer": "Q113809510", "Pastor Eno Jerry": "Q115616731", "Nadia Marais": "Q118140678", "Francesca Bocca-Aldaqre": "Q73106362", "Kristina Kieslinger": "Q113842510", "Esther Kazen": "Q95690335", "Lucy Natasha": "Q117378131", "Elizabeth Silverio": "Q119953153", "Gerhild Becker": "Q48084526", "Roddy O'Neil Cleary": "Q2160930", "Christine Winter": "Q18411134", "Naoko Iyori": "Q11379367", "Nili Shupa\u1e33": "Q18120357", "Marsha M. Wilfong": "Q20031699", "Tracey-Lee Cane": "Q56159486", "Hanna Salom\u00e4ki": "Q63254959", "Ma\u0142gorzata Duda": "Q63965914", "Lydia Schumacher": "Q64025741", "Alice W. Hunt": "Q65048399", "Agneta Ucko": "Q66487635", "Phyllis Airhart": "Q66488882", "Aubrey Buster": "Q66778005", "Beth Felker Jones": "Q66778029", "Elaine Fisher": "Q67942476", "Geri Telepak": "Q73035143", "Elizabeth Phillips": "Q87364446", "Al\u017eb\u011bta B\u00e1rtov\u00e1": "Q89839193", "Stephanie A. Lowery": "Q94966562", "Emily H. McGowin": "Q95727826", "Jennifer Powell McNutt": "Q95728946", "Sylvie Mpata Masaki": "Q95950811", "Amy Plantinga Pauw": "Q96475860", "Tracy McEwan": "Q96761432", "Maja I. Whitaker": "Q96781220", "Jenny Te Paa-Daniel": "Q96781465", "Lacy Finn Borgo": "Q96912054", "Winifred Merritt": "Q96939970", "Alicia D. Myers": "Q96979163", "Mae Elise Cannon": "Q99292809", "Cherith Fee Nordling": "Q99756799", "Wil Gafney": "Q102453055", "Diane M Yeager": "Q104214746", "Sarah Jane Boss": "Q104214748", "Mary Rose D'Angelo": "Q104214813", "Xochitl Alvizo": "Q104214870", "Meghan J. Clark": "Q104214876", "Sarah Hinlicky Wilson": "Q104214897", "Kan'Dace Brock": "Q104610683", "Carolyn Ann Knight": "Q104640827", "Amira Mittermaier": "Q106518507", "Linda McCrae": "Q106831873", "Jitka Rusov\u00e1": "Q106983527", "Anne Marie Kitz": "Q107251785", "Cheryl M. Peterson": "Q107265678", "Mary Catherine Hilkert": "Q107463002", "Sonia Cihangir": "Q108128913", "Christie Buckingham": "Q108146398", "Ines Angjeli Murzaku": "Q108187922", "Folashade Olukoya": "Q108295382", "Milena Mariani": "Q108551109", "Colleen D. Hartung": "Q108658457", "Isabell Naumann": "Q108759334", "Gabriella Aragione": "Q109981661", "Emma Percy": "Q110423000", "Candace Marie Benbow": "Q110780536", "Ana Raffai": "Q110940644", "Rigel Langella": "Q111364063", "Donna Jones": "Q111396145", "Justine Nabbosa": "Q111472818", "Carol Cureton": "Q111541240", "Giustina Guala Campello": "Q111547285", "Mar\u00eda Teresa Ortega Monasterio": "Q111901738", "Arelis Ben\u00edtez": "Q111920743", "Kristine Sandm\u00e6l": "Q112270393", "Amaryah Shaye Armstrong": "Q112657727", "Emily Dumler-Winckler": "Q113459971", "Ndiko Muzila": "Q113713412", "Erminia Camassa": "Q113729159", "Sheila E. MacGinn": "Q113735453", "Agnieszka Anna Ukleja": "Q113737578", "Jennifer T. Kaalund": "Q113737771", "Mercy Ah Siu-Maliko": "Q113761365", "Theresa Br\u00fcckner": "Q113761571", "Sarah Jacoby": "Q113779105", "Ayla Lepine": "Q113794730", "Emily Gathergood": "Q113808315", "Sheryl Overmyer": "Q113809302", "Jennifer Newsome Martin": "Q113811857", "Helen F. Bergin": "Q113813120", "Cara L. Burnidge": "Q113814767", "Sarah J. Bloesch": "Q113820727", "Lisa Isherwood": "Q113824106", "Helen Efthimiadis-Keith": "Q113824670", "Leah Payne": "Q113832068", "Almeda M. Wright": "Q113841937", "Luisa Ossege": "Q113844834", "Dorianne Buttigieg": "Q113845457", "Sohaira Z. M. Siddiqui": "Q113847011", "Anne Marie Aalbers": "Q114227613", "Rachel Hart Winter": "Q114515075", "Barbara A. Peddie": "Q114784018", "Antri Polydorou": "Q114971484", "Tope Ogunnoiki": "Q115617401", "Quinny Ijang": "Q115621910", "Krista Showalter Ehst": "Q116740939", "Marie-Caroline Bustarret": "Q116973739", "Janet Crawford": "Q116985579", "Kathleen M. Court": "Q117313631", "Jessica Coblentz": "Q118140505", "Barbara J. McClure": "Q118140571", "Talitha Cooreman-Guittin": "Q118384743", "Lilian Dube": "Q118582734", "Victoria Loorz": "Q119850037", "Pauline Margaret Simonsen": "Q120999274", "Anna Maria Calzolaro": "Q121144616", "Ethelyn Taylor": "Q123055324", "Lydia Hill Johnson": "Q123508037", "Ann L. Gilroy": "Q123575000", "Dale Mary Garratt": "Q124045188", "Maggie Mabechu": "Q124370189", "\u0392\u03b1\u03c3\u03b9\u03bb\u03b9\u03ba\u03ae \u039c\u03b7\u03c4\u03c1\u03bf\u03c0\u03bf\u03cd\u03bb\u03bf\u03c5": "Q124509746"}