{"Mariet Spronk": "Q27063748", "Ibolya Torma": "Q27107627", "Rachel Silverman": "Q27107625", "Eugenie van Dam": "Q27063745", "Jeanette Rose": "Q27107629", "Yvonne van der Stoep": "Q27058438", "Pauline Haughton": "Q27107407", "Ip Wing-yuk": "Q26899273", "Shyamala Shetty": "Q27881166", "Diana Fuhrman": "Q27881122", "Senka Asenova": "Q27107424", "Kumi Haseba": "Q11653669", "Lyubov Cherepakha-Volkova": "Q4512867", "Yang Su-kuan": "Q27881177", "Maria Christoforidou": "Q27107396", "Yang Mei-tzu": "Q27107550", "Rikke Moosdorf": "Q27058439", "Zou Feie": "Q27464904", "Jennifer Maysmor-Gee": "Q27058428", "Marie Forteath": "Q27881149", "Wasana Putcharkarn": "Q27107421", "Kim Oh-sook": "Q27450586", "Lam Wai Yee": "Q26899249", "Margarita Babadzanova": "Q27107405", "M\u00e1ria Tak\u00e1cs": "Q953599", "Misasanga Wangkiree": "Q27881155", "Nancy Niro": "Q27049513", "Sylvie Iskin": "Q27058448", "Polina Katsman": "Q108319256", "Han Changmei": "Q27450301", "Anna Stroubou": "Q27107394", "Anna Strumbu": "Q64667998", "Milena Mileskova": "Q27107428", "Bharti Singh": "Q27450112", "Chhaya Adak": "Q27881121", "Veronika T\u00f3bi\u00e1s": "Q27107433", "Panagiota Antonopoulou": "Q27107427", "Inna Terasmaa": "Q124251182", "Sumita Laha": "Q27107402", "Sara Duarte": "Q65160162", "Gabriela Dimitrova": "Q27107418", "St\u00e9phanie Machefaux": "Q28335870", "Anik\u00f3 Triff-\u00c1rkosi": "Q27881113", "Maria Saari": "Q27058433", "Rachel Clark": "Q27471357", "Won Soon-yi": "Q27458377", "Riitta Pirkki\u00f6": "Q27452308", "Ponco Imbarwati": "Q27452233", "Tina Beiter": "Q12343194", "Siti Aisah": "Q107633322", "Hiromi Uemura": "Q18700711", "Kameliya Nikolaeva": "Q63968992", "Li Hongling": "Q27107566", "Erika Tak\u00e1cs": "Q27107398", "Camelia Nikolaeva": "Q27107416", "Mina Uotome": "Q27881154", "Ann Beatrice H\u00f8ien": "Q106977925", "Guo Qiuxiang": "Q27107577", "Evdokia Chatziavramidou": "Q27058436", "Eul\u00e1lia Rom\u00e3o": "Q65159841", "Greet Meulemeester": "Q1830699", "Noriko Hasegawa": "Q27058434", "Zhaneta Georgieva": "Q63684048", "Sandra G\u00f3mez Torres": "Q63818406", "Chu Nan-mei": "Q1089012", "Bilkisu Musa": "Q26897204", "Ester Cich\u00e1": "Q26896930", "Xolile Nxumalo": "Q27458640", "Mar\u00eda Dolores Mart\u00ednez": "Q27451624", "Mette Pedersen": "Q27048221", "Janeta Georgieva": "Q27450433", "Susanne Dandenault": "Q26896927", "Filippia Kochliaridou": "Q27057856", "Gao Lijuan": "Q27450126", "Lyudmila Kanunova": "Q26896941", "Remigia Arcila": "Q26896922", "Neli Yankova": "Q27057763", "Saula Nascimben": "Q26896913", "Zeng Xinling": "Q27459720", "St\u00e9phanie Genna": "Q27454481", "Chen Shu-Chih": "Q1069765", "Lubica Valentov\u00e1": "Q27057905", "Xing Fen": "Q63818455", "Jristina Ilieva": "Q63968995", "Huang Xiaoyu": "Q63969021", "Bibiana Mu\u00f1oz": "Q110484524", "Marie-Josee Pepin": "Q27057770", "Cui Aihong": "Q27449962", "Penphan Moonmongkol": "Q27452217", "Tuija Malinen": "Q27456590", "Valkana Tosheva": "Q27456969", "Han Lixia": "Q27450303", "Peng Liping": "Q27452204", "Diana Back": "Q11856076", "Chen Shu-chih": "Q27449775", "Michal Cooper": "Q27057850", "Theano Zagkliveri": "Q27057955", "Grisel Abarca": "Q27450271", "Liubov Averi\u00e1nova": "Q64668005", "Aye Mon Khin": "Q27057949", "Liao Shuping": "Q63818464", "Sharon Oakley": "Q27453527", "Wang Genying": "Q27457717", "Line Mary": "Q27057951", "Suzanne Leathers": "Q27454911", "Ji Qinghua": "Q27450448", "Theodoula Spanou": "Q27881174", "Wu Haiqing": "Q27458416", "Emese Fodor": "Q1002276", "Aneta Szczepa\u0144ska": "Q27450093", "Anita Kristoffersen": "Q106949378", "Gergana Kirilowa": "Q19819093", "Claudine Yu Hing": "Q27824493", "Wu Chi-tsen": "Q26897207", "Mami Abe": "Q27881181", "Radom\u00edra \u0160ev\u010d\u00edkov\u00e1": "Q26896933", "Shamira Chaiter": "Q106808909", "Michele David": "Q27047907", "Wendy Santana": "Q27057900", "Siika Stoeva": "Q63818413", "Lisa Brien": "Q27450674", "Ilona Dank\u00f3": "Q22236468", "Timea Kovacs": "Q27472045", "Ma Na": "Q27450869", "B\u00e9n\u00e9dicte Comblez": "Q27881119", "Heidi Neubacher": "Q26896923", "Siyka Stoeva": "Q27057909", "Hafida Samlali": "Q98968281", "Alexia Papageorgiou": "Q27881105", "Satomi Saito": "Q28811980", "Susanna Samuelsson": "Q27057934", "T\u00edmea Raj": "Q27456706", "Venera Mannanova": "Q27057964", "Xing Liwei": "Q27458590", "Svetlana Dandukova": "Q26896940", "Shqiponja Brahja": "Q21607522", "Xiang Fenglan": "Q27458521", "Lea Foreman": "Q27057928", "Lea Rentmeester": "Q27450629", "Zhang Xiaoli": "Q27459886", "Lisbeth \u00d8stergaard": "Q27469862", "Zhou Meihong": "Q27460068", "Guan Hong": "Q63683647", "Chritina Strovolotou": "Q27057771", "Snejana Popova": "Q27057838", "Adriana Gallego": "Q27057913", "Valida Iskanderova": "Q27057939", "Sun Caiyan": "Q26897192", "Janice Degia": "Q11719760", "Safia Kouri": "Q67522629", "Yifan Yang": "Q26897206", "Wiunawis Hern\u00e1ndez": "Q16300827", "Qu Lihua": "Q27452240", "Silvia Puxeddu": "Q26896939", "Michal Shahar": "Q27057911", "Li Changping": "Q27469856", "Marie Kor\u010di\u00e1nov\u00e1": "Q26896931", "Laure Mary": "Q27057920", "Melanie Pritchard": "Q27451668", "Wu Xiangmei": "Q63968999", "Claudia Mues": "Q27057968", "Claudia M\u00fcller (weightlifter)": "Q27467019", "Olga Glaz": "Q27057852", "Genoveva Tiron": "Q27450151", "Wan Ni": "Q27457518", "Ingrid F\u00e8vre": "Q27043045", "Sun Tianni": "Q27057925", "Katia Iacuzzo": "Q22236478", "Ana-Maria Iag\u0103ru": "Q27449455", "Meng Xianjuan": "Q27451691", "Amanda Inman": "Q27449442", "Katalin Laczi": "Q26897194", "Nita Uera": "Q27451957", "Chen Hsiao-lien": "Q27057863", "Huang Hsi-li": "Q27450397", "Miyuki Arai": "Q27469995", "Wei Xiangying": "Q27458075", "Li Yunli": "Q63683533", "Liu Ling": "Q63683588", "Hua Ju": "Q27450377", "Li Hongyun": "Q27450648", "Ma Runmei": "Q27450871", "Mihaela Geamba\u0219u": "Q27057960", "Kaisa Viren": "Q27057902", "Bahija Fadil": "Q98970411", "Petra Klimparov\u00e1": "Q26896928", "Dahbia Rigaud": "Q23008983", "Kuo Ping-chun": "Q27057848", "Margarita Rojas": "Q27450977", "Anna Czermi\u0144ska": "Q26896943", "Albina Wiktorowna Chomitsch": "Q15061679", "Annika Berntsson": "Q26896898", "Masumi Imaoka": "Q26897200", "Blanca Fern\u00e1ndez": "Q27057901", "Supeni Wasiman": "Q26897196", "Aiza Kutysheva": "Q27057772", "Cao Chunyan": "Q27057857", "Harriet Namusoke": "Q27450321", "Shi Lihua": "Q27453710", "Yun Yanhong": "Q63684023", "Rosa Margo": "Q26896916", "Liliana Garc\u00eda": "Q27049477", "Lu Yu-ruu": "Q27450708", "Maria Cavero": "Q27451175", "Hanna Ker\u00e4nen": "Q26896936", "Derya A\u00e7ikg\u00f6z": "Q26896906", "Ouahiba Belghandi": "Q27057761", "Gretty Lugo": "Q26897155", "Lyudmila Arefyeva": "Q27057837", "Simone Ingram": "Q27057936", "Yoshiko Kitamura": "Q26897202", "Miel McGerrigle": "Q26897156", "Olga Solovieva": "Q27057972", "Anik\u00f3 Ajkay": "Q27057841", "Solsiris Francisco": "Q26897186", "Emmy Vargas": "Q26897068", "Kyi Kyi Than": "Q27057896", "Heba Said": "Q106808949", "Tang Weifang": "Q2392363", "Oxana Solonenko": "Q26896945", "Sefi Onubaye": "Q26897203", "Carolina Hern\u00e1ndez": "Q27057941", "Nancy Ponce": "Q27057970", "Gao Xiaoyan": "Q27469732", "Olga Sablina": "Q27057844", "Kirstie Law": "Q27057840", "Dagmar Kutl\u00edkov\u00e1": "Q26897039", "Tanti Pratiwi": "Q26896938", "Marl\u00e8ne Gudin": "Q26896937", "Kelly Rexroad": "Q26897016", "Brenda Lozaique": "Q62974891", "Touria Kendouci": "Q27824452", "Touria Kandouci": "Q98967972", "Linda Kv\u00e6rn\u00f8": "Q106934564", "Mar\u00eda Carvajal": "Q26896899", "Renata Natan": "Q27057759", "Naw Ju Ni": "Q22236534", "Claritza Francisco": "Q26896912", "Rebeca Sires": "Q26896934", "Hiromi Fujiwara": "Q27450333", "Micol Dal Nevo": "Q27057898", "Henrietta Raki": "Q26896921", "Aye Aye Aung": "Q27450101", "Rabab Ashour": "Q27452249", "Kheira Hamani": "Q98970372", "Xiao Ying": "Q27057847", "Susana Brand\u00e3o": "Q27057906", "Meital Moshkovitz": "Q27057944", "Mita Overvliet": "Q26897018", "Joan Rivera": "Q27450466", "Veronika Buro\u0148ov\u00e1": "Q26896932", "Xiong Meiying": "Q26897193", "Marta Kleszczy\u0144ska": "Q11770583", "Tsend-Ayuushiin Ariunjargal": "Q27498701", "Anja B\u00e6rentsen": "Q27043082", "Kumie Matsumiya": "Q26897127", "Babalwa Ndeleleni": "Q27449488", "Natallia Radukhouskaya": "Q26896903", "Xu Jiao": "Q27047915", "Shang Shichun": "Q23059220", "Cemar V\u00e1squez": "Q27057846", "Oxana Zolotaryova": "Q26896902", "Emilia Fern\u00e1ndez": "Q27450044", "Idalia Salinas": "Q26896914", "Li Xuezhao": "Q27057891", "Larissa Saint-Jacques": "Q26897154", "Antonia Vicente": "Q26896904", "Marta Wawak": "Q11770644", "Kate Howard": "Q27469793", "Noemi Rivera": "Q27827598", "Regina Salavatovna Mavljutova": "Q18590484", "Regina Mavlyutova": "Q26896901", "Nataliya Barysik": "Q26896926", "Rodriguez Lourdes Gorostegui": "Q27057966", "Antonia Leyba": "Q26896905", "Ling I-hua": "Q27057766", "Liu Fang-hsiu": "Q26924579", "Yelena Sukhina": "Q27050148", "Madiha Abdelmoneim": "Q27050175", "Elena Zinovieva": "Q27050206", "Olena Zinovieva": "Q64667953", "Hidam Shaya Devi": "Q26845380", "Soumaya Fatnassi": "Q26845364", "Taengmo Muangpho": "Q27050207", "Chandreshori Devi Shougrakpam": "Q26844999", "Jana Volfov\u00e1": "Q27469777", "Atom Sandhyarani Devi": "Q9297176", "Rosetta Detenamo": "Q26924564", "Taeko Okura": "Q26924549", "Julie Matatiken": "Q98968242", "Antra Petruna": "Q27050158", "Valeria Fontan": "Q23059340", "Christina Baka": "Q26924543", "Silvia Lucero": "Q26924535", "Laura N\u00fa\u00f1ez": "Q26924536", "Aysel \u00d6zg\u00fcr": "Q27450104", "Jodi Wilhite": "Q26924587", "Olena Zynov'yeva": "Q23059212", "Tikina Gopal": "Q27050165", "Yania Baldera": "Q26845401", "Marina Reyes": "Q26924552", "S\u00fckhbaataryn Sarantsetseg": "Q26845023", "Norel Castillo": "Q27452010", "Candace Kucsulain": "Q16337733", "Candace Puopolo": "Q23482890", "Sun Yakun": "Q27050177", "Song Zhijuan": "Q27050146", "Aline Campeiro": "Q26844484", "Claret Bellorin": "Q22236554", "Claret Bellor\u00edn": "Q26845441", "Li Xuejiu": "Q27050145", "Stefania Magliola": "Q26924547", "Jhanta Kumari Katuwal": "Q26845405", "Mercedes Fern\u00e1ndez": "Q22236525", "Poireinganbi Chanu": "Q26844971", "Rachel Hearn": "Q26924588", "Heba Ahmed": "Q74572611", "Lobna Maatoug": "Q98968259", "Sabren Youssef Kamel": "Q106808981", "Liu Xia": "Q26927726", "Tania Whalen": "Q26845398", "Anna Athanasiadou": "Q22236569", "Enrica de Luca": "Q26869791", "Yedid Orozco": "Q26924553", "Patricia Sosa": "Q26927729", "Martha Malla": "Q26844481", "Olibia Toka": "Q22236557", "Charlotte Mc Eachern": "Q26924529", "Estefan\u00eda Juan": "Q1369829", "Dalila Acheria": "Q98931346", "Estefan\u00eda Juan Tello": "Q64667923", "Kim Dong-ok": "Q27050228", "Lucia Troj\u010d\u00e1kov\u00e1": "Q26844482", "Olivia Salinas": "Q26869806", "Vanessa Nunez": "Q22236551", "Vanessa N\u00fa\u00f1ez": "Q26845397", "Iwona Miko\u0142ajczewska": "Q27050226", "Anett Goppold": "Q529467", "Kim Mi-kyung": "Q27469824", "Heidi Harju": "Q26844998", "Heidi Kanervisto": "Q26924540", "Betsab\u00e9 Garc\u00eda": "Q26924551", "Christmas Abbott": "Q107560753", "Yang Houqin": "Q26845308", "Kenza Filali": "Q27824450", "Esther Velazco": "Q27050179", "Elizabeth Jeremiah": "Q27050225", "Tumy Gomez": "Q27456651", "Nguy\u1ec5n B\u00edch H\u00e0": "Q26845377", "Nadia Bouhizeb": "Q98973714", "Tea Suojanen": "Q27830727", "Szilvia Nagy": "Q26845392", "Kesorn Chooban": "Q26924575", "Kateryna Byelik": "Q26924584", "Rhariba Daamon": "Q26924518", "Yesenia Gauna": "Q26869808", "D\u00f6nd\u00fc Ay": "Q27050154", "Amanda Sandoval": "Q26844966", "Jenny Adolfsson": "Q123365999", "Pak Un-hui": "Q26845338", "Sailaja Pujari": "Q22236514", "Silviya Angelova": "Q16010486", "Mar\u00eda Jos\u00e9 Tocino": "Q27050164", "Teresa Gaume": "Q26869799", "Almira Lizde": "Q26844990", "Muslime Meral-Sunar": "Q26845004", "Giovanna D'Alessandro": "Q26844483", "Danica Rue": "Q26844978", "So Wai Ching": "Q26845214", "Kazue Imahoko": "Q7477269", "Caroline Girard": "Q26927751", "Roxana Osorio": "Q26924515", "Leuzkis Farias": "Q26870846", "Rumjana Petkowa": "Q19818936", "Rumyana Petkova": "Q26869818", "Ewa Kura\u015b": "Q26924566", "Eithne Harte": "Q27832545", "Kathleen Sch\u00f6ppe": "Q1736289", "Mary Diringa": "Q11770866", "Liu Bing": "Q63683506", "Nagham Ramadan": "Q106809049", "Ijeoma Nwatu": "Q26924561", "Denisse Encinas": "Q27050168", "Katerina Rezynova": "Q27050176", "Nidia Pardo": "Q22236546", "Fang Hsin-tzu": "Q26870763", "Yordanka Apostolova": "Q26845453", "Gina Hoog": "Q26924542", "Gomez Cristina Su\u00e1rez": "Q26845457", "Veronika Lukashevich": "Q26924528", "Aikaterini Roditi": "Q23059295", "Liliana Borb\u00f3n Ortega": "Q26845407", "Masako Tokeshi": "Q26845206", "Casado Azahara Lopez": "Q27050149", "Theano Katsidi": "Q26924516", "Shwe Sin Win": "Q22236530", "Lee Yeon-hwa": "Q26924550", "Sarah Bertram": "Q26845292", "Elizabeth Cortez": "Q26869801", "Fatma Ebru Pekmezci": "Q26844961", "Kerri Wotenick": "Q27244614", "Martina Szepesi": "Q26844981", "Nikoletta Nagy": "Q1214428", "Natalia Gagarina": "Q27830513", "Judith Ketchanke": "Q67524726", "Barbara Sachmaci\u0144ska": "Q9165570", "Imen Hasnaoui": "Q26924524", "Sade Okotie-Eboh": "Q27050167", "Ndoua Epie Osoungou": "Q27464502", "Joyce \u00c9pie Osoungu Ndoua": "Q98960673", "Mariya Vidlyvana": "Q26844993", "Margaret Uwah": "Q26845222", "Sarah Davis": "Q26927758", "Ernestina Familia": "Q26844447", "Louise Mather": "Q27464351", "Patience Lawal": "Q26924557", "Svitlana Kokhanenko": "Q26924580", "Tetyana Hlushak": "Q27050171", "Tara Devi Pun": "Q27455554", "Natividad Dominguez": "Q26869802", "Pensiri Saelaw": "Q76876906", "Shemshat Tuliayeva": "Q21531498", "Michelle York": "Q27050172", "Svitlana Cherniavska": "Q12169980", "Aksana Zalatarova": "Q21395943", "Kefilini Tualau": "Q26845459", "Oksana Mihailova": "Q26845404", "Lin Tsu-ling": "Q26845378", "Monica Picon": "Q26869792", "Milijana Vojnovi\u0107": "Q26844466", "Carmen Echevarr\u00eda": "Q27827588", "Natallia Ivanenka": "Q26845446", "Ruth Anderson-Horrell": "Q27824566", "Mihaela Kruljac": "Q26844469", "Khu\u1ea5t Minh H\u1ea3i": "Q26845409", "Yvonne Kranz": "Q2602399", "Hj\u00f6rd\u00eds \u00d3skarsd\u00f3ttir": "Q26844742", "Massiel Rojas": "Q27487456", "Firoga Parvin": "Q26869815", "Figroga Parvin": "Q27244604", "Portia Vries": "Q26844992", "Ri Hyon-ok": "Q27471391", "Marta Dreger": "Q27050160", "Henda Ehsseinia": "Q98931301", "Estelle Lechat": "Q26845381", "Agostinha Tilman": "Q27244599", "Kylie Lindbeck": "Q26844870", "Annipa Moontar": "Q26845452", "Kamilya Bagautdinova": "Q26845394", "Francia Pe\u00f1u\u00f1uri": "Q26844965", "Olivera Juri\u0107": "Q11173119", "Pavla Kladivov\u00e1": "Q26845008", "Rachida Torchi": "Q98960656", "Olga Kiseleva": "Q26924520", "Tatiana Fern\u00e1ndez": "Q26924538", "Olga Navotna": "Q26845357", "Janne Grostad": "Q106956527", "Nataliya Trotsenko": "Q26845363", "Magdalena Ufnal": "Q11766111", "Diane Nathalie Tiemeni": "Q27827537", "Helene Laure Miyenga": "Q62936367", "Galina Momotova": "Q26844474", "Hebatalla Ibrahim": "Q26845424", "Jean Phillipa Patterson": "Q27824561", "Elena Sisoeva": "Q26845275", "Tongbram Chanu Inurani": "Q26845399", "Manal Hasnawi": "Q98970390", "Yu Honglian": "Q27050173", "Sin Chol-ok": "Q26844960", "Wafa Ammouri": "Q12010318", "Fumiko Jonai": "Q26844983", "Ng\u00f4 Th\u1ecb Nga": "Q26845328", "Agatha Egbudike": "Q26845395", "Beti Feriyani": "Q26845007", "Islam Majidi": "Q98970729", "Silvana Vukas": "Q26844480", "Gao Wei": "Q63683499", "Aoife MacNeill": "Q26844736", "Lauren Roberts": "Q27464309", "Silvia Artola": "Q23059380", "Lu Wan-i": "Q26924578", "Eleni Kourtelidou": "Q23059304", "Shoko Sumida": "Q26845345", "Christina Ejstrup": "Q26132615", "Leslie Armijo": "Q27450640", "Asmahan Elayyan": "Q27824449", "Kamila Bialkowska": "Q26869807", "Yuko Kikuta": "Q26924517", "Rachel Crass": "Q26845019", "Cen Lijuan": "Q27791593", "Annarosa Campaldini": "Q26844988", "Tai Hsiao-chun": "Q26870918", "Konstantinas Gerasimovas": "Q26869788", "Leonora Brajshori": "Q124611124", "Anna Le\u015bniewska": "Q9155380", "Liliane Menezes Lacerda": "Q26844470", "Svetlana Cheremshanova": "Q3506315", "Aminat Maskhadova": "Q15131916", "Loubaba Ben Chouba": "Q98931488", "Norma Figueroa": "Q26845009", "Emmanuella Labonne": "Q27827539", "Alexandra Klatsia": "Q26844438", "Gabriela Yoshie Vera": "Q27827660", "Nadia Szama\u0144ska": "Q26845447", "Nadiya Shamanska": "Q26924583", "Sabina Bagi\u0144ska": "Q9332567", "Alexandria Craig": "Q26132599", "Fetije Kasaj": "Q16355243", "Fetie Kasaj": "Q26844969", "Yuliya Artemova": "Q26844975", "Natalija Trozenko": "Q948139", "Li Xia": "Q27469857", "Marianne Hasfjord": "Q124744914", "Sally El Sayed": "Q26870862", "Erin Wallace": "Q26845016", "Sabeh Jerbi": "Q98971044", "Joke Adekola": "Q26924556", "Desislava Bozhilova": "Q26845448", "Frapti Tri Setiyawati": "Q26845406", "Daryna Goncharova": "Q26844986", "Jenna Myers": "Q26844450", "Assia Slimane": "Q98960659", "Moeha Matsumoto": "Q26844479", "Shalinee Valaydon": "Q26844753", "Heydy Silva": "Q26870781", "Kao Ya-chun": "Q26845410", "Sini Kukkonen": "Q26132697", "Kristin Edwards": "Q27244617", "Thaw Yae Faw": "Q22236528", "Guba Hale": "Q27244612", "Mai Magdi": "Q26924533", "Julija Derkatsch": "Q22236700", "Yuliya Derkach": "Q27830744", "Jenni Puputti": "Q26844434", "Magdalena Cojom": "Q27450901", "Alexandra Molnar": "Q26869798", "Justyna Smosarska": "Q26924565", "Maria Pipiliaridou": "Q23059297", "Artemis Theriaki": "Q12872361", "Okta Dwi Pramita": "Q26844995", "Mariem Smati": "Q62936562", "Tegan Napper": "Q26844862", "Malwina Rowi\u0144ska": "Q26845366", "Jessica Edge": "Q27464115", "Sureerat Thongsuk": "Q26845386", "Irina Vlassova": "Q26845449", "Amanda Gould": "Q27824550", "Sinta Darmariani": "Q26844737", "Hwang Pu-lum": "Q26845408", "Ayano Tani": "Q26844977", "Pham Thuy Dung": "Q27793186", "Zaira Zakaria": "Q27244601", "Adyaakh\u00fc\u00fcgiin Otgonjargal": "Q27449439", "Ma Hui-chun": "Q26845458", "Mar\u00eda \u00c1lvarez": "Q22236629", "Flavia Severin": "Q51285507", "Amnuaiporn Maneewan": "Q26870745", "Yinelis Burgos": "Q26845454", "Ahlem Elarbi": "Q27827771", "Anna Everi": "Q11851564", "Mandy Wedow": "Q1660110", "Ho Hsiao-chun": "Q26845000", "Patricia Figueroa": "Q26845332", "Li Juan": "Q27793410", "Gulnaz Nauryzova": "Q26844866", "Eftychia Ananiadou": "Q26844454", "Novi Yanti": "Q27791788", "Suzanne Hiram": "Q9348495", "Mary Barter": "Q27824563", "Patricia Rieger": "Q106417421", "Nadia Hosni": "Q27451803", "Rizelyx Rivera": "Q26844967", "Pyon Yong-Mi": "Q27824381", "Quisia Guicho": "Q26844431", "Guo Xiyan": "Q26845257", "Sara Saucedo": "Q113654091", "Lacey Van Der Marel": "Q26844735", "Lesbia Cruz": "Q27487447", "Jacinthe Desch\u00eanes": "Q26845391", "Kristina Larsen": "Q27469829", "Wang Ya-jhen": "Q26844976", "Anastasia Chernykh": "Q27824448", "Kathleen Hare": "Q27244602", "Anja-Evelin Jordalen": "Q17098524", "Natthaneeya Chanpook": "Q26870797", "Natalia Grishina": "Q27832557", "Bao Vang": "Q27791888", "Nisida Palomeque": "Q6043307", "Habiba Tahri": "Q98971004", "Yu Un-bok": "Q27791886", "Liana Manukyan": "Q22236561", "Arisha Farra": "Q27244616", "Eszter Valk\u00f3": "Q27832578", "Lazat Kashkylina": "Q26870710", "Bianka Bazs\u00f3": "Q26844471", "Katarzyna Ostapska": "Q11737035", "N\u00edsida Palomeque": "Q26844476", "Idalmis Rivera": "Q27450414", "Lin Wan-hsuan": "Q26845231", "Erika Ortega": "Q113699734", "Pilar Bakam Tzuche": "Q22236588", "Pilar Bakam": "Q26845002", "Sonia Borriero": "Q108004088", "Tseng Tzu-jung": "Q26845389", "Viktoria Savenko": "Q26845249", "Viktoriya Savenko": "Q64211063", "Hnin Thant Zin": "Q26845385", "Tatyana Kostenko": "Q26845266", "Watcharawadee Rattanachuang": "Q27791651", "Raihan Yusoff": "Q22236596", "Winny Chepngeno Langat": "Q27824978", "Rachel Hayes": "Q27832569", "Camilla Carlsen": "Q106869612", "Zay Zay Latt": "Q27791790", "Nguy\u1ec5n Th\u1ecb Kim V\u00e2n": "Q26845460", "Nicol Matamala": "Q26844473", "Mileidy Albarr\u00e1n": "Q26844868", "Hilary Katzenmeier": "Q26844963", "Volha Nedarezava": "Q26869794", "Volha Kniazhyshcha": "Q27830686", "Jessica Pacho": "Q26869803", "Karina Hauge": "Q26844444", "Winifred Eze Ndidi": "Q27244607", "Asma Razgui": "Q98931524", "Soumia Dik": "Q31299682", "Liu Yun-chien": "Q26844987", "Komang Kardewi": "Q26845400", "Tania Mascorro": "Q26844449", "Vasilka Dineva": "Q26845456", "Alexandra Andagoya": "Q27449440", "Helen Jewell": "Q27244606", "Zhou Wenyu": "Q27793197", "Lydie Tiemonhou": "Q27824494", "Raquel Alonso": "Q26845157", "Chomchailai Prachamorn": "Q27791881", "Melissa Schanche": "Q106922363", "Mohasin Mohamed": "Q27824451", "Afaf Ibrahiem Mohamed": "Q26844982", "Chen Youjuan": "Q26844867", "Mashitoh": "Q26844958", "Amanda Braddock": "Q26132596", "Nguy\u1ec5n Th\u1ecb L\u1ee3i": "Q26844970", "Kathsia Telemaque": "Q27244603", "Maibam Sunibala Devi": "Q26844968", "Faitoa Togagae": "Q27244609", "Assia Kadihaya": "Q98967964", "Angelica Lado": "Q27791879", "Mar\u00eda de la Puente": "Q26845365", "Darkhanbaatar Ichinnorov": "Q26845005", "Alyssa Lynn Ritchey": "Q101243605", "Sarah Blasnik": "Q26845383", "Nadezhda Perelygina": "Q108445067", "Allie Henry": "Q26844880", "Rene Belcassia da Silva Sousa": "Q123034878", "Dina Ahmed": "Q26844445", "Iuliia Vlasenko": "Q26845020", "Khanittha Petanang": "Q26845015", "Malvina Veron": "Q27450942", "Erdenebat Erdenetuya": "Q26844994", "Paek Un-hye": "Q27802202", "Juliet Okoebor": "Q26844979", "Elena Sukhar": "Q108154666", "Byambadorj Uranchimeg": "Q26845021", "Philippa Malone": "Q27824565", "Amandeep Kaur": "Q27450078", "Pauliina Utoslahti": "Q27832567", "Prossy Nyanga": "Q27244613", "Anna Govelyan": "Q26132612", "Albertine Um": "Q27463915", "Ine Andersson": "Q106375319", "Albertine Flore Um": "Q107001201", "Naira Harutyunyan": "Q26844989", "Rita Kari": "Q27244605", "Yesenia Dom\u00ednguez": "Q26845300", "Thip-Amon Phupruem": "Q26870727", "Mar\u00eda Bel\u00e9n Mart\u00ednez": "Q22236594", "Mar\u00eda Belen Mart\u00ednez": "Q27487453", "Angie Toledo": "Q26870813", "Kim Yun-jong": "Q27824378", "Nahil Dyab": "Q27451815", "Yaneth Sous": "Q26844863", "Socheata Be": "Q27464681", "Yarvanis Herrera": "Q26844980", "Yessica Sol\u00eds": "Q26845017", "Sharifah Inani Najwa": "Q26838041", "Molla Shabira": "Q26924427", "Odeysis Pelegrin": "Q27452059", "Yana Diachenko": "Q64211052", "Walentina Ljachowez": "Q21395939", "Iana Diachenko": "Q26131344", "Veronika V\u011b\u017en\u00edkov\u00e1": "Q26837990", "Misaki Gushiken": "Q26838456", "Kateryna Driumova": "Q26837992", "Bae Seon-mi": "Q27449490", "Premila Devi Khwairakpam": "Q26838517", "Lee Ae-ra": "Q27824379", "Bunmi Adekola": "Q26838683", "Rosa Matos": "Q27452343", "Dana Berchi": "Q26838501", "Konstantina Lapou": "Q27830743", "Donia Abdelrahman": "Q27827772", "Oyuuntungalagiin Bayartsetseg": "Q26132106", "Iuliya Butkova": "Q27832548", "Josefin Reiser": "Q104670262", "Tusaidah Halimah": "Q26838682", "Zekiye Nyland": "Q27832575", "Aungsumalin Saylert": "Q27791880", "Nur Jannah Batrisyah": "Q26838102", "Meriem Saadaoui": "Q98967974", "Katherine Mercado": "Q27450538", "Tania Morillas": "Q26924089", "Val\u00e9rie Lefebvre": "Q26838472", "Luo Liqin": "Q27824380", "Srishti Singh": "Q27454405", "Stephanie Owens": "Q27464716", "Renny Darlina": "Q26838021", "Sarit Kalo": "Q124635151", "G\u00e9nesis Murcia": "Q26838450", "Nubia Gomez": "Q27452033", "Hatice Y\u0131lmaz": "Q27830715", "Lai Hsiang-ting": "Q27802196", "Chamari Warnakulasuriya": "Q27463940", "Wu Jian": "Q27791792", "Triin P\u00f5dersoo": "Q124333927", "Rocio Navarro Castillo": "Q27487463", "Jenniffer L\u00f3pez": "Q26131407", "Mar\u00eda V\u00e1squez": "Q26838496", "Stine Mari Hasfjord": "Q124744916", "Yuliya Konovalova": "Q11729182", "Sukanya Kunrit": "Q26838653", "Becky Namusoke": "Q27449495", "Caroline Wairimu": "Q113676248", "Sheila Ramos": "Q26775489", "Ngo Thi Xuyen": "Q27793178", "Sevginar Topalova": "Q26924077", "Rika Nakamura": "Q26838654", "Aur\u00e9lie Apaya": "Q62976764", "Anastasiia Kelar": "Q27832542", "Gongoryn Otgontuya": "Q26838466", "Frenceay Titus": "Q27464052", "Azizah Binti Fadzil": "Q27463920", "Reena": "Q27068780", "Manzurahon Mamasaliyeva": "Q22236466", "Katherine Landeros": "Q113654021", "Li Qimei": "Q27793174", "Jessica Ruel": "Q26837988", "Bailey Rogers": "Q27463934", "Nourhene May": "Q98961572", "Mariya Zubova": "Q27068785", "Aye Thanda Lwin": "Q9123650", "Thelma Toua": "Q26209306", "Kelle Kay Rojas": "Q27791882", "Jes\u00fas Gonz\u00e1lez": "Q26775520", "Li Yang": "Q27824385", "Liudmila Bryl": "Q26838000", "Anastasia Lazareva": "Q108040748", "Cortney Batchelor": "Q26837996", "Lin Tingting": "Q27802197", "Oxana Karpunenko": "Q27832565", "Fiorela Ram\u00edrez": "Q26838452", "Wildry de los Santos": "Q26838509", "Nastasja \u0160tesl": "Q112259467", "Magdalena Pasko": "Q26838031", "Meri Ilmarinen": "Q26775312", "Maya Ivanova": "Q16663901", "Emine \u015eensoy": "Q27450051", "Tea Sojat": "Q27832574", "Aleksandra Stepanova": "Q27832577", "Wang Shuai": "Q27457914", "Carolanni Reyes": "Q26838448", "Manon Lorentz": "Q26209480", "Winnie Okoth": "Q54974310", "Ana Segura": "Q26209303", "Xiao Hongyu": "Q27824383", "Yar Thet Pan": "Q22236533", "\u0110\u1ed7 Th\u1ecb Thu Ho\u00e0i": "Q26838037", "Carita Thor\u00e9n": "Q24449799", "Carita Hansson": "Q26838513", "Abbas Yasmin": "Q27824445", "Georgina Silvestre": "Q26837984", "Marwa Jelassi": "Q27827542", "Lan Huixian": "Q27793171", "Vanissa Lui": "Q27464840", "Laryne Jefferies": "Q124825821", "Cecilie Christiansen": "Q27832544", "Manami Fujita": "Q27068777", "Nor Abdul Halim": "Q27451985", "Seo Jeong-mi": "Q27453155", "Iana Ierko": "Q26838480", "Margarita Mercado": "Q26838040", "Fayema Akther": "Q27450098", "Sof\u00eda Angulo": "Q26838094", "Asl\u0131han Ceyhan": "Q26837408", "Alya Agalain": "Q27824447", "Makhliyo Togoeva": "Q21145534", "Mahliyo Togoeva": "Q26837453", "Urima Tyrell": "Q27456782", "Guo Jinyan": "Q27802195", "Huang Yuezhen": "Q27793167", "Kim So-hwa": "Q26837396", "L\u00ea Th\u1ecb Th\u1eafm": "Q27802198", "Darat Srisuwan": "Q27793164", "Kristine Petrosyan": "Q108324440", "Poupak Basami": "Q113637006", "Wiriya Suwannarata": "Q27793195", "Yusleidy Arriola": "Q22236601", "Chioma Amaechi": "Q26837465", "Aleksandra Mierzejewska": "Q26837415", "Radoslav Tatar\u010d\u00edk": "Q26837450", "Nadia Yangui": "Q104862119", "Shelbie Serpan": "Q26837467", "Jessica Borgstr\u00f6m": "Q104662622", "Wipada Sirimongkhon": "Q26837471", "Eliise Peterson": "Q112255899", "Ma\u0142gorzata Wiejak": "Q26837412", "Emma Alderdice": "Q26837399", "Marit \u00c5rdalsbakke": "Q106867747", "Kaie Luenita": "Q27464201", "Nathalie Lebbe": "Q104714993", "Anastassiya Khalikova": "Q26837464", "Monique Ara\u00fajo": "Q26837411", "Xie Hongli": "Q27802207", "Wioleta Jastrz\u0119bska": "Q26131513", "Mariya Khlyan": "Q30958843", "Yaroslav Chernyshov": "Q26837446", "Mayara Silva Gomes": "Q26837477", "Zilola Burieva": "Q26837480", "Muna Ahmed Saleh": "Q26837481", "Praeonapa Khenjantuek": "Q21281321", "Wu Linying": "Q27802206", "Jeon Dae-un": "Q26837449", "Sol Anette Waaler": "Q106956447", "Iana Kondrashova": "Q27832547", "Cho Yu-mi": "Q26837455", "Ekaterina Iutvolina": "Q27832546", "Marlene Sibelya Mbaloula": "Q27824976", "\u0130smet Alg\u00fcl": "Q26837416", "Hind Jernane": "Q98960632", "Hitolo Dogogo": "Q27450344", "Michaela Detenamo": "Q26837474", "Baatart\u00f6m\u00f6riin Ankhzayaa": "Q26837457", "Laura Peinado": "Q113652599", "Eri Mitsuke": "Q11630250", "Georgiana Tites": "Q22236687", "Monalisa Kassman": "Q27451753", "Faina Sivanbayeva": "Q22236602", "Lone Kalland": "Q106998203", "M\u00e1ria K\u00f6teles": "Q16521436", "Hannah Powell": "Q26837472", "Augustina Nwaokolo": "Q27449485", "Sandra Tr\u00e6dal": "Q106907151", "Amanda Poulsen": "Q112259401", "Sophie Smyth": "Q27464695", "Eda \u00c7akal": "Q26838008", "Tatiana V\u00e1squez": "Q26838092", "Batjargalyn Densmaa": "Q27449494", "Vanessa Qui\u00f1onez": "Q27827616", "Arieta Mudunavoce": "Q27824492", "Riska Anjani Yasin": "Q26838028", "Mariia Lubina": "Q27832554", "Seruwaia Malani": "Q27464640", "Kathleen Winters": "Q27306289", "Kanyaluk Choomanee": "Q26838096", "Tayana Medeiros": "Q123034874", "Sherjana Ruci": "Q26838474", "Paek Il-hwa": "Q27452104", "Mar\u00eda Gim\u00e9nez-Guerv\u00f3s": "Q112161573", "Giorgia Russo": "Q26131494", "Katarzyna Kraska": "Q24430935", "Saara Retulainen": "Q56403997", "Santatra Anita Abdallah Alinorosoa": "Q62972316", "Kheuakham Ly": "Q27791785", "Loredana Heghi\u0219": "Q26837997", "Yu Yuanyuan": "Q27802213", "Anneke Spies": "Q112256060", "Alena Chychkan": "Q17095703", "Roberta Buttiglieri": "Q26838032", "Rola Ali": "Q27824459", "Assem Sadykova": "Q27802190", "Saule Saduakassova": "Q26838043", "Ida \u00c5kerlund": "Q104661475", "Irene Mart\u00ednez": "Q27306300", "Kim Su-ryon": "Q27450588", "Noof Omar": "Q27824464", "Mariya Vostrikova": "Q29864973", "Natalia Draganova": "Q27830720", "Prabdeep Kaur Sanghera": "Q26837748", "Estelle Momeni": "Q118645244", "Novita Sherly Kurniati": "Q27793180", "Anastassiya Ibrahimli": "Q26837728", "Lortoungdaue Mailor": "Q27791787", "Anastassiya Shvabauer": "Q27793161", "Nadiia Chibisova": "Q26838006", "Johanie Filiatreault": "Q104811841", "Akane Yoshida": "Q110822326", "Angie C\u00e1rdenas": "Q27487409", "Lola Kadirova": "Q26131479", "Sri Dwi Rahayu": "Q26838462", "Gladis Guadalupe Bueno Placencia": "Q22236744", "Gladis Bueno": "Q26838101", "Surya Sundqvist": "Q104670344", "Marianne Saarhelo": "Q107350859", "Sandra Ako": "Q27464635", "Minati Kumari Das": "Q28952683", "Bakhar Nabieva": "Q62589302", "Amalie Aarsten": "Q112259436", "Nguy\u1ec5n Th\u1ecb H\u1ed3ng": "Q9362256", "Myriam Ghekap Wafo": "Q27464466", "Martine Halvorsen S\u00f8nju": "Q124760581", "Farangiz Shomurodova": "Q26837998", "Andreea Marcovici": "Q26838511", "Yuliya Asayonak": "Q26837986", "Eden Kambi": "Q27824554", "Oumaima Mejri": "Q98960479", "Zohra Chihi": "Q27825018", "Jennifer Hern\u00e1ndez": "Q26837993", "Daniela Pandova": "Q51002203", "Sirine Guezmir": "Q98960598", "Marie-Julie Malboeuf": "Q27464423", "Zeke Pullan": "Q27657003", "Ruth Baffoe": "Q27464612", "X\u00e9niya Pasjina": "Q63119997", "Kim Ye-ra": "Q26838007", "Irina Baymulkina": "Q108169844", "Yafreisy Silvestre": "Q26132082", "Cornelia Hansson": "Q104664433", "Eleni Konstantinidi": "Q63119986", "Diana Chay": "Q111990094", "Mar\u00eda Sierra": "Q26131461", "Rexricco Melekitama": "Q27656994", "Kl\u00e1ra Kasza-Kov\u00e1cs": "Q26838002", "Feng Linmei": "Q27802194", "Parisa Jahanfekrian": "Q68917525", "Tiaterenga Kaua": "Q27464771", "Rena Agricole": "Q98962040", "Maira Faizullayeva": "Q22236695", "Halima Abdelazim": "Q26837750", "Halima Abbas": "Q125472822", "Diah Ayu Permatasari": "Q26837739", "Marissa Klingseis": "Q26838029", "Zeinab Mohamed": "Q27824981", "Arevik Papikyan": "Q107673123", "Lee Seul-ki": "Q26132056", "Sara Sibar": "Q98960447", "Noorin Gulam": "Q27832560", "Samar Hussein": "Q26838016", "Jolanta Wi\u00f3r": "Q106422906", "Ksenia Maksimova": "Q4276252", "Snimerdeep Kaur Sanghera": "Q47351346", "Shayla Moore": "Q113460239", "Viviana Mu\u00f1oz": "Q26837985", "S\u00fcmeyye Kentli": "Q26838093", "Anacarmen Torres": "Q26837737", "Kinga Szil\u00e1gyi": "Q26838010", "Coralie Sienne": "Q27824552", "Pramila Krisani": "Q26838460", "Darya Tseveleva": "Q26838005", "Marziyya Maharramova": "Q27832555", "Aksana Yermolenka": "Q26838023", "Anastasia Anzorova": "Q106381159", "Anna Boga": "Q27832543", "Nadezhda Nogay": "Q26837749", "Arevik Mirzakhanyan": "Q107673492", "Fatima Yakubu": "Q27827569", "Mirjam Polg\u00e1r": "Q26838022", "Batboldyn Enkhtamir": "Q26837746", "Heba Saleh Mahmoud Ahmed": "Q27825014", "Iana Mokhina": "Q108165972", "Rebekka Tao Jacobsen": "Q27832570", "Andrea de la Herr\u00e1n": "Q113611485", "Gillian Ovia": "Q27824556", "Julia Timi": "Q27464162", "Tabea Tabel": "Q26838034", "Emma Enberg": "Q104663035", "Park Min-young": "Q27802212", "Tessy Sandi": "Q27464935", "Nguy\u1ec5n Th\u1ecb Tuy\u1ebft Mai": "Q27802200", "Liudmila Pankova": "Q62889882", "Qi Xia": "Q27805750", "Tuipulotu Fakaola": "Q27824496", "Yuan Yuting": "Q27805757", "Lin Binglian": "Q27805743", "Suliana Fate": "Q27464741", "Dania Obratov": "Q60483017", "Gansereeteriin Baasanjargal": "Q26132006", "Kheira Hammou": "Q98960640", "Wei Chengyu": "Q27805754", "Yeniuska Mirabal": "Q113611384", "Lotte Janssen": "Q27832553", "Aleksandra Kozlova": "Q63078120", "Rozalya Avetisyan": "Q107673489", "Lee Jieun": "Q106508945", "Gulchin Alizada": "Q26837989", "Yao Lingling": "Q27805755", "Veslem\u00f8y Kollstad": "Q124752300", "Cecilly Morales Melendez": "Q27487413", "Hermine Yeghiazaryan": "Q107673458", "Elnura Abbasova": "Q26838009", "Kinga Kaczmarczyk": "Q51174465", "Niulis Gonz\u00e1lez": "Q26132099", "Liang Jingyi": "Q27805742", "Laura Vest Tolstrup": "Q124608412", "Tsovinar Kirakosyan": "Q107673483", "Meriem Nada Benmiloud": "Q63438677", "Janeth G\u00f3mez": "Q125461385", "Mailyng Echeverr\u00eda": "Q113622060", "Vitolia Tauasi": "Q27464892", "Nawal Uwase": "Q114906374", "Rayssa Djifack": "Q118439325", "Alba S\u00e1nchez": "Q27449983", "Medgina Celestin": "Q27487458", "Celia Gold": "Q124572938", "Line Gude": "Q112196339", "Ayamey Medina": "Q113369303", "Emily Rosa": "Q113652402", "Anna Fomina": "Q106406912", "Ilia Hern\u00e1ndez": "Q106407458", "Zo Lalainarinirina Ny Hasina Andrimitantsoa": "Q125381595", "Nazila Ismayilova": "Q113637013", "Hripsime Poghosyan": "Q107673349", "Romantha Larue": "Q115308141", "Ikram Cherara": "Q27827541", "Irina Furdik": "Q108129023", "Nawaporn Daengsri": "Q27805744", "Anne Vejsgaard Jensen": "Q124618064", "Yousra Abidi": "Q62972620", "Rose Harvey": "Q113654224", "Veronika Storm": "Q112255919", "Tu\u011f\u00e7e Boynue\u011fri": "Q106467728", "Yekaterina Stolyarenko": "Q27805756", "Sitrakiniaina Randrianandrasana": "Q62972228", "Altangereliin Bum-Ayuush": "Q26837721", "Kang Hyon-gyong": "Q125658368", "Arpine Dalalyan": "Q106467500", "Fatima Zohra Laghouati": "Q62971781", "Diana Aghabekyan": "Q107450520", "Ameni Ben Moussa": "Q63441433", "Mar\u00eda Barco": "Q117458925", "Win Win Aye": "Q27458177", "Kh\u1ed5ng M\u1ef9 Ph\u01b0\u1ee3ng": "Q106485431", "Marie-Pier Bonneau": "Q104783580", "Jawaher Gesmi": "Q107034023", "Kristina Nov\u00edtskaya": "Q62995777", "Monica Uweh": "Q27825016", "Nathalia Novas": "Q113644613", "Garance Rigaud": "Q112259687", "Zeng Tiantian": "Q115688339", "Enkhbaataryn Enkhtamir": "Q115627464", "Priyanka Gopaloodoo": "Q62976212", "Anastajia Babet": "Q62976923", "Jacqueline Nichele": "Q125470602", "Aida Manukyan": "Q107131281", "Nuray Levente": "Q27832562", "Lara Dancz": "Q124608330", "Nadezhda-Mey Tuy Nguen": "Q27832556", "Vicky Graillot": "Q112189148", "Ruth Ayodele": "Q122388908", "Eldi Paredes": "Q113687725", "Aray Nurlybekova": "Q113638773", "Siuzanna Valodzka": "Q124567172", "Andreea Penciu": "Q51078977", "Sofia Georgopoulou": "Q112186709", "S\u0259bin\u0259 \u018fzimova": "Q31296472", "Jessica Jarqu\u00edn": "Q113621999", "Alexandra Furdik": "Q108129149", "Iuliana Opekunova": "Q108163957", "Radmila Zagorac": "Q112161490", "Ketty Lent": "Q62973065", "Raluca Andreea Olaru": "Q106407947", "Maria Kireva": "Q112225377", "Wiktoria Wo\u0142k": "Q124546846", "Mar\u00eda Casadevall": "Q112036380", "Chakira Rose": "Q62977193", "Antonina Moya": "Q112036224", "Ludmila Yasmin Gerzel": "Q113646251", "Aisha Omarova": "Q113638782", "Lyubov Kovalchuk": "Q113638794", "Yineth Santoya": "Q114357098", "Kanymzhan Almazbek Kyzy": "Q113638804", "Maria Kardara": "Q99499407", "Paola Marsicano": "Q113687748", "Sindy Santana": "Q112226576", "Phalone Leticia Nzimo": "Q115307976", "Nelly": "Q113638759", "Yesica Hern\u00e1ndez": "Q59814305", "Marie Mantaropoulos": "Q111847295", "Milena Khachatryan": "Q107120100", "Leila Cook": "Q111820125", "Monika Szymanek": "Q112259486", "Avery Owens": "Q111865396", "Anna McElderry": "Q111919581", "Gabrielle Henry": "Q113646559", "Reagan Henry": "Q111907278", "Julia Jordanger Loen": "Q124760579", "Bernadicta Babela Mei Study": "Q97189492", "Franchesca Simon": "Q113654041", "Wendy Iram": "Q62974546", "Won Hyon-sim": "Q125649300", "Berthine Ravakiniaina": "Q114679132", "Adbeel Rodr\u00edguez": "Q112036177", "Mariadni Batista": "Q113660813", "Miriana Vel\u00e1squez": "Q115625972", "Nadia Katbi": "Q118404799", "Meaghan Strey": "Q109864518", "Melissa Lin": "Q113688139", "Roni Shaham": "Q112255959", "Nicol Ericsson": "Q104663592", "Duangkamon Khongthong": "Q111902243", "Genna Toko Kegne": "Q124608264", "Adamaris Santiago": "Q113654064", "Wilhem Gwendal Emile": "Q124835929", "Jenifer Becerra": "Q112036275", "Estrella Saldarriaga": "Q113646433", "Mariam Mikayelyan": "Q108324208", "Kelin Jim\u00e9nez": "Q112036285", "Margarita Arakelyan": "Q107131063", "Teodora-Lumini\u021ba H\u00eencu": "Q112161410", "Lourdes Goldman Califrer": "Q113662424", "Joelita Coloma": "Q115308259", "Nour El Houda Sabri": "Q62975672", "Alissa Ezzeddine": "Q104708668", "Lara Lima": "Q123012161", "Nguy\u1ec5n Th\u1ecb Thu Trang": "Q114679097", "Alisa Rothstein": "Q104670276", "Marta Garc\u00eda": "Q117728969", "Maha Fajreslam": "Q63438652", "Fatma Ahmed": "Q124875485", "Aisamal Sansyzbayeva": "Q111955431", "Sirley Monta\u00f1o": "Q113585936", "Kim Il-gyong": "Q123701540", "Victoria Steiner": "Q81907227", "Elizabeth Reyes": "Q111926680", "Alejandra \u00c1lvarez": "Q113653991", "Anali Saldarriaga": "Q113467323", "Mariana Garc\u00eda Gomez": "Q113688131", "Andreea Cotru\u0163a": "Q115675134", "Ketlene Primot": "Q113646520", "Shimaa Ali": "Q124876989", "Taiane Justino": "Q113585948", "Katharine Estep": "Q111146351", "Mari Sarr\u00eda": "Q113645704", "Sheridane Pasnin": "Q125381707", "Arantzazu Pavez": "Q113646548", "Anush Arshakyan": "Q107673392", "Annelien Vandenabeele": "Q104732771", "Souhir Khemiri": "Q114906449", "Seforah Lent": "Q125382544", "Fabia Tiavina Andriamitantsoa": "Q125381339", "Eya Aouadi": "Q124816099", "Oliwia Drzazga": "Q124517810", "Julieta Avanesyan": "Q107120191", "Aleksandra Grigoryan": "Q124527908", "Celine Ludovica Delia": "Q124526623", "Noura Essam": "Q114905130", "Israa Bejaoui": "Q124816230", "Janette Ylisoini": "Q112257796", "Emma Poghosyan": "Q107673396", "Tasnim Ben Wada": "Q125381819", "Habiba Saad": "Q114905093", "Basma Gunaidy": "Q124807162", "Christina Ilieva": "Q27449949", "Li Yanxia": "Q27450651", "Ni Chia-ping": "Q27451916", "Olga Zubenko": "Q27452084", "Tamara Perova": "Q27455476", "Zhong Yan": "Q27460033", "Lei Li": "Q27469852", "Li Yan": "Q27469859", "Lu Yun": "Q27469869", "Yang Jing": "Q27472595", "Alexandra Stepanova": "Q27830721", "Irina Komendanskaya": "Q27881136", "Mandakini Mahanta": "Q31801405", "Patricia Bernhaupt": "Q59329259", "Heidi Wittesch": "Q82263075", "Putri Aulia Andriani": "Q97192041", "Lala Rzazade": "Q98923708", "Rebecca Sires": "Q104530732", "Yerika R\u00edos": "Q106926823", "Aghunik Hakobyan": "Q107673344", "Rachel Siemens": "Q110270891", "Kim I-seul": "Q110271543", "Nur Vinatasari": "Q111274271", "Emma McIntyre": "Q111610193", "Harshada Sharad Garud": "Q111818065", "Gyaneshwari Yadav": "Q111818126", "V Rithika": "Q111818167", "Jamila Panfilova": "Q111836940", "Karen Mosquera": "Q111846248", "Abby Raymond": "Q111887061", "Daphne Guill\u00e9n": "Q111901800", "Alyssa Ballard": "Q111919622", "Amanda Robles": "Q111923942", "Emma Friesen": "Q111924407", "Emily Sweeney": "Q111926244", "Brenna Kean": "Q111968919", "Olivia Shelton": "Q111968966", "Darcy Kay": "Q111968990", "Kim Hyo-eon": "Q111969424", "Margaret Colonia": "Q111975382", "Helen Seipua": "Q111980280", "Mariah Park": "Q111985638", "Maddison Pannell": "Q111986718", "Taylor Wilkins": "Q111986750", "Alina Zakharchenko": "Q111986978", "Daniela Gherman": "Q112226560", "Rebecca Oudheusden": "Q112235688", "Linda Keesman": "Q112235813", "Michelle Jacobs": "Q112235862", "Iris Dossche": "Q112235923", "Belinda Bekker": "Q112237504", "Marlous Schuilwerve": "Q112237521", "Sanne Bijleveld": "Q112237546", "Myrthe Timmermans": "Q112237574", "Nienke van Overveld": "Q112237586", "Rebecca Copeland": "Q112246083", "Scheila Meister": "Q112246093", "Manon Angonese": "Q112247161", "Ecaterina Grabucea": "Q112247502", "Tihana Majer": "Q112247579", "Laura Liukkonen": "Q112253992", "Briana Sfamurri": "Q112254129", "Dzhesika Ivanova": "Q112259376", "Arjeta Rade": "Q112259384", "Ebony Gorincu": "Q112269999", "Tenishia Thornton": "Q112567627", "Roberta Tabone": "Q112568041", "Elisia Scicluna": "Q112568070", "Dubaney Sinisterra": "Q112578504", "Mia Rhodes": "Q112593309", "Anna Sierra": "Q112600246", "Ingrid Segura": "Q112600360", "Nigora Suvonova": "Q112610251", "Yairan Tysforod": "Q112633500", "Natalie Setiadji": "Q112678929", "Olivia Kelly": "Q112678941", "Avatu Opeloge": "Q112678948", "Vikatoria Taka": "Q112678968", "Miriama Taletawa": "Q112679011", "Storm Wolff": "Q112679041", "Tanzela Grigoryan": "Q113471442", "Elen Harutyunyan": "Q113489245", "Tehmina Karapetyan": "Q113489422", "\u0644\u06cc\u0627\u0646\u0627 \u0645\u0627\u0646\u0648\u06a9\u06cc\u0627\u0646": "Q113489570", "Candida Hern\u00e1ndez": "Q113622212", "Kareen Fernandez": "Q113622458", "Jessie Bradley Stemo": "Q113632249", "Juliana Riotto": "Q113632508", "Restu Anggi": "Q113632720", "Kerlys Montilla": "Q113652536", "Omayraliz Ortiz": "Q113654205", "Issi Agrait": "Q113654235", "Antonia Ackermann": "Q113660086", "Karool Blanco": "Q113662248", "Mirufay Morillo": "Q113662293", "Wendy Soto Tum": "Q113662447", "Veronica Vega": "Q113664637", "Yurleidys Arriola": "Q113687722", "Lawren Estrada": "Q113698831", "Evgeniia Guseva": "Q113817738", "Nikki L\u00f6wik": "Q114827465", "Al-Anoud Al-Khalifi": "Q116908823", "Danielle Gunnin": "Q117326216", "Ella Nicholson": "Q117348154", "Jos\u00e9e Gallant": "Q117360359", "Rigina Adashbaeva": "Q121888049", "Rohelys Galvis": "Q122382229", "Laura Wheatcroft": "Q122383202", "Lin Cheng-jing": "Q122647172", "Susan Plakke": "Q122875626", "Lizbeth Nolasco": "Q122888156", "Yun Ha-je": "Q123110425", "Song Kuk-hyang": "Q123128621", "Anyelin Venegas": "Q123158204", "\u0622\u0646\u0627 \u0622\u0645\u0631\u0648\u06cc\u0627\u0646": "Q123290596", "Bruna Piloto": "Q123370751", "Nataly Geerman": "Q124729037", "Charlotte Simoneau": "Q124729074"}