{"Katherine Turman": "Q6376562", "Zurita de Oliveira": "Q124060237", "Annie Williams": "Q4769455", "Mira Kubasi\u0144ska": "Q571224", "Ramesh": "Q5947315", "Ina Deter": "Q1660826", "Krystyna Pro\u0144ko": "Q11748758", "Christiane Ufholz": "Q1082852", "Marva Jan Marrow": "Q3850378", "Yuki Katsuragi": "Q11620884", "Jean Millington": "Q27537197", "Agnieszka G\u00f3recka": "Q9142264", "Jinx Dawson": "Q63032659", "Brigitte Stefan": "Q15905721", "Lisa Nemzo": "Q1827768", "Corine Marienneau": "Q2997291", "Klima": "Q3197861", "Laetitia Sh\u00e9riff": "Q3216074", "Maria Q": "Q3291021", "Sylvie Grare": "Q3507332", "Ok Hee": "Q16182061", "Robi": "Q19629941", "Kathleen Elle": "Q20656894", "Terre Roche": "Q28864836", "Lyudmila Barykina": "Q21856819", "Cristiana Kopke": "Q115525218", "Netanela": "Q7044866", "Sheena": "Q11308864", "Angelika Weiz": "Q534668", "Krystyna Stolarska": "Q11748781", "Mari Kaneko": "Q11646691", "Nanako Sat\u014d": "Q11383895", "Olga Pershin": "Q4359466", "Magda Vogel": "Q27306911", "Mae McKenna": "Q2318101", "Nyna Crawford": "Q55931621", "Tova Gertner": "Q7005756", "Tonia Schubert": "Q10383182", "Holly George-Warren": "Q29192703", "Vered R. Klepter": "Q6981471", "Saeko Suzuki": "Q11648425", "Annika Salminen": "Q11851782", "Lena Yudanova": "Q4533745", "Mari Wendelbo": "Q11988186", "Olesya Troyanskaya": "Q4333670", "Wanda Kwietniewska": "Q9370805", "Marion Sprawe": "Q1899253", "Sylvia Saartje": "Q12518377", "Crina Mardare": "Q12725911", "Matija Vuica": "Q16113632", "Conny Strauch-Pollow": "Q1126475", "Ma\u0142gorzata Ostrowska": "Q11772350", "Renny Djajoesman": "Q12508464", "Petra Zieger": "Q2080396", "Petya Buyuklieva": "Q12290651", "Roxanne Fontana": "Q16729042", "Jill": "Q11225792", "Lauren Passarelli": "Q6500329", "Karin Wistrand": "Q4990658", "Isabel de Sebasti\u00e1n": "Q5920926", "Si Heiman": "Q7219154", "Miki Nakamura": "Q11365923", "Marina Kapuro": "Q4213260", "Rana Ross": "Q4975614", "Natalya Nikolaevna Platitsyna": "Q4364580", "Nastya Poleva": "Q4369593", "Divina Gloria": "Q5390591", "Organic Lady": "Q4335784", "Svetlana Lazareva": "Q4252843", "Kate Svanholm": "Q115698405", "Alena Sviridova": "Q4410812", "Y\u016bri Sugimoto": "Q11522134", "Miki Igarashi": "Q3313724", "Hani Dinur": "Q16132977", "Ewa Domaga\u0142a": "Q87815489", "Muriel Moreno": "Q3328124", "Euis Darliah": "Q4944240", "Kristin Mooney": "Q6438173", "Sofia Kara-ool-Dulush": "Q18741272", "Mar\u00eda Gabriela Epumer": "Q10327077", "Satomi Senba": "Q11378127", "Miki Tsunoda": "Q11630817", "Bianca": "Q9656306", "Victoria Scalisi": "Q56717892", "Hiromi Shiosaki": "Q17159310", "Jackie Chambers": "Q59418131", "Fumi Koyasu": "Q11447891", "Aurora Beltr\u00e1n": "Q8209348", "Dafna Bar Zion": "Q12405884", "Rita Lilith Oberti": "Q105062362", "Misako Honj\u014d": "Q3316210", "Midori Mukai": "Q11415905", "Alona Daniel": "Q12403906", "Tokie": "Q11249616", "Leila Negrau": "Q96943157", "Michal Sapir": "Q60226211", "Mistiti": "Q124714403", "Julia Neigel": "Q443384", "Laura Bravo": "Q6498742", "Sina": "Q2288673", "Gen-XX": "Q63224869", "Laura Campan\u00e9r": "Q19607908", "Eliot": "Q12403947", "Kerstin Doelle": "Q64027386", "Nina C. Alice": "Q1485610", "Maria Fortuny i Guarro": "Q124155176", "Fran de Takats": "Q5478209", "Nataliya Terekhova": "Q4455712", "Svetlana Jevtic": "Q1464189", "Renata Arruda": "Q10359264", "\u05e1\u05d9\u05d2\u05dc \u05e7\u05dc\u05e8\u05de\u05df": "Q6889794", "Peta Devlin": "Q2073143", "Miharu Ataka": "Q11450540", "Inna Linshenkevich": "Q4201153", "Lan Lan": "Q10316183", "Lina Milovich": "Q4293640", "D\u017eordana Butkut\u0117": "Q15838999", "Katja Kaama Mair": "Q64995493", "Efrat Ben-Zur": "Q13392241", "Tal Gordon": "Q7033830", "Claudia Bettinaglio": "Q64949975", "Justina Lakin": "Q23918784", "Natalia M. King": "Q100158009", "Ronit Shahar": "Q7011481", "Kazu Makino": "Q15271954", "George Biddle": "Q63149818", "Rayshele Teige": "Q104872366", "Hannah Marcus": "Q1575790", "Alexandra Roos": "Q2833309", "Pavla Kapit\u00e1nov\u00e1": "Q12044358", "Yta Farrow": "Q1323457", "Wann": "Q7458932", "Paquita Widjaja": "Q12503067", "Rayna Foss": "Q1811529", "Judith B\u00e9rard": "Q15906856", "Svetlana Nazarenko": "Q4312106", "Olena Voinarovska": "Q4122608", "Kristina Tina Rup\u010di\u0107": "Q11108177", "Betty Pablo": "Q12404431", "Cut Irna": "Q12479678", "Sunny Baltzi": "Q12872013", "Fumina Hisamatsu": "Q379027", "Orit Shahaf": "Q6666103", "Karni Postel": "Q7041676", "Lotta Wengl\u00e9n": "Q4990285", "Anja Kowalski": "Q52496023", "Noah Mizuki": "Q11548756", "Olga Stelmakh": "Q4441601", "Mayangsari": "Q47748", "Mel Shandy": "Q12497897", "Aiha Higurashi": "Q11505398", "Christine Meyer": "Q11963763", "Ra'al Ki Victorieux": "Q112223337", "Zoya Yaschenko": "Q4539966", "Succubus": "Q55931839", "Iggy Waxman": "Q7059843", "Annette Kitagawa": "Q64989223", "Lyudmila Sokolova": "Q4427291", "Alesya Berulava": "Q4085243", "Swati Sharma": "Q7654045", "Lady Avisha": "Q16188040", "Mariya Mutafchieva": "Q12286009", "Gaby Krapf": "Q64940024", "Maria Bulat": "Q28664593", "Camille Miller": "Q29167515", "\uc870\ub3d9\ud76c (\uac00\uc218)": "Q12616644", "Solveig Sandnes": "Q51929435", "Maja Konarska": "Q11766374", "Annette Zemp": "Q64983643", "Landy Rajaonarison": "Q91745784", "Yarona Caspi": "Q12408318", "B\u00e1rbara Cayo": "Q5736349", "Stephanie Karen Carol Allouche": "Q55931470", "Saeko": "Q17349957", "Yosie Lucky": "Q12525287", "Sheila Ferber": "Q12411648", "Inka Christie": "Q6863762", "Nilla Nielsen": "Q4969421", "Toril Snyen": "Q17107736", "Karen Brunon": "Q18610891", "Barbie": "Q16273234", "Conny Dio": "Q5783401", "Rebeca Jim\u00e9nez": "Q6102289", "Ani Lozanova": "Q25480606", "Elena Kiper": "Q512046", "Dana Levy": "Q16130837", "Olga Pulatova": "Q4383558", "Hisako Tabuchi": "Q11577121", "Natalya Dzenkiv": "Q4160782", "Fiorella Cayo": "Q5862207", "Vanexxa": "Q6159559", "Julia Teunikova": "Q4456757", "Shoko Higuchi": "Q11276149", "Christine H\u00f6dl": "Q1083604", "Nini Carlina": "Q11695743", "Birgit \u00d6llbrunner": "Q6046205", "Gina V. D'Orio": "Q1524898", "Kirey": "Q12491732", "Magdalena Stupkiewicz": "Q11766105", "Elena Nikitaeva": "Q4319689", "D\u00f3ra Szinet\u00e1r": "Q919894", "Sandee": "Q1627467", "Eleonora Niemen": "Q9252632", "Karolina Kozak": "Q11736437", "Melis Dani\u015fmend": "Q12810811", "Alevtina": "Q4060768", "Kine Hult": "Q11980674", "Maria Kolokouri": "Q17523938", "Anastasiya Makarevich": "Q4275253", "Carmen Townsend": "Q5043600", "LSK": "Q15110125", "Sabine D\u00fcnser": "Q2737752", "Youjeen": "Q3269532", "Carolina Otero": "Q122224027", "Bianca Jhord\u00e3o": "Q18421388", "Wendy Calio": "Q7982622", "Tomoe Akiyama": "Q11595001", "Nitte Valo": "Q11884580", "Masha Makarova": "Q4275415", "Doris Yeh": "Q15903733", "Roksana": "Q12292521", "Kumi Adachi": "Q11451504", "Pei-Ying Lee": "Q11095342", "Kaori Kobayashi": "Q11461945", "Venny": "Q12598089", "Marta Cugier": "Q11770552", "Sabrina Amo": "Q60832482", "Arina Ephipania": "Q12472466", "Julia Lano\u00eb": "Q2379782", "Missincat": "Q3859215", "Akane Liv": "Q11473222", "Yuliya Vladimirovna Ivanova": "Q85869095", "Natsuko Morimoto": "Q11539792", "Otgoo": "Q113396401", "\u00c9rika Martins": "Q10396338", "Agata Polic": "Q19409855", "Lesley Meguid": "Q1517098", "Natalia Molina": "Q67690588", "M\u00f4nica Agena": "Q10334821", "Mika Vember": "Q1387141", "Dana Adini": "Q7056408", "Viktoriya Terziyska": "Q12275279", "Ieda Moin": "Q61117161", "Mozza Fani Meilani": "Q12499091", "Ania Brachaczek": "Q9154640", "Chancellor Gui": "Q4212752", "Maya": "Q81968750", "Maria Nefiodova": "Q4318174", "Kelly Ogden": "Q56447931", "Megh Stock": "Q10328270", "Jena Kraus": "Q6177356", "Lora Moscovsckaya": "Q60463160", "Jennie Asplund": "Q4936808", "Q25460843": "Q25460843", "Varia Demidova": "Q4104139", "Dawn Michele": "Q5242476", "Aleksandra": "Q4958911", "Sveta": "Q4410254", "Aleksandra Pileva": "Q3401427", "Cris M\u00e9ndez": "Q36363147", "Kaisa Jouhki": "Q291380", "Candace Kucsulain": "Q16337733", "\uc218\uc0c1\ud55c \ucee4\ud2bc": "Q12603192", "Mia Coldheart": "Q3307846", "Colline Hill": "Q16864540", "B\u00e1rbara Eug\u00eania": "Q16496784", "Vicky Irama": "Q19749175", "MIYA": "Q48744303", "Marie-Eve C\u00f4t\u00e9": "Q3291764", "Dagmar Bernhard": "Q1157247", "Wendy Starland": "Q861789", "Melissmell": "Q3305140", "Yuliya Kogan": "Q4226013", "Martina Lory": "Q65028906", "Tatyana Zykina": "Q4194823", "Lu James": "Q113625700", "Ida Evileye": "Q3147759", "Annah Flavia": "Q65164268", "Anna Lindstr\u00f6m": "Q44205984", "Mariangela Demurtas": "Q9028935", "Gizem Berk": "Q21526114", "Kassette": "Q16648108", "Johanna Asplund": "Q4936812", "G\u00fcler": "Q6073815", "Tomoe Ura": "Q30924726", "Maria Andersson": "Q4935885", "Camille Warm\u00e9": "Q3129916", "Olivia Pedroli": "Q3350718", "Masha Mysmane": "Q4968601", "Sara": "Q6581727", "Moon Kana": "Q259392", "Alyssa Barlow": "Q9290975", "Astrid Sartiasari": "Q4264899", "Anna O\u0142dak": "Q23482861", "\u05e9\u05e0\u05d9 \u05e4\u05dc\u05d2": "Q92195417", "Pamela Hute": "Q3361775", "Dike Ardilla": "Q5807065", "Y\u016b Mamada": "Q11655357", "Sabine Weniger": "Q12292828", "Blondinka Ksu": "Q4088309", "Fynn Jamal": "Q110133088", "Tata Janeeta": "Q4263290", "Miri Milman": "Q19200970", "Cat Sashka": "Q4237054", "Mell": "Q3305151", "Rikke Normann": "Q19386574", "Merili Varik": "Q10328849", "Hayley Legg": "Q16222271", "Jonna Nikula": "Q17105933", "Weronika Zbieg": "Q9372087", "Suzie Villeneuve": "Q3506098", "Ria Amelia": "Q4899305", "Katya Rohova": "Q27870318", "Kirsty Crawford": "Q6416159", "\ub098\ube44 (1983\ub144)": "Q12589557", "Amaia Riouspeyrous": "Q12253292", "Iratxe Mugire": "Q12259725", "Noa Shemer": "Q23657697", "Sol Romero": "Q1373149", "Mercedes Lander": "Q6818199", "MORAN MAGAL": "Q21012380", "Djuena Tikuna": "Q87771422", "Nicole Bogner": "Q10336789", "Luna": "Q11230605", "Le Prince Miiaou": "Q3225897", "Mojca \u0160toka": "Q120667851", "Yana Veva": "Q28465265", "Katra Solopuro": "Q3194193", "Chianne": "Q107015203", "Liron Meshulam": "Q99679933", "Katarina Lilja": "Q6375160", "Margaux Bossieux": "Q27892899", "Intan RJ": "Q5918546", "Marta Peterson": "Q3849958", "Mary Komasa": "Q19361033", "Anastasiya Spiridonova": "Q55102128", "Narmin Karimbayova": "Q61122203", "Justyna Panfilewicz": "Q11729708", "Diana Burkot": "Q100391281", "Sarah McCoy": "Q93630565", "Claire Oelkers": "Q1094818", "Hanna Nicole": "Q58640988", "Maya Rotman": "Q12408746", "Lauren Barlow": "Q16336852", "Adi Shaham": "Q106314915", "Anne-Catrin M\u00e4rzke": "Q110349", "Ruby Palomino": "Q122270963", "Alex Mayr": "Q99438617", "Najwa Mahiaddin": "Q2645184", "Maya Belsitzman": "Q6793892", "Cherry Lyder": "Q11193264", "Maria Coma": "Q11935428", "Daria Stavrovich": "Q4438987", "Zjenja Otradnaja": "Q4339942", "Deine Cousine": "Q100139328", "Yazhevik": "Q4536368", "Rykka": "Q65028570", "Annick Giroux": "Q47113478", "Mei Fumitsuki": "Q17213639", "Mahmundi": "Q18277342", "Fern Ford": "Q47496021", "Kari Berg": "Q6370346", "Nadeea": "Q6957500", "Birgit Varjun": "Q12360352", "Ayg\u00f6l \u011e\u00e4ysin\u00e4": "Q108429246", "Nadezhda Aleksandrovna Gritskevich": "Q21094492", "Miriely Polanco": "Q108467933", "Jennifer Weist": "Q15820954", "Gal De Paz": "Q58927654", "Blackbird": "Q117317751", "Anna Chedid": "Q20666430", "Soph Nathan": "Q47496012", "Aya Zahavi Feiglin": "Q30526859", "Marine Neuilly": "Q3293211", "Carmen Boza": "Q50376581", "Madoka": "Q11230846", "Silvina Moreno": "Q29110060", "Laura-Mary Carter": "Q48085022", "Louise Basilien": "Q3263667", "Koharu": "Q66828394", "Prisa Rianzi": "Q17411028", "Ruth Shualy": "Q106797022", "Lera Masskva": "Q4284210", "Darya Suvorova": "Q4445157", "Yama\u00e7 Telli": "Q23921027", "Yurica": "Q11355804", "Madelyn Ann": "Q114356570", "Swasti Sabdastantri": "Q12518290", "Maja Koman": "Q19800822", "Aleksandra Gurkova": "Q4152422", "Stella Gotshtein": "Q106658892", "Mai Hashimoto": "Q57314542", "Ivette Nadal": "Q22810493", "Lucy": "Q11230578", "Lani Leyli": "Q16188089", "Laura Ferreux": "Q57304779", "Natsuki Shimodate": "Q18817665", "Sasha Starost": "Q85866623", "Szjerdene": "Q99683301", "Saki": "Q84460431", "Noora Louhimo": "Q17382348", "Haruka": "Q11642662", "Soho Rezanejad": "Q65972389", "Carolina Torres": "Q9697680", "Yeni Rahmawati": "Q17411708", "Chiki Fawzi": "Q28724001", "Arianne": "Q9628584", "Iza Lach": "Q11714628", "Stina Tweeddale": "Q42894243", "Celia Archer": "Q47495999", "Tantri Syalindri Ichlasari": "Q12519875", "Gessam\u00ed Boada": "Q60968246", "YeYe": "Q104012707", "\u042e\u043b\u0438\u044f \u041a\u0440\u043e\u0443": "Q55104414", "Sofia Portanet": "Q98069442", "K808": "Q94674283", "Izumi Hirasawa": "Q11483166", "Olatz Salvador": "Q47543182", "Rikki Borgelt": "Q114904265", "Adrijana Bakovi\u0107": "Q62841663", "Anya Rudneva": "Q4399500", "Nomke": "Q106464771", "Rita Dakota": "Q66780650", "Juliette Jackson": "Q47496009", "Christine Evans": "Q5111012", "Mizuho Lin": "Q27999197", "Kasia Lins": "Q22259986", "Aliki Katriou": "Q76874347", "Lu Rois": "Q88476468", "Amanda Wicthoff": "Q27267636", "Netta Skog": "Q4354066", "Emma Acs": "Q4933712", "Nana Adjoa": "Q109684363", "Lide Hernando": "Q114796526", "Le Nais": "Q121357173", "Zora Cock": "Q122971208", "Sachiko Aoyama": "Q38279002", "Infy Snow": "Q20650128", "Lika Bugaeva": "Q105419774", "Mizuki Masuda": "Q38277916", "Marina Matiss": "Q104622200", "Phoebe Yeung": "Q30948394", "Adelina Tahiri": "Q14404365", "Mollee Gray": "Q6896385", "Nicole Saboun\u00e9": "Q16596737", "Danifisenta": "Q120506860", "Sara Chmiel": "Q9333809", "Flora Fischbach": "Q28588645", "Jennifer Kandut": "Q17322555", "Eva Voskanyan": "Q85983432", "Ptakova": "Q104676999", "Kenzy Loevett": "Q118726911", "Chloe Drinkwater": "Q56650718", "Laura Scaglia": "Q120269331", "Cris Lizarraga": "Q30899525", "Rinana": "Q11598742", "Marion Le Solliec": "Q75726476", "Hannah Elizabeth": "Q22095907", "Yasi Hofer": "Q44909198", "Ekaterina Yashnikova": "Q110868003", "Hanna J\u00e4rver": "Q52767903", "Natalia Rygiel": "Q66023230", "Eneritz Furyak": "Q83986484", "Momo": "Q66828520", "Monica Anne Parales": "Q17278257", "Ayano Kaneko": "Q56059828", "Fabienne Erni": "Q72090432", "Alice Newman": "Q64410255", "Natalie Aguero": "Q17345967", "Marin Miyazawa": "Q29843959", "Cassie Wei": "Q104029537", "Annie Barbazza": "Q64167373", "Marina Okada": "Q29842602", "Gina Ranheim Bjerkan": "Q120043981", "Miho Nakano": "Q40038839", "Irina Ostrovskaya": "Q25894698", "Doble Valentina": "Q125499722", "Aneta Mart\u00ednkov\u00e1": "Q111907563", "Elin Blom": "Q1026388", "Jacque Pyles": "Q17189577", "Avery": "Q4828358", "Rachel Yaron": "Q84432250", "Daria Zaritskaya": "Q123177154", "Diana Mess": "Q96395822", "Jadsa": "Q111660186", "Let\u00edcia Navas": "Q10317649", "B\u00f6se Fuchs": "Q124044059", "Glenca Chysara": "Q25468987", "Emma Harvey": "Q115731747", "Micky Huijsmans": "Q117188470", "Els Warouw": "Q113191926", "Anastasia Kreslina": "Q106714806", "Roni Bar Hadas": "Q106570387", "Musia Totibadze": "Q60829765", "Lindsxy Mesenburg": "Q53673016", "C\u00e9lia Ruiz": "Q108587248", "Haruka Miyake": "Q66615278", "n\u00e9om\u00ed": "Q124293580", "Justyna \u015awi\u0119s": "Q25409207", "Gracie McGraw": "Q123986564", "Ara Johari": "Q31185767", "Minaeva": "Q120868131", "Olivia Dorato": "Q120169913", "4s4ki": "Q79781832", "Kalika": "Q123415502", "Emma H\u00f8rlyck": "Q98697913", "Gabbie Rae": "Q5515301", "Cali Hetfield": "Q82580539", "Victoria Bernardi": "Q22269199", "Maggie McGraw": "Q123986705", "Dulce y Agraz": "Q60222322", "Sena \u015eener": "Q85974696", "Mayu Furuhashi": "Q17214736", "Astel": "Q19825979", "Alex Snowden": "Q58808110", "Nabilah Ratna Ayu Azalia": "Q12062269", "Dora": "Q99640642", "Deerfrance": "Q23497922", "Dionne Bennett": "Q25985720", "Priscilla Devesa": "Q50321232", "Eva Spence": "Q55100948", "Harriette Hull": "Q122229194", "Else Nabu": "Q1333690", "Sylvia Gonz\u00e1lez Bol\u00edvar": "Q1335519", "Sefora Nelson": "Q2265829", "Riri Nanase": "Q60230303", "Feby Putri": "Q97704971", "Grechka": "Q51598454", "Dersu": "Q104586509", "Maya Bond": "Q6796671", "Jaune Emma": "Q122705644", "Samura\u00ef": "Q116806548", "Noor": "Q124394543", "Charles": "Q108751688", "Karin.": "Q90865317", "Audrey McGraw": "Q123986464", "Sofia Fisenko": "Q28096422", "Cynthia Verazie": "Q81894141", "Marra Rend\u00f3n": "Q113540373", "Mylie Taylor": "Q116995614", "Jimena G\u00f3mez": "Q117745534", "Judeline": "Q123257584", "Kristina Alehovna Karnyaluk": "Q123995933", "Stella Dupr\u00e9": "Q113799453", "Song Soo-woo": "Q110115398", "Alis Adams": "Q125906877", "Li-sa-X": "Q28687138", "Lidia Ganeva": "Q28538354", "AVIV": "Q113130041", "Piper Newman": "Q89942436", "Hoang Tien Nga": "Q125298515", "Fiona Luna": "Q116620266", "Layla Holland": "Q116908991", "Rachel Samberg": "Q112799427", "Elaine Kohama": "Q116041963", "Maria Breon": "Q3430501", "Lori S.": "Q4267050", "Amber Sweeney": "Q4741313", "Doctors & Dealers": "Q4979807", "Efsun": "Q6079553", "Lesa Carlson": "Q6530215", "Noush Skaugen": "Q7063932", "Rakel Winchester": "Q9066122", "Adriana Mezzadri": "Q9583855", "Fl\u00e1via Couri": "Q10283020", "Francine Boucher": "Q10284493", "Nila Branco": "Q10336871", "Os Planadores": "Q10342065", "Raquel Ralha": "Q10357510", "Selma Vieira": "Q10369762", "Doruk Ataoglu": "Q11148371", "Keito Blow": "Q11228443", "Rie a.k.a.Suzaku": "Q11241897", "Saltie": "Q11245468", "Shakuyaku": "Q11245922", "Katriina Wiiala": "Q11294215", "Caron Hogan": "Q11297336", "K\u014dko Komine": "Q11460053", "Sayaka Shiomi": "Q11550518", "Yuka Funakoshi": "Q11614342", "Gina Mainwal": "Q11972002", "Mari": "Q11988185", "Liza Fox": "Q14970059", "Emina Arapovic": "Q16113691", "Roberta Di Angellis": "Q16940946", "Charlie": "Q17176101", "Bomi": "Q17220357", "Martyna Za\u0142oga": "Q19409860", "Joni Paladin": "Q20684270", "Carla Serrat": "Q20876685", "Tabasa Hayashi": "Q22126443", "Sanae Yaguchi": "Q24886273", "Milo Milone": "Q29416541", "Miyuki Hashimoto": "Q30937062", "Xania": "Q42433121", "Momo Hashidume": "Q43423630", "Aqui Eguchi": "Q43424789", "Anna Prior": "Q43459670", "Kate Catalina": "Q50842567", "Yelena Liquini": "Q50930703", "Robin Cisek": "Q51389309", "Ritsuka": "Q52319772", "Marianne M\u00e9rillon": "Q55501052", "Etopirika": "Q55532707", "Kinthia": "Q55653181", "Nemesis": "Q55653270", "Lynda \"Tam\" Simpson": "Q56860209", "Stacey Savage": "Q56879362", "Mei Ehara": "Q60986349", "Khaty Azian": "Q61116896", "Mika Kawashima": "Q62701798", "Leila Abdul-Rauf": "Q63065903", "Eliza Bagg": "Q63171125", "Heather McIntosh": "Q63812817", "Shirley Grimes": "Q64940553", "Adriana Husy-Soldini": "Q64985534", "Christine Siegenthaler": "Q64995649", "Moe Clark": "Q65116392", "Nona Marie Invie": "Q84691191", "Intetsu": "Q85870268", "\u05d3\u05e0\u05d9\u05d0\u05dc\u05d4 \u05d1\u05d5\u05e1": "Q95184460", "Luana Dametto": "Q97162732", "Ana Fl\u00e1via Miziara": "Q97163190", "Pearl E. Gates": "Q97744313", "Milcboy": "Q97901047", "Yoko Harima": "Q98758190", "Missi Hale": "Q98762064", "Erika Jerry": "Q99577468", "Anne-Sophie Mundt": "Q99587341", "Nina Babet": "Q99591883", "Jill Deering": "Q99592146", "Janet Nowse": "Q99592492", "Nicole \"Coco\" Morier": "Q99593478", "Francesca Belmont": "Q99593500", "Akemi Fillon": "Q99595548", "Elsa Fourlon": "Q99595573", "Stella Page": "Q99603892", "Hattie Webb": "Q99604709", "Isabelle Dunn": "Q99605738", "Emma Gaze": "Q99606574", "Lesage Gil": "Q99608574", "Treana Morris": "Q99612014", "Sierra \"Rosie\" Casady": "Q99613292", "Bianca \"Coco\" Casady": "Q99613299", "Roberta Gran\u00e0": "Q99614913", "Zappamiglio Barbara": "Q99614920", "Ana Lynch": "Q99617457", "Olga Olafsdottir": "Q99617543", "Esther Talia Casey": "Q99617569", "Anna Beryl": "Q99670287", "Nina Vetterli": "Q99670433", "Brooke Supple": "Q99671737", "Patricia Bey": "Q99671929", "Paloma Deike": "Q99672770", "Selma Stang": "Q99674656", "Kicki Halmos": "Q99674867", "Kelly Appleton": "Q99675324", "Helen White": "Q99675464", "Dolette McDonald": "Q99675533", "Camilla Staveley Taylor": "Q99675638", "Leah Shapiro": "Q99676018", "Patricia Piemontesi": "Q99676066", "Emma Owens": "Q99676077", "Marianne Haynes": "Q99676198", "Heather Cunnings": "Q99676233", "Jocie Adams": "Q99676640", "Heather Parr": "Q99676852", "Emily Staveley Taylor": "Q99676958", "Alexandra Darolti": "Q99677136", "Laura Jane Jones": "Q99677457", "Flavia Kalaf": "Q99677463", "Ashley Nicole": "Q99678201", "Maxine Green": "Q99682754", "Marsha Westbrook": "Q99683045", "Ragnhildur Gunnarsdottir": "Q99683231", "Aileen McLaughlin": "Q99687379", "Katie O\u2019Connor": "Q99688621", "Ariel Engle": "Q99689068", "Una O\u2019Kane": "Q99689338", "Melanie Lewis": "Q99689736", "Jenny Wood": "Q99689970", "Yvonne Brown": "Q99691163", "Janice Hughes": "Q99693036", "Laura Weymouth": "Q99693695", "Maria Quintile": "Q99694341", "Nichelle Tillman": "Q99696068", "Mally Harpaz": "Q99698899", "Rhian Porter": "Q99701471", "Karina Denike": "Q99701504", "Greta Somlai": "Q99703131", "Genevi\u00e8ve Metraux-Monticelli": "Q99703175", "Andrea Whitt": "Q99703536", "Jessica Staveley Taylor": "Q99704208", "Carol Shive": "Q99705048", "Irina Ungureanu": "Q99705437", "Cynthia Arrich": "Q99706009", "Lani Weymouth": "Q99706368", "Jessica Wagner-Cowan": "Q99707622", "Sacha Amback": "Q99731860", "St\u00e9phane \"Stani\" Dumond": "Q99732562", "Brielle Ansems": "Q100898525", "Emily Breeze": "Q102194744", "Gwen Dolyn": "Q102194996", "Hitomi Kuramoto": "Q102246537", "Peach Face": "Q102248791", "KiNG MALA": "Q102350200", "Terri Lord": "Q104836748", "POESY": "Q105529993", "Laura Iso-Mets\u00e4l\u00e4": "Q106301512", "Hanitra Wagner": "Q108586235", "Janna27": "Q109572995", "Hailey Hunter": "Q110474631", "Jane Penny": "Q110950805", "Brandi Vezina": "Q111155267", "Danit": "Q111345803", "Mar\u00eda Centeno": "Q111383981", "Branka Liki\u0107": "Q111785639", "Jenny Allen": "Q112143919", "Vermilia": "Q112861496", "Mary Murphy": "Q113004724", "Doina Matei": "Q115560275", "Christina Michelle": "Q117021743", "Paula Koops": "Q117438079", "Arianna Fern\u00e1ndez": "Q118720112", "Claudia Serpa": "Q119437538", "Luna Sujatovich": "Q121379231", "Paz de Alarc\u00f3n": "Q121759260", "Clara Yolks": "Q122161928", "Leela Fr\u00e9d\u00e9rique": "Q122620349", "Amber Leaves": "Q122621504", "Florence Naprix": "Q122943028", "Maryn Charlie": "Q124399521", "Brenda White": "Q124504953", "Rebekka Holi": "Q124610933", "Claudine Steenackers": "Q124613464", "Pak Yan Lau": "Q124615891", "Nik Void": "Q124625445", "Cashmyra Rozendaal": "Q124690657", "Isabel Gomez Soberanis": "Q124734075", "Annica": "Q124937251", "Polina Chili": "Q125245890", "Hanna Finsen": "Q125362366", "Satomi Matsuzaki": "Q125782982", "Sydney Ross Mitchell": "Q125875099"}