{"Jeannette Landr\u00e9": "Q4331758", "Caroline Schleicher-Kr\u00e4hmer": "Q55901319", "Beatrice Triangi": "Q813264", "Nora Shulman": "Q61482140", "Dorothy Pilling": "Q113290952", "Ann Dupont": "Q558321", "Lu Lehnstaedt": "Q94738687", "Heleen Andriessen": "Q24548085", "Willy Blomert": "Q123694252", "Lena Kidd": "Q22986049", "Lois Elizabeth Schaefer": "Q104352690", "Ludmila Eckertov\u00e1": "Q21534312", "Sikkil Kunjumani": "Q77694922", "Aleksandra Mikhailovna Vavilina": "Q4102102", "Willene Barton": "Q15439932", "El\u00edsabet Haraldsd\u00f3ttir": "Q61972359", "Elisabeth Sigurdsson": "Q62079887", "Jarmila Vesel\u00e1": "Q12023587", "Susanne Huber": "Q94777150", "Catherine P. Smith": "Q63986401", "Isolde Frank": "Q98077094", "Eleanor Lawrence": "Q106528299", "Jane Meredith Bowers": "Q112875612", "Barbara \u015awi\u0105tek": "Q9165691", "Eefke Cornelissen": "Q97974650", "Sarah Francis": "Q20723092", "Lois Jean White": "Q115668792", "Margarita Shaposhnikova": "Q4520337", "Sikkil Neela": "Q77696903", "Gunilla von Bahr": "Q2133442", "Lidia Oshavkova": "Q105822083", "Mart Benders": "Q118368641", "Ingela Brander": "Q18613093", "Lidmila Je\u017eov\u00e1": "Q95181419", "Barbara Husenbeth": "Q95196684", "Sigrid Orusaar": "Q27588580", "Jean Fineberg": "Q15820899", "Katarina Fritz\u00e9n": "Q15992161", "Mia Dreese": "Q5460063", "Leta E. Miller": "Q112547981", "Zusaan Kali Fasteau": "Q1311976", "Ayser Van\u00e7in": "Q2875021", "Jane Fair": "Q55762780", "Tamami Koyake": "Q11459631", "Inka Stampfl": "Q95192125", "Ellen Bender": "Q109860914", "Doris Geller": "Q112405059", "Eug\u00e9nie Kuffler": "Q1373618", "Kathrin Eipert": "Q26260413", "Susanne Ehrhardt": "Q30015114", "Krisztina Faludy": "Q50126651", "Laurie San Martin": "Q50279310", "Kamilla Borzs\u00e1k": "Q56389693", "Roswitha Staege": "Q85311142", "Renate Grei\u00df": "Q95202644", "Gudrun Heyens": "Q112449635", "Adelheid Krause-Pichler": "Q113399045", "Jana Se\u010dansk\u00e1": "Q120616176", "Magdalena B\u00edlkov\u00e1-T\u016fmov\u00e1": "Q95171381", "Ruthie Smith": "Q21851199", "Lise Stolarczyk": "Q12324650", "R\u016f\u017eena Ku\u010derov\u00e1": "Q95487222", "Kathy Dragon": "Q54963460", "Susan J. Maclagan": "Q124216178", "Em\u00edlia Cs\u00e1nky": "Q73647876", "L\u00edvia Vizsolyi": "Q1460594", "Stephanie Bethea": "Q106560759", "Claudine Movsessian": "Q2978496", "Agnes Dorwarth": "Q100556920", "Marcellina": "Q65217834", "Draga A\u017eman": "Q105945976", "Mary Fettig": "Q1906254", "Akiko Mikami": "Q11354117", "Brigeen Doran": "Q915501", "Lorena D\u00edaz N\u00fa\u00f1ez": "Q50379676", "Gabriela Kr\u010dkov\u00e1": "Q22337658", "Chefa Alonso": "Q13560476", "Furugh Karimi Djafar-Zadeh": "Q48338088", "Monika Meier-Schmid": "Q95207806", "Sabine Kaipainen": "Q112405363", "Cathy Milliken": "Q95750253", "Nelly Pouget": "Q1976877", "Cristina Mazza": "Q3697546", "Manuela Wiesler": "Q61973254", "Elisa Trocm\u00e9": "Q28819133", "Janet Grice": "Q95975060", "Leonora Saavedra Moctezuma": "Q50672223", "Christel Stockhausen": "Q94736780", "Dagmar Zsapkov\u00e1": "Q112497756", "Kathryn Bennetts": "Q112564872", "Hazel Leach": "Q1592068", "Gu\u00f0r\u00fan Birgisd\u00f3ttir": "Q61972560", "Sibylle Pomorin": "Q2281023", "Biggi Vinkeloe": "Q13411306", "Carol Robinson": "Q63349546", "Helen Rosing": "Q4975570", "Noor Kamerbeek": "Q5904761", "Ellen Helmus": "Q1244610", "Barbara Northcutt": "Q112721904", "Ilona Haberkamp": "Q1659027", "Joane H\u00e9tu": "Q106294106", "Claire Daly": "Q112495526", "Anneli Kuusk": "Q97218318", "Jana Pastr\u0148\u00e1kov\u00e1": "Q95155082", "Magali Imbert": "Q6619737", "Kumi Band\u014d": "Q11532614", "Jarmila Koblicov\u00e1": "Q95181756", "Gail Thompson": "Q1491228", "Beate Kittsteiner": "Q2659802", "Tine Lilholt": "Q12343209", "Margalit Gafni": "Q55266856", "Gaby Pas-Van Riet": "Q95207414", "Martina Cizek": "Q112434201", "Federica Lotti": "Q126740703", "Christine H\u00f6rmann": "Q15794294", "Kuniko Yamaguchi": "Q55526757", "Patricia Kindel-Heimerl": "Q113028048", "Margaret Griebling-Haigh": "Q112474807", "Nanette de Jong": "Q112476007", "Azin Movahhed": "Q5950294", "Natalia Pschenitschnikova": "Q107185865", "Megan Lyden": "Q107580085", "Lib\u011bna S\u00e9quardtov\u00e1": "Q12033458", "Norda Mullen": "Q1997498", "THorunn Gudmundsdottir": "Q61974005", "Silvia Droste": "Q1185961", "Christiane Lorenz": "Q96756962", "Sarah Jones": "Q115443974", "Idit Shemer": "Q6648386", "Heidrun Paulus": "Q26709256", "Jeannette Hirasawa Moore": "Q110830627", "Henriette M\u00fcller": "Q1606180", "Geri Rotella": "Q113028480", "Ma\u0142gorzata Zwierzchowska": "Q11772418", "Neta Nor\u00e9n": "Q4970228", "Rachel Brown": "Q112551235", "Corinna Danzer": "Q1132814", "Sofi Hellborg": "Q4953426", "Yumi Yamagata": "Q11468459", "Ellen Waterman": "Q57083333", "Fr\u00e4nzi Badertscher-Jaqui\u00e9ry": "Q112389770", "Lisa Laage-Smidt": "Q124023296", "Anette Maiburg": "Q529530", "Andrea Merenzon": "Q494442", "Gitta Kahle": "Q1527733", "Frauke He\u00df": "Q95191020", "Christina Fuchs": "Q1083150", "Anja Bossen": "Q95197020", "Carol Hohauser": "Q117016897", "Maarika J\u00e4rvi": "Q16405004", "Marta Zore": "Q18341474", "Kate\u0159ina Chudobov\u00e1": "Q112449106", "Monika Mandelartz": "Q112551239", "Andrea Lieberknecht": "Q4260845", "Trine Knutsen": "Q30087922", "Pavla St\u0159echov\u00e1": "Q12044364", "\u00c1shildur Haraldsd\u00f3ttir": "Q61972178", "Gordana Josifova-Nedelkovska": "Q55185633", "Esther Feingold": "Q1370045", "Carola Nielinger-Vakil": "Q112510650", "Caroline Thon": "Q1044575", "Evelin Degen": "Q1381641", "Meike Goosmann": "Q1725194", "Yumiko Sakuma": "Q11382723", "C\u00e9cile Daroux": "Q3009724", "Hermine Deurloo": "Q1452384", "Iveta Bachmannov\u00e1": "Q95148676", "Pernille B\u00e9vort": "Q23661749", "Monika Mattiesen": "Q11883164", "Reet Sukk": "Q124150479", "Helena S\u00f6derman": "Q49103507", "Sabine Franz": "Q111432130", "Pauline Oostenrijk": "Q1854508", "Petra Erdtmann": "Q6465747", "Frauke Roth": "Q97460872", "\u00deur\u00ed\u00f0ur J\u00f3nsd\u00f3ttir": "Q61974029", "Inga Helene Juul": "Q30088361", "Stephanie Wagner": "Q21031849", "KyoungJoo Min": "Q107608981", "Nadine Bichler": "Q13104260", "Maja Kojc": "Q18627717", "Almut Werner": "Q112451774", "Rachel Beckles Willson": "Q112466434", "Simone Otto": "Q4340165", "Jana Bro\u017ekov\u00e1": "Q95137302", "Vigd\u00eds Klara Arad\u00f3ttir": "Q61973902", "Teresa Wilson": "Q107837746", "Jana Kart\u00e1kov\u00e1": "Q95474033", "Edith Steyer": "Q23059602", "Ivana Havrusevi\u010dov\u00e1": "Q116132504", "H\u00e9l\u00e8ne Devilleneuve": "Q8300384", "Christine Villinger": "Q105492239", "Jitka Tom\u0161\u00ed\u010dkov\u00e1": "Q112370613", "Martina Matu\u0161\u00ednsk\u00e1": "Q112390491", "Suzanne Welters": "Q2330205", "Emily Beynon": "Q2365939", "Esm\u00e9e Olthuis": "Q15808671", "Alina Mleczko": "Q20029854", "Araxi Karnusian": "Q626782", "Margr\u00e9t Stef\u00e1nsd\u00f3ttir": "Q61973310", "Rose Corrigan": "Q113028874", "Hildur \u00de\u00f3r\u00f0ard\u00f3ttir": "Q61972832", "Ines Kargel": "Q21979811", "Bego\u00f1a Divar": "Q98873119", "Sandra Arnold": "Q112438577", "Marta Velasco": "Q117199155", "Amanda Sedgwick": "Q15148156", "Helga Rut Gu\u00f0mundsd\u00f3ttir": "Q61972783", "Juliette Hurel": "Q3189766", "Samantha Duckworth": "Q113027906", "Riikka Talvitie": "Q2581907", "Wu-Chen Anne Chi": "Q106786553", "Karin Dornbusch": "Q4945081", "Irmgard Anderl Krajter": "Q17402248", "Jelka Weber": "Q19843467", "Cl\u00e9o Palacio-Quintin": "Q106195396", "\u017dofie Vok\u00e1lkov\u00e1": "Q10296414", "Julia Moretti": "Q15439852", "Lena Bloch": "Q57814251", "Karolina Strassmayer": "Q1734215", "Muriel Rochat Rienth": "Q121092", "Mark\u00e9ta Stiv\u00ednov\u00e1": "Q95173613", "Ayako Maeda": "Q11397705", "Kathrin Lemke": "Q1736503", "Monika \u0160treitov\u00e1": "Q112551194", "Kirsti H\u00e4rk\u00f6nen": "Q17381036", "Jana Neubauerov\u00e1-Bo\u0161kov\u00e1": "Q112407978", "Xenia L\u00f6ffler": "Q112436747", "Joanna Charchan": "Q11727397", "Karin de Fleyt": "Q15822817", "Emmanuelle Somer": "Q3052991", "Nina Jan\u00dfen": "Q1623498", "Marie-Christine Schr\u00f6ck": "Q18628980", "Silke Eberhard": "Q1694552", "Tatjana Ruhland": "Q53835960", "Kate\u0159ina Kopeck\u00e1": "Q95473947", "Tanja Mr\u0161njak Petrej": "Q12803895", "Lenka Fialov\u00e1": "Q112390480", "Marie-Luise Modersohn": "Q112461549", "Mizuho Yoshii": "Q65250736", "Janika Lentsius": "Q125523452", "Sabine K\u00fchlich": "Q1775046", "Sandra Weckert": "Q2221132", "Sabine Grofmeier": "Q23412118", "Lisette Wyss": "Q72383172", "Berglind Mar\u00eda T\u00f3masd\u00f3ttir": "Q61972207", "Pauliina Fred": "Q5476871", "Sh\u014dko Ikeda": "Q11551962", "Sandrine Carpentier": "Q62604538", "Annette Maye": "Q566641", "H\u00e9lo\u00efse Gaillard": "Q47069674", "Anna Brooks": "Q6453773", "Julie Andrews": "Q112785877", "Leanne Becknell": "Q112633252", "Rosemary Yiameos": "Q55979361", "Donna Shin": "Q102036423", "D\u00f3ra Behumi": "Q792045", "Isabelle Goupil-Sormany": "Q73046539", "Katharina B\u00e4uml": "Q99463026", "Petra Randov\u00e1": "Q112372918", "Eva Ber\u00e1nkov\u00e1": "Q112395018", "Anna Friederike Potengowski": "Q85119921", "Kate\u0159ina Soukalov\u00e1-V\u00e1chov\u00e1": "Q95148697", "Jana Semer\u00e1dov\u00e1": "Q19941698", "Pamela De Sensi": "Q61973437", "Milena Lipov\u0161ek": "Q12796669", "Magali Mosnier": "Q23059475", "Anna Matou\u0161kov\u00e1": "Q112365810", "Veronika Hyksov\u00e1": "Q112454532", "Maja Osojnik": "Q1387567", "Kerstin Witt": "Q1739709", "Marlen Vav\u0159\u00edkov\u00e1": "Q12035639", "Eve Neumann": "Q125523715", "Leslie Reed": "Q112786135", "Pavla \u0160v\u00e9dov\u00e1": "Q95152776", "Nadine Kauffmann": "Q13104263", "Sanne Landvreugd": "Q20113662", "Romana Goumare": "Q14285809", "Ana Kav\u010di\u010d Pucihar": "Q113995521", "Kimberly Wester": "Q105399270", "Nadia Labrie": "Q105911753", "Melanie Mat\u011bjka": "Q112508717", "Katrin Scherer": "Q1235768", "Sveinhildur Torfad\u00f3ttir": "Q61973834", "Silvia Careddu": "Q15406914", "Niurka Gonz\u00e1lez": "Q4143134", "Agata Igras": "Q60834032", "Ayako Takagi": "Q11670138", "Kristina Brodersen": "Q33129367", "Saara Aittakumpu": "Q31088349", "Jitka Zichov\u00e1": "Q112501499", "Tereza Ve\u010derkov\u00e1": "Q112547290", "Leonie Schaller": "Q6526623", "Natalie Hausmann": "Q19959780", "Leticia Gallardo Mart\u00ednez": "Q111108375", "Ada Rovatti": "Q15448826", "Lenka Baarov\u00e1": "Q12032919", "Oksana Sinkova": "Q125297176", "Judith Montero": "Q12261100", "Burcu Karada\u011f": "Q89376914", "Anna N\u00e4kk\u00e4l\u00e4j\u00e4rvi-L\u00e4nsman": "Q105435662", "Marcela \u0160t\u011bdrov\u00e1": "Q112474937", "Agata Kielar-D\u0142ugosz": "Q65175581", "Anna Ducha\u0148ov\u00e1": "Q80127001", "Raquele Magalhaes": "Q104335567", "Freyja Gunnlaugsd\u00f3ttir": "Q61972429", "Leonora Palu": "Q12368621", "Ivana Marcinov\u00e1": "Q95093536", "Lauren Sevian": "Q1648977", "Judith Farmer": "Q112721389", "Mariam Sarkissian": "Q112227118", "Alexandra Lehmler": "Q15782295", "Katarina Widell": "Q4990461", "Naomi Adriaansz": "Q61653527", "Jarmila Chrom\u00edkov\u00e1": "Q112394750", "Petra Klementov\u00e1": "Q112430473", "Marie \u0160palov\u00e1": "Q112399125", "Louise Dam Eckardt Jensen": "Q24284434", "Alexandra Grimal": "Q2643595", "Barbora Gregorov\u00e1": "Q11052120", "Tereza Karl\u00edkov\u00e1": "Q95078731", "R\u00f3sa Gu\u00f0r\u00fan Sveinsd\u00f3ttir": "Q61973516", "Gen\u00e8vieve Gauthier": "Q42947862", "Julien Laffaire": "Q95199472", "Lenka Houserov\u00e1 Moravcov\u00e1": "Q112438434", "Dana Wichterlov\u00e1": "Q112454339", "Marion Ralincourt": "Q121889877", "Janey Miller": "Q114967950", "Martina Kom\u00ednkov\u00e1": "Q110498037", "Helene Kenyeri": "Q3129674", "Heather Clark": "Q113028956", "Nicole Joh\u00e4nntgen": "Q1987018", "Melkorka \u00d3lafsd\u00f3ttir": "Q61973374", "Abi Harding": "Q10376127", "Marike van Dijk": "Q29884770", "Alicja Kieruzalska": "Q112461104", "Clara Andrada": "Q65275895", "Uko": "Q81783412", "Lenka Mor\u00e1vkov\u00e1": "Q95109977", "Christine Corvisier": "Q23059255", "Alja Velkaverh": "Q113577", "Alba Sarraute": "Q99656435", "Emil\u00eda R\u00f3s Sigf\u00fasd\u00f3ttir": "Q61972385", "Ele Raik": "Q124205954", "Ania Karpowicz": "Q105085394", "Jana Lahodn\u00e1": "Q112513480", "Ludivine Issambourg": "Q87801508", "Jana Jarkovsk\u00e1": "Q87410546", "Dana Jessen": "Q28845794", "Heli Ernits": "Q125522735", "Izumi Watanabe": "Q11562741", "Rannveig K\u00e1rad\u00f3ttir": "Q61973495", "Stephanie Lottermoser": "Q14877282", "Emma Essinger": "Q4947217", "Lelie Resnick": "Q113028533", "Erzs\u00e9bet Seleljo": "Q115565681", "C\u00e9line Moinet": "Q8311634", "Na\u00efssam Jalal": "Q28329593", "Kathrin Christians": "Q63789997", "Jana Luk\u00e1\u0161ov\u00e1": "Q112454258", "Virginia Genta": "Q124250643", "Anne Freitag": "Q2455176", "Tamar Lalo": "Q7680744", "Valentina Pecora": "Q42399856", "Yumi": "Q11255596", "Zs\u00f3fia Stef\u00e1n": "Q31092361", "Trish Clowes": "Q111680582", "Elin Larsson": "Q11857373", "Hafd\u00eds Vigf\u00fasd\u00f3ttir": "Q61972691", "Ma\u00efa Barouh": "Q21891741", "Charlotte Ortmann": "Q23565053", "Sylvaine H\u00e9lary": "Q24346479", "Julie Kj\u00e6r": "Q25894793", "Barbara Kortmann": "Q50383673", "Charlotte Berger": "Q1067114", "Hil\u00e0 Lahav": "Q25490811", "Viola Wilmsen": "Q108803737", "Rebecca Trescher": "Q33106623", "Ami Nakazono": "Q116980547", "Carola Ortiz": "Q97961818", "Felicia van den End": "Q2370771", "Ida Gillner": "Q110965520", "Jenni Olson": "Q113021062", "Luc\u00eda S\u00f3cam": "Q5982458", "Saori Yano": "Q516219", "Viktorie D\u011bde\u010dkov\u00e1": "Q112409518", "Michaela Ambrosi": "Q112494053", "\u00c8lia Bastida": "Q118309276", "Heleen Oomen": "Q122865991", "Mark\u00e9ta M\u00fcllerov\u00e1": "Q95087767", "Marina Osk": "Q61973348", "Arngunnur \u00c1rnad\u00f3ttir": "Q61972135", "Amy Roberts": "Q23978188", "Anna Besson": "Q41824805", "Mette Rasmussen": "Q45406389", "Magdalena \u0141apaj": "Q55122783", "Karin Bonelli": "Q66686362", "Nora Shaffer": "Q108039608", "Camille Maussion": "Q112072785", "Bettina Aust": "Q101305130", "Barbara Borowicz": "Q106603956", "Charlotte Greve": "Q1067199", "Maria Sournatcheva": "Q1896301", "Suzy Eises": "Q125761189", "Magdal\u00e9na Hnili\u010dkov\u00e1": "Q112541757", "Hatsuki Kawakami": "Q48760261", "Kalina Georgieva": "Q126960575", "Pavl\u00edna Kiesslingov\u00e1": "Q95181807", "Maud S\u00e9guier": "Q90041053", "Lara Wickes": "Q113028446", "Jessica Pearlman": "Q113009276", "Eva Myslivcov\u00e1": "Q95382086", "Mona Matbou Riahi": "Q58835636", "Adriana Ferreira": "Q99774497", "Lucie Steiner": "Q112481034", "Lara Wong": "Q114161160", "Yuri Nakamura": "Q64782512", "Anastasia McQueen": "Q28503555", "Asya Fateyeva": "Q20171750", "Csatl\u00f3s Melinda": "Q28528083", "\u017baneta Rydzewska": "Q106240353", "Veronika Kozakovi\u010dov\u00e1": "Q112524952", "Haizea Martiartu": "Q104731952", "Kamila Novotn\u00e1": "Q95558049", "Andrea \u0160ulcov\u00e1": "Q117399899", "Hana H\u00e1na": "Q108201774", "Kate\u0159ina Jane\u010dkov\u00e1": "Q113651570", "Sophie Dervaux": "Q56683467", "Laura Totenhagen": "Q33814011", "Luise Volkmann": "Q59843672", "Kaisa Kortelainen": "Q96070002", "Yvonne Moriel": "Q124049056", "Erena Terakubo": "Q61648397", "Sigr\u00ed\u00f0ur Hj\u00f6rd\u00eds Indri\u00f0ad\u00f3ttir": "Q61973608", "\u053c\u056b\u056c\u056b\u0569 \u0544\u0561\u0576\u0561\u0580\u0575\u0561\u0576": "Q108210855", "Yarden Klayman": "Q38046385", "Fabia Mantwill": "Q96574326", "Anna Paulov\u00e1": "Q112526335", "Ingely Laiv-J\u00e4rvi": "Q115481540", "\u00c1slaug R\u00fan Magn\u00fasd\u00f3ttir": "Q61972185", "Lena-Larissa Senge": "Q110772903", "Sakira Ventura Quintana": "Q123102329", "Andrea G\u00f6tsch": "Q105724378", "Madeleine Joel": "Q119168779", "Eva Nina Kozmus": "Q114171035", "Barbora Haasov\u00e1": "Q95244723", "Kika Sprangers": "Q55472264", "RiRia": "Q11502545", "Julia Obergfell": "Q113151254", "Erle Kont": "Q31273511", "Claire Brazeau": "Q113415566", "Julie Burkert": "Q113186562", "Caterina Compagno": "Q106603945", "Laura Michelin": "Q109369956", "Lucia B\u00f6ck": "Q65108538", "Ece Selin Y\u00fcksel": "Q116767347", "Barbara Tomi\u0107": "Q115898120", "Alena Kohu\u0161ov\u00e1": "Q76520887", "Steph Winzen": "Q96064086", "Christine Mothes": "Q96347712", "Annamaria Morini": "Q564447", "Gina Leishman": "Q1410392", "Simone Sonnenschein": "Q1435148", "Sarah Manning": "Q2224420", "Catherine Sikora": "Q16890297", "Mami Kuroiwa": "Q17130098", "Rachel Musson": "Q17591287", "Anja Burnik": "Q28362054", "Zoh Amba": "Q113319226", "Jaune Emma": "Q122705644", "Nanno": "Q20726236", "Barbara Bolte": "Q4858763", "G\u00fcl\u015fen Tatu": "Q6085247", "Odette Ernest Dias": "Q10340238", "Hisako Yoshikawa": "Q11412930", "Chieko Tsutsumi": "Q11427992", "Tomoko Iwashita": "Q11473997", "\u7530\u90e8\u4e95\u96c5\u4e16": "Q11577445", "Alicja Wo\u0142y\u0144czyk": "Q11685403", "Julie Bran\u00e1": "Q12027163", "Catherine Cantin": "Q12305548", "Sohre Rahbari": "Q13036061", "Hanna Kinnunen": "Q16299858", "Kazuko Nakase": "Q17219718", "Ene Ahven": "Q18624691", "Susanne Barner": "Q23854769", "Anni Toompere": "Q24546114", "Laura Ruiz Ferreres": "Q24961525", "Hanul Park": "Q28045697", "Melissa Johnson Lander": "Q28050694", "Kika Wright": "Q28050700", "Sarah Eckman Mciver": "Q28055700", "Yumi It\u014d": "Q28687171", "Mika Kobayashi": "Q38276218", "Akiko Matsuda": "Q38278767", "Carol L. Shansky": "Q43225437", "Alexandra Klimekov\u00e1": "Q50821761", "Iva Oulehlov\u00e1": "Q51730086", "Vivien Rolfe": "Q52484143", "Nancy Goeres": "Q52637528", "Redina Bekteshi": "Q54861044", "Mariko Fukushi": "Q55535803", "Miki Sone": "Q56349085", "Fr\u00e9d\u00e9rique Chauvet": "Q59587186", "Reiko Takuwa": "Q59779656", "Georgia Browne": "Q61972440", "Kristjana Helgad\u00f3ttir": "Q61973180", "Mika Kawashima": "Q62701798", "Andrea Lenz": "Q62854653", "Ida Toninato": "Q65115897", "Wakana Ikeda": "Q65975197", "Diana Baroni": "Q70852774", "Rachel Mellis": "Q82611398", "Misato Takagi": "Q89521114", "Anne-Lise Herbel": "Q93882326", "Mathilde Duffau": "Q94156978", "Emilie Roemer": "Q94440696", "Susanne Lindtberg": "Q94733015", "Angelika Bender": "Q95657690", "Cecilia Oomes": "Q95681935", "Gefion Landgraf": "Q95751639", "Gunhild Ott": "Q95751900", "Fatima Boix Cant\u00f3": "Q96068948", "Emmi Tikkala": "Q96069909", "Suai Takahashi": "Q96273624", "Maja Miro-Wi\u015bniewska": "Q97180611", "Marie-Bernadette Charrier": "Q97218461", "Miroslava Moul\u00edkov\u00e1": "Q98496127", "Haruka Ohkawa": "Q98758079", "Jessica Wagner-Cowan": "Q99707622", "Lucia Morelenbaum": "Q100255135", "Petra Kalisova Vaclavikova": "Q100806250", "Mateja Haller": "Q102280506", "Maki Kasai": "Q104013325", "Ariana Pedrosa": "Q104532191", "Adah Toland Jones": "Q104833699", "Akane Otsuka": "Q105249226", "No\u00e9mie Caron-Marcotte": "Q105321021", "Maril\u00e8ne Provencher-Leduc": "Q105394722", "Rie Akagi": "Q105420085", "Katherine Emeneth": "Q106145554", "Gemma Goday": "Q106148359", "Juno Lee": "Q106149326", "Jennifer Muehrcke": "Q106308449", "Sarah Bahauddin": "Q106438366", "Sarah Bassingthwaighte": "Q106478274", "Karen Riale": "Q106615815", "Miri Mehrstimmig": "Q106923231", "Rebecca Henderson": "Q107365091", "Jennifer Gookin Cavanaugh": "Q107365170", "Del Hungerford": "Q107457438", "Nancy Miles": "Q107608852", "Jenny Ziefel": "Q107673022", "Norma Jean Bell": "Q108528333", "Chelsea Carmichael": "Q108870743", "Lil Russia": "Q108902953", "Harumo Imai": "Q109448492", "Carmel Courtney": "Q110492445", "Barbara White": "Q110965934", "R\u00edoghnach Connolly": "Q111529375", "Anja Setzkorn-Krause": "Q111655046", "Marina Ca\u00f1ardo": "Q111823458", "Alex Amor": "Q112031376", "Hannah Stoll": "Q112144643", "Anne-Elisabeth Ramsenthaler": "Q112145003", "Madeline Menten": "Q112943846", "H\u00e9l\u00e8ne Banoun": "Q112962319", "Ingrid Mayer": "Q113110344", "Karina Chalenko": "Q113144699", "Eunmin Seong": "Q113162332", "Carolin Renner": "Q113170820", "Andrea Westphal": "Q113170887", "Maiko Kawabata": "Q113303069", "Ruth Kronen": "Q113377996", "Anna Fusek": "Q113499528", "Michiko Akao": "Q113676977", "Roswitha Spangenberg": "Q113738069", "Marjorie A. Roth": "Q113797785", "Melody Lin": "Q115047959", "Sarah Wood": "Q119605823", "Seungmin Cha": "Q115869207", "Paloma Catal\u00e1 Parga": "Q116702699", "Fanny M\u00e9n\u00e9goz": "Q116926000", "Jasmine Lovell-Smith": "Q116938268", "Anastasia Christofakis": "Q117125575", "El\u017cbieta Gajewska-Gadzina": "Q117225323", "Sigrid Eppinger": "Q117751054", "Marie-Laurence Primeau": "Q117757830", "Caroline Tremblay": "Q117758270", "Alexa Raine-Wright": "Q117758982", "Charlotte aus dem Siepen": "Q117803300", "Jantsje Westra": "Q117875152", "Laura Cocks": "Q118483157", "Caitlin Broms-Jacobs": "Q118978698", "Anne Raito": "Q119614616", "Maria Fedotova": "Q119692727", "Britta Bauer": "Q119820991", "Erika Uchida": "Q119923807", "Jennifer Seubel": "Q120147683", "Monika Wimberger Dev\u00e1t\u00e1": "Q120604402", "Hedvika \u0160l\u00e1potov\u00e1": "Q120608385", "Eva Chomouck\u00e1": "Q120612981", "Simona Du\u0161kov\u00e1": "Q120617043", "Vicki Hallett": "Q120652603", "Nichola Jane Voice": "Q121078577", "Marion Beyer": "Q122655818", "M\u00e9lanie Bourassa": "Q123458174", "Jane Ellsworth": "Q123566367", "Rozina Christopoulou": "Q125536410", "Jana Ry\u0161kov\u00e1": "Q125579476", "Petra Kadlecov\u00e1": "Q125579951", "Irida Mara": "Q125754678", "Michiyo Suzuki": "Q126211045"}