{"Elisa Fleury": "Q3051060", "Anna Okulova": "Q30345828", "Amelia Za\u0142uska": "Q11685622", "Lucien Perey": "Q21401578", "Laure Fonta": "Q80787755", "L\u00e9ontine Goirand": "Q12949397", "Rose Helen Haig Thomas": "Q70115674", "Marie Herzfeld": "Q1402307", "Myriam Th\u00e9len": "Q17635504", "Jean Bertheroy": "Q3170743", "Olympe Gevin-Cassal": "Q17635962", "Cecylia Walewska": "Q9185473", "Anna Carnaud": "Q62654542", "Victor F\u00e9li": "Q3557310", "V\u00e9ga": "Q15407135", "Marie Reyn\u00e8s-Monlaur": "Q3292758", "Jeanne Berta Semmig": "Q108944", "Ida Gawell-Blumenthal": "Q4988547", "Minna Bachem-Sieger": "Q18822134", "Marthe Dupuy": "Q15407119", "No\u00e9mi de Saint-Ouri-Magallon": "Q50384045", "Hilda Murray": "Q75596769", "Marguerite Comert": "Q50376994", "Agda Kristina Reuterski\u00f6ld": "Q89026374", "Eva Drachmann": "Q29174272", "Alina \u015awiderska": "Q9148389", "Helena Stattler": "Q19850507", "Alice de Koenigswarter": "Q16526126", "Hermine Cloeter": "Q1613588", "Thyra Seilli\u00e8re": "Q27892448", "Marie-Th\u00e9r\u00e8se Gadala": "Q18214800", "Marguerite Reynier": "Q42529380", "Yevgenia Khyamyalyaynen": "Q23656667", "H\u00e9l\u00e8ne Seguin": "Q3144859", "Marie Scheikevitch": "Q18611806", "Martina Wied": "Q1905536", "Marie Ren\u00e9-Bazin": "Q72738517", "Julie \u0160upichov\u00e1": "Q12027171", "Suzanne Lacascade": "Q108295779", "Olga Essig": "Q2791068", "Marie Barr\u00e8re-Affre": "Q3292379", "Mabel Lee": "Q61914608", "Berthe Bernage": "Q827780", "Thyde Monnier": "Q445480", "Germaine Mornand": "Q16638968", "Marfa Trubina": "Q4464197", "Zuzanna Rabska": "Q9392169", "Camille Mayran": "Q2935011", "Zofia Kernowa": "Q9391775", "Olga Meyer": "Q51907", "Genevi\u00e8ve Duhamelet": "Q3100629", "Marijani": "Q20561031", "Zofia Kozarynowa": "Q9391784", "Leila de Dampierre": "Q27535663", "Ilka Va\u0161te": "Q12791328", "Elisabeth Zernike": "Q13541826", "Calelhon": "Q12948367", "C\u00e9lestine Chanot-Bullier": "Q119438894", "Suzanne Martinon": "Q50385025", "Gertrud von den Brincken": "Q1515745", "Holdine Stachel": "Q1624411", "Maria Henriques Osswald": "Q15431940", "Mariya Marich (1893-1961)": "Q4281609", "Povline L\u00fctken": "Q4964450", "Gabrielle du Fresne Fauconneau": "Q109990066", "Izabela Stachowicz": "Q7943983", "Marthe de Fels": "Q63952251", "Margit von Willebrand-Hollmerus": "Q4990571", "Camille Belguise": "Q60151732", "Th\u00e9r\u00e8se Len\u00f4tre": "Q17486069", "Maria Zientara-Malewska": "Q3087427", "Marie Barraill\u00e9": "Q118383385", "Anna Mosolf": "Q562575", "Maria Zierer-Steinm\u00fcller": "Q1735820", "\u00c9l\u00e9onore Niquille": "Q73669390", "Kazimiera D\u0119bska": "Q11737632", "Alliette Audra": "Q8320989", "Martha Saalfeld": "Q1793727", "Nadzieja Drucka": "Q11788955", "Helene Weilen": "Q15431348", "Alicja Be\u0142cikowska": "Q2836782", "Vera Smirnova": "Q28359952", "Elena Ferrari": "Q4174682", "Raymonde Tricoire": "Q118787832", "Ruth Schaumann": "Q1234556", "Elisabeth Schnack": "Q1330264", "Alice Stern": "Q72729684", "Daisy Anderson": "Q114100441", "Christina Elizabeth Pothast-Gimberg": "Q14849834", "Marie-Louise Riche": "Q27535679", "Estrid Ott": "Q12310658", "Maria M\u00fcller-G\u00f6gler": "Q1896188", "Lempi J\u00e4\u00e4skel\u00e4inen": "Q17381298", "Maria Langner": "Q1290094", "\u017delm\u00edra Ga\u0161par\u00edkov\u00e1": "Q10281184", "Kjerstin G\u00f6ransson-Ljungman": "Q4951765", "Lina Staab": "Q1825653", "Marie-Jeanne Durry": "Q3291929", "Rose Gronon": "Q2303542", "Elena Ilyina": "Q4174678", "Marie Pode\u0161vov\u00e1": "Q20977011", "Marguerite Hoppenot": "Q72738176", "Eeva Niinivaara": "Q12361740", "Hilde F\u00fcrstenberg": "Q1618208", "Jeanne Laurent": "Q3176091", "Marie-Aim\u00e9e M\u00e9raville": "Q3291442", "Yelena Zhilkina": "Q4180402", "Marguerite Michaud": "Q3290717", "Valeria Gerasimova": "Q4136046", "Mia Seeger": "Q1926563", "Natalie Beer": "Q1966152", "Maria Menz": "Q1896157", "Elisabeth de Roos": "Q17351472", "Bronis\u0142awa Szczepaniec": "Q29246339", "H\u00e9l\u00e8ne Gr\u00e9goire": "Q3144777", "\u0424\u0430\u0446\u0456\u043c\u0430 \u0413\u0430\u0431\u0456\u0442\u0430\u0432\u0430": "Q16434926", "Evangelina Guerrero Entrala": "Q5557988", "Natalia Dilaktorskaya": "Q4161589", "Claude Renaudy": "Q2978045", "Marcelle V\u00e9rit\u00e9": "Q3289589", "Jutta Hecker": "Q1410557", "Hanna Januszewska": "Q9285980", "Margit G\u00e1sp\u00e1r": "Q1031172", "Claudine Chonez": "Q2978465", "Erika Mitterer": "Q1354436", "Vira Yenina Mykhailivna": "Q12073366", "Franziska Bilek": "Q1450088", "Maryam Khakimzhanova": "Q4494916", "Nirmala Devi": "Q38516831", "Ilse Pohl": "Q1659189", "Helena Ko\u017eeluhov\u00e1": "Q4532826", "Esfir Buranova": "Q4099350", "Ivona Martin": "Q3156340", "Erzsi Palotai": "Q1228595", "Zinaida Aleksandrova": "Q4061162", "Jo Boer": "Q2576347", "Alina Centkiewiczowa": "Q7941341", "Simone Chevallier": "Q18214387", "Elena Vechtomova": "Q4110265", "Marija Dmitrievna Oechsay": "Q4479208", "Maria Prigara": "Q4378017", "Poul Engberg": "Q75493270", "Claire Lucques": "Q55771873", "Anne Fontaine": "Q2851086", "Marianne Langewiesche": "Q1896853", "Irena Misztal": "Q4298501", "Erna Taege-R\u00f6hnisch": "Q1356119", "Elena Evgenievna Kotvitskaya": "Q4499935", "Katrin Jakobi": "Q108419722", "Amy K\u00e1rolyi": "Q1123470", "Vefa de Bellaing": "Q3555205", "Nell Challingsworth": "Q106807847", "Norah Albanell MacColl": "Q56670754", "Yelena Yunger": "Q4534524", "Paule Duma\u00eetre": "Q3372585", "Kastehelmi Karjalainen": "Q11870271", "Simone Az\u00e9ma": "Q118363618", "Polina Kaganova": "Q4207113", "Pierrette Sartin": "Q3387903", "Elisabeth Specht": "Q16064159", "Blanche Loh\u00e9ac-Ammoun": "Q105079731", "Anne-Marie Kegels": "Q2850868", "Mirjam Tuominen": "Q4983623", "Mercedes Formica": "Q11692105", "Eugenia Kochanowska": "Q9255813", "Lydia Kompaniets": "Q12112048", "Ella Hillb\u00e4ck": "Q4954023", "Yulia Shestakova": "Q15061110", "Elsbeth Siebenb\u00fcrger": "Q1333587", "Mira Micha\u0142owska": "Q7943048", "Jeannette Boulizon": "Q29018280", "Ann Margret Dahlquist-Ljungberg": "Q4944051", "Ti\u1e33\u1e7fah \u015aarig": "Q65252171", "Jacqueline de Nonville": "Q27535697", "Geno Hartlaub": "Q1502441", "Molly Flagg Knudtsen": "Q105816823", "Gertrud Weitensfelder-Anger": "Q1515707", "Hanne Schleich": "Q1575826", "Christl Sch\u00f6nfeldt": "Q15794301", "Shulamit Las\u1e33ov": "Q6980746", "\u00c9lisabeth Burnod": "Q3587858", "Annie Spillebout": "Q50378544", "Andr\u00e9e Crabb\u00e9 Rocha": "Q9614832", "Jean McCaughey": "Q38325572", "Jytte Borberg": "Q12320660", "Gabrielle Faure": "Q3094125", "Esyllt T. Lawrence": "Q11921104", "Silvia Rannamaa": "Q116228", "Pura V\u00e1zquez": "Q11701399", "Brigitte Level": "Q19945129", "Stanis\u0142awa Fleszarowa-Muskat": "Q9343583", "Adriana Zarri": "Q3605681", "Yudif Kapusto": "Q4213337", "Esperanza L\u00e1zaro": "Q20986397", "Prakhin Xumsai Na Ayudhya": "Q16138404", "Miho Shimao": "Q4419501", "Gwendolyn Hooks": "Q106219064", "Galateia Sarant\u0113": "Q16512506", "Tilde Michels": "Q1498660", "Tamara Petkevich": "Q4360310", "Genevi\u00e8ve Gennari": "Q66780431", "Tine Schulze Gerlach": "Q2435673", "Martha W\u00f6lger": "Q51953", "Hanna-Heide Kraze": "Q1575651", "Claude Pasteur": "Q2977924", "Helmiriitta Honkanen": "Q11862098", "Gertrud Zasche": "Q1515715", "Rosemarie Fiedler-Winter": "Q23572844", "Janina Klawe": "Q11719820", "Ingegerd Fries": "Q16594865", "Elizabeth Sch\u00f6n": "Q8774959", "Lidia Croce": "Q20065014", "Suzanne Denglos-Fau": "Q86182009", "Sarah Bianchi": "Q6121796", "Olga Kozhukhova": "Q4226417", "Maryna Ok\u0119cka-Bromkowa": "Q11770909", "Suzanne Hilton": "Q113579109", "Mich\u00e8le Aumont": "Q93238147", "Natalia Astafiewa": "Q4071588", "Isabel Arqu\u00e9 Giron\u00e8s": "Q16334659", "Zoya Bogomolova": "Q17426621", "Edith Biewend": "Q16603773", "Trude Marzik": "Q112282", "Barbara Land": "Q106911668", "Anne Rose Katz": "Q565752", "Naig Rozmor": "Q3335188", "Olga Golubeva-Teres": "Q15206264", "Barbara Bartos-H\u00f6ppner": "Q108012", "Aleksandra Ol\u0119dzka-Frybesowa": "Q11685201", "Olga Gallego": "Q12396298", "Elsbeth Janda": "Q1333573", "Irmgard Behrendt": "Q13422633", "Maria Teresa Regard": "Q3847563", "Lori Ludwig": "Q126782", "Teresa Van Marcke": "Q2541096", "Ilanah Shemu\u02beeli": "Q1498517", "Vittoria Ottolenghi": "Q4015226", "Zuura Sooronbaeva": "Q4428884", "Marie T\u00e5ngeberg": "Q20676", "Anna Maria Martins": "Q48879790", "Tetiana Voronova": "Q12090680", "Margot Scharpenberg": "Q1674647", "Nirupama Rath": "Q42313133", "Julie Lewis": "Q79143286", "Rosemarie Banholzer": "Q106937", "Nina Berkova": "Q4084931", "Irina Trius": "Q4463242", "Julia Uceda": "Q5954715", "Gertrud Benker": "Q1515518", "Patricia Blake": "Q47524639", "Miyoko Iwasa": "Q11474126", "Ira Lember": "Q16406076", "Mar\u00eda do Carme Kruckenberg": "Q12393071", "Maguelonne Toussaint-Samat": "Q21091629", "Barbara Salayi": "Q15505433", "Ursula Mattheuer-Neust\u00e4dt": "Q2501756", "Nina Mikhailovna Pashayeva": "Q4347522", "Marie Chevallier": "Q3292436", "Claire Lejeune": "Q21192312", "Maria Kalota-Szyma\u0144ska": "Q11768937", "Aliza Tur-Malka Greenberg": "Q6920911", "Th\u00e9r\u00e8se Cornips": "Q2157811", "Julieta de Godoy Ladeira": "Q10312889", "Nicole Buffetaut": "Q47465804", "L\u016bcija \u0136uz\u0101ne": "Q16362976", "Paule Wislenef": "Q56073091", "Martine Aul\u00e8dre": "Q118927020", "Margaretha Hernlund": "Q4953774", "Marie Vojt\u00ed\u0161kov\u00e1": "Q12035491", "Silvia Tennenbaum": "Q1435680", "Lida Winiewicz": "Q2756481", "Joanna Kulmowa": "Q11727449", "Kamila Mou\u010dkov\u00e1": "Q1723071", "Mireille Boccara": "Q62656369", "Martha Banta": "Q113242532", "V\u011bra Mikul\u00e1\u0161kov\u00e1": "Q85659700", "Anna-Maija Raittila": "Q11851545", "Gitica Jakopin": "Q12789903", "Liesel Hartenstein": "Q1824290", "Ankie Peypers": "Q2404866", "Inna Goff": "Q4147113", "Galina Tchernogolovina": "Q4513910", "Eva Bakos": "Q1379106", "Wava St\u00fcrmer": "Q4981064", "Bo\u017eena Kuklov\u00e1-J\u00ed\u0161ov\u00e1": "Q11240861", "Yvonne Davison": "Q114317709", "Nelly D\u00e4s": "Q1501018", "Aracy Amaral": "Q9627138", "Gabriella Fiori": "Q62393373", "Victoria Sau": "Q15899334", "Maria de Lourdes Modesto": "Q10326156", "Yael Medini": "Q19515575", "Daphn\u00e9 Vaudoyer": "Q15970642", "Felicitas Frischmuth": "Q1403063", "Pnina Zer": "Q6531484", "Efig\u00eania Ramos Rolim": "Q10270988", "Jacqueline\u00a0Dupuy": "Q46723060", "Inga Karetnikova": "Q112130484", "Johanna Schwarz": "Q16904793", "Irene Reif": "Q15479936", "Claude de Burine": "Q2978322", "Eva Madelung": "Q19059922", "Mar\u00eda Victoria Atencia": "Q6004752", "Sailarani Mishra": "Q29841508", "Margarete Niggemeyer": "Q1895009", "Angelica B\u00e4umer": "Q533978", "Stella Carr Ribeiro": "Q10374124", "Anka Kowalska": "Q9154914", "Annemarie Zornack": "Q566375", "Sachiko Yoshihara": "Q11412707", "Claude-Annie Gaidan": "Q62811884", "Magda Soares": "Q10323022", "Rumiko K\u014dra": "Q11672748", "Diana Kidd": "Q54553406", "Hena Gonz\u00e1lez de Zachrisson": "Q63208415", "Lyudmila Shchipakhina": "Q4529090", "Alla Vasilyeva": "Q28665323", "Mireille Cottenj\u00e9": "Q2291199", "Paula Fure": "Q19692507", "Carole Vos": "Q13456190", "Anne Pons": "Q2851246", "Harriet Harvey Wood": "Q112405392", "Ada Yakusheva": "Q4537301", "Ilona Laaman": "Q1628354", "Madeleine Pyk": "Q4973670", "Ella Fonyakova": "Q103908806", "Natalya Durova": "Q7938695", "Tanzilja Moestafaevna Zoemakoelova": "Q4194694", "Meri Tskhovrebova": "Q15686483", "Renate Axt": "Q106684", "Zsuzsa Vadas": "Q107560356", "Miriam Eitan": "Q18913470", "Szilvia Dallos": "Q901330", "Purificaci\u00f3n Fenoll": "Q22911289", "Jacqueline Vandal": "Q20089371", "Anne-Lise Gjerdrum": "Q11958219", "Anita Salomonsson": "Q4976614", "Nurit Govrin": "Q12409789", "Larisa Vasilyeva": "Q4104741", "Joyce Gibson Roach": "Q106731000", "Else Schwenk-Anger": "Q23059285", "Ora Lahav Chaaltiel": "Q55292472", "Heidi von Born": "Q4940145", "Christine Koschel": "Q15446545", "Marie R\u00fat K\u0159\u00ed\u017ekov\u00e1": "Q12035457", "Marfugha Aytkhozha": "Q12552979", "Ludmila Klukanov\u00e1": "Q38033866", "Brigitte Gedon": "Q916284", "Erina Russo de Caro": "Q16554264", "Paule Noyart": "Q2402707", "Viktoriya Belomlinskaya": "Q4082580", "Ilse Behl": "Q15435568", "Hilde Schm\u00f6lzer": "Q15445651", "Maya Nikulina": "Q105394007", "Krisztina Passuth": "Q1230611", "Gil vander Heyden": "Q2545827", "Lone Lindorff": "Q12324862", "Monika Taubitz": "Q112192", "Olga Fokina": "Q4491345", "Ine Veen": "Q2919758", "Nina Rauprich": "Q1992837", "Federica de Cesco": "Q1400406", "Moema Libera Viezzer": "Q16593041", "Yelena Nesterova": "Q4317803", "Ursel Scheffler": "Q108326", "Clarisse Nicoi\u034f\u0308dski": "Q1095637", "Eliza Botezatu": "Q20640651", "Rosalind K. Marshall": "Q59991517", "Marie Hru\u0161kov\u00e1": "Q12035402", "Doochsadee Buntasnakul": "Q13014890", "Frances McCullough": "Q66125171", "Joanna Papuzi\u0144ska": "Q11727489", "Hana Roth": "Q7057447", "Valeria Boguslavska": "Q4089876", "Anna Kiss": "Q1111548", "Karin Hempel-Soos": "Q1117612", "Nannie Kuiper": "Q2352696", "Lorina Dymova": "Q4171627", "Liudmyla Chyzhova": "Q4515773", "Concha L\u00f3pez Narv\u00e1ez": "Q5780977", "Cleodes Piazza J\u00falio Ribeiro": "Q21679956", "Amela Einat": "Q63440037", "Christel Zachert": "Q1078366", "Margret Bergmann": "Q1499892", "Maike Bruhns": "Q15429482", "Jana Lorencov\u00e1": "Q15146525", "Zsuzsa Vathy": "Q227390", "Roni Givati": "Q6842012", "Maie Remmel": "Q16406656", "Christina Lindvall-Nordin": "Q4963039", "Zyta Oryszyn": "Q11838511", "Helena Villar Janeiro": "Q12390366", "Hagit Benziman": "Q6833356", "Christina Christodoulou-Todea": "Q51316464", "Ora Ahimeir": "Q6909034", "Marleen De Cr\u00e9e-Roex": "Q21345066", "Louise Lambert-Lagac\u00e9": "Q3263759", "Carry-Ann Tjong Ayong": "Q2838175", "Gun Ekroth": "Q4946182", "Anna Valentov\u00e1": "Q10853464", "Banaja Devi": "Q38523624", "Naomi Tarrant": "Q61002913", "Yael Roseman": "Q47402627", "Ina R\u00f6sing": "Q1243812", "Susan Ludvigson": "Q124254808", "Josefina Delgado": "Q5936645", "Maria Du\u0142awska": "Q11768822", "Anita Eklund Lykull": "Q4946102", "Enkarni Genua": "Q12256858", "\u05e0\u05d5\u05de\u05d4 \u05e9\u05d9\u05dc\u05d4": "Q25490658", "Marina Mayoral": "Q3399927", "Leonor Xavier": "Q10317415", "Bit\u0117 Vilimait\u0117": "Q12651114", "Simone Schell": "Q4884472", "Maryam Burakayeva": "Q16628335", "Alena Barto\u0161\u00edkov\u00e1": "Q10769084", "Ruth Blumert": "Q20088980", "Torunn Ystaas": "Q16898080", "Ray-G\u00fcde Mertin": "Q105379", "Anne Roze": "Q16021030", "Anna Adamis": "Q368307", "Helga Lippelt": "Q1602225", "Jutta Skokan": "Q1714647", "Edith Litwin": "Q5818564", "Rina Ouziel Blumenthal": "Q101564486", "Jean Pfaelzer": "Q64734882", "Chantal Dupille": "Q2956279", "Monika Pelz": "Q1944726", "Evane Hanska": "Q15556455", "Dagmar Chidolue": "Q1157258", "Danae Brugiati": "Q77977324", "Blanka St\u00e1rkov\u00e1": "Q16515323", "Fatimata Mounka\u00efla": "Q24421266", "Ruth Herz": "Q1685526", "Anne-Marie Moulin": "Q55623410", "Inge Meyer-Dietrich": "Q1662803", "Agneta Ara": "Q4936358", "Annegret Herzberg": "Q566004", "Kathryn Kramer": "Q55267181", "Maren Sell": "Q15438637", "Dilek T\u00fcrker": "Q12809220", "Franca Grisoni": "Q3749299", "Angela Maria Rossas Mota de Guti\u00e9rrez": "Q56860893", "Dordi Skuggevik Tande": "Q17111515", "Maria Jo\u00e3o Seixas": "Q10325954", "Inge Wolff": "Q1334374", "Gun-Britt Sundstr\u00f6m": "Q4981270", "Gabriele M. G\u00f6bel": "Q1490495", "Svitlana Iovenko": "Q12107357", "Carmen G\u00f3mez Ojea": "Q5752545", "Firdaus Bashirova": "Q20165357", "Violeta Ardiles Poma": "Q78269557", "Gabriela Avigur-Rotem": "Q12404844", "Marie Gaston": "Q47492357", "Rebecca West": "Q59276104", "Janet Koplos": "Q106629622", "Rauni Manninen": "Q108343677", "Hertha Beuschel-Menze": "Q1614674", "Nina K\u00e9hayan": "Q88875106", "Ichiyo Kuwabara": "Q11112837", "Rakshabahen Dave": "Q105104693", "Diane Broeckhoven": "Q530145", "Gabriele Goettle": "Q106729", "Kaarina Helakisa": "Q5484739", "Anneliese H\u00fcbner": "Q566148", "Catherine Dolto": "Q2941896", "Martine Boulart": "Q16663572", "Gerda van Wageningen": "Q2101822", "Wanda Dowlaszewicz": "Q125072008", "Roselyne Bertin": "Q3442485", "Yaara Ben-David": "Q6624483", "Laurence Picq": "Q27535248", "Makarem Elghamry": "Q28714789", "Karin Dengler-Schreiber": "Q1275891", "Le\u02beah Flaishman": "Q1810387", "Jan Michael": "Q39364587", "Regine Limaverde": "Q56879577", "Elsemarie Maletzke": "Q1333762", "Dana Hor\u00e1kov\u00e1": "Q1159222", "Eleni Torossi": "Q1327982", "Tatiana Oro\u00f1o": "Q19721966", "Liv Rosmer Fisknes": "Q17058256", "Anahit T\u02bbop\u02bbch\u02bbyan": "Q20513652", "Eugenie Boer": "Q2350924", "\u00c5sa Moberg": "Q4967674", "Choi Myung-hee": "Q12619540", "Arja Tiainen": "Q11852576", "Ofra Gelbart-Avni": "Q12410418", "Michelle Maillet": "Q17520410", "Dorothea von T\u00f6rne": "Q1246345", "Herrad Schenk": "Q1613948", "Lioba Betten": "Q1827192", "Shulamit Apfel": "Q6780945", "Shakuntala Baliarsingh": "Q22808101", "Martine Bijl": "Q2277299", "Lo\u00efse Lavall\u00e9e": "Q3264561", "Tina Stroheker": "Q2435566", "Petya Aleksandrova": "Q17409210", "Nancy White Carlstrom": "Q112125733", "Judit Kemenczky": "Q1106621", "Miriam Neiger-Fleischmann": "Q12409531", "Katalin Gabnai": "Q1007151", "Laxmipriya Acharya": "Q97345255", "Prabhati Mishra": "Q62660517", "Gabriele Weingartner": "Q109950", "Tatjana Ivanovna Smertina": "Q4424363", "Kate\u0159ina Vin\u0161ov\u00e1": "Q12028963", "Annika Dahlqvist": "Q3616411", "Arlette Roudil": "Q18684082", "Edda Fabbri": "Q50747943", "Rascha Peper": "Q2579367", "Franziska Sperr": "Q16861325", "Margaret Skjelbred": "Q434982", "Monique Merabet": "Q96619712", "Ivanka \u0160imek-Hybler": "Q15711136", "Ursula Goldmann-Posch": "Q2501619", "Jane Leusink": "Q17351402", "Ingeborg Arlt": "Q126786", "Judit Szab\u00f3": "Q21406818", "Solveig Aareskjold": "Q3771183", "Olga Sommerov\u00e1": "Q12042545", "Ingegerd Zetterlund": "Q4990914", "Marie-Fran\u00e7oise Colombani": "Q3291814", "Chantal Robillard": "Q2956316", "Teresa Duran i Armengol": "Q11951588", "Nora Atalla": "Q3343436", "Clara Tahoces": "Q6412015", "Mary Renda": "Q12894172", "Lesley Livingston": "Q18608911", "Teresa Ralli": "Q79027456", "Joana Serra de Gayeta i Mart\u00ed": "Q110834568", "Colette Fellous": "Q2982490", "Beata Arnborg": "Q4936507", "Fakiya Tuguzbayeva": "Q18603885", "Lois Keith": "Q118544912", "Nijol\u0117 Miliauskait\u0117": "Q13572755", "Zinaida Bitarova": "Q4087275", "Detty Verreydt": "Q47519005", "Marie-Jos\u00e8phe Guers": "Q27951098", "Fabienne Pakleppa": "Q125677", "Eliane Potiguara": "Q10271849", "Valentina Mishanina": "Q4298381", "Helena Pet\u00e4ist\u00f6": "Q5403079", "Mar\u00eda In\u00e9s Krimer": "Q62647784", "Laklaba Talakaena": "Q115514684", "Tiina Krohn": "Q11897556", "Teresa Costa-Gramunt": "Q15993735", "Beata de Robien": "Q17301196", "M\u00e1ria Ma\u013ecovsk\u00e1": "Q4279553", "Janet Hunt": "Q56239157", "Silvia Ricci Lempen": "Q3484052", "Nataliya Vankhanen": "Q4103455", "Eleonora Lev": "Q6762030", "Rebecca Corbett": "Q59455740", "Christa Moog": "Q1078133", "Eva Schmidt": "Q115037", "Maria Teresa Bertran i Rossell": "Q85956196", "Chantal Detcherry": "Q101067841", "Aparna Mohanty": "Q39015897", "Maria Regina Kaiser": "Q1896256", "Chantal Saint-Jarre": "Q2956317", "Britt Rajala": "Q108988659", "Sally Grindley": "Q2214682", "Christiane Ranc\u00e9": "Q2965791", "\u00c9velyne Bloch-Dano": "Q3592760", "Isabelle Forest": "Q16028145", "Dorit Peleg": "Q18120346", "Tatjana Petrovna Timofeeva": "Q4457600", "Magdalena Jankowska": "Q11766040", "Irina Wittmer": "Q1581062", "Jacqueline Kelen": "Q3157746", "Martina Dierks": "Q1335901", "Iva Proch\u00e1zkov\u00e1": "Q1264985", "Macha Make\u00efeff": "Q3274239", "\u0425\u0430\u043b\u043e \u041e\u043b\u044c\u0433\u0430 \u0406\u0432\u0430\u043d\u0456\u0432\u043d\u0430": "Q61974269", "Tsipi Shahrur": "Q6875831", "Viktoria von dem Bussche": "Q1113810", "Marija Wladimirowna Naschtschokina": "Q4315267", "Pilar Lozano Carbayo": "Q6075811", "Yulia Kokoshko": "Q105413625", "Vivian den Hollander": "Q2417624", "Laura Misch": "Q104511998", "Claire Varin": "Q2975129", "Anna Caball\u00e9 Masforroll": "Q5696231", "Sinikka Tirkkonen": "Q21016879", "Bina Thakur": "Q59486940", "B\u0259n\u00f6v\u015f\u0259 Da\u015fd\u0131l\u0131": "Q107213691", "Virg\u00ednia Schall": "Q28660348", "Ute Leukert": "Q23980495", "Carrie Jansen": "Q2665312", "Zhanna Hakobyan": "Q20512035", "Heidi K\u00f6ng\u00e4s": "Q5480100", "Laura \u0141\u0105cz": "Q11753256", "Anat Israeli": "Q6543794", "Tracy Metz": "Q23008855", "Marie Le Gall": "Q43994915", "A. Kirsten Mullen": "Q123943056", "Nadja": "Q3334972", "Margarita Tupitsyn": "Q1895197", "Verena Lueken": "Q21032176", "Ljubov Ponomarenko": "Q12142259", "Claudia Partole": "Q51099459", "Anna Mo\u00ef": "Q2850576", "Clara Crabb\u00e9 Rocha": "Q12156635", "Ljubica Arsi\u0107": "Q11120845", "Ariella Goldminz": "Q60899777", "Puspanjali Nayak": "Q59509859", "Julia Castillo": "Q5954647", "Maria Teresa Pous i Mas": "Q93415965", "Urszula Gierszon": "Q9367167", "Sylviane Dupuis": "Q12267778", "Pilar Quirosa-Cheyrouze y Mu\u00f1oz": "Q6075840", "Fina Birul\u00e9s": "Q19290780", "Patricia Castex Menier": "Q3369083", "Geert Vervaeke": "Q41557940", "Simone Klages": "Q1249719", "Gunilla Linn Persson": "Q4972517", "Magdalena Sadlon": "Q1549440", "Margit Orosz": "Q47508918", "Natalia Azarova": "Q4058153", "\u00c1gnes De\u00e1k B\u00e1rdos": "Q107333160", "Dorit Zilberman": "Q6831759", "Eira Mollberg": "Q11857218", "Graciela Speranza": "Q25438442", "Pravasini Mahakud": "Q59772489", "Ana Rodr\u00edguez Fischer": "Q89580734", "\u0644\u064a\u0644\u0649 \u0645\u062d\u0645\u062f \u0635\u0627\u0644\u062d": "Q106629554", "Isabelle Flaten": "Q74519914", "Vladim\u00edra Dvo\u0159\u00e1kov\u00e1": "Q11911456", "Ulrika Knutson": "Q4959268", "Barbara Gawryluk": "Q15069307", "Marianna Honcharova": "Q4143256", "Marta P\u00e9rez i Sierra": "Q3295105", "Tamar Verete-Zehavi": "Q28845962", "Ivana Dimi\u0107": "Q20434582", "Sabine Hassinger": "Q1486127", "V\u00e9ronique Bizot": "Q1747002", "Barbara Kosmowska": "Q4235037", "Eva Sj\u00f6strand": "Q4978985", "Natalia Baklai": "Q12080464", "Helga Glantschnig": "Q1602175", "Maria Peters": "Q13815143", "Ilse Kilic": "Q1659143", "Annika Luther": "Q11851774", "Verena Mahlow": "Q23894779", "Caja Cazemier": "Q1893339", "Susmita Rath": "Q60608343", "Barbara Neuwirth": "Q89981", "Muhaya Mohamad": "Q113321473", "Danica Vuki\u0107evi\u0107": "Q20435795", "Marta Mar\u00edn-D\u00f2mine": "Q28471523", "Rosanna Micelotta Battigelli": "Q110339353", "Rosa Torrent Roure": "Q123231538", "Dilek Zapt\u00e7\u0131o\u011flu": "Q100600", "Gabriele B\u00e4rtels": "Q1490177", "Caroline de Kergariou": "Q2940083", "Tamar Bartaia": "Q12864900", "Kjersti Kollbotn": "Q14538589", "Elisabeth Mas\u00e9": "Q18222910", "Krista Kumberg": "Q65262195", "Eda Ostrowska": "Q9250260", "Bodil Nordjore": "Q19923640", "Sa\u0161a Pav\u010dek": "Q18643057", "Maria Wetzel": "Q95201216", "L\u00facia Hiratsuka": "Q100543632", "Louise Marois": "Q108828955", "Lilli Thal": "Q1825211", "Katja Gloger": "Q15441013", "Francine Oomen": "Q2346051", "Orit Ilan": "Q115974489", "Ya'el Mish'aly": "Q18191867", "Chiaki Shibata": "Q17686692", "Gloria Hernandez": "Q116822286", "Barbara Gruszka-Zych": "Q9165390", "Sirkku Peltola": "Q5391483", "Lotta Lundberg": "Q4963972", "Lourdes \u00c1lvarez Garc\u00eda": "Q11934004", "Amaia Iturbide": "Q12253287", "Elisabeth Leijnse": "Q38669485", "Pia de Jong": "Q19898901", "Elke Heinemann": "Q1331488", "Ute Bales": "Q2502935", "Erna Sassen": "Q2599760", "Anne Belin": "Q40120524", "Marina Kretova": "Q4240499", "Alba Donati": "Q3607829", "Eleonora Ratkevi\u010da": "Q4390757", "Eva Veiga": "Q8846635", "Anush Nagashian": "Q30038205", "Elena Centeno Garc\u00eda": "Q117310327", "Ute-Christine Krupp": "Q2502917", "Beate Rothmaier": "Q813179", "Corinna Soria": "Q1132858", "Simone Tippach-Schneider": "Q1423204", "Minke Douwesz": "Q2580875", "Lucette ter Borg": "Q2780066", "J\u00f3zsa M\u00e1rta": "Q24469402", "Karine Ashughyan": "Q20513504", "Dana Gelinas": "Q18644195", "Adriana Kemp": "Q30158633", "Bet\u00fcl Tar\u0131man": "Q6044622", "Caterina Pascual S\u00f6derbaum": "Q4972014", "Kenka Lekovich": "Q1268096", "Cy Jung": "Q3008018", "Merja-Riitta Stenroos": "Q4980356", "Teresa Broseta": "Q11704332", "Agneta Rahikainen": "Q18175765", "Elsa Solal": "Q42311179", "Antje Babendererde": "Q584618", "Eva Strautmann": "Q1230142", "Tsveta Sofronieva": "Q1349145", "Lilly Axster": "Q1626578", "Marzanna Bogumi\u0142a Kielar": "Q2035518", "Rapha\u00eblle Valbrune-Desplechin": "Q23926222", "Yasmine Char": "Q3571919", "Barbara Hundegger": "Q807474", "Regina Klimentyevna Lisits": "Q4263113", "Volha Savastsyuk": "Q47166243", "Katrin McClean": "Q1537875", "Nausicaa Marbe": "Q2588276", "\u0425\u04d9\u043b\u0438\u043b\u043e\u0432\u0430 \u041c\u0438\u04a3\u0437\u04d9\u043b\u04d9 \u0412\u04d9\u0441\u0438\u043b \u04a1\u044b\u0499\u044b": "Q108799945", "Elena Khaetskaya": "Q4494613", "Montserrat Aguer Teixidor": "Q11937514", "Brigitta Helbig-Mischewski": "Q13499737", "S\u00f4nia Bridi": "Q10376613", "Carita Johansson": "Q4956934", "Tjitske Veldkamp": "Q40857405", "Maria Vlaar": "Q62059110", "Isabelle Laurent": "Q72867385", "Gisa Kl\u00f6nne": "Q1527156", "Sonja Fatma Bl\u00e4ser": "Q1733884", "Birgit Kreipe": "Q15788744", "Betty Quan": "Q64734811", "Carmen R\u00edsquez Cuenca": "Q28922750", "Svetlana Lavrova": "Q4252237", "Grit Poppe": "Q1547101", "\u00c5sa Storck": "Q4980644", "Mireille Geus": "Q2213686", "Helena de Carlos": "Q9002438", "Rita Falk": "Q1709195", "Galia Oz": "Q16132143", "Christine Pitzke": "Q1083744", "Laila Ripoll": "Q5969465", "Mar\u00eda Garc\u00eda Esper\u00f3n": "Q5650354", "Roza Mukanova": "Q12560224", "Maria Grazia Calandrone": "Q22677269", "Avital Dicker": "Q6732868", "Sonja R\u00f6der": "Q1706649", "Karen-Susan Fessel": "Q106873", "\u0625\u064a\u0632\u0627\u0628\u064a\u0644 \u0643\u0645\u0627\u0644": "Q109299651", "Maya Rasker": "Q38785619", "Marina Hulia": "Q109676690", "Andrea R\u00f6pke": "Q494969", "Antje Damm": "Q584645", "Luciana Hidalgo": "Q10320258", "Birgit Br\u00fcster": "Q865200", "Line Knutzon": "Q4959286", "Ane\u017eka Charv\u00e1tov\u00e1": "Q10823155", "Sabine K\u00fcchler": "Q1670921", "Claudia Bitter": "Q22483094", "Liudmila Rublie\u016dskaja": "Q3920087", "\u0406\u0440\u044b\u043d\u0430 \u0410\u043b\u044f\u043a\u0441\u0430\u043d\u0434\u0440\u0430\u045e\u043d\u0430 \u041c\u0430\u0441\u043b\u044f\u043d\u0456\u0446\u044b\u043d\u0430": "Q13028119", "Ingunn Aamodt": "Q3467561", "Sabine Schiffner": "Q1747655", "\u00c9va B\u00e1nki": "Q853107", "C\u00e9cile Mainardi": "Q15974229", "Ruth Johanna Benrath": "Q23059646", "Monica J. Casper": "Q112258992", "Irma del \u00c1guila": "Q124338938", "Doris Knecht": "Q1245209", "Sabine Boss": "Q2209634", "Johanna Spaey": "Q2784519", "Monika Muska\u0142a": "Q11785142", "Annie Landreville": "Q105197972", "Sharon Ahsse": "Q12411933", "Colombe Schneck": "Q2984140", "Shoham Smith": "Q12411549", "Lety Elvir": "Q59554887", "Rexina Vega": "Q12398978", "Irina Olovyannaya": "Q4333969", "Luz G\u00f3mez Garc\u00eda": "Q2883053", "Judith Perrignon": "Q3188004", "Marta Guzowska": "Q20029028", "Nikola Anne Mehlhorn": "Q98944", "Nadia Budde": "Q1494602", "Jutta Reichelt": "Q1525144", "Damaris Calder\u00f3n Campos": "Q4210482", "Eva Sch\u00fcrmann": "Q17362768", "Riikka Ala-Harja": "Q11890711", "Lili\u00e4 \u011e\u00e4zizev\u00e4": "Q16635428", "St\u00e9phanie Janicot": "Q3502183", "Chaya Levy": "Q98417585", "Maria Pilar Gil": "Q59418309", "Belgian writer": "Q18602796", "Laurence Vielle": "Q21970170", "Mar Pav\u00f3n": "Q42907457", "Olena Styazhkina": "Q4444863", "Vir\u00e1g Erd\u0151s": "Q990499", "Bilasini Mohanty": "Q18650088", "Martina Wildner": "Q1411773", "Dafna Ben-Zvi": "Q97728151", "Emmanuelle Pirotte": "Q61874707", "Monika El\u0161\u00edkov\u00e1": "Q11452106", "Natalie Balkow": "Q1966149", "Marina Sidorova": "Q29359504", "Kathrin Lange": "Q1736499", "Val\u00e9rie Mr\u00e9jen": "Q3554302", "Karima Ouchan": "Q15877339", "Lucie Seifertov\u00e1": "Q12034175", "Anne Grospiron": "Q29346169", "Jenni Zylka": "Q1686920", "Blandine Le Callet": "Q2906101", "Hila Blum": "Q110426625", "Brigitte Hool": "Q2925434", "Eva Ribich": "Q4974666", "Kirsten McKenzie": "Q55194817", "\u05e2\u05e0\u05d1\u05e8 \u05d0\u05e9\u05db\u05e0\u05d6\u05d9": "Q59519074", "C\u00e9line Bellot": "Q100605492", "Caro van Thuyne": "Q112500936", "Virginie Ollagnier": "Q3560762", "Mererid Puw Davies": "Q47126124", "N\u00faria Cadenes i Alab\u00e8rnia": "Q5685131", "Karmele Jaio": "Q12261321", "Monika Geier": "Q1367938", "Nika Bertram": "Q1666916", "Barbara Isra\u00ebl": "Q50129496", "Anne Bourrel": "Q2850991", "Maria Peura": "Q4608467", "Karin Fellner": "Q15822811", "Lolita Bosch": "Q9023554", "Merav Nakar-Sadi": "Q101691603", "Elena Rom\u00e1n Torres": "Q16942217", "Svetlana Nazarenko": "Q4312106", "Astrid Manfredi": "Q39511499", "Mar\u00eda Helena Barrera": "Q51883459", "In\u00eas Meneses": "Q99050102", "Sonia Cadet": "Q101745984", "Jyotirmayee Mohanty": "Q106388467", "Jennifer Gonnerman": "Q109553257", "Emma Braslavsky": "Q1337997", "Kiki Coumans": "Q1961804", "Heike Faller": "Q15448514", "G\u00fczin Kar": "Q1562353", "Tjitske Jansen": "Q14495317", "Eli Kari Gjengedal": "Q11159875", "Sarah Sheppard": "Q16596343", "Martine Latulippe": "Q3295788", "Jannie Regnerus": "Q18093400", "Florencia Etcheves": "Q5863012", "Master Ra'al Ki Victorieux": "Q112223337", "Outi L\u00e4nsman": "Q18694628", "Jackie Thomae": "Q21032255", "Intisar Al-Amyal": "Q104640530", "Anne Zielke": "Q565904", "Esther Gerritsen": "Q2517533", "Sanne te Loo": "Q2667109", "Veronica Colondam": "Q111049915", "Sanne de Bakker": "Q2796687", "Esther J. Ending": "Q4310873", "Sissel Bergfjord": "Q12335425", "Rosario Neira": "Q21541035", "Que Du Luu": "Q2122502", "Elke Geurts": "Q2519335", "Theresia Prammer": "Q104178420", "Annemarie Estor": "Q4765318", "Judit \u00c1gnes Kiss": "Q1111794", "Jenny Tunedal": "Q4983602", "Aksana Spryn\u010dan": "Q13028228", "Ulla Lenze": "Q2475126", "Joanna Jode\u0142ka": "Q16563310", "Mirja Unge": "Q4984043", "Alejandra Castro": "Q5664663", "Nancy Guilbert": "Q85171941", "Khairia Boubtan": "Q107588740", "Renata Kalensk\u00e1": "Q12049196", "Antje Wagner": "Q584918", "Felicitas von Lovenberg": "Q1309936", "Nerea Riesco": "Q9049556", "Susana S\u00e1nchez Arins": "Q10375187", "Barbora \u0160\u00e1malov\u00e1": "Q18692967", "Teresa Gr\u00f8tan": "Q12005501", "Vrouwkje Tuinman": "Q2229616", "Floortje Zwigtman": "Q477847", "Jorgelina Cerritos": "Q5936356", "N\u00faria Busquet Molist": "Q63433120", "Mariana Libertad Su\u00e1rez": "Q96356768", "Mar\u00eda Reim\u00f3ndez Meil\u00e1n": "Q12393049", "Maguy Kerisit": "Q20560958", "Elena Gonz\u00e1lez Rey": "Q22981854", "Ipsita Sarangi": "Q61984596", "Catrin Barnsteiner": "Q1051270", "Kathrin Schrocke": "Q1736522", "Liesbeth Mende": "Q4293420", "Teona Dolenjashvili": "Q60628850", "Larisa Abdullina": "Q4054598", "Malin Axelsson": "Q4937070", "Yana Dubynianska": "Q4169216", "Nano Shabtai": "Q7034656", "Ragnfrid Trohaug": "Q11996940", "Hanna Jedvik": "Q4956479", "Natalie Righton": "Q48805580", "Laia Aguilar": "Q53548208", "Catherine Ferland": "Q55723749", "Ver\u00f3nica Perrotta": "Q39081821", "Ingelin R\u00f8ssland": "Q4580810", "Manuela Pinetti": "Q54862864", "Valeriya Akulova": "Q19741860", "Inka Nousiainen": "Q11864875", "Anja Frisch": "Q551074", "Michaela Klevisov\u00e1": "Q17516174", "Caroline De Mulder": "Q389661", "Kristina Ho\u010devar": "Q18608737", "Priska Poirier": "Q18816672", "Idoia Etxeberria": "Q31770551", "Lene Marie Olsen": "Q47012205", "Mareike Kr\u00fcgel": "Q100537", "Emma Couceiro": "Q8775628", "Astrid Rosenfeld": "Q17521383", "Vendula Bor\u016fvkov\u00e1": "Q59624236", "St\u00e9phanie Surrugue": "Q12337615", "Kinga Wyrzykowska": "Q113784611", "Sophie Herfort": "Q3490944", "Irati Jim\u00e9nez": "Q9009233", "Eider Rodriguez": "Q12256587", "Olena Haran": "Q12094318", "Kirsten Fuchs": "Q1743634", "Saskia Appel": "Q2211163", "Vilja-Tuulia Huotarinen": "Q5489979", "Vanesa P\u00e9rez-Sauquillo": "Q6159523", "Marjo Niemi": "Q11881008", "Marion Muller-Colard": "Q18744892", "Karin Erlandsson": "Q19360907", "Urszula Zaj\u0105czkowska": "Q21288274", "Helena \u00d6sterlund": "Q4991175", "Myriam Keil": "Q1318459", "Liran Golod": "Q66970061", "Anna Anatolyevna Zolotaryova": "Q26255740", "Eva Rovers": "Q27570435", "Laura Iancu": "Q1095573", "Lilach Nethanel": "Q21401968", "Katharina Kress": "Q64726669", "Bonnie Tsui": "Q64734872", "\u042e\u043b\u0456\u044f \u0428\u0430\u0440\u043e\u0432\u0430": "Q66777791", "Olalla Castro Hern\u00e1ndez": "Q88884946", "Maddalena Ischiale": "Q96318726", "Isabelle Aeschlimann": "Q107342391", "Catherine Voyer-L\u00e9ger": "Q108648417", "Ludovica Rampoldi": "Q23690300", "Aina Villanger": "Q12713256", "Ruth Lasters": "Q2715479", "Mar\u00eda Lado": "Q9030067", "Nura Farah": "Q15838221", "Sanne Munk Jensen": "Q12334640", "Val\u00e9rie Harvey": "Q3554267", "Txell Feixas": "Q28681319", "Julia Wolf": "Q25301101", "Susanne G\u00f6tze": "Q96983483", "Rita Hal\u00e1sz": "Q110714434", "Lydia Daher": "Q1878598", "Katharina Schultens": "Q15450772", "Constance Rivi\u00e8re": "Q19629335", "Sara L\u00f6vestam": "Q4989140", "Christina Hagen": "Q12306281", "Marianna Markovna Geyde": "Q4134805", "Eva Moreda": "Q12388187", "Kristin Auestad Danielsen": "Q12716266", "Laura Lara Mart\u00ednez": "Q104817332", "\u0639\u0627\u0644\u06cc\u0647 \u0639\u0637\u0627\u06cc\u06cc": "Q109547865", "Meral Al-Mer": "Q15449085", "Mar Bosch Oliveras": "Q16179869", "Lisa Lemke": "Q69395277", "Marjolijn van Heemstra": "Q15156920", "Victoria Hranetska": "Q12097442", "Tatyana Zykina": "Q4194823", "Uxue Apaolaza": "Q12268792", "Katinka Polderman": "Q1914430", "Miren Gorrotxategi Azkune": "Q31884540", "Juuli Niemi": "Q16989366", "Fl\u00e1via Gasi": "Q108715703", "Elin Lindell": "Q4962571", "Marta Alt\u00e9s": "Q16165382", "Adelaide Iv\u00e1nova": "Q57178855", "Berit Glanz": "Q67371930", "Tamara Romero": "Q96575381", "Ana Pessoa": "Q112822300", "Marina Monteiro": "Q121717749", "Marta Zafrilla D\u00edaz": "Q55688491", "Kjersti Rorgemoen": "Q16904422", "Maryan Abdulkarim": "Q23040387", "Maya Kuperman": "Q6585940", "Taina Latvala": "Q16982586", "Qin Wen": "Q124042240", "Laia Llobera i Serra": "Q28914176", "Isabel del R\u00edo": "Q118124946", "Annika Scheffel": "Q567143", "Lisette van de Heg": "Q2689907", "Lorena Souto": "Q12392097", "Julia Weber": "Q40419515", "Gerhild Steinbuch": "Q1512989", "Xiana Arias": "Q5814859", "Julia Zange": "Q1475968", "Aliona Gloukhova": "Q52926710", "Andreia C. Faria": "Q85868760", "Elisenda Solsona i Margarit": "Q91176933", "Aldona Kopkiewicz": "Q24431291", "Marie Richeux": "Q3292759", "Patricia Garc\u00eda-Rojo": "Q16941786", "T\u00edmea Turi": "Q1325404", "Oriana M\u00e9ndez": "Q12396359", "Irati Goikoetxea": "Q30149713", "Karolina Ku\u0142akowska": "Q19268340", "Vanessa Bell": "Q109482482", "Jelena Ahtjorskaja": "Q25507696", "Lydia Haider": "Q54812344", "Ma\u0142gorzata Lebda": "Q11772313", "Svitlana Taratorina": "Q98080479", "Susanne Heinrich": "Q2369254", "Samira El Ouassil": "Q1509247", "Tine H\u00f8eg": "Q51671915", "Laura Vazquez": "Q20750661", "Olga Hund": "Q100930425", "Annika \u00c5man": "Q124738234", "Elin Nilsson": "Q4969599", "Mechthild Gl\u00e4ser": "Q19959590", "Carolina Pihelgas": "Q12360558", "Yaroslava Lytvyn": "Q109337760", "\u041a\u043e\u043b\u0456\u043d\u044c\u043a\u043e \u041e\u043b\u0435\u043d\u0430 \u0406\u0432\u0430\u043d\u0456\u0432\u043d\u0430": "Q124538113", "Zainab Alwi Baharoon": "Q125966683", "Estel Sol\u00e9 i Casadell\u00e0": "Q24042331", "Angela Lehner": "Q66660252", "Nataliia Dovhopol": "Q109337800", "Wiegertje Postma": "Q22338011", "Nina Leger": "Q28496388", "Gianna Molinari": "Q32836542", "Weronika Gogola": "Q55392573", "Giulia Caminito": "Q61666799", "Petra Rautiainen": "Q104084685", "Anne-Maija Aalto": "Q109860546", "Clara Queralt\u00f3 i Oliv\u00e9": "Q59412272", "Jenn D\u00edaz": "Q16941873", "Camara Lundestad Joof": "Q63927735", "Kattalin Miner": "Q47091306", "Caroline Albertine Minor": "Q56118575", "Paulina Czienskowski": "Q58476603", "Margaryta Latyshkievich": "Q105297487", "Bar Belfer": "Q3634472", "Sarah Barzyk": "Q3473311", "Irena Ivanova": "Q111820886", "Danele Sarriugarte": "Q32998826", "Raphaela Edelbauer": "Q54805597", "Anna Stern": "Q55282564", "Joffrine Donnadieu": "Q109484246", "Maria Sevilla Paris": "Q97487944", "Celia Parra": "Q12385895", "\u0410\u043d\u043d\u0430 \u0428\u043f\u0438\u043b\u0435\u0432\u0441\u044c\u043a\u0430": "Q55108695", "Melissa Da Costa": "Q61916302", "Gemma Ventura i Farr\u00e9": "Q116052991", "Alaine Agirre": "Q24175634", "Anoush Elman": "Q39364372", "Yuliana Ortiz": "Q117095215", "Clo\u00e9 Mehdi": "Q28803050", "Judith Kagan": "Q125202733", "Myriam Thibault": "Q3331552", "Hannah van Binsbergen": "Q37414414", "Enis Maci": "Q58798641", "Ronya Othmann": "Q64861176", "Pamela Ghislain": "Q125100098", "Dorota Kotas": "Q98754822", "Ada M. Patterson": "Q116925858", "Helena Salgueiro Gol\u00e1n": "Q98635434", "J\u00falia M\u00e9rida Coli": "Q124705041", "Sara Gonz\u00e1lez Veiga": "Q117222619", "Tiwatope Ayodeji": "Q50633774", "Annika Joeres": "Q87358065", "Vivien Thompson": "Q118111599", "Elisabeth Vavra": "Q1330334", "Emina \u010cabaravdi\u0107-Kamber": "Q1337677", "Alfonsina Mesa": "Q108890160", "Aned Y. Mu\u00f1iz Gracia": "Q4761570", "Anna Ram 'Sudama'": "Q12413651", "Marie Abraham": "Q12894105", "Sakurako Enomoto": "Q17227836", "Esther Benisti": "Q19060253", "Julia Cass": "Q19370855", "Marit Beinset Waagaard": "Q20022776", "Adriana Carranca": "Q28709808", "Kathy Murray": "Q28971054", "Yolanda Bloemen": "Q38128882", "Alison Strobel": "Q38902470", "Elisabeth Lockhorn": "Q39140198", "Elisabeth Tolenaar": "Q39378168", "Lisa Crispin": "Q47287655", "Anne-Claire Gressier": "Q50845957", "Anna Mazzola": "Q52325768", "Micheline Hermine": "Q54258808", "Johanna Bell": "Q54569127", "Julie Mayhew": "Q56512624", "Hilary Lapsley": "Q57303451", "Izilda Alves": "Q57420498", "Linda Brogan": "Q60580754", "Nadine Descendre": "Q61903563", "Liliana Hermetz": "Q61946035", "Kara Lee Corthron": "Q62130685", "Erika Sheffer": "Q62130722", "Kate Tarker": "Q62131296", "Anna Merlan": "Q62842712", "Misa Sugiura": "Q63085594", "Isabelle Roy": "Q63131025", "Baijayanti Mishra": "Q63253067", "Pritidhara Samal": "Q63253088", "Naomi Skwarna": "Q63939152", "Elyzabeth Gregory Wilder": "Q64350628", "Thirii Myo Kyaw Myint": "Q64734802", "Sharmila Sen": "Q64734804", "Mary-Kim Arnold": "Q64734805", "Mae Respicio": "Q64734809", "Susan Tan": "Q64734818", "Sheela Chari": "Q64734863", "Grace Jahng Lee": "Q64785588", "Jessica Milner Davis": "Q69630623", "Yumna Al Eid": "Q72798044", "Marta Querol Benech": "Q76823283", "Celina Su": "Q84991585", "Rashmi Anand": "Q90929210", "Paula Fellingham": "Q94171604", "Rosemary Wildblood": "Q96694217", "Maril\u00fa Ortiz de Rozas": "Q98368255", "Diana P. Morales": "Q102074541", "Vera\u00a0Schiff": "Q102396257", "Gayatri Basu Mallik": "Q103838791", "Devi S. Laskar": "Q104102488", "Claribel A. Ortega": "Q105177456", "Deirdre Kessler": "Q105684722", "Karen E. Outen": "Q106584908", "Tanya M. Barrientos": "Q106585260", "Helene Wong": "Q106794369", "Carolyn Woods Eisenberg": "Q106823736", "Nirmalprava Nayak": "Q107721744", "Gayatree Mishra": "Q108122120", "Claire Mabey": "Q108334146", "Andrea C. James": "Q108444905", "Zaza Ceballos": "Q109418975", "Ananda Lima": "Q110417645", "Jean Evans": "Q110434847", "Linda Solomon": "Q111747308", "Kathleen Hughes": "Q111747408", "Jan Bowen": "Q112136233", "Margaret Coldiron": "Q112767501", "Alexa Benson Henderson": "Q112814618", "Donna Cooper Graves": "Q112972335", "Jacquelyn K. Markham": "Q112972674", "Casey Gilly": "Q113365864", "Jean Balchin": "Q114019994", "Rosemary Winnall": "Q115252048", "Edwidge Edorh": "Q115599141", "Kathryn L. Braun": "Q115763055", "Tess Sharpe": "Q115888317", "S\u00e9raphine Menu": "Q117298951", "Claudine Drame": "Q118414882", "Yolande C\u00e8be": "Q119399237", "Manika Devi": "Q120628677", "Barbara von Barghahn": "Q121763030", "Cornelia Dean": "Q122233628", "Karen Trebilcock (Ella West)": "Q123459283", "Wanjiru Njoya": "Q124099248", "Vivien Edwards": "Q124366694", "Patricia A. Potter": "Q125877440", "Anna Samwel": "Q125967162", "Vicky Foster": "Q126128060", "Lulu Raczka": "Q126128061"}