{"Mar\u00eda Su\u00e1rez de Toledo": "Q112050023", "Mary Johnson": "Q97965850", "Sister Mary Ignatia De la Hoyde": "Q100411706", "Margaret O'Shanassy": "Q111799138", "Catharine Fisher Chapin": "Q104214817", "Mother Mary Xavier Byrne": "Q100411432", "Julia Levy": "Q108147361", "Johanna Curtain": "Q100411434", "Mary Synan": "Q24033927", "Sarah Lydia Brown": "Q104624363", "Honora Hourigan": "Q108147218", "Mary Gertrude Davis": "Q96761292", "Annie Brice": "Q105475993", "Norah Mary Potter": "Q21558863", "Jemima Elizabeth Mary Stevens": "Q21535112", "Marie Gilbert": "Q96939936", "Sister Mary de Sales Walsh": "Q100411442", "Dorothy Josephine Bruton": "Q21536891", "Sarah Octavia Brennan": "Q24250416", "Ida Cohen": "Q21535069", "Laura Hulda Wild": "Q74712702", "Lillian Mary Frost": "Q21536307", "Mary Agnes Leehy": "Q21536572", "Catherine Ellen Forbes": "Q21536122", "Mina Brawner": "Q108146352", "Julia Teresa Flynn": "Q21536014", "Eileen Callanan": "Q21537290", "Mary Ayers": "Q108146157", "Eleanor Harriett (Nell) Rivett": "Q24218432", "Catherine Morrison": "Q96939975", "Mary Vale": "Q24205069", "Mary Yeung": "Q96940006", "Dorothy Ann Mowll": "Q96673970", "Florrie Mortomore": "Q107539585", "Winifred Anderson Carruthers": "Q21539691", "Catherine Sylvia Maher": "Q107070030", "Alice Kate Blackall": "Q96630800", "Mary Austin Endicott": "Q78108259", "Grete Mecenseffy": "Q59653255", "Greta Tivey": "Q107088744", "Mary Elizabeth Duncombe": "Q24036548", "Judith Bouwman": "Q108146301", "Brenda M Bolton": "Q104214775", "Mother Leone Ryan": "Q21536801", "Essie Anderson": "Q107040612", "Virginia Corwin": "Q66057722", "Anna Petrovna Markova": "Q78001730", "Ethel Dawe": "Q112076869", "Charlotte Bateson Furphey": "Q107069189", "Mary Ronan": "Q21536653", "Constance Moffit": "Q96695011", "Norma Anguey": "Q107039957", "Barbara Falk": "Q108146776", "Lilian Ault": "Q107040737", "Eileen 'Mary Eymard' Temby": "Q96939990", "Yvonne Swift": "Q107088453", "Irene Florence Jeffreys": "Q96695005", "Dorothy May Clack": "Q107055514", "Edith Margaret Clarkson": "Q104214853", "Ritamary Bradley": "Q104214865", "Frances Little": "Q111799135", "Alison Gent": "Q100411437", "Ruth Austin": "Q96630797", "Eva Fleischner": "Q22666039", "Mary Barbara Agnew": "Q66488856", "Johanna Eichmann": "Q1696925", "Birgit Stolt": "Q24303822", "Luise Abramowski": "Q18618635", "Carmen Trobia Ceteroni": "Q66023406", "Esther de Waal": "Q56000555", "Carolyn Gratton": "Q104214824", "Patricia Horsley": "Q111823457", "Carol Hogan": "Q111799133", "Betty Jane Bailey": "Q104214825", "Marjolaine Chevallier": "Q50862225", "Janet Wyatt": "Q111799147", "Sidney Cornelia Callahan": "Q104214778", "Denise Ackermann": "Q65512537", "Joan Healy": "Q96695004", "Anna Marie Aagaard": "Q16403007", "Mary Collins": "Q104214850", "Denise Lardner Carmody": "Q70059784", "Rowena Armstrong": "Q72364832", "Dianne Bergant": "Q97013515", "Deirdre Browne": "Q108146382", "Joann Wolski Conn": "Q104214809", "Marcia L. Colish": "Q53844025", "Rosalind M. Gooden": "Q96781305", "Joan Wester Anderson": "Q104214867", "Marie Anne Mayeski": "Q93221084", "Gabrielle Cadler-Rey": "Q104214765", "Inge Mager": "Q52600583", "Emily R. Brink": "Q104214849", "Gabriele Winkler": "Q20180255", "Barbara Ardinger": "Q64005094", "Leonie Liveris": "Q107507051", "Nancy Hardesty": "Q104214841", "Margaret Davies": "Q104214852", "Roberta C. Bondi": "Q93268474", "Carmel Posa": "Q115853544", "Sharon Grace Mijares": "Q96912534", "Julia Day Howell": "Q96631768", "Aisha Al-Adawiya": "Q66580696", "Lucy Bregman": "Q63183850", "Frances S. Adeney": "Q66480994", "Anne M. Clifford": "Q104214866", "Kathleen A. Harmon": "Q93221362", "Kathie Carlson": "Q104214798", "Oda Wischmeyer": "Q15452208", "Patricia Wilson-Kastner": "Q104214807", "Karen Jo Torjesen": "Q93236424", "Sister Margie Abbott": "Q96587903", "Sylvia Wilkey Collinson": "Q96749392", "Joyce Ann Zimmerman": "Q61161551", "Martha Crystal Myers": "Q78107394", "Boudewijn Dehandschutter": "Q59527758", "Angela Ann Zukowski": "Q64005054", "Karen Lebacqz": "Q93237491", "Barbara Ellen Bowe": "Q59628005", "Miriam Adeney": "Q66486462", "Robin Ashley Payne": "Q96761295", "Kusumita Priscilla Pedersen": "Q98153061", "Emily Stott": "Q108165928", "Barbara Hilkert Andolsen": "Q104214903", "Theresia Hainthaler": "Q33134144", "Linda A. Mercadante": "Q94132904", "Wendy M. Wright": "Q97377061", "Susan K. Wood": "Q97621706", "Patricia Wittberg": "Q97622183", "Katherine Marshall": "Q93788069", "Barbara Alice Mann": "Q64005075", "Laverne McCain Gill": "Q111254664", "Sylvie Shaw": "Q96761297", "Sue M Patterson": "Q96781216", "Judith Hoch Wray": "Q97452506", "Karen L Bloomquist": "Q104214810", "Lucy Gordan": "Q104214814", "Ruth Sturmey Jones": "Q107087847", "Diane Apostolos-Cappadona": "Q104214905", "Regine Azria": "Q104214888", "Morny Joy": "Q108147257", "Robin Gallaher Branch": "Q104214838", "Sheila Greeve Davaney": "Q93539163", "Susan Ruth Andrews": "Q104214882", "Christine Gudorf": "Q1083557", "Maria Clara Lucchetti Bingemer": "Q1895768", "Wilma Ann Bailey": "Q64003437", "Nancy Ellen Abrams": "Q96336190", "Anne Marie Dalton": "Q104214836", "Sheila Briggs": "Q77758102", "Lisa Marie Bowens": "Q104214864", "Darlene Fozard Weaver": "Q69358009", "Caitl\u00edn Eil\u00eds Barrett": "Q104214856", "Cheryl Anderson": "Q104214847", "Victoria Barnett": "Q61123673", "Christine Aroney-Sine": "Q96781209", "Claudia von Collani": "Q11963884", "Suzanne Guthrie": "Q104214821", "Martine Cohen": "Q34366706", "Dorothea Wendebourg": "Q55456198", "Anne Hunt": "Q96749396", "Lama Palden Drolma": "Q104214895", "Sara Butler": "Q104214777", "Ann W. Astell": "Q104214889", "Marie-Theres Wacker": "Q1540955", "Marie-Catherine Kingbo": "Q29017742", "Debra Greenspoon Linesch": "Q96655073", "Leigh Mackay": "Q96695009", "Denise Cooper-Clarke": "Q96781458", "Dana Greene": "Q104214894", "Mary Louise Bringle": "Q97667347", "Cheryl Bridges Johns": "Q104214783", "Barbara E. Reid": "Q64005331", "Deirdre Joy Good": "Q93231402", "Diane J. Chandler": "Q104214823", "Talitha J. Arnold": "Q104214885", "Suzanne Boorer": "Q96631535", "Heather Thomson": "Q96749412", "Isabelle Grellier": "Q3154932", "Maria-Cristina Pitassi": "Q17580341", "Ulrike Link-Wieczorek": "Q1284013", "Sylvia Dunstan": "Q65923130", "Beverly Zink-Sawyer": "Q64005029", "Rosemary Canavan": "Q93244926", "Carolyn Tan": "Q96781332", "Rosa Mar\u00eda Herrera Garc\u00eda": "Q99196684", "Nancy Lammers Gross": "Q104214793", "Jeanie Wylie-Kellerman": "Q104214851", "Yolanda Dreyer": "Q104214763", "Marie-Anne Vannier": "Q16663017", "Amy Nelson Burnett": "Q61127400", "Ana Mar\u00eda Andaluz Romanillos": "Q99156854", "Sheryl Frances Chen": "Q104214855", "Irmtraud Fischer": "Q1673049", "Moyra Dale": "Q96749247", "Catherine E. Clifford": "Q104214772", "Carolyn Jones Medine": "Q98974318", "Evelyn Ashley": "Q96749378", "Jude Long": "Q96781479", "Marianne Heimbach-Steins": "Q1896826", "Helen Alvar\u00e9": "Q93242466", "Claire Seymour Smith": "Q93245871", "Vicky Balabanski": "Q96759309", "Anne Mallaby": "Q96781317", "Margit Eckholt": "Q1895279", "\u00c9lisabeth Parmentier": "Q59256830", "Shakti Durga": "Q96631764", "Caroline Batchelder": "Q96781289", "Margaret Mowczko": "Q96781461", "Angelika Berlejung": "Q534198", "Dorothea Sattler": "Q16740935", "Roxanne D. Marcotte": "Q58148211", "Francisca Cho Bantly": "Q99533110", "Jeannette Batz Cooperman": "Q104214854", "Kathryn Greene-McCreight": "Q85425155", "Nancy E. Bedford": "Q96747957", "Jeanette Mathews": "Q96749406", "Karyn L. Wiseman": "Q97622723", "Carol Wayne White": "Q96362394", "Michaela Bauks": "Q93240238", "Monica Jyotsna Melanchthon": "Q93238269", "Angela Berlis": "Q532239", "Donna Cole": "Q104214826", "Catherine Kovesi Killerby": "Q93223556", "Debra Hirsch": "Q96749395", "Denise Powell": "Q96781324", "Ilham Nasser": "Q96272836", "Rose Marie Berger": "Q97014275", "Lisa E. Dahill": "Q104214811", "Elizabeth Teresa Groppe": "Q93221656", "Karen-Marie Yust": "Q104214845", "Kerrie Burn": "Q96631838", "Lyn M. Kidson": "Q96749253", "Catrin Williams": "Q104214832", "Eugene Christian Brugger": "Q93221924", "Ulrike Auga": "Q2477207", "Beverley Clack": "Q93243908", "Angela Ambrogetti": "Q93244114", "Amelia Koh-Butler": "Q96759316", "Angeline M. G. Song": "Q96781219", "Beate Kowalski": "Q61746322", "Lil Copan": "Q104214767", "Kara Martin": "Q96749405", "Leela Prasad": "Q74550787", "Maeve Louise Heaney": "Q93246146", "Sally McAra": "Q96761294", "Kim Haines-Eitzen": "Q104214827", "Caroline Blyth": "Q96781210", "Mar\u00eda Roc\u00edo Figueroa Alvear": "Q93250914", "Dominique Butet": "Q104214892", "Maxine Grossman": "Q104214818", "Seforosa Carroll": "Q96759310", "Jill Hammer": "Q104214822", "Gemma Tulud Cruz": "Q96749246", "Edwina Murphy": "Q96749257", "Marguerite (Maggie) Kappelhoff": "Q96781310", "Lynne M. Taylor": "Q96781334", "Ruth Lukabyo": "Q96781460", "Immacolata Aulisa": "Q104214883", "Shannon Craigo-Snell": "Q77762200", "Beth Berkowitz": "Q104214820", "Karina Kreminski": "Q96749400", "Rosemary Dewerse": "Q96781213", "Elena Buia": "Q104214744", "Angela N. Parker": "Q124546158", "Catherine M. Chin": "Q104214788", "Valerie Weaver-Zercher": "Q69555388", "Sally Douglas": "Q96749248", "Suzanne McDonald": "Q61156930", "Alana Harris": "Q96761430", "Jacqueline Grey": "Q96749250", "Robyn J. Whitaker": "Q96749415", "Megan Powell du Toit": "Q96781463", "Colleen Carroll Campbell": "Q104214868", "Liv Ingeborg Lied": "Q21473538", "Karen Pack": "Q96781323", "Michelle Jones": "Q96749398", "Louise Gosbell": "Q96759313", "Alka Arora": "Q104214902", "Kylie Crabbe": "Q96749245", "Julia Watts Belser": "Q96761249", "Mira Balberg": "Q104214871", "Tanya Riches": "Q96749259", "Trudy Dantis": "Q107068934", "Janice McRandal": "Q96759337", "Justine Toh": "Q96761435", "Miriam Bier": "Q96781457", "Nora David": "Q104214837", "Emily Colgan": "Q96781211", "Hanna Hyun": "Q96781308", "Tamie S. Davis": "Q96749384", "Natasha Moore": "Q96781321", "Julia Enxing": "Q78757713", "Leah Perrault": "Q98688063", "Christy Capper": "Q96761429", "Danijela Schubert": "Q96781330", "Erin Martine Sessions": "Q96761434", "Christine Redwood": "Q96781327", "Victoria Lorrimar": "Q96759317", "Alexandria (Lexi) Eikelboom": "Q96761384", "Sarah Bacaller": "Q96761453", "Kate Tyler": "Q96781336", "Laurette Glasgow": "Q6501359", "Dena Merriam": "Q17711809", "Sarah Pulliam Bailey": "Q28957259", "Project HOME": "Q55464047", "Jill Wilson": "Q56642445", "Ann Jeffers": "Q57419392", "Eleanor Flynn": "Q58639231", "Sarah Eekhoff Zylstra": "Q64005066", "Barbara Boyd": "Q64005116", "Barbara C. Daughter": "Q64005299", "Barbara Mosley de Souza": "Q64005310", "Ann Carey": "Q64014786", "Elizabeth Ursic": "Q64595293", "Alice W. Hunt": "Q65048399", "Lucia Deirdre Pulgram Arthen": "Q65093806", "Asayo Horibe": "Q65931135", "Griselda Delgado del Carpio": "Q65965955", "Joan Bates Forsberg": "Q65989056", "Be'sha Blondin": "Q66310833", "Agneta Ucko": "Q66487635", "Phyllis Airhart": "Q66488882", "Aisha Ansano": "Q66580077", "Ajisebo Abimbola": "Q66603521", "Alaina Buffalo Spirit": "Q66605762", "Alberta Iron Cloud Miller": "Q66606145", "Alexandra Hendrickson": "Q66609969", "Alexandra McCorkle": "Q67082084", "Arlene M. S\u00e1nchez-Walsh": "Q77617678", "Sande Hart": "Q77751230", "Judith A. Berling": "Q77752221", "Cristina L. H. Traina": "Q77755877", "Sarah Azaransky": "Q77759055", "Jerusha T. Rhodes": "Q77761197", "Sister Mary Collins, OSB": "Q78167709", "Joyce S. Dubensky": "Q87020975", "Eriel Deranger": "Q91345187", "Joan Greatrex": "Q91460560", "Nafiseh Ghafournia": "Q92144605", "Bettina Gray": "Q92634460", "Kanwaljit Kaur": "Q93783484", "Sadhvi Bhagawati Saraswati": "Q93786751", "Jacqueline Aileen Bussie": "Q94170826", "Honor Keeler": "Q94751454", "Holly Folk": "Q96089415", "JoAnne Marie Terrell": "Q96093254", "Tracy Joan Trothen": "Q96093406", "Jungja Joy Yu": "Q96104537", "Isabella Alexander-Nathani": "Q96241180", "Karen Hamilton": "Q96241225", "Njeri Kabeberi": "Q96270960", "Kalpana Ram": "Q96271309", "Kathryn Mary Lohre": "Q96271608", "Guo Cheen": "Q96272941", "Christina Beardsley": "Q96279517", "Rae Abileah": "Q96336462", "Kelly D. Alley": "Q96359206", "Diane Berke": "Q96360522", "Margarete Czerny": "Q96361557", "Homayra Ziad": "Q96361635", "Shari Golberg": "Q96591752", "Jenny Kay Dupuis": "Q96591933", "Kathleen A. Green": "Q96591943", "Gretel Van Wieren": "Q96592214", "Pam Bowers": "Q96695002", "Teresa Wardell": "Q96695017", "Evelyn Hibbert": "Q96749252", "Antonia Pizzey": "Q96749258", "Debra A. Snoddy": "Q96749260", "Sarah Bachelard": "Q96749379", "Margaret Beirne": "Q96749380", "Alison Fitchett Climenhaga": "Q96749382", "Sandie Cornish": "Q96749383", "Anne E. Gardner": "Q96749385", "Rachelle Gilmour": "Q96749386", "Cristina Lledo Gomez": "Q96749387", "Deborah Guess": "Q96749388", "Avril Hannah-Jones": "Q96749390", "Sarah Harris": "Q96749391", "Cathy Hine": "Q96749394", "Anne Klose": "Q96749399", "Catherine Ella Laufer": "Q96749402", "Danielle Anne Lynch": "Q96749403", "Gabrielle L. McMullen": "Q96749408", "Robyn Reynolds": "Q96749409", "Lee Miena Skye": "Q96749410", "Julie Trinidad": "Q96749413", "Val Webb": "Q96749414", "Tanya Wittwer": "Q96749416", "Jane Foulcher": "Q96759312", "Kerrie Handasyde": "Q96759314", "Jay Johnston": "Q96759315", "Enqi Weng": "Q96759319", "Robyn Wrigley-Carr": "Q96759320", "Elizabeth (Lisa) Agaiby": "Q96759335", "Mary Farrell Bednarowski": "Q96761156", "Helen Marie Beha": "Q96761184", "Rachel Davies": "Q96761291", "Peta Goldburg": "Q96761293", "Rachel Teubner": "Q96761298", "Toni Tidswell": "Q96761299", "Caroline Jane Tully": "Q96761300", "Alda Balthrop-Lewis": "Q96761367", "Barbara Kameniar": "Q96761368", "Deane Fergie": "Q96761385", "Debra Bendis": "Q96761394", "Carolyn Alsen": "Q96761427", "Kate Harrison Brennan": "Q96761428", "Robyn Horner": "Q96761431", "Tracy McEwan": "Q96761432", "Ruth Powell": "Q96761433", "Naomi Wolfe": "Q96761436", "Nicola Hoggard Creegan": "Q96781212", "Yael Cameron Klangwisan": "Q96781215", "Csilla Saysell": "Q96781218", "Maja I. Whitaker": "Q96781220", "Mandy Smith": "Q96781237", "Marie Turner": "Q96781238", "Jen Barker": "Q96781288", "Merryl L. Blair": "Q96781290", "Coralie Bridle": "Q96781291", "Rebecca Burgess": "Q96781292", "Christine Elisabeth Burke": "Q96781293", "Elizabeth (Libby) Byrne": "Q96781294", "Margaret Campbell": "Q96781295", "Jennifer Close": "Q96781296", "Michele A. Connolly": "Q96781297", "Patricia Courtenay": "Q96781298", "Melinda Cousins": "Q96781299", "Marie-Louise Craig": "Q96781300", "Rebekah Earnshaw": "Q96781301", "Jill Firth": "Q96781302", "Mary Elisabeth Fisher": "Q96781303", "Denise Goodwin": "Q96781306", "Patricia Harrison": "Q96781307", "Janet Turpie-Johnstone": "Q96781309", "Carolyn Ellen Kelly": "Q96781311", "Karen Kemp": "Q96781312", "Merrill Kitchen": "Q96781313", "Cass Kwakye": "Q96781314", "Theresa Yu Chui Siang Lau": "Q96781315", "Grace Lung": "Q96781316", "Penelope L. Martin": "Q96781318", "Cheryl McCallum": "Q96781319", "Dianne Rayson": "Q96781326", "Angela Sawyer": "Q96781329", "Jacqueline Service": "Q96781331", "Carol Tasker": "Q96781333", "Jennifer Turner": "Q96781335", "Taryn Dryfhout": "Q96781459", "Catherine Playoust": "Q96781462", "Vivian Soesilo": "Q96781464", "Jenny Te Paa-Daniel": "Q96781465", "Moeawa Callaghan": "Q96781478", "Thalia Kehoe Rowden": "Q96781480", "Xiaoli Yang": "Q96781481", "Drene Somasundram": "Q96781484", "Anne Benvenuti": "Q96853086", "Giselle Bader": "Q96939926", "Susanne Chambers": "Q96939928", "Pamela Condie": "Q96939930", "Marion Fuller": "Q96939934", "Nanette Good": "Q96939939", "Beatrice (Betty) Harvey": "Q96939941", "Robyn Hipkiss": "Q96939944", "Mary (Sr Mary De Chantal) James": "Q96939946", "Margaret (Sr Mary Lucilla) James": "Q96939948", "Ann De Chantal (Sr Mary Rosaria) James": "Q96939950", "Kathleen (Sr Mary Estelle) James": "Q96939952", "Florence Bridget (Sr Mary Estelle) James": "Q96939954", "Colleen Liddell": "Q96939957", "Sheree Limbrick": "Q96939961", "Heather Marten": "Q96939966", "Kate McEachen": "Q96939968", "Winifred Merritt": "Q96939970", "Hilary Moroney": "Q96939973", "Sister Mary Francis de Sales O'Brien": "Q96939977", "Alice Pappin": "Q96939981", "Gail Pinchbeck": "Q96939984", "Amy Turner": "Q96939992", "Jean Virgona": "Q96939995", "Lena Virgona": "Q96939997", "Ruth Wilken": "Q96940001", "Sister Mary Xavier Williams": "Q96940003", "Vi Callanan": "Q96940910", "Sister Mary Lawrence Cater": "Q96940913", "Willy Maddock": "Q96940917", "Mother Xavier Maguire": "Q96940918", "Adrienne Simondson": "Q96941082", "Sr Mary O'Shannassy": "Q96941084", "Martha Plested": "Q96941085", "Jane Lee-Barker": "Q96941267", "Mother Mary John Cahill": "Q96941270", "Peg Bowman": "Q97100840", "Wanda Warren Berry": "Q97338335", "Seren Bertrand": "Q97340053", "Laurel Kearns": "Q97363230", "Barbara A. McGraw": "Q97467196", "Bianca Manning": "Q97611719", "Isabel Wollaston": "Q97621810", "Joni Woelfel": "Q97621916", "Larissa Minniecon": "Q97632680", "Aunty Sharon Minniecon": "Q97632681", "Susan Nowak": "Q98150584", "Dorothea M. Dooling": "Q98756152", "Sharon Ellis Davis": "Q98886674", "Teresa Fry Brown": "Q98974335", "Marsha Foster Boyd": "Q98974348", "Bernice Powell Jackson": "Q99245892", "Yvonne Patricia Chireau": "Q101210081", "Daisy L. Machado": "Q101210236", "Cynthia McCall Campbell": "Q104214732", "Darlene Cohen": "Q104214743", "Elizabeth Shanks Alexander": "Q104214745", "Diane M Yeager": "Q104214746", "Retta Blaney": "Q104214747", "Sarah Jane Boss": "Q104214748", "Susan Brooks-Young": "Q104214749", "Angela Yarber": "Q104214750", "Doris Gottemoeller": "Q104214752", "Joyce Zonana": "Q104214753", "Kimberly Ervin Alexander": "Q104214755", "Shernaaz Engineer": "Q104214756", "Maryellen Baker": "Q104214757", "Eleanor Beers Amico": "Q104214758", "Emma Wild-Wood": "Q104214759", "Jana Childers": "Q104214760", "Alice L Camille": "Q104214761", "Ruth Burke": "Q104214764", "Linda McKinnish Bridges": "Q104214768", "Tooran Shahriari Bahrami": "Q104214770", "Lisa-Marie Calderone-Stewart": "Q104214771", "Kathleen Diane Billman": "Q104214773", "Jennifer L woodruff": "Q104214774", "Katie Day": "Q104214779", "Katrina J Zeno": "Q104214780", "Tracy Cochran": "Q104214784", "Lillian Daniel": "Q104214785", "Ellen Birnbaum": "Q104214787", "Shernaz Cama": "Q104214789", "Dosia Carson": "Q104214790", "Andrea Bernstein": "Q104214791", "Marie Cartier": "Q104214794", "Janice Broun": "Q104214796", "Dorothy C Bass": "Q104214797", "Margaret D Wilde": "Q104214799", "Francine Jo Cardman": "Q104214801", "Maura Thompson Hagarty": "Q104214802", "Maja Daruwalla": "Q104214803", "Gay L. Byron": "Q104214804", "Wendy Dackson": "Q104214806", "Julie A Wortman": "Q104214808", "Deryn Guest": "Q104214812", "Mary Rose D'Angelo": "Q104214813", "Joan R. Gundersen": "Q104214816", "Joan E. Cook": "Q104214831", "Barbara L Carter": "Q104214834", "Kathy Coffey": "Q104214835", "Laura Carnevale": "Q104214839", "Starr Goode": "Q104214848", "Susannah Cornwall": "Q104214857", "Mercedes Alonso de Diego": "Q104214861", "Erin M. Cline": "Q104214862", "Xochitl Alvizo": "Q104214870", "Marion Amberg": "Q104214872", "Mary Beth Fraser Connolly": "Q104214873", "Leslie Wirpsa": "Q104214875", "Meghan J. Clark": "Q104214876", "Cindy Wooden": "Q104214879", "Gwen Costello": "Q104214880", "Leila Waite Anderson": "Q104214881", "Leisa Anslinger": "Q104214886", "Stephanie N. Arel": "Q104214887", "Hallie Iglehart Austen": "Q104214890", "Mary Atwood": "Q104214891", "June Hager": "Q104214896", "Sarah Hinlicky Wilson": "Q104214897", "Katie Walker Grimes": "Q104214898", "Katey Zeh": "Q104214899", "Carole Carkeet Carlson": "Q104214900", "Mary Jane Haemig": "Q104214901", "Martha Ann": "Q104214904", "Mary McDonald": "Q104625275", "Barbara Taylor": "Q104625819", "Susan Pascoe": "Q104831021", "Kathleen Mary Tierney": "Q104987483", "Mar\u00eda Victoria Spottorno D\u00edaz-Caro": "Q106730824", "Susan Beecher": "Q107055156", "Catherine Byrne": "Q107055377", "Andrea Dean": "Q107069022", "Patty Fawkner": "Q107069054", "Geraldine Hawkes": "Q107069477", "Birgit Herppich": "Q107069528", "Natasha Jackson": "Q107069587", "Georgina Jardim": "Q107069646", "Margaret McAndrew": "Q107070053", "Emma Morris": "Q107070087", "Anique Radiant Heart": "Q107070193", "Catherine Ritchie": "Q107070586", "Verena Schafroth": "Q107073861", "Karen Shaw": "Q107073952", "Pauline Smith": "Q107074232", "Kathleen Spence": "Q107086306", "Margaret Vaille": "Q107088813", "Jeaneane D. Fowler": "Q107426848", "Christie Buckingham": "Q108146398", "Wendy Flannery": "Q108146889", "Margaret Franklin": "Q108146961", "Jill Gowdie": "Q108146974", "Adele Howard": "Q108147242", "Azra Khan": "Q108147341", "Patricia Powell": "Q108165832", "Wendi Sargeant": "Q108165869", "Marlene Thalheimer": "Q108166119", "Bernadette Wallis": "Q108166133", "Patricia Ellen Franklin": "Q108581978", "Claiming Notability for Women Activists in Religion": "Q108658416", "Colleen D. Hartung": "Q108658457", "Farsijana Adeney-Risakotta": "Q108670299", "Meredith Minister": "Q108670419", "Julia Magdalena Berger": "Q108670558", "Elaine Nogueira-Godsey": "Q108670647", "Jea Sophia Oh": "Q108670701", "Alaine Thomson Buchanan": "Q108670766", "Bom Hyon Sunim": "Q108738243", "Susan Murphy": "Q108749051", "Ayya Jitindriya": "Q108749108", "Isabell Naumann": "Q108759334", "Early 20th-century Pentecostal Matriarch": "Q111046444", "Deborah L. Fulthorp": "Q111046458", "defining": "Q111076681", "Adelaida Sueiro Cabreda de Alayza": "Q111240914", "Patricia Coyle": "Q111258235", "Rosemarie Daher Kowalski": "Q111269405", "Explorer": "Q111269552", "Tetiana Kalenychenko": "Q111285902", "Mary Mildred Casey": "Q111799125", "Michelle Goh": "Q111799129", "Dawn Theresa Goodwin": "Q111799130", "Robin Haskell": "Q111799131", "Trish Hindmarsh": "Q111799132", "Betty King": "Q111799134", "Helen Mary Little": "Q111799136", "Amel Manyon": "Q111799137", "Margaret Lellah Polkinghorne": "Q111799139", "Jacqui Remond": "Q111799140", "Margaret Sanders": "Q111799141", "Margaret Eileen Watson": "Q111799143", "Elizabeth Jane Webb": "Q111799144", "Catherine Whewell": "Q111799145", "Zandra Wilson": "Q111799146", "Souria Khalil Youssef": "Q111799148", "Hilda Brooks": "Q111812594", "Elizabeth Nolan": "Q112181163", "Winifred Bullard": "Q112242550", "Allison Conyer": "Q112242596", "Janet Finlayson": "Q112242648", "Pat Fleming": "Q112242845", "Zoe Hancock": "Q112242910", "Anne Maree Jensen": "Q112243035", "Marjorie McGregor": "Q112243093", "Jacqueline Ninio": "Q112243151", "Joyce Polson": "Q112243193", "Anne-Marie Priestley": "Q112243272", "Monica Shinnick": "Q112243379", "Linda Shuttle": "Q112243748", "Wendy Snook": "Q112243787", "Margaret Somerville": "Q112243833", "Rosemary Young": "Q112244639", "Theresa Ardler": "Q114226439", "Elenie Poulos": "Q115752011", "Naomi Washington-Leapheart": "Q123047157", "Nancy E. Petty": "Q123047530", "Joan Dawson McConnon": "Q123049573", "Ethelyn Taylor": "Q123055324", "Black Womanist Ethics": "Q123056152"}