{"Fatima Jaber": "Q20404300", "La Fadulla": "Q29053661", "Erika Apli": "Q59212783", "Ghada al-Shatby": "Q84978419", "Gaja Brecelj": "Q98831565", "Alwyn Moss": "Q118680608", "Francisca de Gazmira": "Q124780348", "Henriette Bonna": "Q63995788", "Marrigje Willems": "Q19849899", "Gregoria Matorras": "Q17478063", "Louise Dauriat": "Q115092234", "Metilde Viscontini Dembowski": "Q3299112", "F\u00e9licie de Durfort": "Q22713609", "Teresa Berra": "Q3984268", "Nina Giustiniani": "Q2850502", "Carlotta Benettini Martini": "Q63485865", "Mercedes Tomasa San Mart\u00edn y Escalada": "Q2917307", "Paola Ranieri": "Q93119465", "Marianna de Crescenzo": "Q11769849", "Maddalena Montalban Comello": "Q26266073", "Anna C. Field": "Q94662981", "Esther Herrman": "Q98033974", "Cristina Rossi": "Q106618796", "Anna Veronika Mik\u0161\u00ed\u010dkov\u00e1": "Q95456722", "F\u00e9licit\u00e9-Marie Gl\u00e9tron": "Q3092303", "Elizabeth Margaret Vater Longley": "Q11290927", "Jadwiga Zamoyska": "Q11715999", "Saba Vazova": "Q12295802", "Katerina Fugnerova": "Q103678530", "Josefa Dominga Balcarce": "Q5936563", "Justine Dalencourt": "Q52424446", "Harriet A. Townsend": "Q28738100", "Joaquina de Morla Virn\u00e9s": "Q5931659", "Gutmann Hedvig": "Q61069530", "Genevi\u00e8ve Soult de Dalmatie": "Q18715613", "Mary Brown": "Q18954451", "Therese Keyper": "Q62081478", "Anna Myhrman-Lindgren": "Q115757397", "Rada Kirkovich": "Q12291922", "Anna M. Jackson": "Q107137256", "Ad\u00e8le Kassky": "Q112919225", "Emma M\u00e4kinen": "Q5475245", "Maria Verdure": "Q105798573", "Juana Rold\u00e1n": "Q28927558", "Anne Griffith Jones": "Q56179350", "Luisa Minguzzi": "Q94400593", "Ana Dimnik": "Q12784490", "Am\u00e9lie Cederschi\u00f6ld": "Q115781656", "Marie-Louise Berg": "Q117214813", "Ad\u00e8le Wetterlind": "Q28538345", "Kerstin Bohman": "Q117214963", "Alice Greene": "Q65967065", "Marguerite Nyssens": "Q104356006", "Milica Tomi\u0107": "Q20437845", "Helena Cichowicz": "Q16557233", "Odette Laguerre": "Q55740067", "Yog Maya": "Q12011003", "Emilie Holyoake Marsh": "Q123118920", "Frances Helena Low": "Q61114250", "Nadage Dor\u00e9e": "Q64685655", "Teresa Maria Carini": "Q105237072", "Marie Hergetov\u00e1": "Q106613012", "Micaela Chalmeta": "Q20101188", "Albertina Para\u00edso": "Q30611296", "Anne Jenkins": "Q56179107", "Rita Mas": "Q21081376", "Hildur \u00d6ijer": "Q58070361", "Elisa Serment": "Q96381738", "Sophie Wichers": "Q52216210", "Clara Mulder van de Graaf-de Bruyn": "Q29050433", "Ge Jianhao": "Q10417572", "May Walden": "Q116691826", "Charlotte Louise Scandrett": "Q89657510", "Paola Grosson": "Q55228518", "Tomii Oto": "Q11455797", "Alice A. Casneau": "Q125516152", "Rosa Werner": "Q101045312", "R\u016f\u017eena Wisteinov\u00e1": "Q110270694", "Hisako Motono": "Q24845435", "Elin Malin": "Q23498994", "Alice Hill Chittenden": "Q48025937", "Anna Larsson": "Q98639279", "Jessie Margaret Hope": "Q75966264", "Takeyo Takekoshi": "Q115100071", "Nellie Andrews Gazzam": "Q105426971", "Catherine Miriam Anwyl": "Q106472293", "Mahrokh Gohar Shenas": "Q5822796", "Matilde de Obarrio": "Q86659221", "Marie Denizard": "Q107438324", "Juliette Verhaegen": "Q105545890", "Elena Just Castrillo": "Q21081315", "\u0c36\u0c3f\u0c35\u0c30\u0c3e\u0c1c\u0c41 \u0c38\u0c41\u0c2c\u0c4d\u0c2c\u0c2e\u0c4d\u0c2e": "Q13010468", "L\u00e9onie Toureille": "Q64984040", "Antonia Caball\u00e9": "Q126550566", "Hendrika van Zelm": "Q55085102", "Augusta Matilda Johansson": "Q124258062", "Josefa Mart\u00ednez Caballer": "Q21081370", "Louisa Eleanor Lort Smith": "Q21536365", "Virg\u00ednia da Fonseca": "Q20049202", "Marie Sapas": "Q124392498", "Effie Maud Aldrich Morrison": "Q21176815", "Elida Diurson": "Q124258096", "Emilia Broese van Groenou": "Q28064396", "Alix Guillain": "Q110917547", "Mah Amir Sultan Sahi": "Q5938598", "Sof\u00eda Blasco": "Q91793115", "Paula Reimer": "Q98280842", "Julia Henry": "Q56178388", "Chaya Weizmann-Lichtenstein": "Q12407433", "Maria Tereszczak": "Q16574797", "Mary Elizabeth Ellis": "Q124250956", "Rubina Areshian": "Q60313029", "Fran\u010di\u0161ka Ambro\u017ei\u010d": "Q124883408", "Fumiko Nishikawa": "Q94370816", "Helen Davenport Gibbons": "Q18911437", "Rayna Kandeva": "Q31208436", "Maria Soledad Moral Santa Cruz": "Q106256264", "Alice Draper Carter": "Q114939632", "Leah Zeliger": "Q28470487", "Teodora Hadzhidimitrova": "Q30132002", "Christine Bakker-van Bosse": "Q60028942", "Wanda Herse": "Q85870062", "Julia Iruretagoyena": "Q25473799", "L\u00e9o Wanner": "Q115102675", "Alice Tibiri\u00e7\u00e1": "Q16488604", "Dolores Garc\u00eda-Negrete Ruiz Zarco": "Q64502243", "Elsa Lell-Kingissepp": "Q16406055", "Marita O'Leary": "Q30904877", "Margaret Backhouse": "Q18528920", "Antonija Kante": "Q61787543", "Anna M\u00fcrset": "Q78067296", "Elise Tenter": "Q123999116", "Olga Prochaskov\u00e1-Sedl\u00e1\u010dkov\u00e1": "Q104165606", "Elbira Iturri": "Q111286103", "Natsu Kawasaki": "Q11553823", "Yvonne Sadoul": "Q94622007", "Isabel Gonz\u00e1lez Gonz\u00e1lez": "Q24663965", "Kuni Hotta": "Q11427603", "Ester Zmora": "Q16338561", "Jadwiga Krawczy\u0144ska": "Q107419859", "Hadassah Kalvari": "Q25490019", "Zofia Szturm de Sztrem": "Q114079785", "Trien de Haan-Zwagerman": "Q28064013", "Marie du Rostu": "Q3292949", "Gl\u00f2ria Bulbena i Reig": "Q50376427", "Juana Julia Guzm\u00e1n": "Q107302604", "Marthe L\u00e9vy": "Q78210633", "Jenny Humbert-Droz": "Q1687037", "Mar\u00eda Freixe de Casati": "Q106715911", "Violette Mouchon": "Q16855658", "Vera Boyadzhieva-Fol": "Q106133269", "Asta Br\u00fcgelmann": "Q123987466", "Alice Tisler": "Q12358889", "\u05e4\u05d0\u05d5\u05dc\u05d4 \u05d1\u05e8\u05d8": "Q126095205", "Anna Serra": "Q106618904", "Lauren\u021bia Arn\u0103u\u021boiu": "Q51104834", "Marion Wade Doyle": "Q104905028", "Isabel Hortensia Pereira Dagedo": "Q52286409", "Sarah Fell-Yellin": "Q109858755", "Giuliana Benzoni": "Q29846468", "Frances Olivia Grant": "Q107189152", "Elsa Franconi-Poretti": "Q92466413", "Tzila  Feinberg-Shoham": "Q12410889", "Siti Munjiyah": "Q97214286", "Ramona Soldevila Cir\u00e9s": "Q107177901", "Suzanne Caille": "Q78208155", "Helen Van Tyne": "Q37773779", "Marie Gamel": "Q123731972", "Ceridwen Brown": "Q125792321", "Em\u00edlia Claramunt i Cervera": "Q16188727", "Hadassa Samuel": "Q25489082", "J\u00f3zefa Machay-Mikowa": "Q11731798", "Diva Nolf Naz\u00e1rio": "Q127833444", "Chana Levin": "Q1530264", "Adelaida Arg\u00fcelles": "Q55854404", "Christine Brisset": "Q59244047", "Hisako Shimazu": "Q108110779", "\u00c9lisabeth de La Panouse": "Q120122729", "Antonia Oscar Abbiati": "Q94663032", "Grace Delafield Day Spier": "Q104666448", "Bernice Mohapeloa": "Q119963466", "Haruko Hashiura": "Q111234462", "Els Peyer-von Waldkirch": "Q1333339", "Zinka Weinberger - Maslo": "Q124373131", "Suzanne Chevet": "Q15407293", "No\u00eblle Ffrench Davies": "Q56187047", "\u00c1ngela Eufemia Sempere Sanju\u00e1n": "Q21001488", "Ernestina Lesina": "Q27786382", "Sathaj Nassar": "Q111606545", "Elisabeth Lange": "Q1000231", "Noble Irina Bud de Budfalva": "Q30017492", "Margie Simon Fine": "Q50676407", "Claudia Patricia Palacios": "Q51322982", "Lol Kin Castaneda": "Q57056844", "Amneris Perus\u00edn": "Q62995393", "Andrea Fiallos": "Q28972630", "Eloise Moore": "Q61908108", "Anna Dinella": "Q28970589", "Mira Lenardi\u010d": "Q55452445", "H\u00e9l\u00e8ne Patou": "Q18744913", "Estelle Goldstein": "Q114795906", "Akiko Akamatsu": "Q108110868", "Leena Laid-Parker": "Q114457568", "Anna Rucka": "Q109496072", "Hanah Khushi": "Q12407551", "Mireille Osmin": "Q23926258", "Fanica Obid": "Q113772853", "Espertirina Martins": "Q67776142", "Ramona Peralba Sala": "Q65205211", "Liu Jinduan": "Q107363142", "Shitaku, Yae": "Q116999733", "Pavla Rutar": "Q124987686", "Maria Rous": "Q124218149", "Ren\u00e9e Blum": "Q79417513", "Anna-Liisa Heikinheimo": "Q97189337", "Dolors Prat Coll": "Q56400769", "L\u00e9a Maury": "Q124719926", "\u00c9lisabeth Risler-Fran\u00e7ois": "Q94694969", "Marie Politzer": "Q3292749", "Georgette Llopis": "Q78211694", "\u80e1\u5fb7\u5170": "Q97350085", "Siti Hajinah Mawardi": "Q106153750", "Helen V. Rosen": "Q113374222", "Margarida de Descatllar": "Q61059170", "Blanca Lydia Trejo": "Q62004523", "Dolors Marsans i Comas": "Q118175167", "Ruth Lovich": "Q6777135", "Alfiah Muridan Noto": "Q106152974", "Gloria Zubia": "Q56098009", "Paule Fay": "Q20155643", "Badiah Moerjati Goelarso": "Q106153450", "Dorothy Hunton": "Q114909209", "Daisy George": "Q114921127", "Pearl Fournier": "Q56305021", "Sujatin Kartowijono": "Q106052362", "Katie Booth": "Q63823968", "Claire Chevrillon": "Q16236023", "Helen Allen": "Q110463827", "\u00c9milienne Mopty": "Q3588902", "Carmela Su\u00e1rez": "Q55714618", "Cherifa Messadi": "Q113501878", "Beatrice Ferneyhough": "Q106918203", "Nancy Raphael": "Q117793765", "Hemda Nofech-Mozes": "Q19577330", "Fran\u00e7oise Leclercq": "Q80763335", "Cyla Wiesenthal": "Q86239192", "Vika Obid": "Q113772958", "Leopolda Mekina": "Q107255016", "Marguerite Dardant": "Q99526096", "Ofelia Machado Bonet": "Q29075128", "Hisako Suga": "Q52320239", "Shibuya Reiko": "Q54868286", "Yukie Ishii": "Q112239985", "Marcelle Baron": "Q118948462", "Yvonne Fili\u00e2tre": "Q60184999", "Isabel Peir\u00f3 Polo": "Q117307897", "Julia L. Maietta": "Q94411962", "\u9676\u701b\u5b59": "Q97349665", "Donca Simo": "Q85979861", "Soewarni Pringgodigdo": "Q112266101", "\u05d9\u05e2\u05dc \u05e4\u05d5\u05d6\u05e0\u05e8": "Q7050860", "Ry\u014d Aizawa": "Q11582219", "Mar\u00eda Jes\u00fas Guirado Ibarra": "Q110740275", "Macrina Rabad\u00e1n Santana": "Q117462096", "Kathryn Howell": "Q106963756", "Janie B. Jenkins": "Q108800377", "Katsuko Nomura": "Q94579210", "Rachel Markovski Landau": "Q16129077", "Flora Sanhueza": "Q5862820", "Necile Tevfik": "Q88488271", "Else Sterner": "Q94746628", "Carmen Caballero Camarillo": "Q51172858", "Erna Djajadiningrat": "Q65208167", "Fuji Takashima": "Q125503656", "Laine Pant": "Q16406742", "Nieta Campos da Paz": "Q105248313", "Rosa Alarco Larrabure": "Q15428548", "Paulette Isa\u00efa": "Q105575765", "Takako Asada": "Q52083763", "Anna St\u00fcbbe": "Q126947324", "Veremunda Olasagarre": "Q12268836", "Simone Gillot": "Q62272920", "Isobel Milton Cerney": "Q107233315", "Vera Paronetto": "Q85803540", "Magda Llad\u00f3 Fuster": "Q30341510", "Vicenta Agust\u00edn i Espert": "Q117023199", "Martha Geiringer": "Q105047305", "Luisa Mar\u00eda Narv\u00e1ez": "Q56237443", "Eha Masing": "Q16403206", "\u05d7\u05d9\u05d4 \u05d1\u05dd": "Q6913523", "Yang Huizen": "Q100152023", "Juana Quesada": "Q5953865", "Maritxu Zagala": "Q105825349", "Marica Zorko": "Q124985662", "Maria Hulewiczowa": "Q20029119", "Jeanne Bajeux": "Q126029801", "Elza Monnerat": "Q10272127", "Paquita Gorro\u00f1o": "Q41590632", "Pilar Bellosino": "Q113698318", "Pilar Soler i Miquel": "Q20101854", "Isabel Mart\u00ednez Blaya": "Q21081373", "Joan McClure": "Q105824200", "Cvija Tri\u0161i\u0107": "Q121435614", "Elo Raivet": "Q124206857", "Lisa L\u00f6wenberg": "Q94638191", "Tuba Laber Schor": "Q109791739", "Cecilia Corr": "Q105309930", "Emma Schwarz": "Q64364339", "Rose Rose": "Q104762265", "Carme Llaurad\u00f3 i Mart\u00ed": "Q11912504", "Gabriela Abad Mir\u00f3": "Q87124000", "Bhabini Mahato": "Q101071363", "Dorothy Edsall": "Q127816930", "Julia Manzanal P\u00e9rez": "Q69904113", "Clara Lanzi": "Q15860144", "Maria Margotti": "Q3847418", "Marie Dubois": "Q98687617", "Bienvenida Agirrezabala Esnaola": "Q105826288", "Josefina Manresa": "Q11928408", "Julia Hermosilla Sagredo": "Q96582807", "Augusta Marx": "Q129628039", "Felicia Impastato": "Q3742246", "Yasuyo Kawata": "Q116979015", "Isabel Vicente Garc\u00eda": "Q28975189", "Paquita Jolis Puig": "Q19301384", "Felisa Melendo": "Q21081381", "Alejandrina Berm\u00fadez Milla": "Q65660774", "Constanza Mart\u00ednez Prieto": "Q107550276", "Sabina Santilli": "Q54641464", "Dolores Gonz\u00e1lez Nicol\u00e1s": "Q117488058", "Carmen Lardiz\u00e1bal": "Q71228448", "Joaquina Dorado Pita": "Q17413472", "Tamar\u200f Kollek": "Q18192144", "R\u00e9gine Lemberger": "Q111235729", "Concepci\u00f3n Calvillo Alonso": "Q118219196", "H\u00e9l\u00e8ne Mabille": "Q107959337", "Marie Altelaar": "Q26036684", "Pilar Claver": "Q88470525", "Lula Lowe Weeden": "Q105516461", "Lucienne Mazelin": "Q120733821", "June Oppen Degnan": "Q109841114", "Georgine Eveline Poetiray": "Q43793951", "Anna Sol\u00e0 Sardans": "Q28708597", "Mar\u00eda Eugenia Casinelli de Garc\u00eda Irureta Goyena": "Q6003772", "Mary Hastings Michener": "Q80930903", "Mildred Dozier": "Q111365571", "Raya Jaglom": "Q18120313", "Asela Morel Perez": "Q65165456", "Elena Gil Olaya": "Q90405681", "Florence Mnumzana": "Q118946100", "Joxepa Arregi": "Q12260927", "Celia Acosta Vice": "Q64814860", "Pilar Gartziandia": "Q105870873", "H\u00e9l\u00e8ne Gracia-Cabanes": "Q43577141", "Janneke Johanna Landman": "Q2280367", "Desideria Gim\u00e9nez Moner": "Q85966465", "Josette Dumeix": "Q37863403", "Rozina Nemec": "Q113773536", "Miriam Cendrars": "Q59532567", "Paulette P\u00e9ju": "Q99654426", "Piedad Arribas": "Q6075228", "Yael Ozai": "Q6581994", "Rose Steinbuch": "Q95192179", "Mar\u00eda Hortensia Garc\u00eda Mar\u00edn": "Q22133021", "\u00c1ngela Mar\u00eda Aieta": "Q4025200", "Violet Matlou": "Q118946118", "Arnita Young Boswell": "Q109256702", "Martha Clampitt McKay": "Q107157912", "Mar\u00eda Salvo": "Q11935479", "Andr\u00e9e Moat": "Q75153714", "Lucia Vernarelli": "Q111744213", "Gabrielle Gimenez": "Q128213320", "Suzy Eban": "Q12410008", "Takako Wada": "Q105888690", "Victoria Mu\u00f1oz Garc\u00eda": "Q90408026", "Charlotte Steurer": "Q126941754", "Simone Bastien": "Q106472537", "Maria Vingiani": "Q94438048", "Simone Prelle": "Q60976310", "Alwine de Vos van Steenwijk": "Q2620264", "Josefina Garc\u00eda de Noia": "Q20895091", "S\u00e9gol\u00e8ne Malleret": "Q117814261", "Marie Quemeneur": "Q102115555", "Giovanna Giaconia": "Q16559674", "\u00c9lida L\u00f3pez": "Q28355808", "Pepa Llunell i Sanges": "Q28708243", "Nada \u010camernik": "Q55452800", "Yvette Renac": "Q108006391", "Simone de Bollardi\u00e8re": "Q53344741", "Ruth Izakson": "Q6686909", "Klara Nowak": "Q50880328", "Ruth E. Shinn": "Q95880271", "Marie Bassili Assaad": "Q105398236", "Mary Magdala Thompson": "Q111310268", "Mar\u00eda del Carmen Cuesta Rodr\u00edguez": "Q56478953", "Pilar Mora i Rosell\u00f3": "Q19301598", "Charlotte Moran": "Q96098894", "Lois B\u00e9dard": "Q100868695", "Ellen van der Ploeg": "Q23292570", "Maria Andreescu": "Q50996027", "Genevi\u00e8ve Cac\u00e9r\u00e8s": "Q125929102", "Vivian Ayers Allen": "Q113487080", "Beatrice Slama": "Q94696525", "Ruth Tekoah": "Q6702235", "Ada Machnes": "Q6578035", "Yetty Rizali Noor": "Q12525244", "Fanny Tabak": "Q104184443", "Ana\u00efs Jaccard": "Q109883790", "Terumi Kasuya": "Q23936767", "Lillian Press": "Q95889585", "Hermi Hirsch": "Q111568950", "Mien Soedarpo": "Q12498502", "Amanda Rorra": "Q23042194", "A\u00edda Kancepolski": "Q98102621", "June Wallace Thomson": "Q101413633", "Jean Keller Heard": "Q96642738", "Maria de Lourdes Vale Nascimento": "Q107978133", "Laurence Verg\u00e8s": "Q123734236", "Elena D\u00edaz Hevia": "Q112228112", "Pnina Bor": "Q7206063", "Sevim Belli": "Q6076066", "Carmen Lapac\u00f3": "Q45354614", "Rozka Usenik": "Q55452842", "Joan Reynolds": "Q96631861", "Maria Cortazzi": "Q105238292", "Ursula Brunner": "Q2501538", "Valerie Pitt": "Q125887619", "Mari Carmen Montoya Azkuna": "Q124219311", "Conchita Grang\u00e9 Beleta": "Q5781001", "Carmen Lor\u00e9fice": "Q30331488", "Marion Bienes": "Q49166240", "Taous Chraiti": "Q65486236", "Bea Kreloff": "Q111726435", "Merc\u00e8 Pla i Cid": "Q19301179", "Z\u00e9lia Magalh\u00e3es": "Q105236245", "Mary Helen Rogers": "Q115022963", "Hedi Vaccaro Frehner": "Q7002446", "Hulda Gurewitz": "Q6817403", "Marta V\u00e1squez": "Q30904698", "Ramona Fossas i Puig": "Q117733428", "Jitka Mal\u00edkov\u00e1": "Q53228540", "Wanda Zalewska-Zdun": "Q124375934", "Miriam Katz": "Q106977966", "Alice Rooney": "Q106629590", "Wies Stael-Merkx": "Q1970508", "Teza Bukvi\u0107": "Q16115000", "\u05d3\u05dc\u05d9\u05d4 \u05d2\u05d5\u05ea\u05df": "Q20788367", "Olga Hrub\u00e1": "Q50377152", "Sara Rus": "Q11229071", "Jeanne d'Arc Jutras": "Q60462420", "Cl\u00e9lie Gamaleya": "Q51156556", "Helen Mayer Harrison": "Q22671744", "Val Abrahams": "Q115624635", "Nursyah Kartakusuma": "Q120202705", "Jeannine Lejard": "Q114682789", "Lucette Desgrand": "Q95731311", "Drahom\u00edra Fajtlov\u00e1": "Q107504836", "Manuela Galeote": "Q78063205", "Luisa Alba Cereceda": "Q117408728", "Madge Elliot": "Q127916322", "Mar\u00eda del Carmen Garc\u00eda-Nieto": "Q23509303", "Rebecca Masilela": "Q118946073", "Esther Alexander": "Q6776510", "Resu Fern\u00e1ndez P\u00e1ez": "Q17029749", "Pilar Bosch Monforte": "Q23504688", "Josefina Lamberto": "Q112276623", "Tina P\u00e9rez": "Q65163179", "Monique Hervo": "Q23926216", "Marta Kottov\u00e1": "Q12035660", "Pam Cubey": "Q123399909", "Micheline Pouteau": "Q114777474", "Lillian Kimura": "Q95886743", "Mar\u00eda Luisa Casar Casta\u00f1edo": "Q6004172", "Samira Khoury": "Q25493811", "Annick Vidal": "Q118946962", "Mary Frances Freeman Baylor": "Q116196128", "Cesarina Smrekar": "Q114030902", "Kontxi Belandia Lekue": "Q103853777", "Silvianna Goldsmith": "Q80743697", "Bao Andriamanjato": "Q126178374", "Sonja Nissenbaum": "Q57244940", "Shulamit Livnat": "Q6804693", "Jean Ford": "Q106865934", "Antonia Arjona Luque": "Q11906022", "Delilah Amir": "Q12405816", "Nuria Marcet Ballber": "Q106189201", "Frances Patai": "Q106713361", "Koidula Sildre": "Q42900643", "Inez Elliston": "Q64594028", "Beatrice Vogel": "Q69815193", "\u05e9\u05e8\u05d4 \u05de\u05e9\u05d5\u05e8\u05e8": "Q30086856", "Nelly Galasso": "Q28355813", "Tomi Kobayashi": "Q66364903", "Peg Morton": "Q107686457", "Geraldine Zapata": "Q109676341", "Mauricette Vanhoutte": "Q120866645", "Penny Francis": "Q66821496", "Hope Haley Montoni": "Q99333897", "Sally Willington": "Q120197473", "Liz-Anne Bawden": "Q85842792", "Helena Lanzer-Sill\u00e9n": "Q104604771", "Rose-May Nicole": "Q107138411", "Naomi Shadmi": "Q7063518", "Esther P. Gelman": "Q94573899", "Maud Daverio de Cox": "Q123597844", "Luz Fandi\u00f1o": "Q17415193", "Enriqueta Cantero Cantero": "Q11919400", "Pilar Iglesias Osorio": "Q20266544", "Alex Tejer\u00eda": "Q61902691", "Maria Boykikeva": "Q98148050", "Samantha Flores Garc\u00eda": "Q106102015", "Liliana Pannella": "Q107421422", "Elzbieta Ledererov\u00e1": "Q30112857", "Masako Hoshino": "Q11513134", "Gertrude Omog": "Q121434457", "Bo\u017eena \u010cretnik": "Q124986575", "Jean Wilson": "Q122175043", "Ann Youngerman Smoler": "Q95887996", "Pnina Peli": "Q6684697", "Lucy Allen": "Q115931834", "Karen B\u00e6lum": "Q62080732", "Presentaci\u00f3n S\u00e1ez de Descatllar": "Q20101723", "Varda Zakheim": "Q6852715", "Ursula Trautwein": "Q54153058", "Montserrat Freixer i Punt\u00ed": "Q29359656", "Nina Weiner": "Q64867056", "Kikue Takahashi": "Q115173857", "Ingla Leis": "Q12364550", "Donatella Turtura": "Q116976709", "Djamila Bent Mohamed": "Q127233577", "Am\u00e9rica Abaroa Zamora": "Q118864216", "Esther Ch\u00e1vez Cano": "Q50672249", "Atsuko Kizato": "Q118697438", "Irma Lanzas": "Q20995251", "Jarmila Stibicov\u00e1": "Q18113375", "Marlene Adrian": "Q118247373", "Ursula M\u00fcller": "Q40740501", "Maria Llu\u00efsa Oliveres i Sanvicens": "Q116742215", "Kathleen Nola James": "Q47527966", "Huguette Prieur": "Q60028783", "Katharina de Fries": "Q42157145", "Rosa Oliva": "Q99173326", "Betty Brooks": "Q110703863", "Libertad Gonzalez Nogales": "Q126037548", "Fran\u00e7oise S\u00e8ve": "Q88387449", "Juanita Ibaibarriaga": "Q55956717", "Ivica \u017dnidar\u0161i\u010d": "Q12791722", "Mar\u00eda \u00c1ngeles Rivas Ure\u00f1a": "Q11935768", "Assumpta Alb\u00e0 i Ricart": "Q19289912", "Dolors Sol\u00eds Donat": "Q19290305", "Eugenia Maresch": "Q86920587", "Minerva Allen": "Q98590636", "Fattouma Namla": "Q113501865", "Jocelyne Carmichael": "Q65056422", "Elisa Jim\u00e9nez Armas": "Q29169136", "Heldi-Melanie Koppel": "Q97961216", "Sherna Berger Gluck": "Q110705911", "Antonija Sen\u010dar": "Q114088795", "Paola Dell'Orto": "Q60182686", "Norma L. Kelsey": "Q105330424", "Ayala Gliksberg": "Q6899884", "Ziva Ben Dror": "Q6578415", "Leonor Joher Besal\u00fa": "Q11931364", "Milagros Moreno Mu\u00f1oz": "Q47494090", "Amalia Salas Casales": "Q117280891", "\u0645\u0627\u0647\u0631\u0629 \u0627\u0644\u062f\u062c\u0627\u0646\u064a": "Q126339150", "Maria Jos\u00e9 Ribeiro": "Q124545737", "Maria Falcone": "Q63108492", "Aleksandra Szemioth": "Q107021308", "Anne Gu\u00e9rin": "Q42300715", "Sylvia Neame": "Q55943312", "Paulina Weber": "Q82071713", "Clida Martinez Ellison": "Q90732093", "Trella Laughlin": "Q107549155", "Miyashita Tadako": "Q23848783", "Eszter Karaszi": "Q56435058", "Mina Welby": "Q115497512", "Dani\u00e8le Pourpardin": "Q123705183", "Marta Altolaguirre": "Q79977323", "Mar\u00eda Teresa Nidelcoff": "Q29122301", "Galia Golan": "Q6769266", "Raja Abu 'Amasha": "Q27868421", "Amparo Molotla Xolalpa": "Q71678155", "Dulcie Flower": "Q83442396", "Sophie Mgcina": "Q95737800", "Sophia Williams-de Bruyn": "Q104665797", "Oralia Viramontes de la Mora": "Q119041051", "Ginette Hess-Skandrani": "Q3106726", "Annie Bureau": "Q64667867", "Fadila Sa\u00e2dane": "Q12230909", "Hristina Kapsamunova": "Q36478617", "Carla Br\u00fcnott": "Q26262895", "Anna Marconi": "Q65953241", "Roekmini Koesoemo Astoeti": "Q12508813", "Gille Wittig": "Q27701734", "Mam\u00e3 Kuiba": "Q111732217", "Christiane Ensslin": "Q13466264", "Anna Puglisi": "Q63184743", "Elvira Mondrag\u00f3n Sorribes": "Q64224943", "Maria Llu\u00efsa Serralta": "Q117287705", "Michela Buscemi": "Q15208549", "Tania D\u00edaz Castro": "Q124429859", "Luisa Toledo": "Q107459855", "Judy Cooper": "Q114462693", "Mira Friedman Hemmo": "Q7060263", "Zhour Alaoui Mdaghri": "Q87330656", "Rita Mensah-Amendah": "Q119295421", "Aiyoung Choi": "Q126174804", "Lorraine Mafi-Williams": "Q38315098", "Liana Borghi": "Q109690282", "Marzette Lewis": "Q110771906", "Roberta Avenda\u00f1o": "Q94475514", "Mary Ellen Welch": "Q111253621", "Gloria House": "Q111759234", "Fran\u00e7oise Flamant": "Q119627214", "Olga Maria Borges": "Q124439869", "Jacqueline Idiart": "Q125373132", "Leyda Marta Oquendo Barrios": "Q123479010", "Martha Pelloni": "Q16735464", "Connee-Colleen": "Q116452819", "Marian Alice McClellan": "Q107085480", "Orit Ichilov": "Q12403622", "Lucienne Haese": "Q116213739", "Larysa Skrypnykova": "Q21600268", "Koosje Koster": "Q1865904", "Zahra Yaghoubi": "Q5865699", "Mar\u00eda Antonia Berger": "Q6003350", "Beatriz Iribarne S\u00e1nchez": "Q29266553", "\u00c1ngeles Ru\u00edz-Tagle": "Q44919320", "Marta Guarani": "Q105247529", "Anne Romaine": "Q110915996", "Anne-C\u00e9cile Reimann": "Q123563714", "Margaret Burr Leonard": "Q124634613", "H\u00e9l\u00e8ne Passtoors": "Q14631971", "Bibi Vogel": "Q16498167", "Talia Livni": "Q6739222", "Alicia Rodr\u00edguez P\u00e9rez": "Q25510519", "Marta Tatjer": "Q77081319", "Linda Weil-Curiel": "Q81660006", "Patxika Erramuzpe": "Q112224733", "Josefa Mu\u00f1oz Plazas": "Q115473967", "Georgia Brooks": "Q116690269", "Marcelle Taylor Brown": "Q122237938", "Iola Mathews": "Q124537423", "Paulina D\u00edaz": "Q123488701", "Roberta Tatafiore": "Q3938542", "Pat Bellanger": "Q117459576", "Carla Simeoni": "Q105086712", "Doris Dozier-Crenshaw": "Q104908223", "Jacqueline Jencquel": "Q104621903", "Marcela Mart\u00ednez Roaro": "Q26831268", "Pamela Kraft": "Q106768982", "Darlene Nicgorski": "Q63533167", "Mathilde Halla": "Q6787262", "Sidib\u00e9 Kadidia Aouda": "Q27062870", "Asmahan al-Saidawi": "Q42302032", "Montserrat Juvanteny Juvanteny": "Q63413590", "Penny Patch": "Q93771294", "Eneid Routt\u00e9-G\u00f3mez": "Q123478181", "Nina Rosa Jacob": "Q123398135", "Mary R. Sawyer": "Q110868267", "Janina Piestrak-Babijczuk": "Q113793944", "Anna Rastawicka": "Q115170386", "Vera Lashkova": "Q4255481", "Marianna Rombol\u00e0": "Q3847721", "Maria Laura Annibali": "Q91788281", "Sevdije Ahmeti": "Q31666766", "Lucie van Crombrugge": "Q106465821", "Nora Rozenbroek": "Q51320803", "Dolores Sancho": "Q28927252", "Martine Landry": "Q54459919", "Diana Galimberti": "Q26692027", "Mar\u00eda Cristina Bustos de Coronel": "Q30902311", "Pety Guerrero": "Q29419595", "Lia Varesio": "Q3831523", "Arantxa Lete Bergaretxe": "Q112208326", "Carmen Avenda\u00f1o": "Q3399497", "Adrian Adams": "Q19952788", "Clemencia Lucena": "Q42902798", "Marion Kraft": "Q104184250", "Vera Lamut": "Q115562014", "Krystyna Moczyd\u0142owska": "Q120755792", "Mieko T\u014dyama": "Q17221119", "Annie Darencourt": "Q107123854", "Genevi\u00e8ve Legay": "Q104665689", "Sonia Mercedes Hurtado Casals": "Q24043885", "Isabel de Torres Ram\u00edrez": "Q23816072", "Pilar Claver\u00eda Mendoza": "Q124462666", "Esther Hertzog": "Q7034603", "Bernita Walker": "Q110701584", "Edna Ullmann-Margalit": "Q7037635", "Janine Elkouby": "Q115314447", "Brigitte Croisier": "Q107123647", "Kurdistan Mukryani": "Q25630431", "Pura Velarde": "Q60487880", "Juana L\u00f3pez Garc\u00eda": "Q70876524", "Anne Hessel": "Q100778285", "Gerda Wekerle": "Q111686866", "Rosa Rojas Garc\u00eda": "Q124220555", "Gloria Gonz\u00e1lez Farf\u00e1n": "Q112613773", "Carmen Garc\u00eda Monta\u00f1o": "Q5752524", "Katherine Bouton": "Q56843162", "Pia Covre": "Q3901789", "Lili Haber": "Q6672612", "Hermene Hartman": "Q124357849", "Virginia Marta Vel\u00e1squez": "Q105423688", "Sylvia Klingberg": "Q71689005", "Teresa Alab\u00e8rnia i Dom\u00e8nech": "Q11951577", "Maria Conca": "Q50676054", "Olga Bustos Romero": "Q107022378", "Dianna Manson": "Q117069698", "Rosalba Castillo Viveros": "Q123492517", "Luc\u00eda Mazarrasa Alvear": "Q58338843", "Elo\u00edna Linares": "Q126948101", "Simha Siani": "Q6577731", "Sally Fallon Morell": "Q18584098", "Gioconda Espina": "Q29263376", "Mar\u00eda Leonor Pappaterra": "Q30902549", "Sergina da Anuncia\u00e7\u00e3o da Boa Morte": "Q123490962", "Bernadette Lamaz\u00e8re": "Q57312644", "Momoyo Kamo": "Q11675583", "Riina Kabi": "Q50824584", "Adela Figueroa Panisse": "Q12382462", "Liora Moriel": "Q47892105", "Maria Dolors Medina S\u00e1nchez": "Q55093778", "Paula Witkam": "Q61484629", "Nieves \u00c1lvarez": "Q96624282", "Fira Dubinsky": "Q117424562", "Mar\u00eda Ramos Rocha": "Q123477104", "Jarmila Johnov\u00e1": "Q23818869", "Margaret Donnelly": "Q19360362", "Shanti L. Poesposoetjipto": "Q12514091", "Lili Nir": "Q18330786", "Alicia Aguirre Bustillos": "Q118445217", "Nancy Ellen Abrams": "Q96336190", "Loris Elaine Williams": "Q104613641", "Maria Rosario Arrizabalaga": "Q109753092", "\u05e8\u05d5\u05e0\u05d9 \u05e8\u05d5\u05e1": "Q27990343", "Zumrotin K. Susilo": "Q105942055", "Leila Toubel": "Q12237897", "Mar\u00eda Elena Naddeo": "Q16301631", "Mar\u00eda Elena Morera Mitre": "Q16601327", "Araba Evelyn Johnston-Arthur": "Q24548667", "Kathinka van Dorp": "Q42424292", "Lisinia Collazos Yule": "Q54850361", "Saadia Wadah": "Q56604802", "Paquita Alcoceba": "Q60539445", "Paola Yanez": "Q63197811", "Conchi Arnal Claro": "Q63953009", "Maria Caterina Cifatte": "Q111244742", "Gigliola Pierobon": "Q115537074", "Hamid Boushaki": "Q123758720", "Susi Newborn": "Q124069411", "Bonnie Clairmont": "Q129256346", "Joanna Lasserre": "Q104384388", "Mangel Gy\u00f6ngyi": "Q116271282", "Catalina Fleming": "Q30902988", "Claude Didierjean Jouveau": "Q2977291", "Bianca Pomeranzi": "Q119104778", "Mariam Bilbatua": "Q87483696", "Maribel Peris Muinos": "Q85951358", "Lena Louarn": "Q3229419", "Ronit Chacham-Herson": "Q6789712", "Lena Martins": "Q123479408", "Eliane Potiguara": "Q10271849", "Luc\u00eda Char\u00fan-Illescas": "Q123492557", "Anna Bosch i Pareras": "Q22337878", "Hala Espanioli": "Q6757017", "Leah Shakdiel": "Q12408589", "Judith Yovel Recanati": "Q30527428", "Vera Zlateva": "Q55340162", "Rosetta Stella": "Q102346344", "Ana Est\u00e9banez": "Q110973058", "\u0100minah Jibr\u012bl Sulaym\u0101n": "Q126033745", "Roshanak Dariush": "Q5958745", "Nanina Santos Castroviejo": "Q28292905", "Ronni Moffitt": "Q3441769", "Muriel  Dockendorff Navarrete": "Q16300551", "Teresa Petrangolini": "Q3984305", "Nadia Raveles": "Q106831428", "Christine Hofmeister": "Q116159012", "Ellin Maria Agnes Robles": "Q28064102", "El\u017cbieta Fajerman": "Q35814657", "Carmen San Jos\u00e9": "Q23010374", "\u05d9\u05dc\u05e0\u05d4 \u05d1\u05d5\u05e1\u05d9\u05e0\u05d5\u05d1\u05d4": "Q6908890", "Maite Paisal Ugia": "Q123284242", "Walda Barrios Klee": "Q111023034", "Raffie Chohan": "Q124052625", "Rosa Mar\u00eda O\u00b4Leary Franco": "Q110761722", "Virginia Betanzos Moreno": "Q117286287", "Victoria Escrich Vidal": "Q117307762", "R\u012bm Rif\u02bbat Nimr": "Q123497114", "Lucha Castro": "Q20745399", "Marie Anne Erize": "Q3847854", "Jackie Boschok": "Q105309885", "Carmen de la Cruz": "Q40016066", "Margaretha Maleh": "Q101104851", "Mariam Abu Daqqa": "Q60574853", "Mar\u00eda Teresa Eltit": "Q20990957", "Barbra Graber": "Q119739370", "Martine Cano": "Q105321252", "Cecilia Pezet": "Q63683620", "Fina Rubio Serrano": "Q63921681", "\u00c2ngela Borba": "Q105236074", "Nadia Tilon": "Q108894589", "Sylvie Dupont": "Q115161758", "Bego\u00f1a Muruaga Laca": "Q125523565", "Silvia Filler": "Q2825881", "Lilia Solano": "Q5976342", "Marisela Ortiz": "Q5999315", "Rudo Chigudu": "Q19509098", "Nelly Antonia Velandia": "Q28705959", "Elisabeta Moldovan": "Q47436334", "Letty Marie Scott": "Q105753096", "Carolyn Downs": "Q115122437", "Nina Sankari": "Q65174334", "Mar\u00eda Pazos": "Q28501874", "Carme Simon i Adroher": "Q104906215", "F\u00e1tima Oliveira": "Q115328658", "Jadwiga Czartoryska": "Q88589252", "Liora Minka": "Q6613537", "Vicki Bernadet Rius": "Q117404910", "Conxita S\u00e1nchez Medina": "Q124614376", "Mar\u00eda Isabel Encerrado Trevi\u00f1o": "Q30099209", "Oliva Arauna": "Q96624760", "Susan Weiss": "Q55649308", "Biserka Marolt Meden": "Q98148545", "Silvestra Chn\u00e1pkov\u00e1": "Q44100572", "Maha Nassar": "Q28856685", "Cornelia Nath": "Q102699", "Barbara Blaine": "Q65964194", "Yael Gvirtz": "Q27990410", "Cristina Gazzera": "Q3697533", "Tsering Jampa": "Q16269378", "Ilana Shazor": "Q27020136", "Justa Montero Corominas": "Q27967503", "Binta Jammeh-Sidibe": "Q28840046", "Pnina Motzafi-Haller": "Q16341549", "Nagy Em\u00edlia": "Q116821536", "Nursyahbani Katjasungkana": "Q16744670", "Sacramento Burgos": "Q61314750", "Anna Amsterdamska": "Q115485191", "\u05d1\u05d9\u05dc\u05d9 \u05de\u05d5\u05e1\u05e7\u05d5\u05e0\u05d4-\u05dc\u05e8\u05de\u05df": "Q6769018", "Rosalinda Avila Selvas": "Q60967267", "Eman Ahmad Jam\u00e1s": "Q94004247", "Folt\u00e1nyi Zsuzsa": "Q116944536", "Aura Dalia Caicedo Valencia": "Q123492479", "Theresa Elloie": "Q95887431", "Amanda Brown": "Q124527002", "Kimberlee Wood Colby": "Q117670374", "Mireya Garc\u00eda": "Q55265565", "F\u00e9licienne Lusamba Villoz-Muamba": "Q107099152", "Dominique Bayle": "Q33202415", "S\u00e9ta Papazian": "Q110751301", "Sophie McCormick": "Q76284202", "Neta Ziv": "Q7008039", "Kate Durham": "Q21582167", "Esther Fouchier": "Q69676026", "Valerie Caris Blitz": "Q86634183", "Rosa Garc\u00eda Alc\u00f3n": "Q123530628", "Magda Bellotti": "Q58338894", "Miriam Tifre": "Q123476895", "Nellys Palomo": "Q20994949", "Cindy Sage": "Q61857059", "Farida Ahmadi": "Q55184066", "Mall Hellam": "Q12369597", "Tamar Berger": "Q12412117", "Mar\u00eda Susana Brocca": "Q30902938", "Lidia Lempart": "Q101165347", "Daphna Golan-Agnon": "Q6990183", "Pascale Vandegeerde": "Q22955315", "\u05e8\u05d5\u05ea \u05d2\u05d5\u05e4\u05e8": "Q27020047", "Juana Ruiz S\u00e1nchez": "Q106627371", "Nancy Davis": "Q117031642", "Anne Singleton": "Q118725787", "Leila Rhiwi": "Q50364863", "F\u00e1tima Anllo Vento": "Q55767808", "Ewa Sufin-Jacquemart": "Q113653317", "Anne Bert": "Q16916380", "Nurul Almy Hafild": "Q107584187", "Catalina P\u00e9rez Osorio": "Q105341488", "Bracha Zisser": "Q6763870", "Mansoureh Shojaee": "Q6751868", "Consuelo Garc\u00eda del Cid Guerra": "Q49159993", "Silvia Suppo": "Q16631866", "Irene Hern\u00e1ndez de Jes\u00fas": "Q106388899", "Paola Staccioli": "Q3893630", "L\u00facia Xavier": "Q55223038", "Reet Tobre": "Q125473564", "Lili\u00e1n Abracinskas": "Q22977441", "Jana Yngland Hru\u0161kov\u00e1": "Q22303295", "Wanda de Kanter": "Q60475997", "Gitti Vasicek": "Q62034722", "Silvia Noem\u00ed Balbuena": "Q115524522", "Valentina Sofokleous": "Q56648494", "Carme Mart\u00ednez Ruzafa": "Q94695915", "Esther Balboa Bustamante": "Q109540076", "Consuelo Ord\u00f3\u00f1ez": "Q16735456", "Ibtisam Mahamid": "Q6787613", "Dina Comisarenco": "Q23907163", "Saadia Mosbah": "Q64020462", "Fadimata Walet Oumar": "Q73127496", "Mar\u00eda de los \u00c1ngeles Gallardo Borrega": "Q94700330", "Lilyana Kovatcheva": "Q108122447", "Sandra Barrilaro": "Q111018060", "Isabel Rojas Castroverde": "Q111095688", "Rafaela Pimentel": "Q111335900", "Siri Kvalheim": "Q111664163", "\u00c1ngeles Parra Garc\u00eda": "Q125875499", "Emel Zeynelabidin": "Q1335302", "Maricusa Ornes": "Q65165773", "Tatsiana Vanina": "Q9353997", "Orly Binyamin": "Q12403627", "Myroslava Drohomyretska": "Q16930539", "Silvia Nunez": "Q110738163", "Meital Lehavi": "Q6991305", "Hadar Namir": "Q7053211", "Rika Kayama": "Q11667235", "Olga Vil\u00edmkov\u00e1": "Q24258107", "Maki Hacham Neeman": "Q56810842", "Christine Mahy": "Q124912711", "Elisabetta Campus": "Q102071972", "Mary Porto Casas": "Q23548775", "Ramona Maneiro Castro": "Q6099323", "Lalla Weiss": "Q19471855", "Sonia F\u00e9lix Cherit": "Q23907156", "Pilar Rodr\u00edguez Aranda": "Q24938659", "Tanja Ineke": "Q25926060", "Chus Tudelilla": "Q96623924", "Mariola Wo\u0142ochowicz": "Q111582831", "Outi Papamarcos": "Q111223260", "Orit Kamir": "Q12403625", "Chusnul Mar'iyah": "Q97208082", "Sandra Moniaga": "Q110256061", "Elena Centeno Garc\u00eda": "Q117310327", "Patsy Heymans": "Q14052793", "Asun Matilla Garzon": "Q105778116", "Montserrat Maci\u00e0 i Gou": "Q57358182", "Sofia Neuparth": "Q96183787", "Ruqayya al-Mhareb": "Q101229041", "Tieneke Sumter": "Q121470720", "Jackie Roberts": "Q122802198", "Janice Deul": "Q104185372", "Miriam Gomes": "Q116309870", "Miriam Victoria Gomes Lima": "Q123486016", "Judit Ribas Dur\u00f3": "Q106469531", "Nata\u0161a Suki\u010d": "Q54557559", "Patricia M\u00f3nica P\u00e9rez": "Q111424993", "Purificaci\u00f3 Canals i Vent\u00edn": "Q87533816", "Nani Zulminarni": "Q97307180", "Nancy Brooks Brody": "Q123786910", "Luciana Chinaglia Quint\u00e3o": "Q109787653", "\u0639\u0637\u0627\u0641 \u0639\u0644\u064a\u0627\u0646": "Q125484193", "Lilian Soto": "Q51063049", "Delia Escudilla": "Q110160247", "Violeta Barrientos": "Q96625466", "Zubeida Vallie": "Q108332280", "Merete Nesset Andersson": "Q17057388", "Tumuheirwe Florence": "Q118347778", "Evita Leskov\u0161ek": "Q104640503", "Monique Giroud": "Q98795383", "Anabel Sanz": "Q114683151", "Marie-France Giovannangeli": "Q123046854", "Rose Marie Berger": "Q97014275", "Dorcelina Folador": "Q59288092", "Miloslava Po\u0161v\u00e1\u0159ov\u00e1": "Q17166560", "Heli Lints": "Q20528708", "Gali Bat Horin": "Q65972166", "Ma\u0142gorzata Go\u015bniowska-Kola": "Q60837636", "Mikhal \u1e24amo-Lo\u1e6dem": "Q7045701", "Tjitske Veldkamp": "Q40857405", "Loreto Cabo": "Q107295934", "Elena Moncada": "Q110420588", "Phuong M. Do": "Q110628885", "Mariuma Klein": "Q111488125", "Nandita Sharma": "Q114401602", "Martine Roy": "Q115407251", "Mary Sandra Chagas Techera": "Q123492523", "Antje Grothus": "Q56887363", "Laura Bugalho": "Q12391630", "Marina Patricia Jim\u00e9nez Ram\u00edrez": "Q111021951", "Reem Younis": "Q29082457", "Isabel-Helena Mart\u00ed": "Q30005743", "Almaz B\u00f6hm": "Q2649632", "Pilar Heredia Iglesias": "Q117456307", "Juana Ferrer": "Q87373167", "Noya Rimalt": "Q12409768", "Mar\u00eda Beatriz Aniceto Pardo": "Q23664103", "Katia Tirado": "Q28924608", "Yolanda Rodr\u00edguez Mart\u00ednez": "Q56190133", "Irma Alicia Vel\u00e1squez Nimatuj": "Q102253398", "Pilar Mendibil": "Q105570932", "Gabriele Zekina": "Q117220276", "Cristina Gallo": "Q5791453", "Maca\u00e9 Evaristo": "Q115481937", "Jana Zwyrtek Hamplov\u00e1": "Q12023412", "Haydee Lidia Quispe Contreras": "Q5892987", "Mar\u00eda del Carmen Consolaci\u00f3n": "Q85874438", "Vicenta Siosi": "Q109673191", "Elisa Kasali": "Q19751737", "Ana Bolena Meza Austin": "Q20013090", "Paulina Arpasi": "Q62716141", "Paloma Escudero": "Q42862078", "Laura Masvidal": "Q58484308", "Gracia Regojo Bacard\u00ed": "Q59258162", "Cecilia Heyder": "Q110875075", "Ellen De Soete": "Q117794463", "Gloria Zuazola": "Q124254037", "Francisca das Chagas da Trindade": "Q10284535", "Jane Heenan": "Q116927511", "Alexandra Sime\u00e3o": "Q98834075", "Mar Mas": "Q99527338", "Najat Anwar": "Q20109696", "Marta G\u00f3mez Lahoz": "Q62023196", "Andrea D'Atri": "Q87669226", "Ay\u015fe T\u00fckr\u00fck\u00e7\u00fc": "Q118876433", "Tsitsi Tiripano": "Q129709071", "Ann De Greef": "Q15616390", "Mare Tralla": "Q29420420", "Dagmar Doubravov\u00e1": "Q107349581", "Dorelis Echeto": "Q112781545", "Ronit Dror": "Q81968201", "Yael Lerer": "Q118212295", "Galia Wolloch": "Q28530204", "Cecilia Pando": "Q5759825", "Raquel Padilla Ramos": "Q55844000", "Cati Rodr\u00edguez Morcillo": "Q52285056", "Johanna Weber": "Q106151576", "Mar\u00eda Clemencia Herrera Nemerayema": "Q112042697", "Kerstin Rudek": "Q1739695", "Pavla Tich\u00e1": "Q50377139", "Segundina Flores": "Q101982442", "Filomena Gallo": "Q78046291", "Patricia Troncoso": "Q6066608", "Dodie Whitaker": "Q113587309", "Juana Fern\u00e1ndez Cort\u00e9s": "Q117794263", "Elena Shukaeva": "Q65589037", "Ewa \u0141ow\u017cy\u0142": "Q102077612", "Paola De Gobbi": "Q60458827", "Szilvia S. K\u00e1llai": "Q33254030", "Danyse Soester": "Q65119436", "Rosa Mesa": "Q106226905", "Behar Heinemann": "Q100993958", "Isabella Ceola": "Q112604172", "Giovanna Mulas": "Q104599867", "Bertha Vejarano Congo": "Q125206489", "Nursi Arsyirawati": "Q18421373", "Alexandra Henrion Caude": "Q29982243", "Einat Fishbain": "Q12410304", "M\u00f3nica Carabias": "Q96624446", "Yofi Tirosh": "Q12408047", "Mar\u00eda Eva Argentina S\u00e1nchez": "Q65166181", "Clara Carvajal": "Q85866567", "Juana Perea Plata": "Q104442311", "Katalin T\u00f6rley": "Q124471528", "Areli Carre\u00f3n": "Q126788722", "Eva Truuverk": "Q12362469", "Zara Fern\u00e1ndez de Moya": "Q96624759", "Nina Zacher": "Q54474654", "Isabelle Jane Foulkes": "Q127268802", "Beatriz Busaniche": "Q97159345", "Iosune Cousillas Aramendi": "Q118847682", "Maris Hellrand": "Q97215819", "Asmaa Aouattah": "Q90297154", "Nathalie Joignant": "Q115156953", "Katrine Hoop": "Q98439866", "\u05ea\u05de\u05d9 \u05d1\u05d9\u05d8\u05d5\u05df": "Q12412112", "Anne van Schaik": "Q28102963", "Elena Pe\u010dari\u010d": "Q65681287", "Jana Simanovska": "Q115204913", "Victoria Guerrero Peirano": "Q96482656", "Yeni Fatmawati": "Q97193039", "Susanne Holzgraefe": "Q100246814", "Desak Made Hugeshia Dewi": "Q13092677", "Soledad Arnau": "Q109423465", "Merav Alush Levron": "Q19200914", "Nuria Coronado Sope\u00f1a": "Q97625125", "Mar\u00eda Gabriela \u201cMaga\u201d P\u00e9rez": "Q123479065", "Gemma Tarafa": "Q64526424", "Carmen Tar\u00edn B\u00e9jar": "Q30903020", "Dina Dayan": "Q107534263", "Marcela Aranda": "Q111135957", "Master Ra'al Ki Victorieux": "Q112223337", "Irani Aparecida Dias": "Q109780296", "Karelle M\u00e9nine": "Q3193088", "Alejandra P\u00e9rez N\u00fa\u00f1ez": "Q58980387", "Susanne Dagen": "Q60486984", "Yukiko Miki": "Q115347131", "Assumpta Aierdi": "Q117254861", "Stacy Malone": "Q129652095", "Anneli Ohvril": "Q17447036", "Chiara Tornaghi": "Q60026535", "Petra Sovov\u00e1": "Q82959530", "Maria Gil": "Q87181302", "Erika Montecinos": "Q101227603", "\u05d9\u05e4\u05e2\u05ea \u05e1\u05d5\u05dc\u05dc": "Q7036668", "\u05e0\u05e2\u05de\u05d4 \u05d2\u05d5\u05dc\u05d3\u05d1\u05e8\u05d2": "Q113204965", "Fab\u00edola Cardoso": "Q106407692", "Esther G\u00f3mez Morante": "Q56164688", "Karina N\u00fa\u00f1ez": "Q90565213", "Delphine Lalu": "Q102427480", "\u0631\u0627\u0646\u064a\u0627 \u0627\u0644\u0633\u0639\u062f": "Q107274217", "Sema G\u00fcr": "Q108544519", "Cecilia Flores": "Q111194517", "Josebe Blanco": "Q115382917", "Fortunata Medina Pinedo": "Q115524635", "Isabel Chac\u00f3n": "Q118369409", "Claudia Uruchurtu Cruz": "Q115823398", "Marina Damestoy": "Q20666477", "Carolina Larriera": "Q9697660", "Maia Ramnath": "Q85337351", "Mich\u00e8le Ndoki": "Q32147688", "Tali Nir": "Q12407701", "Pella Thiel": "Q112515728", "Samina Luthfa": "Q128246997", "Maie Aav": "Q12369511", "Yga Kostrzewa": "Q9383443", "Terri Sue Webb": "Q7703632", "Nicole Evans": "Q58916142", "Marina Bernad\u00f3": "Q77980591", "Isabel Gonz\u00e1lez": "Q107370824", "Kaliyem": "Q56640219", "Chirley Pankar\u00e1": "Q114422073", "Tamara Muruetagoiena Hormaza": "Q116995932", "Vered Cohen-Barzilay": "Q30015479", "Cristina Cruz Cruz": "Q61894013", "Anne Coffinier": "Q28343382", "Solveig Halloin": "Q64373661", "S\u00e9verine Tessier": "Q3511477", "Miharu Kaneko": "Q56347717", "Carolina Pulido": "Q64708109", "Rosa Pomar": "Q96184827", "Mia Takula": "Q99937906", "Isela Xospa": "Q111108584", "Daniela Brodesser": "Q116453557", "Manijeh Moradian": "Q116681063", "Ana Dalila G\u00f3mez Baos": "Q117711653", "\u05d0\u05d9\u05dc\u05d0\u05d9\u05dc \u05e6\u05d9\u05df": "Q27972287", "Barbara Rajgelj": "Q65318142", "Eug\u00e8nia Pascual Puig": "Q61456063", "Ver\u00f3nica Terrazas Aragonez": "Q29122447", "Triinu Laan": "Q107496476", "Mare M\u00e4tas": "Q61110438", "Farah Hached": "Q18214865", "Faiza Khan": "Q5431345", "Nela Liskov\u00e1": "Q91865481", "Maggie McGuane": "Q121306092", "Petra R\u00e9dov\u00e1 Fajmonov\u00e1": "Q113502783", "Val\u00e9rie Rey-Robert": "Q62128038", "F\u00e0tima Taleb": "Q20876730", "Margalida Ramis": "Q37438600", "Hagit Keysar": "Q63848014", "Irantzu Mendia Azkue": "Q104591464", "Minerva Valenzuela": "Q105798611", "Estelina L\u00f3pez G\u00f3mez": "Q112107170", "H\u1ed3ng-\u00c2n Tr\u01b0\u01a1ng": "Q107436982", "Tunggal Pawestri": "Q111214967", "Atlantide Desrochers": "Q105698040", "Arelis Uriana": "Q110101974", "Heidi Goes": "Q12348761", "Hille Hanso": "Q17446920", "Martine Yabr\u00e9": "Q113633328", "Silvia Albert Sopale": "Q71149002", "Elisabeth Scheller": "Q61079042", "Katja Kobolt": "Q65925159", "Soledad C\u00f3rdoba": "Q85877860", "Izaskun Arriaran": "Q92080214", "Joana Garcia Grenzner": "Q97733059", "Laia Serra i Perell\u00f3": "Q98137723", "\u0645\u0646\u0649 \u0635\u0641\u0648\u0627\u0646": "Q109255995", "Rosemary Sadlier": "Q111155152", "Katar\u00edna Jire\u0161ov\u00e1": "Q112421873", "Zoe Gudovi\u0107": "Q114048764", "Marcia A. Santacruz Palacios": "Q116365324", "Tereza St\u00f6ckelov\u00e1": "Q12058711", "Riham El Hour": "Q27977879", "\u00c9nia Lipanga": "Q85879591", "Zaziwe Manaway": "Q116940553", "Nega Gizza": "Q10335972", "Renen Mosinzon": "Q25490196", "Claire Aur\u00e9lie Veraquin": "Q107465237", "Simone Karipuna": "Q116447860", "Shani Evenstein Sigalov": "Q55396255", "Adoraci\u00f3n Guam\u00e1n Hern\u00e1ndez": "Q93415264", "Esty Shushan": "Q22668131", "Katia Reimberg": "Q107305188", "Shamita Naidoo": "Q7487577", "Aur\u00e9lie Salvaire": "Q19608752", "Noelia Bail": "Q56720530", "Shaynna Pidori": "Q106514813", "Zehra Kulaks\u0131z": "Q111108195", "Fatouma Harber": "Q115218142", "Tja\u0161a Kancler": "Q118829738", "Isidora Randjelovi\u0107": "Q128759978", "Gisela Wild": "Q54823858", "Maris Leemets": "Q128977523", "Sabrina Pace-Humphreys": "Q123992479", "Fatimetu Salec Mohamed": "Q123201864", "\u00c9lodie Vieille Blanchard": "Q69848336", "Fatima Doubakil": "Q84852578", "Lian Gogali": "Q28485101", "Sayaka Fern\u00e1ndez D\u00edaz": "Q119951766", "Amaia Goirigolzarri Alegria": "Q121322629", "Faila Pa\u0161i\u0107 Bi\u0161i\u0107": "Q106952411", "Mar\u00eda Salguero Ba\u00f1uelos": "Q58226910", "Giorgia Prates": "Q117663186", "Sonia Madrigal": "Q62479326", "Iti Aavik": "Q122948210", "Davina Veronica": "Q7325665", "Garazi Hach Embarek": "Q68639095", "Valeryja \u010carnamorcava": "Q128630644", "Simona Geren\u010der": "Q107185120", "Desir\u00e9e Bela-Lobedde": "Q50390161", "\u0422\u0430\u0446\u0446\u044f\u043d\u0430 \u041b\u0430\u0441\u0456\u0446\u0430": "Q111338132", "Francesca Brivio": "Q63089613", "Irune Costumero": "Q107282686", "Judith Rothe": "Q22137059", "Doris Valenzuela": "Q52082328", "Aurora Jhardi": "Q110261433", "Lili Ben-Ami": "Q110488510", "Anne Tercier": "Q129487021", "Ur\u0161ka Sterle": "Q124662686", "Airi Tooming": "Q16407206", "Sophie Tissier": "Q112876042", "Nasim Najafi Aghdam": "Q51380223", "Sara Codina Alsina": "Q123249508", "Elisa Rojas": "Q104217906", "Graziela Kunsch": "Q28769457", "Hiromi Akaboshi": "Q79810367", "Inga Grigoriu": "Q106413410", "Ida Asplund": "Q4936806", "Nicole Chantal de Weever": "Q123488665", "Yolanda Oquel\u00ed": "Q18586374", "Daria Marx": "Q56320483", "Wendy Pineda": "Q97595822", "Zenzele Hirschfeld": "Q113662748", "Linda Porn": "Q123336783", "Marina Vargas": "Q96082513", "Anneleen Kenis": "Q106595545", "Svitlana Bodnar": "Q112241302", "Melissa Bruntlett": "Q104643434", "Caroline Roger-Moigneu": "Q117046412", "Michelle Avanti": "Q20088811", "Ratna Indah Kurniawati": "Q20156021", "Ati Quigua": "Q28973635", "Yenny Sucipto": "Q85840024", "Vanesa Segura Gait\u00e1n": "Q29254009", "Jessica Echeverr\u00eda": "Q93455387", "Ivonne Ram\u00edrez Ram\u00edrez": "Q62479316", "Ur\u0161a Zgojznik": "Q111248814", "Caroline De Haas": "Q2939987", "Noa Maiman": "Q16130454", "Evgenia Kara-Murza": "Q117831649", "Arzu Baghirova": "Q115203841", "Rosana Antol\u00ed": "Q24967262", "Tami Monroe Canal": "Q30005015", "Lurdes Quintero i Gallego": "Q105358524", "Jillian Weise": "Q106772893", "Zarlasht Halaimzai": "Q110028598", "Cristine Taku\u00e1": "Q116957018", "Wasan Abu Baker": "Q128213500", "Lourdes Pastor": "Q28789969", "\u00c2ngela Guimar\u00e3es": "Q123155134", "Olga Galkina": "Q125021178", "Sharmaine Lovegrove": "Q123524700", "Maia-Liisa Anton": "Q124305937", "Leyla Bilge": "Q51292526", "\u05e8\u05d5\u05ea \u05e7\u05d5\u05dc\u05d9\u05d0\u05df": "Q28940375", "Wafa Khalifa": "Q60605627", "Riina Raudne": "Q29420336", "Daiara Tukano": "Q106581266", "Betiel Berhe": "Q117707878", "Joanna Najfeld": "Q11727471", "Anna Zeven": "Q106075953", "Petra Hrovatin": "Q124613943", "Laia Sabater D\u00edaz": "Q42907451", "\u0412\u043e\u043b\u044c\u0433\u0430 \u0410\u043b\u044f\u043a\u0441\u0430\u043d\u0434\u0440\u0430\u045e\u043d\u0430 \u041a\u043b\u0430\u0441\u043a\u043e\u045e\u0441\u043a\u0430\u044f": "Q111438022", "Ezada Sinn": "Q115485001", "Aet Kuusik": "Q114719448", "Maryan Abdulkarim": "Q23040387", "Michal Gera Margaliot": "Q95142027", "Debby Burssens": "Q126537552", "Johana Baham\u00f3n": "Q6453073", "Jhoana Pati\u00f1o": "Q100782152", "Romina Fasulo": "Q97398053", "Yael Sherer": "Q12408150", "Maya Vishwakarma": "Q63997948", "Magda Rubenfeld Koralewska": "Q123412179", "Irma Galindo Barrios": "Q109837779", "Nat\u00e0lia S\u00e0nchez i Dipp": "Q43963838", "Heidi Moses": "Q65034909", "Helen Hester": "Q66086083", "Ania Karpowicz": "Q105085394", "Alija Turlaja": "Q105748520", "Homa Arkani": "Q109615831", "Mireia Bazaga Laporta": "Q122098483", "Alejandra Salmer\u00f3n Ntutumu": "Q124718822", "Edith L\u00f3pez Ovalle": "Q29419528", "Makamssa Yago": "Q113039200", "Laura Gehlhaar": "Q29483824", "Volha Sitnik": "Q53774093", "C\u00e9line Alvarez": "Q27962054", "Blandine Tona": "Q111905306", "Cindy Leoni": "Q2972741", "Yuli Berrio": "Q108389924", "Sara Haetzni-Cohen": "Q25497054", "Jack Rocha": "Q114618227", "Claire Serre Combe": "Q28522609", "Macarena Vald\u00e9s": "Q69684985", "Suvi Auvinen": "Q23040410", "Cerrucha": "Q96624418", "Rebecca Lane": "Q108387543", "Tatiana Romero Reina": "Q123005518", "Julienne Morisseau": "Q128397873", "Shaimaa Sabagh": "Q18918574", "Preta Ferreira": "Q105626767", "Achol Jok Mach": "Q61483351", "Anne-C\u00e9cile Mailfert": "Q47091266", "Lisa Mar\u00eda S\u00e1nchez": "Q50379694", "Isabel Amor": "Q110038089", "Norma Ibarra": "Q123228009", "Kristel Ranna\u00e4\u00e4re": "Q99539910", "Triinu Ossinovski": "Q111470525", "Tathi Piancastelli": "Q97161674", "Lovette Jallow": "Q66816432", "Irma Krat": "Q129980489", "Shir Nosatzki": "Q106626135", "Olinda Salguero": "Q7086927", "Franciska Farkas": "Q51194929", "Iselin Shumba": "Q78461350", "Daniela Ortiz": "Q11916595", "Montserrat Ventur\u00f3s i Villalba": "Q24451461", "N\u00faria Gibert i Dasca": "Q56377850", "Yvette Luhrs": "Q59236750", "Dahlia De La Cerda": "Q105947478", "Tsitsina Xavante": "Q106205613", "Zua M\u00e9ndez": "Q108430088", "Edna Bonhomme": "Q110233241", "Aicha Dabre": "Q115780545", "Artemisa Semedo": "Q115903416", "C\u00e1rmen Roc\u00edo Angola Campos": "Q116679975", "Albanella Ch\u00e1vez": "Q116822156", "Carla Alsina Muro": "Q122096088", "Julija Sporysch": "Q124728655", "Rita Pinheiro": "Q125474880", "Adriana Lizcano": "Q127604397", "Olga Joklov\u00e1": "Q105064023", "Valentina Doniez": "Q119825975", "Walentyna Sytnicka": "Q9370402", "Valentina Rosendo Cant\u00fa": "Q110374065", "Marii V\u00e4ljataga": "Q121484161", "Patricia Daniela Victoria Gomes": "Q123485990", "Fran Boait": "Q67499213", "Alexa Cruz": "Q19921027", "Fatoumata Lamarana Bah": "Q111535240", "Fari\u0161tamo Eller": "Q125823866", "Adrienn Sz\u00e9les": "Q47506646", "Esther Kelechi Agbarakwe": "Q69529142", "Asaari Bibang": "Q106943990", "Busola Dakolo": "Q94577239", "Kate\u0159ina \u010cechov\u00e1": "Q113360521", "Hanna Poddig": "Q1575731", "La Bala Rodr\u00edguez": "Q24594812", "Maria Rod\u00f3 de Z\u00e1rate": "Q98125691", "Sandra Xinico Batz": "Q108387453", "Teresa Lozano": "Q108430126", "Farida Charity": "Q111300617", "Lynn Moore": "Q111844845", "Lydia Wylie-Kellermann": "Q110891830", "Marju Vesik": "Q97645310", "Christa Holmans": "Q51594494", "Barbara J\u0119drzejczyk": "Q107626668", "Miren Meabe Carro": "Q120011303", "Maisha Neus": "Q86601809", "Kat\u00fa Mirim": "Q97187300", "Eva Johansone": "Q51397031", "Liz Ricketts": "Q110279944", "B\u00e9r\u00e9nice Hebenstreit": "Q61368221", "Marta Cill\u00e1n": "Q108419144", "Mar\u00eda Florencia Freijo": "Q110160379", "Yese\u00f1a Guam\u00e1ni": "Q113125597", "Alondra Berber Mijangos": "Q112476126", "Dora Moutot": "Q109997644", "Emily Laquer": "Q95844543", "Kali Sudhra": "Q98381921", "Saskia Ni\u00f1o de Rivera": "Q115924076", "Guadalupe V\u00e1zquez Luna": "Q61822912", "Maya Jurac\u00e1n": "Q116833420", "Phuthita Chai-anan": "Q126658385", "Lucie Bittalov\u00e1": "Q21522363", "Ga\u00eblle Bien-Aim\u00e9": "Q114612903", "Triin Toomesaar": "Q97217334", "Shima'a Helmy": "Q57317192", "Winnie Bueno": "Q106350774", "Mitsuki Miharu": "Q117716110", "Goundo Diawara": "Q122802920", "Nazl\u0131 Demet Uyan\u0131k": "Q123403616", "Mirna Lorena Barra Barra": "Q123492601", "Mar\u00eda Jos\u00e9 Cumplido": "Q124034434", "Zane P\u016bpola": "Q115522288", "\u0410\u043d\u0442\u0430\u043d\u0456\u043d\u0430 \u0421\u044f\u0440\u0433\u0435\u0435\u045e\u043d\u0430 \u041a\u0430\u043d\u0430\u0432\u0430\u043b\u0430\u0432\u0430": "Q111369263", "Dasha Rostova": "Q20666484", "Kanyon Sayers-Roods": "Q113167254", "Est\u00e9fany Grajales": "Q62847274", "Itzel Arcos": "Q88012694", "Josefin Ekermann": "Q125911353", "Maria Kristine Sture": "Q12716736", "Daria Kaszubowska": "Q124737460", "\u00c9milie Guimond-B\u00e9langer": "Q3052299", "Iana Chan": "Q75239381", "Katia Luc\u00eda Gilvonio Condezo": "Q66724829", "Ndoni Mcunu": "Q55186842", "Fatoumata Diallo": "Q111520113", "Kristina Lunz": "Q58739131", "Melisa Dom\u00ednguez Ruiz": "Q60556766", "Sandra Norak": "Q79322670", "Luana G\u00e9not": "Q90899464", "Hayat Traspas Ismail": "Q109331009", "Raquel Rosario S\u00e1nchez": "Q110160338", "Missy Knott": "Q123521091", "Anju Ishiyama": "Q87866051", "Mirrianne Mahn": "Q116817901", "Yasmeen Abu-Fraiha\u200e\u200f": "Q28827993", "Rajae Bezzaz": "Q48838453", "Aminata Pilimini Diallo": "Q87817423", "Kati N\u00f5lvak": "Q126964139", "Allie Redhorse Young": "Q102438843", "Alicia Amira": "Q98433004", "Jess Davidson": "Q52747031", "Giorgia Linardi": "Q63364053", "Casey Camp-Horinek": "Q80107310", "Luc\u00eda C\u00e1mpora": "Q93984092", "Lucia Ixch\u00edu": "Q106710519", "Claire Thoury": "Q117379176", "Marcela Fern\u00e1ndez": "Q123509699", "Niamh N\u00ed Mhaoileoin": "Q124453053", "Jan\u00edn Garc\u00edn": "Q125117697", "Mar\u00eda Fernanda Carrascal": "Q125566086", "Quit\u00e9ria Guirengane": "Q111737156", "Anna Levchenko": "Q104177131", "Sara Barros Leit\u00e3o": "Q10368383", "Johanna Nejedlov\u00e1": "Q111134649", "Maja Sta\u015bko": "Q107062020", "Alex Freiheit": "Q109646729", "Daniela Hernandez Razo": "Q60809269", "Jennifer Klauninger": "Q99194414", "Selma Selman": "Q106347723", "Juma Xipaia": "Q110109252", "Maria Edgarda Marcucci": "Q112926173", "Doris Tulifau": "Q125885569", "Edni L\u00f3pez": "Q128791029", "Maria Vittoria Cusumano": "Q91690467", "Sahar Shirzad": "Q124260617", "G\u00e9nesis D\u00e1vila": "Q124980890", "Afropoderossa": "Q123745881", "Asmaou Barry": "Q111666224", "Em Hilton": "Q124818047", "Anna Saliente": "Q61414361", "Mar\u00eda Riot": "Q74683349", "Holly Warland": "Q81215462", "Olivia Maurel": "Q125450118", "Sara Gim\u00e9nez": "Q108419169", "Radia Bakkouch": "Q111017847", "Julie Steendam": "Q111290596", "Sieta van Horck": "Q125746580", "Mariana Torquato": "Q99857316", "Maria Antonia Rodrigues Gigliotti": "Q109779994", "Ericka \u00d1anco": "Q111373435", "Carina Paju": "Q116940489", "Elena Larrea Zepeda Carranza": "Q125028811", "Laura Brennan": "Q112239758", "Lara Alc\u00e1zar": "Q13860389", "Justyna Orchowska": "Q112876717", "Fatoumata Diaraye Bah": "Q118591744", "Jana Shostak": "Q85862765", "Kristina Klosov\u00e1": "Q110994417", "Nika Kova\u010d": "Q96575712", "Febfi Setyawati": "Q102292439", "Tinslee Reagan": "Q20656632", "Yakiri Rubio": "Q20747053", "Gloria Sengha Panda Shala": "Q102183138", "Ellen Miles": "Q125584726", "Anna G\u00fcmplov\u00e1": "Q84042235", "Jacey Firth-Hagen": "Q104704535", "Marina Testino": "Q107095972", "Helen Fares": "Q125401274", "Melinda Decker": "Q125570154", "Megan McClay": "Q124439438", "Gustika Fardani Jusuf": "Q23011634", "Shannen Koostachin": "Q107718517", "Luc\u00eda Beltr\u00e1n Ch\u00e1varro": "Q123686433", "Mahamedhaa Nagar": "Q27949758", "Sina Reisch": "Q95141982", "Susanna Veevo": "Q116619554", "Balkissa Chaibou": "Q42306806", "Shima Babaei": "Q98244234", "Ma\u00eft\u00e9e Labrecque-Saganash": "Q102407100", "Sophie Jones": "Q109768342", "Ayano Sakurai": "Q123004166", "Nuna": "Q123116177", "Za\u00efre Krieger": "Q124603529", "Mariann Fil\u00f3": "Q125999096", "Andrea Voldum": "Q45538553", "Amalie Have": "Q52674062", "Shaaba Lotun-Raines": "Q112960784", "Estefan\u00eda Ruiz Molina": "Q111534819", "Petra Laiti": "Q61934599", "Aija Mayrock": "Q70583031", "Halimatou Diallo": "Q108891943", "Marie Laguerre": "Q58917571", "Maria Katasonova": "Q61113403", "In\u00eas Mour\u00e3o": "Q89115911", "Noelia Cort\u00e9s": "Q117711549", "Nancy Herz": "Q109860636", "Tsamara Amany Alatas": "Q49253199", "Eudia Isabelle": "Q117474108", "Andrea Zapata Alfonso": "Q94695816", "Maliha Abidi": "Q122206963", "Elin Ersson": "Q55788701", "Nargis Taraki": "Q58919922", "Tonycha Pires": "Q64865843", "Salma Belhassine": "Q105957913", "Chelsi Shikongo": "Q107473361", "Roya Piraei": "Q115650116", "Alice Cordier": "Q120073678", "Clara Bafaluy Avenoza": "Q125458799", "Sadya Tour\u00e9": "Q113553936", "Anette M\u00e4letj\u00e4rv": "Q129628804", "Leonie Bremer": "Q100417494", "Anisa Bek Derna": "Q117330103", "Brenda Biya": "Q96238301", "Shakiro": "Q113867078", "Michaela Kennedy-Cuomo": "Q104127116", "Chanceline Mevowanou": "Q123362214", "Chantal Bamgbala": "Q113884308", "Hanna Veiler": "Q118727291", "\u80fd\u689d\u6843\u5b50": "Q124479867", "Carla Reemtsma": "Q62567006", "L\u00e9na Lazare": "Q115627216", "Margherita Barbieri": "Q113384692", "Imane Ouelhadj": "Q113528107", "Victoria Puglia": "Q110227747", "Anna Recasens": "Q124657546", "Frances Hui": "Q65058253", "Lady Lola Crichton-Stuart": "Q75521810", "Alberte Bekkhus": "Q97196794", "Sonia Alm\u00e1nzar Acosta": "Q6132208", "Vilma Delinda Sesarego de Guti\u00e9rrez": "Q6163091", "Carme Sureda i Bosch": "Q11912508", "Juncal Durand": "Q20890093", "Dani\u00e8le Langloys": "Q29015836", "Orfa Boh\u00f3rquez Valencia": "Q30901986", "Kathy McMahon": "Q53710015", "Kika Fumero": "Q63297538", "Jebina Yasmin Islam": "Q115645701", "Saada De'meh": "Q123512643", "Quinndy Akeju": "Q124806074", "J. Rogue": "Q125352761", "Abbey Volcano": "Q125352768", "Jillian Marsh": "Q6193157", "Anne Roth": "Q17521295", "\u05e6\u05d9\u05e4\u05d9 \u05dc\u05d1\u05d9\u05d0": "Q124295118", "Icy Diamond": "Q123150624", "Kadiatou Konat\u00e9": "Q117941373", "Nagore de Arquer": "Q119974965", "\u00c9lisabeth de Saint-Juste": "Q100985820", "Amina Vandenheuvel": "Q126532537", "Darya Navalnaya": "Q107182509", "Arawinda Kirana": "Q108204206", "Herova Del Carmen Olmos P\u00e9rez": "Q104742254", "Amelie Luisa Althaus": "Q107573197", "Theresia Crone": "Q110868175", "Youna Marette": "Q124327116", "Faye Simanjuntak": "Q72456512", "Valentina Mu\u00f1oz": "Q113633568", "Uma Menon": "Q117745481", "Victoria Blair Rhemrev": "Q95560296", "Izabella Nilsson Jarvandi": "Q64821403", "Julieta Mart\u00ednez Oyarz\u00fan": "Q107407337", "Amrit Kaur": "Q125475128", "Xueli Abbing": "Q115223870", "Naomi Izabela": "Q118161194", "Aleida Ruiz Sosa": "Q67000747", "Martina Aixuan Quiles Puig": "Q119998555", "Ignacia Bustamante": "Q125130095", "Sao\u00edrse Ruane": "Q124799458", "Dent de Man": "Q3023305", "Yasmine Modestine": "Q3571927", "Alene Nikolayev": "Q4716138", "Angganitha": "Q5035840", "Donna Norris": "Q5296433", "Ellen Bork": "Q5364764", "Fran\u00e7oise Doherty": "Q5493485", "\u0645\u0647\u062f\u062e\u062a \u0635\u0646\u0639\u062a\u06cc": "Q5947198", "Zhila Shari'at-Panahi": "Q5955131", "\u0645\u0631\u06cc\u0645 \u0628\u0647\u0631\u0645\u0646": "Q5960779", "\u05e6\u05e4\u05d5\u05e8\u05d4 \u05d0\u05d1\u05d5\u05dc\u05e2\u05e4\u05d9\u05d4": "Q6643376", "\u05d7\u05e0\u05d4 \u05d6\u05d4\u05e8": "Q6645860", "Ruti Sinai": "Q7008394", "\u05d9\u05e2\u05dc \u05d4\u05e8\u05d0\u05dc": "Q7068398", "Domitila Ulloa": "Q8561615", "Gao Chunxiang": "Q10566784", "Manda Zand Ervin": "Q10853836", "Lotte Salzberger": "Q12408629", "Miriam Guez-Avigal": "Q12409527", "\u05e2\u05e0\u05ea \u05e7\u05d9\u05e0\u05df": "Q12410413", "Orna Shimoni": "Q16130482", "Aminata Barry Tour\u00e9": "Q16531480", "Esther Gatuma": "Q16635091", "Sophie Thonon": "Q16635728", "\u05e0\u05d5\u05e8\u05d9\u05ea \u05e4\u05dc\u05d2": "Q18192098", "Pilar Uribes": "Q20006322", "Vicenta Pallar\u00e8s i Castell\u00f3": "Q20101412", "Maria Mestre i Montserrat": "Q20876371", "Perola Mourao de Abreu Pereira": "Q22583004", "Annette Heuser": "Q23670515", "Alessandra Orofino": "Q23759674", "Alix Generous": "Q23782666", "Aisha el-Wafi": "Q23809259", "Nat\u00e1lia Mazotte": "Q24054944", "Tikva Levy": "Q25495219", "Corine Fairbanks": "Q27802193", "Margarita Guill\u00e9": "Q28501569", "Debora Maria da Silva": "Q28549441", "\u05e8\u05d7\u05dc \u05d0\u05e8\u05d8\u05d4": "Q28870100", "Rafala Green": "Q28871439", "Ruby Chakravarti": "Q28972805", "Liz Finkelstein": "Q29646650", "\u0645\u0627\u0631\u064a \u0642\u0637\u064a\u0646\u0629": "Q31076479", "Sumani Jhodia": "Q31801345", "Carly Walker-Dawson": "Q32145287", "Nina Brown": "Q33516775", "Melati Wijsen": "Q40757815", "Maira Liguori": "Q41230292", "Naomi Mwaura": "Q41232526", "Ekaterina S. Jordanova": "Q41602380", "Bess Hepworth": "Q42304426", "Fannie Sosa": "Q43388039", "Maria Paz Rodriguez": "Q46791234", "Tanya Coke": "Q46791608", "Malika Asha Sanders": "Q46933928", "Cristiana Luis Francisca": "Q51763514", "Joy Tukahirwa": "Q52340448", "Nikki Mortier": "Q53229397", "Margarita Pineda": "Q53764939", "Karsiah Sie": "Q53828724", "Sumartini": "Q53828734", "Judith Maroy": "Q53843849", "Antonia Alba": "Q54164448", "Galina Korolyova": "Q54502675", "Stephanie Stewart": "Q54553408", "Amal Hadweh": "Q56021739", "Anne Krul": "Q56027157", "Amal Khalifa Habbani": "Q56049909", "Susan Bro": "Q56056722", "Paule Bolo": "Q56085658", "Blanch Maria Davies": "Q56175848", "Kim Eun-ju": "Q56256551", "Am\u00e9lia de Rezende Martins": "Q56261109", "Monique Prada": "Q56352036", "Azeenarh Mohammed": "Q57314999", "Chitra Nagarajan": "Q57315025", "Ruth Daniel": "Q57419002", "Naomi S Tucker": "Q58197632", "Yasmine-Blanche Werder": "Q58227510", "Esther Ortega Arjonilla": "Q58235928", "Xiomara Diaz": "Q58915700", "N\u00faria Guillaumes i Isern": "Q59549444", "Afsana Lachaux": "Q59924849", "Angela Rosa Amaya": "Q60464510", "Samdy Camila Godoy": "Q60464540", "Ahla Akram": "Q60601228", "Julia Alimova": "Q60601850", "Eve Sacks": "Q60601864", "Victoria Gugenheim": "Q60607301", "Sarah Peace": "Q60607852", "Ciara Sherlock": "Q61483367", "Jay Kamara-Fredrick": "Q61685617", "Alba Puig": "Q61741169", "Mariana Valente": "Q61818912", "Ana Cristina Pereira": "Q61913226", "Manorama Khatua": "Q61967589", "Masako Enokimaru": "Q61976289", "Kirsten Fiedler": "Q62025646", "Midori Fujii": "Q62085476", "Eileen O\u2019Connor": "Q62606992", "Alba Mar\u00eda Reyes Vizca\u00edno": "Q63214837", "J\u00falia Tauriny\u00e0": "Q63255994", "Christine Marinoni": "Q63298416", "Alison Kelty": "Q63412794", "Berhan Taye": "Q63609674", "A\u00efda Khemiri": "Q63609700", "Silvia Barquero Nogales": "Q63759289", "Lucy Mbabazi": "Q63832970", "Rukiye Turdush": "Q63852501", "Jonna Bianco": "Q64010170", "Sabin Muzaffar": "Q64030783", "Carla McCombs": "Q64583284", "Jenny Hippocrate-Fixy": "Q65028347", "Amal al-Harbi": "Q65165450", "Josefa Ahumada Camps": "Q65205097", "Susan Frates": "Q65553334", "Chinenye Nzom": "Q65676182", "Lana Zdravkovi\u0107": "Q65924067", "Luzenir Caixeta": "Q66086070", "Satsuki Ina": "Q66446642", "Marion Tiemann": "Q67652567", "Martha Alicia Camacho Loaiza": "Q68378827", "April Dinwoodie": "Q69597277", "Dara Cooper": "Q73073935", "Carine Roos": "Q75237928", "Dominique Lysser": "Q76414063", "Nora Loreto": "Q76909915", "Thais Carla": "Q77506062", "Sande Hart": "Q77751230", "Loveness Mudzuru": "Q78006034", "Ruvimbo Tsopodzi": "Q78006374", "Lisbeth A\u00f1ez Tohmi": "Q79028063", "Rozan Ahmed": "Q79086254", "\u5c0f\u68ee\u7f8e\u767b\u91cc": "Q79731812", "Jane Hartman Adam\u00e9": "Q81883506", "Marie-Marcelle Deschamps": "Q83393035", "Rita Aciro": "Q83613987", "Sarah Lustbader": "Q84052307", "Amina Slaoui": "Q84357969", "Erica Mallery-Blythe": "Q84414337", "Suparjiyem": "Q85994740", "Lul\u00fa Barrera": "Q87118168", "Xaviera Jessurun": "Q87271777", "Rhonda Koch": "Q87338217", "Patrice Gaines": "Q87410214", "Sophie Gosselin": "Q88048727", "Hilary Armstrong": "Q88070980", "Dimitrina Petrova": "Q88193555", "Jolanta Plakwicz": "Q88198820", "Nanda Pok": "Q88200250", "Sarah Carmona": "Q88591836", "Silvia de Jesus Maya": "Q88600292", "Nidal Azhary": "Q88893248", "Tanya O'Callaghan": "Q89352246", "Tali Reiner Brodetzki": "Q89531924", "Leah Doellinger": "Q90532132", "Ramata Dieng": "Q90550648", "Filomena Galdieri": "Q91016993", "Maureen Smith": "Q91372120", "Ana Colja": "Q92904402", "Dorothy Njemanze": "Q93736471", "Chantal Nar\u00e9": "Q93736478", "Mary R Davis": "Q93980564", "Martha Wren Gaines": "Q94704695", "Honor Keeler": "Q94751454", "Joanne Doroshow": "Q95225571", "Maha Abdelhamid": "Q96058334", "Huda Mzioudet": "Q96059887", "Elif Stepman": "Q96074682", "Sara Mitchell Parsons": "Q96146982", "Patricia Payne-White": "Q96147018", "Fanta Konak\u00ea": "Q96195604", "Rae Abileah": "Q96336462", "Danijela Dolenec": "Q96402087", "Marthe Eding Ouandi\u00e9": "Q96464168", "Zyahna Bryant": "Q96581732", "Rosa Maria Orriols i Ramos": "Q96664754", "Beverly Bryan": "Q96675029", "Zana Fabjan Bla\u017ei\u010d": "Q96677931", "Gracia Trujillo": "Q96679249", "Jepchumba": "Q97015047", "Mariam Jalabi": "Q97187388", "Lily Zakiyah Munir": "Q97209190", "Audrey Matura": "Q97253263", "Afshan D\u2019souza-Lodhi": "Q97572337", "Sara Cuentas": "Q97572508", "Caroline Monteiro": "Q97811475", "Tea Jarc": "Q98013983", "Isabel Wijsen": "Q98077693", "Magda Dropek": "Q98103593", "Justyna Bo\u0142oz": "Q98103610", "Agnieszka Itner": "Q98103845", "Cynthia Umezulike": "Q98497517", "Miosotis Rivas Pe\u00f1a": "Q98539730", "Pulch\u00e9rie Gbalet": "Q98581333", "Clara Buhl": "Q98815344", "Charlotte Mijeon": "Q98837493", "Carlota Isabel Salinas P\u00e9res": "Q98850336", "Meskerem Geset Techane": "Q98867629", "Dalila Macuacua": "Q99047752", "\u9752\u5c71\u5343\u666f": "Q99517424", "Keeya-Lee Ayre": "Q99902797", "Jane Abell": "Q100326628", "Kseniia Semenova": "Q100328183", "\u30b7\u30a7\u30ec\u30a6\u30a3\u30c4\u30ab\u30fb\u30a2\u30ca\u30b9\u30bf\u30b7\u30fc\u30a2\u30fb\u30a4\u30fc\u30db\u30ea\u30a6\u30ca": "Q100329960", "Anna Prats": "Q101049734", "Dominique Luquet-Doerflinger": "Q101109706", "Fawzia al-Uyyoni": "Q101228770", "Lynn Taylor": "Q102168830", "Osvalinda Marcelino Alves Pereira": "Q102291745", "Cassidy Kramer": "Q102439015", "Eva Perez-Bello": "Q103842681", "Romanina Morales Baltra": "Q103865437", "Amparo Espinosa Rugarc\u00eda": "Q104248022", "Badra Ben Mustapha": "Q104536631", "Susan V. Anderson": "Q104591842", "Nomita Kamdar": "Q104698386", "\u6c88\u7cb9\u7f1c": "Q104783174", "Louise Holck": "Q104816874", "Ann Suellentrop": "Q104978249", "Mallt Anderson": "Q105061794", "Alia Abdulnoor": "Q105072098", "Lilia Isolina Java Tapayuri": "Q105072121", "Pauline Dekker": "Q105235664", "M\u00f3nica D\u00edaz de Rivera": "Q105341284", "Lilia V\u00e9lez Iglesias": "Q105345146", "Nancy Mason": "Q105380417", "Alzinda Carmelo": "Q105395368", "Cl\u00e1udia Vieira": "Q105395387", "Vit\u00f3ria Caramelo": "Q105395398", "Guiomar Sousa": "Q105395417", "C\u00e1tia Montes": "Q105395472", "Toya Prud\u00eancio": "Q105395491", "Joanne L. Temcov": "Q105414815", "Joan Weiss": "Q105414863", "Beverly E. Sims": "Q105415268", "Rebeca Bruned": "Q105480558", "Lucy Cope": "Q105622292", "Lyn Costello": "Q105622313", "Dee Edwards": "Q105622321", "Stacy Hunter": "Q105675044", "Paulina Studniczka": "Q105761655", "Kimberley A. Johnson": "Q105763517", "Febriarti Khairunnisa": "Q106015748", "Simcha de Haan": "Q106075966", "Inez van Baarsen": "Q106075968", "Melissa de Ruijter": "Q106075969", "Ramona Kwestro": "Q106075970", "Lisa van Archipel": "Q106075971", "Cec\u00edlia Toledo": "Q106081544", "Mijane Jim\u00e9nez Salinas": "Q106085325", "F\u00e1tima Gamboa": "Q106086671", "Lupita Ruiz Cuotino": "Q106086785", "Mar\u00eda Celeste S\u00e1nchez Sug\u00eda": "Q106086844", "Claudia Morales": "Q106086934", "M\u00f3nica Gonz\u00e1lez": "Q106102005", "Sofia Branco": "Q106189399", "Mar\u00eda de los \u00c1ngeles Fuentes Vera": "Q106192839", "Fatma Alloo": "Q106205617", "Katherine Acey": "Q106262678", "Jessie Earl": "Q106420546", "Virginia Galdos del Carpio": "Q106644607", "Hasna al-Hariri": "Q106732215", "Sineia Wapichana": "Q106747177", "Karolyn Gehrig": "Q106772771", "Joan Kelley": "Q106827101", "Krystyna Markowska": "Q106829082", "Betty Sabajo-Cederboom": "Q106840651", "Jambabati Bijira": "Q106855836", "Mukta Jhodia": "Q106860072", "Anna Zurek": "Q106916969", "Claire-Marie Boggiano": "Q106984505", "Moojan Asghari": "Q107020998", "Vera Blinken": "Q107149895", "Loes Trustfull": "Q107169371", "Beatrice Mateyo": "Q107186632", "Tania Aubid": "Q107198227", "Ariel Horowitz": "Q107275126", "Bracha Barad": "Q107302648", "Sandra Ramos": "Q107315812", "Azucena Saballos Ram\u00edrez": "Q107315978", "Daysi Rubio Godoy": "Q107332766", "Az\u00e1halea Sol\u00eds": "Q107356816", "Leonor Z\u00faniga": "Q107381951", "Rebecca Matthews": "Q107401046", "Ruhama Fern\u00e1ndez": "Q107488037", "Fardhosa Ali Mohamed": "Q107543363", "N'Daisi Kwinga": "Q107543395", "Natalie Albertshofer": "Q107573183", "Emma Beblo": "Q107573204", "Lilli Biedermann": "Q107573210", "Helena Borst": "Q107573216", "Maria Dendorfer": "Q107573263", "Jamila Gebhard": "Q107573275", "Helena Gregorian": "Q107573290", "Vivien Henning": "Q107573300", "Anna Hoffmann": "Q107573308", "Lilian Marie Louise Karger": "Q107573323", "Thyra Kolde": "Q107573341", "Thilda Otto": "Q107573372", "Frida Pfeiffer": "Q107573389", "Agnes Pfeiffer": "Q107573401", "Flurina Schuster": "Q107573444", "Mira S\u00f6kefeld": "Q107573454", "Marlene Anna Taler": "Q107573465", "Lilli von Hehn": "Q107573483", "Denea Joseph": "Q107579989", "Yustitia Arief": "Q107586567", "Suci Apriani": "Q107587030", "Karina Ochoa Mu\u00f1oz": "Q107616525", "Ashtin Berry": "Q107704702", "Estefan\u00eda Mel\u00e9ndez": "Q107872162", "Mar\u00eda Far\u00eda": "Q107882678", "Miriam Daniell": "Q108208079", "Felicita Campos": "Q108388313", "Reem Assil": "Q108411382", "Lourdes Ashley Hunter": "Q108413695", "Vavine Nadesalingam": "Q108440237", "Alexandra Brodsky": "Q108491890", "Jane Street": "Q108716358", "Nina Gabry\u015b": "Q108757781", "Anie Akpe": "Q108764692", "Nattalie Str\u00f6m Bunpuckdee": "Q108766327", "Grace Y. Sam": "Q108802130", "SeNellie P. Singeo": "Q108802207", "Awatea Mita": "Q108830122", "Otimau Mariano": "Q108847632", "Danna Glendining": "Q108875688", "Esther Mwikali": "Q109106056", "Gail Macdonald": "Q109174906", "Kadi Viik": "Q109303366", "Annaliza Dinopol Gallardo Capinpin": "Q109321917", "Dolly Sen": "Q109472779", "Sarifa Patel": "Q109498373", "Erica Crompton": "Q109498407", "Laura Morales": "Q109498461", "Marienna Pope-Weidemann": "Q109498462", "Jane Holmes": "Q109498570", "Eden Rickson": "Q109498609", "Ellen Bravo": "Q109542747", "Alieh Matlabzadeh": "Q109551456", "Lilia Aceves": "Q109589482", "Tatiana Mukanire Bandalire": "Q109616390", "La\u00ebtitia Vasseur": "Q109641908", "\u00c1ngela Cerrillos Valledor": "Q109771464", "Elisea \"Bebet\" Gillera Gozun": "Q109817277", "Fedra Farolfi": "Q109878025", "Clover Hogan": "Q109919925", "Ein Soe May": "Q109969149", "Soma Sara": "Q110028616", "Mugdha Kalra": "Q110063138", "Amy Meek": "Q110372629", "Ella Meek": "Q110372648", "Viridiana Martinez": "Q110482199", "Kelli Dillon": "Q110486418", "Nusaibah Saqqaf Alwi": "Q110510723", "Laila Al-Shabibi": "Q110521290", "Afaf Badhress": "Q110521321", "Arwad Al-khateeb": "Q110521386", "Sylvie Droulans": "Q110556273", "Natasha Grey": "Q110567170", "Lyndsey D'Arcangelo": "Q110589698", "Sylvine Henry": "Q110602161", "Sonia Boddie": "Q110608933", "2Meka Diaz": "Q110654696", "Maria de la Luz Estrada": "Q110745422", "Arinda Serafim": "Q110766514", "Noushka Teixeira": "Q110770812", "Adeline Nsimire": "Q110770828", "Rosario Rom\u00e1n P\u00e9rez": "Q110799987", "Mar\u00eda Consuelo Mej\u00eda": "Q110811291", "Amelia Iruretagoyena Quiroz": "Q110851177", "Carine Knapen": "Q110894374", "Amparo Pe\u00f1aherrera": "Q110929403", "Belvie Rooks": "Q110937532", "Maria McFarland S\u00e1nchez-Moreno": "Q110973936", "Katarzyna Augustynek": "Q110974402", "Marta Peredo": "Q111021686", "Karen Bernedo": "Q111152127", "Ghofrane Binous": "Q111173183", "Botumroath Keo Lebun": "Q111250016", "Marie": "Q111288943", "Zoneziwoh Mbondgulo-Wondieh": "Q111317442", "Nashin Mahtani": "Q111337547", "Anbita Nadine Siregar": "Q111343478", "Tania Soerianto": "Q111352006", "Donna Jones": "Q111396145", "Massoud Barry": "Q111449809", "Noem\u00ed Font": "Q111479900", "Kari Skollerud": "Q111547882", "Sjoukje van Oosterhout": "Q111575808", "Socorro Gut\u00ederrez": "Q111601705", "Marta Daviu": "Q111685294", "Angelina Aspuac": "Q111705301", "Sandra Idossou": "Q111708820", "Helena Neves Abrahamson": "Q111729757", "Maimouna Barry": "Q111738038", "Sizaltina Cutaia": "Q111747640", "Katrin Ginggen": "Q111828594", "Lillian Bagala": "Q111893949", "Marta Arruda": "Q111917832", "Tamara Gubernat": "Q112065096", "A\u00efchata Traor\u00e9": "Q112065778", "Tahany Abbass": "Q112106603", "Diana Vicezar": "Q112123081", "Carla Bergman": "Q112132539", "Ria Hiroki": "Q112158697", "Julie Watson": "Q112237635", "Anna Osborne": "Q112247653", "Sonya Rockhouse": "Q112247655", "Lorraine Scanlon": "Q112249419", "Gaylene Te Rauna": "Q112249486", "Luta Cruz": "Q112606168", "Nakeya Isabell": "Q112751873", "Elizabeth Miu-Lan Young": "Q112765478", "\u041c\u0430\u0448\u043a\u043e\u0432\u0430-\u0411\u043b\u0430\u0433\u0438\u0445, \u0410\u043b\u0435\u043a\u0441\u0430\u043d\u0434\u0440\u0430 \u0412\u043b\u0430\u0434\u0438\u043c\u0438\u0440\u043e\u0432\u043d\u0430": "Q112994199", "Mae Graca de Nana": "Q113085789", "Alison V\u00e1sconez": "Q113162145", "Carole Baas": "Q113424337", "Suzy Byrne": "Q113433575", "Saadia Gacem": "Q113493173", "Brenda Siegel": "Q113507268", "Aline Le Bail Kremer": "Q113519264", "Shamillah Wilson": "Q113563342", "\u91d1\u6075\u6dd1": "Q113566992", "Ingrid Sater\u00e9 Maw\u00e9": "Q113628925", "Hodan Sulaman": "Q113637467", "Triscila Oliveira": "Q113645164", "Luisa Villar G\u00e1lvez": "Q113656948", "Hauwa Evelyn Shekarau": "Q113723292", "Sarah Hagger-Holt": "Q113753348", "Houleymatou Bald\u00e9": "Q113960767", "Giulia de Palma": "Q113967640", "Hadja Aissatou Daff\u00e9": "Q113969479", "Marie Therese Lamah": "Q113970419", "Boh Mariamagbe Cisse": "Q113970587", "Aissatou Bah": "Q113988823", "Djenabou Bald\u00e9": "Q113988888", "Aminata Barry": "Q114007715", "Souadou Diallo": "Q113990106", "Safiatou Bald\u00e9": "Q113994899", "Ramatoulaye Bald\u00e9": "Q113995565", "Houray Bah": "Q113995917", "Saran Diaby": "Q113996267", "Oumou Koulsoumy Bah": "Q113996372", "Sunshine Fionah Komusana": "Q114004026", "Mak\u00e9m\u00e9 Konat\u00e9": "Q114038732", "Sira Doumbouya": "Q114039174", "Paz Pe\u00f1a": "Q114056744", "Marie-Louise Perron": "Q114100473", "Tanya Carrasco": "Q114103561", "Bene E. Madunagu": "Q114162328", "Asmaou Sow": "Q114248485", "Vesna Vravnik": "Q114303392", "Melissa Highton": "Q114308981", "Dafna Tachover": "Q114321126", "Katie McDowell": "Q114496356", "Hadja Kadiatou N'Diaye": "Q114516367", "Julia Tisler": "Q114719519", "Alice Corona": "Q114755264", "Angelina McLeod": "Q114766042", "Ruth Walter": "Q114860249", "Rabi Musa Saulawa": "Q114862784", "Mayme Osby Brown": "Q114877895", "Elsie Smith": "Q114886909", "Mrs Stanley F. Smith": "Q114887165", "Maude B. Richardson": "Q114889284", "Kemisola Bolarinwa": "Q114905515", "Edith C. Field": "Q114921325", "L\u00e9opoldine Bonnard": "Q115130198", "Margrethe Salvesen": "Q115179177", "Midia Noelle": "Q115182902", "Joanna Agius": "Q115187843", "Jeanne Sartor": "Q115232463", "Glennis Meagher": "Q115244036", "\u00darsula Coimbra de Valverde": "Q115264747", "Mary T. Crowley": "Q115328632", "Liz Jamieson-Hastings": "Q115330420", "Lorna Fitzpatrick": "Q115470995", "Eiko Iwasaki": "Q115531014", "Deisy Hern\u00e1ndez Moreno": "Q115550017", "Yasmine Aker": "Q115649074", "Esther Young Lim": "Q115649174", "Kara Roselle Smith": "Q115649331", "Ma\u0142gorzata Gramatnikowska": "Q115695974", "Lotta Dann": "Q115933487", "Cindy Johns": "Q115933530", "Laura Ver\u00f3nica Mu\u00f1oz": "Q115937953", "Dulce Matuz": "Q115975787", "Fatoumata Diaraye": "Q115991258", "Gogontlejang Phaladi": "Q116286506", "Florence Mudzingwa": "Q116290795", "Barbra Nyangairi": "Q116290973", "Theresa Nyava": "Q116311649", "Ada Jakubowska": "Q116420311", "Leena Gross": "Q116502657", "Keabonye Ntsabane": "Q116508664", "Yessenia Funes": "Q116544937", "Minerva Solla": "Q116601544", "Ayanda Candice Sibanda": "Q116618284", "Sarina Singh": "Q116626297", "Sara Qassem": "Q116680827", "Rasha Jarhum": "Q116681000", "Alhan Al Shaibani": "Q116681009", "Hayat al-Kinai": "Q116681088", "\u00c9milie Gapaillard": "Q116729713", "Radia Shamsher": "Q116760828", "Ngla Shamsan": "Q116760842", "Fawziah Al-Hani": "Q116762097", "Amani Al-Zain": "Q116774974", "Elaph Ba Ghanem": "Q116779831", "Esra Baqais": "Q116779840", "Fayzah Abdulatif Baddah": "Q116780183", "Sally Gall": "Q116787090", "Samar Al Muqren": "Q116821178", "Tinka Ines Kalajzic": "Q116858800", "Kelebogile Moesi": "Q116867704", "Joanna Banasiuk": "Q116867818", "Gomolemo Rasesigo": "Q116873377", "Kgomotso Mpho Gagosi": "Q116876337", "Onalethata Mpebe": "Q116876482", "Onkemetse Kwelagobe": "Q116883137", "Dr Baboloki Helen Tumediso-Magora": "Q116883469", "Mariam al-Otaibi": "Q116896374", "Thandile Chinyavanha": "Q116923276", "Gloria Dossi Agueh": "Q116923482", "Abeer Namankany": "Q116923582", "Rufaro Chakanetsa": "Q116924577", "Christie Banda": "Q116926057", "Natalie Rob Tingo": "Q116927535", "Josephine  Chandiru Drama": "Q116935720", "J\u00falia Wachave": "Q116935914", "Zainab Adam Sheen": "Q116935988", "Satoko Yokoyama": "Q116937752", "Latifa Al-Masifri": "Q116939612", "Qaqamba Gubanca": "Q116940449", "Nokwanele Mbewu": "Q116940801", "Nomvula Sikhakhane": "Q116942489", "Alexa Solorzano": "Q116968752", "Claire Headley": "Q116981533", "Lana Connor-Hoyoung": "Q117066381", "Silvia Res\u00e9ndiz Flores": "Q117069732", "Obtilia Eugenio": "Q117072222", "Leyda Garcia": "Q117163678", "Stephanie Kemp": "Q117215472", "Maybelle Boma": "Q117218443", "Firouzeh Saber": "Q117227071", "Estelle Ewoule Lobe": "Q117248261", "Emmanuela Douyon": "Q117268283", "Wendy Alfaro": "Q117310605", "Yvonne Ebambrick": "Q117452950", "Elaine M. Stately": "Q117459557", "Ly Katekondji": "Q117817899", "Mercedes de Freitas": "Q117821776", "Anisha Asadollahi": "Q117823195", "Ruth Jones": "Q117833748", "Tomoko Suzuki": "Q118109758", "Catherine Walsh": "Q118151076", "Reyhanath Toure Mamadou": "Q118212254", "Ariel Gold": "Q118246028", "Cassidy Megan": "Q118399208", "Mar\u00eda del Consuelo Valle Espinosa": "Q118867754", "Amy Thornton": "Q118945912", "Margaret Gazo": "Q118946014", "Rica Hodgson": "Q118946031", "Nana Henrietta Moabi": "Q118946060", "Nokuhamba Nyawo": "Q118946086", "Athaliah Lesiba Molokomme": "Q118998258", "Olga Petti": "Q119149534", "Marie-No\u00eblle Etonde Mbella": "Q119169192", "Elizabeth Ibrahim Ekaru": "Q119348918", "Ester Fiorenza Riposi": "Q119410985", "Livey van Wyk": "Q119482469", "Rory Mondshein": "Q119543211", "Carme Diaby": "Q119722689", "R\u00e9iseal N\u00ed Ch\u00e9illeachair": "Q119722693", "Connie Ni Chiu": "Q119729526", "Hartini Zainudin": "Q119761346", "Neusa Kunh\u00e3 Taku\u00e1": "Q119762400", "Zekhethelo Zondi": "Q119854192", "Orapeleng Phuswane-Katse": "Q119854761", "Garvita Gulhati": "Q119871861", "Chantal Perrichon": "Q119872609", "Loyce Magompho": "Q119972278", "Empar Coloma i Chalmeta": "Q120146920", "Mouna Ben Halima": "Q120187179", "Mar\u00eda Jes\u00fas Guedes": "Q120244083", "Nadia Bala": "Q120441821", "Ferne Downey": "Q120648802", "Antonia De Gattis": "Q120653235", "Gocha Pawlak": "Q120731820", "Zelda Bronstein": "Q120752871", "Jaroslava Trajerov\u00e1": "Q120835339", "Morningstar Mercredi": "Q121578944", "Vikt\u00f3ria Sulyok": "Q121700545", "Kali Holloway": "Q121770567", "Katrina Kemp": "Q121824834", "Susan Sandford": "Q121850360", "Victoria Sims": "Q121886603", "Anaitze Aguirre Larreta": "Q122282805", "Bernie Spain": "Q122503771", "Victorina Rodr\u00edguez Ant\u00f3n": "Q122700372", "Gaby Rivera": "Q122781481", "Tania Ram\u00edrez": "Q122900179", "Adriana S\u00e1nchez": "Q122900204", "Carmen Adelina Varela": "Q122900222", "Libertad Silvera": "Q122900242", "Anna Stejskalov\u00e1": "Q122908618", "Nelba Inceta": "Q122962020", "Chaimaa Boukharsa": "Q122984661", "Carla Escoffi\u00e9": "Q123026265", "Liyah Park Berend": "Q123176398", "Adriana Guzm\u00e1n Arroyo": "Q123374278", "Gisela Curioni": "Q123464157", "\u00c9lida Obella Murature": "Q123479000", "Luz Marina Mateo": "Q123479430", "Sihem Dinari Arfi": "Q123482044", "Christelle Savall": "Q123502858", "Katta Alonso Raggio": "Q123517038", "Halima Usman": "Q123557015", "Ileana Silva": "Q123558971", "Mar\u00eda Osorio": "Q123563637", "Claudia de los Santos": "Q123566928", "Bernadette McMenamin": "Q123590038", "Dorothy McGray": "Q123598850", "Kaire Ba Dejuan": "Q123752350", "Hannah Blumhardt": "Q123865663", "Helen Nienhueser": "Q123909228", "Claire Vandendriessche": "Q123992003", "Angelina Boerger": "Q124043764", "Rose Wilkinson": "Q124045215", "Frances Beveridge Heald": "Q124094978", "Reverend Harriett G. Walden": "Q124249325", "Molly Chimhanda": "Q124254012", "Nazila Golestan": "Q124311480", "Bolortuya Chuluunbaatar": "Q124312542", "Elleni Bereded-Samuel": "Q124317556", "Anne-Sophie Simp\u00e8re": "Q124317826", "Valerie Msoka": "Q124323665", "Rose Kalemera": "Q124324125", "Jamila Chipo": "Q124324143", "Myra Abdallah": "Q124337644", "Rokia Doumbia": "Q124375427", "Sarah Craig": "Q124378376", "Chouchou Namegabe": "Q124386031", "Samantha P\u00e1ez Guzm\u00e1n": "Q124386277", "Jennifer Vetter": "Q124393233", "Yvette Evers": "Q124396892", "Ralyn Satidtanasarn": "Q124454949", "Flavia Carlini": "Q124520633", "Linda V. Shanko": "Q124526489", "Lauren MacDonald": "Q124539891", "Amanda de S\u00e1 Paschoal": "Q124558036", "Sarry Xoagus-Eises": "Q124605964", "\u00c1ngela Exp\u00f3sito": "Q124610461", "Najia Safi": "Q124615793", "Aigerim Tleuzhan": "Q124617021", "Cany Jobe": "Q124617941", "Albertinah Kekana": "Q124637225", "Farai Mubaiwa": "Q124651122", "Nobubele Nzima": "Q124653336", "Mbali Blaai": "Q124653738", "Judith Malenga": "Q124664447", "Mojca Ko\u017eelj": "Q124669498", "Botho Ntswaneng": "Q124678816", "Alexandra Wanjiku Kelbert": "Q124704063", "Peggy Hubbard": "Q124709959", "Nar\u00een Nadirova": "Q124742279", "Jamie L. Manson": "Q124767973", "Jean Gettelfinger Krejci": "Q124770079", "Michelle Blau": "Q124791346", "Seniye Nazik I\u015f\u0131k": "Q124801036", "Mabel Simois": "Q124816022", "Susana Alo Tia": "Q124821527", "Houleye Kane": "Q124961161", "Naf\u012bsa K\u0101mil": "Q124986629", "Rahiel Tesfamariam": "Q125000191", "Joanne Bamberger": "Q125003450", "Eva Rosa Santos": "Q125168603", "Hannah Diviney": "Q125176789", "Karin Ben Yossef Panov": "Q125177807", "Sarah Eleazar": "Q125224511", "Maureen Penjueli": "Q125226013", "F\u00e1tima Mimbire": "Q125266426", "Saydia Gulrukh": "Q125266995", "Zahra Haider": "Q125270216", "Sharon H. Chang": "Q125339456", "Regina Yau": "Q125369731", "Asha Walker": "Q125393823", "Carmen Hern\u00e1ndez Canel": "Q125395716", "Fran\u00e7oise Moudouthe": "Q125401220", "Hamisa Zaja": "Q125470884", "Nerdeen Kiswani": "Q125490586", "Satur Abon": "Q125498962", "Judith Bernstein": "Q125500094", "Marie Mathurine Silinghia": "Q125512127", "Yona Faedda": "Q125516588", "Sik\u00e9 Bill\u00e9": "Q125526771", "Heather Martin": "Q125660139", "Angel Ellis": "Q125680431", "Dahaba Adan Mohamud": "Q125696960", "Rasa Smite": "Q125746130", "Asma Nairi": "Q125746308", "Miyo  van Stenis": "Q125746688", "Kimberly Soto Aguayo": "Q125756118", "Amal Naser": "Q125968193", "Emma Onekekou": "Q125979696", "Hayathe Ayeva": "Q126007372", "Goedele Janssens": "Q126042824", "Eva Vocz": "Q126086396", "Alexis Baden-Mayer": "Q126127616", "Sabrina Salvati": "Q126127643", "Jennifer Barckley": "Q126127781", "Nayoung Kim Park": "Q126127833", "Alina Duarte": "Q126127868", "Urmila Channam": "Q126178923", "Nicoletta Dosio": "Q126203032", "Li Xin": "Q126210269", "Martha Tineo": "Q126364973", "Rosa Orozco": "Q126365012", "Juliet Nwobodo": "Q126443457", "Beatriz Borges": "Q126908319", "Anna Camposampiero": "Q126912494", "Brenda Wanabo": "Q126912744", "Bergeline Domou": "Q126921317", "Sandra Ejiofor": "Q126938505", "Aniedi Etim": "Q126938529", "Mekomb\u00e9 Th\u00e9r\u00e8se": "Q127149950", "Queenie Yu": "Q127420669", "May Mahmoud": "Q127437065", "Olabisi Adekoya": "Q127700369", "Nurit Topaz": "Q127881089", "Elsy Milan": "Q128904114", "Manal Rostom": "Q129172123", "Moira Donegan": "Q129256273", "Kellya Uwiragiye": "Q129454305", "Cherisse Scott": "Q129677079", "Andrea Gonz\u00e1lez Henry": "Q129689654", "Yifat Susskind": "Q129739802", "N\u00fabia Santana": "Q130075204", "Julia \u00c1lvarez Icaza": "Q130155311", "Asmaou Diallo": "Q130205206", "Uchenna Onwuamaegbu": "Q130216643", "Hiba Noor Khan": "Q130220834"}