{"Ildik\u00f3 Cazan-Sim\u00e1nyi": "Q101096444", "Rinskje Visscher": "Q18093626", "Hermine Christine H\u00e9l\u00e8ne Moquette": "Q20031946", "Olga Zieleck\u00e1": "Q95151833", "Johanne Skovgaard": "Q62080650", "Sylvia Sterner-Rainer": "Q114031667", "Luise Winterfeld": "Q3266931", "Helena Polaczk\u00f3wna": "Q9287392", "Annie Adama van Scheltema": "Q28064408", "\u0414\u0430\u043d\u043a\u043e\u0432\u0441\u044c\u043a\u0430 \u0420\u0430\u0457\u0441\u0430 \u0421\u0435\u0440\u0433\u0456\u0457\u0432\u043d\u0430": "Q115987766", "Sophie Drossaers": "Q43374776", "C\u00e9cile Ducaffy": "Q35151310", "Marie Jak\u0161\u00ed": "Q95398386", "Valborg S\u00f8nstevold": "Q56736493", "Olga Dmitrievna Bagalei-Tatarinova": "Q768599", "Julienne Barnard": "Q89189806", "Theophila von Wassilko": "Q15734507", "Marguerite Verdat": "Q1386130", "Yvonne Bezard": "Q35244817", "Isabel Mill\u00e9 Jim\u00e9nez": "Q100754484", "Jeanne Niquille": "Q27507606", "Elfriede Schirrmacher": "Q1328667", "Mar\u00eda Almud\u00e9var y Lorenzo": "Q104546887", "V\u011bra Kosinov\u00e1": "Q95212516", "Anna Dembi\u0144ska": "Q9155111", "Hedwig Kraus": "Q51880223", "Elisabeth Boer": "Q1329794", "Inocencia Gonz\u00e1lez Palencia": "Q104602656", "Cristina Pedreira": "Q111083013", "Joaquina Eguaras Ib\u00e1\u00f1ez": "Q16581689", "Emma L\u00e9derer": "Q23045916", "Simone de Saint-Exup\u00e9ry": "Q3484628", "Alice Joly": "Q35157289", "Hedwig Katscher": "Q1593360", "Teresa Vaamonde Valencia": "Q104602788", "\u00c1urea Javierre Mur": "Q35027828", "Bep Bijtelaar": "Q28064216", "Ernestina Gonz\u00e1lez Rodr\u00edguez": "Q104600458", "Mira Mlad\u011bjovsk\u00e1": "Q1937900", "Bo\u017eena Kub\u00ed\u010dkov\u00e1-\u010c\u00e1dov\u00e1": "Q95150385", "M\u00e1ria Jer\u0161ov\u00e1-Opo\u010densk\u00e1": "Q95072834", "Caterina Santoro": "Q41618047", "Elisabeth Ziegler": "Q60514145", "Andr\u00e9e Chauleur": "Q36023545", "Rosine Lheureux": "Q42337975", "Anne-Marie Path\u00e9": "Q46028045", "Emanuela Lanza": "Q59610350", "Karoline Cauer": "Q60831723", "Marie Kalov\u00e1": "Q95171007", "Bla\u017eena Ryne\u0161ov\u00e1": "Q95102667", "Lucie Mazauric": "Q16231370", "Anne Baudot": "Q35237751", "Ceridwen Lloyd-Morgan": "Q47126006", "Anna Maria Lorenzoni": "Q61477185", "Serafina Javierre": "Q110820583", "Suzanne Olivier": "Q35238644", "Harriet Chappell Owsley": "Q120122187", "Marie V\u00e1lkov\u00e1": "Q12035495", "Mar\u00eda Pilar Moneva de Oro": "Q28948704", "Araceli Guglieri Navarro": "Q104632063", "Raquel Lesteiro": "Q62861186", "Concepci\u00f3n Muedra Benedito": "Q65929674", "Julia Ysasi-Ysasmendi": "Q104553045", "Anne-Marie Pi\u00e9tresson de Saint-Aubin": "Q35240353", "Marcelle Brunet": "Q123857366", "Anneliese Triller": "Q48864306", "Mar\u00eda Mu\u00f1oz Ca\u00f1izo": "Q104601623", "Asunci\u00f3n Mart\u00ednez Bara": "Q104536989", "Amelia Portela": "Q106592239", "Marie Menclov\u00e1": "Q95389519", "Epp Siimo": "Q124124079", "Yvonne du Jacquier": "Q3574237", "Julia Herr\u00e1ez S\u00e1nchez de Escariche": "Q104552294", "Gabrielle Vilar": "Q35821492", "Ilse Barleben": "Q1659082", "Jacqueline Chaumi\u00e9": "Q35249532", "Genevi\u00e8ve d'Haucourt": "Q36349955", "Carin Bergman": "Q98545789", "Marie Matysov\u00e1": "Q95483748", "Jacqueline Mady": "Q35831285", "Mar\u00eda del Carmen R\u00faa-Figueroa": "Q104602719", "Mar\u00eda Antonia Corrales Gallego": "Q104602754", "Natividad Moreno Garbayo": "Q104664300", "Mar\u00eda Arraco y de Herr\u00e1n": "Q104868425", "Marie-Jos\u00e8phe Le Cacheux": "Q35846282", "Wanda Maciejewska": "Q9370806", "Mar\u00eda del Carmen Ni\u00f1o y M\u00e1s": "Q104601560", "Severina Mar\u00eda del Carmen Guerra San Mart\u00edn": "Q104602616", "Consuelo del Castillo Bravo": "Q104602734", "Juana Molina Fajardo": "Q104639855", "Rosa Sol\u00f3rzano Rodr\u00edguez": "Q105426974", "Herta Ramthun": "Q59529785", "Suzanne Cl\u00e9mencet": "Q35828821", "Lotte Knabe": "Q123145", "Hertha G\u00fcndisch": "Q51844378", "Anne-Marie Bidal": "Q35832461", "Josefa Callao M\u00ednguez": "Q64086790", "Manon Hosotte-Reynaud": "Q35851939", "Armance Royer": "Q35837502", "Edith Ennen": "Q1124708", "Mar\u00eda Victoria Gonz\u00e1lez Mateos": "Q104552887", "Mar\u00eda Luisa Poves B\u00e1rcenas": "Q104553092", "Mar\u00eda Asunci\u00f3n del Val": "Q105368156", "Jole Mazzoleni": "Q59527132", "Marie Kar\u00e1skov\u00e1": "Q95376765", "Zde\u0148ka Fr\u00f6hlichov\u00e1": "Q95149759", "Sylvi M\u00f6ller": "Q67946745", "Bianca Mazzoleni": "Q61477693", "Arline Custer": "Q93989546", "Consuelo Vaca Gonz\u00e1lez": "Q104622377", "Marie Ja\u0161kov\u00e1": "Q95099721", "Mary Bartlett Cowdrey": "Q67169333", "Consuelo Guti\u00e9rrez del Arroyo Gonz\u00e1lez": "Q50490207", "Mar\u00eda Pilar Loscertales Bayl\u00edn": "Q13049565", "Mireille Forget": "Q36231334", "Hortensia Lo Cascio-Loureiro": "Q104536589", "Petra Calzada Marzal": "Q104632322", "Amalia Prieto Cantero": "Q104640791", "Mar\u00eda Concepci\u00f3n \u00c1lvarez Ter\u00e1n": "Q105413097", "Mar\u00eda del Carmen Pescador del Hoyo": "Q93874721", "Anna Masarykov\u00e1": "Q21993922", "Maria Llu\u00efsa Serra": "Q5997289", "Angelika Bischoff-Luithlen": "Q534217", "Marie-Antoinette Fleury": "Q36381342", "Mar\u00eda Luisa Fuertes Grasa": "Q104621428", "Ella Barowsky": "Q1331678", "\u00c9lisabeth Pellegrin": "Q35853435", "Marguerite Boulet-Sautel": "Q29415573", "Janina Bielecka": "Q16167125", "Giulia Camerani Marri": "Q61474090", "Elisabeth J\u00e4ger": "Q1330031", "Elisabeth Schnitzler": "Q1330271", "Remedios Mu\u00f1oz \u00c1lvarez": "Q104641496", "Mar\u00eda Mart\u00ednez Aparicio": "Q104698805", "Hilda Elizabeth Poole Grieve": "Q98588946", "Palmira Villa Gonz\u00e1lez-R\u00edo": "Q61999071", "W.A.H. Crol": "Q109972860", "Eva Lis\u00e1": "Q95213143", "Irmtraut Lindeck-Pozza": "Q108646689", "Nicole Michel-Dansac": "Q36362655", "Manuela Villalpando": "Q17122322", "Marie-Victoire Duval": "Q36356532", "N\u00f3ra Pol\u00f3nyi": "Q12353347", "Marie-\u00c9lisabeth Dunan": "Q36367713", "Anna Coreth": "Q51844346", "Consuelo Angulo Fern\u00e1ndez": "Q104663976", "Mar\u00eda Pilar N\u00fa\u00f1ez Alonso": "Q104704217", "Mar\u00eda Teresa de la Pe\u00f1a Marazuela": "Q104704619", "Elisa Parra": "Q105426361", "Sarra Zhitomirskaya": "Q4180716", "Monique H\u00e9bert": "Q36365551", "Irena Koberdowa": "Q11713773", "Mercedes Alsina G\u00f3mez-Ulla": "Q104865012", "Manuela Rodr\u00edguez L\u00f3pez-Cord\u00f3n": "Q105368320", "Agnes C. Conrad": "Q111969419", "Adelaide Baviera Albanese": "Q111395769", "Toini Aunola": "Q107140847", "L\u00e9once Bouyssou": "Q36369926", "Alice Garrigoux": "Q28723376", "Madeleine Casaubon-Seignour": "Q36379796", "Ana Mar\u00eda Vig\u00f3n S\u00e1nchez": "Q104664545", "Maria Habacher": "Q51880233", "Odette Pontal": "Q36464751", "Marie-Th\u00e9r\u00e8se Chabord": "Q36459701", "Madeleine Villard": "Q36462072", "Liselotte Schlie\u00dfer": "Q2757777", "Irina Petrovskaya": "Q112410903", "Marie-Antoinette Menier": "Q29015017", "Milu\u0161e Svobodov\u00e1-Ladov\u00e1": "Q95365455", "V\u011bra Kyasov\u00e1": "Q95377470", "Dolores M. Lahrman": "Q114064540", "Monique-C\u00e9cile Garand": "Q36152202", "Marie-Th\u00e9r\u00e8se Aubry": "Q36203468", "Thelma Jexlev": "Q62081469", "Adele Bell\u00f9": "Q108518763", "Marion Schnerb-Li\u00e8vre": "Q36221540", "\u041b\u0430\u0440\u044b\u0441\u0430 \u041d\u0456\u043a\u0430\u043d\u0430\u045e\u043d\u0430 \u042f\u0448\u044d\u043d\u043a\u0430": "Q107283056", "Catherine Gauchery-Grodecki": "Q36225680", "Monique Langlois": "Q36484267", "Georgette de Gro\u00ebr": "Q36476968", "Ibolya Felh\u0151": "Q110177231", "Anna Hedwig Benna": "Q51844322", "Genevi\u00e8ve Gille": "Q36485493", "Margaret Cassidy Manship": "Q111823463", "Adela Gonz\u00e1lez Vega": "Q105476146", "Clara Steuermann": "Q85087617", "Darina Lehotsk\u00e1": "Q12764391", "Franciszka Ramotowska": "Q9263163", "Milagros Bidegain": "Q115727591", "Andr\u00e9e Scufflaire": "Q13429610", "Gisela Vollmer": "Q1527463", "Milada Wurmov\u00e1": "Q95366166", "Magda M\u00f3ra": "Q48644584", "Mar\u00eda Vilar Bonet": "Q61062637", "Martha Royce Blaine": "Q94657342", "Irena Radtke": "Q11713824", "Isabelle Gu\u00e9rin-Brot": "Q36212326", "Maria-Merc\u00e8 Costa i Paretas": "Q104536247", "Denise Devos": "Q36196000", "Olga Gallego": "Q12396298", "Pilar Garc\u00eda Morencos": "Q104617658", "Manuela Fern\u00e1ndez-Arroyo y Cabeza de Vaca": "Q105457625", "Amparo Cueves Granero": "Q105477574", "Carmen Crespo Nogueira": "Q59629825", "Marie Mare\u0161ov\u00e1": "Q95101030", "Olga Marcacci Marinelli": "Q93251185", "Magda Hors\u00e1kov\u00e1": "Q95486574", "Paulette Cavailler": "Q33697586", "Fran\u00e7oise P\u00e9quin": "Q36216458", "Francisca Solsona Climent": "Q105441911", "Monique Duchet-Suchaux": "Q36207275", "Severina Parodi": "Q59532038", "Desamparados P\u00e9rez P\u00e9rez": "Q105460787", "Irena Janosz-Biskupowa": "Q11713764", "Maria Francesca Tiepolo": "Q1895874", "Edith P\u00e1sztor": "Q17364635", "Mireille Lombard": "Q36210511", "Lucyna Turek-Kwiatkowska": "Q29413854", "Donata Godlewska": "Q16540928", "Claudine Bougard": "Q36197404", "Eli\u0161ka Anto\u0161ov\u00e1": "Q95119954", "Ascensi\u00f3n de la Plaza Santiago": "Q104716463", "Marianne Popp": "Q52063073", "Shelagh Mary Bond": "Q99515376", "Jacqueline Brossollet": "Q38286725", "\u00c9lisabeth-Th\u00e9r\u00e8se Lemaire": "Q42407118", "Fran\u00e7oise Poirier-Coutansais": "Q36040056", "Janina Pas\u0142awska": "Q111966908", "Marie-\u00c9lisabeth Antoine": "Q36161183", "Th\u00e9r\u00e8se G\u00e9rard": "Q36178369", "Pavla Burdov\u00e1": "Q95476151", "Althea Douglas": "Q62061200", "Josefina Cubells i Llorens": "Q104661712", "Marina Gonz\u00e1lez Miranda": "Q105476102", "Lieselott Enders": "Q1465621", "Pamela Hall": "Q105484316", "Ingeborg Bayer": "Q1662862", "Fran\u00e7oise Giteau": "Q36198636", "Th\u00e9r\u00e8se Burel": "Q36142752", "Natividad de Diego Rodr\u00edguez": "Q104661493", "Renate Heuer": "Q2143408", "Marie Vojt\u00ed\u0161kov\u00e1": "Q12035491", "Genevi\u00e8ve Le Mo\u00ebl": "Q36170202", "Ruth Ann Koesun": "Q50059111", "Nicole Felkay": "Q28166085", "Christa Kirsten": "Q23765808", "Marie-Jos\u00e8phe Gut": "Q36139600", "\u00c9lisabeth Houriez": "Q36184465", "Maria Laura Iona": "Q108511763", "Jean M. Ayton": "Q101069529", "Mar\u00eda Jes\u00fas Urquijo Urquijo": "Q104661329", "Theresia Zimmer": "Q82028315", "Irina Nikolaevna Kurbatova": "Q59629452", "Jeanette White Ford": "Q123741986", "Krystyna G\u00f3rska-Go\u0142aska": "Q11748691", "Teresa Zieli\u0144ska": "Q8866111", "Mar\u00eda Fernanda Iglesia Lesteiro": "Q104629789", "Gabriella Fanello Marcucci": "Q107500192", "Jacqueline Sclafer": "Q36164317", "Marie-Claire Gasnault-Beis": "Q36014279", "Anne-Marie Abel": "Q124692067", "Elisabeth Schwarze-Neu\u00df": "Q77974965", "Mar\u00eda Blanca \u00c1lvarez Pinedo": "Q104614840", "Alena \u0160lechtov\u00e1": "Q95179621", "Isabella Zanni Rosiello": "Q63986111", "Svetlana Dolgova": "Q112565665", "Monique Mestayer": "Q36033832", "Brigitte Poschmann": "Q23926751", "Ghislaine Bellart": "Q36037596", "Chantal Bonazzi": "Q36159912", "Bianca Lanfranchi Strina": "Q83785164", "Milena \u0160imsov\u00e1": "Q21996878", "Anna-Dorothee von den Brincken": "Q2653111", "Laurette Wettstein": "Q73231683", "Mar\u00eda Soledad Arribas Gonz\u00e1lez": "Q105478109", "Gabriella Olla Repetto": "Q106351460", "Yvonne Poulle": "Q36022158", "Brigitte Labat": "Q36036500", "Aline Vall\u00e9e-Karcher": "Q36039225", "Katarzyna Soborak": "Q48856855", "Kv\u011btoslava Haubertov\u00e1": "Q95149817", "Marie Kost\u00edlkov\u00e1 (1934-2004)": "Q96347604", "Gertrud Buttlar": "Q1250008", "Lidmila Frankov\u00e1": "Q95398451", "Antonia Heredia Herrera": "Q55999000", "Liliane Chauleau": "Q35997314", "Jana Vosikovsk\u00e1": "Q95109018", "Carrie Townley Porter": "Q106736394", "Eva \u0160milauerov\u00e1": "Q95464664", "Marie-No\u00eblle Baudouin-Matuszek": "Q35870346", "Gitta G\u00fcnther": "Q25344587", "\u00c9liane Viallard": "Q35880667", "Elfriede Bachmann": "Q20604730", "Mirella Mombelli Castracane": "Q93252645", "Sirje Annist": "Q16403980", "Alexandra \u0160piritov\u00e1": "Q95445276", "Marie Franekov\u00e1": "Q95177227", "Colette Jeudy": "Q36000547", "H\u00e9l\u00e8ne Avisseau": "Q35869771", "Ingelore Buchholz": "Q1662975", "Jana Nechutov\u00e1": "Q12023443", "Judith Young-Mallin": "Q106438089", "Leni Arnold": "Q60997888", "Nicole Gotteri": "Q3341054", "Isabella Massab\u00f2 Ricci": "Q104052696", "Silvia Petrin": "Q102112428", "Christiane Naud": "Q34003096", "Maria Augusta Timpanaro Morelli": "Q105297657", "Virginia Elwood-Akers": "Q108880408", "Arlette Playoust": "Q35979776", "Alix Chevallier": "Q35998080", "Alla Leonidovna Panina": "Q67198455", "Alicia Casas de Barr\u00e1n": "Q56671052", "Bogus\u0142awa Czajecka": "Q9175999", "Helena S\u00fdkorov\u00e1": "Q95463726", "Christiane Thomas": "Q116052676", "Annie Angremy": "Q35880940", "Maura Piccialuti Caprioli": "Q59628969", "Zde\u0148ka Hled\u00edkov\u00e1": "Q9389437", "Jeanne-Marie Dureau": "Q35871682", "Mireille Massot": "Q35857616", "Francine Ducluzeau": "Q35857938", "Janina Gawrysiak": "Q27189018", "Agn\u00e8s Parmentier": "Q35857280", "Margit Beke": "Q21540372", "Anne-Marie Dubler": "Q22582426", "Antjekathrin Gra\u00dfmann": "Q584959", "Anne Debant": "Q35856668", "Libu\u0161e Hor\u00e1kov\u00e1": "Q95483745", "Anna Mayov\u00e1": "Q95379915", "Dorothea McEwan": "Q93231030", "Paule Ren\u00e9-Bazin": "Q34660251", "Monika Minninger": "Q82027512", "Paola Carucci": "Q65607609", "Anna Marciniak": "Q52670045", "Birgit L\u00f8gstrup": "Q62079683", "Alena Podzemn\u00e1": "Q15123930", "Claude-France Hollard": "Q34662165", "Rosanna Roccia": "Q111395374", "Erika Patka": "Q52008276", "Jaroslava Hoffmannov\u00e1": "Q47118675", "Ingrid Grohmann": "Q1663317", "Birgit Bender": "Q4938057", "Evelyn Kroker": "Q6507689", "Brigitte Lain\u00e9": "Q34662604", "Yvette Lebrigand": "Q42316361", "Nicole Le Roy": "Q35166173", "Bernadette Suau": "Q42327503", "Griet Mar\u00e9chal": "Q2051136", "Fran\u00e7oise Jenn": "Q42318837", "Genevi\u00e8ve Drouhet": "Q42316595", "Monique Constant": "Q42326992", "Pilar Ar\u00f3stegui": "Q21480457", "Saundra B. Taylor": "Q114081312", "Virginia R. Stewart": "Q116390628", "M\u00e1ria Anna M\u00f3r\u00f3": "Q1213298", "Nelly Andrieux-Reix": "Q42325443", "Maria Seidemann": "Q1896316", "Ellen Ellis": "Q124614550", "Marie Bl\u00e1hov\u00e1": "Q12035368", "Claire Berche": "Q42318928", "Marie Bisingerov\u00e1": "Q95151926", "S\u00e9gol\u00e8ne de Dainville-Barbiche": "Q42319499", "Dani\u00e8le Neirinck": "Q42319527", "Annemarie Fenzl": "Q566270", "Dorothea Triller": "Q55959615", "Marieta Adam Chiper": "Q110129930", "Louise L\u00f6nnroth": "Q57167627", "Jana Machotkov\u00e1": "Q95146332", "Jana Ko\u0159\u00ednkov\u00e1": "Q95485163", "Alena Mat\u011bjov\u00e1": "Q95463389", "Francesca Cavazzana Romanelli": "Q61474530", "Robin Myers": "Q25859815", "Nancy Sahli": "Q117188111", "Marie-Pierre Laffitte": "Q42319318", "C\u00e9cile Souchon": "Q42326743", "Liliana Cargnelutti": "Q111435438", "Maria Llu\u00efsa Orriols i Vidal": "Q20005707", "Erzs\u00e9bet Moln\u00e1r": "Q853111", "Christine de Joux": "Q42325531", "Halina Rob\u00f3tka": "Q9285437", "Teresa Toledo": "Q112046605", "Marie-\u00c9dith Brejon de Lavergn\u00e9e": "Q42328612", "Martine Dalas": "Q42351684", "Marie-Paule Arnauld": "Q38034315", "Adrienne K\u00f6rmendy": "Q63676176", "Fran\u00e7oise Vielliard": "Q38042966", "Ludmila Sulitkov\u00e1": "Q95376766", "Mich\u00e8le Nathan-Tilloy": "Q42328655", "Lyudmila Kiselyova": "Q12552111", "Mar\u00eda Luisa Conde Villaverde": "Q104536210", "Irina Hundt": "Q111462150", "Anna Svenson": "Q4981475", "Odile Kammerer-Schweyer": "Q42352774", "Ana Feij\u00f3o": "Q61999119", "\u00c9lisabeth Gautier-Desvaux": "Q16267257", "Marie-H\u00e9l\u00e8ne Degroise": "Q42351432", "Rosine Cleyet-Michaud": "Q42326956", "Hanna Surmach": "Q16556964", "\u041b\u044e\u0434\u043c\u0456\u043b\u0430 \u0421\u044f\u0440\u0433\u0435\u0435\u045e\u043d\u0430 \u0406\u0432\u0430\u043d\u043e\u0432\u0430": "Q119620036", "Kate\u0159ina Smutn\u00e1": "Q21020767", "Milena Lenderov\u00e1": "Q12037377", "Perrine Canavaggio": "Q42328629", "\u00c9lisabeth Rabut": "Q42327436", "Tatyana Tsarkova": "Q4503295", "Maria Trojanowska": "Q27189016", "Christine Renardy": "Q18115816", "Clara Parramon Homs": "Q90130520", "Armelle Le Goff": "Q42351993", "Florence Greffe": "Q42353268", "Marie-Claude Buxtorf": "Q42326927", "Enik\u0151 B\u00f6r\u00f6cz": "Q113807162", "Christiane Demeulenaere-Douy\u00e8re": "Q15059378", "Lydia Ba\u0161teck\u00e1": "Q95391797", "Anna Kub\u00edkov\u00e1": "Q10826662", "Helena \u0160troblov\u00e1": "Q66711517", "Maria Josepa Arnall i Juan": "Q16170485", "Fran\u00e7oise Hildesheimer": "Q3086514", "Maria Galante": "Q95191983", "H\u00e9l\u00e8ne Bernier": "Q98400188", "Vladim\u00edra Hradeck\u00e1": "Q95166805", "Angelika Menne-Haritz": "Q534465", "\u041d\u0438\u043a\u0438\u0440\u0441\u0430 \u041c\u0430\u0440\u0456\u044f \u0414\u043c\u0438\u0442\u0440\u0456\u0432\u043d\u0430": "Q12133760", "Bonnie Stepenoff": "Q116237257", "Zdena Bene\u0161ov\u00e1": "Q27974406", "Marcela Svobodov\u00e1": "Q95378865", "Monique Maillard-Luypaert": "Q93233089", "Giovanna Morelli": "Q106619194", "Mireille Rambaud": "Q35848317", "Madeleine Chabrolin": "Q36027535", "Clotilde Romet": "Q40874537", "Annie Charnay": "Q42325759", "Marie-H\u00e9l\u00e8ne Peltier": "Q42329075", "Karole Fontaine": "Q42329841", "Christiane Constant-Le Stum": "Q42354309", "Brigitte Mazon": "Q46030655", "Sandra Origone": "Q93226101", "Assunta Di Sante": "Q104673137", "Marina Molin Pradel": "Q105939787", "Elvira Grantaliano": "Q106777351", "Silvia Boffelli": "Q108810634", "Cristina Massentini": "Q108810651", "Francesca Morandini": "Q111429861", "Hella Jean Bartolo Winston": "Q112492809", "Kathrin Utz Tremp": "Q22915150", "Monique Pouliquen": "Q36202216", "Genevi\u00e8ve Douillard": "Q42353241", "Caterina Del Vivo": "Q61957618", "Euride Fregni": "Q106619375", "Monika Fa\u00dfbender": "Q84757170", "V\u011bra N\u011bme\u010dkov\u00e1": "Q22661471", "Mar\u00eda Isabel Ostolaza Elizondo": "Q56000542", "Fran\u00e7oise Waquet": "Q3086627", "Catherine Laurent": "Q41986048", "Lyubov Andriivna Dubrovina": "Q12102691", "Gertrude Enderle-Burcel": "Q26260410", "Christine P\u00e9tillat": "Q42352386", "Yvonne Bos-Rops": "Q47499119", "Hanna Krajewska": "Q112559788", "Gabriele Viertel": "Q1490612", "Vivienne Miguet": "Q42354932", "Giorgetta Bonfiglio Dosio": "Q61472809", "Florence W. J. Koorn": "Q28064078", "Marina Giannetto": "Q111495893", "Tatiana Goryaeva": "Q39382579", "Fran\u00e7oise F\u00e9ry-Hue": "Q42353563", "Maria Guercio": "Q25326187", "Dagmar Blaha": "Q64149160", "Carole Saulnier": "Q97628825", "Dorota L\u00e1busov\u00e1": "Q112422115", "Christine Heuvel": "Q15990554", "Nadine Cherpion": "Q55621938", "Carolyn Clark Morrow": "Q116263019", "H\u00e9l\u00e8ne Duthu-Latour": "Q42354270", "Marie-H\u00e9l\u00e8ne Tesni\u00e8re": "Q42355073", "Christina Vanja": "Q18334621", "Marilena Rossi Caponeri": "Q111893970", "Claudine Pailh\u00e8s": "Q33103665", "Sigrid McCausland": "Q58822450", "Linda Giuva": "Q65499043", "Jacqueline Anne Goggin": "Q94126911", "Gilda Mantovani": "Q61477434", "Patrizia Gori": "Q113260706", "Martine Le Roc'h-Morg\u00e8re": "Q42354834", "Brigitte Bedos-Rezak": "Q42354651", "Cinzia Cassani": "Q50144198", "Sigrid Vierck": "Q2285333", "Antonella D'Agostino": "Q124335783", "Diana Toccafondi": "Q65561618", "Carla Zarrilli": "Q107505972", "Cecilia Tasca": "Q108764423", "Annie Henwood": "Q42364995", "Brigitte Streich": "Q44634325", "Irene Jung": "Q95210505", "Giovanna Coppola Bisazza": "Q109537625", "Carola Ekrem": "Q112479915", "Micaela Procaccia": "Q105510508", "\u00c9lisabeth Verry": "Q33209767", "Florence Mirouse": "Q42354950", "Ir\u00e9n Bilkei": "Q21996557", "Brigitte Blanc": "Q42366027", "Veronika Nov\u00e1k": "Q20435171", "Francesca Pino": "Q61751291", "Sylvie Caucanas": "Q33105398", "Daniela Nardecchia": "Q122983421", "Mary Edsall Choquette": "Q99454821", "Lucia Pillon": "Q105510838", "Antonella Mul\u00e8": "Q124331057", "Giovanna Lippi": "Q122983356", "Sabine Maehnert": "Q23822796", "Monica Calzolari": "Q106777359", "Michela Dal Borgo": "Q61475139", "Francesca Fantini D'Onofrio": "Q111100151", "Milkana Boshnakova": "Q19822769", "Gudrun Fiedler": "Q20724952", "Isabelle Rambaud": "Q42370913", "Margit Ksoll-Marcon": "Q1895302", "Regina Nehmzow": "Q2137902", "Blanka Zilynsk\u00e1": "Q30250534", "Valeria Mosca": "Q109421959", "Chantal Ammann-Doubliez": "Q42376612", "Mich\u00e8le Bimbenet-Privat": "Q13417715", "Lurdes Boix Llonch": "Q20101008", "Elizabeth W. Adkins": "Q85199455", "Beate Falk": "Q110015156", "Catherine Dh\u00e9rent": "Q42369833", "Elisabetta Reale": "Q61956412", "Anne-Marie Bruleaux": "Q33104845", "\u041c\u0438\u0445\u0430\u0439\u043b\u043e\u0432\u0430 \u0421\u0432\u0456\u0442\u043b\u0430\u043d\u0430 \u0420\u043e\u043c\u0430\u043d\u0456\u0432\u043d\u0430": "Q12123725", "Mar\u00eda Xos\u00e9 Justo Mart\u00edn": "Q57597805", "\u041b\u044e\u0434\u043c\u0456\u043b\u0430 \u041f\u0430\u043a\u0456\u0434\u0447\u0430\u043d\u043a\u0430": "Q108975497", "Wanda K. Roman": "Q24429936", "Anne-V\u00e9ronique Gilles": "Q42370014", "Letha B\u00f6hringer": "Q93234135", "Gaby Knoch-Mund": "Q106768078", "Daniela Fattori": "Q108870245", "Linda M. Fraser": "Q124847194", "Alena \u0160im\u00e1nkov\u00e1": "Q107489684", "Cristina Francioli": "Q108669089", "Isabelle Neuschwander": "Q3154997", "Joyce Jenje-Makwenda": "Q51216867", "Simonetta Soldatini": "Q120785523", "Cecilia Salvatore": "Q108867249", "Gabriella Csiff\u00e1ry": "Q872809", "\u0413\u0430\u0439\u043e\u0432\u0430 \u041e\u043a\u0441\u0430\u043d\u0430 \u0412\u0430\u0441\u0438\u043b\u0456\u0432\u043d\u0430": "Q64167527", "Caroline Piketty": "Q41701088", "Manuela Santalla L\u00f3pez": "Q13796901", "Sophie Malavieille": "Q42374547", "Salvina Bosco": "Q58685538", "Beatrix Sch\u00f6newald": "Q95207950", "Annika Holmberg": "Q4954478", "Cornelia Regin": "Q15436265", "Christine Roilo": "Q18019079", "Cristina Cenedella": "Q65610069", "Bettina Schmidt-Czaia": "Q850046", "Diane Allengame": "Q21096532", "Solange Bidou": "Q42374977", "Piret Noorhani": "Q12372520", "T\u00fcnde Lengyel": "Q20437161", "Mechthild Black-Veldtrup": "Q1915613", "V\u00e9ronique Roy": "Q3564361", "Dolors Grau i Ferrando": "Q24452218", "Ulrike H\u00f6roldt": "Q29841931", "Daniela Rava": "Q93268896", "Laurence Bobis": "Q42346440", "Ivana Ebelov\u00e1": "Q67647357", "Bettina Wischh\u00f6fer": "Q20752405", "Valeria Verrastro": "Q119087496", "Fanny Tur Riera": "Q30077799", "V\u00e9ronique Ginouv\u00e8s": "Q48786131", "Alison Clarke": "Q63406631", "Cinzia Cardinali": "Q107395456", "Marika Rosenstr\u00f6m": "Q112498522", "Val\u00e9rie Poinsotte": "Q42377558", "Nadine Rouayroux": "Q41218903", "Christine Lang\u00e9": "Q42378607", "Ma\u00eft\u00e9 Etchechoury": "Q42376709", "Sylvie Le Clech": "Q33262258", "Anna Supruniuk": "Q20030766", "Ilaria Pescini": "Q109102310", "Fran\u00e7oise Banat-Berger": "Q19606616", "H\u00e9l\u00e8ne Barbey-Say": "Q33103690", "Christiane Raabe": "Q28972807", "Annie-France Renaudin": "Q42347340", "Patricia Gillet": "Q42380060", "Lilijana \u017dnidar\u0161i\u010d Golec": "Q66022384", "Bego\u00f1a Arrondo": "Q5724878", "Anna Gudayol": "Q42329487", "Tiziana Lazzari": "Q106618671", "Cristina Farnetti": "Q108867837", "Irmgard Christa Becker": "Q1672995", "Irena Korbel\u00e1\u0159ov\u00e1": "Q11713778", "Marietta Minotou": "Q123253387", "Armelle Daumas": "Q41986619", "Elena Vellati": "Q118152972", "Lorella Ingrosso": "Q108636084", "Elena Ravelli": "Q109877250", "Sally Crawford": "Q55857328", "Marta Hradilov\u00e1": "Q95474123", "Marie Ryantov\u00e1": "Q8312927", "Magdolna Bar\u00e1th": "Q51880465", "Gunnhild Tvinnereim": "Q2636347", "Karin Huser": "Q98150479", "Cristiana Pipitone": "Q110627465", "Saskia van Dockum": "Q6462263", "Birgit Jooss": "Q17353115", "Anne Grondeux": "Q42347131", "Catherine Junges": "Q42329508", "Florence Beaume": "Q42380031", "Iryna Vorobiova": "Q123118584", "Magali Lacousse": "Q42344004", "Rapha\u00eble Mouren": "Q16038597", "Mercedes Jim\u00e9nez Bol\u00edvar": "Q123561074", "Marie-Ad\u00e9la\u00efde Nielen": "Q42347480", "Catherine Hofmann": "Q42342708", "Kate Theimer": "Q59610632", "Donatella Bartolini": "Q106618877", "Anne Burnel": "Q42329533", "Florence Clavaud": "Q42346625", "Elisabeth Theresia Hilscher": "Q105773598", "Lenka Kubicov\u00e1": "Q95439782", "Silvia Miscellaneo": "Q122983456", "Francesca Sardi": "Q119820427", "Fabienne Le Bars": "Q42342808", "Marie-Claire Pontier": "Q41212258", "Brigitte Guigueno": "Q42344651", "Karin \u00c5str\u00f6m Iko": "Q27056646", "P\u00e4ivi Happonen": "Q55394026", "Lucyna Harc": "Q11763367", "Iris Groschek": "Q95208641", "Thekla Kluttig": "Q96054618", "Dorothee Goeze": "Q121834873", "Paola Zocchi": "Q21542103", "Silvia Trani": "Q105478456", "Marcela Suchomelov\u00e1": "Q95480387", "\u00c9velyne Van den Neste": "Q28872261", "Heike Gfrereis": "Q27941785", "Ren\u00e1ta R\u016f\u017ei\u010dkov\u00e1": "Q95445972", "Beata Sylwia G\u00f3rczy\u0144ska-Szmytkowska": "Q118733191", "Marisa Boschi Rotiroti": "Q106427738", "Sandrine Heiser": "Q50824530", "Ilona Krbcov\u00e1": "Q95169153", "Maura Mordini": "Q108692360", "Zsuzsanna Mik\u00f3": "Q23908365", "Jane Stevenson": "Q105888478", "Valeria Leoni": "Q109593200", "Gabriele Fr\u00f6schl": "Q111579787", "Diana \u0160majclov\u00e1": "Q112408807", "Dorit Krusche": "Q112445756", "Magdal\u00e9na \u0160r\u016ftov\u00e1": "Q112540272", "Antje Koolman": "Q113807442", "Trine S\u00f8reide Jansen": "Q115920669", "Lenka Mart\u00ednkov\u00e1": "Q95186514", "Agn\u00e8s Vatican": "Q42341125", "Catherine Jacques": "Q101112224", "Fr\u00e9d\u00e9rique Hamm": "Q42341600", "Levchenko Larysa Leonidivna": "Q20068065", "Jana Konvi\u010dn\u00e1": "Q95169070", "Britta G\u00fcnther": "Q6476453", "Jana Oppeltov\u00e1": "Q112362208", "Susan Nalezyty": "Q112516509", "Susanne Rie\u00df-Stumm": "Q113839404", "Ulrike Budig": "Q113843245", "Martina Wiech": "Q113845682", "Vera Moynes": "Q113846065", "Attil\u00e1n\u00e9 Kov\u00e1cs": "Q121029050", "Claudia Tiggemann-Klein": "Q1097831", "Stephanie Marra": "Q1699857", "Judith F\u00f6rstel": "Q42341548", "Vigdis Stensby": "Q123183935", "Ren\u00e9e Maga\u00f1a": "Q85099886", "Andrea H\u00e4nger": "Q95209816", "Petra Oul\u00edkov\u00e1": "Q95082391", "Petra Nev\u00edmov\u00e1": "Q95177203", "Maria Paola Bellini": "Q105510786", "Nicole Graf": "Q112844771", "Zsuzsanna Toronyi": "Q107412785", "Laure Jestaz": "Q42303242", "Sarah Toulouse": "Q21043236", "Anke M\u00fchrenberg": "Q64831486", "Gerda Dohle": "Q95208041", "Petra Ve\u010de\u0159ov\u00e1": "Q110930773", "Ingrid Ku\u0161nir\u00e1kov\u00e1": "Q112396549", "Andrea Zoba\u010dov\u00e1": "Q112396578", "Kathrin L\u00fcssi": "Q112479056", "Mari\u00ebtte van Selm": "Q112525376", "Johanna Aberle": "Q112555150", "Kinga Frojimovics": "Q113844505", "Julianna Erika H\u00e9jja": "Q116877977", "Pauline Puppel": "Q123721711", "Jana Barto\u0161ov\u00e1": "Q100324868", "Sv\u011btlana Pt\u00e1\u010dn\u00edkov\u00e1": "Q95143562", "Hana Pelcov\u00e1": "Q112555505", "Ariane James-Sarazin": "Q2861197", "Val\u00e9rie Baud": "Q62231301", "Samanta Segatori": "Q21542749", "Jitka Padrnosov\u00e1": "Q95155537", "Agn\u00e8s Goudail": "Q42337623", "Michaela Chl\u00e1dkov\u00e1": "Q95457789", "B\u00e9atrice Olive": "Q42315303", "Veronika Matroszov\u00e1": "Q95439778", "Alice Thomine-Berrada": "Q42338526", "Petra Winter": "Q59865934", "Maria Antonia Sondermann": "Q93236912", "Claudia Papp": "Q108697599", "Sylvia Ziegner": "Q111019861", "Sylva N\u011bme\u010dkov\u00e1": "Q112382374", "Monika Sedl\u00e1kov\u00e1": "Q112387389", "Lenka Z\u00e1lesk\u00e1": "Q112392827", "Alessandra Di Marco": "Q112403389", "Irena Sklensk\u00e1": "Q112418569", "Karol\u00edna \u0160im\u016fnkov\u00e1": "Q112419143", "Jarom\u00edra Knap\u00edkov\u00e1": "Q12023706", "Val\u00e9rie Marchal": "Q42329591", "Patrizia Merati": "Q106618695", "Ludmila Novotn\u00e1": "Q95156019", "Irena Kr\u010dilov\u00e1": "Q95472991", "Alice Velkov\u00e1": "Q95438743", "I\u00e9gide Feiffer Char\u00e3o": "Q109777259", "Eva Jiskrov\u00e1": "Q95177999", "Marie de Laubier": "Q42329515", "Eva Zatloukalov\u00e1": "Q95396128", "Alina Pavelescu": "Q112043607", "Jana Koutn\u00e1": "Q95167024", "Alena Nachtmannov\u00e1": "Q95177087", "Chiara Veninata": "Q104099217", "Clothilde Roullier": "Q47091832", "Hannelore Putz": "Q64782470", "Isabella De Renzi": "Q93223626", "Jana Kuprov\u00e1": "Q112395412", "V\u011bra Slav\u00edkov\u00e1": "Q112407941", "Alena Kabelov\u00e1": "Q112555184", "Ingeborg Schmid-Mummert": "Q112670434", "Gaia Riitano": "Q121297804", "Isabelle Chave": "Q40131509", "Ariane Bergeron-Foote": "Q42303303", "Isabelle Homer": "Q42315000", "Simona Kotl\u00e1rov\u00e1": "Q95399122", "Francesca Nepori": "Q58360116", "Alessia Artini": "Q106646835", "Martina \u0160vadlenov\u00e1": "Q95441991", "Francesca Tomasi": "Q56459962", "Christine Boyer": "Q109592705", "Delphine Friedmann": "Q63259029", "Beate Sturm": "Q95205829", "Petra Honsov\u00e1": "Q112434915", "Cornelia Sulzbacher": "Q112463076", "Radka Kinkorov\u00e1": "Q112473934", "Helena Hlou\u0161kov\u00e1": "Q112517134", "Nora Poulov\u00e1": "Q112517367", "Tatjana \u0160ari\u0107": "Q112524675", "Ilona Kov\u00e1cs": "Q121333852", "H\u00e9l\u00e8ne Lhoumeau": "Q42296017", "Caroline Becker": "Q42310657", "Lydiane Gueit-Montchal": "Q42314381", "Fran\u00e7oise Janin": "Q42329505", "Barbara \u017dabota": "Q66022256", "Nadja Gr\u00e4ser": "Q113753698", "Jana \u010cerm\u00e1kov\u00e1": "Q95157149", "Francesca Nemore": "Q65613243", "Lenka Ji\u010d\u00ednsk\u00e1": "Q95157839", "Gilda Nicolai": "Q82480683", "Michaela Zem\u00e1nkov\u00e1": "Q95139731", "Gianpaola Spirito": "Q112419812", "Kristina Uhl\u00edkov\u00e1": "Q95178182", "Agnieszka Brockmann": "Q95199162", "Katja Zupani\u010d": "Q66022175", "C\u00e9line Guyon": "Q63994643", "Jitka Mlsov\u00e1 Chmel\u00edkov\u00e1": "Q95152336", "H\u00e9l\u00e8ne Guillot": "Q95210253", "Anna Aurast": "Q108957962", "Auxiliadora S\u00e1nchez Reverte": "Q109548300", "Radana \u010cerven\u00e1": "Q112401800", "Jana Mare\u0161ov\u00e1": "Q112412752", "Petra Gabrielov\u00e1": "Q112486080", "Lucia Krchn\u00e1kov\u00e1": "Q112522050", "Christine Gadrat": "Q42295869", "Nadia Bagnarini": "Q113783120", "Franziska Eggimann": "Q113813865", "Hana Hrachov\u00e1": "Q95167491", "Magdalena \u010coupkov\u00e1": "Q95461688", "Gordana \u0160\u00f6vege\u0161 Lipov\u0161ek": "Q65645601", "Sarah Tiboni": "Q108041764", "Michaelangiola Marchiaro": "Q105850106", "Elena Borgi": "Q105510863", "Jana Bo\u0148kov\u00e1": "Q95441988", "Elisabetta Angrisano": "Q82483617", "Kate\u0159ina Tvarochov\u00e1": "Q95379104", "Annantonia Martorano": "Q58483124", "Claire Bonn\u00e9lie": "Q42294790", "Eva Tomkov\u00e1": "Q95223624", "Ilaria Moroni": "Q61957972", "Sabine Brenner-Wilczek": "Q95196520", "Julia Hamelmann": "Q95199392", "Martina Akermann": "Q95204823", "Kate\u0159ina Czinegov\u00e1": "Q112418779", "Barbara Kalinowska-W\u00f3jcik": "Q112471448", "Mark\u00e9ta J\u00e1rov\u00e1": "Q112506981", "Henrike Bolte": "Q121826628", "Fr\u00e9d\u00e9rique Desmet": "Q42295826", "Nathalie Coilly": "Q42310940", "Judith Matzke": "Q106999121", "Michaela Couzinet-Weber": "Q113810734", "Sylva Sklen\u00e1\u0159ov\u00e1": "Q95143643", "Julie Fontanel": "Q42295844", "Charlotte Deno\u00ebl": "Q42303224", "Marie-Astrid Zang": "Q42303295", "Daniela Coganov\u00e1": "Q95167673", "Felicitas S\u00f6hner": "Q113844641", "Natasha Zwarich": "Q104226689", "Norie Guthrie": "Q50290094", "Paola Ciandrini": "Q61957672", "Katrin B\u00fcrgel": "Q95191847", "Annett Haberlah-Pohl": "Q95209127", "Daniela De Rosa": "Q108491347", "Veronika L\u00e1nsk\u00e1": "Q112422236", "Veronika Knotkov\u00e1": "Q112424423", "Martina Ma\u0159\u00edkov\u00e1": "Q112450750", "Mark\u00e9ta Vladykov\u00e1": "Q112517409", "Eleon\u00f3ra Erzs\u00e9bet G\u00e9ra": "Q112522673", "Nathalie Morin-Moreau": "Q40873626", "Robyn Adams": "Q106398950", "Chiara Pilocane": "Q113719646", "Reysa Alenzuela": "Q123686298", "Eva Vojkovsk\u00e1": "Q95181803", "Hana \u0160\u00fastkov\u00e1": "Q63033097", "Hana K\u00e1bov\u00e1": "Q95177389", "Vlasta M\u00e1dlov\u00e1": "Q95459793", "\u041d\u0430\u0442\u0430\u043b\u043b\u044f \u0421\u044f\u0440\u0433\u0435\u0435\u045e\u043d\u0430 \u0413\u0430\u0440\u0434\u0437\u0456\u0435\u043d\u043a\u0430": "Q23072213", "Stacey Erdman": "Q78156575", "Kl\u00e1ra Woitschov\u00e1": "Q95138782", "Jana Hradilov\u00e1": "Q95366733", "Cal\u00edope Mart\u00ednez": "Q122979270", "Jana Pa\u017eoutov\u00e1": "Q95380206", "C\u00e9cile Fabris": "Q42303322", "Fiammetta Sabba": "Q58335672", "Julia Kahley\u00df": "Q95187256", "Isabelle Guerreau": "Q95193307", "Antje Diener-Staeckling": "Q95205839", "Sarah Hadry": "Q95208266", "Zs\u00f3fia L\u00e1szl\u00f3": "Q108604013", "Ilaria Romeo": "Q109319173", "April K. Anderson-Zorn": "Q111081692", "Mark\u00e9ta Kab\u016frkov\u00e1": "Q112343302", "Al\u017eb\u011bta Langov\u00e1": "Q112397676", "Olga Gebauerov\u00e1": "Q112409648", "Lucie Swierczekov\u00e1": "Q112410690", "Petra Nov\u00e1kov\u00e1": "Q112452590", "Ralica Simeonova Cvetkova": "Q112456521", "Ioana Macrea-Toma": "Q112496940", "Linda Kremlov\u00e1": "Q112511156", "Kathrin Kininger": "Q112525692", "Katarina Horvat": "Q112559520", "M\u00e1ria Nov\u00e1kov\u00e1": "Q112566051", "Karin Winter": "Q122451933", "Agathe Sanjuan": "Q42303673", "Gwladys Longeard": "Q42304388", "Michaela Anton\u00edn Malan\u00edkov\u00e1": "Q106984027", "M\u00e1ria Feje\u0161ov\u00e1": "Q121322817", "Maria Luisa Russo": "Q61956358", "Ren\u00e1ta Modr\u00e1kov\u00e1": "Q51074855", "Angela Chiaraluce": "Q105510865", "\u0160\u00e1rka Steinov\u00e1": "Q86976076", "Linda Ku\u010derov\u00e1": "Q95113293", "Andrea Holasov\u00e1": "Q95218068", "Irena Vesel\u00e1": "Q95112471", "Eva Uzlov\u00e1": "Q112412829", "Violaine Chall\u00e9at-Fonck": "Q42303988", "Pavla Slav\u00ed\u010dkov\u00e1": "Q95193085", "Heidemarie Bachhofer": "Q95207620", "Michaela \u0160kv\u00edrov\u00e1": "Q112387375", "Irena Moravcov\u00e1": "Q112413418", "Kathrin Sohst": "Q112503349", "Miriam Lengov\u00e1": "Q112517679", "Olga \u0160mejkalov\u00e1": "Q112526857", "Michaela R\u016f\u017ei\u010dkov\u00e1": "Q95169512", "Mark\u00e9ta Jan\u010d\u00edkov\u00e1": "Q95173554", "Anne Leblay": "Q41694846", "Giulia D'Angelo": "Q115169705", "Marie Maliv\u00e1nkov\u00e1 Waskov\u00e1": "Q95156957", "Antonia Landois": "Q95202556", "Claudia Sojer": "Q96621379", "Vanda Bayerov\u00e1": "Q112407792", "Radka Heisslerov\u00e1": "Q112421032", "Alexandra Tesa\u0159\u00edkov\u00e1": "Q112457177", "Mark\u00e9ta B\u00e1rtov\u00e1": "Q112486423", "Hana \u0158\u00edhov\u00e1": "Q112489465", "Z\u00e9na\u00efde Romaneix": "Q42307583", "Irene Rabl": "Q113737756", "Giovanna Lambroni": "Q61751299", "V\u011bra Dvo\u0159\u00e1\u010dkov\u00e1": "Q95146759", "Franti\u0161ka Jirousov\u00e1": "Q12017735", "Blanka \u010cechov\u00e1": "Q112555182", "Claire Martin": "Q42304395", "Kate\u0159ina Lemberkov\u00e1": "Q112488807", "Katalin Simon": "Q108731098", "Miroslava Novotn\u00e1": "Q112418567", "Anna Pavl\u00edkov\u00e1": "Q112420554", "Martina Beranov\u00e1": "Q112421033", "Otakara \u0158ebounov\u00e1": "Q112431272", "Sandra Knieb": "Q112564046", "Carina Schmidt": "Q113845870", "Anastasia Iline": "Q41988861", "Claudia Seyfried": "Q113835214", "\u00c8ve Jullien": "Q116281335", "H\u00e9l\u00e8ne Cavali\u00e9": "Q42308009", "Eloisa Azzaro": "Q113468068", "Eva Chod\u011bjovsk\u00e1": "Q95440748", "Lenka Klukov\u00e1": "Q95451735", "Anne Rochebouet": "Q42307575", "Pavl\u00edna Nem\u010d\u00edkov\u00e1": "Q112418566", "Dana Vrz\u00e1kov\u00e1": "Q112439373", "J\u00falia Pavlov\u00e1": "Q112509542", "Martina Jank\u016f": "Q112517318", "Anna Maria Adamus": "Q112521688", "Diana Ascher": "Q113838217", "Eli\u0161ka Pavl\u00e1skov\u00e1": "Q106983368", "Sina Westphal": "Q75021056", "Jana Slab\u011b\u0148\u00e1kov\u00e1": "Q95110470", "Ad\u00e9la \u0160milauerov\u00e1": "Q95177428", "Alena Vrbov\u00e1": "Q112421590", "Miroslava Ku\u010derov\u00e1": "Q112487247", "Oxana Kosenko": "Q112492637", "Julia R\u00f6ssel": "Q119984482", "Justine Berli\u00e8re": "Q42308211", "H\u00e9l\u00e8ne Maurin": "Q88548307", "St\u00e9phanie Roussel": "Q42308331", "Hannah Rita Laue": "Q113823328", "Lucie Vavre\u010dka Kempn\u00e1": "Q95377706", "Tanja Martelanc": "Q65963482", "Valentina Atturo": "Q95114835", "Anne-Claire Joulie-Champion": "Q42309042", "Ma\u00efwenn Bourdic": "Q83545024", "Annekathrin Miegel": "Q95213953", "Hana Seichterov\u00e1": "Q112418568", "Mark\u00e9ta R\u016f\u010dkov\u00e1": "Q112483418", "Katar\u00edna B\u00e1ny\u00e1szov\u00e1": "Q112512906", "Nathalie Guillod": "Q42309035", "Veronika Truksov\u00e1": "Q95144622", "\u00c9l\u00e9onore Alquier": "Q42308360", "Elizabeth R. Leggett": "Q112516995", "Veronika J\u00e1chimov\u00e1": "Q112517387", "Eva N\u011bme\u010dkov\u00e1": "Q112525300", "Monika Bizo\u0148ov\u00e1": "Q112541821", "Magdalena Heruday-Kie\u0142czewska": "Q112563862", "Anne Alonzo": "Q42308357", "Alice Motte": "Q42309088", "Marie Laperdrix": "Q42310278", "Alessia Francone": "Q113753227", "Mark\u00e9ta Sko\u0159epov\u00e1": "Q95164256", "Anna Pe\u0159inov\u00e1": "Q95479404", "Diana E. Marsh": "Q89107007", "Gabriela Romanov\u00e1": "Q112478328", "Laura Walker": "Q112522213", "Pauline Gendry": "Q42309832", "Yvonne Arras": "Q113721880", "Jana Tempelhoff": "Q113835809", "Olga Ivashkevitsh": "Q110880610", "Jana Z\u00e1\u0161kodov\u00e1": "Q95458166", "Eva Jindrov\u00e1": "Q95181960", "Lucie Je\u0159\u00e1bkov\u00e1": "Q112547947", "Jitka Mare\u010dkov\u00e1": "Q95180059", "Lucie Dorsy": "Q42309762", "Alena Hejtmanov\u00e1": "Q112446739", "Pavla Hasilov\u00e1": "Q112494812", "Zs\u00f3fia K\u00e1d\u00e1r": "Q117258681", "Marine Zelverte": "Q42309667", "Tabea Mu\u00dfgnug": "Q113823258", "Jana Hlavov\u00e1": "Q112486517", "Nikola Mich\u0148ov\u00e1": "Q112511376", "Lenka Va\u0161kov\u00e1": "Q112517408", "Eli\u0161ka Havlov\u00e1": "Q112523577", "Adriana N\u00e1pravn\u00edkov\u00e1": "Q112554141", "Elsa Cherbuy": "Q42309552", "Tereza Johanidesov\u00e1": "Q106983252", "Elena Gonnelli": "Q114247203", "Krist\u00fdna Ba\u0159inov\u00e1": "Q95464000", "Marie Landelle": "Q42309861", "Emmanuelle Giry": "Q41661505", "Lucie Rajlov\u00e1": "Q95401751", "C\u00e9cile Figliuzzi": "Q88548273", "Eli\u0161ka Hospaskov\u00e1": "Q112552881", "Jana Va\u0148kov\u00e1": "Q112488185", "Kate\u0159ina Fantov\u00e1": "Q112342995", "Charlotte Maday": "Q104215559", "Mark\u00e9ta Tobolov\u00e1": "Q112497163", "Barbora Nov\u00e1kov\u00e1": "Q112525050", "Alessandra Lancellotti": "Q105548885", "Lucrezia Signorello": "Q113759182", "Nikola R\u016f\u017ei\u010dkov\u00e1": "Q112550340", "So\u0148a Topi\u010dov\u00e1": "Q112550030", "Laura Fortuny Bonet": "Q116200948", "Kate\u0159ina Proch\u00e1zkov\u00e1": "Q95451532", "Kate Doyle": "Q33112217", "Dolores Cabra": "Q35485328", "Pilar Lled\u00f3 Collada": "Q41711139", "Klara Deecke": "Q105836600", "Giuseppina Boiani Tombari": "Q109670302", "Nathalie Thibault": "Q110062773", "Irmtraut Schmid": "Q1673054", "Krystyna Marczewska": "Q21497292", "Caterina Sarrovira": "Q20101754", "Sandra Coram-Mekkey": "Q22919887", "Sybille Eyer Degennes": "Q23531585", "\u05e9\u05e8\u05d4 \u05e4\u05e8\u05d9\u05d3\u05dc\u05e0\u05d3\u05e8": "Q25491450", "Simone Goubet": "Q35830691", "Odette Helleu": "Q35839436", "Razoharinoro": "Q35858909", "Claire Tissot": "Q35880115", "Monique de Nomazy": "Q36008588", "Annie Lafforgue": "Q36009275", "Anne-Marie Couvret": "Q36037979", "Lucie Roux": "Q36042328", "Anne-Marie Larnaudie": "Q36140885", "Fran\u00e7oise Vignier": "Q36141991", "Jeannine Charon-Bordas": "Q36142428", "Sylvie Giraud": "Q36158386", "Janine Irigoin": "Q36174767", "H\u00e9l\u00e8ne Laverdure": "Q36331565", "Rose Crow": "Q38558223", "Marie-Fran\u00e7oise Limon-Bonnet": "Q40873309", "Mireille Lamarque": "Q40876003", "Claudine Renou-Fages": "Q41969348", "Corinne Potay": "Q42298952", "Marion Humbert": "Q42304238", "Violette Rouchy-L\u00e9vy": "Q42307940", "Magali Duchesne-Lach\u00e8vre": "Q42308058", "Mathilde Koskas": "Q42308113", "Vanessa Szollosi": "Q42308186", "Am\u00e9lie Foulet": "Q42309393", "Viviane Fritz": "Q42309396", "Jeanne Mallet": "Q42309431", "Aude Seillan": "Q42309459", "H\u00e9l\u00e8ne Zettel": "Q42309509", "Pauline Antonini": "Q42309514", "Mathilde Le Roc'h-Morg\u00e8re": "Q42309610", "Armelle Mestre": "Q42309627", "Nicole Patureau": "Q42316402", "B\u00e9n\u00e9dicte Grailles": "Q42316473", "\u00c9lisabeth Pietri": "Q42316577", "Annette Sahraoui": "Q42317342", "Tamara Pr\u00e9aud": "Q42319268", "Catherine Marion": "Q42319446", "\u00c9liane Carouge": "Q42325579", "Catherine Prade": "Q42326735", "Marie Gallup": "Q42326803", "Martine Constans": "Q42326975", "\u00c9velyne Camara": "Q42327283", "H\u00e9l\u00e8ne Prax": "Q42327408", "Martine Illaire": "Q42328523", "Sylvie Claus": "Q42329335", "Armelle \u00c9mery": "Q42337374", "Lucile Barbat": "Q42337669", "Aude Roelly": "Q42338461", "Agn\u00e8s Chablat-Beylot": "Q42338796", "Patricia Guyard": "Q42339088", "Agn\u00e8s d'Angio-Barros": "Q42341421", "Marie-Laure Robinson": "Q42341509", "Valentine Weiss": "Q42342248", "Nathalie Rogeaux": "Q42343152", "Emmanuelle Guelfucci": "Q42343723", "Mireille Jean": "Q42343972", "Fr\u00e9d\u00e9rique Pilleboue": "Q42344636", "Claire Sibille de Grimo\u00fcard": "Q42345343", "Martine Corn\u00e8de": "Q42351361", "Genevi\u00e8ve \u00c9tienne": "Q42352607", "Claude Laude": "Q42352792", "Anne-Lise Rey-Courtel": "Q42353383", "Odile Jurbert": "Q42353608", "Nicole Le Pottier": "Q42365860", "Sylvie Clair": "Q42366057", "Anne Catherine Marin": "Q42369246", "Nicole Even": "Q42369472", "Sylvie Nicolas": "Q42370124", "Isabelle Nathan-Ebrard": "Q42371886", "Odile Welfel\u00e9": "Q42372482", "Natalie Bonnet": "Q42373737", "Pascale Marouseau": "Q42374488", "Agn\u00e8s Masson": "Q42374605", "Isabelle Maurin-Joffre": "Q42374632", "Isabelle Chiavassa": "Q42375050", "Isabelle Le Masne de Chermont": "Q42375777", "Dominique Taffin": "Q42376480", "Isabelle Carbonnel": "Q42378133", "Juliette Nunez": "Q42378851", "Isabelle Vernus": "Q42380404", "Katell Augui\u00e9": "Q42380659", "Marigeorges Allabert": "Q42380742", "Florence Boucard": "Q42380788", "Anne Goulet": "Q42380864", "H\u00e9l\u00e8ne Servant": "Q42381127", "Marguerite-Marie Carof": "Q42407528", "Marthe Villeneuve": "Q42407827", "Brigitte Lesne": "Q42589022", "Tanya Pearson": "Q43648846", "Ivana Kub\u00ed\u010dkov\u00e1": "Q44732261", "Ruth Ginsburg": "Q46381003", "Margaret Poulter": "Q47526169", "Christiane Lamoussi\u00e8re": "Q50358156", "Caroline Shenton": "Q50374981", "Anne Gavois": "Q51077210", "Jeanne Grall": "Q55628923", "Mar\u00eda Jes\u00fas Fortes Al\u00e9n": "Q55864457", "Gwen Rhiannon Prys Norman": "Q56181815", "Pascale Bugat": "Q56651446", "Lise Carretero": "Q56707541", "Jenny Bergensten": "Q58130572", "Kimberly Anderson": "Q58234526", "Alice D'Albis": "Q58483007", "Cassie Findlay": "Q58822869", "Anthea Skinner": "Q58823561", "Louise Trott": "Q58825782", "Lise Summers": "Q59203949", "Celia Emmelhainz": "Q59274821", "Sarah Wickham": "Q60942030", "Anna Buruma": "Q61455830", "Kitty But": "Q61748197", "Mar\u00eda Mata Caravaca": "Q61751288", "Eva Roca Marqu\u00e8s": "Q61955412", "Pepita Ravent\u00f3s": "Q61955413", "Francesca Delneri": "Q61956378", "Monica Martignon": "Q61956395", "Francesca Capetta": "Q61957976", "Ellen van der Waerden": "Q61959290", "Dana M. Miller": "Q63213271", "Jennifer Meehan": "Q63441021", "Jacquelyn K. Sundstrand": "Q64212343", "Luisa Schiavone": "Q64958576", "Elisabetta Insabato": "Q65498726", "Rita Notarianni": "Q65499674", "Elvira Gerardi": "Q65499848", "Cecilia Ghelli": "Q65517087", "Marilyn Little": "Q65521652", "Ann E. Butler": "Q65546179", "Francesca Ghersetti": "Q65561490", "Marina Raffaeli": "Q65612055", "Barbara Allegranti": "Q65613222", "Azzurra Aiello": "Q65613239", "Margherita Martelli": "Q65665366", "Nada \u010cibej": "Q65977187", "Marija \u010cipi\u0107 Rehar": "Q65977704", "Lu\u010dka Mlinari\u010d": "Q65984042", "Zdenka Semli\u010d Rajh": "Q66002203", "Maria Favila Vieira da Cunha Paredes": "Q67604169", "Margarida Leme": "Q67604507", "Manuela Barausse": "Q68432120", "Aubrey Gemignani": "Q70751664", "Fiona Blackburn": "Q71951900", "Anne Klein": "Q72196617", "Anna Pia Maissen": "Q73248307", "Claudia Engler": "Q73248989", "Darja Koc\u00e1bov\u00e1": "Q75089817", "Elizabeth Pessek": "Q80618311", "Carole Renard": "Q80944841", "Elisabeth Leedham-Green": "Q81051230", "Miroslava F\u016frov\u00e1": "Q85088582", "Carla Cioffi": "Q85720343", "Aafke Brunt": "Q86825201", "Corinne Porte": "Q88548265", "Julie Deslondes": "Q88548272", "Emmanuelle Foucher-Lefebvre": "Q88548301", "Ingrid Utchaou": "Q88548313", "Isabelle Foucher": "Q89671856", "H\u00e9l\u00e8ne Guichard-Spica": "Q89683659", "Gilliane Kern": "Q91668555", "Margaret D. Young": "Q92395621", "Martina Kliner-Fruck": "Q93864487", "Mary R Davis": "Q93980564", "Anneliese D\u00fcsing": "Q95186403", "Dorothea Klingner": "Q95191661", "Marianne Wenger": "Q95648276", "Piroska R. M\u00e1th\u00e9": "Q95648433", "Barbara Gerstein": "Q95648992", "Roswitha Schlecker": "Q95649527", "Annelies H\u00fcssy": "Q95652221", "Natascha Noll": "Q95655859", "Stefanie Albus-K\u00f6tz": "Q95657360", "Gisela M\u00fcller": "Q95657440", "Sabine Beate Reustle": "Q95657886", "Renate Heinrich": "Q95672196", "Hannah Hien": "Q95672260", "Kathrin Schaper": "Q95672322", "Klara Mann": "Q95684304", "Christine B\u00fchrlen-Grabinger": "Q95687418", "Eva R\u00f6del": "Q95697202", "Kornelia Rennert": "Q95697714", "Susanne Wanninger": "Q95747225", "Martina Bauernfeind": "Q95747259", "Gabriele Unverferth": "Q95747300", "Beate Berger": "Q95748156", "Annekatrin Schaller": "Q95748717", "Birgit Richter": "Q95748732", "Doris-Maria Vittinghoff": "Q95750582", "Edeltraud Weber": "Q95751387", "Carla Giacomozzi": "Q95751459", "Astrid K\u00fcntzel": "Q95751722", "Maria Kobold": "Q95756671", "Margit Scholz": "Q95756675", "Pamela Henson": "Q96034706", "Annett Bresan": "Q96054311", "Amandine Contet": "Q96626695", "Karine Berthaud": "Q96626846", "Alix Charpentier": "Q97059018", "Ruby Reid Thompson": "Q97672297", "Rebecca Fraimow": "Q98077204", "Angela White": "Q98690685", "Jennie Hill": "Q100148280", "Silke Sch\u00f6ttle": "Q100497264", "Natacha Tourseiller": "Q101550753", "Cornelia Sch\u00f6rg": "Q102312396", "Elisabeth Thomas": "Q103331703", "Melania Zanetti": "Q103916542", "Maria Maiorano": "Q103946217", "Diane Baillargeon": "Q104466946", "Luisa Gonz\u00e1lez Rodr\u00edguez": "Q104600456", "Rosario Parra Cala": "Q104602843", "Mar\u00eda Jes\u00fas Cuesta Escudero": "Q104614254", "Mar\u00eda Teresa Triguero": "Q104616282", "Rosario Mart\u00edn-Montalvo y San Gil": "Q104616581", "Eumelia S\u00e1mano Guill\u00e9n": "Q104617334", "Monica Pierulivo": "Q104661459", "Jacqueline Ursch": "Q104670338", "Mary C. Hill": "Q104776654", "Elisabetta Segna": "Q105475698", "Giovanna Bosman": "Q105510857", "Maria Antonia Colomar Albajar": "Q105569906", "Maria Assunta Pimpinelli": "Q105852477", "Mary Alice Harper": "Q106118403", "Whitney Henderson": "Q106215878", "Alessandra Giovenco": "Q106241473", "Raffaella Maria Zaccaria": "Q106267203", "Sara Mori": "Q106432419", "Nancy Rose Hunt": "Q106452453", "Mari\u00e9tou Diongue Diop": "Q106677683", "Isotta Scandaliato Ciciani": "Q106684870", "Anna Maria Corbo": "Q106778735", "Ren\u00e1ta Klva\u010dov\u00e1": "Q106984407", "Doris Meijler": "Q107187259", "Anabella Barroso": "Q107203921", "Gina Douglas": "Q107376676", "Laura Giambastiani": "Q107395594", "Chiara Lucrezio Monticelli": "Q107506119", "Tiziana Di Zio": "Q107527265", "Sarah Higgins": "Q107676555", "Julie Mathias": "Q107676582", "\u041c\u0430\u0440\u044c\u044f\u043c \u041a\u0430\u0437\u0435\u043c\u043e\u0432\u043d\u0430 \u041a\u0443\u0441\u0442\u043e\u0432\u0430": "Q108140766", "Maddalena Taglioli": "Q108368756", "Pasqualina Adele Marzotti": "Q108655550", "Serafina Bueti": "Q108668924", "Maddalena Corti": "Q108668926", "Mariangela Rapetti": "Q108764335", "Ellen N. Bouton": "Q108806830", "Maria Teresa Piano Mortari": "Q108867639", "Alice Eley Jones": "Q108875382", "Simona Turriziani": "Q108897051", "Sandra Miehlbradt": "Q109299857", "Chiara Bernardini": "Q109323428", "Sonia Puccetti": "Q109355601", "Eva Merino Flecha": "Q109546918", "Carmen L\u00f3pez Sanchidri\u00e1n": "Q109547647", "Joanie Dehullu": "Q109586612", "Ada Arrieta": "Q109589789", "Inger Lyngdrup N\u00f8rg\u00e5rd": "Q109767950", "Kathleen Bertrem": "Q109878107", "Concetta Damiani": "Q109944110", "Adelaide Maresca Compagna": "Q110014405", "Stefania D'Aquino di Caramanico": "Q110258882", "Diane Blake": "Q111009985", "Liana Saginati": "Q111336036", "Patrizia Tosini": "Q111413431", "Beatrice Biagioli": "Q111435071", "Dorothy Berry": "Q111467510", "Angela Lanconelli": "Q111472809", "Luigia Attilia": "Q111511088", "Hannah Mettner": "Q112107650", "Anna Blackman": "Q112108087", "Ezelinda Altieri Magliozzi": "Q112111074", "Susan Huntington": "Q112130470", "Joanna Rayska-Milosz": "Q112130602", "Concetta Giamblanco": "Q112309294", "Agnese Mandrino": "Q112389603", "Chiara Quaranta": "Q112500980", "Paddianne Neely": "Q112607715", "Linda A. Ries": "Q112794994", "Mar\u00eda del Carmen Cayetano Mart\u00edn": "Q112844797", "Mar\u00eda Magdalena Merlos Romero": "Q112863439", "Antonella Parmeggiani": "Q113013171", "Jane Birkin": "Q113357297", "Maude-Emmanuelle Lambert": "Q113385443", "Elke Di\u00dfelbeck-Tewes": "Q113734959", "Sharalyn D. Howcroft": "Q113735865", "Jill Redford": "Q113736743", "Lorraine Parsons": "Q120614943", "Sarah Wearne": "Q113739066", "Angela Erbacher": "Q113748396", "Isabella Becherucci": "Q113748961", "Carmela Kahlow": "Q113749748", "Corinna Wandt": "Q113751109", "Gesine Parzich": "Q113752128", "Laetizia Puccio": "Q113752377", "Rita Pezzola": "Q113752519", "Lieve de Mecheleer": "Q113752982", "Rita Bogdanova": "Q113753647", "Stephanie Haberer": "Q113758565", "Judith Curthoys": "Q113758870", "Bibiana Candela Oliver": "Q113759752", "Am\u00e9lie Isoz": "Q113761672", "Monica Vlaicu": "Q113775446", "Dagmar Kicherer": "Q113776055", "Elke-Ursel Hammer": "Q113783497", "Elisabetta David": "Q113793141", "Serena Di Nepi": "Q113794149", "Susanne Kaup": "Q113797131", "Simonetta Ceglie": "Q113797385", "Ellie Pridgeon": "Q113797757", "Andrea Wittkampf": "Q113797787", "Elisabeth Zacherl": "Q113814485", "Claudia Mai": "Q113830292", "Julia Lederle-Wintgens": "Q113838955", "Michaela D\u00fcllmann": "Q113841884", "Jolene Chu": "Q113842197", "Martina Knichel": "Q113845501", "Marie Sch\u00f6ntag": "Q113846914", "Kate Topham": "Q114145381", "Katherine Wisser": "Q114344972", "Fernanda Perrone": "Q114603439", "Janet Bunde": "Q114692889", "Jennifer A. Marshall": "Q114712625", "Jennifer King": "Q114713172", "Jennifer Osorio": "Q114713179", "Jill M. Tatem": "Q114731266", "Jillian Ewalt": "Q114731296", "Karen M. Lamoree": "Q114771744", "Leah Broaddus": "Q114797896", "Cristina Gramuglia": "Q114836247", "Lucile Douchin": "Q115219722", "Anastas\u00ec\u00e2 Lean\u00ecda\u01d4na Salan\u02b9ko": "Q115533198", "Hannah Henthorn": "Q115662432", "Suzanne Paul": "Q115707337", "Mary E. Janzen": "Q116547458", "Shawn(ta) Smith-Cruz": "Q116690305", "Javiera Manzi": "Q116694916", "Ane Teilauea": "Q116768559", "Anna Gulbransen": "Q116771142", "Julian Chonigolo": "Q116776093", "Jill Tatum": "Q116780598", "Gloria A. Thompson": "Q117188089", "Andr\u00e9e Despy-meyer": "Q117188149", "Elaine D. Engst": "Q117192117", "Judith Fortson-Jones": "Q117193409", "Zinaida Ponomarenko": "Q117254770", "Bettina Fischer": "Q118180742", "Eva Richtrov\u00e1": "Q118289865", "Laura Levantino": "Q119810278", "Pavla Lutovsk\u00e1": "Q120575274", "Jitka B\u00edlkov\u00e1": "Q120584942", "Zuzana Ka\u010derov\u00e1": "Q120595406", "Jana Schwallerov\u00e1": "Q120595533", "Jana Pt\u00e1\u010dkov\u00e1": "Q120596864", "Anna Jago\u0161ov\u00e1": "Q120597103", "Martina Kvardov\u00e1": "Q120597104", "Bruna Colarossi": "Q120599626", "Martina \u0160lancarov\u00e1": "Q120600309", "Barbora Poppov\u00e1": "Q120600464", "Hana Vobr\u00e1tilkov\u00e1": "Q120601933", "\u0160\u00e1rka Ma\u0161kov\u00e1 Janotov\u00e1": "Q120602066", "Pavla Kar\u00e1skov\u00e1": "Q120602647", "Pavla Jirkov\u00e1": "Q120602794", "Jana Fuksov\u00e1": "Q120602799", "Dana Mare\u0161ov\u00e1": "Q120603224", "Anett Lentwojt": "Q120603779", "Tereza Pruchov\u00e1": "Q120605082", "Veronika Dou\u0161ov\u00e1": "Q120606030", "Michaela Bortlov\u00e1": "Q120606709", "Erika Mrhalov\u00e1": "Q120606897", "Gabriela Pavli\u0161ov\u00e1": "Q120607526", "Jana Dob\u0161\u00ed\u010dkov\u00e1": "Q120607529", "Al\u017eb\u011bta Blatn\u00e1": "Q120607530", "Dana L\u00e9wov\u00e1": "Q120608025", "Petra Ponzerov\u00e1": "Q120608636", "Hana Vani\u0161ov\u00e1": "Q120609564", "Susanne Uslu-Pauer": "Q120609852", "Eva Havl\u00edkov\u00e1": "Q120610070", "Martina Peka\u0159ov\u00e1": "Q120610592", "Romana Petrun\u010d\u00edkov\u00e1": "Q120611576", "Michaela Bu\u010dkov\u00e1": "Q120615723", "Hana Drozdov\u00e1 Vrchotick\u00e1": "Q120615834", "Aneta Knotkov\u00e1": "Q120616271", "Petra \u0158ez\u00e1\u010dov\u00e1": "Q120616648", "Danielle Chadych": "Q120964806", "Christine Kiconco": "Q122181932", "Lillian Ariso": "Q122181934", "Beatrice Aliba": "Q122181936", "Sylvia Namujuzi": "Q122182199", "Dianah Kacunguzi": "Q122182200", "Elizabeth Gow": "Q122311191", "Alena Rodrov\u00e1": "Q122513663", "Esther Baur": "Q122581839", "Paola Poli": "Q122851496", "Lerato Mokoena": "Q122982877", "Esther Olembe": "Q123002794", "Petra Rauschenbach": "Q123010487", "Laina Amadhila": "Q123115266", "Hannelore Landsberg": "Q123287267", "Malvina Comte": "Q123382488", "Lucie Barcalov\u00e1": "Q124051496", "Haneen al-Umsiu": "Q124297077", "Ilaria Marcelli": "Q124335617", "C\u00e9line Alazard": "Q124393519", "Maria Sabrina La Pusata": "Q124547127", "Sarah Cadorel": "Q124624013", "Albarica Mascotti": "Q124653761", "Carlotta Benedetti": "Q124707788"}