{"Sarra Valerius": "Q60829550", "Alida de Savignac": "Q57826950", "Lina Jaunez": "Q97129149", "Mathilde Kindt": "Q30124563", "Anna Spier": "Q94754545", "Alice M. G. Pattison": "Q109858571", "Irene Leopold": "Q5401091", "Jeanne Duportal": "Q51954583", "Ria Schmujlow-Claassen": "Q42529442", "Antonietta Maria Bessone Aureli": "Q88982354", "Maria Viola": "Q21259526", "Lucienne Florentin": "Q44741914", "Helen W. Henderson": "Q113489548", "Maud Dale": "Q75075717", "Albertine Draaijer-de Haas": "Q1969974", "Konstancja St\u0119powska": "Q96238024", "Czes\u0142awa Endelmanowa-Rosenblattowa": "Q83269978", "Giuseppina Fumagalli": "Q107104939", "Magdeleine Dayot": "Q47501227", "Alexandra Ankwicz-Kleehoven": "Q98709403", "Mar\u00eda Luisa Caturla": "Q28739009", "Vlasta Ku\u010derov\u00e1": "Q95212788", "Yvonne Allendy": "Q50414411", "Marcelle Berr de Turique": "Q67204859", "Sara Malvar": "Q9074527", "Jenny-Laure Garcin": "Q64390933", "Izabella Ginzburg": "Q112432649", "B\u00e9r\u00e9nice Geoffroy-Schneiter": "Q113762980", "Mathilde Visser": "Q99192589", "Elena \u00dbl\u02b9evna Fehner": "Q48964358", "Elina Norandi": "Q30448997", "Renata Stradiotti": "Q61482322", "Marie Nas\u0165a Kr\u00e1slov\u00e1": "Q95175268", "Ekaterina Robertovna Klasson": "Q4223091", "Nina Yavorskaya": "Q55656720", "\u0413\u0443\u0437\u0443\u043d \u041e\u043b\u044c\u0433\u0430 \u042e\u0434\u0456\u0432\u043d\u0430": "Q123402096", "Rivka Kaznelson": "Q6936979", "Frank Matzke": "Q94739114", "Fernanda Wittgens": "Q3742869", "Gerda Eichbaum": "Q63975298", "Jadwiga Siekierska": "Q96059414", "Sylvia de Leon Chalreo": "Q100146225", "G\u00e9raldine Bourbeau": "Q86119187", "Marguerite Rebatet": "Q56273462", "Maria Luisa Gengaro": "Q59630528", "Edith Hoffmann": "Q19997500", "Anna Oelmacher": "Q109876729", "Elena Bassi": "Q3721387", "Anna Masarykov\u00e1": "Q21993922", "\u0116leonora Petrovna Gomberg-Verzhbinskai\ufe20a\ufe21": "Q112416194", "Elisa Steenberg": "Q102939458", "Vira Svientsitska": "Q12151196", "Licia Ragghianti Collobi": "Q59629582", "Effie Ferentinou": "Q14927537", "Annikki Toikka-Karvonen": "Q106224016", "Eleonora Costescu": "Q12727512", "Veronika Michajlovna Vi\u0161nevskaja": "Q112434311", "Ren\u00e9e Boullier": "Q105808421", "Maria Netter": "Q94774362", "Madeleine Jarry": "Q59533066", "M\u00e1ria Boz\u00f3ky": "Q20477986", "Magda van Emde Boas-Starkenstein": "Q95174270", "Maria Rzepi\u0144ska": "Q11769134", "Eila Pajastie": "Q28356926", "Jaya Appasamy": "Q29378386", "Elvira Cassa Salvi": "Q107545752", "Doris Schmidt": "Q94738124", "Andr\u00e9e Paradis": "Q111011920", "K\u00e4the Ehrlich": "Q94770114", "Vanda Ekl": "Q104062319", "Jeanine Warnod": "Q30236053", "Vera Alexander": "Q106471667", "Dorothea Christ": "Q94769587", "Dora Vallier": "Q24284603", "Irena Jakimowicz": "Q59528530", "Gabriella Drudi": "Q113734066", "Nena Ossa": "Q130249302", "Stefania Bril": "Q9345502", "\u0160pelca \u010copi\u010d": "Q12807298", "Ga\u013cina Inga K\u0101rkli\u0146a": "Q120498027", "Lara Vinca Masini": "Q104829813", "Tatiana Pavlovna Kaptereva": "Q4213243", "Raquel Tibol": "Q6100511", "Charlotte Lichtblau": "Q96749969", "Alice Bellony": "Q68100920", "Lyudmyla Milyayeva": "Q12131326", "Susanne Heiland": "Q19754119", "Anne Cauquelin": "Q2851009", "Lucie Schauer": "Q1873351", "\u041c\u0430\u0440\u0438\u0458\u0430 \u041f\u0443\u0448\u0438\u045b": "Q16084773", "Irmtraud Schaarschmidt-Richter": "Q94773049", "Adina Nanu": "Q18542381", "Jana Hofmeistrov\u00e1": "Q95362547", "Yelena Levina": "Q105199907", "Ida Cardellini": "Q117795015", "Eleonora \u0160turma": "Q54971706", "Mady Epstein": "Q94441111", "Mirella Bandini": "Q118920002", "Elisabet Stavenow-Hidemark": "Q4980102", "Eva Petrov\u00e1": "Q95214249", "Ludmila Hartmannov\u00e1 Kybalov\u00e1": "Q25936249", "Elda Fezzi": "Q15311545", "Luigina Rossi Bortolatto": "Q88818844", "Patricia Malarcher": "Q106629643", "Margareta Zirra": "Q51104147", "Akiko Hyuga": "Q26220484", "Mar\u00eda Teresa Ortega Coca": "Q107575863", "Anna Konstantinovna Antonova": "Q112431935", "Laure Ghorayeb": "Q116738145", "Inge Teder": "Q12364549", "Mariya Chegodayeva": "Q4508173", "Nonna Surenovna Stepanjan": "Q112455081", "Marie \u010cern\u00e1": "Q112351216", "Nona Stepanyan": "Q25486761", "Stella Bazazianz": "Q76428226", "Rosa Mar\u00eda Ravera": "Q107618848", "Matko Me\u0161trovi\u0107": "Q110066752", "Alena Kone\u010dn\u00e1": "Q95172453", "Corinne Robins": "Q111513146", "Ingrid Wenzkat": "Q95190847", "Danuta Wr\u00f3blewska": "Q16334982", "Elisabeth Jappe": "Q1330017", "Deloris Lehman Tarzan": "Q122830041", "Olghina Di Robilant": "Q3881646", "Renate Puvogel": "Q56556995", "Elpida M\u0113tropulu": "Q113717586", "Jeanine Rivais": "Q88558991", "Valda Vil\u012bte": "Q109865099", "Svetlana Chervonnaya": "Q101476347", "Sigun Melander": "Q59593235", "Mercedes Marina": "Q104440590", "Heliane Bernard": "Q3129693", "Anny De Decker": "Q22235874", "G. S. (Galina Sergeevna) Churak": "Q112431851", "Willemijn Stokvis": "Q2277657", "Mailis Stensman": "Q73268384", "Natalia Brodskaya": "Q4096772", "Giovanna Rotondi Terminiello": "Q3766272", "Marisa Vescovo": "Q112505303", "Maria Dzier\u017cy\u0144ska": "Q11768823", "Annemarie Podlipny-Hehn": "Q101216", "Anne Tronche": "Q2851301", "Mercedes Gordillo": "Q125339051", "Valentina A. Kryuchkova": "Q76903677", "Ludmila Toma": "Q112487795", "Anna Iozzino": "Q106646986", "Betty van Garrel": "Q97777068", "Silvia de Ambrosini": "Q10900099", "Rosa Queralt Dom\u00e9nech": "Q52841102", "Monika Steinhauser": "Q112517744", "Mar\u00eda de Corral": "Q85431010", "Tat\u2018jana Glebovna Malinina": "Q109491306", "Irma Arestiz\u00e1bal": "Q3802062", "Maurizia Tazartes": "Q56249157", "Olga Larnaudie": "Q21198533", "Irina Suboti\u0107": "Q112478126", "Carmen Rocamora": "Q126937567", "Marina Bari\u010devi\u0107": "Q56840055", "Margit \u00c1cs": "Q1469221", "Motoko Nakagawa": "Q11364928", "Ky\u014dko Michishita": "Q11641600", "Irene Herner Reiss": "Q59269093", "Brigitte Stephani": "Q67203525", "Elena Klepikova": "Q28498219", "Mai Levin": "Q18625037", "Daniela Mr\u00e1zkov\u00e1": "Q11774257", "Viktoria Markova": "Q15072041", "Fiorella Minervino": "Q93261263", "Halyna Stelmashchuk": "Q12157671", "Ingamaj Beck": "Q16505197", "Helene Lassalle": "Q106188944", "Simonetta Lux": "Q111383086", "Inger Fredriksson": "Q75094840", "Anna Fedorovna Nekrylova": "Q112442942", "Teresa Jab\u0142o\u0144ska": "Q112454361", "Ursula Panhans-B\u00fchler": "Q112543955", "Amine Haase": "Q113796926", "Nina Sayenko": "Q12150852", "Ruxandra Garofeanu": "Q54933410", "Florence de M\u00e8redieu": "Q3074047", "Agnieszka Morawi\u0144ska": "Q9142379", "Mahulena Ne\u0161lehov\u00e1": "Q92040707", "Maria Ang\u00e9lica Melendi": "Q45310637", "Elen\u0113 Baropulu": "Q95202063", "Gislind Nabakowski": "Q95208440", "Hanne Weskott": "Q95210992", "Jana Wisniewski": "Q117383610", "Caroline Tisdall": "Q104833190", "Yvonne Carbonaro": "Q105337250", "Irina Sanda Cajal-Marin": "Q51076276", "Mar\u00eda del Mar Arn\u00fas de Urruela": "Q51360267", "Claudia Cieri Via": "Q93230369", "Clemencia Lucena": "Q42902798", "Marie M\u017eykov\u00e1": "Q95147072", "Julia S\u00e1ez-Angulo": "Q42106487", "Anna Tilroe": "Q106505979", "Petra Halkes": "Q112427403", "Renee Baert": "Q112499990", "Ann Davis": "Q112558562", "Monika Spiller": "Q124848736", "Kazue Kobata": "Q11518387", "Liesbeth Waechter-Bohm": "Q84054549", "Aline Figueiredo": "Q125907473", "Maila-Katriina Tuominen": "Q18633789", "Zuzana Barto\u0161ov\u00e1": "Q12780868", "Lyubov Gurevich": "Q32361835", "Maria Hussakowska-Szyszko": "Q11768903", "Anne-Marie Duguet": "Q23926331", "Franca Zava Boccazzi": "Q59631159", "Natalia Ivanovna Anikina": "Q97165339", "Lenka \u017di\u017ekov\u00e1": "Q95076676", "Irina Vakar": "Q18785972", "Fumiko Yosano": "Q11613322", "Tatiana Oro\u00f1o": "Q19721966", "Jana \u0160mejkalov\u00e1": "Q95378970", "Sarah Breitberg-Semel": "Q1530268", "Annelise Zwez": "Q110221856", "Aude De Kerros": "Q2870711", "Marja-Terttu Kivirinta": "Q29419209", "Bojana Peji\u0107": "Q93431316", "J\u00falia Cserba": "Q124848800", "Branka Hlevnjak": "Q16114971", "Maja Kr\u017ei\u0161nik": "Q65963117", "Francesca Alinovi": "Q3749356", "Christina Lodder": "Q17057215", "Mariv\u00ed Otero": "Q105396482", "Bianca Tosatti": "Q3639401", "Anne-Marie Morice": "Q115037579", "Claudia Herstatt": "Q1097509", "Lola Garrido": "Q93431870", "Barbara Murray": "Q3634659", "Miyabi Taniguchi": "Q11632763", "Sirje Helme": "Q16405654", "Lucyna Skompska": "Q109334435", "Veselka \u0160orli Puc": "Q95673798", "Christine Frisinghelli": "Q105565405", "Rosa Maria Pi\u00f1ol": "Q20727639", "Gloria Picazo Calvo": "Q29167949", "Monika Ma\u0142kowska": "Q30902675", "L\u00e9a Chauvel-L\u00e9vy": "Q46604109", "Sabrina Silamo": "Q46937557", "Ingrid Adler": "Q95207828", "Marion Zilio": "Q98285360", "Natal\u2018ja Nikolajevna \u0160eredega": "Q112547829", "Oulimata Gueye": "Q116068568", "Aomi Okabe": "Q11473802", "Yelena Kurlyandtseva": "Q4248547", "Dominique Ferriot": "Q33221615", "Maria Potocka": "Q11768698", "Larysa Finkielshteyn": "Q18043856", "Laurence Debecque-Michel": "Q112054467", "Jana Ger\u017eov\u00e1": "Q112367788", "Gabriela Ha\u0161\u010d\u00e1kov\u00e1-Vizdalov\u00e1": "Q112423101", "Sa\u0161a Simeonova Lozanova": "Q112520149", "Yvonna Boh\u00e1\u010dov\u00e1": "Q95392222", "Pavla Pe\u010dinkov\u00e1": "Q95166734", "\u00c1gnes Ha\u00e1sz": "Q109545456", "Vo\u013aha Laba\u010de\u016dskaja": "Q108066899", "Ewa Mikina": "Q7943058", "Bo\u017eica Jelu\u0161i\u0107": "Q12628229", "Vict\u00f2ria Combalia i Dexeus": "Q11954705", "Katerina Vatsella": "Q18334626", "Ellen Pearlman": "Q112545288", "Mona Thomas": "Q3320067", "Mayumi Tsuruoka": "Q11675970", "Natalija Aleksandrova": "Q97273495", "Conny Rojas San\u00edn": "Q117860958", "Marie Klime\u0161ov\u00e1": "Q95444756", "Noemi Smolik": "Q111152364", "Mariam Didebulidze": "Q109321376", "Reet Varblane": "Q17447080", "Angelika Affentranger-Kirchrath": "Q64176757", "Nawojka Cie\u015bli\u0144ska-Lobkowicz": "Q95196185", "Susanne Neuburger": "Q112437198", "Branka Stipan\u010di\u0107": "Q112520267", "Anna Maria Guasch": "Q2850557", "Mar Villaespesa": "Q110779519", "Elena Andreevna Ankudinova": "Q4066499", "Anu Liivak": "Q16406511", "Maria Luisa Frisa": "Q107414104", "Afaf Al-Sadiq": "Q47092717", "Natsumi Kuga": "Q11369357", "Nelida Nemec": "Q12797389", "Miriam Fileti Mazza": "Q108047962", "Tatyana Goryacheva": "Q16514919", "Eva Pohl": "Q93096053", "Tami Katz-Freeman": "Q12412114", "Rosa Olivares": "Q25411129", "Gloria Bosch Mir": "Q29959049", "Th\u00e9r\u00e8se St-Gelais": "Q86522543", "Laura Mascardi": "Q94488459", "Hedvig Turai": "Q112484706", "Gertrud Sandqvist": "Q112497979", "Simone R\u00fcmmele": "Q124849201", "Janneke Wesseling": "Q76741654", "Eva Karcher": "Q106653082", "Cath\u00e9rine van Houts": "Q110081233", "Angelika Stepken": "Q113762756", "K\u00e1llai Katalin": "Q124596753", "Dominique Abensour": "Q89670496", "Rosella Carloni": "Q125210033", "Margarita Tupitsyn": "Q1895197", "Ivanka Gergova": "Q102460883", "Elena Pontiggia": "Q3721482", "Dorota Folga-Januszewska": "Q11694867", "Pilar Garcia Sedas": "Q19301596", "Pilar Bonet": "Q47844176", "May-Ling Chang": "Q111590567", "Dominique Baqu\u00e9": "Q112461215", "Sabine Arlitt": "Q6450275", "Susana Benko": "Q55506527", "Caroline de Peyster": "Q27876179", "Marina Perchikhina": "Q4359409", "Pilar Parcerisas Colomer": "Q16943438", "A\u00edda Balta": "Q112409367", "Tat\u2018jana Levina": "Q112547824", "Phylis Johnson": "Q112551123", "Maria \u0141opuch": "Q112565212", "Dominique von Burg": "Q124847651", "Rosario Sarmiento": "Q129903178", "Michiko Kasahara": "Q11599843", "Marta Gili": "Q3295094", "Menene Gras Balaguer": "Q19301170", "Krystyna Czerni": "Q11748668", "Sylvie Couderc": "Q110125645", "Monica Ferrando": "Q93220054", "Lidia Reghini di Pontremoli": "Q112156250", "Midori Matsui": "Q112237918", "Pantxika B\u00e9guerie-De Paepe": "Q112521868", "Leena Kuumola": "Q125679570", "Yukiko Shikata": "Q11419899", "Anna Yurievna Chudetskaya": "Q124064601", "Giovanna Uzzani": "Q106781853", "Stanislawa Zacharko": "Q60295379", "El\u017cbieta Jolanta Ko\u015bcielak": "Q83269982", "Lynn Crawford": "Q112512710", "Mar\u00eda Dolores Jim\u00e9nez-Blanco": "Q6003620", "Catherine de Smet": "Q2942131", "Angela Vettese": "Q3616785", "Katar\u00edna Rusn\u00e1kov\u00e1": "Q95079410", "Olesia Avramenko": "Q19918147", "Sylvie Boulanger": "Q23006348", "Guadalupe Casasnovas": "Q52594641", "Celina Lunsford": "Q93387357", "Belinda Grace Gardner": "Q95207021", "Els van der Plas": "Q110623402", "Anne Beyaert-Geslin": "Q112512148", "Julija Lozzi Barkovi\u0107": "Q112554883", "Marisa Bartolucci": "Q124854228", "Stella Rollig": "Q6536296", "Lenka Lindaurov\u00e1": "Q95138174", "Faina Balakhovskaya": "Q19060785", "Gunilla Grahn-Hinnfors": "Q106856739", "\u00c2ra Bubnova": "Q12299788", "Adrienne Samos": "Q51048703", "Dorota Monkiewicz": "Q112509216", "Chus Tudelilla": "Q96623924", "Petra van Cronenburg": "Q113400192", "Diana Wechsler": "Q5805189", "Asta Gini\u016bnien\u0117": "Q113823985", "Susanna Rafart i Corominas": "Q19301895", "Ingrid Suckaer": "Q20745633", "Josephine Bosma": "Q27928521", "Sonia Pelletier": "Q87485324", "Vittoria Crespi Morbio": "Q95097723", "Sabine Graf": "Q95197386", "Isabelle Graw": "Q969268", "Sandra Kri\u017eic Roban": "Q111473052", "Fran\u00e7oise Monnin": "Q123261553", "Maria Hirvi-Ij\u00e4s": "Q10577184", "Antonella Gioli": "Q110586783", "V\u00e9ronique Mauron": "Q95202430", "Barbara Hofmann": "Q95205811", "Yvonne Volkart": "Q113399004", "Lea Mattarella": "Q114160280", "Sophie Braganti": "Q63077792", "Paola D'Alconzo": "Q111985910", "Nina Gurianova": "Q4152580", "Martina Corgnati": "Q3850168", "Martine Lacas": "Q106882546", "Elona Lubyt\u0117": "Q124856302", "Cecilia Liveriero Lavelli": "Q106728403", "Nadja Zgonik": "Q12797239", "Zitta Sultanbaeva": "Q65129492", "Dominique Malaquais": "Q39959139", "Emma Sanguinetti": "Q28065868", "Montse Badia": "Q11937509", "Cristiana Perrella": "Q76448185", "Susana Cend\u00e1n Caaveiro": "Q100699864", "Liisa V\u00e4h\u00e4kyl\u00e4": "Q106323773", "Sibylle Omlin": "Q111983310", "Astrid Wege": "Q112548272", "Montse Frisach i Carmona": "Q125739621", "Elena Vozmediano": "Q5829252", "Ruxandra Balaci": "Q12739670", "Elke aus dem Moore": "Q20751999", "Y\u014dko Hayashi": "Q11533166", "Inga \u0160teimane": "Q75089853", "Martina Cavallarin": "Q19984644", "Christine Redfern": "Q104451987", "Solvita Krese": "Q50378623", "Mateja Medvedi\u010d": "Q59558796", "Neus Mir\u00f3": "Q107273173", "Ilona Ma\u017eeikien\u0117": "Q124854976", "Angela Kingston": "Q124855953", "\u0409\u0443\u0431\u0438\u0446\u0430 \u0408\u0435\u043b\u0438\u0441\u0430\u0432\u0430\u0446 \u041a\u0430\u0442\u0438\u045b": "Q20437287", "Eugenia Kikodze": "Q4220431", "Milena Vjatsjeslavovna Orlova": "Q4336747", "Val\u00e9rie Lamontagne": "Q64633280", "Huiqing Xie": "Q64897194", "Franziska Leeb": "Q112523087", "Alessandra Nicifero": "Q112539789", "Elvan Zabunyan": "Q28870396", "Soko Phay": "Q24930692", "Susana Blas Brunel": "Q25411139", "Annett Busch": "Q95210737", "Magdalena Lewoc": "Q111989132", "Sandi Bulimba\u0161i\u0107": "Q112553966", "\u90ed\u662d\u862d": "Q113451886", "Roser Messa Freixas": "Q116984828", "Alice M\u017eykov\u00e1": "Q95466289", "Katrin Kivimaa": "Q12366616", "Magali Arriola": "Q30300040", "Macha S\u00e9ry": "Q47005993", "Anithe de Carvalho": "Q108142378", "Aida Abad\u017ei\u0107 Hod\u017ei\u0107": "Q13081179", "Martina Pachmanov\u00e1": "Q27898901", "Agn\u0117 Naru\u0161yt\u0117": "Q12647107", "Edith Je\u0159\u00e1bkov\u00e1": "Q112405448", "Marta Lock": "Q63563746", "Ana Elena Mallet": "Q26692013", "Sa\u0161a Nabergoj": "Q65963665", "Agata Araszkiewicz": "Q112553852", "Patricia de Bollivier": "Q125959858", "Ekaterina Dmitrievna Klimova": "Q104888098", "Maddalena Spagnolo": "Q107029522", "Anita Wincencjusz-Patyna": "Q112514613", "Izabela Kowalczyk": "Q11714676", "Giedr\u0117 Mick\u016bnait\u0117": "Q12655408", "Esther Buss": "Q95188945", "Ulrike Matzer": "Q112558603", "Mari Hashimoto": "Q11544085", "Elena Filipovic": "Q59529764", "Camilla Granbacka": "Q113733820", "Fabienne Dumont": "Q28466468", "Eva Grinstein": "Q107486837", "Maja Naef": "Q112556230", "Anna Pravdov\u00e1": "Q95152983", "Camille de Singly": "Q116480243", "S\u00edlvia Mu\u00f1oz d'Imbert": "Q17036907", "Petra Han\u00e1kov\u00e1": "Q47514045", "Vesela Nozharova": "Q101013573", "Pirkko Rathgeber": "Q112474485", "Vladim\u00edra B\u00fcngerov\u00e1": "Q112511966", "Ana Marian": "Q112536394", "Amanda Cuesta": "Q26869310", "Marta Santacatterina": "Q128627917", "Mark\u00e9ta \u017d\u00e1\u010dkov\u00e1": "Q95153431", "Triin Ojari": "Q59421664", "Astrid la Cour": "Q117314280", "Mery Cuesta": "Q6011224", "Imma Prieto": "Q20003249", "Ma\u0142gorzata Czy\u0144ska": "Q48870293", "Francesca Recchia": "Q63184694", "Anna Mitu\u015b": "Q83269985", "Almudena Blasco Vall\u00e9s": "Q104733420", "Ann Demeester": "Q2293760", "CHENG Yueh-Hsiu Giffen": "Q20064178", "Petra Kap\u0161": "Q124628489", "Marta Smoli\u0144ska": "Q85134072", "Iolanda Pensa": "Q19938997", "Polona Kunaver Li\u010den": "Q124646067", "Magdalena Kinga Ljung": "Q4945552", "Marta Boscolo Marchi": "Q106206536", "Petja Grafenauer": "Q18643042", "Rosanna Gangemi": "Q112555076", "Sinziana Ravini": "Q61159706", "Lori Waxman": "Q61780980", "Nata\u0161a Petre\u0161in-Bachelez": "Q65768681", "Susanna Horvatovi\u010dov\u00e1": "Q95372225", "Kateryna Botanova": "Q20066040", "Beatriz Espejo Arce": "Q70783669", "Ma\u0142gorzata Ludwisiak": "Q77199949", "Margherita D'Ayala Valva": "Q104587208", "Lucia Lendelov\u00e1": "Q95142150", "\u00c1nxela Caram\u00e9s": "Q89572323", "Jana Bohut\u00ednsk\u00e1": "Q112398225", "Anu Allas": "Q111744631", "Dil\u2018\u0161at Doganovna Charman": "Q112544492", "Maria-Kristiina Soomre": "Q104655596", "Anna Kr\u00f3l": "Q18067573", "Ivana Bago": "Q105803992", "Nina Steinm\u00fcller": "Q112474488", "Jessica Ana\u00efs Savoia": "Q112538021", "Sofia Bagdasarova": "Q47443191", "Elena Agudio": "Q123249048", "Marie Ha\u0161kovcov\u00e1": "Q95157133", "Kristina Krasnyanskaya": "Q55101971", "Ritta Baddoura": "Q49116835", "Marta Mestre": "Q99733186", "Emilie Bouvard": "Q120616638", "Marija Aleksandrovna Machan\u02b9ko": "Q113786740", "Haizea Barcenilla Garcia": "Q87345966", "Maud Jacquin": "Q112520962", "Magdalena Zi\u00f3\u0142kowska": "Q105137691", "Olga Garbuz": "Q105346346", "Silvie \u0160eborov\u00e1": "Q95374903", "Roula Khoury": "Q65251319", "Federica Bueti": "Q112501111", "Julija Fomina": "Q112547477", "Anna Pataczek": "Q112555835", "Laura McLean-Ferris": "Q122227733", "Julie Crenn": "Q46603852", "Liisa Kaljula": "Q99284274", "Marisol Salanova": "Q117804172", "L\u00e9a Bismuth": "Q108731227", "Marta Lisok": "Q112488249", "Barbara Vujanovi\u0107": "Q112541406", "Diana Klepoch Majd\u00e1kov\u00e1": "Q112564683", "Ad\u00e9la Machov\u00e1": "Q95139612", "Sanneke Huisman": "Q106210517", "Julia Ram\u00edrez Blanco": "Q112478362", "Kadri Asmer": "Q61110763", "Romana Vesel\u00e1": "Q95458252", "\u0160elda Pu\u0137\u012bte": "Q108530197", "Larissa Kikol": "Q112565878", "Kiss Georgina": "Q125852995", "Elke Couchez": "Q116858966", "Tereza Jindrov\u00e1": "Q112536653", "Maria Bordorff": "Q113505648", "Tina Polia\u010dkov\u00e1": "Q117751171", "Ane\u017eka Bartlov\u00e1": "Q95109451", "Baby Sol\u00eds": "Q122240866", "Eva Elise Oll": "Q113661286", "Santa Mi\u010dule": "Q109366781", "\u8607\u90c1\u5fc3": "Q113452365", "Ad\u00e9la Jan\u00ed\u010dkov\u00e1": "Q114402363", "Eva Barois de Caevel": "Q42298321", "Agnieszka Doma\u0144ska": "Q112554072", "Miroslava Urbanov\u00e1": "Q120616420", "Piret Karro": "Q61111084", "Maria Helen K\u00e4nd": "Q112065891", "Nat\u00e1lie Drtinov\u00e1": "Q116371510", "Kaarin Kivir\u00e4hk": "Q61110791", "Cl\u00e0udia Rius i Llorens": "Q80915773", "Elisabetta De Blasi": "Q109910582", "Alessandra Pioselli": "Q15629916", "Haruko Matsumoto": "Q11531124", "Cecilia Martinelli": "Q19357370", "Helen Lambert": "Q21467191", "Elise Grilli": "Q27051177", "El pap\u00e1 Juan Pablo II": "Q27834766", "Carla Acevedo-Yates": "Q30295354", "Lupe \u00c1lvarez": "Q30299890", "Fr\u00e9d\u00e9rique Joseph": "Q55623955", "Olesya Turkina": "Q59994877", "Agnieszka K\u0142os": "Q62523551", "Polona \u0160kodi\u010d": "Q65964568", "Vesna Ter\u017ean": "Q65966198", "Helen L. Kohen": "Q67931489", "Marga Perera": "Q82511842", "Celia McGee": "Q85770217", "Ntora \u0112liopulu-Ronkan": "Q95751525", "\u00c9lisabeth V\u00e9drenne": "Q95756500", "Sigrid Feeser": "Q95756631", "Deborah K. Dietsch": "Q96395921", "Chun-Liang, LiuTaiwanese artist": "Q98481394", "Ilaria Bonacossa": "Q105549431", "Pei Yu Chen (Doris)": "Q105658228", "Ay\u015feg\u00fcl G\u00fc\u00e7han": "Q105687902", "Charlotte Cosson": "Q105740083", "Emmanuelle Luciani": "Q105740085", "Bo\u017cenna Stok\u0142osa": "Q105857353", "Anne Rouhiainen": "Q106988310", "Carolee Thea": "Q108896982", "Mercedes Lazo": "Q109313802", "Michela Scolaro": "Q110221815", "Lilly Wei": "Q110806593", "Daniela Labra": "Q111153351", "Judith Russi Kirshner": "Q111731249", "Maddalena Vaccaro": "Q111820526", "Monika Nowakowska": "Q111833103", "Linda Sch\u00e4dler": "Q112012281", "Clotilde Paternostro": "Q112110774", "Ludovica Sebregondi": "Q112121698", "Patty Harris": "Q112188956", "Maria Giovanna Mancini": "Q112571822", "Piera Giovanna Tordella": "Q112663663", "\u738b\u54c1\u9a4a": "Q113451828", "Claudia Gioia": "Q113793004", "Magdalena Kr\u00f6ner": "Q113801368", "Natal\u02b9ja \u010cermalych": "Q113836534", "\u00c9lisabeth Couturier": "Q114297814", "Tessa Laird": "Q115047206", "Char, Ying-lam Evelyn": "Q115621667", "Matilde Battistini": "Q116170311", "R\u00e9gine Debatty": "Q116215745", "Ren\u00e9e Steenbergen": "Q118136898", "Marie Canet": "Q118370059", "Jo Dahn": "Q120615206", "Lucia Rossi": "Q120878519", "Aleksandra Zbroja": "Q122208506", "Prudence Carlson": "Q122463199", "Alexandra Anderson-Spivy": "Q123116800", "Anna Miles": "Q123129411", "Natividad Pulido": "Q124680773", "Birgit Sonna": "Q125208468", "Fran\u00e7oise Jaunin": "Q125209264", "Ileana Pintilie Teleag\u0103": "Q125209776", "Corinne Elsesser": "Q125210247"}