{"Bertrande Senges": "Q18500378", "Hazel Keyes": "Q124398974", "Mathilde Airault": "Q113666405", "Edna Eddy": "Q106966900", "Yevdokiya Anatra": "Q4064976", "Beatrice Catharina de Rijk": "Q51320766", "Sofie Driancourt": "Q28358086", "Yvonne Blondel": "Q118950500", "Augusta Van Buren": "Q109485085", "Suzanne Bourquin": "Q50804825", "Ada Williams Keddie": "Q107406777", "Gertrude Robins": "Q120836032", "Domnikiya Kuznetsova-Novoleynik": "Q4245122", "Dulcibella Clifford": "Q76100540", "Lena Hill": "Q108459598", "Yelena Samsonova": "Q4407056", "Mildred Katherine Leith": "Q75517548", "Germaine L'Herbier-Montagnon": "Q3104194", "Ioana Cantacuzino": "Q50984830", "Maupia Ju": "Q112582250", "Michelle Auriol": "Q3311398", "Molly Olney": "Q67678855", "Marjorie Spiller": "Q96279073", "Agathe Saulmann": "Q116122443", "Maggie Florman": "Q4948361", "Janina D\u0142uska": "Q4162664", "Dorothy Dorothy": "Q106414401", "Diane Boswell": "Q55431653", "Constance Hahn": "Q128123015", "Jeanne Tissot": "Q113665112", "Marjorie Crawford": "Q114727273", "Gretchen Frances Hahnen": "Q20720196", "Beryl Hart": "Q115461148", "Suzanne Lippens": "Q55823672", "Eleanor Isabella Slade": "Q75923360", "Ane\u017eka Form\u00e1nkov\u00e1": "Q95179879", "Mar\u00eda Pilar Losada Toyr\u00e1n": "Q105773522", "Adela Guffanti": "Q108791271", "Christl-Marie Schultes": "Q22693865", "Bernice Gertrude Blake Perry": "Q128190089", "Karolina Borchardt": "Q48854536", "Myriam Stefford": "Q6035203", "Mariya Mikhailyova": "Q4298029", "\u013dudmila \u0160apo\u0161nikovov\u00e1 Aujesk\u00e1": "Q105750335", "Harriet F\u00f8rslev": "Q62067055", "Kristina Gori\u0161ek Novakovi\u0107": "Q18608736", "Eli\u0161ka Ham\u0161\u00edkov\u00e1-Hartmanov\u00e1": "Q124151967", "Virginia Du\u021bescu": "Q51309550", "Karin Mannesmann": "Q63486025", "Irina Burnaia": "Q16593212", "Ana Fre\u00fcller Valls": "Q106514795", "Agniya Polyantseva": "Q4371561", "Marie Krupi\u010dkov\u00e1": "Q95448742", "Virginia Thomas": "Q64483178", "Esther Mather": "Q125865487", "Lee Jeong-hui": "Q16097138", "Amy Gwendoline Caldwell": "Q55766451", "Edm\u00e9e Jarlaud": "Q3048162", "Lucille M. Dingley": "Q108171817", "Raimunda El\u00edas Marca": "Q125858863", "Naomi Christy": "Q110647420", "Florence J. Murphy": "Q106315338", "Hedvig Nordvall": "Q116445568", "Birgit Th\u00fcring": "Q98380165", "Mariya Runt": "Q4400154", "Arlette Higounet-Nadal": "Q50307579", "Elida Carl\u00e9s": "Q28974303", "Mae B. Boettcher": "Q123109667", "Zizi du Manoir": "Q116863767", "\u041b\u044e\u0431\u043e\u0432\u044c \u0418\u043b\u043b\u0430\u0440\u0438\u043e\u043d\u043e\u0432\u043d\u0430 \u0421\u0438\u0437\u044b\u0445": "Q120556599", "Margarita Ratsenskaia": "Q109492295", "Helen Heron-Maxwell": "Q75970005", "Krystyna Klimaszewska": "Q95469666", "Vera Lomako": "Q4266102", "Berta Servi\u00e1n de Flores": "Q94509217", "Inna Roostfeld": "Q12364587", "Ida Genty-Rossi": "Q51930849", "Marie Mountain Clark": "Q94410585", "Tineke de Veer": "Q110656205", "Suzanne Humphreys": "Q70233755", "Olga Klepikowa": "Q6505282", "Yae Nozoki": "Q11410228", "Ninel Gharajyan": "Q20512893", "Zofia Turowicz": "Q9391877", "Maria Teresa Cassini": "Q3847551", "Varvara Lyashenko": "Q4272856", "Jane Champlin": "Q106106692", "Lyubov Ulyanova": "Q20742496", "Lyubov Olkovskaya": "Q4334314", "Maria dos Santos": "Q48861745", "Phyllis Dunning": "Q105858241", "Nini Boesman": "Q62075465", "Vera Tarasova": "Q4451708", "Praskovya Prokopyeva": "Q4380381", "Mariya Kulkina": "Q4246544", "Ilita Daurova": "Q63892115", "Baver Dzhafarova": "Q4159987", "Yelena Salikova": "Q15087183", "Lidiya Svistunova": "Q4410923", "Monique Agazarian": "Q116153745", "Sofiya Burzayeva": "Q4099563", "Margaret Helen (Mardi) Gething": "Q110181956", "Yevgeniya Krutova": "Q41579757", "Yevdokiya Bezmenova": "Q4080933", "Galina Dokutovich": "Q4164354", "Stela Hu\u021ban Palade": "Q50748538", "Fran\u00e7oise Marzellier": "Q42218683", "Zinaida Solomatina": "Q4428218", "Aleksandra Osmantseva": "Q4338048", "Aleksandra Khoroshilova": "Q4500151", "Anna Vysotskaya": "Q4129540", "Yuliya Pashkova": "Q4347605", "Appolinariya Zenkova": "Q4191428", "Marjory Linheart Babinetz": "Q106658871", "Hannelore Willbrandt": "Q1441309", "Marianne Glaser-Go\u00dfens": "Q113252197", "Dita Perach": "Q30527505", "Janette Poujade": "Q110246706", "Yvette Grollet-Briand": "Q42218701", "Marie E. McMillan": "Q105818028", "LouElla R. Saul": "Q111420233", "Zoharah Levyatov": "Q12407209", "V\u011bra \u0160lechtov\u00e1-\u0160pa\u010dkov\u00e1": "Q112463311", "Fiorenza de Bernardi": "Q27553457", "Colette Duval": "Q2982489", "B\u00e9n\u00e9dicte De Boysson-Bardies": "Q65679058", "Renate Kolde": "Q23765766", "Fatima Manojlovi\u0107": "Q111233500", "Cvetka Klan\u010dnik - Belin": "Q12787180", "Anna Franke": "Q20028846", "Lucy L\u00fapia": "Q10320394", "Lidia Pazio": "Q106548407", "Stanislava Vojt\u00edkov\u00e1-Jank\u016f": "Q106132664", "Wies\u0142awa \u0141anecka-Makaruk": "Q98102427", "Marina Afrikanova": "Q118545619", "Ibolya Gyimesi": "Q875692", "Lyudmila Vasilyeva": "Q55101962", "Romana Skatulska": "Q27971020", "Galina Rastorgueva": "Q4390601", "Gillian Cazalet": "Q124714614", "Zsuzsana Starkloff": "Q119247662", "Joyce Case James": "Q58801975", "Inna Kopets": "Q48963802", "\u00c1gnes Csisz\u00e1r": "Q873751", "Rosalind K. Marshall": "Q59991517", "Marilla Rigazio": "Q113458928", "Natalya Prokhanova": "Q63799940", "Kathleen M. Snaper": "Q106315834", "Jacqueline Dubut": "Q50368781", "Dhira Chaliha": "Q50384144", "Henriette Meynen": "Q106097598", "Olga Manafova": "Q19910651", "Magda S\u00e1ra": "Q852872", "Judit Pollerman": "Q1238640", "Marica Bari\u0107": "Q16380572", "Danielle D\u00e9cur\u00e9": "Q105828420", "Maria Concetta Micheli": "Q42670571", "Nina Lityushkina": "Q51669320", "O\u013ega Kova\u010di\u010dov\u00e1": "Q120576412", "Jacqueline Clerc": "Q106159074", "Elenor Conn": "Q106195323", "Ad\u00e9la\u00efde de Place": "Q70216361", "Lindsay McKenna": "Q112400215", "Beth Brookes": "Q112400216", "Anna Pia\u015bcik": "Q21524122", "Larisa Grigoriyevna Pozharskaya": "Q109491621", "Eda Laan": "Q65261664", "Yekaterina Ivanova": "Q1100407", "Maria Langer": "Q6761341", "Genevi\u00e8ve Contamine": "Q34208240", "Christiane Falbisaner-Weeda": "Q49263943", "Josephine Haddad": "Q50365785", "Janna Lambine": "Q106106698", "Joanna Ozga": "Q106521527", "Angela Bethke": "Q113955884", "Irina Adabash": "Q30880012", "Irina Rudolfovna Pronina": "Q13889299", "Galina Amelkina": "Q18235674", "Patricia Haffner": "Q105828834", "Ay\u015fe Selen": "Q47016795", "Diana Moroney": "Q18587114", "Empar Pag\u00e8s Pinsach": "Q107356608", "Margrit Orlowski": "Q110572868", "Vlasta Dibl\u00edkov\u00e1": "Q10547570", "Hana Bab\u010danov\u00e1": "Q95382868", "Andrea Amann": "Q110576954", "Chen Yan": "Q23868937", "Hana Zejdov\u00e1": "Q98668860", "Nelly Speerstra": "Q113513007", "Manja Blok": "Q57199777", "Kikuchi Ry\u014dko": "Q16521232", "Noriko Aizawa": "Q24845455", "Susanne Hessellund": "Q63059976", "Erika Armstrong": "Q24851506", "Merc\u00e8 Mart\u00ed Inglada": "Q107125121", "Ekaterina Petrovna Oreshnikova": "Q109325764", "Astrid Deira": "Q112232681", "Patricia Northrup": "Q7145774", "\u6b66\u6587\u745b": "Q24834469", "Simone Aaberg Kaern": "Q435418", "Fareea Lara": "Q13058703", "\u0631\u0648\u0632\u0627 \u0645\u0635\u0637\u0641\u0649 \u0639\u0628\u062f \u0627\u0644\u062e\u0627\u0644\u0642": "Q54875244", "Sandie Cochepain": "Q3471843", "Karine G\u00e9ly": "Q117280670", "\u9673\u6708\u82b3 (\u8ecd\u4eba)": "Q55695908", "Chen Chun-yi": "Q9366917", "Dorine Bourneton": "Q29870889", "Eva Elxa": "Q95079104", "C\u00e9line Lamour-Crochet": "Q111311120", "Hillary O'Connor Mueri": "Q105077287", "Sue Drakeford": "Q116526699", "Anne Ducarouge": "Q30349023", "Joyce Lin": "Q94370954", "Erin Anne Manzitto-Tripp": "Q19002750", "Karin Maurer": "Q1729504", "\u00c9lisa Houdry": "Q3587830", "D\u00e9bora Pontecorvo": "Q5815544", "Aude Lemordant": "Q28812306", "Lis Andriana": "Q105954749", "Fernanda G\u00f6rtz": "Q10281181", "Simona Maierean": "Q16593489", "\u00c9dith Mala Diop": "Q116212806", "Naledi Ngwato": "Q116880745", "Victoria Xipolitakis": "Q20540003", "Claire M\u00e9rouze": "Q19629819", "Ariel Tweto": "Q106522329", "Lieutenant Ouma Laouali": "Q111593050", "Anna Buchta": "Q56042360", "Paola Velasco Pinedo": "Q115380481", "\u041a\u043e\u0432\u0430\u043b\u044c\u0447\u0443\u043a \u0417\u043e\u0440\u044f\u043d\u0430 \u0421\u0442\u0435\u043f\u0430\u043d\u0456\u0432\u043d\u0430": "Q124452609", "Andrea Cruz Hern\u00e1ndez": "Q5675149", "Adeola Ogunmola Sowemimo": "Q111592749", "Yael Margelisch": "Q92621964", "El\u00e9onor Acher": "Q89421581", "S\u00e9gol\u00e8ne Vandevelde": "Q47175275", "Anna Wita\u0142a": "Q56713814", "L\u00e9a Plantureux": "Q91285511", "Sara Bellali": "Q114412011", "Nadine Kaiser": "Q19727058", "Rika Wijayanti": "Q105952202", "Erin Connor": "Q116473344", "Ayu Yoneda": "Q116945702", "Ike Ayu Wulandari": "Q105952205", "Anastasia Lenkova": "Q118185981", "\u0645\u0648\u0632\u0629 \u0622\u0644 \u0645\u0643\u062a\u0648\u0645": "Q121923874", "Jennifer Yhaye": "Q115946034", "Kafayat Sanni": "Q93493239", "Daniela Marchisio": "Q96674954", "\u0422\u0445\u044f \u0421\u0435\u043d \u0425\u0438": "Q4466912", "Saira Batool": "Q7402502", "Nadeshda Degtereva": "Q10593957", "Ruqiyy\u0259 Z\u0259rb\u0259liyeva": "Q20563105", "Jeanne Pallier": "Q27943295", "Gisele Gunepin": "Q28058601", "Maria de Freitas": "Q28678017", "J\u00falia Pestana": "Q28678019", "Ana Burnay Aranha": "Q28678020", "Ester Portugal": "Q28678021", "Maria Ghira": "Q28678022", "Fran\u00e7oise Delpeut": "Q28678024", "Madhusmita Patnaik": "Q29167536", "Judith Street": "Q30011658", "Catherine Crouch": "Q35331644", "Leonie Roos": "Q47217962", "Maria Amaral": "Q48861741", "Radmila Tonkovich": "Q51670650", "Urszula Kandziora": "Q56651323", "Ewa Mokrosz": "Q56700901", "Pallavi Mohapatra": "Q61750489", "Fatma Said": "Q61926774", "Nancy Vermeulen": "Q65921594", "Kate J. Herford Boeckh": "Q66712205", "Kathleen Mullen Ellis": "Q70140616", "Jennifer Jahye": "Q87003531", "Adine Ossebi": "Q87003726", "Anupriya Lakra": "Q87268817", "Reine Bareille": "Q87840895", "Fellie Mkandawire": "Q88304700", "Emily S. Nelson": "Q89574829", "Vera Butler": "Q91258366", "Faith Moyo (PhD)": "Q91728443", "Claudine Karlin": "Q95877288", "Daphne Poynter": "Q96193588", "Eileen Drake": "Q97531953", "Marlene Nogueira": "Q99803109", "Jenny Dillon": "Q103865409", "Kim Csizmazia": "Q106370067", "Joanna Biedermann": "Q106504898", "Kgomotso Phatsima": "Q106640395", "Madame Bittorf": "Q107683417", "Anne Pimlott Baker": "Q108120743", "Beatrice De Smet": "Q108135645", "Rebecca K Erenrich": "Q108267895", "Orlina Asparuhova": "Q108475728", "Beverly Pakii": "Q108865082", "Katherine Landdeck": "Q108923695", "Mohadese Mirzaee": "Q110063049", "Ugo Zannier": "Q110600815", "Maha Al Baluchi": "Q110754674", "Sharon Hagle": "Q111440059", "Anne-Laure Michel": "Q114049799", "Deborah Joan Greaves": "Q116159530", "Linda Amin Mas'ud": "Q116690369", "Jana Sader": "Q116889901", "Francine Abadie": "Q117770658", "Suzy Lippens": "Q117774813", "Emma Bailey": "Q118983832", "Laura Shepard Churchley": "Q119792399", "Wendy Rush": "Q119831189", "Krist\u00fdna Jupov\u00e1": "Q120614256", "C\u00e9line L\u00e9andri": "Q123016170", "Isabelle Kieffer": "Q124062091", "Pavlina Pavlova": "Q124845123", "Husiena Edili Ogaji": "Q125501323", "Eva K\u0159\u00ed\u017ekov\u00e1-Havr\u00e1nkov\u00e1": "Q125579816", "Lorena Rojas Nucamendi": "Q125862842", "Bette Fineman": "Q129839801"}