{"Jytte Apel": "Q1516236", "Pam Nordheim": "Q61081358", "Aino Kallunki": "Q406062", "Tatyana Brylina": "Q3981435", "Pam Weiss": "Q65159980", "Ann Sick": "Q558739", "Tatjana Rowinskaja": "Q1629847", "Yelena Grigoryeva": "Q29865025", "D\u00f6rte Kr\u00fcger": "Q1271468", "Lyudmila Zabolotnaya": "Q6538134", "Anna Sonnerup": "Q85859465", "Patricia Zerfas": "Q15622716", "Sabiene Karlsson": "Q1338809", "Seija Hyyti\u00e4inen": "Q15478108", "Arminda Phillips": "Q688488", "Andrea Grossegger": "Q493984", "Natal'ja Sy\u010deva": "Q15260453", "Eve Vait": "Q28497035", "Irina Agolakova": "Q28664944", "Ria P\u00e4rnoja": "Q28500371", "Irene Schroll": "Q1559276", "Galina Avtaeva": "Q1492104", "Marina Vahi": "Q111337219", "Tatjana Wladimirowna Markowa": "Q2395729", "Monika Liedtke": "Q1944687", "Larisa Timchina": "Q1245383", "Irina Pugachyova": "Q55104877", "Eva Rinne": "Q28500402", "Ann Sorenson": "Q15610474", "Svetlana Panyutina": "Q14554533", "Natalia Prikazchikova": "Q521857", "Taina Murtom\u00e4ki": "Q47015671", "Sylke Hummanik": "Q2373887", "Viera Kuback\u00e1": "Q2523488", "Claudia Welscher": "Q1097867", "\u041f\u0430\u0441\u0442\u0443\u0445\u043e\u0432\u0430, \u0418\u0440\u0438\u043d\u0430 \u042e\u0440\u044c\u0435\u0432\u043d\u0430": "Q28664934", "Tracy Dooley": "Q1315198", "Irina Bykova": "Q15610581", "Olga Simushina": "Q2019674", "Tone Marit Oftedal": "Q15982439", "Nicole Hunt": "Q15610489", "Dorina Pieper": "Q1245044", "P\u00e4ivi Kallio": "Q122382121", "Piia Ven\u00e4l\u00e4inen": "Q2094719", "Irina Mileschina": "Q1672658", "Jelena Dmitrijewna Dumnowa": "Q15610433", "Elena Murashko": "Q1327898", "Nathalie Beausire": "Q202292", "Kairi P\u00e4\u00e4suke": "Q1303298", "Lynn-Marie Cranage": "Q123053407", "Tatjana Martynowa": "Q2395646", "Jill Troutner": "Q15610500", "Marina Walerjewna Guschtschina": "Q28473310", "K\u00fclli Morel": "Q124325623", "Raguell Oja": "Q124317168", "Katerina Tsiri": "Q18761344", "Anita Cruchten": "Q549599", "Tiina Mikkola": "Q436554", "Beatrix Hol\u00e9czy": "Q813277", "Ky\u014dko Yamauchi": "Q1795129", "Ji\u0159ina R\u00e1zlov\u00e1": "Q1689746", "Ilka Schneider": "Q1575237", "Julija Wiktorowna Rostowzewa": "Q1712320", "Kathi Schwaab": "Q1736259", "Nadia Peyrot": "Q1963284", "Katrin Cruschwitz": "Q1736701", "Brigitte Weisleitner": "Q916764", "Steffi Kindt": "Q109347", "Satu P\u00f6nti\u00f6": "Q16003066", "Yulia Kondratieva": "Q1712308", "Olessja Nikolajewna Tupilenko": "Q4465604", "Petra Weschollek": "Q2080390", "Larissa Nowosselskaja": "Q15610570", "Sylvia Kaden": "Q2374214", "\u0415\u043a\u0430\u0442\u0435\u0440\u0438\u043d\u0430 \u041d\u0438\u043a\u043e\u043b\u0430\u0435\u0432\u043d\u0430 \u0425\u0430\u043b\u0438\u0443\u043b\u043b\u0438\u043d\u0430": "Q39388689", "Stefania D\u2019Andrea": "Q2338123", "Iris Eckschl\u00e4ger": "Q1672724", "Licia Piller Hoffer": "Q1786118", "Annukka Mallat": "Q567393", "Olga Palikova": "Q15610424", "Tania Noakes": "Q2392575", "Evelyn Lauvstad Hanevold": "Q1381769", "Beverley Robinson": "Q851820", "Hege Nilssen": "Q1593710", "Eli Merete Melheim": "Q1289584", "Erika Lehotska": "Q2692867", "Morwenna Lane": "Q28529341", "Mira Kuisle": "Q1937894", "Alena Walkawez": "Q2640963", "Leda Abati": "Q1811488", "Niina Jyrki\u00e4inen": "Q1668703", "Hana Dost\u00e1lov\u00e1": "Q6462859", "Karianne V\u00e6ting": "Q15982433", "Yelena Safarova": "Q1228557", "Yvonne Zeibig": "Q2602451", "Iwona Grzywa": "Q15229408", "Nikki Keddie": "Q1990362", "Swjatlana Belan": "Q15610533", "Lyubov Yermolayeva": "Q1777942", "Eija Salonen": "Q533869", "Tanja Bauer": "Q1306186", "Oksana Neupokojeva": "Q449898", "Nazl\u0131 Ekici": "Q1972658", "Anna-Liisa H\u00e4kkinen": "Q16003188", "Inna Kasimova": "Q15610366", "M\u00f3nica Saez": "Q18609229", "Fay Potton": "Q1399003", "Sara Granroth": "Q2224160", "Jacqueline Akerman": "Q1677799", "Marija Borissowna Strelenko": "Q1311744", "Nataliia Tereshchenko": "Q1452599", "Arna Kolltveit": "Q15983583", "Swetlana Dementjewa": "Q2372554", "Peggy Wagenf\u00fchr": "Q98175", "Oksana Hlova": "Q15228460", "Bogumi\u0142a Kap\u0142oniak": "Q15941174", "Irena Tom\u0161ov\u00e1": "Q6572103", "Kelley Haniver": "Q1738271", "Sylvie Boudreault": "Q2374323", "Carina Barcos": "Q2665655", "Elda Piller Hoffer": "Q1308339", "Jana Meiszinglerov\u00e1": "Q2733569", "Jitka Pe\u0161inov\u00e1": "Q1689668", "Borghild Ouren": "Q377048", "Ann Helen Grande": "Q534769", "Stephania Guillemin": "Q2344109", "Janet Klein-Filbrich": "Q1352081", "Martina Hubbauer": "Q1368866", "Tetiana Rud": "Q2406666", "Jill Krause": "Q1688994", "Maija Holopainen": "Q1596060", "Becky Puiras": "Q813760", "Kornelia F\u00f6ldi": "Q1784509", "Elvira Ibraginova": "Q4955535", "Ina Hildebrandt": "Q1660839", "Natalia Artsybacheva": "Q15624418", "Nicole Nordhaus": "Q1987063", "Pirjo Urpilainen": "Q64499", "Miriam Bauer": "Q1938115", "Annik Levesque": "Q567085", "Xenija Leonidowna Malzewa": "Q1790771", "Jana Dufkov\u00e1": "Q1682486", "Jewgenija Jurjewna Michailowa": "Q1688704", "Dominique Vallet": "Q15610447", "Sanae Takano": "Q2220186", "Adrianna Babik": "Q15229382", "Anne Ingstadbj\u00f8rg": "Q274661", "Raissa Matwejewa": "Q15610406", "Denise Teela": "Q1187791", "Sarah Kamilewicz Riley": "Q2224390", "Patrycja Szymura": "Q15229423", "Galina Mezentseva": "Q1492103", "Anna Barker": "Q559651", "Dagmara Gerasimuk": "Q60836894", "Sabine Reithmeier": "Q2209872", "Elsbeth Straub": "Q2692032", "Zde\u0148ka Holisov\u00e1": "Q2603098", "Aldona Sobczyk": "Q15229427", "C\u00e9line Drezet": "Q1150397", "Jacquelyn Thiel": "Q1677838", "Yekaterina Vasilyevna Lugovkina": "Q1686606", "Erin Graham": "Q1354594", "Pavla Schorn\u00e1": "Q1321215", "Kendal Lythe": "Q1738695", "Megumi Emura": "Q1917183", "Romina Demetz": "Q1720065", "Zsuzsa Czene": "Q227378", "Sara Enqvist": "Q2224154", "Irina Fomina": "Q11713995", "Itsuka \u014cwada": "Q1675305", "Carole Leclerc": "Q2666008", "Ana Maria Palma Flandez": "Q482934", "Katsiaryna Hryhoryeva": "Q112589", "Mirlene Picin Mika": "Q1567195", "Julie Carraz-Collin": "Q274466", "Swetlana Chandohina": "Q15610378", "Kanako Noguchi": "Q1723555", "Tatjana Masunina": "Q1397351", "Natalia Loukianets": "Q1404639", "Romy Beer": "Q112194", "Petra Slez\u00e1kov\u00e1": "Q2080340", "Alanda Scott": "Q944601", "Krisztina L\u0151rincz": "Q47501498", "Beata Kie\u0142tyka": "Q813105", "Sarah Burke": "Q1677819", "Lyudmila Solomatina": "Q1866772", "Teija Lehtim\u00e4ki": "Q2400654", "Marina Bortchoukova": "Q1898220", "Gaby Willemsen": "Q1490765", "Ksenija Bodlovic": "Q1790770", "Julija Sergejewna Makarowa": "Q1550495", "Michelle Volkenrath": "Q1666013", "Maryke Ciaramidaro": "Q1350438", "Tetiana Lytovchenko": "Q15228457", "Ange Laycock": "Q530901", "Evgenia Kravtsova": "Q525324", "Berit Nordstad": "Q820700", "Ines Schweizer": "Q18596669", "Ute Niziak": "Q2503072", "Barbara Feichtner": "Q15785519", "Weronika Alexejewna Timofejewa": "Q2563279", "Sandra Flunger": "Q15843958", "Jekaterina Walerjewna Sidorenko": "Q1686604", "Leah Coxon": "Q1810570", "Anna Helene V\u00e6ting": "Q15982436", "BethAnn Chamberlain": "Q831088", "Mel Vaggers": "Q1918905", "Christiane Gredigk": "Q1082682", "Kathrin Pfisterer": "Q1736516", "Katharina Echter": "Q1735883", "Nadezhda Chastina": "Q1395542", "Natsuko Abe": "Q1969796", "Zuzana Hasillov\u00e1": "Q2605067", "Ildik\u00f3 Papp": "Q1658369", "Triin Peips": "Q1648918", "Natalja Nikolajewna Solowjowa": "Q1966257", "Anna Sergejewna Sotnikowa": "Q563245", "Stefanie Gl\u00f6ckner": "Q2338185", "Jelena Scharafutdinowa": "Q1686666", "Jenny Abraham": "Q1687012", "\u0415\u043a\u0430\u0442\u0435\u0440\u0438\u043d\u0430 \u0421\u0435\u0440\u0433\u0435\u0435\u0432\u043d\u0430 \u041a\u0430\u043c\u044b\u0448\u0438\u043d\u0430": "Q29865150", "Cheng Xiaoni": "Q2667918", "Uljana Wiktorowna Denissowa": "Q274455", "Annukka Siltakorpi": "Q6563502", "Jelena Nikolajewna Jaschkina": "Q1686652", "Megumi Izumi": "Q1917187", "Nicole Pfluger": "Q1987075", "Jana H\u00f6nig": "Q1682498", "Jenny Adler": "Q1687015", "Beatrice Gr\u00e4mer": "Q813249", "Simona Cr\u0103ciun": "Q2288001", "Anne-Lise Bailly": "Q9155907", "Mariona Aubert Torrents": "Q1899279", "Marija Sergejewna Dudakowa": "Q1898086", "Tatsiana Shyntar": "Q15148943", "Liudmyla Pysarenko": "Q1866779", "Florian R\u00fcegg": "Q18596659", "Olga Alexandrowna Prokopjewa": "Q1578624", "Pauline Jacquin": "Q2063783", "Kia L\u00e4tti": "Q1740741", "Jelena Andrejewna Plozkaja": "Q1686664", "Silvia Herrera": "Q1464101", "Jekaterina Andrejewna Krylatkowa": "Q1686596", "Kim Young-ja": "Q1741598", "Jelena Gennadjewna Dawgul": "Q1686646", "Liudmyla Sahaidak": "Q15228454", "\u0410\u0441\u0438\u044f \u041c\u0430\u043d\u0441\u0443\u0440\u043e\u0432\u043d\u0430 \u041e\u0441\u043c\u0430\u043d\u043e\u0432\u0430": "Q29865361", "Jung Yang-mi": "Q1713295", "Angelika Szrubianiec": "Q534626", "Nadeschda Alexandrowna Starik": "Q1963256", "Daniela Biechl": "Q15804533", "\u0410\u043d\u043d\u0430 \u0413\u0435\u043d\u043d\u0430\u0434\u0438\u0435\u0432\u043d\u0430 \u041a\u043e\u0440\u043e\u0431\u043e\u0432\u0430": "Q29865200", "Nastassja Hruschezkaja": "Q1389344", "Jennifer Wygant": "Q1686991", "Selina Spitz": "Q8457683", "Kaja Eckhoff": "Q11204437", "Megumi Matsuura": "Q1405314", "Iryna Nafranowich": "Q1673315", "Mervi Markkanen": "Q1262325", "Olga Michailowna Burowa": "Q1771017", "Lindsey Bolivar": "Q1522286", "Ljubow Sergejewna Petrowa": "Q1866754", "Marina Aleksandrovna Korovina": "Q972455", "Olwen Thorn": "Q1425294", "Mariya Kosinova": "Q180307", "Paulina Bobak": "Q1514223", "Zuzana Tryznov\u00e1": "Q231238", "Tiffany Tyra\u0142a": "Q2432699", "Hanna Tsvetava": "Q563482", "Nina Karasevych": "Q299240", "Outi Gr\u00f6ndahl": "Q15837973", "Svitlana Krykonchuk": "Q1488902", "Ayako Mukai": "Q792726", "Johanna Holma": "Q1696950", "Stephanie Blackstone": "Q2344128", "Naoko Azegami": "Q1701725", "Veronika Lagun": "Q2517474", "Jelena Nikolajewna Darina": "Q1686660", "Wolha Zezjaruk": "Q1619959", "Anne Preu\u00dfler": "Q565710", "Rayna Koyuva": "Q6507145", "Stephanie M\u00fcller": "Q2344213", "Anna Kunayeva": "Q530400", "Alena Schyn": "Q15782196", "Michaela Balatkov\u00e1": "Q1930003", "Viktoriya Afansieva": "Q2570084", "Olena Demydenko": "Q15837460", "Claire Breton": "Q1094782", "Melanie Schultz": "Q1622991", "Julija Wiktorowna Pantschenko": "Q1712319", "\u0410\u0440\u043d\u0430\u043a\u043e\u0432\u0430, \u0418\u0440\u0438\u043d\u0430 \u041f\u0435\u0442\u0440\u043e\u0432\u043d\u0430": "Q60837454", "Bibiana \u0160vejkovsk\u00e1": "Q856277", "Tatjana Wiktorowna Sewachina": "Q2395721", "Lauren Jacobs": "Q1807940", "Jodi Etcheverry": "Q1691279", "Birgitte R\u00f8ksund": "Q865403", "Sinja Trotter": "Q2289402", "Chantal Prosser": "Q1062411", "Helene Charles": "Q1601952", "Carolin Hennecke": "Q100627", "Pauline Macabies": "Q508749", "Dong Jung-lim": "Q1241267", "Cynthia Clark": "Q1148046", "Dilafruz Imomhusanova": "Q1030053", "Miroslava \u0160p\u00e1cov\u00e1": "Q738675", "Chu Kyoung-mi": "Q1089009", "Claude Godbout": "Q1096783", "Iryna Babetskaya": "Q1673307", "Marion Blondeau": "Q533308", "Juliane D\u00f6ll": "Q449680", "Kjersti Isaksen": "Q969907", "Yevgeniya Sedova": "Q176804", "Katrina Howe": "Q1736771", "Michela Andreola": "Q1930976", "Anne M\u00f8rkve": "Q565651", "Eli\u0161ka \u0160vikruhov\u00e1": "Q1331374", "Anna Timofeyeva": "Q563463", "Barbora Tome\u0161ov\u00e1": "Q807862", "Eline Fannemel": "Q1329537", "Tereza Hlavsov\u00e1": "Q513152", "Romana Schrempf": "Q1434986", "Marine Rougeot": "Q1599289", "Bj\u00f8rg Marit Valland": "Q879787", "Cristina Noemi Mair": "Q1140405", "Anastassija Igorewna Tokarewa": "Q164589", "Brynden Manbeck": "Q995259", "Liliya Pandurova": "Q1825140", "Anamarija Brajdi\u0107": "Q485421", "Kim Mi-seon": "Q1741545", "Karolina Pito\u0144": "Q1734217", "Sanna Eklund": "Q2222445", "Baik Mi-ra": "Q803762", "Zuzana L\u00edka\u0159ov\u00e1": "Q231205", "Stefanie Hildebrand": "Q525022", "Veronika Ho\u0159ej\u0161\u00ed": "Q1501288", "Julie Bonnevie-Svendsen": "Q125051", "Meagan Toussaint": "Q1915451", "Alexandra Wladimirowna Walischina": "Q2643697", "Susann K\u00f6nig": "Q2369021", "Emelie Larsson": "Q1335325", "Volha Alifiravets": "Q11797851", "Lenka Muclingerov\u00e1": "Q1714097", "Irina Leuchina": "Q1502419", "Lyudmila Shishkina": "Q1866777", "Iris Schwabl": "Q433195", "Marina Kovacec": "Q1898251", "Nataliia Nedashkivska": "Q1966196", "Susanna Porela-Tiihonen": "Q2369085", "Jenny Jonsson": "Q293253", "Yuliya Kapusta": "Q1711864", "Jamielee McCreadie": "Q1681427", "Inna Aleksandrovna Koerzjanova": "Q60836116", "Judith Wagner": "Q1646632", "Valentina Nazarova": "Q2542107", "Vilde Ravnsborg Gurigard": "Q2524690", "Evgenia Volkova": "Q1522547", "Darja Michaylovna Novikova": "Q55106809", "Katarzyna Jakie\u0142a": "Q1597427", "\u041a\u043e\u0437\u0430\u043a, \u0415\u043b\u0435\u043d\u0430 \u0415\u0432\u0433\u0435\u043d\u044c\u0435\u0432\u043d\u0430": "Q60835910", "Alicia Hurley": "Q1478603", "Yelena Vereshchagina": "Q60835945", "Tatjana Nikolajewna Belkina": "Q1696325", "Tatiana Vukadinovic": "Q2395555", "Laure Bosc": "Q435534", "Galina Goluschko": "Q1492107", "Eva \u0160ebov\u00e1": "Q1379583", "Lisa Voigt": "Q1827808", "Jacquemine Baud": "Q1677841", "Satu Rautiainen": "Q6533659", "Anna Hufnagl": "Q560910", "Anna Hiidensalo": "Q15963987", "Kesnia Kulikova": "Q60835973", "Betsy Mawdsley": "Q832263", "Jana Mint\u0161enkova": "Q1455673", "Elif A\u015fk\u0131n": "Q1329316", "Miillaaraq Lennert": "Q913221", "\u0410\u043b\u0435\u043a\u0441\u0430\u043d\u0434\u0440\u043e\u0432\u0430, \u0414\u0430\u0440\u044c\u044f \u0410\u043b\u0435\u043a\u0441\u0435\u0435\u0432\u043d\u0430": "Q60835836", "Irina Uslugina": "Q1672641", "Marine Dusser": "Q1898352", "Elisabeth Juudas": "Q1146303", "\u00c9lisabeth Laforest-Jean": "Q274691", "\u0410\u043b\u0435\u043d\u0430 \u0410\u0440\u0445\u0456\u043f\u0430\u0432\u0430": "Q60835383", "Silvia Georgieva": "Q2286905", "Marija Alexandrowna Demidowa": "Q1898074", "Iva Zlateshka": "Q1675870", "\u041f\u0435\u0440\u0435\u0442\u0443\u0440\u0438\u043d\u0430, \u041b\u0438\u043b\u0438\u044f \u0412\u043b\u0430\u0434\u0438\u043c\u0438\u0440\u043e\u0432\u043d\u0430": "Q60835630", "Maiju P\u00f6ysti": "Q1885331", "Asenka Hadschiewa": "Q723736", "Elisabeth Mayer": "Q2691944", "Julija Walerjewna Sasonowa": "Q15071098", "Kathryn Stone": "Q1736543", "Angela Salvi": "Q533253", "Jessica Sedlock": "Q1688265", "Kim Adolfsson": "Q1552574", "Sarianna Repo": "Q1618231", "Kerstin Muschet": "Q1739681", "Niviaq Berthelsen": "Q1171269", "Doralina Runceanu": "Q1243712", "Jo In-hee": "Q283757", "Galina Nechkasova": "Q4318327", "Beata Szyma\u0144czak": "Q813109", "Magdalena K\u0119pka": "Q1883800", "\u0425\u0440\u0438\u0441\u0442\u043e\u043b\u044e\u0431\u043e\u0432\u0430, \u0410\u043d\u0430\u0441\u0442\u0430\u0441\u0438\u044f \u0410\u043b\u0435\u043a\u0441\u0430\u043d\u0434\u0440\u043e\u0432\u043d\u0430": "Q60835355", "Ksenija Pljaskina": "Q1790778", "Isabelle Abran": "Q1350335", "Aliona Sosunova": "Q1572394", "Kim Seon-su": "Q1741568", "Ala Talkach": "Q1655657", "Karina Sawossik": "Q1729596", "Marie Hov": "Q1897377", "Aljona Sergejewna Schilenko": "Q1598415", "Marya Kozlovskaya": "Q994502", "Nastassia Kalina": "Q183013", "Kateryna Tseselska": "Q1735843", "Ulla Waldhuber": "Q1255104", "Galina Okolzdayeva": "Q4332639", "Ada Ringen": "Q346289", "Ane Sandaker Kvittingen": "Q528610", "Judit F\u00fcleki": "Q1669829", "Ramona D\u00fcringer": "Q1700744", "Kao Yi-Ching": "Q1288323", "Nicole W\u00f6tzel": "Q125028", "Lea Johanidesov\u00e1": "Q1490480", "Amadeja Tera\u017e": "Q18598974", "Jessica Biggs": "Q15078080", "Dafinka Koeva": "Q1157134", "Hilary McNamee": "Q1618117", "Tetiana Trachuk": "Q1260263", "Ane Skrove Nossum": "Q528614", "Marielle Molander": "Q1640498", "Corrine Malcolm": "Q1135362", "Diana Mihalache": "Q1208860", "Tatjana Wadimowna Kasakowa": "Q1520942", "Aleksandra Alikina": "Q2643640", "Lucia \u0160imov\u00e1": "Q1873228", "\u0411\u0435\u043b\u043e\u0441\u043b\u0443\u0434\u0446\u0435\u0432\u0430, \u041b\u0430\u0440\u0438\u0441\u0430 \u0412\u043b\u0430\u0434\u0438\u043c\u0438\u0440\u043e\u0432\u043d\u0430": "Q60835373", "Jelena Novosela\u010d": "Q1686661", "Martina Darmov\u00e1": "Q15071072", "Grit Otto": "Q1110755", "Olga Alexandrowna Schesterikowa": "Q1479409", "Yekaterina Smirnova": "Q1686602", "Svetlana Perminova": "Q4351479", "Simona Bonewa": "Q2287988", "Jelena Radivojevi\u0107": "Q1287148", "Tana Chesham": "Q2391973", "Leonie Hendrickson": "Q1111664", "Ma Wei": "Q15853824", "Addie Byrne": "Q352927", "Anna Suraeva": "Q18588030", "Arisa Goshono": "Q663506", "Denise Feiersinger": "Q1187756", "Katarzyna Leja": "Q1735621", "Nataliya Tikhonova": "Q1389724", "Larisa Kuznetsova": "Q1805963", "Grace Boutot": "Q1541027", "Violeta Krusharska": "Q2527463", "Vasya Stoimenova": "Q2552169", "Raphaela Sulzbacher": "Q15841752", "Andrea Mayo": "Q15078069", "Krista Berg": "Q22916745", "Anna Shcherbinina": "Q18643544", "Natalja Alexandrowna Jerjomitsch": "Q1479073", "Carolin Leunig": "Q6511908", "Thordis Arnold": "Q2428884", "Maria Bukowska": "Q1895745", "Lenka \u0160lechtov\u00e1": "Q1773209", "Park Ji-ae": "Q6528894", "Elena Iarkova": "Q15071094", "Ilonca Leijn": "Q23636149", "Anna Dreyeva": "Q560155", "Margarita Vasileva": "Q47453314", "Marion R\u00f8nning Huber": "Q1899238", "Zs\u00f3fia Bakos": "Q227411", "Christina Maierhofer": "Q1083216", "Elena Georgieva": "Q1327865", "Aljona Wiktorowna Iljinych": "Q14251487", "Anna Nikulina": "Q15783532", "Kristina Smirnova": "Q19207481", "Molly Susla": "Q1751730", "Darja Nestertschik": "Q4317842", "Giulia Collavo": "Q6457452", "Olga Iakushova": "Q4537344", "Nihan Erdiler": "Q1989865", "Ludmila Hork\u00e1": "Q28958236", "Sabrina Schnedl": "Q15843713", "Rieke de Maeyer": "Q28946446", "\u041f\u0435\u0440\u043c\u0438\u043d\u043e\u0432\u0430, \u0412\u0438\u043a\u0442\u043e\u0440\u0438\u044f \u041b\u0435\u043e\u043d\u0438\u0434\u043e\u0432\u043d\u0430": "Q55106780", "Ladina Meier-Ruge": "Q2754145", "Juliette Lazzarotto": "Q1712298", "Lena Sch\u00e4fer": "Q1817341", "Anna Wikstr\u00f6m": "Q19368616", "Vivijana Papic": "Q2529120", "Emma Lodge": "Q1338059", "Susanna Meinen": "Q19414850", "Jelena Wladimirowna Badanina": "Q913158", "Chardine Sloof": "Q164250", "Anne-Tine Markset": "Q17103762", "Sne\u017eana Borov\u010danin": "Q15962021", "Anastasiya Kalei": "Q487009", "Fabienne Hartweger": "Q1390431", "Andrea Hor\u010dikov\u00e1": "Q494105", "Aksana Shymanovich": "Q16054245", "Aliona Lutsykovich": "Q15782431", "Florina Ioana C\u00eerstea": "Q1430148", "Anna Svedin-Thunstr\u00f6m": "Q18596641", "Emmi Floor": "Q15963984", "Krist\u00fdna \u010cern\u00e1": "Q6455646", "Kim Seo-ra": "Q1611621", "Karolina Banel": "Q1734208", "Alexandra Sassina": "Q19364683", "Hallie Grossman": "Q29841113", "Kim Kyung-nam": "Q1741528", "Christina Kiourkenidou": "Q1083193", "Frida Strand Kristoffersen": "Q15810512", "Erin Yungblut": "Q18585186", "Niya Dimitrova": "Q1528485", "Maryia Kolesen": "Q1778134", "Meri Maijala": "Q56753599", "Krystsina Ilchanka": "Q23011314", "Orsolya T\u00f3falvi": "Q6571957", "Al\u017ebeta Majdi\u0161ov\u00e1": "Q29654324", "Maryia Chelachova": "Q1368306", "Karolina Bato\u017cy\u0144ska": "Q6451023", "Dimitria Ciobanu": "Q1225930", "Diana Salman": "Q1208854", "Rikke Andersen": "Q8264280", "Annika Knoll": "Q15962011", "Alina Yakimkina": "Q19338338", "Patricia Jost": "Q2057207", "Anna Wahls": "Q563543", "Anastassiya Kondratyeva": "Q83424687", "Dominika Bielecka": "Q29513995", "Sigrid Neraasen": "Q23668612", "Beata Lassak": "Q15966914", "Laurane Sauvage": "Q18603628", "Bruna Moura\u200e": "Q28870424", "Victoria Slivko": "Q22939467", "Lea Einfalt": "Q18654674", "Nikola Bitnarov\u00e1": "Q15968275", "Sabine di Lallo": "Q19414851", "Anastasiia Egorova": "Q28665601", "Dejana Ko\u0161arac": "Q19362961", "Kelsey Dickinson": "Q76758167", "Anastasiia Porshneva": "Q47453261", "Magdalena Millinger": "Q15833332", "Alyona Ivanova": "Q47453505", "Marie Heinrich": "Q19513437", "Elena Chirkova": "Q55102820", "Tanja Bissig": "Q19414853", "Marion Deigentesch": "Q23560572", "Valentina Saulenko": "Q19364681", "Irina Kruchinkina": "Q55102736", "Kinga Zbylut": "Q16566652", "Anna Puskar\u010d\u00edkov\u00e1": "Q15071074", "Helene Therese Hendel": "Q28966827", "Tamara Voronina": "Q47453454", "Kelly Vainlo": "Q15071048", "Katarzyna Wo\u0142oszyn": "Q15966913", "Natalia Gerbulova": "Q55102662", "Uranbaigali Otgondavaa\u200e": "Q29489565", "Magdalena Fankhauser": "Q15833331", "Leilani Tam von Burg": "Q28950352", "Simone Kupfner": "Q18720002", "Anna Tkadlecov\u00e1": "Q103962929", "Simona Ma\u0159\u00edkov\u00e1": "Q15968280", "Snejana Tiseeva": "Q29480281", "Turi Storstr\u00f8m Thoresen": "Q29512966", "Krystsina Mazuryna": "Q28934275", "Caroline Colombo": "Q89897156", "Hilde Eide": "Q28718279", "Anna Weidel": "Q19834660", "Kotryna Vitk\u016bnait\u0117": "Q29479227", "Natalia Ushkina": "Q55102675", "Lena Arnaud": "Q18666671", "Alina Slepenko": "Q19364680", "Jenny Fellman": "Q87001299", "Myrtille B\u00e8gue": "Q50363907", "Ariunzul Enkhbayar\u200e": "Q29489551", "Marina Sauter": "Q23011302", "Adelina Sabitava": "Q108933705", "Tamara Steiner": "Q105962244", "Valeriia Vasnetsova": "Q29358711", "Anika Kozica": "Q28957903", "Karla Star\u010devi\u0107": "Q28958113", "Nadia Moser": "Q83553430", "Lilian Leijn": "Q23636147", "Ana Larisa Cotru\u0219": "Q29546921", "Nat\u00e1lie Jur\u010dov\u00e1": "Q104036285", "Chloe Levins": "Q15078070", "Mirella Veres": "Q29410940", "\u0420\u0430\u0441\u0441\u043a\u0430\u0437\u043e\u0432\u0430 \u0410\u043d\u0430\u0441\u0442\u0430\u0441\u0456\u044f \u041e\u043b\u0435\u043a\u0441\u0430\u043d\u0434\u0440\u0456\u0432\u043d\u0430": "Q65212797", "Tereza Vinkl\u00e1rkov\u00e1": "Q104036037", "Saana Lahdelma": "Q60658375", "Chu Yuanmeng": "Q111022368", "Maida Drndi\u0107": "Q29649672", "Eli\u0161ka V\u00e1clav\u00edkov\u00e1": "Q111094702", "Joanna Jakie\u0142a": "Q85513211", "Carine Leijn": "Q23636148", "S\u00e1ra P\u00f3nya": "Q28870451", "Anastasia Shevchenko": "Q105103081", "Tilda Johansson": "Q104883747", "Eve Bouvard": "Q124545299", "Anna Juppe": "Q105958423", "Henrieta Horv\u00e1tov\u00e1": "Q111173446", "Veronika Haidelmeierov\u00e1": "Q116794894", "Ella Halvarsson": "Q105013461", "Jenni Ker\u00e4nen": "Q60660362", "Iweta Faron": "Q50327801", "Tsvetana Krasteva": "Q244466", "Andrea Contreras": "Q493673", "Andreea Cioac\u0103": "Q501601", "Barbara Blanke": "Q807358", "Caroline Hart": "Q1044503", "Claire Abel": "Q1094752", "Daniela H\u00f6rburger": "Q1163416", "Danielle Bean": "Q1163844", "Stephanie Lajoie": "Q1260769", "Viktoria Wurmer": "Q1282283", "Edmea Ollier": "Q1285490", "Heike Langstein": "Q1301449", "Marion Bald": "Q1303336", "Elizabeth Winfield": "Q1331336", "Irina Kudritskaya": "Q1672656", "Miriam Ingl\u00e9s": "Q1686138", "Jirza Hermosilla": "Q1689649", "Natalija Jemelina": "Q1726506", "Karen Frost": "Q1729238", "Karen Messenger": "Q1729261", "Marija Filippowa": "Q1738064", "Maria Ciobanu": "Q1748017", "Martina Stede": "Q1762609", "Ljudmila Gubarewa": "Q1866766", "Marcela Pereira": "Q1893237", "Michaela Hermann": "Q1930035", "Paulina Cerda Arevalo": "Q2063723", "Petra Bauer": "Q2080107", "Sibylle Wilbert": "Q2281044", "Victoria Baez": "Q2522700", "Agnieszka Rypien": "Q2635044", "Aundrey Morel": "Q2656527", "Celine Gardoni": "Q2666697", "Joulie Faulon": "Q2736921", "Julie Beghein": "Q2737248", "Leslie Howa": "Q2756086", "Magda Michalek": "Q2775309", "Maria Cie\u015blar": "Q2776765", "Olga Francon": "Q2791069", "Irena Madlov\u00e1": "Q6496240", "Lori Selby": "Q15078072", "Jennifer Paterson": "Q15078082", "Teija Nieminen": "Q15478118", "Jelena Kulakowa": "Q15820942", "\u041c\u043e\u0441\u043a\u0430\u043b\u0435\u043d\u043a\u043e \u041e\u043a\u0441\u0430\u043d\u0430 \u0412\u0430\u043b\u0435\u043d\u0442\u0438\u043d\u0456\u0432\u043d\u0430": "Q65211496", "Lisa Spark": "Q105946664", "\u00c5sne Skrede": "Q87063498", "Alina Pilchuk": "Q108923235", "Krist\u00fdna Otcovsk\u00e1": "Q124788609", "M\u00e1ria Reme\u0148ov\u00e1": "Q117788065", "Camille Bened": "Q122923403", "Benita Peiffer": "Q117745826", "Beatrice Trabucchi": "Q123752018", "Paula Botet": "Q110473114", "Alina Skripkina": "Q125381844", "Yuliia Horodna": "Q111200726", "Sanita Bulina": "Q107478571", "Sandra Buli\u0146a": "Q118733018", "Andreea Mezdrea": "Q125380086", "Daria Gembicka": "Q125379382", "Polina Yegorova": "Q125382212", "Selina Frohberger": "Q113851322", "Fany Bertrand": "Q81901870", "Antonia Cebotari": "Q81902193", "Miia Utsal": "Q81907794", "Justyna Panteralka": "Q81906021", "Luka Miskin": "Q81905467", "Misa Sasaki": "Q81906722", "Margaret Madigan": "Q81905133", "Jenna Sherrington": "Q81906961", "Zuzana Dole\u017ealov\u00e1": "Q81902661", "Sonja Leinamo": "Q81904832", "Darya Kabishava": "Q81904003", "Pascale Paradis": "Q81906033", "Alena Mokhova": "Q81842282", "Klara Andersson": "Q81901102", "Hannah Schlickum": "Q81906806", "Shawna Pendry": "Q81906102", "Yara Burkhalter": "Q81902128", "Gunn Kristi Stensaker Tvinnereim": "Q81907239", "Nathalie Aspasia Horstmann": "Q81903690", "Gro Nj\u00f8lstad Randby": "Q81906377", "Lara Wagner": "Q81907986", "Choi Yoon-ah": "Q81902323", "Chloe Bened": "Q81901829", "Ana Marija Zafirovska": "Q81908280", "L\u00e9onie Jeannier": "Q81903934", "Lisbeth Liiv": "Q81904924", "Anastasiia Zenova": "Q81908320", "Kristina Pavlushina": "Q81906083", "Martina Trabucchi": "Q81907628", "Victoria Mellitzer": "Q81905377", "Anastasija Nedaivodina": "Q81905730", "Tetiana Prodan": "Q81906282", "Arina Kupriyanova": "Q81904655", "Viktoriia Zhukovska": "Q81908368", "Linda Zingerle": "Q81908379", "Yuliya Kavaleuskaya": "Q81904174", "Chuluunbatyn Byambas\u00fcren": "Q81902333", "Gabriela Masa\u0159\u00edkov\u00e1": "Q81905253", "Chelsey Johnson": "Q81903975", "Maja Lapkass": "Q81904736", "Kaisa Bosek": "Q81902008", "Andrea Csutak": "Q81902438", "Naomi Walch": "Q81908001", "Luka Mackevi\u010di\u016bt\u0117": "Q81905113", "Vlada Vassillchenko": "Q81907861", "Wilma Bjoern": "Q81901950", "Zsulett Demian": "Q81902577", "Signe Mi\u0137elsone": "Q81905441", "Viktoryia Shashkova": "Q81906939", "Svatava Mikyskov\u00e1": "Q81905445", "Arina Soldatova": "Q81907158", "Viktorija Augulyt\u0117": "Q81901189", "Synne Herheim": "Q81903557", "Lara Berwert": "Q81901877", "Anni Hyv\u00e4rinen": "Q81903765", "Marlene Fichtner": "Q81902878", "Sara Scattolo": "Q81906762", "Martina Giordano": "Q81903129", "Lora Hristova": "Q81903718", "L\u012bva \u0160ahno": "Q81906647", "Kaja Zorc": "Q81908388", "Klara Vindi\u0161ar": "Q111446082", "Anniina Rantala": "Q81906388", "Anna N\u0119dza-Kubiniec": "Q81905736", "Herborg Idland": "Q81903779", "Barbara Skacanova": "Q81907070", "Marlene Sophie Perren": "Q81906129", "Valentina Dimitrova": "Q81902606", "Lora Radkovska": "Q81906338", "Kate\u0159ina Pavl\u016f": "Q81906081", "Doris Baricavac": "Q81901296", "Blanka Borbely": "Q81901984", "Kaja Mari\u010d": "Q81905222", "Isabella Moon": "Q81905520", "Femke Kramer": "Q81904545", "Ding Yuhuan": "Q81902610", "Ulyana Ardalionova": "Q81901144", "Hanna Skrypko": "Q81907094", "Chiara Arnet": "Q81901157", "Kamil\u0117 Jakubauskait\u0117": "Q81903891", "Demi Heinsoo": "Q81903529", "Kurea Matsuoka": "Q81905302", "Olivia Halme": "Q81903420", "Sara Pacerova": "Q81905999", "Daria Skriabina": "Q81907089", "Ana\u00eblle Bondoux": "Q123986665", "Olena Horodna": "Q111200971", "Anna Panferova": "Q110576097", "Margarita Tereshchenkova": "Q110585044", "Ekaterina Razumnaia": "Q110589992", "Marion Charles": "Q111529311", "Lea Meier": "Q116212798", "Aoi Sato": "Q117748905", "Hikaru Fukuda": "Q117748909", "Lyudmila Akhatova": "Q117748922", "J\u00falia Machyniakov\u00e1": "Q117788036", "Eunjung Ko": "Q118131238", "Aila Flyktman": "Q122382119", "Marja Koskela": "Q122382122", "Sari Kokko": "Q122827926", "Pat Konantz": "Q122974521", "Gail Niinimaa": "Q123010919", "Joan Skinstad": "Q123010970", "Celine Giguere": "Q123011089", "Christine Claude": "Q123053787", "Jitka Pospichalov\u00e1": "Q123115409", "Ellen Gillies": "Q123115424", "Danijela Minkova": "Q123115437", "Valentina Mihajlova": "Q123115448", "Dijana Mihajlova": "Q123115459", "Jan Reynolds": "Q123256186", "Jackie Garso": "Q125379238", "Judita Traubaite": "Q125382095"}