{"Satanela": "Q42904876", "Pepita Avellaneda": "Q21014446", "Flora Rodr\u00edguez de Gobbi": "Q16568220", "Pilar Arcos": "Q55459250", "Gory Omar": "Q24203453", "Chola Vetere": "Q30904902", "Mary Lewis": "Q30906691", "Evita Lauri": "Q24567734", "Alba Castellanos": "Q5662430", "Finita Imperio": "Q106515437", "Blanca Mooney": "Q24287683", "Dolores Sol\u00e1": "Q55470217", "Patricia Ferro Olmedo": "Q55460389", "Noelia Moncada": "Q55467229", "Francis Andreu": "Q55457924", "Mecha Anzo\u00e1tegui": "Q55457936", "Andrea Bollof": "Q55458104", "Maril\u00ed Machado": "Q55466252", "Mar\u00eda Varela": "Q55470439", "Mary White": "Q55470895"}