{"Lucia Swarts": "Q2198093", "Monique Bartels": "Q2502205", "Larissa Groeneveld": "Q2796452", "Dorota Imie\u0142owska": "Q55404973", "H\u00e9l\u00e8ne de Katow": "Q111509851", "Anna Kull": "Q100346823", "R\u00f3za Matlekovits S\u00e1ndorn\u00e9  Szuk": "Q42529628", "Elisa de Try": "Q111509868", "Luise Wandersleb-Patzig": "Q55651131", "Gabrielle Platteau": "Q111509881", "Elise Weinlich": "Q107975262", "Marie Geist": "Q63486074", "Adelina Metzdorff": "Q111508359", "\u0421\u0430\u0431\u0443\u0440\u043e\u0432\u0430, \u042e\u043b\u0438\u044f \u041d\u0438\u043a\u043e\u043b\u0430\u0435\u0432\u043d\u0430": "Q65150351", "Bertha Schadewaldt": "Q111509874", "Marie Rodemann-Nielsen": "Q111508255", "Amy Grimson": "Q89021569", "Lucy Herbert- Campbell": "Q63485349", "Elisa Kufferath": "Q15713456", "Linda Micucci-Betti": "Q102278177", "Cornelia Appy": "Q24264184", "Mary Henrietta M\u00fckle": "Q95206790", "Bertha Belinfante": "Q24717007", "Francesca Vidal i Puig": "Q28548735", "Ida Dorrenboom": "Q28934623", "Ad\u00e8le Cl\u00e9ment": "Q16020880", "Margu\u00e9rite Caponsacchi": "Q89021906", "Eugenie Stoltz-Premyslav": "Q111508336", "Eva Klengel": "Q94764345", "\u041f\u043e\u043b\u0435\u0432\u0441\u044c\u043a\u0430 \u041b\u044e\u0434\u043c\u0438\u043b\u0430": "Q117112986", "Adelaide Saguer": "Q115609196", "Aur\u00e8lia Sancrist\u00f2fol": "Q111149900", "Zde\u0148ka \u010cern\u00fd": "Q64470000", "Kirsti Gallen-Kallela": "Q17380315", "Judith Bokor": "Q94750219", "Rebecca Hathaway": "Q106638474", "Lucienne Radisse": "Q3265781", "Angela Daneu Lattanzi": "Q532481", "Germaine Tournier": "Q71708760", "Sylvie Raynaud-Zurfluh": "Q114870366", "V\u011bra Pi\u00e1\u010dkov\u00e1": "Q95172882", "Phyllis Kraeuter": "Q4243266", "Lillian Rehberg Goodman": "Q123895984", "Josepa Sell\u00e9s i Castells": "Q65032810", "Regina Schein-Gillinson": "Q93468299", "Mildred Wellerson": "Q4106919", "Carin de Frumerie-Luthander": "Q63943662", "Galina Kozolupova": "Q30156785", "Dorothy Clifton": "Q116885106", "Halina Kowalska": "Q9285382", "Vera D\u00e9nes": "Q4157899", "Chrystia Kolessa": "Q2967443", "Madalena S\u00e1 e Costa": "Q111655102", "Grete Jespersen": "Q62080085", "Tatjana Alekseevna Gaydamovitsj": "Q4131949", "Laine Leichter": "Q72068178", "Lotte Brott": "Q3260043", "Zoya Polevska": "Q117049614", "Kl\u00e1ra Soml\u00f3": "Q112487305", "\u00c9va Czak\u00f3": "Q66425185", "Maud Martin Tortelier": "Q62745881", "Flora Inostroza Garc\u00eda": "Q27861960", "Tsubaki Yamaguchi": "Q11466913", "Charlotte Harris": "Q5085986", "Mar\u00eda de Macedo": "Q48127835", "Ursula Keusen-Nickel": "Q106648162", "Angelica May": "Q30936777", "Barbara Lundquist": "Q107454760", "Eleonora Teste\u013ceca": "Q4456457", "Solveig Saving": "Q28125369", "M\u00e1ria Frank": "Q112462688", "Aferdita Hasko": "Q50400283", "Imke Anne Searcy-Heitman": "Q90411015", "Annemarie Masa\u0159\u00edkov\u00e1": "Q95375955", "Esther Nyffenegger": "Q88490921", "\u053f\u0561\u0580\u056b\u0576\u0565 \u0533\u0587\u0578\u0580\u0563\u0575\u0561\u0576": "Q28924485", "Heidi Litschauer": "Q11326049", "Roswitha Sz\u00e9ch\u00e9nyi-Marko": "Q112527401", "Karine Georgian": "Q4135742", "Hege Waldeland": "Q15616790", "Suzanne Ramon": "Q3506028", "Victoria Yagling": "Q2308049", "Keiko Matsunami": "Q11531735", "Anna W\u00f3jtowicz": "Q106151829", "Yllka Borodani": "Q50400309", "Shulamit Lorrain": "Q6585230", "Mari Fujiwara": "Q11623427", "Renata Marzec": "Q81755155", "Judith Serkin": "Q94736676", "Maija Pr\u0113dele": "Q50335504", "Anna S\u00e1ndor": "Q116519913", "Tina Soule": "Q112627760", "Larisa Vladimirovna Maslova": "Q4284025", "Annie Balmayer": "Q2851620", "Ariana Arcu": "Q2861168", "Miloslava Krausov\u00e1": "Q125579837", "Jane Coe": "Q112650942", "Adriana Contino": "Q91945102", "Cecilia Tsan": "Q112627466", "Helena Hiilivirta": "Q16298949", "Noreen Silver": "Q107847761", "Elvira Zadrima": "Q47409520", "Eva \u010cermanov\u00e1-Hrabovsk\u00e1": "Q112456493", "Nobuko Yamazaki": "Q11467953", "Mira Serezi": "Q50400287", "Ioana Ostafi": "Q107615832", "Elisabeth Le Guin": "Q17639660", "Marie Hixov\u00e1": "Q95484574", "Claudia Schwarze": "Q1097788", "Lembi Mets": "Q16403566", "Pomone Tortelier": "Q124253978", "Tr\u1ea7n Th\u1ecb M\u01a1": "Q109438227", "Johanne Perron": "Q56605114", "\u00dclle Hahndorf": "Q12379592", "Marina Tarasova": "Q21644624", "Jitka Sch\u016frkov\u00e1": "Q95479380", "Krischa Weber": "Q123174448", "Anja Lechner": "Q281712", "Giovanna D\u2019Amato": "Q94998655", "Sophie Rolland": "Q4396947", "Liv Opdal": "Q19380012", "Suzie Katayama": "Q10375259", "Andrea Gylfad\u00f3ttir": "Q61972052", "Peggy Lee": "Q2067397", "Ritvana Arapi": "Q50400279", "Rowan Prior": "Q102681001", "Astrid Schween": "Q87458504", "Pi-Chin Chien": "Q106119862", "Agata Jarecka": "Q9141908", "Elvira Heba": "Q47513796", "Kristina Lindg\u00e5rd": "Q4962795", "Gunnhildur Halla Gu\u00f0mundsd\u00f3ttir": "Q61972682", "Jodi Burnett": "Q112632542", "Helen Wallace": "Q122330699", "Narine Dellalian": "Q48866680", "Silvia Chiesa": "Q3960757", "Silvia Chiesa Baglini": "Q102279727", "Claire Oppert": "Q105672371", "Wendy Sutter": "Q14518221", "Nat\u00e1lie Vel\u0161m\u00eddov\u00e1": "Q110419538", "Ermina Kacani": "Q50400274", "Piia Komsi": "Q16299986", "Anja Schr\u00f6der": "Q57628940", "Tanja Orning": "Q2414643", "Rowena Hammill": "Q114507290", "Melissa Coleman": "Q83340710", "\u0160t\u011bp\u00e1nka Kutmanov\u00e1": "Q112475115", "Johanna Eras": "Q112531060", "Y\u016bko Miyagawa": "Q11549169", "Merita Alimhillaj": "Q47513797", "Urania Karadumi": "Q50400292", "Clementine Gasser": "Q101000986", "Judit Faludi": "Q23908373", "Pamela Smits": "Q1998568", "Mirela Ruci": "Q47450986", "Catherine Marie Tunnell": "Q112381022", "Teuta Krypci": "Q47513875", "Anna Nuzha": "Q25436571", "Anila Roshi": "Q46121789", "Nathalie Manser": "Q24950904", "Susanne Paul": "Q106671705", "Y\u014dko Hasegawa": "Q11653999", "Doris Hochscheid": "Q2497080", "Kristina Cooper": "Q107075354", "Rebeka Rus\u00f3": "Q112441117", "Barbara Aniello": "Q113797780", "Anna Comellas Vila-Puig": "Q73285620", "Sigr\u00fan Erla Egilsd\u00f3ttir": "Q61973661", "Annabelle Brey": "Q112471786", "Quirine Viersen": "Q1644767", "Elida Pali": "Q47513768", "Hai-Ye Ni": "Q92315667", "Helga Bj\u00f6rg \u00c1g\u00fastsd\u00f3ttir": "Q61972752", "Judith Johnson": "Q112721478", "Anna Armatys": "Q24430556", "Andrea Konstankiewicz": "Q95155335", "Caerwen Martin": "Q116858567", "Marie Hallynck": "Q3292577", "Nevjana Bedalli": "Q50400294", "Blerta Idrizaj": "Q50400300", "Matilda Dine": "Q50400322", "Judith Lecuit": "Q16439664", "Friederike Wissmann": "Q62592479", "Anna Tyka": "Q4466997", "Aida Ciftja": "Q49673214", "Nikoleta Heba": "Q47513767", "Anna Szarek": "Q96621132", "\u00d3l\u00f6f Sigursveinsd\u00f3ttir": "Q61973434", "Johanna Sjunnesson": "Q4978854", "Marinela Doko": "Q47513874", "Ewa Bogusz-Moore": "Q126364522", "Krist\u012bne Blaumane": "Q4088040", "\u041b\u0435\u043d\u0430 \u0422\u044d": "Q24936241", "Krist\u00edn L\u00e1rusd\u00f3ttir": "Q61973143", "Marsela Tiko": "Q47035334", "Dorina Laro": "Q47513834", "Calia \u00c1lvarez": "Q66724931", "Simona He\u010dov\u00e1": "Q112369632", "Beata S\u00f6derberg": "Q4981768", "Zuzana Dost\u00e1lov\u00e1": "Q58945141", "Jona Bodinaku": "Q47499463", "Rachel Sachiko Mercer": "Q110830929", "Lucie \u0160t\u011bp\u00e1nov\u00e1": "Q112380004", "Juliana Laska": "Q47513795", "Klara Bregu": "Q50400316", "S\u00f3lr\u00fan Sumarli\u00f0ad\u00f3ttir": "Q61973754", "Hanna Loftsd\u00f3ttir": "Q61972732", "Heidi Peltoniemi": "Q16989744", "Mursego": "Q30156174", "Zhao Jing": "Q1511955", "Serena Tideman": "Q7453134", "Aur\u00e9lie Wydler": "Q24950944", "Lisa Berg": "Q16438923", "Inga Raab": "Q1662706", "Helena Velick\u00e1": "Q12019437", "Malva Hatibi-Krainz": "Q47456504", "Petra Mal\u00ed\u0161kov\u00e1": "Q112483340", "Antoaneta Emanuilova": "Q111261427", "Marta \u017denat\u00e1": "Q95157372", "Maartje-Maria den Herder": "Q2330805", "Margr\u00e9t \u00c1rnad\u00f3ttir": "Q61973258", "Emma Beskow": "Q97694927", "Steinunn Arnbj\u00f6rg Stef\u00e1nsd\u00f3ttir": "Q61973784", "Nesrine Belmokh": "Q106959602", "Anna Fo\u0159tov\u00e1": "Q112461339", "Katharina Deserno": "Q112551181", "Mari End\u014d": "Q11642308", "Mariko": "Q48752481", "Dominika Weiss Ho\u0161kov\u00e1": "Q11819820", "Ditta Rohmann": "Q1249812", "Olga Raudonen": "Q12371425", "Sol\u00e8ne Kermarrec": "Q121672929", "Giovana Clayton": "Q125854153", "Teresa Bernabe": "Q7702099", "S\u00e6unn Thorsteinsd\u00f3ttir": "Q61973839", "Erjona Jaupi": "Q45318977", "Aulona Gaxhenji": "Q47513831", "Juliette Salmona": "Q94700337", "Elena Schwarz": "Q105836191", "Beatriz Gonz\u00e1lez Calder\u00f3n": "Q110877642", "Karolina \u00d6hman": "Q114796121", "Hitomi Niikura": "Q11501381", "Rebekka Brynd\u00eds Bj\u00f6rnsd\u00f3ttir": "Q61973504", "Catherine Robert": "Q111754246", "Corinne Nora Huber": "Q95556310", "Sonja Myklebust": "Q106293798", "Gudny Jonasdottir": "Q61972518", "Beatriz Blanco": "Q20898792", "Fumie Kat\u014d": "Q11399244", "Olivia Gay": "Q117950717", "Gl\u00f2ria Coll Domingo": "Q19291055", "Jola Shkodrani": "Q47485204", "Isabel Gehweiler": "Q970956", "Magdalena Kozber-\u017bar\u00f3w": "Q108053101", "Hasmik Vardanyan": "Q59674835", "Gulrim Cho\u00ef": "Q112561810", "Adriana Gruja": "Q47513769", "Blerina Durmishaj": "Q50400303", "\u00deorger\u00f0ur Edda Hall": "Q61973945", "Anna Starzinger": "Q2653144", "Terezie Kovalov\u00e1": "Q96475513", "Maya Fridman": "Q114787893", "\u00de\u00f3rd\u00eds Ger\u00f0ur J\u00f3nsd\u00f3ttir": "Q61973974", "Johanna M\u00e4ngel": "Q3744029", "Raphaela Gromes": "Q38832955", "Albana Karaj": "Q45313825", "Lorela Kerciku": "Q47089192", "H\u00e9lo\u00efse Werner": "Q106939266", "Christine Lee": "Q56597576", "Madara Fogelmane": "Q50355827", "Ester Nemj\u00f3": "Q112522115", "Natania Hoffman": "Q115199057", "Josefine Opsahl": "Q125317550", "Silvia Ilves": "Q4199477", "Mari M\u00f6ldre": "Q3737524", "Amalie Stalheim": "Q106086860", "Caitlin Sullivan": "Q113186747", "Ildik\u00f3 Szab\u00f3": "Q56598952", "Senja Rummukainen": "Q56116686", "Elia Cohen Weissert": "Q56598399", "Sandra Lied Haga": "Q77162220", "Emily Wittbrodt": "Q111141234", "Caitlin Morris": "Q116845583", "Kristina Winiarski": "Q107326277", "Kim Minji": "Q56596894", "Claire Kinsella": "Q116734068", "Julia Hagen": "Q104392430", "Ana Carla Maza": "Q107344926", "Irena Josifoska": "Q56598557", "St\u00e9phanie Huang": "Q111915188", "Anouchka Hack": "Q97977577", "Michelle Rearick": "Q113188251", "Jadwiga Roguska": "Q114209000", "Erica Piccotti": "Q61910889", "Camille Berthollet": "Q18744642", "\u0413\u0443\u0446\u0435\u0440\u0438\u0435\u0432\u0430, \u0414\u0430\u043b\u0438 \u041c\u0438\u043a\u0430\u0438\u043b\u043e\u0432\u043d\u0430": "Q120268363", "Anna Brikciusov\u00e1": "Q10825959", "Bo\u017cena Janerka": "Q48864237", "Maddalena Del Gobbo": "Q80338751", "Suzanne Mueller": "Q88696683", "Jennifer Culp": "Q96119732", "Genevi\u00e8ve Teuli\u00e8res": "Q118372227", "Pamela Highbaugh Aloni": "Q1651524", "Sennu Laine": "Q21400553", "Ksenija Trotov\u0161ek Brlek": "Q28772003", "Li La": "Q105717879", "Danielle Akta": "Q29414496", "\u0130dil Bursa": "Q83549066", "Mariatu Kanneh-Mason": "Q123995673", "Leelou Garms": "Q118930252", "Claire Deniz": "Q2509025", "Anat Engelmayer": "Q6599142", "Sophie Adam": "Q7562951", "Stephanie Winters": "Q7608434", "Sumiko Kurata": "Q11386894", "Mao Tomon\u014d": "Q11410368", "Keiko Dait\u014d": "Q11438766", "Saiko \u014cnishi": "Q11438864", "Hiromi Uekusa": "Q11540743", "Janie Price": "Q12303495", "Aubrey Webber": "Q19672535", "Lucette Laffite": "Q20643833", "Keti Bashhysa": "Q47462829", "Loreta Memaj": "Q47513766", "Tereza Simoni": "Q47513873", "Fatjona Gjini Keruti": "Q47545103", "Sirja Nironen": "Q56116640", "JooYeon Choi": "Q56596853", "Teresa Beldi": "Q56598371", "Brynd\u00eds Halla Gylfad\u00f3ttir": "Q61972252", "Wilhelmina Smith": "Q62113525", "Ana\u00efs Khaizourane": "Q62388676", "Seeli Toivio": "Q65244323", "Tanja Babnik": "Q65815987", "Gabriella Swallow": "Q65946388", "Thomas Klimek": "Q67589656", "Anna Grundstr\u00f6m": "Q70206561", "Paula S\u00e1nchez Lahoz": "Q74418685", "Eeva Rys\u00e4": "Q93590291", "Tuija Rantam\u00e4ki": "Q93591270", "Joanna Parypinski": "Q93784806", "Haruka Hayashi": "Q95512547", "Nadine Pierre": "Q97167926", "Alix Verzier": "Q100909504", "Yang Lu": "Q101113538", "Silvia Lenzi": "Q102285234", "Rosanne Hunt": "Q102285354", "Maren Haynes Marchesini": "Q106195545", "Yoonju Cho": "Q106807497", "Julie Hereish": "Q107061359", "Ellen Doyle": "Q107358866", "Maud Bell": "Q107376268", "Ching-Shin Ko": "Q107532874", "Ching-Tzy Ko": "Q107532991", "Ming-Wen Lee": "Q107546445", "Leslie Marckx": "Q107580369", "Duygu Demir": "Q108104464", "Lea Emilie Br\u00f8ndal": "Q108545654", "Kata Sarb\u00f3": "Q109484302", "Th\u00e9r\u00e8se Ryan": "Q109719136", "Anissa Hart": "Q110009767", "Rieko It\u014d": "Q110735942", "Astere Bogaert": "Q110841191", "H\u00e9lo\u00efse Luzzati": "Q111018201", "Silvia Ancarani": "Q111200502", "Vashti Hunter": "Q111270659", "Anthea Caddy": "Q111529232", "Marie Ythier": "Q111755068", "Lizzy Munson": "Q111835937", "Monika Schwamberger": "Q113776517", "Jane Cowan": "Q114869867", "Clarice Jansen": "Q115102704", "Greta Ostova": "Q115122331", "Inbal Megiddo": "Q116845594", "Jo Quail": "Q116851197", "Annabelle Luis": "Q116909348", "Elena Lera": "Q117324823", "Midori Jaeger": "Q119948507", "Alice McVeigh": "Q120601598", "Andrea Lauren": "Q120602608", "Eva Rohleder": "Q120615007", "Hela H\u00e1jkov\u00e1": "Q120617195", "Heleen du Plessis": "Q121078401", "Marion Beyer": "Q122655818", "Marta Roma": "Q123323259", "Edith Salzmann": "Q123353316", "Irmi Wolvin": "Q123959281", "Jeneba Kanneh-Mason": "Q123995507", "So\u0148a Mal\u00e1": "Q125536123"}