{"Csilla Lakatos": "Q52603142", "N\u00f3ra Horv\u00e1th": "Q53104209", "Wilhelmine Franck": "Q69482903", "Mary Weir": "Q123412910", "Amina Boschetti": "Q28708229", "Em\u00edlia Aranyv\u00e1ry": "Q28722115", "Hulda Pengel": "Q113515149", "Emelie Bj\u00f6rnberg": "Q42011057", "Augusta Zangenberg": "Q12302479", "Pauleta P\u00e0mies i Serra": "Q11940608", "Nora Kobberstad": "Q93195531", "Louisa Eleanor Lort Smith": "Q21536365", "Julia Sedova": "Q15210443", "Frida M. Adorj\u00e1nn\u00e9": "Q114757176", "Ruska Koleva": "Q28381382", "Valerii\ufe20a\ufe21 Ivanovna T\ufe20S\ufe21vetaeva": "Q94426753", "Eva Gouel": "Q528534", "Alexandra Maria Baldina": "Q106250846", "Vera Fokina": "Q2913574", "Cia Fornaroli": "Q20005271", "Nadine Nicolaeva-Legat": "Q16227801", "Mary Zimmermann": "Q47469073", "Herta Idman": "Q63192842", "Mylapore Gouri Amma": "Q106444992", "Merriel Abbott": "Q106497406", "Elizabeth Delza": "Q106357055", "Ora Doelk": "Q2027888", "Rudolf Fr\u00e4nzl": "Q114401130", "Sessy Smironina-Sevun": "Q125200999", "Susanne Schmida": "Q52084141", "Berthe Tr\u00fcmpy": "Q55847085", "Elida Webb": "Q106357085", "Claire Bauroff": "Q1094766", "Dorothee G\u00fcnther": "Q105662", "Irma Duncan": "Q55720076", "Giuseppina Samut-Tagliaferro": "Q124759681", "Ruth Loeser": "Q27064255", "Erv\u00edna Kupferov\u00e1": "Q116186255", "M\u00e1ria B\u00e1ndy": "Q12352908", "Elfriede Kotschnev": "Q125067902", "Molly Lake": "Q12810913", "Margaret Petit": "Q106357050", "Lili K\u00e1llai": "Q97196936", "O\u013ega Hemerkov\u00e1": "Q112491273", "Manda von Kreibig": "Q94747231", "M\u00edra Holzbachov\u00e1": "Q21199059", "Liisi Hallas": "Q5405313", "Adja Kuljus": "Q125080840", "Magda R\u00f3na": "Q99769111", "Helga Normann": "Q83854941", "Gae Foster": "Q106357064", "Elsa Darciel": "Q3051713", "Gertrud Krauss": "Q106357072", "Jelena Dopu\u0111a": "Q111335561", "Katharine Manning": "Q106503500", "Elena Rosse": "Q74600063", "Jelizaveta Nikolsk\u00e1": "Q12024475", "Lalla Cassel": "Q42393553", "Bessie Schoenberg": "Q106503524", "Nina Denysenko": "Q12100085", "Meta Menz": "Q1924673", "Maja Lex": "Q102748", "Cissi Olsson-\u00c5hrberg": "Q42780970", "Lisl Rinaldini": "Q124747686", "Lea Daan": "Q3228606", "Lilian Karina V\u00e1s\u00e1rhelyi": "Q59533090", "Edith Barstow": "Q106357040", "Trude Pohl": "Q123054406", "Elle M\u00e4lberg": "Q20528883", "Akiko Tachibana": "Q11544343", "Marta Rem\u0161kar": "Q60408652", "Lola Rogge": "Q1868651", "Yve-Luce": "Q113297975", "Tatjana Alekseevna Oestinova": "Q4478249", "Blanche Evan": "Q106357061", "Herta Bamert": "Q40005042", "\u053c\u0575\u0578\u0582\u0562\u0578\u057e \u054e\u0578\u0575\u0576\u0578\u057e\u0561-\u0547\u056b\u056f\u0561\u0576\u0575\u0561\u0576": "Q108133322", "Linda Raus": "Q24285908", "Nell Challingsworth": "Q106807847", "Nina Jirs\u00edkov\u00e1": "Q12040945", "Margit Horv\u00e1th": "Q1055556", "Lisan Kay": "Q118146510", "Kai Leete": "Q12366047", "Traut Streiff Faggioni": "Q3997980", "Senta Ots": "Q125096369", "Lillian Moore": "Q55720095", "Elsa Ramberg": "Q17106664", "Janine Solane": "Q3162016", "Dia Luca": "Q12346498", "Lidia Chernysheva": "Q4514377", "Dorothy Madden": "Q106634364", "U.S.Krishna Rao": "Q15721477", "Joy Newton": "Q59210332", "Giannina Censi": "Q18433859", "Edith Navina Holz": "Q113424163", "Salme Valgem\u00e4e": "Q18623577", "Ren\u00e9e Gumiel": "Q10359476", "Nina Fonaroff": "Q106251007", "Lilo Gruber": "Q63644092", "Pavline Burnazian": "Q53538173", "Nives Poli": "Q18812208", "Genevi\u00e8ve Kergrist": "Q104417751", "Gertrud Wagner": "Q63485935", "Irmgard Altvater": "Q114615596", "Dorothy Barret": "Q106357039", "Mary Jane Brown": "Q106504453", "Paulette Dynalix": "Q3372633", "Inge P\u00f5der": "Q20528303", "Dorothy Toy": "Q63017610", "Ella Lukk-Kudu": "Q125091435", "Aleka Katseli": "Q12873274", "Emmy K\u00f6hler-Richter": "Q106251125", "Ana Ricarda": "Q106357079", "Lorraine Albert Cranford": "Q115173518", "Edith Stephen": "Q111744184", "Margot Zanstra": "Q2468633", "Emma Maleras Gobern": "Q17044776", "Akemi Matsuo": "Q11529644", "Agapi Evangelidi": "Q94702916", "Nellie Fisher": "Q106357063", "Midi Garth": "Q106357065", "Bettina Vernon": "Q124369117", "Hedi Pope": "Q98503293", "Zofia Wi\u0119c\u0142aw\u00f3wna": "Q9391888", "Miranta Voulgari": "Q92981276", "Marjorie B. Perces": "Q94642453", "Helen Tsoukala-Pfeffer": "Q104879111", "Momoko Tani": "Q11632992", "Jutta Annemarie Barthel": "Q18642909", "Helen McGehee": "Q98844858", "Naomi Aleskovsky": "Q108326801", "Betty Mildred Pounder": "Q21536029", "Bo\u017eena Brodsk\u00e1": "Q11706466", "Rosemarie Ehm-Schulz": "Q18199226", "Luciana Novaro": "Q20050998", "Jean Newlove": "Q59530808", "Gilda Navarra": "Q89223362", "Mary Ann Niles": "Q115256154", "Miriam R\u0103ducanu": "Q89788136", "Anne Lise Klinge": "Q124099348", "Anne Gayle Ingram": "Q105080965", "Niina Raadik": "Q20528322", "Roc\u00edo Arag\u00f3n Berm\u00fadez": "Q25674485", "Jos Brabants": "Q52480304", "\u0412\u0435\u0440\u0430 \u041a\u043e\u0441\u0442\u0438\u045b": "Q61133410", "Anne B\u00e9ranger": "Q4083932", "Josephine Nobles Giacketti": "Q116452381", "Susanna Egri": "Q15633012", "\u00c1gnes Roboz": "Q106144230", "Lyudmila Sakharova": "Q4409490", "Eva Kr\u00f6schlov\u00e1": "Q65547497", "Meriam Rosen": "Q98298679", "Monika Pagneux": "Q1944718", "Filomena Feliu": "Q108171167", "\u05e8\u05e0\u05d4 \u05e9\u05e8\u05ea": "Q24038322", "\u0413\u0430\u043d\u043d\u0430 \u041c\u0456\u0445\u0430\u0439\u043b\u0430\u045e\u043d\u0430 \u041b\u0456\u0445\u043c\u0430\u043d": "Q125145763", "Anna Sagna": "Q94500668", "Olga Sk\u00e1lov\u00e1": "Q12042543", "Inge Sand": "Q40523689", "Velta Vilci\u0146a": "Q4111287", "Izabela Gorzkowska-G\u0142owacka": "Q97373953", "Meredith Baylis": "Q106503430", "Sarada Hoffman": "Q106612804", "Francine Lancelot": "Q3081225", "Inkeri Suvio": "Q11864894", "Galina Kekisheva": "Q4141098", "Olena Potapova": "Q15081594", "Rina Shaham": "Q20502882", "Dolor\u00e8s Laga": "Q3034286", "Anna Mascolo": "Q96182185", "Clara G\u00f3ra": "Q1095188", "Gareyeva Faya": "Q85852063", "Ntora Tsatsou": "Q12881988", "Kiyoko Ishii": "Q99469704", "Viola Malmi": "Q18044471", "Leigh Brewer": "Q95711898", "Rena Gluck": "Q18822564", "Raija Lehmussaari": "Q62018317", "\u05d4\u05d3\u05d4 \u05d0\u05d5\u05e8\u05df": "Q30277571", "Joyce Trisler": "Q55720351", "Natalia Kasatkina": "Q106251028", "Maie K\u00f5rvel": "Q124257713", "Asami Maki": "Q11570632", "\u041e\u043b\u0433\u0430 \u041c\u0438\u043b\u043e\u0441\u0430\u0432\u043b\u0435\u0432\u0430": "Q12909287", "Ganimet Simixhiu Vendresha": "Q11699359", "Violeta Montenegro": "Q19722079", "Margot Mink Colbert": "Q106992552", "Gisela Walther": "Q58948160", "Randi Fr\u00f8nsdal": "Q104729047", "Ira Generalova": "Q124980565", "Akiko Kanda": "Q11282752", "Becky Arnold": "Q106357036", "Nirmala Ramachandran": "Q106630442", "Anne Vivian \"Zucky\" Crystal": "Q18191772", "Ana Mercedes Racca Gonz\u00e1lez": "Q29122194", "Cora Flores": "Q39330691", "Jelena Poznjak-K\u00f5lar": "Q12361867", "Ursula Borrmann": "Q59140840", "Clover Roope": "Q106357081", "Natalya Chernova": "Q4513841", "Maricusa Cabrera": "Q118274526", "Anna Kaftanov\u00e1": "Q95484570", "Aida Artoerovna Tsjernova": "Q4513832", "Ksenija Hribar": "Q18608740", "Tiiu Randviir": "Q16405733", "Ella Jaroszewicz": "Q3051333", "Elena Sedlak": "Q3721500", "Mercedes Ellington": "Q47010729", "Manon Freire Giorgi": "Q89353121", "Oshra Elkayam Ronen": "Q18983818", "Alla Dzgoeva": "Q28132948", "Cotty Stenby": "Q11964142", "Anna Maleras": "Q11905650", "Marl\u00e8ne Lie A Ling": "Q107344392", "Regina Beck-Friis": "Q87345373", "Deloris Perlmutter": "Q105958379", "Susan Buirge": "Q3505558", "Elena Dacian": "Q50825109", "Leonor Galindo": "Q5973371", "July del R\u00edo": "Q51654441", "Beverly Brown": "Q106357048", "Sandy Mansson": "Q4965469", "Marcela L\u00f3pez Rey": "Q961228", "Monique Bosshard": "Q113159962", "Albina Bayeva": "Q4075046", "Wendy Osserman": "Q106357076", "Svetlana Balojan": "Q124980471", "Eszter Felkai": "Q56390629", "Mich\u00e8le Febvre": "Q105582453", "Arja Pessa": "Q17345033", "Tandy Beal": "Q124980283", "Pamela Wood Kling": "Q96382022", "Tina Croll": "Q102427600", "Suzanne Verdal": "Q55979359", "Ana Marie Forsythe": "Q94642457", "Maya Ramos Smith": "Q112808758", "Alla Rubina": "Q4399095", "Zde\u0148ka \u010cechov\u00e1": "Q10857838", "Nelli Karra": "Q29580117", "Valentyna Vantukh": "Q4103451", "\u00c9va Igl\u00f3i": "Q62395002", "Lise Eger": "Q17057751", "Judith Brin-Ingber": "Q110983402", "Chiang Ching": "Q9301897", "Nada Diachenko": "Q106357057", "Irene Feigenheimer": "Q106357062", "Susanne Valentin": "Q4989989", "\u0537\u0574\u0574\u0561 \u0546\u0561\u0570\u0561\u057a\u0565\u057f\u0575\u0561\u0576": "Q124799594", "Miroslava Pe\u0161\u00edkov\u00e1": "Q12038066", "Marjo Kuusela": "Q16300193", "Nina Vangeli": "Q15081075", "Rosemary Butcher": "Q95209741", "Mirja Tukiainen": "Q115767374", "Yoko Ashikawa": "Q27917468", "Agnessa Balieva": "Q24009665", "Liz King": "Q104805288", "Aysulu Tokombayeva": "Q4459603", "Malou Airaudo": "Q15833456", "Dana Reitz": "Q106357078", "Mathilde Altaraz": "Q3298940", "Ma\u0142gorzata Potocka": "Q11772355", "Lisbeth Zachrisson": "Q4990864", "\u041c\u0438\u0440\u043e\u0441\u043b\u0430\u0432\u0430 \u0404\u0436\u0435\u043b\u0435\u043d\u043a\u043e": "Q12129972", "Zofia Rudnicka": "Q9391849", "Nils Christe": "Q57416510", "Annalies Preisig": "Q113167708", "Sirkka-Liisa Forslund": "Q125698280", "Maryse Delente": "Q104889629", "Gayle McKinney-Griffith": "Q125824495", "Akane Muromachi": "Q11453053", "C\u00e9lia Gouv\u00eaa": "Q107692947", "Izadora Weiss": "Q11714740", "Lynn Gilbert-Smith": "Q107319498", "Kathryn Bernson": "Q106357042", "Germain Merle Salsberg": "Q106357082", "Yola Polastri": "Q6170202", "Beatrice J\u00e4r\u00e5s": "Q4957672", "Mich\u00e8le M\u00e9tail": "Q3311666", "Jackie Taffanel": "Q3157408", "Nicole Hanot": "Q3341059", "Vicky Shick": "Q107693011", "Marleen Pennison": "Q106357077", "Utako Nagamitsu": "Q11651519", "Anette Abildgaard": "Q16063234", "Saima Kranig": "Q125067992", "Miranda Tufnell": "Q75506766", "Ewa Kukli\u0144ska": "Q4245773", "Eiko Otake": "Q28922612", "Elia Schneider": "Q5829388", "Solveig Leinan Hermo": "Q18627912", "Saori Mine": "Q11476104", "Gro Rakeng": "Q11972692", "\u05d3\u05e0\u05d9\u05d0\u05dc\u05d4 \u05de\u05d9\u05db\u05d0\u05dc\u05d9": "Q16339196", "Zita Errs": "Q16646325", "Jane Hveding": "Q11978179", "Vendetta Mathea": "Q3555419", "Chrissie Parrott": "Q56599837", "Lourdes Lecona": "Q106142860", "Manon Hotte": "Q113159417", "Dominique Fr\u00e9tard": "Q3035168", "Ea Sola": "Q3046305", "Myriam Dooge": "Q3331517", "Nadejda Loujine": "Q3334824", "Nathalie Pubellier": "Q3336657", "Raquel G\u00f3mez Mart\u00edn": "Q3419731", "Rosita Boisseau": "Q3442697", "V\u011bra Vesel\u00e1": "Q12002534", "H\u00e9l\u00e8ne Blackburn": "Q21039081", "Claire Graf": "Q113158725", "Joselle Noverraz": "Q113331153", "Johanna Boyce": "Q106357047", "Inger Buresund": "Q16182216", "Victoria Kahn": "Q4957804", "Anal\u00edvia Cordeiro": "Q42533841", "Angela Dellepiane": "Q3616752", "Josette Ba\u00efz": "Q3185927", "Denise Fujiwara": "Q56264229", "Ana Macara": "Q105395718", "Kilda Mori Northcott": "Q106788141", "Jutta Czurda": "Q1714591", "Stefania Minardo": "Q3972302", "Galia Fredkin": "Q112902979", "Nicole Mossoux": "Q3341086", "\u041a\u043e\u0449\u0430\u0432\u0435\u0446\u044c \u0406\u0440\u0438\u043d\u0430 \u041c\u0438\u043a\u043e\u043b\u0430\u0457\u0432\u043d\u0430": "Q105324771", "Ky\u014dko Nobi": "Q11645845", "Barbara Go\u0142aska": "Q103859921", "Diane Decker": "Q113158789", "Mirja-Liisa Herhi": "Q28028809", "Aranka Hegyesi": "Q111829159", "Anu Panula": "Q20251304", "Neomisia Dantas": "Q44697522", "Fabienne Berger": "Q107002563", "Larysa I. Simakovi\u010d": "Q111511636", "Brygida Ochaim": "Q995204", "Kaoruko": "Q11667689", "Sylviane Bayard": "Q106250852", "Amanda Bennett": "Q47363401", "Doris Vuilleumier": "Q113167829", "Kim Duddy": "Q737287", "Katalin L\u0151rinc": "Q1160716", "Jacqueline Lemieux": "Q55774808", "Grace Ellen Barkey": "Q29867837", "Hana Smi\u010dkov\u00e1-L\u00e1talov\u00e1": "Q12018987", "Miwako Hamada": "Q56253177", "B\u00e9atrice Goetz": "Q113188904", "Catherine Diverr\u00e8s": "Q2941895", "Judith Kuckart": "Q115338", "Minako Sugimoto": "Q55536559", "Jo\u00eblle Bouvier": "Q3187486", "Catherine Allard": "Q2941804", "Be\u00e1ta L\u0151rincz": "Q16521608", "Hui Wen": "Q85855015", "Melinda Ring": "Q107692982", "Tiina Br\u00e4nnare": "Q16297994", "Anu Ruusmaa": "Q125185626", "Mira Anju": "Q11450578", "Fina Ferreira": "Q125622392", "Gabriella B\u00e1nki": "Q111680274", "Silvina Szperling": "Q106825014", "\u0413\u043e\u0440\u0434\u0430\u043d\u0430 \u0414\u0435\u0430\u043d \u041f\u043e\u043f-\u0425\u0440\u0438\u0441\u0442\u043e\u0432\u0430": "Q12905801", "Trinidad Mir\u00f3 Mira": "Q9090092", "Anna Grabka": "Q536355", "Raffaella Giordano": "Q3929219", "Yael Cramsky": "Q30526630", "Eve End": "Q24545451", "Tatjana Meissner": "Q1675144", "Irina Pauls": "Q1672661", "\u0413\u0430\u0431\u0440\u0438\u0435\u043b\u0430 \u0422\u0435\u0433\u043b\u0430\u0448\u0438-\u0412\u0435\u043b\u0438\u043c\u0438\u0440\u043e\u0432\u0438\u045b": "Q12750065", "Nicole Corsino": "Q20006099", "Francesca Lattuada": "Q3080871", "Amanda Miller": "Q95202995", "Carmen Fernanda": "Q108486443", "Sanna Kek\u00e4l\u00e4inen": "Q20251885", "Claudia Triozzi": "Q2978440", "Mayumi Natsu": "Q11429891", "Dominique Hervieu": "Q3035221", "Juju Arishina": "Q11516640", "Erika Nowada": "Q11645259", "\u00c5sa Unander-Scharin": "Q29209575", "Syhem Belkhodja": "Q71979568", "Blanca Calvo": "Q124381977", "Marit Krogeide": "Q112630417", "Latifa La\u00e2bissi": "Q23010940", "\u4e9a\u4f9d": "Q19851805", "Borsuk Nataliya Vasylivna": "Q94633880", "Gunilla Heilborn": "Q16595114", "Antonella Bertoni": "Q3618905", "Olivia Grandville": "Q3350707", "Alicia Monti": "Q16528888", "Katarzyna Gdaniec": "Q26263260", "Romana Agnel": "Q3440969", "Tamara \u010cern\u00e1": "Q12058286", "Yurie Shimomura": "Q17159599", "Christiane B\u00e9langer": "Q19790124", "Heili Einasto": "Q124652412", "Marie K\u00fchler": "Q4960245", "Johanna Bodor": "Q12349890", "\u05ea\u05de\u05e8 \u05d1\u05d5\u05e8\u05e8": "Q16131313", "Suzana Koncut": "Q29149092", "Jennifer Lacey": "Q22133416", "Joanne Leighton": "Q3179675", "Lotta Kuusisto": "Q110889146", "Liisa Risu": "Q106447621", "Justine Kirk": "Q4958901", "Susanna \u00c5kerlund": "Q17265701", "Alessandra Celentano": "Q3609672", "Brigitte Derks": "Q13445307", "Noriko It\u014d": "Q69012441", "Johanne Saunier Clayburgh": "Q3180704", "Muriel Valtat": "Q3328136", "Bea Nichele Wiggli": "Q113168328", "Sabine Ercklentz": "Q1346223", "Ga\u00eblle Bourges": "Q18610880", "\u00c5sa Johannisson": "Q4956834", "Maura Paparo": "Q3852401", "Yvonne Pouget": "Q1703882", "Galit Liss": "Q124331944", "Irina Tagaeva": "Q65966836", "Cornelia Br\u00eendu\u0219a Novac": "Q112117091", "DD Dorvillier": "Q52634308", "\u049a\u0430\u0434\u0438\u0448\u0430 \u0415\u0440\u043c\u0435\u043a\u0431\u0430\u0439\u049b\u044b\u0437\u044b \u0410\u0493\u044b\u043c\u0431\u0430\u0435\u0432\u0430": "Q20483714", "Myriam Gourfink": "Q52634653", "Angela Flam": "Q95199455", "Mari M\u00e4gi": "Q125092208", "Hanna Brotherus": "Q19746021", "Gwendoline Robin": "Q28777066", "Sondos Belhassen": "Q12217030", "Marion Ballester": "Q3293610", "Delphine Moussin": "Q3021849", "Yuki Semba": "Q18817725", "Andrea Hoffmann": "Q5675187", "Un Yamada": "Q52775196", "Constanza Macras": "Q3687646", "Andrea M\u00fcller": "Q121782380", "Olga de Soto": "Q3350473", "Alice Psaroudaki": "Q2646941", "Tiina Ollesk": "Q124357955", "Elise Bundervoet": "Q1828051", "Katre Lidmets": "Q125169578", "Therese Glahn": "Q12339172", "Merle Saarva": "Q125197186", "Liat Ekta": "Q18120274", "Carole Douillard": "Q16536170", "Eylon Nuphar": "Q101843237", "Katja Erfurth": "Q87286688", "Iris Erez": "Q124332004", "Lazara Rosell Albear": "Q52495175", "Dana Mor\u00e1vkov\u00e1": "Q1159229", "Hikari Ono": "Q11463981", "Reija W\u00e4re": "Q63823479", "Luc\u00eda Baumgartner": "Q113073061", "Laire Purik": "Q125196892", "Petra Fornayov\u00e1": "Q50311083", "Maria Clara Villa-Lobos": "Q52497346", "Hiroko Tanaka": "Q17160877", "Kaari Martin": "Q5476461", "Kati Ivaste": "Q125201597", "Malin Watson": "Q104029400", "Monika Riesch": "Q107478785", "Marta Coronado": "Q3295090", "Tatyana Prokofieva": "Q60661597", "Valia Papachristou": "Q61040955", "YoungSoon Cho Jaquet": "Q113449668", "Cuqui Jerez": "Q124031911", "Julie Pecquet": "Q1712192", "Claudia De Smet": "Q2310106", "Anna Veijalainen": "Q11851624", "Florence Peake": "Q75423421", "Marge Ehrenbusch": "Q124944599", "Kristina Pashkevicius": "Q125096394", "Irene H\u00fctsi": "Q124971681", "Helen Reitsnik": "Q125197066", "Kaja Kann": "Q16406054", "Isabelle Beernaert": "Q17428362", "Rosana Hribar": "Q28806118", "Janja Zupan": "Q18508017", "Ninel \u00c7am": "Q104440040", "Marion Allon": "Q113102521", "Nina Mamia": "Q117460330", "Masako Yasumoto": "Q11486260", "Valentina Turcu": "Q64903353", "Luciana Brites": "Q3265184", "Sonja Bakker": "Q2172222", "Kirsten Cools": "Q2220417", "Norma Acosta": "Q16297324", "Fanny de Chaill\u00e9": "Q33502840", "Wara Caj\u00edas Ponce": "Q56378778", "Silvia Marchig": "Q111340600", "Estefania Miranda": "Q1369822", "M\u00e9lanie Hurel": "Q3332882", "Maimouna Coulibaly": "Q23542282", "Agne Kurrikoff-Herman": "Q97218104", "Beth Bejani": "Q109580137", "Borb\u00e1la Blask\u00f3": "Q65215404", "Melina Marnerou": "Q97343140", "Julie Bour": "Q3189173", "Paulina Wycichowska": "Q11813811", "Tresina Boronat i Fabra": "Q11951600", "Gis\u00e8le Vienne": "Q3107837", "Anna Iberszer": "Q9155209", "K\u00fclli Kressa": "Q20528491", "Claudia Mota": "Q109581377", "Francesca Folloni": "Q3749404", "Mala Kline": "Q52635043", "La Bicha": "Q23008353", "Lisbeth Gruwez": "Q4150430", "Oph\u00e9lie Longuet": "Q55723565", "Tina Beyeler": "Q108789549", "Agnija Sarulien\u0117": "Q20503457", "Marcela Duarte": "Q56818917", "Barbara Matijevi\u0107": "Q2883990", "Irene Bustamante": "Q24078968", "Andrea Maurer": "Q114569269", "Carolina Campos": "Q124528712", "Gabriela Gottschalk": "Q1489968", "Maria Goltsman": "Q97215768", "Helen Veidebaum": "Q125189322", "Renana Raz": "Q7045374", "Aleksandra Mi\u0161i\u0107": "Q124685777", "Tr\u1ea7n Ly Ly": "Q125315818", "Renate Valme": "Q17447350", "Aleksandra Lebedinskaya": "Q19917960", "Lynsey Peisinger": "Q28872039", "Oksana Tralla": "Q12371363", "Stine Kronborg": "Q12337273", "Heili Lindepuu": "Q12363559", "Bouchra Ouizguen": "Q30727165", "Marie B\u00e9land": "Q105454404", "Naiara Santacoloma": "Q116886449", "Tatyana Denisova": "Q4158013", "Kika Georgiou": "Q61302540", "Ioana Macarie": "Q90525977", "Nikeata Thompson": "Q15836839", "Triin Lilleorg": "Q125090261", "Nagisa Shirai": "Q3335095", "Giovanna Martinatto": "Q5880089", "Louise Wagner": "Q112543", "Tale Dolven": "Q3514451", "Lisa Auguste": "Q98816881", "Natsuki Hayashi": "Q50641053", "K\u00fclli Roosna": "Q125197145", "Eve Grinsztajn": "Q3061357", "Marianne Haugli": "Q17096380", "Tracy Phillips": "Q7831815", "Hlengiwe Nokulunga Lushaba Madlala": "Q124667148", "Nandy McClean": "Q108857174", "Krisztina Varga": "Q21087717", "Ana Mar\u00eda Sarmiento Camargo": "Q125817143", "Ho\u00e0i Anh": "Q125316313", "Priscilla Mota": "Q59643077", "Ramona B\u0103rbulescu": "Q90532126", "Andrea Moln\u00e1r": "Q17361744", "Ania Nowak": "Q105725411", "Olivia C. Davies": "Q107277484", "Marina Mileti\u0107": "Q107307905", "Kalli Pikas": "Q112195697", "Gladys Orozco": "Q11300198", "Laura Kvelstein": "Q125081088", "Asami Horik\u014d": "Q17220330", "Polina Menshikh": "Q123510474", "Mika Ikeda": "Q40030810", "Lia Kim": "Q57911428", "Aleksandra Kedzierska Fontaine": "Q26221425", "Sarah Kora Dayanova": "Q3473369", "Els Alderliesten": "Q116187000", "Natsumi Takenaka": "Q11598708", "Eug\u00e9nie Rebetez": "Q42749581", "Kaisa Oja": "Q12366076", "Shruti Merchant": "Q16210207", "Jana Drgov\u00e1": "Q60448899", "Yekaterina Varnava": "Q4103922", "Gabriela G\u00f3mez Abaitua": "Q12258086", "Priscilla Guy": "Q56479270", "Marie Gourdain": "Q100318852", "Ya\u00eblle Azoulay": "Q112602683", "Liisa Heikkinen": "Q115608816", "Judit Szamosi": "Q20978582", "Lucija Velkavrh": "Q108195049", "Doris Feldmann": "Q124971580", "Liis Vares": "Q61109851", "Nao Yoshigai": "Q50641832", "Nishi Munshi": "Q56164765", "Justyna Suchecka": "Q44737393", "Rasmina C\u0103lb\u0103jos": "Q90535870", "Jann Gallois": "Q60708360", "Ouma\u00efma Mana\u00ef": "Q69657193", "Anastassia Savela": "Q124850887", "Oana Nechiti": "Q15837218", "Minako Maruyama": "Q22126804", "Vanda \u0218tef\u0103nescu": "Q90624836", "Chiara Re": "Q52616267", "\u0410\u0431\u0434\u0443\u043b\u043b\u0430\u0454\u0432\u0430 (\u0425\u0430\u043b\u0456\u043b\u043e\u0432\u0430) \u0415\u043b\u044c\u043d\u0430\u0440\u0430 \u0421\u0435\u0456\u0442\u0432\u0435\u043b\u0456\u0457\u0432\u043d\u0430": "Q56375076", "May J Lee": "Q55737088", "Gianna Martello": "Q90560906", "Mari B\u00f8": "Q124298599", "Aiki": "Q109456376", "Saana Akiola": "Q103843077", "Carine Bahanag": "Q107278869", "Rihey": "Q113489878", "Anne-Marie Kot": "Q96939470", "Agathe Djokam Tamo": "Q108525676", "Federica Bernardi": "Q11332673", "D\u017eajna \"Jaja\" Va\u0148kov\u00e1": "Q5321286", "Stella Kruusam\u00e4gi": "Q125080702", "Jeny Bosenge": "Q113838789", "Gabee": "Q112022685", "SuA": "Q59313270", "Rena Kaneta": "Q22124698", "Sophia Mason": "Q125983197", "Anna-Marija Adomaityt\u0117": "Q125935737", "Denisa Galand\u017e\u00e1rov\u00e1": "Q116819360", "Nadine Romero Beltr\u00e1n": "Q117816834", "Noze": "Q110114569", "Ingrid Mugu": "Q123126886", "Lauraa": "Q110456591", "Paula Vuorela": "Q111484311", "Liana Ramirez": "Q87403543", "Akotcholo Micheline N'guessan": "Q113441652", "Lois Welk": "Q102334946", "Quinndy Akeju": "Q124806074", "Corina Oosterveen": "Q1132795", "Dorota Furman": "Q9210175", "Marie-Louise Bischofberger": "Q17579874", "Dilay Willemstein": "Q108557850", "Halle Goehring": "Q122732688", "Merih \u00c7imenciler": "Q6026476", "Jennifer Nelson": "Q6178668", "Sasha Soreff": "Q7425112", "Simona Lisi": "Q7520199", "\u738b\u4e9a\u5f6c": "Q9320254", "Carlota Albuquerque": "Q9697437", "Helen Lai Hoi Ling": "Q11178811", "Haruka Yamashiro": "Q11467686", "Mami Itamoto": "Q11532607", "Ai Aihara": "Q11581920", "P\u00e4ivi von Hertzen": "Q11889372", "Daniela Dzheneva": "Q12277642", "Anna Petrova": "Q16168431", "Ada M\u00e9ndez": "Q16526858", "Ayano": "Q18455513", "\u05e0\u05d3\u05d9\u05df \u05d1\u05d5\u05de\u05e8": "Q19743947", "Rannv\u00e1 K\u00e1rad\u00f3ttir": "Q20607856", "Mam Smith": "Q21074782", "Nira Paaz": "Q24572498", "Maria Wada": "Q30928528", "Aoi Matsuo": "Q30929971", "Maiko": "Q85866197", "Barbara Diabo": "Q37489408", "Beatrice Cardinali": "Q38304834", "Jenni Kivel\u00e4": "Q42904214", "Maria Bauman": "Q51078184", "Davalois Fearon": "Q51078195", "Kim-Sanh Ch\u00e2u": "Q51392244", "Gabriela Carrizo": "Q52480823", "Karine Girard": "Q52489467", "Chantal Yzermans": "Q52554709", "Sophie Corriveau": "Q52555633", "Tess Gibbs": "Q52556531", "Sujata Goel": "Q52556573", "Femke Gyselinck": "Q52556925", "Inga Hakonardottir": "Q52556961", "Martine H\u00e9bette": "Q52557047", "Virginia Hendricksen": "Q52557064", "Nelle Hens": "Q52557081", "Pirkko Husemann": "Q52601149", "Meryem Jazouli": "Q52601704", "Eisa Jocson": "Q52601776", "Ivana Jozic": "Q52601969", "Aude Lachaise": "Q52603077", "Coraline Lamaison": "Q52603206", "Mouna Laroussi": "Q52603463", "Mia Lawrence": "Q52603602", "Eun-kyung Lee": "Q52603685", "Olivia Van de Peer": "Q52605317", "Emma Lindgren": "Q52605581", "Doris Marlis": "Q52607634", "Ciska Vanhoyland": "Q52608021", "Kristel van Issum": "Q52608036", "Louise Vanneste": "Q52608607", "Naiara Mendioroz": "Q52608799", "Jeannette Van Steen": "Q52609331", "Georgia Vardarou": "Q52609741", "Julie Verbinnen": "Q52610234", "Gail Verhasselt": "Q52610611", "Ava Villanueva-Ong": "Q52612118", "Sophie Vitse": "Q52612209", "Rosa Omarsdottir": "Q52612239", "Verena Weiss": "Q52613708", "Helen Pickett": "Q52614506", "Ria Piers": "Q52614541", "Katja Pire": "Q52614779", "Federica Porello": "Q52615388", "Sigal Zouk": "Q52615742", "Zsuzsa Rozsav\u00f6lgyi": "Q52617288", "Inma Rubio Tomas": "Q52617321", "Simone Sandroni": "Q52617646", "Manon Santkin": "Q52617696", "Laura Scozzi": "Q52618469", "Filiz Sizanli": "Q52619026", "Sigrid Spachtholz": "Q52619490", "Rebecka Stillman": "Q52619934", "Bahar Temiz": "Q52620616", "Anne Th\u00e9riault": "Q52620760", "Rosalba Torres Guerrero": "Q52621256", "Nina Vallon": "Q52621896", "Berta Vallribera I Mir": "Q52621910", "Prisca Van Delft": "Q52623446", "Mich\u00e8le Assaf": "Q52623461", "Beatrice Balcou": "Q52624345", "Lenneke Bisschop": "Q52625245", "Dana\u00e9 Bosmans": "Q52625722", "Dani Brown": "Q52626135", "Magali Caillet-Gajan": "Q52626492", "Gabriela Carizzo": "Q52626607", "Val\u00e9rie Castan": "Q52626746", "Alida Chase": "Q52626963", "Sarah Chase": "Q52626975", "Nadia Cusimano": "Q52628046", "Magy De Bie": "Q52628480", "Jade Derudder": "Q52629932", "Lieselot De Saedeleer": "Q52629957", "Kattrin Deufert": "Q52630130", "Lima De Valck": "Q52630137", "Liez De Vos": "Q52630271", "Yentl De Werdt": "Q52630387", "Cecilia Lisa Eliceche": "Q52634381", "Natalie Fisher": "Q52634470", "Sirah Foighel Brutmann": "Q52634486", "Inou Gazzara": "Q52634540", "Elles Grzybek": "Q52634682", "Flavia Guayer": "Q52634684", "Gonnie Heggen": "Q52634772", "L\u00e9nio Kaklea": "Q52634960", "Marianna Kavallieratos": "Q52634990", "Myriam Kuliasko": "Q52635098", "Ziyian Kwan": "Q52635106", "Heike Langsdorf": "Q52635146", "Elena Laniog": "Q52635147", "Sacha Lee": "Q52635202", "Keren Levi": "Q52635260", "Greta Linz": "Q52635322", "Anne-C\u00e9cile Massoni": "Q52635646", "Barbara Mavro Thalassitis": "Q52635717", "Medie Megas": "Q52635775", "Marielle Morales": "Q52635957", "B\u00e9n\u00e9dicte Mottart": "Q52635985", "Irina M\u00fcller": "Q52635997", "Melanie Munt": "Q52636000", "Moravia Naranjo": "Q52636024", "Meri Pajunp\u00e4\u00e4": "Q52636267", "Kataline Patka\u00ef": "Q52636326", "Antje Pfundtner": "Q52636477", "Sylvia Printemps": "Q52636617", "Natalia Ferrandiz Quesada": "Q52636639", "Pauline Roelants": "Q52636861", "Antonia Steffens": "Q52770927", "Emilie Sterkenburgh": "Q52771034", "Yen Stolk": "Q52771056", "Sachiyo Takahashi": "Q52771312", "Ayd\u0131n Teker": "Q52771367", "Lise Vachon": "Q52772760", "Marisa Van Andel": "Q52772805", "Evelyne Van Bauwel": "Q52772825", "Genevi\u00e8ve Van Quaquebeke": "Q52774101", "Karolien Verlinden": "Q52774454", "Mojra Vogelnik Skerij": "Q52774737", "Sue-Yeon Youn": "Q52775224", "Ann Liv Young": "Q52775225", "Sharon Zuckerman": "Q52775351", "Lee Meir": "Q53108415", "Jone San Martin": "Q53112231", "Janni Van Goor": "Q53454124", "Elvira": "Q54600802", "Ang\u00e9lique Willkie": "Q55465522", "Lonneke van Leth": "Q55823685", "Clara Jer\u00f4nimo": "Q56118926", "Svetlana Zaikova": "Q56178496", "Agnieszka Branska": "Q56558790", "Monette Loza": "Q57447791", "Marina Candal": "Q57448071", "Alberte Lazzini": "Q57448080", "Danielle Davidson": "Q57824398", "Olga Borisov\u00e1-Pra\u010dikov\u00e1": "Q58243164", "Nik\u00e9 Honcov\u00e1": "Q60054387", "Inga Cipe": "Q60238210", "Carol Lane": "Q60302138", "Polina Kremasta": "Q60581681", "Anda Aravosita": "Q60731784", "Mariela Nestora": "Q60736329", "\u03a4\u03b6\u03af\u03bd\u03b1 \u039a\u03b1\u03bb\u03b1\u03bd\u03c4\u03b6\u03ae": "Q61041667", "Favela Vera Ortiz": "Q61104662", "Eirini Kyrmizaki": "Q61358684", "Vrisiida Solomou": "Q61358686", "Chara Kotsali": "Q61358688", "Xenia Themeli": "Q61358695", "Marilena Karetta": "Q61358700", "Natalia Partheniou": "Q61358717", "Maria Koliopoulou": "Q61358720", "Myrto Papadopoulou": "Q61358722", "Froso Korrou": "Q61669045", "Cari Cunningham": "Q61694405", "Manty Fragkiadaki": "Q61718250", "Aliki Kazouri": "Q62591578", "Anthi Theofilidi": "Q62591584", "Evanthia Sofronidou": "Q62591691", "Tatiana Loverdou": "Q62591891", "Kelly Devine": "Q63191670", "Aigli Chava - Vagia": "Q63248887", "Carla Cervantes": "Q63303416", "Atalanti Mouzouri": "Q63390022", "Rena Kampaladou": "Q63854212", "Nuria Castej\u00f3n": "Q63958519", "Rose Alice Larkings": "Q63977913", "Elena Voutsinou": "Q63981117", "inka Masouridou": "Q64250512", "Rengina Kapetanaki": "Q64374427", "Charis Antachopoulou": "Q64391852", "Apostolia Papadamaki": "Q64434785", "Maria Kazazi": "Q64434977", "Dimitra Koronaiou": "Q64615793", "Dana Gingras": "Q65095368", "Bj\u00f8rg Holmen": "Q69868670", "Mariant\u00f2nia Oliver": "Q73724712", "Nanette Rohan Bearden": "Q74066441", "Sofia Antoniadou": "Q76158551", "\u82b1\u5d0e\u675c\u5b63\u5973": "Q79737959", "Marie Roux": "Q79768447", "Anna Bilibina": "Q80323528", "Nelli Dimoglou": "Q84956494", "Victoria Simon": "Q86450930", "Yolanda Amadei": "Q87480264", "Alida Esmail": "Q88012814", "Katerina Mitsiou": "Q88570527", "Vangelio Ieronymaki": "Q89357856", "Wang Yanan": "Q89442373", "Kay Holden": "Q89783266", "Dionysia Feidopoulou": "Q91221177", "Judith State": "Q91783735", "Monika Elena Kolokotroni": "Q91810132", "Ersi Seirli": "Q92054137", "Elvira Bartzoka": "Q93121641", "Marie-Claude Hourdebaigt": "Q93881972", "Sharon Watson": "Q94411460", "Gudrun Lange": "Q95645988", "Marlies Allner": "Q95647974", "Karen Sch\u00f6nemann": "Q95647992", "Dominique Dumais": "Q95648042", "Melanie Lane": "Q95648070", "Antje Rose": "Q95648217", "Viviana Escal\u00e9": "Q95648283", "Angelika Thiele": "Q95649145", "Beate Vollack": "Q95655428", "Silvana Schr\u00f6der": "Q95655676", "Angelika Honig": "Q95656474", "Birgit Pfitzner": "Q95667491", "Harriet Hahlweg": "Q95670382", "Raja Belensson": "Q95672217", "Anita Avila": "Q95673699", "Mirissa Windham": "Q95680547", "Jaqueline Viv\u00e8s": "Q95687626", "Lea Th\u00fcrmann": "Q95687630", "Rosyana Larau": "Q95687803", "Freya Lieven": "Q95688729", "Elfriede Liebthal": "Q95698686", "Thea Huber-Oehmen": "Q95700868", "Gisela Rocha": "Q95707959", "Sandra Bezic-Ricci": "Q95708243", "Veronique Defranoux": "Q95708455", "Marga Ruess": "Q95708836", "Ilse Friedrichs": "Q95710041", "Rosa Montez": "Q95710250", "Anja Pajung": "Q95710590", "Jeanette Eichelbaum": "Q95713122", "Bohumila Novakov\u00e1": "Q95713200", "Barbara Aitken": "Q95714947", "Barbara Dickinson": "Q95726473", "Nina Feist": "Q95732267", "Lotte Loeser": "Q95733557", "Iaia De Capitani": "Q95735928", "Eleanor Fazon": "Q95736730", "Marga Rues": "Q95739209", "Maria Ligeti": "Q95740283", "Eva Worisch": "Q95742432", "Gisela Asteroth": "Q95742482", "Marianne Seipel-Schr\u00f6der": "Q95743251", "Anna du Boisson": "Q95743656", "Milena Moravcova": "Q95744950", "Yoshiko Waki": "Q95747058", "Shari Khan": "Q95747423", "Ursula Dathe-Brill": "Q95748700", "Hironiro Sugata": "Q95748793", "Eleonora Gori": "Q95749187", "Rebecca Murgi": "Q95750653", "Anneliese von Oettingen": "Q95752017", "Aliki Oustampasidou": "Q95911513", "Ersi Pitta": "Q96755031", "Lim Fei Shen": "Q97818652", "Thaleia Anomeritou": "Q98137418", "Carmen Bravo": "Q99619726", "Fanney Tsimong": "Q99979160", "Natalie Gotter": "Q100937508", "Megan Flynn": "Q100937569", "Karine Chiasson": "Q101114125", "Ariane Voineau": "Q101114283", "Angie Cheng": "Q101114394", "Rachael Dunaven Yocom": "Q102151835", "Heidi Cruz-Austin": "Q104097385", "Cynthia Gutierrez-Garner": "Q104097740", "Barbara Doherty": "Q104518633", "Elke Pichler": "Q104535161", "G\u00e9raldine Leong-Sang": "Q104709445", "Susan Patricia Street": "Q105109979", "Maria Franco": "Q105411234", "Maria Tsouvala": "Q105519236", "Yun Chane": "Q105700936", "Edith Chateau": "Q105700985", "Soraya Thomas": "Q105701012", "Nadia Vadori-Gauthier": "Q105710058", "Tina Chamilothori": "Q105925472", "Lidya Romero": "Q105947089", "Christina Kleisiouni": "Q106340019", "Sally Bowden": "Q106357046", "Margaret Cicierska": "Q106357053", "Antonia Cobos": "Q106357054", "Ren\u00e9e De Marco": "Q106357056", "Eva Gentry": "Q106357066", "Jeanette Hackett": "Q106357069", "Esther Junger": "Q106357071", "Arja Pettersson": "Q106438316", "it-k@": "Q106503964", "Helen Simoneau": "Q106520174", "Amy Smith": "Q106576065", "Annie Wilson": "Q106576070", "Kate Watson-Wallace": "Q106584912", "Leah Stein": "Q106585035", "Meg Foley": "Q106585067", "Jamuna Krishnan": "Q106729214", "Ricarda Regina Ludigkeit": "Q106768138", "Dorothy Parlette": "Q106828490", "Christine Bylund": "Q106975352", "Sarah Knox": "Q107147043", "Starr Muranko": "Q107277670", "Julia-Maude Cloutier": "Q107315526", "Kavita Ramphal": "Q107316048", "Seda Aybay": "Q107392277", "Andreea Gavriliu": "Q107470750", "Br\u00e2ndu\u015fa Novac": "Q107481030", "Aliki Vempo": "Q107484280", "Madhoerie Jagmohan": "Q107565150", "Aparna Ramaswamy": "Q107609510", "Darla Villani": "Q107627535", "Maria Gkouti": "Q107640654", "Andrea Lerner": "Q107692935", "Beth Gill": "Q107692943", "Cathy Weis": "Q107692946", "Dayna Hanson": "Q107692949", "Gabriela Prado": "Q107692953", "Ivy Baldwin": "Q107692958", "Joanna Haigood": "Q107692963", "Jodi Melnick": "Q107692964", "Keely Garfield": "Q107692968", "Lynn Dally": "Q107692977", "Marta Soares": "Q107692980", "Morgan Thorson": "Q107692983", "Myrna Packer": "Q107692984", "Netta Yerushalmy": "Q107692986", "Nina Wiener": "Q107692989", "Pramila Vasudevan": "Q107692995", "Ranee Ramaswamy": "Q107692996", "Rosane Chamecki": "Q107692998", "RoseAnne Spradlin": "Q107693000", "Sara Shelton Mann": "Q107693003", "Vera Sala": "Q107693010", "Alyx Duncan": "Q107995743", "Vasia Angelidou": "Q108129476", "Jo Lloyd": "Q108185884", "Kyran Rampersad": "Q108252524", "Nurit Stern": "Q108267811", "Yvonne van den Akker": "Q108478141", "Audrey Bergeron": "Q108818074", "Vaso Giannakopoulou": "Q109298180", "Valentina Consoli": "Q109323605", "Penny Couchie": "Q109437994", "Yvonne Ng": "Q109459541", "Marta Domaga\u0142a-Witkowska": "Q109795719", "Nandini Sikand": "Q109809683", "Anastasia Theofanidou": "Q109896904", "Sonia Mertens": "Q110138419", "Alice Bourgat": "Q110158338", "Anne Plamondon": "Q110219467", "Helen Priest Rogers": "Q110889409", "Catherine Dagenais-Savard": "Q110965448", "Danielle Lecourtois": "Q110971587", "Catherine Chappell": "Q111077897", "Akko Tadano": "Q111111999", "Audr\u00e9e Juteau": "Q111343019", "Eleanor Yung": "Q111365435", "Roberta Arguello": "Q111444330", "Elsa Vilarinho": "Q111444385", "Annie Gravel": "Q111444947", "Karen Hader": "Q111449220", "Linda Cyr": "Q111449238", "Marie-Jos\u00e9e Lavoie": "Q111449251", "Maria Monakhova": "Q111449272", "Fannie C\u00f4t\u00e9": "Q111450104", "Vera Gotye": "Q111450143", "Am\u00e9lie L\u00e9vesque-Demers": "Q111450181", "Julie Anctil": "Q111453804", "Megan Brydon": "Q111454295", "Marilyn Daoust": "Q111454626", "Esther Gaudette": "Q111455100", "Audrey Gaussiran": "Q111455105", "Alexia Gourd": "Q111455203", "Kathline Gr\u00e9co": "Q111455213", "Dji Ginette Hach\u00e9": "Q111455248", "Danielle Hotte": "Q111455273", "Fannie Landry": "Q111455524", "Johanne Madore": "Q111455783", "Izabella Marengo": "Q111455815", "Natacha Monette": "Q111455898", "Caroline Nantel": "Q111455935", "Joanie Papillon": "Q111455991", "Roxane Pelletier": "Q111456030", "Sylvie R\u00e9gimbald": "Q111456193", "Helene Robbie": "Q111456223", "Maud Saint-Germain": "Q111456280", "Mina Myoung": "Q111584008", "Anne Bluethenthal": "Q111603129", "Silvana Cardell": "Q111603130", "Cynthia Oliver": "Q111603132", "Fleur Darkin": "Q111780314", "Krist\u00edna Tukan": "Q111818565", "Katarzyna Brzezinska": "Q112063737", "Nishant Bhat": "Q112155565", "Liwia Bargie\u0142": "Q112269987", "Sarah Bild": "Q112602516", "Diane Carri\u00e8re": "Q112602517", "Jocelyne Cournoyer-Bibeau": "Q112602519", "Florence Figols": "Q112602521", "Maria Kefirova": "Q112602524", "Jane Mappin": "Q112602526", "Violaine Morinville": "Q112602527", "Mariko Tanabe": "Q112602533", "Francyne Themens": "Q112602534", "Elise Legrand": "Q112602547", "Lucie Vigneault": "Q112602549", "Monica Gan": "Q112602550", "Julie  Duguay": "Q112602556", "Dorotea Saykaly": "Q112602559", "Catherine Lafleur": "Q112602560", "Aur\u00e9lie Pedron": "Q112602568", "Emmanuelle Calv\u00e9": "Q112602570", "Caroline Gravel": "Q112602572", "Karen Fennell": "Q112602573", "Jade-Emmanuelle Amyot": "Q112602575", "Marie-Eve Farmer": "Q112602579", "Merryn Kritzinger": "Q112602583", "Sarah Dell'Ava": "Q112602589", "Alanna Kraaijeveld": "Q112602593", "Josiane Bernier": "Q112602594", "Katia-Marie Germain": "Q112602604", "Catherine Lavoie-Marcus": "Q112602607", "Karenne Gravel": "Q112602608", "Emmalie Ruest": "Q112602609", "Delphine V\u00e9ronneau": "Q112602610", "sara hanley": "Q112602611", "Jasmine Allan-C\u00f4t\u00e9": "Q112602620", "L\u00e9a Tremblay Fong": "Q112602622", "Karine Ledoyen": "Q112602626", "Lucie Gr\u00e9goire": "Q112602632", "Lina Cruz": "Q112602635", "\u00c9lodie Lombardo": "Q112602636", "Annie Gagnon": "Q112602641", "Marie-Chantal Scholl": "Q112602653", "V\u00e9ronique Giasson": "Q112602659", "Anne-Flore de Rochambeau": "Q112602664", "Liane Th\u00e9riault": "Q112602666", "Sandrine Martel-Laferri\u00e8re": "Q112602674", "St\u00e9phanie Brochard": "Q112602680", "Bettina  Szabo": "Q112602688", "Joannie Roberge": "Q112602699", "Axelle Munezero": "Q112602726", "Erin Hill": "Q112602727", "St\u00e9phanie  Fromentin": "Q112602734", "Val\u00e9rie Pitre": "Q112602736", "Yesenia  Fuentes": "Q112602738", "Ariana Pirela S\u00e1nchez": "Q112602739", "Alexandra Jacques": "Q112602743", "Sora\u00efda Caron": "Q112602746", "Aur\u00e9lie Brunelle": "Q112602750", "Rosanne Dion": "Q112602752", "Claire Jeannot": "Q112602757", "Genevi\u00e8ve  Duong": "Q112602760", "Claudia Chan Tak": "Q112602763", "Emmanuelle L\u00ea Phan": "Q112602767", "Kim L.Rouchdy": "Q112602772", "Maria Papathanasiou": "Q112602775", "Catherine Pelletier-Voyer": "Q112602791", "Chloe Hart": "Q112602800", "Martine Castera": "Q112602811", "Mair\u00e9ad Filgate": "Q112602815", "Alice  Grondin Segal": "Q112602827", "Pauline  Gervais": "Q112602828", "L\u00e9ah Tremblay": "Q112602830", "Karrine Morrison": "Q112602832", "Gabriela Jovian-Mazon": "Q112602847", "Mathilde Heuz\u00e9": "Q112602848", "Tiera Joly Pavelich": "Q112602857", "Nelly Paquentin": "Q112602859", "Rachelle Bourget": "Q112602860", "Marika Landry": "Q112602862", "Alexia Quintin": "Q112602866", "Olivia Khoury": "Q112602871", "Jessica Cumberbirch": "Q112602878", "Emilie-Claude St-Amour Maill\u00e9": "Q112602879", "Charo Foo Tai Wei": "Q112602891", "Sol\u00e8ne Filion Danis": "Q112602894", "Sh\u00e9rane Figaro": "Q112602903", "Karine Rathle": "Q112602906", "Marie L\u00e9v\u00eaque": "Q112602907", "Jeanne Forest-Soucy": "Q112602909", "Hannah-Jane Clutchey": "Q112602916", "Lila Geneix": "Q112602920", "Hoor Malas": "Q112602926", "Ester Fran\u00e7a Monteiro de Barros": "Q112602938", "Helen Simard": "Q112602943", "Naomi Gwynn": "Q112602952", "Ma\u00efgwenn Desbois": "Q112602953", "Anna Sanchez": "Q112602963", "Maya Guy": "Q112602964", "Justine Bellefeuille": "Q112602970", "Sylvia Berman": "Q112602973", "Kellyanne Keller": "Q112602987", "Camille Courchesne-Couturier": "Q112602988", "M\u00e9lanie Goulet": "Q112602993", "Aicha Ben Chaaboune": "Q112603005", "Katharina Vogel": "Q113100300", "Marisa Godoy": "Q113167812", "Morgann Runacre-Temple": "Q113295169", "Moria Zrachia": "Q113946280", "Grete Gro\u00df": "Q114401347", "Elizabeth June Bergman": "Q114457327", "Elizabeth Melchior": "Q114871701", "Suzanne Renner": "Q115047298", "Cherylle Abessolo": "Q115245307", "Hannele Kein\u00e4nen": "Q115613185", "Prissy La D\u00e9gammeuse": "Q115788550", "Lucia Marthas": "Q116206598", "Teresa VanDenend Sorge": "Q116447841", "Charlotte Sprangers": "Q116453967", "Maria Yakimova": "Q116998543", "Clara Barbuscia": "Q117083366", "Silvia Hodgers": "Q117241588", "Sandy Bessette": "Q117430537", "Corinna Vitale": "Q117456713", "\u0395\u03b9\u03c1\u03ae\u03bd\u03b7-\u0395\u03c1\u03c9\u03c6\u03af\u03bb\u03b7 \u039a\u03bb\u03ad\u03c0\u03ba\u03bf\u03c5": "Q118197970", "Patricia Apergi": "Q118611650", "Kashika Sisodia": "Q120067266", "B\u00e9atrice Jaccard": "Q120091631", "Pieta Koskenniemi": "Q120135248", "Taran Cameron Macdonald-Parker": "Q120594549", "Louisa Thomsen Brits": "Q120601178", "V\u00e1clava Brettschneiderov\u00e1": "Q120605330", "Lucie Mattabu": "Q120605397", "Gabriele Kubitschek": "Q120609560", "Veronika Ryzhenko": "Q120616728", "Avigail Rubin": "Q120969720", "Alison Purkiss": "Q121623635", "Corinne Devaux": "Q121767448", "Yasmina Reggad": "Q123063482", "Andrea Leigh-Smith": "Q123332429", "Hrysoula Zokaka": "Q123357721", "Ana Buitrago": "Q123358193", "Kanako Masago": "Q123408573", "Sylvie Mercier": "Q123417607", "Laura Jeffery": "Q123420967", "Genevi\u00e8ve Gagn\u00e9": "Q123422103", "Hahna Briggs": "Q123459068", "Hercilia L\u00f3pez": "Q123486315", "Rozalin": "Q123653721", "Emily Kilkenny Roddy": "Q123680738", "Simeez": "Q123690323", "Spella": "Q123694402", "Chae Dasom": "Q124054874", "Jang Juhee": "Q124056595", "Jo Na In": "Q124062957", "Hae Ri Park": "Q124101673", "Josefa Pereira": "Q124299642", "Luciana Chieregati": "Q124357775", "In\u00e8s Kabamba": "Q124569830", "Rachelle Agbossou": "Q124652104", "Myrlene St. Jago": "Q124695527", "Mayte Segura": "Q124751113", "Quinny Sacks": "Q124790761", "Edwina Guckian": "Q124801343", "Ilona J\u00e4ntti": "Q125526391", "Rosie Herrera": "Q125543410", "Abby Zbikowski": "Q125543414", "Skaidr\u012bte Dariusa": "Q125565448", "Eva Vyslou\u017eilov\u00e1": "Q125579183", "Krist\u00fdna Mi\u0161kolciov\u00e1": "Q125579678", "Angelika Oei": "Q125746288", "Susan Kozel": "Q125746780", "Martina Vogiatzi": "Q125760137", "Anastasiya Yankovich": "Q125763956", "Andr\u00e9e-Anne Giasson": "Q125763960", "Aur\u00e9lie Perron": "Q125763970", "Cindy Mae Arsenault": "Q125763990", "Elizabeta Golubkov": "Q125764017", "Emily Gualtieri": "Q125764025", "Jamila Shani Joseph": "Q125764113", "Marie-Denise Bettez": "Q125764132", "Meggie Cloutier-Hamel": "Q125764144", "Milie Veronneau": "Q125764152", "Morgane Guillou": "Q125764155", "Nikita Peruzzini": "Q125764163", "Rocio Vadillo molina": "Q125764185", "Sarah Elola": "Q125764194", "Sonya Dessureault": "Q125764203", "Sylvia Mccaughey": "Q125764213", "Vanessa Brazeau": "Q125764218", "Vicki Sue Machin": "Q125764219", "Victoria Mackenzie": "Q125764220", "Sylvie Desrosiers": "Q125766439", "Alison East": "Q125882585", "Maria Eugenia Barrios": "Q126392704"}