{"Sylvie Joussaume": "Q21028340", "Benigna Boza-Kiss": "Q59553405", "Evguenia Rubinstein": "Q109490136", "Radka Kalcheva": "Q102428585", "Maria Stopa-Boryczka": "Q108743636", "Barbara Olechnowicz-Bobrowska": "Q112668952", "Halina Lorenc": "Q98120898", "Ille Palm": "Q12364379", "Ivana Neme\u0161ov\u00e1": "Q95168733", "Riyanti Djalante": "Q60439199", "Alayne Street-Perrott": "Q88069556", "Maria Jo\u00e3o Alcoforado": "Q57412551", "Judit Bartholy": "Q790929", "Anna Styszy\u0144ska": "Q29079412", "Manola Brunet": "Q52526326", "Maria Nedealcov": "Q105805511", "Elwira \u017bmudzka": "Q9253026", "Sandra E. Yuter": "Q57980865", "Claudia Tebaldi": "Q54086496", "Lucia Mariani": "Q27149543", "Nathalie Barrette": "Q72073724", "C\u00e9lia Gouveia": "Q55168576", "Anita Bokwa": "Q105441129", "Marcy Rockman": "Q91873757", "Anja Schmidt": "Q55079227", "Marta Olazabal": "Q57085518", "C\u00e9lia J. Sapart": "Q57602672", "Nathaelle Bouttes-Mauhourat": "Q66486314", "Rachel Pike": "Q23783093", "Meade Krosby": "Q28154545", "Anne de Verna": "Q28870590", "Delphine Deryng": "Q42833432", "Isla Myers\u2010Smith": "Q56353412", "Ayako Abe-Ouchi": "Q56424168", "Susanna Corti": "Q56854934", "Aim\u00e9e Slangen": "Q57150733", "Ana Bastos": "Q57239114", "Jung-Eun Lee": "Q57492715", "Courtney Schumacher": "Q57602182", "Shona Smith": "Q57626167", "Stephanie A. McAfee": "Q57758291", "Ines Alvarez": "Q57921852", "Amy B. Solomon": "Q58064698", "Sarah J. Doherty": "Q58065407", "Jeannine-Marie St. Jacques": "Q58097001", "Ruth Lorenz": "Q58097628", "Amy Snover": "Q58097865", "Daniela Flocco": "Q58150113", "Matilde Rusticucci": "Q58159752", "Linden Ashcroft": "Q58226099", "Laura Gallardo": "Q58313432", "Isabel Trigo": "Q58339178", "Roxana Bojariu": "Q58346079", "Paola Mercogliano": "Q58350873", "Jennifer Vanos": "Q58412716", "Chelsea L. Wood": "Q59755341", "Rebecca Elizabeth Smith": "Q60290966", "Hillary A. Scannell": "Q62935691", "Katarzyna B. Tokarska": "Q63951826", "Solveig Glomsr\u00f8d": "Q64143932", "Femke Nijsse": "Q71657973", "Lili Xia": "Q86790603", "Shirley W. Leung": "Q88001092", "Claudia Pasquero": "Q90134830", "Hyun Mee Kim": "Q91428071", "Rebecca Jean Herman": "Q97653010", "Agn\u00e8s Ducharne": "Q97692568", "Fiona Tummon": "Q98189930", "Erica Thompson": "Q102406401", "Lauren Padilla": "Q102415026", "Beth Wingate": "Q102453658", "Marja Bister": "Q102793828", "Rebecca E. Morss": "Q102793866", "Shuyi S. Chen": "Q103206033", "Janette Lindesay": "Q104173634", "Claire Williams": "Q104466383", "Allison Chatrchyan": "Q107183140", "Maria K. Janowiak": "Q107278626", "Kristen Schmitt": "Q107316536", "Patricia Danielle Shannon": "Q107316558", "Hannah Abbotts": "Q107339105", "Aurelia Baca": "Q107594765", "Victoria Holly Liberty Winton": "Q109289158", "Zinta Zommers": "Q109920496", "Judy R. Twedt": "Q110141257", "Nathalie de Noblet-Ducoudr\u00e9": "Q110702468", "Chandni Singh": "Q110877283", "Sonia Wharton": "Q114564031", "Sandra Rome": "Q114917664", "Katar\u00edna Mikulov\u00e1": "Q115296084", "Chiara M Holgate": "Q115611821", "Deborah Rosen": "Q117257365", "Ko Barrett": "Q119686286", "Annalisa Bracco": "Q119841115", "Caroline Draxl": "Q120320917", "Joyce Kimutai": "Q121070174", "Ruth Cerezo-Mota": "Q121268404", "Francina Dominguez": "Q122260161", "Catherine Rausch de Traubenberg": "Q123226176", "Suzanne Mary Rosier": "Q123509866", "Susanne Etti": "Q123512750", "Ariaan Purich": "Q126155107"}