{"T\u00edmea Annam\u00e1ria Cs\u00e1sz\u00e1rn\u00e9 Koll\u00e1r": "Q63224380", "Rotem Oshman": "Q107173871", "Ingeborg Meising": "Q1662911", "Inna Sergeevna Sjtsjerbina-Samoylova": "Q15918990", "Patricia J. Eberlein": "Q102166610", "Brigitta Pinkusowna Kowarskaja": "Q19618266", "Evi Rannap": "Q16405751", "Maria-Christine von Urach": "Q17124662", "Sharon Menard": "Q75101062", "Reet Pukk": "Q16404362", "Ursula Hill": "Q2501663", "Chen Kunqiu": "Q8325380", "Zde\u0148ka R\u00e1bov\u00e1": "Q21501899", "Silvi Roomets": "Q12375026", "Antonina Starita": "Q108929353", "Kathy Ivens": "Q59610867", "Victoria Raquel Bajar Simsolo": "Q34658533", "Gra\u017cyna Mirkowska-Salwicka": "Q97370099", "Jana Zv\u00e1rov\u00e1": "Q51545264", "Britta Schinzel": "Q2663738", "Marielle Stamm": "Q3292993", "Eva Kri\u0161tofi\u010dov\u00e1": "Q51370766", "Mare Koit": "Q16403718", "Alicja Corona Klenczon": "Q86855976", "Giulia Galbiati": "Q123911989", "Joana Lipeikien\u0117": "Q16453398", "Simona Ronchi Della Rocca": "Q102403491", "Yu Hongzhi": "Q16949248", "Barbara Nowarska": "Q121910740", "Beate Meffert": "Q18222980", "Fran\u00e7oise Fogelman Souli\u00e8": "Q95204725", "Luminita State": "Q22070205", "Ir\u00e8ne Guessarian": "Q46995306", "Bo\u017cena Nowak-Szymura": "Q19758409", "Zofia Wilimowska": "Q24430396", "Nicole Tourigny": "Q97571491", "Sylvia L. Osborn": "Q102244304", "Krysia B. Broda": "Q102124678", "Kay A. Robbins": "Q102237082", "Barbara White": "Q102394569", "Vedra Pieterse": "Q21469864", "Eleftheria Paliou": "Q30038767", "Barbara K\u00f6nig": "Q42365815", "Valentina Bartalesi": "Q61483179", "Bo\u017cena \u015amia\u0142kowska": "Q65560262", "Hella Jean Bartolo Winston": "Q112492809", "Lois Marie Lundberg Delcambre": "Q102130390", "Rhonda Crowder": "Q123584684", "Maria Antonia Mart\u00ed Anton\u00edn": "Q61677472", "Elfriede Fehr": "Q102181194", "Carmelita G\u00f6rg": "Q67123684", "Amparo Vila": "Q23012005", "Asuman Do\u011fa\u00e7": "Q102268294", "Hanna Oktaba": "Q102404743", "Janet I. Egan": "Q98835706", "Mario Rodr\u00edguez Artalejo": "Q102423375", "Gloria Kissin": "Q102357797", "Hele-Mai Haav": "Q50664055", "Mari Plakk": "Q12369746", "Agnieszka Szewczyk": "Q9142449", "Barbara Dunin-K\u0119plicz": "Q20640134", "Anneliese K Amschler Andrews": "Q102271870", "Anna Ing\u00f3lfsd\u00f3ttir": "Q99933554", "Halina Kwa\u015bnicka": "Q11708447", "H\u00e9l\u00e8ne Kirchner": "Q33102660", "Hamideh Afsarmanesh": "Q21600853", "Silke Seehusen": "Q1575194", "\u0414\u0440\u0430\u0433\u0430\u043d\u0430 \u0411\u0435\u0447\u0435\u0458\u0441\u043a\u0438 \u0412\u0443\u0458\u0430\u043a\u043b\u0438\u0458\u0430": "Q16081668", "Sissi Closs": "Q42534569", "Rita Almeida Ribeiro": "Q57910565", "Monika Heiner": "Q42371929", "Flavia Marzano": "Q65557916", "Alena Koubkov\u00e1": "Q95394686", "Gordana Pavlovi\u0107-La\u017eeti\u0107": "Q12750312", "Huang Yongqin": "Q105718560", "Amy L. Lansky": "Q11770", "Anna Korhonen": "Q43562193", "Barbara Mancuso Bouton": "Q105822395", "Al\u00edcia Casals i Gelp\u00ed": "Q11905218", "Heide Balzert": "Q1257578", "Marie-Mich\u00e8le Boulet": "Q98124401", "Teresa Serra i Majem": "Q17036880", "Guang Gong": "Q27996457", "Eulalia Szmidt": "Q125121868", "Wielis\u0142awa Osma\u0144ska-Furmanek": "Q9372761", "Gabriele Kern-Isberner": "Q102293171", "Marta Cialdea": "Q102402737", "Debora Weber-Wulff": "Q1181545", "Francesca Saglietti": "Q102243612", "Judit Robu": "Q1249619", "Jill Dann": "Q15994393", "Dal\u0117 Dzemydien\u0117": "Q12652240", "Maria Khorsand": "Q4958692", "Chen Zuoning": "Q8291805", "Arantza Illarramendi": "Q12253844", "Nieves Rodr\u00edguez Brisaboa": "Q62057683", "Constance Bland": "Q99758370", "Ada Russo": "Q104673183", "N\u00faria Castell Ari\u00f1o": "Q111183018", "Kerstin Schill": "Q21264217", "Fosca Giannotti": "Q108133611", "Joanna J\u00f3zefowska": "Q24577084", "Carmen Paz Su\u00e1rez Araujo": "Q95208378", "Barbara Paech": "Q102236038", "Nicole Bidoit": "Q102262086", "Margy Ross": "Q66603474", "Bo\u017cena Kostek": "Q61162161", "Txelo Ruiz-Vazquez": "Q20492609", "Stefania Costantini": "Q105475254", "Barbara Gawronska": "Q86663486", "Adriana Valente": "Q105475153", "Janet Wiles": "Q91285606", "Roxana Silvia Giandini": "Q106501939", "Gerti Kappel": "Q77423312", "Kerstin Forsberg": "Q55475535", "Ibolya Varga": "Q1401689", "Adelinde Uhrmacher": "Q21252698", "Laurie Ulrich-Fuller": "Q55999343", "Eva Voln\u00e1": "Q95171086", "Eleonora Pant\u00f2": "Q59296877", "Mirna Adriani": "Q97382926", "Jane Mulligan": "Q102251403", "Janneke H. Bolt": "Q102357167", "Maria Grazia Albanesi": "Q108395013", "Ren\u00e1ta Kunstov\u00e1": "Q12049218", "Marie-Pierre B\u00e9al": "Q102406704", "Marta Larusdottir": "Q59535871", "Bracha Shapira": "Q17505352", "Olatz Arregi Uriarte": "Q105161273", "Martina Zitterbart": "Q47003052", "Hana Materov\u00e1": "Q112342846", "Melanie L. Fulgham": "Q102251082", "Aijun An": "Q102252006", "Maria-Ribera Sancho Sams\u00f3": "Q111184440", "Rita Francese": "Q111796240", "Arend Rensink": "Q102552689", "Zdena Dobesova": "Q67206340", "Elvinia Riccobene": "Q60647596", "Marzena Kryszkiewicz": "Q105885927", "Regina Klimmek": "Q29970325", "Gabi Dreo Rodosek": "Q42310691", "Jifke Veenland": "Q96605239", "Adriana Beatriz Compagnoni": "Q102300917", "Nataliya Zubar": "Q90744534", "Itziar Aduriz": "Q102040060", "Letizia Jaccheri": "Q101478428", "Jutta Eckstein": "Q42534562", "Cornelia Ferm\u00fcller": "Q100458082", "Gudrun Stockmanns": "Q21032247", "Delia Kesner": "Q102304489", "Michal Armoni": "Q21264409", "Bettina Berendt": "Q48564674", "Antje Krause": "Q584774", "Kristin Falck": "Q1789290", "Concha Bielza": "Q42182200", "Isabel Ramos": "Q57905533", "Chitta Ranjan Baral": "Q102168200", "Indrakshi Ray": "Q102245571", "Urbashi Mitra": "Q102351110", "Dana Petcu": "Q58233397", "Maxux Aranzabe": "Q57083982", "Montse Maritxalar Anglada": "Q20492393", "Ingrid Hotz": "Q21262098", "Elena Pivar\u010diov\u00e1": "Q92630834", "Marina Skurichina": "Q102318232", "Silvia Pfeiffer": "Q102763562", "Chris Rupp": "Q1077716", "Lina von Sydow": "Q102426295", "Ina Schieferdecker": "Q1660866", "Hilda Tellio\u011flu": "Q77961996", "Andrea Held": "Q15646723", "Edlyn Teske": "Q15858516", "Sangamitra Bandopadhyay": "Q16339120", "Suzanne Embury": "Q63350896", "Chiara Bodei": "Q56643891", "Isabelle Tellier": "Q57302119", "Barbara Russo": "Q107304171", "Marit Hansen": "Q20948776", "Persephone Doupi": "Q40273913", "Carmen Santoro": "Q59150607", "Silvia Vaccaro": "Q123224928", "Isabelle Collet": "Q56605410", "Elena Lazkano": "Q15964868", "Patricia A. Vargas": "Q61005002", "Ana Zelaia Jauregi": "Q106513420", "Mar\u00eda Teresa Mart\u00edn Valdivia": "Q116863458", "Flaminia Luccio": "Q57421746", "Rosella Gennari": "Q62056498", "Agnieszka Dardzi\u0144ska": "Q102304531", "Hairong Qi": "Q112500473", "\u51af\u4e39": "Q10895260", "Elske Ammenwerth": "Q40274273", "Karen Zita Haigh": "Q102214876", "Tiziana Calamoneri": "Q61090061", "Alke Martens": "Q16006206", "Silvija Seres": "Q17107223", "Dianella Lombardini": "Q107985159", "Olatz Arbelaitz": "Q20492519", "Erika \u00c1brah\u00e1m": "Q61628618", "Sabine Glesner": "Q21264603", "Mari\u00ebtte van Selm": "Q112525376", "Svenja Hagenhoff": "Q15444899", "Andrea Herrmann": "Q26208444", "Fei Xia": "Q93953885", "Susanne Busse": "Q18563219", "Anna Gambin": "Q27429838", "B\u00e9atrice Pesquet-Popescu": "Q33111932", "Lore Martinez Axpe": "Q32332149", "Luz Castro Pena": "Q16518259", "Pilar Manch\u00f3n Portillo": "Q61766552", "El\u017cbieta P\u0119kalska": "Q102318225", "Tracy A. Gardner": "Q102229370", "Patricia Everaere": "Q102442947", "Cecilia Ver\u00f3nica Sanz": "Q96316920", "\u00c9milie Guimier de Neef": "Q111387846", "Rosalba Zizza": "Q62036591", "Laura Thomson": "Q59610089", "Rosanna Cassino": "Q112259393", "Mahbouba Gharbi": "Q19959578", "Nata\u0161a Pr\u017eulj": "Q21264447", "Daniela Gifu": "Q57413332", "Mateja Jamnik": "Q62036851", "Vana (Vasiliki) Kalogeraki": "Q102271567", "Tiina Puolakainen": "Q16404483", "Sarah Spiekermann": "Q64828032", "Vanessa Evers": "Q47292613", "Marta Szachniuk": "Q24577080", "Constanze Kurz": "Q1128109", "Ginevra Peruginelli": "Q61727273", "Sabine van der Veer": "Q42685160", "Nancy Mauro-Flude": "Q52608088", "Ira Assent": "Q65016050", "\u0412\u043e\u043b\u044c\u0433\u0430 \u0412\u0430\u043b\u0435\u0440'\u0435\u045e\u043d\u0430 \u041d\u0435\u0434\u0437\u044c\u0432\u0435\u0434\u0437\u044c": "Q115134335", "Delaram Kahrobaei": "Q89710351", "Bianca Truthe": "Q102282079", "Simona Settepanella": "Q102367772", "Anne Siegel": "Q61090466", "Kristiina Kindel": "Q29419847", "Nathalie Lauraine-Boulyguina": "Q28477239", "Silvia Polla": "Q2286754", "Claudia M\u00fcller-Birn": "Q42314064", "Ana-Maria Popescu": "Q102320787", "Elsa Andrea Kirchner": "Q102433922", "Martine De Cock": "Q55233608", "Iris Lorscheid": "Q120490438", "Darja Isaksson": "Q28529824", "Edurne Larraza Mendiluze": "Q32340772", "Katharina A. Zweig": "Q25354294", "Marie Doumic": "Q88609891", "Ines Di Loreto": "Q104583075", "Kate Saenko": "Q102363810", "Laura Ruff": "Q1251647", "Radka Svobodov\u00e1 Va\u0159ekov\u00e1": "Q44680976", "Karen Liu": "Q88503047", "Annette H\u00f6glund": "Q102340007", "Vasughi Sundramoorthy": "Q102349163", "Annie Chateau": "Q103100469", "Ayu Purwarianti": "Q57167398", "Florence Zara": "Q102369935", "Lise Syven": "Q47061545", "Haiying Shen": "Q100286218", "M.B. van Riemsdijk": "Q103134385", "Anat Levin": "Q108688180", "Iovka Boneva": "Q51602564", "Sheeri Cabral": "Q4815262", "Mara Tanelli": "Q59939615", "Emma Brunskill": "Q44732069", "Itziar Aldabe": "Q61996917", "Haya Shulman": "Q99391308", "Sara Paiva": "Q58907877", "Marie Agier": "Q61775196", "Anna F\u00f6rster": "Q57410694", "Siiri P\u00e4rkson": "Q65267309", "\u041d\u0435\u0447\u0438\u043f\u043e\u0440\u0435\u043d\u043a\u043e \u0410\u043b\u0456\u043d\u0430 \u0421\u0435\u0440\u0433\u0456\u0457\u0432\u043d\u0430": "Q65208822", "Noelia Barreira": "Q59179149", "Diana G\u00f6hringer": "Q43046038", "Justyna Zander": "Q102534813", "Elisabeth Georgii": "Q102558540", "Marina Zhurakhinskaya": "Q112582697", "Verena Elisabeth Majuntke": "Q103330294", "Ariane Heller": "Q102751777", "Katalin T\u00fcnde J\u00e1nosi-Rancz": "Q23908444", "Katr\u00edn Atlad\u00f3ttir": "Q1736776", "Barbara McGillivray": "Q59539000", "Meghyn Bienvenu": "Q28778520", "Birgit Lugrin": "Q42304784", "Dagmar Waltemath": "Q52351699", "Ida Momennejad": "Q57078222", "Emma": "Q57583914", "Zuzana K\u00fakelov\u00e1": "Q82821405", "Anja Klein": "Q102760507", "Ester Martinez-Martin": "Q51099491", "Iratxe Esnaola Arribillaga": "Q16517697", "Enkelejda Kasneci": "Q95972108", "Sharon H\u00fcffner": "Q102466153", "Christiane Plociennik": "Q102716261", "Roxana Bujack": "Q102794334", "Anja P\u00f6lck": "Q102959396", "Naiara Aginako Bengoa": "Q111151585", "Pavla Sehnalov\u00e1": "Q95171641", "Paola Andriani": "Q107345632", "Andrea Christina Unger": "Q102391491", "Muriel Larrea Laso": "Q106523796", "Marie-Constance Mallard": "Q102182054", "Diana Peppoloni": "Q109652844", "Magda Rubenfeld Koralewska": "Q123412179", "Sigal Oren": "Q123741438", "Verena Fuchsberger-Staufer": "Q56884582", "Barbara Plank": "Q57697598", "Fatma Deniz": "Q92708421", "Sandy Ingram": "Q98684548", "Danny Plass-Oude Bos": "Q102430609", "Anna Pappa": "Q107392590", "Carmen De Maio": "Q111717670", "Eirini Kaldeli": "Q112274976", "Nagore Barrena": "Q124718935", "Noga Ron-Zewi": "Q124969344", "Manuela Waldner": "Q110125318", "Anika Schulz": "Q66442461", "Susana Ladra": "Q58733332", "Beg\u00fcm Demir": "Q60602729", "Martina Lindorfer": "Q73730410", "Maike Massierer": "Q102422095", "Georgiana Caltais": "Q102571708", "Irene Misoi": "Q118982768", "Lydia Pintscher": "Q18016466", "Jennifer Pearson": "Q59553600", "Laura Nenzi": "Q105686941", "Arlette van Wissen": "Q102441696", "Oana Goga": "Q102660901", "Ornela Dardha": "Q57414883", "Anett Hoppe": "Q59588839", "Emilie Morvant": "Q102435626", "Ankita Gaba": "Q16148374", "Itziar Cort\u00e9s": "Q108570992", "Yvonne H\u00f6ller": "Q43566762", "Andrea \u00c9va Moln\u00e1r": "Q23908423", "Usue Mori Carrascal": "Q106771247", "Ceenu George": "Q124394067", "Jelena Andonovski": "Q117193532", "Maris M\u00e4nniste": "Q116940247", "Olatz Perez-de-Vi\u00f1aspre": "Q63845182", "Maria Lisandra Gonzalez Hurtado": "Q108803300", "Clara Granell i Martorell": "Q97193529", "Carmen Capiti": "Q62055698", "Luisa Siniscalchi": "Q112707751", "Itziar Gonzalez-Dios": "Q64008050", "Inga Str\u00fcmke": "Q64346769", "Anna Biselli": "Q87261164", "Bego\u00f1a Altuna": "Q105007361", "Manel Abdellatif": "Q123508143", "Fei Fang": "Q95995932", "Marinka \u017ditnik": "Q59753151", "Asma Atamna": "Q102854440", "Eva \u010ceba\u0161ek": "Q91089576", "Yu Wang": "Q124760341", "Uxoa Inurrieta": "Q98775196", "Erika Alden DeBenedictis": "Q18149627", "Elizabeth Nielsen": "Q108439944", "Ana Sofia Domingos": "Q88645490", "Angela Fan": "Q112849775", "Ane Iturzaeta": "Q110869776", "Beatriz Garc\u00eda": "Q117351804", "Mia Landsem": "Q59490186", "Olatz Alberdi Etxeberria": "Q119727300", "SooJean Han": "Q122585403", "Maitane Larrauri Fraile": "Q14132893", "Haiyi Zhu": "Q22298795", "Lola Ca\u00f1amero": "Q24666807", "Barbara Weber": "Q25931597", "Nina Jeliazkova": "Q27061849", "Eva Blomqvist": "Q27942628", "Christina Lioma": "Q28865052", "Elvira Mayordomo C\u00e1mara": "Q29401236", "Kiyoko F Aoki-Kinoshita": "Q37380319", "Anca Doloc-Mihu": "Q41046096", "Anna Ochal": "Q48842130", "Margarita D\u00edaz Roca": "Q50358352", "Verena Henrich": "Q51843646", "Sarah Hauser": "Q76597740", "Heike Grotegut": "Q104671416", "Talia Ringer": "Q107026420", "Kim Bartholomew": "Q2740807", "Ma\u0142gorzata Sterna": "Q24577081", "Marta Kasprzak": "Q24577082", "Ata Kab\u00e1n": "Q1103138", "Nicole Sullivan": "Q11324311", "Miho Nagase": "Q17226199", "Claudia Perlich": "Q17487466", "Donatella Castelli": "Q18703769", "Hanna Kasprzyk": "Q19697909", "Ewa Klupsz": "Q19697914", "Selena Deckelmann": "Q19753650", "Laura Kallmeyer": "Q21264246", "Melanie Herschel": "Q21264396", "Nicole Schweikardt": "Q21264464", "Jennifer Healey": "Q23713350", "Caroline Sporleder": "Q27925459", "\u064a\u0627\u0633\u0645\u064a\u0646 \u0645\u0635\u0637\u0641\u0649": "Q28714765", "Cristina Sarasua": "Q30092858", "Katy Wolstencroft": "Q34388132", "Bo Pang": "Q35530984", "Lucie-Aim\u00e9e Kaffee": "Q37860261", "Aida Valls": "Q38591080", "Anja Hennemuth": "Q41625836", "S\u00e9verine Maingaud": "Q41783746", "Ka Yee Yeung": "Q42872283", "Jill Cousins": "Q43024078", "Marisa Conte": "Q43078960", "Jessica B. Hamrick": "Q44176957", "Eva Rotenberg": "Q45270110", "Janina Mincer-Daszkiewicz": "Q48843873", "Masuma Mammadova": "Q50415494", "Afruz Gurbanova": "Q50415887", "Sandra Alves": "Q50673886", "Raia Hadsell": "Q51036169", "Jamie Ryan Kiros": "Q51036812", "Margaret-Anne Storey": "Q51060321", "Virginia Giorno": "Q51140526", "Carolyn McGregor": "Q51164541", "Lalana Kagal": "Q51508959", "Teresa B. Ludermir": "Q51889587", "Ela Hunt": "Q51902271", "Sarah McRoberts": "Q52229394", "Hannah Miller": "Q52239472", "Harmanpreet Kaur": "Q52239619", "Gail Carmichael": "Q52274293", "Shekoofeh Azizi": "Q52674127", "Natalia Queiroz de Oliveira": "Q52743432", "Klara A. Weiand": "Q53407521", "Jun Zhao": "Q54303120", "Anna Lisa Gentile": "Q54832532", "Christina Kratsch": "Q55172326", "Anna P\u0159istoupilov\u00e1": "Q55692871", "Greet Vanden Berghe": "Q56296438", "Valentina Presutti": "Q56459943", "Katherine Panciera": "Q56461280", "Birgitta K\u00f6nig-Ries": "Q56476045", "Kerry Raymond": "Q56524762", "Lu Qin": "Q56593650", "Caroline Jay": "Q56640125", "Friederike Klan": "Q56754750", "Julie Swetnick": "Q56760005", "Emily Hand": "Q56779262", "Daniela Luzi": "Q56860335", "Minhua Ma": "Q56940383", "Elizabeth Black": "Q57053355", "Christine Zarges": "Q57200715", "Simone Teufel": "Q57244353", "Kristina N. Toutanova": "Q57267422", "Edith Law": "Q57278075", "Gisele Lobo Pappa": "Q57299188", "Chiara Ghidini": "Q57301840", "Deborah Richards": "Q57303245", "Jasmine Jones": "Q57351636", "Marilia Curado": "Q57413360", "Mirna Mu\u00f1oz": "Q57413879", "Ana Maria A. C. Rocha": "Q57413968", "Berardina De Carolis": "Q57420620", "Ana Cristina Bicharra Garcia": "Q57422352", "Elena Prieto": "Q57451771", "Ming Li": "Q57622930", "Monica Nicolescu": "Q102352566", "Nashwa El-Bendary": "Q57763139", "Tatiana Tommasi": "Q57776307", "Eva Jurickova": "Q58025823", "Prudence W.H. Wong": "Q58138171", "Monica Monachini": "Q58167210", "Laura Giordano": "Q58194815", "Jian Yang": "Q58197098", "Annemaree Lloyd": "Q58198526", "Fernanda Lima Kastensmidt": "Q58323847", "Annalisa Appice": "Q58493559", "Barbara Carminati": "Q58733696", "Masrah Azrifah Azmi Murad": "Q58992283", "Sara Foresti": "Q59098937", "Anne C Elster": "Q59154548", "Sabrina Senatore": "Q59187847", "Vedrana Vidulin": "Q59189486", "Patricia Anthony": "Q59209906", "Kyung-Ah Sohn": "Q59384403", "Kateryna Kuksenok": "Q59489679", "Sarah Flanagan": "Q59543609", "Donatella Merlini": "Q59622021", "Wendy Moncur": "Q59678476", "Ma\u0142gorzata Marciniak": "Q59705182", "Raquel Fern\u00e1ndez Rovira": "Q59748197", "Aakanksha Chowdhery": "Q59748767", "Patricia Garcia": "Q59833113", "Silvia Lindtner": "Q60029708", "Inge Li G\u00f8rtz": "Q60553679", "Laura Igual": "Q60687206", "Katarzyna Paluch": "Q60833694", "Suzanne Matthews": "Q61037560", "Rivka Ladin": "Q61232211", "Mieke De Ketelaere": "Q61686454", "Iryna Solodovnik": "Q61727307", "Maria Concetta De Vivo": "Q61751292", "Marta Garcia": "Q61756016", "Joanna Kolodziej": "Q61763415", "Inggriani Liem": "Q61912381", "Marianna Nicolosi Asmundo": "Q61956406", "Maria Grazia Pepe": "Q61957977", "Alejandra Garrido": "Q61963892", "Maite Oronoz Antxordoki": "Q61968829", "Izaskun Etxeberria Uztarroz": "Q61996941", "Heidi Howard": "Q62004384", "Tinne Tuytelaars": "Q62050673", "Hedvig Kjellstr\u00f6m": "Q62051455", "Silvia Rueda": "Q62052266", "Alessandra Melonio": "Q62056494", "Ekaterina Kochmar": "Q62057137", "Nancy P. LaTourrette": "Q62751201", "Nicole Hamilton": "Q62755262", "Greta Do\u00e7i": "Q63297228", "Danai Koutra": "Q63431950", "Susan Brennan": "Q63456738", "Carolyn Rowland": "Q63536529", "Lisa Philips": "Q63563832", "Jennifer Davis": "Q63564443", "In\u00eas Dutra": "Q63633744", "Toni Carbo": "Q63664898", "Julia Stoyanovich": "Q63863332", "Maribel Acosta": "Q63865447", "Reiko Kond\u014d": "Q64364289", "Katharina Siorpaes": "Q64526593", "Jasmine Roberts": "Q64577622", "Malgorzata Mochol": "Q64728191", "Anne Cregan": "Q64728195", "Johanna V\u00f6lker": "Q64728333", "H. Sofia Pinto": "Q64739203", "Barbara Messing": "Q64825170", "Susanne Neubert": "Q64825185", "Gail Chapman": "Q64836076", "Ljiljana Stojanovi\u0107": "Q64851864", "Kristin Branson": "Q64867186", "Jane Prey": "Q64877514", "Maral Dadvar": "Q64903113", "Harriet G. Taylor": "Q64918039", "Lillian N. Cassel": "Q64918113", "Saartje Brockmans": "Q64966335", "Joyce Y. Chai": "Q64994997", "Maryam Ramezani": "Q65013187", "Simone Braun": "Q65013274", "Lisa Kaczmarczyk": "Q65032462", "Nadeschda Nikitina": "Q65176276", "Eugenie Giesbrecht": "Q65178143", "Julia Hoxha": "Q65178147", "Carolin Mund": "Q65178179", "Veronica Rivera Pelayo": "Q65354946", "Anupriya Ankolekar": "Q65383548", "Kirsten Wahlstrom": "Q65581256", "Heather Pon-Barry": "Q65588981", "Johanna Vompras": "Q65643885", "Katherine A. Heller": "Q65999557", "Marie-Catherine de Marneffe": "Q66317601", "Alice H. Oh": "Q67220697", "Anne Rogers": "Q67896389", "Sonja Schimmler": "Q69561528", "Amaia Bernar\u00e1s": "Q71006415", "Jacquelyn Burkell": "Q71050035", "Christine Farion": "Q72718445", "Michelle L Gill": "Q73426123", "Sabine Wieluch": "Q74101176", "Mait\u00e9 Torres S\u00e1nchez": "Q74703789", "\u00d6zlem Uzuner": "Q75659499", "Mireille Gettler-Summa": "Q76446980", "Karen Sollins": "Q77335629", "Carlotta Domeniconi": "Q78153374", "Jessica Lin": "Q78153398", "Amy Greenwald": "Q78169150", "Fiora Pirri": "Q80115797", "Marisa Raquel De Giusti": "Q80154978", "Birte Glimm": "Q81295922", "Alice Hutchings": "Q81520088", "Sarah Clinch": "Q81826397", "Helena Web": "Q81826848", "Paula Buttery": "Q81842478", "Riza Batista-Navarro": "Q83122162", "Patricia Williams": "Q83616167", "Sally Smith": "Q84090118", "\u00c7a\u011f\u0131n Kandemir \u00c7ava\u015f": "Q84775750", "Laura Elena Raileanu": "Q85680664", "Renata G Raidou": "Q85887039", "Diana Borsa": "Q86609250", "Esra Erdem": "Q86640280", "Gwen Littlewort": "Q87000038", "Celine Latulipe": "Q87090313", "Liqun Chen": "Q87159898", "Parmit Chilana": "Q87171315", "Hoai An Le Thi": "Q87448338", "Marina H\u00f6hne": "Q87679027", "Bin Tian": "Q87740326", "Arantxa Otegi": "Q87758925", "Laura J Dietz": "Q88155475", "Jane X. Wang": "Q88671329", "Emanuela Del Dottore": "Q89024329", "Carolina Scarton": "Q89543223", "Catherine Mooney": "Q89633147", "Regina C\u00e9lia Botequio de Moraes": "Q89682806", "Na Liu": "Q89693048", "Marta Martino": "Q89715626", "Tijana Milenkovi\u0107": "Q90009831", "Mar\u00eda Bot\u00f3n-Fern\u00e1ndez": "Q90413024", "Martine De Bruijne": "Q90487934", "Beverly Woolf": "Q91141103", "Lianne Ippel": "Q91173013", "Anna Belardinelli": "Q91312459", "Mar\u00eda del Carmen Romero Ternero": "Q91341183", "Damijana Ker\u017ei\u010d": "Q91373429", "Linda Brodo": "Q92147122", "Amy Ko": "Q92254061", "Barbara Korou\u0161i\u0107 Seljak": "Q92460987", "Alexandra I. Cristea": "Q92731679", "Patricia M. Hill": "Q93205010", "Martha White": "Q93629999", "Emily Pitler": "Q93953862", "Julia Hockenmaier": "Q93953911", "Katrin Erk": "Q93953920", "Beata Beigman Klebanov": "Q93956267", "Alexandra Birch": "Q93956269", "Reut Tsarfaty": "Q93956351", "Hyunju Kim": "Q95115414", "Anna Maria Feit": "Q95183816", "Almuth Gastinger": "Q95461035", "Svantje Lilienthal": "Q95563660", "Izaro Goienetxea": "Q96019164", "Jane Brzozowski": "Q96054860", "Silvia Ethel Gordillo": "Q96093265", "Katharina Weitz": "Q96131479", "Maya Cakmak": "Q96619808", "Elin R\u00f8nby Pedersen": "Q96639145", "Jeannette Bohg": "Q97099791", "Dorsa Sadigh": "Q97099813", "Alexandra Dmitrienko": "Q97617398", "Anna Lewandowska": "Q97665596", "Edwina L. Rissland": "Q97961494", "Eniko Melinda Sz\u00e9kely": "Q98467265", "Civita Vellucci": "Q98971109", "Valeria Amaro": "Q98971154", "Katrina Falkner": "Q98981345", "Ranka Stankovi\u0107": "Q99281502", "Julia Beck": "Q99539204", "Tita Kyriacopoulou": "Q99565451", "Victoria G. Evans": "Q99574992", "Dhouha Grissa": "Q99603625", "Lindsey Kuper": "Q100587804", "Anna-Klara Gro\u00dfwendt": "Q102090726", "Eva L\u00f6sch": "Q102110160", "Birgit Pfitzmann": "Q102121528", "Lynn Andrea Stein": "Q102123999", "Barbara A. Lando": "Q102148951", "Jutta Kiener": "Q102157364", "Carol Euwema Wolf": "Q102164606", "Martina Maier": "Q102165459", "Melinda Tumaneng Gervasio": "Q102196846", "Olga Gerber": "Q102197687", "Lynn Wilcox": "Q102200294", "Jill Fain-Lehman": "Q102215265", "Shelly Dawn Dalton Goggin": "Q102231991", "Joanna Tyrcha": "Q102234344", "Ma\u0142gorzata Moczurad": "Q102234442", "Pamela Anne Binns": "Q102234520", "Helga Schramm": "Q102243551", "Violet R. Syrotiuk": "Q102244152", "Katja Lenz": "Q102245279", "Gabriela Hristescu": "Q102249218", "Patricia Jean Riddle": "Q102249256", "Regina Inez Estkowski": "Q102249792", "Agatha H. Liu": "Q102250975", "Lauren J. Bricker": "Q102251073", "Christiana Ijeoma Ezeife": "Q102251984", "Rachida Dssouli": "Q102252730", "Eliana de Mattos Pinto Coelho": "Q102252812", "Leila Kosseim": "Q102252848", "Femke van Raamsdonk": "Q102253237", "Angela Scheller": "Q102254780", "Zarina Shukur": "Q102256881", "Friederike Nickl": "Q102257291", "Eva von Below": "Q102259406", "Tsaiyun I. Phillips": "Q102260316", "Margarita Osadchy": "Q102260675", "Ayelet Butman": "Q102260922", "Uyen Trang Nguyen": "Q102261449", "Allison Gyle Woodruff": "Q102261836", "Margaret Helen Butler": "Q102261840", "Marguerite Clare Murphy": "Q102261870", "Elizabeth Ann Sweedyk": "Q102265883", "Maria Ganzha": "Q102266228", "Beverly Marie Gocal": "Q102267496", "Eshrat Arjomandi": "Q102268243", "Marion M\u00fcller": "Q102269205", "Alexandra O. Boldyreva": "Q102270579", "Marina Meil\u0103": "Q102271448", "Antonina Kolokolova": "Q102271883", "Anita Raja": "Q102272669", "Megan Carol Thomas": "Q102274072", "Meiyuan Zhao": "Q102282227", "Sara Miner More": "Q102285329", "Maria Zamfir": "Q102286597", "Malgorzata Biernacka": "Q102289029", "Tamara Babaian": "Q102290844", "Mariana Kant-Antonescu": "Q102292844", "Angela Demke Brown": "Q102292962", "Katharina Probst": "Q102293050", "Yanlei Diao": "Q102293818", "Simone Frintrop": "Q102298583", "Dee Ann Burgess Weikle": "Q102299055", "Antje Nowack": "Q102299636", "Debra Ann Lelewer": "Q102300648", "Wendy Taube Lucas": "Q102300716", "Melissa Suzanne Cline": "Q102300757", "Rachel Karchin": "Q102300759", "Alice Xiaozhou Zheng": "Q102300817", "Viviana Bono": "Q102300920", "Nicole Ondrusch": "Q102301025", "Lauren Barghout": "Q102303042", "Gara Pruesse": "Q102303340", "Ioana Leustean": "Q102305414", "Anne Ginzton Cottrell": "Q102305712", "Sandra S. Irani": "Q102305722", "Irit Gat-Viks": "Q102307817", "Laira Vieira Toscani": "Q102310414", "Ariadna Font Llitj\u00f3s": "Q102310558", "Alma Whitten": "Q102311352", "Sara Cohen": "Q102311695", "Anni-Yasmin Turhan": "Q102312238", "Sally A. McKee": "Q102313374", "Hui Ma": "Q102314458", "Ana L. Milanova": "Q102315699", "Jennifer L. Wong-Ma": "Q102315832", "Francesca Fiorenzi": "Q102318988", "Sarah Elizabeth Petersen": "Q102320785", "Masayo Haneda": "Q102324268", "Petra Wenisch": "Q102330270", "Angela Guercio": "Q102330497", "Karin Kailing": "Q102337045", "Bettina Sunckel": "Q102340233", "Jeannie Raye Albrecht": "Q102341066", "Christina Mathilda Winkler": "Q102343226", "Maria-Athina Mountzia": "Q102343238", "Vrizlynn L. L. Thing": "Q102343419", "Catherine V. Stringfellow": "Q102344033", "Jade Goldstein-Stewart": "Q102344485", "Anna Schulze": "Q102344536", "Katie Brodhead": "Q102346388", "Alica Kelemenov\u00e1": "Q102346427", "Eunjin Jung": "Q102346736", "Ingrid Biehl": "Q102348279", "Christine Stefanie Abel": "Q102348281", "Ulrike Meyer": "Q102348748", "Perdita L\u00f6hr-Richter": "Q102350310", "Juliana K\u00fcster-Filipe": "Q102350317", "Claudia T\u00e4ubner": "Q102350323", "Brigitte Mathiak": "Q102350328", "Inga Altrogge": "Q102350450", "Cynthia Bailey Lee": "Q102352477", "Nancy Harriet McDonald": "Q102355964", "G\u00fcne\u015f Ercal": "Q102356088", "Alexandra Meliou": "Q102356288", "Oksana Arnold": "Q102356543", "Katharina Surovcik": "Q102356900", "Yolanda Gonzalez Arechavala": "Q102360780", "Shannon Beck": "Q102361371", "Anne-Louise Radimsky": "Q102361575", "Anja Lehmann": "Q102362019", "Hana Chockler": "Q102362686", "Karin Quaas": "Q102362946", "Heike Wehrheim": "Q102364690", "Ester Yen": "Q102364954", "Anna Povzner": "Q102365330", "Jingrui He": "Q102365539", "Pinar D\u00f6nmez": "Q102365540", "Beth Helene Levy": "Q102365827", "Elena Yavorska Harris": "Q102366629", "Teresa Ko": "Q102366908", "Christine R\u00f6ckl": "Q102368568", "Anya Tafliovich": "Q102369801", "Natalia Zelazna": "Q102372293", "Monika Meiler": "Q102374467", "Renata Slota": "Q102378752", "Anna Jasi\u0144ska-Suwada": "Q102380751", "Annerieke Heuvelink": "Q102382396", "Irina Grigorjevna Perfilieva": "Q102383186", "Catherine Olschanowsky": "Q102384497", "\u00d6znur Ta\u015ftan": "Q102386552", "Christiane Lammersen": "Q102387058", "Maria Concei\u00e7\u00e3o Fern\u00e1ndez Ferreira": "Q102390762", "Sonja Georgievska": "Q102390825", "Daria Schymura": "Q102391535", "Elisa Pappalardo": "Q102394848", "Shubhangi Saraf": "Q102396993", "Jill Seaman": "Q102397714", "Maria Cruz Villa Uriol": "Q102398381", "Christine Robson": "Q102399942", "Elzbieta Krepska": "Q102402280", "Dimitra Giannakopoulou": "Q102403078", "Dilsun K\u0131rl\u0131 Kaynar": "Q102403515", "Maria Cristina Onete": "Q102403659", "Franziska Biegler": "Q102404167", "Wies\u0142awa Bartol Ratajczak": "Q102404744", "Alison Sneyd": "Q102406399", "Dominique Borrione": "Q102406958", "Aditi Barthwal": "Q102408479", "Katarzyna Grygiel": "Q102408559", "Rahsmi Gangadharaiah": "Q102408727", "Anduo Wang": "Q102410268", "Karen Petersen": "Q102410277", "Mingxuan Sun": "Q102410492", "Laura Pfeifer Vardoulakis": "Q102410593", "Darsana Josyula": "Q102412124", "Rebecca Bruce": "Q102412133", "Shan Shan Huang": "Q102412437", "Jana Dietel- Grajetzki": "Q102412554", "Sarah Alice Gaggl": "Q102412865", "Ivonne Scherfenberg": "Q102413360", "Marija Miki\u0107-Raki\u0107": "Q102414875", "Elena Yudovina": "Q102416245", "Stephanie Gil": "Q102416751", "Renata Cruz Teixeira": "Q102417140", "Daria Walukiewicz-Chrzaszcz": "Q102420653", "Lila A. Fontes": "Q102421235", "Yuening Hu": "Q102424103", "Penelope Markellou": "Q102424486", "Loredana Afanasiev": "Q102425974", "Adriana Palacio": "Q102427335", "Sarah Meiklejohn": "Q102427337", "Sara Sinclair Brody": "Q102427514", "Katherine P. Macropol": "Q102427758", "Norliza Zaini": "Q102429087", "Roc\u00edo Aldeco P\u00e9rez": "Q102429091", "Cora Burger": "Q102429350", "Teresa Davies": "Q102429923", "Yolanda Garc\u00eda Ruiz": "Q102430041", "Shamima Mithun": "Q102431543", "Alessandra Scafuro": "Q102431863", "Liu Yang": "Q102432967", "Selen Uguroglu": "Q102432970", "Alexandra Holloway": "Q102433059", "Huiyi Hu": "Q102433415", "Jutta Neuen": "Q102433761", "Julia Seiter": "Q102434699", "Isabel Dietrich": "Q102435386", "Polina Zilberman": "Q102435581", "Denise Duma": "Q102435951", "Natalie Indlekofer": "Q102436315", "Barbara Pampel": "Q102436318", "Annegret Habel": "Q102436508", "Lisa Wagner": "Q102437338", "Alexandra Tsyban": "Q102438275", "Katherine Eve Isaacs": "Q102438920", "Hana Mizerova": "Q102439241", "Judith Peters": "Q102439406", "Iuliana Munteanu": "Q102440117", "Catalina Cocianu": "Q102440118", "Corina Sararu": "Q102440121", "Sara Mathieson": "Q102440163", "Daisy Zhe Wang": "Q102442525", "Kongfeng Zhu": "Q102445045", "Christina Rose Strong": "Q102448530", "He He": "Q102457804", "Aleksandra Koro\u013cova": "Q102460187", "Mihaela Irina En\u0103chescu": "Q102460258", "Anastasia Cmyrev": "Q102466741", "Julia Padberg": "Q102468528", "Claudia Ermel": "Q102468573", "Katinka Wolter": "Q102475238", "Ekaterina Gonina": "Q102502305", "Paula Herber": "Q102524552", "Christine Hundt": "Q102524555", "Elke Salecker": "Q102524580", "Karin Schmidt": "Q102524865", "Karin Lemmert": "Q102524972", "Helena Gruhn": "Q102527380", "Maria Susanne Steiner": "Q102535182", "Dilan G\u00f6r\u00fcr": "Q102535693", "Elena Kirshanova": "Q102572083", "Anna Magdalena V\u00f6gele": "Q102576308", "Isil Dillig": "Q102578999", "Visara Urovi": "Q102580783", "Laura Acqualagna": "Q102602366", "Irene Winkler": "Q102606401", "Alexandra Musto": "Q102607661", "Alina Lang": "Q102665132", "Snigdha Chaturvedi": "Q102669918", "Ada Lerner": "Q102676228", "Stefanie Mueller": "Q102683402", "Jennifer Sun": "Q102692771", "Yun-Gyung Cheong": "Q102695877", "Frances Newbery Paulisch": "Q102696742", "Verena Wolf": "Q102701938", "Ludmila Himmelspach": "Q102706111", "Maria L. H\u00e4nel": "Q102708130", "Margret Hesselmann": "Q102709873", "Georgia Gkioxari": "Q102715448", "Anna Sojka-Piotrowska": "Q102723955", "Jana Lewerenz": "Q102724600", "Laura De Miguel Turullols": "Q102748837", "Ivonne Erfurth": "Q102753091", "Zofia Bara\u0144czuk-Turska": "Q102753590", "Claire Monteleoni": "Q102755450", "Anna Choromanska": "Q102755468", "Elisabeth Heinemann": "Q102758390", "Elena Vasilyeva": "Q102761167", "Ruzana Davoyan": "Q102761838", "Stefanie Hahmann": "Q102791822", "Julia Portl": "Q102794449", "Julia Ebling": "Q102794509", "Natallia Kotava": "Q102795594", "Inga Scheler": "Q102795738", "Iris Braun": "Q102799284", "Jennifer Ann Rode": "Q102812281", "Kristina Sojakova": "Q102844926", "Lillian Ratliff": "Q102865381", "Franca Alexandra Rupprecht": "Q102904882", "Jasmin Ramadani": "Q102909073", "Anna Rohrbach": "Q102931882", "Anna Khoreva": "Q102932100", "Heather Richter Lipford": "Q102943671", "Esmeralda Ruiz Pujadas": "Q102955095", "Anna Racsm\u00e1ny": "Q102963760", "Isabel John": "Q102971126", "Lauren Milne": "Q102971531", "Isabella Wieczorek": "Q102973282", "Christine van Vredendaal": "Q102987299", "Xi Wu": "Q102987562", "Anna Prenzel": "Q102992546", "Julia Vinogradska": "Q102999640", "Jihye Kim": "Q103001496", "Maithili Narasimha": "Q103001528", "Hannah Frohne": "Q103012636", "Johanna Barzen": "Q103028614", "Abby Stylianou": "Q103055045", "Eun-Sook Sung": "Q103107129", "Jessica Feng Sanford": "Q103107180", "Evanthia Papadopoulou": "Q103126309", "Furong Huang": "Q103136149", "Olga Krupina": "Q103136323", "Julia Niemann": "Q103213467", "Julia Seebode": "Q103213622", "Inga Blundell": "Q103243304", "Rossella Piscopo": "Q103253894", "Minmin Chen": "Q103274538", "Ekaterina Boutkova": "Q103291686", "Judith Rohloff": "Q103291817", "Jana K\u00f6hler": "Q103293746", "Karin Harbusch": "Q103293984", "Lucia Terrenghi": "Q103294135", "Hanna Schneider": "Q103294333", "Karin Bee": "Q103294376", "Ekaterina Kurdyukova": "Q103294408", "Margarita Esponda-Arg\u00fcero": "Q103296172", "Jacqueline Brendel": "Q103318819", "Ilana Licht": "Q103318985", "Serena Yeung": "Q103323655", "Sara Alspaugh": "Q103326463", "Lisa Anne Hendricks": "Q103328717", "Judy Hoffman": "Q103328754", "Ning Zhang": "Q103328771", "Ashley Eden": "Q103328799", "Ariadna Quattoni": "Q103328828", "Jana Bauckmann": "Q103329571", "Genevieve Orr": "Q103330363", "Jana Traue": "Q103337523", "Angela Wiesberg": "Q103351896", "Diane Bouchacourt": "Q103361428", "Tajana Ban Kirigin": "Q103361461", "Fereshteh Sadeghi": "Q103365026", "Bianca Dumitrascu": "Q103365124", "Kriti Puniyani": "Q103365243", "Laura Lanzarini": "Q103833563", "Dorota Kami\u0144ska": "Q103833614", "Jelena Notaros": "Q104079710", "Aphrodite Galata": "Q104126401", "Shirley Gregor": "Q104168534", "Ksenia Konyushkova": "Q104172861", "Yuyin Zhou": "Q104489337", "Scilla Pizzarelli": "Q104661300", "Patricia Mabel Pesado": "Q104696171", "Jelena Milosevic": "Q104816488", "Nora de la Serna": "Q105007476", "Aitziber Atutxa": "Q105669081", "Amy K. Hoover": "Q105669257", "Bo\u017cena Wo\u017ana-Szcze\u015bniak": "Q105702574", "Anna Cavallo": "Q105869910", "Christine Guillemot": "Q105890435", "Tu\u011fba Bah\u00e7ekap\u0131l\u0131": "Q105947433", "Nehir Yasan Ak": "Q105947636", "Michelle Joab": "Q105980135", "Kristen Howell": "Q106125443", "Laura Kankaala": "Q106464734", "Kathleen Tuite": "Q106719874", "Vanessa Volz": "Q106733962", "Melissa Roemmele": "Q106762922", "Claire Vernade": "Q106768647", "Marianne Bellotti": "Q107082685", "Eleni Tzirita Zacharatou": "Q107165918", "Shiri Chechik": "Q107174558", "Sharon Shoham Buchbinder": "Q107175470", "Angela Yao": "Q107296767", "Simonetta Montemagni": "Q107362474", "Myriam Arrue Recondo": "Q107493361", "Silvia E. Guti\u00e9rrez De la Torre": "Q107598000", "Preeti Mohan": "Q107722546", "Leanne Rolston": "Q107723215", "Sara Hooker": "Q107742361", "Rosa Arruabarrena Santos": "Q107901536", "Amaia Ibarra Lasa": "Q107906320", "Siobahn Day Grady": "Q108175181", "Francesca Levi": "Q108214677", "Allison Huynh": "Q108306054", "Anna Maria Ricco": "Q108476245", "Emanuela Girardi": "Q108476928", "Sandy Mamoli": "Q108517185", "Pawarat Nontasil": "Q108761210", "Mar\u00eda Jos\u00e9 Basgall": "Q108887019", "Yllka Velaj": "Q109236650", "Teresa Alberico": "Q109418750", "Kathleen Siminyu": "Q109583846", "Federica Paganelli": "Q109778249", "Laurette Pretorius": "Q109804091", "Estelle Massart": "Q110064165", "Loretta H. Cheeks": "Q110232441", "Elizabeth Conrad": "Q110376712", "Olga Zamaraeva": "Q110377551", "Ivana Harari": "Q110519452", "Rita Marinelli": "Q110620791", "Francesca Martelli": "Q110812446", "Niki Parmar": "Q110864221", "Sara Zelenberg": "Q111076119", "Arantza Irastorza": "Q111151791", "Abigail Annkah": "Q111366675", "Marcella Anselmo": "Q111448643", "Loredana Caruccio": "Q111596678", "Rachel Tobac": "Q111608853", "Miranda Bogen": "Q111662698", "Annalisa De Bonis": "Q111694259", "Filomena Ferrucci": "Q111783027", "Mariacristina Gallo": "Q111802660", "Luisa Gargano": "Q111802713", "Giuliana Vitiello": "Q111832841", "Genoveffa Tortora": "Q111914857", "Monica Maria Lucia Sebillo": "Q111968324", "Alex Eugene Han": "Q111990408", "Sukyoung Ryu": "Q112022052", "Autilia Vitiello": "Q112111091", "Paola Giordano": "Q112127931", "Ana Paola Amadeo": "Q112134706", "Rossella Aiello": "Q112155636", "Alessia Antelmi": "Q112156126", "Claudia Archetti": "Q112156896", "Paola Barra": "Q112161776", "Zahra Ebadi Ansaroudi": "Q112183897", "Sharefa Murad": "Q112206627", "Ilaria Manno": "Q112211000", "Ilaria De Crescenzo": "Q112224592", "Manuela Flores": "Q112224679", "Stefania Boffa": "Q112228705", "Ida Bifulco": "Q112232301", "Ritamaria Bucciarelli": "Q112233746", "Manuela Carastro": "Q112246324", "Giuliana Carullo": "Q112247471", "Arianna Brugno": "Q112257721", "Carmen Bisogni": "Q112257900", "Lucia Cascone": "Q112263433", "Stefania Cuccurullo": "Q112280221", "Carmen D'Apolito": "Q112306407", "Marianna Di Gregorio": "Q112316613", "Barbara Di Giampaolo": "Q112316832", "Giuseppe Galeotafiore": "Q112570678", "Valentina Indelli Pisano": "Q112582289", "Ilaria Maria Villari": "Q112619717", "Alessandro Vignes": "Q112623677", "Annarita Trischitta": "Q112629202", "Johanna Monti": "Q112655695", "Margherita Napoli": "Q112661058", "Helena Szczerbicka": "Q112661355", "Yawen Chen": "Q112671509", "Maria Immacolata Sessa": "Q112710096", "Alicja Wakulicz-Deja": "Q112764593", "Liliana Byczkowska-Lipi\u0144ska": "Q112842987", "Amanda Swearngin": "Q112978260", "June Marguerite Verner": "Q113127170", "Mar\u00eda Jos\u00e9 Ab\u00e1solo": "Q113137871", "Francesca Parisi": "Q113496732", "Lerina Aversano": "Q113501486", "Jacqueline W. Daykin": "Q113575004", "Nerea Ezeiza": "Q113578318", "Ainara Estarrona": "Q113578582", "Jasleen Kaur": "Q113627921", "Eunsol Choi": "Q113667786", "Jane Elizabeth Hoffswell": "Q113667793", "Sonia Waharte": "Q114196496", "Anna W. Topol": "Q114371461", "Karla Badillo-Urquiola": "Q114441352", "Gintare Karolina Dziugaite": "Q114631289", "Laura Leal-Taix\u00e9": "Q114631290", "Ming Tang": "Q114631308", "Luise Pufahl": "Q114641887", "Sarah Cox": "Q114673240", "Angela Bonifati": "Q114747409", "Alessandra Zarcone": "Q114764469", "Hang Do Thi Duc": "Q114799748", "Paola Dalle Piagge": "Q114836058", "Anna Paola Pala": "Q114836254", "Lena Collienne": "Q115245128", "Yanfang Ye": "Q115524027", "Barbara Strug": "Q115543068", "Sabina-Cristiana Necula": "Q115608002", "Nicola Ringland": "Q115610079", "Susan Beetson": "Q115613064", "Priyanka Pillai": "Q115622460", "Mala Anand": "Q115655676", "Maria Szczepa\u0144ska": "Q115677212", "Regine Stein": "Q115727433", "Yulia Rubanova": "Q115743914", "Zofia Bie\u0144": "Q115787303", "Agnieszka Bogobowicz": "Q116133401", "Danuta Szyma\u0144ska-Ko\u0142odziej": "Q116141960", "Mahya Ameryan": "Q116206885", "Kelly Rourke Debure": "Q116235522", "Tanya L. Crenshaw": "Q116441245", "Rachele Sprugnoli": "Q116647161", "Lucia Gallina": "Q116686685", "Nada bint Saeed Al Qahtani": "Q116908826", "Areej Suleiman Al-Wabil": "Q116976601", "Jolanta Cybulka": "Q117101623", "Ma\u0142gorzata \u017babi\u0144ska-Rakoczy": "Q117193307", "Giorgia Ramponi": "Q117213113", "Ida Jokisz": "Q117288349", "Rachel Blagojevic": "Q117304225", "Valancina \u0160a\u016d\u010denka": "Q117312770", "Gladys Gorga": "Q117314331", "Melanie Baljko": "Q117316077", "Natalija Vlajic": "Q117316102", "Eleonora Bassi": "Q117461882", "Hyunjung Shim": "Q117907226", "Urszula Citko": "Q118166512", "El\u017cbieta Pankiewicz": "Q118167174", "Ewa Magiera": "Q118180838", "Ashley Edwards": "Q118286320", "\u013dudmila Gregu\u0161ov\u00e1": "Q118442652", "\u0394\u03b9\u03ac\u03bd\u03b1 \u0392\u03bf\u03c5\u03c4\u03c5\u03c1\u03ac\u03ba\u03bf\u03c5": "Q118611558", "Wanda Gryglewicz-Kacerka": "Q118677565", "Ruchi Mahindru": "Q118797235", "Irena Klimek-Grzesiak": "Q118840083", "Shoba Tegginmath": "Q118928244", "Xiang Lisa Li": "Q118984285", "Yanick Pouffary": "Q119452723", "Michal kleinbort": "Q119731626", "Gina Millar": "Q120022033", "Susan Lechelt": "Q120201551", "Veronica Liesaputra": "Q120261793", "Elektra Wagenrad": "Q120484132", "Jadwiga Janik": "Q120546209", "Nadine Bergner": "Q120636961", "Anna Labella": "Q120751343", "Elise Gerich": "Q120890796", "Jos\u00e9 Soriano": "Q120891379", "Ewa Szczepa\u0144ska-Gru\u017alewska": "Q121598593", "Anna Rokicka-Broniatowska": "Q121662335", "Estelle Weyl": "Q121757472", "Julie Newcomb": "Q121769565", "Margaret E. Jefferies": "Q121900812", "Ewa Idzikowska": "Q122169079", "Sasha Luccioni": "Q122439015", "Li-chiou Chen": "Q122571342", "Godliver Owomugisha": "Q122723284", "J\u00f3zefa Paszkowska": "Q122816966", "Mariona Taul\u00e9": "Q122850514", "Lidia Moreno": "Q122880159", "Lynn Grillo": "Q123116889", "Cornelia Flavia Veja": "Q123244565", "Wanqing Tu": "Q123478250", "Isabelly Rocha": "Q123483131", "Andreia Correia": "Q123483149", "Tara Raafat": "Q123484965", "Beatrice Markhoff": "Q123496063", "Tehreem Fatima": "Q123501411", "Agata Janowska": "Q123512388", "Maria Rotilu": "Q123687785", "Rosario Osobase": "Q123687911", "Amina Sambo-Magaji": "Q123688008", "Anna Christina Weigand": "Q123752068", "Maria Ioanna Maratsi": "Q123784446", "Sara Pettinari": "Q124003635", "Chenxi Liu": "Q124077262", "Judith B. Bachant": "Q124102507", "Lydia Kronsj\u00f6": "Q124129374", "Morena Barboni": "Q124293023", "Qurrat Ul Ain": "Q124314120", "Michela Quadrini": "Q124318183", "Caitlin Duncan": "Q124391545", "Aniqa Rehman": "Q124438263", "Yaxuan Yin": "Q124672110", "Gillat Kol": "Q124689309", "Ilaria Marchetti": "Q124711153", "Chenlin Meng": "Q124810474", "Lili Chen": "Q124810578", "Angjoo Kanazawa": "Q124815754", "Toru Lin": "Q124841392", "Ina Fiterau Brostean": "Q125196256", "Tamar Rott Shaham": "Q125198037", "Tali Dekel": "Q125198291", "Stella Bitchebe": "Q125267193", "Shan Liu": "Q125344461", "Congyue Deng": "Q125451010", "Roina Ochieng": "Q125453467", "Nadia Piet": "Q125746913", "Juhaida Abu Bakar": "Q125764583", "Elin E. Abdul Rahim": "Q125764674", "Claudia Borg": "Q125848238", "Krisztina Kazinczy": "Q126129159", "Nova DasSarma": "Q126287402", "Shauna Kravec": "Q126287403", "Manuel B. Graeber": "Q126287410", "Mirjana Peji\u0107 Bach": "Q126287419", "Julia Lintern": "Q126287420", "Nancy Chang": "Q126287421", "Victoria Krakovna": "Q126287428", "Mary Phuong": "Q126287429", "Katherine Lee": "Q126287432", "Thryn Shapira": "Q126287458", "Nell Watson": "Q126287469", "Hema A. Murthy": "Q126287471", "Jennifer F. Waldern": "Q126287478", "Mengye Ren": "Q126287481", "Jan Hendrik Kirchner": "Q126287483", "Atoosa Kasirzadeh": "Q126287514", "Jess Whittlestone": "Q126287581", "Danit Gal": "Q126287597"}