{"Krisztina Berzsenyi": "Q52555178", "Kl\u00e1ra Kalicz-M\u00e9sz\u00e1ros": "Q95710376", "Zsuzsa Stenger": "Q95710428", "Ilona Homonnai": "Q95754696", "Ilka Giliga": "Q124595887", "Delphine Baron": "Q110223005", "Emilie Pleskott": "Q104528411", "Josephine Hone": "Q110991306", "Minna Moscherosch Schmidt": "Q94298709", "Madame Rasimi": "Q12181029", "Genevieve Belasco": "Q106576681", "Elisabeth Gr\u00fcnwaldt": "Q1329955", "Irene Lee": "Q107208575", "Lyubov Shaporina": "Q60584368", "Hana Podolsk\u00e1": "Q56460634", "Annette Osterlind": "Q113360655", "Nicole Groult": "Q3341056", "Greta Ekman": "Q16946250", "Margaret Whistler": "Q3846891", "Fiinu Autio": "Q85981987", "Amparo Brime": "Q64759163", "Kathleen Kay": "Q118958481", "Catherine Mary Dealy": "Q110729967", "Tsuniya Mayer": "Q4274801", "Kl\u00e1ra Zsindelyn\u00e9 T\u00fcd\u0151s": "Q17496748", "Lilli Wolff": "Q110413926", "Titina Rota": "Q63107305", "Birgit Afzelius-W\u00e4rnl\u00f6f": "Q4934002", "Pauline Lawrence": "Q106441134", "Jenny Carr\u00e9": "Q22073972", "Marie-H\u00e9l\u00e8ne Dast\u00e9": "Q3291876", "Constance Ripley": "Q110990606", "Isabel Acu\u00f1a": "Q47583394", "Yvonne Caffin": "Q55086581", "Helen Taylor": "Q122389579", "Ilse Naumann": "Q6525123", "Leni Bauer-Ecsy": "Q19958921", "Helen Hoff Aupperle": "Q127604798", "Lidia Baikova": "Q12080389", "Sylta Busse": "Q1710493", "Gerdago": "Q90092", "M\u00e1ria Hamza Lehel": "Q1033455", "Piroska Laczkovich": "Q68880136", "Jela Vilfan": "Q60038495", "Rosa Josephine Reynolds": "Q100878356", "Zoray Andrus": "Q105839391", "Manon Hahn": "Q1891000", "Yve-Luce": "Q113297975", "Molly Arbuthnot": "Q30557353", "Hill Reihs-Gromes": "Q61440162", "Sofia Markovna Yunovich": "Q55105056", "Tita Veljak": "Q74998955", "Vera M\u00fcgge": "Q1276877", "Alexandra Petrova": "Q12140222", "Laure Louri\u00e9": "Q3218770", "Ada Skolmen": "Q22343757", "Erni Kniepert": "Q1356862", "Marcelle Desvignes": "Q26720901", "Isabel Pons": "Q57530107", "Erica Balqu\u00e9": "Q1351780", "\u013dudmila Podobov\u00e1": "Q13371161", "Sl\u00e1vka Dole\u017ealov\u00e1": "Q101073430", "Dorothea Stefula": "Q96757513", "\u041b\u0430\u0440\u044b\u0441\u0430 \u0414\u0437\u043c\u0456\u0442\u0440\u044b\u0435\u045e\u043d\u0430 \u041b\u044f\u0448\u044d\u043d\u043a\u0430": "Q59812791", "Nada Lampret Souvan": "Q12797216", "Erna Sander": "Q1356110", "Gitt Magrini": "Q17350617", "Tone Bonn\u00e9n": "Q62081508", "Ottilie K\u00fcrschner": "Q1341564", "Bo\u017ea Ko\u0161ak": "Q109341687", "Nora Jeannette Polak": "Q107620686", "Marcella De Marchis": "Q1893269", "Maria Baronj": "Q3847149", "Anna Gobbi": "Q1499192", "Aili Jokelin": "Q87334749", "Irmgard Becker": "Q830190", "Elisabeth Christoffersson": "Q19976419", "Yadviha Dobrovolska": "Q12101507", "Joan Ellacott": "Q56307774", "Noor Bons-Dekker": "Q123165061", "Constance Wibaut": "Q19587534", "Charlotte Flemming": "Q1067185", "Lucia Vernarelli": "Q111744213", "Ursula Maes": "Q95699750", "Alena Novotn\u00e1-Gutfreundov\u00e1": "Q51548330", "Hanna Jordan": "Q1575700", "Helen McGehee": "Q98844858", "Ebe Colciaghi": "Q64173661", "Rosana Pistolese": "Q19409502", "Deni Vachlioti": "Q94031410", "Ilse Dubois": "Q1659105", "Margit Kascs\u00e1k": "Q111630446", "Maria Rosa Valenza": "Q15449150", "Maleen Pacha": "Q1887110", "Gaia Romanini": "Q11295843", "Annalisa Nasalli-Rocca": "Q95673874", "Maxi Tschunko": "Q45833245", "Rosemary Odell": "Q12015619", "Vera Br\u00f3dy": "Q850453", "Ofra Burla-Adar": "Q6595505", "Ina Stein": "Q1660869", "Elisabeth Urbancic": "Q1330331", "Pina Patti Cuticchio": "Q116025589", "Epi Schl\u00fcsselberger": "Q105397410", "Irms Pauli": "Q1673044", "Althea Douglas": "Q62061200", "Graziella Urbinati": "Q55219945", "Lidiya Novi": "Q4322586", "Adina Reich": "Q81646490", "Lucia Mirisola": "Q3838464", "Erzs\u00e9bet Mialkovszky": "Q84217286", "Lydia Pincus-Gany": "Q16129022", "Rigmor Gnatt": "Q106789440", "Sava Bara\u010dkov": "Q110046403", "\u00c9va Po\u00f3s": "Q47506435", "Mimi Peetermans": "Q15713492", "Daphne Dare": "Q61816579", "Margit B\u00e1rdy": "Q31190422", "Jacqueline Moreau": "Q3157772", "Marija Kobi": "Q18627744", "Sibylle Geiger": "Q3960033", "Jean Hunnisett": "Q61721892", "Barbara \u00d6berg Sj\u00f6gren": "Q16616198", "Giulia Mafai": "Q3769283", "Greti Kl\u00e4y": "Q1415541", "Alenka Bartl-Prevor\u0161ek": "Q12784237", "Barbara Ptak": "Q9165549", "Jeanne Button": "Q125916744", "Stalina Rudko": "Q12149251", "Cynthia Tingey": "Q94753497", "\u0625\u064a\u0641\u0648\u0646 \u0645\u0627\u0636\u064a": "Q110820736", "Magdalena Kuehne": "Q110433925", "Zsuzsa Vicze": "Q45901906", "Vera Marzot": "Q26732196", "Stasi Kurz": "Q2333518", "\u0408\u0435\u043b\u0435\u043d\u0430 \u041f\u0430\u0442\u0440\u043d\u043e\u0433\u0438\u045c": "Q55200706", "Barbara Hoff": "Q9165399", "Jelena Patrnogic": "Q96384388", "Inez Tuschnerov\u00e1": "Q21559329", "Bo\u017eana Jovanovi\u0107": "Q104631155", "Olga Dimitrovov\u00e1": "Q65741625", "Ponchi Morpurgo": "Q111040187", "Wilma Martins": "Q95718097", "Santuzza Cal\u00ec": "Q3950123", "Nikola Hoeltz": "Q21031881", "Elisabetta Gut": "Q85097364", "Nuscha Archer": "Q2005441", "Liza Zaimi": "Q60979085", "Gioula Gazetopoulou": "Q63853990", "Dietlinde Calsow": "Q88466823", "Inger Pehrsson": "Q4972259", "Martine Jeanneret": "Q115694582", "Galia Shabanova": "Q115184788", "\u041d\u0456\u043d\u0435\u043b\u044c \u0422\u0440\u0430\u0444\u0456\u043c\u0430\u045e\u043d\u0430 \u0416\u044b\u0436\u0430\u043b\u044c": "Q124057160", "Natalya Vasilyeva": "Q4104749", "Liisi Tandefelt": "Q11875865", "Ingrid Zor\u00e9": "Q1663431", "Emma Porteous": "Q3052473", "Helena An\u00fd\u017eov\u00e1": "Q3129650", "Sabine Monirys": "Q104439519", "Yvonne Sassinot de Nesle": "Q3574225", "Iryna Boichuk": "Q30958499", "Mirjana \u010cipli\u0107 Kuruzovi\u0107": "Q65967102", "Alla Kostenko": "Q12113536", "Elena Mannini": "Q17285101", "Jadwiga Rutkiewicz-Mikulska": "Q18584603", "Jane Peter": "Q17190943", "Irena Greifov\u00e1": "Q95112278", "Eleonora Maklakova": "Q81029182", "Ria Rettich": "Q2018981", "Christiane Dorst": "Q1082651", "Irena Biega\u0144ska": "Q19268021", "Junko Koshino": "Q11302043", "Natalya Kochergina": "Q4236704", "Divna Jovanovi\u0107": "Q94741607", "Maria Paola Maino": "Q3847448", "Rosa Ramos": "Q102218472", "Lydia Gravani": "Q104880429", "Gisela Storch-Pestalozza": "Q97451653", "Sajda Musawwir Ladner": "Q104034230", "Katinka Keus": "Q108937958", "Freusa Zechmeister": "Q106515800", "Susanne Raschig": "Q1665630", "Myrna Colley-Lee": "Q115796642", "Maija Pekkanen": "Q11880552", "Claudie Gastine": "Q27962040", "Birgit Hutter": "Q15905669", "Odette Nicoletti": "Q3880856", "\u00c1gnes Gyarmathy": "Q6637570", "Ruth dar": "Q7002273", "Luisa Spinatelli": "Q52770849", "Vir\u00e1g D\u0151ry": "Q987300", "Chlo\u00e9 Obolensky": "Q22695739", "Marielle Bolier": "Q1942435", "Lotte Dandanell": "Q19564528", "Anne Siri Bryhni": "Q14542356", "Gerilyn G. Tandberg": "Q61949116", "Ilona Freyer": "Q1659024", "Jana B\u0159e\u017ekov\u00e1": "Q12023398", "Maryvonne Herzog": "Q3296359", "Milica Gedeonov\u00e1": "Q95168565", "Lujza Gecser": "Q1008797", "Em\u0151ke Csengey": "Q16518619", "Gisela K\u00f6ster": "Q15812347", "Christine Laurent": "Q45180738", "Kari Gravklev": "Q62708338", "Barbara Baum": "Q807343", "Inger Derlick": "Q22691207", "Anna Cig\u00e1nov\u00e1": "Q12762375", "Judit Kele": "Q1106091", "Anita Evenepoel": "Q52634409", "Beatriz di Benedetto": "Q95210675", "Leonie Polak": "Q94483649", "Magdalena Tes\u0142awska": "Q11766110", "Kerstin Halldoff": "Q18242242", "Emma Beglyarova": "Q20065834", "Miruna Boruzescu": "Q12735745", "Zhila Mehrjui": "Q16074883", "Dominique Borg": "Q3035007", "Angelika Kampmann": "Q1133264", "Dietlind Konold": "Q1223300", "Medea Bakradze": "Q95197249", "L\u00edcia Lacerda": "Q118877329", "Frida Parmeggiani": "Q1456137", "Tine Schwab": "Q64404420", "Katya Kompaneyets": "Q121464310", "Elisabeth Tavernier": "Q15448979", "Kalia Karasheva": "Q25597893", "Tordai Hajnal": "Q1322861", "Ursula Welter": "Q21032271", "Annelise Hauberg": "Q112043625", "Dien van Straalen": "Q22062094", "Agn\u00e8s N\u00e8gre": "Q15448711", "Alessandra Cardini": "Q3609665", "Zsuzsa Balai": "Q88195151", "Lily Komine": "Q30925410", "Natalia Yurevna Ivanova": "Q4196424", "Frances Tempest": "Q4982300", "Berit Marit H\u00e6tta": "Q47438716", "Zvonka Makuc": "Q86459846", "Kari Elfstedt": "Q11980166", "Jette Termann": "Q101439269", "Iva H\u00fcttnerov\u00e1": "Q17227470", "Annette Beaufa\u00ffs": "Q95189767", "Lydia Azzopardi": "Q104471408", "Hella de Jonge": "Q1968126", "Sibylla Antel": "Q123052967", "Renata Schussheim": "Q9067994", "Mary E. Vogt": "Q3850454", "Dinah Collin": "Q24251419", "Nathalie Raoul": "Q55340979", "Giulia Piersanti": "Q56654544", "Dunya Ramicova": "Q63969864", "Zsuzsanna Zsur\u00e1fszkyn\u00e9 Vincze": "Q118275948", "Elisabetta Montaldo": "Q19984986", "Marika Dan\u010d-Roth": "Q124549261", "Ewa Krauze": "Q20640094", "Almen Gibirila": "Q128882200", "Zoja Mikotov\u00e1": "Q28803104", "Magdalena Biedrzycka": "Q11766007", "Paola Comencini": "Q3893543", "Colette Huchard": "Q2982496", "Laila Holm": "Q22283608", "Anna Viebrock": "Q563521", "Kl\u00e1ra Labancz": "Q12350697", "Siti Fauziah": "Q52634440", "Ildik\u00f3 Szab\u00f3": "Q1293547", "Cveta Mirnik": "Q106925807", "Molly Maginnis": "Q25168144", "Nan\u00e0 Cecchi": "Q3870189", "Tetiana Piddubna": "Q12145988", "Jennifer Robin Arnold": "Q95887950", "Judit Dobre-K\u00f3thay": "Q12350030", "Ileana Mulet Batista": "Q54318927", "Katja Watkins": "Q22309556", "Suzanne Gallo": "Q52556429", "Zebo Nasirova": "Q109266328", "Colette Baudot": "Q2982462", "Ginette Magny": "Q3106735", "Julie Mauduech": "Q3189241", "Louise Mingenbach": "Q3263796", "Magali Guidasci": "Q3276511", "Sammy Sheldon": "Q3470884", "\u00c9lise Ancion": "Q22284333", "Jackie Budin": "Q29525718", "Marie-Claude Altot": "Q29525841", "Lia Morandini": "Q3831518", "Rosalie": "Q2166533", "Nicoletta Ercole": "Q59240032", "Jana Zborilova": "Q64173920", "Anne Jud Hallauer": "Q56191437", "Kersti Vitali": "Q102111758", "Macha Make\u00efeff": "Q3274239", "Hope Hanafin": "Q25661474", "Montse Amen\u00f3s i Garc\u00eda": "Q11937507", "Miriam Guretzki": "Q86007374", "Reinhilde Condin": "Q114588907", "Cordula Albrecht": "Q95746069", "Margrethe Rasmussen": "Q111975542", "Marie Morel": "Q3292705", "Rona Doron": "Q12411278", "Natalya Moneva": "Q92611223", "Sne\u017eana Kova\u010devi\u0107": "Q110046412", "Paola Marchesin": "Q15349703", "Yekaterina Shapkayts": "Q4520234", "Mariya Levytska": "Q4256586", "Sylvie Gautrelet": "Q15448535", "Mar\u00eda Luisa Garc\u00eda": "Q3296455", "Agni Ntoutsi": "Q12872984", "Erzs\u00e9bet R\u00e1tkai": "Q14943383", "Sigrid Vinks": "Q2343444", "N\u00f3ra Csel\u00e9nyi": "Q65218658", "Val\u00e9rie Pozzo di Borgo": "Q77830701", "Rita Hendriks": "Q52557073", "Enrica Biscossi": "Q95746658", "Jana Prekov\u00e1": "Q99394069", "Runa F\u00f8nne": "Q22342713", "Lala Huete": "Q69585191", "Jill Taylor": "Q91328100", "Margot Wilson": "Q95188474", "H\u00e9l\u00e8ne Delprat": "Q23926177", "Rita D\u00e9v\u00e9nyi": "Q112722624", "Mare Raidma": "Q95698665", "Ines Arnemann": "Q104213650", "Kicki Ilander": "Q4955606", "Grace Ellen Barkey": "Q29867837", "Ellis Flyte": "Q110429275", "Marina Yee": "Q2489357", "Kathrine Tolo": "Q22269429", "Ginette Noiseux": "Q100450673", "X\u00e9nia Hoffmeisterov\u00e1": "Q28008160", "Adelheid Roosen": "Q2541611", "Kathleen Detoro": "Q22236608", "Marijke Pinoy": "Q2781686", "Sanja Milkovic Hays": "Q3472293", "Martina List": "Q24101613", "Myriande Heller": "Q23059553", "Aleksandra Pavlovi\u0107": "Q95669013", "Dianna Cilliers": "Q3706779", "Svetlana Visintin": "Q28860569", "Paola Nazzaro": "Q3893605", "Mich\u00e8le Anne De Mey": "Q1355948", "Pascale Bordet": "Q102275766", "Marie-Luise Lichtenthal": "Q22692816", "Erika Navas": "Q23933659", "Emita Frigato": "Q3724605", "Myriam Blais": "Q70238364", "Julia Stoess": "Q95734838", "Florence von Gerkan": "Q109172", "Elizabeth J. Lewandowski": "Q100921236", "Ingrid S\u00f8e": "Q112999512", "Ev\u017eenie R\u00e1\u017eov\u00e1": "Q111286096", "Yuliya Belomlinskaya": "Q4082581", "Oksana Yarmolnik": "Q15060704", "Florence Emir": "Q89912061", "Wenche Petersen": "Q22338635", "\u0422\u0430\u0446\u0446\u044f\u043d\u0430 \u0412\u0456\u0442\u0430\u043b\u044c\u0435\u045e\u043d\u0430 \u041b\u0456\u0441\u0430\u0432\u0435\u043d\u043a\u0430": "Q117249610", "Edit Zeke": "Q1466988", "Sofia Zoumberi": "Q113599973", "Katelijne Damen": "Q2392810", "Karin Vyncke": "Q3193261", "Pascale Platel": "Q2149638", "Stine Gudmundsen-Holmgreen": "Q107877954", "Lisbeth Narud": "Q55606099", "Caterina Czepek": "Q56512804", "Ingrid Nylander": "Q62030254", "Petra Wellenstein": "Q2080374", "Yaeko Oshimoto": "Q17989767", "Francesca Sartori": "Q3749414", "Tiina Kaukanen": "Q11897553", "Metella Raboni": "Q3855565", "Katharina W\u00f6ppermann": "Q35149784", "Nadezhda Vasilyeva": "Q20066188", "Tatyana Patrakhaltseva": "Q106767302", "Muriel Gerstner": "Q1953713", "Evelin Sioupi": "Q60732968", "Tarja Simone": "Q112552302", "Catherine Lefebvre": "Q52603724", "Katar\u00edna Holl\u00e1": "Q66761061", "Lily Ben Nachshon": "Q20502472", "Eva Brodsk\u00e1": "Q69270304", "Enrica Barbano": "Q61413095", "Ljiljana Petrovi\u0107": "Q69799218", "Jennifer Butler": "Q107746615", "Agn\u00e8s Evein": "Q2826985", "Elke Scheuermann": "Q1277630", "Stefanie Bieker": "Q84599289", "Fr\u00e9d\u00e9rique Leroy": "Q3090388", "Susy G\u00f3mez": "Q15909278", "Marija Mojca Punger\u010dar": "Q22920887", "Kasia Walicka Maimone": "Q55808118", "Roula Akalestou": "Q64294696", "Nicole Fischnaller": "Q81480309", "Iris Czienskowski": "Q83795584", "Sabine Greunig": "Q95211060", "Margaret Mitchell": "Q112457907", "Moa Li Lemhagen Schalin": "Q4961685", "Silke Sommer": "Q21032242", "Andrea Nagy": "Q15900053", "Sylvia van Opstall": "Q22668961", "Anette Guther": "Q95189377", "Rachael Fleming": "Q101140469", "Linda Brunelle": "Q106021920", "Katar\u00edna \u0160trbov\u00e1-Bielikov\u00e1": "Q107832291", "Petra Kilian": "Q23854242", "Nathalie Leborgne": "Q3336624", "Elena Wegner": "Q95653160", "Julie Rae Engelsman": "Q29476982", "Janna Kapustnikova": "Q106934099", "Gesine V\u00f6llm": "Q19965043", "Elli Papageorgakopoulou": "Q60732831", "Kerstin Drechsel": "Q83630730", "Breda Kralj": "Q124663638", "Karen Fabritius Gram": "Q22343425", "Kitty Stuckey": "Q32904857", "Nataliya Zhvanetsky": "Q101239209", "Anne-Gret Oehme": "Q95666484", "Nina Sandstr\u00f6m": "Q108121114", "Jo Katsaras": "Q25288774", "Simonetta Mariano": "Q95201803", "Patricia J. Henderson": "Q95715063", "Tina Kl\u00f6mpken": "Q18028637", "Anne Pedersen": "Q22279866", "Lies Pauwels": "Q30241250", "Dragana Turkalj": "Q61125471", "Andrea Ku\u010derov\u00e1": "Q112369981", "Ayzit Bostan": "Q793399", "An Vandevorst": "Q53115453", "Edit Sz\u0171cs": "Q1314282", "Justine Maurer": "Q45163432", "Krisztina Benk\u0151": "Q52555145", "Ewa \u0141ow\u017cy\u0142": "Q102077612", "Jasmina Fer\u010dek": "Q65718186", "Carla Teti": "Q15791123", "Ene-Liis Semper": "Q16404450", "Toby Poser": "Q22926978", "Sophie de Rakoff": "Q24806995", "Ella Brigatti": "Q11857476", "L\u012bga Kr\u0101sone": "Q80788790", "Cinamon L. Hadley": "Q65028821", "Sonu Mishra": "Q107927449", "Tanja Hausner": "Q27825178", "Antonia Baehr": "Q52624149", "Silvia Nebiolo": "Q59245592", "Claudia Unger": "Q67763025", "Anna Waszczyk": "Q95669639", "Zuzana Bambu\u0161ek Krejzkov\u00e1": "Q95699020", "Fiore Argento": "Q547402", "Valentina Taviani": "Q84418131", "Nora Furuholmen": "Q64362027", "Nancy Baumann": "Q1964468", "Louize Nissen": "Q73984824", "Yashi Tabassomi": "Q23566162", "Tiziana Romanin": "Q95667104", "Alex Kavanagh": "Q69911045", "Joanna Kaczynska": "Q21288141", "Georgia Ford Wagenhurst": "Q101866387", "Elena Vannoni": "Q3721510", "Melissa Bruning": "Q106157330", "Valentina Scalia": "Q4007717", "Halina Kratochwil": "Q19502465", "Silvia Albarella": "Q47186024", "Eleni Manolopoulou": "Q60732830", "Vera Holte": "Q12009298", "Retno Ratih Damayanti": "Q110900140", "Ioana Albaiu Reti": "Q107195517", "Renate Oblak": "Q114832718", "Ghislaine Herb\u00e9ra": "Q68343553", "Andrea Schraad": "Q17521259", "Jo Sang-gyeong": "Q24867107", "Heike Hofmann": "Q56256060", "Janina Audick": "Q1682745", "Isabelle Le Nouvel": "Q3154962", "Christina Kouloumpi": "Q97071253", "An Miller": "Q2201999", "Kumiko Iijima": "Q55177904", "Stefanie vor Schulte": "Q116753923", "Olha Navrotska": "Q65197466", "Varvara Avdyushko": "Q117032143", "Anu Aarem\u00e4e": "Q12359450", "Tine Reymer": "Q2001293", "Pia Aleborg": "Q56460428", "Fruzsina Nagy": "Q52610889", "Ninya Mikhaila": "Q59342252", "Christina Lovery": "Q22281884", "Jenny Ljungberg": "Q75856706", "Kamila Pol\u00edvkov\u00e1": "Q86594372", "Vikt\u00f3ria Nagy": "Q114068580", "Met Salih": "Q99466414", "B. \u00c5kerlund": "Q22994014", "Anne-Ga\u00eblle Daval": "Q28872958", "Ann-Sofie Andersson": "Q104695201", "Sussie Juhlin-Wall\u00e9n": "Q17592667", "Kalila Aguilos": "Q97446197", "Sara Pertmann": "Q117001275", "Mayou Trikerioti": "Q88186890", "Heidi Bivens": "Q107522103", "Lindsay Zir": "Q110480861", "Jana Sov\u00e1kov\u00e1": "Q12023455", "Karimouche": "Q3193236", "Elif Melda Y\u0131lmaz": "Q6054835", "Meike Stangier": "Q95728077", "Yvette Alida Kov\u00e1cs": "Q118289302", "Arantxa Ezquerro": "Q122914294", "Amy Gilliam": "Q481854", "Magda Willi": "Q1236488", "Joki Tewes": "Q22673299", "Bella Hvatskin": "Q126895959", "Denise \u00d6stholm": "Q73992190", "Urszula Bartos-G\u0119sikowska": "Q9367156", "Patricia Fern\u00e1ndez": "Q6066485", "Hale \u0130\u015fsever": "Q6087565", "Borb\u00e1la Kiss": "Q97190762", "Siboney Lo": "Q96020355", "Oddfrid Ropstad": "Q22662233", "Victoria Behr": "Q15445940", "Susanne Hiller": "Q18631374", "Manah Depauw": "Q19629886", "Monika Kufel": "Q121763689", "Michaela Hor\u00e1\u010dkov\u00e1 Ho\u0159ej\u0161\u00ed": "Q95450917", "Kate\u0159ina M\u00edrov\u00e1": "Q79329401", "Ula Shebchuv": "Q12403538", "Bouchra Ouizguen": "Q30727165", "Isabelle Pannetier": "Q50825924", "Mia Andersson": "Q56511329", "Annemieke Swinkels": "Q52620296", "Lisa Hultgren": "Q123987549", "Viktoriya Efimova-Shestakovskaya": "Q118780262", "Andrea Szak\u00e1l": "Q52503641", "Cathy Weyders": "Q52613885", "Azra Mehi\u0107 Dolberry": "Q80169702", "Anke Winckler": "Q80267516", "Zs\u00f3fia Opra Szab\u00f3": "Q1225009", "Aino Laberenz": "Q406072", "Heidi Hawkins": "Q16562959", "Lavinia Bonsignore": "Q110994114", "Lane Sch\u00e4fer": "Q19595620", "Nina Gr\u00f8nlund": "Q96106968", "Liesa Naert": "Q2090769", "Leonie Leuenberger": "Q95187939", "Jovanna Remaeus J\u00f6nson": "Q82025116", "Jennifer Newman": "Q97362049", "Anggia Kharisma": "Q97455332", "Sirly Oder": "Q112247627", "Alexandra Alma Ungureanu": "Q86311272", "Sandra Sztevanovity": "Q95728068", "Asuka Kuga": "Q44178591", "Maja Stace-Smith": "Q66735847", "Kristina L\u00f5uk": "Q110751573", "Jacqueline Goehner": "Q20046832", "Marta Passarini": "Q123054570", "J\u00falia Szl\u00e1vik": "Q105404888", "Waris Klampfer": "Q62085266", "Eve Gutmann-Valme": "Q110740925", "Camilla Nordbjerg": "Q125462546", "Eszter Gy\u00f6rgy": "Q20480244", "Juli Bal\u00e1zs": "Q28722175", "Irina Riisma": "Q124757425", "Sarah Thaning": "Q125486759", "Sandra Woltersdorf": "Q110253787", "Pryscila Dias": "Q109794299", "Aleksandra Adamczuk": "Q82682445", "Stacy Fan": "Q113107335", "Monika Houdkov\u00e1": "Q95451192", "Raquel Porter": "Q110894275", "Mari Lotherington": "Q123368860", "Grace Chow": "Q97300940", "Martina Franci": "Q125475288", "Ha Thanh \u0160petl\u00edkov\u00e1": "Q55439917", "Hedda Virik": "Q109853039", "Marie-Pier Ottawa": "Q59645263", "Olja Grubi\u0107": "Q124656020", "Andrea Flesch": "Q95669162", "Ancy Antony": "Q27697942", "Shelise Ann Sola": "Q117536023", "Jeanne Vic\u00e9rial": "Q109334734", "Yuval Levi": "Q107143130", "Zuzanna Gli\u0144ska": "Q114684200", "Anna S\u00fcnkel": "Q110284124", "Rosa Wiesauer": "Q117212414", "Kinga R\u00e9ta Vecsei": "Q56062650", "Krete Tarkmees": "Q125507343", "Amancay Stumpfs": "Q128189387", "Sara Leme": "Q118154060", "Rebeka Hath\u00e1zi": "Q122962346", "Olivia Millar": "Q122389288", "Freja Riemann": "Q100592342", "Nagi Nemoto": "Q27917547", "Patricia Walker": "Q6066621", "Sarah Bardo": "Q71314776", "Lise-Lotte Leischke": "Q95667484", "Deanna Marsigliese": "Q108428499", "Joanne Hansen": "Q110548721", "Lindsay Walker": "Q110550027", "Melikasadat Esmaeili": "Q111680598", "Ana\u00efs Romand": "Q488766", "Barbara Krott": "Q807520", "Fiorella Mariani": "Q1418607", "Laurie Drew": "Q1753046", "Ma\u0142gorzata Mo\u017cd\u017cy\u0144ska-Nawotka": "Q11772335", "Amy Westcott": "Q11957771", "Nathalie du Rosco\u00e4t": "Q15446798", "Eve-Marie Arnault": "Q15447076", "Caroline de Vivaise": "Q15447166", "Sylvie de Segonzac": "Q15448623", "Anina Diener": "Q15783495", "Anne de Laugardi\u00e8re": "Q15791989", "Jacqueline Bouchard": "Q15820617", "Yvette Bonnay": "Q15855346", "Calista Hendrickson": "Q15905815", "Eva Dessecker": "Q17537168", "Marianne Glittenberg": "Q17537188", "Pascaline Chavanne": "Q21334430", "Clare Niederpruem": "Q21601259", "Monique Prudhomme": "Q22115221", "Caroline Eselin": "Q1116225", "Gertrude Casey": "Q3104387", "Adriana Bellone": "Q3605647", "Grazia Colombini": "Q3775980", "Mary Claire Hannan": "Q3850447", "Michela Gisotti": "Q3856413", "Renee Ehrlich Kalfus": "Q3932948", "Trisha Biggar": "Q3999019", "Ida Gearon": "Q5987016", "Rakefet Levy": "Q7050963", "Shabina Khan": "Q7460101", "Saija Siekkinen": "Q11891918", "Kristin M. Burke": "Q14566172", "Ayako Maeda": "Q17221136", "Claire Hardaker": "Q18022371", "Marianna M\u00f8rk\u00f8re": "Q20608258", "Marpessa Djian": "Q21486122", "Anne Andressen": "Q22075427", "Yoko Suetaka": "Q22128044", "Maria Bohlin": "Q22269263", "Kari Baade": "Q22269427", "Jeanette Steinsland": "Q22277619", "Ingun Ronesen": "Q22281528", "Bente Karin Ulvik": "Q22282658", "Linn Henriksen": "Q22295237", "Bente Winther-Larsen": "Q22295758", "Lena Lidman": "Q22302995", "Stina Lunde": "Q22313871", "Anne Hamre": "Q22342714", "Camilla Lindblom": "Q22342876", "Vaida Venckut\u0117": "Q22343511", "Eva Lendl": "Q22344064", "Sofie Rage Larsen": "Q22344617", "Ellen D\u00e6hli Ystehede": "Q22348316", "Siv Antonsen": "Q22772693", "Bergljot Breistein": "Q22809036", "Myfanwy Edwards": "Q22977833", "Susan Becker": "Q22986030", "Lyn Paolo": "Q23012434", "Lisa Eisler": "Q23012584", "Antzela Brouskou": "Q23017675", "Laura Jean Shannon": "Q23655675", "Rebecca Bentjen": "Q23655684", "Tanine Autr\u00e9": "Q24254052", "Louise Frogley": "Q24279418", "Marina Draghici": "Q24577788", "Linda Cho": "Q24577839", "Elizabeth Bass": "Q24628903", "Rahel Afiley": "Q24809370", "Susie DeSanto": "Q24817359", "Shoshana Rubin": "Q24817458", "Genevieve Tyrrell": "Q24843226", "Caroline B. Marx": "Q24849405", "Mar\u00eda Estela Fern\u00e1ndez": "Q24849476", "Francine Jamison-Tanchuck": "Q24987945", "Ingrid Ferrin": "Q25112235", "Susan Lyall": "Q25114132", "Carol Ramsey": "Q25350138", "Judy Ruskin Howell": "Q25598659", "Alexandra Welker": "Q25713837", "Karyn Wagner": "Q25713838", "Marie France": "Q25804176", "Rosemary Burrows": "Q25829284", "Amanda Neale": "Q26722573", "Oana Paunescu": "Q26742224", "Anne Isene": "Q27159087", "Ma\u0142gorzata Gwiazdecka": "Q27535430", "Neva Rames": "Q28707111", "Katrin Lohmann": "Q28870355", "Beatrix Albl": "Q28912824", "Angela Wendt": "Q28919633", "Jacqueline Aronson": "Q29414977", "Yasmine Abraham": "Q29509954", "Tabea Braun": "Q30044488", "Gaby Klimek": "Q31943337", "Helle Nielsen": "Q33101165", "Brigitte Desroches": "Q41154707", "Marisa Ditimus": "Q44232276", "Juliette Lunger": "Q45221137", "Leetal Platt": "Q45277866", "Sabina": "Q52477818", "Gabriela Carrizo": "Q52480823", "Lot Lemm": "Q52493113", "Nicole Petit": "Q52500464", "Mieke Smalle": "Q52502750", "Isabella Soupart": "Q52503012", "Veerle Tytgat": "Q52504274", "Marie-H\u00e9l\u00e8ne Balau": "Q52555012", "Michaela Barth": "Q52555032", "Meryem Bayram": "Q52555051", "Lucie Beauvert": "Q52555057", "Karine Beelen": "Q52555120", "Ingeborg Bernerth": "Q52555170", "Christine Birkle": "Q52555206", "Magda Bizarro": "Q52555209", "Chiara Bocchini": "Q52555236", "Jesse Boeijen": "Q52555244", "Petra Boll\u00e9": "Q52555264", "Martine Boni": "Q52555269", "Marguerite Bordat": "Q52555281", "Franziska Born": "Q52555288", "Hilde Bossens": "Q52555303", "Aline Breucker": "Q52555348", "An Breugelmans": "Q52555349", "An Breughelmans": "Q52555350", "Linda Bruggeman": "Q52555374", "Kathy Brunner": "Q52555378", "Giovanna Buzzi": "Q52555413", "Nicole Bynens": "Q52555414", "Maria-Elena Amos": "Q52555443", "Martine Andr\u00e9": "Q52555449", "Francine Celis": "Q52555501", "Fatou Ciss\u00e9": "Q52555543", "Fien Claerhout": "Q52555548", "Mieke Coenen": "Q52555577", "Hilde Colaers": "Q52555580", "Magda Colijn": "Q52555584", "Christine Collin": "Q52555587", "Lisbeth Coppens": "Q52555610", "Sophie Corriveau": "Q52555633", "Viviane Coubergs": "Q52555650", "Catherine Cuijkens": "Q52555686", "Marina Cuturillo": "Q52555697", "Catherine Cuyckens": "Q52555698", "Catherine Cuykens": "Q52555699", "Huguette D'": "Q52555703", "Christine Darch": "Q52555729", "Germana De Bock": "Q52555768", "Gwendolyn de Bruyne": "Q52555776", "Katherine Decelle": "Q52555787", "Elke De Cleen": "Q52555793", "Maureen De Clercq": "Q52555798", "Nathalie De Cooman": "Q52555815", "Catherine De Coster": "Q52555817", "Jennifer Defays": "Q52555824", "Christiane De Feyter": "Q52555828", "Isabelle Deffin": "Q52555830", "Rosita Defloo": "Q52555833", "Andrea de Kruif": "Q52555891", "Paola Delgado": "Q52555918", "An De Mol": "Q52555953", "Marilyn De Moor": "Q52555955", "Tineke Denutte": "Q52555975", "Camilla De Paepe": "Q52555978", "Els De Pauw": "Q52555981", "Tine Deseure": "Q52556027", "Tille De Smet": "Q52556037", "Greet Devos": "Q52556058", "Lisette De Vos": "Q52556064", "Karen De Wolf": "Q52556098", "Sofie D'Hoore": "Q52556109", "Catarina Dias": "Q52556110", "Karen Dobbeleir": "Q52556126", "Laura Dondoli": "Q52556139", "Karen Douessin": "Q52556151", "Paula Dumont": "Q52556196", "Sofie Durnez": "Q52556203", "Linda D\u00fcrst": "Q52556204", "Maylis Duvivier": "Q52556207", "Julie Egli": "Q52556224", "Ruth Estevez": "Q52556267", "Vanessa Evrard": "Q52556277", "Claire Farah": "Q52556297", "Lisa Fayt": "Q52556308", "Coline Firket": "Q52556332", "Ayumi Florio": "Q52556341", "Hilde Follon": "Q52556348", "Diane Fourdrignier": "Q52556366", "Catherine Friedland": "Q52556403", "Kyoko Fujitani": "Q52556413", "Janet Gavin": "Q52556453", "Hanne Geerts": "Q52556471", "Virginie Gervaise": "Q52556510", "Bertille Gibourdel": "Q52556533", "Yasmina Gigu\u00e8re": "Q52556540", "Alexandra Gilbert": "Q52556542", "Christine Godart": "Q52556562", "Tineke Goemans": "Q52556577", "Nadine Grellinger": "Q52556634", "Claudine Grinwis Plaat Stultjes": "Q52556641", "Claudine Grinwis-Stultjens": "Q52556877", "Sira Guiguil\u00e9": "Q52556898", "Nina Gundlach": "Q52556907", "Ulrike Gutbrod": "Q52556917", "Inga Hakonardottir": "Q52556961", "Veerle Hasselman": "Q52557034", "Katharina Heistinger": "Q52557055", "Annie Hendrickx": "Q52557065", "Lisette Henst": "Q52557087", "Clarissa Herbst": "Q52557092", "Tosca Hermans": "Q52557104", "Laurence Hermant": "Q52557107", "Diana Hertz": "Q52557121", "Judith Holste": "Q52557153", "Peggy Housset": "Q52558175", "Dinorah Iorio": "Q52601343", "Moniek Jacobs": "Q52601447", "Moniek Jakobs": "Q52601512", "Desanka Jankovi\u0107": "Q52601587", "Bernadette Janssens": "Q52601625", "Guoda Jarsuseviciute": "Q52601672", "Pascale Jehin": "Q52601713", "Lila John": "Q52601786", "Thorunn Jonsdottir": "Q52601860", "Petra Kamphuis": "Q52602085", "Pola Kardum": "Q52602154", "Nicole Keller": "Q52602270", "Melitta Kiss": "Q52602461", "Vanessa Kools": "Q52602664", "Elif Korkmaz": "Q52602683", "Margot Koudstaal": "Q52602744", "Andrea Kr\u00e4nzlin": "Q52602798", "Ellen Kromhout": "Q52602895", "Nina Kroschinske": "Q52602903", "Manon K\u00fcndig": "Q52602951", "Dragana Kunjadic": "Q52602959", "Maud Kuypers": "Q52603011", "Anne Kwaspen": "Q52603018", "Mia Laermans": "Q52603089", "Chiara Lagani": "Q52603114", "Cheryl Lalonde": "Q52603190", "Heather Lang": "Q52603389", "Lisa Lapauw": "Q52603425", "Carine Lauwers": "Q52603568", "Manuela Lauwers": "Q52603580", "Annie Van Den Broeck": "Q52604994", "Claudine Leliaert": "Q52605017", "Veerle Van Den Wouwer": "Q52605298", "Mieke Van Der Cruyssen": "Q52605540", "Lies Vanderlinden": "Q52605677", "Heidi Vandermeulen": "Q52605699", "Pia Van Der Pluijm": "Q52605883", "Annabelle Locks": "Q52605887", "Ann Vander Roost": "Q52605890", "Hanne Vandersteene": "Q52606005", "Liesbeth Louwyck": "Q52606008", "Sofie Vandevijfer": "Q52606331", "Veerle Van De Wouwer": "Q52606592", "Lara Magnes": "Q52606698", "Lara Magnus": "Q52606709", "Fien Van Elzen": "Q52606992", "Lisa Maline Bussel": "Q52607104", "Ulrika Van Gelder": "Q52607117", "Ingrid Manshoven": "Q52607300", "Erna Van Goethem": "Q52607323", "Martha Marchewska": "Q52607398", "Fran\u00e7oise Mar\u00e9chal": "Q52607422", "Monique Van Hassel": "Q52607474", "Pascaline Van Heddegem": "Q52607619", "Monique Vanheist": "Q52607683", "Judith Van Herck": "Q52607693", "Saskia Van Herzeele": "Q52607731", "Saskia Van Herzele": "Q52607741", "Pepa Martinez": "Q52607750", "Carole Martini\u00e8re": "Q52607761", "Hannelore Marynen": "Q52607779", "Diane Van Hool": "Q52607804", "Violette Van Hoorebeke": "Q52607814", "Anne Masson": "Q52607933", "Ruth Vanhoutte": "Q52607969", "Ingrid Van Hove": "Q52608001", "Michaela Mayer-Michnay": "Q52608106", "Christine Van Loon": "Q52608349", "Ria Van Looveren": "Q52608359", "Kathleen Van Mechelen": "Q52608409", "Carmen Van Nyvelseel": "Q52608644", "Mia Melinder": "Q52608773", "Linda Van Parys": "Q52608793", "Andrea Mengelberg": "Q52608821", "Hilde Mertens": "Q52609009", "Milou Mertens": "Q52609029", "Ivana Mestrovic": "Q52609060", "Lorette Meus": "Q52609096", "Astrid Michaelis": "Q52609285", "Jeanine Michiels": "Q52609320", "Marijke Michiels": "Q52609338", "Kasia Mielczarek": "Q52609382", "Katarzyna Mielczarek": "Q52609389", "Fran\u00e7oise Van Thienen": "Q52609403", "Kathleen Moers": "Q52609771", "Els Mommaerts": "Q52609920", "Dagmar Morell": "Q52610232", "Olivia Mortier": "Q52610269", "Rosalie Verbruggen": "Q52610285", "Anne Vereecke": "Q52610384", "Heidelinde Vereecke": "Q52610393", "Steffi M\u00fcller": "Q52610501", "Ann Ver Eecke": "Q52610503", "Karima Vereecken": "Q52610509", "Janet M\u00fcller": "Q52610512", "Catherine Mys": "Q52610670", "Catherine Vermeulen": "Q52610970", "Katrien Vermeulen": "Q52610999", "Liliane Nelissen": "Q52611006", "Negar Nemati": "Q56435651", "Bettina Neuhaus": "Q52611179", "Anne Neuser": "Q52611204", "Lisette Verreth": "Q52611248", "Dagmar Niefind": "Q52611306", "Claire Vervliet": "Q52611720", "Katie Vickers": "Q52611851", "Carolyn O Brian": "Q52612110", "Laurence Vlerick": "Q52612264", "Catherine Voeffray": "Q52612304", "Nina von Mechow": "Q52612539", "Nina Von Th\u00fcngen": "Q52612550", "Kaye Voyce": "Q52612612", "Nathalie Osinski": "Q52612622", "Ilse Vynckier": "Q52612855", "Laura Wallrafen": "Q52613019", "Joanna Parker": "Q52613035", "Bettina Walter": "Q52613042", "Emma Wee": "Q52613407", "Madlaina Peer": "Q52613419", "Ina Peeters": "Q52613727", "Vivienne Westwood Unisex": "Q52613840", "Satu Peltoniemi": "Q52613845", "Katja Wetzel": "Q52613861", "Cathy Peraux": "Q52613889", "Isabelle Perillat": "Q52614093", "Carmel Peritore": "Q52614103", "Katrien Perquy": "Q52614116", "Eefje Wijnings": "Q52614196", "Corine Petitpierre": "Q52614226", "Catriona Petty": "Q52614255", "Charlotte Willems": "Q52614427", "Anke Philippe": "Q52614430", "Charlotte Willi": "Q52614500", "Zita Winnubst": "Q52614592", "Christine Piqueray": "Q52614769", "Katja Pire": "Q52614779", "Cathy Piroux": "Q52614802", "Caroline Wittemans": "Q52614805", "Jelka Plate": "Q52614869", "Nicole Pleuler": "Q52614891", "Nathalie Pravda": "Q52615474", "Liz Prince": "Q52615634", "Greet Prov\u00e9": "Q52615669", "Emma Zune": "Q52615766", "Anja Rabes": "Q52615842", "Linde Raedschelders": "Q52615859", "Ada Rajszys": "Q52616133", "Jadranka Rasdelovic": "Q52616199", "Sophie Reble": "Q52616278", "Nina Reichmann": "Q52616321", "Philine Rinnert": "Q52616606", "Claire Risterucci": "Q52616629", "Ulrike Roelants": "Q52616816", "Carmen Schabracq": "Q52617941", "Hilde Schamp": "Q52617994", "Katrien Scheir": "Q52618010", "Cynthia Schenkels": "Q52618073", "Katharina Schlipf": "Q52618118", "Marion Schmid": "Q52618138", "Annemieke Schoorel": "Q52618247", "Mia Schoovaerts": "Q52618261", "Ildik\u00f3 Schopp": "Q52618270", "Tina Schott": "Q52618301", "Emmy Schouten": "Q52618328", "Isabelle Schoutetens": "Q52618346", "Maya Schr\u00f6der": "Q52618368", "Rosa Sch\u00fctzendorf": "Q52618429", "Tina Schwab": "Q52618439", "Mechthild Schwienhorst": "Q52618460", "Veerle Segers": "Q52618516", "Gioia Seghers": "Q52618529", "Mechthild Seipel": "Q52618549", "Francine Semetier": "Q52618651", "Erna Siebens": "Q52618845", "Andrea Simeon": "Q52618908", "Catherine Somers": "Q52619364", "Joke Sommen": "Q52619373", "Ana Spasic": "Q52619517", "Rosalie Spruijt": "Q52619643", "Jacqueline Stallmann": "Q52619673", "Tanja Starink": "Q52619718", "Lotte Stek": "Q52619858", "Rosalie Stevens": "Q52619902", "Rebecka Stillman": "Q52619934", "Mieke Stoops": "Q52619975", "Katrien Strijbol": "Q52620045", "Malgorzata Szczesniak": "Q52620338", "Germana Tack": "Q52620369", "Eve Taveirne": "Q52620556", "Marie-Claire Thuwis": "Q52620912", "Elke Thuy": "Q52620922", "Elizabeth Abderhalden": "Q52621501", "Anneke Adrianssens": "Q52621644", "Chiara Valle Vallomini": "Q52621886", "Eva-Maria Van Acker": "Q52621944", "Katrien Van Bael": "Q52622050", "Mady Vanbergen": "Q52622458", "Lina Aly": "Q52622494", "Maartje van Bourgognie": "Q52622527", "An Van Bree": "Q52622562", "Britt Ang\u00e9": "Q52622919", "Wendy Van Dam": "Q52623045", "Ria Van Damme": "Q52623072", "Joke Van de Casteele": "Q52623308", "Nancy Van de Gucht": "Q52623361", "Marie Artamonoff": "Q52623387", "Jasmijn Van den Berg": "Q52623837", "Silvia Aymonino": "Q52623887", "Sara Baeten": "Q52624195", "Elizabeth Barker": "Q52624463", "Nicola Baylis": "Q52624613", "Regine Becker": "Q52624652", "Camille Berger": "Q52624959", "Eva Beys": "Q52625120", "Barbara Bijeli\u00e9": "Q52625167", "Else Bogaerts": "Q52625471", "Vera Bohnen": "Q52625503", "Naomi Bomberg": "Q52625534", "Annemie Boonen": "Q52625616", "Lynn Bruggeman": "Q52626175", "Sarah Budts": "Q52626324", "Mar\u00eda \u00c1ngel Buesa Pueyo": "Q52626350", "Adriana Maria Calzetti": "Q52626533", "Patricia Canino": "Q52626567", "Genevi\u00e8ve Carrasco": "Q52626666", "Val\u00e9rie Castan": "Q52626746", "Doroth\u00e9e Catry": "Q52626808", "Hannah Chebaro": "Q52627033", "Hannah Christeson": "Q52627133", "Bozena Civic": "Q52627251", "Elisenda Cladellas Parellada": "Q52627259", "Lise Clara": "Q52627302", "Hadas Cna'ani": "Q52627437", "Inge Coleman": "Q52627499", "Maria Contryn": "Q52627633", "Anne-Marie Correas": "Q52627762", "Trinka Costa": "Q52627790", "Clelia Cr\u00e9didio": "Q52627912", "Wren Crosley": "Q52627971", "Dorothee Curio": "Q52628039", "Gabrielle dalton": "Q52628162", "Frieda Dauphin": "Q52628328", "Karolien De Belder": "Q52628430", "Genevi\u00e8ve De Boeck": "Q52628504", "Marij De Brabandere": "Q52628528", "Anneleen De Causmaecker": "Q52628675", "Lili Deconinck": "Q52628726", "Patricia De Keyser": "Q52629070", "Myriam De Klopper": "Q52629077", "Barbara De Laere": "Q52629115", "Miche Delmotte": "Q52629302", "Muriel Delvigne": "Q52629379", "Evelyn Demartelaere": "Q52629443", "Griet Demets": "Q52629463", "Dorine Demuynck": "Q52629564", "Dotje De Muynck": "Q52629571", "Myriam De Muynck": "Q52629579", "Marleen Deneys": "Q52629616", "Leen Denolet": "Q52629663", "Annemie Depaepe": "Q52629692", "Annelies De Ridder": "Q52629857", "Geraldine Derycke": "Q52629948", "Amber De Saeger": "Q52629980", "Sabine Desbonnets": "Q52629988", "Karlien De Smet": "Q52630069", "Stefanie De Smet": "Q52630084", "Roselein Detavernier": "Q52630114", "Arien de Vries": "Q52630296", "Val\u00e9rie Dewaele": "Q52630351", "Anette De Wilde": "Q52630402", "Maria Dewit": "Q52630435", "Caritas De Wit": "Q52630461", "Sara Dijkmans": "Q52634288", "Candice Donnelly": "Q52634304", "Marie Dries": "Q52634323", "Barbara Drohsin": "Q52634325", "Barbara Drosihn": "Q52634326", "L\u00e9a Drouault": "Q52634327", "Melanie Duchanoy": "Q52634333", "Mirjam Egli": "Q52634364", "Carin Eilers": "Q52634368", "Cecilia Lisa Eliceche": "Q52634381", "Alix Eynaudi": "Q52634416", "Rosa Lugo Fabregas": "Q52634419", "Dominique Fabr\u00e8gue": "Q52634420", "Nazanin Fakoor": "Q52634423", "Melissa Fellahi": "Q52634449", "Han Feng": "Q52634450", "Irene Ferrero": "Q52634459", "Katja Ebel Frederiksen": "Q52634506", "Lia Fret": "Q52634512", "Kahori Furukawa": "Q52634518", "C\u00e9line Gautron": "Q52634539", "Roshwita Gerlitz": "Q52634563", "Sarah Geypens": "Q52634570", "B\u00e0rbara Glaenzel": "Q52634603", "Maria G\u00f6ldenitz": "Q52634627", "Eva Goodman": "Q52634638", "Nele Goovaerts": "Q52634641", "Karin Gottschalk": "Q52634650", "Angela Guerreiro": "Q52634689", "Marie Guillon Le Masne": "Q52634696", "Karolien Hamers": "Q52634728", "Sylvia Hasenclever": "Q52634750", "Valerie Hellebaut": "Q52634778", "V\u00e9ronique Hendriks": "Q52634784", "Karien Herreman": "Q52634801", "Griet Herssens": "Q52634804", "Josephine Heymans": "Q52634815", "Ykje Hibma": "Q52634818", "Silvia Hol": "Q52634836", "Elisabeth Houtart": "Q52634858", "Kei Ito": "Q52634898", "Lief Jacobs": "Q52634905", "Karin Jaeken": "Q52634909", "HyoJung Jang": "Q52634915", "Elizabeth Jenyon": "Q52634931", "Mijeong Jeong": "Q52634932", "Emilie Jonet": "Q52634946", "Anna J\u00f6rgensen": "Q52634948", "Sara Judice de Menezes": "Q52634951", "Klara Kalicz": "Q52634961", "Jessica Karge": "Q52634980", "Raya Kazoun": "Q52634992", "Leentje Kerremans": "Q52635009", "Asalia Khadj\u00e9": "Q52635021", "Pauline Kieffer": "Q52635028", "Elisabeth Kinn Svensson": "Q52635036", "Daphne Kitchen": "Q52635039", "Josy Knudde": "Q52635047", "Deborah Kools": "Q52635056", "Eva Kr\u00e4mer": "Q52635078", "Kajsa Lisa Larsson": "Q52635163", "Ursula Lascurain": "Q52635165", "Stephane Laverne": "Q52635180", "Elisabeth Lebailly": "Q52635187", "Marie-Jeanne Lecca": "Q52635192", "Mina Lee": "Q52635199", "Lise Lendais": "Q52635229", "Keren Levi": "Q52635260", "V\u00e9ronique Leyens": "Q52635268", "Annick Liekens": "Q52635281", "Maria Lievens": "Q52635284", "Malve Lippman": "Q52635325", "Noluthando lobese": "Q52635349", "Dorothee Loermann": "Q52635355", "Sylvia Luyckx": "Q52635432", "Dany Lyne": "Q52635437", "Mina Maati": "Q52635445", "Anny Maes": "Q52635481", "Zo\u00eb Mahony": "Q52635502", "Marie-Jeanne Malfait": "Q52635526", "Josine Martens": "Q52635623", "Jo\u00eblle Meerbergen": "Q52635769", "Doroth\u00e9e Merg": "Q52635835", "Marie Messien": "Q52635854", "Tamara Meulemans": "Q52635860", "Gunna Meyer": "Q52635863", "Amber Meyntjens": "Q52635870", "Elisabeth Michiels": "Q52635881", "Maria Miu": "Q52635906", "Malena Modeer": "Q52635914", "Zoe Monti": "Q52635951", "Katerina M\u00fcller": "Q52635998", "Nefeli Myrtidi": "Q52636010", "Kimie Nakano": "Q52636020", "Keren Nathan": "Q52636027", "Netty Neus": "Q52636050", "Meentje Nielsen": "Q52636077", "Aur\u00e9lie Noble": "Q52636113", "Karolien Nuytens": "Q52636159", "Chlo\u00e9 Obolenski": "Q52636180", "Mai Ooka": "Q52636207", "Sabine Oosterlynck": "Q52636213", "Ellis Op 't Land": "Q52636217", "Anouch Pasques": "Q52636315", "Mirjam Pater": "Q52636317", "Camille P\u00e9nager": "Q52636395", "Leen Persoons": "Q52636452", "Myriam Peters": "Q52636461", "Helena Petit": "Q52636463", "Claudia Phlips": "Q52636484", "Ines Plan\u00e7on": "Q52636534", "Eva Pollet": "Q52636564", "Monika Pormale": "Q52636584", "Eug\u00e9nie Poste": "Q52636594", "Lieve Pynoo": "Q52636628", "Ticuta Racovita-Cordemans": "Q52636642", "Andrea Magaly Rbiano Ramirez": "Q52636710", "Brigitte Reiffenstuel": "Q52636739", "Ursula Rensenbrink": "Q52636764", "Sarah-Christine\u00a0Reuleke": "Q52636768", "Lenie Ronse": "Q52636910", "Tania Rooryck": "Q52636914", "Satya Roosens": "Q52636921", "Carola Ruckdeschel": "Q52636959", "Nousch Ruellan": "Q52636964", "Patricia Saive": "Q52637012", "Nora Scheidl": "Q52637119", "Sarah Schittek": "Q52637143", "Nadia Schnock": "Q52637156", "Beatrice Schultz": "Q52637185", "Eser Selen": "Q52637213", "Anna Seniow": "Q52637220", "Karin Seydtle": "Q52637227", "Nicky Shaw": "Q52637238", "Jonne Sikkema": "Q52637255", "F\u00e9ria Simon": "Q52637263", "Chris Snick": "Q52637301", "Sabine Snijders": "Q52637303", "Anastasios Sofroniou": "Q52637311", "Lydia Sonderegger": "Q52637325", "Eliane Steffes": "Q52771023", "Thijsje Strypens": "Q52771092", "Parvin Systue": "Q52771263", "Marie Szersnovicz": "Q52771268", "Fulya Tekin": "Q52771371", "Isa Tes": "Q52771406", "Mariana Tirantte": "Q52771650", "Miharu Toriyama": "Q52771702", "Kim Troubleyn": "Q52771772", "Johanna Trudzinski": "Q52771781", "Jessica Truesdale": "Q52771785", "Vera Tussing": "Q52772659", "Doroth\u00e9e Uhrmacher": "Q52772706", "Dorine Van Autreve": "Q52772814", "Danielle Van Beeck": "Q52772845", "Jorine van Beek": "Q52772847", "Annelies Van Damme": "Q52772919", "Gerda Vandenbroucke": "Q52772984", "Inge Vandenbussche": "Q52772993", "Francy Van Den Heuvel": "Q52773018", "Inge Van der Borght": "Q52773039", "Elizabeth Van Der Eijden": "Q52773052", "Sky Vanderhoek": "Q52773062", "Karin Van der Leeuw": "Q52773081", "Patricia Vander Stappen": "Q52773137", "Marie Vandewoude": "Q52773208", "Regina van Eijden": "Q115395767", "Freija Van Esbroeck": "Q52773786", "Linse Van Gool": "Q52773825", "Myriam Van Gucht": "Q52773832", "R\u00e9gine Van Hoecke": "Q52773880", "Marlies Vanhoucke": "Q52773903", "Griet Van Landeghem": "Q52773998", "Lieve Van Luyck": "Q52774025", "Sofia Vannini": "Q52774058", "Kristien Van Passel": "Q52774081", "Tamara Van Schaeren": "Q52774205", "Jessica Vanstraelen": "Q52774210", "Annelies Van Valkenborgh": "Q52774224", "Eva Velazquez": "Q52774295", "Liesbet Verbeeck": "Q52774331", "Evelyne Verfaillie": "Q52774397", "Teresa Vergho": "Q52774400", "Pauline Verminnen": "Q52774503", "Betty Vervaeke": "Q52774653", "Sabine Victor": "Q52774673", "Daniela Villaret": "Q52774689", "Annemie Visser": "Q52774713", "Mojra Vogelnik Skerij": "Q52774737", "Claude Wampler": "Q52774837", "Anna Watkins Fisher": "Q52774856", "Maria Weckx": "Q52774864", "Julia Weisbrich": "Q52774877", "Elena Werner": "Q52774902", "Petra Maria Wirth": "Q52775129", "Agata Wlodarska": "Q52775135", "Rebekka W\u00f6rmann": "Q52775156", "Freija Wouters": "Q52775166", "Ann Liv Young": "Q52775225", "St\u00e9phanie Zani": "Q52775269", "Elena Zaytseva": "Q52775275", "Anne Marthe Zomer": "Q52775329", "Michelle Baechthold": "Q53091184", "Machteld Van De Perre": "Q53453812", "An Van der Auwera": "Q53453846", "Marina van der Heiden": "Q53453881", "Marloes van der Hoek": "Q53453892", "Heide Vanderieck": "Q53453901", "Viviane Van der Poel": "Q53453943", "Viola Vandomme": "Q53453997", "Annelies Vanlaere": "Q53454375", "Kristin Van Passel": "Q53454490", "Catherine Bouchard": "Q55596050", "Krista Levy": "Q56249099", "Razie Brownstone": "Q56284914", "Christine Braem": "Q56509514", "Alexandra Sebbag": "Q56509528", "Nuria Manzano": "Q56509539", "Lisa Jonkers": "Q56509873", "Johanna Picard": "Q56509906", "Dorota Ko\u0142ody\u0144ska": "Q56558837", "Jennifer Triemstra": "Q56847493", "Jo\u00eblle Roustan": "Q57416645", "Christina Gallea": "Q57935039", "Denise Walle": "Q57938679", "Armelle Lucas": "Q58885390", "Melanie Braun": "Q58912417", "\u039d\u03c4\u03bf\u03c1\u03af\u03c4\u03b1 \u0391\u03c1\u03c4\u03b5\u03bb\u03bb\u03bb\u03ac\u03c1\u03b7": "Q59211821", "Anna Machairianaki": "Q59616011", "Magiou Trikerioti": "Q60571270", "Aggeliki Athanasiadou": "Q60571435", "Marie Semet": "Q60571485", "Sandra Stefanidou": "Q60571576", "Asi Dimitropoulou": "Q60576614", "Thaleia Istikopoulou": "Q60576734", "Alexandra Siafkou": "Q60732829", "Eva Manidaki": "Q60732832", "Ioulia Stavridou": "Q60732833", "Katerina Zourari": "Q60732834", "Laloula Chrysikopoulou": "Q60732835", "Panagiota Kokorou": "Q60732836", "Pepeta Arvaniti": "Q60732837", "Tota Pritsa": "Q60732840", "Clare Bracewell": "Q60732904", "Maria Kontodima": "Q60732932", "Chrysanna Diamanti": "Q60732951", "Eva Nathena": "Q60751385", "Ntora Lelouda": "Q60752013", "\u03a7\u03c1\u03b9\u03c3\u03c4\u03af\u03bd\u03b1 \u039a\u03bf\u03bb\u03cc\u03ba\u03b1": "Q60752312", "Despina Volidi": "Q60876814", "Olympia Sideridou": "Q60944429", "\u039c\u03b1\u03c1\u03b3\u03b1\u03c1\u03af\u03c4\u03b1 \u0394\u03bf\u03c3\u03bf\u03cd\u03bb\u03b1": "Q60997889", "Tit\u00edna Chalmatz\u00ed": "Q61001351", "Panagiota Kokkorou": "Q61041661", "Christina Papageorgiou": "Q61041999", "\u0393\u03b9\u03bf\u03cd\u03bb\u03b1 \u0396\u03c9\u03b9\u03bf\u03c0\u03bf\u03cd\u03bb\u03bf\u03c5": "Q61043100", "\u0394\u03ad\u03c3\u03c0\u03bf\u03b9\u03bd\u03b1 \u039c\u03b1\u03ba\u03b1\u03c1\u03bf\u03cd\u03bd\u03b7": "Q61043572", "\u03a3\u03bf\u03c6\u03af\u03b1 \u0396\u03bf\u03c5\u03bc\u03c0\u03bf\u03cd\u03bb\u03b7": "Q61045352", "\u03a4\u03cc\u03bd\u03b9\u03b1 \u0391\u03b2\u03b4\u03b5\u03bb\u03bf\u03c0\u03bf\u03cd\u03bb\u03bf\u03c5": "Q61045584", "Christine Zahn": "Q61054608", "Kleio Boboti": "Q61294456", "Margar\u00edta Chatziioannou": "Q61294458", "Ioanna Tsami": "Q61294460", "Georgia Babalou": "Q61294464", "Kyriaki Tsitsa": "Q61294467", "Mar\u00eda Ilia": "Q61294471", "Kenny MacLellan": "Q61294473", "Maria Chaniotaki": "Q61294485", "Dimitra Chiou": "Q61294487", "Anastasia Arseni": "Q61294489", "Artemis Theodoridi": "Q61294490", "Maria Papadopoulou": "Q61294493", "Aggeliki Karamoutsou": "Q61294496", "Dafni Koutra": "Q61294499", "Fotini Georgiou": "Q61294501", "Kalliopi Stamatari": "Q61294512", "Eva Marathaki": "Q61294516", "Bianka Nikolare\u00efzi": "Q61294518", "Elisavet Antapasi": "Q61294520", "Georgia Bourda": "Q61294521", "Zo\u00ed Molyvd\u00e1 Fam\u00e9li": "Q61294524", "Nikoleta Panagiotou": "Q61294527", "N\u00edki Psychogio\u00fa": "Q61294539", "Alexandra Bousoulega": "Q61294541", "Rania Yfantidou": "Q61294543", "Konstantsia Sarafianou": "Q61300930", "Vanessa Touzloukof": "Q61301689", "Magdalin\u00ed Avgerinou": "Q61301912", "Anna Buruma": "Q61455830", "Vasiliki Syrma": "Q61599544", "Jane Huggett": "Q61642811", "Athanasia Smaragdi": "Q61644826", "Maria Karapouliou": "Q61644897", "Norah Lambourne": "Q61659288", "Christina Kostea": "Q61669010", "Meri Tsagkari": "Q61684193", "Claire Nadon": "Q61937885", "St\u00e9phanie Cloutier": "Q62086850", "Olga Verykaki": "Q62099095", "Lydia Maleviti": "Q62121824", "Elli Sofianopoulou": "Q62121890", "Angela Thomas": "Q62473107", "Afroditi Kotzia": "Q62591594", "Afroditi Koutsoudaki": "Q62591595", "Danai Chatzaki": "Q62591652", "Dimitra Vasileiou": "Q62591655", "Eleni Karamerou": "Q62591676", "Elli Solomonidou Balanou": "Q62591687", "Elsa Vokou": "Q62591688", "Ersi Drini": "Q62591689", "Ioanna Manoledaki": "Q62591714", "Kelly Vrettou": "Q62591726", "Lea Kousi": "Q62591740", "Lila Karakosta": "Q62591750", "Lili Pezanou": "Q62591751", "Maria Karadeloglou": "Q62591773", "Marina Kelidou": "Q62591781", "Mikaela Liakata": "Q62591792", "Denny Vachlioti": "Q62591823", "Olga Chatziiakovou": "Q62591829", "Tina Tzoka": "Q62591895", "Titi Kyriakidou": "Q62591898", "Foteini Dimou": "Q62591910", "Chrysa Voudouroglou": "Q62591928", "Sofia Pantazi": "Q62709249", "Franziska von Berlepsch": "Q63030447", "Loukia": "Q63222295", "Tina Afugu Cordero": "Q63297855", "Sydney Cavanagh": "Q63314651", "Eleni Doundoulaki": "Q63406696", "Elena Patraskanou Veaki": "Q63455077", "Katerina Kampanelli": "Q63486429", "Loukia Xouliara": "Q63803146", "Rena Georgiadou": "Q63849132", "Lili Kentaka": "Q63854290", "Raea Mouzenidou": "Q63919340", "Brenda Murphy": "Q63977515", "Sarah Edwards": "Q64135552", "Katerina Sotiriou": "Q64211005", "Semiramis Moschovaki": "Q64225009", "Elena Kyrou": "Q64257949", "Vasileia Rozana": "Q64434452", "Errieti Tsekoura": "Q64521047", "Maria Benaki": "Q64521077", "Alexia Theodoraki": "Q64521100", "Lina Papadimitri": "Q64615771", "Marie No\u00eblle Semet": "Q64615773", "Katerina Papanikolaou": "Q64615780", "Riki Tsikardoni": "Q64627224", "Anna Maria Vasiak": "Q64706669", "Olga Kavargyri": "Q64710937", "Becca Blackwood": "Q65115535", "Carine Farfati": "Q65115568", "Caroline Poirier": "Q65115581", "Catherine Guyot-Sionnest": "Q65115584", "Charlotte Vaysse": "Q65115604", "Claire Lacaze": "Q65115627", "Claudine Tychon": "Q65115634", "Diane Paquet": "Q65115684", "Doroth\u00e9e Guiraud": "Q65115700", "Eka Bichinashvili": "Q65115709", "Elisabeth Mehu": "Q65115715", "Ga\u00e9tanne L\u00e9vesque": "Q65115813", "Gaudeline Sauriol": "Q65115817", "Helga R\u00f3s Hannam": "Q65115877", "Huguette Gagn\u00e9": "Q65115892", "Julia Dagany": "Q65116021", "Julia Patkos": "Q65116026", "Julie Charland": "Q65116032", "Laurence Esnault": "Q65116112", "Li Alembik": "Q65116132", "Mariane Carter": "Q65116269", "Marilyne Garceau": "Q65116291", "Mich\u00e8le Hamel": "Q65116375", "Mickie Hamilton": "Q65116378", "Nanda Keshar Bham": "Q65116413", "Nicole Magny": "Q65116442", "Nicole Pelletier": "Q65116443", "Priscilla Van Sprengel": "Q65116522", "Sofie F\u00e9k\u00e9t\u00e9": "Q65116630", "Val\u00e9rie Gagnon-Hamel": "Q65116720", "Virginie Montel": "Q65116745", "\u017deljka Franulovi\u0107": "Q65116770", "Sol Mu\u00f1oz": "Q65119762", "Sylvie Ong": "Q65119767", "Julieta Rubio": "Q65659283", "Elena Fajt": "Q65710158", "Marta Frelih": "Q66368499", "Chrysa Daponte": "Q66448900", "Artemis Ioannides": "Q66659694", "Wendy Chuck": "Q67042566", "Maria Belamaki": "Q67203642", "Ioanna Plessa": "Q67218436", "Silvia Grabowski": "Q69907597", "Valia Margariti": "Q73301272", "Est\u00edbaliz Markiegi": "Q73671560", "Mar\u00eda Jos\u00e9 Iglesias Garc\u00eda": "Q73805437", "Valentina Bari": "Q75879402", "Meri Smyrli": "Q76158424", "Monica Vargas": "Q77912426", "H\u00e9l\u00e8ne Schneider": "Q77944305", "Marie Le Garrec": "Q77944356", "Christel Birot": "Q78899412", "Isabelle Millet": "Q78901565", "Clea Dunn": "Q78904612", "Anne-Marie Baron": "Q78911972", "Olivia Wells": "Q79200420", "Marilena Aravantinou": "Q79970033", "Maria Tsamoudaki": "Q80214139", "\u00c9milie Chamarre": "Q80431063", "Henrietta Thomas": "Q80573143", "Suzanne Keogh": "Q80639898", "Delphine Capossela": "Q80697979", "Nathalie Giraud": "Q81270418", "Fabienne Collet": "Q81635305", "\u038c\u03bb\u03b3\u03b1 \u039d\u03c4\u03ad\u03bd\u03c4\u03b1": "Q81736605", "Niki Perdika": "Q81943149", "Val\u00e9rie Adda": "Q82047927", "Susanne Weiske": "Q82444236", "Magda Sabina Samborska": "Q82681784", "Paulina Nawrot": "Q82682169", "Louise Stanton": "Q83277035", "Zehra Tuba Ata\u00e7": "Q83382010", "Martina Frani\u0107": "Q83636812", "Miriam Aksoy": "Q84162086", "Judit Sinkovics": "Q84224845", "Emina Sulejmani": "Q84232742", "Sarah Blenkinsop": "Q84234661", "Emilia Czartoryska": "Q84360570", "Lucy Hagan": "Q84470357", "Billur Turan": "Q84593897", "Kika Karampela": "Q84596237", "Madeleine Edis": "Q85389208", "Franckie Diago": "Q85407721", "Eva Roelfs": "Q85510515", "Rozana Vasilia": "Q85517881", "Vinyet Escobar": "Q85533979", "Lily Beca": "Q85598633", "Katarzyna Lewi\u0144ska": "Q85623572", "Marli Aliferi": "Q86075068", "Fianna Robijn": "Q86079805", "Ella Plevin": "Q86084640", "Gwen Jeffares Hourie": "Q86109287", "Eva Zar": "Q86194345", "Caroline Spieth": "Q86338743", "Gretchen Ward Warren": "Q86439393", "Yara Jer\u00f3nimo": "Q86597665", "Hanna Rode": "Q86696382", "Kim Nguyen": "Q86715682", "Svetla Dionisieva": "Q86826833", "Ramona V\u00e2rtosu": "Q86846534", "Sabrina Beretta": "Q86996387", "Anne Schotte": "Q87469853", "Eirini Tsakiri": "Q87712821", "Janne Birck": "Q87820737", "Helena Contreras": "Q87838698", "Ursula Patzak": "Q87898072", "Beata Nyczaj": "Q87974540", "Lotta Petersson": "Q87974911", "Ntimi Vasileiou": "Q88203523", "Mercedes Uria": "Q89873820", "Marika Ingrato": "Q89912067", "Mika Panagou": "Q90010336", "Katharina von Martius": "Q90012343", "Karen Muller Serreau": "Q90141056", "Mary-Jane Reyner": "Q90313113", "Monic Parelle": "Q90316368", "Rachana Sukhadia": "Q90556485", "Patia Prouty": "Q91233952", "Sanja D\u017eeba": "Q91329984", "Amalia Antoni": "Q91340845", "Ioanna Timotheadou": "Q91351942", "Lyntia Gravani": "Q92984061", "Despoina Cheimona": "Q93121620", "Marili Poupli": "Q93253577", "Joan Bergin": "Q93327501", "\u00c1gnes Jod\u00e1l": "Q93328666", "Alyona Stepanova": "Q93339450", "Evangelia Kentaka": "Q93434035", "Zora Mojsilovi\u0107": "Q93739723", "Suna \u00c7ift\u00e7i": "Q93740380", "Ute Hofinger": "Q93839223", "Maria Sanikopoulou": "Q93970336", "Annie Symons": "Q94524220", "Rhona Russell": "Q94575851", "Marina Sciarelli": "Q94576353", "Manuela Bronze": "Q94580163", "Fran\u00e7oise Clavel": "Q95400780", "Maeve Paterson": "Q95402383", "Dominika Jan\u0161ov\u00e1": "Q95646428", "Stefanie Bold": "Q95646899", "Isabel Branco": "Q95647062", "Marion Bergmann": "Q95651012", "Susanne Berner": "Q95651045", "Karoliina Koiso-Kanttila": "Q95652357", "Gisela Engelstaedter": "Q95652412", "Nicoletta Taranta": "Q95652541", "Rach\u00e8le Raoult": "Q95654495", "Leonie Pfitzer": "Q95654690", "Heidrun Schwantge": "Q95665671", "Ivana Milos": "Q95666026", "Helga Pinnow": "Q95666489", "Elsbeth Rohwer": "Q95666684", "Elina Schnizler": "Q95667268", "Viola V\u00f6lk": "Q95668663", "Sonia Philouze": "Q95668920", "Hannelore Gutt": "Q95669351", "Ursula Eggert": "Q95670219", "Lidiya Kryukova": "Q95670508", "Margit Salzinger": "Q95670645", "Ma\u00efra Ramedhan Levi": "Q95671507", "Outi Harjupatana": "Q95671853", "Despina Chimona": "Q95672977", "Moira Anne Meyer": "Q95673276", "Sandra Jones": "Q95673480", "El\u017cbieta Radke": "Q95674028", "Antoinette Messam": "Q95674259", "Agn\u00e8s Noden": "Q95678407", "Shay Cunliffe": "Q95680682", "Birgit Wentsch": "Q95683522", "Jana Jankova": "Q95683874", "Tinatin Kvinikadze": "Q95684371", "Isabelle Dickes": "Q95684996", "Linda Deandrea": "Q95686140", "Cordula Schulze-Stentrop": "Q95686747", "Kaya K\u00fcrten": "Q95686982", "Alexandra Wasserthal-Zuccari": "Q95687051", "Brigitta Fink": "Q95698318", "Jacqueline Guyot": "Q95698471", "Nina Albrecht": "Q95698729", "Ellen Schiller": "Q95699269", "Constanze Hagedorn": "Q95699319", "Stephanie Rie\u00df": "Q95700257", "Edith Almoslino": "Q95700650", "Judith Jacobsen-Winter": "Q95701240", "Ofri Barel": "Q95701819", "Ulrike Dumjahn": "Q95702034", "Fanny Jakubowicz": "Q95702165", "Annie Perier": "Q95703414", "Polly Matthies": "Q95703648", "Yvette Frank": "Q95704843", "Monika Ugrewicz": "Q95706613", "Gertrud Recke": "Q95706849", "Uli Simon": "Q95707154", "Ma\u0142gorzata Stefaniak": "Q95707303", "Ingrid Mogel": "Q95707664", "Nadja Delcos": "Q95708003", "Larissa Bechtold": "Q95708554", "Katharina Ost": "Q95709285", "Gudrun Schretzmeier": "Q95709453", "Zana Bosnjak": "Q95709624", "Donna Berwick": "Q95709818", "Jutta Eckerlin": "Q95709911", "Gabriele Jordan": "Q95710065", "Ingeborg Gr\u00fctzner": "Q95710097", "Kathy Strachan": "Q95710177", "Marion Greiner": "Q95710716", "Tanja Gierich": "Q95711007", "Maren Christensen-Gantenberg": "Q95712188", "Linda Bass": "Q95712212", "Laurence Struz": "Q95712488", "Inge Brauner": "Q95713053", "Jaroslava Vesel\u00e1": "Q95713092", "Carole Favre": "Q95713489", "Charlotte Penner": "Q95713591", "Isolde Warscycek": "Q95713909", "Claire Fraisse": "Q95714071", "Brigitta Lohrer-Horres": "Q95714430", "Mich\u00e8le Cerf": "Q95714607", "Julia Grieb": "Q95714820", "Sabine Volz": "Q95715638", "Cynthia Flynt": "Q95725642", "Skaidra Deksne": "Q95726045", "Sabina Bu\u017edon": "Q95726969", "Shenja Schittkowski": "Q95727465", "Teresa Goikoetxea": "Q95728357", "Monika Gebauer": "Q95728375", "Annick Fran\u00e7ois": "Q95728507", "Judy Shrewsbury": "Q95728698", "Aphrodite Kondos": "Q95730083", "Verena von Zerboni de Sposetti": "Q95730183", "Agn\u0117 Rimkut\u0117": "Q95730215", "Bettina Leidl": "Q95730430", "Mika Braun": "Q95730856", "Grania Preston": "Q95731528", "Lynette Meyer": "Q95731973", "Gertrud Steckler": "Q95732266", "Svatava Sophov\u00e1": "Q95732524", "Maria Sohlman-Wikman": "Q95732736", "Josephine Gracia": "Q95733714", "Cinzia Cioffi": "Q95733925", "Anne-Luise Vierling": "Q95734029", "Christine Gu\u00e9gan": "Q95734318", "Anja Goepfert": "Q95734953", "Ute Hafke": "Q95735175", "Gesina Seldte": "Q95736911", "Alexis Scott": "Q95738883", "Mari\u00eblla Kallenberg": "Q95739183", "Peri de Bragan\u00e7a": "Q95739215", "Marisa Urruti": "Q95739930", "Mila Niemi": "Q95740078", "Ulrike Scharfschwerdt": "Q95740305", "Hella B\u00fcnte": "Q95741128", "Manuela Nierzwicki": "Q95743576", "Bettina Helmi": "Q95744652", "Iris Trauzettel": "Q95744676", "Eva Lackingerov\u00e1": "Q95744776", "Corinne Bruand": "Q95744891", "Brigitte Nierhaus": "Q95744949", "Christel Leichsenring": "Q95745112", "Lii K\u00e4rner": "Q95745676", "Sabina Maglia": "Q95749305", "Gabriella Ekman": "Q95749608", "Abril Alamo": "Q95750846", "Nadine Dessalles": "Q95751110", "Huy-Thong Tran Mai": "Q95751331", "Marie Martine": "Q95751472", "Andrea Fisser": "Q95751818", "Maria Rita Barbera": "Q95751939", "V\u011bnceslava Vrti\u0161kov\u00e1": "Q95752048", "Mariolina Bono": "Q95752234", "Therese Gaarde": "Q95752538", "Sari Suominen": "Q95752930", "Marielle Robaut": "Q95753285", "Justyna Stolarz": "Q95753659", "Charlotte Graf": "Q95754105", "Linda Bogers": "Q95754177", "Katrin Aschendorf": "Q95754370", "Ramona Petersen": "Q95755134", "Maxi Munzert": "Q95755330", "Tanja Dehmel": "Q95755528", "C\u00e9cile Berg\u00e8s": "Q96196258", "Caroline Harris": "Q96215837", "Belah Ya\u02bba\u1e33ov": "Q96240647", "Lorna Marie Mugan": "Q96277060", "Christina Papoulia Barlou": "Q96473500", "Maria Kokkou": "Q96678456", "Kikuko Ogata": "Q97031315", "Paola Torres": "Q97482322", "Sanny Alberti": "Q97942429", "Gill Horn": "Q98038617", "Helga I. Stef\u00e1nsd\u00f3ttir": "Q98269623", "Roberta Bocca": "Q98433864", "Alfonsina Lettieri": "Q98479355", "Jacquie Nguyen": "Q98520211", "Barbara Gregusova": "Q98828237", "Natasa Dimitriou": "Q98976692", "Anami Tara Shucart": "Q99142854", "Ruth Secord": "Q99868458", "Loret Meus": "Q100430620", "Sherin Batshon": "Q100490102", "Yuliya Kunova": "Q100534531", "J\u00fal\u00edanna L\u00e1ra Steingr\u00edmsd\u00f3ttir": "Q100556745", "Judith de Luze": "Q100567108", "Simone Geels": "Q100658237", "Galina Deyeva": "Q100699926", "Ma\u0142gorzata Zacharska": "Q100715735", "Irma Saje": "Q100718093", "Ariane Daurat": "Q100718648", "Agn\u0117 Matulevi\u010di\u016bt\u0117": "Q100720418", "Minke Lunter": "Q100742581", "Carine Ceglarski": "Q100742718", "Olivia Bellini": "Q100742794", "R\u016bta Venskut\u0117": "Q100778247", "Oksana Melnychuk": "Q100806839", "Rebecca Lustig": "Q100937524", "Yuliya Pyakina": "Q100941725", "Anna Deschamps": "Q100951126", "Maude Gallon": "Q100951259", "Nevena Georgieva": "Q100968264", "Talissa Schraner": "Q100975885", "Kirsty Halliday": "Q100990854", "Linda Harper": "Q101120338", "Mar Bardav\u00edo": "Q101196690", "Louise Stjernsward": "Q101242278", "Liz Keogh": "Q101244426", "Virginie Alba": "Q101244512", "Ellen Lens": "Q101439211", "Katia Dottori": "Q101479882", "Helena Rovn\u00e1": "Q101552916", "Deena Appel": "Q102117410", "Ann Maskrey": "Q102117829", "Roberta Guidi di Bagno": "Q102282709", "Susanna Rossi Jost": "Q102282711", "Andromaca Anghiroff": "Q102286986", "Kamila P\u015bciuk": "Q103822661", "Gra\u017cyna P\u015bciuk": "Q103822858", "Anna Vilppunen": "Q103839750", "Gabriela Diaque": "Q104609834", "\u0422\u0430\u043c\u0430\u0440\u0430 \u0423\u043b\u0430\u0434\u0437\u0456\u043c\u0456\u0440\u0430\u045e\u043d\u0430 \u0424\u0435\u0434\u0430\u0441\u0435\u0435\u043d\u043a\u0430": "Q104613817", "Alice Babidge": "Q104672265", "Bia Salgado": "Q104819502", "In\u00eas Salgado": "Q104819509", "Mar\u00eda Gil": "Q104824742", "Jaya Taurani": "Q104840482", "Sayla de Goede": "Q105431907", "Cathy Hay": "Q105696518", "Stana Jati\u0107": "Q105715886", "Ioana Corciova": "Q105745083", "Sandra Schulte": "Q105748161", "Connie Manos": "Q105756699", "Kuniko Tanaka": "Q105760778", "Ciresica Cuciuc": "Q105773149", "Maxine Borowski": "Q105836004", "Camellia Koo": "Q105968548", "Erica Schmitz": "Q105979920", "Cassandre Chatonnier": "Q105980316", "Grace Y. Williams": "Q106307830", "Eva Coen": "Q106614459", "Tamara Seferyan": "Q106632481", "Maria Grishanova": "Q106632499", "Maryvonne Schiltz": "Q106636377", "Julie Ballantyne Hinkle": "Q106725516", "Ma\u0142gorzata Zab\u0142ocka": "Q106782341", "Zoe Fox": "Q106816254", "Charmian Smith": "Q106830941", "Carole Fraser": "Q107009065", "\u00de\u00f3runn El\u00edsabet Sveinsd\u00f3ttir": "Q107022264", "Carolina Olcese": "Q107089103", "Lisa Odette Albertson": "Q107112619", "Alice Tinning": "Q107133333", "Dawa Devereux": "Q107133334", "Debz Ruffell": "Q107133335", "Donna Jefferis": "Q107133336", "Gillie Coxill": "Q107133338", "Janet Dunn": "Q107133339", "Kathryn Tyree": "Q107133342", "Prunella Wilde": "Q107133344", "Maggie Cui": "Q107133774", "Amela Vili\u0107": "Q107162487", "Kerstin Halvorsson": "Q107166969", "Patrizia Chericoni": "Q107167831", "Raluca Badea": "Q107172441", "Katia Stano": "Q107192509", "Linda B. \u00c1rnad\u00f3ttir": "Q107227677", "Pirita Norvanto": "Q107363166", "Gemma Mascagni": "Q107381515", "Svetlana Mikhaylova": "Q107382792", "Mareike Wehrmann": "Q107407316", "Sofia Nikolaidi": "Q107452130", "Kim Min-hee": "Q107541516", "Sofie Kruneg\u00e5rd": "Q107543127", "May Lloyd": "Q107555371", "Veronika Schneider": "Q107573131", "Natalie Ward": "Q107585841", "Anna Bartuli": "Q107591971", "Branka Tkal\u010dec": "Q107631055", "Saffron Cullane": "Q107631242", "Paola Ronco": "Q107640386", "Bettina Pontiggia": "Q107646209", "Melissa Toth": "Q107676380", "Gl\u00f2ria Viguer": "Q107716728", "Claudia Gonz\u00e1lez Esp\u00edndola": "Q107766475", "Maja Jakovica": "Q107815202", "Aleksandra Timofeyeva": "Q107862853", "\u0641\u0648\u0632\u064a\u0647 \u062d\u062c\u0627\u0632\u0649": "Q107873587", "Brighde Penn": "Q107995780", "Ria Apostolidis": "Q107995910", "Brydee McLean": "Q107996019", "Victoria  Gridley": "Q107996081", "Signe Sejlund": "Q108067758", "Malena De la Riva": "Q108122251", "Koula Galioni": "Q108129755", "Maria Konomi": "Q108137408", "Barbara Kidd": "Q108154423", "Edie Kurzer": "Q108154934", "Jelena Stefanovi\u0107": "Q108168911", "Einat Fadida": "Q108207959", "Severina Nedelchuk": "Q108256323", "Lanie Faith Marie Overton": "Q108312714", "Mandi Line": "Q108366146", "Ariyela Wald-Cohain": "Q108487965", "Zoe Bella Metrano": "Q108527685", "Kakia Sakellariou": "Q108531586", "Marianna \u00c5str\u00f6m-De Fina": "Q108558603", "Kama K. Royz": "Q108596720", "Emily Sundby": "Q108665912", "Dvorakova Terezie": "Q108703968", "Susanna Laurola": "Q108733397", "Grazia Materia": "Q108738838", "Nathalie Suhard": "Q108770388", "Critter Pierce": "Q108799760", "Maria Tuset": "Q108800253", "Ewa Adamczewska": "Q108839335", "Tamara Kozo": "Q109308843", "Lucy Mann": "Q109496484", "Esme Pileidi": "Q109603376", "Arianna Dal Cero": "Q109651970", "Mika Lampropoulou": "Q109674851", "Maria Geber": "Q109807460", "Fabienne Duc": "Q109831512", "Noni Glykou": "Q109943838", "Laura Bartelloni": "Q110256317", "Echo Porisky": "Q110308857", "Antoinette Muto": "Q110446234", "Kimberly Little": "Q110446865", "Melissa Trn": "Q110492205", "Magky Asvesta": "Q110589587", "Bianca Sarah Stummer": "Q110658638", "Ketlin Kasar": "Q110777304", "Kadri Varblane": "Q110777310", "Julija Volkin\u0161teine": "Q110784298", "Alba Costa": "Q110822583", "Holly Rebecca": "Q110858753", "Giovanna Ribes Esteve": "Q110893729", "Marianne Benny-Perron": "Q110961577", "Camila Paz Blanco": "Q110961723", "Anne-Sophie Gaudet": "Q110961731", "Constance Chamberland": "Q110961745", "Elen Ewing": "Q110961843", "Camille Jutras-Paquette": "Q110971375", "Tricia Crivellaro-Grenier": "Q110971503", "Kristiina Ago": "Q110976953", "Kaisa Pohjola": "Q111145373", "Helena Paavilainen-Takala": "Q111145608", "Gisella Longo": "Q111153347", "Riitta R\u00f6pelinen": "Q111337363", "Gabi Humnicki": "Q111351166", "Saara Ryymin": "Q111360562", "Riitta Peteri": "Q111364474", "Eleanor Yung": "Q111365435", "Elina Lario": "Q111438635", "Irmeli Toivanen": "Q111438640", "Ellen Utterstr\u00f6m": "Q111490621", "Tiina Wil\u00e9n": "Q111508339", "Evgenia Shultz": "Q111511626", "Vanesa Hojenberg": "Q111524286", "Mariella Rauhala": "Q111532202", "Mary Montalto": "Q111671937", "Ami Goodheart": "Q111737298", "Elisabetta Beraldo": "Q111753292", "Ortensia De Francesco": "Q111755735", "Silje Fjellberg": "Q111836681", "Heidi Kjellman": "Q111887817", "Mila Moisio": "Q111903368", "Kaisa Rissanen": "Q111903370", "Khadija Zegga\u00ef": "Q111975900", "Emilie Galsgaard Dinesen": "Q112116892", "Karin Jud": "Q112130185", "Nikol Panagiotou": "Q112154741", "Leena Daru": "Q112158557", "Sam Mansfield": "Q112246387", "D\u2019Arcy Foxx": "Q112544406", "Kristin Hofmann": "Q112607521", "Lenka Radecky": "Q112623927", "Mar\u00eda Reyes": "Q112651102", "Kristina Mali\u0161auskiene": "Q112671355", "Gitti Fuchs": "Q112727921", "Maryna Gradnova": "Q112795913", "Mimmi M\u00e4enp\u00e4\u00e4": "Q112964994", "Marie Bergman": "Q113027040", "Kari Kleiv": "Q113044032", "Sascha Valbj\u00f8rn": "Q113074913", "Magda Vazeou": "Q113153220", "Sofia Alexanian": "Q113153230", "Alexandra Katsaiti": "Q113155152", "Uche Nancy": "Q113162137", "\u00c9milie Carpentier": "Q113164884", "Peju Ajiboye": "Q113164929", "Dominiki Vasiageorgi": "Q113225442", "Nineta Zaharopoulou": "Q113230918", "Marcella Kjeltoft": "Q113250677", "Gillian Gallow": "Q113325122", "Maria Felldin": "Q113453910", "Diemut Remy": "Q113501854", "Lisa \u00c5gren": "Q113553511", "Sarah Buortesch": "Q113605092", "Vasiliki Tranidou": "Q113632090", "Natassa Papastergiou": "Q113645550", "Lisa Montan": "Q113666964", "Mira Strnad": "Q113866360", "Sarah Mae White": "Q113960384", "Rebekka S\u00f8rensen-Kjelstrup": "Q113988544", "Josephine Derghokasian": "Q114048492", "Monica Petit": "Q114082504", "Maartje Wevers": "Q114082506", "Giulia Scrimieri": "Q114140838", "Anninka Velie": "Q114168102", "Lysandre Denis Breault": "Q114310142", "Nina Korento": "Q114314563", "Katevan Kalandadze": "Q114398113", "Mary T. Quigley": "Q114559623", "Melina Root": "Q114669262", "Alessia Cond\u00f2": "Q114728498", "Ester Mochi": "Q114755961", "Else Lund": "Q114771901", "Anna Zotou": "Q114781958", "Evelyna Darzenta": "Q114782095", "Florence Scholtes": "Q114810729", "Eleni Bletsa": "Q114871500", "Jeanne Lapierre": "Q114907234", "Sera Cederberg": "Q114919250", "Lia Asvesta": "Q115047179", "Maria Lindmark": "Q115063021", "Maxine Van-Cliffe Arakawa": "Q115106719", "El\u00edn Edda \u00c1rnad\u00f3ttir": "Q115111093", "Eva Broms": "Q115158118", "Frida \u00c5berg": "Q115162014", "\u00c1slaug Leifsd\u00f3ttir": "Q115175781", "Marija Carapina": "Q115188907", "Susie Bj\u00f8rnvad": "Q115200354", "Monica Elers": "Q115284305", "Arnd\u00eds Ey": "Q115285000", "Ingvild Eiring": "Q115305658", "Daniela Krestelica": "Q115332044", "Marjo Federley": "Q115468676", "Elina V\u00e4tt\u00f6": "Q115498007", "Brynja Skjaldar": "Q115539111", "Charlotte Walter": "Q115576182", "Francesca Vaccaro": "Q115869272", "Gabriella Martino": "Q115994259", "Dora Somova": "Q116039009", "Jane Marshall Whittaker": "Q116242132", "Jenna Enns": "Q116530389", "Verity May Lane": "Q116648631", "Adriana Bogaard": "Q116782154", "Kjerstin Elg": "Q116855763", "Jennifer Arsenault": "Q116857300", "Jennifer Stewart": "Q116857301", "Julia Kim": "Q116857341", "Karyn McCallum": "Q116857345", "Renate Pohl": "Q116872069", "Sophie yufei Tang": "Q116872200", "Gigi Lepage": "Q116914462", "Elske van Buuren": "Q116918755", "Emmanuelle Youchnovski": "Q116944046", "Praxedes de Vilallonga": "Q116944223", "Paula Salonen": "Q116946408", "Marja-Leena Savolainen": "Q116949817", "Ieva Veita": "Q117038020", "Alana Rosenblum": "Q117084296", "Katarzyna Adamczyk": "Q117087913", "Heli Lindroos": "Q117207142", "Marie Credou": "Q117280266", "Anna Aromaa": "Q117316158", "R\u00e9gine Arniaud": "Q117324506", "Emily Brayshaw": "Q117349430", "Zorana Mei\u0107": "Q117353885", "Johanna Fors Sj\u00f6gren": "Q117451346", "Tanja Birgmajer": "Q117734951", "Carmen Di Pinto": "Q117738507", "Arian Lazaridou": "Q117786675", "Maija Aspi": "Q117788410", "Ivana Zozoli Vargovi\u0107": "Q118114691", "Tiina Kupias": "Q118126395", "Annikki Viitanen": "Q118126396", "Susse Roos": "Q118134475", "Pinelopi Malousi": "Q118175685", "\u0391\u03c1\u03b5\u03c4\u03ae \u039c\u03bf\u03c5\u03c3\u03c4\u03ac\u03ba\u03b1": "Q118293060", "Rachel Pollock": "Q118402693", "\u038c\u03bb\u03b3\u03b1 \u039c\u03c0\u03c1\u03bf\u03cd\u03bc\u03b1": "Q118469862", "\u039a\u03b9\u03ba\u03ae \u0393\u03c1\u03b1\u03bc\u03bc\u03b1\u03c4\u03b9\u03ba\u03bf\u03c0\u03bf\u03cd\u03bb\u03bf\u03c5": "Q118500382", "Eija-Riitta Alhainen": "Q118523675", "Annemarie Woods": "Q118531254", "Indr\u0117 Ramo\u0161kait\u0117": "Q118877036", "Regina Tiedeken": "Q119132251", "Eirin Larsen": "Q119585603", "Julie B\u00e9cotte": "Q120531457", "Blanka Budak": "Q120694053", "Auli Turtiainen": "Q120992163", "Brooke Hagel": "Q121094509", "Gordana An\u0111elkovi\u0107": "Q121269315", "Camille Rabineau": "Q121437609", "Katharina Axelsson": "Q121866543", "Ad\u00e9la\u00efde Gosselin": "Q122157341", "Debi Thibeault": "Q122261793", "Maija Jansone": "Q122312747", "Aija Beata Rjabovska": "Q122351029", "Leesa Evans": "Q122451248", "Maria Norrfors": "Q122740213", "Izabela Stronias": "Q122762218", "Magdalena Bem-Jankowska": "Q122762238", "Charlotte David": "Q122781187", "Charlotte Scheffmann Weber": "Q122832580", "Vesela Dineva": "Q122856111", "Margr\u00e9t Einarsd\u00f3ttir": "Q122949742", "Momirka Bailovi\u0107": "Q122988505", "Aleksandra Kica": "Q123129521", "Ibolya B\u00e1rdosi": "Q123150692", "Kiki Pitta": "Q123181916", "Lamprini Kardara": "Q123182182", "Sanja \u0160eler": "Q123194412", "Boryana Semerdzhieva": "Q123240232", "Nelly Pekareva": "Q123276558", "Kirilka Dobreva": "Q123308107", "Klara Mucci": "Q123354062", "Hj\u00f6rdis Mel\u00e9n": "Q123378019", "Asia Sutiahina": "Q123463357", "Sonia Penna": "Q123466903", "M\u00e1rcia Svartman": "Q123466937", "Katr\u012bna Liepa": "Q123479637", "L\u012bga \u0160ulce": "Q123479638", "Eva Ellen": "Q123499205", "Aakanksha Marwah": "Q123505213", "Karin Fritz": "Q123516466", "Moksha McPherrin": "Q123573669", "Ingrid Rosell": "Q123655526", "Selina Peyer": "Q123675421", "Maja Milisavljevi\u0107": "Q123683829", "Carmen Alie": "Q123741296", "Zolt\u00e1nn\u00e9 Homonnai": "Q123901021", "Murielle Blouin": "Q123901027", "Sabine Keller": "Q123975264", "Sara Edlund": "Q123987577", "Elsa Depardieu": "Q124049751", "Birgitt Kilian": "Q124078413", "Nina von Arx": "Q124129082", "Abigail Murray": "Q124285441", "Carolina Sudati": "Q124310431", "Tatjana Andreeva": "Q124347774", "Milena Milenkovi\u0107": "Q124351828", "Maia Hirvonen": "Q124412325", "Mari Kaarma": "Q124425859", "Emina Ku\u0161an": "Q124445343", "Frauke Firl": "Q124609857", "Kaie Kal": "Q124664777", "Leontien van Beurden": "Q124705200", "Stans Lutz": "Q124705385", "Kiki Miliou": "Q124736147", "Jaleh Falk": "Q124748248", "Judith van Praag": "Q124748647", "Jennifer Green": "Q124767319", "Yasmine Eissa": "Q124814856", "Nell Knudsen": "Q125226671", "\u0397\u03bb\u03ad\u03bd\u03b9\u03b1 \u0394\u03bf\u03c5\u03bb\u03b1\u03b4\u03af\u03c1\u03b7": "Q125537884", "Leida Peekman": "Q125753847", "Maarja Vardja": "Q125755990", "Triada Papadaki": "Q125777005", "Iveta Trmalov\u00e1": "Q126045344", "Helena Tavelov\u00e1": "Q126487278", "Ewa Helman-Szczerbic": "Q126586054", "Anna Filosa": "Q126655366", "Elina Drakou": "Q126871287", "Nad\u011b\u017eda Jir\u00e1skov\u00e1": "Q126890390", "Ana Kala Kova\u010devi\u0107": "Q126946940", "Ieva Juodelyt\u0117": "Q127032102", "Sara Svonni": "Q128351736", "Femina Jabbar": "Q129261618", "Sara Almadani": "Q130237934"}