{"Gabrijela Kor\u017ee": "Q71382408", "Milena \u0160mit": "Q71382646", "Ada Filip-Slivnik": "Q71383500", "Titanilla T\u00f3th": "Q108806692", "Katalin Bozsaky": "Q109480945", "Zsuzsanna Horv\u00e1th": "Q110915195", "Eszter Torda": "Q112237590", "Margaretha Turnor": "Q1858404", "Yekaterina Rumyantseva": "Q15060571", "Genowefa Ogi\u0144ska": "Q62901780", "Harriet Bell Merrill": "Q107580975", "Nadejda Stancioff": "Q12287614", "\u0410\u043d\u0430\u0441\u0442\u0430\u0441\u0438\u044f \u0413\u0430\u043d\u0447\u0435\u0432\u0430": "Q124163960", "Elizabeth MacCallum": "Q56676993", "Margareta Grosvalde": "Q104114123", "Nadezhda Surovtseva": "Q12158812", "Oksana Alexandrovna Tokarevskaya-Karashevich": "Q56026842", "Palma Guill\u00e9n y S\u00e1nchez": "Q1308675", "Elizabeth Howard Armstrong": "Q113519142", "Ida Gyulai": "Q108135814", "Margarete Lenz": "Q100785137", "And\u011bla Man\u010dalov\u00e1": "Q122889472", "Alice Kandalft Cosma": "Q60368031", "Jelisaweta Alexejewna Popowa": "Q60477903", "Christina Vasak": "Q50385805", "Adriana Willemina de Iongh": "Q27925203", "Vanett Lawler": "Q98833891", "Suzanne Charlotte Agassiz": "Q100465988", "Oliva Zald\u00edvar Freyre": "Q87276300", "Susanne Simonis": "Q108813031", "Elisabeth de Lisitzin": "Q123478476", "Maria Witteveen": "Q110777766", "Odette de Carvalho e Souza": "Q15432029", "Ruth Lewis Farkas": "Q106520293", "Fanya Shabshina": "Q21074546", "Johanna Monschein": "Q59530550", "Renate Hochmuth": "Q21027941", "Ellinor von Puttkamer": "Q215269", "Idalia Jury\u015b": "Q113471510", "Veselina Genovska": "Q65224566", "Hu Jibang": "Q9183049", "Dragica Srzenti\u0107": "Q12751126", "Zoya Mironova": "Q4296105", "Lourdes de Vincenzi": "Q90150158", "Marcelle Campana": "Q27788724", "Marija Atanasova Mateeva": "Q120798808", "Annabelle Bucar": "Q16628713", "Charlotte Eppinger": "Q19277274", "\u00c9lisabeth de Miribel": "Q3587936", "Marta Brilej": "Q21193141", "\u041b\u044e\u0431\u043e\u043c\u0443\u0434\u0440\u043e\u0432\u0430, \u0412\u0430\u043b\u0435\u043d\u0442\u0438\u043d\u0430 \u0412\u043b\u0430\u0434\u0438\u043c\u0438\u0440\u043e\u0432\u043d\u0430": "Q112130699", "Hildegund Feilner": "Q88292803", "Hilary King": "Q57891208", "Helene Bourbon": "Q110952553", "Anna Bebrits": "Q63323222", "Aina Nagobads-\u0100bols": "Q50355813", "Marie-Louise Basdevant": "Q55454394", "Vlasta Gregorov\u00e1": "Q95099039", "Marie-Annie Martin-San\u00e9": "Q50842232", "Alwine de Vos van Steenwijk": "Q2620264", "\u05dc\u05d0\u05d4 \u05e4\u05d5\u05e8\u05ea-\u05d2\u05d5\u05e8": "Q30527266", "Simonne Servais": "Q54888967", "Irmgard Sickert": "Q971190", "Theodora van Rossum": "Q84372560", "Barbro Beer": "Q59269342", "Gisela Rheker": "Q27876959", "\u674e\u73e9": "Q85359046", "Carmela Aguilar Ayanz": "Q107636321", "Zhu Youwan": "Q16924796", "Christiane Malitchenko": "Q46902460", "Mamdouha Bobst": "Q22132943", "Nancy Ostrander": "Q112581510", "Linda Tsao Yang": "Q63343020", "Renate Finke-Osiander": "Q1429665", "Kerstin Both\u00e9n": "Q104438183", "Ines Teresa Hortensia Flouret": "Q1662228", "Carmen Yvonne Parris": "Q19818937", "Suzanne Batbedat": "Q65979975", "Lyudmila Gvishiani-Kosygina": "Q90785688", "Ruth Median": "Q94579891", "Betoule Fekkar-Lambiotte": "Q124138030", "\u5f20\u8054": "Q11067582", "Christel Steffler": "Q16937541", "Yvonne Huslid": "Q42317813", "Ethel Wiklund": "Q16616117", "Alice Coseteng": "Q24204636", "Lois Roth": "Q119519807", "\u00c9liane Marie Fr\u00e9d\u00e9rique de Dampierre": "Q75362457", "Galina Naumenko": "Q12132693", "June Hillary": "Q22287131", "Eeva-Kristiina Forsman": "Q16363230", "Mariko Terasaki Miller": "Q11341056", "Li Jinhua": "Q6780193", "\u0421\u0442\u0435\u043b\u0430 \u040f\u0430\u0442\u0440\u0430\u0441": "Q31182058", "Maria Sandra Cordeiro de Mello": "Q93344668", "Annie Marie Sundbom": "Q19977278", "Fiona Clouder": "Q57542902", "Graciela de la Lama": "Q117101821", "Marie-France de Hartingh": "Q98935972", "Soonu Maneck Kochar": "Q20994892", "Danae Coulmas": "Q1159251", "Beate Mo Alveg\u00e5rd": "Q18011413", "Roger Eloy Loayza Saavedra": "Q70253415", "Olga Pellicer": "Q6049844", "Aase Speilberg Danielsen": "Q16188274", "Nelly-Marianne Wannow": "Q16581747", "Juliet D' Campbell": "Q56808630", "Olga Pellicer Silva": "Q2019692", "\u8303\u6167\u5a1f": "Q8246982", "\u738b\u5f04\u7b19": "Q85359009", "Alicja Ci\u0119\u017ckowska": "Q113296442", "Judith Catherine Trotter": "Q104639126", "Louise Croll": "Q56849349", "Midori Matsui": "Q23905260", "\u8c22\u6708\u5a25": "Q67934806", "Vera Pedrosa Mart\u00edns de Almeida": "Q2513353", "Irena Gabor-Jatczak": "Q63169764", "Marianne von Gr\u00fcnigen": "Q93333418", "Miyo Inoue": "Q11373180", "Rose Marie Karpinsky Dodero": "Q16508801", "Judita \u0160toura\u010dov\u00e1": "Q27613965", "Valvi Strikaitien\u0117": "Q12378192", "Nina Klimovna Kovalska": "Q12110995", "Inger Inadomi": "Q17097136", "Agnieszka \u0141obacz": "Q73924308", "Gisela Kaempffe-Sikora": "Q88270880", "Carmen Moreno": "Q65561257", "\u8bb8\u6708\u8377": "Q85358981", "\u4e8e\u83b2\u829d": "Q85358988", "Carmen Moreno Toscano": "Q79349592", "Birgit Storgaard Madsen": "Q105839937", "Mira Haviarova": "Q126009885", "Margaret Rothwell": "Q57596612", "Ursula Anton": "Q110964854", "Sylvia Pauli": "Q30958265", "Eleonora Schmid": "Q63655651", "Sally Slocum": "Q72544265", "Faralalao Rakotoniaina": "Q42317074", "Balq \u0540\u0540is al-Rawi": "Q12199115", "Celina Maria Assump\u00e7\u00e3o do Valle Pereira": "Q95390089", "Licelott Hoffiz de Barrio": "Q1823204", "Antonieta Madrid": "Q598771", "Halina Kobeckait\u0117": "Q541337", "Helga Strachwitz": "Q1602338", "Wiltrud Holik": "Q2582666", "Yolanda Brunetti-Getz": "Q12095907", "Joan Martin-Brown": "Q116726184", "El\u017cbieta Joga\u0142\u0142a": "Q79362180", "Priscilla Williams": "Q126896033", "Valeria Kalmyk": "Q28358724", "Isabelle Renouard": "Q33102429", "Aurora Bern\u00e1ldez": "Q5712082", "\u0391\u03b8\u03b7\u03bd\u03ac \u0391\u03bb\u03b5\u03be\u03ac\u03ba\u03b7": "Q18691879", "Ximena Mart\u00ednez de P\u00e9rez": "Q69526203", "Elwira Kucharska": "Q9253020", "\u7ae0\u9882\u5148": "Q85359030", "Nobuko Matsubara": "Q7460341", "Amanda Mireya Ter\u00e1n Mungu\u00eda": "Q454018", "Rosemary Jane Spencer": "Q96677760", "Josette Dallant": "Q66121782", "Charlotte Rycroft": "Q57628725", "Lina Mikdadi": "Q124254126", "Maria Celina de Azevedo Rodrigues": "Q93344618", "Ida Mo\u010divnik": "Q12073933", "Maria Olsza\u0144ska": "Q80363601", "Madeleine Str\u00f6je-Wilkens": "Q105846388", "Bj\u00f8rg Schondhowd Leite": "Q17101191", "Viera Str\u00e1\u017enick\u00e1": "Q47036129", "Fran\u00e7oise Gaudenzi-Aubier": "Q9263556", "Karin Ehnbom-Palmquist": "Q23014051", "Catherine von Heidenstam": "Q16595110", "Larissa Vladimirovna Pakush": "Q6505776", "Zoya Novozhilova": "Q4323976", "Ute Minke-Koenig": "Q16613078", "Kl\u00e1ra M\u00e9sz\u00e1ros": "Q106507216", "Ana Lucina Garc\u00eda": "Q110271324", "Savitri Kunadi": "Q15446655", "Maritza Pacheco Alp\u00edzar": "Q17578115", "Eva Filipi": "Q21995009", "Elizabeth Roberts": "Q112407963", "Doretta Maria Loschelder": "Q1243911", "Sumru Noyan": "Q6088840", "Elisavet Papazoi": "Q19961808", "Jorunn M\u00e6hlum": "Q17105574", "Ingeborg Christoffersen": "Q12074411", "In\u00e9s Ubici": "Q1671877", "Vit\u00f3ria Alice Cleaver": "Q15853029", "Renate Stille": "Q15842153", "Sara Faingezicht Weisleder": "Q6121736", "Monique Frank": "Q12124462", "Ellen Boneparth": "Q122832054", "Marie-France Pagnier": "Q106740648", "Mar\u00eda de las Mercedes Rico Carabias": "Q6004897", "Karin Blumberger-Sauerteig": "Q1729403", "Jo\u00eblle Bourgois": "Q3187485", "Mayada Bamia": "Q104214637", "Magdalena Tovornik": "Q12795424", "Ana Christina Sol": "Q92067903", "Anna Grupi\u0144ska": "Q9155164", "Mona Ali Hashabah": "Q12124324", "Dagmar Bab\u010danov\u00e1": "Q66424855", "Minou Reeves": "Q112488481", "Leda L\u00facia Martins Camargo": "Q1507833", "Miyoko Akashi": "Q1940950", "Ren\u00e9e Veyret": "Q76945059", "H\u00fcner Tuncer": "Q20470631", "Pascoela Barreto": "Q23903178", "Wanda Krystyna Kali\u0144ska": "Q65950077", "Ingunn Klepsvik": "Q11977274", "Vera L\u00facia Machado": "Q2513347", "Adrienne K\u00f6rmendy": "Q63676176", "Jutta Stefan-Bastl": "Q1613990", "Shyamala Balasubramanian Cowsik": "Q21480561", "Diana Skingle": "Q57593376", "Eleonora H\u00fcseynova": "Q61122673", "\u0130nci T\u00fcmay": "Q31189457", "\u8c22\u4fca\u5e73": "Q67935650", "Puti Reno Oesman": "Q19731295", "Stanislava Wanatowiczov\u00e1 Barto\u0161ov\u00e1": "Q95139998", "Marie-Christine Prost": "Q105724409", "Irene Hinrichsen": "Q1672518", "Janne Julsrud": "Q17098663", "Chantal de Ghaisne de Bourmont": "Q119966768", "Fran\u00e7oise Mayli\u00e9": "Q109643143", "Anne Gazeau-Secret": "Q33262364", "Birgen Ke\u015fo\u011flu": "Q6030059", "Sara Nieto": "Q6121758", "In\u00e9s Arg\u00fcelles": "Q21009594", "Ann Grant": "Q57893266", "Ingrid Apelbaum Pidoux": "Q93210306", "Maria Grazia Bistoni Grilli Cicilioni": "Q21542985", "Chantal Poiret": "Q25538926", "Margo Waterval": "Q125256503", "Doris Hertrampf": "Q1245174", "Sheila Violet Makate Sisulu": "Q92055489", "Carmenza Jaramillo": "Q102007277", "Laura Mirachian": "Q3827813", "Brit L\u00f8vseth": "Q11962303", "Anna Vel\u0113da \u017d\u012bgure": "Q5361215", "Caroline Elmes": "Q56822840", "Mar\u00eda Teresa Daurella de Nadal": "Q6004650", "Grete Tartler": "Q7069599", "V\u00e9ronique Bujon-Barr\u00e9": "Q54322876", "Krinka Vidakovi\u0107-Petrov": "Q109916755", "Ingrid Hjelt af Trolle": "Q4954186", "Ren Xiaoping": "Q9103021", "Ruth Jacoby": "Q4956151", "Maria-Theresa Lazaro": "Q94788929", "Barbara Ischinger": "Q807479", "Ulla Gudmundson": "Q116627456", "Edwige Belliard": "Q33105022", "Eva Rygh": "Q83145114", "Hana Havlov\u00e1": "Q112548852", "Dra Nining Suningsih Rochadiat": "Q12102245", "Kirsi Tykkyl\u00e4inen": "Q55393928", "Farida Jaidi": "Q63967777", "Ana Lucy Gentil Cabral Petersen": "Q91026607", "Marija Adanja": "Q105918282", "Inga Eriksson Fogh": "Q4946978", "Mar\u00eda Fernanda Ca\u00f1\u00e1s": "Q19818188", "Luz Mar\u00eda de la Mora": "Q20745330", "Felicidade de Sousa Guterres": "Q24623115", "Marina Ribeiro Alkatiri": "Q25894431", "Patchanee Kithavorn": "Q27915555", "Karin Proidl": "Q28024220", "Evelyn Austria-Garcia": "Q28869770", "Susanne Sch\u00fctz": "Q30023851", "Fr\u00e9d\u00e9rique de Man": "Q49841506", "Violaine de Villemeur": "Q50693766", "Daw Ei Ei Khin Aye": "Q55127889", "Anne Konat\u00e9": "Q56329769", "Ma\u0142gorzata Gali\u0144ska-Tomaszewska": "Q56340195", "Chitra Devi Ramiah": "Q56490324", "Diane Haylock": "Q57080142", "Lise Filiatrault": "Q60602055", "Joanna Skoczek": "Q60613160", "Justyna Lewa\u0144ska": "Q60613188", "Heidi Grau": "Q61596128", "Minerva Jean Falcon": "Q61742379", "Maria Jos\u00e9 da Fonseca Monteiro de Jesus": "Q61751121", "Izabella Wo\u0142\u0142ejko-Chwastowicz": "Q61944259", "Tania Freiin von Uslar-Gleichen": "Q64008822", "Thuthukile Skweyiya": "Q64910000", "Ruth Sowe": "Q66312358", "Beata Podg\u00f3rska": "Q88047340", "Marta Olkowska": "Q90917950", "Renata Dur\u00e1n": "Q112510004", "Elda Beatriz Sanpietro": "Q2691727", "Laura Reinil\u00e4": "Q12117194", "Rajmah Hussain": "Q20125542", "Cong Jun": "Q67935647", "Maria da Gra\u00e7a Nunes Carrion": "Q95718102", "Ingrid R. Ofstad": "Q11977263", "Cl\u00e9mentine Shakembo Kamanga": "Q94994148", "Malin K\u00e4rre": "Q18243531", "Nina Mazay": "Q13031823", "Dragoljuba Ben\u010dina": "Q17402379", "Kazumi Suzuki": "Q6146730", "Sandra Fuentes-Berain Villenave": "Q2889741", "Lyudmila Chekalenko": "Q12169261", "Barbara Kondrat": "Q9165438", "Guro Katharina Vik\u00f8r": "Q11973395", "Darja Lavti\u017ear Bebler": "Q18507860", "Lidi Remmelzwaal": "Q20873851", "Silvia Sol\u00f3rzano Foppa": "Q117829138", "Rachel Aron": "Q56867536", "Randa Nabulsi": "Q104214649", "Beatrice Welters": "Q112035793", "Gudrun Steinacker": "Q1553154", "Tove Skarstein": "Q12007240", "Sissel Hodne Steen": "Q83700990", "Jana Kotov\u00e1": "Q107317094", "Nadia Raveles": "Q106831428", "Carolina Ilica": "Q12723476", "Cathrine L\u00f8chst\u00f8er": "Q11963291", "Fran\u00e7oise Bourolleau": "Q110765796", "Mar\u00eda Jes\u00fas Figa": "Q6003970", "Oumama Aouad Lahrech": "Q16010718", "B\u00e9rang\u00e8re Quincy": "Q2929964", "B\u00e9n\u00e9dicte Frankinet": "Q107331259", "Tetjana Sajenko": "Q2803026", "Anne-Marie Schleich": "Q15441192", "Christine Stevens": "Q105839462", "Eliana Zugaib": "Q93344670", "Liu Yuqin": "Q8990515", "Phong Ly-Batallan": "Q62574731", "Kazuko Shiraishi": "Q17350004", "Victoria Popescu": "Q9368654", "L\u00edgia Maria Scherer": "Q15638377", "Lieselore Cyrus": "Q1824298", "Kirsten Malling Biering": "Q12321966", "\u0411\u043e\u043b\u0436\u0443\u0440\u043e\u0432\u0430 \u0418\u0448\u0435\u043d\u043a\u04af\u043b \u0421\u0430\u0434\u044b\u043a\u043e\u0432\u043d\u0430": "Q25573637", "Miriam Morales": "Q6018186", "Lila Roldan Vaskes de Muan": "Q12119667", "Susan Hogwood": "Q56872557", "Rita Rahman": "Q112478145", "Hannie Pollmann-Zaal": "Q1576160", "Gao Jian": "Q3436112", "Tr\u00ecnh Qu\u1ed1c B\u00ecnh": "Q8464550", "\u5f20\u91d1\u51e4": "Q67934803", "Maria Elisa Te\u00f3filo de Luna": "Q93344664", "Anamar\u00eda Di\u00e9guez Ar\u00e9valo": "Q485422", "Anne Kristin Lund": "Q84589844", "Valerie Caton": "Q7911252", "Leoni Cuelenaere": "Q49645917", "Asunci\u00f3n Ansorena": "Q21428208", "Ginette de Matha": "Q33214970", "Helle Klem": "Q84674347", "Maria Stela Pompeu Brasil Frota": "Q94136234", "Nicole Michelangeli": "Q119972157", "Ba Hawa Keita": "Q100250433", "Mar\u00eda del Carmen de la Pe\u00f1a Corcuera": "Q5490255", "Eleanor Fuller": "Q57578333", "Sa\u00efda Chtioui": "Q3474846", "\u9648\u4e43\u6e05": "Q9438905", "Merlin Udho": "Q48955373", "Yoko Yanagisawa": "Q57887806", "Annelies Boogaerdt": "Q2207263", "Marcela Maria Nicodemos": "Q93344867", "Anne Durufl\u00e9": "Q28819333", "Mina Tunsi": "Q56795041", "Alena Hrytsenka": "Q3918894", "Mitzi Gurgel Valente da Costa": "Q94135971", "Martine Dorance": "Q33182132", "Jutta Wolke": "Q1288901", "Traor\u00e9 Rokiatou Guikin\u00e9": "Q3538029", "Maria Cristina Serpa de Almeida": "Q30958467", "Dorothee Janetzke-Wenzel": "Q1250209", "Rosa Margarita Hern\u00e1ndez Caama\u00f1o de Grull\u00f3n": "Q48425210", "Siri Ellen Sletner": "Q83700622", "Catherine Laurent": "Q41986048", "Kirsti Westphalen": "Q20254210", "Emmanuelle d'Achon": "Q33109245", "Angelika Renate Storz-Chakarji": "Q534556", "Columba Calvo": "Q5778044", "Liora Herzl": "Q11984177", "Soumar\u00e9 Aminata Sidib\u00e9": "Q100233791", "Ulrike Maria Knotz": "Q2477391", "Xu Jinghu": "Q16924992", "Sonia Dur\u00e1n Smela": "Q55387676", "Attiya Mahmood": "Q61962960", "\u738b\u6653\u6e21": "Q85359064", "Dominique Gazuy": "Q50917703", "Tswelopele Cornelia Moremi": "Q94701120", "Roberta Lajous": "Q58365077", "Mar\u00eda Isabel Vicandi Plaza": "Q5689618", "Maryse Bossi\u00e8re": "Q30302551", "Alicia Elvira Corredera Morales": "Q66421220", "Princess Anne of Ligne": "Q75294654", "Mar\u00eda Luisa Beatriz L\u00f3pez Gargallo": "Q30958557", "Elena \u0218tefoi": "Q12727511", "Kuni Sat\u014d": "Q17158997", "Veronika Bard": "Q124378502", "Mar\u00eda Soledad Fuentes G\u00f3mez": "Q6004600", "Brita Wagener": "Q918023", "Katia Godinho Gilaberte": "Q94136188", "Carmen L\u00eddia Richter Ribeiro Moura": "Q93344676", "Vesna Cvjetkovic": "Q60602096", "Joy Elfreda Wheeler": "Q1710000", "Lise Kleven Grevstad": "Q12368893", "Birgitta Maria Siefker-Eberle": "Q865385", "Izolda Bri\u010dkovskien\u0117": "Q20503264", "Mar\u00eda de las Mercedes Baptista y Guevara": "Q109469370", "Gudrun Sr\u00e4ga": "Q1415507", "Annika Rembe": "Q4974440", "\u694a\u71d5\u6021": "Q9080799", "\u9a6c\u514b\u537f": "Q9375594", "Dicle Kopuz": "Q40319520", "\u674e\u71d5\u7aef": "Q85359001", "Sylvaine Carta-Le Vert": "Q56220898", "V\u011bra Je\u0159\u00e1bkov\u00e1": "Q95076759", "Anne Vidal de La Blache": "Q61651639", "Vera C\u00edntia \u00c1lvarez": "Q93344649", "Mariko Fujii": "Q57887833", "Pascale Andr\u00e9ani": "Q33168069", "Elin \u00d8steb\u00f8 Johansen": "Q17097914", "V\u00e9ronique Brumeaux": "Q50364736", "Yasmine Gouedard": "Q50694727", "Verena Roedern": "Q2515252", "Christine Moro": "Q31189796", "Elizabeth Y.F. Chu": "Q117844362", "Guri Rusten": "Q84144801", "Ellen Berends": "Q20948823", "Maria Laura da Rocha": "Q15833883", "Mette Masst": "Q84674390", "Anna Niewiadomska": "Q59388416", "Ursula Barrow": "Q86003778", "Carola M\u00fcller-Holtkemper": "Q1044242", "Liu Xianghua": "Q10897215", "Malle Talvet-Mustonen": "Q12369610", "Anne Herkes": "Q565398", "Banashri Bose Harrison": "Q19976784", "Gra\u017cyna Sikorska": "Q56340098", "Merike Kokajev": "Q106091514", "\u042f\u043d\u0430 \u0417\u0456\u043a\u043c\u0443\u043d\u0434\u043e\u0432\u0430": "Q12173704", "\u5218\u83f2": "Q85359072", "Mar\u00eda Jes\u00fas Alonso Jim\u00e9nez": "Q115484655", "Rosaura Leonora Rueda Guti\u00e9rrez": "Q58437288", "Maria Clara Duclos Carisio": "Q92624758", "Rosemary Sharpe": "Q106379518", "Linda Cross": "Q56849355", "Irene Giner-Reichl": "Q105794499", "Noriko Iki": "Q17349671", "Mark\u00e9ta Fialkov\u00e1": "Q462435", "Jacqueline Bassa-Mazzoni": "Q28033557", "Gint\u0117 Damu\u0161yt\u0117": "Q11243701", "Brigitte Oppinger-Walchshofer": "Q916558", "Catherine Crosnier": "Q62847443", "Maryse Daviet": "Q55618834", "Mira Martinec": "Q114185901", "Mich\u00e8le Ramis": "Q33108571", "Kirsten Geelan": "Q65508696", "Christine Robichon": "Q33232520", "Kari Maren Bj\u00f8rnsgaard": "Q83145048", "Mar\u00eda Teresa Mercado P\u00e9rez": "Q95048543", "Corinne Brunon-Meunier": "Q50690126", "Ay\u015fe Ayhan Asya": "Q17430505", "Grete L\u00f8chen": "Q84674386", "Berenice Rend\u00f3n Talavera": "Q58365010", "\u0406\u0436\u0435\u0432\u0441\u044c\u043a\u0430 \u0422\u0435\u0442\u044f\u043d\u0430 \u0406\u0432\u0430\u043d\u0456\u0432\u043d\u0430": "Q12073978", "Mich\u00e8le Boccoz": "Q33103194", "Siren Gjerme Eriksen": "Q12000607", "Jutta Schmitz": "Q18223934", "Dolana Faith Msimang": "Q21014243", "Manimekalai Murugesan": "Q23304189", "Suna \u00c7okg\u00fcr Il\u0131cak": "Q40319351", "Vincenza Lomonaco": "Q47501621", "Sandra Tyler-Haywood": "Q56811028", "Vivien Life": "Q56872427", "Gudrun Graf": "Q1553087", "Berenice Randon Talaver": "Q12082221", "Pilvi-Sisko Vierros-Villeneuve": "Q29419314", "Marie Andersson de Frutos": "Q60312226", "M\u00f4nica de Veyrac": "Q110787042", "\u00c1ngela Montoya Holgu\u00edn": "Q114780220", "Aurora D\u00edaz-Rato Revuelta": "Q5712097", "Agnieszka Magdziak-Miszewska": "Q9142355", "Odile Roussel": "Q119372361", "Anna Wypych-Namiotko": "Q55392685", "Elisabeth Dahlin": "Q4944013", "El\u017cbieta Sob\u00f3tka": "Q60613190", "Mar\u00eda Guadalupe S\u00e1nchez Salazar": "Q58365024", "Mara Marinaki": "Q51297433", "\u00c9velyne Decorps": "Q33848903", "Sedia Massaquoi Bangoura": "Q1519588", "Nongnuth Phetcharatana": "Q83441701", "Elisabeth Roderburg": "Q84674465", "Odile Remik-Adim": "Q3349250", "Aud Kolberg": "Q66828286", "Brigitte Collet": "Q33102066", "Brigitte Curmi": "Q48448126", "Niniek Kun Naryatie": "Q111197873", "Izumi Seki": "Q116936427", "Ang\u00e9lica Arce": "Q58365004", "Chryssoula Aliferi": "Q20000148", "Germine Poppeller": "Q20069314", "Riitta Korpivaara": "Q29419301", "Misako Kaji": "Q47582762", "Tswiwa Trudie Amulungu": "Q60594439", "Glenda Gauci": "Q96094634", "Marta Betanzos Roig": "Q110394063", "Heidrun Tempel": "Q16368606", "Erdo\u011fan K\u00f6k": "Q47501634", "Kae Yanagisawa": "Q57887846", "Martina Nibbeling-Wrie\u00dfnig": "Q74385937", "Ewa Polano": "Q4973171", "Kornelija Jurgaitien\u0117": "Q12661162", "Tiina Jortikka-Laitinen": "Q59915186", "Anunciada Fern\u00e1ndez de C\u00f3rdova": "Q5700629", "Tove Bruvik Westberg": "Q109657945", "Tatyana Dmitrievna Valovaya": "Q28497116", "Kunzang Yuthok": "Q3200494", "H\u1ed3 \u0110\u1eafc Minh Nguy\u1ec7t": "Q12167395", "Margit Hellwig-B\u00f6tte": "Q1895293", "Carolina Zaragoza Flores": "Q58365002", "Jo\u00eblle Rayet": "Q114372488", "Helena Bambasov\u00e1": "Q66368474", "Sidsel Bleken": "Q84672535", "Blanca Elena Jim\u00e9nez Cisneros": "Q16538002", "Andrea Reidy": "Q57596669", "Silvia Iranzo": "Q6128558", "Gea Rennel": "Q24545701", "Mar\u00eda Bassols Delgado": "Q6003421", "Florence Mangin": "Q33186421", "Fatoumata Kaba": "Q84731891", "Cecilia Bj\u00f6rner": "Q102374991", "Violeta Motulait\u0117": "Q9368856", "Anna A. Kao": "Q19825871", "Deng Ying": "Q65010076", "Margret Uebber": "Q74385982", "Eug\u00eania Barthelmess": "Q95718110", "Wanja Campos da N\u00f3brega": "Q93344660", "Balbina Malheiros Dias da Silva": "Q110870723", "Halyna Horokhovska": "Q44056845", "\u0412\u0430\u0441\u0438\u043b\u044c\u0454\u0432\u0430 \u041e\u043a\u0441\u0430\u043d\u0430 \u042e\u0440\u0456\u0457\u0432\u043d\u0430": "Q97180775", "Alicia Kerber Palma": "Q58364555", "Catherine Koika": "Q106214245", "Joanna Stempi\u0144ska": "Q11727531", "Jocelyne Caballero": "Q119723568", "Hege Araldsen": "Q83709983", "Lironne Bar-Sade": "Q84033407", "Jacqueline Barson": "Q57085025", "Raisa Vartanyan": "Q21212981", "Marie-Christine Butel": "Q100271704", "Carole Crofts": "Q56849348", "Zorica Tomi\u0107": "Q11228363", "Susanne Rumohr H\u00e6kkerup": "Q16065207", "Marie-Annick Bourdin": "Q33285073", "Gabriela Linda Guellil": "Q1489971", "Florence Robine": "Q64821757", "Laurence Auer": "Q22691211", "F\u00e9licit\u00e9 Ongouori Ngoubili": "Q111718158", "Luz Elena Ba\u00f1os Rivas": "Q58365022", "Beatriz Larrotcha Palma": "Q57416889", "Laura Kakko": "Q17381388", "Hege Hertzberg": "Q17096663", "Mar\u00eda de los \u00c1ngeles Arriola Aguirre": "Q58436283", "Trine Skymoen": "Q17107462", "Han\u0101\u02bc Ab\u016b Rama\u1e0d\u0101n": "Q125213773", "\u00c5se E. Bjerke": "Q16175488", "Katarzyna Sk\u00f3rzy\u0144ska": "Q392925", "Corinne Breuz\u00e9": "Q25176077", "Isabel Rauscher": "Q22351138", "Rita Hern\u00e1ndez Bola\u00f1os": "Q6109127", "Aylin Ta\u015fhan": "Q19835029", "Ute K\u00f6nig": "Q23059431", "\u0410\u043f\u043f\u043e\u043b\u043e\u043d\u0456\u044f \u0421\u0456\u043c\u0431\u0456\u0437\u0456": "Q97170372", "Fran\u00e7oise Gustin": "Q105824433", "Metka Lajn\u0161\u010dek": "Q109473356", "Ivana Mag\u00e1tov\u00e1": "Q112481948", "Anne Vasara": "Q29419299", "Keiko Tanaka": "Q52014637", "Martina Klumpp": "Q104886759", "Marie Imbrov\u00e1": "Q28850282", "Kikuko Kato": "Q124086388", "Claire Ligni\u00e8res-Counathe": "Q56220959", "Torun Dramdal": "Q107226791", "Andrea Wicke": "Q22951383", "Rasa Kairien\u0117": "Q12670948", "Joanne Doornewaard": "Q63958866", "Marin M\u00f5ttus": "Q31294310", "Yoshie Nakatani": "Q73111884", "Bettina Cadenbach": "Q20752036", "Kshenuka Senewiratne": "Q91929233", "Mar\u00eda Victoria Gonz\u00e1lez Rom\u00e1n": "Q116025412", "Eliana da Costa e Silva Puglia": "Q93344684", "Marion Paradas": "Q33106384", "Emanuela D'Alessandro": "Q107272918", "Andrea Reichlin": "Q108612211", "J\u016brat\u0117 Raguckien\u0117": "Q16454717", "Renate Kobler": "Q23011380", "Alice Cawte": "Q56533023", "Helen Horn": "Q57833829", "Claudia Franco Hijuelos": "Q58431956", "Line Leon-Pernet": "Q77234571", "Elisabeth von Capeller": "Q93641128", "Michaela Spaeth": "Q102830972", "Maimo Henriksson": "Q105492532", "Janina H\u0159eb\u00ed\u010dkov\u00e1": "Q112391073", "Stella Avallone": "Q112506706", "Xu Erwen": "Q67934686", "Olga Beatriz Garc\u00eda Guill\u00e9n": "Q58365207", "Tina Redshaw": "Q57628871", "\u041b\u0443\u0456\u0441 \u0410\u043b\u044c\u0431\u0435\u0440\u0442\u043e \u041c\u043e\u043b\u0456\u043d\u0430 \u041a\u0443\u0430\u0434\u0440\u0430": "Q12119055", "Daad Sharab": "Q122346885", "Er\u00e9ndira Araceli Paz Campos": "Q1320865", "Irene Maria Plank": "Q117824590", "Ruth Adler": "Q87071109", "Astrid N\u00e6rum": "Q105063587", "Pia Rantala-Engberg": "Q29419315", "Marisol Ag\u00fcero Colunga": "Q5999336", "Cristina Latorre Sancho": "Q107584670", "Karima Benyaich": "Q54834223", "Roser Clavell Soldevila": "Q74813814", "Chea Kimtha": "Q72069197", "Maya Dobreva": "Q106506142", "Beate Stir\u00f8": "Q26720554", "Elizabeth Afua Benneh": "Q111441925", "Agn\u00e8s Cukierman": "Q98843066", "Agn\u00e8s Derlich-Cukierman": "Q119042195", "B\u00e9atrice Le Fraper du Hellen": "Q50365159", "Patricia Endang Sri Agustini": "Q114554112", "Takako Ito": "Q56253321", "Joanna Strzelczyk": "Q16563342", "Christine Roger": "Q33188386", "Ariadne Elizabeth Singares Robinson": "Q91930010", "Irene Vida Gala": "Q93344656", "Anne Sipil\u00e4inen": "Q88895028", "Ana Mar\u00eda Salom\u00f3n P\u00e9rez": "Q5673962", "Baktygul Kalambekova": "Q91918916", "Agn\u00e8s Romatet-Espagne": "Q114867920", "Tone Tinnes": "Q83146832", "Maria Manuela Lucas": "Q111904379", "Mari Sk\u00e5re": "Q42330857", "Siri Beate Barry": "Q105359157", "Julia Alicia Olmo y Romero": "Q117848510", "Anna Jankovic": "Q106319945", "Aminatou Gaoh": "Q19275049", "Sarah Dickson": "Q124254909", "Veronika Stabej": "Q71383093", "Cristina Carrillo de Albornoz Fisac": "Q112523361", "Heike Thiele": "Q124744474", "Sabine Taufmann": "Q2209933", "Tong Xiaoling": "Q10886869", "Lamia \u015eakkur": "Q47501608", "\u90ed\u73ae": "Q67935498", "Gliv\u00e2nia Maria de Oliveira": "Q91026054", "Sara Vald\u00e9s Bola\u00f1o": "Q58365007", "Kristen F. Bauer": "Q12492603", "Rumiko Ishigami": "Q125416692", "Argita Daudze": "Q12078964", "Franziska Honsowitz-Friessnigg": "Q111293561", "Delphine Borione": "Q3021807", "Osvalda Joana": "Q111904353", "\u6768\u5c0f\u8338": "Q67935387", "Ina Lepel": "Q21685313", "Oksana Sliusarenko": "Q4424155", "Vesna Borozan": "Q17431665", "Annette Klein": "Q566617", "Katja Nordgaard": "Q109649904", "Tomiko Ichikawa": "Q125417105", "Ines Coppoolse": "Q22679023", "Ingrid Mollestad": "Q84674393", "Silvia Josefina Cort\u00e9s Mart\u00edn": "Q28122660", "Olga Daribogova": "Q20066736", "Lucretia Redan": "Q42910936", "Cristina D\u00edaz Fern\u00e1ndez-Gil": "Q5791446", "Hyuha Samali Dorothy": "Q111082697", "Maria Margarete Gosse": "Q113925806", "Kristin Iglum": "Q84674328", "Mette Knudsen": "Q36182835", "Astrid Emilie Helle": "Q106399021", "Barbara Wolf": "Q98959584", "Karen Wolstenholme": "Q16194875", "Fatoumata Bald\u00e9": "Q93771183", "Kl\u00e1ra Breuer": "Q106731182", "Elena Madrazo": "Q5829202", "Cecile El Beleidi": "Q106379517", "V\u00e9ronique Vouland-Aneini": "Q50692868", "Liu Yaming": "Q111723610", "Nellie Munin": "Q22661451", "Phen Savny": "Q101200087", "Theresa Bubbear": "Q36218128", "C\u00e9cile Long\u00e9": "Q50364347", "Esen Altu\u011f": "Q31189557", "Catherine Royle": "Q57596638", "Patricia Phillips": "Q57817629", "Julia Monar": "Q77967307", "Yasmine Chatila Zwahlen": "Q93514209", "Togszhargalyn Gandhi": "Q108404060", "P\u00e4ivi Kaukoranta": "Q113554987", "Mar Fern\u00e1ndez-Palacios": "Q115770476", "Julia Gross": "Q116047605", "Zsuzsa Breier": "Q227372", "Annika Molin Hellgren": "Q4936236", "Mitsuko Shino": "Q17686679", "Anna Raduchowska-Brochwicz": "Q56340496", "\u738b\u514b": "Q67935510", "Monika Iwersen": "Q75584499", "Kenza El Ghali": "Q110943065", "Yanerit Morgan": "Q58365005", "Heike Renate Peitsch": "Q1594564", "Ana Paredes Prieto": "Q115785788", "Anna Block Mazoyer": "Q69566573", "Natalia Bry\u017cko-Zap\u00f3r": "Q66783497", "Catherine Suard": "Q54733260", "Setsuko Kawahara": "Q114983410", "Anne Schmidt-Riou": "Q100166410", "Mercedes Alonso Frayle": "Q120378319", "Shen Peili": "Q60995054", "Ivana Grollov\u00e1": "Q20851161", "Francisca M\u00e9ndez": "Q58365001", "Kjersti R\u00f8dsmoen": "Q84143837", "Melitta Schubert": "Q110016330", "Akiko Shikata": "Q125020515", "Virginie Corteval": "Q64626695", "Armine K. Hovannisian": "Q62571088", "Merete Fjeld Brattested": "Q84589987", "Katharina Wieser": "Q124261366", "Annett G\u00fcnther": "Q566488", "Nguy\u1ec5n Ph\u01b0\u01a1ng Nga": "Q10799401", "Jainaba Bah": "Q60438884", "Piotr Konowrocki": "Q56368812", "Muriel Soret": "Q100271534", "Karin Boven": "Q62076477", "Koviljka \u0160piri\u0107": "Q96655699", "M\u00e1rcia Maro da Silva": "Q93344776", "Marion Yvonne Petra Weichelt": "Q60594437", "Bel\u00e9n Alfaro Hern\u00e1ndez": "Q108785373", "Maaike van Koldam": "Q112661852", "Ou Jianhong": "Q60993118", "Elita Kuzma": "Q95225928", "Christine Toudic": "Q50693391", "Lyudmila Vorobieva": "Q63075648", "Zohra Rasekh": "Q9391936", "Harriet Elisabeth Berg": "Q11974355", "Liliana Ferrer Silva": "Q58365049", "Teresa Orjales Vidal": "Q29002705", "P\u00e4ivi Maarit Laine": "Q64977813", "Marie Masdupuy": "Q50692215", "Isabelle Miscot": "Q110952610", "Pirjo Tulokas": "Q16708319", "Mabel G\u00f3mez Oliver": "Q58365089", "Zakari Larai Mohammed": "Q126748800", "Merete Lundemo": "Q17102435", "V\u00e9ronique Roger-Lacan": "Q33120862", "Alison Blackburne": "Q56808503", "Inga Nyhamar": "Q109645956", "Rosemary Thomas": "Q7368439", "Patrizianna Sparacino-Thiellay": "Q33112140", "Dewi Gustina Tobing": "Q114243819", "Mar\u00eda del Carmen D\u00edez Orejas": "Q6004937", "Mar\u00eda Celsa Nu\u00f1o Garc\u00eda": "Q6003518", "Hilde Svartdal Lunde": "Q105071168", "Christiane Hohmann": "Q30242338", "Elisabeth Ellison-Kramer": "Q47068171", "Liliane Massala": "Q107583829", "Carmen Buj\u00e1n Freire": "Q5752465", "Emilia Kraleva": "Q26737772", "Carole Aciman": "Q107465268", "Olga Cabarga G\u00f3mez": "Q6049793", "Sylvie Tabesse": "Q24027399", "Marzena Ewa Krajewska": "Q111603642", "Mar\u00eda Cristina P\u00e9rez Guti\u00e9rrez": "Q128195599", "Katri Viinikka": "Q29419242", "Aydan Yamancan": "Q31192044", "Lorena Larios Rodr\u00edguez": "Q58365241", "Yu Hong": "Q67934760", "\u674e\u5ca9": "Q67935259", "Charlotta Sparre": "Q4979788", "Marcela Celorio": "Q58365025", "Susanne Baumann": "Q106466456", "Eva Felicia Mart\u00ednez S\u00e1nchez": "Q115972844", "Alicia Buenrostro Massieu": "Q54858128", "Catherine Inglehearn": "Q59258402", "Nicola Clase": "Q4943034", "Angela Ganninger": "Q76126542", "Marta Kos": "Q71383312", "Gesa Br\u00e4utigam": "Q76459063", "Cristina Fraile Jimenez de Munana": "Q113801798", "Alicia Rico": "Q126289554", "Lisbet Zilmer-Johns": "Q123460428", "Ma\u0142gorzata Kasner": "Q83631891", "Esther Monterrubio Villar": "Q110736785", "Doris Danler": "Q23010791", "Sarah Price": "Q57892369", "V\u00e9ronique Hulmann": "Q93516068", "Krystyna Marty": "Q106824300", "Nata\u0161a Vodu\u0161ek": "Q109417143", "Ljiljana Nik\u0161i\u0107": "Q112540753", "Susana Margarita C\u00e1mara \u00c1ngulo": "Q117706067", "Mar\u00eda Dolores R\u00edos Peset": "Q120973956", "Terri Sarch": "Q124254849", "Amna Baloch": "Q124510828", "Lebibe G\u00fclhan Ulutekin": "Q31189968", "Marianne Fosland": "Q62656116", "Asako Toyoda": "Q66828557", "Kelly T. Clements": "Q96738836", "Gra\u017cyna \u017bebrowska": "Q105662249", "Judith Farnworth": "Q6303385", "Sabine Bloch": "Q22704798", "Catherine Veber": "Q62888475", "Anne Lene Dale Sandsten": "Q11958278", "Charlotte Slente": "Q106540899", "Zsuzsanna R\u00e9p\u00e1s": "Q116957691", "Agn\u00e8s Vonder M\u00fchll": "Q119041756", "Unni Kl\u00f8vstad": "Q84674354", "Siv Kaspersen": "Q84674334", "Rigmor Elianne Koti": "Q123697133", "Kristin Sverdrup": "Q84674536", "Natacha D\u00edaz Aguilera": "Q65211499", "Lourdes Mel\u00e9ndez Garc\u00eda": "Q5648598", "Ksenija \u0160krilec": "Q94583814", "Lene Natasha Lind": "Q86684649", "Helene Sand Andresen": "Q83700993", "Claudia Scherer-Effosse": "Q50691011", "Elisabeth Kornfeind": "Q64214540", "Carmen Cano de Lasala": "Q124036386", "Maria Ligor": "Q25931381", "Hayriye Kuma\u015fc\u0131o\u011flu": "Q47501559", "Reyna Torres Mendivil": "Q58373389", "Yoshiko Kijima": "Q125125758", "Silvia Davidoiu": "Q1558236", "Yang Xian": "Q114221503", "Kairi K\u00fcnka": "Q129059652", "Anke Holstein": "Q75041795", "Kate\u0159ina Fialkov\u00e1": "Q122221834", "\u0420\u0443\u0441\u0430\u043b\u0456\u043d\u0430 \u041b\u044e\u0434\u043c\u0438\u043b\u0430 \u0412\u043e\u043b\u043e\u0434\u0438\u043c\u0438\u0440\u0456\u0432\u043d\u0430": "Q65201170", "Hilde Haraldstad": "Q83144973", "Ewa D\u0119bska": "Q56256063", "Anne Grillo": "Q33287636", "Anca Ileana Ilinoiu": "Q12720612", "Siv Leng Chhuor": "Q73413374", "Kim Hyo-eun": "Q60587517", "Tine M\u00f8rch Smith": "Q129180978", "Sophie Aubert": "Q33110559", "Mariam John L. Njie": "Q113569864", "Trude M\u00e5seide": "Q84674403", "Elinor Hammarskj\u00f6ld": "Q4952402", "Siri Walt": "Q102832916", "Claudia Canjura de Centeno": "Q61112482", "Signe Brudeset": "Q84674267", "Katalin T\u00f3th": "Q81566176", "Ba\u015fak T\u00fcrko\u011flu": "Q19835276", "Linda Sobeh": "Q28530835", "Louise De Sousa": "Q57890420", "P\u00e4ivi Peltokoski": "Q102250790", "Stefanie Seedig": "Q110865680", "Dagmara Lukovi\u0107": "Q113483081", "Mar\u00eda Teresa Lizaranzu Perinat": "Q115628102", "Andrea Rauber Saxer": "Q73904961", "Kristi Karelsohn": "Q61111275", "\u041f\u043e\u043b\u044c\u043e\u0432\u0430 \u0410\u043b\u043b\u0430 \u0412\u0430\u043b\u0435\u043d\u0442\u0438\u043d\u0456\u0432\u043d\u0430": "Q23658358", "Mar\u00eda Clara Girbau Ronda": "Q125301428", "Yeshika Crespo": "Q116999632", "Susanne Christina Hyldelund": "Q114765038", "Louise Stanton": "Q16201391", "Nguyen Thi Bich Thao": "Q108805658", "Pauline Eizema": "Q112661476", "Laila Hilde Stengseng": "Q107226785", "Anniken Ramberg Krutnes": "Q567175", "Naomi Ayodele Joof Williams": "Q113588079", "Anke Reiffenstuel": "Q76142375", "Deike Potzel": "Q75568657", "Jennifer Anderson": "Q19870683", "\u041d\u0430\u0442\u0430\u043b\u0438\u0458\u0430 \u0417\u0430\u0434\u043e\u0440\u043e\u0436\u045a\u0443\u043a": "Q61116613", "Ina Hagniningtyas Krisnamurthi": "Q114243818", "Berenice D\u00edaz Ceballos": "Q58365028", "Janne J\u00f5esaar-Ruusalu": "Q108917402", "Miriam \u00c1lvarez de la Rosa Rodr\u00edguez": "Q118958512", "Helen Eduards": "Q4945760", "Leni Stenseth": "Q83883135", "\u0420\u0438\u043c\u0430 \u0410\u0440\u0441\u043b\u0430\u043d": "Q84725064", "May-Elin Stener": "Q84674505", "Laurence Haguenauer": "Q107349526", "Barbara \u017dvokelj": "Q66686199", "Bernadette Kl\u00f6sch": "Q127785681", "Sandrine Mouchet": "Q120498875", "Florence Ferrari": "Q56221006", "Rita Adam": "Q73927015", "Ester Lauferov\u00e1": "Q125546820", "Sigrid Berka": "Q91659224", "Mar\u00eda Elena G\u00f3mez Castro": "Q121746873", "Alessandra Schiavo": "Q56685865", "Nili Shalev": "Q126180345", "Anna Nowakowska": "Q56340237", "Mette Sunnergren": "Q18246242", "Mar\u00eda Erla Marelsd\u00f3ttir": "Q110967085", "Rosario Porto Ortega": "Q102115279", "Asa Webber": "Q50377562", "\u00c1gota Hetey": "Q109496266", "Kirsikka Lehto-Asikainen": "Q109585960", "Jana Chaloupkov\u00e1": "Q112365073", "\u59dc\u5ca9": "Q67935180", "Lina van der Weyden": "Q4990404", "Nata\u0161a Prah": "Q12132598", "Adrianna Siennicka": "Q56396278", "Maria Hakansson": "Q110310848", "Nathalie Beras": "Q121030512", "Ulrika Funered": "Q105154079", "H\u00e9l\u00e8ne Farnaud-Defromont": "Q30302558", "Mar\u00eda Nieves Blanco D\u00edaz": "Q118322787", "Anna Aghajanyan": "Q20512282", "Elsa H\u00e5stad": "Q4955377", "Eva Nguyen Binh": "Q50689540", "Jo Lomas": "Q57832944", "Trine Rask Thygesen": "Q43305362", "Phongsamouth Anlavan": "Q107542486", "Slavom\u00edra Ma\u0161urov\u00e1": "Q109912344", "Diana Janse": "Q58315610", "Anne-Kirsti Wendel Karlsen": "Q89999413", "Sne\u017eana Jankovi\u0107": "Q106485223", "Anne Boillon": "Q47474305", "Marianne Young": "Q56794991", "Dorota Barys": "Q60613378", "M\u00e1ria Vass-Salazar": "Q99220043", "Wang Wenli": "Q122988026", "Sne\u017eana Radovi\u0107": "Q18324710", "Qi Mei": "Q67935308", "Zehavit Ben Hillel": "Q119225373", "Hannah Liko": "Q84854874", "Heli Tiirmaa-Klaar": "Q61111691", "Heidi Olufsen": "Q84674447", "Inga Skuji\u0146a": "Q111610302", "Tiffany Sadler": "Q110050589", "Ann M\u00e5we": "Q82459143", "Hilde Solbakken": "Q89998633", "St\u00e9phanie Rivoal": "Q33122407", "Minata Samat\u00e9 Cessouma": "Q107647714", "Martina Quick": "Q50377558", "Ragnhild Imerslund": "Q105071163", "Liu Hongmei": "Q123329143", "Rut Kr\u00fcger Giverin": "Q105157021", "Danijela Bari\u0161i\u0107": "Q12277639", "Kyllike Sillaste-Elling": "Q108172687", "Alix \u00c9verard": "Q48332382", "Violetta Sobiera\u0144ska": "Q82797679", "Beata Wojna": "Q56256056", "Regina Jurkowska": "Q60613147", "Faye O'Connor": "Q99030463", "Svitlana Kramarenko": "Q109337990", "Merete Juhl": "Q113382415", "Lorea Arribalzaga Ceballos": "Q116234398", "Nuria Reigosa Gonz\u00e1lez": "Q119797250", "Carmen Castiella Ruiz de Velasco": "Q119918519", "Jessica Sv\u00e4rdstr\u00f6m": "Q123574197", "Corin Robertson": "Q59254681", "Oksana Tarasiuk": "Q22138116", "Dalia Kreivien\u0117": "Q123261843", "Claire Bodonyi": "Q33285914", "Aur\u00e9lie Royet-Gounin": "Q93424237", "Borb\u00e1la Obrus\u00e1nszky": "Q20435206", "Pratibha Parkar": "Q129310393", "Florencia Eugenia Vilanova de von Oehsen": "Q109907954", "Annette Knobloch": "Q109626325", "Amal Jadou": "Q101069120", "Monika Studen\u00e1": "Q117219231", "Diana Mickevi\u010dien\u0117": "Q107559277", "Sophie Honey": "Q56872566", "Tone Elisabeth B\u00e6kkevold Allers": "Q83144912", "L\u00ea Th\u1ecb Thu H\u1eb1ng": "Q49054555", "\u0428\u0430\u043b\u043e\u043f\u0443\u0442 \u041e\u043b\u0435\u043d\u0430 \u041e\u043b\u0435\u043a\u0441\u0430\u043d\u0434\u0440\u0456\u0432\u043d\u0430": "Q61116612", "Bo\u017eena For\u0161tnari\u010d Boroje": "Q62114292", "Pilar Mar\u00eda Terr\u00e9n Lalana": "Q119524679", "Alejandra del R\u00edo": "Q126986580", "Simona Leskovar": "Q71382019", "Mar\u00eda del Pilar M\u00e9ndez Jim\u00e9nez": "Q121141146", "Natividad Isabel Pe\u00f1a Bonilla": "Q121348306", "Josephine Gauld": "Q56822168", "Gabriella Sancisi": "Q111895307", "Muriel Domenach": "Q49007124", "Hana Flanderov\u00e1": "Q125580153", "Pauline Carmona": "Q33198622", "Salina Grenet-Catalano": "Q102397670", "Melanie Hopkins": "Q56872575", "\u0416\u0430\u043d\u043d\u0430 \u0421\u0430\u0431\u0438\u0442\u043e\u0432\u043d\u0430 \u0421\u0430\u0440\u0442\u0431\u0430\u0435\u0432\u0430": "Q66655344", "Harriet Mathews": "Q19661277", "Kornelija Utevska-Gligorovska": "Q81803621", "Fiona McIlwham": "Q5451086", "Svetlana Stoycheva-Etropolski": "Q105140765", "Claudia Busch": "Q129083847", "Felicia Dushka Papadimitriu": "Q65200180", "Hasmik Tolmajian": "Q60164953", "Larisa Anatolevna Herasko": "Q23659018", "Gry Rabe Henriksen": "Q105063496", "Donatienne Hissard": "Q112614612", "Gunn Jorid Roset": "Q108061795", "Barbara Ko\u017eelj Podlogar": "Q114171111", "Corinne Pereira": "Q111430184", "Teresa Maria de Carvalho": "Q15990496", "Katarzyna Wilkowiecka": "Q60613140", "Triinu Rajasalu": "Q16408240", "Isabel Frommelt-Gottschald": "Q65879488", "Anne Coffinier": "Q28343382", "Aleksandra Kucy": "Q122474508", "Jana \u0160ediv\u00e1": "Q107862933", "Karolina Cemka": "Q60613166", "Beata Brzywczy": "Q60613309", "Ma\u0142gorzata Bochwic-Ivanovska": "Q107529452", "Vikt\u00f3ria Horv\u00e1th": "Q110763359", "Anna Golec-Mastroianni": "Q111366792", "Ilona Ka\u0142do\u0144ska": "Q115219834", "Celia Kuningas-Saagpakk": "Q115687121", "Camille Purvis Dawson": "Q116947140", "N\u00edna Bj\u00f6rk J\u00f3nsd\u00f3ttir": "Q120616367", "Karolina Ostrzyniewska": "Q124293126", "Riina Kaljurand": "Q129148737", "Karla Wursterov\u00e1": "Q111170833", "Yeo So-young": "Q115378215", "Martina Balunov\u00e1": "Q65979535", "Christile Drulhe": "Q117842271", "Martina Field-Klisovi\u0107": "Q124099175", "Karen Maddocks": "Q110050586", "Victoria Billing": "Q110050588", "Daniela Vogl": "Q123177151", "Anna Tiido": "Q112661294", "\u041c\u0430\u0440\u0438\u043d\u0430 \u042e\u0440\u044c\u0435\u0432\u043d\u0430 \u041c\u0438\u0445\u0430\u0439\u043b\u0435\u043d\u043a\u043e": "Q123423961", "Rime Jirari": "Q110732942", "Natalie Kauther": "Q101111133", "Isabelle Dumont": "Q21706681", "\u041f\u043e\u043b\u0443\u043d\u0456\u043d\u0430 \u041e\u043b\u0435\u043d\u0430 \u0411\u043e\u0440\u0438\u0441\u0456\u0432\u043d\u0430": "Q12141962", "Krystyna Schreiber": "Q63413108", "Annely Kolk": "Q122382313", "Fannie Lafontaine": "Q28104999", "Nikolina \u017didek": "Q118629608", "Milena Oliveira de Medeiros": "Q124694874", "Gloria Gangte": "Q129571306", "Tanja Gonggrijp": "Q76514996", "Si\u00e2n Price": "Q110050593", "Mariin Ratnik": "Q12369780", "Olesya Ilashchuk": "Q115920637", "Eliza Dzwonkiewicz": "Q74215550", "Estera Mkrtumyan": "Q50681489", "Iveta Chmielov\u00e1 Dalajkov\u00e1": "Q95171361", "Hala Abou Hassira": "Q101755059", "Rula Al Mhaissen": "Q111932890", "Rachel Galloway": "Q56822758", "Ingrid Marie Mikelsen": "Q123704476", "C\u00e9line Jurgensen": "Q48630868", "\u0410\u0440\u0456\u0441\u0442\u043e\u0432\u0430 \u041c\u0430\u0440\u0433\u0430\u0440\u0438\u0442\u0430 \u041e\u043b\u0435\u043a\u0441\u0430\u043d\u0434\u0440\u0456\u0432\u043d\u0430": "Q110942170", "Petra Drexler": "Q124429233", "\u041f\u0440\u0438\u0441\u0442\u0430\u0439\u043a\u043e \u041e\u043b\u0435\u043d\u0430 \u0404\u0432\u0433\u0435\u043d\u0456\u0432\u043d\u0430": "Q65195097", "Mar\u00eda P\u00e9rez S\u00e1nchez-Laulh\u00e9": "Q125726519", "Alice Guitton": "Q33147349", "Inga Stanite-Tolochkiene": "Q107022274", "Bryony Mathew": "Q110050585", "Aur\u00e9lie Bonal": "Q48711787", "Lise Talbot-Barr\u00e9": "Q114301101", "Sarah Cowley": "Q56794419", "Claire Lawrence": "Q56808134", "Diana Coromines i Calders": "Q60041692", "Susanna Schlein": "Q115609235", "Priyanka Chauhan": "Q127459685", "Helena Cosano": "Q16301698", "Kerli Veski": "Q23646405", "Slavena Gergova": "Q125960107", "Ana Polak Petri\u010d": "Q66087872", "Joanne Hawley": "Q110050591", "Ay\u015fe Hilal Sayan Koytak": "Q47501637", "Marina \u0160ternov\u00e1": "Q112521272", "Mar\u00eda Sebasti\u00e1n de Erice": "Q128191584", "Mirgul Moldoissajewa": "Q105282405", "Sahfana Mubarak Ali": "Q25426324", "\u0416\u0438\u043d\u043a\u0438\u043d\u0430 \u041d\u0430\u0442\u0430\u043b\u044c\u044f \u0412\u0438\u043a\u0442\u043e\u0440\u043e\u0432\u043d\u0430": "Q123423958", "Anne-Claire Legendre": "Q73384232", "Holly Tett": "Q57313267", "Agnieszka Skieterska": "Q86362268", "Cat Evans": "Q59270102", "Mar Ortega i Puertas": "Q106960389", "Karina W\u0119grzynowska": "Q108631258", "Ma\u0142gorzata \u0141akota-Micker": "Q110553069", "Marie Buscail": "Q105724777", "Alice Rufo": "Q47312015", "Maddelin Brizuela": "Q55754372", "Nora Kronig Romero": "Q104437877", "Lor\u00e8ne Lemor": "Q96761450", "Dana Erlich": "Q123238527", "\u041b\u044e\u0431\u043e\u0432\u044c \u0410\u043b\u0435\u043a\u0441\u0430\u043d\u0434\u0440\u043e\u0432\u043d\u0430 \u0410\u0431\u0440\u0430\u0432\u0438\u0442\u043e\u0432\u0430": "Q61116602", "Sabine Sciortino": "Q117428738", "Mathilde Grammont": "Q125019530", "Marina Falc\u00f3": "Q53488967", "G\u00fcl\u015fen Karanis Ek\u015fio\u011flu": "Q113582517", "Marta de Zuniga": "Q123561724", "Orsolya Zsuzsanna Kov\u00e1cs": "Q62068840", "Vict\u00f2ria Alsina i Burgu\u00e9s": "Q63435726", "Yevheniia Kuleba": "Q104963350", "Petra Ponev\u00e1cs-Pana": "Q110952703", "Alisa Podolyak": "Q55719944", "Emily Maltman": "Q100951828", "Tamara Katu\u0161\u010d\u00e1k": "Q95396391", "Liudmyla Davydovych": "Q25438730", "Ele Raik": "Q124205954", "Judit Pach": "Q73423023", "Natalya Kiselyova": "Q25396775", "Angeladebie Ramkisoen": "Q110619234", "Reiko Shimane": "Q85271105", "Nishtha Satyam": "Q124685229", "Fatou Kinneh Jobe": "Q113569848", "Katarzyna So\u0142ek": "Q86706960", "Naheed Sarabi": "Q113339891", "Johanna Leblanc": "Q107390959", "Ayesha Wolasmal": "Q126100523", "Jennifer Cassidy": "Q107745184", "Nikola Hru\u0161kov\u00e1": "Q109806894", "Edit Bucsi-Szab\u00f3": "Q117262362", "\u00c9l\u00e9onore Devillepoix": "Q112564675", "Lenke Sz\u00e1szfalvi-Farkas": "Q100788100", "Mirna Mariela Rivera Andino": "Q110037829", "Lilla Karsay": "Q116667518", "Marieclaire Acosta": "Q5998174", "Marta Eugenia N\u00fa\u00f1ez Madriz": "Q6001911", "Teresa Mart\u00ednez Randulfe": "Q12401036", "Paulina Kapu\u015bci\u0144ska": "Q17551273", "Beatrix Kania": "Q18684191", "Amina Pardi": "Q43994564", "Birgitta Holst Alani": "Q50377572", "Anna Olszewska": "Q60613169", "Maria Luisa Escorel de Morae": "Q67370044", "Michelle Logsdon": "Q71723466", "Konstantina Koliou": "Q73263625", "Christine Weil": "Q76455919", "Ma\u0142gorzata Furdal": "Q80037300", "Stephanie Shwabsky": "Q91204957", "Florence Tinguely Mattli": "Q93439761", "Christina Johannesson": "Q96609277", "Gudrun Lingner": "Q103748743", "Taous Feroukhi": "Q105749819", "Soili M\u00e4kel\u00e4inen-Buhanist": "Q106869625", "Katarzyna Cholewi\u0144ska": "Q116183549", "Agnieszka Marczak": "Q116302524", "Kerstin P\u00fcrschel": "Q123169060", "Patrycja \u00d6zcan-Karolewska": "Q123945780", "Anabela Cardoso": "Q483262", "Annemie Lelie": "Q566393", "Annette des Iles": "Q566731", "M\u00e1ria Berkecz": "Q793501", "Christine Gl\u00e4ser": "Q1083542", "Jutta Frasch": "Q1437897", "Bu Jianguo": "Q9181152", "Heidi Bootle": "Q14915282", "Nisha Kurban-Baboe": "Q15836928", "\u0645\u0648\u0636\u064a \u0627\u0644\u062e\u0644\u0641": "Q16119751", "Christine Althauser": "Q18683952", "Anna Elisabeth Prinz": "Q23059399", "Maria Olandina Isabel Caeiro Alves": "Q23874830", "Barbara Szymanowska": "Q30902503", "Embla H\u00e4gelmark": "Q104535979", "Dora Vorovskaya": "Q4125286", "Christina Palm": "Q4971718", "Shen Weijing": "Q5371058", "Laurette Glasgow": "Q6501359", "Ruth Kahanoff": "Q6570890", "Sara Hradecky": "Q7421661", "Junko Yokota": "Q7461638", "\u5434\u73c9\u73c9": "Q10919649", "\u5468\u79c0\u83ef": "Q10920915", "\u5510\u6e5b\u6e05": "Q10922915", "\u5f20\u5c0f\u5eb7": "Q11066937", "\u6731\u66fc\u9ece": "Q11094211", "\u674e\u84d3\u82ac": "Q11097947", "\u6768\u79c0\u840d": "Q11101977", "\u6797\u853c\u4e3d": "Q11107174", "Abina M. Dann": "Q12075592", "\u0416\u0430\u0441\u043c\u0438\u043d \u041f\u043e\u043f\u043e\u0432\u0430": "Q12280064", "Musma Musa Abbas": "Q12499716", "\u041d\u0430\u0442\u0430\u043b\u043b\u044f \u0406\u0432\u0430\u043d\u0430\u045e\u043d\u0430 \u0416\u044b\u043b\u0435\u0432\u0456\u0447": "Q13031751", "\u041d\u0430\u0442\u0430\u043b\u043b\u044f \u0406\u0432\u0430\u043d\u0430\u045e\u043d\u0430 \u0414\u0440\u043e\u0437\u0434": "Q13133814", "Mansoureh Sharifi Sadr": "Q16048445", "Francine Henrich": "Q16050584", "Jeanne Mrad": "Q16121413", "Gul Shara of Imereti": "Q16367668", "Camilla Itsimaera": "Q16534708", "Astre Kurme": "Q16669038", "\u041c\u0435\u0440\u0435\u0442\u0435 \u042e\u043b\u044c": "Q16706852", "\u7530\u5e73": "Q16924737", "\u8bb8\u5b5f\u6c34": "Q16924983", "\u8d75\u5b9d\u73cd": "Q16925028", "\u9648\u5b9d\u938f": "Q16925178", "\u970d\u6dd1\u73cd": "Q16925252", "\u970d\u7389\u73cd": "Q16925255", "\u97e9\u740d\u740d": "Q16925264", "\u9ad8\u71d5\u5e73": "Q16925310", "Yukiko Nakagawa": "Q17208791", "Atsuko Nishimura": "Q17208819", "Marcia Covarrubias": "Q17333602", "Chitriya Pinthong": "Q17762234", "Marsha Dowiyogo": "Q18225488", "Abramios": "Q18237024", "Deepa Gopalan Wadhwa": "Q19357170", "Queen Anne Zondo": "Q19385974", "\u041d\u0456\u043d\u0456\u043a \u041a\u0443\u043d \u041d\u0430\u0440'\u044f\u0442\u0456": "Q20068833", "Yin Lixian": "Q21285716", "Laura Diana Rae\u021bchi": "Q28726116", "\u05e1\u05d0\u05d5\u05e1\u05df \u05e0\u05d0\u05d8\u05d5\u05e8-\u05d7\u05e1\u05d5\u05df": "Q29389615", "Outi Holopainen": "Q29419258", "Anne Saloranta": "Q29419276", "Sirpa M\u00e4enp\u00e4\u00e4": "Q29419294", "Christina Harttila": "Q29419297", "Leena Gardemeister": "Q29419336", "Marja Rislakki": "Q29419338", "Satu Suikkari-Kleven": "Q29419365", "Laura Kansikas-Debraise": "Q29419367", "Anneli Puura-M\u00e4rk\u00e4l\u00e4": "Q29419452", "Riittamaija Swan": "Q29419454", "Tiina Myllyntausta": "Q30174159", "Anna-Liisa Korhonen": "Q30174434", "Anneli Vuorinen": "Q30174437", "Pirjo Suomela-Chowdhury": "Q30174439", "Laura Lochman": "Q30716976", "Any Lam": "Q30949636", "Anna Barbara Bouti": "Q30958277", "Aminakhtun Karim Shaharudin": "Q30958483", "\u0411\u0435\u043b\u044c\u0440\u0430\u043c\u0443\u043b\u044c \u041a\u0430\u043c\u0435\u0440\u0437\u0435\u0440\u043c\u0430\u043d": "Q30958710", "\u0428\u043f\u0440\u0435\u0441\u0430 \u041a\u0443\u0440\u0435\u0442\u0430": "Q30958775", "\u041c\u0430\u0440\u0456 \u041a\u0440\u043e\u0441": "Q30958819", "\u041b\u0456\u043b\u0456\u0430\u043d\u0430 \u0434\u0435 \u041e\u043b\u0430\u0440\u0442\u0435 \u0434\u0435 \u0422\u043e\u0440\u0440\u0435\u0441-\u041c\u0443\u0433\u0430": "Q30959287", "\u041c\u0430\u0440\u0442\u0430 \u0406\u0437\u0430\u0431\u0435\u043b\u044c \u0427\u0430\u0432\u0430\u0440\u0440\u0456 \u0414\u0443\u043f\u0443\u0439": "Q30959298", "Victoria Gonzalez Aris": "Q30959353", "Melissa O'Rourke": "Q30961403", "Tanja J\u00e4\u00e4skel\u00e4inen": "Q31664425", "Martin-Pierre Charliat": "Q42420457", "Oc\u00e9ane Thieriot": "Q42420663", "Chantal Doekhi": "Q42910938", "Jasminder Kasturia": "Q46466952", "\u0424\u0456\u0448\u043c\u0430\u043d \u041a\u0430\u0440\u043b \u0412\u043e\u043b\u043e\u0434\u0438\u043c\u0438\u0440\u043e\u0432\u0438\u0447": "Q47489449", "Sh\u00e9raz Gasri": "Q48037101", "Claire Raulin": "Q48557618", "\u00c9lisabeth de Saint-Martin": "Q48711085", "Laure Tripier": "Q48979764", "Marie-C\u00e9cile Tardieu": "Q48980290", "Sophie Laszlo": "Q50386650", "Odile Soupison": "Q50692328", "\u00c9lisabeth Barsacq": "Q50693310", "Ana Teresa Dengo": "Q51288097", "Ayesha Riyaz": "Q51299492", "Annika Thunborg": "Q51299727", "Heidi Hulan": "Q52197705", "Simone Poudade-Hailloud": "Q54086388", "Genevi\u00e8ve Iancu": "Q54913809", "Caroline Ferrari": "Q55434101", "Mari Miyoshi": "Q55535347", "Margot Carrington": "Q55579520", "Mireille Musso": "Q56240716", "Kayoko Fukushima": "Q56253452", "Catherine Raper": "Q56524127", "Cl\u00e9lia Chevrier": "Q56648714", "Kate Airey": "Q56794674", "Karen Betts": "Q56808498", "Kate Knight-Sands": "Q56821500", "Katherine Leach": "Q56821699", "Alison Kemp": "Q56821716", "Victoria Dean": "Q56849397", "Lucy Joyce": "Q56872471", "Katherine Ward": "Q57313264", "Amanda Tanfield": "Q57313330", "Sarah Cooke": "Q57577874", "Katharine Ransome": "Q57628915", "Susannah Montgomery": "Q57832317", "Keiko Haneda": "Q57887966", "Zana Rudi": "Q58824942", "Rosamund Huebener": "Q59094504", "Karina Angelieva": "Q59140760", "Teresita Vicente Sotolongo": "Q59267138", "Nancy Rossignol": "Q59710006", "Mitsuko Ito": "Q60230001", "Verena Wiesner": "Q60287319", "Susan Coles": "Q60500851", "Saja Majali": "Q60583467", "\u015eule \u00d6ztun\u00e7": "Q61072595", "Berris Ekinci": "Q61072666", "Nesrin Bayaz\u0131t": "Q61073147", "Phantipha \u0130amsudha Ekarohit": "Q62005583", "Maria Teresa T. Almojuela": "Q62019672", "Melanie Robinson": "Q62104704", "Irina Schoulgin Nyoni": "Q62531511", "Mira Krajacic": "Q63239419", "Catherine Corm-Kammoun": "Q63560919", "Jiang Yili": "Q63922231", "Barbara J. Schrage": "Q64027659", "Bernarda Gradi\u0161nik": "Q65099953", "Anica Djami\u0107": "Q65211391", "Elena Leticia Teresa Mikusinski": "Q65211444", "Esther Joel Sunsuwa": "Q65211446", "Hildegard \u00d3 Riain": "Q65504230", "Kazuko Asai": "Q66365119", "Blanka Jamnisek": "Q66686205", "Du Dewen": "Q66767251", "\u674e\u51cc\u51b0": "Q67934594", "\u694a\u5065": "Q67934770", "\u5b59\u4fdd\u7ea2": "Q67935377", "\u5434\u73ba": "Q67935565", "\u6b27\u6e24\u828a": "Q67935665", "Jessica Chienyi Lee": "Q67936298", "Catherine Boivineau": "Q68579143", "Anat Sultan-Dadon": "Q69865065", "Gloria Navarrette": "Q69949217", "Maria Gustava": "Q73263595", "Florence Causs\u00e9-Tissier": "Q73383283", "Sophie Lagoutte": "Q73385147", "Anita Limido": "Q73401488", "Jana\u00efna Herrera": "Q73418365", "Martha Lidia Zelayand\u00eda Cisneros": "Q74418776", "Maria Adebahr": "Q80219788", "Orli Gil": "Q84032221", "Hagit Ben-Yaakov": "Q84033057", "Marise Ribeiro Nogueira": "Q84557596", "Ingrid D. Larson": "Q85276665", "\u4f59\u52b2\u677e": "Q85358954", "\u6bb7\u7acb\u8d24": "Q85358963", "\u9648\u7f8e\u82ac": "Q85358974", "\u9646\u6167\u82f1": "Q85358995", "\u8fb9\u71d5\u82b1": "Q85359018", "\u5434\u7b71\u79cb": "Q85359024", "\u5f90\u4e9a\u7537": "Q85359038", "\u674e\u798f\u987a": "Q85359056", "Soraya \u00c1lvarez N\u00fa\u00f1ez": "Q85857178", "Liliana de Olarte": "Q85873190", "Sabrina Schmidt-Koschella": "Q86351510", "Claire Rochecouste": "Q86927286", "Jud\u012bte Dobele": "Q87468687", "Merle Pajula": "Q88088935", "Birte Poulsen": "Q88203096", "Margit Bruck-Friedrich": "Q88448617", "Melba Pria": "Q88627675", "Molelekeng Ernestina Rapolaki": "Q89193072", "Valerie Raymond": "Q89193962", "Nabeela Al-Mulla": "Q89371416", "Natalia Solcan": "Q91930043", "Jane Gasu Aheto": "Q94799025", "Mariangela Rebu\u00e1 de Andrade Sim\u00f5es": "Q95390092", "Maria De Lujan Caputo Winkler": "Q95390095", "Gisela Padovan": "Q95693599", "Yordanka Chobanova": "Q95813471", "Renata Wielgosz": "Q96363674", "Warif Al-Halabi": "Q96431203", "Janine Elizabeth Coye-Felson": "Q97255409", "Therese Rath": "Q97258173", "Lisa Filipetto": "Q98076011", "Maria Cleofe Rayos Natividad": "Q98546077", "Morakot Sriswasdi": "Q98546085", "Ana Teresa Dengo Benavides": "Q98774793", "Amanda Mansour": "Q98841245", "Suzanne Yueh Wong": "Q99642740", "Sylvie de Bruchard": "Q100166290", "Laurence Beau": "Q100271527", "Judy H. Kuo": "Q100272910", "Karin M. Lang": "Q100292503", "Brooke Spelman": "Q100483755", "Lauren K. Moriarty": "Q100542125", "\u00c5sa Ring": "Q101070310", "Antoinette Halas Sedin": "Q101095038", "Eriko Hibi": "Q101199954", "Christine Fages": "Q101229315", "Genevi\u00e8ve Jean-Van Rossum": "Q101229347", "Franca Deza": "Q101542328", "Jilan Abdul Majid": "Q101802184", "Taghrid Senouar": "Q101831476", "Hana'a Shawa": "Q102014966", "Tupe Solomon-Tanoa\u2019i": "Q102048937", "Rachel Coupaud": "Q102273439", "Josyline Javelosa": "Q103083224", "Carla Jazzar": "Q103852820", "R\u00f3is\u00edn Bean Mhic Dhonnchadh": "Q104099644", "Anna Lyberg": "Q104203593", "Patty Chen": "Q104723655", "Mischa E. Thompson": "Q104780420", "Lourdes Victoria-Kruse": "Q105299295", "Fran\u00e7oise Nicolas": "Q105301312", "Sarah Wooten": "Q105339721", "V\u00e9ronique Aulagnon": "Q105724918", "Natalja Fialka": "Q105743987", "Anne Tatret": "Q105755806", "Roxane de Bilderling": "Q105768300", "Susan Tanner": "Q105787739", "Anne Elizabeth Stoddart": "Q105839840", "Diana Emilla Sari Sutikno": "Q105982715", "Sylvia Naa Adaawa Annoh": "Q105988905", "Hikariko Ono": "Q106479347", "Jameela Ali Khalid": "Q106545556", "Einas Al-Shahwan": "Q106588721", "Longina Putka": "Q106678967", "Joanna Maria Azzi": "Q106808318", "Barbara Bregato": "Q106879946", "Ir\u00e8ne-Marie Hadjimalis": "Q106948487", "Radu Onofrei": "Q107377990", "Kristiina Kuvaja-Xanthopoulos": "Q107406460", "Jilly Maleko": "Q107418854", "Tiffany McDonald": "Q107439457", "Arati Shroff": "Q107450462", "Bea ten Tusscher": "Q107453535", "Hala Husni Fariz Odeh": "Q107455623", "Teresa Ribeiro": "Q107548881", "Rebecca Weisser": "Q107689951", "Mar\u00eda Cristina Barrios Almazor": "Q107804913", "Mary Ponte": "Q107863726", "Rachel Brunette-Chen": "Q107980011", "Eva Weigold Schultz": "Q107984943", "Erdenetsogt Sarantogos": "Q108271831", "Theodora-Magdalena Mircea": "Q108393452", "M\u0103d\u0103lina Lupu": "Q108393461", "Tanya van Gool": "Q108443258", "Aashna Kanhai": "Q108486541", "Sieglien Burleson": "Q108503688", "Althea Vanderpoole Banahene": "Q108508262", "Sheila Carey": "Q108508292", "Joanna Benn-Griffith": "Q108508411", "Liisa Ojaveer": "Q108664509", "Gaia Danese": "Q108706393", "Ulyana Bogdanska": "Q108716566", "Sharon Rappaport Palgi": "Q108807391", "Lucy Bogari": "Q108866755", "Magdalena Pszcz\u00f3\u0142kowska": "Q108870786", "Ivana Hlavsov\u00e1": "Q108909478", "Tang Zhanqing": "Q108909625", "Maria Rotheiser-Scotti": "Q108921454", "Lucia Wilde": "Q109180617", "Barbara Wiechno": "Q109554417", "Joanna Karasek": "Q109557325", "Martha Mavrommatis": "Q109646520", "Corinne Kitsell": "Q109719357", "Ayerim Flores Rivas": "Q109789202", "Olga D\u00edaz M\u00e1rtinez": "Q109812076", "Kitty Sweeb": "Q109887978", "Judith Mudd-Krijgelmans": "Q110064090", "Uta Mayer-Schalburg": "Q110295347", "Heidemaria G\u00fcrer": "Q110446212", "Andrea Ercegovac": "Q110454344", "Tjorven Bellmann": "Q110457767", "Laure Beaufils": "Q110477008", "Tsilavo Maherizo Randrianjafy": "Q110486261", "Jocelyn Chey": "Q110498771", "Elsa Wilkin-Ambrister": "Q110608924", "Verna Morris": "Q110608928", "Liselle Blankendal": "Q110619466", "Susan Moore": "Q110677143", "Jennifer Gavito": "Q110716876", "Helena Pilsas Ahlin": "Q110724910", "Petra Menander \u00c5hman": "Q110724969", "Laura Faxas": "Q110735598", "Loipa Sanchez": "Q110735821", "Sabra Murillo": "Q110735877", "Katrina Kaktina": "Q110736951", "Princess Rana bint Isa Al Khalifa": "Q110737692", "Gabriela Sellner": "Q110739589", "Nadzirah Osman": "Q110771913", "Wendy Aminta": "Q110953151", "Elayne Whyte G\u00f3mez": "Q111015165", "Annie Wiktowy": "Q111033884", "Mirta Granda Averhoff": "Q111083951", "Molly Anim Addo": "Q111135856", "Sarah Holewinski": "Q111170822", "Kellee Farmer": "Q111190160", "Mar\u00eda Lorena Capra": "Q111192015", "Immaculate Wambua": "Q111235263", "Jean Kamau": "Q111235277", "Rukia Subow": "Q111235373", "Patricia Benedetti": "Q111358614", "Andrea Abigail Perez de Novoa": "Q111358737", "Jennifer Savage": "Q111373676", "Jeanne Geers": "Q111384405", "Sonia Urbom": "Q111395860", "Sheila R. Paskman": "Q111404459", "Mary E. Tarnowka": "Q111415789", "Joy Ruth Acheng": "Q111462677", "Jacqui Caine": "Q111529238", "Biljana Guti\u0107-Bjelica": "Q111533931", "Kay Harrison": "Q111537189", "Marjanne de Kwaasteniet": "Q111575023", "Gloria Navarrete Pinto": "Q111575689", "Emilie Simenson": "Q111599295", "R\u0103du\u021ba-Dana Matache": "Q111600133", "Qiu Weiwei": "Q111693333", "Lu Qingjiang": "Q111693361", "Peijie Chen": "Q111693416", "Berta Celestino Cossa": "Q111904351", "Lizeth Nawanga Satumbo Pena": "Q112032225", "Cec\u00edlia Caldeira da Concei\u00e7\u00e3o Ros\u00e1rio": "Q112042334", "Maria Cuandina Tchipepa de Carvalho": "Q112042348", "Maria Isabel Gomes Godinho de Resende Encoge": "Q112042515", "Jovelina A.A. Imperial e Costa": "Q112042526", "Beatriz Ant\u00f3nia Manuel de Morais": "Q112042649", "Dace Treija-Mas\u012b": "Q112299535", "Elita Gavele": "Q112313433", "Hanna Dalewska-Gre\u0144": "Q112607793", "Anca Opris": "Q112650485", "Anneke Elisabeth Luwema": "Q112661550", "Irene M. Bakker": "Q112661654", "Marjo Crompvoets": "Q112661705", "Irma van Dueren": "Q112661794", "Henri\u00ebtte Brummer-Sonko": "Q112661847", "Joan Wiegman": "Q112661850", "Irina Udwadia-Van Altenborg": "Q112661988", "Ingrid Bosman de Alegre": "Q112662073", "Dorota Rosiak": "Q112662173", "Janet Alberda": "Q112662217", "Alicia Beatriz de Hoz": "Q112705357", "Huang Shifang": "Q112966287", "Ricarda Redeker": "Q112992907", "Alison Beckett": "Q113213791", "Natalia-Maria Karageorgou": "Q113229924", "Alison Cross": "Q113230729", "Alexandra E. McKenzie": "Q113230880", "Alexandra Cole": "Q113231247", "Tamsin Heath": "Q113253735", "Esther Blythe": "Q113254076", "Tatiana Molcean": "Q113280867", "Krystyna \u017burek": "Q113295446", "Rawan Abu Yousef": "Q113362140", "Harumi Katsumata": "Q113383030", "Atchara Seriputra": "Q113400846", "Abbie S. David": "Q113561154", "Cheryl J. Augustine Kanu": "Q113561166", "Akima J. M. Paul Lambert": "Q113561180", "Mari Takada": "Q113567371", "Julie A. Eadeh": "Q113588518", "Jennifer M. Adams": "Q113855321", "Delphine Hournau-Pou\u00ebzat": "Q113878576", "Caroline Vermeulen": "Q113950759", "Irmgard Maria Fellner": "Q113950821", "Carmen Fontes Munoz": "Q113987615", "Inga Stanyt\u0117-Tolo\u010dkien\u0117": "Q114024670", "Cecilia Yuste Rojas": "Q114044456", "Krist\u012bne Na\u0161eniece": "Q114045600", "Fan Huei-chun": "Q114133095", "Jennifer May": "Q114231473", "Shannon Austin": "Q114315363", "Elizabeth Foster Wright-Koteka": "Q114316394", "Maria Michail": "Q114341935", "Salam Al-Zawawi": "Q114455283", "Midori Takeuchi": "Q114689139", "Ya-Ping Abby Lee": "Q114690483", "Eunice Tembo Luambia": "Q114797351", "Fran\u00e7oise Dossa": "Q114876301", "Nicole Menzenbach": "Q114893658", "Mar\u00eda del Carmen Moreno Raymundo": "Q115035007", "Marianne Karlsen": "Q115114773", "Reita Joemratie": "Q115142572", "Aminata Koita": "Q115210433", "Dagmar Schmidt Tartagli": "Q115282722", "Geraldine McCafferty": "Q115588055", "Madeleine Majorenko": "Q115589316", "Lydia Jeanty": "Q115595745", "Ruth Lausma Luik": "Q115682899", "Aktilek Musaeva": "Q115686028", "Pick Fung Chong": "Q115689490", "Tamara Weingerl Po\u017ear": "Q115698681", "Tara Morton": "Q115734862", "Kanta Rijal": "Q115764140", "Johanna Brismar Skoog": "Q115766852", "Olufunmilayo Abosede Balogun-Alexander": "Q115779537", "Dani\u00e8le Wozny": "Q116171002", "Capaya Rodr\u00edguez": "Q116381597", "Pavla Hvrl\u00edkov\u00e1": "Q116671950", "Emna Aouij": "Q116695674", "Ayesha Bin Ali Al-Sayyar": "Q116695825", "Khadijah bint Hassan al-Lawati": "Q116695864", "Zainab al Qasmi": "Q116696132", "Samira Hanna-El Daher": "Q116708863", "\u015eaba Naser": "Q116726396", "Fatimah Al-Meqarmad": "Q116727457", "Manal Radwan": "Q116771240", "Sara Al-Sayed": "Q116821227", "Amil Fatani": "Q116900235", "Reem bint Mansour Al-Saud": "Q116918907", "Faalavaau Perina Jacqueline Sila-Tualaulelei": "Q117122527", "Constance Hsueh-hong Wang": "Q117187325", "Mar\u00eda de la Almudena Mazarrasa Alvear": "Q117312828", "Aylin Estrella Joo Liem": "Q117351332", "Felicity Jane Volk": "Q117377598", "Sara Yun": "Q117422903", "Lisa K. Heller": "Q117422968", "Melissa J. Lan": "Q117423274", "Irene Dede Nyarko Maamah": "Q117813729", "Marian Schuegraf": "Q117824845", "Sofia Boza": "Q117836392", "Stacy White": "Q118106560", "Adina Kamarudin": "Q118119599", "Heather Merritt": "Q118358959", "Evangelina Lourdes Arroyo-Bernas": "Q118384513", "Anahit Harutyunyan": "Q118612771", "Dr Fiona Webster": "Q118678302", "Amb. Tshenolo Modise": "Q118998130", "Athaliah Lesiba Molokomme": "Q118998258", "Gladys Mokhawa": "Q118998440", "Tui Dewes": "Q119241785", "Isabel de Jesus da Costa Godinho": "Q119248465", "Ebyan Mahamed Salah": "Q119780395", "Mar\u00eda Luisa Huidobro Mart\u00edn-Laborda": "Q119797515", "Chandapiwa Nteta": "Q119854552", "Ariadne Petridis": "Q119938209", "Soha Gendi": "Q120152984", "Nguy\u1ec5n Nguy\u1ec7t Nga": "Q120531427", "Kate\u0159ina Xhelo": "Q120594216", "Hana Brodsk\u00e1": "Q120601107", "Petra Kam\u00ednkov\u00e1": "Q120603555", "Renilde Loeckx": "Q120607177", "Michaela Chrtov\u00e1": "Q120611052", "Tania Laumanulupe \u02bbo Talafolika Tupou": "Q121164062", "Naoko Ueda": "Q121355265", "Safa Khaldi": "Q121502833", "Tanja Beyer": "Q121591446", "\u0633\u0645\u064a\u0629 \u0627\u0644\u0628\u0631\u063a\u0648\u062b\u064a": "Q122180744", "Nadya Rasheed": "Q122310743", "Julia Catherine Crouch": "Q122762528", "Magdalena \u017bukowska": "Q123116023", "Polly Ioannou": "Q123137837", "Fat\u00e8ne Benhabyles-Foeth": "Q123155594", "Mathilde F\u00e9lix-Paganon": "Q123155667", "Eva Pedersen": "Q123340708", "Dagmar Rep\u010dekov\u00e1": "Q123355337", "Joanna Wajda": "Q123370618", "Maya Yehudit Yaron": "Q123384361", "Akiko Yoshida": "Q123405563", "Natalka Cmoc": "Q123523520", "Anjanette Kattil": "Q123555605", "Kristin Tilley": "Q123668204", "Jeannette Menzies": "Q123701522", "Carolyn Oppong-Ntiri": "Q123707569", "Aminata Kob\u00e9l\u00e9 Keita": "Q123743027", "Marie Pauline Ferrari": "Q124037821", "Gloria M\u00ednguez Ropi\u00f1\u00f3n\u200b": "Q124063852", "Aiga Liepina": "Q124307187", "Lamia Chakkour": "Q124308021", "Lena Savelli": "Q124343807", "Arunrung Phothong Humphreys": "Q124350328", "Frances Sagala": "Q124350631", "Clara Mart\u00ednez Thedy": "Q124393485", "Grata Endah Werdaningtyas": "Q124454624", "Asma Anisa": "Q124474863", "Ma\u0142gorzata Kosiura-Ka\u017amierska": "Q124476393", "Riffat Masood": "Q124506479", "Aisha Farooqui": "Q124513932", "Seema Ilahi Baloch": "Q124515391", "Fauzia Sana": "Q124515444", "Ljiljana To\u0161kovi\u0107": "Q124535354", "Gianni Avila": "Q124634529", "Samia Ilhem Ammar": "Q124709931", "Maimounata Quattara": "Q124711442", "Heidy Rombouts": "Q125053510", "Tiahoga Ruge": "Q125101763", "\u0631\u064a\u0645 \u0643\u0646\u0639\u0627\u0646": "Q125263129", "P\u00e4ivi Blinnikka": "Q125316074", "Sripriya Ranganathan": "Q125340975", "Josefine Wallat": "Q125397028", "Genevi\u00e9ve Ichard": "Q125415776", "Anne Chounet-Cambas": "Q125416693", "Nyamkhuu Ulambayar": "Q125458233", "Irena Moozov\u00e1": "Q125504472", "Sarah M. Beran": "Q125509851", "Heike Uta Dettmann": "Q125523693", "Aune Kotli": "Q125584930", "Ilana Seid": "Q125585782", "Fernanda Lichale": "Q125623625", "Ilundi dos Santos": "Q125626886", "Albertina Maria Domingos Mac Donald": "Q125627410", "M\u00f3nica Patr\u00edcio Clemente Mussa": "Q125698785", "Maria Leoc\u00e1dia Tivane Mathe": "Q125699067", "Maryem van den Heuvel": "Q125704753", "Carla Elisa Lu\u00eds Mucavi": "Q125704842", "Ana Nemba Uaiene": "Q125704901", "Cristofa Inosse Jamo": "Q125707062", "Marilena Raouna": "Q125727854", "Iveta Hricov\u00e1": "Q125728653", "Lelde L\u012bce-L\u012bc\u012bte": "Q125729019", "Christiane Hullmann": "Q125815420", "Tania Romualdo": "Q125997499", "Katarzyna Granat": "Q126083403", "Maria do C\u00e9u Omar do Amaral Nhantumbo": "Q126152117", "Lise Gregoire-van Haaren": "Q126392307", "M\u00f3nica Bola\u00f1os P\u00e9rez": "Q126620060", "Paula Letuni\u0107": "Q126895923", "Petra Vargov\u00e1": "Q126903285", "Anna Godlewska": "Q126924171", "Clara Staicu": "Q126985213", "Claudia Salerno Caldera": "Q127269052", "Riia Salsa-Audiffren": "Q127407392", "Satwant Khanalia": "Q127462625", "Erika Bernhard": "Q127712966", "Shubhdarshini Tripathi": "Q127867252", "Mar\u00eda Molina \u00c1lvarez de Toledo": "Q128192769", "Sonia \u00c1lvarez Cibanal": "Q128193776", "Irena Sodin": "Q128229690", "Regina Figl": "Q128927759", "Ingrid Amer": "Q129059321", "Kai Kaarelson": "Q129059523", "Ana L\u00e9lia Beninc\u00e1 Beltrame": "Q129119475", "Marge Mardisalu-Kahar": "Q129147910", "Marje Luup": "Q129149903", "Candy Green": "Q129259657", "Evelyn Wallner Papadopoulou": "Q129485990", "Fiona Flood": "Q129846597", "Johanna Str\u00f6mquist": "Q129984887", "Barbara Cullinane": "Q130075384"}