{"Sista Flex": "Q19968271", "Nona Asiah": "Q20458120", "Ellen Ge\u00dfner": "Q1331816", "Marju Kuut": "Q12369828", "Mayumi Yoshida": "Q17231370", "Saithip Montrikul na Ayudhaya": "Q16139697", "Keiko Imaizumi": "Q20038797", "Kay Rush": "Q3814080", "Mary Nishimori": "Q11628817", "Mitsuka Kusunoki": "Q11541272", "Muriel Moreno": "Q3328124", "Kiyoko Taniguchi": "Q11632662", "Eva Lai": "Q7185571", "Maura Cenciarelli": "Q3852397", "Stella Cultrona": "Q55933030", "Anastasia Ledwith": "Q124777815", "Lara L\u00f3pez": "Q5970021", "Antje Grajetzki": "Q115768959", "Gayle San": "Q1496576", "Giusy Consoli": "Q3771776", "Sylvie Marks": "Q2374341", "Christina Nemec": "Q19971326", "Silvia Rocca": "Q3960792", "Manuela Doriani": "Q3845080", "Sextoy": "Q3480942", "Irene Lamedica": "Q3801907", "Paoletta": "Q3893648", "Pilocka Krach": "Q95653199", "Carla Tintor\u00e9": "Q114068729", "Margarita Mitrofanova": "Q4296832", "Martina Kaiser": "Q1266524", "Melanie di Tria": "Q1367068", "Eva Poles": "Q3735141", "Christine Lang": "Q95213437", "\u0130pek \u0130pek\u00e7io\u011flu": "Q343992", "Miss Yetti": "Q1938908", "Svetlana Permyakova": "Q4351593", "Budsamutpong": "Q13016443", "Aline Afanouko\u00e9": "Q2837018", "Miranda Silvergren": "Q2742466", "Meg": "Q11231350", "Judith Pronk": "Q4973577", "Judith Farr\u00e9s": "Q52239036", "Lea Marie Uria Garcia": "Q125746770", "Jennifer Cardini": "Q1686931", "Anna Yau": "Q7263452", "Tania Amazon": "Q126890892", "Myriam Rzm": "Q122835023", "Magdalena Chojnacka": "Q545647", "Lisa Belle": "Q4938014", "Electra": "Q124168945", "Aya": "Q11190101", "Zohra A\u00eft-Fath": "Q2755985", "Fumika Hideshima": "Q11594534", "Natalie Brunner": "Q23687308", "Chlo\u00e9 Th\u00e9venin": "Q2964202", "Analy Rosa": "Q107126139", "Marina Dias": "Q10326392", "Laura Gramuglia": "Q17635274", "DJ Sylvie": "Q107258185", "Rita Mendes": "Q10363044", "Szilvia Nagy": "Q47647924", "Mira": "Q113381182", "Lady Tom": "Q122620", "Tania Bruna-Rosso": "Q3515170", "DJ Lucca": "Q5205369", "Yuki Kawamura": "Q11478806", "\u0414\u0438-\u045f\u0435\u0458 \u041c\u0438\u043b\u0438\u043d\u043a\u0430": "Q16081860", "Romina Cohn": "Q6111516", "LeKlein": "Q28146669", "Babette Conrady": "Q111488712", "Shelley Debenham": "Q2277908", "Elisa do Brasil": "Q3051070", "Sasha Perera": "Q15844056", "Mariann Thomassen": "Q11988222", "Psynina": "Q1395344", "Cospla Koe": "Q11302083", "Barbara Wimmer": "Q95952101", "Juliet Sikora": "Q1712284", "Maya Watanabe": "Q11562613", "Kristina Kuzmina": "Q4245387", "Deborah De Luca": "Q28053409", "\u0e41\u0e2d\u0e07\u0e08\u0e34\u0e25\u0e48\u0e32 \u0e41\u0e01\u0e23\u0e19\u0e17\u0e4c": "Q16141575", "Sarah Stierch": "Q5060734", "Esmaye": "Q109678952", "Napassorn \"May\" Buranasiri": "Q16139244", "Masha Malinovskaya": "Q4277930", "Sasha Zvereva": "Q137026", "Pia Skevik": "Q11995640", "Mie Sait\u014d": "Q11679056", "Sakuntala Thianphairot": "Q16140164", "Klaudia Gawlas": "Q22236549", "Natalia Fervi\u00fa": "Q21857991", "Jill Riley": "Q6193030", "Irene": "Q11224279", "Brigitta Bulgari": "Q433481", "Kai Altmann": "Q109984843", "Luckkana Huangmaneerungroj": "Q16140823", "Princess Paola Sapieha-Rozanski": "Q75293887", "Kika Lorace": "Q57304551", "Felix Vicious": "Q3742318", "Joyce Muniz": "Q1512153", "Jimena Araya": "Q3316542", "Farrah Sabado": "Q122969920", "Sabrina Terence": "Q114531949", "Kat Shoob": "Q6374973", "Britta Arnold": "Q24263077", "DaY-m\u00e1r": "Q442434", "Phuti Khomo": "Q124667036", "Leigh Lezark": "Q4210569", "Keiko Fujiwara": "Q11623268", "DJ Gina Turner": "Q16030233", "Ren\u00e9e la Bulgara": "Q26972329", "Ell'N'Rock": "Q106763279", "Anike Ekina": "Q29884612", "Jennifer Lee": "Q106765705", "Aneguria": "Q30155905", "Mariya Kravchenko": "Q4237365", "Johanne Liou": "Q21449336", "Giordanna Forte": "Q10289864", "Cindy Milojevic": "Q3316613", "Kimberley Klaver": "Q1891680", "In\u00e9s Garc\u00eda Azpiazu": "Q121787814", "Gia Itzel": "Q111669836", "Alie Layus": "Q4257523", "Isabel Fern\u00e1ndez Ibarra": "Q3154818", "Michelle Moist": "Q6837163", "Ella": "Q20803977", "Lokka Vox": "Q124095807", "Anne Lainto": "Q61103788", "DVJ Bazuka": "Q2892453", "Ashley James": "Q106719677", "Laura Keller": "Q75832361", "Phanthila Fooklin": "Q13018449", "Angie Vu Ha": "Q15513346", "Tess\u00e1lia": "Q75954353", "Leesa": "Q25916873", "Taika Mannila": "Q106462969", "Nifra": "Q15138301", "Tengku Dewi Putri": "Q25461017", "Lina Schiffer": "Q124326618", "Clara Aguilar": "Q75950049", "Larissa Rie\u00df": "Q27831966", "AKKOGORILLA": "Q86742965", "Carol Miranda": "Q3701657", "\u05d3\u05dc\u05d9\u05ea \u05e8\u05e6'\u05e1\u05d8\u05e8": "Q47401717", "Petty Joy": "Q6487326", "Kattalin Miner": "Q47091306", "Suphaphorn Wongthuaithong": "Q122372113", "Deena Abdelwahed": "Q64626755", "Bego Aldalur": "Q122331670", "Sarafine": "Q123653582", "Jennifer Karlsson": "Q63685321", "Kristina Korban": "Q6438241", "Megu": "Q35174696", "Pretty Pink": "Q20752262", "DJ Misoshiru to MC Gohan": "Q18233921", "California": "Q104057194", "Anfisa Letyago": "Q108201194", "Lady Witch": "Q12032663", "Farzana Dua Elahe": "Q16207593", "Jamz Supernova": "Q107020117", "Mariana BO": "Q104667018", "Rizuka": "Q97210098", "Mari Ferrari": "Q98508832", "Connie Yim": "Q106546139", "Christina Gavrilova": "Q123036146", "Cashu": "Q113289442", "Jessika Khazrik": "Q120491029", "Anna Cook": "Q107992389", "Nadia Gold": "Q55223191", "Juicy M": "Q16233982", "Brisa Fenoy": "Q48229545", "Ayame Tachibana": "Q30932496", "DJ Yamina": "Q83696554", "Teisha Matthews": "Q108201367", "Nina de Koning": "Q126980881", "DJ Karaba": "Q110861676", "Natalia Barulich": "Q47069925", "\u0e2d\u0e23\u0e34\u0e15\u0e4c\u0e15\u0e32 \u0e23\u0e32\u0e21\u0e13\u0e23\u0e07\u0e04\u0e4c": "Q16306598", "Sophie Hawley-Weld": "Q22812862", "Indira Paganotto": "Q115861435", "Christelle Oyiri": "Q73269009", "Shanel the DJ": "Q28157310", "Hibotep": "Q109310752", "Darcie Dolce": "Q24032252", "Jenna MacNeille": "Q87138618", "Hanna Ipatava": "Q110408506", "Margherita Grechi": "Q108466044", "Mao Hamasaki": "Q11557679", "Laura Govaerts": "Q125582689", "Kenia Vasallo": "Q106876878", "DJ Baby Uniq": "Q75394278", "Marian Farjat": "Q56885303", "Sara Landry": "Q123146576", "Monica Geuze": "Q20824664", "Any Borges": "Q108578560", "Uma Jolie": "Q54152857", "Imani Outlaw": "Q119552222", "Laura van Dam": "Q124662352", "Mie": "Q129402989", "Ruka Kurata": "Q11386897", "Luna Asami": "Q109363371", "Pragmatica": "Q110876319", "Valentina Luz": "Q61000136", "Maris Pihlap": "Q124305985", "Anette M\u00e4letj\u00e4rv": "Q129628804", "Nontobeko Penny Ntuli": "Q124654551", "Victoria Macan": "Q117456120", "Lilly Palmer": "Q124439719", "Cmqmartina": "Q101109125", "Kelebogile Megano": "Q113517517", "Marta Fierro": "Q63283980", "Anja Schneider": "Q551270", "Water Lilly": "Q2552502", "Eva Be": "Q23559871", "Agathe Toullieu": "Q123458054", "Amber Broos": "Q108524006", "Valentina Trespalacios": "Q116762225", "Elizaveta Rozova": "Q107043381", "Madya Wit": "Q117280521", "DJ Nevykele": "Q124750364", "Anaklein": "Q2845130", "DJ Reid Speed": "Q5205421", "Devika Mathur": "Q5267045", "K-Swing": "Q6322774", "Kikko Solaris": "Q6406315", "\u9ece\u6dd1\u82ac": "Q11178812", "Nona": "Q11236870", "QUISS": "Q11240254", "Ocean Chan Hoi-Kei": "Q15927603", "DJ KAORI": "Q17405761", "Univz": "Q20668039", "Missy Jay": "Q29618005", "Namiko Ikeda": "Q48757479", "Zara Martin": "Q55436712", "Mayumi Kai": "Q62558371", "ANNA": "Q62929750", "A\u00efda Khemiri": "Q63609700", "Amy Pham": "Q63908342", "Jenny Greene": "Q64399730", "Ruth Scott": "Q64577544", "Emma Garnett": "Q64682515", "Emily Montoya": "Q65560554", "DJ MEL": "Q71678860", "Gail King": "Q77396782", "Anna Livya": "Q77504631", "Sophia Wekesa": "Q82237934", "Jucy Burns": "Q84162024", "Gracie Chavez": "Q94580942", "Amber Na": "Q97348148", "Julia Gonz\u00e1lez": "Q97647928", "Ng\u00e2n 98": "Q97845869", "Anastasia Kristensen": "Q97860312", "Marika Rossa": "Q100151777", "dj. flugv\u00e9l og geimskip": "Q100628657", "Amandine Stioui": "Q101544042", "Angelika Beener": "Q104248069", "Inka Rantakallio": "Q105883661", "Regularfantasy": "Q105891173", "Sun\u010dica Bari\u0161i\u0107": "Q105990098", "DJ Anjali": "Q106069498", "Tsunko": "Q106411305", "SPFDJ": "Q106782650", "Somadamantina": "Q106844539", "DJ Syrah": "Q107521682", "Katie Owen": "Q107726209", "Dong Xin": "Q108110373", "Donna Maya": "Q108311472", "Arisa Yakuwa": "Q108776579", "Gretchen Jackson": "Q109463916", "Lil2Hood": "Q110244755", "Kampire Bahana": "Q110270443", "Misato Ichiki": "Q110403094", "Olga Ryazanova": "Q110962157", "DJ Heather": "Q111047933", "Thaleia Ioannidou": "Q111416932", "Julia de Jouy": "Q111804280", "Dj Katya Guseva": "Q114246800", "Jamica El": "Q114841379", "Logic Lost": "Q115101586", "Tracy Clifford": "Q115154691", "Yazzus": "Q115943192", "Madison Willing": "Q117304915", "Heidi": "Q117321818", "Trina Massey": "Q117875169", "Nina Black": "Q118558795", "Thanu Yakupitiyage": "Q119953959", "Beatrice Dillon": "Q120556308", "Patricia Schuldtz": "Q121689547", "Celeste Octavia": "Q123018357", "Paramida": "Q123509799", "Ekanta Jake Peres": "Q123668629", "Joy Benitez": "Q123911282", "Miss P": "Q124615256", "Lebogang Mphoentle Lentle Pifelo": "Q124625362", "Dj Karmi": "Q124655837", "DEEJAY T-JR.": "Q124713741", "DJ Shushupe": "Q125208304", "Sara Delgado": "Q125266407", "Loira Limbal": "Q125543431", "Marie K": "Q125746643", "deaf bunny": "Q125766015", "Angel Karel": "Q125898925", "DJ Anna Lee": "Q127869223", "Mari Kr\u00fcger": "Q128489099", "RayRay": "Q128792136", "DJ yacco": "Q128840939"}