{"Ildik\u00f3 Bell\u00e9r-Hann": "Q113775962", "Miwata Masako": "Q85269339", "Luise Klebs": "Q55853507", "Mary Averill": "Q15961844", "Anna Bernhardi": "Q44801820", "Else Reitemeyer": "Q113759307", "Amelia Hertz\u00f3wna": "Q9149882", "Else L\u00fcders": "Q1333676", "Henriette Johanna Wilhelmina van Prooije-Salomons": "Q113137300", "Pia Guerrini Bione": "Q123945115", "Vera Alexandrovna Kratchkovska\u00efa": "Q23656116", "Isha Schwaller de Lubicz": "Q3155246", "Johanna Herzfeldt": "Q123295", "Jeanne Desrayaux": "Q12204569", "Nadine Stchoupak": "Q3334950", "Nadezhda Bryullova-Shaskolskaya": "Q4097425", "Solange Lema\u00eetre": "Q42529648", "Denyse Le Lasseur": "Q67146259", "A\u0165a Martenov\u00e1": "Q95477042", "Klavdiya Ode-Vasilyeva": "Q16682499", "Anna von Rottauscher": "Q563899", "Am\u00e9lie Marie Goichon": "Q12206432", "Eleanor Holgate Lattimore": "Q19613522", "Marthe de Chambrun": "Q110819171", "Anna Troitskaya": "Q125201334", "Lizelle Reymond": "Q3257325", "Militza Edvinovna Matthieu": "Q4285436", "R. I. Rubin\u0161tejn": "Q15088972", "Marie-C\u00e9cile Bruwier": "Q113845042", "Murshida Bikzhanova": "Q125201711", "Maria Cannata": "Q108116607", "Daniela Picchi": "Q112244887", "Berta Yakab": "Q125202384", "K\u00e4the Neumann": "Q95191421", "Luigia Nitti-Dolci": "Q55692020", "Eva Lyusternik": "Q4272271", "Victoria von Winterfeldt": "Q89192154", "Fanya Shabshina": "Q21074546", "Odette Monod-Bruhl": "Q17350795", "Madeleine Paul-David": "Q110089708", "Evgeniya Reynefeld": "Q125202314", "Anne-Marie Esnoul": "Q20240993", "Florence Day": "Q111147814", "Jarmila Kalouskov\u00e1": "Q21480237", "Katharina Seifert": "Q94763362", "Mireille B\u00e9nisti": "Q55771847", "Berta Krebsov\u00e1": "Q95150346", "Marie-Th\u00e9r\u00e8se de Mallmann": "Q55771782", "Rusudana Orbeli": "Q4335701", "A. S. Tveritinova": "Q28055121", "Yin Lin": "Q26250855", "Ruth Krader": "Q94777319", "Marie-Roberte Guignard": "Q3292230", "Hilde Seleskowitsch": "Q116161822", "Emma Brunner-Traut": "Q108911", "Caroline Nestmann Peck": "Q124000097", "Madeleine Della Monica": "Q3275631", "Milada Ganguli": "Q95121729", "Stanis\u0142awa P\u0142askowicka-Rymkiewicz": "Q112560198", "Virine\u00e2 Stefanovna Garbuzova": "Q4133597", "Valentina Stepanovna Sokolova": "Q59627491", "Ursula Schweitzer": "Q63485811", "Ma\u0142gorzata Koecherowa-\u0141ab\u0119cka": "Q11772297", "Helen Jacquet-Gordon": "Q113735845", "Else Pauly": "Q60314961", "Marie-Louise Buhl": "Q62081196", "Irmgard Woldering": "Q1673025", "Olga Lazarevna Fishman": "Q4485227", "Adele Rickett": "Q94507759", "Natalya Demidova": "Q18927221", "Gisela Buschendorf-Otto": "Q94750909", "Vilma M\u00e9sz\u00e1ros": "Q107619790", "Endzhe Sagidova": "Q125205280", "Hanna Wa\u0142k\u00f3wska": "Q42302501", "Ema Bayerleov\u00e1": "Q95182712", "Milada Vil\u00edmkov\u00e1": "Q95136523", "Chung-wen Shih": "Q112553822", "Alice Langley Hsieh": "Q13715109", "Natalie Waterson": "Q124742459", "Ferida Mustafovna Acamba": "Q24352000", "Galina Davidovna Tjagay": "Q42295889", "Eli\u0161ka Merhautov\u00e1": "Q95076839", "Marie Bernand": "Q113837330", "Swetlana Ismailowna Hodjash": "Q18684158", "Ursula Kaplony-Heckel": "Q53711123", "Colette Patte": "Q109003688", "Nicole Balbir": "Q87115688", "K\u00e4te Finsterbusch": "Q63607817", "Chang-su Cho Houchins": "Q112480732", "Zinaida Vorozheykina": "Q86002456", "Gudrun Goeseke": "Q23059402", "Gritli von Mitterwallner": "Q92389202", "Suzanne Rosset": "Q112513176", "Tatiana Rutkowska": "Q9355837", "Jarmila \u0160t\u011bpkov\u00e1": "Q95365615", "Katalin Uray-K\u0151halmi": "Q17426640", "Michelle Loi": "Q3311428", "Edoarda Masi": "Q3719519", "Genowefa Zdu\u0144": "Q115089506", "Magdalene von Dewall": "Q44279889", "Betsy Shidfar": "Q4523708", "Sof\u2018ja Aleksandrovna Maretina": "Q112530778", "Jelena Jakovlevna Kalinnikova": "Q112545117", "Dana \u0160\u0165ov\u00ed\u010dkov\u00e1": "Q67194886", "Latavra Gvaladze": "Q12866127", "Myriam Rosen-Ayalon": "Q12409538", "Erdmute Heller": "Q113789594", "Eva Rychterov\u00e1": "Q95214421", "Traudl Kerszt-Kratschmann": "Q116075512", "Viviane Alleton": "Q56000400", "Margarita Demidova": "Q125204304", "Eugeniia Vladimirovna Zavadskaia": "Q15066718", "Jill Kamil": "Q64841052", "Zdenka He\u0159manov\u00e1": "Q10857464", "Joy Edelman": "Q4529838", "Jarmila Drozd\u00edkov\u00e1": "Q112394065", "Svetlana Rimsky-Korsakoff": "Q12004421", "Lamija Had\u017eiosmanovi\u0107": "Q17997957", "Maria Roman S\u0142awi\u0144ski": "Q18704489", "Edith Varga": "Q97379512", "Halina Ogarek-Czoj": "Q19691366", "Lyudmila Fyodorovna Pakhomova": "Q22919402", "Irina Zograf": "Q97210423", "Xenie Dvorsk\u00e1": "Q112383904", "Fran\u00e7oise Aubin": "Q20180306", "Galina Davydova": "Q102370585", "Kamila Karn\u00edkov\u00e1": "Q125579937", "Taj-\u0165\u00fcn Hejzlarov\u00e1": "Q12058234", "Zlata \u010cern\u00e1": "Q95453572", "Isabelle Robinet": "Q533401", "Eva Eggebrecht": "Q95750788", "Svetlana Andrejevna Serova": "Q112545530", "H\u00e9l\u00e8ne Flaceli\u00e8re": "Q114297343", "Marie-Claire Berg\u00e8re": "Q3291671", "Marzenna Szlenk-Iliewa": "Q11770994", "Marta Ry\u0161av\u00e1": "Q95455966", "Eva M\u00fcller": "Q1379399", "Joanna Mantel-Nie\u0107ko": "Q8863272", "Erika Taube": "Q91618794", "Masumi Fujiyoshi": "Q11623693", "Olga Zirojevi\u0107": "Q11164824", "Erika Glassen": "Q15432919", "Albertyna Szczud\u0142owska-Dembska": "Q16334945", "Wiebke Walther": "Q112452974", "Svetlana Filippovna Ore\u0161kova": "Q121995235", "Elisabeth Staehelin": "Q95190748", "Irina Kaneva": "Q97207792", "Anna Dole\u017ealov\u00e1": "Q95170774", "Erika Endesfelder": "Q1354352", "Dagmar Markov\u00e1": "Q95163389", "Anna Maria Di Tolla": "Q63220534", "Renate Jacobi": "Q112455019", "Annemarie Hafner": "Q112564408", "Ingrid Gamer-Wallert": "Q1663314", "Christine Favard-Meeks": "Q113135636", "Ella Almagor": "Q110633934", "Ileana Hogea-Veli\u0219cu": "Q16593420", "Lidiya Petrova": "Q18888201", "Carmen Dragonetti": "Q55943077", "Maria Luisa Mayer Modena": "Q101248961", "Siglinde Dietz": "Q112521143", "Edith G\u00fcl\u00e7in Ambros": "Q113845084", "Tohfa Handoussa": "Q113778286", "\u0421\u0435\u043c\u0435\u043d\u0430\u0441, \u0410\u043b\u043b\u0430 \u041b\u0435\u043e\u043d\u043e\u0432\u043d\u0430": "Q4415216", "\u00c9va Apor": "Q112509193", "Nobuko Hamaguchi": "Q21701344", "Erika Feucht": "Q53845086", "Agnieszka \u0141obacz": "Q73924308", "Claudine Salmon": "Q112498441", "Tat\u02b9\u00e2na Borisovna Arapova": "Q112506999", "Vilena Sand\u017eejevna Dylykova-Parfionovi\u010d": "Q112527564", "Rosemarie Klemm": "Q2166885", "Sigrid Kleinmichel": "Q113377586", "Brunhild Staiger": "Q113773587", "Frauke Gr\u00f6ndahl": "Q113811004", "Tatyana Shaumyan": "Q4521030", "Elke Blumenthal": "Q108929", "\u00c9va Kalm\u00e1r": "Q17361711", "Ildik\u00f3 Ecsedy": "Q987543", "Sarah Sorour Soroudi": "Q6601562", "Danielle Elisseeff": "Q3014988", "Waltraud Guglielmi": "Q53844537", "Ivana Bake\u0161ov\u00e1": "Q95152471", "Irene Bloom": "Q59526672", "Renate Krauspe": "Q2143440", "Elisabeth de Ranitz-Labouchere": "Q63223799", "Ingeborg Huhn": "Q95193197", "Barbara Barnouin": "Q112507595", "Petra Heidrich": "Q112550638", "Birgit Schlick-Nolte": "Q113774526", "\u00c9va Valis": "Q130226441", "Paola Cagnoni": "Q3893532", "Masako Mori": "Q11540431", "Adelheid Schlott": "Q113717180", "Karin Tomala": "Q11735708", "Helga Uebach": "Q3129679", "Hildegard M\u00fcller": "Q95197120", "Dolors Folch i Fornesa": "Q18640846", "Marie-France Bonnet": "Q59768991", "Rosamond E. Mack": "Q112373391", "Renate Bauwe-Radna": "Q6451114", "Helga Trenkwalder": "Q52130875", "Janine Bourriau": "Q111985840", "Catherine Weinberger-Thomas": "Q113790209", "Bonnie S. McDougall": "Q11961881", "M\u00e1ria Ferenczy": "Q17361688", "Lucia Caterina": "Q108120986", "Elena Grozdanova": "Q12279676", "Hannelore Marzi": "Q123250466", "Tara Micha\u00ebl": "Q20241031", "Elisabeth Meier Tetlow": "Q113768651", "Rosemarie Drenkhahn": "Q113783417", "Zdenka \u0160varcov\u00e1": "Q21877523", "Iva Klinderov\u00e1": "Q95363310", "Ildik\u00f3 Pusk\u00e1s": "Q102047625", "Rika Gyselen": "Q93269533", "Gabriele Sattler": "Q94734878", "Gudula Linck": "Q95207881", "Florence Hellot-Bellier": "Q112488327", "Susan Blader": "Q112558560", "Annamaria Palermo": "Q114247086", "Lynne Thornton": "Q3269597", "Josiane Cauquelin": "Q55626493", "Kl\u00e1ra M\u00e9sz\u00e1ros": "Q106507216", "Lise Manniche": "Q98688930", "Anne-Sophie Von Bomhard": "Q108920442", "Gabriele Yonan": "Q95310314", "Irmtraut Munro": "Q1673053", "Virginia Subbs Anami": "Q8920171", "Yaeko Momota": "Q17219732", "Jennifer Wayne Cushman": "Q59629938", "Marianne Schmidt-Dumont": "Q113781164", "Lynn A. Struve": "Q18652032", "Hanna Szyma\u0144ska": "Q110040919", "Amalia Levanoni": "Q12410389", "Jana Sou\u010dkov\u00e1": "Q60678710", "Vlasta \u010cih\u00e1kov\u00e1-Noshiro": "Q95076008", "Angela Hondru": "Q18540755", "Catherine Despeux": "Q2941889", "Victoria Baldwin Cass": "Q112430354", "Ljudmila Michajlovna Jermakova": "Q112553089", "Renate S\u00f6hnen": "Q113722402", "Hertha Krick": "Q59529176", "Alida Alabiso": "Q108120975", "M\u00e1ria Szab\u00f3": "Q58431895", "Eleonora Kormysheva": "Q97207965", "Ella Landau-Tasseron": "Q12403895", "Rachel Milstein": "Q12411345", "Harriet Thelma Zurndorfer": "Q17114168", "Renate Germer": "Q108445799", "Brigitte Moser-Weithmann": "Q18223141", "Christiane Zivie-Coche": "Q50231079", "Marie-Ange Bonh\u00eame": "Q55944845", "Ann Grodzins Gold": "Q61141214", "Kay Ann Johnson": "Q122463774", "Yedida Kalfon Stillman": "Q16129185", "Tatjana Lvovna Sokolova-Deljusina": "Q4427297", "Anna R\u00e1cov\u00e1": "Q95463325", "Daphna Ben-Tor": "Q52190635", "Alessandra Cristina Lavagnino": "Q112413581", "Valerie Pellatt": "Q112495245", "Sylvia Murr": "Q59526087", "Enrica Leospo": "Q59533094", "Anne Wedell-Wedellsborg": "Q11958317", "Jadwiga Pstrusi\u0144ska": "Q40835168", "\u05e9\u05e8\u05d4 \u05d0\u05d5\u05e1\u05e6\u05e7\u05d9-\u05dc\u05d6\u05e8": "Q6926741", "Mary Elizabeth Berry": "Q30064013", "Rina Drori": "Q12411359", "Ursula R\u00f6\u00dfler-K\u00f6hler": "Q55108283", "Dominique Valbelle": "Q3035497", "Olga Zavyalova": "Q16652767", "Ana Agud": "Q5673662", "Rosemary Clark": "Q112506463", "Monica Bro\u015fteanu": "Q112540763", "Laifong Leung": "Q112556850", "Motoko Hara": "Q39607396", "Stefania Altavilla": "Q113780550", "Brigitte Dominicus": "Q113790246", "Janet Timbie": "Q113797985", "Catherine Servan-Schreiber": "Q109728558", "Elena P. Ostrovskaya": "Q62713611", "Bettina Schmitz": "Q15451804", "Judit Kemenczky": "Q1106621", "Mechthild Leutner": "Q42375545", "Grete Tartler": "Q7069599", "Sigrid Hodel-Hoenes": "Q112417401", "Susan Daruvala": "Q112447812", "\u00c9lisabeth Rochat de La Vall\u00e9e": "Q112452248", "Mary Ann Farquhar": "Q112504426", "Ann Beth Waltner": "Q112512000", "Lihi Yariv-Laor": "Q124309171", "Ikuko Okazaki": "Q17129130", "Susan Greenhalgh": "Q84299846", "Elisabeth-Christine Strau\u00df-Seeber": "Q113785485", "\u015e\u00fckran Vahide": "Q113797448", "Galina A. Belova": "Q97315366", "Stanislava Vavrou\u0161kov\u00e1": "Q95463381", "Teresa Halik": "Q9357293", "Marianna Shreve Simpson": "Q62607686", "Fran\u00e7oise Labrique": "Q55131938", "Ruth Schumann Antelme": "Q3453642", "Jolanta Sierakowska-Dyndo": "Q11728102", "Florence Maru\u00e9jol": "Q14900571", "Katelijn Vandorpe": "Q28364795", "Martina Minas-Nerpel": "Q53710050", "Hanna Jenni": "Q53766680", "Alexandra Verbovsek": "Q53799696", "Martina Ullmann": "Q53835946", "Barbara Kaulbach": "Q61875662", "Anna Maria Donadoni Roveri": "Q85468902", "Anna Gerstlacher": "Q95185867", "Maria Attardo Magrini": "Q106659504", "Paola Orsatti": "Q111804140", "Helga Gemegah": "Q112409731", "Petra H\u00e4ring-Kuan": "Q112462074", "Marie-Luise Latsch": "Q112537699", "Yi Ren": "Q112543368", "Cynthia Joanne Brokaw": "Q30506246", "Anne Birrell": "Q98240005", "Catherine Vance Yeh": "Q101236688", "Frances Pinnock": "Q108210870", "Arpen Movsesyan": "Q62060280", "M\u00e1ria Ivanics": "Q112514205", "Karen Polinger Foster": "Q53546221", "Julia Murray": "Q112130469", "Sung-sheng Chang": "Q112507893", "Jan Bardsley": "Q112565190", "Annie Montaut": "Q12413540", "Fran\u00e7oise Lauwaert": "Q55628162", "\u0410\u043c\u043e\u043d\u043e\u0432\u0430, \u0424\u0438\u0440\u0443\u0437\u0430 \u0420\u0430\u0434\u0436\u0430\u0431\u043e\u0432\u043d\u0430": "Q61135878", "Lisa K. Sabbahy": "Q113737371", "Maren Fittschen": "Q113774229", "Brunilde Neroni": "Q123752155", "Linda Manzanilla": "Q5976664", "Maria Giovanna Biga": "Q3847287", "Magdalena Stoof": "Q1883818", "Nadine Guilhou": "Q112714338", "Brigitte Templin": "Q50663057", "Sylvie Cauville": "Q106323997", "Rita E. Freed": "Q112388299", "Lidia Kasare\u0142\u0142o": "Q124343173", "Nadine Cherpion": "Q55621938", "Marilia Albanese": "Q78609216", "Marina Roseman": "Q112110587", "Silvia Wiebach-Koepke": "Q113759946", "Olga M. Davidson": "Q95204966", "Olha Lukash": "Q16705326", "Cynthia Talbot": "Q111136074", "Emily Teeter": "Q112490653", "Qin Shao": "Q112491800", "Madeline Kay Spring": "Q112543314", "Renate Syed": "Q113841824", "Alexandra Philip-St\u00e9phan": "Q2833304", "Isabelle Attan\u00e9": "Q3154863", "Annie Gasse": "Q113760806", "Fanping Chen Li": "Q113782450", "Viktoriya Lysenko": "Q4270655", "Gloria Rosati": "Q93231943", "Gis\u00e8le Hadji-Minaglou": "Q3107817", "Paola Paderni": "Q114659856", "Regine Schulz": "Q15451890", "Gudrun Wacker": "Q95190295", "Clio Whittaker": "Q112474471", "Anne Behnke Kinney": "Q112498464", "Ewa Siemieniec-Go\u0142a\u015b": "Q112534529", "Marie-Sybille de Vienne": "Q122387680", "Eva Ambros": "Q113716212", "Elisabeth Sch\u00f6mbucher": "Q113770184", "Peipei Qiu": "Q113791394", "Nancy Shatzman Steinhardt": "Q105930709", "Maria Carmela Betr\u00f2": "Q107074249", "Emma Begijanyan": "Q62067684", "Susanne Weigelin-Schwierzik": "Q88536418", "Anne Elizabeth McLaren": "Q99619053", "Christine Mollier": "Q112432715", "Emilija Emilova Siljanova": "Q112481791", "\u00c1gnes Kelecs\u00e9nyi": "Q112513474", "Christine Kontler": "Q112533658", "Heike Sternberg-el Hotabi": "Q1594581", "Sylvia Schoske": "Q15449525", "Ingelore Hafemann": "Q113781187", "Mari Kristin Arat": "Q113803261", "Ylva Monschein": "Q113803735", "Tat\u02b9jana Aleksandrovna Pan": "Q113821274", "Malinee Goswami": "Q113831218", "Josefine Kuckertz": "Q113836313", "J\u00falia Bartha": "Q124596412", "Aida Ba\u011f\u0131rova": "Q64765370", "\u041d\u0430\u0442\u0430\u043b\u0438\u044f \u0421\u0435\u0440\u0433\u0435\u0435\u0432\u043d\u0430 \u042f\u0445\u043e\u043d\u0442\u043e\u0432\u0430": "Q97206721", "Susanne Hornfeck": "Q95207228", "Adele Schlombs": "Q95207808", "Marie-Dominique Even": "Q100321321", "Ingrid Fischer-Schreiber": "Q88345", "Danuta Stasik": "Q9201746", "Renate M\u00fcller-Wollermann": "Q113734919", "Lucie Olivov\u00e1": "Q67197467", "Karine Gevorgyan": "Q116786083", "Verena Klemm": "Q5675690", "Zdenka Klimtov\u00e1": "Q95463316", "\u0413\u043b\u0430\u0434\u043a\u043e\u0432\u0430 \u0415\u043b\u0435\u043d\u0430 \u041b\u044c\u0432\u043e\u0432\u043d\u0430": "Q84725089", "Gillian Wright": "Q112416509", "Dagmar Lorenz": "Q112460989", "Ruth Hallo": "Q112478594", "Rey Chow": "Q112558868", "Yenna Wu": "Q112559096", "Christa M\u00fcller-Kessler": "Q113717535", "Priska Furrer": "Q113814105", "Ursula Verhoeven-van Elsbergen": "Q1468852", "Tatiana Simbirtseva": "Q40036618", "Kinga D\u00e9v\u00e9nyi": "Q112453234", "Ulrike Horak": "Q59525087", "Marianne Bujard": "Q20435932", "Sibylle Spindler": "Q95188636", "Schirin H. Fathi": "Q112482116", "Jadranka \u010cavi\u0107": "Q112534838", "Isolde Lehnert": "Q113841636", "Garrie van Pinxteren": "Q127688907", "Gabriele Wenzel": "Q1350998", "Roberta L. Shaw": "Q3436798", "Karin Preisendanz": "Q69427273", "Almuth Degener": "Q89035343", "Joanna Aksamit": "Q112411214", "JeeLoo Liu": "Q113783516", "Zeina Matar": "Q113812795", "Isabelle Thireau": "Q108575621", "Heike Behlmer": "Q55147114", "Blanka Knotkov\u00e1-\u010capkov\u00e1": "Q95176935", "B\u00e9n\u00e9dicte Vilgrain": "Q36696828", "Gra\u017cyna Zaj\u0105c": "Q90039372", "\u013dubica Obuchov\u00e1": "Q112363483", "Eva Schober": "Q112464297", "Kerima Filan": "Q112480160", "Angelika Brodersen": "Q113782684", "Luisa Bienati": "Q121338357", "Barbara Schmitt-Englert": "Q124733687", "Barbara Meisterernst": "Q55232460", "Ute Pietruschka": "Q99961945", "Heidi Josua": "Q113746652", "Caris-Beatrice Arnst": "Q113766386", "Zora \u010cerm\u00e1kov\u00e1": "Q95487126", "Kl\u00e1ra Mac\u00fachov\u00e1": "Q95457241", "Zsuzsanna Renner": "Q63067050", "Anne-H\u00e9l\u00e8ne Su\u00e1rez": "Q5696407", "Alicia Relinque Eleta": "Q28744772", "Christine Li": "Q70352317", "Rosa Caroli": "Q93220259", "Lucie Hlavat\u00e1": "Q112363480", "Edith Bernhauer": "Q112411420", "Deborah Garfinkle": "Q112421463", "Catherine Breniquet": "Q112488816", "Antje Richter": "Q112507673", "Halina Ewa Marlewicz": "Q112512540", "Jennifer Lynn Eichman": "Q113838036", "Claudia Maderna-Sieben": "Q113844207", "Izabella Dorota \u0141ab\u0119dzka": "Q123924542", "Barbara Geilich": "Q124855535", "Margaret Jaques": "Q113783763", "Fran\u00e7oise Bott\u00e9ro": "Q124628138", "Giuseppina Capriotti Vittozzi": "Q106476877", "Sv\u011btlana Havl\u00ed\u010dkov\u00e1": "Q95170744", "Linda Evans": "Q43124639", "Friederike Seyfried": "Q1457096", "Martina Hasse": "Q95201928", "Christine Berg": "Q95204766", "Susanne Zeilfelder": "Q95210050", "Nathalie Chahine": "Q112414095", "Vesna Miovi\u0107-Peri\u0107": "Q112477644", "Carine Defoort": "Q112490411", "Barbara Krei\u00dfl": "Q112528016", "Ding Xiang Warner": "Q112531621", "Margarete Pr\u00fcch": "Q113398986", "Bettina Zorn": "Q124854959", "Angelika C. Messner": "Q66425516", "Marina Svensson": "Q113797469", "\u00c1gnes Birtalan": "Q20435714", "Patricia Angela Sieber": "Q113794545", "Tine Bagh": "Q113797953", "Patrizia Piacentini": "Q83643769", "Mette Halskov Hansen": "Q52768602", "Friederike Werner": "Q65515740", "Helena Heroldov\u00e1": "Q112380340", "Ying Hu": "Q112515141", "A. Schimmelpenninck": "Q112522408", "Catherine Bourzat": "Q112547163", "Henri\u00ebtte Hendriks": "Q55621186", "Gerlinde Baumann": "Q63869445", "Martina Darga": "Q113715418", "Dorothee Schaab-Hanke": "Q123412064", "Joanna Jurewicz": "Q19268230", "Gotelind M\u00fcller-Saini": "Q88536420", "Tatjana Pai\u0107-Vuki\u0107": "Q112453187", "Gaby Stra\u00dfburger": "Q112483572", "Carola Nafroth": "Q113844543", "C\u00e4cilia Fluck": "Q113733460", "Karin Hasselblatt": "Q113777573", "Gabriele Goldfu\u00df": "Q113790972", "Laura Bottini": "Q93222155", "Petra M\u00fcllerov\u00e1": "Q95392394", "Marie-France Latronche": "Q112760416", "Melin\u00e9 Pehlivanian": "Q95205290", "Daria Berg": "Q112506405", "Alice Gr\u00fcnfelder": "Q112530793", "Agata Bareja-Starzy\u0144ska": "Q112560323", "Irmy Schweiger": "Q113717278", "Isabel Hess-Friemann": "Q113736565", "Valentina Georgieva": "Q113786482", "Angela Schottenhammer": "Q21253491", "Ute H\u00fcsken": "Q58326474", "Silke Roth": "Q105592832", "Noreen Doyle": "Q112452825", "Charlotte Schmid": "Q112487968", "Astrid Lipinsky": "Q112508335", "Barbara Segaert": "Q112522170", "Nicole Alexanian": "Q113838113", "Yuria Mori": "Q11540179", "Loreta Po\u0161kait\u0117": "Q20503432", "Cathie Spieser": "Q113716058", "Anke Ilona Bl\u00f6baum": "Q113808143", "Mar\u00eda Luz Mangado Alonso": "Q113814720", "Sandrine Marchand": "Q63345358", "Paola Scrolavezza": "Q124077497", "Natascha Gentz": "Q21264448", "Anja Amend-Traut": "Q89032584", "Irene Sch\u00f6nberger": "Q95199261", "Friederike Bubenheimer-Erhart": "Q101289790", "Regina H\u00f6lzl": "Q106727235", "Sabina Hynkov\u00e1": "Q112366670", "Lucie Andr\u0161ov\u00e1": "Q112445762", "\u00c9va Liptay": "Q112450619", "Katalin Anna K\u00f3thay": "Q112481558", "Eva Aggeklint": "Q112494764", "Nicola Spakowski": "Q112516407", "Gabriele Thelen": "Q112520709", "Sabine Hesemann": "Q112540183", "Anna M. Shields": "Q112554710", "\u0417\u0456\u0444\u0430-\u0410\u043b\u0443\u0430 \u041c\u0443\u0440\u0430\u0442\u0430\u045e\u043d\u0430 \u0410\u045e\u044d\u0437\u0430\u0432\u0430": "Q124606083", "Outi Luova": "Q125554353", "Galina Mi\u0161kinien\u0117": "Q20503395", "Amanta-Alik\u0113 Marabelia": "Q113767366", "Andrea Kucharek": "Q113782197", "Renata Czekalska": "Q11834196", "Kinga Paraskiewicz": "Q20640246", "Aude Gros de Beler": "Q2870704", "Ronit Ricci": "Q106513139", "\u0646\u0648\u0631\u0627 \u0622\u0631\u06cc\u0633\u06cc\u0627\u0646": "Q63720439", "G. Sophia Vashalomidze": "Q93234367", "Sibylle Wentker": "Q95197116", "Valeria Cortese": "Q112403498", "Patricia Schiaffini-Vedani": "Q112445616", "Iris Hopf": "Q112472170", "Iris Wieczorek": "Q113717697", "Emma Jinhua Teng": "Q113766594", "Ema Miljkovi\u0107": "Q113833216", "Marianne Michel": "Q3291315", "Angelika Lohwasser": "Q534440", "Tiina Hyyti\u00e4inen": "Q112465882", "Jelena Vladimirovna Suponina": "Q112466049", "Monika G\u00e4n\u00dfbauer": "Q72666939", "Nicole Brisch": "Q113829602", "Chiara Ghidini": "Q114246354", "Irene Forstner-M\u00fcller": "Q6468631", "Martina Wernsd\u00f6rfer": "Q113777980", "Daniela Zhang Czir\u00e1kov\u00e1": "Q116858871", "Federica Passi": "Q124304378", "Riika J. Virtanen": "Q112486769", "Mercy Kuo": "Q112503928", "Sarah M. Allen": "Q112521298", "Eileen Cheng": "Q112556848", "Carmen Meinert": "Q94237193", "Florence Gombert": "Q113791928", "Andrea-Christina Thiem": "Q113795584", "Zsuzsanna Kutasi": "Q114905707", "Tiziana Pontillo": "Q106468567", "Claire Saillard": "Q100149427", "Paola Maria Brunello": "Q112368607", "Elena Hidv\u00e9ghyov\u00e1-Yung": "Q112463763", "Jana Benick\u00e1": "Q112498173", "Junru Liu": "Q112518258", "Curie Vir\u00e1g": "Q113845363", "Claudia N\u00e4ser": "Q1097671", "Silke Strickrodt": "Q61160448", "Katrin Fiedler": "Q113716670", "Uta Werlich": "Q113766789", "Kathryn Edgerton-Tarpley": "Q111279625", "Kristina Sandklef": "Q109841699", "Sabine Hornung": "Q47500974", "Florence Graezer Bideau": "Q105992666", "Olivia Jeanette Zorn": "Q112396209", "Katharina Zinn": "Q112506604", "Deborah Vischak": "Q112558468", "Giuseppina Lenzo": "Q113838153", "Suzana Hodak": "Q98755090", "Rochona Majumdar": "Q116314626", "Paola Buzi": "Q62559620", "Ester Bianchi": "Q109545279", "Sofia H\u00e4ggman": "Q112450376", "Agnieszka Kuczkiewicz-Fra\u015b": "Q112539180", "Rachael Hutchinson": "Q112546656", "Margaret Hillenbrand": "Q112550049", "Christiane von Pfeil": "Q124846129", "Jana Helmbold-Doy\u00e9": "Q99393289", "Sabine Kubisch": "Q113776008", "Elisabetta Ragagnin": "Q113776928", "Amina Yaqin": "Q113783224", "Alhena Gadotti": "Q113794968", "Rita Lucarelli": "Q113800510", "Mirjana Ne\u0161i\u0107": "Q113828974", "Francesca Longo Auricchio": "Q106727418", "Borb\u00e1la Obrus\u00e1nszky": "Q20435206", "Annunziata Rositani": "Q108339539", "Sandra Sandri": "Q93253594", "Claudia Kreuzsaler": "Q112485746", "Shiamin Kwa": "Q112516016", "Hanane Gaber": "Q55231199", "Nicoletta Gandolfo": "Q127448036", "P\u00e9n\u00e9lope Riboud": "Q84494101", "Caroline Mac\u00e9": "Q104561948", "\u00c1gnes Gaura": "Q56392157", "\u041a\u0456\u0440\u043d\u043e\u0441\u043e\u0432\u0430 \u041d\u0430\u0434\u0456\u044f \u0410\u043d\u0430\u0442\u043e\u043b\u0456\u0457\u0432\u043d\u0430": "Q65201711", "Kristin Shi-Kupfer": "Q22236697", "Maren Schentuleit": "Q53939661", "Sabine Wienand": "Q93258608", "Fumiko J\u014do": "Q112513974", "Gwenola Graff": "Q112518328", "Rotraud Elisabeth Hansberger": "Q112557758", "Anne Goddeeris": "Q113779759", "Sylvie Donnat": "Q113837950", "Mihoko Oka": "Q11993277", "Tamara Pataridze": "Q113758591", "Kelly-Anne Diamond Reed": "Q113792440", "Katarzyna Aleksandra Meyer-Hubbert": "Q113794619", "Ga\u00eblle Tallet": "Q113823423", "Alexandra von Lieven": "Q2643704", "Gulnur Mahmud": "Q65277516", "Konul Bunyadzade": "Q129825", "Lucie Kellnerov\u00e1 Kalvachov\u00e1": "Q112384510", "Gundula Zeeck": "Q112413314", "Bettina Ventker": "Q112489824", "\u0160\u00e1rka Velhartick\u00e1": "Q112499891", "Petra Poll\u00e1kov\u00e1": "Q120589465", "Doris Mischka": "Q37792279", "Mary Kupelian": "Q113718232", "Annik W\u00fcthrich": "Q113802821", "Zuzana Vokurkov\u00e1": "Q95434538", "Zuzana Li": "Q112389651", "Marine Jibladze": "Q110857666", "Sandra Luisa Lippert": "Q53939645", "Alexia Pavan": "Q108730719", "Marleen De Meyer": "Q66304962", "Ilona Regulski": "Q99582786", "Alessandra Cappelletti": "Q112343427", "Kl\u00e1ra \u0160ime\u010dkov\u00e1": "Q112406110", "Petra Martincov\u00e1": "Q112409095", "Amy Motlagh": "Q112475999", "Ute Wallenb\u00f6ck": "Q112544340", "Katja Sternitzke": "Q113846210", "Renata Landgr\u00e1fov\u00e1": "Q84571820", "Isabelle R\u00e9gen": "Q113801099", "Chloe Froissart": "Q115639234", "Marine Marabyan": "Q55081329", "Jana Myn\u00e1\u0159ov\u00e1": "Q60584426", "Michaela Pej\u010dochov\u00e1": "Q110850231", "Martina  Bofulin": "Q111397689", "Zuzana Drahovzalov\u00e1": "Q112387903", "Magdal\u00e9na Frouzov\u00e1": "Q112391617", "Alice Cartocci": "Q112425642", "Nora Melnikova": "Q112513069", "Elizabeth A. Waraksa": "Q113779281", "Laura Mach\u00e1\u010dkov\u00e1-Henderson": "Q60000465", "Tinatin Karosanidze": "Q61138119", "Helena Motoh": "Q18507918", "Maria Kurpaska": "Q93373167", "Naira Karapetyan": "Q55040802", "Lenka Varadzinov\u00e1": "Q95397870", "Jenny Rahel Oesterle": "Q95207011", "Patricia Berg": "Q112430543", "Sabina Dvo\u0159\u00e1kov\u00e1": "Q112438994", "Nina Kopp": "Q112448123", "Eva Mally": "Q112471485", "Pavl\u00edna Kr\u00e1msk\u00e1": "Q112473029", "Marion Hesse-Zwillus": "Q112516460", "Ning Ma": "Q112524309", "Vanessa Desclaux": "Q112616353", "Maria Elena Balza": "Q113793373", "Giulia Francesca Grassi": "Q113795390", "Luisa M. Paternic\u00f2": "Q113808726", "Krisztina Teleki": "Q113760563", "Hana Nov\u00e1kov\u00e1": "Q108474444", "T\u00e1\u0148a Dluho\u0161ov\u00e1": "Q95143806", "Kamila Hlad\u00edkov\u00e1": "Q95468065", "Jana He\u0159manov\u00e1": "Q112536158", "Bianca Devos": "Q113774297", "Veronika Dul\u00edkov\u00e1": "Q59201576", "St\u00e9phanie Porcier": "Q104891188", "Agnete W. Lassen": "Q113739605", "Anne L\u00f6hnert": "Q113792985", "Nadezda Rudik": "Q113830925", "Sophie Richardson": "Q117222151", "Sabine Herrmann": "Q107207939", "Genia Kostka": "Q72192704", "Afsana Mammadova": "Q12849895", "\u0410\u043f\u043e\u043b\u043b\u0438\u043d\u0430\u0440\u0438\u044f \u0421\u0435\u0440\u0433\u0435\u0435\u0432\u043d\u0430 \u0410\u0432\u0440\u0443\u0442\u0438\u043d\u0430": "Q28495057", "Carmela Mastrangelo": "Q108669245", "Ilaria Incordino": "Q109414155", "Lara Weiss": "Q63436522", "Franziska Naether": "Q112516230", "Claire Somaglino": "Q112560836", "H\u00e9l\u00e8ne Bouillon": "Q112562639", "Marie-Pierre Chaufray": "Q113843333", "Barbara Magen": "Q113784994", "Paola Paoletti": "Q113797624", "Hanne Chen": "Q95089777", "Mariagrazia Costantino": "Q113853679", "Stefania Cavaliere": "Q115858847", "Sylke Gruhnwald": "Q58490890", "Saira Basit": "Q110788015", "Giada Messetti": "Q117834520", "Johanna Sigl": "Q113785491", "Asl\u0131g\u00fcl Aysel": "Q113792924", "Luc\u00eda D\u00edaz-Iglesias": "Q113831298", "Emily Wilcox": "Q125543386", "Federica Facchetti": "Q108816989", "Melinda Pap": "Q17361758", "Hilary Kalmbach": "Q113748177", "Margherita Farina": "Q107983532", "Katarzyna Javaheri": "Q28812416", "Susanne T\u00f6pfer": "Q108338072", "Petra Haj\u0161manov\u00e1": "Q112432259", "Meng Ji": "Q112520153", "Jin Cao": "Q112532061", "Liana Saif": "Q113846691", "Carolina Teotino": "Q124253716", "Charl\u00e8ne Cassier": "Q113734318", "Daniela C. Luft": "Q113779195", "Nina Mirnig": "Q113824634", "Agnese Vacca": "Q108210679", "Jana Suv\u00e1kov\u00e1": "Q95157185", "Ariane Thomas": "Q112043327", "Darima Dambinimajevna Dor\u017eijeva": "Q112523205", "Anna Grasskamp": "Q112539692", "Mareike Wagner": "Q113841665", "Florinda De Simini": "Q113811406", "Elena Tiribilli": "Q108816997", "Julia Veihelmann": "Q95186769", "Christin T\u00f6lle-Beruf": "Q95202624", "Leire Olabarria": "Q112343964", "Ana\u00efs Tillier": "Q124958235", "Anne-Birte Binder": "Q113718362", "Nadia Bou Ali": "Q113737656", "Ana Krstinovska": "Q118429836", "Fariba Mosleh": "Q95210272", "Lea Pao": "Q112524446", "Susanne Beck": "Q112536973", "Lubica Hud\u00e1kov\u00e1": "Q113844137", "Huiyi Wu": "Q113846145", "Eva Tenzin": "Q95148231", "Verena Veludo": "Q113423702", "Giorgia Cafici": "Q108339177", "Zuzana Janou\u0161kov\u00e1": "Q112479925", "Helena Hadvigov\u00e1": "Q112528277", "Lena Kuhn": "Q112529176", "B\u00e9n\u00e9dicte Lhoyer": "Q125926323", "Yvonne Vosmann": "Q113733868", "Ann-Katrin Gill": "Q113801795", "Sonja Guth": "Q113823520", "Valentina Oselini": "Q108212331", "Dana B\u011blohoubkov\u00e1": "Q95386847", "Zuzana Posp\u011bchov\u00e1": "Q112509566", "Marie Peterkov\u00e1 Hlouchov\u00e1": "Q112536737", "Elyze Zomer": "Q112542222", "Eloisa Casadei": "Q108212195", "Lenka Matou\u0161kov\u00e1": "Q95472384", "Nina \u0160pit\u00e1ln\u00edkov\u00e1": "Q59270058", "Jana \u0160\u010digulinsk\u00e1": "Q112485563", "Julia Linder": "Q113844463", "Sangseraima Ujeed": "Q113761247", "Sara Schulthess": "Q113834314", "Rakel Haslund-Gjerrild": "Q110746220", "Dominika Sakm\u00e1rov\u00e1": "Q116961302", "Emma Hanzl\u00edkov\u00e1": "Q95156937", "Diana Ser\u00f4dio": "Q113844862", "Zuzana \u0160ebestov\u00e1": "Q112537171", "Martina \u010cerv\u00edkov\u00e1": "Q112537161", "Sophie Griselle": "Q115562247", "Klaudia Klimek": "Q106838962", "Hannelore Kischkewitz": "Q65926264", "Anja Senz": "Q77104908", "Margaret Mary Larkin": "Q89409187", "Jowita Kramer": "Q92541998", "Heidi K\u00f6pp-Junk": "Q101112790", "Tatiana Oranskaia": "Q104628688", "Dina Faltings": "Q113841666", "Mayke Wagner": "Q1802981", "Barbara Helwing": "Q13522600", "Sylvia Couchoud": "Q3507212", "Loredana Sist": "Q3836820", "Valentina Veniaminovna Chernovskaya": "Q4513876", "\u05e2\u05de\u05d9\u05e8\u05d4 \u05e9\u05d7\u05e8": "Q6680995", "Fran\u00e7oise Sabban": "Q15406908", "Marie-Claire Kuo Quiquemelle": "Q18014948", "\u041c\u0430\u0440\u0433\u0430\u0440\u0438\u0442\u0430 \u0414\u043c\u0438\u0442\u0440\u0438\u0435\u0432\u043d\u0430 \u041b\u0430\u0433\u0443\u0442\u043a\u0438\u043d\u0430": "Q24034788", "Petra Kieffer-P\u00fclz": "Q29904503", "Susan Redford": "Q42330280", "Anne Kerlan": "Q46032488", "Sriparna Pathak": "Q47489030", "Karen Exell": "Q54166064", "Elsa Or\u00e9al": "Q55622031", "Diana Arghiresco": "Q55722562", "Jennifer Hellum": "Q58979058", "Katika K\u00fchnreich": "Q59496642", "Sara Rovira Esteva": "Q63977675", "Evelin Hust": "Q64836082", "Helen H. Shen": "Q66545487", "Xiaohong Xiao-Planes": "Q69577818", "Naoko Yamazaki": "Q78035009", "Irmgard Hein": "Q83970522", "May Holdsworth": "Q87069503", "Aldyth M. Cadoux": "Q95645991", "Irmgard Engelke": "Q95659290", "Susanne Kern": "Q95672365", "Caren Dreyer": "Q95672460", "Maria Mogensen": "Q95698919", "Ursula Sims-Williams": "Q95701890", "Michaela Hoffmann-Ruf": "Q95748085", "Tineke D'Haeseleer": "Q96625458", "Haruna Honcoop": "Q96676813", "Yiqun Zhou": "Q96776307", "Deborah Lynn Porter": "Q98688499", "Roswitha G. Stiegner": "Q101112971", "Johanna Holaubek": "Q101113065", "Stephanie Zesch": "Q101221671", "Val\u00e9rie Angenot": "Q104796298", "Aur\u00e9lie Samuel": "Q104825408", "Melissa S. Dale": "Q105091021", "Heba Abd el Gawad": "Q105093480", "Edith Wong-Hee-Kam": "Q105821815", "Liliana Rosso Ubigli": "Q106457351", "Hourig Sourouzian": "Q106463570", "Adrienn Alm\u00e1sy-Martin": "Q106504996", "Catherine Legeay-Guillon": "Q106633840", "Loretta Paderni": "Q106781403", "Maria Cristina Guidotti": "Q106920303", "Sarah Ketchley": "Q107259308", "Denise Le Lasseur": "Q107294101", "Agnes Weiyun He": "Q107609102", "Rossana Tufaro": "Q108041920", "Sara Pizzimenti": "Q108208559", "Marta D'Andrea": "Q108210989", "Maria Gabriella Micale": "Q108211122", "Amalia Catagnoti": "Q108339392", "Flora Silvano": "Q108341347", "Justyna Szczudlik": "Q108628901", "Simona Lamante": "Q108770906", "Zeinab El-Kordy": "Q109014703", "Heba Nouh": "Q109014994", "Katja Goebs": "Q109301656", "Anna Zyw Melo": "Q109614477", "Archana Venkatesan": "Q109810497", "Andrea G. McDowell": "Q109987700", "Gabriella Di Flumeri Vatielli": "Q109989973", "Cynthia D. Packert": "Q109995860", "Avital Romach": "Q110233548", "Elena Mucciarelli": "Q110866579", "\u00c9milie Testard": "Q110952225", "Nora Taylor": "Q111077255", "Junko Oikawa": "Q111112462", "Martha Selby": "Q111136451", "Izabela Ko\u0144czak": "Q111985733", "Daisy Yan Du": "Q112115399", "Katar\u00edna Arias Kytnarov\u00e1": "Q112247524", "Maria Czapkiewicz": "Q112445042", "Marcela Stolzov\u00e1": "Q112472717", "Kamila Junik": "Q113144924", "Petra Barthelmess": "Q113258775", "Leonie Donovan": "Q113718088", "Catherine Defernez": "Q113732980", "Alexa Th\u00fcsing": "Q113733040", "Jennifer Cromwell": "Q113733421", "Marianne Eaton-Krauss": "Q113734926", "Angela M. J. Tooley": "Q113735375", "Katiuscia Carna": "Q113736268", "Zekine \u00d6zertural": "Q113736408", "Christina Geisen": "Q113737054", "Krisztina Hevesi": "Q113737279", "Ina Hegenbarth-Reichardt": "Q113738249", "Steffie van Gompel": "Q113738355", "Claire Malleson": "Q113740829", "Helga Willingh\u00f6fer": "Q113748089", "Florence Doyen": "Q113749152", "Vivienne G. Callender": "Q113750747", "Madadh Richey": "Q113750994", "Coralie Schwechler": "Q113751849", "Judith M. Boltz": "Q113751906", "Channa Li": "Q113752053", "Tamara Abu-Hamdeh": "Q113752164", "Catherine Graindorge-H\u00e9reil": "Q113752363", "Katrin Laatsch": "Q113753574", "Kristin Hissong": "Q113758960", "Marina Escolano-Poveda": "Q113759022", "Jessica Dvorak Moyer": "Q113759447", "Yasmin Koppen": "Q113759571", "\u00c1ngeles Jim\u00e9nez-Higueras": "Q113760074", "Anne Herzberg-Beiersdorf": "Q113761113", "Xiaojing Miao": "Q113761136", "Julia Dorothea Preisigke-Borsian": "Q113761146", "Dagmar Schwerk": "Q113761851", "Julia\u200f Hsieh": "Q113762001", "Paola Ivanov": "Q113769204", "Martina Siebert": "Q113770547", "Sandra Breitenbach": "Q113773083", "Barbara L\u00fcscher": "Q113774028", "Kirsten Konrad": "Q113774186", "Friederike Herklotz": "Q113774596", "Alexandra K\u00fcffer": "Q113775157", "Sue D'Auria": "Q113775530", "Eva-Maria Engel": "Q113775535", "Andrea-Mercedes Riegel": "Q113777765", "Mariam F. Ayad": "Q113779636", "Elisa Fiore Marochetti": "Q113780229", "Ayg\u00fcl S\u00fcel": "Q113783126", "Heike Wilde": "Q113783722", "Ghada Osman": "Q113783939", "Fai\u034f\u0308ka Croisier": "Q113784234", "Mitra Ara": "Q113786967", "Eve A. E. Reymond": "Q113789833", "Helen Strudwick": "Q113790586", "Simone St\u00f6hr": "Q113791307", "Xiaofei Kang": "Q113791384", "Christine Beinlich-Seeber": "Q113794526", "Melinda K. Hartwig": "Q113796224", "Jutta Wintermann": "Q113796897", "Michela Zago": "Q113798125", "Laetitia Martzolff": "Q113801399", "Rozenn Bailleul-LeSuer": "Q113802005", "Maria Michela Luiselli": "Q113803061", "Regina Krahl": "Q113803235", "Patricia Rigault-D\u00e9on": "Q113806718", "Kim McCorquodale": "Q113806842", "Henrike Simon": "Q113807816", "Ute Effland": "Q113808616", "Gerda Wielander": "Q113808894", "Mary Anne Cartelli": "Q113809600", "Joanne Smith Finley": "Q113809693", "Joanna D\u0119bowska-Ludwin": "Q113810717", "Julie Faith Parker": "Q113810944", "Verena Brenner": "Q113811917", "Dina el Gabry": "Q113811992", "Ewa Laskowska-Kusztal": "Q113812848", "Barbara Lichocka": "Q113813023", "Sandra Coussement": "Q113814605", "Nicole Kloth": "Q113820442", "Beatrix Gessler-L\u00f6hr": "Q113823012", "Grace Yen Shen": "Q113823779", "Rashi Rohatgi": "Q113823892", "Petra Goedegebuure": "Q113824223", "Kathryn E. Piquette": "Q113827923", "Jayeeta Gangopadhyay": "Q113828163", "Shih-Wei Hsu": "Q113828650", "Rapha\u00eble Meffre": "Q113829295", "Irina Ko\u0161orije": "Q113829314", "Vittoria Luisa Guidetti": "Q113831051", "Mareike Krebs": "Q113831346", "Janne Arp-Neumann": "Q113831398", "Daniela Rutica": "Q113832803", "Neelima Shukla-Bhatt": "Q113833602", "Karen Focke": "Q113834148", "Shirin Sanati": "Q113835156", "Sara Nur Y\u0131ld\u0131z": "Q113836346", "Claire Gottlieb": "Q113836561", "Carla Gallorini": "Q113838141", "France Jamen": "Q113838320", "Amy J. Pettman": "Q113838371", "Ines A\u0161\u010deri\u0107-Todd": "Q113838694", "Ronie Parciack": "Q113838932", "Hatsuki Aishima": "Q113838960", "Rana S\u00e9rida": "Q113841971", "Sylvie Lackenbacher": "Q113843071", "Christine van Ruymbeke": "Q113843541", "Frederike-Wiebke Daub": "Q113843574", "Nadine E\u00dfbach": "Q113843790", "Chiori Kitagawa": "Q113844088", "Andrea Kahlbacher": "Q113844138", "Esther-Maria Guggenmos": "Q113844537", "Susanne Gr\u00e4bner": "Q113844811", "Marie-Jeanne Roche": "Q113845181", "H\u00e9l\u00e8ne Virenque": "Q113845774", "Elise Yoko Watanabe": "Q113846886", "Bo\u017cena \u015aliwczy\u0144ska": "Q114089143", "Grazia Giovinazzo": "Q114248362", "Rosanna Pirelli": "Q114650593", "Magda Abbiati": "Q115012210", "Liudmila V. Khokhlova": "Q115488653", "Petra And\u011blov\u00e1": "Q116259519", "Chiara Piccinini": "Q116767033", "Rosa Lombardi": "Q116922617", "Julia Hamilton": "Q118097851", "Sarah Eaton": "Q118298512", "B\u00e9r\u00e9nice Angremy": "Q118541596", "Wiebke Denecke": "Q120070480", "Julie Tomsov\u00e1": "Q120601387", "Lucie Jir\u00e1skov\u00e1": "Q120602242", "Elinor Greenwood": "Q120603715", "Diana M\u00ed\u010dkov\u00e1": "Q120607654", "Dorotea Wollnerov\u00e1": "Q120607655", "V\u011bra Nov\u00e1kov\u00e1": "Q120610950", "Gabriele Pieke": "Q120610954", "Martina Bardo\u0148ov\u00e1": "Q122400755", "Joanna Nawrotkiewicz": "Q123699830", "Isabella Doniselli Eramo": "Q123764481", "Giulia Baccini": "Q124077414", "Julie Renee Anderson": "Q124098695", "Jana Jones": "Q124425992", "Florine Mar\u00e9chal": "Q124718869", "Elaine Sullivan": "Q125053865", "Roberta Wue": "Q125209368", "Barbara Watterson": "Q125209683", "Anke Kausch": "Q125210230", "Catherine Churchman": "Q126249483", "Julie Lefort": "Q127510095"}