{"Margarethe Besan\u00e7on de Wagner": "", "Erika Varga": "", "Rajcs Ren\u00e1ta": "", "Ang\u00e9lique Babel": "", "Maria Elisabeth Soodt": "", "Neeltje Willemina van Kralingen": "", "Marja Frederika Schellink": "", "Franziska Noll Gross": "", "M.C. de Kolff - van Dam": "", "M. Stuttmann-Senault": "", "Marie Nunziante": "", "C.M. Berke": "", "Marie-Berthe Montagne Roux": "", "Suzanne Pellin": "", "Anna Elisabeth Driehuys-de Bock": "", "Ida Kuranda": "", "Olivia Frances Tonge": "", "Marthe Callot Bertrand": "", "Leonarda Veenendaal": "", "Marie de Solar": "", "Anna Cornelia Vis": "", "Regina Callot Tennyson-Chantrell": "", "Carrie Kennedy": "", "Jos\u00e9phine Callot Crimont": "", "Pauline Fl\u00f6ge": "", "Kristine Dahl": "", "Fia Wille": "", "Madame Renaud": "", "Lilli Behrens": "", "Marie Callot Gerber": "", "Suzanna Maria Knotter": "", "Helene Fl\u00f6ge": "", "Catharina Kruysveldt-de Mare": "", "Marie von Geldern-Egmond": "", "Marianne Zels": "", "Louise Boulanger": "", "Madame Marg\u00e9": "", "Gerarda Hermina Smit": "", "Jeanne Hall\u00e9e": "", "Hana Podolsk\u00e1": "", "Emmy Schoch": "", "Maria Adelaide Giuseppa Nielli": "", "Jenny Haesely": "", "Germaine Bongard": "", "Yordanka Manolova": "", "Fanny Fern Fitzwater": "", "Judith Fletcher": "", "Catharina Elisa van den Berg-Boutmy": "", "Lalla Ericsson": "", "Peggy Hunt": "", "Aili-Salli Ahde-Kj\u00e4ldman": "", "Eva Frieberger": "", "Gertrud Kornhas-Brandt": "", "Gret Kalous": "", "Madeleine Louise Jeannest": "", "Edna Marie Dunn": "", "A.E. Vermeulen-Claessen": "", "Flora Villarreal Medina": "", "Adele List": "", "Helen Cookman": "", "Erna Kopriva": "", "Helen Bond Carruthers": "", "Fritzi Berger": "", "Ana de Pombo": "", "Gertrud Pesendorfer": "", "Heddi Hirsch": "", "Leentje de Vries": "", "Kl\u00e1ra Zsindelyn\u00e9 T\u00fcd\u0151s": "", "Mar\u00eda Rosa Cazamor": "", "Eline Cremers": "", "Adele Casagrande": "", "May Lemmen-de Wit": "", "Jadwiga Grabowska": "", "Anna Tannenberg": "", "Lucille Manguin": "", "Dora van de Ven": "", "Haranghy Erzs\u00e9bet": "", "Marg von Schwerin": "", "Bo\u017eena Rothmayerov\u00e1": "", "E. M. A. Steinmetz": "", "Yvonne Davidson": "", "Bep Denis": "", "Hannah Troy": "", "Paulette": "", "Gina Klaber-Thusek": "", "Mar\u00eda Clara Trivi\u00f1o": "", "ChinaSweets": "", "Lydia Lav\u00edn": "", "Addie Masters": "", "Eleonora Garnett": "", "Lydia Dickman": "", "Lien Berg\u00e9-Farwick": "", "Ada Vera Bernstein Viterbo": "", "Sueko \u014ctsuka": "", "Asunci\u00f3n Bastida i Pibernat": "", "Carme Mir i Llusada": "", "Kl\u00e1ra Rotschild": "", "Elise Topell": "", "mw Roozen-Witteveen": "", "Muguette Buhler": "", "Fridl Loos": "", "Laura Aponte": "", "Maria Gallia": "", "Fini Leitersdorf": "", "Zde\u0148ka Houskov\u00e1": "", "Chiyo Tanaka": "", "Els Gerhardt-Lutkie": "", "Marguerite Rostan": "", "Franti\u0161ka Inka B\u00e1lkov\u00e1": "", "Aili Pekonen": "", "Suzanne Luling": "", "Haru Isomura": "", "Beatrix Dani\u00eblle van Voorst van Beest": "", "T\u00e2n H\u0113ng-chhun": "", "Adele Filene": "", "Y\u014dko Kuwasawa": "", "Giovanna Caracciolo": "", "Margaret Mullin": "", "Gertrude Shilling": "", "Maria de Haan": "", "Elfriede Fischinger": "", "Cloteele T. Raspberry": "", "Lila Bath": "", "Berthe De Camps": "", "Zoe Fontana": "", "\u0424\u0435\u0434\u043e\u0440\u0447\u0430\u043a-\u0422\u043a\u0430\u0447\u043e\u0432\u0430 \u041c\u0430\u0440\u0456\u044f \u0412\u0430\u0441\u0438\u043b\u0456\u0432\u043d\u0430": "", "Grietje Statema": "", "Ersilia Savina Rodante": "", "Anne Verdi": "", "Cleo Romagnoli": "", "Tonny Waagemans": "", "Alice Dunn Adler": "", "Bo\u017eena Vavre\u010dkov\u00e1": "", "Clara Centinaro": "", "Jekke Geertje de Miranda-van Dijk": "", "Yoshimi Fukutomi": "", "Ada Masotti": "", "Bo\u017ea Ko\u0161ak": "", "Vibeke Poulsson": "", "Giovanna Fontana": "", "Nicole de Vesian": "", "Winona Yellowtail Plenty Hoops": "", "Maire Virkkunen-Harki": "", "Nicole Merenda": "", "Kaisu Heikkil\u00e4": "", "Dorothy Overall": "", "H\u00e9l\u00e8ne Haasbroek": "", "Tachi Castillo": "", "Stefania Finkelshtein": "", "Vera N\u00e1dor": "", "Antje Orie-Fleskens": "", "Catherine de K\u00e1rolyi": "", "Lilian Ducelle": "", "Medora Manero": "", "Soms\u012b Sukumonlanan": "", "Franzi Epstein": "", "Albertina Giubbolini": "", "Ebba von Eckermann": "", "Renko Kondo": "", "Jill Richards": "", "Estrella Rivas Franco": "", "Rosana Pistolese": "", "Lisa Mikov\u00e1": "", "Mona Skagerfors": "", "Comtesse Nolwen de Janz\u00e9": "", "Saima Loik": "", "Elly Lamaker": "", "Patrice Hellberg": "", "mw. A. Nightingale-Krochmal": "", "Betty Brader-Ashley": "", "Emmi Vahelaid": "", "Jacqueline Jonas": "", "Helga Maranik": "", "Marija Matu\u0161akait\u0117": "", "Christiane Bailly": "", "Kaya Ploss Mirecka": "", "Marguerite Rubel": "", "Y\u014dko Kamoi": "", "Jarmila Navr\u00e1tilov\u00e1": "", "Lucie Porges": "", "Barbro S\u00f6rman": "", "Helena Bohle-Szacka": "", "Sirkka Vesa-Kantele": "", "Nora Noh": "", "Th\u00e9r\u00e8se Ngann": "", "Vanja Brunzell": "", "Ursula Fehlig": "", "Itsuko Ueda": "", "Loredana Pavone": "", "Marielle Fleury": "", "Yukiko Kimijima": "", "Dora Bijsterveld": "", "Daisy Wende": "", "Theresia Vreugdenhil": "", "Paula H\u00e4iv\u00e4oja": "", "Michi Takehisa": "", "Mira Brtka": "", "Belinda Bellville": "", "Emmy van Leersum": "", "Zde\u0148ka Bauerov\u00e1": "", "Mar\u00eda Capulino-Lanuza P\u00e9rez": "", "Marina Voulgari": "", "Barbara Farber": "", "An\u0111elka Slijep\u010devi\u0107": "", "Vlasta Hegerov\u00e1": "", "Hanna Musiolek": "", "Maj Kuhlefelt": "", "\u0415\u0433\u0440\u0435\u0448\u0456 \u0422\u0435\u0440\u0435\u0437\u0456\u044f \u041e\u043c\u0435\u043b\u044f\u043d\u0456\u0432\u043d\u0430": "", "Katinka Swanstr\u00f6m": "", "Zsuzsa \u00d6kr\u00f6s": "", "Felisa Pinto": "", "Margareta Westberg": "", "Barbara Hoff": "", "Magda V\u00e1mos": "", "\u00c9va M\u00e9sz\u00e1ros": "", "Lee Bender": "", "Alice Edeling": "", "Titti Wrange": "", "Ilona Bak\u00f3": "", "Margareta Magnusson": "", "Erika Bl\u00e4ser": "", "Jadwiga Danislawa Krzykowski": "", "Namiko Mori": "", "Mary Tapia": "", "Franca Fendi": "", "Marianne David": "", "Jolanthe Keg": "", "Renate G\u00fcnthert": "", "Ricky Ben Ari\u200f": "", "Ritva Kellokumpu": "", "Mirra Kostyshyn": "", "Josephine Jane\u017ei\u010d": "", "\u0412\u0438\u043d\u043d\u0438\u0446\u044c\u043a\u0430 \u0406\u0440\u0438\u043d\u0430 \u0413\u043d\u0430\u0442\u0456\u0432\u043d\u0430": "", "Rose Torrente-Mett": "", "Maria Knutsson": "", "Zina Dumitrescu": "", "Irina Krutikova": "", "Toshiko Nakamura": "", "Mari Kanasaar": "", "Hiroko Koshino": "", "Dorothea Pr\u00fchl": "", "Arlette Nastat": "", "Kirsti Kasnio": "", "Yukiko Hanai": "", "Vroni Hegi": "", "Yumi Charraut": "", "Ingrid Reder": "", "Mirjana Mari\u0107": "", "Jadwiga Szmidt": "", "Jaroslava Petru\u0161kov\u00e1": "", "Gabriele Knecht": "", "Irja Leimu": "", "Grazyna Hase": "", "Marja Kurki": "", "Irene Wedell": "", "Ell-Maaja Randk\u00fcla": "", "Junko Koshino": "", "T\u00fcnde R\u00f3zsa": "", "Margarita Nuez Farnos": "", "Musukebba Drammeh": "", "Karin Simon": "", "Lucy Zom": "", "Christine Kitzwegerer": "", "Pixie Hopkin": "", "Sophie van Kleef": "", "Piippa Lappalainen": "", "Kristina Torsson": "", "Mari Aakre": "", "Tamara S\u00e1nchez": "", "Badi Batchelor": "", "Puck Kroon": "", "Eiske Henneman": "", "Yumi It\u014d": "", "Marianne Grootenboer": "", "Junko Shimada": "", "Ana Salazar": "", "Hiromi Yoshida": "", "Eva Fuchs": "", "Marielle Bolier": "", "Valery M. Garrett": "", "Kristina Jakobsson-K\u00e4rki": "", "Marija Smolej": "", "Marith\u00e9 Bachellerie": "", "Beatrice Hympendahl": "", "Jane Wikstr\u00f6m": "", "Margareta van den Bosch": "", "Raffaella Curiel": "", "Claudia Skoda": "", "Jenny Meirens": "", "Lily Henket-Conemans": "", "Yuki Torii": "", "Annika Warberg": "", "Marijke de Ley": "", "Emilie Bouwman": "", "Aniko Gaal": "", "Tua Rahikainen": "", "Jos Leeger": "", "Maria Blaisse": "", "Vesna Gaber\u0161\u010dik-Ilgo": "", "Josefine von Krepl": "", "Anita Evenepoel": "", "Kerstin Boulonger": "", "France Andrevie": "", "Brigitte Meier-Schomburg": "", "Tamara Yovel Jones": "", "Marianne Jongkind": "", "Terry Conemans": "", "Carolyn Maxwell": "", "Lena Liljegren": "", "Katalin S\u00e1rv\u00e1ry": "", "Colette Van Landuyt": "", "Debra Rapoport": "", "\u0421\u0435\u043c\u0435\u043d\u043a\u043e \u0421\u0432\u0456\u0442\u043b\u0430\u043d\u0430 \u041e\u043b\u0435\u043a\u0441\u0456\u0457\u0432\u043d\u0430": "", "Ans van Praag": "", "Teresa Rosati": "", "Martine Kegels": "", "Mirandi Babitz": "", "Anneli Kukkonen": "", "Jytte Meilvang": "", "Natali Genova": "", "Noriko Kazuki": "", "Lucienne M. de Baar-ten Have": "", "Elisabeth de Senneville": "", "Ingrid van der Klei": "", "Kina Fern\u00e1ndez": "", "Josette Nahmias": "", "Ewa Harley": "", "Gloria Kok": "", "Cora Kemperman": "", "Liesbeth Rooyaards": "", "Carla van der Vorst": "", "Maria Diduch": "", "Tatiana Mikhalkova": "", "\u0413\u0430\u043b\u0456\u043d\u0430 \u042f\u043a\u0430\u045e\u043b\u0435\u045e\u043d\u0430 \u041c\u044f\u0448\u043a\u043e\u0432\u0430": "", "Annemiek-Andringa Klijnsmit": "", "Tova Hassin": "", "Chantal Thomass": "", "Elly Dunnewold": "", "Popy Moreni": "", "Gottesmann Katalin": "", "Fran\u00e7oise Colpe": "", "Olga Naum": "", "Marlies Maes-van Leeuwen": "", "Hill Metselaar": "", "Mia Murray-Lindgren": "", "Marjatta Heikkil\u00e4-Rastas": "", "Myr\u00e9ne de Pr\u00e9Monville": "", "Ritva-Liisa Pohjalainen": "", "Minako Yokomori": "", "Erica M Meyster": "", "Myra Sinn": "", "Yevgenya Federovna Solovyeva": "", "Sheila de Vries": "", "Noor Damen": "", "Monica E. Brown": "", "Mariko K\u014dga": "", "Alet Pilon": "", "Nomi Goldfarb": "", "Monika Ma\u0142kowska": "", "Josefa": "", "Francesca Sterlacci": "", "Francine, Crown Princess of Montenegro": "", "Lia de Sain": "", "\u041d\u0430\u0434\u0437\u0435\u044f \u0406\u0432\u0430\u043d\u0430\u045e\u043d\u0430 \u041f\u0440\u044b\u0448\u0447\u044d\u043f": "", "Jos\u00e9 Ras": "", "Bo\u017cena Batycka": "", "Ruth Rom": "", "Amy Zerner": "", "Gabriele Strehle": "", "Mihoko Kiyokawa": "", "Juta Piirlaid": "", "Roberta Scarpa": "", "Iliana G\u00f3mez Berbes\u00ed": "", "Dorin Frankfurt": "", "Julia Veres": "", "Gl\u00f3ria Coelho": "", "Lib\u011bna Rochov\u00e1-Svobodov\u00e1": "", "Itsuko Nakajima": "", "Ewa Larsson": "", "Neslihan Yarg\u0131c\u0131": "", "Isabelle Baines": "", "Kathy Whitman": "", "Nina Provaan Smetanov\u00e1": "", "Glenda Reyna": "", "Jana M\u00e1chalov\u00e1": "", "Franti\u0161ka \u010c\u00ed\u017ekov\u00e1": "", "Purificaci\u00f3n Garc\u00eda": "", "Larisa Selyanina": "", "Manuela Rasjido": "", "Ritva Falla": "", "Annemie Verbeke": "", "Coll\u00e9 Ardo Sow": "", "Sammy Sheldon": "", "Marie Deroubaix": "", "Maureene Dinar": "", "Hillevi Aalto": "", "Blanka Matragi": "", "Patrizia Suzzi": "", "Pien Vrijhof": "", "V\u00e9ronique Nichanian": "", "Jolanda Thaler": "", "\u05d3\u05e0\u05d9\u05d0\u05dc\u05d4 \u05dc\u05d4\u05d1\u05d9": "", "Carrie Jansen": "", "Marian Wigger": "", "Liza Bruce": "", "Anne Linnonmaa": "", "Marian Schoettle": "", "Ogino Izumi": "", "Linn\u00e9a Braun": "", "Joanna Klimas": "", "Valentyna Sazonova": "", "\u05d4\u05d2\u05e8 \u05d0\u05dc\u05de\u05d1\u05d9\u05e7 \u05d4\u05e6\u05d5\u05e4\u05d4": "", "Georgina Godley": "", "Barbara Bates": "", "Mar\u00eda del Pilar Casta\u00f1o Valencia": "", "Jrena Volpi": "", "Bracha Baron": "", "Herma de Jong": "", "Marta de Wit": "", "Harriet Selling": "", "Iva \u0160imandlov\u00e1": "", "Manuela Tojal": "", "Liivia Le\u0161kin": "", "Carmen Ri\u00f3n": "", "Judith Meulenberg": "", "Barbara Bui": "", "Vilve Unt": "", "Tatiana Parfionova": "", "Lisa D.": "", "Sophie Hong": "", "Riccarda Merten-Eicher": "", "Michal Negrin": "", "Brigitte Tulkens": "", "Alice La\u0161kov\u00e1": "", "T\u00e1\u0148a Havl\u00ed\u010dkov\u00e1": "", "Pia Wall\u00e9n": "", "K\u00fcllike Tuvikene": "", "Ilana Efrati": "", "Ekaterina Rozhdestvenskaya": "", "Fatma Pehlivan": "", "Katti Zo\u00f3b": "", "Gra\u017cyna Paturalska": "", "Ute Lindner": "", "Joke Houbrechts": "", "Ellis Flyte": "", "Ursula Marxer": "", "Ellen Haeser": "", "Marina Yee": "", "Maire Valdma": "", "Kozue Hibino": "", "Alison Carroll": "", "Wu Haiyan": "", "Princess Annie-Laurie von Auersperg": "", "Anne Metsis": "", "\u0422\u0430\u0442\u044c\u044f\u043d\u0430 \u041a\u0443\u043b\u0438\u0448": "", "Xandra Jansen": "", "Marie-Pierre Bernard": "", "Inge Grognard": "", "Bettina Spitz": "", "Kathleen Kuppens": "", "Anne Kurris": "", "Mandy Stanley": "", "Juliana Sissons": "", "Dana Ma\u0161kov\u00e1": "", "Willemijn Vonk": "", "Marina Spadafora": "", "Bari Simon": "", "Marlie Witteveen": "", "S. Hegyi Lucia": "", "Steinunn Sigur\u00f0ard\u00f3ttir": "", "Zineb Joundy": "", "Caroline Evers": "", "Sandra Harmsen": "", "Emilia Epelde": "", "\u041c\u044f\u043b\u043e \u0406\u043d\u043d\u0430 \u041e\u043b\u0435\u0433\u0456\u0432\u043d\u0430": "", "Thea Anema": "", "Teresa Barrick": "", "Allegra Hicks": "", "Ilse Jacobsen": "", "Mar\u00eda Maz\u00e1s": "", "Sylvia Corzo Rom\u00e1n": "", "Anna Holtblad": "", "Paola Domingu\u00edn": "", "Nannet van der Kleijn": "", "Hana Havelkov\u00e1": "", "Ans Bolk": "", "Karin Jimfelt-Ghatan": "", "Carla Rigg": "", "Giannina Azar": "", "Martina Taborsky": "", "Lyudmila Dobrokhotova": "", "Adriana Santacruz": "", "Anu Hint": "", "Hanneke Kok": "", "Ilona Koudijs": "", "Aurore de la Morinerie": "", "Claartje Borren": "", "Monique Collignon": "", "Ollie Zwitserlood": "", "\u0422\u0430\u0446\u0446\u044f\u043d\u0430 \u041a\u043e\u0437\u0456\u043a": "", "Anne Rufaidah": "", "\u042d\u043b\u044c\u0432\u0456\u0440\u0430 \u0410\u043d\u0430\u0442\u043e\u043b\u044c\u0435\u045e\u043d\u0430 \u0416\u0432\u0456\u043a\u043e\u0432\u0430": "", "Elle Verhagen": "", "Paola Frani": "", "Aline Kloeze": "", "Beata Rajsk\u00e1": "", "Sybilla Sorondo Mielzynski": "", "Sybilla": "", "Ines Drole": "", "Irene Schaepman": "", "Heleen Verhulst": "", "Deborah Crowe": "", "Mechteld van Remmen": "", "Sabine K\u00f6nig": "", "Teresa Helbig": "", "Iris Czienskowski": "", "Blandine Lelarge": "", "Annet Huinre": "", "Karola Calj\u00e9-Oosting": "", "Ida Gut": "", "Vibeke Barbo": "", "Nicola Bramigk": "", "Simone van Eerdenburg": "", "Anna Avantie": "", "Nora Farah": "", "Alena Isabella Grimmichov\u00e1": "", "Meta Struycken": "", "Amy Yeung": "", "Oksana Mukha": "", "Deanne Boerboom": "", "Kons\u00e1nszky D\u00f3ra": "", "Lonneke D\u00e9moed": "", "Minna Cheung": "", "V\u00e9ronique Leroy": "", "Hanna Sar\u00e9n": "", "\u041b\u044e\u0434\u043c\u0456\u043b\u0430 \u0423\u043b\u0430\u0434\u0437\u0456\u043c\u0456\u0440\u0430\u045e\u043d\u0430 \u0422\u0430\u0440\u0430\u043a\u0430\u043d\u0430\u0432\u0430": "", "Sanja Veli\u010dkovi\u0107": "", "Mana Shetty": "", "Debra Pugh": "", "Ma\u0142gorzata Baczy\u0144ska": "", "Amber Jansen": "", "Wenche Lyche": "", "Evgenya Zhivkova": "", "Sonja J\u00fcrgens": "", "Katharina Starlay": "", "Grit Seymour": "", "Patricia Michaels": "", "Anna von Griesheim": "", "Carol Christian Poell": "", "Dinie Besems": "", "Eri Utsugi": "", "Marja Rak": "", "Oksana Karavanska": "", "Helen Britton": "", "\u041a\u0440\u0438\u0432\u043e\u0431\u043e\u043a \u0413\u0430\u043d\u043d\u0430 \u0412\u0456\u043a\u0442\u043e\u0440\u0456\u0432\u043d\u0430": "", "Vera Arruda": "", "Selina Blow": "", "Naama Bezalel": "", "Sayoko \u014chara": "", "Petra Besomi": "", "Mary Ann Rosenfeld": "", "Karine Arabian": "", "Tina Haagensen": "", "Joanna Przetakiewicz": "", "Harumi Fukuda": "", "Nathalie Vleeschouwer": "", "Louise Scott-Smith": "", "Cyd Jouny": "", "An Vandevorst": "", "Sarah Bustani": "", "Jana Janatov\u00e1": "", "Edit Sz\u0171cs": "", "Miriam Vliegenthart": "", "Yuma Koshino": "", "Jolana Schofield Izbick\u00e1": "", "Saskia van Drimmelen": "", "Miriam Okariz": "", "Elisabetta Franchi": "", "Lilia Poustovit": "", "Mia Andr\u00e9sen": "", "M\u00e1rta Mak\u00e1ny": "", "Tiia Vanhatapio": "", "Tytti Thusberg": "", "Susanne Bochem": "", "Karolin Klimek": "", "Fatiha El-Hajoui": "", "Maite Agerkop": "", "Maria Gambina": "", "Pascale Gatzen": "", "Mari Otberg": "", "Ga\u00eblle Voiry": "", "Tomoyo Nishiwaki": "", "Cornelia Kraske": "", "Ani \u00c1lvarez Calder\u00f3n": "", "Ester Barros": "", "Jana Hallas": "", "F\u0259xriy\u0259 X\u0259l\u0259fova": "", "Isabela Capeto": "", "\u0414\u0440\u0430\u0433\u0430\u043d\u0430 \u041e\u0433\u045a\u0435\u043d\u043e\u0432\u0438\u045b": "", "\u0631\u062c\u0627\u0621 \u0645\u062e\u0644\u0648\u0641": "", "Sarah Corynen": "", "Astrid van Engelen": "", "Irna Mutiara": "", "Ines Kaag": "", "Mette M\u00f8ller": "", "Truus Spijkers": "", "Riet Spijkers": "", "Iveta Karklina-Viksne": "", "Carin Rodebjer": "", "Olga Brovkina": "", "\u7f85\u5d22": "", "Marga Weimans": "", "Alexandra Hejlov\u00e1": "", "Atoosa Ghalamfarsaei": "", "Marie Copps": "", "Lee Starkey": "", "Mariko Mikuni": "", "Lonneke Nooteboom": "", "Jaana Varkki": "", "Mindy Scheier": "", "D\u00e9sir\u00e9e Heiss": "", "Anu Lensment": "", "Rahvaunia": "", "Ann-Sofie Back": "", "Veronika Repinc Bajri\u010d": "", "Ana Paula Pereira": "", "Galit Levi": "", "Joan Billing": "", "Barbara Fabr\u00e9e": "", "Marju Tammik": "", "Stella Dreis": "", "G\u00fclnar\u0259 X\u0259lilova": "", "Mascha de Vries": "", "Lola Paltinger": "", "Masaki": "", "Kristine Vikse": "", "Jo Sang-gyeong": "", "Marcha H\u00fcskes": "", "Efrat Kalig": "", "Adriana Rohde Kabele": "", "Denisa Nov\u00e1": "", "Ana Bianchi": "", "Arzu Kaprol": "", "Kate Davies": "", "Salma Salem": "", "Barbara Plavec Brodnjak": "", "Karen Gee": "", "Johanna Hofring": "", "Lynn Ban": "", "Ruth Dur\u00e9ndez": "", "Lady Sophia Hamilton": "", "Renata Glosov\u00e1": "", "Amy Atmanto": "", "Ineeleng Kavindama": "", "Tiina Talumees": "", "Ruta Tepp-Soonsein": "", "Cecilie Melli": "", "Carin Wester": "", "Ang\u00e9lica Neumann": "", "Diana Kotnik Lavti\u017ear": "", "Julia Mantel": "", "Paloma Povedano": "", "Juana Mart\u00edn Manzano": "", "\ucd5c\uc724\uc815": "", "Ketlin Bachmann": "", "Nevena Nikolova": "", "Zlata Lamrov\u00e1": "", "St\u00e9phanie Alastra": "", "Golda Vynogradskaya": "", "Paola Suhonen": "", "Tasha Strogaya": "", "Rada Krivokapi\u0107-Radonji\u0107": "", "Oksana Tandit": "", "Adriana Arakake": "", "Mandira Wirk": "", "Sandra Backlund": "", "Melinda Looi": "", "Lotta Jurica": "", "Kiss Sarolta": "", "Helena Lumelsky": "", "Sarah Shrimpton": "", "Matea Benedetti": "", "Maxjenny Forslund": "", "Vessela Nikolova": "", "Hilde Sinke": "", "Wafa Cdhir": "", "Elizabeth McKay": "", "\u0411\u0430\u0440\u043c\u0456\u043d\u0430 \u041c\u0430\u0440\u0456\u044f \u0406\u0433\u043e\u0440\u0456\u0432\u043d\u0430": "", "Eva Kavkov\u00e1": "", "Alexandra Fischer-Roehler": "", "Debby van der Zande": "", "Bea \u00c5kerlund": "", "Mada van Gaans": "", "Dr. Maaya": "", "Marte Krogh": "", "Harlette": "", "Maria Strzelecka": "", "Claudia Brandmair": "", "Dorota Zglobicka": "", "Natalie Bayer": "", "Kim Schimpfle": "", "Doreen Schulz": "", "Marjolijn Van den Heuvel": "", "Txell Miras": "", "Marta R. Gustems": "", "Martine van 't Hul": "", "Jenni Ahtiainen": "", "Maarja Tali": "", "Ida Sj\u00f6stedt": "", "Gerly Tinn": "", "Sonja Vi\u0161nji\u0107-\u0160a\u0161i\u0107-Vuksanovi\u0107-Jari\u0107": "", "Ur\u0161a Drofenik": "", "Delphine Manivet": "", "Carol Ginter": "", "Mar\u00eda V\u00e1zquez": "", "Riina P\u00f5ldroos": "", "Sidsel Kj\u00f8ller Damkj\u00e6r": "", "\u054d\u0561\u0562\u056b\u0576\u0561 \u0533\u0578\u0580\u0565\u056c\u056b\u056f": "", "M\u00e1ria \u0160tranekov\u00e1": "", "Irene Luft": "", "Outi Les Pyy": "", "Winnie Chlomin Lee": "", "Ineke Heerkens": "", "Seema Sachdev Khan": "", "Adina Buzatu": "", "Yakolo Indimi": "", "Mayumi Hasegawa": "", "Tigerlily Hill": "", "Lina Hamed": "", "Murielle Scherre": "", "Katy Yaksha": "", "Ilana Berkovitz": "", "Maya Hansen": "", "Agata Wojtkiewicz": "", "Niime Tamaki": "", "Lenka Kohoutov\u00e1": "", "Zuzana \u0160idl\u00edkov\u00e1": "", "Emmeline de Mooij": "", "Lenka Sl\u00e1mov\u00e1": "", "Linda Dr\u00e1pelov\u00e1": "", "Libu\u0161e Vendlov\u00e1": "", "Alena Akhmadullina": "", "Sana Yu": "", "\u0631\u062d\u064a\u0644 \u062d\u0633\u0646": "", "Josefina Bako\u0161ov\u00e1": "", "Kateryna Potlova": "", "Y\u014dko Watanabe": "", "Stine Goya": "", "Nadja Atwal": "", "Nanna van Blaaderen": "", "Michiko Suzuki": "", "Ewa Szabatin": "", "Lotte van Laatum": "", "Natalia Jaroszewska": "", "Gelen Ort\u00edn Riquelme": "", "Jana Fabi\u00e1nov\u00e1": "", "Supamas Phahulo": "", "Themonik": "", "Gretchen Hirsch": "", "Dana Hamdan": "", "Mar\u00eda Escot\u00e9": "", "Arema Arega": "", "Lyona": "", "Stephanie M\u00fcller": "", "Rakel": "", "Nina Mercedez": "", "Minna Parikka": "", "Khadra Sufi": "", "Alisa Zlatarevi\u0107": "", "Raziela Gershon": "", "Sarah De Saint Hubert": "", "Sophie Zinga": "", "Elsien Gringhuis": "", "Barbara de Ru": "", "Laila av Reyni": "", "Julia Eichler": "", "Mariya Tsigal": "", "Elvira Yankovskaya": "", "Johanna K\u00fchl": "", "Mar\u00eda Cl\u00e8 Leal": "", "Tia Anna Paynich": "", "Alicia Rissler": "", "Hanii It\u014d": "", "Pallavi Aggarwal": "", "Riddhima Kapoor Sahani": "", "Vivetta Ponti": "", "Abiodun Folashade Tokunbo": "", "Melanie Marxer": "", "Winde Rienstra": "", "Venera Mustafa": "", "Ana Milena Guti\u00e9rrez": "", "Mirkka Metsola": "", "Lena Hoschek": "", "Megi Gabunia": "", "Ina Trifonova": "", "Beatrice Gentry": "", "Joline Jolink": "", "Suzaan Heyns": "", "Iulia Albu": "", "Sara Vrugt": "", "Madame Sher": "", "Fiona Timantti": "", "Shlomit Ofir": "", "Inge Konijn": "", "Vera Berg": "", "Nkuli Mlangeni": "", "Julia Heuer": "", "Anna Pavl\u00e1tov\u00e1-Tejklov\u00e1": "", "Isabel Jim\u00e9nez": "", "Britt Samoson": "", "S\u00e1ndor Szandra": "", "Leonie Leuenberger": "", "Carolina Marconi": "", "Sandra Rizk": "", "Azukar Moreno": "", "Megha Rao ( \u092e\u0947\u0918\u093e \u0930\u093e\u0935 )": "", "Paula Ballesteros Triguero": "", "Mimi Linda Yina": "", "Avedis Edward Guerboian": "", "Dinara Satzhan": "", "Keito Sakai": "", "Julia Starp": "", "Anjali Phougat": "", "Mariya Milovidova": "", "Piret Ilves": "", "Ksenia Joost": "", "Nada van Dalen": "", "Lisa Weinberg": "", "Kristi Ojasaar": "", "Anna Suzuki": "", "Ingy Alaa": "", "Adama Sallie Kargbo": "", "Olivia Ghezzi Perego": "", "Roopaak": "", "Katja Sehurina": "", "Catherine Daza": "", "Olinda Chapel": "", "Francesca Liberatore": "", "Kriss Soonik-K\u00e4\u00e4rmann": "", "Lilli Jahilo": "", "Mark\u00e9ta Urbanov\u00e1": "", "Sille Sikmann": "", "Astra M\u00f5istlik": "", "Mimi \u0110urovi\u0107": "", "Paula Cademartori": "", "Meryll Rogge": "", "Satu Maaranen": "", "Patricia Osita Onumonu": "", "Alexandra Zapata": "", "Selam Fessahaye": "", "Liisi Eesmaa": "", "L\u00e9a Peckre": "", "Miranda Makaroff": "", "Zde\u0148ka B\u00edlkov\u00e1": "", "Rebekka Ruetz": "", "Iman Aldebe": "", "Rose Palhares": "", "Marieka Ratsma": "", "Daisy Kroon": "", "Bettina Kletzsch": "", "Maya Pixelskaya": "", "Eva Mchitarjan": "", "Maiko Kurogouchi": "", "Kazuha Kondo": "", "Veronika Kostkov\u00e1": "", "Diana Orving": "", "Anouk Wipprecht": "", "Jennifer Stano": "", "Mariya Kravtsova": "", "Alanoud Badr": "", "Lina Posada": "", "Zde\u0148ka Bizo\u0148ov\u00e1 Veli\u010dkov\u00e1": "", "Li Yanmo": "", "\u6797\u7fbf": "", "Tako Mekvabidze": "", "Lola Pop Brood": "", "Katie Larmour": "", "Kitzia Mitre": "", "Melisa Marasli": "", "\ubc15\ud604\uc120": "", "Marina Hoermanseder": "", "Elisabeth Stray Pedersen": "", "Kl\u00e1ra Haunerov\u00e1": "", "Iga W\u0119gli\u0144ska": "", "Cami James": "", "Lisa Xu": "", "Disha Vadgama": "", "Ksenia Craven": "", "Agn\u0117 Deveikyt\u0117": "", "Piret Puppart": "", "Heba Jamal": "", "Jane Michael Ekanem": "", "Katri Niskanen": "", "Steak Anderson": "", "Maryna Rybalko": "", "Petra P\u00e1chov\u00e1": "", "Brandy Aniston": "", "Claudia Rex": "", "Marie Lang": "", "Maria Miottke": "", "Anna De Leo": "", "Nadia Napreychikov": "", "Jazmin Yvette Gonzalez Luna": "", "Lunathi Mampofu": "", "Paria Masumi": "", "Meriem Lebdiri": "", "Daniela Ettlerov\u00e1": "", "Moran tubul": "", "Dena Rachman": "", "Maureen Esisi": "", "Ad\u00e9l Kov\u00e1cs": "", "Risa Yamai": "", "Dominika B\u00fdmov\u00e1": "", "Vanessa Schindler": "", "Zana Bayne": "", "Lisa Von Tang": "", "Sonia Carrasco": "", "Shahar Avnet": "", "Ilke Cop": "", "Noriko Nakazato": "", "Chika Riznia": "", "Fiore Manni": "", "Sheranut Yusanonda": "", "Toos Franken": "", "Sanne Schepers": "", "Riikka Ik\u00e4heimo": "", "Shannon de Lima": "", "Ida Lanto": "", "Natasha Dalal": "", "Sonya Soltes": "", "Deanna Loveland": "", "Milan Harris": "", "Gabi Grecko": "", "Rebekah Kim": "", "Kate\u0159ina Plamitzerov\u00e1": "", "Aida Dom\u00e8nech": "", "Melissa Lee": "", "Isabell Schulz": "", "Nicole Warne": "", "Andrea Flesch": "", "Costanza Caracciolo": "", "Mark\u00e9ta Tunkov\u00e1": "", "Samantha Scarlette": "", "Lies Mertens": "", "Bukunmi Adeaga Ilori": "", "Zeynep Dag": "", "Lel\u00e9": "", "Ninamounah Langestraat": "", "Olivia Couvreur": "", "Linda Havrl\u00edkov\u00e1": "", "Zuzana \u0160ev\u010d\u00edkov\u00e1": "", "Anifa Mvuemba": "", "Edda Gimnes": "", "Sandrah Tubobereni": "", "Mariona R\u00edos i P\u00e9rez": "", "Bibi": "", "Krist\u00edna \u0160ipulov\u00e1": "", "Jessica Kyzer": "", "Sreymom Ang": "", "\u042f\u043d\u0430 \u0427\u0435\u0440\u0432\u0456\u043d\u0441\u044c\u043a\u0430": "", "Anabelle Tsitsin": "", "Cilem Tunc": "", "BerriBlue": "", "Natali Germanotta": "", "Sophia Jade": "", "Mandy Debbarma": "", "Yamuna Forzani": "", "Mahsa Ghazanfari": "", "Adel Bespalov": "", "Lior Schwartzman": "", "Micol Incorvaia": "", "RedisPolly": "", "Nina Cuso": "", "Hata Sunako": "", "Anna V\u00e1cov\u00e1": "", "Laura Frances Heitzman": "", "Tallulah Willis": "", "Victoria Gok": "", "Sana Aziz Khan": "", "Kyun-kun": "", "Dior Delophont": "", "Katrin Aasmaa": "", "C\u00e4rol Ott": "", "Gomi Hayakawa": "", "Meghna Sharma": "", "Quiana Cronie": "", "Rafaela Andrade": "", "Kirke Leinatamm": "", "Jo Zornik": "", "Anabel Ramirez": "", "Jaione Anzola": "", "Jessica Goicoechea": "", "Maya Reik": "", "iGumdrop": "", "Uta Raasch": "", "Madhu Jain": "", "Kadri Keung": "", "Beata Jarmo\u0142owska": "", "Joanna Hawrot": "", "Lexi Jones": "", "Giulia Frangiluna": "", "Aline Cohen": "", "Kayla Shyx": "", "Kim Or Azulay": "", "Ruth Esther Flores Garz\u00f3n": "", "Parmida Darestani": "", "Alona Leoine": "", "Elanie Kohama": "", "Nina Meert": "", "Anna Heylen": "", "Aleksandra Tumashova": "", "Amber Renae": "", "Antonia Sautter": "", "Christine Philip": "", "Kambriel": "", "Shabina Khan": "", "\u6f58\u6021\u826f": "", "Katty Xiomara": "", "Margaret Ha": "", "Taeko Otagaki": "", "Veronika Jeanvie Paris": "", "Zhana Zhevkova": "", "Paraskeva Ilieva": "", "Koi Suwannagate": "", "Soojin Lee": "", "Renata Adegas": "", "Marcia Ganem": "", "Miriam Etz": "", "Miriam Ponsa": "", "Intan Kieflie": "", "Irmgard Strassegger": "", "Leonie Gysel": "", "Lena Ivanova": "", "Claire Goldsmith": "", "Linda Sipil\u00e4": "", "Ida Stip\u010di\u0107 Jak\u0161i\u0107": "", "Yolanda Martina Klompstra": "", "Tamaki Fujie": "", "\u0413\u043e\u0440\u0434\u0430\u043d\u0430 \u041a\u043e\u043c\u0430\u0434 \u0410\u0440\u0441\u0435\u043d\u0438\u0458\u0435\u0432\u0438\u045b": "", "Morie Yamada": "", "Sanna Rinne": "", "Charlesetta Wicks": "", "Tanja Castel": "", "Angela van Woerden": "", "Anna Ngann Yonn": "", "Mina Evans": "", "Zed Eye": "", "Ma\u0142gorzata Czudak": "", "Anna Ku\u017amitowicz": "", "D\u00f3ri Patz": "", "Sofie D'Hoore": "", "Lieve Van Gorp": "", "Kahindo Mateene": "", "Mar\u00eda Lafuente": "", "Kumiko Obinata": "", "Intan Avantie": "", "Berg\u00fe\u00f3ra Gu\u00f0nad\u00f3ttir": "", "Andrea Magn\u00fasd\u00f3ttir": "", "Angeliki Dimitrakopoulou": "", "Vasiliki Syrma": "", "Misao M. Batts": "", "Judy Tregidden": "", "Derin Fabikun": "", "Frederikke Schmidt": "", "Loukia": "", "Lovina Yavari": "", "Sumona Haque Sumi": "", "Olayinka Aro-Lambo": "", "Madame Depret": "", "Sestilia Chiostri": "", "Melanie de Vales Rafael": "", "Tess Sholom": "", "Madeleine Wallis": "", "Ida Klamborn": "", "Vita Noberasco": "", "Elaine Post": "", "Olga B\u011blohradsk\u00e1": "", "Serena Wendell": "", "Leidy Felicia P\u00e9rez": "", "Ghitta Laskrouiff": "", "Anna-Liisa Nieminen": "", "Yulia Yefimtchuk": "", "Elja Lintsen": "", "Florence Coenraets": "", "Zhor Ra\u00efs": "", "Alice Potts": "", "Marjut Rahkola": "", "Sophia Schneider-Esleben": "", "Jade Rawa": "", "Pinella Passaro": "", "Elis Werthamer": "", "Isabelle Semma": "", "Uschi Lina": "", "Regine Steenbock": "", "Mme Agn\u00e8s": "", "Mme Havet": "", "Nili Lotan": "", "Mirit Weinstock": "", "Gal Feldman": "", "Shani Zimmerman": "", "Ronit Yam": "", "Sabina Musayev": "", "Hagit Tassa": "", "Irit Noy": "", "Dikla Kedem": "", "Ivy Ralph": "", "Olga Prokhorova": "", "Elisheva Ester Rishon": "", "Elena Gregusova": "", "Kaveri Lalchand": "", "So\u0148a Hlav\u00e1\u010dkov\u00e1": "", "Zowie Broach": "", "Saki Iwashima": "", "Kate\u0159ina \u0160mejkalov\u00e1": "", "Nimi Ponnudurai": "", "Lisa Lang": "", "Kaya Dorey": "", "Stephanie D'heygere": "", "Mery Racauchi": "", "\u05e8\u05d9\u05d1\u05d4 \u05d0\u05d5\u05e9\u05d9\u05d3\u05d4 \u05e1\u05de\u05d9\u05e8\u05d4": "", "Elana Caplan": "", "Ka Oskar Ly": "", "Elies Alias": "", "Christina Ng": "", "Raja Nadia Sabrina": "", "Datin Vivy Yusof": "", "Emilia Hernesniemi": "", "Natasha Museveni Karugire": "", "Hend Rumaihi": "", "Trish Papadakos": "", "Grandy Chu": "", "Israela Krovoshey": "", "Helena Varga": "", "Zita Moldovan": "", "B\u00e9atrice Cousin": "", "Sandrina D\u2019Haeyere": "", "Fran\u00e7oise Dury": "", "Carine Gilson": "", "Izumi Hongo": "", "Ann Kegels": "", "Jessie Lecomte": "", "Carolin Lerch": "", "Nathalie Verlinden": "", "Lea Hamers": "", "Caroline Bosmans": "", "Blanca Estela Miosi Zuzanaga": "", "Krista Kajandu": "", "Folashade Olukoya": "", "Kathy Heyndels": "", "Luisa Beccaria": "", "Laura Fern\u00e1ndez Rojo": "", "Pernilla Forsman": "", "Ylva Liljefors": "", "Marielle Kerber": "", "Carolin Woitke": "", "Yuna Yang": "", "Annah Stretton": "", "Mieke van den Berg": "", "Wadha Al Sulaiti": "", "Charlotte Neuville": "", "Ava Diez": "", "Ronit Zilkha": "", "Tracy Mulligan": "", "Barbara Sonnentag": "", "Fernande Leboucher": "", "Tricia Crivellaro-Grenier": "", "Scarlett James": "", "Tiziana Terenzi": "", "Yoloxochitl Alvarado": "", "Vanesa Hojenberg": "", "\u00c2ngela Brito": "", "Roselyn Silva": "", "Korotimi Dao": "", "Christelle Kocher": "", "Kiki K\u00fchlmann": "", "Zizi Cardow": "", "Ade Bakare": "", "LOLA FATUROTI": "", "TOJU FOYEH": "", "Kathy Anthony": "", "Selly Rabby Kane": "", "Nkwo Onwuka-Binitie": "", "Sally Karago": "", "P\u00e9pita Djoffon": "", "Carly Cushnie": "", "Fe Noel": "", "Akosua Afriyie-Kumi": "", "Selly Raby Kane": "", "Marilyn Caroline Brooks-Coles": "", "Neda Nobari": "", "Kazimiera Frymark-B\u0142aszczyk": "", "Alisha Zalesak": "", "Lisa Sorrell": "", "Jane Mabee": "", "Morgan Donner": "", "Mpho Kuaho": "", "Leesa Hubbell": "", "Shu Juan Lu": "", "Anne Cole": "", "Andrea Geer": "", "Candiss Cole-Footitt": "", "Daiga Henson": "", "Darbury Stenderu": "", "Jane Sisco": "", "Jeung Hwa-Park": "", "Kathleen Harding": "", "Kathleen Tesnakis": "", "Margo Petitti": "", "Ewa Kielczewska": "", "Ifeoma Ubby": "", "Vania Romoff": "", "Angela Finn": "", "Ava M. Hu": "", "Cara May": "", "Erin Draper": "", "Joeleen Torvick": "", "Martina Dietrich": "", "Cynthia Houston": "", "Dora Somova": "", "Arwa Al Banawi": "", "Najla Almunajem": "", "Masa K\u014dmoto": "", "Ghada Al-Subaey": "", "Kitty De Leeuw": "", "Irmina Aksamitowska-Szadkowska": "", "Korina Emmerich": "", "Rosa Bail\u00f3n": "", "Zhu Yalin": "", "Marjorie Montgomery": "", "Deanna Littell": "", "Miroslava Belhov\u00e1": "", "Pascale d'Andon": "", "Rachel Borello": "", "Dagmar Vorwerk": "", "Catherine Bouquerel": "", "Habibe Acikgoz": "", "Ros Badger": "", "Pepa Martin": "", "Charlotte Kelschenbach": "", "Heather Lodinsky": "", "Zuzana Kankrl\u00edkov\u00e1": "", "Helgrid van Impelen": "", "Jennifer Schleich": "", "Carolin Schwarberg": "", "Karolina T\u016fmov\u00e1": "", "Libka Safr": "", "Paola Migliari": "", "Marcela B\u00edlkov\u00e1 Nov\u00e1kov\u00e1": "", "Claire Massieu": "", "Babette Ulmer": "", "Vladim\u00edra Ilkovi\u010dov\u00e1": "", "Delphine Bedient": "", "Zuzana Schmidtov\u00e1": "", "Karol\u00edna Ju\u0159\u00edkov\u00e1": "", "Femke de Vries": "", "Sandra Gutierrez": "", "Linda Platt": "", "Edith Small": "", "Ayana Ife": "", "Alexandria von Bromssen": "", "Charketa Glover": "", "Samantha Plasencia": "", "Nzinga Knight": "", "Brooke Hagel": "", "Hiroko Tokumine": "", "Jeannette Alexander": "", "Jean Allen": "", "Carol Anderson": "", "Helena Barbieri": "", "Agnes Barrett": "", "Bianca Moran Parkes": "", "Mary Black": "", "Ellen Sillekens": "", "Wil de Boer": "", "Tineke van Deenen": "", "Sybil Wijnhoven": "", "Simone Carlier": "", "Elisa van Joolen": "", "Roxana Nassenova": "", "Lihi Hod": "", "Ane Crabtree": "", "Annie Banning": "", "Alje Kuiper": "", "Kimberly Atkins Stohr": "", "Kim Fraser": "", "Angela Menz": "", "Miriam Anne Gibson": "", "Kutlo Julia Kutjwe": "", "Lisa Konno": "", "Paris Rodr\u00edguez": "", "Harry Collins": "", "Mboko Basiami": "", "Lebogang Senwamadi": "", "Yasmeen Mjalli": "", "Liisa Kotilainen": "", "Mary-Ann Kaikai": "", "Amy Billimoria": "", "Analik Brouwer": "", "Rian Wijnands": "", "Sayone Daan": "", "Carolien Huizinga": "", "Esther Loonen": "", "Jeanette de Wolf": "", "Heleen van der Wouden": "", "Melanie Rozema": "", "Kylie Zerbst": "", "Yeohlee Teng": "", "Ingrid van Oeveren": "", "Katinka de Maar": "", "Deanna Ferretti Veroni": "", "Hila Aadnevik": "", "Chuki Scharbaai": "", "Di Mainstone": "", "Francesca  Rosella": "", "Maartje Dijkstra": "", "Meg Grant": "", "Emily Crane": "", "Efua Jarvis Essandoh": "", "Liselore Frowijn": "", "Linda Valkeman": "", "Tanja Vidic": "", "Melanie Brown": "", "Katrin Neyer": "", "Aleksandra Stojadinov": "", "Josephine Goverts": "", "Fatima Khan": "", "Sophie Wantia": "", "Eline Jetten": "", "G\u00f6n\u00fcl Yigit": "", "Mireille Kniese": "", "Ryan Oosterling": "", "Wietske Neerincx": "", "Sacha Goossens": "", "Inge Vaandering": "", "Stella Kim": "", "Yousra Razine Mahrah": "", "Roxane Mbanga": "", "Lizzy Stuyfzand": "", "Henri\u00ebtte Tilanus": "", "Yvonne Kwok": "", "Marije de Haan": "", "Ann Boogaerts": "", "Anneloes van Osselaer": "", "Adrienne Winkelmann": "", "Hanwei Su": "", "Robine Blickman": "", "Michelle Vossen": "", "Sofi Deloudi": "", "Chelsea Jean Lamm": "", "Susan Thomas": "", "Elisabeth Stewart": "", "Susan Small": "", "Elise Laufer": "", "Irene Kramer": "", "Eva Fialov\u00e1": "", "Anna Brown": "", "Marlies van Adrighem": "", "Trudy Aarts": "", "Sybil Zelker": "", "Wendela van der Zee": "", "Rosalind Yehuda": "", "Cornelia de Wit": "", "mej. Wijhmer": "", "Ellen Wielenga": "", "mevrouw van Welle": "", "Elisabeth Wakefield": "", "Marijke de Waard-Clay": "", "Joke Vroom": "", "Nettie Vogues": "", "Candida Visser": "", "C\u00e9line Vipiana": "", "Ingrid Verhoeven": "", "Sami Tillouche": "", "Marga Tietje": "", "mevrouw Terlet": "", "Sua Sua": "", "Petra van den Straaten": "", "Loes Steenbergen": "", "Maria Magdalena Stamme": "", "Anna Stamme": "", "Janny Stam": "", "Irma Spruyt": "", "E.E. Sprenger": "", "Emma Spranger": "", "Regine Spiele": "", "Monique Schwartzenberg": "", "Wwe Schneider-de Vos": "", "An van Schaik": "", "Annie van Schaik": "", "Odette Saulnier": "", "Liesbeth Royaards": "", "Berthe Roussel": "", "Rosa Ronstedt": "", "Brenda Ring": "", "Ligia Rincon": "", "Magdalena van Reyen": "", "Augusta Remy": "", "Maud Rab": "", "Felicitas Queisser": "", "Els Pieete": "", "Jeanne Pene": "", "Peggy Page": "", "Joanna van Oye": "", "Colette Nivelle": "", "Nicole Matsuda": "", "Hetty Martin": "", "Mevr. Lucas": "", "Jeanne Loebmann": "", "Norma Legge": "", "juffrouw van Leeuwen": "", "Claire Layton": "", "Louise Lautrup": "", "Alice Lanot": "", "Rena Lange": "", "Marianne Lambooy-Timmermans": "", "Christine Laform\u00e9": "", "Eva Lacres": "", "Lady van Laak": "", "Lady van Laack": "", "Mara Kuyk": "", "Anneke Kroon": "", "A.C.M de Koster": "", "Lucyna Konarska": "", "Nanny Kok": "", "Mevrouw G. Kint-Van den Berg": "", "Chelsea Kings Road": "", "Helen Kimball": "", "Emmanuelle Khahn": "", "Maria Keizer": "", "mw. Kant": "", "Jennie van Kampen": "", "mw. drs. E.J. Kalff": "", "Mw. M. Joosse": "", "Mathilde Joosse": "", "Rhoda Jee": "", "Mevrouw Hubert van Blijenburgh": "", "Cornelia Josina Maria Houten-Groenink": "", "mw van der Horst": "", "Maartje Hokker": "", "Melba Hobson": "", "Mady Heyn": "", "Johanna Hesschaert": "", "Karin Herberg": "", "Mw. T. Harmsen-Gelders": "", "Katherine Hammett": "", "Jeanne Halean": "", "mevrouw De Haas": "", "Marijke van Haandel": "", "Mirjam de Haan": "", "Aleida Haag": "", "Marga Gr\u00fcnberg": "", "mw Groeneweg": "", "Elinor Gray": "", "Jeanette P. de Graaff": "", "Mlle Gotthardt": "", "Luciana Gianello": "", "M. Gerbe-van Hamel": "", "Elly Geluk": "", "Catharina Maria Gellings-Vreezen": "", "Mademoiselle Gathier": "", "Nelly Fransen": "", "Pamela Francis": "", "Nathalie Fermon": "", "Santa Eulalia": "", "Susanne Esser": "", "mw. Elfferink": "", "Meike Ebbing": "", "Caroline Eavis": "", "Sonja Dwinger": "", "M. Durville": "", "Jo\u00eblle Discours": "", "Fernande Desgranges": "", "Aurelie Dellasanta": "", "Ayesha Davar": "", "Maria Dammers": "", "Mattie Couperus": "", "Mme Couhault": "", "Mme Coche": "", "Marianne Chatelaine": "", "Zora Cannes": "", "Maggy Calhoun": "", "Maida Burr": "", "Paulette Buraud": "", "mw Brehm": "", "juffrouw Brandts": "", "Jeanne Bourlier": "", "Judy Bond": "", "Nancy Blasbery": "", "Doroth\u00e9e Bis": "", "Mirjam van den Bergh": "", "Mademoiselle Le Bel": "", "Marie Elisabeth Beijers-de Graaff": "", "Marie-Louise Barclay": "", "Betty Barclay": "", "Anny Arnecke": "", "Etelka Alons-Bernard": "", "Nettie Vogue": "", "Vuokko Suomi": "", "Aleida Stamme": "", "Lange de Sebastian": "", "Annie van de Ruit": "", "Renee Pavy": "", "Marie Angelique Isabella Neomagus": "", "Julienne Mordant": "", "van Kemmening": "", "Madeleine Guy": "", "Ann Groen": "", "Anna Reinira Maria van Eyl": "", "Tine Broekhuis": "", "Susanna Hendrika van Brederode": "", "Cecile Billard": "", "Anna Marie Beretta": "", "Emilie Bauer": "", "Stephanie Hamburg": "", "Clara Virgili": "", "Tom Abang Saufi": "", "Lucila Safdie": "", "H\u00e9l\u00e8ne Dashort": ""}