{"Josiane Chanel": "Q27701832", "Charlotte de Huybert": "Q19754728", "Mademoiselle Archambault": "Q3275841", "Mary Singleton": "Q76315796", "Rosa Z\u00e1rate": "Q6112257", "Fanny Raoul": "Q3066474", "Abigail Kimber": "Q98207008", "Iduna Laube": "Q28647304", "Mienette van der Chijs": "Q19587827", "Am\u00e9lie Bosquet": "Q2844747", "Nikoline Sundt": "Q104666070", "Elise van Calcar": "Q2192278", "Anna Maria Gesina Bosscha": "Q19754707", "Giorgina Janet Craufurd": "Q3106881", "Anna Veronika Mik\u0161\u00ed\u010dkov\u00e1": "Q95456722", "Eliza Wright Osborne": "Q88216283", "Gerharda Matthijssen": "Q41338497", "Sidonie Kohen": "Q55907398", "Henriette Frederica Bosscha": "Q19756134", "Anna Houry": "Q28922613", "Marie Mineur": "Q88211310", "C\u00e9leste Hardouin": "Q99601893", "Reinoudina de Goeje": "Q15881199", "Maria Scheltema": "Q19059794", "Anna Wolterbeek": "Q18603370", "Codien Zwaardemaker-Visscher": "Q2172619", "Emily Josephine Leonard": "Q98324697", "Kalliop\u0113 A. Kechagia": "Q16737718", "Helena Mercier": "Q2091245", "Margarita P\u00e9rez de Celis": "Q55188201", "Anna van Hogendorp": "Q1812225", "Aikaterini Laskaridou": "Q97038384", "Mariana Os\u00f3rio de Castro": "Q66124267", "Camilla Ved\u00f8e": "Q99662674", "Fredrika Wetterhoff": "Q11860057", "Marie B\u00e9quet de Vienne": "Q28176342", "Ida Baumann": "Q98284587", "Gis\u00e8le d'Estoc": "Q30302781", "Maria Glocker": "Q1670063", "Louise Frederike Wijnaendts": "Q2522770", "Anna Schneider": "Q94998065", "Josefine Berta Pacher": "Q102188517", "Blanche Lefebvre": "Q47091499", "Karoline Blondein": "Q98372459", "Virginie Barbet": "Q2527809", "Mary Atkinson": "Q56612706", "Lucretia Jacoba Baart": "Q20031792", "Louise Popelin": "Q64767739", "Geertruida R\u00f6melingh": "Q20017550", "Francesca Vidal i Tous": "Q20100595", "Juana Rold\u00e1n": "Q28927558", "Charlotte Frischauer": "Q102230752", "Anne Levinck": "Q2851175", "Am\u00e9lie Humbert-Droz": "Q46551315", "Nellie van Kol": "Q2055947", "Klara Schleker": "Q23059438", "Geertruida Christine Jentink": "Q18093189", "Anna Steineger": "Q104622903", "Thora Lund": "Q95680167", "Henriette van Loenen-de Bordes": "Q28946804", "Elisabeth Wexelsen Jahn": "Q89010280", "Theodora van Campen-Doesburg": "Q54962034", "Camille Vidart": "Q63996649", "Catharina Agatha Worp-Roland Holst": "Q22695439", "Maria Anna Catharina Mensing": "Q20031813", "Ella Hruschka": "Q1331694", "Frederike van Uildriks": "Q3915086", "Elize Baart": "Q15991822", "Diderica Cornelia de Groot": "Q64033373", "Anna Lamp\u00e9ri\u00e8re": "Q86999437", "Marie Rosenthal": "Q102244650", "Dientje Dull": "Q22443067", "Gertrude Muysken": "Q22774979", "Anna Podlipn\u00e1": "Q104883944", "Alma Jalava": "Q17381139", "Louise Mayart": "Q106355054", "Hildur Schirmer": "Q18746670", "Anna Mossevig": "Q90872158", "Caroline Edgeworth David": "Q21536116", "Magdalene Vedeler": "Q81982531", "Theodore Haver": "Q26156397", "Wenche Sivle": "Q98334573", "Melania Rajchmanowa": "Q76192031", "Olga Ossani": "Q18758670", "Emmy Christine Evald": "Q16594765", "Micaela Chalmeta": "Q20101188", "Aletta Lorentz-Kaiser": "Q29044080", "Anna Pt\u00e1\u010dkov\u00e1": "Q104376945", "Brita Bj\u00f8rgum": "Q81370330", "Catherina Geertruida Doijer": "Q22955277", "Betsy Kerlen": "Q60028774", "Marie L\u00e9opold Lacour": "Q33110056", "Jacoba Mossel": "Q18655261", "Sofie Magelssen Groth": "Q104591151", "Johanne Langballe": "Q62080629", "Olympe Gevin-Cassal": "Q17635962", "Marie Steffensen": "Q62081191", "Augustine De Rothmaler": "Q41793283", "Anna Staniszewska": "Q97372201", "Clara M\u00fcller-Jahnke": "Q1095223", "Eug\u00e9nie Weill": "Q15970849", "Mercedes Gonz\u00e1lez Tola": "Q51882929", "Anna Steinhamar": "Q98478587", "Gabrielle Petit": "Q18221958", "Ietje Kooistra": "Q18093252", "Rosalie La Flesche Farley": "Q24951567", "Helenefriederike Stelzner": "Q50313988", "Frederike Klaar": "Q28064124", "Hanna Isaachsen": "Q88758931", "Henri\u00ebtte Heineken-Daum": "Q42340894", "Anna Carnaud": "Q62654542", "Hanna Palme": "Q92916021", "Augusta Abrahamsen": "Q6524105", "Hertha Sprung": "Q98286787", "Mathilde Berdenis van Berlekom": "Q2149947", "Nelly Hansen": "Q62081294", "Anna Bentzen": "Q24024042", "Grietje Cohen": "Q60005535", "Augusta Moll-Weiss": "Q23021054", "Suze Groshans": "Q14749692", "Selma von Lengefeld": "Q55908308", "Elise Henschien": "Q87429395", "Maria Strzelecka": "Q98822337", "Celinda Arregui": "Q8343361", "Albertina Para\u00edso": "Q30611296", "Frida Wilhelmina Amsler-Rauschenbach": "Q105030915", "Mathilde Cohen Tervaert-Isra\u00ebls": "Q42844775", "Marie Jungius": "Q13815388", "Hannah van Biema-Hijmans": "Q29207618", "Ottilie Bie": "Q84346777", "Jeanne Carolina van Lanschot Hubrecht": "Q72917737", "Sophie Wichers": "Q52216210", "Clara Mulder van de Graaf-de Bruyn": "Q29050433", "Lilly-\u00c9lisabeth Carter": "Q78320182", "Thyra Jensen": "Q62081506", "Meta Hansen": "Q61723497", "Catalina Salmer\u00f3n": "Q25986489", "Clinny Dreyer": "Q62079803", "Louise Gram Qvam": "Q106170361", "Anna Lohse": "Q62079541", "Thora Ingemann Dr\u00f8hse": "Q62081494", "Vera Starkoff": "Q28727906", "Eva Blytt": "Q104669703", "Dorothea Reinhardt": "Q96746081", "Johanna ter Meulen": "Q2570151", "Ingeborg M\u00f8ller": "Q62080334", "Josephine Baerveldt-Haver": "Q42110535", "Agnes Karll": "Q394562", "Elsa Diepenbrock": "Q43263734", "Kee Groot": "Q41350537", "Neeltje Lokerse": "Q18169504", "Elise Dosenheimer": "Q16890241", "Marie Illum": "Q62081131", "Dagmar Emilie Sophie Nielsen": "Q62079808", "Helene Berg": "Q62080171", "Florentia Fountoukli": "Q63088140", "Heleen Ankersmit": "Q20017555", "Angela Elizabeth Josephine Booth": "Q21535608", "Agnes Metcalfe": "Q96052486", "Astrid Hostrup": "Q62079625", "Marguerite Gobat": "Q19956541", "Therese Schmiedl": "Q98387045", "Thyra Kullgren": "Q4960107", "Maria Boissevain-Pijnappel": "Q29020974", "Marie Elise Loke": "Q2092733", "Lulli Lous": "Q19587786", "Gina Schou Borchgrevink": "Q98100319", "Henri\u00ebtte Kuyper": "Q2171210", "Wilhelmina van Embden": "Q15879386", "Minna Bachem-Sieger": "Q18822134", "Frederike Meyboom": "Q2752959", "Eva Fr\u00f6berg": "Q4949121", "Thyra Dyekj\u00e6r": "Q62081501", "Albertine Steenhoff-Smulders": "Q41883303", "Gisela Urban": "Q89091937", "Kamila Spalov\u00e1": "Q63861419", "Ludwika Jaho\u0142kowska-Koszutska": "Q8861885", "Zhang Hanying": "Q45688986", "Else Falk": "Q33057271", "Marie Riising Rasmussen": "Q62081182", "Else L\u00fcders": "Q1333678", "Camilla Frederikke Perssen": "Q62079744", "Oda Olberg": "Q2014013", "Matilde Padr\u00f3s": "Q30901806", "Kaja Isaachsen": "Q88846435", "Marna Aall": "Q12716758", "Paula Ca\u00f1ellas Alba": "Q20006175", "Candelaria Ruz Patr\u00f3n": "Q78063923", "Rosa Kempf": "Q2166442", "Johanna Wei\u00df": "Q80112903", "Marguerite Delchef": "Q58841638", "Wabien Mansholt-Andreae": "Q19802280", "Elena Fabian-Aciu": "Q51385547", "Erika Paulasov\u00e1": "Q105502310", "Emmy Belinfante": "Q19857144", "Hulda Pedersen": "Q62080233", "Marie Jeanette Baale": "Q15734245", "Roza de Guchtenaere": "Q1825802", "Pauline Valmy": "Q23053121", "Hedda Wagner": "Q1593182", "Marion Gilbert": "Q3293633", "Martha L\u00fcthy-Zobrist": "Q61828324", "Anna Bransager Nielsen": "Q4940446", "Emilia Broese van Groenou": "Q28064396", "Truus Hogerzeil": "Q23888890", "Olga Misa\u0159": "Q20752213", "Julia Bertrand": "Q18215015", "Magdalena Westerveld": "Q24204044", "Irene Prunera Sed\u00f3": "Q51526901", "Marie Le Gac-Salonne": "Q41453712", "Louise Rosalie Napias": "Q3263814", "Agn\u00e8s Donckel": "Q85713412", "A.C. Veen-Brons": "Q51320811", "Hertha J\u00e4ger": "Q26883990", "Irene Dendrinou": "Q57976666", "Ragna Schou": "Q62081348", "Elsa Rotter": "Q98371102", "Madeleine Le Clerc de Juign\u00e9": "Q3275674", "Marta T\u00e6rum": "Q106213899", "Cornelia Serrurier": "Q2197665", "Jeanne van den Bergh van Eysinga-Elias": "Q60029190", "Marcelle Legrand-Falco": "Q84164166", "Gertrud Stockmayer": "Q54666761", "Mimi Saxe Falch": "Q84763799", "Martha Tausk": "Q1903099", "Anna Zuikerberg": "Q43258196", "Arria Ly": "Q2863603", "Andr\u00e9e Butillard": "Q2848932", "Marie Heinen": "Q2346995", "Laura Striker": "Q18916855", "Suzanne Galland": "Q28532062", "Ida Somazzi": "Q15432162", "Pauline S\u00e9riot": "Q101879613", "Marie-Louise Bougl\u00e9": "Q3292050", "Karen Berl\u00e8me-Nix": "Q62080718", "C\u00e9line Dangotte": "Q47514867", "Ingrid Johanne Gether Larsen": "Q62080531", "Raquel Cama\u00f1a": "Q5636965", "Carola Prosperi": "Q3660521", "Louise van Eeghen": "Q60029195", "Atala Apodaca": "Q50747987", "Christine Bakker-van Bosse": "Q60028942", "Clasina Kluyver": "Q19754738", "Zhang Mojun": "Q15907950", "Florence van Beek": "Q23754818", "Clara Meijers": "Q28064149", "Adrienne Sahuqu\u00e9": "Q2825320", "Denise Moran": "Q18642560", "\u0412\u043b\u0430\u0434\u0438\u0441\u043b\u0430\u0432\u0430 \u041f\u043e\u043b\u0438\u0442 \u0414\u0435\u0441\u0430\u043d\u0447\u0438\u045b": "Q61126378", "Natalia Steinowa": "Q82265239", "Leontina de Cabral Hogan": "Q10317425", "Klara Caro": "Q18786103", "Marguerite Thibert": "Q3290739", "Victoire Cappe": "Q2644017", "Laure Beddoukh": "Q18684095", "Eleonor Lillieh\u00f6\u00f6k": "Q16595619", "Edith Lindblom": "Q16595632", "Hildegard Margis": "Q1618351", "Suzanne Lippens-Orban": "Q28584534", "Miguelina Acosta C\u00e1rdenas": "Q62576348", "Clotilde Garc\u00eda Borrero": "Q5772882", "Maria Julivert Aul\u00e9s": "Q12352319", "Mar\u00eda Martos Arregui O'Neill": "Q50368290", "H\u00e9l\u00e8ne Gautier-Pictet": "Q64029086", "Mies Wiener": "Q55118811", "Hazel Beatrice Kemp Colville": "Q94499058", "Carola Lohde": "Q47086851", "Olga Prochaskov\u00e1-Sedl\u00e1\u010dkov\u00e1": "Q104165606", "Margriet Baers": "Q50353187", "Ang\u00e9lica Ch\u00e1vez de Patterson": "Q63346414", "Karna Nilsson": "Q62080784", "Fidelia Brindis Camacho": "Q63736593", "Ana Maria Bidegaray": "Q64816688", "Else Niem\u00f6ller": "Q77469553", "Karen Gl\u00e6sel": "Q62080735", "Dora Edinger": "Q106642198", "Josephine Jaans": "Q51954657", "Nabiha Nasir": "Q58327090", "Trien de Haan-Zwagerman": "Q28064013", "Jeanne Kesseler": "Q78782458", "Jeanne Beeckman": "Q15020985", "Llibertat R\u00f2denas": "Q11932294", "Elsa Svartengren": "Q105275977", "Jenny Humbert-Droz": "Q1687037", "Felicia Santizo": "Q63683426", "Janie Lever-Brouwer": "Q20242883", "Kerttu Sihvonen": "Q28356957", "Marie Anne Tellegen": "Q3181404", "Sara Rey Alvarez": "Q19721977", "Vera Douie": "Q67145782", "Else Scheuer-Insel": "Q3051748", "Liu Qingyang": "Q8263934", "Salvadora Medina Onrubia": "Q6117843", "Sigrid Ammitzb\u00f8ll": "Q62081415", "Marie-Jos\u00e8phe R\u00e9chard": "Q18684593", "Agnes Nolte": "Q19801936", "Liv Hektoen L\u00f8vland": "Q96083181", "Mar\u00eda Luisa S\u00e1nchez Bustamante": "Q64025621", "Maria Golescu": "Q51078475", "Nelly Cormeau": "Q87263542", "Corry Tendeloo": "Q2520719", "Else Zeuthen": "Q15639161", "M\u00e9lanie Oppenhejm": "Q62081232", "Teresa Gim\u00e9nez Selma": "Q28916353", "Florinda Lazos Le\u00f3n": "Q56377765", "Henriette Alquier": "Q30312609", "Suzanne Tassier": "Q18613190", "Narushima Noriko": "Q24845581", "Claire Duysburgh": "Q22955294", "Gerritje Meldau": "Q105789814", "Bo\u017eena Rothmayerov\u00e1": "Q104173678", "Teresa Giner": "Q28916339", "Afifa Sa'b": "Q56249512", "Franca de Armi\u00f1o": "Q64819906", "Carmela Galardo-Frascarelli": "Q67124784", "Paula Pog\u00e1ny": "Q98385147", "Ida Mayer": "Q98399202", "Ana Mar\u00eda Rubens": "Q106450989", "Marga Philip": "Q100154208", "Ren\u00e9e de S\u00e9pibus": "Q28933270", "Mercedes Olivera Bustamante": "Q48340826", "Bibiana Pe\u00f1aranda": "Q50379647", "Estela Fern\u00e1ndez Hermosillo": "Q50846034", "Lol Kin Castaneda": "Q57056844", "Fernande Coulon": "Q87421998", "Adriana Willemina de Iongh": "Q27925203", "Doris Clark": "Q104523976", "Gis\u00e8le Faivre": "Q28485782", "Maria Vaquer Moll": "Q106214413", "Cao Mengjun": "Q8463951", "Juliette Borboux": "Q87336013", "\u0130ffet Halim Oruz": "Q47501668", "N\u00e8lli L\u02b9vovna Pta\u0161kina": "Q67202166", "Chen Tiejun": "Q88966732", "Ruth Hermann": "Q12334010", "Zhang Yun": "Q8248724", "\u05ea\u05d4\u05d9\u05dc\u05d4 \u05de\u05d8\u05de\u05d5\u05df": "Q55648444", "Stella Kornerup": "Q62081443", "Berthe Labille": "Q87338327", "Gerda Evang": "Q17058141", "Inger Wilfred Jensen": "Q62080513", "Zahia Marzouk": "Q106588351", "Alice Prausnitz": "Q94743047", "Habiba Menchari": "Q45843013", "Yuriko Motojima": "Q60990681", "Najla Saab": "Q56251204", "Nina Popowa": "Q4372656", "Hilda Verwey-Jonker": "Q13726662", "Ofelia Machado Bonet": "Q29075128", "Salma Al-Malaika": "Q27915966", "Annie Schondel": "Q62079615", "Henny de Swaan-Roos": "Q28527559", "Maria Lu\u00edsa Bittencourt": "Q54329557", "Constance Rover": "Q106588352", "Yvonne Dorn\u00e8s": "Q3574189", "Necile Tevfik": "Q88488271", "Karen Nielsine Rasmussen": "Q62080765", "C\u00e9cile Wagner": "Q62008259", "Harri\u00ebt Freezer": "Q2247309", "Corinne Marie Louise Pardede-baronesse van Boetzelaer": "Q28064031", "Moloud Khanlari": "Q3319669", "Dulce del Moral": "Q16492111", "Juana Quesada": "Q5953865", "Maria Doriath": "Q67324148", "Elizabeth Sneyers": "Q4158563", "Marie-Th\u00e9r\u00e8se Eyquem": "Q3292257", "Birgitte Weis Bentzon": "Q62079693", "H\u00e9l\u00e8ne Michel-Wolfromm": "Q95990042", "Aicha Bellagha": "Q50380380", "Eve Rudin": "Q95889574", "Aida Fahmy": "Q20410036", "Joke Stoffels-van Haaften": "Q2034302", "Maria Groza": "Q106525888", "Evelyn O'Bomsawin": "Q3061387", "Ad\u00e8le Hauwel": "Q52226153", "Andr\u00e9e Michel": "Q2848963", "Rosine Lewin": "Q5246909", "Jytte Christensen": "Q62080686", "Sienie Strikwerda": "Q2804005", "Lieve Denys": "Q13751494", "Cobi Schreijer": "Q2309344", "Eva Rude": "Q62080034", "Charlotte Hauglustaine": "Q62019715", "Anna Delso": "Q18214523", "Marie-Th\u00e9r\u00e8se Cuvelliez": "Q78784329", "Rita Knudsen": "Q62081379", "Beatrice Slama": "Q94696525", "Gabriele Miller": "Q22693059", "Janet Irwin": "Q96778682", "Simone Iff": "Q18707098", "Mary Jean Crenshaw Tully": "Q21552307", "Jeannette Laot": "Q16645660", "Betty Fisher": "Q62156103", "Jenny Plocki": "Q3177162", "Bodil Graae": "Q62079721", "Baby Johannessen": "Q87268850", "Cisca Pattipilohy": "Q62913625", "Astra Blaug": "Q99515363", "Corrine Grad Coleman": "Q106588349", "Manuela Galeote": "Q78063205", "Fran\u00e7oise Collin": "Q2436796", "Elisabeth Hannover-Dr\u00fcck": "Q21018576", "Ankie Peypers": "Q2404866", "Cynthia Cunningham": "Q106910195", "Sira Diop": "Q52144878", "Noor van Crevel": "Q62913572", "Marijke Wuthrich-van der Vlist": "Q19802043", "Fran\u00e7oise Janicot": "Q19544856", "Emma Vorlat": "Q59530001", "Tamae Mizuta": "Q11549017", "Si Felicetti": "Q46749743", "Frances Patai": "Q106713361", "Hylkje Go\u00efnga": "Q2888052", "Lily Boeykens": "Q2780641", "Aslaug Moksnes": "Q11959387", "Anne-Marie Storrer": "Q67218424", "Monique Van Tichelen": "Q17580385", "Ariane Amsberg": "Q28332824", "Nicole Pasquier": "Q3341100", "Hanna Joensen": "Q62080131", "Margaretha Hundt": "Q19587799", "Zahid\u00e9 Machado Neto": "Q72981004", "Marjolaine Chevallier": "Q50862225", "Chantal Rogerat": "Q89881528", "Marijke van Hemeldonck": "Q1898113", "Marcelle Marini": "Q3289561", "Stephanie de Voogd": "Q62913619", "Elena Urrutia": "Q28083528", "Aiko Iijima": "Q11666351", "Barbro Werkm\u00e4ster": "Q4990313", "Nel van Beek": "Q2331110", "Riet Bons-Storm": "Q14276722", "Ageeth Scherphuis": "Q2197654", "Marysa Navarro Aranguren": "Q106139166", "Evelyne Le Garrec": "Q106588284", "Pijkel Schr\u00f6der": "Q43296833", "Rita Arditti": "Q53710035", "Helga Laake": "Q106231990", "Fad\u00e9la M'Rabet": "Q26712725", "Harriet Trudell": "Q106910329", "Anne Zelensky": "Q17621356", "Denise Lardner Carmody": "Q70059784", "Margaretha Mickwitz": "Q97456206", "Eivor Lilja": "Q16595609", "Margot Badran": "Q84601657", "H\u00e9l\u00e8ne Rouch": "Q3144852", "Zhor Zerari": "Q106088034", "Renee Diamond": "Q106910274", "Anneke van Baalen": "Q1869505", "Mette Kun\u00f8e": "Q62081246", "Loredana Cozzi": "Q47525635", "Alieda Verhoeven": "Q55243536", "Cecile Rapol": "Q13458263", "Carmen Moreno Toscano": "Q79349592", "Monique Altschul": "Q56240284", "Carla Br\u00fcnott": "Q26262895", "Hanneke van Buuren": "Q62913569", "Giselle Donnard": "Q29549288", "Nelly Trumel": "Q40762505", "Gille Wittig": "Q27701734", "Claudine Rey": "Q99534387", "Christiane Ensslin": "Q13466264", "Namascar Shaktini": "Q27702625", "Mar\u00eda Xos\u00e9 Queiz\u00e1n": "Q11691461", "Solveig Svanbom": "Q46764968", "Barbara Meter": "Q96612793", "Danielle Haase-Dubosc": "Q3014996", "Gon Buurman": "Q26255966", "Julia Sevilla Merino": "Q59822326", "Luciana Tufani": "Q63184662", "Zhour Alaoui Mdaghri": "Q87330656", "Mari Jose Urruzola": "Q21450772", "Helga Diekhoff": "Q62554885", "Annie Leclerc": "Q2851675", "Evelyne Rochedereux": "Q42298452", "Itziar Lozano": "Q26692015", "Laila Abou Saif": "Q63865156", "Sue Lees": "Q106588294", "Marta Pessarrodona i Artigues": "Q724063", "S\u00e9verine Auffret": "Q3511457", "\u00c1ngeles Ru\u00edz-Tagle": "Q44919320", "Michelle Coquillat": "Q52635155", "Lois Kittson": "Q92938669", "Hadja Mariama Sow": "Q102162766", "Ria Jaarsma": "Q20857375", "Iteke Weeda": "Q23006292", "Annik Houel": "Q60483858", "Hannemieke Stamperius": "Q1977977", "Marjo van Soest": "Q23038676", "Troetje Loewenthal": "Q62035229", "Jantine Oldersma": "Q62913596", "Txaro Arteaga": "Q16519108", "Fran\u00e7oise Picq": "Q30241731", "Diana Alstad": "Q5271083", "Joyce Outshoorn": "Q23038683", "Nora Rozenbroek": "Q59503591", "Irma Campos Madrigal": "Q81588150", "Marie-France Brive": "Q30243056", "Rosa Arauzo": "Q51886185", "Minny Mock-Degen": "Q104376898", "Marie-Louise Tiesinga-Autsema": "Q20857359", "Saskia Poldervaart": "Q15943669", "Marie Dedieu": "Q3292471", "Dunya Verwey": "Q62913618", "Chana Safrai": "Q2580818", "Emmanu\u00e8le de Lesseps": "Q102226319", "Rita Myers": "Q27595496", "Gloria Nielfa Cristobal": "Q55946887", "Pura Velarde": "Q60487880", "Petra de Vries": "Q62035273", "Pilar Sent\u00eds Zuazola-Cigorraga": "Q98398390", "Ernestine Ronai": "Q100605523", "Gabriele Raether": "Q28819125", "Suzette Robichon": "Q42562601", "Simone Susskind": "Q17350952", "Veronika Minder": "Q41702196", "Annemarie Goedmakers": "Q17420750", "Randi Reese": "Q11997096", "Nadja Ringart": "Q42298565", "Marie-Fran\u00e7oise Gonin": "Q59056612", "Carmi\u00f1a Navia Velasco": "Q16941635", "Selma Sevenhuijsen": "Q23006340", "Maviye Karaman Ince": "Q2243083", "Paveena Hongsakul": "Q2405299", "Mahide Lein": "Q60691271", "Claudette van Trikt": "Q62913603", "Helena Lopes da Silva": "Q72973422", "Deborah Carlos Valencia": "Q87188713", "Altamira Gonzalo": "Q91776235", "Ana Carcedo": "Q97931376", "Syarifah Sabaroedin": "Q105942075", "Martine Chaponni\u00e8re": "Q23005618", "Jolande Withuis": "Q3146736", "Selma Leydesdorff": "Q2637972", "Paola Tabet": "Q3362583", "Pilar T\u00e0vora": "Q36841879", "Amal Harthy": "Q50379236", "Khadija Cherif": "Q54875178", "Bego\u00f1a Zabala": "Q55403779", "Anneke Ribberink": "Q62913628", "Saida Garrach": "Q64019736", "Georgina Fletcher": "Q78940041", "Silvia Casalino": "Q28952240", "Fabienne Lauret": "Q99654421", "Berit Rusten": "Q87346612", "Jenny Goldschmidt": "Q15526350", "Jeanne Doomen": "Q23038662", "Gitti Hentschel": "Q34772783", "Mai Abu al-Samman": "Q50374708", "Christine Hjortland": "Q75019257", "Cecilia Lor\u00eda Savi\u00f1\u00f3n": "Q78062311", "Sally Cole": "Q79402607", "Dolors Majoral i Puig": "Q105602197", "Lila Thom\u00e0s Andreu": "Q106873689", "Annarita Buttafuoco": "Q3617921", "Marisa Barrena Larruzea": "Q92054617", "Victoria Popescu": "Q9368654", "Annie Junter": "Q24690662", "Teresa Meana Su\u00e1rez": "Q59313523", "Mieke Aerts": "Q62913566", "Mina Zerrouk": "Q29913442", "Rita Maria Radl Philipp": "Q28022026", "Rina Nissim": "Q58932654", "Anne N\u00e8gre": "Q30114602", "Ren\u00e9e R\u00f6mkens": "Q27902928", "Layla Chaouni": "Q50344794", "Magaly Reyes Ch\u00e1vez": "Q66035601", "Ana Correa Benites": "Q69910135", "Maria Duran Febrer": "Q91801482", "Nahed Selim": "Q260087", "Corinne Monique Belliard": "Q2997353", "Rudo Chigudu": "Q19509098", "Mirna Rold\u00e1n": "Q28947675", "Mar\u00eda Isela Lozoya Velo": "Q30903014", "Zita K\u00fcng": "Q58797822", "Monique Bastiaans": "Q50105143", "Dorothee Wong Loi Sing": "Q2333767", "Susan Weiss": "Q55649308", "Rab\u00e9a Naciri": "Q50825333", "Guadalupe S\u00e1nchez Sosa": "Q30099207", "Mar\u00eda Enriqueta Burelo Melgar": "Q61855498", "Merc\u00e8 G\u00f3mez Llobregat": "Q63195473", "Lydie Neufcourt": "Q57316094", "Marli Huijer": "Q2050967", "Angela Maas": "Q63565853", "Rita Hendriks": "Q52557073", "Luisa Posada Kubissa": "Q18689578", "Amneh Al-Rimawi": "Q33253361", "Ilhem Marzouki": "Q50407448", "Astrid Aten": "Q61047655", "Berteke Waaldijk": "Q19973939", "Esperanza Bosch Fiol": "Q59261589", "Habiba Sorabi": "Q92070366", "Fouzia Assouli": "Q50380368", "Rafaela Pastor": "Q43237208", "Amaia Fontang": "Q93895250", "Elisabetta Pandimiglio": "Q15093467", "Lili\u00e1n Abracinskas": "Q22977441", "\u0425\u0430\u0440\u0438\u0442\u043e\u043d\u043e\u0432\u0430, \u041e\u043b\u044c\u0433\u0435\u0440\u0442\u0430 \u0412\u043b\u0430\u0434\u0438\u0441\u043b\u0430\u0432\u043e\u0432\u043d\u0430": "Q97664550", "Gitti Vasicek": "Q62034722", "Nela Pamukovi\u0107": "Q95997187", "Christine Pedotti": "Q2965969", "Nadera Shalhoub-Kevorkian": "Q6616804", "Celia del Palacio": "Q93428902", "Maria R\u00f6sslhumer": "Q104003260", "Vilan van de Loo": "Q29522052", "Hafida Bachir": "Q87575254", "Harsimrat Kaur": "Q24732014", "Vreneli Stadelmaier": "Q23038694", "Michal Sela": "Q25492085", "Barbara Guntern": "Q42560965", "Cecilia Szperling": "Q79062807", "Cony Carranza Castro": "Q86460917", "Margreet de Boer": "Q1906932", "Henda Ducados": "Q56822733", "Patricia Kaersenhout": "Q62075561", "Sibylle Hamann": "Q1751948", "Rosa Cursach Salas": "Q106413009", "Mare Tralla": "Q29420420", "Huda al-Daghfaq": "Q86371224", "Isabel Garc\u00eda S\u00e1nchez": "Q56402324", "Mar\u00eda Mar\u00eda Acha-Kutscher": "Q58980478", "Michela Bovolenta": "Q73134928", "Camille Froidevaux-Metterie": "Q47093256", "Val\u00e9rie Mr\u00e9jen": "Q3554302", "Vilma Reis": "Q53818355", "Shannon Lowney": "Q106369484", "Erica Rut Hynes": "Q68573072", "Fauzaya Talhaoui": "Q685728", "Nadia Geerts": "Q3334870", "Mar\u00eda Gimeno": "Q77410061", "Barbara Fried": "Q87188719", "Montserrat Pineda Lorenzo": "Q98057877", "Margriet van der Linden": "Q2188653", "Agnieszka Grzybek": "Q9142263", "Naema Tahir": "Q1869065", "Victoria Guerrero Peirano": "Q96482656", "Nuria Coronado Sope\u00f1a": "Q97625125", "Nati Veraguas Aguilera": "Q63197296", "\u05d7\u05d2\u05d9\u05ea \u05e4\u05d0\u05e8": "Q64682591", "Pamela Palma Zapata": "Q87721738", "Ana Bella Est\u00e9vez": "Q19788585", "Carlin Ross": "Q5749422", "Devin \u00d6zg\u00fcr \u00c7\u0131nar": "Q6082788", "Irantzu Varela": "Q42148318", "Ndella Paye Diouf": "Q87740262", "Safia Lebdi": "Q3461282", "Julia Antivilo Pe\u00f1a": "Q24499655", "Amaia Astobiza": "Q90648828", "Fa\u00efna Grossman": "Q64785574", "Micky Lee": "Q78911542", "Geraldina Gonz\u00e1lez de la Vega": "Q106072048", "Asma Guenifi": "Q59059615", "Garbi\u00f1e Elizegi Narbarte": "Q14090088", "Marta Vergony\u00f3s": "Q30508164", "Linda Duits": "Q37143787", "Senem Timuro\u011flu": "Q87747225", "Cinzia Arruzza": "Q86865194", "Leonora Christina Skov": "Q2130725", "Mar\u00eda Jos\u00e9 Jim\u00e9nez Corti\u00f1as": "Q25509850", "Joana Garcia Grenzner": "Q97733059", "Saime": "Q7044001", "T\u00e0nia Verge i Mestre": "Q57495650", "Irene de Bel": "Q62913623", "S\u00edlvia Aldabert": "Q66779576", "Lisette Lomb\u00e9": "Q67775831", "Loubna M\u00e9liane": "Q3260199", "F\u00e1tima Iturr\u00edos": "Q62598309", "Ianire Est\u00e9banez": "Q28867378", "Yun Kim Ji-Yeong": "Q55732903", "Yun Ji Sun": "Q106207040", "Karla Micheel Salas Ram\u00edrez": "Q20747070", "Eva Meijer": "Q28860673", "Verena Brunschweiger": "Q73006652", "Cira Crespo": "Q105344916", "Ivonne Ram\u00edrez Ram\u00edrez": "Q62479316", "Caroline De Haas": "Q2939987", "Lama Hattab": "Q40327798", "Diana J. Torres": "Q105440239", "Natalia Morales": "Q60031472", "Patricia Caro Maya": "Q60485194", "Nerea P\u00e9rez de las Heras": "Q97955139", "Christelle Delarue": "Q63332953", "Jhoana Pati\u00f1o": "Q100782152", "Asha ten Broeke": "Q23889021", "Fatima Benoma": "Q55315533", "Jordina Freixanet Pardo": "Q97466631", "Isa Calder\u00f3n": "Q103959753", "Claire Serre Combe": "Q28522609", "Basha Changuerra": "Q104194942", "Anne-C\u00e9cile Mailfert": "Q47091266", "Amelia Tiganus": "Q64224979", "Ana\u00efs Bourdet": "Q77667866", "Sarah Constantin": "Q24647715", "Manon Garcia": "Q59498779", "Coline de Senarclens": "Q23727181", "B\u00e1rbara Sep\u00falveda Hales": "Q106943837", "Maria Rod\u00f3 de Z\u00e1rate": "Q98125691", "Claudia Cotaina": "Q99541038", "Oph\u00e9lie V\u00e9ron": "Q30277348", "Helena Gleesborg Hansen": "Q52680498", "Nebila Abdulmelik": "Q43779014", "Rita Wu": "Q58901357", "Oihana Etxebarrieta Legrand": "Q30337297", "Feryel Charfeddine": "Q90720985", "Jennifer Padjemi": "Q106782652", "Jenn D\u00edaz": "Q16941873", "Rebecca Amsellem": "Q62697280", "Kristina Lunz": "Q58739131", "Lucy Monaghan": "Q102282355", "\u0555\u0584\u057d\u0561\u0576\u0561 \u054e\u0561\u057d\u0575\u0561\u056f\u056b\u0576\u0561": "Q65125597", "Jess Davidson": "Q52747031", "Marguerite Stern": "Q105839372", "Charlotte Simons": "Q63197124", "Kalis Mardiasih": "Q97202299", "Laura Nsafou": "Q59587839", "Zoulikha Tahar": "Q53770150", "Daria Serenko": "Q106511833", "Andrea Khalfaoui": "Q89620480", "Yakiri Rubio": "Q20747053", "nixelpixel": "Q71414063", "Sophie Passmann": "Q32558449", "Sayali Bahar": "Q87496858", "Maddi Ane Txoperena": "Q87782165", "Tora Kristiane Finne": "Q60086236", "Fahma Mohamed": "Q30727994", "Cecilie Martinessen": "Q59513631", "Mich\u00e8le Asselin": "Q3311558", "Leonor Taboada": "Q99308975", "Olivia Masoja": "Q106322514", "Helima Guerra": "Q2451655", "Ramani Gurusamy": "Q12701700", "Sumana Harihareswara": "Q18912181", "\u00c1ngela Acu\u00f1a": "Q19606386", "\u00c9lo\u00efse Bouton": "Q19819306", "Masruchah": "Q28724317", "No\u00ebl Tolb": "Q29576200", "Gabrielle Chapuis": "Q29576258", "Christine Le Doar\u00e9": "Q30123847", "St\u00e9phanie Heng": "Q30729418", "Immaculate Bugingo": "Q42314061", "Malika Hamidi": "Q42314115", "Hedwige Peemans-Poullet": "Q49964934", "Ellie Mackin Roberts": "Q52149713", "Jamila Arrabi": "Q52331612", "Hatoun Ajwad al-Fassi": "Q53863004", "Mariel Mariel": "Q54918608", "Armande Bessi\u00e8res": "Q55379083", "Inas Mekkawi": "Q56164318", "Naomi S Tucker": "Q58197632", "Petronella Heringa": "Q58597557", "Sylvie Ulrich": "Q59100206", "\uc724\ubcf4\ub77c": "Q60050759", "Asmaa Guedira": "Q60463731", "Sophie Lewis": "Q61631215", "Laure Salmona": "Q61721722", "Alayna Cole": "Q61743458", "Annamaria Tagliavini": "Q62393108", "Julia De Lima": "Q62913577", "Anne Marie Vankan": "Q62913606", "Nel Welle Donker": "Q62913621", "Nel Hermans": "Q63058608", "Laia Rosich Sol\u00e9": "Q63213459", "Mercy Akuot": "Q63381169", "Chanty Binx": "Q64097164", "Jennie Rose Halperin": "Q64346428", "Susanna Vardanyan": "Q66086025", "Bel\u00e9n L\u00f3pez S\u00e1nchez": "Q66902321", "Maria Eva Fernandez Lamelas": "Q73393926", "Berta Ballester Plan\u00e9": "Q74268039", "Diana Safieh": "Q74396140", "Eumelia Hern\u00e1ndez": "Q78007491", "Mar\u00eda Ascensi\u00f3n Mart\u00ednez Mart\u00edn": "Q83184349", "Maria Nassali": "Q83613728", "Rita Hope Aciro Lakor": "Q83613773", "Pionie Bosoe": "Q87074399", "Lul\u00fa Barrera": "Q87118168", "Sylvie Lauberg": "Q87579214", "Magda Pollard": "Q88200599", "Montserrat Sagot": "Q92371507", "Natacha Rault": "Q95397670", "Helen Lowenthal": "Q95985272", "Amy Lin": "Q96335958", "Gracia Trujillo": "Q96679249", "Mariam Jalabi": "Q97187388", "Sara Cuentas": "Q97572508", "Bouchera Azzouz": "Q97578287", "Adja Rose Basse": "Q98094834", "Gabriele Werner": "Q98399381", "Paloma Estrada Mu\u00f1oz": "Q98538563", "Patricia Uribe Zu\u00f1iga": "Q98701388", "Catalina Ruiz-Navarro": "Q99325205", "Kagendo Murungi": "Q100535753", "Ana Polo": "Q102527794", "Cornelia Gl\u00e8l\u00e8": "Q104247071", "Anna Matou\u0161kov\u00e1": "Q104376977", "Freshta Kohistan": "Q104494873", "Asunci\u00f3n Fern\u00e1ndez Solsona": "Q104590523", "Norma L. Kelsey": "Q105330424", "Delphine Aslan": "Q105475767", "Rose Isukana": "Q105515879", "Anika Kingmele": "Q105515907", "Maria Pepa": "Q105515920", "Bibata Ouedraogo": "Q105664704", "Cendrine Nama": "Q105664751", "Biselenge Lifaita": "Q105754560", "Jo Bartosch": "Q105824103", "Ana Maria Balsera i Mar\u00edn": "Q105826061", "Nabila Hamza": "Q105945878", "Veronica Ata Tori": "Q106010976", "Sri Rumiati": "Q106016983", "Sofia Branco (journalist)": "Q106189399", "Raquel Ram\u00edrez Salgado": "Q106234362", "Daisy di Robilant": "Q106369483", "marinashutup": "Q106434136", "Alice Madge Dawson": "Q106588350", "Mar\u00eda \u00c1ngeles Ruiz-Tagle Morales": "Q106603447", "Martha Rosenberg": "Q106941129", "Nina Brugo": "Q106950814"}