{"Irena Vodopivec Jean": "Q40001033", "Adomah Peprah": "Q105475538", "Edith Farkas": "Q110945432", "Tamao Sasada": "Q121355304", "Cecilia Krakow": "Q4959740", "Catharina Fock": "Q60967848", "Mar\u00eda Teresa de Acosta Toro": "Q117883953", "Catalina Fern\u00e1ndez Llamazares": "Q110768393", "Ludwika Wawelberg": "Q105086996", "Clara Hammerl": "Q19998202", "Frida af Sandeberg": "Q106590918", "Jadwiga Bersohn": "Q106157695", "Auguste Caroline Lammer": "Q766246", "Selma Arnheim": "Q94726285", "Lilly \u00c5kerholm-Fedortjuk": "Q30229665", "Inger Adamina Walda": "Q98534043", "Thyra Bratt": "Q95683062", "Carlota Garc\u00eda del Real": "Q113505495", "Halina Seyda": "Q98108416", "Kiyomi Kasai": "Q11621004", "Jean Andrus Bronfenbrenner Crockett": "Q103332524", "Karin von Ullmann": "Q977523", "Madeline McWhinney Dale": "Q97014678", "Rosal\u00eda Olvera de Luz\u00e1rraga": "Q28912457", "Lisette Mayret": "Q41954501", "Pilar Espu\u00f1a i Dom\u00e8nech": "Q19301593", "Maria Schaumayer": "Q1277360", "Henryka Krakowiak": "Q29077594", "Ilona DeVito di Porriasa": "Q19340050", "Deloris Jordan": "Q29348175", "Christiane Dor\u00e9": "Q31092982", "Jada Wattanasiritham": "Q5411458", "Tanya Sirivedhin": "Q92054387", "Dalal Abdulla Thunayan Alghanim": "Q116718016", "Susan Chang": "Q9084199", "Patricia Nawa": "Q125521691", "Sharyn Kay Cederman": "Q121096118", "Bella Zlatkis": "Q47670067", "Lotte Burkhardt": "Q110814608", "Ewa Kawecka-W\u0142odarczak": "Q62854663", "Velta \u010cebotarenoka": "Q4508071", "Malle Eenmaa": "Q123915373", "Ariane Obolensky": "Q32413864", "Jean Gilligan Dunne": "Q106256616", "Neca Setubal": "Q18278598", "Helen K. Sinclair": "Q92049531", "Ilze Jurkane": "Q50368900", "Hiromi Yoshioka": "Q21702959", "Tamara Stepashina": "Q129437828", "Marianna Latsi": "Q16524047", "Ermakova Nadezhda Andreevna": "Q3646683", "Maarit N\u00e4kyv\u00e4": "Q11880417", "Au\u00f0ur Inga Einarsd\u00f3ttir": "Q61972145", "Natasha Gurfinkel Kagalovsky": "Q4152510", "Eleni Dendrinou-Louri": "Q11967049", "Simone Champagne": "Q7520251", "Zhang Yukun": "Q9136950", "Anne Leclercq": "Q115942290", "Birgitte Bonnesen": "Q23917075", "Dagmar Komar": "Q40003389", "J\u00falia Kir\u00e1ly": "Q1109197", "Marie-Claire Capobianco": "Q33110141", "Marie-Anne Poussin-Delmas": "Q63117368", "Alena Longauerov\u00e1": "Q12762080", "Tsvetelina Borislavova": "Q12298794", "Lisa Herold Ferbing": "Q23907985", "R\u00f3sa Samuelsen": "Q1253548", "Lala Moulaye Ezzedine": "Q107550013", "Hayat Nasser": "Q116717879", "Anita Fung": "Q9375136", "Joanne Kellermann": "Q17264990", "Lieve Mostrey": "Q107344729", "\u041f\u0435\u0442\u044f \u0421\u043b\u0430\u0432\u043e\u0432\u0430": "Q19205051", "Jill May": "Q108801105", "Luz Mar\u00eda Serpas de Portillo": "Q11987069", "Elisabeth Thier": "Q95190471", "Arinola Adeniyi": "Q107160065", "Avid Modjtabai": "Q5942248", "Marja Nyk\u00e4nen": "Q27588742", "Kate Elizabeth Pothalingam": "Q75839069", "Mammu Kaario": "Q50404944", "Sarah Whitney": "Q103192153", "C\u00e9cile Besse Advani": "Q110152267", "Ari\u00ebtte Dekker": "Q106595551", "Nicole Reich de Polignac": "Q16302144", "Mar\u00eda Jos\u00e9 Garc\u00eda Beato": "Q61062257", "Chie Shinbo": "Q27150706", "Monika Zah\u00e1lkov\u00e1": "Q125695320", "Erin Callan": "Q124363292", "Leen Van den Neste": "Q2787581", "Tracey Batten": "Q108801197", "Diony Lebot": "Q33158147", "Michal Abadi-Boiangiu": "Q6813107", "Jacqueline  Adiaba": "Q117221320", "Mridul Hegde": "Q107156976", "Marie-Anne Barbat-Layani": "Q33230801", "Tiina Lee": "Q108801229", "\u041a\u0456\u043b\u044c\u0447\u0438\u0446\u044c\u043a\u0430 \u0406\u0440\u0435\u043d\u0430 \u0420\u0435\u043e\u043d\u043e\u043b\u044c\u0434\u0456\u0432\u043d\u0430": "Q16704378", "Alexandra Soto": "Q33154166", "Arabella Saxon Hoare": "Q75531720", "\u00d6zlem \u0130mece": "Q12812855", "Ljudmila Nikolajeva": "Q61110830", "Alice Kilonzo\u2013Zulu": "Q111363410", "maria piotrovskaya": "Q108439984", "Kseniya Yudayeva": "Q4533741", "Assia Garbinato": "Q84994031", "Binta Tour\u00e9 Ndoye": "Q107554608", "Miroslava Jir\u00e1skov\u00e1": "Q112474610", "K\u00e1tia Rabello": "Q10314902", "Marta Ullmannov\u00e1": "Q100833513", "Alejandra Kindel\u00e1n": "Q110990595", "Nadiya Cherkasova": "Q60831460", "Harris Irfan": "Q95185182", "Edita Karpavi\u010dien\u0117": "Q12653715", "Steinunn Krist\u00edn \u00de\u00f3r\u00f0ard\u00f3ttir": "Q14476133", "\u0415\u043a\u0430\u0442\u0435\u0440\u0438\u043d\u0430 \u0412\u0438\u043a\u0442\u043e\u0440\u043e\u0432\u043d\u0430 \u0420\u043e\u0436\u043a\u043e\u0432\u0430": "Q65201766", "Daria Kowalczyk": "Q56633623", "Katarzyna Zajdel-Kurowska": "Q11737105", "Suha Suleiman": "Q25452926", "Roc\u00edo Pazos": "Q106312082", "Anne-Laure Kiechel": "Q55340961", "Jun Song": "Q6311549", "Leire Artola": "Q114357205", "Sou\u00e2d Benkredda": "Q117780929", "Ika Natassa": "Q85991657", "Marguerite B\u00e9rard": "Q33109994", "Gwendoline Abunaw": "Q97964851", "Priya Runchal": "Q23048273", "Rania Nashar": "Q60430593", "Ellen Miller": "Q5364952", "Esther Safra": "Q10276398", "Atalina Enari": "Q11959476", "Kaku Nakhte": "Q15646020", "Vijayalakshmi Iyer": "Q15695577", "Shubhalakshmi Panse": "Q15696597", "Konstancija Gerasimenko": "Q16456732", "Sandhya Jane": "Q20984006", "Peace Ayisi Otchere": "Q22279520", "Lillian Keysindorf Kyiv": "Q24038343", "\u9648\u79cb\u9633": "Q26250853", "Mary Piccard": "Q28587346", "Karen Hockley": "Q52121437", "Deepa Mathew": "Q52149953", "Helen Lynch": "Q52655484", "Tracy Hill": "Q54087484", "Wendy Davey": "Q55078278", "Emiliya Milanova": "Q81829597", "Nina Stoyanova": "Q81829641", "Frances Coppola": "Q87396703", "Nancy Peretsman": "Q88191926", "Eftychia Piper-Pylarinou": "Q88197923", "Cvetka Selsek": "Q90413571", "Ayesha Shah": "Q90498781", "Sylvie Marc\u00e9": "Q93476227", "Anino Emuwa": "Q94576181", "Chinwe Esimai": "Q94576280", "Vijaykumari": "Q95120522", "Nannette Hechler-Fayd'herbe": "Q103340700", "Lynda McKoy": "Q104422249", "\u0410\u043b\u0435\u043d\u0430 \u0410\u043b\u044c\u0431\u0435\u0440\u0442\u0430\u045e\u043d\u0430 \u0421\u043a\u0440\u044b\u043f\u0435\u043b\u044c": "Q105979749", "Adasse": "Q106256615", "Josephine Kyeiwaa Owusu": "Q108774043", "Palesa Mahlatji": "Q109203684", "Patricia Buesa Zubiria": "Q109540079", "Jenifer Nero": "Q110567154", "Elreter Simpson-Browne": "Q110602273", "Talibah Byron": "Q110608911", "Rawan bint Ahmed Al Said": "Q110754801", "Ivy Adwowa Efiefi Ekem": "Q111015664", "Ireti Samuel-Ogbu": "Q111575165", "Kafilat Araoye": "Q111577242", "Mariame Robinson": "Q111661491", "Elaine Sternberg": "Q112298122", "Grace M.L. Jeng": "Q113772480", "Agathe C\u00f4t\u00e9": "Q113903429", "Janet Cosier": "Q113903437", "Jill Vardy": "Q113903457", "Sheryl King": "Q113903480", "Carolyn Rogers": "Q113903488", "Penelope Jane Brook": "Q113992316", "Fleur Bresler": "Q114239349", "Lally Rementilla": "Q114984059", "Jamie Fiore Higgins": "Q115626748", "Sheila Al-Rowaily": "Q115629453", "Suzanne F. Shank": "Q115933104", "Enji Al-Ghazzawi": "Q116779833", "Dominique Lancksweert": "Q116819862", "Nahid Taher": "Q116908763", "Kenanao Phele": "Q116923660", "Mashaal Al-Derham": "Q116996114", "Hadiatou Barry": "Q117156444", "Maria Eug\u00eania Guimar\u00e3es": "Q117206959", "Pindie Nyandoro": "Q119439704", "Nilam Karn": "Q121503206", "Marguerite Fonkwen Atanga": "Q122606124", "Zuwaira Abubakar": "Q123028192", "Kathleen O\u2019Neill Paese": "Q123461770", "Genevive Pearl-Duncan": "Q123536523", "Genevieve Pearl-Duncan": "Q123686690", "Rosario Osobase": "Q123687911", "Esther Longe": "Q123687919", "Kari Tukur": "Q123688000", "Kai Orga": "Q123688030", "Catherine C. Marron": "Q124414184", "Nar\u00een Nadirova": "Q124742279", "Muloongo Muchelemba": "Q125356375", "Namukale Chintu": "Q125356379", "Chitemwa Kapaya": "Q125356380", "Amanda Lee": "Q125369654", "Josephine Ngure": "Q125387697", "Cynthia Mbaru": "Q125387723", "Karen Braun-Munzinger": "Q125397033", "Jane Kimemia": "Q125692646", "Anna Asonganyi": "Q127655724", "Lila Rashid": "Q129831645"}