{"Elizabeth Morgan": "Q116790647", "Luise Corthum": "Q109695388", "Eloise Butler": "Q94642448", "Clara May Mack": "Q112607029", "Sarah Wharton Green Walters": "Q103556565", "Elisabet Tingvall": "Q124051983", "Sigrid Elisabeth Johanna H\u00e5rd af Segerstad": "Q108314906", "Mabel Cabot Sedgwick": "Q47040173", "Paula H\u00e4berlin": "Q113363670", "Henrietta Maria Schroeder Stout": "Q98828602", "Anna Norb\u00e4ck": "Q106590175", "Marion Dudley Cran": "Q18911698", "Ma\u0142gorzata Wolska": "Q110851236", "Anna M\u00fcller": "Q562636", "Mary McDermott Beirne": "Q70928909", "Henny Rosenthal": "Q53951960", "Else Hoffa": "Q20172372", "Muriel Howorth": "Q110479470", "Evelyn Bartlett": "Q28212488", "K\u00e4the Veit Simon": "Q94736431", "Edith Bussler": "Q124051649", "Aina Wall\u00e9n": "Q124052112", "Alma L'Aigle": "Q17122183", "Wilhelmina Dagnelie": "Q110842596", "Johanna Strauss": "Q98822344", "Gladys Ivy Blackbeard": "Q106132979", "Aleksandra Czubek": "Q110842581", "Maisen Pedersen": "Q107657078", "Paula von Mirtow": "Q51954588", "Bairi Higashi": "Q11527402", "Nancy Steen": "Q64868911", "H\u00e4nse Herms": "Q56380223", "Hilde Wiedemann": "Q94741439", "Gertrude Cope": "Q105664850", "Eleanor Morland": "Q105664892", "Ingrid Faale": "Q125867748", "Terese Levinskien\u0117": "Q110845784", "Marie \u010cern\u00e1": "Q115342152", "\u0418\u0440\u0438\u043d\u0430 \u041c\u0438\u0445\u0430\u0439\u043b\u043e\u0432\u043d\u0430 \u0420\u044f\u0434\u043d\u043e\u0432\u0430": "Q111452708", "Esther Weydahl": "Q126049103", "Aslaug Weydahl": "Q107250075", "Irene Aloni": "Q113612756", "Louise Riotte": "Q59533201", "Pavla Voje": "Q124749976", "\u054d\u0578\u0586\u0575\u0561 \u0531\u0563\u0578\u0582\u056c\u0575\u0561\u0576": "Q20510395", "Hedwig Grimm": "Q1324773", "Arevaloeys Aroetjunovna Vartanjan": "Q37953664", "Anna Kornecka": "Q42302571", "Edith Marie Raadts": "Q5818567", "Rene Orchiston": "Q118752544", "Zofia Stelmaszczyk": "Q110849812", "Jean D Wistendahl": "Q98636650", "Genowefa Kochanek": "Q95890264", "Rosalie J. Downes Emrich": "Q95886164", "Ninette Dutton": "Q110934087", "Helena Nowak": "Q110846476", "Lois Elizabeth Schaefer": "Q104352690", "Susanne Weber": "Q95210826", "Maureen S. Kruckeberg": "Q50350172", "Jill Parker": "Q127601037", "Marie Virginia Leto": "Q95881523", "Vonnie Cave": "Q115784874", "Manda Klancir": "Q95886737", "Jean D. Tobin": "Q95882590", "Ann Bonville Trombly": "Q95889613", "Virve Roost": "Q12378776", "Marie Unarov\u00e1": "Q95214729", "Odile Masquelier": "Q112073097", "Romualda Jab\u0142o\u0144ska-Ceglarek": "Q107456407", "Kerry Carman": "Q124569520", "Ludmi\u0142a Startek": "Q108789879", "Tita Giese": "Q2436763", "Louisa Jones": "Q119139192", "Tiiu Jervan": "Q50700240", "Susan Berry": "Q112376869", "Birgit Mory": "Q21521769", "Drahom\u00edra Hrubanov\u00e1": "Q112555691", "Irena Kiecana": "Q112661307", "Constance L. Kirker": "Q112558037", "Anna Bach": "Q112817120", "Ulrike Windsperger": "Q2477505", "Christa Weinrich": "Q19277321", "Gisela Goo\u00df": "Q95190588", "Liz Christy": "Q112130530", "Sarah Wood": "Q115663317", "Christine Aroney-Sine": "Q96781209", "Gretchen Vogel": "Q121912702", "Jane Billinghurst": "Q112542634", "Alexandra Louise Polansky": "Q95890156", "Maie Helm": "Q50698128", "Sandra Margaret Burrows": "Q21506708", "Ruth Podgornik Re\u0161": "Q12800608", "Sofie Meys": "Q112511854", "Sofia Blind": "Q115564777", "Donna L. Long": "Q113163765", "Alena Such\u00e1nkov\u00e1": "Q112543219", "Eva Luigas": "Q125916112", "Gabriele Richter": "Q112413340", "Lisa Eldred Steinkopf": "Q112549734", "Anne-Marie Nageleisen": "Q123957688", "Kate Charman": "Q91310374", "Ivana Plesn\u00edkov\u00e1": "Q112765000", "Alena Na\u010fov\u00e1": "Q109969097", "Ji\u0159ina Jakubcov\u00e1": "Q112511875", "Victoria Skoglund": "Q23916412", "Ave Kikas": "Q12360087", "Alena Ane\u017eka Gajdu\u0161kov\u00e1": "Q112542648", "Merilen Mentaal": "Q12370175", "Lagle Suursild": "Q124128354", "Linda Schil\u00e9n": "Q104897655", "Marie Hor\u00e1kov\u00e1": "Q112543343", "Melanie Grabner": "Q112563894", "Katharina Peters": "Q95212820", "Sarah Owens": "Q121587049", "Pavl\u00edna Brou\u010dkov\u00e1": "Q113017237", "Hana Zuchnick\u00e1": "Q95163827", "Michala Hrn\u010diarov\u00e1": "Q112488588", "Ellen Miles": "Q125584726", "Estefane Santana dos Santos": "Q113422332", "Flo Headlam": "Q101533699", "Hana \u0160ediv\u00e1": "Q47125957", "Helma Gurlitt": "Q95649207", "Emilie Gausser": "Q95696820", "Jenny Fitch": "Q99355367", "Poppy Okotcha": "Q100998159", "Ximena Nazal": "Q103839837", "Esther Deans": "Q104419566", "Fran Rawling": "Q104591895", "Nadia Ruffin": "Q106033858", "Claire Ratinon": "Q106097690", "Anette M\u00fclbaier": "Q109277027", "Karen Roos": "Q111023734", "Danuta Kozak": "Q112604007", "Peg Aloi": "Q113760943", "Gerda Tornieporth": "Q113798072", "Santa Paula Barbada": "Q117302380", "Anna Pinkr Grafnetterov\u00e1": "Q120030482", "Maria Lipowiecka": "Q120541717", "Barbara Segall": "Q125209957", "Jean Vernon": "Q120597237", "Tamsin Westhorpe": "Q120597239", "Kate Turner": "Q120601033", "Pauline Pears": "Q120602240", "Veronika Ky\u010dera Ku\u010derov\u00e1": "Q120602839", "Miroslava Paclov\u00e1": "Q120605718", "Katrin Lugerbauer": "Q120606266", "So\u0148a Val\u010d\u00edkov\u00e1": "Q120606781", "Radka Pokorn\u00e1": "Q120606782", "Sara Rittershausen": "Q120607214", "Emma Hardy": "Q120607788", "Fran Bailey": "Q120607869", "Stephanie Hafferty": "Q120608688", "Katie Elzer-Peters": "Q120609178", "Josie Jeffery": "Q120609521", "Gabriela \u0160\u00edpkov\u00e1": "Q120609969", "Heide Bergmann": "Q120610091", "Elke Schwarzer": "Q120610227", "Doris Kampas": "Q120612958", "Monika Biermaier": "Q120613108", "Carolyn Dunster": "Q120615300", "Ortrud Grieb": "Q120615388", "Ivana Frei": "Q120615880", "Ana\u00eblle Th\u00e9ry": "Q123001274", "Olive Brittan": "Q124728441"}