{"Elise Boehmer": "Q1949920", "Barbara van Strien": "Q2143728", "Ileen Domela Nieuwenhuis": "Q2252832", "Joyce Heyster": "Q2927318", "Charlotte Heeres": "Q15873863", "A. Brun": "Q3600364", "Nonna Barlow": "Q113660990", "Maria Teresa de Faria e Melo": "Q10326100", "Ruth Underhill": "Q125858531", "Froment-Meurice": "Q3753627", "Mabel Trevor-Jones": "Q106602629", "Florence Vanderbeck": "Q106602631", "Violet Pooley": "Q106602621", "Helen Stetson": "Q106602624", "Kitty McEwan": "Q21536048", "Elinor Gates": "Q113660419", "Rosamond Sherwood": "Q111629941", "Mrs. David H. Clark": "Q116466765", "Leona Pressler Cheney": "Q106602606", "Miriam Burns Horn": "Q106602614", "Edith Quier": "Q113677036", "Gloria Minoprio": "Q113677297", "Luisa Abrahams": "Q111232904", "Rega Kubinzky": "Q113248001", "Vera M\u00f6ller": "Q2513345", "Loma Smith": "Q1868687", "Ellen Griffin": "Q106602612", "Marge Mason": "Q106602620", "Kerstin Vil\u00e9n": "Q4984634", "Ann Casey Johnstone": "Q106602615", "Dody Swane": "Q2490581", "Alberta Bower": "Q106602604", "Mary-Patton Janssen": "Q105379706", "Leila Kalliala": "Q11875350", "Patricia Lesser": "Q106602617", "Elvira Larrazabal": "Q106238875", "Jane E. Minesinger": "Q99438667", "Cynthia Jan Sullivan": "Q106602626", "Lorraine Abbott": "Q105802365", "Penny Zavichas": "Q12882483", "Nancy Roth Syms": "Q106602628", "Barbara White Boddie": "Q106602602", "Beth Stone": "Q106602625", "Carol Sorenson": "Q106602623", "An-Marie Ekfeldt": "Q4946089", "Alice Janmaat": "Q2776404", "Beverly Lewis": "Q117308951", "Rica Comstock": "Q1960712", "Jane Bastanchury Booth": "Q106602603", "Mary Lou Dill": "Q106602610", "Martha Wilkinson Kirouac": "Q106602616", "Irene K\u00f6hler": "Q110586092", "\u00c9liane Berthet": "Q2404517", "Caroline Bourtayre": "Q2939962", "Virginie Beauchet": "Q3560709", "Mary Anne Budke": "Q106602605", "Jane Lock": "Q106602618", "Atsuko Hikage": "Q11510310", "Yueh-Chyn Huang": "Q11677714", "Rose Naliaka": "Q88647647", "Denise Hastings": "Q106602613", "Chris Johnson": "Q4957157", "Alicia Dibos": "Q17156530", "Marjan de Boer": "Q2281477", "Gudrun Arnitz": "Q1522781", "Carolien Driessen-Reinders": "Q2563009", "Sanna Ojanen": "Q11892384", "Judith van Hagen": "Q3165909", "Lara Tadiotto": "Q2355782", "Trazinah Marudu": "Q87400149", "Junko Omote": "Q11626471", "Marcella Neggers": "Q2723314", "Marieke Zelsmann": "Q1857700", "Radius Kalyanamit": "Q13019409", "Annabelle Haxhe": "Q15870057", "Sandra Eggermont": "Q2470949", "Ellen Smets": "Q2035251", "tupu": "Q6003925", "Jenni Kuosa": "Q2120245", "Annemieke de Goederen": "Q4370070", "Nienke Nijenhuis": "Q4048180", "Virginie Auffret": "Q3560703", "Ji-Hee Lee": "Q6610253", "C\u00e9lestine De Vos": "Q2331802", "Nora Angehrn": "Q915004", "Ai Takinami": "Q11565251", "Hyun-Ju Shin": "Q11637804", "Rachel Bailey": "Q2514330", "Zhang Na": "Q11487609", "Chihiro Kobayashi": "Q11461443", "Briana Vega": "Q24024967", "Miho Koga": "Q11411752", "Margherita Rigon": "Q3846958", "Jeon Mi-Jeong": "Q11390354", "Titiya Plucksataporn": "Q17429212", "Caroline Rominger": "Q3316833", "Jae-Hee Bae": "Q11337607", "Lim Eun-a": "Q11287084", "Tullia Calzavara": "Q4000295", "Eva Steinberger": "Q1379496", "Lill-Kristin S\u00e6ther": "Q17111094", "Kim Hyun-joo": "Q56818863", "Miki Saiki": "Q11382778", "Anastasia Kostina": "Q2853078", "Melissa Eaton": "Q13833092", "Steffi Kirchmayr": "Q2654111", "Myrte Eikenaar": "Q2065593", "Bae Kyeong-eun": "Q11337572", "Mari Suursalu": "Q124304602", "Kyra van Leeuwen": "Q2655863", "Stefanie Endstrasser": "Q2338166", "Holly Aitchison": "Q2212866", "Yoon Chae-Young": "Q16090676", "Lien Willems": "Q2225917", "Chisato Takemura": "Q11599204", "\u9ec4\u30a2\u30eb\u30e0": "Q11677713", "Erina Hara": "Q11409682", "B\u00e9n\u00e9dicte Toumpsin": "Q2114507", "Sahra Hassan": "Q18535685", "Julie Maisongrosse": "Q3424448", "Chrisje de Vries": "Q2393159", "Kim Min-ju": "Q108744298", "Brittany Kelly": "Q70890836", "Lina Svegsj\u00f6": "Q47522727", "Yuki Sakurai": "Q11544779", "Jessy Tang": "Q11309208", "Miho Sugiyama": "Q73111888", "Eleanor Givens": "Q2181185", "Pamela Pretswell": "Q18608555", "\u30b8\u30e7\u30f3\u30fb\u30b8\u30a7\u30a6\u30f3": "Q27150992", "Laurence Herman": "Q2521910", "Shiho Toyonaga": "Q60230203", "Ayaka Kaneko": "Q11646847", "Karlijn Zaanen": "Q1968033", "Makoto Takemura": "Q11599225", "\ubc15\uc8fc\uc601": "Q85010546", "Anais Maggetti": "Q13429515", "Eleonora Incardona": "Q106629892", "Tsai Pei-Ying": "Q111214270", "Yolanda Mubaiwa": "Q111164169", "Sayuri Takashima": "Q64783197", "Lee Min-Young": "Q64785776", "Kotono K\u014dzuma": "Q11667222", "Justine Dreher": "Q56065405", "\u30e1\u30fc\u30ac\u30f3\u30fb\u30cf\u30fc\u30c7\u30a3\u30f3": "Q17232667", "Seira Oki": "Q124757434", "Bae Hee-Kyung": "Q27150993", "Haruka Kud\u014d": "Q11479637", "\u30d5\u30a7\u30fc\u30d3\u30fc\u30fb\u30e4\u30aa": "Q17232924", "Emily Penttil\u00e4": "Q17383110", "Zethu Myeki": "Q87203942", "Rie Tsuji": "Q40040978", "\uae40\uc9c0\ud76c": "Q18052669", "Victoria Tanco": "Q6161558", "Daisy Nielsen": "Q18421590", "\uad8c\uc9c0\ub78c": "Q16782129", "Marcella Pranovia": "Q12496912", "Saki Takeo": "Q124757430", "Fulya Yurt": "Q16225752", "Manon Moll\u00e9": "Q56065613", "Kaho Kumagai": "Q60987715", "Miyuki Takeuchi": "Q64783008", "Miyu Yamato": "Q64783647", "Mayu Hamada": "Q64783726", "Chiaki Ishiyama": "Q69635620", "Agnes Olofsson": "Q34530701", "Lucy Robson": "Q113482046", "Karen Gond\u014d": "Q64783707", "Emma Lindman": "Q47522724", "Moeno Tan": "Q64783186", "Park Gyeol": "Q18156336", "Minami Koshikumo": "Q48764170", "Erina Maeda": "Q95162907", "Jung Ha-min": "Q110124576", "Hannah Scriven": "Q47522730", "Naruha Miyata": "Q59136107", "Hiromu Ono": "Q60230210", "Nanoko Hayashi": "Q64783546", "Natsuki Hatano": "Q22123865", "\uc190\uc0c8\uc740": "Q47665866", "Yuna Takagi": "Q64783625", "Yuting Seki": "Q64785614", "Ayana Kon": "Q69635623", "Sayaka Takahashi": "Q71679199", "Rei Matsuda": "Q56886158", "Cecilie Finne-Ipsen": "Q27160190", "Brigitte Thibault": "Q105070484", "Hina Arakaki": "Q53764934", "Mathilda Cappeliez": "Q16069879", "Sui Xiang": "Q129377013", "Mary Parsons": "Q105070533", "Flora Keites": "Q55318474", "Kokone Yoshimoto": "Q68185208", "Candice Mah\u00e9": "Q121433980", "Ela Anacona": "Q57310955", "Anne Wennerwald Normann": "Q60674890", "Hana Lee": "Q113565829", "Karl Vilips": "Q57913405", "Haruka Kawasaki": "Q113946317", "Lee Hyo-Song": "Q125937894", "Martha Lang": "Q2513090", "Teruko Yashiro": "Q11390551", "Corinne Reybroeck": "Q15874048", "Louise Van den Berghe": "Q15878860", "Barb Moxness": "Q17297774", "Valeria Ochoa": "Q24024849", "Lakhi Swain": "Q25644087", "Linda Helledaij": "Q47522726", "Christella Winzell": "Q47522728", "Sophie Beardsall": "Q55003623", "Helen Victoria Lagadu": "Q55318476", "Dana Bates": "Q60439597", "Norah Mbabazi": "Q65494938", "Momoka Sega": "Q69635625", "Caroline Keggi": "Q96185724", "Tsubasa Kajitani": "Q106451360", "Marion Choate": "Q106602607", "Justine B. Cushing": "Q106602609", "N. C. Sargeant": "Q106602622", "Fumika Kawagishi": "Q106994617", "Megha Ganne": "Q107105639", "Mao Nozawa": "Q109288219", "Yasmian Al Sharshani": "Q110391953", "Luciane Lee": "Q111575113", "Jeneath Wong": "Q112041184", "Aloysa Atienza": "Q112041196", "Kuan-Chih Lu": "Q114690645", "Amb. Tshenolo Modise": "Q118998130", "Ziyi Wang": "Q125369622", "Friederike Reuter": "Q125397056", "Anna Murcko McAvoy": "Q125924171"}