{"Mathilda Asp": "Q14539058", "Dorothee G\u00fcnther": "Q105662", "Fernanda Tamm": "Q124315908", "Wafa Mattoussi": "Q95011114", "Gianna Guaita": "Q65683664", "Inga S\u00f6derbaum": "Q4981761", "Urszula St\u0119pi\u0144ska": "Q60834616", "Elly L\u00f6fstrand": "Q4964577", "Yara Vaz": "Q105236994", "Aino R\u00e4st": "Q124220979", "Liv Finsen": "Q75167482", "Vilma Sahva": "Q111342054", "Evi Kruus": "Q124338643", "Margot Segall-Blank": "Q107585877", "Elena Blume i Carreras": "Q104717622", "Ruth Topalian": "Q65946163", "Aasa Ekker": "Q111357105", "Viia Uluots-Wiget": "Q12378558", "Celina Veffer": "Q125019911", "Sylvi Press": "Q124307435", "Anna Monlarini": "Q17105235", "Jaroslava Matlochov\u00e1": "Q112417961", "Liia Palmse": "Q12368705", "Selma Bazanova": "Q124317210", "Gunnel Ljungstr\u00f6m": "Q6429694", "Helvi Ubina": "Q111342167", "Maia Altsoo": "Q124315935", "Ilona Milanovits": "Q40672728", "Riekje Tuinema-Ruben": "Q106950488", "Doris Bethe": "Q27058669", "Marit Johnsen": "Q75191236", "Rauni Koskinen": "Q70206372", "Inger Marie Holte": "Q17096898", "Rosa Fottner": "Q110586083", "Anne Silberg": "Q124309406", "Laine Beljajeva": "Q124302159", "Liudmyla Horzhyi": "Q12096961", "Enna Paikre": "Q60694317", "Jorunn Christensen": "Q75191269", "Raisa Borisova": "Q96108833", "Katalin Kangyerka": "Q1104082", "Marijke Flisijn": "Q106095801", "Sigrun \u00d8streng": "Q75519159", "\u00c9lida Alfaro": "Q40881025", "Rona Iris Gertz": "Q95889561", "Vera Grigorevna Silaeva": "Q4419108", "V\u00e9ronique de Vill\u00e8le": "Q3564387", "Silja Pilv": "Q124339731", "Kadri Liivak": "Q124295964", "Hajiba Dbiri": "Q73129449", "Margoth Hilders": "Q108559494", "Aino Mustkivi": "Q124339020", "Camelia Mandricel": "Q2934724", "Astrid Heese": "Q21421217", "Heike Kunhardt": "Q21449993", "Denise Fujiwara": "Q56264229", "Mia Herskind": "Q12326874", "Zsuzsa Matulai": "Q62562547", "\u0422\u0430\u0446\u0446\u044f\u043d\u0430 \u042e\u0440\u2019\u0435\u045e\u043d\u0430 \u0427\u0443\u043c\u0456\u043d\u0430": "Q124709338", "Nina Dronova": "Q21511631", "Yuriko Iwashita": "Q11474003", "Diane Dunbar": "Q10266046", "Ruth Keller": "Q73928080", "Ann Sire Fjerdingstad": "Q11958174", "Gisela W\u00f6hrle": "Q110573048", "Tatiana Anisimova": "Q15064052", "Kim Chun-son": "Q66391652", "Beate Umlauf": "Q110573059", "Gabriele Bahr": "Q110583659", "D\u00f3ris Giesse": "Q10269365", "Heidi Bieg": "Q110636111", "Martina Bieger": "Q110636112", "Ute Scheile": "Q110586104", "Robin Huebner": "Q106604162", "Marleen Houter": "Q3464346", "Sh\u016bko Uchimura": "Q21699183", "Christa Canary": "Q106604156", "Merilyn Chapman": "Q106604157", "Heidi Anderson": "Q10294257", "Ellen Vetter": "Q110573061", "Yayoi Kan\u014d": "Q11398766", "Annette Michler-Hanneken": "Q566652", "Franka Voigt": "Q106604172", "Hanne Kraft-Johanssen": "Q75519327", "Tatiana Arzhannikova": "Q17046164", "Kang Myong-suk": "Q66391614", "Galina Jonas": "Q124331928", "Michelle Goodwin": "Q106604160", "Tatiana Frolova": "Q4492966", "Claudia Ferr\u00e8": "Q17284936", "Emanuela Maccarani": "Q2905850", "Albina Shishova": "Q42562756", "Yvonne Haug": "Q2602391", "Bettina Lehmann": "Q110583044", "\u00c9va Szloboda": "Q1299243", "Katia Legentil": "Q64027223", "Bojanka Demireva": "Q106604159", "Angelika Schennikova": "Q106604169", "Irina Slonova": "Q3154387", "Chahinez Kheloui": "Q95008901", "Fatiha Aissaoui": "Q95009582", "Imene Mayouf": "Q95010240", "Monia Hamdi": "Q95011019", "Oksana Averkova": "Q106604154", "Andrea Holmes": "Q2846345", "Helen \u00d8streng": "Q75519426", "Katrin Peterson": "Q124216933", "Vana Rabota": "Q65963727", "Aili Sempelson": "Q124248937", "Martina Klau": "Q110586072", "Sandrine Vacher": "Q63953079", "Kai Tanni": "Q125245353", "Elena Merkulova": "Q3050709", "Kadi Kuusk": "Q124174610", "Kairi Tirel": "Q124316337", "Victoria Ystborg": "Q125954616", "Tatyana Lushina": "Q3516047", "Kari Erichsen": "Q107253494", "Muriel Boudsocq": "Q64027080", "Antje Wilkenloh": "Q584941", "Hwang Bo-sil": "Q66480535", "Elena Gurova": "Q21511730", "Arancha Villar Domen\u00e9": "Q21705701", "Elena Abrashitova": "Q106604153", "Nataliia Klychko": "Q17371864", "Michaela Ziegler": "Q110646555", "Montse Peidro": "Q106189324", "Karine Mermet": "Q28056690", "Saskia Bosch": "Q2234417", "Heili Parras": "Q124256625", "Lotte Carita Berger": "Q75553654", "Leah Brown": "Q106604155", "Olga Gogoladze": "Q124322815", "Tatiana Kovaleva": "Q3516046", "Marie Guinet": "Q64027172", "Yuliya Stankevich-Brown": "Q24668624", "Kylie Walker": "Q25184637", "Ayumi Ninozeki": "Q11371865", "Rinko Matsumoto": "Q11531133", "M\u00e9lanie Legros": "Q23788695", "Petra Vachn\u00edkov\u00e1": "Q31302030", "Galina Lebedeva": "Q3094752", "Froukje Jansen": "Q2678563", "Peligros Pi\u00f1ero": "Q19776531", "Kami Manns": "Q1299724", "Oksana Perelygina": "Q108445263", "Marl\u00e8ne Bayet": "Q64027184", "Larissa Fontaine": "Q10316399", "Mariama N'Dour": "Q28085982", "Julia Stratmann": "Q110090177", "Rufina Kreibich": "Q110586052", "Yulia Domchevska": "Q3573181", "Chiara Stefanazzi": "Q3667512", "Aliane Baquerot": "Q31294682", "J\u00e9ssica Salido Reyes": "Q21708034", "Stella Salapatyska": "Q106604168", "Natalya Ivanova": "Q10335645", "Marny \u00d8streng": "Q17114524", "Patricia Elorduy": "Q6066476", "Yelena Lebedeva": "Q10271695", "\u00c9lodie Lussac": "Q3588009", "Ramona Stook": "Q2484140", "Madoka Okamori": "Q31295088", "Carolina Alarcon": "Q23772242", "Magaly Hars": "Q3276536", "Olga Ten": "Q28500659", "Proletina Kalcheva": "Q31295014", "Evgenia Rodina": "Q10278507", "Yukari Mizobe": "Q31295078", "Hanifa Drissi": "Q95010648", "Darja Saar": "Q61110543", "Peggy Pachy": "Q28085991", "Theresa Kulikowski": "Q10382013", "Ana Maria Bican": "Q27917005", "Rie Nakashima": "Q31295082", "Gritt Hofmann": "Q1547120", "Siri Kjeksrud": "Q125959506", "Natalie Lacuesta": "Q106604166", "Arianna Rusca": "Q4400351", "Doni Thompson": "Q10268291", "Donielle Thompson": "Q42402839", "Zeena McLaughlin": "Q48064599", "Masami Nakata": "Q31295084", "Mary Beth Arnold": "Q10327031", "Jennie Thompson": "Q10306646", "Silvie Hejl\u00edkov\u00e1": "Q12054271", "Katherine Teft": "Q10313994", "Marion Limbach": "Q28091859", "Natalia Kolesnikova": "Q3336363", "Elena Lev": "Q624942", "Y\u016bki \u014chata": "Q11438035", "Ekaterina Mironova": "Q5350335", "Satomi Yamamoto": "Q11468764", "Ayako \u0130nada": "Q31295074", "Fieke Willems": "Q2272423", "Leonie Marzouk": "Q73128566", "Jessie Ipsen": "Q12319696", "Chiang Pi-hsuan": "Q23881350", "B\u00e1rbara Achondo": "Q115625906", "Aur\u00e9lie Joly": "Q16626539", "Kadri Jukk": "Q120402291", "Stefani Salani": "Q10374110", "Ri Kyong-hui": "Q24525481", "Olga Alekseeva": "Q24702908", "Julie Hansson": "Q11979517", "Kathrine Hansson": "Q11980400", "Dagmar Fehrenschild": "Q110549504", "Conny Sch\u00fctz": "Q110549822", "Nicola Wells": "Q23881190", "Rikst Valentijn": "Q18093585", "Kinga K\u0119sik": "Q47450967", "Y\u016bho Nakata": "Q11366657", "Jessica Simon": "Q1688267", "Estelle Courivaud": "Q28056722", "Giorgia Denti": "Q98457119", "Choe Ryon": "Q24450190", "Liane Gransch": "Q22955398", "Volha Maslakova": "Q85198908", "Wu Ling-yi": "Q23881359", "Cl\u00e9lia Coutzac": "Q28056714", "Erika Mizoguchi": "Q11564480", "Celine Sohet": "Q23881142", "Rochelle Okoye": "Q106413631", "Marion Sahtel": "Q124221029", "Yukari Ishizeki": "Q11587282", "Maika Mizutori": "Q23881298", "Daria Sarkhosh": "Q23772524", "Keiko Mukumoto": "Q23664347", "Ayaka Sahara": "Q23772224", "Gabri\u00eblla Wammes": "Q2019777", "Annukka Almenoksa": "Q11851824", "Tiina Taavitsainen": "Q16990752", "Cristina Cavalli": "Q23881120", "Lee Dockins": "Q115668684", "Galina Gontcharenko": "Q3094750", "Yuria Onuki": "Q24053827", "Tiina Tolmoff": "Q124314661", "Ilaria Colombo": "Q16565317", "Kristel P\u00e4rna": "Q124218418", "Magdalena Markowska": "Q24524979", "Margot V\u00f5sokov": "Q124262112", "Mirvet V\u00f5sokov": "Q124262113", "Ekaterina Chuster": "Q96108745", "Nurul Fatiha Abd Hamid": "Q12699018", "Claudia Sparpaglione": "Q20056605", "Amanda Parker": "Q24702828", "Kang Xin": "Q23772542", "Chrystelle Alcan": "Q28100846", "Danielle Englert": "Q1029429", "Kelly Golding": "Q23881161", "Alessandra Rancan": "Q16336296", "Maria T\u00f5nissaar": "Q124058035", "Klaudia Rynkowska": "Q6419800", "Anastasia Velitchko": "Q2845509", "Varvara Magnisali": "Q2510972", "Cheronne Beyl": "Q23881186", "Emily Smith": "Q25190402", "Ditte Valsgaard": "Q23772320", "Tamaryn Enslin": "Q23881324", "Corinne Van Hombeeck": "Q116151071", "Brenann Stacker": "Q106604170", "Mariya Bila": "Q31295213", "Stiliani Christidou": "Q1758662", "Merlina Galera": "Q23887659", "Agneta Ergle": "Q19371649", "Lydia Williams": "Q24005483", "Marika Pestrin": "Q23881116", "Gaelle Richard": "Q23881306", "Evi Neijssen": "Q1974990", "Kiira Kokko": "Q23772246", "Charlotte Buer": "Q23772235", "Rachel Ennis": "Q24088790", "Francesca Pasinetti": "Q3749439", "Kang Ji-na": "Q23664722", "Elina Gorela\u0161vili": "Q124352763", "Baek Hwa-seung": "Q23881510", "Steriani Pantazi": "Q31294165", "Berber van den Berg": "Q23772230", "Chen Chun-min": "Q23881972", "Stefani Bisbiku": "Q63398258", "Loes Linders": "Q23772229", "Carina Hasen\u00f6hrl": "Q1036214", "Olesya Byk": "Q53495432", "Anna Ivanova": "Q25190406", "Victoria Voronina": "Q3557709", "Gizem Oylumlu": "Q24525414", "Michelle Lauritsen": "Q23664304", "Maria Ringinen": "Q11880888", "Marci Bernholtz": "Q23664049", "Sakiko Okabe": "Q11473859", "Tereza Salte": "Q50377154", "Berfin \u015eerdil S\u00fct\u00e7\u00fc": "Q24525394", "Sophia Hocini": "Q73132144", "Viktoria Tsakalidou": "Q23664871", "Ilaria Rosso": "Q23881327", "Jo\u00eblle Vallez": "Q22918034", "Makarena Pinto": "Q20732521", "Amira Ayari": "Q67544440", "Vandita Nilesh Raval": "Q23883881", "Liis Teemusk": "Q16406644", "Claudia Prat": "Q24702598", "\u5468\u5353\u5982": "Q9088986", "Mette Hulgaard": "Q23664235", "Cho Yoon-jung": "Q23881368", "Nathalie Bletterman": "Q24006584", "Elena Anochina": "Q10271691", "Mai Hidaka": "Q11510859", "Brittnee Habbib": "Q23772228", "Eleni Khronopoulou": "Q1327969", "Caroline Dolen": "Q23772236", "Bruna da Costa": "Q9667403", "Melany Cabrera Figueroa": "Q23883856", "Yeo Su-jung": "Q23772323", "Julie Martinez": "Q23772219", "Lara Marx": "Q23881532", "Diana Jerofejeva": "Q24005847", "Melodie Pulgarin": "Q23664382", "Lu Hsing-yi": "Q23881505", "Enik\u0151 Korcsm\u00e1ros": "Q23882175", "Jeniffer Oliveira": "Q31294385", "Marie J\u00e6ger": "Q23772321", "Rebecca Simbhudas": "Q23772227", "Helen Ocheke": "Q101247084", "Rodica Marinescu": "Q12739482", "Hong Sung-eun": "Q24088636", "Alena Polyan": "Q23664379", "Rinette Whelpton": "Q23881534", "Sara Bradaschia": "Q23772216", "Dana Zbenghea": "Q12726377", "Sarah Turner": "Q7422851", "Lindsay Lindor": "Q23772217", "Lin Versonnen": "Q23664909", "Sara Moreno": "Q16027987", "Sarah Miller": "Q23881549", "Danila Koster": "Q23772231", "Maciel Pena Munoz": "Q23664372", "Jenny Brunner": "Q23664071", "Kang Min-jee": "Q24088637", "Gerda Adloff": "Q59867521", "Nadjet Chegoufi": "Q98930915", "Maria Lichtenstein": "Q111575199", "B\u00e4rbel Wielgo\u00df": "Q111577470", "Lichelle Wong": "Q23664866", "Carina Baumg\u00e4rtner": "Q1036204", "Jana Lukjanova": "Q24450299", "Erika Morel": "Q23772218", "Miriam Offersgaard": "Q23664703", "Laura Gomb\u00e1s": "Q23664670", "Li Meng": "Q24689154", "Tatjana De Vos": "Q2062795", "Alexandra Martincek": "Q24192002", "Lorena Coza": "Q23772215", "Svenja Hickel": "Q23772233", "Loredana \u0218ucar": "Q12734459", "Siham Mansouri": "Q63244151", "Aisling Williams": "Q23664857", "Dora Sarpaneva": "Q23772244", "Josefine Backe": "Q23772237", "Jessica H\u00e9l\u00e8ne Mattoni": "Q16977567", "Malin Hvetlander": "Q23772238", "Andrea Myerston": "Q24303504", "Sandra Ostad": "Q11999455", "Giulia Bianchi": "Q41884730", "Tal Scheck": "Q23881969", "Randy Stageberg": "Q7292444", "Jenny Kohler": "Q23772220", "Kristina Pravdina": "Q10314709", "Marte Dobbertin Gram": "Q99636363", "Sanne Van Overberghe": "Q108560386", "Chantel Swan": "Q23771767", "Tabitha Tay": "Q23882223", "Petra Witjes": "Q23772098", "Serour Mediouni": "Q63244133", "Kim Hye-jin": "Q24548649", "Myriam El Koukho": "Q63137523", "Cecilia Ferrier": "Q24302970", "Adriana T\u0103m\u00e2rjan": "Q12720051", "Giulia Galtarossa": "Q16560398", "Adekemi Adesida": "Q101247067", "Momoko Ozawa": "Q23771672", "Andrea Camino": "Q23888193", "Gim Yun-hee": "Q16080350", "Dorien Motten": "Q24006501", "Rita Oliveira": "Q23771779", "Ioanna Samara": "Q76278021", "Choi Nim Yan": "Q23888208", "Alenka Dolni\u010dar": "Q18507810", "Dora Vass": "Q24007626", "Park Eun-kyung": "Q24005427", "Tunde Csillag": "Q23771746", "Kathrin Nussbacher": "Q1736511", "Catalina Ulloa": "Q24450283", "Laura Garcia Martinez": "Q24809865", "Endla Vaher": "Q111337057", "Silvia Zanolo": "Q23772091", "Ana Pacheco": "Q24635052", "Chiara Ianni": "Q16539641", "Hanna Grosch": "Q23771776", "Eliana Gonzalez": "Q24006445", "Lilia Kamoun": "Q73127471", "Sina Klein": "Q103846886", "Jennifer Khwela": "Q23771766", "Jessica Courr\u00e8ges-Clercq": "Q24809888", "Ioanna Xoulogi": "Q22957769", "Erin Templeton": "Q24701010", "Mai Yamagishi": "Q11467900", "Marina Fern\u00e1ndez Moreno": "Q15846080", "Marrit Ewald": "Q23772097", "Frida Parnas": "Q24151006", "Patrycja Romik": "Q24084829", "Sydney Sawa": "Q23771800", "Raquel Rodr\u00edguez Rodr\u00edguez": "Q6100502", "Franchesca Santi": "Q23887688", "Chanel Parsons": "Q23771769", "Mai Liu Hsiang-han": "Q24005936", "Lee Li-ting": "Q24151050", "Szilvia Szabadfi": "Q23771749", "Lucia Tacchelli": "Q23707659", "Dorothee Henzler": "Q1250217", "Agnes Suto": "Q23800164", "Lauriane Lamperim": "Q24809889", "Dominiqua Belanyi": "Q23771792", "Anne Tritten": "Q23772101", "Karina Hube Lopez": "Q23883878", "Stefanie Van Meerbeeck": "Q23882234", "Ainhoa Carmona Urbano": "Q23771736", "Valentina Rashkova": "Q23883574", "Jasmin Mader": "Q22957600", "Khadidja Salmi": "Q63138702", "Lara Schollier": "Q108564099", "Eerika Jouppila": "Q25450898", "Eli\u0161ka Materov\u00e1": "Q106983834", "Baek Ji-seon": "Q24550521", "Michaela Metallidou": "Q24084788", "Mariz Farid Shawki": "Q24053837", "Simone Penker": "Q23771774", "Laerke Andersen": "Q23542616", "Florence Henrist": "Q1946468", "Paola Galante": "Q23771799", "Alina Sotnikava": "Q23642683", "Ang Tracie": "Q23888421", "Louise Jensen": "Q24005393", "Ilaria Bombelli": "Q15019862", "Roni Rabinovitz": "Q23771764", "Cindy Ruiz Coronado": "Q23888197", "Ng Pui Sze": "Q23771797", "Thelma Hermannsdottir": "Q23771791", "Emily Armi": "Q3724559", "Ivana Kamnikar": "Q19934195", "Marosv\u00f6lgyi No\u00e9mi": "Q92754385", "Nora Schaefer": "Q17403429", "Eva Maurin": "Q23771677", "Naama Bernstein": "Q32031247", "Marlies Rijken": "Q23771674", "Mia Furu": "Q23771782", "Adelaide Deloeuvre": "Q24084878", "Hadas Koren": "Q23771765", "Karina Regidor": "Q9017226", "Charlotte Mackie": "Q2960993", "Serena Licchetta": "Q3955853", "Alejandra Fernandez Lomeli": "Q24701035", "Lucila Estarli": "Q23771785", "Taylor Rice": "Q21968087", "Joy Rianne Goedkoop": "Q23771673", "Eum Da-yeon": "Q22957497", "Eum Eun-hui": "Q23771742", "Ameni Dhaouadi": "Q67199393", "Wyomi Masela": "Q14520483", "Ekaterina Kislinskaya": "Q23771778", "J\u00falia Creus Garc\u00eda": "Q27818208", "Eleni Kopali": "Q56066131", "Eleonora Rando": "Q23771671", "J\u00falia Us\u00f3n Carvajal": "Q24053825", "Claudia Vila Barnes": "Q23771737", "Lo Yu-ju": "Q23771796", "Floriane Scianguetta": "Q23771733", "Katharina Fa": "Q23771773", "Haldis Naerum": "Q23800174", "Dovelis Torres": "Q24006030", "Alexandra Choon": "Q23771777", "Giulia Hindermann": "Q23771682", "Simone Hall": "Q24005876", "Camilla Bini": "Q16534843", "Nicole Szabo": "Q23771768", "Yvette Moshage": "Q23771675", "Alice Canart": "Q23771735", "Mathilde Kirk": "Q23800137", "Aya Hosain": "Q24150825", "Natascha Wegscheider": "Q24007597", "Sirirat Lueprasert": "Q24150827", "Inesa Simonyan": "Q24150821", "Elid Mayerli Hellwing Burgos": "Q5829420", "Katerina Solanska": "Q24663940", "Evelina Kalisher": "Q24084986", "Liliya Khaanh": "Q23642677", "Irina Volodchenko": "Q23771754", "\u00d6zlem \u00d6zkan": "Q23771794", "Heba Khaled Elbourini": "Q24084785", "Heba Khaled El Bourini": "Q125882073", "Veronica Cumatrenco": "Q24150780", "Erica Owen": "Q24809874", "L\u00e9a Peinoit": "Q24061218", "Violaine Robinet": "Q24084879", "Martina Svedova": "Q24084823", "Diana Abrantes": "Q23542544", "Jessica Bogdanov": "Q24084913", "Eszter Romhanyi": "Q23887698", "Sylvie Wirth": "Q24635062", "Ana Toma": "Q24663889", "Luca Div\u00e9ky": "Q22957474", "Anzhelika Faydevych": "Q24084813", "Inessa Rif": "Q24007598", "Anna Korom": "Q24084845", "Sabina Zaitseva": "Q24663930", "Samantha Richardson": "Q24084859", "Volha Makhautsova": "Q23642681", "Asya Nur Ta\u015f": "Q24053911", "Eva Kierath": "Q24635042", "Moon Eun-mee": "Q23771743", "Ida Gustafsson": "Q16594982", "Nicolle Vazquez Aviles": "Q23883864", "Greta Nevedomskait\u0117": "Q23585818", "Georgia Wheeler": "Q23771670", "Walerija Swiridowa": "Q4410815", "Anna Tempero": "Q23887646", "Eda Coskun": "Q24062507", "Alice J\u00e1\u0148ov\u00e1": "Q23771771", "Elena Zaldivar": "Q23771739", "Anna Szaloki": "Q24053833", "Renata Smilnicka": "Q24150794", "Ashleigh Heldsinger": "Q23771770", "Oluwadamilola Oluwafemi": "Q101247151", "Coralie Leblond-Chartrand": "Q23771681", "Chrystel Lejeune": "Q28464760", "Tinna Odinsdottir": "Q23883862", "Ugn\u0117 Markevi\u010di\u016bt\u0117": "Q24053907", "Shelby Gill": "Q24809818", "Fiona Novak": "Q23771756", "Dou Baobao": "Q24150822", "Olga Pavlenko": "Q24150795", "Sapir Hana Cohen": "Q23771763", "Clara Della Vedova": "Q2975480", "Park Ji-yeon": "Q24005392", "Tijana Krsmanovi\u0107": "Q24053916", "Ani Wells": "Q24084869", "Marta Szamalek": "Q24150785", "Evita Psenicny": "Q24150791", "Zamirajon Sanokulova": "Q24053756", "Despoina Tsoumalakou": "Q24084891", "Pia Tolle": "Q23771661", "Jordan Rae": "Q23771789", "\uc774\ub2e4\uc560": "Q16090782", "Lee Daae": "Q24007692", "Miriam Belando Consuegra": "Q24084874", "Rosanna Ojala": "Q23771759", "Keziah Gore": "Q24053760", "Mercia Ntsia": "Q67199471", "Luiza Sadyan": "Q24007622", "Camille Van Betsbrugge": "Q108545930", "Mirjana Sekovanic": "Q24053697", "Maisa Ghazouani": "Q63242138", "Alex DeMoura": "Q66925875", "Martha Perez": "Q24084834", "Grace Nehmi": "Q24084826", "Blanka Boldizsar": "Q24084808", "Reina Satake": "Q24678891", "Elisa Lehtonen": "Q24084841", "Anna Mpanzu": "Q24007667", "Clara Baraquet": "Q24258911", "Eva Cela": "Q115215057", "Anna Sebkova": "Q24007617", "Stephanie K\u00e4lin": "Q24062473", "Elizabeth Beddoe": "Q98564602", "Fadwa Mohamed Abdellatif Mahmoud": "Q23883841", "Tereza Wagnerov\u00e1": "Q24053843", "Anastasiya Shykharyeva": "Q24084941", "Demet Mutlu": "Q108029243", "Tiril Dovre": "Q24006527", "Marina Viejo": "Q20901712", "Bo Bet": "Q24579333", "Lee Na-young": "Q24678794", "Anna Czarniecka": "Q24053706", "Pak Sin-hyang": "Q22957633", "Lisa Nais": "Q24084765", "Ana Ferreira": "Q24678801", "Camila Klesa": "Q23887642", "Maria Magdalini Trichopoulou": "Q23888202", "Natalia Sobolewska": "Q24084812", "Oceane Charoy": "Q24084783", "Giulia Leni": "Q3769278", "Lilit Harutyunyan": "Q24007619", "Jacinthe Tarek Eldeeb": "Q24084786", "Dina Madir": "Q23933977", "Karine Dufour": "Q24701038", "Anna Bakunovytska": "Q24635054", "Anna Tarnovska": "Q24809790", "Angi Cipra": "Q21621046", "Anastassia Johansson": "Q24053900", "Neda \u0160erni\u016bt\u0117": "Q24053905", "Claudia Men\u00e9ndez Gonz\u00e1lez": "Q24006559", "Valeriya Yordanova": "Q24678905", "Olga Kiryakova": "Q24084817", "Toya Rojas Pascual": "Q24006557", "Arianna Facchinetti": "Q24060988", "Natalija Janusa": "Q24053917", "Lotta Virtanen": "Q24084843", "Anyavarin Supateeralert": "Q24053918", "Wakana Inoue": "Q23771522", "Maria Stoffel": "Q23887650", "Kinga Grze\u015bk\u00f3w": "Q56340621", "Sofie Rubbrecht": "Q109656261", "Amenaghawon Osaretin Melvin": "Q101247074", "Karla Torres": "Q22957728", "Amaranta Torres": "Q24006439", "Maxine \u00c9ouzan": "Q106671707", "Ezgi Bozdemir": "Q24062503", "Aliya Pashayeva": "Q24062481", "Veronika Hegrova": "Q24062486", "Katerina Gerychova": "Q24084807", "Helena Mogensen": "Q24678895", "Eugenia Onopko": "Q57834755", "Natalia Okaliova": "Q24053898", "Shaden Wohdan": "Q23883779", "Iina Linna": "Q24084781", "Alida Rojo Mendoza": "Q24678748", "Mai Ahmed Saad": "Q23883872", "Mari Liis Siimon": "Q24053834", "Debora Andreazi Falda": "Q24084768", "Marta Jasinska": "Q24053824", "Irada Ahadzade": "Q24062511", "Grisbel Lopez Ortega": "Q24007686", "Modesta Kudzmanait\u0117": "Q24053906", "Nana Gogashvili": "Q24701032", "Ana Estefan\u00eda Lago": "Q5673742", "Kang Yong-mi": "Q22957564", "Ri Un-ha": "Q23888206", "Milena Milacic": "Q24007685", "Aja Sims": "Q19845315", "Nardjes Terkmane": "Q98930926", "Elena Chabert": "Q24084782", "Valeria Schiavi": "Q16620222", "Mariia Smirnova": "Q23887661", "Valeska Gonzalez Olivares": "Q24053924", "Solja Sade": "Q24062528", "Deana Parris": "Q24809793", "Chiara Gandolfi": "Q15041146", "Pamela Clark": "Q24635015", "Matilda Hartzell": "Q10578341", "Legna Savon": "Q24084833", "Jandira Henriques": "Q24007665", "Wu Jhih-han": "Q23888204", "Giulia di Lorenzo": "Q24150752", "Bai Xiaoyue": "Q24084838", "Irina Kundius": "Q24701030", "Paraskevi Angelousi": "Q24851725", "Luisa Mercado": "Q24701033", "Janneke Lanng": "Q24006534", "Lila Kasapoglou": "Q24635047", "Michela Castoldi": "Q20191191", "Andrea Orradottir": "Q24006514", "Najwa Dassalm": "Q24005862", "Park Ji-soo": "Q22957635", "Samantha Ay": "Q24061216", "Wendy Cifuentes": "Q24053908", "Maja Majerowska": "Q24150751", "Fiona Pallares Quinn": "Q24084755", "Karla Retiz": "Q22957782", "Adriana Ramirez": "Q24084835", "Sara Mar\u00edn": "Q26838766", "Samantha Cerio": "Q63104588", "Anastasia Degtiareva": "Q55393228", "Ma Dong": "Q56338817", "Fanni Mazacs": "Q65164232", "Nkumba Francisco": "Q24084660", "Tristan van Natta": "Q24809696", "Paula Zaunere": "Q24084811", "Catalina Nunez Campusano": "Q24062519", "Yang Yujie": "Q24679355", "India McPeak": "Q23883767", "Kati Rantsi": "Q24007760", "Daniella Zita Kecza": "Q24053700", "Stella Savvidou": "Q23882987", "Carolina Coelho": "Q24053685", "Paola M\u00e1rquez": "Q23888195", "Myropi Christofilaki": "Q24006536", "Malak Nassif": "Q24809787", "Anna Geidt": "Q23883847", "Polina Troianova": "Q24679405", "Melissa Metcalf": "Q18044891", "Kim Hee-ryeong": "Q24062546", "Evgeniya Larionova": "Q24084818", "Laura Tutunikov": "Q24084832", "Arden Oh": "Q24679392", "Siyana Vasileva": "Q24679300", "Lucille Chalopin": "Q24085021", "Ema Kajic": "Q23933962", "Sharon Dassouli": "Q24084831", "Nato Dzidziguri": "Q23887686", "Sofie Braaten": "Q23887669", "Cassandra Pettersson": "Q24007660", "Kaitlyn Hofland": "Q23883788", "Mariana Chiarella Avalos": "Q23888185", "Christina Antoniades": "Q17385581", "Julia Bombach": "Q24006523", "Norma Robertsdottir": "Q23800201", "Kim Yeon-jung": "Q24062498", "Aisha Elkolali": "Q24084787", "Lahna Salem": "Q63137058", "Tan Ing Yueh": "Q23888194", "Daria Avtonomova": "Q19906805", "Nicole Mawhinney": "Q23800192", "Val\u0113rija Gri\u0161\u0101ne": "Q23883792", "Maija Leinonen": "Q24006535", "Rebecca Sereda": "Q24007758", "Carolayn Lopez Briceno": "Q24701028", "Viktoriya Gorbunova": "Q24085017", "Rudy Sandoval Afanador": "Q23883754", "Yasmin Taite": "Q24679339", "Aleksandra Rajcic": "Q24005801", "Deborah Reis": "Q16061458", "Barbara Araya Rubio": "Q24084822", "Arianna Rocca": "Q16528314", "Terri Grand'ry": "Q24006555", "Mai Nhat Linh Truong": "Q24084995", "Lucie Colebeck": "Q24679347", "Elena Milekovic": "Q24007670", "Estefany Sosa": "Q24062560", "Valentina Castro": "Q24085016", "Anastasiya Yekimenka": "Q23840699", "Stella Petran": "Q23933964", "Julie Marques": "Q24084824", "Ingrid Maior": "Q24635031", "Ana Koniuchovait\u0117": "Q24006540", "Johanna Cano": "Q84611262", "Mar\u00eda Eugenia Nava": "Q24084790", "Alexandria Giesbrecht": "Q24809822", "Britt Reusche": "Q23887720", "Laure De Pryck": "Q14852371", "Mariela Peneva": "Q24701024", "Sarah El Dabagh": "Q23883867", "Nicole Vanstroem": "Q23887666", "Beatriz M. S. Goncalves Tojal": "Q24084814", "Eliza Osmucniece": "Q24084810", "L\u00e9a Callon": "Q51954975", "Claire Arthur": "Q24679331", "Shir Hillel": "Q24062534", "Sonja Kokkonen": "Q24061213", "Emilie Holte": "Q24007651", "Kim So-yong": "Q22957572", "Adenike Oyekunle": "Q101247093", "Fanny Lunde": "Q24007652", "Anastasiya Miklashevich": "Q23840700", "Shaylee Dunavin": "Q24701027", "Paloma Guerrero": "Q23887643", "Maryia Lon": "Q24635039", "Liana Tsetsadze": "Q24053681", "Eleonora Afanasyeva": "Q57542576", "Valentine Sabatou": "Q23883769", "Anna Theresa Hosp": "Q24084820", "Er\u00e1ndeni Nava": "Q24084789", "Samantha Chavez": "Q24635049", "Giulia di Luca": "Q24007754", "Nora Munkvold": "Q24006525", "Inna Vassilyeva": "Q23883859", "Marine Letul": "Q24084784", "Idolina Massa": "Q28971656", "Daria Gorbacheva": "Q48955062", "Oleksandra Aslanyan": "Q24084815", "Lucinda Nowell": "Q24084779", "Victoria S\u00f6rensen": "Q24007677", "Yuna Sato": "Q24809797", "Ines Lakech": "Q73127864", "Tamara O'Brien": "Q24701037", "Iuliana Liubomeiscaia": "Q24053703", "Ayaallah Farahat": "Q24679377", "Olha Mykhalchuk": "Q24084816", "Pranati Das": "Q23887679", "Regina Miaksheva": "Q24053689", "Emma Lunn": "Q23883844", "Yolanda Gaspar": "Q24062479", "Chiara Di Battista": "Q18811922", "Patricia da Silva": "Q24084836", "Manon Cormoreche": "Q23887682", "Maya Kojevnikov": "Q24084778", "Daniela Poblete Robles": "Q24084821", "Ece Mumcuoglu": "Q24062508", "Payel Bhattacharjee": "Q23887692", "Aiturgan Myrzakhmatova": "Q24053690", "Milka Kodjo": "Q24084819", "Magda Rajtor": "Q55393093", "Nicki Shapiro": "Q73699358", "Nicole Turuani": "Q23684608", "Imene Sad Saoud": "Q67199323", "Lynn Schw\u00e4ke": "Q103846883", "Ignacia Baeza Icaza": "Q24053695", "Mansura Bagiyeva": "Q24062512", "Ana Farinha Barata": "Q24062468", "T\u00e2nia Domingues": "Q24007639", "Marlene Bindig": "Q64786535", "Sarolta Toth": "Q24062530", "Evangelia Plyta": "Q22957649", "Freyja Josepsdottir": "Q23888191", "Gabriela Ribeiro": "Q24083861", "Anastasiya Detkova": "Q24007596", "Julie Zels": "Q24082393", "Marialicia Ortega Elizondo": "Q24083897", "Samara Maxwell": "Q23887665", "Ding Ziyi": "Q24062485", "Alicia Boren": "Q18921459", "Selin Kilavuz": "Q24007690", "Jenni Kaita": "Q24083915", "Maria Canilhas": "Q24007637", "Sapphire Dallard": "Q24688860", "Jong Un-gyong": "Q22957559", "Nourhal Khattab": "Q24007643", "Paula Carvajal": "Q115625909", "Kianna Dean": "Q24005878", "Lenka Siroka": "Q24083906", "Farah Khalil": "Q24679489", "Marta Costa": "Q23888198", "Olena Vasylieva": "Q23883804", "Serena Bugani": "Q16268216", "\u0110\u1ed7 Th\u1ecb V\u00e2n Anh": "Q23887662", "Houda Eddachraoui": "Q63137628", "Ines Ventura": "Q24083898", "Tylah Lotter": "Q23887649", "\ucc9c\uc1a1\uc774": "Q16168552", "Chun Song-e": "Q24007691", "Ardak Kumisbayeva": "Q24084096", "Vaida \u017ditinevi\u010di\u016bt\u0117": "Q23887674", "Karmen Koljanin": "Q23933972", "Radina Flipova": "Q24007753", "Katsiaryna Fiadutsik": "Q24006502", "Sabina Garatova": "Q24062509", "Alessia Praz": "Q14507351", "Meriem Menighed": "Q63137291", "Patricia de Sousa Silva": "Q24062564", "Jeong Hee-yeon": "Q24006607", "Clare Johnson": "Q24679484", "Ksenya Cheldishkina": "Q24009514", "Beniude Panguleipo": "Q24084089", "Bianka Borocz": "Q24083922", "Jennifer Rokhman": "Q24083902", "Daria Matveieva": "Q23883809", "Sara Rojas Munizaga": "Q24062516", "Irina Kurzanov": "Q24083919", "Kyriaki Alevrogianni": "Q24007684", "Marie Deloge": "Q51954963", "\u00c9milie Wambote": "Q51954985", "Boglarka Toth": "Q24006513", "Michelle Timm": "Q103846868", "Conny Giussani": "Q16880253", "Nicoline Sachmann": "Q24007676", "Giulianna Pino Alcivar": "Q24005830", "Tereza Ochynska": "Q23887673", "Cagla Akyol": "Q23883812", "Ashleigh Long": "Q24689115", "Ginna Escobar Betancur": "Q23883853", "Dayana Ardila": "Q23888196", "Maria Soto Avila": "Q24083914", "Maddie Karr": "Q29916988", "Tereza Pek\u00e1rkov\u00e1": "Q106195052", "Rafaella Zannettou": "Q24006510", "Jade Degouveia": "Q64858768", "Zeng Qiyan": "Q23887672", "Elena Rega": "Q23887641", "Veronika Drapalova": "Q23887691", "Olivia Jochum": "Q22957556", "Alexis Beucler": "Q13562920", "Maria Simou": "Q22957695", "Olesya Sazonova": "Q23887683", "Celia Haroune": "Q63137354", "Amina Chtiba": "Q63242120", "Bianca Dittrich": "Q109360976", "Minami Honda": "Q122932936", "Elina Koprinen": "Q23683556", "Hayat Houmairy": "Q63137732", "Nadja Schulze": "Q103846871", "Katja Serrer": "Q24005872", "Rania Benali Khoudja": "Q63244117", "Sofia Bonistalli": "Q16607077", "Peppijna Dalli": "Q24005868", "Yana Fedorova": "Q23887652", "Anna-M\u00e1ria K\u00e1nyai": "Q23887638", "Rowan Hazem Wageeh": "Q23888192", "Riri Kitazume": "Q55669936", "Lee Hye-been": "Q22957583", "Valentina Brostella": "Q23888190", "Hope Bravo": "Q99457251", "Claudia Heredia": "Q21798427", "Azumi Ishikura": "Q23771523", "Angela Maguire": "Q23887663", "Kaylee Cole": "Q24006446", "Clara Chambellant": "Q23887640", "Mercedez Sanchez": "Q64865002", "Ciara Roberts": "Q23887676", "Tamara Mrdjenovic": "Q24006529", "Sab\u012bne Go\u0161a": "Q23887719", "Ashlyn Kirby": "Q64711279", "Chen Feng-chih": "Q23888205", "Stefanie Siegenthaler": "Q23887644", "Anastasija Dubova": "Q24006519", "Laura Gamell": "Q24006500", "Sydney Mason": "Q24006438", "Rachel Davies": "Q24690954", "Khilola Doniyorova": "Q23887667", "Argyro Afrati": "Q22957401", "Gaya Giladi": "Q24006517", "Dina Nygaard": "Q24006524", "Diana Doman": "Q20557670", "Juliana Dos Reis de Freitas": "Q17403336", "Sab\u012bne Kornijanova": "Q24006520", "Diana Vasquez": "Q24005814", "Milla Fabre": "Q24005933", "Mackenzie Slee": "Q23887689", "Pamela Reynolds": "Q24084152", "Aleksandra Korchagina": "Q60830674", "Petra Furac": "Q23933959", "Nicole Terlenghi": "Q15273974", "Monika Romanova": "Q24006506", "Selina Zhumatayeva": "Q24007609", "Natalia Ros": "Q22957667", "Savannah Kooyman": "Q64862951", "Dianne Soria Galvarro": "Q24005880", "Kyla Bryant": "Q96201778", "Ashly Lau": "Q24006033", "Leidys Rojas": "Q24006435", "Sarah Edwards": "Q66772319", "Carmen Crescenzi": "Q19402416", "Anja Jovanovic": "Q24053708", "Jessica Stabinger": "Q23887648", "Katriel de Sousa Sierra": "Q23888200", "Petra Fialov\u00e1": "Q23887668", "Malak Zaghloul": "Q23887680", "Natela Bolataeva": "Q24007599", "Kim Chae-yeon": "Q22957570", "Viktoria Kuzmina": "Q16928087", "Anastasiya Ilnytska": "Q23887660", "Andrea Maldonado Lizardi": "Q24005931", "Katarina Ronbeck": "Q24006526", "Kyana George": "Q95368649", "Hebatallah Serry": "Q24005856", "Laura Ludanyi": "Q24084172", "Olivia Gunter": "Q64706386", "Laura Vandevoorde": "Q106763380", "Bridget Dean": "Q64706881", "Enik\u0151 Horv\u00e1th": "Q22957540", "Denise Moloney": "Q23887690", "Yuliya Khramiankova": "Q24006504", "Giorgia Morera": "Q16559505", "Courtney Goodrich": "Q64711657", "Jordan Draper": "Q66091279", "Melanie Coleman": "Q80282646", "Manel Gharbi": "Q88961241", "Alisa Sadek": "Q122462339", "Milena Theodoro": "Q124336963", "Sonja Fischer": "Q103846864", "Carly Woodard": "Q96240965", "Alina Circene": "Q24005834", "Eva Mickova": "Q24005827", "Tzuf Feldon": "Q24005803", "Lexi Graber": "Q99401020", "Antonia Alicke": "Q98923079", "Thea Mille Nygaard": "Q24005825", "Nesrine Magroune": "Q63244085", "Evangelia Monokrousou": "Q22957617", "Thauany Araujo": "Q22957415", "Maya Williams": "Q24005866", "Kitti Honti": "Q22957539", "Dyonnailys Supriana": "Q24006495", "Margot Boch": "Q95191273", "Kendal Poston": "Q64864045", "Sami Durante": "Q64706965", "Bogl\u00e1rka Kiss": "Q24007625", "Aliaksandra Koshaleva": "Q24006538", "Radoslava Kalamarova": "Q24005808", "Dora Vulcan": "Q24006746", "Emi Watterson": "Q94033686", "Tia Kiaku": "Q64713229", "Linnea Hoejer Wang": "Q24005806", "Romana Majerechova": "Q24005812", "Iga Klesyk": "Q17466337", "Elizabeth Petrosyan": "Q24007620", "Zhu Xiaofang": "Q22906621", "Suzanne Buttigieg": "Q24005854", "Talitha Jones": "Q94629444", "Millie Williamson": "Q18129273", "Ekin Morova": "Q24005820", "Sara Taubman": "Q66771711", "Allie Stern": "Q66925694", "Estela Mart\u00edn": "Q18817049", "Ofelia Rodr\u00edguez": "Q18817051", "Cristina Mart\u00ednez": "Q20963502", "Zineb Mama Ayad": "Q63136994", "Laura-Rose Cooke": "Q64711730", "Lea Wolff": "Q103846866", "Jenna B\u00fcttner": "Q103846875", "Lina Dei\u00df": "Q103846885", "Derrian Gobourne": "Q64707008", "Thea Brogli": "Q24006743", "Ma\u00eblle Dumitru-Marin": "Q106671989", "Maya Bordas": "Q94629963", "Milan Clausi": "Q64862503", "Florine Harder": "Q103846859", "Giada Grisetti": "Q55220185", "Alexandra Forest": "Q104815341", "Sarah Sonnenschein": "Q103846877", "Adnerys de Jesus": "Q98663506", "Am\u00e9lie F\u00f6llinger": "Q103846873", "Sekai Wright": "Q55714417", "Abi Solari": "Q66926233", "Rebecca D'Antonio": "Q59519824", "Sandra Elsadek": "Q118732975", "Ma\u00eblie Abadie": "Q123415509", "Lise De Meyst": "Q109450572", "Pilar Rubagotti": "Q18224511", "Chama Temmami": "Q63137136", "Savannah Schoenherr": "Q98448943", "Sofia Busato": "Q21030400", "Isma Laanaya": "Q101351038", "Irene Lanza": "Q85117382", "Lee Go-im": "Q24006609", "Jenna Dunn": "Q96240829", "Chloe Lashbrooke": "Q96029825", "Natalie Sadighi": "Q95147189", "Samantha Sakti": "Q66439795", "Kai Rivers": "Q66771637", "Rebecca Matzon": "Q103846874", "Carina Kr\u00f6ll": "Q103846884", "Laura Gy\u00f6rke": "Q20435153", "Shana Thill": "Q116753713", "Rebecca Koschny": "Q103846870", "Celina Schwarz": "Q103846879", "Chlo\u00e9 Taisne": "Q110250962", "Andrea Scotto": "Q110250964", "Laeticia Blommaert": "Q110250969", "Nora Kappler": "Q110250992", "Victoria Nguyen": "Q19362161", "Alexandra Udachina": "Q105083720", "Kalyany Steele": "Q64748713", "Lexie Nibbs": "Q96131445", "Kamryn Ryan": "Q66771691", "Emma Andres": "Q96029865", "Farah Salem": "Q101246964", "Bailey Ferrer": "Q64706489", "Ad\u00e9la M\u011brkov\u00e1": "Q114851461", "Isabelle Stingl": "Q103846863", "Helene Sch\u00e4fer": "Q103846881", "Manon Moran\u00e7ais": "Q106671953", "Helen Hu": "Q98833964", "Minyar Jerbi": "Q88960793", "Nevaeh DeSouza": "Q94660597", "Ashton Woodbury": "Q94034411", "Emilie Ziegler S\u00f8iland": "Q62113370", "Mati Waligora": "Q104807716", "Vanessa Deniz": "Q96240643", "Soraya Hawthorne": "Q118982338", "Caitlin Smith": "Q66771661", "Raena Worley": "Q64713210", "Chahed Sakr": "Q67194026", "Francesca Noemi Linari": "Q55282157", "Maren Iversen": "Q62113507", "Emma H\u00f6fele": "Q103846861", "Caterina Cereghetti": "Q55471613", "Selina Kickinger": "Q113638051", "Jade Chrobok": "Q100968465", "Senda Hammami": "Q88960567", "Sara Berardinelli": "Q68586128", "Katherine LeVasseur": "Q98754940", "Chae Campbell": "Q98550229", "Maddie Rau": "Q91922349", "Breanna Scott": "Q101086324", "Francesca Pellegrini": "Q65125941", "Verena Hettich": "Q116753664", "Alisson Lapp": "Q116753689", "Christina Heiderscheid": "Q116753695", "Lucie Gillot": "Q116753712", "Tienna Nguyen": "Q66773068", "Aya Courouble": "Q56489558", "Sanna Delbeke": "Q56509945", "Viktoria Skittidi": "Q83874265", "Audrey Lynn": "Q104776982", "Audrey Davis": "Q96240613", "Alexandra Zilyuk": "Q104862005", "Julianne Fehring": "Q96241025", "Sheridan Ramsey": "Q98754472", "Eleni Ellina": "Q83873582", "Sandra Jessen": "Q117397669", "Sierra Ballard": "Q98754075", "Sophie Crane": "Q100968487", "Anastasia Guzenkova": "Q109491721", "Olivia Araujo": "Q98923442", "Laura Rocha Leonardo": "Q98923684", "Antonella Genuzio": "Q98924009", "Karla P\u00e9rez": "Q99299896", "Paulina Vargas": "Q99509586", "Madalena Cavilhas": "Q100269618", "Beatriz Cardoso": "Q100269788", "Juliette Ferandel": "Q116753690", "Sarah Palermini": "Q116753696", "Li Huilin": "Q124307915", "Cassia Priels": "Q110250982", "Ilona Milioto": "Q110250984", "Josephine Juul M\u00f8ller": "Q125906699", "C\u00e9leste Mordenti": "Q110250976", "Camila Montoya": "Q99231371", "Lucie Tumoine": "Q106672050", "Eva Gherardi": "Q65124801", "Hallie Copperwheat": "Q116455806", "Erica Sanz Gin\u00e9s": "Q50696658", "Qurbanl\u0131 Ruhidil": "Q64864002", "Elvira Katsali": "Q99498658", "Nina Corradini": "Q65126004", "Fien Enghels": "Q63134855", "Seljan Mahsudova": "Q125130899", "Sihem Hamidi": "Q114857771", "Fruzsina Keller": "Q100453256", "Melissa Girelli": "Q65125963", "Lisa Conradie": "Q123997649", "Sofia Nair": "Q67193495", "Arina Olenova": "Q113637546", "Medina Medjahdi": "Q67193346", "Selena Harris": "Q115749664", "Daria Belousova": "Q63862372", "Giulia Segatori": "Q65953126", "Natasha Hutchinson": "Q111205792", "Eya Derouiche": "Q114971514", "Carolin Einzenberger": "Q116753663", "No\u00e9mia Concei\u00e7\u00e3o": "Q116753685", "Lola Cametz": "Q116753691", "Liz Cristen": "Q116753694", "Nilg\u00fcn Sar\u0131o\u011flu": "Q122463513", "Yuli Arnon Golan": "Q100571955", "Geffen Dor Dery": "Q100571968", "Noam Dadon": "Q100572016", "Shalit Noga": "Q100572033", "Shanna-Kae Grant": "Q100572039", "Yanfei Chen": "Q100572064", "Alina Marusynets": "Q100574380", "Amelia Thomas": "Q100574386", "Elena U\u0161\u00e1kov\u00e1": "Q100574429", "Isabel Siko\u0144": "Q100574459", "Kaja Skalska": "Q100574698", "Keira Thornton": "Q100574702", "Minette Hough": "Q100574751", "Nat\u00e1lie Brabcov\u00e1": "Q100574759", "Tamzin Hughes": "Q100574800", "Ne\u00efla Damri": "Q110250934", "Anaelle Glineur": "Q110250996", "Elisa Ficher": "Q110250997", "Zenna van der Lubbe": "Q110251013", "Kayleigh Sumter": "Q110251021", "Salma Melige": "Q98070841", "Camilla Campagnaro": "Q98059477", "Malla Montell": "Q98059480", "Clara Navarro": "Q98059483", "Rachel Pizzolato": "Q112892984", "No\u00e9mie Louon": "Q98070842", "Giulia Cotroneo": "Q85117603", "Okeri Katjivari": "Q98108355", "Alison Faure": "Q98059523", "Alexandra Shametko": "Q98070845", "Asimina Sevastopoulou": "Q98070847", "Magdalini Tsiori": "Q98070849", "Marisa Miranda": "Q98059524", "Daria Murzhak": "Q98070850", "Sof\u00eda Casella": "Q115628014", "Lia Sobral": "Q98059526", "Elise Garcia": "Q98108358", "Alessia Federici": "Q55281946", "Ema Pleskyte": "Q98070853", "Karla Rivera": "Q98059527", "Zala Bedenik": "Q98070890", "Vittoria Quoiani": "Q65953131", "Jasmin Haase": "Q98059755", "Berta Pujadas": "Q98059758", "Ella Borg": "Q98059614", "Aiyu Zhu": "Q113688033", "Chiaki Hatakeda": "Q98059673", "Anna Locmele": "Q113637430", "Stacy Bertrandt": "Q98070884", "Claudia Villalba": "Q98059532", "Julie Madsoe": "Q98070855", "Ceren Biner": "Q98059535", "Cl\u00e9a Brousse": "Q123411272", "Maewenn Eugene": "Q98070858", "Aimara G\u00f3mez": "Q98070859", "Anastasiya Savitskaya": "Q98059757", "Tzu-Hsing Huang": "Q98070897", "Darya Yassinskaya": "Q98070879", "Laufey Birna J\u00f3hannsd\u00f3ttir": "Q98070888", "Maija Ojere": "Q98070891", "Tiana Odessa": "Q98070861", "Maria Ourida Hamza": "Q88961908", "Siria Cella": "Q65953125", "Chrysa Balami": "Q98070862", "Medina Kenenbay": "Q98070863", "Chloe Trisic": "Q98059537", "Anya Pilgrim": "Q118546930", "Munkhnaran Enkhtuvshin": "Q98070866", "Anastasiya Ursu": "Q98059538", "Alais Perea": "Q98070867", "Emily Todd": "Q124038688", "Lee Da-yeong": "Q98070868", "Micol Minotti": "Q98059539", "Serena Ottaviani": "Q65953129", "Madelen Kringstad Leitner": "Q100574722", "C\u00e9lia Goffard": "Q110250995", "Aline Meyer": "Q116753668", "Esm\u00e9e Beekhuis": "Q116753676", "Eline Coster": "Q116753697", "Mafalda Costa": "Q116753717", "Amika Every": "Q118725844", "Yun Jo Lai": "Q122499914", "Idan Rakocz": "Q100571983", "Janke du Plessis": "Q100571994", "Junliang Lyu": "Q100572004", "Yanan Li": "Q100572054", "Yue Yue": "Q100572079", "Anett Nerhof": "Q100574399", "Anna Hucalo": "Q100574402", "Brygida Urba\u0144ska": "Q100574413", "Eli\u0161ka Ottov\u00e1": "Q100574434", "Emma Flora Horvath": "Q100574437", "Isabella Wheeldon": "Q100574464", "Marta Fra\u0148kov\u00e1": "Q100574729", "Eloane Mercier": "Q110250961", "Victoria Zanotti": "Q110250965", "Laura Schouteten": "Q110250985", "Romane Halbardier": "Q110250987", "Lena Thuy": "Q110250991", "Nuria Silva Vilas Boas": "Q110250993", "Yakin Sghaier": "Q114975799", "Maya Oberman-Etzion": "Q98059540", "Anna Szmirnov": "Q98108360", "Djenna Laroui": "Q122946510", "Milana Minakovskaya": "Q98070871", "Anna Silnova": "Q98070872", "Emma Yap": "Q98059541", "Elena Melke": "Q113637455", "Daniela H\u00e1lov\u00e1": "Q100574425", "Antonia Marihuan": "Q115625905", "Veronica Mandriota": "Q98070873", "Maddie Anyimi": "Q115754331", "Elizabet Nikolova": "Q98059573", "Rachel Anne Liew": "Q98059576", "Leona Makita": "Q109417403", "Rocio Saucedo": "Q98059579", "Francisca Cancela": "Q98059588", "Clara Raposo": "Q98059591", "Garcelle Napier": "Q100571960", "Lucie Trnkov\u00e1": "Q98059594", "Alia Neve Leat": "Q98070877", "Tatiana Levchuk": "Q98059613", "Simona Villella": "Q65953127", "Greys Nieves": "Q98070895", "Kaitlyn Lim": "Q98059675", "Hyun Jin-ju": "Q98070885", "Artemis Georgiou": "Q98059612", "Teegan Milligan": "Q100574814", "S\u00e1ra Surmanov\u00e1": "Q98070881", "Alexandra Naclerio": "Q65953130", "Lea Quaas": "Q98059739", "Karina Sch\u00f6nmaier": "Q113688023", "Sevgi Seda Kay\u0131\u015fo\u011flu": "Q113637904", "Aina Puig": "Q98108357", "Nazstazia Henry": "Q98070898", "Maria Mendes": "Q98059679", "Ximena Rengifo": "Q98059680", "Dagmara Pyzio": "Q98070893", "Maria Agafonova": "Q112972499", "Juliana Ochoa": "Q98059606", "Jessica Schlegel": "Q113687990", "Chiara Vincenzi": "Q98059608", "Lona H\u00e4cker": "Q113687957", "Arina Semukhina": "Q112972491", "Lucy Stewart": "Q98059609", "Sara \u0160uleki\u0107": "Q113637766", "Ta\u00efs Boura": "Q98059610", "Rino Mizumura": "Q98108361", "Daniela Dorigoni": "Q98070878", "Ilona Kossila": "Q98059611", "Scarlett Rennesund": "Q100574790", "Sonja G\u00f6\u00dfler": "Q116753665", "Jana Unterguggenberger": "Q116753666", "Milena Vieitez": "Q116753669", "Ines van Son": "Q116753674", "Catarina Serra": "Q116753686", "Cl\u00e9mence Fortin": "Q116753699", "Norah Siebenbour": "Q116753700", "Valentine Gillet": "Q116753711", "Alessia Castellucci": "Q116753714", "Berta Schwaninger": "Q116753892", "Kylee Kvamme": "Q119688544", "Anne-Leen Thorburn": "Q100571950", "Jea Maracha": "Q100571997", "Ag\u00e1ta Str\u00fdhalov\u00e1": "Q100574374", "Ana Turcu": "Q100574389", "Gabriella Williams": "Q100574445", "Hannah de Goede": "Q100574455", "Isabella Tanya Bottger": "Q100574461", "Iulia Trestianu": "Q100574466", "Jasmin Pillay": "Q100574489", "Kl\u00e1ra Peterkov\u00e1": "Q100574705", "Lucie Ma\u0159\u00edkov\u00e1": "Q100574716", "Mia Evans": "Q100574744", "Nela Tereza Kaplanov\u00e1": "Q100574764", "Nina Gal\u00e1tov\u00e1": "Q100574772", "Olivia Laszlo Bergem": "Q100574781", "Shakira Cantaragiu": "Q100574795", "Tyde Kara Cooper": "Q100594757", "Lola Novo Gomez": "Q110250935", "El\u00e9onore Maree": "Q110250936", "Floor Slooff": "Q110250941", "Camille Berdal": "Q110250960", "Naomi Richardson": "Q110250972", "Jitske Lemmers": "Q110250973", "Jeanne van Looy": "Q110250977", "Olivia Scyeur": "Q110250986", "Louise Chenoy": "Q110250998", "Flore Schreiner": "Q110250999", "Celine Kusters": "Q110251004", "Esmee de Nooijer": "Q110251020", "Khadija El Cadhi": "Q114971701", "Rym Ouechteti": "Q114975811", "Islem Karabi": "Q114975821", "Phiwe Mangaliso Nhleko": "Q100572021", "Nika Kukuljan Frleta": "Q113638021", "Andreea Preda": "Q100574392", "Helena Heijens": "Q111205759", "Shante Thandiso Keleboglie Koti": "Q100572044", "Anastasija Ananjeva": "Q113637352", "Daira Lamadrid": "Q125095331", "Fatma Zohra Boukhatem": "Q114840440", "Anna-Lena K\u00f6nig": "Q113687967", "Bengisu Y\u0131ld\u0131z": "Q113637961", "Eline F\u00e4ssler": "Q116753670", "L\u00e9onie Kramer": "Q116753671", "Amina Abaidi": "Q116753675", "Nina Grugeon": "Q116753679", "Chlo\u00e9 Plasschaert": "Q116753680", "Clara de Nil": "Q116753681", "Mafalda Pacheco": "Q116753683", "Ana Reis": "Q116753684", "Perrine Sturbois": "Q116753698", "H\u00e9l\u00e9na Coolzaet": "Q116753710", "Gabriela Alves": "Q116753863", "Annalisa Furegato": "Q116753882", "Valentina Perlornigg": "Q116753888", "\u041c\u0430\u0440\u0447\u0435\u043d\u043a\u043e \u0422\u0430\u0457\u0441\u0456\u044f \u042f\u0440\u043e\u0441\u043b\u0430\u0432\u0456\u0432\u043d\u0430": "Q123485642", "Sesera Baba": "Q124309030", "Laly Wiart": "Q110250932", "Alexis Collart": "Q110250933", "Kelsey Hommes": "Q110250939", "Lizz Hoekema": "Q110250940", "Liz van Eijndhoven": "Q110250970", "Janne Luisman": "Q110250971", "Frida Bistrup": "Q110250990", "Clara Barsy": "Q110250994", "Rebecca Scheffer": "Q110251000", "Lois Schoonen": "Q110251001", "Louisa Ras": "Q110251002", "Ise Cools": "Q110251009", "Romeny Libeton": "Q110251010", "Nikki van Hall": "Q110251018", "Chiara Pinna": "Q110251019", "Aberdeen O'Driscoll": "Q117793957", "Arianna Belardelli": "Q117463659", "Diana Kustova": "Q114280888", "Ida Tomasi": "Q116753662", "Anne-Sophie Meyer": "Q116753667", "Jaylee Chukwu": "Q116753673", "Cl\u00e9mence Votron": "Q116753678", "L\u00e9a Scaltriti": "Q116753687", "Shanell Hyron Fourel": "Q116753701", "Anaelle Martinez": "Q116753702", "Jadey Walda": "Q116753718", "Rosa Schwaninger": "Q116753871", "Merle van Rens": "Q116753897", "Jasmine Althea Ramilo": "Q124311763", "Tara Hanaseth": "Q110250937", "Chemene Lamaitre": "Q110250938", "Lylou Hella": "Q110250954", "Louise Joly": "Q110250958", "Sophia Mouisel-Cooper": "Q110250959", "Juliette Zanotti": "Q110250963", "Elena Mazay": "Q110250966", "Lison Jansen": "Q110250967", "Lilou Maury": "Q110250968", "Maeva Ventura": "Q110250974", "Alexane Bertrand": "Q110250981", "Kiara Brenner": "Q110250989", "Christina Lorse": "Q110251003", "Sofie van den Berg": "Q110251011", "Isa Smeitink": "Q110251012", "Khlo\u00eb Timmer": "Q125073283", "Luana Lubini\u010d": "Q115463706", "Franka Mari\u0107": "Q115463707", "Luna Babi\u0107": "Q115463708", "Juniper Wurdinger": "Q115463720", "Yuna Uljee": "Q115463721", "Nicol Huslarov\u00e1": "Q116196163", "Daniela H\u00e1chov\u00e1": "Q116196164", "Vita Prijanovi\u010d": "Q116196167", "Hana Rebec": "Q116196168", "Oliwia Dziuba": "Q116196181", "Ewa Konior": "Q116196182", "Kora Kocsis": "Q116196190", "Georgina Moln\u00e1r": "Q116196191", "Ane\u017eka Kop\u00e1\u010dkov\u00e1": "Q116196198", "Josef\u00edna Urbanov\u00e1": "Q116196199", "Johana Vr\u00e1tn\u00e1": "Q116196205", "Aneta Voln\u00e1": "Q116196206", "Ella \u0160vr\u010dkov\u00e1": "Q116196207", "Nat\u00e1lie Hajdinov\u00e1": "Q116196214", "Natali Janoutov\u00e1": "Q116196220", "Alisia Rolain": "Q116753672", "Louise Demaret": "Q116753677", "Joana Paranhos": "Q116753682", "Emilie Kononenko": "Q116753688", "Lauriana Vercampts": "Q116753706", "Inaya Vliegen": "Q116753709", "Joana Reis": "Q116753715", "Fenne Mets": "Q116753902", "Zerin Bosan Alvares": "Q116753916", "Klaske de Kwant": "Q110250946", "Noor van Nuenen": "Q110250947", "Lucie Roberti": "Q110250948", "Louise Dupont": "Q110250949", "June Graves": "Q110250952", "Lena Theis": "Q110250953", "Mathilde Francotte": "Q110250955", "Na\u00efs Henneaux": "Q110250978", "Elodie Moinet": "Q110250979", "Chlo\u00e9 Debosschere": "Q110250980", "C\u00e9lia de Pauli": "Q110250988", "Maria Aabaybou": "Q110251005", "Joyce Raaijmakers": "Q110251006", "Aleena Aissati": "Q110251007", "Tess de Vries": "Q110251014", "Lisa Maas": "Q110251015", "Alij de Wijze": "Q110251016", "Kaylen Arends": "Q110251017", "Lola Roeleveld": "Q115463634", "Deimante Veselova": "Q115463636", "Lena Kierzkowska": "Q116196162", "Eva Pangr\u00e1cov\u00e1": "Q116196166", "Zarja Poga\u010dnik": "Q116196169", "Amelina Holecek": "Q116196172", "Gracja Dobrza\u0144ska": "Q116196183", "Nela Ostriho\u0148ov\u00e1": "Q116196184", "Aneta Kratochv\u00edlov\u00e1": "Q116196196", "Nat\u00e1lie Posp\u00ed\u0161ilov\u00e1": "Q116196200", "Beata M\u011b\u0159insk\u00e1": "Q116196202", "Julie Steinhauserov\u00e1": "Q116196203", "Valent\u00fdna Jen\u0161\u00edkov\u00e1": "Q116196204", "Ella Maz\u00e1nkov\u00e1": "Q116196215", "Karol\u00edna Kar\u00e1skov\u00e1": "Q116196219", "Michaela \u010c\u00e1stkov\u00e1": "Q116196222", "Kate\u0159ina B\u00e1rtkov\u00e1": "Q116196223", "Ad\u00e9la Nykod\u00fdmov\u00e1": "Q116196225", "Nicole Nagata": "Q116753716", "Annemijn Bik": "Q110250944", "Milysha Chan": "Q110250945", "Zofia Kopczynski": "Q110250951", "Zo\u00eb Philipsen": "Q110250956", "Ro-Velly Esajas": "Q110250957", "Jezzie Eelman": "Q110251008", "Marie Engels": "Q110821520", "Ema Akrapovi\u0107": "Q115463709", "Paulina Grzesikiewicz": "Q116196160", "Kate\u0159ina Ma\u0159\u00edkov\u00e1": "Q116196165", "Naomi Palencarova": "Q116196175", "Lea Walli": "Q116196177", "Helene Richter": "Q116196180", "Lucia Piliarov\u00e1": "Q116196185", "Lilly Murinov\u00e1": "Q116196186", "Liana Zimmer": "Q116196189", "Sofie \u0160v\u00e1bkov\u00e1": "Q116196194", "Anita \u0160vr\u010dkov\u00e1": "Q116196195", "Elen Strculov\u00e1": "Q116196197", "Anna P\u00e1lkov\u00e1": "Q116196201", "Alice \u0158ehulkov\u00e1": "Q116196208", "Antonina Skrobach": "Q116196209", "S\u00e1ra Schneiderov\u00e1": "Q116196217", "Ag\u00e1ta Slez\u00e1kov\u00e1": "Q116196218", "Nina Zemanov\u00e1": "Q116196221", "S\u00e1ra Anna Novotn\u00e1": "Q116196224", "Linda Rakov\u00e1": "Q116196226", "Camille Galand": "Q110250950", "Taja Orel": "Q116196170", "Larissa Szanwald": "Q116196176", "Amalia Schwaiger": "Q116196178", "Zoe Zara \u010eurinov\u00e1": "Q116196187", "Rebeka Vass": "Q116196188", "R\u00e9ka Sz\u00e9ll": "Q116196192", "Edita \u0160taidlov\u00e1": "Q116196193", "Vira Zhuravel": "Q116196210", "Jazzlee Freeth": "Q110250942", "Julija Radivojevi\u010d": "Q116196171", "Leona Holecek": "Q116196173", "Emma Chen": "Q116196174", "Yevheniia Zhyliuk": "Q116196211", "Mariia Mazurkevych": "Q116196212", "Taisiia Vorobets": "Q116196213", "Lyudmila Artemyeva": "Q4070251", "Iryna Ilyashenko": "Q10303750", "Lucy Wener": "Q10320401", "Mylene Fleury": "Q10334137", "Sharon Phelps": "Q10370976", "Susan McDonnell": "Q10375178", "Vicenta Cruzata": "Q10390212", "Rika Anami": "Q11597255", "Alexandra Ghi\u021b\u0103": "Q12720254", "M\u0103d\u0103lina Gu\u021bu": "Q12736152", "Roxana Stan": "Q12739615", "Anne Woyernowski": "Q17156606", "\u05d1\u05ea\u05d9\u05d4 \u05de\u05e1\u05e0\u05d9\u05e7\u05d5\u05d1": "Q18193519", "Tamires Veiga": "Q18280966", "Mam Smith": "Q21074782", "Alexandra Chevtchenkova": "Q23772539", "Heidi Beer": "Q26456113", "\u0391\u03c1\u03b3\u03c5\u03c1\u03ce \u0391\u03c6\u03c1\u03ac\u03c4\u03b7": "Q27458588", "\u7d00\u975c\u7433": "Q32149752", "Katarina Frketic": "Q45222068", "Sarah Lauren": "Q48063850", "Roseline Piard": "Q54685696", "Gertrude Bauch": "Q60439637", "Laura Aillaud": "Q81819491", "Tina Zel\u010di\u0107": "Q85965722", "Megan Hui": "Q92615790", "Kim Kelly": "Q96065880", "Emma LaPinta": "Q96241062", "Ana Mart\u00ednez": "Q102826012", "Jannie Vierstra": "Q106458619", "Margo van Klees": "Q106464827", "Femi Klunder": "Q106464880", "Ans Heerschop": "Q106464896", "Elena Gurina": "Q106604161", "Hiroko Ikeda": "Q106604165", "Cheko Oda": "Q106604167", "S\u0131la Karaku\u015f": "Q106692920", "Elif \u00c7olak": "Q106692949", "Merg\u00fcl G\u00fcler": "Q108001887", "Agnieszka Mrozowicz": "Q108442213", "Sviatlana Mikhnevich": "Q110943924", "Kim Bergmans": "Q111205862", "Eily Corbett": "Q111208227", "Shelby Nobuhara": "Q111248888", "Cao Yunzhu": "Q111248902", "Chiara Andrews": "Q112008990", "Lucia Gutierrez": "Q112031841", "Kursten Lopez": "Q112031863", "Sasiwimon Mueangphuan": "Q112045816", "Katie Borcherding": "Q113119455", "Cierra McKown": "Q113119468", "Pia Schuetze": "Q113119530", "Mariam Chamilova": "Q114796169", "Cheyanna Robinson": "Q115283798", "Koralee Catlett": "Q115283949", "Katsiaryna Barysevich": "Q115608896", "Patricia Voet": "Q115715574", "Sally Van Renterghem": "Q115715575", "Judy Abdalla": "Q117463623", "Sirine Abouelhoda": "Q117463624", "Shams Ali": "Q117463625", "Tinatini Tqemaladze": "Q117463626", "Almog Leizerovich": "Q117463628", "Lian Man": "Q117463629", "Yali Shoshani": "Q117463630", "Nitzan Steinberg": "Q117463631", "Hili Rachel Torgeman": "Q117463632", "Matilde Ferrari": "Q117463633", "Camilla Ferrari": "Q117463638", "Maria Drobniak": "Q117463639", "Wiktoria Grzesikiewicz": "Q117463643", "Nadia Majchrzak": "Q117463644", "Maria Rowi\u0144ska": "Q117463645", "Rita Ferreirinha": "Q117463646", "Clara Justo": "Q117463647", "Joana Monteiro": "Q117463649", "Mar Guardiet": "Q117463650", "Claudia Coronado": "Q117463654", "Maia Ll\u00e0cer": "Q117463655", "Ana Mart\u00edn": "Q117463656", "Frida Rodrigues-Cabo": "Q117463657", "Chiara Barzasi": "Q117463658", "Arianna Grillo": "Q117463660", "Viola Pierazzini": "Q117463661", "Andy Turiski": "Q117463662", "Maria Calisto": "Q117463665", "Maria Menezes": "Q117463666", "Mariana Parente": "Q117463667", "Sara Owens": "Q117463668", "Valentina Marochi": "Q117463669", "Alicia Donneger": "Q117463670", "Hla El Shaer": "Q117846329", "Chiharu Yamada": "Q118237202", "Josefina Romero": "Q123130479", "Dana Ga\u017eiov\u00e1-Ber\u00e1nkov\u00e1": "Q125291654", "Mar\u00eda Herranz G\u00f3mez": "Q125510772", "Emma Fioravanti": "Q125791388"}