{"Mar\u00eda Isabel D\u00edaz": "Q37825683", "Sarah Haydock Pope": "Q109591700", "May Danheim Burt": "Q114796054", "Alexandra Matveevna Andruschko": "Q123156209", "Olive Lynda Bown Goin": "Q119127748", "Margaret R. Wright": "Q22109220", "Maria Adelaide Cherchi": "Q21390065", "Alice G.C. Grandison": "Q21337691", "Nicola Mary Grimmond": "Q113378627", "France de Lapparent de Broin": "Q19847876", "Lauren Evans Brown": "Q13481913", "Valentina Orlova": "Q22111792", "Robin Madeline Andrews": "Q87974307", "Linda Trueb": "Q3241380", "Laurie J. Vitt": "Q51977526", "Antonia Cabela": "Q120025128", "Catherine Ann Toft": "Q21395466", "Susanna Heppich": "Q21341547", "Annamaria Nistri": "Q30166550", "Claudia M. V\u00e9lez-Rodriguez": "Q21340222", "Riinu Rannap": "Q12374043", "Jennifer B. Pramuk": "Q3177020", "Vanessa Kruth Verdade": "Q21339991", "Marina Chirikova": "Q33053537", "Amy Lathrop": "Q21338485", "Ildiko Somorjai": "Q42764908", "Angelica Crottini": "Q22112978", "S\u00edria Ribeiro": "Q21502535", "Claudia Koch": "Q21337693", "Tha\u00eds Figueiredo Santos Silva": "Q37803265", "Melita Vamberger": "Q61052018", "Valia Herrera-Alva": "Q123938954", "Abeda Dawood": "Q21339762", "Irene Goyenechea": "Q21339792", "Izeni P. Farias": "Q21341703", "Amarasinghe Achchige Thasun Amarasinghe": "Q21389772", "Marianna Isabella Rosa Rodrigues de Oliveira": "Q21503095", "Mareike Hirschfeld": "Q28146722", "Laura Sandberger-Loua": "Q28146744", "Marta Calvo-Revuelta": "Q29951810", "Jill R. Brown": "Q13481915", "Mariela Osorno-Mu\u00f1oz": "Q21337581", "Anna Graybeal": "Q21338099", "Rosamma Mathew": "Q21338244", "Nibedita Sen": "Q21338371", "Tami Mott": "Q21338401", "Luciana B. Nascimento": "Q21338730", "Clarissa Canedo": "Q21338863", "Maria Jos\u00e9 Praderio": "Q21339016", "Ariadne Angulo": "Q21339084", "Jennifer Daltry": "Q21339091", "\u00c1ngela Marcela Su\u00e1rez-Mayorga": "Q21339190", "Isabel De Conte Carvalho de Alencar": "Q21339302", "Rashida Tasnim": "Q21339406", "Annie Tillier": "Q21339423", "Ana Almend\u00e1riz": "Q21339528", "Elizabeth L. Jockusch": "Q21339538", "Stefania Bucci-Innocenti": "Q21339607", "Eliza Maria Xavier Freire": "Q21339671", "Erica Ramus": "Q21339763", "Matilde Ragghianti": "Q21339897", "Sonia Roa-Trujillo": "Q21339901", "Tasia Robertson": "Q21340037", "Rolande Roux-Est\u00e8ve": "Q21340051", "Gabriela Parra-Olea": "Q21340104", "Karen Siu Ting": "Q21340126", "Sabitry Bordoloi": "Q21340142", "Flora A. Junc\u00e1": "Q21340201", "Merel J. Cox": "Q21340503", "Biancamaria Macario": "Q21340613", "Paola Mensi": "Q21340620", "Salome Litwin Krebs": "Q21340674", "Tiffany M. Doan": "Q21340980", "Patricia Ergueta-Sandoval": "Q21341008", "Cristina Giacoma": "Q21341024", "Krystal A. Tolley": "Q21341061", "Hayd\u00e9e Solano": "Q21341123", "Amanda Bernal-Carlo": "Q21341204", "Theadora Pinou": "Q21341282", "Kathryn Read": "Q21341358", "Dee Ann Chamberlain": "Q21341382", "Jing Che": "Q21341393", "Viola Gossmann": "Q21341519", "Daniela Guicking": "Q21341533", "Elaine C. Humphrey": "Q21341570", "Anna K. Hundsd\u00f6rfer": "Q21341574", "Annie Zuiderwijk": "Q21341930", "Susanne Schick": "Q21342031", "Carina R. Firkowski": "Q21387737", "Justine N. Tang": "Q21387852", "Ai-qun Sun": "Q21387897", "Manuella Folly": "Q21387908", "Adriana Pugliese": "Q21387932", "Heather M. Gray": "Q21388011", "Anita Malhotra": "Q21388467", "Albertina Pimentel Lima": "Q21388906", "Gilvana Santos Barreto": "Q21389149", "Juliana Concei\u00e7\u00e3o Ramos": "Q21389161", "Louise S. Mead": "Q21389185", "Deanna H. Olson": "Q21389203", "Camila Costa Trevisan": "Q21389771", "Milena Camardelli": "Q21389776", "Thais Andrade Ferreira D\u00f3ria": "Q21389781", "Ana Claudia R. Alves": "Q21389840", "Alma Romano": "Q21389904", "Norhayati Ahmad": "Q21389908", "Carmen Liucia dos Santos Cordeiro": "Q21389909", "Sally A. Kent": "Q21389939", "Darcy B. Kelley": "Q21390140", "Ana Maria Paulino Telles de Carvalho e Silva": "Q21390152", "Severine Febvre": "Q21390205", "Myriam van Rooijen": "Q21390297", "Mar\u00eda del Mar Comas": "Q21390343", "Bessie L. Matalas": "Q21390408", "Greta Vestergren": "Q21390559", "Catherine Loumont": "Q21390704", "Ronalda Keith": "Q21390765", "Mira B. Kripalani": "Q21390794", "Verena Knietsch": "Q21390801", "Jeffrey D. Camper": "Q21390809", "Roberta Graboski": "Q21390820", "Ariane A.A.D. Silva": "Q21390831", "Ana L.D.C. Prudente": "Q21390837", "Gwendolen Trude Brock": "Q21391118", "Danielle L. Edwards": "Q21391143", "Vanessa Uscapi": "Q21391187", "Anne Lottier": "Q21391526", "Indranee Roopsind": "Q21391707", "Svetlana S. Gogoleva": "Q21391754", "Anna B. Vassilieva": "Q21391759", "Katia Cristina Machado Pellegrino": "Q21391799", "Sheila P. De Andrade": "Q21391842", "Gillian Watson": "Q21392006", "Somphouthone Phimmachak": "Q21392107", "Cinthia A. Brasileiro": "Q21392132", "D\u00e9bora Leite Silvano": "Q21392212", "Megan Higgie": "Q21392302", "Roberta A. Murta-Fonseca": "Q21392305", "Carla Santana Cassini": "Q21392356", "Luciana Ardenghi Fusinatto": "Q21392361", "Evy Arida": "Q21392588", "Jennifer L. Wright": "Q21392767", "Taeko Utsunomiya": "Q21392782", "Javier Icochea": "Q21392850", "Lawan Chanhome": "Q21392906", "Mongkol Kamsook": "Q21392956", "Fanomezana M. Ratsoavina": "Q21393143", "Isana Carla Amorim Souza": "Q21393174", "Caroll Z. Landauro": "Q21393209", "Hellen Kurniati": "Q21393340", "Cintia D. Medina": "Q21393354", "Gabriela Galarza": "Q21393490", "Jessa L. Watters": "Q21394193", "Guang-Hui Zhong": "Q21394218", "Nia Kurniawan": "Q21394253", "Theodora Sofianidou": "Q21394301", "Aparna Lajmi": "Q21394484", "Geisa A. De Souza": "Q21394547", "Anchalee Aowphol": "Q21394684", "Celia E. Limeses": "Q21394935", "Janina Tymowska": "Q21394958", "Anke M\u00fcller": "Q21395114", "Sylvia Hofmann": "Q21395136", "Caitlin E. Conn": "Q21395166", "Lourdes Rodr\u00edguez Schettino": "Q21395210", "Frances L. Humphrey": "Q21395436", "Olga Jovanovic": "Q21395764", "K. Laura Canning": "Q21502636", "Juana Su\u00e1rez": "Q21502799", "Kristin Mahlow": "Q21502832", "Karin Tamar": "Q21502847", "Angela B. Marion": "Q21502877", "Martha L. Tobias": "Q21502916", "Lourdes Y. Echevarr\u00eda": "Q21772119", "Caroline Brun": "Q22103488", "Louise Abigail De Layola": "Q22103942", "Julia Resende Thompson": "Q22106869", "Jeanne E. Young": "Q22110129", "Sarah A. Smith": "Q22112354", "Ruth Ainsworth": "Q22113440", "Julia P.G. Jones": "Q22114266", "Mumpuni": "Q22833324", "Marta S. Grismer": "Q23674979", "Lisa Ehrmantraut": "Q23675027", "Rafaella C. Garbin": "Q25439514", "Renae C. Pratt": "Q25440230", "Hanyeh Ghaffari": "Q25440675", "Michelle L. Penrod": "Q25444287", "Annika Hillers": "Q25916844", "Umilaela Arifin": "Q26120935", "Silvana Vargas do Amaral": "Q27144497", "Alexandra Sumarli": "Q27168192", "Renee A. Catullo": "Q27720517", "Amanda Martinelli": "Q27751423", "Maria Silvanira R. Barbosa": "Q27943519", "Priti Hebbar": "Q28053649", "Ana Cristina Prado Veiga-Menoncello": "Q28055522", "Ceri Gage": "Q28146763", "Gail Anderson": "Q28146764", "Manoela Woitovicz-Cardoso": "Q28654141", "Julie Marin": "Q28788084", "Roberta Pacheco Damasceno": "Q28946606", "Jih\u00e8ne Ben Hassine": "Q28958213", "Mariane Targino": "Q29020851", "Marianna Dixo": "Q29051673", "Marc\u00e9lia B. da Silva": "Q29053593", "Fl\u00e1via C. Resende": "Q29057112", "Carla da Silva Guimar\u00e3es": "Q29651142", "Jennifer Y. Lamb": "Q29998760", "Kaitlin E. Allen": "Q30069779", "Adriana Sandoval-Comte": "Q30505758", "Sandra D. Chapman": "Q31356098", "Karoline Ceron": "Q31812847", "Juliana Gusson Roscito": "Q33128835", "Brooke L. Bessesen": "Q33413013", "Yukiko Nakamura": "Q34827083", "Rej\u00e2ne Maria Lira-da-Silva": "Q36341970", "Michelle R. Gordon": "Q36348311", "Lennise Costa Concei\u00e7\u00e3o": "Q36493131", "Maria Isabel da Silva": "Q36540235", "Doris Preininger": "Q37372445", "Iraia Farias": "Q37562307", "Caroline M. da Silva": "Q37564435", "Adriana M. Jeckel": "Q38300590", "Sarah M\u00e2ngia": "Q40186022", "Sabine Melzer": "Q40208192", "Hua-Teng Huang": "Q40776647", "Lucinda P. Lawson": "Q41798467", "Mariana L\u00facio Lyra": "Q42302360", "Karen H. Beard": "Q42306502", "Judit V\u00f6r\u00f6s": "Q42310932", "Itzue W. Caviedes-Solis": "Q42491765", "Dilara Turk": "Q43189886", "Ver\u00f3nica L. Urgil\u00e9s": "Q43387509", "Valentina Posse": "Q43387510", "Renata M. Pirani": "Q43405003", "Norma Gomes": "Q44489708", "Isabelle Aquemi Haga": "Q45376815", "Julieta S\u00e1nchez": "Q46931628", "Danusy Lopes Santos-Silva": "Q47071856", "Raquel Vasconcelos": "Q47092577", "Ninda Baptista": "Q47407742", "Adriana Bellati": "Q47664025", "Allyson Prue": "Q48163621", "Molly C. Bletz": "Q48163627", "Vivian P. Paez": "Q48246617", "Itzel Dur\u00e1n-Fuentes": "Q49277033", "Constanze Bickelmann": "Q50436803", "Lia R. de S. Santos": "Q50655195", "M\u00e1rcia dos Reis Gomes": "Q50824224", "Helianne de Niemeyer": "Q50824429", "Vanda L\u00facia Ferreira": "Q50824686", "Mariluce Gon\u00e7alves Fonseca": "Q50824708", "Isabela Deiss": "Q50828798", "Maria de F. D. Furtado": "Q51172187", "Marisa M. T. da Rocha": "Q51189021", "Christina C. Branco": "Q51599010", "Karen M. Warkentin": "Q51718589", "Rosaura Valdez-Lares": "Q51955083", "Verena Quennet": "Q52004765", "Patricia A. Herrmann": "Q52005133", "Roswitha Stenke": "Q52005541", "Evgeniya N. Solovyeva": "Q52030702", "Astrid Heidrich": "Q52083977", "Maria Paula Enciso-Calle": "Q52228542", "Indira Maria Castro": "Q52387691", "Ann P. Porter": "Q52988399", "Rute Beatriz Garcia Clemente-Carvalho": "Q53087812", "Maria Ermelinda Oliveira": "Q54152784", "Patr\u00edcia Maria Fonseca": "Q54551920", "Ana Perera": "Q54619164", "Rebecca J. Laver": "Q54752003", "Gabriela Aguiar": "Q55068457", "Cristina Espa\u00f1a Albuquerque": "Q55130092", "Lize Helena Cappellari": "Q55130098", "Cristina A. Ugarte": "Q55213131", "Sarah Bayefsky-Anand": "Q55213132", "Roberta Rocha da Silva Leite": "Q55347727", "Kathryn Medlock": "Q55419404", "Sally Simms": "Q55419406", "Leandra Cardoso Pinheiro": "Q55449898", "Chantelle M. Derez": "Q55669610", "Andy C. Barboza": "Q55984118", "Kirsten E. Nicholson": "Q56248284", "Nicole F. Angeli": "Q56380282", "Deborah S. Bower": "Q56384235", "Michelle S. Koo": "Q56417294", "Crystal Kelehear": "Q56421676", "Sara Rocha": "Q56506269", "Luz Esther S\u00e1nchez": "Q56561424", "Isabella Mayara Monteiro de Carvalho Pedrosa": "Q57020129", "Claudileide Pereira dos Santos": "Q57020490", "Alice Hughes": "Q57307198", "Ginah Tsiorisoa Andrianasolo": "Q57614452", "Ursula K. Verburgt": "Q57811805", "Jennifer H. Nestler": "Q57811807", "Sandra Mathers": "Q58207201", "Ximena E. Bernal": "Q58795582", "Sengvilay Seateun": "Q58799068", "Siriporn Yodthong": "Q58799162", "Amanda N. Carr": "Q58814459", "Jelka Crnobrnja-Isailovi\u0107": "Q59096755", "Mandy Tocher": "Q59176362", "Meghan Castelli": "Q59667862", "Mrinalini": "Q60104259", "Tain\u00e3 Lucas Andreani": "Q60603593", "Laura Estela Vega": "Q61053805", "Carolina Block": "Q61053957", "Izadora Vidigal": "Q61098506", "Catharine E. W\u00fcster": "Q61398118", "Claudia Corti": "Q61741332", "Ann S. Duellman": "Q61754963", "Ekaterina N. Melnikova": "Q61820536", "Kate Jackson": "Q61901794", "Beatriz H. Ram\u00edrez": "Q62087134", "Archana Bahuguna": "Q62269136", "Tokouaho Flora Kpan": "Q62304736", "Christiane C. Anders": "Q62397820", "Sandra Goutte": "Q62416429", "Liz A. Alfaro-Juantorena": "Q62417061", "Gina Della Togna": "Q62718103", "Mariam Rohrmoser": "Q63089668", "Fernanda Magalh\u00e3es Silva": "Q63243419", "Paula Carolina Rodrigues de Almeida": "Q63243469", "Luciana O. Ramos": "Q63392490", "Felicity Wynne": "Q63812854", "Sof\u00eda Carvajal-Endara": "Q64141099", "Sandra Vieira Paiva": "Q64597228", "Fernanda Cristina Ferreira Lirio": "Q65543383", "Anna E. Savage": "Q66467355", "Oksana D. Nekrasova": "Q68936509", "Valentina Krause": "Q73910939", "Marleen Baling": "Q76014924", "Paola Pulido-Santacruz": "Q76350684", "Katarina Ljubisavljevi\u0107": "Q76767614", "Andreia Penado": "Q77470800", "Julia J Day": "Q77585442", "Paola A. Carrasco": "Q79370875", "Fernanda Martins dos Santos": "Q79625237", "Jailini da Silva Ara\u00fajo": "Q79625360", "Daniella Pereira Fagundes de Fran\u00e7a": "Q79625533", "Raquel Betancourt": "Q79687744", "Maria Celeste Costa Valverde": "Q79805329", "Elaine Cristina da Silva Oliveira": "Q79806016", "Iara A Novelli": "Q81592463", "Danusy Lopes Santos": "Q82295681", "Hannah E. Som": "Q83736621", "Angele Martins": "Q87285400", "Romina Valeria Semhan": "Q87498862", "Jessica Santib\u00e1\u00f1ez-Toro": "Q87667160", "Lauren Augustine": "Q88047323", "Jessica Fenker": "Q88087337", "Flora Ihlow": "Q88667120", "Katharina Ruthsatz": "Q88865117", "Margaret Haines": "Q89229219", "V\u00e2nia S\u00e1": "Q89376911", "Joana L. Santos": "Q89376923", "F. G\u00f6zde \u00c7ilingir": "Q89378618", "Audrey Miranda Prasetya": "Q89559435", "Carla S Cassini": "Q89831017", "Sinlan Poo": "Q90105409", "Annette E. Evans": "Q90252371", "Valentina D. Kretova": "Q90574493", "Cuc Thu Ho": "Q91254310", "Ana Paula Motta": "Q94999221", "Jessica Motta": "Q95698254", "Norma Valent\u00edn": "Q96040070", "Alexandra E. Laking": "Q96102244", "Nathalia Mejia": "Q96107123", "Judith Ada Badham": "Q96121832", "Soledad Valdecantos": "Q96178435", "Lauren A. Scheinberg": "Q96209945", "Patricia Bejarano-Mu\u00f1oz": "Q96217704", "Mar\u00eda B. P\u00e9rez-Lara": "Q96241064", "Mona van Schingen-Khan": "Q96464163", "Siti N Othman": "Q96648792", "Caroline Garcia": "Q96754678", "Melisa Olave": "Q96774657", "Erika Pistarino": "Q96823264", "Jasmin D. Winkler": "Q97042276", "Marcia Maria Laguna": "Q97368720", "Tuliana Oliveira Brunes": "Q97368954", "Aditi Jayarajan": "Q97395281", "Maria Fernanda Medina": "Q98076599", "Anne Warren": "Q98553602", "Ana M. Saldarriaga-G\u00f3mez": "Q98774575", "Jane C\u00e9lia Ferreira de Oliveira": "Q101043118", "Princia Margaret D\u2019souza": "Q101571344", "Mar\u00eda Alejandra Pinto-Erazo": "Q102245064", "Catherine Schmidt": "Q102319819", "Claudia Ter\u00e1n": "Q104160800", "Gabriela A. Maldonado-Castro": "Q104161258", "Jhael A. Ortega": "Q104161334", "Talita Gancev Ferreira": "Q105292438", "Vanessa Parra": "Q105292460", "Sara Bergna": "Q105319795", "Caitlin Sanchez": "Q105319864", "Dinora S\u00e1nchez": "Q105330774", "Galina Ivanovna Tverdokhlebova": "Q105712671", "Angela Arango": "Q105825892", "Nassima M. Bouzid": "Q105897831", "Dawn S. Wilson": "Q106187768", "Jane Sakwa Makokha": "Q107255196", "A. Clive Behrndt": "Q107380271", "Korkhwan Termprayoon": "Q107455626", "Gabriela Nicholls": "Q108038773", "Jackie L. Childers": "Q108655408", "Jeanne Tarrant": "Q111788803", "Camila Zornosa-Torres": "Q112082627", "Vivienne Ainsley Whitaker": "Q114246462", "Janis Gerrits": "Q115055634", "Nunia Thomas-Moko": "Q115474803", "Frances W. Loke": "Q116175933", "Maureen Kearney": "Q116210005", "Alice F. Echelle": "Q116214506", "Javiera Cisternas Tirapegui": "Q116728100", "Vanitha Elangovan": "Q116742924", "Sarah Maree Herbert": "Q117176388", "Susan N. Keall": "Q117232528", "Domoina Rakotomalala": "Q118907218", "Alison M. Hamilton": "Q118957954", "Heather M. Cogger": "Q119105002", "Katie Smith Date": "Q119115619", "Monica Torres-Almaz\u00e1n": "Q119122946", "Olga S. Bezman-Moseyko": "Q119127457", "Elizabeth E. Cameron": "Q119444475", "Dena Paris": "Q119459047", "Valeria Aspinall": "Q119511325", "Shanelle A. Wikramanayake": "Q120498193", "Elizabeth A. Phipps": "Q120766824", "Heather L. Andrews": "Q120766860", "Carolina Salgado Costa": "Q122732424", "Ayesha Akram": "Q122740157", "Camila R. Ferrara": "Q122745822", "Hana Soualah Alila": "Q122746906", "Caterina Carugati": "Q123095813", "Intesar Salih Alkhedir": "Q123181500", "Maura I. Fernandez": "Q123183308", "Catharina Karlsson": "Q123339686", "Emina \u0160unje": "Q123340171", "Dalia Bastyte": "Q123344002", "Mar\u00eda Elena Barrag\u00e1n-Paladines": "Q123369846", "Angie Estrada": "Q123370172", "Hiral Naik": "Q123370313", "Naoual Oukkache": "Q123370411", "Anne Devan-Song": "Q123375568", "Rebecca Bray": "Q123698828", "Bandana Adhikari": "Q124306347", "Leticia M. Espiritu-Afuang": "Q124306448", "Helen Meredith": "Q124306635", "Kakai Doreen Beatrice": "Q124306671", "Julia Leung": "Q124306737", "Anchelee Aowphol": "Q124306749", "Lydia Allison Fucsko": "Q124835616"}