{"Sophia Campbell": "Q75241045", "Elizabeth de Vandes": "Q107006141", "Diana Wentworth": "Q75298541", "Agla\u00e9 Adanson": "Q49219472", "Cyrinthia Sacretia Smith": "Q50380248", "Elizabeth Harrison": "Q100146795", "Maria Bateman": "Q86241116", "Jennie Markham Dennis": "Q96967505", "Amey Stansfield": "Q107349482", "Jessie M. Good": "Q126077134", "Henrietta Cozens": "Q106824770", "Jessie L. Seal": "Q114901036", "Marie M\u00e9lanie de Gaufridy de Dortan": "Q75270431", "Edna Gunnell": "Q112944078", "Katharine Maynadier Daland": "Q109911379", "Astri Frisak": "Q61733312", "Mary McDermott Beirne": "Q70928909", "Anna Clausen": "Q115477561", "Olive Mellor": "Q38324636", "Mary Mallet Prevost Allinson": "Q124340669", "Hildegarda Winter": "Q106878126", "Minnie May Johnson": "Q21517078", "Mrs. E. M. Chater Jack": "Q128966886", "Ruth Bransford Manton": "Q73946669", "Bina Elizabeth Martin": "Q111653739", "Katherine Lamberton Clint": "Q21508762", "May A. Moir": "Q108802926", "Louise Riotte": "Q59533201", "Margaret Elizabeth Dryden-Dymond": "Q106865193", "Erzs\u00e9bet Keszy-Harmath": "Q12347215", "Sheila Clifford Thompson": "Q112642321", "Rene Orchiston": "Q118752544", "Valerie Swane": "Q98135716", "Joan L. Levy": "Q113561693", "Joan Munday": "Q21511777", "Jean M. Winterbottom": "Q95880843", "Jo Ellen O'Hara": "Q5931324", "Izabella Kir\u00e1ly B.": "Q51880762", "Krystyna Bojarczuk": "Q110156369", "Sue Minter": "Q106430561", "Magdolna T\u00f3th": "Q25468115", "Christine M. Burton": "Q5767601", "Rachel Saunders": "Q92798128", "Keiko Yoshiya": "Q11414318", "Mioko Takahashi": "Q11671528", "Sandra Margaret Burrows": "Q21506708", "Ma\u0142gorzata Frazik-Adamczyk": "Q110157993", "Claire Laberge": "Q108954219", "Renata Nurzy\u0144ska-Wierdak": "Q122649535", "Inger Olausson": "Q98456158", "Kim E. Hummer": "Q26714379", "Elsie Katherine Dykes": "Q53500242", "Ewa Osi\u0144ska": "Q64494279", "Elizabeth Noble Nesmith": "Q73961888", "Hanna Dorna": "Q80377377", "Aneta Hromada-Judycka": "Q80501575", "Barbara \u0141ata": "Q81458558", "Katarzyna Dere\u0144": "Q83708039", "Ewa Moliszewska": "Q85683788", "Anna Ko\u0142ton": "Q86387640", "Anita Biesiada": "Q86548207", "Maria Grzegorzewska": "Q86930893", "Katarzyna B\u0105czek": "Q87661276", "Kirsty Wilson": "Q90397107", "Jenny Kao-Kniffin": "Q92676001", "Lucia P\u00eervu": "Q93492258", "Ewelina Pi\u00f3ro-Jabrucka": "Q94582259", "Agata J\u0119drzejuk": "Q94582264", "Rhoda Leslie McWhannell": "Q96093097", "Bo\u017cena Szewczyk-Taranek": "Q96211610", "Dorota E Kruczy\u0144ska": "Q100383101", "Nizio\u0142-\u0141ukaszewska Zofia": "Q102218043", "Agnieszka Krzymi\u0144ska": "Q103822698", "Connie L Fisk": "Q104497744", "Karen Cooper": "Q104639102", "Ursula Baensch": "Q107006304", "Mrs Seymour": "Q107122360", "Cordelia Head": "Q107749995", "Karin van der Walt": "Q108765728", "Muriel Ethelwyn Fisher": "Q109591297", "Peggy Cornett": "Q111846229", "Ewa Urbanczyk-Wochniak": "Q114294754", "Paula Cullmann": "Q115663464", "Marion Brenda MacKay": "Q115760687", "Emma Sibley": "Q115848155", "Elizabeth Hess": "Q116209351", "Jolanta Kobry\u0144": "Q117855495", "Julie A. Plummer": "Q120972226", "Kate L. Matthews": "Q121735187", "Sally Pettit": "Q121737242", "Christine H. E. Stark": "Q122890652", "Barbara Wojtas-Kozie\u0142": "Q123113414", "Eloise Beach": "Q123255809", "Noelia \u00c1lvarez de Rom\u00e1n": "Q125251691", "Rosemary Steele": "Q125289690", "Modupe Olafusi": "Q129189090"}