{"Isabel Coursier": "Q16187800", "Marie Mark\u00e9ta Podstatzk\u00e1-Lichten\u0161tejn": "Q104159386", "Zizi du Manoir": "Q116863767", "Pia Grengman": "Q72421899", "Marianne Sul\u00e9n": "Q11880913", "Heather Ginzel": "Q124810750", "Kari Fjellhammer": "Q108179505", "Michaela Hildebrandt": "Q105438496", "Nina Johansen": "Q105624110", "Katri-Helena Luomajoki": "Q50500225", "Taina Kiljunen": "Q62019695", "Sigrid Lise Non\u00e5s": "Q115775339", "Rose Matilainen": "Q105315069", "Marianne Dahlstr\u00f8m": "Q106032950", "Tiina Pihala": "Q62019763", "Katja Moesgaard": "Q55748802", "Hanna Karelius": "Q107425296", "Anna-Liisa P\u00e4lvil\u00e4": "Q11851538", "Anja Greb": "Q551093", "Kirsi Hirvonen": "Q109373250", "Kim Ngoc Lam": "Q3815309", "Irina Votintseva": "Q116002935", "Heli Romu": "Q61989440", "Inger-Lise Fagernes": "Q108990528", "Ulla Saarikko": "Q62019418", "Katri Niemel\u00e4": "Q62019849", "Sanna Sainio": "Q61991260", "L\u00e6titia Philippon": "Q3269970", "Violetta Simanova": "Q116307496", "Miia Kataja": "Q109228309", "Christine Duchamp": "Q1083496", "Jonna Norppa-Rahkola": "Q23040187", "Birgitte Lersbryggen": "Q4961814", "Aina H\u00f8ve": "Q92187978", "Natascha Schaffrik-Hindelang": "Q28733218", "Nadine Pfreunschuh": "Q30225308", "Hege Ask": "Q99321787", "Anu Saarni": "Q125490779", "Mari \u00d6string": "Q62019200", "Merita Bruun": "Q20249375", "Johanna Pelkonen": "Q61983661", "Sandra Westrich": "Q105626977", "Kirsi Koponen": "Q61995908", "Maria Sebald": "Q1896313", "Sandra Rumswinkel": "Q28497294", "Anna Aaltomaa": "Q61995729", "Vilja Lipsonen": "Q20249478", "Katja Orenius": "Q61995903", "Valeria Molin Pradel": "Q4007800", "Eini Lehtinen": "Q11857070", "Kira Misikowetz": "Q26220821", "Ingvild \u00d8versveen": "Q102121693", "Suvi Sepp\u00e4l\u00e4": "Q62019341", "Henna-Maija Turunen": "Q61990342", "Heidi Wiik": "Q20249630", "Larisa Teplygina": "Q12160621", "Amalia Koleva": "Q25477590", "Johanna Koivula": "Q61990200", "Gunn Mari Johansen": "Q17097930", "Kaire Leet": "Q111448991", "Cathy Chartrand": "Q28739909", "Piia Per\u00e4l\u00e4": "Q61995958", "Anna Saari": "Q16990261", "Jenni Pitk\u00e4nen": "Q16989855", "Alessandra De David": "Q23034911", "Jeanette Amvik Rolland": "Q17106887", "Riitta Sch\u00e4ublin": "Q61597073", "Line Kuv\u00e5s": "Q108266047", "Monika Pink": "Q26268077", "Marthe \u00d8steraas": "Q11988496", "Nina Hemmes": "Q19297321", "Suvi Vacker": "Q66317216", "\u00c9lie Marcos": "Q3587753", "Marie-Andr\u00e9e Joncas": "Q3291466", "Huriye Yeliz Y\u00fcksel": "Q16212841", "Lee Kyou-sun": "Q31175336", "Vanessa Davidson": "Q3554518", "Trine Martens": "Q17103853", "Anna-Kaisa Lemberg": "Q105314194", "Esther V\u00e4\u00e4r\u00e4l\u00e4": "Q26904543", "Jenny Lavigne": "Q693372", "Ashley Riggs": "Q4805568", "Anna Julin": "Q61989191", "Federica Zandegiacomo": "Q105725294", "Alexandra Palm": "Q19976433", "Shauna Denis": "Q3481585", "Chantal Schneidereit": "Q1062412", "Helene Martinsen": "Q99479372", "Christine Smestad": "Q108196189", "Katja J\u00e4ppinen": "Q11870370", "Elif Ula\u015f": "Q3722965", "Carly Hill": "Q2939536", "Vilma Tarvainen": "Q62005631", "Mirjam Gruber": "Q56289631", "Line Bialik \u00d8ien": "Q108195819", "Merja Halmetoja": "Q11882157", "Katariina Soikkanen": "Q61989541", "Ingvild Farstad": "Q90912473", "Alyona Fux": "Q19916831", "Morgan Beikirch": "Q30141066", "St\u00e9phanie Denino": "Q3502172", "Rebecca Martindale": "Q3421715", "Olena Tkachuk": "Q30957946", "Emmanuelle Blais": "Q3052939", "Haruka Takashima": "Q11669838", "Christine Posa": "Q61989928", "Rikke Fuglseth Tautra": "Q92407917", "Chelsea Furlani": "Q16539480", "\u00c7a\u011fla Bakt\u0131ro\u011flu": "Q23007507", "Eri Kiribuchi": "Q11537249", "Amber Moore": "Q124473925", "Eva Beiter": "Q29524906", "Cassea Schols": "Q124414204", "Olivia Jakiel": "Q126391883", "Jorid Dagfinrud \u00d8iestad": "Q12715902", "Sabrina DiCasmirro": "Q110634092", "Raylen Dziengelewski": "Q3420603", "Diana Stolar": "Q12629793", "Lisa Mullan": "Q126736326", "Danielle Ward": "Q124473778", "Henriette Sletbak": "Q97195834", "Eleonora Dalpr\u00e0": "Q64802363", "Olivia Rork": "Q126690016", "Jin Ok": "Q55318327", "Camilla Bakkene": "Q97195378", "Refika Y\u0131lmaz": "Q23664878", "Pia Lund": "Q62020379", "Nadja Mati\u0107": "Q16112425", "Taylor Holze": "Q124474262", "Theresa Hornich": "Q19315685", "Virginia Ernst": "Q18029225", "Svenja-Daniela K\u00fcsters": "Q123483122", "Ida \u00c5nnestad": "Q11976787", "Kaycie Anderson": "Q104518767", "Nachi Fujimoto": "Q117634409", "Roxanne Douville": "Q3445690", "Tiina Saarim\u00e4ki": "Q62005259", "Yekaterina Anisimova": "Q15820939", "Tina Scott": "Q92165614", "Ahn Kun-young": "Q16084626", "Robyn Maby": "Q16226306", "Choe Jong-hui": "Q54628393", "Hanna Lindqvist": "Q19976948", "Kayla Parsons": "Q30141026", "Karoliina M\u00e4enp\u00e4nen": "Q16988889", "Kong Minghui": "Q125352078", "Olivia Mason": "Q124526565", "Kim Un-jong": "Q55318464", "Nozomi Kiribuchi": "Q127582195", "Silje Hol\u00f8s": "Q12000465", "Carola Saletta": "Q3660522", "Shenae Lundberg": "Q124474232", "Ingrid Morset": "Q92172465", "Sari W\u00e4\u00e4n\u00e4nen": "Q51643920", "Beth Hanrahan": "Q21066773", "Valentina Ricca": "Q30034693", "Cindy Joray": "Q124157185", "Shelby Bram": "Q22003445", "Morgan Fritz-Ward": "Q28124109", "Martine Henriksen": "Q97196162", "Sarah Hutchinson": "Q16229095", "Alexandra R\u00f3nai": "Q111889941", "Beatrix Larger": "Q28877407", "Tanja Larger": "Q28877417", "Choe Un-gyong": "Q55318466", "Kaitlyn McGregor": "Q2086592", "Anna Borgfeldt": "Q109943845", "Wen Lu": "Q125352079", "Johanna Lagus": "Q106907564", "Margot M\u00f6llersten": "Q109932464", "Christa Alanko": "Q22916738", "\u0160t\u011bp\u00e1nka Eibinov\u00e1": "Q126367528", "Samantha Gius": "Q123191880", "Kaitlyn Tougas": "Q62261577", "Katie McGovern": "Q101068210", "Lena Schuster": "Q112062737", "Jazmine Miley": "Q114009967", "Maria Omberg": "Q56088234", "Venla Kotkaslahti": "Q11900892", "Sarah Schwenzfeier": "Q104532245", "Eleonora Bonafini": "Q106237579", "Toini Veronica Nilsen": "Q92411591", "Victoria L\u00f8vdal": "Q12009658", "Marlene G\u00fcnther": "Q90661388", "Ida Due-S\u00f8rensen": "Q92409804", "Theresa Wagner": "Q117835034", "Daniela Klotz": "Q28946895", "Mia Campo Bagatin": "Q30076223", "Ri Pom": "Q54630325", "Ashleigh Brykaliuk": "Q124371464", "Alexandra Husz\u00e1k": "Q1056586", "Jasmin Hulanm\u00e4ki": "Q51644540", "Tatyana Shchukina": "Q51668206", "Burcu Turanal": "Q16225459", "Nicky Tjin-A-Ton": "Q126395090", "Anni Rantanen": "Q62006098", "Tiziana Cipriani Gadient": "Q23661747", "Lisa Hemmerle": "Q125352069", "Liu Siyang": "Q125352080", "R\u00e9ka P\u00e1rtos": "Q111889816", "Natalya Kovalyova": "Q15068886", "Sarah Bujold": "Q124220439", "Alexandra Labelle": "Q124220403", "Enik\u0151 T\u00f3th": "Q110659068", "Maddie Rolfes": "Q124419989", "Linnea Holterud Olsson": "Q108183777", "Lynn Astrup": "Q104626394", "Helen Puputti": "Q122810536", "Nathalie Ferno": "Q19976703", "Brigitte Lagani\u00e8re": "Q124220414", "Amanda Helg\u00f6stam": "Q28025549", "Linn Aakre": "Q92168980", "Jonna Yli-M\u00e4enp\u00e4\u00e4": "Q51643550", "Lisa Jaitner": "Q84427600", "Hanna Elliscasis": "Q19984712", "Jess Healey": "Q124220399", "Lili Pint\u00e9r": "Q111575961", "Natalie Perry": "Q100712232", "Hwang Sol-gyong": "Q55318329", "Catherine Crawley": "Q124371554", "Olivia Zafuto": "Q124220445", "Chlo\u00e8 Rossi": "Q84427000", "Mikaela Gardner": "Q124420021", "Justine Reyes": "Q124378722", "Kayla Vespa": "Q124220406", "Annika Fazokas": "Q95947369", "Allie Munroe": "Q124220411", "Kati Tabin": "Q122759176", "Christine Deaudelin": "Q124377617", "Nelli Salom\u00e4ki": "Q51645126", "Agnes \u00c5ker": "Q110664676", "Emilie Ilseng Kristiansen": "Q108254622", "Chisato Miyazaki": "Q116995652", "Bet\u00fcl Taygar": "Q16225373", "Femke Bosmans": "Q115841269", "Tricia Deguire": "Q124378111", "Mathea Fischer": "Q92174542", "Anniina Kaitala": "Q125461605", "Sofie Fjellvang": "Q92164459", "Emma Keenan": "Q124220418", "Julie \u00d8iseth": "Q94979987", "Franziska Stocker": "Q26206161", "Elen Alipova": "Q109491762", "Elizabet Alipova": "Q109491789", "Kennedy Ganser": "Q124372189", "Katelynn Russ": "Q104478351", "Sabrina Schlauer": "Q1737662", "Emma Mur\u00e9n": "Q110656829", "Gabrielle De Serres": "Q124378172", "Johanna Siira": "Q125460913", "Samantha Isbell": "Q124220437", "Taylor Davison": "Q124220440", "Deziray De Sousa": "Q124378465", "Brooke Madsen": "Q124371409", "Tara Schmitz": "Q125352071", "Hanna Pint\u00e9r": "Q111889825", "Nikki Nightengale": "Q124220455", "Karmena Lasis": "Q123484784", "Yuliya Smirnova": "Q118907091", "Patti Marshall": "Q124293295", "Abby Cook": "Q124220413", "Kelsey Soccio": "Q64995586", "Emma Schweiger": "Q101579690", "Moa Wernblom": "Q16616092", "Victoria Howran": "Q124220442", "Jenna Brenneman": "Q124372125", "Jenna Lehtiniemi": "Q124738357", "Kaity Howarth": "Q124378526", "Silje Nyheim Kvam": "Q24574631", "Kristina Shanahan": "Q124378636", "Maddie Rowe": "Q124372114", "Jennifer Pesendorfer": "Q95357397", "Linn\u00e9a Andersson": "Q110712879", "Malia Schneider": "Q124220423", "Anna Klein": "Q124371355", "Paula Bergstr\u00f6m": "Q110712965", "Franziska Feldmeier": "Q117771426", "Alexa Vasko": "Q124220410", "Jessica DiGirolamo": "Q122759781", "Rachael Ade": "Q124378752", "Hanna Olsen": "Q46025199", "Karoline Pedersen": "Q99486189", "Taylor Wente": "Q124378740", "Eugenia Pompanin": "Q83874279", "Marielle McHale": "Q127661693", "Laura Kraus": "Q95213983", "Carley Olivier": "Q124220415", "Emilie Harley": "Q124372166", "Hannah Bates": "Q124378654", "Brooke Hobson": "Q124220404", "Rebeka S\u00e1deck\u00e1": "Q116052287", "Emma Buckles": "Q124220398", "Alyssa Holmes": "Q124378452", "Gabrielle David": "Q124220401", "Olivia Ranum": "Q125352064", "Martina Marangoni": "Q84426983", "Emilie Kruse Johansen": "Q106632510", "Paetyn Levis": "Q124220446", "Maude Poulin-Labelle": "Q124220402", "Emilia Varpula": "Q125461908", "Kiia Nousiainen": "Q31086470", "Jessica Kondas": "Q124220420", "Maren Knudsen": "Q107612752", "Madison Bizal": "Q124220444", "Alexandra Lehmann": "Q125352056", "Anita Muraro": "Q24731246", "Claire Dalton": "Q124220400", "Noora Myll\u00e4ri": "Q125461762", "Lucia Schmitz": "Q125352070", "Johanna May": "Q124157200", "Genevieve Knowles": "Q55318326", "Nadia Mattivi": "Q54478256", "Mikayla Demaiter": "Q113107478", "Savannah Norcross": "Q124220456", "Ingrid Holstad Berge": "Q106623560", "Rosalie Demers": "Q124220431", "Laura Jardin": "Q124378482", "Milena Tretyak": "Q111443611", "Mariah Keopple": "Q124220454", "Mara Da Rech": "Q123193461", "Leah Marino": "Q124372304", "Linnea Melotindos": "Q26922051", "Diana Farkhutdinova": "Q110703378", "Zoe Boyd": "Q124220409", "Laura Egger": "Q101242936", "Wei Xueqin": "Q125352081", "Maren Fr\u00f8haug": "Q106088127", "Maggie Connors": "Q124220412", "Mabel Marie Endrerud": "Q108170296", "Kristin Della Rovere": "Q124220407", "Jill Lara Rutzen": "Q116752828", "Sara Belli": "Q84426068", "Sena Takenaka": "Q55942377", "Thea J\u00f8rgensen": "Q106638690", "Nikola D\u00fdckov\u00e1": "Q108800409", "Mia Christine Isdahl": "Q108240527", "Lee Eun-ji": "Q81904784", "Ronja Mogren": "Q124372252", "Frida Axell": "Q104590859", "Danielle Hartje": "Q108333778", "Karen L\u00f8n\u00f8 Forgaard": "Q108179718", "Emilie Olsen": "Q108133210", "Nathalie Lidman": "Q124157192", "Nora Christophersen": "Q105703259", "Martina Exnerov\u00e1": "Q126367554", "Saskia Serbest": "Q100871218", "Marthe Pabsdorff Brunvold": "Q102489313", "Stine Myreng Kjellesvik": "Q106903063", "Rachel Teslak": "Q123464473", "Alberte Schlie": "Q106369683", "Jule Schiefer": "Q111903261", "Hedda H\u00e5varstein": "Q106631855", "Ag\u00e1ta Sarnovsk\u00e1": "Q113627880", "Kl\u00e1ra Jandu\u0161\u00edkov\u00e1": "Q124157183", "Sarah Thompson": "Q127661924", "Anna Caumo": "Q105988495", "Lilla Faggyas": "Q124157196", "Annie Sil\u00e9n": "Q124157190", "Silja Rasmussen": "Q125352067", "Nicole Gosling": "Q125338181", "Luisa Welcke": "Q113652957", "Lilli Welcke": "Q113653042", "Chihiro Suzuki": "Q124157186", "Petra Szamosfalvi": "Q111902016", "Kiku Kobayashi": "Q124157187", "Marin Nagaoka": "Q125352072", "Du Sijia": "Q125352082", "Emma Forsgren": "Q125352074", "Heidi Strompf": "Q116199664", "Emma Aller Mathiesen": "Q106369912", "Yumeka Wajima": "Q124157189", "Thea Johansson": "Q125352076", "Aurora Abatangelo": "Q110623960", "Zs\u00f3fia P\u00e1zm\u00e1ndi": "Q124157198", "Lotte Pedersen": "Q99486132", "Anna Kalov\u00e1": "Q125352052", "Dorothy Benson": "Q124285059", "Ida Boman": "Q110649951", "M\u00edra Sereg\u00e9ly": "Q111901884", "Lara Strobl": "Q124157195", "Romana Halu\u0161kov\u00e1": "Q117383728", "Nikola Zimkov\u00e1": "Q117358034", "Simone Bedn\u00e1rik": "Q116254108", "Valentina Ropatsch": "Q118712748", "Ronja Hark": "Q124157201", "Nina Christof": "Q111902177", "Oona Koukkula": "Q124821479", "Sarah Jasmin Scholl": "Q123483209", "Wilma Sundin": "Q125352077", "Hinata Lack": "Q116984836", "Lisa Schr\u00f6fl": "Q81906832", "Sanne Claessens": "Q81902344", "Carlotta Regine": "Q81906420", "Caroline Bjergstad": "Q125352059", "Qu Yue": "Q125352084", "Julia Kohberg": "Q81904410", "Yana Krasheninina": "Q81904553", "Kang Si-hyun": "Q81904072", "Ludmilla Bourcet": "Q81902012", "Ane\u017eka Hra\u010dov\u00e1": "Q81903708", "Anna Andersson": "Q82049153", "Celine Mayer": "Q81905315", "Aya Juhl Petersen": "Q81906141", "Barbora Bart\u00e1kov\u00e1": "Q81901315", "Mirren Foy": "Q81902953", "Iris Van Houten": "Q81907837", "Daria Petrova": "Q81906155", "Nausik\u00e4\u00e4 Clement": "Q81902349", "Fruzsina Szab\u00f3": "Q81907420", "Nadia Sancha": "Q81906679", "Adriana Dubov\u00e1": "Q81902703", "Silje Gundersen": "Q97190886", "Sandra Schmidt": "Q81906817", "Nadia H\u00e4ner": "Q81903429", "Emma Bianka \u017div\u010d\u00e1kov\u00e1": "Q81908381", "Louana Bigler": "Q81901927", "Emilia Kyrkk\u00f6": "Q81904684", "Valerie Christmann": "Q81902329", "Yuliya Volkova": "Q81907963", "Beatrice Hj\u00e4lm": "Q81903616", "Andrea Trnkov\u00e1": "Q81907664", "Elisa Innocenti": "Q81903805", "Xinrui Nie": "Q81905795", "Sidre \u00d6zer": "Q81905990", "Dorottya Gengeliczky": "Q81903082", "Lucie Gruntov\u00e1": "Q81903285", "J\u00falia T\u00e9rmens Sancho": "Q81907511", "Matea Marinkovi\u0107": "Q124649710", "Lisa Poletti": "Q81906232", "Olivia Klaar": "Q81904335", "Daria Gredzen": "Q110707115", "Nicole Hall": "Q81903402", "Ella J\u00e4ms\u00e9n": "Q81903898", "Linn\u00e9a Pettersson Dove": "Q81906156", "Minami Kamada": "Q81904050", "Katherine Bell": "Q124285630", "Himari Suzuki": "Q81907381", "Pandora N\u00e5tby": "Q81905704", "Nina Hud\u00e1kov\u00e1": "Q81903741", "Tindra Oknefjell": "Q81905910", "Beatrice Storesund": "Q81907289", "Kyoka Tsutsumi": "Q81907704", "Barbora Kapi\u010d\u00e1kov\u00e1": "Q81904095", "Hina Shimomukai": "Q81906971", "Krist\u00edna Slov\u00e1kov\u00e1": "Q81907115", "Lola Liang": "Q81904900", "Hana Fan\u010dovi\u010dov\u00e1": "Q81902818", "Siria Dore": "Q81902693", "Sofie Van Dueren": "Q81907835", "Karolina Hengelm\u00fcller": "Q81903538", "Rio Noro": "Q81905839", "Riri Noro": "Q81905843", "Lina Meijer": "Q81905362", "Tian Yuwei": "Q125352085", "Alina Ichayeva": "Q81903774", "Amy Robery": "Q81906515", "Anna-Kaisa Antti-Roiko": "Q117466370", "Kristina Chernova": "Q81902278", "Marja Asako Linzbichler": "Q81904950", "Alicja Sowa": "Q81907173", "Ebony Brunt": "Q81902074", "Nora Pollestad": "Q81906236", "Ruka Kiyokawa": "Q81904330", "Nina Harju": "Q81903451", "Chiara Kehl": "Q81904202", "Anna Ji\u0159ina Pavlasov\u00e1": "Q81906077", "Ida Karlsson": "Q81904108", "An Shinoda": "Q81906981", "Chun Lin Huang": "Q81903731", "Kimberly Collard": "Q81902358", "Leonie B\u00f6ttcher": "Q81902011", "En Ni Chang": "Q81902227", "Daniella Emilie Lauritzen Pizarro": "Q81904764", "Luca Marton": "Q81905251", "Alicja Mota": "Q81905563", "Yekaterina Davletshina": "Q81902532", "Sara Knudsen": "Q125352065", "Mark\u00e9ta Mazancov\u00e1": "Q81905317", "Anna Kot": "Q81904503", "Angelina Hurschler": "Q81903750", "Oona Havana": "Q117428498", "Linnea Adelbertsson": "Q81901012", "Sonia David": "Q81902524", "Vanessa Schmid": "Q81906811", "Anita Origlio": "Q81905963", "Siiri Yrj\u00f6l\u00e4": "Q125269937", "Klara Kentt\u00e4l\u00e4": "Q81904214", "Barbora Hrom\u00e1dkov\u00e1": "Q81903723", "Alice Wallin": "Q81908015", "Lily Teister": "Q81907507", "Karol\u00edna Veverkov\u00e1": "Q81907923", "Tallulah Bryant": "Q81902078", "Chanel Hofverberg": "Q81903651", "Yoo Seo-young": "Q81908236", "Yuna Kusama": "Q81904672", "Felicity Luby": "Q81905046", "Nubya Aeschlimann": "Q81901017", "Annie Sommer": "Q81907163", "Julia Perjus": "Q81906125", "Renee Lendi": "Q81904856", "Nikola Janekov\u00e1": "Q81903910", "Mila Lutteral": "Q81905075", "Jade Surdez": "Q81907366", "Ebba Svensson Tr\u00e4ff": "Q81907404", "Emma Hofbauer": "Q81903637", "Isabel Walberg": "Q81907998", "Xinyue Zhang": "Q81908345", "Simona Mackov\u00e1": "Q81905116", "Olivia Last": "Q122842232", "Frida Simonsen": "Q81907038", "Tereza Ma\u0161kov\u00e1": "Q81905261", "Lenni Koschuh": "Q81904486", "Nikki Sharp": "Q81906934", "Pusle Dyring-Andersen": "Q81902735", "Shin Seo-yoon": "Q81906978", "Nagomi Murakami": "Q81905614", "Bianka Bog\u00e1ti": "Q124157194", "Harua Umemori": "Q81907780", "M\u00e1ria Nem\u010dekov\u00e1": "Q81905755", "Eli\u0161ka Hotov\u00e1": "Q81903695", "Nat\u00e1lie Brichov\u00e1": "Q81902033", "Riko Matsumoto": "Q81905300", "Agata Muraro": "Q81905625", "Frederikke Foss": "Q125352061", "Meihe Wang": "Q81908035", "Yuzuyu Fujii": "Q81902992", "Polina Lubenets": "Q81905042", "Yumeka Chujo": "Q81902331", "Sarah Stauning": "Q125352066", "Tereza Belkov\u00e1": "Q81901817", "Maya St\u00f6ber": "Q81907267", "Sofia Thierolf": "Q81907531", "Vanessa Schaefer": "Q125352055", "Frida Kielstrup": "Q125352062", "Lily Stern": "Q81907241", "Annic B\u00fcchi": "Q81902092", "Valeria Ansoleaga": "Q81901127", "Nao Fukuda": "Q81902995", "Reina Sato": "Q81906724", "Courtney Mahoney": "Q81905154", "Jana Peter": "Q81906138", "Leni Schmidt": "Q81906813", "Eva Aizpurua": "Q81901024", "Elena Gaberell": "Q81903010", "Katya Blong": "Q81901957", "Je\u013cizaveta Stad\u0146ika": "Q81907184", "Sena Hasegawa": "Q81903475", "Zoe M\u00e4chler": "Q81905101", "Shuqi Zhang": "Q81908339", "Roos Karst": "Q81904117", "Valentina Vrhoci": "Q81907978", "Lea Giertlov\u00e1": "Q81903111", "Kim B\u00fcrge": "Q81902114", "Kaaya Komoto": "Q81904433", "Laura Medvi\u010fov\u00e1": "Q81905356", "Tereza Pi\u0161t\u011bkov\u00e1": "Q81906184", "Molly Lukowiak": "Q81905060", "Anke Steeno": "Q81907210", "Barbora Daleck\u00e1": "Q81902476", "Nina J\u00f6rg": "Q101575910", "Margaux Favre": "Q81902850", "Komomo Ito": "Q81903851", "Ad\u00e9la Wojnarov\u00e1": "Q81908118", "Melanie Hern\u00e1ndez": "Q81903566", "Emilia Munteanu": "Q81905612", "Masaki Tanabe": "Q81907473", "Chiara Schultes": "Q81906840", "Mira Jung\u00e5ker": "Q123273676", "Lea Glos\u00edkov\u00e1": "Q81903148", "Yang Jinglei": "Q125352086", "Maria Runevska": "Q81906588", "Saskia Rohregger": "Q81906539", "Zuzana Dobia\u0161ov\u00e1": "Q81902636", "Zsuzsa R\u00e9v\u00e9sz": "Q124157199", "Abby Rowbotham": "Q81906578", "Lilianne Gottfried": "Q81903192", "Ilary Larese De Pasqua": "Q81904740", "Laura Jancs\u00f3ov\u00e1": "Q81903907", "Renee Heyer": "Q81903580", "Julia Schalin": "Q105721738", "Alessia B\u00e4chler": "Q81901231", "Ivana L\u00e1tkov\u00e1": "Q81904753", "Emma Donovalov\u00e1": "Q81902690", "Aneta D\u00fdckov\u00e1": "Q81902732", "D\u00f3ra V\u00e9ghelyi": "Q81907880", "Arwen Nylaander": "Q81905867", "Zuzana Trnkov\u00e1": "Q81907669", "Michaela Hesov\u00e1": "Q81903572", "Magdalena Luggin": "Q81905054", "Vikt\u00f3ria Ku\u010derov\u00e1": "Q81904604", "Ximena Gonz\u00e1lez": "Q81903180", "Alizee Aymon": "Q81901213", "Wei Ting Kao": "Q81904084", "Anna Van\u00ed\u010dkov\u00e1": "Q81907852", "Delfina Fattore": "Q81902846", "Charlott Schaffrath": "Q81906773", "Ivana Wey": "Q125352057", "Wang Jiaxin": "Q125352087", "Kohane Sato": "Q124157188", "Zhan Jiahui": "Q125352088", "Mira Hallin": "Q125352075", "Alena Rossel": "Q124157184", "Aneta \u0160enkov\u00e1": "Q124289391", "Tereza Plosov\u00e1": "Q123753055", "Ane\u017eka \u010cabelov\u00e1": "Q125352053", "Anna Rose": "Q117360098", "Ebba Hedqvist": "Q124157191", "Caroline Thomsen": "Q125352060", "Naemi Herzig": "Q125352058", "Haruka Kuromaru": "Q125352073", "Meng Fancong": "Q125352089", "Zhao Ziyu": "Q125352090", "Wu Sijia": "Q125352091", "Hannah Loist": "Q125352068", "Wang Yifan": "Q125352092", "L\u00e6rke S\u00f8ndergaard": "Q125352063", "Zuzana Tome\u010dkov\u00e1": "Q117449368", "Olivia Tannous": "Q127417023", "Jil Baker": "Q124377500", "Olivia Bregndahl Olesen": "Q127417009", "Olivia Colacci": "Q127417089", "Olivia Nedved": "Q127417139", "Olivia Gargano": "Q127417037", "Donna Ringrose": "Q3036770", "Tatum White": "Q123127732", "Heidi Knoll": "Q123127750", "Megan Quinn": "Q123855296", "Brooke McQuigge": "Q126496189", "Dara Greig": "Q126496191", "Emmy Fecteau": "Q126496192", "Jennifer Gardiner": "Q126496194", "Kayle Osborne": "Q126496196", "Mae Batherson": "Q126496198", "Megan Carter": "Q126496200", "Raygan Kirk": "Q126496202", "Stephanie Markowski": "Q126496204", "Allyson Simpson": "Q126496206", "Anna Wilgren": "Q126496208", "Anneke Linser": "Q126496210", "Dominique Petrie": "Q126496211", "Gabby Rosenthal": "Q126496213", "Hadley Hartmetz": "Q126496215", "Katy Knoll": "Q126496217", "Lauren Bernard": "Q126496220", "Madeline Wethington": "Q126496222", "Mannon McMahon": "Q126496224", "Shay Maloney": "Q126496226", "Sydney Bard": "Q126496228", "Keeta Koalska": "Q127661528", "Jessica Frump": "Q127661530", "Alison Lee": "Q127661531", "Kelly Dimmen": "Q127661534", "Nicole Feltes": "Q127661536", "Gabrielle Beaudry": "Q127661538", "Katelyn Bero": "Q127661539", "Lucy Schoedel": "Q127661541", "Julie Rising": "Q127661543", "Linnea Chruscielski": "Q127661563", "Kelsey Welch": "Q127661565", "Jessica Sorensen": "Q127661566", "Christina LaCombe": "Q127661567", "Sam Press": "Q127661569", "Sadie St. Germain": "Q127661572", "Caitlin Roach": "Q127661574", "Cara Johnson": "Q127661576", "Kallie Billadeau": "Q127661579", "Brittney Krebs": "Q127661596", "Casey Hirsch": "Q127661597", "Allie LaCombe": "Q127661599", "Kaillie Goodnough": "Q127661600", "Nicole Ferrara": "Q127661604", "Emily Auerbacher": "Q127661605", "Marianne Thomaris": "Q127661607", "Julie Bengis": "Q127661609", "Melissa Piacentini": "Q127661612", "Nicole Renault": "Q127661629", "Erin Brand": "Q127661631", "Eleanor Haines": "Q127661633", "Elizabeth Scala": "Q127661634", "Amanda Cariddi": "Q127661636", "Morgan Blank": "Q127661639", "Heather Schwarz": "Q127661640", "Kaylee Druk": "Q127661642", "Dakota Derrer": "Q127661645", "Maddi Welch": "Q127661657", "Sarah Stuehr": "Q127661658", "Brooke Avery": "Q127661661", "Allie Olnowich": "Q127661662", "Logan Hicks": "Q127661665", "Ady Cohen": "Q127661667", "Taylor Curtis": "Q127661668", "Ronnie Callahan": "Q127661670", "Emma Polaski": "Q127661672", "Abbey Miller": "Q127661692", "Abigail Schauer": "Q127661695", "Hannah Johnson": "Q127661696", "Rayla Clemons": "Q127661699", "Arielle DeSmet": "Q127661700", "Erin Brousseau": "Q127661702", "Sydnee Wilson": "Q127661703", "Gabby Dougherty": "Q127661705", "Bella Gould": "Q127661727", "Darci Johal": "Q127661729", "Alexandria Weiss": "Q127661731", "Allie Kelley": "Q127661732", "Haley Uliasz": "Q127661736", "Kailey Langefels": "Q127661738", "Kate Holmes": "Q127661740", "Cheyenne Bojeski": "Q127661742", "Nikki Leone": "Q127661745", "Rachel Tilford": "Q127661773", "Rebecca Gordon": "Q127661777", "Janelle Malcolm": "Q127661779", "Kylie Klassen": "Q127661781", "Megan Skelly": "Q127661784", "Taylor Metcalfe": "Q127661786", "Stephanie Jones": "Q127661788", "Talia Menard": "Q127661790", "Erin Burns": "Q127661792", "Brittaney Maschmeyer": "Q127661806", "Isabel Menard": "Q127661809", "Holly Carrie-Mattimoe": "Q127661810", "Ashley Cockell": "Q127661813", "Margot Scharfe": "Q127661815", "Jenesica Drinkwater": "Q127661816", "Julie Knerr": "Q127661819", "Danielle Leslie": "Q127661821", "Larissa Martyniuk": "Q127661823", "Jessica Sibley": "Q127661840", "Laurence Porlier": "Q127661843", "Jenn Gilligan": "Q127661844", "Emily Costales": "Q127661846", "Stephanie Grossi": "Q127661848", "Alysha Burriss": "Q127661850", "Karleigh Scully": "Q127661853", "Kelli Rowswell": "Q127661856", "Savannah Rennie": "Q127661857", "Kristen Siermachesky": "Q127661879", "Victoria Klimek": "Q127661880", "Anonda Hoppner": "Q127661883", "Allison Small": "Q127661885", "Abby Moloughney": "Q127661887", "Shelby Calof": "Q127661888", "Lauren Bellefontaine": "Q127661889", "Madison Beishuizen": "Q127661891", "Brynn Koocher": "Q127661893", "Anna Leschyshyn": "Q127661917", "Kayla Munro": "Q127661919", "Kambel Beacom": "Q127661920", "Amelia Van Vliet": "Q127661923", "Madison Primeau": "Q127661927", "Terryn Mozes": "Q127661928", "Sarah Marchand": "Q127661931", "Ariella Merlino": "Q127661934", "Rh\u00e9a Hicks": "Q127661955", "Maya D'Arcy": "Q127661957", "Mik Todd": "Q127661958", "Charlotte Hallett": "Q127661961", "Haley Trudeau": "Q127661963", "Jocelyn Fiala": "Q127661965", "Nea Tervonen": "Q127661967", "Amanda B\u00e4ckebo": "Q127661969"}