{"Charlotte Hug": "Q1067216", "Lea Bach": "Q21081294", "Miyako Ichiume": "Q55530673", "\u30e0\u30f3\u30fb\u30b8\u30a7\u30b9\u30af": "Q55729811", "Delia Gonzalez": "Q56473787", "Alex Snowden": "Q58808110", "Heidi Bruggmann": "Q1270271", "Margrit Rieben": "Q1436541", "Ingeborg Poffet": "Q1572833", "Norda Mullen": "Q1997498", "Marie Roemaet-Rosanoff": "Q4402827", "Dnash": "Q5285840", "Ana\u00ed Rosa": "Q9613357", "Aurino Ferreira": "Q9638255", "Mar\u00edlia Batista": "Q10327087", "Mieko Miyazaki": "Q11279281", "Yin Yan": "Q11547101", "\u0633\u062d\u0631 \u0646\u0648\u062d": "Q12215544", "\u0645\u0647\u0627 \u0627\u0644\u062c\u0627\u0628\u0631\u064a": "Q12245922", "Renana Ne'eman": "Q16129250", "Antonia Adnet": "Q16336664", "Patrizia Draeger": "Q64989124", "Annette Kitagawa": "Q64989223", "Dee Ann": "Q64990363", "Susanne M\u00fcller": "Q64990706", "Katrin Marti": "Q64991201", "Iryna Kulshenko": "Q111022558", "\u041d\u0430\u0434\u0437\u0435\u044f \u0420\u043e\u0431\u0435\u0440\u0442\u0430\u045e\u043d\u0430 \u041a\u0430\u043b\u0430\u0447": "Q111476927", "Jadsa": "Q111660186", "Doreen Webster": "Q112423625", "\u0160ina": "Q112463421", "Pavla T\u00e1bo\u0159\u00edkov\u00e1": "Q112467168", "Laura Mvula": "Q112492585", "Lenka Tovarov\u00e1": "Q116132306", "Sherine Tohamy": "Q118732954", "Gulbahar Shakirova": "Q122226220", "Srividhya Chandramouli": "Q123456208", "Pia Srinivasan-Buonomo": "Q123456232", "Mari Merenda": "Q125566006", "Karola Nunes": "Q125920590", "Vera Capil\u00e9": "Q126210949", "Maria Antonietta Memeta Ambrosetti": "Q64859725", "Katharina Weber": "Q64859800", "Elena Szirmai": "Q64938516", "Christina Elisabeth Jaccard": "Q64939157", "Shirley Grimes": "Q64940553", "Gabriela Tanner": "Q64995065", "Manuela Keller": "Q64995487", "Katja Kaama Mair": "Q64995493", "Isa Wiss": "Q64995501", "Renata Friederich": "Q64995529", "Fanny Anderegg": "Q64995642", "Fabienne Amb\u00fchl": "Q65006882", "C\u00e9line Clenin": "Q65007051", "Martina Berther": "Q65007052", "Valeria Zangger": "Q65007053", "Sara Oswald": "Q65007424", "Rea Dubach": "Q65007520", "Isabelle Ritter": "Q65007843", "Sarah Brunner": "Q65012958", "Regina Kobe": "Q65013033", "Tania Zanetti": "Q65013121", "Elena Pressacco": "Q65015578", "Daniela Braun": "Q65015601", "Jasmin L\u00f6tscher": "Q65016036", "Eva Seliner": "Q65016139", "Julia Schwob": "Q65016168", "Flora Balmelli": "Q65028314", "Anna Mae": "Q65028404", "Esther Hauenstein": "Q65028477", "Rykka": "Q65028570", "Judith Wegmann": "Q65028588", "Jos\u00e9phine Maillefer": "Q65028622", "Patricia Meier": "Q65028648", "Sara Trauffer": "Q65028908", "Bianca Medici": "Q65029033", "Sonja Maria": "Q65029718", "Julia Steiner": "Q65030244", "Emilie Brisedou": "Q65032365", "Roswitha H\u00e4chler": "Q65032381", "Stefanie Kunckler": "Q65032386", "Maja Gutknecht": "Q65032441", "Maja B\u00f6sch": "Q65032498", "Alina  Amuri": "Q65032597", "Silja Grimm": "Q65035033", "Sonja Blumer": "Q65035039", "Jasmin Sutter": "Q65036890", "Stefanie Sutter": "Q65036892", "Alisha Reichmuth": "Q65036916", "Shanja Reichmuth": "Q65036917", "\u0633\u062a\u06cc \u0632\u0631\u06cc\u0646": "Q65299975", "Bogus\u0142awa Hubisz-Sielska": "Q69453866", "Ana Mazzotti": "Q72613725", "Patrycja Kamola": "Q84254985", "\u0645\u0646\u0635\u0648\u0631\u0647 \u0627\u062a\u0627\u0628\u06a9\u06cc": "Q85975246", "Fanny Christ": "Q95635041", "Tobie Miller": "Q96348141", "Elizabeth Rumsey": "Q96354573", "Ac\u00e1cia Brazil de Mello": "Q98134758", "Jos\u00e9phine Gazay": "Q98829584", "Liron Meshulam": "Q99679933", "Ida Correr": "Q102279632", "Paola Brancaleoni": "Q102287033", "Tokiko Negishi": "Q106479229", "Vanessa Moreno (cantora)": "Q106681714", "Tom Armony": "Q106692450", "Hearken": "Q109376457"}