{"Karen Hendrix": "Q15877337", "Erika Varga": "Q97203099", "Veronika Fabian": "Q102255660", "Hannah Levy Wallace": "Q124295875", "Louise Matz": "Q105550255", "Louisa Marion Atkinson": "Q65018350", "Rosabella Drummond": "Q109921662", "Rose Sears Kerr": "Q110373131", "Marie von Ortloff": "Q115971960", "Alice Sprengel": "Q102395216", "Amy Sandheim": "Q114053627", "Julia Munson Sherman": "Q21289337", "Mary Thew": "Q106367927", "Gertraud von Schnellenb\u00fchel": "Q106247547", "Charlotte Krause": "Q115964947", "May Mott-Smith": "Q50308676", "H\u00e9l\u00e8ne Brandt": "Q101600157", "Marie K\u0159iv\u00e1nkov\u00e1": "Q20852623", "Erna Wolter": "Q101534355", "Gertrude S. Twichell": "Q110656090", "Carry Wagner": "Q93379172", "Margot van Voorhies": "Q120932175", "Sarah Neuman-Elefant": "Q45831508", "Loyola Lawson Fourtane": "Q124680111", "Lea Halpern": "Q15877750", "Sah Oved": "Q110199562", "Thera Hofstede Crull": "Q20993601", "Nadine Effront": "Q105642489", "Cor Vos": "Q20993041", "Partini": "Q51320740", "Christa Ehrlich": "Q15943236", "Hildegard Risch": "Q111026019", "Clara Melissa Barnes": "Q122542704", "Paulina Jones Everitt": "Q122542614", "Caroline Gleick Rosene": "Q107213181", "Anneliese Grefe Walck": "Q23831314", "Florica Farcasu": "Q98851176", "Line Vautrin": "Q3241483", "Manette van Hamel": "Q61636880", "Ida Hudig": "Q97876779", "Zelda Bedell": "Q64836054", "Ruth Nivola": "Q113467571", "Winona Yellowtail Plenty Hoops": "Q114272550", "Mirjam Salminen": "Q123944179", "Carol Kramer": "Q96960695", "Georgette London Owens": "Q122938209", "Antoinette Riklin-Schelbert": "Q85101746", "Peggy Ackerly": "Q105262453", "Jarmila \u010ctver\u00e1kov\u00e1": "Q115317968", "Barbara Cartlidge": "Q98760852", "Ebbe Weiss-Weingart": "Q51180129", "Liuba Wolf": "Q47456209", "Mary Rose Hardwick-Smith": "Q66823381", "Lon Germans-Bouthoorn": "Q109615193", "Ellen Raacke": "Q121091959", "Emma Lane Elkins": "Q122542747", "Riet Neerincx": "Q15881306", "Claude Lalanne": "Q19803422", "Barbara Anton": "Q106289626", "Claude de Soria": "Q18214410", "Anne R. Dick": "Q108761820", "Margarida Schimmelpfennig": "Q127688672", "Gerda Fl\u00f6ckinger": "Q98761225", "Ferdi Jansen": "Q16736551", "Toby Elefant-Salamon": "Q45949624", "Kukas": "Q101184473", "Manaba Magomedova": "Q4274179", "Pirkko Stenros": "Q5408739", "Annie van Schaick": "Q107331806", "Jane Munch Wiberg": "Q113164816", "Paula H\u00e4iv\u00e4oja": "Q11886956", "Emmy van Leersum": "Q15874919", "Elisabeth Defner": "Q96955035", "Alice Edeling": "Q107380064", "Bianka Eshel Gershuni": "Q12404432", "Heather Dorrough": "Q108103546", "Marie Hassenpflug": "Q124060608", "Maria van Kesteren": "Q15879131", "Deborah Aguado": "Q110004336", "Ulrike Zehetbauer": "Q99499498", "Milvia Maglione": "Q107355548", "Minke Menalda": "Q104867574", "Babs Bannenberg": "Q105358970", "Nel Linssen": "Q15392327", "Parvine Curie": "Q3367076", "Ana Fernandes": "Q105815652", "Rachel Gera": "Q117196833", "Erika Leitner": "Q99508314", "Ailnh Gor": "Q6640043", "Margaret West": "Q98151113", "Renate Heintze": "Q28526287", "Libu\u0161e Hlubu\u010dkov\u00e1": "Q95178352", "Fanny Acquart Gensollen": "Q107354095", "Colette": "Q66777852", "Dorothea Pr\u00fchl": "Q16068691", "Waltrud Viehb\u00f6ck": "Q14912316", "Gillian Packard": "Q110665621", "Blanka Nepasick\u00e1": "Q99487460", "Gisela Seibert-Philippen": "Q94486706", "Dorothy Erickson": "Q108291994", "Cara Croninger": "Q114351905", "Monica Backstr\u00f6m": "Q4937214", "Eleonora Reytharov\u00e1": "Q95091523", "Helen Woodhull": "Q107579457", "Darina Horv\u00e1thov\u00e1": "Q112112774", "Jana Paroubek": "Q29577940", "Margot Rolf": "Q21550523", "Christa L\u00fchtje": "Q94369712", "Linda M\u00fcller": "Q113654015", "Erika Sch\u00e4fter": "Q124613797", "Uta Feiler": "Q96957355", "Marleen Kars": "Q106685678", "Marianne Grootenboer": "Q97399505", "Brigitte Sillard": "Q21029425", "Michaela Kirchner": "Q105200994", "Hiroko Yamauchi Swornik": "Q113467474", "Jacqueline Mina": "Q98765749", "Anneke Schat": "Q15870068", "Toni Goessler-Snyder": "Q106223042", "Nobuko Ishikawa": "Q23006242", "Joan Atkinson": "Q105686406", "Jacline Nataf Mazard": "Q105961594", "Amy Buckingham": "Q106204981", "Kari Hauge": "Q106583076", "Maria Jos\u00e9 Oliveira": "Q115108155", "Sylke Alma Klopsch": "Q123205014", "Janke IJff": "Q97728006", "Lad\u011bna V\u00edznerov\u00e1": "Q95469828", "Marijke de Ley": "Q106644389", "Verena Sieber-Fuchs": "Q21551195", "Michelle Stone": "Q20882481", "Marianne Schliwinski": "Q98594564", "Tereza Seabra": "Q100288546", "Lucie Leene": "Q115974403", "Fran\u00e7oise van den Bosch": "Q4007179", "Maggie Schpak": "Q110450580", "Maria Blaisse": "Q16069772", "Lia T\u00fc\u00fcr": "Q124739349", "Marion Herbst": "Q2300360", "Aim\u00e9e Rhemrev": "Q101482212", "Anita Evenepoel": "Q52634409", "Barbara Stutman": "Q86108962", "Ana Font": "Q96785498", "Rena Koopman": "Q104115696", "Marjan Gilliamse": "Q107397382", "Sandra Okuma": "Q125181257", "Dorothy Hogg": "Q96959551", "Madeline Murphy Rabb": "Q100240351", "Marly Kruytzer": "Q106644394", "Joke Gallmann": "Q15638223", "Debra Rapoport": "Q106230036", "Lous Martin": "Q15878863", "Mi\u0161a Jelnikar": "Q12796883", "Claudette Hardy-Pilon": "Q90310292", "Kazumi Nagano": "Q98635278", "Ronne L\u00f6wensteyn": "Q104891245", "Kyoko Fukuchi": "Q105337606", "Tina Fung Holder": "Q108744367", "Esther Wood": "Q109674375", "Biba Schutz": "Q110014948", "Tjitske Dijkstra": "Q110308545", "Frans Beelen": "Q118181852", "Eva Schmeiser-Cadia": "Q123412409", "Joke Brakman": "Q16070295", "Suzanne Esser": "Q96957319", "Jaclyn Davidson": "Q105451856", "Lijsbeth Teding van Berkhout": "Q76355058", "Lena Bergestad-Jonsson": "Q77284525", "Lily Yung": "Q96964073", "Linda Hughes": "Q105453951", "Stephanie Lambert": "Q105688042", "Robin Quigley": "Q106229030", "Jan Mandel": "Q109674411", "Brenda Ridgewell": "Q111843253", "Katherine Kalaf": "Q112206075", "Eriko Nagai": "Q1353694", "Harri\u00ebt Mastboom": "Q96962439", "Merrily Tompkins": "Q104766221", "Alexandra Ribeiro": "Q107065105", "Johanna Dahm": "Q55235990", "Therese Hilbert": "Q26197161", "Carine Wintermans": "Q97721636", "Joke van Ommen": "Q98538674", "Yu Hiraishi": "Q110800624", "Marion Marshall": "Q112130862", "Fran\u00e7oise Colpe": "Q113648826", "Henny Riem Vis": "Q124728527", "Nuala Jamison": "Q96959987", "Ruth Franklin": "Q99492492", "Melanie Oudemans": "Q106685686", "Florence Baker-Wood": "Q116699559", "Antoinette Vroom": "Q97705281", "Hanneke van der Leeuw": "Q106685501", "Agatha Kill": "Q6490055", "Irene Bakker": "Q96951499", "Maria Hees": "Q16069777", "Marian Hosking": "Q30238039", "Birgit Laken": "Q96961191", "Marianne Hunter": "Q109674413", "Janet Orrock": "Q113655256", "Vickie Sedman": "Q120926316", "Isolde Baumhackl-Oswald": "Q123200299", "Julia Manheim": "Q96961772", "Roberta Williamson": "Q108751818", "Esther Knobel": "Q15875009", "Lam de Wolf": "Q15877673", "Charlotte van der Waals": "Q2361762", "Ineke Kleijn": "Q21545566", "M. Veldhuizen": "Q65428576", "Sylvia Blickman": "Q96954119", "Rhonda Zwillinger": "Q24188907", "Irene Rhemrev": "Q104891256", "Elisabeth Holder": "Q105336041", "Gabriele Kutschera": "Q1477736", "Toontje Krekel": "Q106364480", "Mecky van den Brink": "Q15943534", "Anna Heindl": "Q19259433", "Margareth Sandstr\u00f6m": "Q48568604", "Annemarie Timmer": "Q105617725", "Gabriele Dziuba": "Q98119478", "Maria Rosa Franzin": "Q96958249", "Iene Ambar": "Q96912005", "Rian de Jong": "Q15616406", "Els Deumens": "Q105362820", "Eleonoor van Beusekom": "Q96954045", "Ritsuko Ogura": "Q106685750", "Harriet St Leger": "Q75323048", "Susan Cohn": "Q75626234", "Miriam Sharlin": "Q100405992", "Tove Becken": "Q106571446", "Pamela Ritchie": "Q106587033", "Barbara Walter": "Q109674374", "Brigitte Woellmer": "Q113655806", "Debra DeWolff": "Q120844935", "Gigi Haubenhofer-Salicites": "Q123411808", "Elizabeth Garrison": "Q106213579", "Beppe Kessler": "Q16069431", "Eva Dora Lamm": "Q106685454", "Eva Eisler": "Q95368497", "D. X. Ross": "Q108744387", "Ineke Otte": "Q96944010", "Marjorie Jacobs": "Q105160003", "Petra Spigt": "Q29436243", "Carlier Makigawa": "Q94519055", "Luce Delhove": "Q96955684", "Alette Thielen": "Q106830480", "Vered Kaminski": "Q12407164", "Ana Campos": "Q105335848", "Nininha Guimar\u00e3es": "Q106466696", "Ros Perry": "Q106694741", "Dulce Ferraz": "Q107206773", "Karen McCreary": "Q109650197", "Annie Holdsworth": "Q113653607", "Sarah Perkins": "Q114065010", "Kathy Buszkiewicz": "Q120836984", "Anne Finlay": "Q21543368", "Nora Fok": "Q96958150", "Betsy King": "Q96960616", "Brigitte Lang": "Q99500732", "Esther Brinkmann": "Q106190232", "Veronika Schwarzinger": "Q106644455", "Katrin Amos": "Q97219747", "Marta Breis": "Q88408490", "Marga Staartjes": "Q15616463", "Taccjana Aljaksee\u016dna Rud\u0117nka": "Q115534092", "Cathy Harris": "Q97698956", "Alexandra de Serpa Pimentel": "Q101001962", "Stanislava Greben\u00ed\u010dkov\u00e1": "Q112372838", "Enid Kaplan": "Q113467452", "Karin van Paassen": "Q113573605", "Barbara Heinrich": "Q113653582", "Dorothea F\u00f6rster": "Q123200672", "Kristine Lorber": "Q123411938", "Verena Formanek": "Q2515251", "Jane Adam": "Q98763546", "Iris ten Kate": "Q15526333", "Rika Mouw": "Q116912791", "Engelien van den Dool": "Q96944396", "M\u00e1rta Nagy": "Q1214419", "Laura Bakker": "Q96952794", "Ursula Haupenthal": "Q78908812", "Sue Lorraine": "Q94425166", "Kim Overstreet": "Q99299916", "Etsuko Sonobe": "Q101244303", "Isabella Hund": "Q105334373", "Brigitte Tendahl": "Q105402075", "Rebekah Laskin": "Q106225441", "Gudrun Maas": "Q106523608", "Inger Marie Berg": "Q106571587", "Carole Guinard": "Q106689009", "Evelien Sipkes": "Q107400666", "Vicki Ambery-Smith": "Q116940392", "Barbara Weinberger": "Q807682", "Dani\u00eblle Keunen": "Q106644159", "Pauline Wiertz": "Q15880598", "Mei-Ling Knibbe": "Q107327989", "Erla \u00de\u00f3rarinsd\u00f3ttir": "Q16423392", "Liesbeth Rahder": "Q106644364", "Christine Larochelle": "Q89061345", "Angela H\u00fcbel": "Q95202773", "Edda Vardimon Gudnason": "Q105671836", "Yuri Kawanabe": "Q106824692", "Gillian Rainer": "Q108360390", "Cynthia Toops": "Q110051800", "Louise Slater": "Q111527127", "Eve Kaplin": "Q113653661", "Sabine Scheuble": "Q113655412", "Mona Wallstr\u00f6m": "Q114708765", "Salom\u00e9 Lippuner": "Q124758843", "Thea Tolsma": "Q16069742", "Joan Parcher": "Q21295002", "Cynthia Cousens": "Q98759994", "Robin Kranitzky": "Q105339550", "Annelies Planteydt": "Q16069045", "\u00c5se-Marit Thorbj\u00f8rnsrud": "Q106587151", "Gry Eide": "Q72083547", "Jacquelien Sluis": "Q123554000", "Karine Dolhain": "Q105617376", "Kate Durham": "Q21582167", "Catherine Truman": "Q94425141", "Julie Blyfield": "Q94502184", "Mikala Naur": "Q106584391", "Gabriela Felgentr\u00e4ger": "Q109647040", "Janis Kerman": "Q110013272", "Kye Yeon Son": "Q110357761", "Petra K\u00e4ser": "Q112132945", "Robyn Backen": "Q113648619", "Alison Baxter": "Q113648691", "Ulrike L\u00f6hr": "Q113653760", "Annie Sherburne": "Q113655707", "Irmgard Zeitler": "Q125364875", "Eva Tesarik": "Q127946548", "Hilde Foks": "Q96958170", "Marilyne Fontenelle": "Q96958195", "Judy McCaig": "Q98765733", "Sita Falkena": "Q16069341", "C\u00e9cile van Eeden": "Q96957143", "Chantal Gilbert": "Q78360921", "Renate Sennewald": "Q105102284", "Ike J\u00fcnger": "Q105336112", "Millie Behrens": "Q105442251", "Doris Maninger": "Q105687492", "Carolyn Morris Bach": "Q106388674", "Xing Fei": "Q112042461", "Pearl Fearn-Wannan": "Q115281501", "Nancy Davis": "Q117031642", "Fumiko Got\u00f4": "Q122908515", "Ingrid Gossner": "Q123411743", "Margit Hart": "Q127968397", "Mirjam Jakubowski": "Q96959974", "Suzan Rezac": "Q106230068", "Rowena Gough": "Q106685757", "Anne Rose Regenboog": "Q105364524", "Jos\u00e9 Berkhof": "Q110317829", "Petra Class": "Q113467570", "Sofie Lachaert": "Q22236065", "Monika Brugger": "Q104614651", "Anne Fauteux": "Q78357261", "Ulrike Johannsen": "Q105742168", "Hedvig Westermark": "Q110016120", "Barbara Alcock": "Q113646182", "Belinda Ross": "Q113655372", "Caroline von Steinau-Steinr\u00fcck": "Q128048524", "Floor Max": "Q96944182", "Lisa Spiros": "Q108751829", "Els Staal": "Q106644167", "Doris Betz": "Q98122623", "Ella Wolf": "Q105671850", "Jill Wolodarsky": "Q113655822", "Giselle Courtney": "Q121932836", "Marie Letz": "Q127944737", "Petra Hartman": "Q15880653", "Simone ten Hompel": "Q96785055", "Ela Bauer": "Q96953497", "Gunda Maria Cancola": "Q99505944", "Sandra Enterline": "Q106319436", "Janna Syv\u00e4noja": "Q11865930", "Miriam Verbeek": "Q106314289", "Francesca di Ciaula": "Q15875336", "Peggy Bannenberg": "Q15943605", "Anda Klan\u010di\u010d": "Q65768340", "Julie Mollenhauer": "Q98058120", "Barbara Paganin": "Q40893184", "Dania Chelminsky": "Q55285361", "Liana Pattihis": "Q102295641", "Barbara Blewman": "Q104774929", "Mette T. Jensen": "Q105454684", "Alexandra Bahlmann": "Q106101966", "Andrea Halmschlager": "Q106824598", "Virginia Belda": "Q111305411", "Elsie-Ann Hochlin": "Q116771723", "Lidija Kolovrat": "Q127834457", "Karin Kortenhorst": "Q96947042", "Lucy Sarneel": "Q15878890", "Eija Mustonen": "Q98593198", "Doerthe Fuchs": "Q95199677", "Mar\u00edlia Maria Mira": "Q96651972", "Machteld van Joolingen": "Q105363554", "Sarah Herriot": "Q112132521", "Martina Lang": "Q112135414", "Anette Wohlleber": "Q116200245", "Petra Eberz": "Q119065474", "Floor Mommersteeg": "Q16069005", "Juliane Brandes": "Q95647100", "Margit J\u00e4schke": "Q96960004", "Johanna Titselaar": "Q15877067", "Lucia Massei": "Q101480762", "Blanca Munoz": "Q77035465", "Jos\u00e9e Desjardins": "Q85702532", "Christel van der Laan": "Q105103458", "Annemiek Steenhuis": "Q105357776", "Pilar Andaluz": "Q107425295", "Kirsten Garzareck": "Q108069705", "Masako Hamaguchi": "Q109647087", "Petra Borgmann": "Q119055129", "Nazan Pak": "Q123553666", "Noam Elyashiv": "Q96957291", "Svenja John": "Q96960586", "Eva Marit Edwardsen": "Q99496726", "Anneke Bruin": "Q105617255", "Jeanet Metselaar": "Q106685576", "Jacomijn van der Donk": "Q15876826", "K\u00e4rt Summatavet": "Q31275591", "Maja Houtman": "Q55181495", "Bettina Dittlmann": "Q90684939", "Mah Rana": "Q98624058", "Leslie Matthews": "Q111894077", "Grego Garcia Tebar": "Q110324145", "Mascha Moje": "Q111524381", "Gabriele Hinze": "Q115646185", "Karina Noyons": "Q116603317", "Katrin Laville": "Q119069937", "Gitta Pielcke": "Q124077284", "Donna Brennan": "Q96954384", "Petra Brenner": "Q96954551", "Mari Ishikawa": "Q96959918", "Karin Johansson": "Q96960452", "Florence Lehmann": "Q96961613", "Brigitte Turba": "Q106685394", "Ingeborg Vandamme": "Q104634109", "Fran\u00e7oise P\u00e9trovitch": "Q3086575", "Monica Cecchi": "Q105451263", "Silvia Walz": "Q20006608", "Hilde De Decker": "Q96954913", "Rita Marcangelo": "Q117018403", "Clara del Papa": "Q119839001", "Myl\u00e8ne van Heijster": "Q129892398", "Cristina Filipe": "Q97722077", "Claire Alexandra Malet": "Q76069106", "Truike Verdegaal": "Q15883071", "Beatrijs van Rheeden": "Q106114873", "Anna Trzebinski": "Q75756235", "Annamaria Zanella": "Q94497457", "Karin Seufert": "Q98017476", "Vicki Mason": "Q105418962", "Jan Baum": "Q109674397", "Anuschka Walch": "Q111306572", "Agnieszka Knap": "Q114702591", "Christiane F\u00f6rster": "Q96958211", "Sonja Bischur": "Q99507592", "Anette Qviberg": "Q82704499", "Dinie Besems": "Q15874532", "Helen Britton": "Q15713498", "Jihan Ali ann": "Q12206728", "Jacqueline Ryan": "Q98000142", "Mikiko Minewaki": "Q97728832", "Camilla Prasch": "Q98558140", "Shana Kroiz": "Q105464231", "Kirsti Reinsborg Grov": "Q105945765", "Rebecca Batal": "Q106201986", "Petra Besomi": "Q107396395", "Yvonne Raab": "Q107416235", "Vered Babai": "Q110006754", "Yael Friedman": "Q110011501", "Lia di Gregorio": "Q110011552", "Zwetelina Alexieva": "Q111488475", "Jacqueline Cullen": "Q124754933", "Katy Hackney": "Q124758685", "Pauline Barendse": "Q96953406", "Agathe Saint Girons": "Q99456074", "Manon van Kouswijk": "Q29436154", "Princess C\u00e9cile of Hohenlohe-Langenburg": "Q75383887", "Yeonmi Kang": "Q105458110", "Gabi Veit": "Q111455789", "Ursula Guttmann": "Q117309129", "Alina Alamorean": "Q96911984", "Judith Bloedjes": "Q96954125", "Patricia Lemaire": "Q96961635", "Sophie Hanagarth": "Q16069410", "Karen Pontoppidan": "Q98966314", "Martina Min\u00e1rikov\u00e1": "Q100429039", "Felieke van der Leest": "Q15526406", "Arianne van der Gaag": "Q105357539", "Sonia Morel": "Q105475744", "Terhi Tolvanen": "Q15882704", "Dani\u00eblle Koninkx": "Q15638335", "Karin Herwegh": "Q96959162", "Teresa Milheiro": "Q104215732", "Kayo Saito": "Q105117759", "Efharis Alepedis": "Q105439780", "Isabell Schaupp": "Q105477297", "Jutta Klingebiel": "Q105944837", "Mette Saabye": "Q106570961", "Cornelia Sautter": "Q107417680", "Jane Bowden": "Q108325787", "Barbara Simon": "Q112162548", "Piret Hirv": "Q115796926", "Ellen Domke": "Q119055881", "Claudia Steiner": "Q119840247", "Brigit Daamen": "Q96954900", "Beate Eismann": "Q96957193", "Heidemarie Herb": "Q96959147", "Suska Mackert": "Q96961680", "Sally Marsland": "Q96962078", "Ute Eitzenh\u00f6fer": "Q96957240", "Christine Matthias": "Q96962461", "Nanna Melland": "Q96962510", "Carla Nuis": "Q97997368", "Sofia Bj\u00f6rkman": "Q105442372", "Claudia Stebler": "Q107417773", "Catherine Granche": "Q110324160", "Julia Turner": "Q116259626", "Katja Prins": "Q15943445", "Iris Bodemer": "Q16069969", "Maja Licul": "Q65714388", "Mia Maljojoki": "Q96961711", "Chequita Nahar": "Q15873869", "Lin Cheung": "Q94497659", "Luzia Vogt": "Q99361513", "Neke Moa": "Q104783379", "Yoko Takirai": "Q105280172", "Nolia Shakti": "Q105477947", "Valeria Vallarta Siemelink": "Q107122368", "Anna Gordon": "Q111045831", "Sne\u017eana Milenkovi\u0107": "Q111654769", "Eunmi Chun": "Q96954896", "Mielle Harvey": "Q96959067", "Stephanie Jendis": "Q96960236", "Mari Thomas": "Q116784846", "Vera Siemund": "Q16069982", "Erika Morri": "Q105478789", "Frederike Sch\u00fcrenk\u00e4mper": "Q105477363", "Gemma Draper": "Q96956725", "Inni P\u00e4rn\u00e4nen": "Q99042630", "Lara Bohinc": "Q26186380", "Vanessa Yanow": "Q82556821", "Iris Nieuwenburg": "Q97956103", "Janine Eisenhauer": "Q106498653", "Lonna Keller": "Q108751811", "Aline Vandeplas": "Q109780949", "Manon von Gerkan": "Q98113", "Jantje Fleischhut": "Q15713564", "G\u00e9sine Hackenberg": "Q15943363", "Antje Br\u00e4uer": "Q96954150", "Beate Klockmann": "Q96960644", "Sarah Enoch": "Q106685763", "Laurence Oppermann": "Q33215514", "Ketli Tiitsar": "Q61111513", "Jana Machatova": "Q105475030", "Sybille Richter": "Q108157776", "Francis Willemstijn": "Q97956152", "Tarja Tuupanen": "Q101246591", "Jennifer Hoes": "Q105357566", "Ana Margarida Carvalho": "Q105971340", "Estef\u00e2nia Almeida": "Q106491337", "Kirsten Haydon": "Q106575371", "Willemijn de Greef": "Q15884037", "Maria Valdma": "Q61111495", "Nicole Beck": "Q96953507", "Rebecca Hannon": "Q96959049", "Lynn Ban": "Q121670833", "Mirjam Hiller": "Q95193908", "Meiri Ishida": "Q105454040", "Zoe Robertson": "Q105476487", "Rut-Malin Barklund": "Q105646930", "Helen Friesacher": "Q115645940", "Anne-Lene L\u00f8vhaug": "Q116771786", "Carla Castiajo": "Q102040695", "Uli Rapp": "Q15883150", "Pia Aleborg": "Q56460428", "Claudia K\u00fcster": "Q95186388", "Eva Strepp": "Q95195721", "Petra Zimmermann": "Q98970020", "Alejandra Solar": "Q105202109", "Leonor Hip\u00f3lito": "Q105370072", "Kristiina Laurits": "Q105464718", "Melanie N\u00fctzel": "Q105476017", "Anya Kivarkis": "Q105679176", "Akiko Kurihara": "Q112663611", "Annamaria Leiste": "Q115120562", "Kamilla Ruberg": "Q124784897", "Kathleen Fink": "Q96958131", "Afke Golsteijn": "Q96958357", "Jutta Kallfelz": "Q96960599", "Salima Thakker": "Q98768647", "Mareen Alburg": "Q105439740", "Karola Torkos": "Q101113350", "Diana Silva": "Q106538400", "Sara Borgeg\u00e5rd": "Q108324416", "Nelli Tanner": "Q99038507", "Jade Drakes": "Q96956262", "Eline van der Laag": "Q113463688", "Constance Guisset": "Q27757919", "Eva van Kempen": "Q87110439", "Constanze Schreiber": "Q97724944", "Lilli Veers": "Q105487729", "In\u00eas Almeida": "Q106491345", "Vania Ruiz": "Q110014317", "Trinidad Contreras": "Q110800548", "Juliane Sch\u00f6l\u00df": "Q115134816", "Rita Soto": "Q115473904", "Dana Seachuga": "Q124096434", "Rita Faustino": "Q125407028", "Rebekah Frank": "Q96958231", "Dana Hakim": "Q96958902", "Ineke Heerkens": "Q96959107", "Asagi Maeda": "Q96961696", "Despo Sophocleous": "Q101361616", "Estela Saez Vilanova": "Q96785048", "\u00c5sa Elmstam": "Q4946560", "St\u00e9phanie Fleck": "Q105452665", "Natalya Pinchuk": "Q105476286", "Elena Span\u00f2": "Q105478418", "Fl\u00f3ra V\u00e1gi": "Q105487631", "Ilka Schmid": "Q107417686", "Brooke Marks-Swanson": "Q110329034", "Samantha FontSala": "Q117087172", "Saskia Detering": "Q96955721", "Anke Hennig": "Q96959127", "Melanie Isverding": "Q96959942", "Viktoria M\u00fcnzker": "Q116954550", "Tamara Gr\u00fcner": "Q95193092", "Jessica Jane Julius": "Q116911258", "Anna Talbot": "Q105480266", "Carmen Tapia": "Q113883926", "In\u00eas Nunes": "Q102439977", "Carina Chitsaz-Shoshtary": "Q106725455", "Julia Maria K\u00fcnnap": "Q110013624", "Letizia Plankensteiner": "Q112140317", "Lisa Bj\u00f6rke": "Q114700120", "Katherine Wheeler": "Q115281591", "Maarja Niinem\u00e4gi": "Q115647697", "Charlotte Wooning": "Q113627659", "Barbara Schrobenhauser": "Q87333963", "Laura Deakin": "Q96954907", "Nora Rochel": "Q15713409", "Christiane K\u00f6hne": "Q95201564", "Silvia Weidenbach": "Q98673702", "Birgit Hagmann": "Q105453070", "Deborah Rudolph": "Q105476546", "Jasmin Winter": "Q105488030", "Shu-Lin Wu": "Q105488280", "Hanna Hedman": "Q105647166", "Doron Taubenfeld": "Q107417779", "Caroline B\u00e4ckman": "Q114699066", "Denise Reytan": "Q115647714", "Typhaine le Monnier": "Q120186732", "Katharina Moch": "Q124767586", "Marianne Anselin": "Q96912024", "Liesbet Bussche": "Q96954856", "Anne Fischer": "Q99384055", "Natalia Milosz-Piekarska": "Q47067683", "Anna Frohn": "Q105452793", "Elise Hatl\u00f8": "Q105453548", "Taehee In": "Q105454001", "Jenny Klemming": "Q111370056", "Kirsten Spuijbroek": "Q106314205", "Annika Pettersson": "Q105476270", "Tabea Reulecke": "Q61679548", "Danni Schwaag": "Q104541813", "M\u00e4rta Mattsson": "Q23917779", "Yong Joo Kim": "Q110677674", "Jess Dare": "Q112326222", "Michelle Taylor": "Q126974715", "R\u00e9ka Fekete": "Q96957398", "Jasmin Matzakow": "Q96962476", "Noon Passama": "Q21675818", "Moniek Schrijer": "Q104783410", "Marion Blume": "Q107394957", "Tarja Lehtinen": "Q107414073", "Gabrielle Desmarais": "Q110323526", "Carole Deltenre": "Q117715174", "Heejo Kim": "Q105459652", "Jessica Rosenkrantz": "Q55219709", "Karin Roy Andersson": "Q104759478", "Seul Gi Kwon": "Q96960905", "Helena Johansson Lindell": "Q26240152", "Nadja Buttendorf": "Q76966706", "Lisa Kroeber": "Q105464182", "Frieda D\u00f6rfer": "Q106817866", "Sarah Powell": "Q109368771", "Eva R\u016f\u017ei\u010dkov\u00e1": "Q110014919", "Katrin Feulner": "Q96957851", "Eily O'Connell": "Q99496355", "Juliane Noack": "Q106685629", "Jing He": "Q96959087", "Angela Gladue": "Q107230356", "Miriam Synger": "Q109933130", "Thereza Pedrosa": "Q117901893", "Anne Achenbach": "Q96911085", "Nina Sajet": "Q98541798", "Beatrice Brovia": "Q24524882", "Keilley Lee Marques": "Q105465571", "Gaia Repossi": "Q19861334", "Mallory Weston": "Q105951068", "Monday Blues": "Q107155126", "Jesse Louis-Rosenberg": "Q55219274", "Marion Delarue": "Q96955635", "Lauren Vanessa Tickle": "Q106685639", "Kinga Haudek": "Q55940948", "Amy Lascelles": "Q75383822", "Patricia Domingues": "Q96955829", "Danni Chen": "Q107160337", "Eline Willemarck": "Q107363957", "Mari Iwamoto": "Q116756767", "Violeta Adomaityt\u0117": "Q120176779", "Tatjana Giorgadse": "Q120181620", "Alexandra Prelipcean": "Q121307392", "Jing Yang": "Q123254348", "Morgane de Klerk": "Q96960630", "Dorothea Heisig": "Q107160433", "Lea Klein": "Q107168334", "Marie-\u00c8ve Castonguay": "Q110323092", "Felicia M\u00fclbaier": "Q115789463", "Kate\u0159ina Handlov\u00e1": "Q122451627", "Jil K\u00f6hn": "Q96960670", "Lore Langendries": "Q96961594", "Moniek Vierling": "Q106685695", "Georgina Trevi\u00f1o": "Q125336271", "Najin Lee": "Q96651984", "Jelizaveta Suska": "Q114708729", "Julia Obermaier": "Q111488524", "Aur\u00e9lie Guillaume": "Q110314413", "Marit van Heumen": "Q107363506", "Esther Heite": "Q115168212", "Sofia Hallik": "Q97221825", "Mirjam Parve": "Q115111052", "Genevieve Howard": "Q106693149", "Regina Rupp": "Q115134803", "Anneleen Swillen": "Q123662936", "Mara Lafontan": "Q125030457", "Sara Leme": "Q118154060", "Krist\u00fdna Spanihelov\u00e1": "Q78781131", "Emma Pillemer": "Q125699411", "Katrin Wouters": "Q15877371", "Andrea Wagner": "Q16481502", "Lisa Sotilis": "Q17101800", "Bessie Jamieson": "Q19802575", "Letitia Eldredge": "Q19802758", "Tanja Manuela Sadow": "Q29813565", "Michaela Wiecek": "Q30690304", "Tiff Massey": "Q63609683", "Juliette Moutard": "Q64761755", "Tess Sholom": "Q67163941", "Patricia von Musulin": "Q67221828", "Elaine Post": "Q70529283", "Terry Mayer": "Q70633429", "Anna Couturier-Simpson": "Q87195375", "Marion Knorr": "Q95656332", "M\u00f2nica Fugarolas": "Q96651960", "Agustina Ros Niveyra": "Q96651986", "Rosie Godbout": "Q96954707", "Virginie Planas": "Q96959274", "Maria Dolores": "Q97273501", "Jillian Moore": "Q97925306", "Kath Inglis": "Q98034130", "Mi-Ah R\u00f6diger": "Q98561137", "Momoko Kumai": "Q98823103", "Gigi Mariani": "Q98886361", "Joanne Thompson": "Q99299886", "Jeannette Jansen": "Q99501439", "Stefania Lucchetta": "Q100234048", "Paula Crespo": "Q100784498", "Julia Walter": "Q101244380", "Rike Bartels": "Q101246966", "Leontien Wiehink": "Q102047865", "Elwy Schutten": "Q102105386", "Catharina Greve-Hamburger": "Q102163075", "Z\u00e9lia Nobre": "Q103840992", "Annie Noufflard": "Q104414356", "Shelley Norton": "Q105009543", "Emiko Oye": "Q105151442", "Franca Tosi": "Q105153800", "Catherine Butler": "Q105335830", "Mizuko Yamada": "Q105336790", "Sabine Klarner": "Q105339516", "Alyssa Dee Krauss": "Q105339607", "Margherita Chinchio": "Q105357517", "Charlotte Evers": "Q105362983", "Yvonne Spakman": "Q105365144", "Sophie Baumg\u00e4rtner": "Q105384237", "Anja Eichler": "Q105384373", "Hilde Janich": "Q105394131", "Dagmar St\u00fchler": "Q105394255", "Pascaline Goossens": "Q105394885", "Ewa Skrzy\u0144ska": "Q105401946", "Jessica Andersen": "Q105439875", "Donna d\u2019Aquino": "Q105440463", "Andrea Melissa Arias": "Q105440537", "Sara Barbanti": "Q105440900", "Julia Barello": "Q105440925", "Ulrike Bartels": "Q105440965", "Carola Bauer": "Q105441039", "Brigitte Bezold": "Q105442343", "Alice Bo-Wen Chang": "Q105444417", "Daniela Boieri": "Q105444532", "Kristine Bolhuis": "Q105450548", "Sophie Bouduban": "Q105450609", "Janina Bressner": "Q105450822", "Valdis Bro\u017ee": "Q105450861", "Lina Christensen": "Q105451561", "Annemie De Corte": "Q105451587", "Tanya Crane": "Q105451782", "Annette Dam": "Q105451798", "Isabel Dammermann": "Q105451811", "Babette von Dohnanyi": "Q105452038", "Susanne Elstner": "Q105452492", "Maureen Faye-Chauhan": "Q105452620", "Caroline Friedli": "Q105452785", "Paula Giecco": "Q105452839", "Carolina Gimeno": "Q105452856", "Ursula Gn\u00e4dinger": "Q105452923", "Suzanne Golden": "Q105452945", "Jennifer Gray": "Q105452965", "Leonore Hinz": "Q105453645", "Carolina Hornauer": "Q105453822", "Lucie Houdkova": "Q105453856", "Christine Jalio": "Q105454088", "Andrea Janosik": "Q105454568", "Meghann Jones": "Q105454946", "Lily Kanellopoulou": "Q105457640", "Malene Kastalje": "Q105458275", "Karin Kato": "Q105459624", "Satomi Kawai": "Q105459630", "SooYeon Kim": "Q105459719", "Eszter Kocsor": "Q105460312", "Yael Krakowski": "Q105464097", "Lorena Lazard": "Q105464777", "Nicole Lehmann": "Q105474432", "Kathrine Lindman": "Q105474733", "Susanna Loew": "Q105474918", "R\u00e9ka L\u00f6rincz": "Q105474947", "Sim Luttin": "Q105474986", "Daniela Malev": "Q105475040", "Wendy McAllister": "Q105475640", "Rachel McKnight": "Q105475651", "Elena Moreno": "Q105475914", "Angela O\u2019Kelly": "Q105476097", "Yael Olave Munizaga": "Q105476135", "Daniela Osterrieder": "Q105476153", "Konstanze Prechtl": "Q105476356", "Aino Fav\u00e9n": "Q105476656", "Agnes Larsson": "Q105476715", "Chiara Scarpitti": "Q105477242", "Sylvia Schlatter": "Q105477336", "Sara Shahak": "Q105477788", "Antje Stolz": "Q105478438", "Betty Stoukides": "Q105478748", "Mariko Sumioka": "Q105479622", "Yuki Sumiya": "Q105479719", "Demitra Thomloudis": "Q105481012", "Katja Toporski": "Q105481232", "Iris Tsante": "Q105482988", "Myung Urso": "Q105487604", "Artemis Valsamaki": "Q105487659", "Karin Wagner": "Q105487821", "Caroline Weiss": "Q105487977", "Anne Wiedau": "Q105488001", "Andrea Williams": "Q105488018", "Susanne Wolbers": "Q105488087", "Irene Wolf": "Q105488096", "Heather Guidero": "Q105514884", "Anna Johnson": "Q105519084", "Anat Aboucaya": "Q105613633", "Toos Philipsen": "Q105617584", "Chrystya Olenska": "Q105642727", "Maya Dekel": "Q105670872", "Einat Leader": "Q105671505", "Tehila Levi Hyndman": "Q105671596", "Jacqueline Beri": "Q105686596", "Yuka Saito": "Q105815922", "Victoria Bulgakova": "Q105942751", "Giulia Savino": "Q105945790", "Silke Spitzer": "Q105945984", "Edith Bellod": "Q106102173", "Patrizia Bonati": "Q106102224", "Alexandra Brachtendorf": "Q106102239", "Petra D\u00f6mling": "Q106102868", "Sophia Epp": "Q106102914", "Christine Graf": "Q106102939", "Sabine Herman": "Q106102961", "Sophie Honegger": "Q106109452", "Dorothee Striffler": "Q106114973", "Alexandra St\u00fclb": "Q106115025", "Mette Vivelsted": "Q106115192", "Sima Farjadi": "Q106211717", "Terri Lee Foltz-Fox": "Q106212260", "Laurie J. Hall": "Q106223460", "Susan Hamlet": "Q106223487", "Alice H. Klein": "Q106225030", "Ana Albuquerque": "Q106350479", "Jessica Calderwood": "Q106366474", "Kathleen Dustin": "Q106372566", "Maggie Maggio": "Q106376810", "Marissa Saneholtz": "Q106388813", "Sarah Shriver": "Q106388953", "Mary Tingley": "Q106388980", "Wendy Wallin Manilow": "Q106388991", "Emily Watson": "Q106389006", "Elise Winters": "Q106389017", "Ashley Katsuyama": "Q106431976", "Seline Durrer": "Q106448749", "Silvia Faggiani": "Q106448801", "Gabriella Goldsmith": "Q106448836", "Ting Gong": "Q106448879", "Laila El Mehelmy": "Q106448930", "Margaret Munchheimer": "Q106448993", "Stephanie Schuitemaker": "Q106449013", "Marilyn Volkman": "Q106449027", "Joanne Vosloo": "Q106449047", "L\u00facia Abdenur": "Q106464863", "Elizabeth Callinicos": "Q106464872", "Marta Eliseu": "Q106465408", "Miriam Castro": "Q106498627", "Alexandra Lisboa": "Q106523412", "Catarina Silva": "Q106538162", "Manuela Sousa": "Q106538467", "Signe Louise Aasen": "Q106552758", "Stephanie Amos": "Q106552791", "Christine Bongard": "Q106574567", "Ann-Rita Bryghaug Wold": "Q106574583", "Karen Disen": "Q106575009", "Franziska Haan": "Q106577724", "Trude Indrer\u00e5k Randen": "Q106583150", "Ayala Naphtalie": "Q106584381", "Eva \u00d8berg": "Q106584402", "Laila Irene Olsen": "Q106584409", "Sandra Parmer Zilker": "Q106584416", "Susan Sanders": "Q106587074", "Gine Sommerfelt": "Q106587109", "Claire D\u00e9v\u00e9": "Q106689046", "Corina Rietveld": "Q106689052", "Jenni Sokura": "Q106693757", "Samira Goetz": "Q106694759", "Thelma Deutsch": "Q106694795", "Clarisse Bruynbroeck": "Q106823782", "Dawn Emms": "Q106824489", "Carole Guignard": "Q106824566", "Beatrice Liaskovski": "Q106824789", "Juliette Pailler": "Q106826281", "Rowena Park": "Q106826367", "Fumie Sasaki": "Q106829670", "Henriette Schuster": "Q106829806", "Jee Hye Kwon": "Q106856671", "Kalkidan Hoex": "Q106981051", "Kathrin Borst": "Q107160320", "Elisa Sophia Hermann": "Q107160479", "Karoline Keiter": "Q107161540", "Maria Kiialainen": "Q107168320", "Sandy Matysiak": "Q107168395", "Estelle Barelier": "Q107354111", "Arlette Baron": "Q107354409", "Elisabeth Beyenbach": "Q107354854", "Christiane Billet": "Q107354885", "B\u00e9atrice Ch\u00e2teau": "Q107355075", "Caroline Delepine": "Q107355182", "Florence Dole Geal": "Q107355193", "Charlotte Dugauquier": "Q107355250", "Emmanuelle F\u00e8vre": "Q107355286", "Claudine Ginsbourger": "Q107355343", "Aline Kokinopoulos": "Q107355356", "Elsa Khazizian": "Q107355373", "Linda Ladurner": "Q107355388", "H\u00e9l\u00e8ne Liget": "Q107355490", "Lisi Lopes": "Q107355494", "G\u00e9raldine Luttenbacher": "Q107355526", "Catherine Mauger": "Q107355561", "V\u00e9ronique Mussche": "Q107355654", "Emmanuelle Ricard": "Q107355749", "Suzanne Somogyi": "Q107355930", "Sharon Portelance": "Q107369964", "Carla Bonnet": "Q107379916", "Elly Franssen": "Q107381451", "Kathelijne Hoorweg": "Q107381725", "Emmy Rademaker": "Q107382435", "Esther Su\u00e1rez": "Q107395566", "Christiane Schneider": "Q107400654", "Ursula Biskup": "Q107410876", "Jeannette Bloem": "Q107410886", "Lydia Bremer": "Q107410939", "Dawn Gulyas": "Q107411317", "Anke G\u00fcnther": "Q107411482", "Erna Huppelschoten": "Q107412461", "Susanne Knapp": "Q107412854", "Annette Kopp": "Q107413906", "Katja Korsawe": "Q107413914", "Birgit Laun": "Q107413981", "Sabine M\u00fcller": "Q107414639", "Stefanie Neeskens": "Q107414890", "Mary Pearse": "Q107415909", "Rosa Roos": "Q107416343", "In\u00eas Sobreira": "Q107417744", "Cora Vonk": "Q107417826", "Martina Windels": "Q107417829", "Anita Witten": "Q107417832", "Makiko Yokota": "Q107417862", "Alba Polenghi Lisca": "Q107454014", "Marie Boltenstern": "Q108112419", "Ann Schmallwa\u00dfer": "Q108273781", "Jean Louise Carr\u00e9": "Q108305392", "Katja van Heesch": "Q108512833", "Nana Ditzel": "Q108869284", "Astrid Fog": "Q108869314", "Jessie Thomas": "Q109310645", "Tristen Jenni Sanderson": "Q109321001", "Klara Brynge": "Q109354482", "Valentina Caprini": "Q109354491", "Isabelle Carpentier": "Q109354494", "Elise Hoebeke": "Q109354541", "Rikke Lunnemann": "Q109368613", "Hanna Ryyn\u00e4nen": "Q109368837", "Anna-Maria Saar": "Q109368881", "Masha Starikova": "Q109369086", "Tamara Zecevic": "Q109369556", "Natalie Delimata": "Q109449530", "Inga Reed": "Q109449705", "C\u00e9line Traynor": "Q109449766", "Katia Martel": "Q109481430", "Saskia Diez": "Q109612754", "Kirsten Clausager": "Q109646965", "Elisa Deval": "Q109646989", "Froukje Idsardi": "Q109650029", "Anemone Tontsch": "Q109654309", "Ute Decker": "Q109657672", "Tina Rath": "Q109810654", "Lisa Cylinder": "Q109851754", "Reiko Ishiyama": "Q110012184", "Erin Wahed": "Q110013317", "Ariel Lavian": "Q110013717", "Jay Song": "Q110015000", "Bernarda Roelofs": "Q110218455", "Eva Vetter": "Q110218522", "Silvie Altschuler": "Q110314630", "Isabelle Busnel": "Q110319712", "Bridget Catchpole": "Q110323155", "Christine Dwane": "Q110324056", "Corrina Goutos": "Q110324151", "Betsy Lewis": "Q110328511", "Petra Luz": "Q110328715", "Doroth\u00e9e Rosen": "Q110355576", "Catherine Sheedy": "Q110355824", "Anne-Sophie Vall\u00e9e": "Q110357237", "Helen Carnac": "Q110800466", "Anne-Marie R\u00e9billard": "Q110800736", "Eva Mascher-Els\u00e4sser": "Q111097875", "Kaoruko Mizuno": "Q111113308", "Nupur Tron": "Q111210818", "Liisa Hashimoto": "Q111488492", "Stefanie Verhoef": "Q111488535", "Anna Vlahos": "Q111488542", "Kirsten Boekee": "Q111522448", "Laura Heyworth": "Q111524128", "Ulrike Knab": "Q111524254", "Carla Riccoboni": "Q111527082", "Marliese Schmidt": "Q111527112", "Jenny Toynbee-Wilson": "Q111527480", "Esther Ward": "Q111528645", "\u00c9lise Bergeron": "Q111592347", "Martina Dempf": "Q111961944", "Rebecca Alodiman": "Q111961951", "Happiness Mngoma": "Q111961973", "Rebecca Naenyeng": "Q111961976", "Esther Ackermann": "Q112124825", "Corinna Adams": "Q112124856", "Brigitte Adolph": "Q112124879", "Lena Beigel": "Q112127991", "Alexandra Berger": "Q112128009", "Irina Bischoff": "Q112128046", "Ulrike Blauert": "Q112128065", "Andrea Borst": "Q112129081", "Isabel Budde": "Q112129098", "Anja Costabel": "Q112129127", "Annette Ehinger": "Q112129144", "Victoria Erban": "Q112129179", "Tanja Friedrichs": "Q112129781", "Sandra Gallian": "Q112131833", "Iris Goldmann": "Q112132054", "Maria Haake": "Q112132129", "Barbara Haas": "Q112132186", "Tanja Hartmann": "Q112132336", "Renate Hattinger": "Q112132383", "Kerstin Henke": "Q112132452", "Susanne H\u00f6gner": "Q112132530", "Barbara Huck": "Q112132580", "Gisela Jobst-Rohleder": "Q112132599", "Beatrice Knoch": "Q112132970", "Katharina Kosche": "Q112135238", "Sibylle Krause": "Q112135247", "Sieglinde Kugler": "Q112135385", "Yvonne Kurz": "Q112135399", "Sarah Lierl": "Q112136465", "Nina Lindemann": "Q112136486", "Karin Maisch": "Q112136773", "Eva Makovec": "Q112136777", "Katharina von der Marwitz": "Q112136789", "Sabine Meinke": "Q112136802", "Iris Merkle": "Q112136983", "Bettina Meyer": "Q112136989", "Claudia Milic": "Q112137005", "Christina Pauls": "Q112137050", "Ulrike Poelk": "Q112142029", "Franziska Rappold": "Q112143700", "Katrin Julia Reichert-Jentsch": "Q112143716", "Aline Ritter": "Q112151507", "Katrin Rohde": "Q112151539", "Michaela R\u00f6mer": "Q112151565", "Sabine Roth": "Q112161173", "Karla Schabert": "Q112161301", "Verena Seidt": "Q112161392", "Violetta Elisa Seliger": "Q112162512", "Monika Steinbeck": "Q112164003", "Ute Strothotte": "Q112164062", "Uli Teige": "Q112164105", "Stefanie Walkenhorst": "Q112164290", "Corina Walter": "Q112164340", "Tanja Zessel": "Q112168987", "Kiki K\u00fchlmann": "Q112228302", "Michelle Cangiano": "Q112672793", "Anna Davern": "Q112673091", "Belinda Newick": "Q112679309", "Lauren Simeoni": "Q112679315", "Lucy Simpson": "Q112679318", "Alice Whish": "Q112679323", "Melinda Young": "Q112679328", "Ke Shi": "Q113467515", "Chloe Wessner": "Q113467569", "Sydney Jo Scherr": "Q113467586", "Barbara Cohen": "Q113572145", "Melanie Eddy": "Q113581234", "Lauren Harwell Godfrey": "Q113581245", "Sheryl Jones": "Q113581304", "Vania Leles": "Q113581397", "Angie Marei": "Q113581404", "Lola Oladunjoye": "Q113581482", "Jariet Oloy\u00e9": "Q113581512", "Catherine Sarr": "Q113581544", "Maggi Simpkins": "Q113581709", "Lorraine West": "Q113581769", "Thelma West": "Q113581852", "Zelda Beauchampet": "Q113624592", "Coco Benschop": "Q113624600", "Sabine den Butter-Verhoeven": "Q113624618", "Zo\u00eb Detrez": "Q113624620", "Nastasia Gendreau": "Q113624688", "Francisca Henneman": "Q113624692", "Neeltje Huddleston Slater": "Q113624697", "Anke Huyben": "Q113624701", "Lena Kosztyucsenko": "Q113624717", "Esmee Muijlwijk": "Q113624842", "Myriam Oude Vrielink": "Q113624883", "Svetlana Prigoditch": "Q113624893", "Anouk Schepers": "Q113624903", "Paulien Schipper": "Q113624918", "Judith Schwendener": "Q113627231", "Lynn Somers": "Q113627564", "Diana van der Wal": "Q113627618", "Hester Zagt": "Q113627668", "Sophia Zobel": "Q113627686", "Marlies B\u00e4chinger": "Q113648567", "Katharina Issler": "Q113648570", "Marina Marioni": "Q113867321", "Emilia Castillo": "Q113883944", "Gabrielle Gould": "Q113896191", "Sue-Yee Leung": "Q114020507", "Marcia Macdonald": "Q114036377", "So Young Park": "Q114037663", "Rachel Timmins": "Q114164477", "Karen Gilbert": "Q114164594", "Lisa Pointon-Reico": "Q114164626", "Liz Oppenheim": "Q114164629", "Lou Ann Townsend": "Q114164631", "Lynda Bahr": "Q114164632", "Niki Ulehla": "Q114164658", "Rachel Shimpock": "Q114164662", "Sandra McEwen": "Q114164675", "Sarah Hassler": "Q114164677", "Seung-Hea Lee": "Q114164678", "Sheko Kirby": "Q114164679", "Susan Mahlstedt": "Q114164691", "Tabitha Ott": "Q114164693", "Tamra Thomas-Gentry": "Q114164695", "Tara Locklear": "Q114164696", "Tiara Kim": "Q114164703", "Valerie Hector": "Q114164710", "Younha Jung": "Q114164715", "Mary Hayslip": "Q114352158", "Gloria Lomas": "Q114364746", "Hanna Liljenberg": "Q114702904", "\u00c5sa Lockner": "Q114702971", "Sara Malm": "Q114703185", "Anna Norrgrann": "Q114703292", "Lena Olson": "Q114708410", "Sanna Svedestedt Carboo": "Q114708742", "Sanna Wallgren": "Q114708756", "Genevi\u00e8ve Treyvaud": "Q114805608", "Daniella Kerner": "Q115033091", "Kira Fritsch": "Q115134465", "Ruby Aitchison": "Q115281485", "Ina McNeil": "Q115326668", "\u00c9milie Trudel": "Q115526521", "Valentine Dubois": "Q115645841", "Christiane Gilg": "Q115646070", "Kirsten J\u00e4schke": "Q115646692", "Katrin Lucas": "Q115647518", "Susanna Matsch\u00e9": "Q115647641", "Ruth Temur": "Q115647780", "Francesca Urciuoli": "Q115647822", "Snem Yildirim": "Q115647860", "Gemma Canal": "Q115697433", "Nicole Deuster": "Q115697522", "Carla Durlan": "Q115699912", "Alicia Gir\u00e1ldez": "Q115700420", "Carme Roher y Casellas": "Q115700439", "F\u00e1tima Tocornal": "Q115700497", "Alejandra Fabiana Agusti": "Q115786530", "Paloma Cobos": "Q115788312", "Geraldine Fenn": "Q115788464", "Eva Fernandez": "Q115788486", "Melanie Georgacopoulos": "Q115788527", "Lucie Gledhill": "Q115788572", "Luisa Kuschel": "Q115788803", "Monique Lecouna": "Q115788934", "Tamara Marbl Joka": "Q115789054", "Gabriela Marcos": "Q115789067", "Maria Militsi": "Q115789392", "Hannah Norris": "Q115789496", "Lina Peterson": "Q115789659", "Cecilia Richard": "Q115789702", "Jolynn Santiago": "Q115789880", "Dannielle Surgeon-Eustace": "Q115792246", "Vivienne Jones": "Q116052001", "Eva Girbes": "Q116259534", "Natsumi Kaihara": "Q116259558", "Claire Lavendhomme": "Q116259576", "Sandra Llus\u00e0": "Q116259595", "Elisabet Puig": "Q116259614", "Jessica Turrell": "Q116259648", "Alice Pazalmar": "Q116455255", "Birgit Engelmann": "Q116593890", "Gudrun Fl\u00fcgge": "Q116594228", "Monika Jakubec": "Q116597679", "Leonore Jock": "Q116598090", "Silvia Kirsch": "Q116600571", "Elisabeth Krampe": "Q116600607", "Hilde Leiss": "Q116601652", "Friedrike Maltz": "Q116601895", "Laura Santi": "Q116610965", "Bettina Schelzig": "Q116611471", "Anja Sch\u00f6nmeyer": "Q116615706", "Barbara Schulte-Hengesbach": "Q116615833", "Regula Wyss": "Q116616306", "Annika \u00c5kerfelt": "Q116771497", "Jivan Astfalck": "Q116771539", "Aud Charlotte Ho Sook Sinding": "Q116771715", "Anna Martinsson": "Q116771918", "Kerstin Ringedal": "Q116772001", "Sheila Concari": "Q116836603", "Marie-No\u00eblle de la Poype": "Q116854570", "Monika Soszynska": "Q116860233", "Kristin Urup": "Q116860435", "Ekaterina Khmelnitskaya": "Q116911330", "Alexandra Lozier": "Q116911571", "Lauren Schott": "Q116914295", "Anne Turner": "Q116919870", "Franziska Seilern-Aspang": "Q116922570", "Sabine Wehr": "Q116922596", "Rawan Al-Sehli": "Q116923391", "Phyllis Bowdwin": "Q117018069", "Blanche Tilden": "Q117231237", "Femke Boschker": "Q117472092", "Annette Clay": "Q117472109", "Nicolette van Hattum": "Q117472164", "Ria Lins": "Q117472321", "Maria van der Mel": "Q117472414", "Margo Nelissen": "Q117472656", "Kazuko Nishibayashi": "Q117472676", "Katja Schlegel": "Q117472725", "Karen Vanmol": "Q117472916", "Els Vansteelandt": "Q117472967", "Alison Brown": "Q117714996", "Paula Isola": "Q117715437", "Olivia Monti Arduini": "Q117715706", "Violaine Ulmer": "Q117716003", "Fabienne Withof": "Q117716052", "Arian Lazaridou": "Q117786675", "Annick Zufferey.": "Q118108859", "Raquel Bessudo": "Q119807569", "Elvire Blanc Briand": "Q119807630", "Rosa Borred\u00e0": "Q119807870", "Nanna Doll": "Q119820961", "Teresa F. Faris": "Q119821883", "Fabiana Gadano": "Q119821919", "Patricia Iglesias": "Q119823728", "Michelle Kr\u00e4mer": "Q119824052", "Carmen L\u00f3pez": "Q119836212", "Mabel Pena": "Q119839251", "Ute van der Plaats": "Q119839677", "Linda Savineau": "Q119839719", "Maud Traon": "Q119840880", "Charlotte Vanhoubroeck": "Q119840997", "Pilar Viedma Gil de Vergara": "Q119846830", "Henrike Altes": "Q119857942", "Iris Claessens": "Q119858857", "Caroline Dieler": "Q119858902", "Rosalie Royen": "Q119872676", "Monique Vondenhoff": "Q119878793", "Vanessa Arthur": "Q120177256", "Eva Burton": "Q120178483", "Jeanet Gem": "Q120180209", "Elena Gorbunova": "Q120182350", "Sonia Pibernat": "Q120186779", "Caroline Thomas": "Q120187113", "Deanna Littell": "Q120559116", "Rachel Carren": "Q120844165", "Mikala Djorup": "Q120844963", "Lindley Haunani": "Q120868417", "Tomoyo Hiraiwa": "Q120868468", "Barbara Mail": "Q120900240", "Sandra McCaw": "Q120906478", "Matilde Poulat": "Q120913093", "Matsushima Sakurako": "Q120930991", "Emma Fielden": "Q120969450", "Donna Stoner": "Q122402682", "Paloma Canivet": "Q122890541", "Violaine Febvret": "Q122890617", "Catherine Le Gal": "Q122890643", "Rose Morant": "Q122890715", "Juliette Polac": "Q122890754", "Anke Vrignon": "Q122890789", "Disa Allsopp": "Q123026608", "Heather McDermott": "Q123026682", "Eleanor Symms": "Q123026771", "Astrid Becksteiner-Rasche": "Q123252984", "Naama Bergman": "Q123252996", "Anna Rikkinen": "Q123254186", "Claudia Buck": "Q123407954", "Christine Knowles": "Q123411822", "Beatrix Mahlow": "Q123411963", "Susanne Miller": "Q123411987", "Annette R\u00f6ssle": "Q123412391", "Hedwig Seitz": "Q123412422", "Victoria Wittek": "Q123412801", "Gertie Bijkerk": "Q123533301", "Isabelle G\u00e9r\u00e9ec": "Q123534028", "Nicole van Heeswijk": "Q123535849", "Sonja Hunefeld": "Q123537299", "Ceren Keyman": "Q123537439", "Sarah Kobak": "Q123537600", "Jantine Kroeze": "Q123537679", "Pascale Masselis": "Q123537761", "Maria Monari": "Q123542002", "Monica Perez": "Q123553765", "Isabelle Riffon": "Q123553839", "Anna Scheen": "Q123553914", "V\u00e9ronique Ribbink": "Q123681831", "Hester Vonk Noordegraaf": "Q123681942", "Merilin Pedastsaar": "Q123996509", "Ulrike Bahrs": "Q124054293", "L'Wren Johnson": "Q124061742", "Susana G\u00f3mez": "Q124310745", "Kuniko Maeda": "Q124337703", "Silvia Bellia": "Q124669949", "Annora Poppe": "Q124670070", "Miriam Arentz": "Q124683710", "Lynn Batchelder": "Q124683731", "Anna B\u00f6rcs\u00f6k": "Q124683787", "Maria Cecilia Capisano": "Q124683801", "Margo Csipo": "Q124684158", "B\u00e1rbara d'Ambra Pazos": "Q124684250", "Hilde Dramstad": "Q124684294", "Sharon Fitness": "Q124684322", "Sara Gackowska": "Q124684360", "Lydia Hirte": "Q124684426", "Emily Lewis": "Q124684517", "Laura Leyt": "Q124684542", "Kristina Merchant": "Q124684651", "Juliana Molina": "Q124684679", "Maya Shochat": "Q124684851", "Maria Ignacia Walker Guzman": "Q124685098", "Yasmin Zehavi": "Q124685259", "Sofia Beilharz": "Q124735752", "Margherita Berselli": "Q124735788", "Susie Heuberger": "Q124735806", "Carolina Lutz": "Q124735971", "Mandy Rasch": "Q124736248", "Kathrin S\u00e4ttele": "Q124736371", "Marian Vanhaeren": "Q124736406", "Sibylle Wolf": "Q124736419", "Heather Woof": "Q124736427", "Angie Boothroyd": "Q124753652", "Kate Brightman": "Q124753708", "Mercedes Castro Corbat": "Q124753722", "Alice Clarke": "Q124753759", "Tania Clarke Hall": "Q124754768", "Frederique Coomans": "Q124754903", "Olivia Creber": "Q124754915", "Grace Hamilton": "Q124758692", "Prudence Horrocks": "Q124758757", "Christina Karababa": "Q124758780", "Kirsten Manzi": "Q124760206", "Louise Miller": "Q124767571", "Victoria Richards": "Q124784871", "Anne Selby": "Q124784914", "Sophie Stamp": "Q124785057", "Kirsty Stewart": "Q124785240", "Emma Stirling": "Q124785264", "Ami Victoria Pepper": "Q124785509", "Frances Wadsworth Jones": "Q124785572", "Cristina Zani": "Q124785578", "Doris Grimm": "Q124804353", "Anja Adolfs": "Q124861456", "Ilja de Bruin": "Q124881467", "Aleida van Wijngaerde": "Q124919985", "Nanneke Thuijs": "Q125101162", "Tine Steen": "Q125342444", "Linda Liket": "Q125360842", "Maria Ka Pick Wong": "Q125360885", "Anna Ameling": "Q125363076", "Helen Habtay": "Q125363178", "Amelie Spitz": "Q125363211", "Trudy Kleijnen": "Q125476434", "Allison Macgeorge": "Q125536389", "Claire Sanford": "Q125536403", "Jil Slosburg-Ackerman": "Q125536415", "Duibhne Gough": "Q125592262", "Marjo van den Bekerom": "Q126099413", "Michela Mazzeo Timmer": "Q126100631", "Charlotte Molenaar": "Q126100649", "Dieuwke Raats": "Q126100698", "Iris Weyer": "Q126100736", "Karen Gilles": "Q126177414", "Eva Kipp": "Q126177465", "Marjanne Sorgdrager": "Q126177626", "Hiltje Wijnia": "Q126177651", "Kate Bauman Mess": "Q126414754", "Alicia Jane Boswell": "Q126414758", "Anna Maria Hinterleitner": "Q126720340", "Akosua Bandele": "Q127693789", "Teresa Dantas": "Q127833850", "Lia Morais": "Q127835267", "Paula Mour\u00e3o": "Q127835811", "Carolina Quintela": "Q127836801", "Marcela Mu\u00f1iz": "Q127868687", "Valeria Hasse": "Q127868710", "Brenda Schweder": "Q128214620", "Elisabeth Drude": "Q128214689", "Elvira Cibotti": "Q128214690", "Esther Ortiz-Villajos": "Q128214701", "Gl\u00f2ria Tormo Bernad": "Q128214936", "Ilona Bokser": "Q128215030", "Julia M\u00fcnzing": "Q128220484", "Lily Preve": "Q128221414", "Lynne Speake": "Q128225201", "Mar\u00eda Paula Botto Fiora": "Q128226706", "Saskia Bostelmann": "Q128260471", "Annette McKee": "Q128681047", "Julie Kiefel": "Q128683966", "Kirsten Perry": "Q128684292", "Natalie Lleonart": "Q128685452", "Sarah Ross": "Q128687305", "Shelley Hilton": "Q128687612"}