{"\u0633\u0639\u0627\u062f\u0629 \u0627\u0644\u062f\u062c\u0627\u0646\u064a": "Q126373746", "Nechama Pohatchevsky": "Q12409829", "Praskovia Danilova": "Q112620089", "Elisabeth N\u00e4gelsbach": "Q1330161", "Victoria Eschke": "Q111088118", "Elenis del Valle Rodriguez": "Q45918664", "Marisela Valentina Godoy Estaba": "Q63683672", "Ana Isabel Piaggi": "Q16483109", "Helena Lepiarz": "Q24036070", "Anna Peters": "Q108841074", "Louise Frentzel": "Q107742609", "Oleksandra Bohdanova": "Q28701840", "Ljubow Wolynzewa": "Q54370395", "Mitsuko Ishiwatari": "Q17193071", "K\u00e4the Fr\u00f6hbrodt": "Q111610465", "Zde\u0148ka Patschov\u00e1": "Q10857834", "K\u00e4the Manasse": "Q20980287", "Maria Schwarz": "Q112594033", "Wera May": "Q108899424", "Anna-Lisa Vinberg": "Q50512432", "Ellen Drews": "Q111079437", "Hildegard Kr\u00fcger": "Q57624034", "Lucia Guggemos-Finger": "Q111141229", "Ogenia Wienogradov": "Q6717817", "Madda Holda": "Q12734680", "Emma Woesler": "Q111537687", "Lucie Deltour": "Q87262209", "Gra\u017ebyl\u0117 Venclauskait\u0117": "Q12655834", "\u8523\u660c\u7152": "Q15931283", "Wiltraut Rupp-von Br\u00fcnneck": "Q1000023", "Ellen Larsen": "Q27531030", "K\u00e1rolyn\u00e9 D\u00f6brentei": "Q124599032", "Emma Fink": "Q111098396", "Mercedes Formica": "Q11692105", "\u05dc\u05d5\u05d1\u05d4 \u05e4\u05d5\u05e8\u05d8\u05d5\u05e0\u05d4": "Q47488235", "Park Jin-hong": "Q85979291", "Pauline Hopf": "Q112569347", "Mina Shamir": "Q112865136", "Hilda Moltedo de Esp\u00ednola": "Q123383716", "Maarit Saarni-Rytk\u00f6l\u00e4": "Q22133162", "Zofia Stypu\u0142kowska": "Q9391866", "Hana Avnur": "Q17523657", "Hildegard Eckmans": "Q110290030", "Annette Sch\u00fccking-Homeyer": "Q72435920", "Erika Scheffen": "Q38290899", "Xinxiang Fan": "Q15913787", "Sonja Boekman": "Q2715088", "Jeanne d'Arc Lemay-Warren": "Q117781182", "Thereza Gris\u00f3lia Tang": "Q48637352", "Barbara Just-Dahlmann": "Q807493", "Lieselotte Reinebeck": "Q111362964", "Rut Sturm-Wittrock": "Q107392323", "Irmgard F\u00f6ppl": "Q110291256", "Rosemarie Taube": "Q122264424", "Else Bohr": "Q12309853", "Nicole Pradain": "Q109628352", "Aiko Noda": "Q17215445", "Helga Eckstein": "Q38294728", "Helin\u00e4 Schaffter": "Q22133179", "Monique Mabelly": "Q111153865", "Shulamit Walenstein": "Q29057173", "Hilda Uusk\u00fcla": "Q42900593", "B\u00f6ret Palm": "Q48644437", "Halina Karpi\u0144ska": "Q47007470", "Birgitta Adde": "Q4933778", "Maria Regent-Lechowicz": "Q11769119", "Eva Leith\u00e4user": "Q1379297", "Irmgard Hennicke": "Q110279439", "Mitsuko Terasawa": "Q17217890", "Charlotte Eckstein": "Q112169129", "Monique Pelletier": "Q1944831", "Dien Barendsen-Cleveringa": "Q27777544", "\u00c9lvia Castello Branco": "Q10396296", "Wies\u0142awa Bardonowa": "Q11837769", "\u05e2\u05d3\u05d9\u05e0\u05d4 \u05e4\u05d5\u05e8\u05ea": "Q122883605", "Gisela Geiger-Nietsch": "Q15812345", "Anja van den Blink": "Q45320351", "Anna Piotrowska": "Q113555667", "Ingrid Andersson": "Q56301645", "Clementina Sganzini": "Q96474430", "Inga-Britt T\u00f6rnell": "Q4983777", "Elisabeth Steup": "Q1330311", "Y\u016bk\u014d Urano": "Q11558375", "Inga Schmidt": "Q112569572", "Jeanne Olinger-Rouff": "Q16439919", "Gisela Michels-Holl": "Q112183184", "Elisabeth Barbara Schmitz": "Q110285522", "Cnea Cimini Moreira de Oliveira": "Q23892724", "Irma Alonso": "Q123598300", "Seik\u014d Yoshimi": "Q11446682", "Ewa Kwiatkowska": "Q30903193", "Czes\u0142awa \u017bu\u0142awska": "Q66828524", "J\u00f3zefa Szykowna": "Q11731807", "Sumiko It\u014d": "Q112239947", "Brita Swan": "Q130236307", "Anne Gertraude van Hees": "Q110270902", "Hortense von Maringh": "Q108304995", "Gisela Wild": "Q1365515", "Maria \u0141abor-Soroka": "Q11769272", "Birgitta Gislev": "Q130263476", "Alla Bolshova": "Q18881446", "Leena Hoviniemi": "Q27588684", "\u0625\u0646\u0635\u0627\u0641 \u0627\u0644\u0628\u0631\u0639\u064a": "Q125253805", "Ruth Hofmann": "Q15440005", "Anna Rikarda von Schleu\u00dfner": "Q110382318", "Tova Strasberg-Cohen": "Q16133358", "M\u00e1ria Bal\u00e1zs": "Q127370034", "Helma zur Rocklage": "Q110280587", "Alenka \u0160elih": "Q18502300", "Ursula Schmitt": "Q110284754", "Gerlind W\u00fcller": "Q110290630", "Monika Hartlieb": "Q111141232", "\u694a\u6167\u82f1": "Q9298967", "Hilke Amthor": "Q102151172", "Roula Kaklamanak\u0113": "Q19759828", "Ingegerd Westlander": "Q37016346", "Mariette Verrycken": "Q4973432", "Hadije Maloku-Begolli": "Q61079716", "Gisela Forst": "Q110278222", "Ingeborg Franke": "Q15457297", "Jacqueline Closset": "Q125857587", "Ingrid Petrik": "Q65981413", "Edna Gabrieliov\u00e1": "Q6601686", "Barbara Buhl": "Q107724748", "Antje Sedemund-Treiber": "Q584871", "Inger Nystr\u00f6m": "Q4970660", "Margarita Herreros": "Q5859493", "Christine Krohn": "Q1083629", "Elisabeth Palm": "Q4971721", "Marie-Jos\u00e9 Crespin": "Q113494709", "Gisela Knobloch": "Q105341755", "Elida Fajardo": "Q123786884", "Sara  Sirota": "Q7038937", "Anja Tulenheimo-Takki": "Q4983583", "Diane B. Schulder": "Q115519149", "Karin-Huberta Ritter": "Q1729386", "Heidi Lambert-Lang": "Q1594331", "Renate Schwarz": "Q106937337", "Anke Schafft-Stegemann": "Q104833097", "Sonia Araneda": "Q6132210", "Christa Biermann": "Q107021911", "Helga Scholz-Hoppe": "Q38299673", "T\u00fcrkan G\u00fcven": "Q47499789", "Jeanette Attiger-Suter": "Q73926958", "Gisela Harbeck": "Q113197260", "Helga Zeuner": "Q107293458", "Ursula Lewenton": "Q106618420", "Ingeborg Wolff": "Q1321818", "Marta Battistella": "Q123599404", "Annegret Derleder": "Q107723538", "Susanne Schlichting": "Q105945784", "Vanyushka Angusheva": "Q106634452", "Felizitas Fertig": "Q107177431", "Emilia Pogonowska-Jucha": "Q9253609", "Bracha Ofir-Tom": "Q6767174", "Zofia \u015awida": "Q9391915", "Maria Gintowt-Jankowicz": "Q11768862", "Kristiane Weber-Hassemer": "Q1789252", "Helene Partik-Pabl\u00e9": "Q113604", "Adelheid Harthun-Kindl": "Q105079681", "Zipora Brun": "Q27020274", "Ulla Rubinstein": "Q14905948", "Ona Dzedulionien\u0117": "Q12667226", "Marie-Luise Franz": "Q110292098", "Helena Ciep\u0142a": "Q9287309", "Frauke Holz": "Q106510733", "Adelheid Kaufmann": "Q112625167", "Edda Huther": "Q62029866", "Inge Hornischer": "Q109327220", "Irene Michiels van Kessenich-Hoogendam": "Q3171259", "Anneliese Bergmann": "Q105943315", "Monika A\u00faz Castro": "Q110273014", "Ute Winkler": "Q104914910", "Lisbeth Lass": "Q1827863", "Heide Boysen-Tilly": "Q106346737", "Dagmar Schuchardt": "Q106619166", "Margrit Glogau-Urban": "Q107370057", "Christel Alber": "Q15436947", "Christel Streffer": "Q15794157", "Sonia Sgambatti": "Q110271792", "Inge Friedrich": "Q68337391", "Kristin T\u00fcttenberg": "Q2752500", "Helga Oltrogge": "Q58541999", "Brigitte Tilmann": "Q2663650", "Katharina Deppert": "Q1735881", "Riitta Suhonen": "Q16990659", "Doroth\u00e9e de Sampayo": "Q14850369", "Karin H\u00f6kborg": "Q14852063", "Saviona Rotlevi": "Q111219139", "Teresa D\u0119bowska-Romanowska": "Q9357282", "Virpi Tiili": "Q11901713", "Nina Pripp": "Q4973547", "Angela Lemppenau-Kr\u00fcger": "Q104883071", "Eva Smith": "Q12310747", "Marianne Hornung-Grove": "Q109407445", "Konstanze G\u00f6rres-Ohde": "Q104901430", "Hilke Brossok": "Q107021910", "Nanneke Quik-Schuijt": "Q2360160", "Karin Renate Ahmann": "Q1249166", "Gertrud Lennander": "Q4961718", "Brigitte Dreger": "Q107739634", "Cornelia Hoene": "Q108700027", "Mar\u00eda Jover Carri\u00f3n": "Q111082737", "Jadwiga Sk\u00f3rzewska-\u0141osiak": "Q11715975", "Giseltraud Otten": "Q1527553", "Lidija Liucija \u017dilien\u0117": "Q16458591", "Ursula Nordmann-Zimmermann": "Q106685002", "Maren M\u00fcnke": "Q38306341", "Ursula Gerhardt": "Q2501613", "Stanis\u0142awa Kalus": "Q38046399", "Sabine Stachwitz": "Q2209920", "Jadwiga Gi\u017cycka-Koprowska": "Q11715881", "Constanze Angerer": "Q15623154", "Nili Arad": "Q6699580", "Judith Tsur": "Q12407845", "Marisa Arag\u00f3n": "Q106778841", "Petra Unger": "Q109305557", "Adelheid Kiesinger": "Q105740734", "Andr\u00e9sia Vaz": "Q13429612", "Birgit Reinecke": "Q865315", "Chrysula Giatagana": "Q64548642", "Reinhild Ruban": "Q1423542", "Gerda M\u00fcller": "Q1232687", "Arlette Ramaroson": "Q13430517", "Varda Aleshech": "Q12407166", "Gabriele Winkler": "Q111718411", "\u041b\u044e\u0434\u043c\u0438\u043b\u0430 \u041f\u0430\u043d\u0442\u0435\u043b\u0435\u0435\u0432\u043d\u0430 \u0427\u0443\u0431\u0430\u0440\u044c": "Q97164768", "Ruth Herz": "Q1685526", "Barbara Ambrosius": "Q807332", "Yoshiko Tanaka": "Q11575739", "Kerstin Andr\u00e9": "Q4935989", "Pernilla Lindh": "Q4962817", "Heide Boeker": "Q110942714", "Carolyn Turchin": "Q5045480", "Milojka Modrijan": "Q30086440", "Ingeborg Tepperwien": "Q1662938", "Teresa Liszcz": "Q9357324", "Eeva Vuori": "Q11856900", "Teodora Staugaitien\u0117": "Q2403960", "Maria Grzelka": "Q11768879", "Mette Christensen": "Q50328219", "V\u011bra Koreck\u00e1": "Q14435195", "Mariela Sass\u00f3n": "Q123676553", "Manja Pach": "Q116455783", "Eva Zarembov\u00e1": "Q11985208", "Rena Asimakopoulou": "Q16327735", "Josefina Triguero Agudo": "Q87193544", "Chikako Taya": "Q13570130", "Ingrid Teichm\u00fcller": "Q94695528", "Maria My\u015bli\u0144ska": "Q11769049", "Ivana Jan\u016f": "Q12022046", "Barbara de Ankerburg-Wagner": "Q11687380", "Daniela Solin-Stojanovic": "Q1163573", "Eva-Maria Schermer": "Q110370875", "Marijke Scholten": "Q13815606", "Marija Krisper Kramberger": "Q13219600", "Melitta Dembicki": "Q108874016", "Aspazia Cojocaru": "Q12721116", "Monika V\u00f6llmeke": "Q111305269", "Rosa Mar\u00eda Maggi": "Q6112210", "Cheryl Johnson": "Q19668160", "Gabriele Schroeter": "Q110391542", "Karin Aust-Dodenhoff": "Q104971664", "Liljana Ingilizova-Ristova": "Q12908102", "Tchia Shapira": "Q16342260", "Mirjam \u0160krk": "Q30086288", "Hannelore Leuthold": "Q106375977", "Irena Wiszniewska-Bia\u0142ecka": "Q610719", "Ursula Jungherr": "Q1715671", "Renate Elf": "Q2143370", "Roma Sabina Alimien\u0117": "Q12671622", "Imelda Merle Perry": "Q14851551", "Vibecke Groth": "Q15732053", "Angelika Mack": "Q105100051", "Helga Heeren": "Q112569152", "Emilii\ufe20a\ufe21 Drumeva": "Q12279853", "Meo-Micaela Hahne": "Q1326429", "Viera Mr\u00e1zov\u00e1": "Q16519773", "Dvora Berliner": "Q1228402", "Rina Meshel-Grunis": "Q19777818", "Kati Hid\u00e9n": "Q11870350", "Annelie Marquardt": "Q566101", "Milagros Calvo": "Q82258524", "Eleonore Berchtold-Ostermann": "Q2691867", "Vera Markova": "Q64007076", "Adela As\u00faa Batarrita": "Q5657452", "Sara Frisch": "Q25493400", "Marta Skarova": "Q84323861", "Renate Menk": "Q106874819", "Hsu Pi-hu": "Q15725519", "Maria Vavra": "Q106120670", "Alicia Castro Rivera": "Q123684248", "Jutta Terner": "Q106619167", "Birgitte Andersen": "Q20033208", "Elena Gosheva": "Q64005776", "Megumi Yamamuro": "Q11467735", "Marianne Grabrucker": "Q110315601", "Birgit V\u00e9zina": "Q865362", "Ruth Wetzel-Steinwedel": "Q1433739", "Christine Dekkers": "Q110454375", "Marian Soutendijk-van Appeldoorn": "Q3406504", "El\u017cbieta Skowro\u0144ska-Bocian": "Q9253262", "Eli\u0161ka Wagnerov\u00e1": "Q11878277", "Margot Kessler": "Q11768668", "Carmen K\u00f6nig": "Q1043664", "Etelka Korpi\u010d - Horvat": "Q30087652", "Hannelore Kohl": "Q1390293", "Laurita Hil\u00e1rio Vaz": "Q10316587", "Nahomi Ichimiya": "Q16264146", "Marion Eckertz-H\u00f6fer": "Q1692112", "Teresa Flemming-Kulesza": "Q18225664", "Karin Wiedemann": "Q1729585", "Irena Kaminska": "Q60667968", "Assia El Ouadie": "Q20381840", "Andrea Kempmann": "Q106427200", "Ilse-Sabine Beck": "Q1659077", "Maryt\u0117 Mitkuvien\u0117": "Q12664671", "Celia Maya Garc\u00eda": "Q62006199", "Renate Citron-Piorkowski": "Q108699435", "Barbara Adamiak": "Q9165273", "Michiyo Miyokawa": "Q11354353", "Assusete Magalh\u00e3es": "Q20045631", "Lena Moore": "Q4968049", "Bianca Fischer": "Q855331", "Monika Weisberg-Schwarz": "Q105037911", "Ursula Safari Chabestari": "Q2501840", "Suse Martin": "Q2369615", "Dragica Wedam Luki\u0107": "Q11825710", "Katarina Wingqvist Ekholm": "Q130223818", "Elisabeth M\u00fchlens": "Q15431663", "Irena Pelik\u00e1nova": "Q1672475", "Rosemarie Will": "Q1395813", "Eva-Maria Schwarz-Angele": "Q111376996", "Susanne Leuzinger-Naef": "Q2369370", "Mariana Karagyozova-Finkova": "Q110065375", "Lilian Wiklund": "Q38774393", "Beate Benner": "Q106580784", "Beate Harms-Ziegler": "Q108654496", "Sabine Kallmann": "Q105153880", "Marie-Rose Bracke": "Q108201058", "Edeltraut T\u00f6pfer": "Q1283432", "Ella Nystr\u00f6m": "Q4970653", "Peng Fengzhi": "Q9201450", "Danut\u0117 Mila\u0161ien\u0117": "Q16447008", "Maria Nat\u00e9rcia Gusm\u00e3o Pereira": "Q25261983", "Awa Bah": "Q60929958", "Mariana Yepez Andrade": "Q76559416", "Karin Wolski": "Q107207830", "Maria Wi\u015bniewska": "Q110955352", "Zuzana \u010euri\u0161ov\u00e1": "Q17115599", "Hiroko And\u014d": "Q59779763", "Gerlinde Winter": "Q110883530", "Susanne Hauser": "Q15432330", "Siri Berg Paulsen": "Q12000611", "Olga Kozlova": "Q28665379", "Sieglinde Michalik": "Q108472638", "Birgit Willikonsky": "Q105016728", "Ursula Tronser": "Q110416034", "Tsvetana Kamenova": "Q12298786", "Kristina G\u00f6hle-Sander": "Q105051947", "Roswitha M\u00fcller-Piepenk\u00f6tter": "Q2167951", "Omi S\u00f6derblom": "Q110603583", "Barbara Salesch": "Q807613", "Junko Ikadatsu": "Q11602768", "\u013dudmila Babjakov\u00e1": "Q13371154", "Monika N\u00f6hre": "Q16854723", "Dalia Ganot": "Q12405812", "Soile Poutiainen": "Q5400686", "Christine H\u00fcgel": "Q1083610", "Vonimbolana Rasoazanany": "Q14516951", "Beatrix Weber-Monecke": "Q38304916", "Elisabeth Buchberger": "Q107568745", "Mechthild Dyckmans": "Q1915614", "Marie Ziskova": "Q62006939", "Irmgard Wolf": "Q106289617", "Bettina Dick": "Q106346739", "Ingrid Jent-S\u00f8rensen": "Q1565551", "Monika Anders": "Q117184833", "Renate Rheineck": "Q107446034", "Ingeborg Prasch": "Q111313161", "Jeon Hyo-sook": "Q16091580", "Iva Bro\u017eov\u00e1": "Q12021894", "Sharon Williams": "Q14722002", "Liisa Mansikkam\u00e4ki": "Q11875846", "Margret Diwell": "Q1234915", "Dora Maria da Costa": "Q126882467", "Heike Haseloff-Grupp": "Q104772465", "Christel Schuster": "Q111376995", "\u0412\u0435\u043d\u0435\u0442\u0430 \u041f\u0435\u0442\u0440\u043e\u0432\u0430-\u041c\u0430\u0440\u043a\u043e\u0432\u0441\u043a\u0430": "Q31192155", "Trees Merckx-Van Goey": "Q2071393", "Dagmar Lastoveck\u00e1": "Q11774059", "Vivian Sredl": "Q110402377", "\u9ec4\u5c14\u6885": "Q15934545", "\u0412\u043e\u043b\u044c\u0433\u0430 \u0413\u0435\u043d\u0430\u0434\u0437\u044c\u0435\u045e\u043d\u0430 \u0421\u044f\u0440\u0433\u0435\u0435\u0432\u0430": "Q101004841", "Ursula Kraemer": "Q108420279", "Laima Leipuvien\u0117": "Q12662289", "Laim\u0117 Baltr\u016bnait\u0117": "Q12662330", "Regina Gaudutien\u0117": "Q12671111", "\u9ec3\u745e\u83ef": "Q15945432", "Hennah Buyne": "Q13724547", "Renate M\u00f6cke": "Q108700631", "Tatiana Neshataeva": "Q4318347", "Anna Skarhed": "Q4979070", "\u041b\u0456\u043b\u0456\u044f \u0420\u044b\u0433\u043e\u0440\u0430\u045e\u043d\u0430 \u041a\u043e\u0437\u044b\u0440\u0430\u0432\u0430": "Q101004565", "Lizbeth Song Encalada": "Q5977556", "Riet Leysen": "Q15986542", "Dela\u00edde Alves Miranda Arantes": "Q10264820", "Marianne Schulze": "Q107529187", "Audron\u0117 Bugelevi\u010dien\u0117": "Q12649506", "Huang Hsi-chun": "Q15929087", "Raimunda de Pe\u00f1afort Lorente": "Q117305704", "\uc804\uc218\uc548": "Q12615201", "Michaela \u017didlick\u00e1": "Q12036670", "Anne-Jos\u00e9 Paulsen": "Q564758", "Mimi Methvin": "Q18344867", "Nancy Andrighi": "Q10335448", "Adelheid J\u00e4ger": "Q110997949", "Sigrun Hasseln": "Q6479308", "Maria Cristina Peduzzi": "Q18279788", "Margarete Gr\u00e4fin von Schwerin": "Q29383471", "Antje Niewisch-Lennartz": "Q6526112", "Montserrat Comas": "Q6022848", "Jasna Poga\u010dar": "Q30086398", "Nekane San Miguel": "Q44573430", "Montserrat Comas d'Argemir": "Q50124330", "Hannelore Kaiser": "Q106839674", "Doris M\u00f6ller-Scheu": "Q107743759", "Milu\u0161e Do\u0161kov\u00e1": "Q124170711", "Zita Smirnovien\u0117": "Q206150", "Erika Andre\u00df": "Q1354289", "Ulrike Hillmann": "Q2477325", "Violeta Ra\u017einskait\u0117": "Q12677748", "Susanne Werner": "Q111468925", "Nilza Salvo": "Q123684562", "Elena Vainien\u0117": "Q16450420", "Helen S\u00e6ter": "Q11974749", "Marta Klampfer": "Q12035659", "Clotilde M\u00e9d\u00e9gan-Nougbod\u00e9": "Q111338144", "Dangut\u0117 Ambrasien\u0117": "Q1159680", "Hannelore Wirth-Vonbrunn": "Q107565815", "Andrea Versteyl": "Q15438633", "Vlasta Form\u00e1nkov\u00e1": "Q11913900", "Angelika Reichart": "Q534552", "\u013dudmila Gajdo\u0161\u00edkov\u00e1": "Q10545656", "Elsemette Cass\u00f8e": "Q12309875", "Karen Buse": "Q1721965", "Audron\u0117 Jarackait\u0117": "Q16444714", "Jutta Lewin-Fries": "Q106076803", "Brigitte H\u00f6rster": "Q106193286", "Dagmar Ruderisch": "Q106457347", "Dagmar W\u00fcnsch": "Q106939397", "Margrit Lichtinghagen": "Q1436955", "Laima Garnelien\u0117": "Q1800708", "Nijol\u0117 Pi\u0161kinait\u0117": "Q15243263", "\u015eebnem G\u00fcnayd\u0131n": "Q20175364", "Gabriele Caliebe": "Q38314024", "B\u00e4rbel Freudenberg-Pilster": "Q1019021", "Nina Butnorien\u0117": "Q12666930", "Elisabet Fura": "Q4949255", "Liselotte G\u00fcnniker": "Q15285066", "Mayra Mart\u00ed": "Q6007749", "Zlatka Ruseva": "Q126326935", "Marie Turkov\u00e1": "Q12035483", "Anna Weso\u0142owska": "Q9155794", "Angelika Blettner": "Q106591494", "Ann-Christine Lindeblad": "Q4962543", "Birgit Munz": "Q28213328", "Elvyra Baltutyt\u0117": "Q15990474", "Vera G\u00e4de-Butzlaff": "Q1605899", "Desnayeti": "Q16174293", "Hila Gerstl": "Q6642198", "Janina Stripeikien\u0117": "Q16453209", "Dina Moyal": "Q29838637", "Zhanna Shkurdziuk": "Q105975023", "Brunhild Steding": "Q107019771", "Susanne Rubbert": "Q107475144", "Nava Ben-Or": "Q110640521", "Margherita Cassano": "Q123999870", "Edith Gr\u00e4fl": "Q1284990", "Ma Xinlan": "Q16908217", "Mariia Markush": "Q12121441", "Mar\u00eda Dolores Galovart Carrera": "Q25509659", "Marliese Dicke": "Q105062147", "Christine Me\u00dfbacher-H\u00f6nsch": "Q101059385", "Gabriele Hauser": "Q1490338", "Mich\u00e8le Picard": "Q13850736", "Barbara Dauner-Lieb": "Q807393", "Mariko Watahiki": "Q11607426", "Birgit Freund": "Q104958881", "Ma\u0142gorzata Pyziak-Szafnicka": "Q11772359", "Charlotte Thum-Rung": "Q111630056", "Margret Spaniol": "Q1895440", "Olga Yegorova": "Q4173804", "Janina Janu\u0161kien\u0117": "Q16453198", "Ulrike Sassenberg-Walter": "Q107021913", "Chang Chong-Wen": "Q28414751", "Ricarda Brandts": "Q2148594", "Eva-Christine Frentz": "Q110437870", "Lyudmila Zharkova": "Q4178252", "Andrea Cla\u00dfen": "Q106322", "Daisy Kiss": "Q104831116", "Karin Hannappel": "Q15822813", "Kerstin Calissendorff": "Q4987899", "Karin Milger": "Q1729506", "Karin Friehe": "Q111127205", "Marianne Heer": "Q115923236", "Ingrid Schmidt": "Q97680", "Vangelina Markudova": "Q64005921", "Stefanie Theis": "Q106939394", "Sabine Heinke": "Q107952742", "Sarina Jegutidse": "Q108635876", "\u05e8\u05d5\u05d9\u05d8\u05dc \u05d9\u05e4\u05d4 \u05db\"\u05e5": "Q112600758", "Barbara Mayen": "Q807552", "Eva V\u00f6ller": "Q1379536", "Wang Haiping": "Q16906116", "Sawsan Shendi": "Q25451840", "Uta F\u00f6lster": "Q2502752", "Ellen Roggenbuck": "Q15807878", "Tetiana Novikova": "Q12134322", "Helga Laux": "Q107343981", "Eva Hausmann-Lucke": "Q107021912", "Maria Eug\u00e8nia Alegret i Burgu\u00e9s": "Q42890683", "Beate Sost-Scheible": "Q813201", "Petra Martens": "Q111232356", "Selva Klett": "Q123690725", "Pilar de la Oliva Marrades": "Q61862608", "Ursula Schneider": "Q2501862", "Toma Birmontien\u0117": "Q2440277", "Beate Bayer": "Q111033203", "Sona Salmanova": "Q4405904", "Uta R\u00fcping": "Q18343115", "Hana \u0160ediv\u00e1": "Q12019002", "Makiko Takabe": "Q11672975", "Martina Karoff": "Q106839673", "Dorothea Prietzel-Funk": "Q111328264", "Marjeta Cotman": "Q12795892", "Maria Thereza Rocha de Assis Moura": "Q10326104", "Tanja Pober\u017enik": "Q57581222", "Svitlana Vus": "Q12092813", "Gabriele Schuster": "Q26934866", "Irmgard Kirschneck": "Q111183478", "Birut\u0117 Janavi\u010di\u016bt\u0117": "Q12651004", "Tanya Raykovska": "Q111993694", "Varda Wirth Livne": "Q49862522", "Salome Zimmermann": "Q92622498", "Dorrit Klotzb\u00fccher": "Q99696152", "Astrid Baumann": "Q99752056", "Ursula Hantl-Unthan": "Q99893775", "Brigitte Baki": "Q106095648", "Iris Goerke-Berzau": "Q106322505", "Heidrun Quack": "Q106522564", "Regine Winter": "Q1723399", "Cynthia Aaron": "Q5200010", "Raisa Aleksandrovna": "Q16949458", "Johanna Schmidt-R\u00e4ntsch": "Q17322592", "\u0391\u03bd\u03b4\u03c1\u03bf\u03bd\u03af\u03ba\u03b7 \u0398\u03b5\u03bf\u03c4\u03bf\u03ba\u03ac\u03c4\u03bf\u03c5": "Q27924204", "Julia Kat\u0161kovskaja": "Q65264455", "Barbara Loth": "Q807539", "Cornelia Quennet-Thielen": "Q1133402", "Margot Burmeister": "Q105064106", "Marlies Heimann": "Q105081855", "Neli Kuckowa": "Q12288114", "Inge Rudolph": "Q102389823", "Dagmar Rechenbach": "Q108543352", "Vesna Medenica": "Q112052749", "Ilse P\u00fcschel": "Q111353617", "Ramona Pisal": "Q60346072", "Jutta F\u00f6rster": "Q102691692", "Anja Schlewing": "Q66058060", "Isabell G\u00f6tz": "Q23798735", "Vida \u017dostautien\u0117": "Q12677025", "Firuza Abbasova": "Q61122411", "Maria Lepenioti": "Q99894577", "Kathrin Thies": "Q99899404", "\u05e8\u05d7\u05dc \u05dc\u05d1\u05d9\u05d0-\u05d1\u05e8\u05e7\u05d0\u05d9": "Q105315385", "Robaxon Mahmudova": "Q106572447", "Ulrike M\u00fcller-Rospert": "Q106611202", "Karin Goldmann": "Q107775022", "\u0393\u03b5\u03c9\u03c1\u03b3\u03af\u03b1 \u0391\u03b4\u03b5\u03b9\u03bb\u03af\u03bd\u03b7": "Q121008633", "Gabriela Jy\u017c": "Q11699209", "Vaida Urmonait\u0117-Maculevi\u010dien\u0117": "Q15243250", "Ruth D\u00fcring": "Q15843401", "Tuula Pynn\u00e4": "Q29419471", "\u101d\u102b\u101d\u102b\u1011\u103d\u1014\u103a\u1038": "Q129677117", "Janine M. Otalora Malassis": "Q27691569", "Ivetta Macejkov\u00e1": "Q12767700", "Lucia Serena Rossi": "Q59158639", "Ulrike Bumke": "Q110420342", "\u91d1\u5fb3\u8ce2": "Q12587170", "Ramut\u0117 Ru\u0161kyt\u0117": "Q2130440", "Andrea Franke": "Q23059511", "Vesna Rijavec": "Q47977010", "Brigitte G\u00f6ttling": "Q104861606", "Zhang Xuan": "Q8291705", "Du\u0161a Trobec Bu\u010dan": "Q18507870", "Ebba Sverne Arvill": "Q4981571", "Carola von Paczensky": "Q1044272", "Angelika Lex": "Q16007228", "Brigitte Meyer-Wehage": "Q106949496", "Karoline Eder": "Q111086236", "N\u00faria Cl\u00e8ries Ner\u00edn": "Q50857891", "Anna Karin Lundberg": "Q130259062", "Mona Pivniceru": "Q12735855", "Rosina Rossi": "Q123691713", "Gabriele Janke": "Q105073066", "Sibylle Kessal-Wulf": "Q1721823", "Marika Mateska": "Q98772542", "Patrizia Pesenti": "Q121201", "Milada Tomkov\u00e1": "Q8502158", "Al\u0117 Bukavinien\u0117": "Q16443594", "Dunja Jadek Pensa": "Q30087745", "Petra Reiser-Uhlenbruch": "Q106140531", "Bettina Freimund-Holler": "Q106594434", "Petra Laux": "Q106937704", "Elisabeth Kreth": "Q107405977", "\u05e2\u05d9\u05e0\u05ea \u05e8\u05d5\u05df": "Q126519841", "Ulrike Gutheil": "Q2477306", "Ulrike Brune": "Q17326693", "Kenarik Boujikian": "Q23893161", "Praxedis M\u00f6hring": "Q38311872", "Elke Gurlit": "Q105084068", "Ana Mar\u00eda Ferrer Garc\u00eda": "Q16185213", "Rosario Fern\u00e1ndez Hevia": "Q108916268", "Monika Hermanns": "Q1944657", "Natalia Chaptala": "Q39386082", "Susanne H\u00fcttmann-Stoll": "Q2369275", "Gabriele Hessel": "Q1490358", "Aim\u00e9e Zebeyoux": "Q125976663", "Annegret Lenze": "Q108257253", "Marina Wickborn": "Q111537686", "Martina Gerhardt": "Q105080407", "Tomomi Nakazato": "Q11367391", "Ulrike Bick": "Q101237596", "Sabine Knickrehm": "Q1643496", "Inmaculada Montalb\u00e1n Huertas": "Q106287701", "Marianna Mochn\u00e1\u010dov\u00e1": "Q12771030", "Marjut Jokela": "Q11881015", "Susanne Dahlke-Piel": "Q115604631", "Carmen Valcarce Codes": "Q5752673", "Garbi\u00f1e Biurrun": "Q12258190", "Rumyana Chenalova": "Q107981919", "Ursula Gebert-Saltani": "Q108862008", "Sabine H\u00e4user-Eltgen": "Q108874741", "Mar\u00eda Jos\u00e9 Osuna Cerezo": "Q123270567", "Hui-chin Yang": "Q130243598", "Margot Weber": "Q15833859", "Ilse Lohmann": "Q38313720", "Snezhana Georgieska Zekirija": "Q98831587", "Maria Elizabeth Teixeira Rocha": "Q10325830", "Hiroko Kondo": "Q48762770", "Elke Roos": "Q15807870", "F\u00e1tima Mata-Mouros": "Q24691956", "Bettina Limperg": "Q14540749", "Beate Roth": "Q108899276", "Agneta B\u00e4cklund": "Q23914992", "Jadranka Sovdat": "Q30061273", "Anne-Kathrin Fricke": "Q101584478", "Teresa Palacios Criado": "Q10937706", "Mirjana Radevska-Stefkova": "Q98687626", "Gloria Porras": "Q98828201", "Din\u00e4 Sad\u0131yqova": "Q25555477", "K\u016dm-ja Pae": "Q19794693", "Kerstin J\u00fcttemann": "Q99752052", "Cornelia Sch\u00f6nfelder": "Q106473109", "Renate Trenz": "Q106525530", "Ulrike Nagel": "Q106617499", "Gabriele Beyer": "Q106939399", "Karin Spelge": "Q1729564", "Maren Thomsen": "Q15833830", "Ellen Siegers": "Q15911367", "Christiane Oehler": "Q38310842", "Sabine Reger": "Q57829831", "Claudia Wemheuer": "Q66758921", "Regina Kortge": "Q111217542", "Lidija Nedelkova": "Q12908098", "Michal Agmon-Gonen": "Q12409109", "Dulce Neto": "Q106293346", "Ewa Gruza": "Q1382694", "Petra Pohlmann": "Q15446627", "Cecilia Renfors": "Q4974490", "Ariane Mittenberger-Huber": "Q114437316", "Jelica Krstevska": "Q98711145", "Gra\u017eina Davidonien\u0117": "Q16452031", "Frauke Seewald": "Q105094038", "Kathy-Ann Brown": "Q126758279", "Mari Heidenborg": "Q31671956", "Regina Helena Costa": "Q16940593", "Kathrin Grote-Bittner": "Q111132319", "Gabriela B\u00e4hr": "Q108858003", "Marina Syrova": "Q1530816", "Y\u016bko Mizuno": "Q11549402", "Susanne Luderer": "Q106560046", "Katharina Harms": "Q101931355", "Renate Philipp": "Q20745877", "Martina Schwonke": "Q26945171", "Simone Herberger": "Q105953399", "Ulrike Sch\u00f6nfelder": "Q107511419", "Robine de Lange-Tegelaar": "Q115929591", "Andrea Diekmann": "Q128601391", "Mariama Ciss\u00e9": "Q1896617", "Ulla Held-Daab": "Q2475112", "Gemma Gallego S\u00e1nchez": "Q5876699", "Susanne Arend": "Q38307972", "Ute Brenneisen": "Q50398301", "Anthea Pang Po-kam": "Q55696011", "Ann-Marie Wolff": "Q68566605", "Margit Zorn": "Q106112602", "Ismath Bio Tchan\u00e9 Mamadou": "Q107157334", "Nicola Behrend": "Q1558127", "Christine Lager": "Q111011724", "Ruth Arnet Gantner": "Q2177562", "Yumiko Tokuoka": "Q110311611", "Betina Rieker": "Q117447199", "Lee Jung-mi": "Q12612556", "Enny Nurbaningsih": "Q25460896", "Anna Sporrer": "Q27703007", "Susanne Rublack": "Q102385594", "Helga Dehm": "Q15815018", "Mar\u00eda Soledad Melo Labra": "Q124094936", "Emilija Ilievska": "Q98710475", "Ingrid Kopacek": "Q111200724", "Elisabeth Fink": "Q111103690", "Ma\u0142gorzata Masternak-Kubiak": "Q48854735", "Ute Mager": "Q13418165", "Kristina St\u00e5hl": "Q4981075", "Rachel Tevet-Wiesel": "Q6668594", "Dolores Fern\u00e1ndez Gali\u00f1o": "Q66056618", "Anke van Hove": "Q104720522", "Christiane Fleischer": "Q106937555", "Claudia M\u00fcller-Eising": "Q108537136", "Kerstin Nitsche": "Q108600665", "Sabine Funk": "Q108861186", "Rhona Fetzer": "Q1548522", "Margit Jogeva": "Q16405101", "Antje Kr\u00fcger": "Q38308756", "\ub178\uc815\ud76c": "Q55728788", "Daniela Br\u00fcckner": "Q80205592", "Katharina Lehmayer": "Q80358328", "Anne Gro\u00df": "Q88979976", "Lucia da Luz Ribeiro": "Q106492653", "Ursula Seyfarth": "Q111649478", "Regina Hock": "Q106694215", "Lois Murphy": "Q6668329", "\u00c1ngela Vivanco": "Q130267568", "Petra Schott-Pfeifer": "Q109312320", "Dagmar Oppermann": "Q1157305", "Andrea Breit": "Q104772042", "Mar\u00eda Cristina Gajardo": "Q124176310", "Annika Vendik": "Q19369175", "Birgit Vo\u00dfk\u00fchler": "Q84077192", "Nguy\u1ec5n Th\u1ecb Thanh Th\u1ee7y": "Q49055851", "Yvonne Ott": "Q6528099", "Mercedes Alaya": "Q13860285", "Gesine Wilke": "Q108799584", "Eva Gotsiridze": "Q61352427", "Barbara Schretter": "Q117607944", "Isabel Gallotti": "Q16337591", "Annette Brockm\u00f6ller": "Q566540", "Ingr\u012bda Labucka": "Q1663445", "Urte Schwerdtner": "Q109715357", "Stefanie Kriener": "Q111217544", "D\u00f6rte Otten-D\u00fcnnweber": "Q111291809", "Renate Licht": "Q106242183", "Elishewa van de Griend": "Q115677595", "Camelia Toader": "Q12651891", "Monika Jachmann-Michel": "Q63075309", "Roser Bach Fabreg\u00f3": "Q19301797", "Mercedes Armas": "Q40853930", "Merc\u00e8 Caso Se\u00f1al": "Q60445900", "Maren Rennpferdt": "Q67145794", "Christine Fuchsloch": "Q99752057", "Anette Schneckenberger": "Q106959601", "Dorothee K\u00f6pp": "Q108464630", "Sigrid Partikel": "Q108599248", "Kerstin Schipper": "Q1386015", "Daiva Kazlauskien\u0117": "Q12652155", "Ina Kirkutien\u0117": "Q16452903", "Jolanta Malijauskien\u0117": "Q16453458", "Anita Herczegh": "Q17278676", "Ludgera Selting": "Q73855673", "Andr\u00e9a Maciel Pach\u00e1": "Q18237688", "Beata Morawiec": "Q87773533", "Karen Krau\u00df": "Q1729255", "Besa Ademi": "Q98687800", "Mar\u00eda Bel\u00e9n Vel\u00e1zquez Turnes": "Q99552560", "Maarika Kuusk": "Q85985470", "Marion Harsdorf-Gebhardt": "Q1592244", "\u9676\u51ef\u5143": "Q15934087", "Ulrike Hilpert-Zimmer": "Q106560047", "Magni Elsheim": "Q118558679", "Martina Hornstein-Engers": "Q106518261", "Graciela Gatti": "Q14629980", "Barbara Remmert": "Q807596", "Sigita Rud\u0117nait\u0117": "Q16472330", "Caroline List": "Q107076603", "Inken Gallner": "Q1291553", "Susanne Engel": "Q99752053", "Jolanta Damulien\u0117": "Q16453451", "Maria Jos\u00e9 Rangel de Mesquita": "Q25336914", "Daiva Pranyt\u0117-Zalieckien\u0117": "Q104218446", "Kornelia Kornprobst": "Q106395154", "Lioba Huss": "Q106939401", "Louisa Bartel": "Q19963061", "Rosanna Sieveking": "Q84262119", "Mechthild Reichsgr\u00e4fin von Schmettau": "Q92975110", "Andrea Muthig": "Q106457925", "Carina Gabrielsson Tolke": "Q130243948", "Gudrun Lies-Benachib": "Q108857732", "Anke Berger": "Q556634", "\u9594\u88d5\u6dd1": "Q47004960", "Ivana Hrdli\u010dkov\u00e1": "Q22262426", "Sabine Werner": "Q111648892", "Sieglinde Gahleitner": "Q2284011", "Zheng Xilan": "Q51103845", "Roberta H\u00fcbner": "Q2159353", "Monika K\u00f6ster-Flachsmeyer": "Q96596421", "Petra Hoock": "Q102175948", "Elvira Hettler": "Q1334268", "Bettina Br\u00fcckner": "Q832568", "Ingrid Siess-Scherz": "Q16937540", "Graziella Moreno Graupera": "Q105710790", "Vera von Pentz": "Q2513387", "Tamar Bazak-Rappaport": "Q47786846", "Katja \u0160ugman Stubbs": "Q60150044", "Nguy\u1ec5n Th\u1ecb L\u1ee5a": "Q61129993", "Carmen Vogt-Beheim": "Q108782801", "Anja Steinbeck": "Q551293", "Heidi Stengelhofen": "Q1594356", "Ulrike Banniza von Bazan": "Q15428356", "Dagmar Sacher": "Q18620241", "Alexandra Haberkamp": "Q38309511", "Laura Cl\u00e9rico": "Q61473449", "Ursula Wa\u00dfer": "Q15440127", "Maria Clara Sottomayor": "Q26256211", "Stephanie Rachor": "Q2344237", "Eva-Lena Norgren": "Q130223947", "Sabine Haunhorst": "Q103896649", "Dorota Zienkiewicz": "Q55392906", "Krasimira Medarova": "Q19205922", "Elena Valiyavina": "Q4103162", "Subadeh Akintche": "Q110713562", "Maria Solana da Concei\u00e7\u00e3o Soares Fernandes": "Q97105554", "Gabriele Cirener": "Q6456784", "Ulrike Holzinger": "Q114345231", "Kirsten Erl": "Q1743631", "Anja Siegert": "Q108306848", "Concepci\u00f3n Gimeno Gracia": "Q124150004", "Michaela Welnhofer-Zeitler": "Q126467275", "Maria Jos\u00e9 Costeira": "Q126713437", "Stephanie Springer": "Q14252437", "Martina Ahrendt": "Q15439693", "Birgit Borris": "Q38308490", "Stefanie Roloff": "Q38309994", "Christiane Gra\u00dfnack": "Q38311387", "Auxi D\u00edaz": "Q124302048", "Torunn E. Kvisberg": "Q17194822", "Mar\u00eda del Carmen Alan\u00eds Figueroa": "Q6004929", "Malin Bonthron": "Q42393357", "Claudia Nowak": "Q112872346", "Ulrike Fenzl": "Q110135904", "Valeska B\u00f6ttcher": "Q100149496", "Octavia Spineanu-Matei": "Q125858057", "\u0410\u043b\u0430 \u041c\u0456\u043a\u0430\u043b\u0430\u0435\u045e\u043d\u0430 \u0411\u043e\u0434\u0430\u043a": "Q99752654", "Kati Resch": "Q101095659", "Stefanie Otte": "Q24009533", "Lidia Bagi\u0144ska": "Q11756545", "Merle Parts": "Q16406852", "Alexandra Fridrich": "Q23958710", "Rosa-Maria Reiter": "Q31960798", "Christine Eckstein-Puhl": "Q106435897", "Annette Zurbr\u00fcggen": "Q106988189", "Karen Sokoll": "Q108587969", "Kristina Schmidt": "Q1789355", "Xu Ruixia": "Q16905139", "Trinh Ngoc Thuy": "Q30921331", "Ulrike M\u00fcller": "Q41336328", "Marjorie Calder\u00f3n": "Q55703030", "Barbara Po\u0159\u00edzkov\u00e1": "Q56762152", "Franceska Werth": "Q105489261", "Cosima Eggers-von Wittenburg": "Q106473581", "Nina Stubbe": "Q130233503", "Mihoko Manabe": "Q118696669", "Annette Wille": "Q106362891", "Petra Barche": "Q123280678", "Heike Krieger": "Q1306166", "Eva Marek": "Q47499243", "Claudia Schilling": "Q66310314", "Mar\u00eda Victoria Rosell Aguilar": "Q43990346", "\uc624\uacbd\ubbf8": "Q108073914", "Sara Lallana": "Q50622766", "Julia Dorn": "Q111035388", "Stefanie Schmahl": "Q2338275", "Ursula Rinck": "Q15852258", "Astrid Wallrabenstein": "Q18334823", "Eva-Maria Derstadt": "Q38311131", "Michaela Apel": "Q108769954", "Jutta Siefert": "Q15822152", "Fanny M\u00e1rquez": "Q107302957", "Renata Ber\u017eanskien\u0117": "Q16471023", "Simone Wiegand": "Q85322827", "Katharina Wagner": "Q115471333", "Martina Flanderov\u00e1": "Q98478715", "\u0420\u043e\u0433\u0430\u0447 \u041b\u0430\u0440\u0438\u0441\u0430 \u0406\u0432\u0430\u043d\u0456\u0432\u043d\u0430": "Q116452993", "Kirsten Kuhlmann": "Q102176490", "Veronika K\u0159es\u0165anov\u00e1": "Q121298655", "Simona-Maya Teodoroiu": "Q104599299", "Noriko Yokota": "Q124097414", "Sandra Marks": "Q121303034", "Sabine Wudtke": "Q106537460", "Martina Eppelt": "Q18684097", "Beata Janiszewska": "Q30902846", "Daniella Camacho": "Q72313022", "Andrea Titz": "Q17122229", "\ucd5c\uc720\uc815": "Q24856615", "Christiane Schmaltz": "Q47012238", "Ingrid Bergner": "Q64850063", "Stefanie Borchardt": "Q107315549", "Carmen Mart\u00ednez Perza": "Q123685491", "Ay\u015fe \u00dcnl\u00fcce": "Q125453606", "Renate Wimmer": "Q38310255", "Barbara Gr\u00fcneberg": "Q50398010", "Elisabeth Steiner": "Q84609731", "Eva Menges": "Q1379379", "Oddn\u00fd Mj\u00f6ll Arnard\u00f3ttir": "Q112550007", "Rian Vogels": "Q117228919", "Barbara Nita-\u015awiat\u0142owska": "Q105162006", "Cornelia Holsten": "Q1133348", "Anna Dalkowska": "Q67626031", "Jasna Murgel": "Q43389594", "Murielle Minkoue": "Q124963411", "Tiina Pappel": "Q85987551", "Dagmara Pawe\u0142czyk-Woicka": "Q117475677", "Ute Jung": "Q106560088", "St\u00e9phanie Mourou-Vikstr\u00f6m": "Q62071691", "Sandra Bolten": "Q108873276", "Christine Schmidt": "Q108783093", "Pilar de Lara Cifuentes": "Q12397673", "Nina P\u00f3\u0142torak": "Q69389373", "Daniela Rodrigues Teixeira": "Q122416164", "Ramona Frendo": "Q126098054", "Sohre Tschakert": "Q126918288", "Babette Pohl": "Q38309016", "Kerstin Engelhardt-Blum": "Q113723104", "Katrin Rieke": "Q116693204", "Katarzyna Frydrych": "Q106614977", "Janine Hoppe": "Q111178156", "Ma\u0142gorzata W\u0105sek-Wiaderek": "Q60833240", "Ulrike Picker": "Q101095684", "Britta Erbguth": "Q100327902", "Natalia Repnikova": "Q108586276", "Renata Gil": "Q96098338", "Rebecca Bradley": "Q20807035", "Joana Costa": "Q26692253", "Daniela Zemanov\u00e1": "Q18346854", "Carol Coderre": "Q112043129", "Mag.Claribel Nivar Arias": "Q5989610", "Renata Gr\u00e4fin von Puckler von Schwichow": "Q75330135", "Anja Wald": "Q118154253", "Ina Schnurr": "Q111368111", "Yuliya Lobanova": "Q65458919", "Ines H\u00e4rtel": "Q89778887", "Danguol\u0117 Bublien\u0117": "Q117220233", "Susan Herold": "Q126398789", "Skirgail\u0117 \u017dalimien\u0117": "Q2292495", "Silke Wittkopp": "Q86095255", "Roda Verheyen": "Q106913553", "Kai H\u00e4rmand": "Q125845295", "Oksana Volodymyrivna Epel": "Q30973987", "Carmen Rodr\u00edguez-Medel": "Q96238022", "\uc784\uc9c0\uc544": "Q12613959", "Tanja Lachenmayr-Nicolaou": "Q111232342", "M\u00f3nica Fern\u00e1ndez": "Q20667140", "Heike Bu\u00dfmann": "Q23059208", "Daniela Hampel": "Q101781019", "Estela San Jos\u00e9": "Q20534068", "Nina Marx": "Q32520711", "Sintje Le\u00dfner": "Q62285859", "Stefanie Scholl": "Q108047765", "\u674e\u6167\u5a1f (\u6cd5\u5b98)": "Q8988284", "Desiree Dauber": "Q18620385", "Anne K\u00f6rner": "Q19259443", "Karlijn Teuben": "Q112339502", "Claudia Twietmeyer": "Q108686547", "Stephanie Gamp": "Q108524636", "Angela Julcher": "Q25845839", "G\u00fcltekin Hac\u0131beyli": "Q6702735", "Marjam Samadzade": "Q123351840", "Tonje Vang": "Q25434238", "Nele Matz-L\u00fcck": "Q60103484", "Kerstin Herrmann": "Q106517178", "Annette Volk": "Q23059551", "Olga Chernykh": "Q58465923", "Isabel Sch\u00fcbel-Pfister": "Q101411150", "Sigita Jokimait\u0117": "Q104218445", "Noa Zomer": "Q104433409", "Katja Koch": "Q107974727", "Mirela Stancu": "Q127254936", "Egidija Tamo\u0161i\u016bnien\u0117": "Q1297803", "Mai Khanh": "Q47506335", "Krist\u012bne Kr\u016bma": "Q28664992", "Vladimira Yaneva": "Q12275508", "Daiga Rezevska": "Q85669710", "Tanja Eichner": "Q112255311", "Susanne Matussek": "Q107405093", "Sabine Matejka": "Q48640601", "In\u00e9s Soria Encarnaci\u00f3n": "Q98123011", "Alaitz Biritxinaga": "Q112114888", "Luciana Christina Guimar\u00e3es L\u00f3ssio": "Q28973808", "Katja Roth": "Q105113716", "Sandy Sch\u00fcler-T\u00e4sch": "Q123281260", "Najat Arbib": "Q125927644", "Bettina Bubach": "Q107477132", "Olga Victorovna Sazonova": "Q64563101", "Nadine Pallas": "Q106647448", "Christine Kirbach": "Q108614282", "Yvonne Hellmann": "Q108858112", "Ulrike Liebert": "Q38309742", "Ivana Jeli\u0107": "Q60721220", "Maret Altnurme": "Q61111676", "Christiane Pad\u00e9": "Q76005549", "Inga Reine": "Q126959681", "H\u00e9l\u00e8ne Gerhards": "Q125357742", "Marina Zastavenko": "Q100605759", "Bettina Karl": "Q110409111", "Heili Sepp": "Q101109027", "Elke Adams": "Q112206266", "\u0160pelca Me\u017enar": "Q30087828", "Julia Anatolyevna Philippova": "Q64563510", "Katrin Piepho": "Q107985034", "Gundula Momsen-Pflanz": "Q112564978", "Annett Wunder": "Q119141194", "Ariane Wiedmann": "Q123280677", "\uc815\uc2b9\uc5f0 (\ud310\uc0ac)": "Q63964711", "Claudia Matth\u00e4us": "Q124424062", "Diana S\u00e2rcu": "Q125428157", "Krystyna Kowalik-Ba\u0144czyk": "Q119040766", "Joanna Misztal-Konecka": "Q84405314", "Sigrid Emmenegger": "Q101251080", "Franziska Weidinger": "Q108571071", "Rasa Ragulskyt\u0117-Markovien\u0117": "Q2131803", "Andrea Laube": "Q108524637", "Ute Geisenberger": "Q116815761", "Hoi Tucker": "Q49832552", "Kathleen Heinrich-Reichow": "Q108653967", "\u0406\u043b\u044c\u0454\u0432\u0430 \u0422\u0435\u0442\u044f\u043d\u0430 \u0413\u0440\u0438\u0433\u043e\u0440\u0456\u0432\u043d\u0430": "Q96463956", "Aneta \u0141azarska": "Q60835668", "Ekaterina Korneluk": "Q69367697", "Sina Baldauf": "Q121326865", "Ingebj\u00f6rg Darsow-Faller": "Q116045322", "Kathrin Wahlmann": "Q6537692", "Nadine Grau": "Q114345157", "\u0415\u043a\u0430\u0442\u0435\u0440\u0438\u043d\u0430 \u0412\u043b\u0430\u0434\u0438\u043c\u0438\u0440-\u0438\u04a7\u04b3\u0430 \u041e\u043d\u0438\u0448\u044c\u0435\u043d\u043a\u043e": "Q4334922", "Sonja B\u00f6hm": "Q116045993", "Desislava Atanasova": "Q3024453", "Larisa Shangina": "Q64374236", "Ph\u1ea1m Th\u1ecb B\u00edch Th\u1ee7y": "Q65175079", "Olga Maslova": "Q65565771", "Saskia Klug": "Q89917444", "Franziska Peters": "Q116815072", "Daniela Flasche": "Q108257552", "Daniela Recknagel": "Q122612094", "Olga Styopkina": "Q64077145", "Maria \u00dclsmann": "Q108315444", "Louise Spangsberg Gr\u00f8nfeldt": "Q126121486", "Viktoria Djarty": "Q14491528", "Olga Dorokhina": "Q64592973", "Barbara Geiger": "Q111460230", "Beatrix Ricziov\u00e1": "Q113145391", "Maria del Prado Escoda Merino": "Q115257592", "Adeline Baldacchino": "Q28942627", "Olena Tanasevych": "Q65201573", "Michaela M\u00fcller-Hermann": "Q107021909", "\u0426\u0430\u0440\u0435\u0432\u0438\u0447 \u041e\u043a\u0441\u0430\u043d\u0430 \u0406\u0433\u043e\u0440\u0456\u0432\u043d\u0430": "Q96757629", "\u0417\u0430\u0442\u043e\u043c\u0441\u043a\u0430\u044f, \u041e\u043b\u044c\u0433\u0430 \u042e\u0440\u044c\u0435\u0432\u043d\u0430": "Q4188406", "Sina Stamm": "Q123280675", "Krestina Uporova": "Q64374181", "Lada Nikitina": "Q64814893", "Yana Prokopenko": "Q65565727", "Sandra Wullenkord": "Q122791938", "Brooke C. Wells": "Q4974415", "Gertrud Neuwirth": "Q19283984", "Olga Sitarz": "Q48862921", "Annemarie Matusche-Beckmann": "Q89476511", "Ilse Huber": "Q96152965", "Ulrike K\u00f6hler": "Q104145041", "Angelika Bellinger": "Q104660651", "Natascha Wesel": "Q104698608", "Margrit G\u00e4rtner": "Q105858966", "Edeltraud Fa\u00dfhauer": "Q105890377", "Ute Prechtl": "Q105958906", "Waltraud Breitinger": "Q106128939", "Annemarie G\u00f6ssel": "Q106148781", "Hanna Hacker": "Q106148782", "Hanna Dax": "Q106152861", "Renate Hemsteg von Fintel": "Q106224672", "Christiane Kretschmer": "Q106240812", "Tatjana Stoll": "Q106303230", "Veronika Pumpat": "Q106314894", "Carola Beuermann": "Q106322504", "Beatrice Betka": "Q106328854", "Edda Schneider": "Q106417812", "Andrea Kleinmann": "Q106602543", "Mechtild Klein": "Q106617497", "Theresia Koch": "Q106617530", "Tatjana Lilienfeld": "Q106622667", "Beate Schmidt": "Q813194", "Dietlind Weinland": "Q1223296", "Elisabeth Mette": "Q1330134", "Mar\u00eda Flores": "Q1530915", "\u0646\u0647\u0649 \u0627\u0644\u0632\u064a\u0646\u064a": "Q12249041", "Vesna Pavli\u010d Pivk": "Q12805607", "Renate Fischer": "Q18221908", "Anne-Marie Duquesne-Bourguignont": "Q1861021", "Francine De Tandt": "Q2203530", "Flora Sep\u00falveda": "Q5862823", "\u05de\u05d5\u05e1\u05d9\u05d4 \u05d0\u05e8\u05d3": "Q6798349", "\u674e\u79c0\u82b9 (\u6cd5\u5b98)": "Q8248952", "Maria Jo\u00e3o da Silva Baila Madeira Antunes": "Q10325957", "M\u00f4nica Sette Lopes": "Q10334829", "Alona Romanovien\u0117": "Q12648083", "Irena Stankevi\u010dien\u0117": "Q12656882", "Ona Aldona Budien\u0117": "Q12667208", "Rita Dambrauskait\u0117": "Q12671467", "Virginija Volskien\u0117": "Q12677794", "Georgeta Barb\u0103lat\u0103": "Q12729019", "Lidia B\u0103rbulescu": "Q12732177", "Viorica Costiniu": "Q12743529", "Janet Nosworthy": "Q14632491", "Aura Guerra de Villalaz": "Q14849371", "Aldona Rakauskien\u0117": "Q16443026", "Dalia Bajer\u010di\u016bt\u0117": "Q16446883", "Maria Szewczyk": "Q16574788", "Georgeta Buliga": "Q16593210", "Amira Galin": "Q18191226", "Mariana Ro\u0219ca": "Q18547552", "\u0baa\u0bbf\u0bb0\u0baa\u0bbe \u0bb8\u0bcd\u0bb0\u0bc0\u0ba4\u0bc7\u0bb5\u0ba9\u0bcd": "Q19547668", "\u062e\u0644\u0648\u062f \u0627\u0644\u0638\u0627\u0647\u0631\u064a": "Q20402059", "Elena Elenkova": "Q20499183", "\u042f\u043d\u043e\u0432\u0441\u044c\u043a\u0430 \u041e\u043b\u0435\u043a\u0441\u0430\u043d\u0434\u0440\u0430 \u0413\u0440\u0438\u0433\u043e\u0440\u0456\u0432\u043d\u0430": "Q22138151", "Louise Otis": "Q23719021", "Dafna Avniely": "Q25494372", "Vered Shefer": "Q25750356", "Maya Heller": "Q28237435", "Laurel Beeler": "Q60286953", "Mary de Aguiar Silva": "Q61000332", "M\u00f3nica Franco Izquierdo": "Q62282614", "Tatyana Chaschina": "Q64592079", "Natalia Krasnova": "Q64761046", "Irina Mayorova": "Q64761144", "Elena Liberatori": "Q76825098", "Ana Isabel P\u00e9rez Asenjo": "Q85965552", "Miriam Germ\u00e1n": "Q98432253", "Elvia Barrios": "Q103860161", "Esp\u00e9rance Musirimu": "Q105393798", "Svetlana Vdovichenko": "Q106076635", "Judith M\u00fcller": "Q106646932", "Lourdes Su\u00e1rez": "Q107302324", "Mar\u00eda Carolina Ameliach": "Q107303097", "Eulalia Guerrero Rivero": "Q107303326", "B\u00e1rbara C\u00e9sar": "Q107325845", "Cornelia Ganten-Lange": "Q107349624", "Gudrun Sch\u00e4pers": "Q107429601", "Petra Ra\u00dffeld-Wilske": "Q107435070", "Hertha Ulferts": "Q107564319", "Juliane Huth": "Q107642308", "Elisabeth von Stein": "Q107644499", "Nicole Gronemeyer": "Q107833139", "Mitra Razavi": "Q108000240", "Christine Vollmer": "Q108317946", "Martina Z\u00fcnkler": "Q108475089", "Anna Krug": "Q108803961", "Esther Lotz-Bruns": "Q108805239", "Antje Arnold": "Q108900050", "Waltraut Verleih": "Q109304262", "Hildegard Pfister": "Q109312324", "Petra Schott": "Q109328674", "Susana Medina de Rizzo": "Q109353467", "Mar\u00eda Jos\u00e9 P\u00e9rez Pena": "Q109944849", "Lorena Cornielles Ruiz": "Q110641361", "\u041c\u0430\u0440\u044b\u043d\u0430 \u0423\u043b\u0430\u0434\u0437\u0456\u043c\u0456\u0440\u0430\u045e\u043d\u0430 \u041d\u0430\u0434\u0442\u0430\u0447\u044d\u0439": "Q110773677", "Karin Heger": "Q110970066", "Elisabeth Klante": "Q111200060", "Birgitt Pagenberg": "Q111305268", "Simone Peters": "Q111313160", "Marcia Maria Nunes": "Q111335534", "Beate Schenk": "Q111368110", "Stephanie Munk": "Q112872403", "Lilia M\u00f3nica L\u00f3pez Ben\u00edtez": "Q113101243", "Naoko Higurashi": "Q113565913", "Eva Schneider": "Q114438607", "\u0416\u0443\u0440\u0430\u0432\u0441\u044c\u043a\u0430 \u041e\u043b\u0435\u043d\u0430 \u0412\u0430\u0441\u0438\u043b\u0456\u0432\u043d\u0430": "Q114802194", "\u674e\u7d20\u862d": "Q115530901", "Antje Dietsch": "Q116045994", "Margaret R. Mahoney": "Q116199586", "Eti Craif": "Q116689521", "Rebeca R\u00e1quel Obando": "Q116796252", "Elaissia Sears": "Q119290802", "Emily K. Richardson": "Q122329217", "Dora Lucas Neto": "Q123668405", "Ivana Cei": "Q124460010", "Rosario Camejo Puerta": "Q124726289", "Nadya Bozza-Splitt": "Q125292523", "V\u00e9ronique Ancia": "Q125764308", "\u0406\u0440\u044b\u043d\u0430 \u0423\u043b\u0430\u0434\u0437\u0456\u043c\u0456\u0440\u0430\u045e\u043d\u0430 \u0422\u044b\u043b\u0435\u0446": "Q126271287", "Hennit Carolina L\u00f3pez": "Q126488968", "Isolde Hannamann": "Q126977610", "Lucy Chebout": "Q127164211", "Efrat Laxer": "Q127698921", "Inger S\u00f6derholm": "Q130217753"}