{"Lee Eun Joo": "Q13646009", "\u30cf\u30f3\u30fb\u30b8\u30bd": "Q18176096", "Bini": "Q21059984", "Jubi": "Q12617359", "Hana": "Q47506267", "Park Juhyun": "Q9022435", "Kim Boa": "Q7204670", "Moon Hyun-ah": "Q19794442", "Park Narae": "Q9194180", "Gum-mi": "Q16865126", "Riko": "Q22973730", "No Eul": "Q12590427", "Woo Ji-hae": "Q10321830", "Kim Sung-hee": "Q498071", "Son Sung-ah": "Q12602709", "Rebekah Kim": "Q7302004", "Cosmic Girl": "Q30943809", "Jei": "Q27951483", "Jisun": "Q60221625", "Linzy": "Q27951586", "Alice": "Q16226493", "Ellin": "Q16767663", "Jung Yoon-hye": "Q10923947", "Kim Bo-kyeong": "Q498044", "Leeseul": "Q71442517", "Hwang Se-jin": "Q60669024", "Han Ji-sung": "Q63997686", "Way": "Q16767739", "ChoA": "Q17159005", "Kim Hye-mi": "Q25842426", "\uac15\uc608\uc2ac": "Q124827712", "Kang Hye-yeon": "Q24855839", "Park Eun-sol": "Q61559299", "U Ji": "Q24855952", "Lee Min-ji": "Q60669036", "Bang Hyun-ah": "Q60668841", "Moko Sakura": "Q53764878", "CoCo": "Q61540408", "Pyo Hye-mi": "Q16092552", "So Yul": "Q16865202", "Cho Hyun-young": "Q16183011", "JoA": "Q71443436", "Kim Da Rae": "Q30942284", "Ashley": "Q18325355", "Haee": "Q9203527", "Kim Yu-jeong": "Q30944712", "Cheska": "Q60233363", "Ji In": "Q16183118", "Heo Young Joo": "Q20687896", "Jo Ka-eun": "Q20779702", "E-young": "Q492767", "Nari": "Q27841676", "Sung Yoojin": "Q11074533", "Shin Yoon-jo": "Q15865012", "Lee Keum-jo": "Q19657173", "Jung Mi-mi": "Q27748771", "Joo Min-hee": "Q16081215", "Lime": "Q19968737", "Seo Youkyung": "Q16767745", "Hyoeun": "Q16184245", "Miya": "Q60175319", "Song Da-hye": "Q20687781", "SeeA": "Q107523172", "Yeonji": "Q16177614", "Im So-young": "Q31177864", "T-ae": "Q12621409", "Kang Ji-eun": "Q30942258", "Jang Jin-yeong": "Q30942276", "Youngheun": "Q71440403", "Coco": "Q102477188", "Seo Ji-soo": "Q18531271", "Habin": "Q97015608", "Shin Ji-soo": "Q22975001", "Ji Su-min": "Q20774986", "Jeonyoul": "Q16173980", "Doi": "Q66441477", "Kim Yu-min": "Q24857942", "JiU": "Q59313184", "Woo Ami": "Q60668820", "Jinyea": "Q50109116", "SuA": "Q59313270", "Han Seo-in": "Q16090299", "Lee Eun-ju": "Q60668946", "Watanabe Rui": "Q28600725", "Sohlhee": "Q65180842", "Zuny": "Q18325356", "Seong Min-jae": "Q21006748", "Jang Da Yeon": "Q10305239", "JinE": "Q42302579", "Zi.U": "Q28870931", "Mimi": "Q29876869", "Haein": "Q54598788", "Yee-yeon": "Q113490086", "Mahiro Kawamura": "Q47664570", "Kim Ji-hye": "Q63226262", "L\u00e9a": "Q96761053", "Han Hae-bin": "Q27748792", "Song Hee-jin": "Q24855825", "Sika": "Q66440951", "D.ana": "Q20810724", "Siyeon": "Q59313326", "Oh Seung-hee": "Q25842416", "Yechan": "Q109818242", "Kim So-won": "Q26162651", "Kim Na-hyun": "Q28870934", "Park Hae-yoon": "Q60566726", "Lee Hye-bin": "Q53316231", "Celine": "Q97664811", "Handong": "Q59313384", "Kim Ah-hyun": "Q63226263", "JIN": "Q18381209", "Shin Hye-ji": "Q73920072", "Kim Yun-ji": "Q80126986", "Lee Su-hyun": "Q26710971", "Lee So-yul": "Q30923727", "Soobin": "Q60917505", "Hong Eui-jin": "Q43111227", "Seungyeon": "Q48852365", "Jang So-jin": "Q27748796", "Lee Da-won": "Q80126987", "ViVi": "Q57317398", "Kim Do-hee": "Q43248310", "Dita Karang": "Q95130462", "Lee Sae-rom": "Q54598370", "Yoohyeon": "Q59313479", "Aurora": "Q62602942", "Kim Sae-rok": "Q62602945", "Choi Min-ji": "Q63226264", "HARU": "Q61098087", "Dami": "Q59313527", "Jung Yerim": "Q64785153", "Tia": "Q12621404", "Jiho": "Q21710585", "Ji Su-yeon": "Q43431125", "Choi Moon-hee": "Q47672191", "Yeolmae": "Q62603018", "JinSoul": "Q56825122", "Choi Yun-seon": "Q43110976", "Oh Se-jin": "Q73817107", "Kim Minkyeung": "Q27953983", "Haseul": "Q57318729", "Ahn Eun-jin": "Q28408492", "Park Ji-eun": "Q107559918", "Yubin": "Q21577062", "Song Ha-young": "Q58816368", "Kang Kyung-won": "Q27953985", "Seoyul": "Q63943139", "Yulhee": "Q30949603", "Im Ha-young": "Q62602961", "Sung Ji-yeon": "Q53316644", "Jinny Park": "Q100794612", "J": "Q106518625", "Royeon": "Q73817106", "Park Ji-won": "Q56695886", "ELLA": "Q60873617", "Yeowool": "Q64785149", "Park Yu-rim": "Q73799496", "Seo Min-kyung": "Q67983211", "Eunbyeol": "Q101207563", "U": "Q62920133", "Kim Tae-ha": "Q53316743", "Chaesol": "Q84324499", "Kang Si-hyeon": "Q80126988", "Elly": "Q47460217", "Kim Na-yun": "Q53316840", "Layeon": "Q64785158", "Choi Moon-ju": "Q63226265", "Kang Yae-bin": "Q27953986", "Songhee": "Q64038543", "Roh Ji-sun": "Q58816684", "Son Yu-ji": "Q47973704", "Kang Se-hyung": "Q63975266", "Kim Si-on": "Q62984007", "Gowoon": "Q63993919", "Yeoreum": "Q28524707", "Daisy": "Q43110988", "Gahyun": "Q59313606", "Yehana": "Q48893617", "Yoon Ha-eun": "Q73800425", "Jee Won": "Q84324500", "Jungwoo": "Q64039138", "Seokyoung": "Q64176925", "Sally Lao": "Q101207838", "SAya": "Q112021732", "Dayoung": "Q25418040", "Shannon Bae": "Q27951936", "Simyeong": "Q63964483", "Go Hyun-seo": "Q73920083", "Choi Yoo-bin": "Q62602972", "Dalyn": "Q73817097", "Gaga": "Q62602978", "Na Go-eun": "Q107253228", "Choi Yeo-ri": "Q80126990", "Ahin": "Q43111145", "Unia": "Q84324501", "Sunha": "Q62984417", "Lee Chae-lin": "Q66441287", "Choi Eui-jeong": "Q63791511", "Yukyung": "Q57600715", "Lee Soo-dam": "Q100794150", "Jang Hyog-yeong": "Q80126992", "Kim Dani": "Q12590780", "Sei": "Q42850795", "Han Eun-ji (Mia)": "Q62920418", "Kim Chae Won": "Q62984452", "Raon": "Q73817111", "Lee Seo-yeon": "Q56660256", "Chiayi": "Q60992888", "Seoryoung": "Q64176781", "Hana (ALDL)": "Q84324502", "Dosie": "Q107559919", "Haru": "Q60993166", "Park Shin-young": "Q73920076", "Jeong Ye-na": "Q73920079", "Kim Ji-hyeon": "Q63791513", "Kim Seung-yeon": "Q63226266", "Gyeongmin": "Q101207120", "Lee Chae-young": "Q56660258", "Jo Se-rim": "Q62920711", "Yang Ye-na": "Q27658442", "Hwang Ye-ji": "Q60870268", "Harin": "Q111307945", "Lee Na-gyung": "Q56660245", "Park Minyi": "Q64785162", "Seline": "Q84324503", "Heo Yoo-rim": "Q62920953", "Wang Nai-Xuan": "Q62083920", "Joo Aram": "Q27748797", "Moon Sin-ae": "Q63791514", "Rachel": "Q28063461", "Lua": "Q47669568", "Lee Seo-young": "Q64177114", "Jeon Ji-min": "Q63791516", "Cocoro Kato": "Q60874071", "Kim Hyunjin": "Q48893612", "Go Won": "Q58825794", "Choi Haneul": "Q62984143", "Kim Yeon-hee": "Q65920400", "Momoka": "Q111308973", "Seungeun": "Q64038640", "Wang Yiren": "Q62613278", "Chloe": "Q107213607", "Denise Kim": "Q100794734", "Arang": "Q111308055", "Ahn Som-yi": "Q30921037", "Jo Ju-eun": "Q80126993", "Kim Min-ji": "Q69697295", "Kim Cho-hee": "Q62984184", "Bian": "Q73817100", "Kang Min-ju": "Q64177288", "Sumin": "Q106518333", "Wang Jing-Yi": "Q55695609", "Kim Su-yun": "Q65920408", "Katsuno Rise": "Q60874232", "Choerry": "Q58224261", "Lee Chae-ryeong": "Q60829936", "Seyeon": "Q64785163", "Dam I": "Q73817101", "Lee Se-bin": "Q63226267", "Park Su-min": "Q63791518", "Rina": "Q47687990", "Jeong Yoon-hye": "Q61770150", "Park Hyun-min": "Q73803089", "Seo Yun-kyoung": "Q65920433", "Jin Hyeon-ju": "Q84324505", "Hyeju": "Q58825825", "Lee Ye-so": "Q73920080", "Lee Soo-jin": "Q93969535", "Kyla": "Q28970744", "Kang Ye-jin": "Q62603002", "Karin": "Q54597211", "Isa": "Q106518536", "Im Jiyeon": "Q62984351", "Haena": "Q81812234", "Park Eun-jo": "Q63791520", "Yoo Ha-bin": "Q63791522", "Park Chae-rin": "Q60874396", "Semi": "Q84324506", "Lena": "Q64177448", "Ireh": "Q107559920", "Yoo Hye-joon": "Q62603009", "Monday": "Q93969529", "Kim Bada": "Q72587185", "Kim Min-jung": "Q62603015", "Do Hee": "Q107213681", "Lucy": "Q27951671", "Soon Min-ji": "Q62984297", "Park So-eun": "Q93969530", "Yuki": "Q107559923", "Im Yeojin": "Q56824821", "Chaein": "Q107559921", "Ines Civit": "Q127949881", "Park Min-seo": "Q71245507", "Baek Ji-heon": "Q56660176", "Seeun": "Q106518627", "Huang Ziting": "Q60873005", "Kim So-hee": "Q65920474", "Song Soo-woo": "Q110115398", "Ahn Han-byeol": "Q63791524", "Miriam Lucca": "Q101208155", "Shin Yu-na": "Q60870263", "Lee Jae-hee": "Q93970112", "Belle": "Q126112559", "Yoon": "Q106518626", "Jihan": "Q93969537", "Huening Bahiyyih": "Q109109100", "Mao Hirokawa": "Q60874713", "Zoa": "Q93969533", "Jeong Da-hyun": "Q65920506", "Asa": "Q123554438", "Daewang": "Q111308475", "Lee Ju-yeon": "Q62984234"}