{"Abigail Hoit": "Q102221585", "Addolorata Marasco": "Q57156220", "Ad\u00e9la Drabinov\u00e1": "Q52630825", "Aeryeong Seo": "Q102404650", "Afi Davis Harrington": "Q16945726", "Agata Pilitowska": "Q102340979", "Agnes Ilona Benedek": "Q102314233", "Agnes Kovacs": "Q102191321", "Agnes Radl": "Q102310025", "Agnieszka Anna Kozak": "Q102309853", "Agnieszka Bade\u0144ska": "Q102385092", "Agnieszka Bier": "Q102412306", "Agnieszka Chlebowicz": "Q102348753", "Agnieszka Figaj": "Q102381789", "Agnieszka Irena Kaczkowska": "Q102415173", "Agnieszka Ka\u0142amajska": "Q102250223", "Agnieszka Krystyna Wiszniewska-Matyszkiel": "Q102268306", "Agnieszka Kubi\u015b-Lipowska": "Q102381233", "Agnieszka Maria Kazun": "Q102389447", "Agnieszka Niedzia\u0142kowska": "Q102381402", "Agnieszka Palma": "Q102418958", "Agnieszka Pluci\u0144ska": "Q102340865", "Agnieszka Stocka": "Q102508007", "Agnieszka Suchocka": "Q102358945", "Agnieszka Wi\u015bniowska-Wajnryb": "Q102355349", "Agnieszka Wy\u0142oma\u0144ska": "Q96291926", "Agnieszka \u015awierczewska-Gwiazda": "Q26973415", "Aida Abiad Monge": "Q102518866", "Albina Tokbaeva": "Q102396930", "Aldona Dutkiewicz": "Q24430946", "Aleida Braaksma": "Q87782422", "Alejandra Premat": "Q102234515", "Aleksandra Karasi\u0144ska": "Q102381618", "Aleksandra Ki\u015blak-Malinowska": "Q102403274", "Aleksandra Nowel": "Q102379666", "Aleksandra Warzecha-Sawo\u0144": "Q102270276", "Alena Koubkov\u00e1": "Q95394686", "Alena Lukasov\u00e1": "Q95152292", "Alena Polou\u010dkov\u00e1": "Q95142194", "Alena Stepanova": "Q102344740", "Alena \u0160kaloudov\u00e1": "Q95168933", "Alena \u0160t\u011brbov\u00e1": "Q95112510", "Alessandra Bertapelle": "Q102218288", "Alessandra Bianchi": "Q102342734", "Alessandra Fiocca": "Q61475854", "Alessandra Frabetti": "Q102200963", "Alessandra Verrusio": "Q102179465", "Aletta De Bruyn Speegle": "Q102166397", "Alexandra Chaillou": "Q102349526", "Alexandra Shlapentokh": "Q102187608", "Alexandra Skripchenko": "Q102413721", "Alice Catherine Niemeyer": "Q102231897", "Alice Fialowski": "Q102109568", "Alice Koubov\u00e1": "Q95168035", "Alice Lesser": "Q95664672", "Alice Prokopov\u00e1": "Q95171033", "Alicia Alva": "Q56447028", "Alicia Cachafeiro L\u00f3pez": "Q102311344", "Alicja Jantas": "Q102420525", "Alicja Jokiel-Rokita": "Q92847672", "Alicja Mol\u0119da": "Q102407796", "Alicja Samulewicz": "Q102318922", "Alicja Skiba": "Q102355311", "Alina Fory\u015b": "Q102431130", "Alina Kargol": "Q102342945", "Alina Levytska": "Q64934644", "Alina Ostafe": "Q102365668", "Alina Viktorovna Garbuzova": "Q65195543", "Alison Parker": "Q58453731", "Alla Dorofeeva": "Q4166975", "Alli Huovinen": "Q29418840", "Alouf Jirari": "Q102184252", "Alta Odoms Gray": "Q94380948", "Amalia Guglielmi": "Q61476536", "Amandine V\u00e9ber": "Q87649717", "Amelia Verdejo Rodr\u00edguez": "Q69507488", "Ami Viselter": "Q60023468", "Amy Bouska": "Q95706276", "Amy H. Lin Erickson": "Q102233198", "Amy J. Drew Ekanayake": "Q102353761", "Amy Laura Rocha": "Q102196726", "Amy Parrott": "Q102384962", "Amy Van Wey Lovatt": "Q56421259", "Ana C. Barroso": "Q102240277", "Anastasia Lysakevych": "Q65195677", "Anastasia Valer'evna Karpenko": "Q102397027", "Anca Farcas": "Q102419173", "Anca Grad": "Q102395701", "Andrea Mach\u00e1\u010dkov\u00e1": "Q95474440", "Andreja Prijatelj": "Q48074996", "Andrijana \u0106urkovi\u0107": "Q102408879", "Aneta Mikucka": "Q102407793", "Aneta Tomaszewska": "Q102406240", "Angela Arenas": "Q102248705", "Angela K. Harlan": "Q102354098", "Angela K\u00f6hler": "Q102165143", "Angelika W\u00f6rz-Busekros": "Q94751384", "Ang\u00e9lica Osorno": "Q102366111", "Aniela Karina Iancu": "Q102278556", "Anita Ehlers": "Q95697174", "Anita Faul": "Q102312744", "Anja Gabriele Meyer": "Q49388422", "Anja Karin Sturm": "Q102278442", "Anja Katrin Fr\u00f6hner": "Q102276195", "Ann Dooms": "Q102271762", "Ann Scrandis Playtis": "Q95648799", "Anna Baccaglini-Frank": "Q87369377", "Anna Bahyrycz": "Q102507583", "Anna Barbaszewska-Wi\u015bniowska": "Q102234312", "Anna Beliakova": "Q21254013", "Anna Bistro\u0144": "Q102368080", "Anna Blaszczok": "Q102430689", "Anna Cadoret": "Q102299835", "Anna Chojnowska-Michalik": "Q102342193", "Anna Cichocka": "Q102234310", "Anna Dembinska": "Q102340913", "Anna Denkowska": "Q102366958", "Anna Gierzkiewicz-Pieni\u0105\u017cek": "Q102424511", "Anna Go\u0142\u0119biewska": "Q102360868", "Anna Go\u017cdziewicz-Smejda": "Q102430928", "Anna Helene Palmie": "Q75100283", "Anna Iwaszkiewicz-Rudosza\u0144ska": "Q102390645", "Anna Ja\u015bkiewicz": "Q102368850", "Anna Kami\u0144ska": "Q102219863", "Anna Kamont": "Q102304754", "Anna Karczewska": "Q97186908", "Anna Karpowicz": "Q102361344", "Anna Ka\u017amierczak": "Q102414231", "Anna Krakowiak": "Q102234262", "Anna Krystek": "Q102414194", "Anna Kucia": "Q102415740", "Anna Kwieci\u0144ska": "Q102234379", "Anna Lachowska": "Q102233803", "Anna Laskowska": "Q102224907", "Anna Lavinia Van Benschoten": "Q102158243", "Anna Loranty": "Q91308890", "Anna Madryov\u00e1": "Q95112890", "Anna Maria Micheletti": "Q102237603", "Anna Maria Minotti": "Q102413441", "Anna Maria Pastore": "Q102361886", "Anna Maria Spagnuolo": "Q84752028", "Anna Marie Bohmann": "Q83426452", "Anna Marie Whelan": "Q102156879", "Anna Martellotti": "Q102262384", "Anna Mayme Howe": "Q94265769", "Anna Melnikov": "Q102170217", "Anna Michalak": "Q102423574", "Anna Milian": "Q102342194", "Anna Miriam Benini": "Q102374554", "Anna Mu\u0107ka": "Q102340986", "Anna Ochal": "Q48842130", "Anna Olek": "Q102228828", "Anna Pajor": "Q48851651", "Anna Pelczar-Barwacz": "Q48851701", "Anna Petrovna Mishina": "Q65031880", "Anna Poskrobko": "Q102341752", "Anna Puglisi": "Q63184743", "Anna Reznikova": "Q102407529", "Anna Rodenhausen": "Q102179285", "Anna Rusinek": "Q102400957", "Anna Rycerz": "Q102369243", "Anna Salvadori": "Q98662647", "Anna Siffert": "Q102404961", "Anna So\u00f3s": "Q572281", "Anna Stein": "Q95702885", "Anna Sturmfels": "Q102225505", "Anna Susanne Steinweg": "Q95183984", "Anna Szczepkowska": "Q102359568", "Anna Szczerba-Zubek": "Q102349012", "Anna Szpila": "Q102355351", "Anna Talarczyk-Noble": "Q26251006", "Anna Tchirina": "Q102292855", "Anna V. Little": "Q102376594", "Anna Wach Wach-Michalik": "Q102433983", "Anna Waliszewska": "Q102347284", "Anna Wojciechowska": "Q102413924", "Anna Wo\u017aniakowska": "Q102407210", "Anna W\u0119grzynowska": "Q102234303", "Anna Zamojska-Dzienio": "Q100943158", "Anna \u0160eletski": "Q102405003", "Anna \u017bmurek": "Q102343535", "Anna-Lisa Arrhenius": "Q87758132", "Anna-Maria von Pippich": "Q26237461", "Annabelle Kehl-Beckmann": "Q22692543", "Anne Henke": "Q96655842", "Anne Leucht": "Q96677918", "Anne Louise Lewis": "Q102150394", "Anne Margarete Schwahn": "Q102361615", "Anne Michel-Pajus": "Q95649577", "Anne Siegel": "Q61090466", "Anne Tali": "Q24545645", "Anne-Mai Parring": "Q12359280", "Anne-Marie Aubert": "Q102433808", "Annemarie Wielandt": "Q95190941", "Annetta Segre": "Q87746437", "Annette Grabosch": "Q102177927", "Annie de Vill\u00e8le": "Q23951974", "Antoinette Huston": "Q102150205", "Antoinette Sec": "Q102115696", "Antonella Fiacca": "Q102338297", "Antonia Christine Mayerhofer": "Q102476315", "Ariadna Farr\u00e9s": "Q102361292", "Arjana \u017ditnik": "Q48075013", "Armenouhi Kyureghyan": "Q31196619", "Assunta Russo": "Q102420926", "Astrid Decoene": "Q102317104", "Aurelia Florea": "Q102305929", "Auxiliadora Moreno Gonz\u00e1lez": "Q102372574", "Ayelet Lindenstrauss": "Q102178422", "Azar Khosravani": "Q95192134", "Azniv Kasparian": "Q60231929", "Bahareh Momken": "Q102234532", "Barbara A. Lando": "Q102148951", "Barbara Boldin": "Q102314642", "Barbara Busnello": "Q102301360", "Barbara Dixon Leake": "Q102210685", "Barbara Dziemidowicz-Gryz": "Q102403273", "Barbara Firlej": "Q102220464", "Barbara Heinecke": "Q95747471", "Barbara Jo\u0144czyk": "Q102407016", "Barbara Koclega Kulpa": "Q102241142", "Barbara Krug": "Q102288229", "Barbara Majcher-Iwanow": "Q102352810", "Barbara Martinucci": "Q80235506", "Barbara Opozda": "Q102234290", "Barbara Pietrzyk": "Q102224829", "Barbara Pi\u0142at": "Q102392312", "Barbara Przebieracz": "Q102425442", "Barbara Rabijewska": "Q47135724", "Barbara Rokowska": "Q9165555", "Barbara Roszkowska-Lech": "Q102340977", "Barbara Schapira": "Q102361609", "Barbara Schmidt-Thieme": "Q95185951", "Barbara Stachurska": "Q102234261", "Barbara Windscheid": "Q47088797", "Barbora Bat\u00edkov\u00e1": "Q95395554", "Beata Kocel-Cynk": "Q102234389", "Beata Mil\u00f3wka": "Q102355314", "Beata Orchel": "Q102396210", "Beata Rzepka": "Q102366038", "Beata Strycharz-Szemberg": "Q102414844", "Beatrice Bleile": "Q102292173", "Beatrice Hagen": "Q92278293", "Beatrice M\u00fcller-Hansen": "Q95706337", "Beatrice Paternoster": "Q96241103", "Bella Manel": "Q102188233", "Benedetta Ferrario": "Q102303988", "Bernadeta Tomasz": "Q102224929", "Beryl Hunte": "Q12887981", "Bessie Irving Miller": "Q44386959", "Bessie Tucker": "Q12887979", "Beth Sharon Samuels": "Q102196753", "Betsy Yanik": "Q102155023", "Bette Gene Midgarden": "Q102143071", "Bettina Brass": "Q102189605", "Bettina Reuther": "Q102344008", "Bettina Wagner": "Q102178613", "Betty Bernhardt Garrison": "Q102364015", "Beverly Lorraine Brechner": "Q102128890", "Beverly Susan Rich": "Q102243644", "Bird Margaret Turner": "Q69870030", "Birgit Richter": "Q57204673", "Birgit Trukenbrod": "Q102309780", "Blanka \u0160ediv\u00e1": "Q47503231", "Bogumi\u0142a Klemp-Dyczek": "Q102427956", "Boguslawa Karpinska": "Q102345322", "Bohuslava Ha\u0148kov\u00e1": "Q95362380", "Bojana Milo\u0161evi\u0107": "Q102514817", "Bo\u017cena Pi\u0105tek": "Q102374629", "Bo\u017cena \u015awi\u0105tek": "Q102413592", "Brenda J. Latka": "Q102149977", "Brenda Johnson": "Q102145665", "Brenda Tapia-Santos": "Q102290918", "Brigitte Bukovics": "Q94734891", "Brigitte Lutz-Westphal": "Q102109879", "Brigitte Walther": "Q102170346", "Britta Dorn": "Q102343687", "Britta Schinzel": "Q2663738", "Brunella Gerla": "Q102300670", "B\u00e4rbel Dorn": "Q95211498", "B\u00e9atrice de Tili\u00e8re": "Q102243343", "Camelia Dicu": "Q102400099", "Camelia Karimianpour": "Q102499493", "Camilla Hollanti": "Q63348661", "Camille Duby": "Q46952113", "Candia Riga": "Q102434098", "Capi Corrales Rodrig\u00e1\u00f1ez": "Q28735831", "Carenne Lude\u00f1a": "Q62485180", "Carla Cederbaum": "Q102390557", "Carlota Cuesta": "Q102245487", "Carme Burgu\u00e9s Flamarich": "Q93435167", "Carme Vall Clara": "Q24323203", "Carmela Sica": "Q102305405", "Carmen Alegre Gil": "Q102433012", "Carmen Cascante Canut": "Q102290139", "Carmen Hermando": "Q77862859", "Carmen Heu\u00dfer": "Q102243493", "Carmen Molina-Par\u00eds": "Q91553046", "Carol B. Ottinger": "Q95191693", "Carol Euwema Wolf": "Q102164606", "Carol Shigeko Edwards": "Q102146004", "Carol Ulsafer": "Q102142194", "Carolina Cuartero Segura": "Q102354422", "Caroline Lasser": "Q55947477", "Carroll Guillory": "Q16945899", "Cassandra McZeal": "Q12888645", "Catharine Francis Galvin": "Q102198651", "Catherine Ducourtioux": "Q102391197", "Catherine J Penington": "Q57061751", "Catherine L. Madden": "Q102136954", "Catherine Matias": "Q102230900", "Catherine McCartin": "Q102327120", "Cecilia Pagliantini": "Q102532513", "Cecylia Rauszer": "Q102259638", "Cesarina Tibiletti": "Q3665584", "Charis Tsikkou": "Q102353692", "Charlotte L\u00f6sche": "Q94769399", "Charlotte Wahl": "Q102342219", "Chaya Keller": "Q102490097", "Chen Li": "Q6456016", "Chen Shou": "Q67199225", "Chiara Franceschini": "Q60316471", "Chiara Manzini": "Q102391795", "Chiara Milan": "Q102319984", "Chiara Saffirio": "Q71976008", "Chiara Simeoni": "Q102110527", "Ching-Shan Chou": "Q88892091", "Chlo\u00e9 Perin": "Q102422716", "Christa Binder": "Q15444399", "Christel Hohenegger": "Q102290423", "Christiane Pauc": "Q51954693", "Christina Kuttler": "Q102247447", "Christina Savvidou": "Q102409499", "Christine Jiayou Taylor": "Q102206697", "Christine K. Cumming": "Q102282517", "Christine Klymko": "Q51680370", "Christine McMillan": "Q12888903", "Christine M\u00fcller": "Q15438879", "Christine Scharlach": "Q102173529", "Christine Williams Ayoub": "Q95198282", "Cindy Kuijpers": "Q102382101", "Cindy McCabe": "Q102128699", "Cinnamon Hillyard": "Q102210407", "Cinzia Casagrande": "Q102254013", "Claire Amiot": "Q102343747", "Claire C. Jacobs": "Q95651991", "Claire Cazes": "Q42418962", "Claire Chainais-Hillairet": "Q102229961", "Claire David": "Q98522927", "Claire Fisher Adler": "Q102187036", "Claire Vincenti": "Q47286477", "Clara L\u00f6h": "Q50521757", "Claudette van Trikt": "Q62913603", "Claudia Alison Spiro-Silverman": "Q49389624", "Claudia G\u00f3mez": "Q102212546", "Claudia Kirch": "Q102307586", "Claudia Muresan": "Q102381097", "Claudia Rupp": "Q102181178", "Claudia Totzeck": "Q93600065", "Claudia Vargas": "Q96624661", "Claudine Blanchard-Laville": "Q2978457", "Claudine Schmidt-Lain\u00e9": "Q33150013", "Claudine Schwartz": "Q99179119", "Clelia De Felice": "Q62050900", "Cleopatra Christoforou": "Q57544963", "Clotilde Fermanian-Kammerer": "Q102409085", "Colette Calmelet": "Q102233253", "Colette Cassignol": "Q55135913", "Colleen Duffy": "Q102337942", "Concepci\u00f3 Arenas": "Q41581645", "Concha Bielza": "Q42182200", "Constance Chiouchirn Roth": "Q102159691", "Corina Reischer": "Q55725281", "Cornelia Niederdrenk-Felgner": "Q102175903", "Cristina G\u00f3mez Baggethun": "Q92119108", "Cristina I. Draghicescu": "Q102175172", "Cristina Marcelli": "Q102340142", "Csilla Bujt\u00e1s": "Q57933391", "Csillik Iharka": "Q873402", "Cymra Haskell": "Q102230825", "Czes\u0142awa Bucka": "Q102309201", "D. M. E. Foster": "Q102198225", "Dagmar Harmancov\u00e1": "Q95157106", "Dagmar Medkov\u00e1": "Q95168993", "Dalit Baum": "Q102199988", "Dana Petcu": "Q58233397", "Dana Vorl\u00ed\u010dkov\u00e1": "Q102414652", "Dana \u010cern\u00e1": "Q95177933", "Dana \u0160alounov\u00e1": "Q57884650", "Danelle D. Clarke": "Q61623245", "Daniela Bittnerov\u00e1": "Q95459682", "Daniela Ferrero": "Q60389554", "Daniela Sforza": "Q102303199", "Daniela Soto": "Q96624729", "Danielle Carr Ramdath": "Q23540788", "Danuta Ciesielska": "Q102234393", "Danuta Jach": "Q102220488", "Danuta Ko\u0142odziejczyk": "Q102350671", "Danuta Rozp\u0142och-Nowakowska": "Q102272006", "Danuta Sadowska": "Q19693382", "Danuta Stachowiak-Gni\u0142ka": "Q102224822", "Danuta Zaremba": "Q102232543", "Daria Bugajewska": "Q102303269", "Darja Govekar-Leban": "Q48073348", "Deanna Caveny": "Q102362105", "Deborah Cheryl Jackson": "Q102282691", "Deborah S. Franzblau": "Q102164334", "Deborah Wagner Roberts": "Q95649536", "Debra Curtis": "Q12889430", "Deena Schmidt": "Q56759931", "Della Bell": "Q12889472", "Denise Legrand": "Q95649986", "Denise Rangel Tracy": "Q102424284", "Denise Stephenson-Hawk": "Q12889501", "Diane Elizabeth Vaughan": "Q102320100", "Diane L. Evans": "Q102230637", "Diane Mary Johnson": "Q102167300", "Diane Schwartz": "Q102311136", "Diane Splaver Laison": "Q102174132", "Dietlinde Lau": "Q102373713", "Dimitra Karchitska": "Q68170524", "Ditte Clemens": "Q95189974", "Dominika Klimek-Sm\u0119t": "Q74010179", "Dominika Pilarczyk": "Q102412243", "Donatella Iacono": "Q21541847", "Dora Pr\u00f6l\u00df": "Q55859178", "Dorota Blachowska": "Q102347460", "Dorota Bors": "Q87662592", "Dorota Budzik": "Q102271566", "Dorota Ewa Gabor": "Q102365237", "Dorota Juszczak": "Q102364852", "Dorota Maja Kowalska": "Q102415358", "Dorota Rogowska": "Q102372925", "Dorothea Dauer": "Q95706270", "Dorothea Starke": "Q18684350", "Dorothy Bollman": "Q95646096", "Dorothy Elizabeth Buck": "Q89920223", "Dorothy Jones": "Q23540810", "Dorra Bourguiba": "Q102348480", "Drahom\u00edra Holubov\u00e1": "Q95480791", "Drahoslava Janovsk\u00e1": "Q95107567", "Dubravka Ban": "Q102293687", "Du\u0161anka Jane\u017ei\u010d": "Q12788090", "Ecaterina Sava-Huss": "Q98907038", "Eda-Tiia Pungar": "Q12361020", "Edit Egri": "Q987925", "Edita Kol\u00e1\u0159ov\u00e1": "Q95169137", "Edita Pelantov\u00e1": "Q95473541", "Editha Krenz": "Q102235228", "Edlyn Teske": "Q15858516", "Edyta Sadowska": "Q102364586", "Edyta Szyma\u0144ska": "Q102411072", "Eeva Vilkkumaa": "Q20250025", "Eija Laukkarinen": "Q102407869", "Eileen Estes Hargrove": "Q102168683", "Eileen O'Sullivan Lee": "Q102130795", "Eimear Byrne": "Q102224581", "Ekaterina Anatolievna Burlakova": "Q102406759", "Elaine Crooks": "Q102229343", "Elaine Hubbard": "Q102173282", "Elaine Huggenberger": "Q102422131", "Elaine Terry": "Q16946126", "Elda Valabrega Gibellato": "Q77248562", "Elena Borisovna Zhemkova": "Q102312235", "Elena Evgen'evna D'yakonova": "Q55102372", "Elena Grindlinger": "Q102310035", "Elena I. Korkina": "Q102197655", "Elena I. Poletaeva": "Q102266957", "Elena Ioana Cioranescu": "Q102305992", "Elena Ivanovna Podberezina": "Q102399654", "Elena Liliana Popescu": "Q2880955", "Elena Moretti Tomasin": "Q102299995", "Elena Perelman": "Q71869813", "Elena Petrovna Ozhigova": "Q21731117", "Elena Prestini": "Q102361751", "Elena Rubei": "Q102407500", "Elena Safiulina": "Q12361869", "Elena Sartori": "Q102218319", "Elena St\u00f6hr": "Q102189690", "Elena V. Konstantinova": "Q79315895", "Elena Valerievna Anoshkina": "Q102406016", "Elena Villa": "Q102367374", "Elena Yudovina": "Q102416245", "Elena Yur'evna Nogina": "Q102213348", "Elenora A. Storozhenko": "Q102175469", "Eleonora Palmieri": "Q102305691", "Eleonore Faber": "Q60022338", "Elfriede Deichmann": "Q95655813", "Elisa Bloch-Helly": "Q102240976", "Elisa Francini": "Q102384772", "Elisa Gorla": "Q21258858", "Elisa Mart\u00edn Garijo": "Q70737920", "Elisabet Canalias Vila": "Q20875821", "Elisabeth Bauernschubert": "Q102430208", "Elisabeth Behnke": "Q95735466", "Elisabeth Drape": "Q95195582", "Elisabeth Mager": "Q95663391", "Elisabeth Ruth Green": "Q63284105", "Elisabetta Chiodaroli": "Q59591054", "Elisabetta Pegoraro": "Q102218339", "Elisabetta Strickland": "Q3723261", "Elita Aleksandrovna Mukhacheva": "Q89575461", "Elizabeth (Ferentz) Wetherell": "Q102170863", "Elizabeth Ann Housworth": "Q102167595", "Elizabeth Anne Ormerod": "Q102231522", "Elizabeth Hirschfelder": "Q89406785", "Elizabeth Jane Morgan Billington": "Q102203603", "Elizabeth Karas": "Q102271120", "Elizabeth LeStourgeon": "Q89659877", "Elizabeth Louise Michaels": "Q95649575", "Elizabeth Maude Hunter Rowlinson": "Q62061297", "Elizabeth Morgan Cooper": "Q75098829", "Elizabeth Ruth Bennett": "Q87195406", "Elizabeth Street Dickerman": "Q46846315", "Eli\u0161ka Tomov\u00e1": "Q12765294", "Elke Koppenrade": "Q102181554", "Elke Warmuth": "Q1331586", "Elke Wilkeit": "Q102340548", "Ella Puman": "Q12361900", "Ella Schmidt": "Q58485483", "Ellen Eischen": "Q102358276", "Ellen Gasparovic": "Q102402045", "Ellen Redi": "Q16406250", "Elli Heesch": "Q94775663", "Elsa Becker": "Q95706232", "Elsie Jeannette McFarland": "Q102185662", "Elts Abel": "Q17446877", "Elvira S. Rapaport": "Q95648511", "Elyn K. Rykken": "Q100390617", "Elzbieta Adamus nee Sowa": "Q102388889", "Elzbieta Wagner-Bojakowska": "Q102372893", "El\u017cbieta Kotlicka": "Q102373048", "El\u017cbieta Kulbacka": "Q102407027", "El\u017cbieta Motyl": "Q102234314", "El\u017cbieta Pol": "Q26258212", "El\u017cbieta Zaj\u0105c": "Q102340978", "Emanuela Romano": "Q102394767", "Emil Vokat\u00fd": "Q95439716", "Emily Hoel Moore": "Q102191255", "Emily J. Evans": "Q102428778", "Emily Tanimura": "Q41799540", "Emma Fenceroy": "Q16946142", "Emma Whiton McDonald": "Q95469928", "Emmanuelle Augeraud-V\u00e9ron": "Q59682060", "Emmanuelle Reny-Nolin": "Q101529885", "Emmy Pisko": "Q94734848", "Em\u00edlia Halu\u0161kov\u00e1": "Q102344404", "Endar Hasafah Nugrahani": "Q102253347", "Enrica Pirozzi": "Q59668026", "Erin Chambers": "Q81674722", "Erna Weber": "Q1356133", "Erna Witt": "Q21032281", "Estela A. Gavosto": "Q102134639", "Esther Lowy": "Q102188458", "Eszter Nov\u00e1k-Gselmann": "Q75805769", "Eszter Sikolya": "Q102271831", "Ethel Louise Anderton": "Q102194482", "Eugenia Smyrnova-Trybulska": "Q97372508", "Eugenia \u0141ozi\u0144ska": "Q20029648", "Eulalia Nualart-Dexeus": "Q102403445", "Eun-Hee Park": "Q102363435", "Eunice Gray Smith": "Q63968107", "Eunjai Rhee": "Q102336509", "Eunok Jung": "Q89097110", "Euphemia R. Worthington": "Q45094204", "Eva Bla\u017ekov\u00e1": "Q56473942", "Eva Bohanesov\u00e1": "Q95178330", "Eva Buri\u00e1nkov\u00e1": "Q57904512", "Eva Bur\u00e1\u0148ov\u00e1": "Q95209176", "Eva Dobrovoln\u00e1": "Q95111548", "Eva Fa\u0161angov\u00e1": "Q95240112", "Eva Gedeonov\u00e1": "Q12765582", "Eva Hata": "Q12103362", "Eva Hrube\u0161ov\u00e1": "Q95169158", "Eva Janou\u0161kov\u00e1": "Q88358013", "Eva Koehler": "Q95192093", "Eva Loch": "Q95657523", "Eva L\u00f6cherbach": "Q59267761", "Eva Nov\u00e1kov\u00e1": "Q95107657", "Eva Pek\u00e1rkov\u00e1": "Q95168244", "Eva Plockov\u00e1": "Q95178031", "Eva Reiterov\u00e1": "Q95077025", "Eva Silvia P\u00e4rt-Enander": "Q12362470", "Eva Van\u011b\u010dkov\u00e1": "Q95208480", "Eva Vav\u0159\u00edkov\u00e1": "Q95178420", "Eva Zelendov\u00e1": "Q95224668", "Eva \u017dampachov\u00e1": "Q95381032", "Eva-Maria Malin": "Q102250795", "Evangelina Santos": "Q23012032", "Evelyn Patterson Scott": "Q16946178", "Evelyn Teresa Carroll": "Q102198388", "Evgenia Suzdaleva": "Q95479358", "Evgeniya Aleksandrovna Leontovich-Andronova": "Q102400346", "Evi Mitt": "Q24546029", "Ewa Bednarczuk": "Q102300734", "Ewa Cygan": "Q102234391", "Ewa Delinowska": "Q102405047", "Ewa Drabik": "Q102339921", "Ewa Grabska": "Q102234421", "Ewa Hensz-Ch\u0105dzy\u0144ska": "Q85134168", "Ewa Ignaczak": "Q102418944", "Ewa Korczak-Kubiak": "Q96949447", "Ewa Ligocka": "Q102400725", "Ewa Marchow": "Q102298882", "Ewa Marciniak": "Q102431043", "Ewa Maria Stro\u0144ska": "Q102362103", "Ewa Schmeidel": "Q97371068", "Ewa Strzalkowska-Kominiak": "Q102389055", "Ewa Sus\u0142owska": "Q102420519", "Ewa Szostak": "Q102234348", "Ewa \u0141azarow": "Q102372408", "Fabiana Leoni": "Q102332533", "Fabienne Castell": "Q102239076", "Fadwa bint Salama Abu Marifa": "Q25450360", "Fanja Rakotondrajao": "Q102274709", "Fannie Gee": "Q12890579", "Fannie Wilson Boyce": "Q102150313", "Fanny Matthey": "Q102430910", "Fatma Abdullazade": "Q12839454", "Fatma Ayadi": "Q102431988", "Fatma Zohra Nouri": "Q57417835", "Fausta Audisio": "Q77247591", "Fe S. Evangelista": "Q102240400", "Federica Di Stefano": "Q95633633", "Femke van Raamsdonk": "Q102253237", "Femke van Wageningen-Kessels": "Q102406954", "Fernanda Clara de Fran\u00e7a Silva": "Q102084495", "Fernanda Pambianco": "Q102301535", "Fiammetta Battaglia": "Q102299590", "Filomena Pacella": "Q102087184", "Fiong An Chang": "Q64718442", "Flora Dobler Sutton": "Q93489239", "Florence Lucile Black": "Q102167008", "Florence Mary Harding": "Q102217770", "Florinda Capone": "Q102413688", "Folake Oyedigba Akinpelu": "Q102276573", "Franca Franchi": "Q97457736", "Franca Hoffmann": "Q59674913", "Frances Jackson": "Q23540830", "Frances Sullivan": "Q12890737", "Frances Yvonne Jackson": "Q75102232", "Francesca Bucci": "Q102303228", "Francesca Colasuonno": "Q102504968", "Francesca Dalla Volta": "Q102345074", "Francesca Monti": "Q102357288", "Francesca Passarella": "Q100725951", "Franziska Bomski": "Q95200801", "Franziska Feh\u00e9r": "Q102172654", "Franziska K\u00fchnemund": "Q102271833", "Fran\u00e7oise Benz\u00e9cri-Le Roy": "Q102293371", "Fran\u00e7oise Fogelman Souli\u00e8": "Q95204725", "Frida Frischauer-Meitner": "Q102311964", "Fulvia Skof": "Q97457807", "Fumiko \u014ctsuka": "Q11434021", "G. B. Verevkina": "Q102292889", "Gabriela Holubov\u00e1": "Q95474147", "Gabriela Marinoschi": "Q39885867", "Gabriele Dankert": "Q95189659", "Gabriella Del Grosso": "Q3756732", "Galina Bizhanova": "Q16435415", "Galina Borisovna Belyavskaya": "Q102369922", "Galina Lazareva": "Q55104390", "Galina Matvievskaya": "Q4284676", "Galina S. Kostetskaya": "Q102353055", "Galina Sevastyanovna Zhukova": "Q43428642", "Galina Susova": "Q96106491", "Galina Vasilyevna Kuzmina": "Q19502366", "Galina Vrublevskaya": "Q4127217", "Geethamali G. Samaranayake": "Q102167820", "Gelonia Dent": "Q16946343", "Gemma Colom\u00e9 Nin": "Q102340563", "Gemma Parmeggiani": "Q102218269", "Genowefa Rzepecka": "Q102373045", "Genowefa \u0141oskiewicz": "Q82080157", "Georgette Flamant": "Q51955135", "Georgia Lawrence": "Q12891006", "Geraldine Rauch": "Q56958932", "Gerda Schmidt": "Q95704945", "Gerianne M. Krause": "Q95192116", "Gerta Pla\u010dkov\u00e1": "Q95177934", "Gertrud Boehle": "Q95706248", "Gertrud Weyl": "Q95205025", "Gertrud Wiegandt": "Q94862731", "Gertruda Gw\u00f3\u017ad\u017a-\u0141ukawska": "Q102431719", "Gertrude E. Stith Ketchum": "Q102144594", "Gertrude McCain": "Q94989543", "Gila Fruchter": "Q27990354", "Giovanna D'Agostino": "Q102333245", "Giovanna Guidoboni": "Q57056438", "Giovanna Pettini": "Q97457673", "Gisela Ahlbrandt": "Q102178530", "Gisela Rei\u00dfig": "Q95197410", "Gisela Zimmermann": "Q95198819", "Giselle Antunes Monteiro": "Q102395230", "Giulia Menconi": "Q58320073", "Giulianella Coletti": "Q102423907", "Giuseppina Albano": "Q79507682", "Giuseppina Barbieri": "Q102407538", "Gladys Gaskin Whitehead": "Q12891064", "Gladys Gibbens": "Q87401965", "Gladys Glass": "Q12891063", "Gohar Hambardzumyan": "Q13052571", "Gohar Kyureghyan": "Q102232056", "Goldie Printis Horton": "Q75100263", "Gordana Pavlovi\u0107-La\u017eeti\u0107": "Q12750312", "Gordana Rajkov": "Q12750313", "Goulnara Arzhantseva": "Q1474960", "Grace Quinn": "Q94768871", "Graciela Sonntag": "Q95213427", "Gra\u017cyna Hobot": "Q102308570", "Gra\u017cyna Horbaczewska": "Q102372895", "Gra\u017cyna Koz\u0142owska": "Q102224703", "Gra\u017cyna Mirkowska-Salwicka": "Q97370099", "Gra\u017cyna Pankiewicz": "Q102300728", "Gra\u017cyna Stanis\u0142awa Kwieci\u0144ska": "Q102364593", "Greta Leibowitz": "Q16132388", "Gudrun Beyer": "Q95212308", "Gudrun Ore": "Q95746396", "Gugu Moche": "Q12891677", "Guillaume Valette": "Q48847304", "Hajnalka P\u00e9ics": "Q102415129", "Hakima Bessaih": "Q102303505", "Halima Ali": "Q12891417", "Halina Swiatak": "Q95191118", "Halszka Tutaj-Gasinska": "Q48852133", "Hana Chud\u00e1": "Q102364457", "Hana Entlerov\u00e1": "Q12018954", "Hana Halfarov\u00e1": "Q95441330", "Hana Kirchheimov\u00e1": "Q13417931", "Hana Kotou\u010dkov\u00e1": "Q95080289", "Hana Ripkov\u00e1": "Q95169062", "Hana Va\u0161kov\u00e1": "Q95227153", "Hana \u010cerm\u00e1kov\u00e1": "Q95392318", "Hana \u0160t\u011bp\u00e1nkov\u00e1": "Q95164287", "Hanna Marcinkowska": "Q47135745", "Hanna Patkowska": "Q102203306", "Hannah Callender Highlander": "Q102312567", "Hannelore Bernhardt": "Q28768176", "Hao Ni": "Q102407683", "Harriet Bonner": "Q89977378", "Harriet Junior Walton": "Q75187075", "Harsimrat Kaur": "Q24732014", "Hasnaa Zidani": "Q102318023", "Hazel Edith Schoonmaker": "Q102158247", "Heidi Louise Burgiel": "Q102179096", "Heidi Roth": "Q95746453", "Heidrun Ong": "Q95191688", "Heike Maria Sperber": "Q102358174", "Helen Chick": "Q57418114", "Helen Infeld": "Q102198390", "Helen Pearl Beard": "Q95203420", "Helen Tappan": "Q93579839", "Helena Andresov\u00e1": "Q95447692", "Helena Bere\u015b": "Q102234445", "Helena Berkovcov\u00e1": "Q95480116", "Helena Binterov\u00e1": "Q95373449", "Helena Engelina Nusse": "Q102336313", "Helena Ferrer i Mallol": "Q11925355", "Helena Koutkov\u00e1": "Q95215357", "Helena Lilja": "Q57168617", "Helena Malinowski": "Q102431294", "Helena Mihaljevi\u0107": "Q68104547", "Helena Siwek": "Q55393186", "Helena Stattler": "Q19850507", "Helena Zakraj\u0161ek": "Q48075006", "Helena \u0158\u00edhov\u00e1": "Q95373477", "Helene Reschovsky": "Q52063272", "Helene Shapiro": "Q92583027", "Helga Hartwig": "Q102374476", "Helga Huntley": "Q102356022", "Helga Oltmanns": "Q102340547", "Hermance Mullemeister": "Q102313010", "Hilda Vilhelmine Roos": "Q16407040", "Hilde Heinicke": "Q14465850", "Hildegard M\u00fcnz": "Q95192734", "Hildegard Rohde": "Q95746441", "Hillevi Gavel": "Q42393984", "Hoai An Le Thi": "Q87448338", "Hyang-Sook Lee": "Q97209708", "Hyea Hyun Kim": "Q102290069", "Hyeonmi Lee": "Q102225739", "Hyun Geun Lee": "Q102395437", "Hyung Ju Hwang": "Q102248179", "H\u00e9l\u00e8ne Cartan": "Q42852773", "H\u00e9l\u00e8ne Cossette": "Q73670082", "Ida Gasparini Cattaneo": "Q77248488", "Ignatz Bernhard K\u00f6sters": "Q55903570", "Ilaria Damiani": "Q102344161", "Ilaria Del Corso": "Q102362073", "Ilaria Mantellini": "Q102338255", "Ildik\u00f3 Ilona Mezei": "Q1176420", "Ildik\u00f3 Somogyi": "Q1290087", "Ilona Kr\u00f3lak": "Q102414191", "Ilona Nowosad": "Q102365483", "Ilona Simon": "Q102422312", "Ilse Karger": "Q102234152", "Incoronata Notarangelo": "Q102407603", "Inga Kangro": "Q12364542", "Inga Libicka J\u0119drzejewska": "Q102381249", "Inge Heinrich": "Q95650690", "Inge Troch": "Q83373645", "Ingegerd Palm\u00e9r": "Q4971761", "Ingrid Mauer": "Q25520021", "Ingrid Spreckelsen": "Q102313440", "Ingrid Violet": "Q102320990", "Ingvill Merete Sted\u00f8y-Johansen": "Q16905141", "Inkeri Simola": "Q102231246", "Inna Capdeboscq": "Q102213499", "Inna Nikolaevna Kopas'": "Q102292888", "Inna Sadovnichaya": "Q55104695", "Inna Scherbak": "Q102260827", "Inna Shteinbuka": "Q4526796", "Inwon Christina Kim": "Q102259941", "In\u00eas Bonacho dos Anjos Henriques Cadby": "Q102365284", "Iqbal Unnisa": "Q38518465", "Irena Adamaszek Fidytek": "Q102241135", "Irena Broszkiewicz": "Q102234440", "Irena Hinterleitner": "Q95178668", "Irena Hlavi\u010dkov\u00e1": "Q95374328", "Irena Kami\u0144ska-Szmaj": "Q11713771", "Irena Korwin-S\u0142omczy\u0144ska": "Q102366945", "Irena Ruszczyk": "Q102431039", "Irena \u0141ojczyk-Kr\u00f3likiewicz": "Q102234220", "Irene Bouw": "Q91023359", "Irene Deliyanni": "Q102197585", "Irene Hueter": "Q75101058", "Irene Kyza": "Q102356963", "Irene Price": "Q93346059", "Irene Rothe": "Q95648897", "Irina Arefyeva": "Q41633222", "Irina Mikhailovna Mitricheva": "Q102396222", "Irina Nenciu": "Q85011035", "Irina Sergeevna Novikova": "Q102406008", "Irina Tkacheva (Minakova)": "Q102396920", "Irina Viktorovna Sheveleva (Busarkina)": "Q102391304", "Irina Yehorchenko": "Q65212829", "Iris Gr\u00f6tschel": "Q96743869", "Irma Reiner": "Q94744585", "Irmela Herzog": "Q59162344", "Irmina Herburt": "Q88027625", "Irmina Zio\u0142o": "Q102396213", "Isabel Beichl": "Q102124581", "Isabel Fernandez": "Q62050275", "Isabel Fern\u00e1ndez Delgado": "Q59617961", "Isabel K. Darcy": "Q90406793", "Isabel Mart\u00edn G\u00f3mez": "Q47147847", "Isabelle Catto": "Q102342976", "Isabelle Fl\u00fcckiger": "Q43964636", "Ivana Linkeov\u00e1": "Q95396594", "Ivana Lou\u010dkov\u00e1": "Q95152473", "Ivana Mal\u00e1": "Q95081870", "Ivana Pultarov\u00e1": "Q95443866", "Iveta Mr\u00e1zov\u00e1": "Q95377874", "Ivonne Johanna Ortiz": "Q102258799", "Iwona Krzemi\u0144ska": "Q102415738", "Iwona Pawlikowska": "Q102240868", "Iwona Tyrala": "Q102301688", "Izabela J\u00f3\u017awik": "Q102431718", "Izabella Yurievna Kharrik": "Q102375656", "Jacqueline Brannon Giles": "Q12891744", "Jacqueline E. Barab": "Q102132402", "Jacqueline Fourasti\u00e9": "Q33199867", "Jadwiga Dorota Bara\u0144ska": "Q102419987", "Jadwiga Honowska": "Q11715890", "Jadwiga Korczak": "Q102224751", "Jadwiga Waszkiewicz": "Q102407795", "Jadwiga Wolnicka": "Q102407026", "Jadwiga Zygmunt": "Q102392318", "Jamila Karrakchou": "Q102302907", "Jana Bor\u016fvkov\u00e1": "Q95480124", "Jana Hoderov\u00e1": "Q95178196", "Jana Hricov\u00e1": "Q95152432", "Jana Klicnarov\u00e1": "Q102415866", "Jana Kolouchov\u00e1": "Q95483800", "Jana Kubanov\u00e1": "Q95376712", "Jana Novovi\u010dov\u00e1": "Q95154909", "Jana Proch\u00e1zkov\u00e1": "Q95180931", "Jana Puch\u00fd\u0159ov\u00e1": "Q95112213", "Jana P\u0159\u00edvratsk\u00e1": "Q95153728", "Jana Star\u00e1": "Q95146883", "Jana Zl\u00e1malov\u00e1": "Q102356869", "Jana \u0160imsov\u00e1": "Q95395496", "Jane T. Lovett": "Q95649449", "Jane Watson": "Q60659092", "Janet Best": "Q89604888", "Janet Hart Frost": "Q102331428", "Janet Marie Schillinger": "Q102183460", "Janice E. Cook": "Q16946542", "Janice L. Malouf": "Q49388067", "Janina Ewert": "Q102165226", "Janina Kotus": "Q102353256", "Janina K\u0142apyta": "Q102234321", "Janina Wolska-Bochenek": "Q100591641", "Janina \u015aladkowska-Zahorska": "Q67173474", "Jarmila Novotn\u00e1": "Q95438801", "Jarmila Robov\u00e1": "Q95374025", "Jarmila \u0160lechtov\u00e1": "Q95442482", "Jarmila \u0160otov\u00e1": "Q95178197", "Jasna Prezelj": "Q102271391", "Jaya Naganathan Iyer": "Q66310014", "Jeanette Stephens": "Q12891951", "Jeanne Albert": "Q102192883", "Jeanne Rouvi\u00e8re": "Q51955179", "Jeanne Starrett Agnew (LeCaine)": "Q102199604", "Jenni Ingram": "Q57540061", "Jennifer Chubb": "Q102355343", "Jennifer Czocher": "Q102410781", "Jennifer Hyndman": "Q102432102", "Jennifer Michelle Johnson-Leung": "Q102282054", "Jennifer Szydlik": "Q102163103", "Jennifer Williamson Stone": "Q102308596", "Jenny Wong": "Q58477367", "Jessica McDonald": "Q102363424", "Jessica Z\u00fa\u00f1iga": "Q102340524", "Jewell Constance Hughes": "Q102149724", "Jill McGowan": "Q102195264", "Jill Yaqub": "Q95191931", "Jillian McLeod": "Q16946654", "Jin Liang": "Q102165152", "Jin Yue Yoon": "Q102424101", "Jinsun Sohn": "Q102367428", "Jitka Dole\u017ealov\u00e1": "Q95464418", "Jitka Ku\u010derov\u00e1": "Q95175314", "Jitka Laitochov\u00e1": "Q102396391", "Jitka Stehnov\u00e1": "Q102340293", "Jitka Zato\u010dilov\u00e1": "Q95394967", "Jitka Zichov\u00e1": "Q95110449", "Ji\u0159ina Frol\u00edkov\u00e1": "Q95368289", "Ji\u0159ina Novotn\u00e1": "Q95402698", "Joan E. Hart": "Q102163126", "Joan Langdon": "Q16946658", "Joan Terry Hallett": "Q67802817", "Joanna Aleksandra Ku\u0142aga-Przymus": "Q102429941", "Joanna Balbus": "Q102411209", "Joanna Ger": "Q102255616", "Joanna G\u00f3rska": "Q102312521", "Joanna Janczewska": "Q102348176", "Joanna Janczura": "Q61598239", "Joanna Jarosz-Nowak": "Q102361270", "Joanna Jaroszewska": "Q102368087", "Joanna Kania-Bartoszynska": "Q102185419", "Joanna Kar\u0142owska-Pik": "Q86297964", "Joanna Kowalczyk": "Q102355348", "Joanna Kucner": "Q102406596", "Joanna Maria Nowicka-Zagrajek": "Q102157494", "Joanna Matula": "Q102407341", "Joanna Orewczyk": "Q102234318", "Joanna Peredko": "Q102372931", "Joanna Piasecka": "Q102339922", "Joanna Rzepecka": "Q102373050", "Joanna Soszy\u0144ska-Budny": "Q29079445", "Joanna Szczawi\u0144ska": "Q102374441", "Joanna Tumi\u0142owicz": "Q16563345", "Joanna We\u0142yczko": "Q102402239", "Joanna \u015awi\u0119cicka": "Q102337401", "Joanne Elizabeth Kennedy": "Q102250530", "Joelle Pichaud": "Q102414090", "Johanna Wiegandt": "Q94862724", "Jolanta Jarnicka": "Q102302926", "Jolanta Kosman": "Q102358669", "Jolanta Olko": "Q102374635", "Jolanta Przybycin": "Q102234299", "Jolanta S\u0142omi\u0144ska": "Q102298896", "Jolanta Weso\u0142owska": "Q102366144", "Jolanta Ziemi\u0144ska": "Q102292755", "Jol\u00e1n Targonski": "Q95191500", "Jone Uria": "Q12260550", "Jorun Poettering": "Q95748182", "Josefina Casasayas": "Q102272921", "Josepha Hofmann": "Q95648817", "Josephine Mehlberg": "Q102299804", "Josette Charles": "Q102184303", "Joyce Billings": "Q85300032", "Ju-Yi J. Yen": "Q102182955", "Judit Mu\u00f1oz": "Q100700812", "Judit Nagy-Gy\u00f6rgy": "Q102414549", "Judith Anne Packer": "Q102174413", "Judith Campos Cordero": "Q102432116", "Judith Joanne McDonald": "Q102163029", "Judith L. Clarke": "Q102356861", "Jue Wang": "Q102337395", "Julia Barnes": "Q102176082", "Julia Dale": "Q102194454", "Julia Susanne Springer": "Q102424482", "Julia S\u00e1nchez Sanz": "Q88046415", "Julia Trueman Colpitts": "Q102194453", "Julia Wells Bower": "Q102150185", "Julianna Marchi\u015f": "Q1164887", "Julianna Szendrei": "Q1296072", "Julianne Rainbolt": "Q102240475", "Julie Delon": "Q64431789", "Juliette Hell": "Q102367340", "Juliette Leloup": "Q16325327", "Juli\u00e0 Cuf\u00ed": "Q93435288", "Justyna Fura": "Q102364452", "Justyna Kosakowska": "Q102365064", "Justyna Kurkowiak": "Q102364495", "Justyna Signerska-Rynkowska": "Q102415162", "Justyna Sikorska": "Q102241140", "Justyna Szpond": "Q102368082", "Jutta Cukrowicz": "Q95706268", "Jutta Gebert": "Q102382117", "Jutta Neuen": "Q102433761", "J\u00falia Komj\u00e1thy": "Q92730045", "J\u00falia Salamon": "Q1255053", "J\u00falia Sebesty\u00e9n": "Q3905505", "J\u00falia \u017dilinkov\u00e1": "Q95141840", "K. Elayn Martin-Gay": "Q52268656", "Kaarin Riives-Kaagj\u00e4rv": "Q12365927", "Kamila Bendov\u00e1": "Q50493867", "Kamila Vopatov\u00e1": "Q95459379", "Karen Chase": "Q102168542", "Karen I-Yen Pao": "Q102210682", "Karen I. West": "Q95648281", "Kari Fowler": "Q102187416", "Karin Cvetko-Vah": "Q65518040", "Karin Kraft": "Q102372201", "Karin Schulte": "Q95746599", "Karina Vilches": "Q102420306", "Karine Bertin": "Q102340788", "Karolyn Ann Morgan": "Q12892295", "Katalin N\u00e9methy": "Q1220899", "Katarina Ko\u0161melj": "Q102290713", "Katarzyna Chmielewska": "Q102359041", "Katarzyna Dems-Rudnicka": "Q102381613", "Katarzyna Dymara": "Q102355308", "Katarzyna Flak": "Q102381609", "Katarzyna Grasela": "Q102368049", "Katarzyna Ha\u0142kowska": "Q11736972", "Katarzyna Matczak": "Q102340984", "Katarzyna Moroz": "Q102403286", "Katarzyna Pietruska-Pa\u0142uba": "Q26251008", "Katarzyna Rybarczyk": "Q102365883", "Katarzyna Sawicz": "Q102340251", "Katarzyna Szyma\u0144ska-D\u0119bowska": "Q102429985", "Katarzyna Troczka-Pawelec": "Q102435153", "Katarzyna Winkowska-Nowak": "Q102174415", "Kate Helmstedt": "Q64878638", "Katerina Yurievna Mamsa": "Q102322668", "Kate\u0159ina B\u00f6hmov\u00e1": "Q95440387", "Kate\u0159ina Helisov\u00e1": "Q87063063", "Kate\u0159ina Krajcov\u00e1": "Q95112485", "Kate\u0159ina Langov\u00e1": "Q95157276", "Kate\u0159ina Trlifajov\u00e1": "Q95178342", "Katharine Ott": "Q102368291", "Katherine G. Johnston": "Q102233213", "Kathleen B O'Keefe": "Q102186118", "Kathleen Taylor": "Q102166691", "Kathrin Thiele": "Q102272754", "Kathryn Frances Lesh": "Q102197634", "Kathryn G. Link": "Q84769378", "Kathryn Lewis": "Q12892312", "Katja Mosenthin": "Q102180349", "Katrien Van Driessen": "Q102402311", "Katrin F\u00e4ssler": "Q102396742", "Katrina D. Barron": "Q102150148", "Kat\u00f3 R\u00e9nyi": "Q12815873", "Kay Whitehead": "Q102147503", "Kbenesh Blayneh": "Q16946737", "Ke Wu": "Q102195871", "Kelsey Houston-Edwards": "Q47490733", "Kenza Guenda": "Q62050649", "Kim Hyung-Jeong": "Q12589203", "Kim Ward": "Q12892350", "Kim Woodson Barnette": "Q12892343", "Kinga Cicho\u0144": "Q102433647", "Kirsten Albrecht": "Q102398839", "Klara Hveberg": "Q63945214", "Kl\u00e1ra Pra\u017e\u00e1kov\u00e1": "Q95111459", "Konstancja Bobecka-Weso\u0142owska": "Q86556388", "Kristen A. Beck": "Q102378657", "Kristen Schemmerhorn": "Q102170024", "Kristina Steih": "Q102435211", "Krystyna Bartz": "Q24430405", "Krystyna Dobrowolska": "Q102431122", "Krystyna Jaworska": "Q102379645", "Krystyna Katulska": "Q24431120", "Krystyna Kibalczyc": "Q102407345", "Krystyna Mak\u00f3wka": "Q102431045", "Krystyna Regina Parczyk": "Q102364850", "Krystyna Shvaya": "Q102406005", "Krystyna Sk\u00f3rnik": "Q102350163", "Krystyna Szafraniec": "Q102234398", "Krystyna Tryuk": "Q102234207", "Krystyna Twardowska": "Q102234340", "Krystyna Zi\u0119tak": "Q99574416", "Kv\u011btoslava Matou\u0161kov\u00e1": "Q95153702", "Kyeong Hah Roh": "Q102165324", "Lada Kuklov\u00e1": "Q95451571", "Lada Stanislavovna Polyakova": "Q102406011", "Lara Ruth Turner": "Q102402823", "Larisa Beilina": "Q102270136", "Larissa Walentinowna Kowtanjuk": "Q97205036", "Laura Angeloni": "Q102262380", "Laura Cornelia Hubbs": "Q42716607", "Laura Cremaschi": "Q102475707", "Laura Desideri": "Q102368507", "Laura E. Ch\u00e1vez-Lomel\u00ed": "Q102343498", "Laura E. Clemens": "Q102175735", "Laura Ketchum Kodama": "Q102184744", "Laura Luzzi": "Q102402231", "Laura Poggiolini": "Q102338339", "Laura Smith": "Q23541322", "Laura Tedeschini-Lalli": "Q74465762", "Laure-Pauline Fotso": "Q15713967", "Lavinia Picollo": "Q49287525", "Leanne Davina Robertson": "Q102185987", "Lei Wang": "Q102390637", "Leida Tuulmets": "Q24546111", "Leila Khatami": "Q102253847", "Lena Danaia": "Q59247361", "Lena Scholz": "Q57420869", "Leni Lvovsk\u00e1": "Q95461652", "Lenka Lomtatidze": "Q95394891", "Lenka P\u0159ibylov\u00e1": "Q89471057", "Lenka Zalabov\u00e1": "Q95220267", "Leokadia Bialas-Ciez": "Q48847507", "Leona May Peirce": "Q46847152", "Leonarda Burke": "Q102198369", "Leonie Selk": "Q102392328", "Lianfen Qian": "Q102191632", "Lidia Obojska": "Q97180573", "Lidia Sk\u00f3ra": "Q102234265", "Lidiya Rufinadievna Busarkina": "Q102304623", "Liia Einasto": "Q17361902", "Lijing Sun": "Q102312292", "Liliana Puchuri Medina": "Q102398099", "Liliana Ragusa Gilli": "Q50322209", "Liliana Restuccia": "Q85890646", "Lilijana Arih": "Q59815076", "Liljana Ferbar Tratar": "Q65923999", "Lina Aryati": "Q102494245", "Lina Fazylovna Rakhmatullina": "Q102274697", "Linda Eroh": "Q102208496", "Linda Lesniak": "Q102157180", "Linda McGuire": "Q99531673", "Linda Ness": "Q21470044", "Linda Ruth Sons": "Q102187418", "Linda Wells": "Q102410469", "Lisa Beck": "Q102350941", "Lisa Hartung": "Q96026706", "Lisa Hefendehl-Hebeker": "Q95447238", "Lisbeth E. Schaubroeck": "Q102176108", "Lois Kailhofer": "Q102193514", "Lola Frances Kiser": "Q102168639", "Lore Zumeta Olaskoaga": "Q87127020", "Lori Alvin": "Q102384934", "Louise Johnson Rosenbaum": "Q75100295", "Louise Reips": "Q102408246", "Loyce M. Adams": "Q102214794", "Lubica Valentov\u00e1": "Q60730707", "Lubov Zapolskaya": "Q4186808", "Luce Brotcorne": "Q102307535", "Lucia Alessandrini": "Q19357732", "Lucia Scardia": "Q102314500", "Lucie Mokr\u00e1": "Q95114413", "Lucie Ulreichov\u00e1": "Q95153403", "Lucienne F\u00e9lix": "Q55964534", "Lucilia D. Borsari": "Q102149536", "Lucyna Trojnar-Spelina": "Q102355347", "Ludmila Kub\u00e1\u010dkov\u00e1": "Q95145972", "Ludwika \u017bur": "Q102356727", "Luisa Consiglieri": "Q75277922", "Luisa Iturrioz": "Q102230384", "Luisa Malaguti": "Q102430827", "Luisa Pelosi": "Q77248530", "Luisa Turrin Fernholz": "Q69965713", "Luise Susanne Unger": "Q102228270", "Luise-Charlotte Kappe": "Q95197499", "Lulu Hofmann Bechtolsheim": "Q75100239", "Luminita State": "Q22070205", "Luzia Z\u00f6ttl": "Q102362362", "Lydia Au\u00dfenhofer": "Q102178868", "Lydia Jaeger": "Q42721784", "Lynette Ann Hunt": "Q102176014", "Lynn H. Erbe": "Q95204515", "Lynne Yengulalp": "Q102351248", "Lynnell S. Matthews": "Q20558237", "Lyudmila Korobenko": "Q102426752", "Lyudmila Maysenya": "Q4275063", "Lyudmila Suxostat": "Q27651426", "Lyudmila Trofimovna Petrova": "Q102293547", "Lyudmila Tsiovkina": "Q102414132", "M'Bayang Thiam": "Q20558276", "M. Esmeralda Sousa-Dias": "Q102268701", "M. Victoria Otero-Espinar": "Q60621146", "Maarit J\u00e4rvenp\u00e4\u00e4": "Q63864142", "Mabel Barnes": "Q63039201", "Madalena Chaves": "Q57071677", "Madeleine Sirugue-Collin": "Q96576697", "Mae Ruth Anderson": "Q102150261", "Magdalena Elena Musat": "Q102239077", "Magdalena Hillmann": "Q95706320", "Magdalena Jaroszewska": "Q24431101", "Magdalena Niewiadomska-Bugaj": "Q102165256", "Magdalena Piszczek": "Q102374639", "Magdalena Rutkowska": "Q102267265", "Magdalena S\u0119kowska": "Q102234305", "Magdalena Wojciechowska": "Q102433756", "Magdalene Frewer-Sauvigny": "Q95190976", "Maguette Thiam": "Q12893906", "Maike Massierer": "Q102422095", "Maja Taskovi\u0107": "Q102522385", "Maja von Cube": "Q58207508", "Mako Emily Haruta": "Q102153934", "Malgorzata Glogowska": "Q102340252", "Malgorzata Grajdek": "Q102381786", "Malgorzata Michalska": "Q102348174", "Malgorzata Zwonek": "Q102368074", "Malka Gorfine": "Q88787576", "Malvina F. Baica": "Q95706219", "Manon Thibault de Chanvalon": "Q102432077", "Marcela V. Mihai": "Q102431255", "Mare Roosileht": "Q65265551", "Maren Reimold": "Q102369103", "Margaret (Margie) Anne Hale": "Q102200527", "Margaret Archibald": "Q87465801", "Margaret Evelyn Mauch": "Q94729849", "Margaret James Morton": "Q102312315", "Margaret Mary Hansman": "Q102144375", "Margaret Murray": "Q102158150", "Margaret S. Matchett": "Q102173755", "Margareta Heilmann": "Q102242956", "Margareta Wiciak": "Q102234315", "Margarete Caroline Wolf": "Q89330946", "Margarete Landes": "Q102174954", "Margarete Trillhaas": "Q94733670", "Margarethe Goeb": "Q24972914", "Margarida Melo": "Q102352093", "Margarita Il'inichna Verhozina": "Q102341272", "Margarita Zudaire Sarobe": "Q102307927", "Margherita Calvi Santoro": "Q77247602", "Margit Pap": "Q1229387", "Marguerite D. Darkow": "Q102149711", "Marguerite Hedberg": "Q95687097", "Maria Albanese": "Q88384849", "Maria Alejandra Sorto": "Q102278412", "Maria Ales": "Q3847087", "Maria Artale": "Q102192186", "Maria Beatrice Pozzetti": "Q102425619", "Maria Cristina Cerutti": "Q102166959", "Maria D. Kitoroage": "Q102369930", "Maria Danuta Nelicka-Leonhard": "Q102234237", "Maria Ded\u00f2": "Q102234662", "Maria Donten-Bury": "Q102415835", "Maria Ewa Pli\u015b": "Q102234251", "Maria Filar": "Q102220449", "Maria Giovanna Garroni": "Q102404609", "Maria Giovanna Sittignani": "Q77248554", "Maria Gorelik": "Q102230139", "Maria I. Golenishcheva-Kutuzova": "Q102197672", "Maria Jolis": "Q102304356", "Maria Josepha de Schwarz": "Q77248547", "Maria Kateri": "Q61662948", "Maria Korcz": "Q24430993", "Maria K\u0142osowska": "Q102419985", "Maria Laura Delle Monache": "Q102433084", "Maria Longobardi": "Q86772281", "Maria Luisa De Socio": "Q97457788", "Maria Malejki": "Q102368352", "Maria Mastalerz-Wawrzy\u0144czak": "Q102411809", "Maria Meehan": "Q59610176", "Maria Mercedes Franco": "Q102308792", "Maria Natividad Zegarra Garay": "Q102397998", "Maria Olinyk": "Q16710069", "Maria Overbeck-Larisch": "Q28726952", "Maria Petrovna Karlikova": "Q102305297", "Maria Petzold": "Q102401259", "Maria Pia Colautti": "Q97457712", "Maria Pia Sol\u00e8r": "Q102232527", "Maria Robaszewska": "Q102234381", "Maria Sagaidac": "Q50916053", "Maria Sielska": "Q102407211", "Maria Skowier\u017cak": "Q102431041", "Maria Stopa": "Q102433982", "Maria Teresa Vacca": "Q97457822", "Maria Tota": "Q102305407", "Maria Vasconcelos": "Q57938026", "Maria Vlasiou": "Q102398196", "Maria Wolska": "Q102419992", "Maria Wycech-\u0141o\u015b": "Q55077225", "Maria Zofia Banaszczyk": "Q102348077", "Maria del Pilar Mato-Eiroa": "Q102191528", "Mariagnese Giusto": "Q102183184", "Mariam Harutyunyan": "Q65683852", "Marian Marsh Torrey": "Q75099194", "Mariana Isakova": "Q102396929", "Marianna Ziniovieva": "Q102416646", "Marianne Bessemoulin-Chatard": "Q102420173", "Marianne Delorme": "Q102346142", "Marianne Marm\u00e9": "Q95202784", "Marianne Michel": "Q3291315", "Marianne Olsson Lindberg": "Q102083984", "Marianne Reichert-Hahn": "Q95191988", "Mariapia Palombaro": "Q102305485", "Marica Radoj\u010di\u0107 Pre\u0161i\u0107": "Q16109382", "Marie Benediktov\u00e1": "Q95466561", "Marie Blahetov\u00e1": "Q95082726", "Marie Cecilia Mangold": "Q91111344", "Marie Demlov\u00e1": "Q95174676", "Marie Dost\u00e1lov\u00e1": "Q95113867", "Marie Fe\u00dfler": "Q98382219", "Marie Hanu\u0161ov\u00e1": "Q95394100", "Marie Kargerov\u00e1": "Q95137815", "Marie Kub\u00ednov\u00e1": "Q95214955", "Marie Kup\u010d\u00e1kov\u00e1": "Q95171906", "Marie K\u00f6nigov\u00e1": "Q95214977", "Marie Nicole Gras": "Q95706289", "Marie Polcerov\u00e1": "Q95481464", "Marie St\u0159elcov\u00e1": "Q95162792", "Marie Therese Cabisius": "Q94771510", "Marie Vaerting": "Q85088162", "Marie-Charlotte de Romilley de La Chesnelaye": "Q3291621", "Marie-Louise Henrici-Kaufmann": "Q102335333", "Marie-No\u00eblle Leroux": "Q102280293", "Marie-Theres Roeckerath": "Q102174389", "Marija Vencelj": "Q99228314", "Marije Elkenbracht-Huizing": "Q102203581", "Marina Aleksandrovna Korytova": "Q102401183", "Marina Faivushevna Prokhorova": "Q102282516", "Marina Kleptsyna": "Q102267008", "Marina Mikhailovna Basova": "Q102341281", "Marina Nirova": "Q102396925", "Marina Romanova": "Q102391301", "Marina Rugelj": "Q12795796", "Marina Vladimirovna Semenova": "Q102276938", "Mariola D Molina Vila": "Q89477512", "Mariola Marciniak": "Q102406600", "Marion Dell Wetzell": "Q102163520", "Marion Epstein": "Q90828357", "Marion Wetzel": "Q94742517", "Maris Stella Hater": "Q95646326", "Maris Stella Kelly": "Q95649802", "Mariya Alexandrovna Grechkoseeva": "Q102340708", "Mariya Nemchenko": "Q102355082", "Mariya Vladimirovna Lomkovskaya": "Q102213367", "Marjeta Kramar Fijav\u017e": "Q65944947", "Marjeta \u0160kapin-Rugelj": "Q48074998", "Marjorie Beaty": "Q91640800", "Mark\u00e9ta Matulov\u00e1": "Q95141490", "Marlene Gabriele Ulmet": "Q102177378", "Marl\u00e8ne Frigon": "Q55725766", "Marsha E. Kleinbauer": "Q102425160", "Marsha F. Foregger": "Q102158933", "Marta B. Herrero": "Q102150912", "Marta Edyta Kornafel": "Q102422899", "Marta Ewa Frankowska": "Q102423532", "Marta Kosek": "Q48850269", "Marta L\u00e1szl\u00f3ov\u00e1": "Q95441684", "Marta Mart\u00ednez Alonso": "Q20009575", "Marta M\u00edkov\u00e1": "Q95463756", "Marta Rampichini": "Q102234688", "Marta Strani": "Q102406135", "Marta Zabret": "Q48075002", "Marta \u010cert\u00edkov\u00e1": "Q95077664", "Marta \u0160tef\u00e1nkov\u00e1": "Q88664472", "Martha A. Brown": "Q102130603", "Martha Isabel Fandi\u00f1o Pinilla": "Q20014996", "Martha Moss": "Q12894147", "Martha N\u00e4bauer": "Q1903084", "Martha Renick O'Kennon": "Q102173544", "Martina Bode": "Q102192224", "Martina Litschmannova": "Q84956697", "Martina R. Schneider": "Q95198810", "Martina Uhl\u00ed\u0159ov\u00e1": "Q95154237", "Martina \u0160t\u011bp\u00e1nov\u00e1": "Q95481759", "Martine Babillot": "Q102361607", "Martine Marion": "Q102269343", "Mary Alphonsus Martens": "Q95648725", "Mary Ann Horn": "Q57436232", "Mary Anne Maher": "Q102158682", "Mary Barbara Haberzetle": "Q93962240", "Mary C. Varnhorn": "Q102198656", "Mary Catherine Bishop Weiss": "Q69639313", "Mary Claudia Zeller": "Q102147527", "Mary E. Haller": "Q102198458", "Mary Elizabeth Bradley": "Q102225183", "Mary Ellen VonWolff": "Q95648306", "Mary Gervase Kelley": "Q75100252", "Mary H. Johnson": "Q75102363", "Mary Hawkins": "Q12894173", "Mary Hughes Dauenhauer": "Q95645992", "Mary Justin Markham": "Q95191515", "Mary Katherine Bennett": "Q102156700", "Mary Laetitia Hill": "Q102198524", "Mary Mikhail": "Q102173062", "Mary Neal Moran": "Q95649505", "Mary Pensworth Reagor": "Q75101068", "Mary R. Wardrop": "Q20559133", "Mary Radcliffe": "Q102011323", "Mary Rosanna Hughes": "Q95653929", "Mary T. King": "Q95886178", "Mary Vanderschoot": "Q55476591", "Maryem Tounsi": "Q102408218", "Marzia A Cremona": "Q58883909", "Marziya Turlykhanova": "Q56224848", "Mar\u00eda Ang\u00e9lica Cueto": "Q102368349", "Mar\u00eda Ar\u00e1nzazu Juan Blanco": "Q102405312", "Mar\u00eda Consuelo P\u00e9rez Eslava": "Q102366429", "Mar\u00eda Cumplido": "Q97355145", "Mar\u00eda Dolores G\u00f3mez Pedreira": "Q102191517", "Mar\u00eda Elena V\u00e1zquez Abal": "Q98541026", "Mar\u00eda Eugenia Puerta Yepes": "Q102247378", "Mar\u00eda In\u00e9s Platzeck": "Q102105218", "Mar\u00eda Josefa C\u00e1novas": "Q102432135", "Mar\u00eda Jos\u00e9 Arroyo Paniagua": "Q102399334", "Mar\u00eda Jos\u00e9 Jim\u00e9nez Rodriguez": "Q102254620", "Mar\u00eda Merino": "Q87492557", "Mar\u00eda Montserrat Capdevila d'Oriola": "Q13406771", "Mar\u00eda Pe Pereira": "Q97538687", "Mar\u00eda Teresa Mart\u00edn": "Q102423927", "Mar\u00eda del Carmen Calder\u00f3n Moreno": "Q102273870", "Mar\u00eda del Rosario Gonz\u00e1lez Dorrego": "Q61971745", "Mar\u00eda \u00c1ngeles Garc\u00eda Ferrero": "Q97014353", "Mascha Honsbeek": "Q102421788", "Masha Vlasenko": "Q102366622", "Mateja Gra\u0161i\u010d": "Q102395256", "Mathilde Weill": "Q102403090", "Maura Beth Paterson": "Q102398822", "Maura Salvatori": "Q102210006", "Mavluda Kasimova": "Q61135290", "May E. R. Kinsolving": "Q102176318", "Ma\u0142gorzata Bednarska": "Q11772224", "Ma\u0142gorzata Downarowicz": "Q102234269", "Ma\u0142gorzata El\u017cbieta Hryniewicka": "Q102419982", "Ma\u0142gorzata Ewa Zaj\u0119cka": "Q102426518", "Ma\u0142gorzata Filipczak": "Q102372414", "Ma\u0142gorzata Janicka (Pietruk)": "Q102431613", "Ma\u0142gorzata Komisarska": "Q102418967", "Ma\u0142gorzata Miko\u0142ajczyk": "Q11772333", "Ma\u0142gorzata Nowotarska": "Q102234241", "Ma\u0142gorzata Pa\u0142ys": "Q102379555", "Ma\u0142gorzata Przenios\u0142o": "Q60835249", "Ma\u0142gorzata Serweci\u0144ska": "Q102349011", "Ma\u0142gorzata Terepeta": "Q102372914", "Ma\u0142gorzata Turowska": "Q102424800", "Ma\u0142gorzata Wo\u0142owiec-Musia\u0142": "Q102348861", "Mechthild Koreuber": "Q95747397", "Meei Ng": "Q95751726", "Mefharet Kocatepe": "Q95191557", "Melanie Ida Stein": "Q102195054", "Melanie Pivarski": "Q102305149", "Melanija Mitrovi\u0107": "Q102372710", "Melina Freitag": "Q66801025", "Meltem G\u00f6lgeli Matur": "Q102425519", "Menita Carozza": "Q50637807", "Mercede Maj": "Q102305377", "Mercedes Siles Molina": "Q89031142", "Meri Trema Hughes": "Q102353988", "Merve Cirisoglu Cotur": "Q96278613", "Mi Young Kim": "Q102167958", "Michaela Balv\u00ednov\u00e1": "Q95177667", "Michaela Vojtov\u00e1": "Q95153410", "Michaele Chappell": "Q12894391", "Michela Fontana": "Q93232728", "Michelle H. Feng": "Q102087650", "Midori Kobayashi": "Q11461299", "Mihaela A. Poplicher": "Q102205722", "Mila  Mr\u0161evi\u0107": "Q12755275", "Mila Runnwerth": "Q95566667", "Milada Hudcov\u00e1": "Q95154358", "Milada Ko\u010dandrlov\u00e1": "Q95176867", "Mildred Caroline Waters Dean": "Q102156898", "Mildred Ellen Taylor": "Q102144663", "Mildred Hunt": "Q93742739", "Mildred Marie Sullivan": "Q102415515", "Milena Ne\u010d\u00e1skov\u00e1": "Q95140745", "Miloslava Tannenbergov\u00e1": "Q95083106", "Min Ji": "Q65057793", "Min-Ping Qian": "Q102379082", "Miranda Holmes-Cerfon": "Q91801622", "Mireille Gettler-Summa": "Q76446980", "Miriam Bombieri": "Q102432289", "Miriam Castillo-Gil": "Q102400637", "Miriam P. Cooney": "Q95202531", "Mirjam D\u00fcr": "Q21264422", "Mirjam Heidusch": "Q102344173", "Miroslava Mis\u00e1kov\u00e1": "Q95448874", "Miros\u0142awa Ko\u0142owska-Gawiejnowicz": "Q102403270", "Miros\u0142awa Mikosz": "Q102224713", "Miros\u0142awa Zima": "Q102349987", "Miyeon Kwon": "Q102269827", "Mona Zamfirescu": "Q102258764", "Monica Motta": "Q61480797", "Monica Stephens": "Q12894536", "Monika Bartkiewicz": "Q102407350", "Monika Herbstrith-Lappe": "Q41236134", "Monika Kozak": "Q102234369", "Monika Lindner": "Q102373041", "Monika Meise": "Q102316987", "Monika Muszkieta": "Q102310589", "Monika Pil\u015bniak": "Q102366861", "Monika Potyra\u0142a": "Q102372928", "Monika Pszczo\u0142a": "Q102400047", "Monika Siegfanz": "Q102340124", "Monique Hakim": "Q102414720", "Monisha Natchiar Subbiah Renganathan": "Q102112097", "Montserrat Alsina i Aubach": "Q77860970", "Mu-Ling Chang": "Q102188469", "Mylan Betounes": "Q102141293", "Myoungjean Bae": "Q102388034", "M\u00e1ria B. Szendrei": "Q102414551", "M\u00e1ria Jakub\u00edkov\u00e1": "Q12772186", "M\u00e1ria Luk\u00e1\u010dov\u00e1-Medvi\u010fov\u00e1": "Q102368898", "M\u00e1ria Neumann": "Q548339", "M\u00f3nica Moreno Rocha": "Q102110816", "N. M. Zaderei": "Q102345000", "Nadezhda Mikha\u012dlovna Gubareni": "Q18507736", "Nadiya Kolos": "Q102404627", "Nadiya Shulgina-Ishchuk": "Q12172522", "Nadja Ray": "Q102412964", "Nahid Akhtar": "Q102390347", "Nan Manuel": "Q12894713", "Nancy Rallis": "Q95648501", "Nancy Whitney Buttrick": "Q99485194", "Nastassja Cipriani": "Q85817376", "Natali Hritonenko": "Q79430926", "Natalia A. Rojkovskaia": "Q102233701", "Natalia B. Janson": "Q51708666", "Natalia Chuksina": "Q102396927", "Natalia Ga\u0219i\u021boi": "Q97192912", "Natalia M. Novikova": "Q60828620", "Natalia Ostianu": "Q87064309", "Natalia Saealle": "Q12370906", "Natalia Smorodina": "Q102220138", "Natalia Soja-Kukie\u0142a": "Q102435126", "Natalia Tsilevich": "Q102203344", "Natalia Vladimirovna Maslova": "Q102412940", "Nataliya Pavlovna Goldina": "Q102353901", "Nataliya Zyulyarkina": "Q102396917", "Natalya Popova": "Q4372653", "Natalya Vaysfeld": "Q30346519", "Natalya Vladimirovna Brovka": "Q58420231", "Natasha Dobrinen": "Q102233905", "Nathalia Valentinovna Korovina": "Q102406024", "Nat\u00e0lia Castellana": "Q102201338", "Naza Tanovi\u0107-Miller": "Q102113023", "Na\u010fa Vondrov\u00e1": "Q95459757", "Negar Kiyavash": "Q102311857", "Nejla Nouaili": "Q102425219", "Nelya Naumovna Strelchenko": "Q12158166", "Nermin Ar\u0131k": "Q6066751", "Nguyet Moon Nguyen": "Q102423078", "Nickolette Grace Haase": "Q102162614", "Nicola M.R. Oswald": "Q102426334", "Nicole B\u00e4uerle": "Q102109682", "Nicole Desolneux-Moulis": "Q50378474", "Nicole H\u00fclsmann": "Q102302593", "Nicole Marheineke": "Q102277909", "Nina Arkadjewna Rosenson": "Q1992730", "Nina Attridge": "Q57019292", "Nina Ivochkina": "Q23048274", "Nina Khorkova": "Q102340909", "Nina Subbotina": "Q29359560", "Nirmala Prakash": "Q95747654", "Noelia Oses": "Q102051035", "Noemi La\u00edn Fern\u00e1ndez": "Q102271556", "Nouzha El Yacoubi": "Q86309029", "N\u00faria Fagella": "Q102153605", "Oksana Alekseeva": "Q102416647", "Oksana Sergeevna Yakimova": "Q102267202", "Oleksandra Hubal'": "Q102379594", "Olesya Miroslavovna Babanskaya": "Q102400197", "Olga Alekseevna Shpyrko": "Q63324447", "Olga Alexandrowna Kostarewa-Iswekowa": "Q97369414", "Olga Borisovna Lykova": "Q102266564", "Olga Hampejsov\u00e1": "Q95211182", "Olga Ivanova": "Q28854974", "Olga Iziumtseva": "Q102429231", "Olga Juli\u00e0": "Q102364331", "Olga Kostyukova": "Q13029250", "Olga Lavrova": "Q102310889", "Olga Macedonska": "Q102306153", "Olga Polossuchin": "Q94743717", "Olga Polverino": "Q102282068", "Olga Rossi": "Q95463743", "Olga Semenovna Mazhorova": "Q89310680", "Olga Sokratova": "Q102341446", "Olga Tustanowska": "Q11797900", "Olga Valerievna Radko": "Q102248473", "Olga Vasilievna Tyrina": "Q102406841", "Olga Ziemia\u0144ska": "Q102368039", "Olha Chernukha": "Q89188904", "Olive Margaret Hughes": "Q102155141", "Olivia Carolina Gutu Ocampo": "Q102293545", "Ora Engelberg Percus": "Q102311200", "Orly Alter": "Q92970069", "Pamela Williams": "Q44883876", "Paola Boito": "Q96137607", "Paola Gervasio": "Q57306052", "Paola Pozzi": "Q102271498", "Paola Rubbioni": "Q102338242", "Patricia Alonso Ruiz": "Q102423345", "Patricia Buritic\u00e1": "Q29263314", "Patricia H. Tacuri": "Q102409035", "Patricia J. Eberlein": "Q102166610", "Patricia Wright Beaulieu": "Q12895236", "Patrizia Donato": "Q102230939", "Patrizia Longobardi": "Q102305379", "Patrizia Pucci": "Q102339444", "Patrycja Luszcz-Swidecka": "Q102426430", "Patty Anthony": "Q20560731", "Paula Amaral": "Q57816918", "Paula Brito": "Q57417695", "Paulina Frej": "Q102410512", "Paulina Grzegorek": "Q102358803", "Paulina Szczuka": "Q102358918", "Pavla Musilov\u00e1": "Q95474404", "Pavlina Mizori-Oblak": "Q48074988", "Peggie Adkins Smith": "Q12895293", "Penka Katzarova": "Q102307250", "Petra (Hitzelberger) Schwer": "Q102105404", "Petra Beranov\u00e1": "Q95114353", "Petra Ren\u00e1ta Rig\u00f3": "Q102111403", "Petra Svobodov\u00e1": "Q95178229", "Petra \u017digert Pleter\u0161ek": "Q48075009", "Pia Andronescu": "Q94735088", "Pierrette Cassou-Nogu\u00e8s": "Q6455426", "Polina Grigorievna Rekhtman": "Q102261180", "Priyam Patel": "Q102407779", "P\u00e1rtai Lucia": "Q1242500", "Qian Wang": "Q102352616", "Qiongling Li": "Q102434311", "R. J. Hans-Gill": "Q95198843", "Rachel A. Hegemann": "Q102397341", "Rachel Chaphalkar": "Q102426958", "Rachel M. Dunwell": "Q102333461", "Rachel Norman": "Q54652939", "Rachel Vincent": "Q23541356", "Rachelle Binny": "Q95617648", "Radhika Ramamurthi": "Q102241322", "Radka Ham\u0159\u00edkov\u00e1": "Q95373524", "Radka Lechnerov\u00e1": "Q102415878", "Radka Radeva": "Q12291973", "Radmila Bulajich Manfrino": "Q64590374", "Radmila Sazdanovic": "Q102307373", "Radmila Stoklasov\u00e1": "Q95168642", "Raffaella Franci": "Q61475966", "Raffaella Servadei": "Q102388562", "Raina Robeva": "Q52446213", "Raisa Fedorovna Ovchar": "Q102323832", "Rajinder Jeet Hans-Gill": "Q66287306", "Raku Kanayama": "Q99517131", "Ramona Wolf": "Q89636905", "Rasa Slezeviciene": "Q102272699", "Rebecca E. Garcia": "Q102302122", "Rebecca Lynn Sanders": "Q102261677", "Rebecca Roy": "Q102270405", "Rebecca Veronica Culshaw": "Q102253576", "Rebecca Wooten": "Q102380373", "Reet Ruga": "Q12373704", "Regina Bruder": "Q95376112", "Regina Griesinger": "Q102177295", "Regina Klimmek": "Q29970325", "Regina Llopis Rivas": "Q29555980", "Renata Jurasi\u0144ska": "Q102355345", "Renata Piestrzy\u0144ska": "Q102403670", "Renata Scognamillo": "Q102344302", "Renata T\u0142uczek-Pi\u0119ciak": "Q102403423", "Renata Wiertelak": "Q102373039", "Renate Beinhauer": "Q102232560", "Renate Carlsson": "Q102171735", "Renate Leukert": "Q95204100", "Renate Mclaughlin": "Q95191527", "Renate Schaaf": "Q102142246", "Renee Hoekzema": "Q96247403", "Resi Larson": "Q95649615", "Retha Heymann": "Q102432291", "Ricki Rosendahl": "Q60634618", "Rita Ceppitelli": "Q98662646", "Rita Cs\u00e1k\u00e1ny": "Q102311172", "Rita Fioresi": "Q93428863", "Roberta Dal Passo": "Q21542527", "Roberta Fabbri": "Q102175588", "Roberta\u200f Mura": "Q98138618", "Rodica Luca": "Q102271842", "Rongsong Liu": "Q102390198", "Rosa Lea Jackson": "Q102149791", "Rosa Maria Mininni": "Q58921725", "Rosalie M. O'Mahony": "Q95191687", "Rosanna Manzo": "Q102309212", "Rosario Delgado": "Q64149108", "Rosemarie Lierke": "Q95212314", "Rosemary Anne Williamson": "Q102342331", "Rossana Tazzioli": "Q93380898", "Rotraud Coriand": "Q95207364", "Rotraud Goebel": "Q102394949", "Rotraut Stanik": "Q95190291", "Ruby Hightower": "Q42657639", "Ruming Zhang": "Q102429905", "Rusudan Beridze": "Q97252430", "Ruth Doris Koidan": "Q102178447", "Ruth Eileen Goodman": "Q102191461", "Ruth Gonzalez": "Q75101053", "Ruth Heller": "Q96472071", "Ruth Rebekka Struik": "Q64797521", "Ruth Stauffer": "Q13138844", "R\u00e9gine Douady": "Q96314847", "R\u016f\u017eena Bla\u017ekov\u00e1": "Q95394719", "R\u016f\u017eena \u017den\u010d\u00e1kov\u00e1": "Q95177733", "S. T. Tsou": "Q102197840", "Sabine Dieter": "Q102344172", "Sabine Pickenhain": "Q53262545", "Sabine Rommevaux": "Q93222397", "Sachiko Nakajima": "Q11364348", "Sadie Gasaway": "Q20562286", "Sahani Pathiraja": "Q99713252", "Sahar Tahvili": "Q88428577", "Sallouha Lajmi": "Q102362233", "Sandra Barkdull Cleveland": "Q102184660", "Sandra Cerrai": "Q96312225", "Sandra Fortini": "Q21542756", "Sandra Mariel Michelena": "Q102386832", "Sandra Orley Paur": "Q102137739", "Sandra Palau Calder\u00f3n": "Q102502952", "Sandra Saliani": "Q102195250", "Sara Checcoli": "Q102413890", "Sara Daneri": "Q102428050", "Sara Fernandes": "Q102406517", "Sara I. Abdelsalam": "Q46423842", "Sara Jensen": "Q102424863", "Sara Kali\u0161nik Verov\u0161ek": "Q102412753", "Sara Louise Nelson": "Q102198615", "Sara Maloni": "Q102417319", "Sara Shakulova": "Q20595772", "Sarah Donaldson": "Q102399962", "Sarah E. Cronin": "Q102192894", "Sarah Sciamannini": "Q102413442", "Sarka Hoskova-Mayerova": "Q63413573", "Satoko Kurita": "Q62660245", "Selma Soysal": "Q17431854", "Seonhee Lim": "Q102305308", "Serafina Lapenta": "Q102434103", "Serap Sahinkaya": "Q102429105", "Shafagat Mahmudova": "Q16378230", "Shari Moskow": "Q102150132", "Sharon Brueggeman": "Q102174290", "Sharon Sue Emerson": "Q102162092", "Sheila Waggoner": "Q102163648", "Sherry Scott": "Q20562695", "Sheryl Anne Ettlich": "Q102163968", "Shigeno Maiko": "Q28692460", "Shirley Carpenter Huffman": "Q102164103", "Shirley Thompson": "Q75186962", "Shona Davidson Morgan": "Q20562768", "Shree Whitaker": "Q12897279", "Shu Ting Hsia": "Q91298460", "Shu-Teh Chen Moy": "Q102147166", "Sibylla Prie\u00df-Crampe": "Q27237615", "Siddiqua Mazhar": "Q23762595", "Sigrid B\u00f6ge": "Q29224908", "Sigrid Spettmann": "Q102174446", "Silvana De Lillo": "Q88267887", "Silvelyn Zwanzig": "Q102189621", "Silvia Creang\u0103": "Q12740843", "Silvia Monica Dinic\u0103": "Q28035303", "Silvia Pulmannov\u00e1": "Q102343999", "Silvie Luisa Br\u00e1zdilov\u00e1": "Q95153387", "Simona Settepanella": "Q102367772", "Simona Sobkov\u00e1": "Q95154317", "Simone G\u00f6ttlich": "Q47009891", "Simone L. Wallutis": "Q102236119", "Sinaiida Riives": "Q16408329", "Sinem \u00c7elik Onaran": "Q81775512", "Sirkka-Liisa Eriksson": "Q63861472", "Sirpa Ernvall": "Q102171355", "So-Yong Choi": "Q102291515", "Sofia Kouzmina": "Q20776423", "Somnuek Worawiset": "Q102378544", "Sonja Cox": "Q102395465", "Sonja Kuhnt": "Q102267559", "Sonya Stephens": "Q12897412", "Sophie Pireaux": "Q102300187", "Soraya Sherif": "Q86096723", "Stanca M Ciupe": "Q91057852", "Stanis\u0142awa Bogucka-Kami\u0144ska": "Q101542903", "Stanis\u0142awa Kanas": "Q100590701", "Stanis\u0142awa Postawa": "Q102234297", "Stefka Buyuklieva": "Q102427994", "Stella Ashford": "Q20563021", "Stella Dlugolecki": "Q95706272", "Stella Krell": "Q102377809", "Stephanie Reifferscheid": "Q102246418", "St\u00e9phanie van der Pas": "Q56904605", "Sudesh Kaur Khanduja": "Q66305846", "Sugandha Maheshwary": "Q72796443", "Suh Hyun Choi": "Q102352915", "Suh-ryung Kim": "Q102149585", "Sun Hyang Chun": "Q102382562", "Susan Anderson Nett": "Q102320940", "Susan E. D'Agostino": "Q102261571", "Susan E. Minkoff": "Q102194859", "Susan Hahn": "Q102188150", "Susan Jane Lamon": "Q102212555", "Susan Maureen Barton": "Q102173724", "Susan Palmer": "Q102129434", "Susanna R\u00f6blitz": "Q57027698", "Susanne Kruse": "Q102252868", "Susanne Kr\u00f6mker": "Q102178754", "Susanne Motameny": "Q102382124", "Susanne Prediger": "Q88297112", "Susanne Pumpl\u00fcn": "Q102232505", "Susanne Saminger": "Q102272936", "Suzanne Boyd": "Q102234754", "Suzanne Craig": "Q12897545", "Sviatlana Novikava": "Q62787676", "Swanhild Bernstein": "Q21264765", "Swatee Naik": "Q63284108", "Sylvia Forman": "Q102206253", "Sylvia M. Svitak": "Q102163201", "Sylvie Hamel": "Q60696655", "Sylvie Ruette": "Q102229672", "Sylwia Cichacz-Przenios\u0142o": "Q102368187", "S\u00edlvia Barbeiro": "Q42777120", "Tai-Danae Bradley": "Q47490726", "Takako Komura": "Q95647675", "Tamara Nikiforovna Smirnova": "Q102291096", "Tamara S\u00f5rmus": "Q20528599", "Tamilla Hasanova": "Q55197060", "Tamsen Whitehead McGinley": "Q102195732", "Tania Moreno Garc\u00eda": "Q102367838", "Tanja Teuber": "Q102401826", "Tara Davis": "Q102397765", "Tatiana Beliaeva": "Q102353475", "Tatiana Odzijewicz": "Q102412451", "Tatiana Yavorskaya": "Q102290102", "Tatjana Lang": "Q102255057", "Tatjana Nahtman": "Q16404561", "Tatyana Ivanovna Kuznetsova": "Q55104048", "Teodora Ilieva Mitkova": "Q102273021", "Teresa Bartczak": "Q102406591", "Teresa Bermudez": "Q102356432", "Teresa Cort\u00e9s": "Q102372855", "Teresa Crespo": "Q93370459", "Teresa Edwards": "Q61107160", "Teresa Krick": "Q102260077", "Teresa Ledwina": "Q102267504", "Teresa Maria Winiarska": "Q48861581", "Teresa Regi\u0144ska": "Q102301203", "Tereza Bro\u017eov\u00e1": "Q86856614", "Tetyana Malysheva": "Q102434607", "Tetyana Romanova": "Q64711586", "Thalia Jeffres": "Q102281352", "Thelma Krug": "Q56350909", "Thelma West": "Q102163640", "Theodora Tuckermann": "Q95746630", "Theresa Phillips Vaughan": "Q102225052", "Theresa Veronika Springer": "Q102406169", "Therese Harce Braithwaite": "Q12897722", "Theresia Eisenk\u00f6lbl": "Q102217289", "Thi Nhu Thuy Nguyen": "Q102403434", "Todorka Nedeva": "Q102301499", "Tova Brown": "Q97135746", "Tracy Whelan": "Q102171009", "Turkpenbaeva Bibigul Zhaparovna": "Q12535386", "T\u00edmea Eisner": "Q102416930", "T\u00fcnde Kl\u00e1ra Baranyai": "Q790232", "T\u00fcnde Kov\u00e1cs": "Q102423275", "Ulrike Leitner": "Q95673044", "Ulrike von Hehn": "Q102177772", "Ursula Brechtken-Manderscheid": "Q102230781", "Ursula Dahms": "Q95203589", "Ursula Hill": "Q2501663", "Ursula Molter": "Q80632093", "Ursula Schirmeier": "Q102172538", "Ursula Schmidt-Westphal": "Q102179041", "Ursula Schr\u00f6ter": "Q95196605", "Ursula Viet": "Q18632209", "Urszula Bednarz": "Q102355354", "Urszula Marciniak": "Q63967466", "Urszula Wilczy\u0144ska": "Q102406861", "Urszula Zandecka-Perl": "Q102234304", "Uta Kohler": "Q102178870", "Ute Reinhardt": "Q102270401", "Ute Scheffer": "Q95649483", "V. P. Lisovska": "Q102299247", "Vagia Vlachou": "Q102314237", "Valentina Disarlo": "Q102412744", "Valentina Volkova": "Q51621229", "Valentina Wheeler": "Q102379045", "Vassiliki Farmaki": "Q102290325", "Vassiliki Sfondyli": "Q23297734", "Vendula Svendova": "Q59817365", "Venta Terauds": "Q61099129", "Vera Gantmacher": "Q102255946", "Vera Josif Schiff": "Q95701911", "Vera Keicher": "Q102343758", "Vera Korableva": "Q102416241", "Vera Malygina": "Q102428366", "Vera Mihailovna": "Q22919243", "Vera Rasskazova": "Q28474458", "Vera Schiff": "Q90159037", "Vera Trofimovna Gavrilyuk": "Q102304070", "Veronika Belousova (Kazarina)": "Q102396923", "Veronika Bernhauerov\u00e1": "Q95322377", "Veronika Novotn\u00e1": "Q95142126", "Veronika Pezlarov\u00e1": "Q95153769", "Veronika Svobodov\u00e1": "Q95459367", "Veronika Therese Schleper": "Q102358171", "Vesna Stojanoska": "Q102382710", "Veta Feodorovna Murzina": "Q102341277", "Victoria Fern\u00e1ndez": "Q61889707", "Victoria Grushkovskaya": "Q59866672", "Victoria Knopova": "Q102268465", "Victoria Lebed": "Q102413530", "Victoria Vampa": "Q102423925", "Viera \u0160im\u010diskov\u00e1": "Q12778500", "Viktoria K\u00fchner": "Q102109560", "Vilma Novotn\u00e1": "Q95234646", "Viola M\u00e9sz\u00e1ros": "Q102414907", "Virge Soomer": "Q102395876", "Virginia Agostiniani": "Q102402356", "Vita Leonessa": "Q102261024", "Vittoria Notari": "Q61480924", "Vivienne Esta Morley": "Q102150515", "Vladim\u00edra H\u00e1jkov\u00e1": "Q95233897", "Vlasta Chmel\u00edkov\u00e1": "Q95144422", "Vratislava Mo\u0161ov\u00e1": "Q95113116", "V\u00e1clava Smitkov\u00e1": "Q95152814", "V\u00e9ronique Fischer": "Q28552965", "V\u00e9ronique Hussin": "Q95199139", "V\u011bra Dobrovsk\u00e1": "Q95221685", "V\u011bra Kub\u00e1nkov\u00e1": "Q95156578", "V\u011bra Miklasov\u00e1": "Q95461170", "V\u011bra Ulmannov\u00e1": "Q95367812", "Wac\u0142awa Cieszonik Tempczyk": "Q102381237", "Waed Dada": "Q102427587", "Waltraud Kahle": "Q102413859", "Waltraud Voss": "Q25693099", "Wanda Lindner": "Q102407023", "Wanda Matuszewska": "Q102220416", "Wanda Niemyska": "Q88821900", "Wanda Patterson": "Q12898251", "Wendy Robertson": "Q95186494", "Wided Ayed": "Q102360986", "Wiebke S. Diestelkamp": "Q102197357", "Wies\u0142awa Kaczor": "Q102344335", "Wies\u0142awa Poreda": "Q102372411", "Wilhelmina Smajdor": "Q102255617", "Wiltrud Pekarek": "Q95185560", "Wioletta Danuta Syzdek": "Q102280381", "Wioletta Karpi\u0144ska": "Q102431612", "W\u0142adys\u0142awa Urba\u0144ska": "Q102224840", "Xue-Mei Li": "Q102234086", "Yekaterina Karatsuba": "Q100934959", "Yeonhyang Kim": "Q102365397", "Yliana Tolstova": "Q15071522", "Yolanda Lima": "Q10394658", "Yolanda Silvia Santiago Ayala": "Q102397994", "Yoshiko Takenaka": "Q11598727", "Youngmi Hur": "Q102305764", "Yu-Jong Tzeng": "Q102414054", "Yuehua Wu": "Q56826500", "Yulia Isaakovna Shmukler": "Q62713996", "Yunan Yang": "Q67194504", "Yuriko Suwa-Bier": "Q95191117", "Yvona Coufalov\u00e1": "Q95372297", "Z. Roya Beheshti": "Q102249368", "Zainep A. Dulatova": "Q102340367", "Zajj Daugherty": "Q102365357", "Zdena Bos\u00e1kov\u00e1": "Q95451504", "Zde\u0148ka Ure\u0161ov\u00e1": "Q64061967", "Zhang Zhifen": "Q67392608", "Zhanna Chernousova": "Q102396488", "Zinaida Alexandrovna Lykova": "Q102082031", "Zita Divis": "Q95199828", "Zofia Adamowicz": "Q102173623", "Zofia Bogumila Denkowska": "Q102234250", "Zofia J\u00f3\u017awiak": "Q102419993", "Zofia M\u0105czy\u0144ska": "Q102391636", "Zofia Pawlikowska-Bro\u017cek": "Q102234259", "Zofia Stankiewicz": "Q102309208", "Zsuzsanna Bacsi": "Q102362655", "Zsuzsanna Szab\u00f3": "Q1293815", "Zs\u00f3fia Ruttkay": "Q90257988", "Zuzana H\u00fcbnerov\u00e1": "Q95141548", "Zuzana K\u00fakelov\u00e1": "Q82821405", "Zuzana Mas\u00e1kov\u00e1": "Q95396595", "Zuzana Mor\u00e1vkov\u00e1": "Q85690847", "Zuzana Pr\u00e1\u0161kov\u00e1": "Q95376890", "Zuzana P\u00e1t\u00edkov\u00e1": "Q95464496", "Zuzana V\u00e1clav\u00edkov\u00e1": "Q95087446", "Zuzana \u0160tauberov\u00e1": "Q95155495", "Zuzana \u0160ustkov\u00e1": "Q95168245", "Zuzanna Szancer": "Q102368053", "m\u02bf\u1e63\u016bm\u1e97 m\u1e25md k\u0101\u1e93m": "Q12244242", "\u00c1gnes N\u00e9da": "Q608477", "\u00c1ine Byrne": "Q88614759", "\u00c9lisabeth P\u00e9cou": "Q102267906", "\u013dubica Hola": "Q102291858", "\u013dubica Navr\u00e1tilov\u00e1": "Q12781421", "\u013dubom\u00edra Balkov\u00e1": "Q95154885", "\u013dudmila Berackov\u00e1": "Q95220445", "\u015e\u00fck\u00fcfe Yamant\u00fcrk": "Q102409559", "\u0160\u00e1rka Do\u0161l\u00e1": "Q95154486", "\u0414\u0438\u043b\u043e\u0440\u043e\u043c \u04b6\u04ef\u0440\u0430\u0431\u0435\u043a\u043e\u0432\u0430": "Q61136410", "\u041c\u0430\u0441\u0442\u043e\u043d\u0430 \u0425\u043e\u043b\u0438\u049b\u043e\u0432\u0430": "Q61136196", "\u041c\u0443\u04b3\u0430\u0431\u0431\u0430\u0442 \u041a\u0430\u0440\u0438\u043c\u043e\u0432\u0430": "Q61135319", "\u0420\u0430\u04b3\u0438\u043c\u0430 \u0428\u0430\u0440\u0438\u043f\u043e\u0432\u0430": "Q61136417", "\u0623\u0645\u0629 \u0627\u0644\u0648\u0627\u062d\u062f \u0628\u0646\u062a \u0627\u0644\u062d\u0633\u064a\u0646 \u0627\u0644\u0645\u062d\u0627\u0645\u0644\u064a": "Q20390294"}