{"Katalin Posta": "Q95319461", "Vera Izrailevna Vassilevskaja": "Q118314596", "Elene Chijavadze": "Q20581974", "Jadwiga Marszewska-Ziemi\u0119cka": "Q85862107", "Zoe Rosinach Pedrol": "Q19289110", "Marie Betzner Morrow": "Q95588471", "Susan Gower Smith": "Q123339771", "\u042f\u0446\u0438\u043c\u0456\u0440\u0441\u044c\u043a\u0430-\u041a\u0440\u043e\u043d\u0442\u043e\u0432\u0441\u044c\u043a\u0430 \u041c\u0430\u0440\u0456\u044f": "Q12174172", "Valentina Sergeevna Sheshukova-Poretzkaya": "Q21392843", "Eugenia Zeylandowa": "Q87424691", "Nina Klyueva": "Q26831393", "Anahit Mirzabekyan": "Q20507019", "Helen Berenice Berdan": "Q21505977", "Elena Mikhailovna Golinevich": "Q21093922", "Theodora L. Lekka": "Q116841289", "Vergine Mikayelyan": "Q20507462", "Parandzem Saroukhanyan": "Q28740093", "Darya Gavrilovna Kudlay": "Q43370911", "Vera Tulchinskaya": "Q26821393", "Halina Karnicka": "Q112763603", "\u0535\u056f\u0561\u057f\u0565\u0580\u056b\u0576\u0561 \u0555\u0564\u056b\u0576\u0581\u0578\u057e\u0561": "Q85996626", "Pauline A. Miller": "Q114767411", "\u0412\u0435\u0440\u0430 \u041f\u043e\u043b\u0438\u043a\u0430\u0440\u043f\u043e\u0432\u043d\u0430 \u041a\u0438\u0432\u0430\u043b\u043a\u0438\u043d\u0430": "Q39391005", "Julia Go\u0142\u0119biowska": "Q111024940", "Mavis Jackson": "Q38312547", "Lyudmila Danielyan": "Q64728640", "Wanda Maliszewska": "Q112816936", "Isabel Tor\u00e1n del Carr\u00e9": "Q116778846", "Luz Zalduegi": "Q55972220", "Natalia Klemparskaya": "Q43476566", "Helga Francis Havas": "Q51880187", "Wanda Szczepu\u0142a": "Q24263422", "M Elisabeth Sharpe": "Q62487911", "Natalia Balicka": "Q20640125", "B. Wesley Catlin": "Q115326354", "Brenda Clarke": "Q109104528", "Mayumi Inoue": "Q21395408", "El\u017cbieta Kocwa": "Q94974387", "Aino Mathiesen-K\u00e4\u00e4rik": "Q16403549", "Jadwiga Szczygielska": "Q112917563", "M\u00edla Tom\u00e1\u0161ov\u00e1": "Q12039222", "Alicja Mi\u0142kowska": "Q112675184", "Zhou Yuliang": "Q97957738", "Ruth Ben-Ishai": "Q101077878", "Marianna Pawlaczyk-Szpila": "Q111797150", "M\u016bza Indul\u0113na": "Q108667204", "Zofia Porwit-B\u00f3br": "Q109768104", "Ludmi\u0142a Bassalik-Chabielska": "Q112762897", "Gisela Enders": "Q29966207", "Otti Lim": "Q118470953", "Helena Oberman": "Q22920611", "Karin Bergstr\u00f6m": "Q21503718", "Elena Kondratieva": "Q21640452", "Ruth H\u00e1lov\u00e1": "Q94578099", "Izabella Zg\u00f3rniak-Nowosielska": "Q112593149", "Daphne Elliott": "Q97657840", "Felicja Meisel-Miko\u0142ajczyk": "Q16334858", "Grace Koshi": "Q116813080", "Liudmila Barauskien\u0117": "Q16459281", "Ekaterina Andreyuk": "Q87196925", "Halina Mordarska": "Q100592059", "Lyudmila Ivanitskaya": "Q62561441", "Jarmila Jel\u00ednkov\u00e1": "Q95449185", "Danuta Rogala-Zawada": "Q100591025", "\u0422\u0430\u043c\u0430\u0440\u0430 \u0413\u0430\u0440\u0434\u0437\u0435\u0435\u045e\u043d\u0430 \u0417\u0456\u043c\u0435\u043d\u043a\u0430": "Q62568105", "Ru-Yong Zheng": "Q9353359", "Wanda Kaczmarek": "Q23071703", "Eva Streiblov\u00e1": "Q95477568", "Renate Blaschke-Hellmessen": "Q106496991", "Ninel Israfil Karayeva": "Q29382428", "Ann Matthews Lacy": "Q106720839", "Hanna Engelberg-Kulka": "Q116978076", "Urszula Dole\u017cal": "Q125102514", "Aleksa Cimerman": "Q18502259", "Adamadia Davis Deforest": "Q113446245", "Hideyo Yamaguchi": "Q55407068", "V\u011bra Opravilov\u00e1": "Q107410157", "Vlasta Rosov\u00e1": "Q95382449", "Kerstin Str\u00e5by": "Q50368970", "Irene Weitzman": "Q5920214", "\u0411\u0456\u0440\u044e\u043a\u043e\u0432\u0430 \u0421\u0432\u0456\u0442\u043b\u0430\u043d\u0430 \u0412\u0430\u0441\u0438\u043b\u0456\u0432\u043d\u0430": "Q55108659", "Eevi P\u00e4rsim": "Q12361741", "\u10ea\u10d8\u10e1\u10d8\u10d0 \u10e9\u10ee\u10e3\u10d1\u10d8\u10d0\u10dc\u10d8\u10e8\u10d5\u10d8\u10da\u10d8": "Q112031452", "Kovalenko Nadiya Kostyantynivna": "Q60830983", "Lidia Brydak": "Q11756548", "Anna Podhajska": "Q9155567", "Roz\u00e1lia Pusztai": "Q65218806", "Mar\u00eda del Carmen Maroto Vela": "Q19508313", "Anna Grabi\u0144ska-\u0141oniewska": "Q21440789", "Marika Mikelsaar": "Q16403713", "Gui-Qing Chen": "Q21508312", "Nechama Biderman": "Q60693760", "Helena Hren Vencelj": "Q12790828", "Lucinda Eulalee Gordon": "Q115677498", "Sirje Madli Puhvel": "Q12375100", "Mirja Salkinoja-Salonen": "Q11882982", "Izabel Yoko Ito": "Q105585247", "Blanca Calvo de Hern\u00e1ndez": "Q118175867", "\u0412\u0430\u0440\u0431\u0430\u043d\u0435\u0446\u044c \u041b\u044e\u0434\u043c\u0438\u043b\u0430 \u0414\u043c\u0438\u0442\u0440\u0456\u0432\u043d\u0430": "Q110933301", "Waleria Hryniewicz": "Q20029115", "Irena Usajewicz": "Q115839033", "Jiamjit Boonsom": "Q21392704", "Mar\u00eda Inmaculada Herrera Calvet": "Q19799521", "Annette Funn": "Q123760899", "Monique Gillis": "Q21390753", "Maria Lucyna Zaremba": "Q111745117", "Ewa Kurek": "Q50669355", "Isolde R\u00f6ske": "Q28042823", "Helga Stan-Lotter": "Q52084328", "Svetlana Baghdasaryan": "Q22138636", "Maria Wojtatowicz": "Q117474932", "\u041b\u043e\u04a1\u043c\u0430\u043d\u043e\u0432\u0430 \u041a\u043b\u0430\u0440\u0430 \u0410\u0431\u0434\u0443\u043b\u043b\u0430 \u04a1\u044b\u0499\u044b": "Q108865844", "Eeva Heinaru": "Q24545716", "Efigjeni Kongjika": "Q63283722", "No\u00eblla Deslauriers": "Q106210309", "Athena Economou-Amilli": "Q21511347", "Kate\u0159ina Demnerov\u00e1": "Q95333001", "Elizabeth Casta\u00f1eda del Gordo": "Q21572984", "Nancy Raab-Traub": "Q90483481", "Jane M. Symonds": "Q112474238", "Jadwiga Szostak-Kotowa": "Q112675155", "\u0421\u0435\u043b\u044c\u043d\u0456\u043a\u043e\u0432\u0430 \u041e\u043b\u044c\u0433\u0430 \u041f\u0435\u0442\u0440\u0456\u0432\u043d\u0430": "Q89189851", "Nailya Akhnyafovna Kireeva": "Q77958774", "Eileen J. Cox": "Q36544208", "Zuzanna Drulis-Kawa": "Q47120234", "Katarzyna Dzier\u017canowska-Fangrat": "Q59211395", "Gabriela Bugla-P\u0142osko\u0144ska": "Q65161498", "Barbara Zdzisi\u0144ska": "Q73086339", "Fiona Thomson-Carter": "Q121364201", "Dunja Grbi\u0107-Gali\u0107": "Q61063244", "Laura Pagani": "Q56487485", "Elizaveta Aleksandrovna Bonch-Osmolovskaya": "Q55102230", "Eligia M Szewczyk": "Q98501342", "Margaret Kielian": "Q28322454", "Judith T Zelikoff": "Q88514850", "Maureen Fletcher": "Q114564425", "Matilde Manzoni": "Q123046436", "Ene Talpsep": "Q60602871", "Izabella Krystyna Lipniewicz": "Q118984800", "Montserrat Llagostera i Casas": "Q61694620", "Neusely da Silva": "Q63174998", "Amanda J Leach": "Q89364775", "Gayane Martirosian": "Q60584434", "Maria Rita Gismondo": "Q40791898", "Mar\u00eda Kutz": "Q12263211", "Dale Brown Emeagwali": "Q22003841", "Alena Nov\u00e1kov\u00e1": "Q21522251", "Andriana Pantazidou": "Q21522609", "Bo\u017cena Dworecka-Kaszak": "Q104777349", "Anne Kahru": "Q16405551", "Arlette Darfeuille-Michaud": "Q16526102", "Anna \u0160ediv\u00e1": "Q56458839", "Shulamit Michaeli": "Q29883934", "Alina Olender": "Q83181654", "Alicia Est\u00e9vez": "Q20535162", "Ulla Bonas": "Q1612297", "Mar\u00eda Jos\u00e9 Figueras Salvat": "Q36624608", "Eugenia Gospodarek-Komkowska": "Q28672148", "Nina Tarverdyan": "Q87655822", "Helena Windsor": "Q76509365", "\u0410\u0432\u0434\u0454\u0454\u0432\u0430 \u041b\u0456\u043b\u0456\u044f \u0412\u0430\u0441\u0438\u043b\u0456\u0432\u043d\u0430": "Q89190316", "Marit Solberg": "Q17107863", "Karen Laura Dodds": "Q112401491", "Tatjana Av\u0161i\u010d-\u017dupanc": "Q12803925", "Olga Ilinskaya": "Q39783797", "Lucila Madariaga-Torres": "Q67671986", "Adelaida Umaran": "Q87645694", "Sabina Heim": "Q108131665", "Nina Gunde-Cimerman": "Q36641688", "Flor H Pujol": "Q56990668", "Genevi\u00e8ve Bricheux": "Q58147429", "Stephanie Dancer": "Q29642527", "Marilyn J Roossinck": "Q88914736", "Catherine Martel-Dauga": "Q21337532", "Irena Lich\u00e1": "Q80803546", "Blanka Zik\u00e1nov\u00e1": "Q73932230", "Anna Skribanek": "Q74170774", "Maia Kivisaar": "Q20528388", "Erika Kothe": "Q17353121", "Carmen Buchrieser": "Q21256225", "Jana \u0160mardov\u00e1": "Q95082073", "Mateja Dolenc-Volj\u010d": "Q90431813", "Lourdes Lled\u00f3 Garc\u00eda": "Q90773078", "Rosa Margesin": "Q69526877", "Hubertine Underberg-Ruder": "Q110929232", "\u041b\u0430\u0437\u0430\u0440\u0435\u043d\u043a\u043e \u041b\u044e\u0434\u043c\u0438\u043b\u0430 \u041c\u0438\u043a\u043e\u043b\u0430\u0457\u0432\u043d\u0430": "Q123421087", "Elsa Anes": "Q49412581", "Paola Quatrini": "Q64415616", "Angela Sessitsch": "Q41847397", "Christine Cagnon": "Q57766756", "Mia Brytting": "Q95689292", "Reet M\u00e4ndar": "Q24546302", "Bolanle Adeniyi": "Q113141639", "Lise \u00d8vre\u00e5s": "Q87738056", "Iwona Jasser": "Q23978068", "Epp Songisepp": "Q60606836", "Ursula Peintner": "Q36693785", "Maja Rupnik": "Q61190280", "Mariola Fotin-Mleczek": "Q93217668", "Katarzyna Pancer": "Q99238126", "Sangeeta Saxena": "Q88142142", "Mahtab Moayeri": "Q62580112", "Osnat Gillor": "Q73087743", "Karin Tegmark Wisell": "Q86892068", "Pamela Marie Pennington": "Q101001229", "Yocheved Pinhasi-Adiv": "Q51002550", "Florence Fenollar": "Q21337920", "Maria Filippa Addis": "Q42555589", "Sonia Tiqu\u00eda Arashiro": "Q55404814", "Assunta Sartor": "Q114424910", "Elke Dittmann": "Q38600880", "Dagmar Mudro\u0148ov\u00e1": "Q90571732", "Katarzyna Hrynkiewicz": "Q61086677", "D\u00f3ra Szab\u00f3": "Q97661859", "Anat Herskovits": "Q97978329", "Kaja Malanowska": "Q22115124", "Leona Bunkov\u00e1": "Q82860220", "Cristiana Cravo-Laureau": "Q108943672", "Heili Ilves": "Q42766263", "Silvia Bianchi": "Q40730410", "Yan-Ling Li": "Q112680043", "Ester Simonetti": "Q5849314", "Jana Ko\u0161\u010dov\u00e1": "Q98885362", "Vendula Krynick\u00e1": "Q90729764", "Jessica L\u00f6nn-Stensrud": "Q29342403", "Marketa Dvorakova": "Q96141810", "Annalisa Balloi": "Q28540366", "Mar\u00eda In\u00e9s Barr\u00eda": "Q47814490", "Dominika \u015awi\u0105tecka": "Q26270842", "Polona \u017digon": "Q90900281", "Bilyavska Lyudmyla Oleksiivna": "Q65198523", "Sindy Chaves Noguera": "Q60967637", "Magda Janal\u00edkov\u00e1": "Q82004392", "Tanja Bagar": "Q61358573", "Tja\u0161a Cerar Ki\u0161ek": "Q90242014", "Eszter Ostorh\u00e1zi": "Q92211404", "Martina Hujslov\u00e1": "Q21516643", "Miroslava Bodrinova": "Q92919980", "Mariagrazia Di Luca": "Q41047243", "Evan Faeq Yakoob": "Q96115453", "Nouf Atamana": "Q43374034", "Sarah H. Al-Jufaili": "Q106702484", "Anaele Simon": "Q124089271", "Marion Dalmasso": "Q59662469", "Sarah Abdalla Ahmed Ibrahim": "Q88804446", "Monika Dolejsk\u00e1": "Q95111434", "Julia Hahn": "Q110409777", "Alessandra Adessi": "Q56654203", "Martina Gobec": "Q59677136", "Katharina Nothelfer": "Q62755782", "Najwa Taib": "Q104468204", "So\u0148a Kuchar\u00edkov\u00e1": "Q114370890", "Tina Mikuleti\u010d": "Q91273608", "Myl\u00e8ne Hugoni": "Q86500187", "Sonya Ben Behi": "Q90722360", "Aude Bernheim": "Q82878973", "V\u00e2nia Ferreira": "Q39050185", "Diana Walstad": "Q9207014", "Mar\u00eda de los \u00c1ngeles Vald\u00e9s Ram\u00edrez": "Q16938223", "Simone Warner": "Q18166793", "Felicitas Pfeifer": "Q21259772", "Natalia Nikolaitchouk": "Q21337363", "Cristina Pascual Ramos": "Q21337366", "Christina Greko": "Q21337370", "Berit Sj\u00f6d\u00e9n": "Q21337376", "Elisabeth Ingan\u00e4s": "Q21337380", "Eva \u00c5kervall": "Q21337382", "Katarina Westling": "Q21337400", "Gull Holmstr\u00f6m": "Q21337416", "Irene Batty": "Q21337427", "Annemarie M. Fraga": "Q21337433", "Gudrun Kirchhof": "Q21337437", "Jane Wegienek": "Q21337440", "Cristina Ballesteros": "Q21337450", "Kathryn A. Bernard": "Q21337453", "Geraldine M. Schofield": "Q21337473", "Ana I. Vela": "Q21337476", "Alexandra Lehnen": "Q21337494", "Forbes Rogerson": "Q21337501", "Stephanie Speck": "Q21337504", "Carol A. Spiegel": "Q21337507", "Naomi Ward": "Q21337511", "Chantal Bizet": "Q21337517", "Adina Candr\u00e9a": "Q21337521", "Dominique Clermont": "Q21337529", "Carole Feurer": "Q21337542", "Audria M. Buchanan": "Q21337603", "Lillian V. Holdeman": "Q21337625", "Noelle M. Brennan": "Q21337635", "Roselyn Brown": "Q21337638", "Debra J. Ellis": "Q21337645", "Catherine V. Gaw": "Q21337652", "Candice M. Goodwin": "Q21337655", "Fiona M. Stainsby": "Q21337706", "Kathryn L. Eales": "Q21337709", "Maryam I. Daneshvar": "Q21337755", "Janice Carr": "Q21337763", "St\u00e9phanie Orso": "Q21337780", "Pascale Jeannin": "Q21337788", "Chrystelle Chapelon": "Q21337791", "Lyse Evtushenko": "Q21337798", "Claudia A. Gallikowski": "Q21337808", "Mary P. Lechevalier": "Q21337852", "Pauline E. Holbert": "Q21337858", "Ingrid Groth": "Q21337868", "Barbara Sch\u00fctze": "Q21337871", "Petra Altenburger": "Q21337878", "Anja Fr\u00fchling": "Q21337898", "Karin Martin": "Q21337910", "Eiko Yabuuchi": "Q21337929", "Marie-No\u00eblle Mallet": "Q21337930", "Cathrin Koch": "Q21337933", "Oxana Gvozdiak": "Q21337937", "Joyanto Routh": "Q21337956", "Christina Welinder-Olsson": "Q21337963", "Akiko Kageyama": "Q21337974", "Tamae Seki": "Q21337977", "Hana Yi": "Q21337984", "Jocelyne Rocourt": "Q21338002", "Uta Wehmeyer": "Q21338005", "Lyudmila I. Evtushenko": "Q21338019", "Lubov V. Dorofeeva": "Q21338023", "Tatyana G. Dobrovolskaya": "Q21338026", "Galina M. Streshinskaya": "Q21338028", "Undine Behrendt": "Q21338032", "Anne K. Vidaver": "Q21338042", "Eeva-Liisa Nurmiaho-Lassila": "Q21338059", "Mariona Hern\u00e1ndez-Marin\u00e9": "Q21338489", "Sharon Lee Rose": "Q21340048", "Cindy Snauwaert": "Q21340546", "Anna-Louise Reysenbach": "Q21387817", "Priscilla C. Sanchez": "Q21390374", "Eva Tirjakov\u00e1": "Q21390768", "Simona Botl\u00edkov\u00e1": "Q21390775", "Laorsri Sanoamuang": "Q21391408", "Natalya E. Suzina": "Q21392293", "Joyce H. C. Woudenberg": "Q21392523", "Paula Santos": "Q21502638", "Dorothy Jones": "Q21503721", "Marilyn C. Roberts": "Q21503723", "Lilian V.H. Moore": "Q21503727", "Jessica A. Bennett": "Q21503730", "Claire E. Price": "Q21503732", "Margaret M. Floyd": "Q21503733", "June M. Brown": "Q21503734", "Ina Kramer": "Q21503737", "Anna Ewa Karnkowska": "Q21517315", "Haike Antelmann": "Q22035926", "Linda L. Clark": "Q22109381", "Junko Sasaki": "Q22110703", "Yoko Takahashi": "Q22111944", "Maria A. Andersson": "Q22113043", "Mary Jackson": "Q22113335", "Renate Kilpper-B\u00e4lz": "Q26791600", "Sabine Chapuy-Regaud": "Q28595175", "El\u017cbieta Tryniszewska": "Q28672021", "Linda Amaral-Zettler": "Q28913666", "Pelin Yilmaz": "Q28913672", "Sandra Huerfano": "Q30511852", "Michaela Gack": "Q33184364", "Belle Damodara Shenoy": "Q36519261", "Elna J. van der Linde": "Q36551215", "Galba Maria de Campos-Takaki": "Q36560526", "J. Paula Wilkie": "Q36601814", "Kyoko Owaki": "Q36607526", "Leslie Marian Churchland": "Q36611802", "Lisa K. Muehlstein": "Q36615918", "Mich\u00e8le Laval": "Q36629109", "M. Pamela Scarr": "Q36635553", "Paride Abliz": "Q36648181", "Sylvie Pa\u017eoutov\u00e1": "Q36681197", "Zao-Shi Xu": "Q36712690", "Ludmila Chistoserdova": "Q38319111", "C\u00e9lia M. Manaia": "Q38800938", "Paula V. Morais": "Q38801956", "Ute Hentschel": "Q40297071", "Marina S\u00e1nchez-Hidalgo": "Q41523415", "Tereza Konvalinkov\u00e1": "Q42108317", "Mariana Gomes de Pinho": "Q42172222", "Sigrid Neuhauser": "Q42340053", "Leticia M. Estevinho": "Q42423843", "Joanna Mokracka": "Q42426484", "Cec\u00edlia Le\u00e3o": "Q42591815", "Graciela Spivak": "Q42670538", "Paula Tamagnini": "Q43101343", "Carrie Brady": "Q43167121", "Anne O. Summers": "Q43283395", "Beata Kasztelewicz": "Q45355949", "Elisabete Val\u00e9rio": "Q45928275", "Maria M. Coman": "Q46044189", "Roberta Fulthorpe": "Q46124931", "Azza A. Al-Musallam": "Q47112806", "Karin Jacobs": "Q47119432", "Hiroko Kawasaki": "Q47119991", "Rowena E Jenkins": "Q47221414", "Dorota Wulta\u0144ska": "Q47543139", "Wendy Wilhelmina Johanna van de Sande": "Q47543151", "Hanna Pituch": "Q47543265", "Anna Sawicka-Grzelak": "Q47543275", "Gra\u017cyna M\u0142ynarczyk": "Q47543288", "Marta Wr\u00f3blewska": "Q47543316", "Xin-Zhan Liu": "Q49641350", "Francine Grimont": "Q50912243", "Beatrix Fahnert": "Q51095568", "Marinda C. Oosthuizen": "Q51784951", "Sandra Sousa": "Q53678304", "Silvie Rimpelova": "Q54273635", "Narelle Fegan": "Q54401365", "Jean F. Power": "Q54740053", "Michaela Sharpe": "Q55089410", "Elizabeth S. Didier": "Q55136843", "Nathalie C. Franc": "Q55143799", "Patrycja Golinska": "Q55437068", "Laura M. Cox": "Q55755058", "Sabine Marie Podmirseg": "Q55777380", "Dagmar Woebken": "Q55838035", "Agnieszka Zeidler": "Q56203568", "Ewa Andrzejewska": "Q56203584", "Dena Lyras": "Q56437415", "Ilaria Russo": "Q56567342", "Emma T. Steenkamp": "Q56725410", "Antonella Caputo": "Q56810196", "Jessica Danger": "Q56872384", "V\u00e2nia Aparecida Vicente": "Q56932769", "Virginia P. Edgcomb": "Q56973890", "Philippa D Darbre": "Q57048111", "Agata Jurczak-Kurek": "Q57140841", "Ma\u0142gorzata K\u0119sik-Brodacka": "Q57161408", "Patricia Ferreira": "Q57232597", "Kristyna Venclikova": "Q57385847", "Monika Staniszewska": "Q57641364", "Vanessa Oliveira": "Q57777532", "Abeba Mengist": "Q57900713", "Beate M Slaby": "Q58324048", "Joana Moscoso": "Q58424778", "Pavla Stojkova": "Q58658581", "Dorota Krzyzanowska": "Q58849546", "Cristina Godinho-Silva": "Q58949369", "Sabine Telle": "Q59027302", "Jadwiga W\u00f3jkowska-Mach": "Q59186499", "Zofia F Bielecka": "Q59188389", "Agnieszka Maszewska": "Q59190495", "Aleksandra Burkowska-But": "Q59210665", "Maite Iriarte": "Q59259412", "Agnieszka Korzeniowska-Kowal": "Q59550756", "Ivana Ma\u0161la\u0148ov\u00e1": "Q59663900", "Beata Zalewska-Pi\u0105tek": "Q59679565", "Urszula Nawrot": "Q59680119", "Renata Godlewska": "Q59684905", "Marzenna Bartoszewicz": "Q59687345", "Sonja Rueckert": "Q59689387", "Katarzyna Brzostek": "Q59695191", "Lucie Najmanova": "Q59695909", "Justyna M Drewnowska": "Q59697396", "Silvina Gonzalez-Rizzo": "Q59698197", "Milu\u0161e Kreidlov\u00e1": "Q59705808", "Katarzyna Leszczy\u0144ska": "Q59744175", "Gael Kurath": "Q59762376", "Barbara Kot": "Q59822113", "Sara Eldridge": "Q59832528", "Andrea Ramilo \u00c1lvarez": "Q60296933", "Agnieszka Magry\u015b": "Q60326209", "Ifeyinwa Monica Uzoh": "Q60393225", "Tawni L Crippen": "Q60738168", "Mary N. Burtnick": "Q60882538", "Rebecca J. Hall": "Q60976235", "Da\u0161a Stupica": "Q60977047", "Yu Pei Tan": "Q61090273", "Claudia Jasione Schr\u00f6der-Adams": "Q61097031", "Ewa Wons": "Q61108565", "Katarzyna Garbacz": "Q61112735", "Pavl\u00edna Jel\u00ednkov\u00e1": "Q61117219", "Magdalena Moryl": "Q61120206", "Agnieszka Zab\u0142otni": "Q61120226", "Lucie Petr\u00e1skov\u00e1": "Q61138371", "Lucyna Holec-G\u0105sior": "Q61141457", "Joanna Gajewska": "Q61141854", "Agnieszka Kijewska": "Q61153084", "Katarzyna Kr\u00f3l-Turmi\u0144ska": "Q61154390", "Heather Armstrong": "Q61158952", "Ma\u0142gorzata Antos-Bielska": "Q61161771", "Iwona Komaniecka": "Q61207086", "Mar\u00eda Adelaida G\u00f3mez": "Q61472952", "Sally DuPr\u00e9": "Q61731616", "Barbora Balc\u00e1rkov\u00e1": "Q61774564", "Magdalena Solarska": "Q61949746", "Ruth A. Gault": "Q61994076", "Monika Radli\u0144ska": "Q62004400", "Michele Gourmelon": "Q62097064", "Deborah Williamson": "Q62249520", "Emily E. Jackson": "Q62468054", "Ksenia Szymanek-Majchrzak": "Q62589253", "Miroslava Atanassova": "Q62592782", "Miros\u0142awa Studzi\u0144ska": "Q62919651", "Rebecca R. Merica": "Q63184860", "Irene Ane Anyangwe": "Q63569687", "Alica Chro\u0148\u00e1kov\u00e1": "Q63649878", "Georgia D. Tomaras": "Q63663866", "Jolanta Krzyszto\u0144-Russjan": "Q63788688", "Katarzyna Markowska": "Q63966152", "Hazel Davey": "Q64496017", "Daniela Gallo Castro": "Q64674181", "Dominika Drzewiecka": "Q64698149", "Fatemeh Mohammadipanah": "Q65063060", "Betty P. Guo": "Q65966027", "Helen Treichel": "Q66366402", "Fathiah Zakham": "Q67604116", "R\u00e9gine Talon": "Q68040561", "Margaret C. M. Smith": "Q68350968", "Nicole Desnoues": "Q68427956", "Caroline Blackwell": "Q69379361", "Danuta Witkowska": "Q112510436", "Olga Igorevna Keppen": "Q70673381", "Olga L. Kovaleva": "Q70673803", "Ifeoma Ezeonu": "Q71161034", "Magdalena Chmiela": "Q71455900", "Yayoi Sakiyama": "Q71532548", "Esther Anna Gies": "Q71621507", "Ewa Sajnaga": "Q73034372", "Lori Snyder": "Q73561956", "Dana Kalabova": "Q75312164", "Wanda Kami\u0144ska": "Q75354450", "Beata Weber-D\u0105browska": "Q76447322", "Barrie Johnson": "Q76578947", "Shymaa Enany": "Q77314747", "Barbara Wiechu\u0142a": "Q79392164", "Noha Sorour": "Q79854932", "Anna M \u0141asica": "Q80792493", "Dorota Korsak": "Q81019480", "Vera Jencov\u00e1": "Q81234484", "Marie Filteau": "Q81431481", "Justyna Nied\u017awiadek": "Q81775163", "Malgorzata Aptekorz": "Q82648730", "Dominika Ojdana": "Q82938677", "Vladim\u00edra Knazovick\u00e1": "Q83219846", "Agnieszka Bogut": "Q83336955", "Sylwia Jarzynka": "Q83761228", "Barbara Zwo\u017adziak": "Q84175186", "Malgorzata Michalska": "Q84310587", "Bozena Futoma-Ko\u0142och": "Q84466938", "Katarzyna Roeske": "Q85253810", "Zofia Baku\u0142a": "Q85481540", "Danuta Idzik": "Q85653957", "Rachel E A Horak": "Q86047350", "Kamila Zdenkova": "Q86106786", "Anna Markowicz": "Q86555931", "Dorota Wojnicz": "Q86587452", "Lucie Ke\u0161nerov\u00e1": "Q86595133", "Monali C Rahalkar": "Q86646895", "Ifeyinwa S Obuekwe": "Q86956745", "Iwona Wilk": "Q86965008", "El\u017cbieta Bobela": "Q87106895", "Suzanne Marie Garland": "Q87258284", "Magdalena Taube": "Q87462610", "Shawna McCallin": "Q87468862", "Pascale S Guiton": "Q87715952", "Swathi Arur": "Q87760650", "Jana Broadhurst": "Q87768000", "Lili Zhang": "Q87860845", "Zuzana Hroncova": "Q87868818", "Gale Brightwell": "Q87923830", "Dorota Tichaczek-Goska": "Q87997328", "Halina Radosz-Komoniewska": "Q88019991", "Katarzyna Wolny-Ko\u0142adka": "Q88300313", "Helena van Tol": "Q88322859", "Sirida Youngchim": "Q88329725", "Lucia \u010cern\u00e1kov\u00e1": "Q88393864", "Joanna Sypecka": "Q88412720", "Jo-Anne R Dillon": "Q88469815", "Muriel Vayssier": "Q88537431", "Jade Mitchell": "Q88565705", "Helen Withers": "Q88645424", "Dragana Jankovic": "Q88661583", "Diana M Downs": "Q88784622", "Ann Cali": "Q88807014", "Amanda-Juan Chen": "Q88807042", "Ai-Hua Li": "Q88808264", "A. Marcelle Stirling": "Q88809624", "Jean Carlson Batzer": "Q88810831", "Kyria Boundy-Mills": "Q88811792", "Cai-Hong Dong": "Q88815779", "Zuzana Dudov\u00e1": "Q88819120", "Eleonora Egidi": "Q88820853", "Joan (I.) Kelley": "Q88831091", "Jin-Hua Kong": "Q88831140", "Jie Xie": "Q88832580", "Ke Li": "Q88834753", "Li-Li Liu": "Q88836383", "Li-Yan Yu": "Q88837330", "Qiu-Ju Shang": "Q88846168", "Sayaka Ban": "Q88848776", "Laura Selbmann": "Q88851091", "Anne Dirkje van Diepeningen": "Q88856060", "Wen-Huan Li": "Q88857714", "Wen-Jing Wang": "Q88858160", "Ya-Hui Gao": "Q88860243", "Yuan Yuan": "Q88861714", "Ze-Fen Yu": "Q88862327", "Yan Kang": "Q88884649", "Gra\u017cyna Majkowska-Skrobek": "Q88902675", "Katrin Krause": "Q88936214", "Magdalena Mnichowska-Polanowska": "Q89003007", "Maria de Fatima Borges": "Q89067812", "Olga Nedashkovskaya": "Q89299877", "Weronika Goraj": "Q89446249", "Astrid P\u00e9rez": "Q89629147", "Annick Bernalier-Donadille": "Q89745764", "Raquel Amaral": "Q89757144", "Malgorzata Romanik": "Q89781636", "Justyna Sygu\u0142a-Cholewi\u0144ska": "Q89900567", "Karissa Culbreath": "Q90009706", "Sasikala Chintalapati": "Q90028888", "Weronika Gonciarz": "Q90163403", "Anita M Shete": "Q90191005", "Wioletta Adamus-Bia\u0142ek": "Q90215733", "Sarah E Maddocks": "Q90252188", "Marina Finogenova": "Q90304609", "Sandrine Bourdoulous": "Q90339904", "Deepshikha Gupta": "Q90585596", "Sarah B Joseph": "Q90616628", "Alojzija Ho\u010devar": "Q90638053", "Sabina \u0160krgat": "Q90638920", "Klaudia D\u0119biec-Andrzejewska": "Q90639877", "Veronika Je\u0159\u00e1bkov\u00e1": "Q90713795", "Erica D. Sonnenburg": "Q90929061", "Camille E Granada": "Q90986996", "Pooja Ghosh": "Q91091701", "Elizabeth J. Phillips": "Q91133566", "Nika Kojc": "Q91154641", "Indira T Kudva": "Q91182013", "Monika Brzychczy-Wloch": "Q91205430", "Gra\u017cyna Go\u015bciniak": "Q91253602", "Jera Jeruc": "Q91303346", "Ewa Ob\u0142\u0105k": "Q91506540", "Richa Salwan": "Q91531654", "Rina Rosin-Arbesfeld": "Q91702214", "Magdalena A Kara\u015b": "Q91719337", "Lea Ho\u0161njak": "Q91867950", "Anna Jarzab": "Q91875171", "Alicja Ekiel": "Q91942666", "Sanja Stopin\u0161ek": "Q91960382", "Petra Bogovi\u010d": "Q92032272", "Hanna Rekosz-Burlaga": "Q92276762", "Mariola Pa\u015bciak": "Q92305980", "Gra\u017cyna Szyma\u0144ska": "Q92393832", "Nika Lov\u0161in": "Q92602299", "Agnieszka Kalwasi\u0144ska": "Q92689054", "Revathy Chottekalapanda": "Q92735468", "Bo\u017cena Nejman-Fale\u0144czyk": "Q92865599", "Monika Maci\u0105g-Dorszy\u0144ska": "Q93185312", "Blanka Vidan-Jeras": "Q93387285", "Livia Leoni": "Q95311366", "Agata Palusiak": "Q96071721", "Sitara S. R. Ajjampur": "Q96079519", "Silvia Caballero": "Q96099778", "Jing Yuan": "Q96124132", "Erin P McCauley": "Q96166468", "Joanna Bronikowska": "Q96249660", "Agnieszka B Bialkowska": "Q96250492", "Krist\u00fdna Mezerov\u00e1": "Q96820530", "Sana\u00e2 Lemriss": "Q96950154", "Susan M. Butler-Wu": "Q97530196", "Magdalena Strus": "Q98221680", "Sylwia Wdowiak-Wr\u00f3bel": "Q98563940", "Marta H Branquinha": "Q99548717", "Helena Gbelcov\u00e1": "Q99615335", "Silvia Bozza": "Q100513381", "Satoko Arakawa": "Q100750062", "Bonita Durna\u015b": "Q100937165", "Ma\u0142gorzata Bulanda": "Q101424620", "Yvetta Gbelska": "Q101453280", "Agnese Serafini": "Q102308541", "Agnieszka Mrozik": "Q103822593", "Margaret Cramm": "Q104063772", "Simona Lencova": "Q104104061", "Alexa M Nicolas": "Q104134688", "Beata Sobieszcza\u0144ska": "Q104143040", "Anna Duda-Madej": "Q104143041", "Ewa Dworniczek": "Q104581635", "\u859b\u79b9\u8c37": "Q104723389", "Judith Bateup": "Q105215175", "Christobel Ferguson": "Q105482321", "Irma Viktorovna Issi": "Q105603761", "Hadiye Demirbakan": "Q105771382", "Jasmina Vandrich": "Q105974420", "Imen Ben Slimene Debez": "Q106167689", "Frances W. Hickman-Brenner": "Q106291274", "Kerstin Hoffmann": "Q106451037", "Isabelle Gigu\u00e8re": "Q106633185", "Miriam C. Poirier": "Q107022221", "Nicola Williams": "Q107362803", "Ana Clara Schenberg": "Q107363383", "Alina Kucharewicz-Krukowska": "Q107437906", "Priscilla Carrillo-Barragan": "Q107612474", "Val\u00e9rie Paquet": "Q108394988", "Anne-Marie Perchec-Merien": "Q108457283", "Amy H. Bouton": "Q108545272", "Sarah A.J. Parsons": "Q108545426", "Fatemeh Khani-Juyabad": "Q108811548", "Anne Carta": "Q108865864", "Patricia Rousselier": "Q108865866", "Susan T. Bagley": "Q108921091", "Aleksandra Pokojska-Burdziej": "Q109266343", "Nat\u00e1lia dos Santos Ferreira": "Q109362564", "Susan J. Turner": "Q109774588", "Hanna Dahm": "Q110156882", "Claudia Sorlini": "Q110244341", "Brenda M. Westerhuis": "Q110410496", "Donna M. Paulnock": "Q111016858", "Kayley M. Usher": "Q111046578", "Valerie J. Harwood": "Q111227938", "Paulina \u017barnowiec": "Q111993549", "Vasiliki Lamprinou": "Q112114987", "Roberta Turiello": "Q112132388", "Mariateresa Vitiello": "Q112624708", "Alicja Budak": "Q112661252", "Ingrid J\u00fcttner": "Q112669709", "Michelle McConnell": "Q112671525", "Irina Valerievna Kuznetsova": "Q112729742", "Elena Leonidovna Nevrova": "Q112762225", "Alli Weis": "Q113547889", "Jackie Aislabie": "Q113715478", "Kamila P\u00edchov\u00e1": "Q113950811", "Eva Stod\u016flkov\u00e1": "Q113953330", "Aura Andreasen": "Q114067320", "Cynthia L Sheffield": "Q114068386", "Agnieszka Jama-Kmiecik": "Q114197978", "Magdalena Frej-M\u0105drzak": "Q114198128", "Heidi Smith-Vaughan": "Q114320998", "Susan A. Ballard": "Q114341672", "Agata Gambacorta": "Q114341928", "Anja R J Schuitema": "Q114441565", "Monika S Hejnowicz": "Q114662566", "Wanda Peczy\u0144ska-Czoch": "Q114716200", "Katarzyna Jermakow": "Q114736350", "Barbara A. Peddie": "Q114784018", "Audrey Winifred Jarvis": "Q114998109", "El\u017cbieta Fiejka": "Q115361863", "Dorota Luft-Deptu\u0142a": "Q115565375", "Cheryl Lutze-Wallace": "Q115583972", "Angela Joyce Cornelius": "Q115628648", "Johanna M. Steyaert": "Q115642519", "Jadwiga Matras": "Q115667963", "Cristina Souza Freire Nordi": "Q115763692", "Wanda Duszkiewicz-Reinhard": "Q115769185", "Irma J. Pintner": "Q115774333", "Elaine Aldous": "Q115774842", "Teresa Wo\u017aniakiewicz": "Q115831069", "Agnieszka Maciejska": "Q115837750", "\u0141ucja \u0141aniewska-Trokenheim": "Q115838312", "Norma Sangster": "Q115901756", "Janice A. Lanser": "Q115901906", "Liliana Kuczy\u0144ska-Krogulec": "Q115902743", "Zofia Rotkiewicz": "Q115974106", "Patricia Mariani-Kurkdjian": "Q115991468", "Ewa Osuchowska": "Q116141983", "Heather Parker": "Q116202285", "Yong-Hui Wang": "Q116214132", "Aalia Mohammed Al-Dahlawi": "Q116764233", "Barbara Krasnod\u0119bska-Szponder": "Q116774464", "Trinidad del Pan Arana": "Q116778815", "Prema Bhat": "Q116810725", "Lizzie Harrell": "Q116810861", "Neela Badrie": "Q116812682", "Elizabeth Horning": "Q116812943", "Eleanor Alexander-Jackson": "Q116812964", "Nada Jennett": "Q116812969", "Ruth M. Myers": "Q116813350", "Hilda Christine Reilly": "Q116815033", "Vivian Schatz": "Q116815047", "Dragana Gagic": "Q116963178", "Preeti Raju": "Q116972320", "Filomena Ng": "Q116979965", "Walentyna B\u0105k": "Q117048942", "Zofia Zwolska": "Q117251151", "Ruta Witkowska": "Q117278837", "Anna Sidor-W\u00f3jtowicz": "Q117288286", "Maria Stryjakowska-Sekulska": "Q117288291", "El\u017cbieta Morzejko": "Q117288318", "Francesca Casu": "Q117304236", "Iwona Warmi\u0144ska-Radyko": "Q117472780", "Teresa Niklewska-Larska": "Q117745937", "Maria Zientara": "Q117745990", "Sylvia Angubua Baluka": "Q118045990", "Janina Grela-Ja\u015bkowska": "Q118150379", "Sally Ann Anderson": "Q118248215", "Teresa Urbanik-Sypniewska": "Q118352143", "Kinga W\u00f3jcik": "Q118540084", "Kyoko Niimi": "Q119041014", "Yao Feng": "Q119454580", "Dan-Feng Bao": "Q119457668", "Anna Leszczy\u0144ska-Fik": "Q120205272", "Ma\u0142gorzata Simm": "Q120635507", "Sandra L Jackson": "Q121000450", "Anca Selariu": "Q121358318", "El\u017cbieta Ro\u017cynek": "Q121746355", "Farah Al-Barwani": "Q121892538", "Gra\u017cyna \u015awi\u0119cicka-Grabowska": "Q121906378", "Danuta Klimuszko": "Q122528987", "Hanna Targowski": "Q122643055", "Magdalena Przytocka-Jusiak": "Q122751845", "El\u017cbieta Krzemi\u0144ska-Ja\u015bkowiak": "Q122802141", "Lucyna Chmielewska": "Q122816466", "Julianna Kurlenda": "Q122958643", "Teresa Zieniawa": "Q123029931", "Anna Towia\u0144ska": "Q123035352", "Dorota Latus-Zi\u0119tkiewicz": "Q123113356", "Violeta de Jes\u00fas Flores Dominick": "Q123198373", "Shahasi Yusuf Athman": "Q123509793", "Yu-Qin Zhang": "Q123694336", "Smita Nandardhane": "Q123739108", "Oriana Rivera Lozada": "Q124039797", "Joy Oakly": "Q124045284", "Ling-Ling Liu": "Q124056825", "Ulrike Inge Tarazona Janampa": "Q124117423", "Ma\u0142gorzata Jadwiga Wasiela": "Q124213658", "Ewa Lipi\u0144ska-Leder": "Q124350565", "Pei Tian": "Q124374996", "Stefania Giedrys-Kalemba": "Q124392990", "Nicole Bornstein": "Q124419752", "Meghan M. Pearce": "Q124445178", "Kristina Rizzardi": "Q124455353", "Jihee Her": "Q124734390", "Irena Michalska": "Q125208265", "Danuta Ska\u0142ba": "Q125208292", "Wanda Wo\u017anicka": "Q125208300", "Jana Steinov\u00e1": "Q125288508", "Angie Katherine Castillo Pe\u00f1a": "Q125768865", "Adela Alcolea-Medina": "Q126175336", "Tracey Vivien Steinrucken": "Q126914258", "Tatjana N. Zhilina": "Q127390933", "Allie Igwe": "Q127794396", "Andrea Cerdeira P\u00e9rez": "Q130044687", "Andreia Aires": "Q130233703"}