{"Miss D. B. Watkins": "Q28843726", "Janet Anderson": "Q18576416", "Katherine Ramsay": "Q19325909", "Harriet Graves Waring": "Q61837415", "Anne Elisabeth Aubert": "Q111995602", "Clara Ahnfelt": "Q4934590", "Amalie Wergmann": "Q79009396", "Marie Demets": "Q122768401", "Hortense Adde": "Q106633214", "Fredrika Wilhelmina Eijfert": "Q126961869", "C\u00e9lina Carbonnier": "Q63284332", "Madame Suzy": "Q16867709", "Lotten Lindgren": "Q106590765", "Marie Poupaert": "Q118189812", "Wilhelmina Maria Jongbloed": "Q126961766", "Lamberta Christina Elizabeth Beck": "Q124811333", "A. Jacot": "Q109939958", "Maria Molist i Bartres": "Q68597404", "Helene Fl\u00f6ge": "Q111579862", "Juliette Mathieu-L\u00e9vy": "Q68051937", "Mina Owczy\u0144ska": "Q109658484", "Gerarda Hermina Smit": "Q109940554", "Margery Hazzard Wells": "Q110716850", "H.G. Botterweg-'t Hooft": "Q126962048", "Jane Blanchot": "Q68363282", "Wilhelmine Cruys": "Q115624177", "Nanny Elisabet Aulin": "Q123987910", "Anna Ilinichna Vorontsova-Dashkova": "Q28055001", "Adrienne Crespin": "Q112296113", "Adela Platzer": "Q95127687", "Marianne Leisching": "Q110955666", "Sarah Neuman-Elefant": "Q45831508", "Dorothy Carroll": "Q24045090", "Johanna van Empel": "Q110843173", "Cathalina Petronella Sciarone": "Q126960183", "Paulette": "Q19931323", "Charo Iglesias Pajares": "Q29474174", "Charlotte V\u00f6tter": "Q127947183", "Alice Haslerov\u00e1": "Q126616810", "Friederike Mayr\u00f6cker": "Q107098573", "Rosa Triger": "Q95203728", "Yvette Brillon": "Q18704196", "Ren\u00e9e Abel": "Q57418879", "Lotka Leitner": "Q66103010", "Khana Dorbian": "Q95107883", "Bluma Perlman": "Q95114349", "Sabina Proiekt": "Q95126830", "May Aubert": "Q13499856", "Edith Herbst": "Q106314030", "Pilar Bueno Ib\u00e1\u00f1ez": "Q90405653", "Edzia Leikhter": "Q94976108", "Primitiva Lodeiro Otero": "Q61061863", "Alice Dunn Adler": "Q94629113", "Hela Feingold": "Q95123326", "Hanka Leikhter": "Q95129441", "Martina Barroso Garc\u00eda": "Q90405622", "Ana L\u00f3pez Gallego": "Q90407349", "Dionisia Manzanero Salas": "Q90407661", "Julia Conesa Conesa": "Q70783380", "Jos\u00e9phine Cazzaro": "Q55333394", "Carmen Barrero Aguado": "Q90405597", "Uschi Rubinstein": "Q121856599", "\u00c1ngela Marlasca G\u00f3mez": "Q106324410", "Virtudes Gonz\u00e1lez Garc\u00eda": "Q90405683", "Jorvalina Maria dos Santos Monroe": "Q109788611", "Alice Hirsch": "Q33083652", "Rose Valois": "Q126960168", "Suzanne Moulijn": "Q111371875", "Marina Clotet i Guasch": "Q11935543", "Marianne Jongkind": "Q116981084", "Ans Wesseling": "Q127057050", "Fabienne Delvigne": "Q99646048", "Fiona Bennett": "Q25939197", "Viviane Fischer": "Q106441545", "Hana \u0160korpilov\u00e1": "Q103186557", "Milena Hasalov\u00e1": "Q95234702", "Mary Goddard": "Q18880125", "Esther A. Klepper": "Q67403993", "Jeanne Tachard": "Q68052835", "Madame Gu\u00e9rin": "Q96272769", "Mademoiselle Fanny": "Q97171346", "Jenny K\u00e4ll": "Q106590630", "Mathilda Folcker": "Q108744234", "Aline Pierre": "Q110847433", "Anka Sura-Janekovi\u0107": "Q115628084", "Karen Morris": "Q115678239", "Wendy Allen": "Q115678266", "Hermine Marie Hortense Liegeois": "Q120268877", "Marie Julienne De Thieu": "Q123051871", "Angela Menz": "Q124261954", "Rian Wijnands": "Q124705444", "Memmu Lankila": "Q124759340", "Anna Murcko McAvoy": "Q125924171", "Jenny Meyer": "Q126960201", "Aim\u00e9e Willy": "Q126961374", "Thea Vermeulen - de Jong": "Q126961404", "Marthe Jerlio Vasselin-Villetard": "Q126961417", "Olga Traversi": "Q126961425", "Marguerite Soltis": "Q126961468", "Katja Robinski": "Q126961521", "Trudy Rijntjes": "Q126961528", "Delly Poelmans": "Q126961571", "Cora Marson": "Q126961650", "Mevrouw G. Kint-Van den Berg": "Q126961738", "Lucie Humard Germaine": "Q126961775", "Mademoiselle Gathier": "Q126961873", "Genevi\u00e8ve Fath": "Q126961894", "Emma F. Drescher": "Q126961931", "Rose Descat": "Q126961952", "Marthe Charliat": "Q126962001", "van de Berg-Smit": "Q126962077", "Jacqueline Bandet": "Q126962096", "Cora Bakker": "Q126962099", "mw. Antoinette": "Q126962108"}