{"Tudclyd": "Q4457143", "Sarah Cheevers": "Q18576988", "Katharine Evans": "Q18831211", "Elisabeth Schneiderov\u00e1": "Q112498135", "Catharina Allegonda van Lier": "Q9185249", "Elizabeth McFarland": "Q63391697", "Lydia Brown": "Q62086348", "Maria Christiana Johansen": "Q98545643", "Martha Jowett": "Q99620621", "Maria Ogden": "Q108226278", "Mary Mercy Ellis": "Q94685512", "Louisa Darby": "Q59347561", "Mary Ann Donaldson": "Q104924308", "Kl\u00e1ra Erd\u00e9lyi": "Q990270", "Helen Mack": "Q123440018", "Mary Wallis": "Q40743932", "Maria Patton Chamberlain": "Q108043439", "Lucy Taft Fisher": "Q99298100", "Myra Fairbanks Eells": "Q94620860", "Mary Still": "Q119144570", "Margaret Cargill": "Q99379581", "Marthe Larsen": "Q30019090", "Louisa Lowrie": "Q45899750", "Mary Ann Brainerd Ives": "Q94290927", "Marie Sophie Caroline Stolz": "Q123369896", "Henrietta Hamlin": "Q63384927", "Jakobine Emilie Adelheid Schreuder": "Q30018490", "Guri Oftebro": "Q30019307", "Mary Pool": "Q91491725", "Lucy T. Lord": "Q63385604", "Ellen Mariner Howell Bond": "Q108043304", "Guri Udland": "Q30019767", "Ane Cathrine Knudsen": "Q56599797", "Harriet Martha Hamlin": "Q111811821", "Mary Putnam Pruyn": "Q17216561", "Cordelia Young Willard": "Q64224981", "Elizabeth Wiggins Simonton Blackford": "Q10271986", "Anna Cathrine Ingebrektsen": "Q30018886", "Elizabeth Codner": "Q20667172", "Elodie Dullaert": "Q115826227", "Johanna Faust": "Q55875518", "Maria Bollezzoli": "Q110835402", "Elizabeth Ann Rogers": "Q55720711", "Johanna Sch\u00f6nberger": "Q93423314", "Marthe Gundersen": "Q30018715", "Cecilia Marie Foss": "Q30018581", "Virginia Hale Hoffman": "Q63385512", "Caroline B\u00f8rresen": "Q11963221", "Joachime Gundersen": "Q30018713", "Johanne Carlsen": "Q30018671", "Charlotte Pinckney Draper": "Q106480914", "Louise Henrietta Pierson": "Q17222752", "Julia Nelson Crosby": "Q17210672", "Kate C. McBeth": "Q69415473", "Ann Eliza Clark Gulick": "Q108073200", "Harriet S. Caswell": "Q105047913", "Sofia Svenson": "Q98545946", "Helen Gilpin": "Q91500496", "Bertha Dahle": "Q30018679", "Christiane Fredrikke Minsaas": "Q30018801", "Kari Ellingsdatter Titlestad": "Q30019760", "Birgitte Marie Steenberg": "Q30019115", "Sarah Bowes": "Q113950854", "Minerva Clarissa Brewster Bingham": "Q21282625", "Johanne Margrethe Schreuder": "Q30018491", "Mary Mauritia Tiefenb\u00f6ck": "Q64093367", "Caroline Nilsen": "Q30018814", "Wencke Wettergreen": "Q30019438", "Luise Wendlandt-Homann": "Q94827517", "Anna Cunningham Safford": "Q123109086", "Elisabeth Sophie Foss": "Q30018580", "Sarah Lydia Brown": "Q104624363", "Sarah Moore Sites": "Q123600351", "Mary Buel Hatch Riggs": "Q99646319", "Anne Marthea Kyllingstad": "Q30019087", "Julia Elizabeth Duddley": "Q11310444", "Mary Anne Vickers": "Q76123931", "Mary Ann Robson Paton": "Q115860770", "Anna H. Kidder": "Q128842715", "Ellen Albertina Polyblank": "Q106641548", "Anna Wilhelmine Egen\u00e6s": "Q30018695", "Mary T. True": "Q17229305", "Martine Thorsen": "Q30019151", "Elsebeth Kahrs": "Q30019062", "Juline Elisabeth Rosaas": "Q30018842", "Julie Van De Pitte": "Q126415370", "Margaret B Macfarlane": "Q92688648", "Benedicta Lager": "Q50885321", "Anna Kielland": "Q30019065", "Emelie Lundahl": "Q102142389", "Tea Ditmarine Stavem": "Q30019112", "Anne Marie Wilhelmsen": "Q30019776", "Martha Nikoline Borgen": "Q30018644", "Franziska Lind\u00f8": "Q30018779", "Anna Larine Thingvold": "Q30019148", "Martha Nilsen": "Q30018820", "Johanne Mathilde Engh": "Q30018611", "Christiane de Roepstorff": "Q21816937", "Carrie Louisa McMillan Buck": "Q110462942", "Wilhelmine Wilhelmsen": "Q30019530", "Hanna Nygaard": "Q30019292", "Marie Rasmussen": "Q30018831", "Dorthea Valen": "Q30019712", "Julia Sarah Carothers": "Q13332868", "Harriet Ann Walker": "Q98852696", "Rakel Bogine Hansen (Berghoff)": "Q30018723", "Wilhelmina van Hasselt-Mundt": "Q60221591", "Laura Margrethe Vig": "Q30018495", "Inger Nilsen": "Q30018818", "Ingeborg Ellingsdatter Jorddal": "Q30018903", "Sophie Bekker": "Q30018528", "Hanna Martine Andreassen": "Q30019618", "Anne Elisabeth R\u00f8stvig": "Q30018856", "Ingeborg Olsdatter Aas": "Q30019177", "Christine Pedersen": "Q30019330", "Mary Jane Davidson": "Q118684199", "Belle Marsh Poate": "Q111700435", "Dorthea Bass\u00f8e": "Q80159654", "Kaja Lovise Johanne J\u00f8rgensen": "Q30018904", "Fredda Hammar": "Q18242272", "Julie Augusta Thesen": "Q30019141", "Severine Lisabeth Braatvedt": "Q30018657", "Gudveig Josefsdatter Gjerager": "Q30018568", "Mary Ann Elizabeth Gribble": "Q115121144", "Julia Van Renterghem": "Q115846413", "Gabrielle Gustava Dahle": "Q30018680", "Anna Caroline Amalia Christine Haslund": "Q30018724", "Emma L. White": "Q116952039", "Bertha Stueland": "Q30019132", "Luise Cooper": "Q124443", "Agnethe Christiansdatter Lind\u00f8": "Q30018778", "Alice Jennette Starkweather": "Q17362665", "Kristine Jakobsen": "Q30018895", "Clara Henrrick Rose": "Q111097900", "Flora Lydia Best Harris": "Q111136039", "Hilda Andreassen": "Q30019388", "Sarah Clara Smith": "Q11305341", "Inger Marie Nilsen": "Q30018819", "Maria Anholm": "Q50809980", "Ellen Sofie Bertelsen Aas": "Q30018540", "Agnethe Torvalla Leisegang": "Q30019094", "Inga Valborg Andersen": "Q30018510", "Mary Isabella Bryson": "Q115852483", "Annie Lyon Howe": "Q74144509", "Ragna Dietrichs": "Q30018690", "Josephine Eaton Peel Campbell": "Q12616863", "Julia A. Sparr": "Q99363872", "Tomine Elle": "Q30018614", "\u00c9milie Banzet": "Q56677729", "Augusta Waxgren": "Q86311746", "Ingeborg Margrethe Selmer": "Q30018866", "Elin Sundvall": "Q29647724", "Elise Kiener": "Q19841100", "Anna Birgithe Hafstad": "Q30018716", "Amalie Karine Njerve": "Q30018824", "Olina Hogstad": "Q30018745", "Maren Olsdatter Klanderud": "Q30019074", "Margarete Oertzen": "Q1895066", "Sigrid Johanne Christiane Svendsen": "Q30019134", "Katharina Schynse": "Q1603472", "Mary Reed": "Q63928780", "Henriette Louise Guldberg": "Q30018559", "Martha Helene Meeg": "Q30018793", "Emmerentze Hermana Dahl": "Q30018676", "Anna Roos": "Q4975366", "Inga Fergstad": "Q30018591", "Mary H. Shed": "Q126006962", "Constance Amalie Wetterstad": "Q30019434", "Johanne Guri Mathea Oftebro": "Q30019308", "Hanna Nicoline Hansen (Berghoff)": "Q30018720", "Berte Marie Tobiasdatter Oftebro": "Q30019305", "Marie Gilbert": "Q96939936", "Alice R. Palmer": "Q98972212", "Loduska Wirick": "Q70543082", "Louise Amalie Berge": "Q30018539", "Jenny Marie Grung": "Q30018561", "Helene Mathea Louise Doran": "Q30018691", "Andrea Gehlert Franks": "Q62079271", "Caroline Maude Stulting Sydenstricker": "Q103841171", "Mary E. White": "Q116977224", "Inga Karoline Eriksen": "Q30018600", "Jenny Swift": "Q105753126", "Berthe Christine Knudsen": "Q30019075", "Walborg Fredrikke Gulbrandsen": "Q30018712", "Georgie Colley": "Q97672372", "Dorthea Guldbrandsen": "Q30018710", "Marie Violet": "Q59328191", "Anna Dieterlen": "Q108730265", "Jeanne Bigard": "Q55838530", "Mette Margrethe Rustad": "Q30018847", "Laura Sofie Norgaard": "Q30019288", "Anna Jakobsen": "Q30018892", "Christine Johansen": "Q62079798", "Edwarda Amalie Christiansen": "Q30018675", "Tiu\u207f Chhang-mi\u00e2": "Q32131521", "Gjertine Johnsen": "Q11972101", "Nikoline Johanne Smith": "Q30019106", "Emily Hatfield Hobart": "Q107448429", "Sofie Reuter": "Q17120161", "Helene Svenningsen": "Q30019135", "Martha Sell\u00e6g M\u00f8rland": "Q30018805", "Cornelia Judson": "Q17214099", "Therese Victoria Aagaard": "Q30019170", "Jessi Knox Munro": "Q17362726", "Agnes Meyer": "Q11849877", "Elisabet Karlsson": "Q54617841", "Wilhelmina Svensson": "Q50680643", "Annie Henrietta Dowd": "Q111103741", "Clara Parrish": "Q124094763", "Marie Rasmusdatter F\u00f8reid": "Q30018574", "Katherine Steves Crawford Taylor": "Q10313995", "Ida Goepp Pierson": "Q63758822", "Annie E. Brown": "Q98530967", "Jane Helena Bulstrode": "Q106641547", "Marie Theodora Siqueland": "Q30018871", "Marie-Agnes Vliegen": "Q115853031", "Dina Thorbj\u00f8rnsen": "Q30019147", "Caroline Johansen": "Q62079763", "Selma Karolina Laman": "Q50808543", "Martha Serine R\u00f8stvig": "Q30018858", "Adelaide Addison Pollard": "Q101428131", "Anna Marie Totland": "Q30019373", "Lydia A. Trimble": "Q106957562", "Anna Andersson": "Q56300688", "Mary Wickham Roe": "Q106400240", "Isabella S Blackmore": "Q17214056", "Kunda Smith": "Q30019124", "Hilma B\u00f6rjesson": "Q98528625", "Catharine Hayden Barbour": "Q94700867", "Grace Catherine Neale Nott": "Q18818495", "Malla Moe": "Q12716711", "Magdalena Cruells y Comas": "Q16596831", "Anna Olsen": "Q30019312", "Emilie Marie Rustad": "Q30018846", "Louise Bruun": "Q62080899", "Else Laurentse Ueland": "Q30019424", "Marie Elisabeth L\u00f8n\u00f8": "Q30018786", "Anna Margarita Rodgers Furness": "Q113194656", "Lillie M. Easterby Barker": "Q66750776", "Stanis\u0142awa Samulowska": "Q9165576", "Margaretha Titlestad": "Q30019486", "Marie Florence Bice": "Q3292523", "Lovisa Engvall": "Q105505320", "Ruth Walfridsson": "Q64406597", "Anny Syrena Buzzell": "Q17231301", "Clara Colliver Rice": "Q28488022", "Anna Jensen": "Q69851608", "Gunhild Pedersen": "Q30019332", "Agnete Hedvig Emilie Petersen": "Q30018827", "Marie Holst": "Q43375885", "Gertrude May King": "Q28035043", "Emily Mary Bulstrode": "Q23927815", "Karoline Elisabeth Tou": "Q30019454", "Dagny Liv Johnson": "Q30018902", "Ad\u00e8le Van Damme": "Q115854650", "Johanne Margrethe M\u00fcrer Olsen": "Q30019311", "Endrine Pedersen-Robertstad": "Q30018838", "Shoshir Mukhi Das": "Q125792283", "Adelaide Gail Frost": "Q76487703", "Martha Kristine Fagereng": "Q30018592", "Edvarda Albertha Bang": "Q30018521", "Mary Elizabeth Collins": "Q66750831", "Ragnhild Gotteberg": "Q11996951", "S. M. Denison": "Q28488388", "Bertha Keyser": "Q827722", "Mathilde Sophie Meberg": "Q30018792", "Olga Schult": "Q104417705", "Andrea Sofie Paust Kyvik": "Q30019091", "Anna Sofie Bovim": "Q30018651", "Laura Aleksandra Ingebrektsen": "Q30018890", "Dorthea Lind": "Q62079827", "Sina L\u00f8ken": "Q30018785", "Margaretta Sophia Ridgely": "Q96470755", "Sadie Stringer": "Q99354785", "Ragnhild Omunda Andreassen": "Q30018514", "Elsie Marshall": "Q114747673", "Marie Serine Horne": "Q30018754", "Kathleen O'Melia": "Q114866664", "Ada Hannah Wright": "Q11290187", "Emma Ekvall": "Q107077211", "Margaret Butcher": "Q112424625", "Lisebeth Regine Aadnesdatter Godal": "Q30018566", "Juliane Berg": "Q30018530", "Gurine \u00d8stbye": "Q30019163", "Colette Van Cauter": "Q85848333", "Ellen Engh": "Q30018604", "Bertha Johanne Jensenius": "Q30018897", "Else Salmine Samuelsen B\u00f8e": "Q30018666", "Olene Birkeli": "Q30018542", "Aagot J\u00f8rgensen": "Q30019060", "Johanne Sagbroen": "Q30018859", "Marie Nilssen": "Q30018485", "Hesselina de Groot": "Q30018563", "Martha Drummer": "Q43381926", "Alice Hammond Sharp": "Q12606060", "Hisano Takahashi": "Q17209110", "Marie-Louise Ryckebusch": "Q100275616", "Mary Dobson": "Q66812496", "Anna Berg": "Q30019799", "Ragnhild R\u00f8dseth": "Q30018852", "Emilie Caspersen": "Q30018672", "Chi Oang": "Q11723230", "Alice Noerbel": "Q27909228", "Elvine Olsen": "Q30019313", "Signe Louise Ottesen": "Q30019323", "Anna Olava Nome": "Q30019281", "Gunhild Christine Dahle": "Q30018681", "Lizzie Lied\u00e9n": "Q98545882", "Theodora Rosaas": "Q30018843", "Anna Elisabeth Dahle": "Q30018678", "Fredrikke Mariane Johanne Hertzberg": "Q30018735", "Dymphna Gezelle": "Q117244211", "Janet Miller": "Q116762008", "Jeanne Crauwels": "Q115853356", "Inez B\u00f6lling": "Q98072159", "Julie Smith": "Q30019099", "Ingeborg Lovise Skodje": "Q30018879", "Susan Strachan": "Q6136382", "A. E. Champness": "Q65093887", "Annie Ker": "Q115276531", "Emily Dora Earthy": "Q117317013", "Caroline Macdonald": "Q30608714", "Helga Thomine Stene": "Q30019117", "Kirsten Str\u00f8mme": "Q30019129", "Jennie Marie Mary Kuyper": "Q17227044", "Martha Malthe": "Q62081210", "Karen Dorothea Schaanning": "Q30018864", "Hanna Holthe": "Q30018751", "Beathe Marie Elisabeth Wilhelmsen": "Q30019350", "Sigrid Bj\u00f8rgum": "Q12000368", "Mina Brawner": "Q108146352", "Ugo Maria Pezzoni": "Q57597721", "Petra Alvilde Sofie Einrem": "Q30018618", "Eline Uhrenholt": "Q58000894", "Maren Sofie Bjertnes": "Q30018546", "Anna Pauline Thunem": "Q30019515", "Gunhild Holst": "Q30018746", "Katherine Pratt": "Q113379381", "Auguste H\u00f6rz": "Q63930363", "Anna Margrethe Ebbel": "Q30018692", "Andrea Ofstad": "Q30019300", "Ellen Schepelern": "Q62079938", "Louise Emilie Parrot": "Q30019327", "Olga Theodora \u00d8stbye": "Q30019165", "Aasta Bj\u00f8rgum Argento": "Q16167437", "Anna Kristine Reichelt": "Q30018487", "Ester Juvelius": "Q17381241", "Agnes Beckdal": "Q11957028", "Mathilde Nikolaisen": "Q30018812", "Kirsten Prip": "Q62080815", "Villa Vinsnes": "Q30019661", "Alma Jensen": "Q30018896", "Johanne Nome": "Q30019282", "Margaret Elizabeth Armstrong": "Q54867629", "Helene Christiane Stokstad": "Q30019122", "Martha Nilsen N\u00f8ttestad": "Q30019296", "Kirsten Sofie Markegaard": "Q30018790", "Gulowna Kristiane Nikolaisen (Karlsen-Lund)": "Q30018810", "Anna Margrethe Bjertnes": "Q30018544", "Mary Raleigh Anderson": "Q123108917", "Ida Chard": "Q30018673", "Mabel Branch Webb": "Q97996930", "Laura Nicoline Erlandsen": "Q30018619", "Anne Marie Petersen": "Q18421594", "Anna Martha Nome": "Q30018825", "Trine Eggen": "Q30018700", "Marguerite Amy Burnet": "Q11341662", "Anna Naastad": "Q30019299", "Marguerite Lucy Butler": "Q108348689", "Erika Lindstr\u00f6m": "Q11858196", "Lina Marie Hodnefjeld": "Q30018740", "Anna Helene Aadnesgaard": "Q30019164", "Johanne Svanenskjold": "Q62080653", "Kristiane Marie Leisegang": "Q30018772", "Louise Blom Heimbeck": "Q30018732", "Jeanne Buchsenschutz": "Q30018659", "Maria Verlende": "Q115853293", "Anna Vogt": "Q30019568", "Elizabeth Johanna Shepping": "Q30609447", "Sophie Stevens Lanneau": "Q94643518", "Mabel Ruth Francis": "Q17216643", "Edla Carlsson": "Q98545803", "Karen Gormsen": "Q62080737", "Olga Leknesund": "Q30018774", "Johanna Mathea Rosaas": "Q30018841", "Kristine Marie Elise Stafseth": "Q30019113", "Aagot Brun": "Q30018655", "Hansine Sinding": "Q30018869", "Magdalene Pedersen": "Q30019333", "Anna Rein-Wuhrmann": "Q563059", "Elsie Sibree": "Q21555544", "Ellasue Canter Wagner": "Q110225182", "Danielle Kristine Johannesen": "Q30018900", "Kate M. Barker": "Q6375614", "Edle Solberg": "Q30019110", "Petra Amalie Margrethe Fleischer": "Q30018587", "Oline Elise Stenersen Kure": "Q30019088", "Laura Madsen": "Q62080845", "Anna Ammundsen": "Q30018504", "Dagmar Engstr\u00f8m": "Q11964532", "Bronis\u0142awa Dobrowolska": "Q112980654", "Ingeborg Wikander": "Q50512429", "Dorthea Emilie Tvedt": "Q30019762", "Margrethe Skavang": "Q30018874", "Birgit Torset": "Q30019416", "Marie Pedersen": "Q30019334", "Anna Edvarda Flygel": "Q30018585", "Innocenta Gierszewicz": "Q117835061", "Gillian Mary Barclay": "Q99512546", "Christine Larsen Bodding": "Q11963753", "Johanne Havstad": "Q30018730", "Regina Stracke": "Q1031368", "Delight Rice": "Q107069204", "Kathrina Bugge": "Q30018663", "Ruth Nathorst": "Q101419182", "Eleanor Harriett (Nell) Rivett": "Q24218432", "Eva Marie Holthe": "Q30018749", "Gustava Elise Pauline Ner\u00f8": "Q30018807", "Martha Marie Eggen": "Q30018697", "Marie Kjelvei": "Q30019072", "Signe Margrethe Vistaunet": "Q30019545", "Anna Gustava Hodnefjeld": "Q30018737", "Ester Sundin": "Q97672365", "Margaret Aileen Jennings": "Q112760344", "Marjorie Landsborough": "Q28358219", "Frida H\u00f8yem": "Q30018760", "Randi Smith": "Q30019784", "Clara Osvik": "Q30019319", "Berta Haaland": "Q30018762", "Nanny Fredriksson": "Q98545821", "Anna Kristina Vika": "Q30019770", "Brynhild Jakobsen": "Q30018893", "Jenny Anette Amalie Aadnesgaard": "Q30019169", "Martha Tou": "Q30019681", "Gudrun Smebye": "Q30019100", "Kristianna Josefine Bakketun Smith": "Q30019103", "Marit R\u00f8dseth": "Q30018501", "Mariane Dalland": "Q30018687", "Laura Elsie Beckingsale": "Q99514102", "Sigrid Kopreitan": "Q30019082", "Ester Berg": "Q30018529", "Rina Susanne Tysland": "Q30019364", "Ragnhild Antoinette S\u00f8rensen": "Q30019140", "Martha Palm": "Q30019325", "Olga Marie N\u00f8kling": "Q30019294", "Ella R\u00f8rstad": "Q30018854", "M\u00e1ria Moln\u00e1r": "Q56391155", "Anna Bramsen": "Q47786806", "Sara Ree": "Q30018832", "Kate Hilda Louise Keen": "Q116170839", "Florence Allshorn": "Q99510853", "Mathilde Fredrikke Skinsnes": "Q30018877", "Estella Coe": "Q13382029", "Martha Bushong Akard": "Q11341739", "Laura Marie Dalland": "Q30018688", "Josefine Laura Jaasund": "Q30019367", "Laura Borgen": "Q30018643", "Anna Kristine Indreb\u00f8": "Q30018764", "Anna Emilie Larsen": "Q30019089", "Ragna Lovise Indreb\u00f8": "Q30018766", "Marie Smebye": "Q30019102", "Sofie Asheim": "Q30018520", "Gabrielle Fr\u00f8holm": "Q30019778", "Florence Crane": "Q55738695", "Mary Yeung": "Q96940006", "Anna Sandstad": "Q30019234", "Lise Marie Flatla": "Q30018589", "Ragna Kristine Andresen": "Q30018517", "Lilli Listor": "Q30019219", "Hilda Andersson": "Q16157863", "Manda Kathrine Nome": "Q30019283", "Grace Visher Payne": "Q106465479", "Ruth Paxson": "Q121074187", "Christiana Kildal": "Q30019066", "Ida Andersson": "Q99460957", "Esther Menon": "Q62080029", "Kirsten Theresia Leisegang": "Q30018771", "Alfhild Emilie Rokke": "Q30018840", "Marie-Th\u00e9r\u00e8se Noblet": "Q18716301", "Elsa Karlsson": "Q99457294", "Trine Christiana Einrem": "Q30018617", "Jenny Holmasen": "Q100963477", "Phoebe Joyce Hall": "Q56177018", "Dorothy Ann Mowll": "Q96673970", "Esther Nelson": "Q115112986", "Lydia Prince": "Q59530811", "Anne Oline Ringstad": "Q30018834", "Berta Ner\u00f8": "Q30018500", "Elizabeth Gordan Griffin": "Q66832841", "Anna Elida Fykse": "Q30019225", "Aagot Helene Hodneland": "Q30018743", "Marie Laurenze Frisch": "Q30019432", "Johanne H\u00f8eg": "Q108899729", "Kari Lavik Mason": "Q17119966", "Anna Sofie Olsen B\u00f8thun": "Q30018669", "Nanni Strand": "Q30019126", "Lydia Brown Hipps": "Q107077432", "Anna Irbe": "Q21993532", "Lovise Haug": "Q30019409", "Tamasine Allen": "Q11316304", "Tomine Skulberg": "Q30018880", "Eli Ofstad": "Q30019301", "Elizabeth Hobart": "Q105081549", "Kathrine Gilje": "Q30018570", "Dorthea Josefa Marie Rugseth": "Q30018844", "Frida Vingren": "Q10285955", "Ovidia Vik": "Q30019490", "Pearl. B Fosnot": "Q112762581", "Aagje Wesselingh": "Q28064327", "Mary Margaret Moninger": "Q55721022", "Birgit Alvilde Knutsen-\u00d8y": "Q30019079", "Lila Watson": "Q124612814", "Karen Bardenfleth": "Q62080717", "Karen Gilje": "Q30018571", "Ruth Meyer": "Q30018799", "Emma Andersen": "Q30018509", "Cecilie Fitje": "Q30018590", "Emma Racine Folles\u00f8e": "Q30018582", "Betty Hodneland": "Q30018741", "Inga Lovise Wold": "Q30019786", "Ellen Marta Overskott": "Q30019321", "Petra Johanne Osnes": "Q30019270", "Anna Mathilde Erlandsen": "Q30018609", "Hanna Baastad": "Q30019261", "Mabel Ruth Ki\u00e6r": "Q30019067", "Olga Kaae": "Q62081325", "Elizabeth B\u00fchler-Cott": "Q112563911", "Sofie Josefine R\u00f8nnevik": "Q30018853", "Sigrid Kvam": "Q30019084", "Karen Marie Nielsen": "Q62080759", "Signe Ekblad": "Q38774453", "Annie Marie Hagemann Dahle (Blessing)": "Q30019405", "Mildrid Borghilde Foss": "Q30019262", "Helga Lovise Kolberg": "Q30019783", "Marie Xaveria Pirc": "Q94639824", "Anna Hagar Linnea Borgenvik": "Q30019788", "Alfrida Louise Meland": "Q30018795", "Margit Mortensen": "Q30019445", "Lucy Kristoffersen Norborg": "Q30019287", "Mary Gogstad": "Q30018565", "Hanna Asp": "Q115714030", "Pirmina Fleck": "Q19298622", "Benny Elisabeth Danbolt": "Q30019557", "Vasylija Hlibovyc\u2018ka": "Q112558406", "Nanna Marie Nader": "Q30019247", "\u00c5nija Lundgren": "Q98545675", "Sigrid Nilsen": "Q30019269", "Kamilla Sofie Tveit": "Q30019222", "Barbra Stabell": "Q30019111", "Margrethe J\u00f8rgensen": "Q30019395", "Alma Klepp": "Q30019357", "Kanutha Davidine Thime": "Q30019143", "Kamilla Skule": "Q62080706", "Rakel Thime": "Q30019149", "Petra Serine Halderaker": "Q30019241", "Marie Isaksen": "Q30018891", "Kristine Oseland": "Q30019317", "Signe Kristine Titlestad": "Q30019236", "Lula Marjorie Disosway": "Q66832084", "Ruth E. Garlock": "Q112485182", "Mary Austin Endicott": "Q78108259", "Ethel Taylor": "Q117168331", "Anna Mathilde Andersen": "Q30018507", "Wilhelmina Elisabeth Lindeland": "Q30019218", "Elizabeth Fischbacher": "Q11059282", "Marie Sofie W\u00e6raas": "Q30019159", "Ragna Lovise Moen": "Q30019374", "Dagny Gulbrandsen": "Q17119663", "Gertrude Elizabeth K\u00fccklich": "Q11301621", "Kitty Idwal Jones": "Q56179656", "Mildred Welch Cranston": "Q110768774", "Domitila Rivera": "Q100251633", "Rafaela Vurnik": "Q60027768", "Esther Horjen": "Q87964612", "Ellen Hilberth": "Q99735382", "Ingrid Elisabet Helland": "Q30018733", "Anna Margrethe Bauge": "Q30018525", "Mildred A. Wiant": "Q108900924", "Ethel W. Bost": "Q106978739", "Marie Karoline S\u00e6veraas": "Q30019139", "Violet Margaret Grubb": "Q21557445", "Borghild Gj\u00f8nnes": "Q30019404", "Mirjam Zalaznik": "Q124373286", "Magna Isaksen": "Q30019549", "Ella Marie Ebbel": "Q30019239", "Ruth Birkeland": "Q30019519", "Borghild Nora Betzy Magnussen": "Q30019793", "Greta Tivey": "Q107088744", "Sofie Snekkenes": "Q30019520", "Inger Marie Bregi": "Q30019654", "Erna Wien": "Q30019812", "Marie Louise Pinderud": "Q30018830", "Selma Marie Ringstad": "Q30018835", "Maja Tjellstr\u00f6m": "Q17265824", "Karla Margrethe Arebekken": "Q30019787", "Elida Constanse Lystad": "Q30019268", "Marie Aarflot": "Q30019171", "Hildur Beathe Rege": "Q30019668", "Hanna Levinsen": "Q30019442", "Marianne Lovise Kathrine Johnsen": "Q30018901", "Else Kristine Thrana": "Q30019631", "Antonie Louise Torset": "Q30019675", "Essie Anderson": "Q107040612", "Dagny Karoline Lien": "Q16658343", "Tyyne Niemi": "Q105705768", "Anna Sofie Skj\u00e6rvold": "Q30018878", "Gudny Gauslaa": "Q30019428", "Marie Sandvik": "Q29890257", "Sylvi Visap\u00e4\u00e4": "Q60656469", "Anna Maria Eggen": "Q30019369", "Kristine Wisl\u00f8ff Nilssen": "Q30019398", "Ellen Nordmark": "Q101419131", "Sigrid Zetlitz Kolnes": "Q30019081", "Gudrun Haldorsen": "Q30019264", "Charlotte Bateson Furphey": "Q107069189", "Bethel Harris Fleming": "Q108917279", "Jenny Buggeland": "Q30019657", "Birgit Endresen": "Q30019815", "Gunvor Julie Skarpaas": "Q30019807", "M. Louise Avett": "Q105967773", "Anna Margrethe Skauge": "Q30018873", "Gunda Helene Ingara Eliassen": "Q30018606", "Aili Havas": "Q17380579", "Maria Dahl": "Q30019802", "Magda Meling": "Q30019220", "Valborg Amalie Wersland": "Q30019747", "Anna Helena Peterson": "Q99548379", "Karin Brudal": "Q30018653", "Inger-Helene Furuly": "Q30018576", "Gunvor Wisl\u00f8ff Nilssen": "Q30019363", "Laila Samuelsen": "Q30019569", "Bergljot Astrid Borgen": "Q30018642", "Emma Tibbets": "Q105968547", "Julie Flatland": "Q30019791", "Mabel Ellis Hubbard": "Q106849044", "Myra Scovel": "Q112471190", "Halfrid Kristine V\u00e6rv\u00e5gen": "Q30019400", "Bertha Gurine Karlsen": "Q30019230", "Frida Spildra": "Q30019659", "Gudrun Josefine Myklebust": "Q30019415", "Hj\u00f8rdis H\u00f8imyr": "Q30019789", "Valborg N\u00e6sheim": "Q30019233", "Margit Helle": "Q30019707", "Barbara Bruce": "Q99518924", "Phyllis Thompson": "Q120057275", "Mathilde Dahl": "Q30018677", "Johanne Skj\u00e6veland": "Q30019272", "Elisabeth Nielsen": "Q30019665", "Mary Behner": "Q105373871", "Sigrid Marie Risan": "Q30019645", "Torny Gudrun Nakkestad": "Q30019831", "Erna Huitfeldt": "Q30018758", "Hilda Berge": "Q30019556", "Solveig Gabrielsen": "Q30019263", "Jean Moore": "Q125392200", "Louise Fagereng": "Q30018593", "Johanne Bj\u00e5stad": "Q30019813", "Anne Marie Fl\u00f8ttum": "Q30019800", "Agnes Nilsen Howard": "Q117198199", "Antonietta B\u00f6hm": "Q96095622", "Birgit Lillestr\u00f8mmen": "Q30018777", "Gjertrud Fitje": "Q11972102", "Sigrun Woodhouse": "Q12000377", "Giuliana Cavallini": "Q59533185", "Marija Serafina \u010cerne": "Q61827396", "Else Marie Danbolt": "Q30019491", "Astrid Kr\u00e5kenes": "Q30019638", "Astrid Nilsson": "Q98545908", "Greta Andr\u00e9n": "Q4936022", "Bertha S\u00f8rvaag": "Q30019702", "Mary Mamen": "Q30018788", "Erna Brzezek": "Q127947118", "Maria Coopman": "Q17428090", "Borghild Talatta Idland": "Q30019563", "Gudrun Nord\u00e5s": "Q30019828", "Borghild Sofie Birkeli": "Q30019259", "\u674e\u5e6b\u52a9": "Q21016979", "Ovidia Berthea Marie Eriksen": "Q30019439", "Emilie Marie Kopperud": "Q30019514", "Margit Sigfrida L\u00f8tvedt": "Q30019698", "Marta L\u00f8tveit": "Q30019389", "Gunvor Margareta Fr\u00f8ise": "Q30019817", "Gertrude Elizabeth Hale": "Q94643725", "Ingrid Margrethe Aasen": "Q30019612", "\u00c5shild Hj\u00f8rdis Andersen": "Q30019273", "Gwyneth Parul Roberts": "Q118946939", "Ulla Lidman-Frostenson": "Q4962025", "Aslaug Brustad": "Q16180955", "Hj\u00f8rdis Gunvor Ruud": "Q30019836", "Ruth Holm": "Q30019554", "Gudrun Folles\u00f8": "Q17058687", "Magnhild Overskott": "Q30019496", "Helga Otter\u00f8y": "Q30019829", "Signe Kristina Espedal": "Q30018595", "Ingrid Gesine Olsen": "Q30019804", "Ingrid Flakk": "Q30019794", "Elna Heranda Wisl\u00f8ff Nilssen": "Q30019830", "Rakel Petrine Eriksen": "Q30018613", "Rhoda Couldridge Coulson": "Q99522495", "Marjorie Moore Armstrong": "Q127453221", "Ellen Johansson": "Q4956950", "Birgit Klockars": "Q4959174", "Henrikke Vika": "Q30019238", "Eli Aarsheim": "Q30019664", "Kari \u00d8sttveit": "Q30019391", "Olga Folleraas": "Q30019390", "Marit Kvam": "Q30019266", "Julie Anette \u00d8ymyr": "Q30019366", "Elisabeth \u00d6llsj\u00f6": "Q4991134", "Leonia Milito": "Q24680609", "Karen Helene Aandstad H\u00f8ibraaten": "Q30019523", "Lis Madsen": "Q20261285", "Genevi\u00e8ve Barnaud": "Q56677931", "Marija Ur\u0161ula Tro\u0161t": "Q57583316", "Bergliot Langeland": "Q30019458", "Arna Buvarp": "Q30019559", "Solveig Mikkelsen": "Q30019684", "Kristine Skjeslien": "Q17107373", "Anneken Louise Resch": "Q30019819", "Anlaug Hauge": "Q30019710", "Ingebj\u00f8rg Fl\u00f8ttum": "Q30019561", "Astrid Hetland": "Q30019242", "Anna Smaariset": "Q30019425", "Anica Miklav\u010di\u010d": "Q111677376", "Joyce Meredith McMillan": "Q21772272", "Liv Tveit": "Q30019709", "Marie Kristine Folles\u00f8y": "Q30019677", "Molly Isobel Mullan": "Q125392215", "Maria Simma": "Q86918", "\u5b89\u7f8e\u745e": "Q10947165", "Gudrun Kj\u00f8llesdal": "Q30019069", "Mildred Droppa Loucky": "Q12037370", "Constance Eileen Butterfield": "Q99518973", "Ernelle Brooks": "Q107457391", "Gwen Rees Roberts": "Q56183607", "Betty Hammer\u00e5s Vestnes": "Q30019396", "Martha Ingerda Tollefsen": "Q30019703", "Alfhild Jacobsen": "Q30019782", "Billy Gammon": "Q83900020", "Else Brekke": "Q30019512", "Inger Marie Strande": "Q30019127", "Signe Tryti": "Q30019257", "Maria Kj\u00f8llesdal": "Q30019539", "Elizabeth Crouch": "Q113635812", "Ellen Laursen": "Q62079921", "Else H\u00f8ilund": "Q62079973", "Aslaug Marie Borge": "Q30019397", "Lavinia Benson": "Q113517653", "Nancye Ellen Wilson": "Q113530616", "Bodil Svendsen": "Q30019133", "Gurli Gleditsch": "Q30019407", "Else Lose Andersen": "Q41204901", "Solveig Skavang": "Q30019832", "Ingeborg Tveit": "Q30019764", "Ruth Epting": "Q76503999", "Petra Slung\u00e5rd": "Q30019797", "Gertrud Wehl": "Q1515706", "Jenny Stapnes": "Q30019837", "Philippa Wiking": "Q4990520", "Ida Lerberg": "Q11976782", "Agathe Oline Hagene": "Q30019792", "Ragna Landmark Holthe": "Q30018753", "Gunilla Flygens Isaksson": "Q98545819", "Ruth Bogetvedt": "Q30019635", "Astrid Espegren": "Q17058103", "Kitty Hjertaker": "Q30019835", "Joan M. Antcliff": "Q112658045", "Maria Josefa Queralt Teixid\u00f3": "Q105062313", "Helene Bjaanes": "Q30018547", "Rigmor Johnsen": "Q30019795", "Oline Gerd Sandnes": "Q30019271", "Elisabeth D\u00f8rdal": "Q17057719", "Kjersti Vevstad": "Q30019258", "Kirstin Hagen": "Q11980786", "Helvi Halme": "Q19703091", "M\u00e4rta von Schantz": "Q85851511", "Clare Anderson": "Q109307641", "Liv Ellen Bergsholm": "Q30019642", "Randi Haugstveit": "Q11997090", "Gerd Borgenvik": "Q21562609", "Sigrid V\u00e6rnesbranden": "Q30019244", "Ruth Frey": "Q2177608", "Kate Andersen": "Q11980390", "Aslaug Kopperdal": "Q30019372", "Floralba Rondi": "Q106917928", "\u00c5sa Torveig Fristad": "Q30019362", "Karin Jensen": "Q30019228", "Marianne Andersen": "Q55863717", "Helga Hetles\u00e6ter": "Q30019705", "Joy F. Evans": "Q6297118", "Astrid Kristine Tj\u00f8stheim": "Q30019431", "Jacqueline Lessard": "Q16184660", "Else Iveland": "Q11967247", "Solveig Wiig": "Q30019498", "Else Hanche": "Q30018494", "Margaret D. Miller": "Q108180772", "Asbj\u00f8rg Slung\u00e5rd": "Q30019235", "Elly Hildur Thorsen": "Q30019237", "Guri Syrstadeng": "Q30019254", "Judith Kvangarsnes": "Q30019641", "Marion Pope": "Q108186060", "Maria Herlinde Moises": "Q1895947", "Annie Hesseberg": "Q30019387", "Gudrun Trageton": "Q30019427", "Damaris Trobe": "Q11964616", "Ulla Trepkow": "Q105405566", "Ulla-Britt Carlsson": "Q98317372", "Maria Am\u00e9lia Leite": "Q109790612", "Ingeborg Eikeland": "Q11977138", "Ingegerd Rooth": "Q60815240", "Else Diehl": "Q110280588", "Clarangela Ghilardi": "Q106929896", "Anne Liddell-Grainger": "Q4768537", "Maura O'Donohue": "Q1911173", "Berit Kallekleiv": "Q30019826", "Magdala Christa Lewandowski": "Q120849", "Bitxore Laka Guenaga": "Q87121468", "Annlaug Jorunn Sandal": "Q30019525", "Borghild Sofie Ruud": "Q30019251", "Reidun Hammerbo": "Q30019808", "Mair Davies": "Q13129892", "Rhena Taylor": "Q112370841", "Maria Wachtler": "Q1896406", "Moira Campbell": "Q126510946", "Sandra Covey": "Q120615578", "Annelvira Ossoli": "Q106964428", "Hildegard Feldmann": "Q110305337", "Dinarosa Belleri": "Q106942548", "Joyce Huggett": "Q117247618", "Ellen Low Webster": "Q119084097", "Nelle Ingeborg Johanne Blomstereng Nyseth": "Q30019386", "Maria Luise Prean-Bruni": "Q61454111", "Birgitta Larsson": "Q54617432", "Maria Isabel Correig Blanchar": "Q115636742", "Anne Kristine Herje": "Q11958277", "Eli Stangeland": "Q30019544", "Gjertrud M\u00e6b\u00f8 Nilsen": "Q30019633", "Gunvor Helander": "Q11973354", "Zora \u0160kerlj": "Q125565376", "Turid Melsom": "Q30019546", "Mary Judith Ress": "Q25439369", "Blanca Nieves Sancho Lope": "Q63981640", "Aslaug Vidnes": "Q30019738", "Karoline Mayer": "Q1734245", "Gudrun Braadland": "Q30019408", "Liv Haug": "Q11986525", "Marija Sre\u0161": "Q114031071", "Vitarosa Zorza": "Q107157204", "Betty Smit": "Q19898937", "Simei Monteiro": "Q22911817", "Mari Lorn\u00e9r": "Q98545887", "Catalina Rivas": "Q9185166", "Lisbeth Jensen Fumero": "Q11984192", "Martha Crystal Myers": "Q78107394", "Laura Kindervaag": "Q30019464", "Ragnhild Andersen": "Q30019798", "Kl\u00e1ra Steigerov\u00e1": "Q95472700", "Herborg Sm\u00f8rdal": "Q30019351", "Christel Orzechowski": "Q112562131", "Coen R\u014dshi": "Q10331871", "Lutfiah Sungkar": "Q12495657", "Emmanuel Maillard": "Q3724689", "Birgitta Ekman": "Q112517879", "Anne Margrethe Reindal": "Q30019506", "Eli Stenklev": "Q30019629", "Linda Hutchens": "Q4955164", "Ruth M Grubel": "Q40042850", "Doraci Julita Edinger": "Q113631117", "Mar\u00eda Luigia Corona": "Q6004156", "Kristin Reitan": "Q98076498", "Marian Maskulak": "Q112565733", "Mary Damron": "Q114345903", "Angelika Wohlenberg": "Q94502917", "Veronika Ter\u00e9zia Rackov\u00e1": "Q24136371", "Cleusa de Souza Klein": "Q109784914", "Maria de Jesus Pereira Issungo": "Q103734582", "Ewa Gawin": "Q123185337", "Mar\u00eda Ascensi\u00f3n Romero": "Q69818695", "Teruko Enomoto": "Q62601543", "Anica Toma\u017ei\u010d": "Q115707484", "Susanne Brink": "Q108314887", "Vicka Ivankovi\u0107": "Q56435790", "Mirjana Dragi\u010devi\u0107": "Q84202843", "Marija Pavlovi\u0107": "Q84480910", "Maria do Carmo Bezerra": "Q109982880", "Ivanka Ivankovi\u0107": "Q84324957", "Delfina Moral Carvajal": "Q112939666", "D\u00e9bora Brasil": "Q10269240", "Maria Goretti": "Q115035485", "Arian van Eijk": "Q13430486", "Jana Ungerov\u00e1": "Q95393708", "Paulina Brolin": "Q16505512", "Anne Lise S\u00f8vde": "Q17111393", "Joyce Lin": "Q94370954", "Helena Rocha": "Q109982251", "Stephanie Leigh Gutierrez": "Q115506482", "Eli\u0161ka Annadurai": "Q112564392", "Jaione L\u00f3pez": "Q122442126", "Apollonia di Nagasaki": "Q3620705", "Joy Dawson": "Q6297080", "Mary Ann Annesley Chamberlain": "Q10327030", "Mary Parker Dascomb": "Q10327041", "Barbara Dix Grimes": "Q12360199", "Alice Betty Adams": "Q17191402", "Rachel Hudson": "Q17219342", "Elizabeth Leavens": "Q18529695", "Elizabeth Harris": "Q18875812", "Mary Wilson": "Q19324916", "Ana Marija Male\u0161": "Q20525983", "\u0645\u0627\u0631\u064a \u0643\u0627\u0628\u0631\u0644\u064a": "Q25463042", "Edith Johncock": "Q27990445", "Ragna Haarr": "Q30018765", "Hilda Ingebrektsen": "Q30018889", "Liv Nome": "Q30019202", "Elise Antonsdatter": "Q30019324", "Gudrun \u00d8stbye": "Q30019385", "Anna Margrete Tjomsland": "Q30019655", "Maria Victoria de la Cruz": "Q56021374", "Mary Bevan": "Q59347218", "Etna Holderness": "Q60449686", "Linn\u00e9a Almkvist": "Q63039528", "Elisabeth Althaus": "Q63871958", "Auguste Ro\u00dfmann": "Q63930366", "Mollie Harvey": "Q64147979", "Margaret McComb": "Q64147983", "Elizabeth Alves": "Q65169794", "Elisabeth Strohm": "Q79815382", "Mary Chesmer Purser": "Q79890538", "Arwilda G. Robinson": "Q96180667", "Harriet Cutler": "Q96249616", "Marion Fuller": "Q96939934", "Alice Pappin": "Q96939981", "Ruth Wilken": "Q96940001", "Martha Plested": "Q96941085", "Carrie E. Sawyer Cartwright": "Q97672413", "M. R. Rodgers Webb": "Q97703898", "Elizabeth Graham Atwater": "Q98071990", "Verna Olsson": "Q98545922", "Elsie Winqvist": "Q98545962", "Ann Shipman": "Q99363319", "Maria Catherine Albright": "Q99494671", "Sophronia Farrington": "Q99535369", "Jessie Ransome": "Q99543121", "Adelaide Whitefield": "Q106368595", "Mar\u00eda Luisa CASTILLO CHAMORRO": "Q106498695", "Berthgyth": "Q106629526", "Antonia Van der Meer": "Q106776548", "Linda McCrae": "Q106831873", "Joan Wannop": "Q106982604", "Alice C. Little": "Q107364221", "Jeanie Bigelow": "Q108069793", "Florence Pitman": "Q108111432", "Farsijana Adeney-Risakotta": "Q108670299", "Debbi DiGennaro": "Q111103469", "Eliza Goodall": "Q111117847", "Miss E. G. Walter": "Q112199992", "Winifred Bullard": "Q112242550", "Pat Fleming": "Q112242845", "Margaret Somerville": "Q112243833", "Cynthia Kearney": "Q112249520", "Lois Hawks Swinehart": "Q112535226", "Georgia Stout": "Q115802722", "Avia Marschner": "Q116236193", "Matilda Whiting": "Q116688049", "Eliza Everett": "Q116688143", "Frances Irwin": "Q116688154", "Winifred Shannon": "Q116688176", "Clara Jones": "Q120609611", "Alma Kestil\u00e4": "Q120937611", "Barbara Field": "Q121851105", "Margaret McLean": "Q123073372", "Deborah Hannah Richardson": "Q123417583", "Sophie Muller": "Q125945620", "Jeanette R. Conover": "Q126006448"}