{"Alisa Apreleva": "Q4062417", "Magdalena Fleitas": "Q5989680", "Alice Pehk": "Q16407100", "Damaris Gelabert": "Q22964539", "Sophie Maricq": "Q33093044", "Jane Edwards": "Q61109035", "Sabine Mitzlaff": "Q67167173", "Serafina Poch i Blasco": "Q77850769", "Brigitte Meier-Sprinz": "Q87189697", "Karin M\u00f6ssler": "Q89047943", "Monika Renz": "Q92423574", "Soo Ji Kim": "Q94477132", "Ariane Sontheimer": "Q94736446", "Susanne Bachmann": "Q95193405", "Elvira Ander-Donath": "Q95213280", "Margo Nancyfor": "Q100553013", "Denise Elizabeth Grocke": "Q105351346", "Diane Hannibal": "Q105547934", "Claire Oppert": "Q105672371", "Yumiko Sato": "Q105825828", "Ar\u00e1nzazu Calleja": "Q106098195", "Joal": "Q107149914", "Rita Egger": "Q107378339", "Yurika Kimura (marimba player)": "Q109651823", "Alicia Ann Clair": "Q111651891", "Juliane Sayk": "Q112144365", "Franziska Pfaff": "Q112144383", "Daphne Rickson": "Q112249417", "Helga Lancy Hertz": "Q113565593", "Regula Curti": "Q113778746", "Ingrid Erhardt": "Q113812657", "Dagmar E. Reifenberger": "Q113831302", "Marica Costigliolo": "Q113838330", "Penny Warren": "Q114860472", "Christine Anne Archer": "Q114968749", "Susi Hudak-Lazi\u0107": "Q117322815", "Rachel Reed": "Q120668381", "Helen Ridley": "Q122272744", "Carolyn Ayson": "Q125261715", "Philippa Algie": "Q127256665", "Sophie Buxton": "Q127256669", "Sandra Lutz Hochreutener": "Q128809172"}