{"Marta Marolt": "Q41131637", "Crisena Galatti": "Q46185639", "Anna Maria Pellegrini Celoni": "Q4348290", "Jeanne Marie Williaume": "Q20354029", "Elise Barth": "Q112490555", "Ph\u00e9dora Pierret": "Q121597196", "Mathilde Ringelsberg": "Q98748548", "Louise Agla\u00e9 Massart": "Q4284183", "Thalia Dahm": "Q68562813", "Jessie Hillebrand": "Q16672167", "Georgette Everardi": "Q4529640", "Louise B\u00e9guin-Salomon": "Q118510248", "Aleksandra Dormid\u00f3ntovna K\u00f3txetova": "Q4236756", "\u0546\u0561\u057f\u0561\u056c\u056b\u0561 \u054a\u0561\u0563\u0578\u056a\u0587\u0561": "Q68022776", "Teotiste Urrutia": "Q114876474", "Marie Neubarthov\u00e1": "Q95451688", "Sophia Sybella Goodwin": "Q115113013", "Marie Chassevant": "Q96284650", "Anna Petrovna": "Q12088748", "Ida Volkmann": "Q16712285", "Marie Stanek-Hrimaly": "Q4148843", "Diana V. Ashton": "Q112490505", "\u0410\u043b\u0435\u043a\u0441\u0430\u043d\u0434\u0440\u0430 \u0413\u0440\u0438\u0433\u043e\u0440\u044c\u0435\u0432\u043d\u0430 \u041c\u0435\u043d\u044c\u0448\u0438\u043a\u043e\u0432\u0430": "Q20642744", "Maria Catharina Haass": "Q88372678", "Sofya Alexandrovna Malozyomova": "Q15071919", "Alexandra Nikolajevna Molas": "Q15140006", "Orpheline Olsen": "Q18759122", "Wilhelmina Raab": "Q20643147", "Geesje Poutsma": "Q107959097", "Anna Ludmila Sch\u00f6ntagov\u00e1": "Q106964058", "Emmy Drechsler Hamilton": "Q37029341", "Anna Ivanovna Knipper": "Q4224723", "Julia Yakovlevna Makhina": "Q4285703", "Wanda Bogdani": "Q18683987", "Lina von Lottner": "Q32362663", "Barbara Larssen": "Q18009504", "Emily Lawrence": "Q111512388", "Hilma \u00c5berg": "Q4990990", "Hermine Labr\u00e9s": "Q115111228", "Alexandra Svyatlovskaya": "Q16695451", "Helene Caspar": "Q95004261", "Maria Muromceva": "Q4223678", "Varvara Mikhailovna Zarudnaya": "Q4187632", "Kamila Matesov\u00e1": "Q95182019", "Encarnaci\u00f3n Gom\u00e1 Jim\u00e9nez": "Q111905028", "Nina Aleksandrovna Fride": "Q20666933", "Marie Wybrandi": "Q21684466", "Anna Winge": "Q101416952", "Marcilie Holmboe": "Q68664175", "Emma Koch": "Q27556776", "Malwine Br\u00e9e": "Q4096178", "Lidiya Zvyagina": "Q4189766", "Lucie Veerman-Bekker": "Q122382409", "Margaret Wild": "Q89020563", "Marie Pivodov\u00e1": "Q95228536", "Adele Margulies": "Q10857689", "Sigrid Wolf": "Q18756074", "Hulda von Levetzow": "Q87481018", "Adela Bolska": "Q4091112", "Karla Vachov\u00e1": "Q115942975", "Adele Radnitzky-Mandlick": "Q87708", "\u042f\u045e\u0433\u0435\u043d\u0456\u044f \u0420\u044b\u0433\u043e\u0440\u0430\u045e\u043d\u0430 \u0413\u0430\u0440\u0430\u0434\u0437\u0435\u0446\u043a\u0430\u044f": "Q21156309", "Jeanne van Oldenbarnevelt": "Q107333843", "Bertha Relander": "Q63258244", "Gyda Foss": "Q67630094", "Elise Wiel": "Q67311932", "Nina Gorter": "Q1992776", "Marie Mejl\u00e6nder-Hellesen": "Q16595833", "Caroline van der Linden": "Q116983838", "Pilar Fern\u00e1ndez de la Mora": "Q15233231", "Ludmila Urbanov\u00e1": "Q95396287", "Anna Hamilton": "Q64514858", "Amina Beatrice Goodwin": "Q4151516", "R\u016f\u017eena Panajotov\u00e1-Urb\u00e1nkov\u00e1": "Q95133968", "Anna Grigoryevna Zherebtseva-Andreeva": "Q4179602", "Adelaide Welhaven": "Q68570515", "Evgenia Gnesina": "Q4140688", "Astrid Onarheim": "Q67228912", "\u0535\u056f\u0561\u057f\u0565\u0580\u056b\u0576\u0561 \u054e\u0561\u056c\u057f\u0565\u0580-\u053f\u0575\u0578\u0582\u0576\u0565": "Q4103105", "Etta Madier de Montjau": "Q122228668", "Marie Ond\u0159\u00ed\u010dkov\u00e1": "Q19602384", "L\u00e9a Hardy": "Q108329728", "Yelena Tsvetkova": "Q15061541", "Marie Unschuld von Melasfeld": "Q110584978", "Marija Grigorevna Tsiboesjtsjenko": "Q4506295", "Laura Gulbranson": "Q67433783", "Emma Saxl": "Q112538139", "Auguste Kalliwoda": "Q95444444", "Camilla Mandl": "Q112479562", "Daria Mikhailovna Musina-Pushkina": "Q4308393", "Mary Antonine Goodchild": "Q6473801", "Dina Nissen": "Q75233036", "Nelly Enger": "Q20504798", "Tamar Ter-Stepanova": "Q20513363", "Maria Gnesina": "Q4140692", "Margarit Babayan": "Q22138632", "Varvara Strakhova": "Q4443475", "Maria Llu\u00efsa Ponsa": "Q20005709", "Wilhelmina de Veer-de Lange": "Q122259156", "Catharina van Lokhorst": "Q114269812", "Olga Bakhutashvili-Shulgina": "Q21088836", "Vera Maurina Press": "Q80807706", "Lotte Roosing": "Q110319970", "\u0535\u056f\u0561\u057f\u056b\u0580\u056b\u0576\u0561 \u053f\u0578\u057e\u0565\u056c\u056f\u0578\u057e\u0561": "Q27701704", "Elizaveta Gnesina": "Q4140690", "Olga Kalantarova": "Q16402172", "Riki Brand-Bekker": "Q24681885", "\u041b\u0435\u043c\u0438\u043d\u0441\u043a\u0430\u044f, \u0412\u0435\u0440\u0430 \u0410\u043d\u0434\u0440\u0435\u0435\u0432\u043d\u0430": "Q4257912", "Xenia Erdeli": "Q4532373", "Emma Eug\u00e8ne-Hanssen": "Q69360234", "Nade\u017eda K\u0101rkli\u0146a": "Q15068348", "Jeanette Angell": "Q67201520", "R\u016f\u017eena Kurzov\u00e1": "Q16669143", "Olga Gyuzeleva": "Q64711234", "Nina Josefine Jensen": "Q67206297", "Varr\u00f3 Margit": "Q4103977", "Olga Gnesina": "Q4140693", "Elizabeth V. Beach": "Q98273258", "Wanda von Bernhard": "Q16536642", "Mathilde L\u00fcdig-Sinkel": "Q20528758", "Else Wagener": "Q84316337", "Amelia Cocq Carrera": "Q30346138", "Ludmila Tu\u010dkov\u00e1": "Q95155073", "Jean Blake Coulthard": "Q41566127", "Sofia Dnistrianska": "Q50413683", "Gladys Willan": "Q40468000", "Ottilie Heintz": "Q111588308", "Eli\u0161ka Jane\u010dkov\u00e1": "Q95145678", "Angela Drechsler": "Q24067898", "Zofia Buckiewiczowa": "Q26244332", "\u041c\u0430\u0442\u0432\u0435\u0435\u0432\u0430-\u0412\u0435\u0439\u043d\u0431\u0435\u0440\u0433\u0435\u0440, \u041c\u0430\u0440\u0438\u044f \u041c\u0438\u0445\u0430\u0439\u043b\u043e\u0432\u043d\u0430": "Q4284573", "Helene Croner": "Q63486098", "Edith M. G. Reed": "Q105967779", "Olga Hensel": "Q64597225", "R\u016f\u017eena Nebu\u0161kov\u00e1": "Q95144640", "Dagny Heide": "Q87173114", "Zoya Lody": "Q4265268", "Mariya Brian": "Q4096409", "Doris Haglund": "Q67200750", "Gertrud Todt": "Q112488768", "Anastasia Dicescu": "Q27122050", "Lotte Kliebert": "Q1871153", "Angela Cziczkov\u00e1": "Q12762339", "Vilma R\u016f\u017ekov\u00e1": "Q95396273", "Kl\u00e1ra Chitz": "Q64965926", "Valentina Ramm": "Q63485704", "Hedwig von Debicka": "Q63486275", "Maria Laidoner": "Q11768993", "Ru\u017eena \u0160lais": "Q59943935", "Berthe Roy": "Q86352123", "Agnete Zacharias": "Q62079256", "Bertha Tiggers": "Q119411037", "Viktorie Kapr\u00e1lov\u00e1": "Q112399119", "Anna Ono": "Q11463893", "Ervina Ropas": "Q60336149", "Di Moorlag": "Q121368410", "Paulina d'Ambrosio": "Q18707782", "Astrid G\u00f8ssel": "Q62079623", "Marie-Louise Gigout-Bo\u00ebllmann": "Q3292062", "Rozaliya Gorskaya": "Q27850001", "Nadezhda Golubovskaya": "Q4142506", "Em\u00edlia Miret i Soler": "Q19290416", "Margerita Trombini-Kazuro": "Q4463721", "Zora Konstantinova": "Q64688903", "Inna Raichenko": "Q99897187", "Lisbeth Filbrich-Weber": "Q20478659", "Marie Vo\u0161lajerov\u00e1": "Q95462656", "Platon\u00ecda Rosynevy\u010d": "Q12172824", "Lenka Vojt\u00ed\u0161kov\u00e1": "Q95136628", "Anna Lechner": "Q561571", "Hazel N. Morgan": "Q98535146", "Hedy Gura": "Q19285063", "Hilde Kuczor": "Q114053446", "Olena Akhmatova": "Q96678659", "Corrie Siohan": "Q56118677", "Erika Franz": "Q42901092", "Alice Moln\u00e1r C.": "Q113486285", "Anne Benn": "Q56260895", "Henriette Strindberg": "Q77967948", "\u042d\u043b\u044c\u0437\u0430 \u0417\u0443\u0431\u043a\u043e\u0432\u0456\u0447": "Q65172222", "Nina Bartosh-Sedenko": "Q104350852", "Kyriena Siloti": "Q15824748", "R\u00f6sli Spiess": "Q110288736", "Sylvia Schierbeck": "Q18647430", "Marta Zapletalov\u00e1": "Q95396853", "Gudrun Nordraak-Feyling": "Q63860144", "Mirzoeva Maria Moiseevna": "Q15072552", "Dorothee G\u00fcnther": "Q105662", "Gladys Egbert": "Q15812379", "Rildia Bee Cliburn": "Q2153037", "Ren\u00e9e Longy-Miquelle": "Q4266504", "Alice Vronska": "Q27913296", "Hedy Aschermann": "Q95386797", "Madeleine Bloy-Souberbielle": "Q42529864", "Aleksandra Ropskaya": "Q12148808", "Niina Murrik-Polonsky": "Q20933542", "Lidia Babici": "Q4074393", "Dora Borissowna Beljawskaja": "Q30334001", "Hildegard Tauscher": "Q1618379", "Nini Dombrowski": "Q1744264", "Sigrid Bruun Stenseth": "Q67210066", "Gertrude Concannon": "Q38545411", "Aurora Semper": "Q20528515", "Mayja Leopoldovna Melttser": "Q4290036", "Eleonora Skrypchynska": "Q12153412", "Nadezhda Velter": "Q4106994", "Jelena Hole\u010dkov\u00e1": "Q95388182", "Leontine von D\u00f6tscher": "Q31429497", "V\u011bra Millerov\u00e1": "Q112384389", "Regina Horowitz": "Q4144806", "Rita Kurzmann-Leuchter": "Q114540", "Mariana de Gonich": "Q4143082", "Anna Abramovna \u0160midt-\u0160klovskaja": "Q112554411", "Yekaterina Meshcherskaya": "Q4292558", "Lila Veszpr\u00e9mi": "Q104440644", "Elisabeth Balint": "Q107458517", "Stina Sundell": "Q4981227", "To van der Sluys": "Q116983839", "Stanis\u0142awa Raube": "Q96355244", "Kl\u00e1ra K\u00e1d\u00e1r": "Q107699837", "Marguerite V. Hood": "Q98533730", "Halyna Tyumenyeva": "Q4467475", "Frieda Litschauer": "Q15432150", "Janina Wysocka-Ochlewska": "Q11719886", "Ilka Peter": "Q15432046", "Camil\u00b7la Lloret Altafulla": "Q21707362", "Stefanija Anatol\u2018jevna Zaranek": "Q112490039", "\u042d\u0444\u0440\u0443\u0441\u0441\u0438, \u0415\u043b\u0435\u043d\u0430 \u0421\u0430\u043c\u043e\u0439\u043b\u043e\u0432\u043d\u0430": "Q109415419", "\u0417\u043e\u044f \u0412\u0430\u0441\u0438\u043b\u044c\u0435\u0432\u043d\u0430 \u0429\u0451\u043b\u043e\u043a\u043e\u0432\u0430": "Q32855959", "Merle Montgomery": "Q15428221", "Irma Bors": "Q95952122", "\u0413\u043e\u043b\u0435\u043c\u0431\u0430, \u0421\u043e\u0444\u044c\u044f \u041c\u0438\u0445\u0430\u0439\u043b\u043e\u0432\u043d\u0430": "Q109416927", "Arno\u0161tka Gr\u00fcnfeldov\u00e1": "Q95387992", "Teresa Su\u00f1er i Juli\u00e0": "Q104216705", "Elizaveta Vladimirovna \u0160umska\u00e2": "Q4527835", "Bergljot Havnevik": "Q67207013", "Stana \u0110uri\u0107-Klajn": "Q2330126", "Olga Afanasevna Kasjevarova": "Q4218077", "Magda M\u00f3ryov\u00e1": "Q95441697", "Coby Riemersma": "Q112064102", "\u0410\u043d\u043d\u0430 \u0418\u043e\u0441\u0438\u0444\u043e\u0432\u043d\u0430 \u041c\u0430\u043b\u044e\u0442\u0430": "Q32909995", "Muriel Stafford": "Q38238579", "Meta Menz": "Q1924673", "Nade\u017eda Taarna": "Q20528648", "Rosa Rod\u00e9s i Mir": "Q97614069", "Elizabeth A. H. Green": "Q15807853", "Linda Saul": "Q1825896", "Elena Dmitrievna Kroeglikova": "Q4241930", "Regina Sokk": "Q29420363", "Drahom\u00edra Vihanov\u00e1": "Q95169651", "Berta Volmer": "Q66054695", "Margarita Petrovna Ozjigova": "Q32362871", "Lola Rogge": "Q1868651", "Senta Maria Schmid": "Q1256177", "Elsa Maasik": "Q12361992", "Aleida Montijn": "Q21088234", "Vera Irsai": "Q107491121", "Birgitta Nordenfelt": "Q41877330", "Marta Valjalo-Osterc": "Q60050808", "Magda Sz\u00e1vain\u00e9 Dem\u00e9ny": "Q104901379", "V. Konen": "Q4230729", "Ant\u00f2nia Pich i Santasusana": "Q27959964", "Nora Borge": "Q67206789", "Helmi Betlem": "Q16402994", "Olga Dutkov\u00e1": "Q105720848", "\u0410\u043f\u0440\u0430\u043a\u0441\u0438\u043d\u0430, \u041e\u043b\u044c\u0433\u0430 \u0410\u043b\u0435\u043a\u0441\u0430\u043d\u0434\u0440\u043e\u0432\u043d\u0430": "Q109414501", "Merc\u00e8 Rold\u00f3s i Freixes": "Q63344246", "\u0160tefanija Fratnik": "Q18643148", "Lola Rodr\u00edguez Arag\u00f3n": "Q926528", "Galina Barinova": "Q4078245", "Dolly Urb\u00e1nkov\u00e1": "Q95396290", "Hanna Lachertowa": "Q55946637", "Al\u017ebeta Elanov\u00e1": "Q112395413", "\u0160\u00e1rka \u0160emberov\u00e1": "Q95462636", "Maria Carbonell i Mumbr\u00fa": "Q60558373", "Lilly Dymont": "Q108416997", "Marie Vandewart-Blaschke": "Q26945346", "Klavdia More\u00efnis": "Q15073508", "H\u00e9di Bergl": "Q100044214", "Vera Petrovna Gerchik": "Q56310080", "Ruth Sieler": "Q1802480", "\u0422\u0430\u0442\u044c\u044f\u043d\u0430 \u041d\u0438\u043a\u043e\u043b\u0430\u0435\u0432\u043d\u0430 \u041b\u0430\u0432\u0440\u043e\u0432\u0430": "Q4252240", "Anna Hru\u0161ovsk\u00e1": "Q110384832", "Emma Weber-Scipio": "Q106959263", "Tamara Fedorovna Yanko": "Q4538110", "Galina Kozolupova": "Q30156785", "Yvonne Marling": "Q75372343", "Grethe Agatz": "Q85951713", "Ksenija Vidali": "Q60039860", "Poldi Mildner": "Q4293781", "Sonja Bleiweis-Ivan\u010di\u010d": "Q12803144", "Marianne Dirks": "Q1276196", "Capitola Dickerson": "Q5035964", "\u041c\u0430\u0439\u0431\u0443\u0440\u043e\u0432\u0430 \u041a\u0430\u0442\u0435\u0440\u0438\u043d\u0430 \u0412\u0456\u043a\u0442\u043e\u0440\u0456\u0432\u043d\u0430": "Q20068263", "\u039a\u03c1\u03b9\u03bd\u03ce \u039a\u03b1\u03bb\u03bf\u03bc\u03bf\u03af\u03c1\u03b7": "Q4210293", "Matusja Blum": "Q2451509", "\u041b\u0430\u0440\u044b\u0441\u0430 \u0414\u0437\u043c\u0456\u0442\u0440\u044b\u0435\u045e\u043d\u0430 \u041b\u044f\u0448\u044d\u043d\u043a\u0430": "Q59812791", "Rose Marie Grentzer": "Q98033838", "R. V. Glezer": "Q4139673", "Antonia Magdalena Art\u00e9": "Q62015796", "Snjolaug Sigurdson": "Q15847827", "Bed\u0159i\u0161ka Seidlov\u00e1": "Q95094114", "Alice Gabeaud": "Q113627397", "Theophane Hytrek": "Q6484610", "Galina Isayeva": "Q4203578", "Lucie Frateur": "Q42097508", "\u0421\u043e\u0444\u0438\u044f \u0414\u043c\u0438\u0442\u0440\u0438\u0435\u0432\u043d\u0430 \u041f\u043e\u0437\u0434\u043d\u0435\u0435\u0432\u0430": "Q115058570", "Blanche Moerschel": "Q15450417", "Herma Haselsteiner": "Q42529834", "Liudmyla Hinzburh": "Q16636830", "Lisedore Praetorius": "Q113682045", "Galina Krivoshapko": "Q15630593", "Ruth Kestner-Boche": "Q1545252", "Nina Oksentyan": "Q15076792", "Katr\u00edn Dalhoff": "Q61973078", "Jarmila Hassan Abdel Wahab": "Q1683534", "Nina Meshko": "Q4292461", "\u041a\u043e\u043d\u043e\u043f\u043b\u044c\u043e\u0432\u0430 \u0404\u0432\u0433\u0435\u043d\u0456\u044f \u041e\u043b\u0435\u043a\u0441\u0456\u0457\u0432\u043d\u0430": "Q111284183", "Marta Toona": "Q12369903", "Veronika Borisenko": "Q4093768", "Gertrud Meyer-Denkmann": "Q18810292", "Leokadiya Maslennikova": "Q4283936", "Ida Tarj\u00e1ni T\u00f3th": "Q85970712", "Irina Maslennikova": "Q4283934", "\u0544\u0561\u0580\u056b\u0561 \u0549\u0574\u0577\u056f\u0575\u0561\u0576": "Q20508174", "Th\u00e1i Th\u1ecb Li\u00ean": "Q4466841", "Ketti Malhas\u00e2n": "Q20507696", "Cecil Steffen": "Q15447504", "\u00c9va B. Sipos": "Q100323587", "Jadwiga Pietraszkiewicz": "Q11715947", "Kv\u011bta Vl\u010dkov\u00e1": "Q95446102", "Johanna Blum": "Q4088458", "Mary Siragusa": "Q1563924", "Ljudmila Petrovna Atanova": "Q15064170", "Dora Malko": "Q7942958", "Zorka Zichov\u00e1-Lochmanov\u00e1": "Q87140294", "Am\u00e9lie Hoellering": "Q482211", "Ida \u010cerneck\u00e1": "Q20056759", "Iryna Vilinska": "Q4111189", "Ljuba Makovick\u00e1-Facunov\u00e1": "Q95220658", "Elga \u012agenberga": "Q42270640", "Kv\u011btoslava Du\u0159pekov\u00e1": "Q95179250", "Margit K\u00e9ri": "Q14170493", "Pia Gilbert": "Q2091757", "Ginette Doyen": "Q4169028", "Magdeleine Martin": "Q41779959", "Laine Mets": "Q12368241", "Elisabeth Jalbert": "Q1330011", "Sof\u2018ja Samojlovna Ziv": "Q112490114", "Cvetana Priol": "Q12787170", "Marianne Fischer-Kupfer": "Q1896800", "Jarmila N\u011bmcov\u00e1": "Q95382205", "Elisa Soteldo": "Q64513689", "Lidiya Lobanova": "Q4264637", "Heljo Sepp": "Q11862055", "Polina Botezat": "Q4095153", "Raymonde Martin": "Q41796241", "Olga Boldock\u00e1": "Q112462810", "Hanna Zelyankova": "Q4190280", "Maria Szmyd-Dormus": "Q20030826", "Galli Matrosova": "Q4284976", "Libu\u0161e Bl\u00e1hov\u00e1": "Q95446786", "Tarsina Alango": "Q42677253", "Cec\u00edlia Vajda": "Q1400932", "Marcella Selmeczi": "Q5662539", "Anna M\u00e1chov\u00e1-Hery\u00e1nov\u00e1": "Q95444293", "Anna Kantor": "Q4212666", "Lidia Axionov": "Q15063941", "Huguette Domange": "Q111231015", "Marianna Harutyunyan": "Q21211985", "Ludmilla Ymeri": "Q24520768", "Jela Kr\u010dm\u00e9ry-Vrte\u013eov\u00e1": "Q112460526", "Laura Sarti": "Q112503755", "Taisia Burtseva": "Q4099974", "Ninel Petrova": "Q18009092", "Lilyana Bocheva": "Q12284901", "Tatyana Hayrapetyan": "Q42299209", "Ludmilla Issakova": "Q29419955", "Sigrid Abel-Struth": "Q29635319", "Grete Wehmeyer": "Q1256044", "Valentina Yermakova": "Q4176478", "Dagmar Sou\u010dkov\u00e1": "Q112389612", "Laurence Boulay": "Q3218863", "Winifred Hyson": "Q114149", "Elizabeth Harris Tirrell": "Q95883686", "\u041b\u044e\u0431\u0438\u043c\u043e\u0432\u0430 \u0412\u0456\u0440\u0430 \u041c\u0438\u0445\u0430\u0439\u043b\u0456\u0432\u043d\u0430": "Q108742921", "Saodat Qobulova": "Q4206754", "Galina Fedorova": "Q18786165", "Mary E. Hoffman": "Q98033892", "Stella Vedamov\u00e1-Jarol\u00edmov\u00e1": "Q112477703", "Maie Aasa": "Q30605656", "Eunice L. Boardman": "Q99531788", "Jeanne Vos": "Q117793483", "Laine Karindi": "Q20528313", "V\u00edt\u011bzslava V\u010deln\u00e1": "Q95155156", "Virve Lippus": "Q16406804", "Maud Martin Tortelier": "Q62745881", "Jana Vavrysov\u00e1": "Q95399333", "Mariia Zahaikevych": "Q4183382", "Heli Martin": "Q16403128", "Valve Lepik": "Q42900553", "Lidia Kozubek": "Q21117811", "Veronica Gar\u0219tea": "Q4134003", "Maria Przychodzi\u0144ska": "Q85853944", "Olga Erdelyi": "Q4532371", "Lyudmila Yermakova": "Q4176481", "Natalia Voytsekhovskaya": "Q99863077", "Inna Barsova": "Q4078574", "Leelo K\u00f5lar": "Q12368406", "Liudmyla Vaverko": "Q4102093", "\u0413\u0443\u043b\u044f\u043d\u0438\u0446\u043a\u0430\u044f, \u041d\u0430\u0442\u0430\u043b\u044c\u044f \u0421\u0435\u0440\u0433\u0435\u0435\u0432\u043d\u0430": "Q109358213", "Danuta Dworakowska": "Q59660610", "Halyna Hryshchenko": "Q104348514", "Danuta Uhl-Herkoperec": "Q112489195", "Helena \u015awida-Szaci\u0142owska": "Q112548013", "Aleksandra Mikhailovna Vavilina": "Q4102102", "Haili Sammelselg": "Q18752924", "Vilma Mallene": "Q27430404", "Roza Jamanova": "Q4159802", "Vaike Vahi": "Q20528857", "Eli\u0161ka Nov\u00e1kov\u00e1": "Q116214367", "Monique Deschauss\u00e9es": "Q108103388", "Nina Sergeevna Isakova": "Q4203658", "\u0413\u043e\u043b\u0443\u0431\u0454\u0432\u0430 \u0420\u0438\u043c\u043c\u0430 \u0422\u0438\u043c\u043e\u0444\u0456\u0457\u0432\u043d\u0430": "Q109264569", "In\u00e9s Rivadeneira": "Q37927892", "Genoveva G\u00e1lvez": "Q5877191", "Marcella M\u00e9s\u00e1ro\u0161ov\u00e1": "Q112458475", "V\u011bra Vydrov\u00e1": "Q95401078", "Khalida Akhtyamova": "Q4073228", "Carmen Garc\u00eda Mu\u00f1oz": "Q110225059", "Libu\u0161e Salabov\u00e1": "Q95382152", "Vera Kistler": "Q6490662", "Barbara Garvey Jackson": "Q105695735", "Dagmar Baloghov\u00e1": "Q95391735", "\u0418\u0432\u0435\u0442\u0442\u0430 \u041c\u043e\u0438\u0441\u0435\u0435\u0432\u043d\u0430 \u0411\u043e\u043b\u043e\u0442\u0438\u043d\u0430": "Q109358791", "\u0413\u0430\u043b\u0438\u043d\u0430 \u0421\u0442\u0435\u043f\u0430\u043d\u043e\u0432\u043d\u0430 \u0422\u0443\u0440\u0447\u0430\u043d\u0438\u043d\u043e\u0432\u0430": "Q97184376", "Ines Rannap": "Q23296620", "Winnifred Sim": "Q15436252", "Jadwiga Mackiewicz": "Q11715923", "V\u011bra Pinkerov\u00e1": "Q95181802", "V\u011bra Lejskov\u00e1": "Q22570034", "Ivana Mixov\u00e1": "Q95145613", "R\u016f\u017eena K\u00f6ttnerov\u00e1": "Q112369967", "Irena Vladimirovna Lavrentieva": "Q112460260", "Vlasta Bok\u016fvkov\u00e1": "Q95446653", "Magdalena Ezoe": "Q6466445", "Alena Havl\u00ed\u010dkov\u00e1": "Q38881144", "Kira Izotova": "Q4198791", "Jaroslava Urbanov\u00e1": "Q91804701", "\u041b\u0435\u0431\u0435\u043d\u0437\u043e\u043d, \u041c\u0435\u0440\u0438 \u0421\u0438\u043c\u0445\u043e\u0432\u043d\u0430": "Q109356712", "Ank Reinders": "Q111843102", "Ursula Keusen-Nickel": "Q106648162", "Hedvika Stonavsk\u00e1": "Q95170358", "Grete Liv Jordh\u00f8y": "Q60369219", "Libu\u0161e V\u00e1chalov\u00e1": "Q12033426", "Eva Zikmundov\u00e1": "Q95170216", "Kv\u011bta Kon\u00ed\u010dkov\u00e1": "Q95091852", "Ilona Vil\u00edmcov\u00e1": "Q95484670", "Rita Aigner": "Q118384432", "Hilda Herrera": "Q1500212", "\u0422\u0430\u0456\u0441\u0456\u044f \u0410\u043b\u044f\u043a\u0441\u0435\u0435\u045e\u043d\u0430 \u0428\u0447\u0430\u0440\u0431\u0430\u043a\u043e\u0432\u0430": "Q102502404", "Rosa Fain": "Q112456967", "Margit Kobeck-Peters": "Q18676851", "Barbara Chmara-\u017baczkiewicz": "Q111434190", "Nadezhda I\u0361Ureneva": "Q4534812", "Silvia Mellik": "Q42900577", "Celia Langa": "Q5760187", "Irina Anniko": "Q16403976", "Barbara Lundquist": "Q107454760", "Anne Metsala": "Q22133061", "Ell Saviauk": "Q12361897", "Helene Sedo-Stadler": "Q111579870", "Erna M\u00e1sd\u00f3ttir": "Q61972400", "H\u00e9dy Lubik": "Q1159522", "Erika Horv\u00e1th": "Q84951121", "Renna Kellaway": "Q25279683", "Dzhulyetta Yakubovych": "Q4537139", "Margarete Jehn": "Q1894985", "Am\u00e1lie Kadl\u010d\u00edkov\u00e1": "Q95137679", "Alma El\u00edsabet Hansen": "Q61972050", "\u0414\u043e\u0437\u043e\u0440\u0446\u0435\u0432\u0430, \u0416\u0430\u043d\u043d\u0430 \u0413\u0440\u0438\u0433\u043e\u0440\u044c\u0435\u0432\u043d\u0430": "Q109416974", "Jana \u0160ulcov\u00e1-K\u00fchnov\u00e1": "Q105890976", "Ludmila Filatova": "Q15063425", "Jaroslava Modrochov\u00e1": "Q95147523", "E. Gokhman": "Q4147123", "Valentina Kholopova": "Q1284793", "Danu\u0161e K\u0159\u00edstkov\u00e1": "Q112385563", "Zlata Karasov\u00e1": "Q112442870", "Jelena Manja Radulovi\u0107-Vuli\u0107": "Q112473664", "Jaroslava Luklov\u00e1": "Q112479427", "Ursula Eckart-B\u00e4cker": "Q112499423", "Blagovesta Karnobatlova-Dobreva": "Q12273350", "Mare Erik": "Q26720374", "Vera Bayeva": "Q4075047", "Ave Kumpas": "Q12360089", "Liisa Pohjola": "Q16989869", "Carolyn Jennings": "Q6486472", "Dagmar \u0160imonkov\u00e1": "Q95087625", "Josefa Valentov\u00e1": "Q112499535", "Mary Ann Joyce-Walter": "Q1773697", "Eleonora Teste\u013ceca": "Q4456457", "Rimma Moechtarovna Juldasjbaeva": "Q4534321", "\u00c1ngeles Chamorro": "Q43778298", "Ji\u0159ina Kolmanov\u00e1": "Q95163413", "Henny Ravestein": "Q110856605", "Heli-Maria Kahu": "Q114796119", "Katharina Bormann": "Q63529734", "\u0411\u0435\u0440\u0434\u0438\u043d\u043e, \u041b\u0430\u0440\u0438\u0441\u0430 \u0413\u0435\u043e\u0440\u0433\u0438\u0435\u0432\u043d\u0430": "Q18786009", "Nonna Surzhyna": "Q12158801", "Penka Kadieva": "Q97971251", "Beatrisa Okulova": "Q15076796", "Ofelia Yusupova": "Q4535406", "Maarja Haamer": "Q12369384", "Karine Lisitsyan": "Q4263122", "Irina Bochkova": "Q4095406", "Ir\u00e8ne Jarski": "Q105675108", "V\u011bra Rezkov\u00e1": "Q112393732", "Tatjana Zelikman": "Q15066998", "\u00dclle-Liis S\u00f6\u00f6t": "Q26971742", "Raisa Vasilevna Kotova": "Q4236194", "Bachit Toksanbaykizi Karabalina": "Q12534507", "Christiane Stutzmann": "Q96066068", "Merike Vaitmaa": "Q29419855", "Galina Vasilevna Semjonova": "Q30892537", "Natalia Shameyeva": "Q114154471", "Valeriya Gapeyeva": "Q4133432", "Jind\u0159i\u0161ka Holotov\u00e1": "Q95179944", "\u041b\u043e\u0433\u043e\u0439\u0434\u0430 \u041c\u0438\u0440\u043e\u0441\u043b\u0430\u0432\u0430 \u041e\u043b\u0435\u043a\u0441\u0430\u043d\u0434\u0440\u0456\u0432\u043d\u0430": "Q105988702", "Hana Metelkov\u00e1": "Q95468861", "\u0421\u043e\u0440\u043e\u043a\u0438\u043d\u0430, \u0415\u043b\u0435\u043d\u0430 \u0413\u0435\u043d\u043d\u0430\u0434\u044c\u0435\u0432\u043d\u0430": "Q4429241", "Vaike Uibopuu": "Q12377997", "Violeta L\u00e1rez": "Q64584170", "Maryvonne Le Diz\u00e8s": "Q4255635", "Ena Bronstein Barton": "Q16628063", "Ilona Bartalus": "Q106462975", "Gisela Fiori": "Q1527318", "Anu K\u00f6bas": "Q42710990", "Ulrike Engelke": "Q60825212", "Elyse Mach": "Q112529027", "Vikt\u00f3ria Stracensk\u00e1": "Q112551255", "Evi Vanam\u00f6lder": "Q29419788", "Ada Kuuseoks": "Q12358224", "Milena Vesel\u00e1": "Q112410325", "Galina Borisova": "Q56307378", "Zora Tauberov\u00e1": "Q112430106", "Glenys Linos": "Q1531192", "Aino K\u00f5iv": "Q20528555", "Tatiana Sterling": "Q32958990", "Mare Teearu": "Q42900543", "V\u011bra Stoupov\u00e1": "Q118867461", "Danuta Steczkowska": "Q102109747", "Zora K\u0159i\u010dkov\u00e1": "Q95178766", "Carmen Collado L\u00f3pez": "Q69899310", "\u00c4lfi\u00e4 Borna\u015feva": "Q4099799", "Jind\u0159i\u0161ka B\u00e1rtov\u00e1": "Q95391748", "Monique Arabian": "Q1725081", "Jitka Chaloupkov\u00e1": "Q112396238", "Virginia Black": "Q112429957", "Ludwiga Reich": "Q112524189", "Anegina Egorovna Il\u02b9ina": "Q4199593", "Zsuzsa Pertis": "Q2432271", "Alisa Adamyan": "Q43537428", "Tiia J\u00e4rg": "Q12376858", "Christine Sartoretti": "Q24689571", "Fany Solter": "Q4193746", "\u0410\u0431\u044b\u0437\u043e\u0432\u0430, \u0415\u043b\u0435\u043d\u0430 \u041d\u0438\u043a\u043e\u043b\u0430\u0435\u0432\u043d\u0430": "Q120277827", "Karine Georgian": "Q4135742", "Cecilija Kobal": "Q12786736", "Sontraud Speidel": "Q1703343", "Bernhild Thormaehlen": "Q826490", "Leila R\u00e1sonyi": "Q16522600", "Pepi Lemer": "Q2069697", "Mavis Noordwijk": "Q107278049", "Gizela Tsypola": "Q12168835", "Hristina Angelakova": "Q12298180", "Sonia Maria Vieira": "Q90435110", "Mar\u00eda del Carmen Aguilar": "Q1906624", "\u0413\u0430\u043d\u043d\u0430 \u0421\u0446\u044f\u043f\u0430\u043d\u0430\u045e\u043d\u0430 \u041f\u044f\u0447\u043e\u043d\u043a\u0456\u043d\u0430": "Q114132614", "Samarbjubju Toktachoenova": "Q16706645", "Anna Kobrlov\u00e1": "Q95446901", "Edith Ruedl-Bitteleri": "Q107405565", "Daphne Evangelatos": "Q1165498", "Tati\ufe20a\ufe21na S\u016drbinska": "Q12296067", "Ludmilla Toon": "Q16407228", "Sofiya Yalysheva": "Q17384808", "Marianne Grimmenstein": "Q27242855", "Fran\u00e7oise Dorocq": "Q112515988", "Margarita Izvorska-Elizareva": "Q13031400", "\u041f\u0435\u0447\u0435\u043d\u044e\u043a \u041c\u0430\u0439\u044f \u0410\u043d\u0442\u043e\u043d\u0456\u0432\u043d\u0430": "Q12140388", "\u0422\u0430\u043c\u0430\u0440\u0430 \u0410\u043b\u044f\u043a\u0441\u0430\u043d\u0434\u0440\u0430\u045e\u043d\u0430 \u0428\u0430\u0444\u0440\u0430\u043d\u0430\u0432\u0430": "Q19284232", "Victoria Yagling": "Q2308049", "Lyudmila Brzhazowskaya": "Q4096399", "Ute B\u00fcchter-R\u00f6mer": "Q2502955", "Tetiana Vierkina": "Q4107863", "Eva Gri\u00f1\u00e1n": "Q27987191", "Bo\u017eenka \u010cotar": "Q12786292", "Michaela Freemanov\u00e1": "Q26281704", "Judith Cornellier-Sanschagrin": "Q101229899", "Anna H\u00f6lblingov\u00e1": "Q112355339", "Linda Kardna": "Q29420044", "Bla\u017eenka Arni\u010d-Leme\u017e": "Q17402271", "Pa\u0161a Gacki\u0107": "Q113506661", "Anita P\u0101\u017ee": "Q4342143", "V\u011bra Smolkov\u00e1": "Q95448461", "Svitlana Shabaltina": "Q111597446", "Hana \u0160tolfov\u00e1-Bandov\u00e1": "Q112550572", "Viviane Goergen": "Q112562485", "Ingrid Kremling": "Q124650", "Malou Airaudo": "Q15833456", "Gu\u00f0n\u00fd Gu\u00f0mundsd\u00f3ttir": "Q61972511", "Vja\u010deslava Lohvinov\u00e1": "Q112491982", "Coosje Wijzenbeek": "Q2094040", "Ta\u0165\u00e1na Odstr\u010dilov\u00e1": "Q95464304", "\u00c1slaug Bergsteinsd\u00f3ttir": "Q61972180", "Blanka Severov\u00e1": "Q113951789", "Gro Shetelig": "Q30258992", "Lana Walter": "Q15446701", "Doris Geller": "Q112405059", "Victoria McArthur": "Q112561391", "Jane Brockman": "Q1682579", "Soefija Sjarafoellovna Koerbangaleeva-Safioellina": "Q4247860", "Elena Borisovna Gnatovskaja": "Q4140596", "Liudmyla Borodytska": "Q4094600", "Olga \u0160t\u011bp\u00e1nov\u00e1": "Q95457219", "Taisiya Kalinichenko": "Q4209939", "Sumire Yoshihara": "Q11412679", "Margaret Schedel": "Q1894891", "Irena Wise\u0142ka-Cie\u015blar": "Q11713866", "Katarzyna Rymarczyk": "Q11737052", "Yasuko Uyama-Bouvard": "Q21088137", "Ellen Weller": "Q55833819", "Michal Tal": "Q112472765", "Wendy Gillespie": "Q112496350", "Natal\u2018ja Ivanovna Vygranenko": "Q112555094", "Nata\u0161a Cigoj Krstulovi\u0107": "Q114203799", "Jana Se\u010dansk\u00e1": "Q120616176", "Christa Rakich": "Q2118477", "Fran\u00e7oise Lengell\u00e9": "Q2163916", "Helene Gagne": "Q29959858", "Niina Murdvee": "Q12371013", "Kv\u011bta Novotn\u00e1": "Q55743728", "Katalin Halmos": "Q12350546", "Jarmila Tauerov\u00e1": "Q95382044", "Vilma Lichnerov\u00e1": "Q112388639", "Natalija Il'darovna Burna\u0161eva": "Q112462408", "Svetlana Nej\u010deva": "Q112480281", "Narin\u00e9 Haroutiunian": "Q112538679", "Hella Heizmann": "Q1602641", "Valli Ilvik": "Q115948834", "Mari Tampere-Bezrodny": "Q30926072", "Barbara M\u00fcller-Haase": "Q15450486", "Marie \u0160est\u00e1kov\u00e1": "Q95450799", "\u00c1gnes Gerenday": "Q118198897", "Svetlana Strezeva": "Q4443570", "Marine Abrahamyan": "Q16392895", "Marie Nov\u00e1kov\u00e1": "Q95397785", "Mar\u00eda Bravo": "Q62207481", "Catherine Rollin": "Q112481432", "Marina Radoslavovna \u010cernaja": "Q112498553", "Marianne Steffen-Wittek": "Q1718198", "Dorothee Eberhardt": "Q1246369", "Larisa Gergieva": "Q4137143", "Bonnie Johansen-Werner": "Q6486883", "Anna Margr\u00e9t Magn\u00fasd\u00f3ttir": "Q61972092", "Vira Zelinska": "Q24844957", "Radana V\u00e1\u0148ov\u00e1": "Q95396139", "Jan Faulkner": "Q90675436", "Jitka Rydvalov\u00e1": "Q112429194", "\u00c9lisabeth Joy\u00e9": "Q50827686", "Hope Lee": "Q15433447", "Draga A\u017eman": "Q105945976", "Novella Hanson": "Q25495289", "Xenia Knorre": "Q4224751", "Vlasta Posp\u00ed\u0161ilov\u00e1": "Q95447819", "Kristin Pederson Thelander": "Q15432117", "Hana \u0158e\u017e\u00e1bkov\u00e1": "Q112500889", "Olha Melnyk": "Q12122432", "Liudmyla Kostenko": "Q12113543", "Rena Shereshevskaya": "Q3424703", "Hasmik Leyloyan": "Q15731336", "Martina Claus-Bachmann": "Q108040850", "Jana Zaj\u00edcov\u00e1": "Q95227315", "Virginie Walterov\u00e1": "Q87191926", "Planinka Juri\u0161i\u0107-Ati\u0107": "Q6960858", "Young-Youn Kim": "Q107521355", "Gayle Kowalchyk": "Q112539306", "Lina Yeh": "Q118396400", "Kaari Sillamaa": "Q16404825", "Irina Viktorovna Tseslukevich": "Q46926538", "Helga \u00de\u00f3rarinsd\u00f3ttir": "Q61972799", "Magda Nador": "Q1220155", "Sirkka Kuula": "Q11893705", "Dagmar Zsapkov\u00e1": "Q112497756", "Imbi Tarum": "Q24545949", "Birgit Jank": "Q61974877", "Lidiya Muzalyova": "Q4305945", "Zde\u0148ka Ledvinov\u00e1": "Q95176416", "Eva Steinbachov\u00e1": "Q95179873", "Svatava Luhanov\u00e1-Jirou\u0161kov\u00e1": "Q95445310", "Marie McCarthy": "Q111667538", "Marina Shutova": "Q16721270", "Afrodita Katmeridu": "Q112548535", "Natalia Trull": "Q4464466", "Lilja Valdimarsd\u00f3ttir": "Q61973230", "Helene P\u00fcrmayr": "Q112407140", "Sofie \u010cemusov\u00e1": "Q112551107", "Abigail Flesch Connors": "Q112552343", "Audron\u0117 \u017digaityt\u0117-Nekro\u0161ien\u0117": "Q25927170", "Brina Je\u017e Brezav\u0161\u010dek": "Q18507846", "Slavica Cvitani\u010d": "Q106052007", "Elizaveta Evsyukova": "Q15066247", "Alice Pierce": "Q15782425", "Kartrin Sigurdardottir": "Q61973075", "Natalya Bannova": "Q4077436", "Alicja Gronau-Osi\u0144ska": "Q97619770", "Barbara Woof": "Q2174693", "Elisabeth Buck": "Q1329825", "Maire Nagla": "Q20528903", "Marie B\u016f\u017ekov\u00e1": "Q95398356", "Lembi Mets": "Q16403566", "Jagoda Kjuder": "Q107552444", "Cyndee Giebler": "Q6472342", "Erika Smith-Fro\u0148kov\u00e1": "Q95439629", "\u00dclle Podekrat": "Q42302516", "Laura K. Sindberg": "Q15448579", "Marianna Kolo\u0161tov\u00e1": "Q112459317", "Mona Rejino": "Q112559335", "LeeAnn Ledgerwood": "Q1811679", "Stella Sung": "Q111506618", "Sirje P\u00f5llu": "Q12375098", "Marianne Betz": "Q20724977", "Itziar Barredo": "Q12259925", "Isabelle Perrin": "Q31362565", "Estelle Lemire": "Q107076194", "Dinara S\u00f6l\u00e4ymanova": "Q112430375", "Katrina Wreede": "Q1736772", "R. A. Ramamani": "Q2123823", "Silke-Thora Matthies": "Q2286133", "Monika Pullerits": "Q16404413", "Martha Elliott": "Q55988629", "Lauren Passarelli": "Q6500329", "Lenka Halamov\u00e1": "Q13211577", "Elina Anatolevna Archipova": "Q16534354", "Dana Dr\u00e1pelov\u00e1": "Q95174425", "\u041a\u0443\u0437\u0438\u043d\u0430, \u041c\u0430\u0440\u0438\u043d\u0430 \u0410\u043b\u0435\u043a\u0441\u0430\u043d\u0434\u0440\u043e\u0432\u043d\u0430": "Q4244821", "Jindra Ne\u010dasov\u00e1 Nardelli": "Q10296370", "Coralie Fayolle": "Q84439643", "Mariantonia Palacios": "Q30914305", "Lizl Stein": "Q112472838", "Martina Oster": "Q112482063", "Sabine Hirler": "Q15432991", "Eda Pe\u00e4ske": "Q16403222", "Pille Taniloo": "Q16406423", "Pille Saar": "Q16403412", "Annika T\u00f5nuri": "Q12359318", "Miriam Nemcova": "Q70726464", "\u015e\u0259hla \u0130brahimova": "Q63302992", "Lenka \u0160m\u00eddov\u00e1": "Q18746126", "Ren\u00e1ta Beli\u010dov\u00e1": "Q112404058", "Marcela Jel\u00ednkov\u00e1": "Q112463269", "Andrea Pach": "Q112538711", "Anna Derevjan\u00edkov\u00e1": "Q112547399", "Tina Buchholtz": "Q117287891", "Kerstin Feltz": "Q99773", "Tetiana Sventakh": "Q20069686", "\u041a\u0443\u0431\u0430\u043d\u0446\u0435\u0432\u0430, \u0415\u043b\u0435\u043d\u0430 \u0418\u0432\u0430\u043d\u043e\u0432\u043d\u0430": "Q4243534", "Maryna Denysenko": "Q30958913", "Irina Gorbunova": "Q4143731", "\u00c1sd\u00eds Valdimarsd\u00f3ttir": "Q61972170", "Barbara Sletto": "Q15785522", "Madelyn Byrne": "Q55815669", "Anne Deane Berman": "Q565206", "Claudia Kunz-Eisenlohr": "Q1097573", "Kulla Aavik": "Q12367698", "Sabine Seume": "Q1747019", "Greta Gu\u00f0nad\u00f3ttir": "Q61972446", "Margrit Rieben": "Q1436541", "Katalin P\u00f3cs": "Q1243286", "Ivana Bedn\u00e1\u0159ov\u00e1": "Q95079265", "Kremena Pe\u0161akova": "Q95382770", "Gertrud Huber": "Q1413421", "Muntsa Rius": "Q105764090", "Elo \u00dcleoja": "Q61111194", "Frauke He\u00df": "Q95191020", "Eva Dou\u0161ov\u00e1": "Q112407979", "Alena \u010cerm\u00e1kov\u00e1": "Q112504286", "Sigrun Richter": "Q24950614", "Szilvia Tak\u00e1cs": "Q56390375", "Astrid Schween": "Q87458504", "Alena Tich\u00e1": "Q95176392", "Riina Roose": "Q29420331", "Elfa Lilja G\u00edslad\u00f3ttir": "Q61972302", "Iva Opli\u0161tilov\u00e1": "Q95142397", "Vilborg J\u00f3nsd\u00f3ttir": "Q61973914", "Heli Kendra": "Q111381329", "M\u00e1ria Heinzov\u00e1": "Q111955113", "Hana Spinethov\u00e1": "Q95179894", "Kadri Hunt": "Q18753026", "Nabila Schwab": "Q98092587", "Monika Mandelartz": "Q112551239", "Ia Remmel": "Q86438276", "Romana Schuldov\u00e1": "Q95179932", "Emilija Kladnik Sor\u010dan": "Q113995553", "Judith Pamela \u00deorbergsson": "Q61973063", "\u00c1shildur Haraldsd\u00f3ttir": "Q61972178", "Jitka Ko\u017eeluhov\u00e1": "Q112431173", "Simone Eckert": "Q2288081", "Linda Ruesink": "Q11506318", "Tuuliki J\u00fcrjo": "Q12377439", "Leena Laas": "Q16405818", "Anne Uusna": "Q12359300", "Blandine Rannou": "Q2140912", "Hildigunnur Halld\u00f3rsd\u00f3ttir": "Q61972820", "Olga Manulkina": "Q19619174", "Radka Beranov\u00e1": "Q95464256", "Ivana A\u0161enbrenerov\u00e1": "Q95142852", "Annely Kuningas": "Q16404639", "Mark\u00e9ta \u0160tefkov\u00e1": "Q112451719", "Michele Kaschub": "Q112524529", "Ren\u00e1ta Ko\u010di\u0161ov\u00e1": "Q112541818", "Elena Sartori": "Q112562076", "Angela Bellia": "Q113802637", "Irena Szurmanov\u00e1": "Q95157886", "Lenka Stra\u0148kov\u00e1": "Q95084129", "\u0422\u0430\u0442\u044c\u044f\u043d\u0430 \u0428\u0430\u0431\u0430\u043d\u043e\u0432\u0430": "Q37385675", "Zuzana Han\u010dilov\u00e1": "Q95142401", "Monika Ballwein": "Q19265240", "Isabel L\u00f3pez Calzada": "Q81200300", "Zlatica Jurisova": "Q102081009", "Christine Moritz": "Q112536254", "Jana Bu\u0161niakov\u00e1": "Q95231683", "Kristin R. Sigurdardottir": "Q61973154", "Kersti Kuusk": "Q12366817", "Vigd\u00eds Klara Arad\u00f3ttir": "Q61973902", "Anna Ignatowicz-Gli\u0144ska": "Q11686243", "Ivana Havrusevi\u010dov\u00e1": "Q116132504", "Anne-Catherine Bucher": "Q13334256", "Kati Breuer": "Q19287789", "Renata Arda\u0161evov\u00e1": "Q112398518", "Martina Zemanov\u00e1": "Q112437993", "Ol'ga Tomilova": "Q4460278", "M\u00e1ria L\u00e9vai": "Q96141123", "Helga R\u00f3s Indri\u00f0ad\u00f3ttir": "Q61972781", "Martina Valant": "Q114050303", "Bettina Scheer": "Q27702897", "\u0416\u0430\u0440\u043a\u043e\u0432\u0430 \u0412\u0430\u043b\u0435\u0440\u0456\u044f \u0411\u043e\u0440\u0438\u0441\u0456\u0432\u043d\u0430": "Q107988522", "George Biddle": "Q63149818", "Eva Vimrov\u00e1": "Q112391356", "Ya-Fei Chuang": "Q112472585", "Eva Mayerhofer": "Q15440137", "Vigd\u00eds M\u00e1sd\u00f3ttir": "Q61973905", "Eve Paap": "Q111826897", "Eugenie Kobl\u00ed\u017ekov\u00e1": "Q109230596", "Tanya Kalmanovitch": "Q2393214", "Kai Kallastu": "Q12366043", "\u00cdma \u00de\u00f6ll J\u00f3nsd\u00f3ttir": "Q61972979", "Lenka Kavalov\u00e1": "Q112428646", "Katrin Eich": "Q112488396", "Sabina Vidulin": "Q112488625", "Muriel Cantoreggi": "Q112496300", "Mark\u00e9ta Stiv\u00ednov\u00e1": "Q95173613", "\u00de\u00f3runn \u00d3sk Marin\u00f3sd\u00f3ttir": "Q61974012", "Iluminada P\u00e9rez Frutos": "Q63790513", "Jana Neubauerov\u00e1-Bo\u0161kov\u00e1": "Q112407978", "Susan Lewis Hammond": "Q112523068", "Olga M\u00fcller-Omeltchenko": "Q1455807", "THorunn Elin Petursdottir": "Q61974000", "J\u00f3n\u00edna Au\u00f0ur Hilmarsd\u00f3ttir": "Q61973043", "Dilj\u00e1 Sigursveinsd\u00f3ttir": "Q61972276", "Ivana Derflerov\u00e1": "Q108464735", "Eva Ugalde": "Q108312130", "Isa-Eerika Lehto": "Q5481796", "Veronika \u0160ev\u010d\u00edkov\u00e1": "Q95179582", "Eva-Maria Maywald": "Q112515789", "Eli\u0161ka Novotn\u00e1": "Q95440637", "Silvie Langrov\u00e1": "Q95180158", "THordis Heida Kristjansdottir": "Q61973975", "Mariya Lyud'ko": "Q15071438", "Sanna van Vliet": "Q1239278", "Caroline Mar\u00e7ot": "Q14179298", "Marta Klimasara": "Q6774133", "Miriam Bayle": "Q112406243", "Kate\u0159ina T\u016fmov\u00e1": "Q112411380", "Ester Moravetzov\u00e1": "Q112487973", "Mariana D\u00e1tola": "Q1896707", "Michaela \u0160ol\u00ednov\u00e1": "Q95157383", "Krist\u00edn L\u00e1rusd\u00f3ttir": "Q61973143", "Hana Ad\u00e1mkov\u00e1": "Q95463638", "Anna Zasimova": "Q98094205", "Ji\u0159ina Dvo\u0159\u00e1kov\u00e1-Mare\u0161ov\u00e1": "Q106374875", "T\u00edmea Dragony": "Q111494152", "Gabriela Kub\u00e1tov\u00e1": "Q112402908", "Mark\u00e9ta Farkasov\u00e1": "Q112428821", "Helena Fialov\u00e1": "Q112429489", "M\u00e1ria Stren\u00e1\u010dikov\u00e1": "Q112479723", "Bojana Kljuni\u010d": "Q112483883", "Kerstin Witt": "Q1739709", "Alaitz Telletxea": "Q31714808", "Melissa Jeffrey": "Q111459725", "Anna Rejda": "Q68576191", "Petra \u0160u\u0161ko": "Q112428500", "C. Melissa Johansen": "Q111459944", "Luna Monti": "Q23070792", "Martina Himerov\u00e1": "Q95181721", "Ar\u00e1nzazu Calleja": "Q106098195", "Tereza Noskov\u00e1": "Q112409630", "Ivana Hoyerov\u00e1": "Q112496521", "Krasimira Olegova Todorova": "Q112562095", "Elke Gulden": "Q27702895", "Gabriela Vrasp\u00edrov\u00e1 Vorbov\u00e1": "Q112542758", "Irena \u010cok": "Q121345029", "Marie Novotn\u00e1": "Q95141642", "Vera Gehrs": "Q112523006", "Jana Kn\u00ed\u017ekov\u00e1": "Q95398008", "Meghan Young Jennings": "Q111459812", "Lucie Kauck\u00e1": "Q95144212", "Mary MacLean Jackson": "Q111459576", "Akiko Ono": "Q4334949", "Gu\u00f0n\u00fd Einarsd\u00f3ttir": "Q61972503", "THora Marteinsdottir": "Q61973965", "Dzovinar Mikirditsian": "Q98672187", "Anna N\u00e4kk\u00e4l\u00e4j\u00e4rvi-L\u00e4nsman": "Q105435662", "Eva Holick\u00e1": "Q112400816", "Terezie V\u00fdborn\u00e1": "Q112408257", "Tereza Surov\u00edkov\u00e1": "Q112554474", "Eva \u010cepi\u010dkov\u00e1": "Q112559962", "Raquele Magalhaes": "Q104335567", "Jarthrudur Karlsdottir": "Q61972987", "Helena Velick\u00e1": "Q12019437", "Aintzane Uria": "Q124057387", "Diana Ovsianykova": "Q30959975", "Ane\u017eka \u0160ubrov\u00e1": "Q112546836", "Antoaneta Emanuilova": "Q91818184", "Helena Ta\u0161nerov\u00e1": "Q107657919", "St\u00e9phanie Moraly": "Q68198418", "Zde\u0148ka Ne\u010desan\u00e1": "Q95487551", "Petra Sladk\u00e1": "Q95451235", "Jelena Arnautovi\u0107": "Q112504546", "Martina Kom\u00ednkov\u00e1": "Q110498037", "Ta\u0165\u00e1na Weiszov\u00e1": "Q112503040", "Linda \u010cechov\u00e1 S\u00edtkov\u00e1": "Q19602346", "Polina Chernova": "Q104537095", "Barbora Kab\u00e1tkov\u00e1": "Q112425409", "Anna Fo\u0159tov\u00e1": "Q112461339", "Katharina Deserno": "Q112551181", "Ewa \u017burakowska": "Q112565505", "Eri Mantani": "Q73855434", "Tereza V\u00e1lkov\u00e1": "Q95084257", "Diane Hunger": "Q81436024", "Kerstin M\u00f6rk": "Q100699873", "Kjersti Kveli": "Q106620054", "Petra \u017d\u010f\u00e1rsk\u00e1": "Q27974438", "Marta Kope\u010dn\u00e1": "Q112538807", "Gulbahar Shakirova": "Q122226220", "Marjetka Vovk": "Q38279975", "Lenka \u0160t\u016fralov\u00e1": "Q112502552", "Fanny Gribenski": "Q121078096", "Vald\u00eds Gregory": "Q61973877", "Eri Goto": "Q74146586", "Vendula Van\u00ed\u010dkov\u00e1": "Q117963143", "Laufey Jensd\u00f3ttir": "Q61973199", "Lucie Czajkowsk\u00e1": "Q112498615", "Elena Pokorn\u00e1": "Q112560958", "Mark\u00e9ta Proch\u00e1zkov\u00e1": "Q12035621", "Jana T\u016fmov\u00e1": "Q95181698", "Michaela \u0158e\u0159ichov\u00e1": "Q95149158", "Lilit Zakaryan": "Q16382269", "\u0160t\u011bp\u00e1nka Balcarov\u00e1": "Q95470627", "Gudny Jonasdottir": "Q61972518", "Michaela Ambrosi": "Q112494053", "Lucie Gregorovi\u010d F\u00e1rov\u00e1": "Q112500365", "Evgeniya Kozhevnikova": "Q112559919", "Jaroslava Wernerov\u00e1": "Q120615505", "Julia Schwob": "Q65016168", "Jos\u00e9phine Maillefer": "Q65028622", "Barbora Boto\u0161ov\u00e1": "Q108538418", "Veronika Vill\u00e1nyi": "Q107552779", "Rahela Duri\u010d": "Q109362951", "Pavl\u00edna V\u00e1chov\u00e1": "Q106098298", "Marie Al-Ashabov\u00e1": "Q95233515", "Jitka Ba\u0161tov\u00e1": "Q112497511", "Jana Jarol\u00edmov\u00e1": "Q112552941", "Maryam Mehraban": "Q85615714", "\u7fc1\u923a\u921e": "Q31728566", "Lucie Kajzarov\u00e1": "Q112555122", "Neus Rossell": "Q108414825", "Mirjam Parve": "Q115111052", "Nikola Liederhaus": "Q115982894", "Yurina Tetsu": "Q55973358", "Shuko Kobayashi": "Q113390472", "Veronika B\u00edlkov\u00e1": "Q112546049", "\u0160\u00e1rka Janeba": "Q112565787", "Caterina Compagno": "Q106603945", "Natalie van der Kaaden": "Q110271702", "Teri \u010ciko\u0161": "Q111240337", "Maria Sofianska": "Q83198528", "Silvana Bazzoni Bartoli": "Q101069688", "Genevi\u00e8ve Teuli\u00e8res": "Q118372227", "Elizabeth Bice": "Q1331158", "Heather Coltman": "Q1592536", "Maki Namekawa": "Q1886355", "Sharon Stanis": "Q2277272", "Minako Seki": "Q6016863", "Aleksandra Alavanja Drucker": "Q12784224", "Laura Gilbert": "Q15430661", "Viviane Spanoghe": "Q15432921", "Jeanette Wrate": "Q15449894", "Dawn Clement": "Q15804837", "Ilse Wincor": "Q15819964", "Melissa Reiser": "Q15834803", "Marina Sorokowa": "Q16218249", "Metka Unuk": "Q18642962", "Antonina Gai": "Q4131849", "Nataliya Deeva": "Q4156791", "Gail Leven Pollock": "Q5517119", "Keiko Tanaka": "Q11575586", "Helen Erastus": "Q12363699", "Helen Marlais": "Q15713153", "Tamar Yardeni-Yaffe": "Q25000063", "Ingibjorg Azima Gudlaugsdottir": "Q25591908", "Carol L. Shansky": "Q43225437", "Renate Goznaja": "Q50375151", "Lotte Schuffenhauer": "Q59676741", "Manuela Kloibm\u00fcller": "Q60668135", "Brynd\u00eds Halla Gylfad\u00f3ttir": "Q61972252", "Georgia Browne": "Q61972440", "Kristjana Helgad\u00f3ttir": "Q61973180", "Norma Garc\u00eda": "Q65161213", "Valerie Peters": "Q72084821", "Jarmila Vectomova": "Q87366183", "M\u00e9lanie Brelaud": "Q94950393", "Elene Golgevit": "Q97930021", "Lidia Katary\u0144czuk-Mania": "Q98216551", "Sophie Jacques": "Q98539347", "Darjana Bla\u0107e \u0160ojat": "Q99632700", "Linda Anderson": "Q103704016", "Tanja Miri\u0107": "Q105689818", "Eva Pohlejov\u00e1": "Q105881451", "Marianne Wahli-Delbos": "Q105975331", "Hae-Sun Kang": "Q106168529", "Helianthe Redan": "Q106211276", "Amy Beegle": "Q106480993", "Elena Kiselova": "Q106534055", "Agn\u00e8s de Brunhoff": "Q106625425", "Ricarda Regina Ludigkeit": "Q106768138", "Ann C. Clements": "Q106832828", "Lilach Levanon": "Q107521035", "Susan Williamson": "Q107577376", "\u042d\u043b\u0435\u0430\u043d\u043e\u0440\u0430 \u0406\u0432\u0430\u043d\u0430\u045e\u043d\u0430 \u0410\u0445\u0440\u044d\u043c\u0447\u044b\u043a": "Q111601638", "Y\u016bko Araki": "Q111611030", "Joy Hirokawa": "Q111722220", "Silke Lehmann": "Q111937029", "Jind\u0159i\u0161ka Hrne\u010dkov\u00e1": "Q112415152", "Zofia Burowska": "Q112440410", "Vlasta \u0160kampov\u00e1": "Q112488087", "Michiko Hariu": "Q112567844", "Clara Almut Wolfart": "Q113151322", "Bella Nick": "Q113162029", "Mathilda Heck": "Q114566144", "Sally Bodkin-Allen": "Q114834099", "Pamela Mia Paul": "Q114841057", "Julia Schiwowa": "Q114972206", "Tomomi Okumura": "Q115319215", "Sophie Lukacs": "Q115386454", "Ewa Szubra-Jargo\u0144": "Q115974026", "Gisela Schellong-Gmelin": "Q115997102", "Marie B\u00e9nard": "Q116123305", "Karen Marshall": "Q117279673", "\u0546\u0561\u0564\u0565\u056a\u0564\u0561 \u0534\u0580\u0578\u0566\u0564\u0578\u057e\u0561": "Q118121774", "N\u00faria Sempere": "Q118434868", "Nikola Materne": "Q118559536", "Karen Knudson": "Q119071870", "Anna Vegas i Serarols": "Q119679747", "Blanka Vyslou\u017eilov\u00e1": "Q120600812", "Jarmila Z\u00e1v\u011brkov\u00e1": "Q120601130", "V\u011bra Fialov\u00e1": "Q120601456", "Jitka Bastlov\u00e1": "Q120602001", "Margar\u00e9ta Osvaldov\u00e1": "Q120603294", "Monika Wimberger Dev\u00e1t\u00e1": "Q120604402", "Ena Stevanovi\u0107": "Q120605130", "Daniela Taylor": "Q120606658", "Lucie Laubov\u00e1": "Q120606901", "Zuzana Sel\u010danov\u00e1": "Q120608368", "Petra Slav\u00edkov\u00e1": "Q120609079", "Mark\u00e9ta Mikuli\u010d\u00e1kov\u00e1": "Q120609470", "Alexandra Kol\u00e1\u0159ov\u00e1": "Q120610611", "Marie Dunovsk\u00e1": "Q120610720", "Olena Jano\u010dkova": "Q120612069", "Eva Chomouck\u00e1": "Q120612981", "Krist\u00fdna Dr\u00e1\u0161ilov\u00e1": "Q120613216", "Miloslava \u010cechlovsk\u00e1": "Q120615233", "Petra Vali\u0161ov\u00e1": "Q120616816", "Hedvika Vav\u0159\u00edkov\u00e1": "Q120616817", "Jana Z\u00edkov\u00e1": "Q120616818"}