{"Margaretta Elizabeth Wilson": "Q75266980", "Johanna Elisabeth L\u00fcders": "Q70038240", "Eliza Catherine White": "Q111662780", "Caroline A. Burgin": "Q95692296", "Anna Hutchinson Searing": "Q70059883", "Ellen Markoe Dallas": "Q93467423", "Elizabeth W. Woodworth": "Q66622314", "Eliza Beulah Blackford": "Q95010327", "Mary J. Snoddy Whetstone": "Q98863490", "Aletta Friscone Dean": "Q109735223", "Dorcas Martha Higgins": "Q76913441", "Praskovia Vassilievna Tsiklinskaia": "Q22919225", "M. F. Lewis": "Q100393415", "Ida May Clendenin": "Q70177836", "Susan Amy Harper": "Q97744895", "Jean Kirk Howell": "Q98097252", "Ethel Margaret Grinling": "Q111645879", "Asta Rostrup": "Q124881059", "Julia Blanche Clifford": "Q70248969", "Lora Luvernia Waters": "Q70231984", "Martha Merry": "Q70054705", "Amy Montague": "Q113713877", "Emma Amy Rea": "Q105444967", "Margaretha Elise Catherine Horn": "Q70241789", "Mary Ann Clementina Margaret White": "Q70168683", "Mary Alice Nichols": "Q70237918", "Jessie Sproat Bayliss Elliott": "Q36586651", "Aurelia B. Crane": "Q117304869", "Lidiya Alexandrovna Lebedeva": "Q36614838", "Charlotte Angela Cooper": "Q111646892", "Mary E. Olson": "Q47123797", "Emma L Taylor Cole": "Q70638283", "Harriet Griswold Burr": "Q96216462", "Lillian Snyder": "Q70250411", "Catharina Cool": "Q22075744", "Florence A. McCormick": "Q36555861", "Luella Cushing Whitney": "Q70275865", "Daisy S. Hone": "Q88819361", "Norra B. Allin": "Q70272713", "Gertrud Paula Tobler-Wolff": "Q21610810", "Elsie Mabel Kupfer": "Q20016293", "Elma Brooks Perry Foulk": "Q98609612", "Leila Annie Cooke": "Q113695823", "Helen Stuart Williamson": "Q113754228", "Ethel C. Field": "Q23660394", "Lilian E. Porter": "Q21523128", "Lizzie Churchill Allen": "Q98546471", "Valentine Moreau": "Q36697442", "Mabel Rhodes": "Q112121549", "Daisy Hilary": "Q113707859", "Margaret Annie Brett": "Q113694935", "Alice Sophia Cooke": "Q113693394", "Jennie Grainger": "Q113698603", "Mary Nest Owen": "Q36632861", "Margaret Sowerby Lacey": "Q113708531", "Taisiia Leonidovna Dobrozrakova": "Q28369217", "Marie Betzner Morrow": "Q95588471", "Mary Ross Hall Pole-Evans": "Q123912983", "Daphne Atkins": "Q36533582", "Marion Ashton Smith": "Q21609123", "Johanna Becker": "Q112593678", "Elaine Margaret Laughton": "Q108684013", "Margaret J. Smieton": "Q113751800", "Violet Rea": "Q111641887", "Marie Federovna Markova-Letova": "Q5998160", "Helen Berenice Berdan": "Q21505977", "Anneliese Niethammer": "Q566171", "Marguerite Statira Wilcox": "Q21612677", "Rebecca Leah Lurie": "Q123913025", "Silvia Colla": "Q47115684", "Boles\u0142awa Starmach": "Q9177040", "Muriel Phyllis Topping": "Q113754171", "Inger Anne Lysebraate": "Q107541973", "Wilhelmina Stec-Rouppertowa": "Q26973429", "Margaret Madge": "Q113710515", "Panca Heim": "Q120489090", "Odette Tuzet": "Q36647982", "Frances L. Balfour-Browne": "Q36552235", "Velma Dare Matthews": "Q21520138", "Daria Babayan": "Q28842765", "Adriana S. Timmermans": "Q86739766", "Joyce Barbara Hammond": "Q113706830", "Dorothy Ashworth": "Q113693144", "Jo-Min Yen": "Q21389789", "Vera Bila\u012d": "Q21506117", "Esther Amelia Dick": "Q16027640", "Angela Racovitza": "Q21606825", "Kim Sam-sun": "Q15707513", "Alina Skirgie\u0142\u0142o": "Q9148361", "Sofia Schwarzman": "Q18041317", "Hel\u0113na Ledus Starca": "Q89752800", "Mar\u00eda Baus\u00e1 Alcalde": "Q36619315", "Frances Faust Lombard": "Q5864674", "Elsie Reece Knighton": "Q56884249", "Katharina Bickerich-Stoll": "Q112248550", "Jacqueline Nicot": "Q21392056", "Neeltje Elizabeth Nannenga-Bremekamp": "Q1332621", "Lisbeth Fries": "Q106518840", "Mary Williams Ward Shanor": "Q112865775", "Lyubov Apollosovna Beliakova": "Q36611053", "Mayumi Inoue": "Q21395408", "Aino Mathiesen-K\u00e4\u00e4rik": "Q16403549", "Isabelle Irene Tavares": "Q21339632", "Yuliya Nyuksha": "Q55103741", "C\u00e9line Besch-Schmit": "Q20558037", "Irmgard Sonneborn": "Q113675287", "Elisa P. Knapp": "Q23676414", "Barbara P. Segedin": "Q21608609", "Beatrice Exner": "Q5724068", "Kerstin Holm": "Q21512710", "Wanda Rudnicka-Jezierska": "Q21607518", "Barbara Gumi\u0144ska": "Q16531488", "Beryl Ledsam Brady": "Q21392277", "Helga Gro\u00dfe-Brauckmann": "Q1602178", "Wanda Lasota": "Q9370807", "Jia-Feng Tao": "Q21610189", "Phyllis Margaret Stockdale": "Q21609871", "K\u00e4te Frauenstein": "Q112508895", "Chun-Juan Kao Wang": "Q21612148", "Denise Lamoure": "Q21518339", "Sheila M. Francis": "Q36675336", "Seda Simonyan": "Q28096250", "Jo Onderstall": "Q23710994", "Ema Kamarova": "Q71785232", "Mariko \u00d4kubo": "Q47123750", "Erika Kohlmeyer": "Q21395310", "Zdenka Jesensk\u00e1": "Q112431177", "Sally A. Meyer": "Q6117368", "Evangelina P\u00e9rez-Silva": "Q21522824", "Ru-Yong Zheng": "Q9353359", "Ludmila Marvanov\u00e1": "Q21391319", "Renate Blaschke-Hellmessen": "Q106496991", "Marie-Th\u00e9r\u00e8se Tholl": "Q20559417", "Kira Alekseevna Mamkaeva": "Q36606467", "Fran\u00e7oise Candoussau": "Q21340585", "Maria Lisiewska": "Q105940698", "Julieta Abrahamyan": "Q30033910", "Ilmi Parmasto": "Q16406814", "Irene Weitzman": "Q5920214", "Urve Kalamees": "Q39040123", "Leili J\u00e4rva": "Q16404959", "Inger Lagset Egeland": "Q16898527", "Erika Z\u00e1horovsk\u00e1": "Q112487195", "El\u017cbieta Chru\u015bciak": "Q128794201", "Christine Heideklang": "Q112372772", "Gui-Qing Chen": "Q21508312", "Margarita de la Torre": "Q21610889", "Lina Bettucci": "Q62026517", "Anna M. Bujakiewicz": "Q36499920", "Alicja Borowska": "Q16334737", "Brigitte Volkmann-Kohlmeyer": "Q21338694", "Carol Ann Shearer": "Q21339314", "Ann E. Bell": "Q21505907", "Tatiana Merezhko": "Q21520443", "Ying-Lan Guo": "Q21514404", "Maria \u0141awrynowicz": "Q21518451", "Lorelei Lehwalder Norvell": "Q21522246", "Nancy S. Weber": "Q21612325", "Annarosa Bernicchia": "Q36499392", "Deanna A. Sutton": "Q88820322", "Jelena Pa\u0159\u00edkov\u00e1": "Q95394846", "Tong-Shen Zhou": "Q36693165", "Irina Valentinovna Stepanova": "Q36584581", "Maria Alicja Chmiel": "Q112451134", "Maret Saar": "Q12369676", "Cecilia Roux": "Q21607481", "Bellis Kullman": "Q12360238", "Ireneia Melo": "Q11017279", "Milada Mikulcov\u00e1": "Q112400536", "Anu Kollom": "Q12359453", "Martha Allen Sherwood": "Q21340074", "Mar\u00eda Teresa Teller\u00eda": "Q16601520", "Urmila Vasudev Makhija": "Q21338767", "Linda M. Kohn": "Q21340539", "Larisa Vasilyeva": "Q21338742", "Halina Komorowska": "Q117087135", "Inger Johansen": "Q21513427", "Jarmila Tepl\u00edkov\u00e1": "Q112379790", "Siranush Nanagulian": "Q22665506", "Haykush Batikyan": "Q89589336", "Cheryl A. Grgurinovic": "Q5765851", "Anna Lep\u0161ov\u00e1": "Q112394820", "Consuelo Hern\u00e1ndez-Padr\u00f3n": "Q21339482", "Christine Strullu-Derrien": "Q57252449", "Angelika Honold": "Q118977665", "Anna Boyajyan": "Q18927217", "Alena Nov\u00e1kov\u00e1": "Q21522251", "Andrea I. Romero": "Q21607377", "Marisa Castro Cerceda": "Q56558447", "Jo\u00eblle Dupont": "Q30004318", "Ditte Bandini": "Q1230338", "Hanna W\u00f3jciak": "Q36580473", "Dagmar Triebel": "Q21339093", "C.J.R. Klittich": "Q36525996", "Sousanna Badalyan": "Q64532725", "Gabriela Heredia": "Q5873723", "Alena Kub\u00e1tov\u00e1": "Q21517983", "Dilnora E. Gouliamova": "Q61874498", "Tatiana Andrianova": "Q21505235", "Brenda E. Callan": "Q21506857", "Dorothy E. Tuthill": "Q23749351", "Josepa Gen\u00e9": "Q36590494", "Irmgard Krisai": "Q36583290", "Urszula Bielczyk": "Q23035250", "Mar\u00eda Teresa Vizoso Paz": "Q21611819", "Agata Wo\u0142cza\u0144ska": "Q36513205", "Meike Piepenbring": "Q21522993", "Heike Heklau": "Q36573714", "Maria Teresa Basso": "Q22109815", "Alina G. Greslebin": "Q36502538", "V\u011bra Samkov\u00e1": "Q95182464", "Dilzara N. Aghayeva": "Q27642672", "Daniela Pinna": "Q21492751", "Toni June Atkinson": "Q88853282", "Miloslava Kavkov\u00e1": "Q95386910", "Polona Zalar": "Q21391236", "Yu-Hui Chen": "Q47115442", "Iva Kudl\u00edkov\u00e1": "Q95460347", "Maarja \u00d6pik": "Q12369394", "Lizeth Swart": "Q21610096", "Yanna": "Q47129347", "Sabrina Sarrocco": "Q62845197", "Irja Saar": "Q12364651", "Kadri P\u00e4rtel": "Q16408186", "Anna Ronikier": "Q21607389", "\u0415\u043b\u0435\u043d\u0430 \u0410\u043d\u0434\u0440\u0435\u0435\u0432\u043d\u0430 \u0410\u043b\u0435\u043a\u0441\u0430\u043d\u0434\u0440\u043e\u0432\u0430": "Q105479858", "Verena Blanke": "Q36694699", "Ana Mar\u00eda Millanes Romero": "Q21391027", "Martina Hujslov\u00e1": "Q21516643", "Kessy Abarenkov": "Q30513178", "Ludmila Gabrielov\u00e1-Slez\u00e1kov\u00e1": "Q95180087", "Merje Toome-Heller": "Q60605149", "Sarah Abdalla Ahmed Ibrahim": "Q88804446", "Neriman Yilmaz Visagie": "Q59037821", "Julia Paw\u0142owska": "Q59559203", "Lucie Z\u00edbarov\u00e1": "Q112540097", "Katrin Gilbert": "Q122697219", "Hui Wang": "Q88828708", "Cathy Sharp": "Q47126050", "Birgit Werner": "Q21338812", "Carolyn E. Babcock": "Q21338874", "Joyce Lance Spain": "Q21338892", "Imke Schmitt": "Q21339938", "Annette W. Ramaley": "Q21340011", "Sharon Lee Rose": "Q21340048", "Sabine Marita Huhndorf": "Q21340245", "Vera Fedorovna Malysheva": "Q21340403", "Terezinha Maria Castro Della Lucia": "Q21340491", "Ana Paula Trovatti Uetanabaro": "Q21340577", "Graciela Paz-Berm\u00fadez": "Q21340582", "Silvia Toro": "Q21341065", "Tatyana N. Otnyukova": "Q21341832", "Dmitry Evgenyevich Himelbrant": "Q21372993", "Adele Statzell-Tallman": "Q21391340", "Ingrid L. Hunter": "Q21391345", "Rosaria Ann Healy": "Q21392098", "Bettina Heuchert": "Q21392160", "Svetlana Markovskaja": "Q21392194", "Margaret C. Tulloch": "Q21392223", "Joyce H. C. Woudenberg": "Q21392523", "Desley J. Tree": "Q21393199", "Martha J. Powell": "Q21394344", "Tatiane Asai": "Q21394568", "Barbara J. Victor": "Q21503000", "Barbara Hetrick": "Q21510519", "Doreen E. Wells": "Q21516240", "Mar\u00eda Prieto": "Q21516384", "Natalia Petrovna Golovina": "Q21516480", "Evi Weber": "Q22106675", "Jung-A Kim": "Q25796471", "Mary Catherine Aime": "Q28234723", "Marizeth Groenewald": "Q28369218", "Carol Ann Ellison": "Q28600674", "Rosa Emilia P\u00e9rez-P\u00e9rez": "Q28771454", "Helga Marxm\u00fcller": "Q30080113", "Shannon Morath": "Q30530363", "Jinx Campbell": "Q33510462", "Karen Hansen": "Q33675152", "Alice P. Baxter": "Q36499214", "Arleen R. Bessette": "Q36499420", "Alaka Chiplonkar": "Q36500500", "Alicia M. Godeas": "Q36502313", "Annelise Kj\u00f8ller": "Q36504292", "Audrey M. Shepherd": "Q36510900", "Amelia C. Stolk": "Q36511614", "Barbara C. Paulus": "Q36517952", "Barbara M. Robison": "Q36518889", "Belle Damodara Shenoy": "Q36519261", "Chee Jen Chen": "Q36522904", "Caroline Mohammed": "Q36527597", "Dorothea Frey": "Q36536266", "Dorothea L. Olivier": "Q36539238", "Elaine M. Davison": "Q36544389", "Elizabeth G. Gray": "Q36545383", "Eriko Katsurashima": "Q36546436", "Ellen Larsson": "Q36547034", "Enid M. Lyon": "Q36547495", "Ekaterina Fedorovna Malysheva": "Q36547598", "Esther G. McLaughlin": "Q36547767", "Yelena Naumova": "Q36548116", "Elna J. van der Linde": "Q36551215", "Zoila Gloria Abad": "Q36558746", "Galba Maria de Campos-Takaki": "Q36560526", "Gisela Cuenca": "Q36561155", "Gis\u00e8le Riousset": "Q36567834", "Gloria Scorzetti": "Q36568254", "Huei-Mei Hsieh": "Q36573956", "Hai-Mei Li": "Q36575197", "Judith M. Greenall": "Q36590900", "Jane Leitner": "Q36593215", "Jehanne-Fran\u00e7oise Manier": "Q36594390", "Jorinde Nuytinck": "Q36596161", "Jamie L. Platt": "Q36597147", "J. F. Redhead": "Q36597706", "Jolanda Roux": "Q36598233", "Joanne Elizabeth Taylor": "Q36600462", "Janice Y. Uchida": "Q36600849", "Karen Woodbury Hughes": "Q36605003", "Kyoko Owaki": "Q36607526", "Lisa A. Castlebury": "Q36611631", "Leslie Marian Churchland": "Q36611802", "Leka Manoch": "Q36615302", "Mary Lee Berbee": "Q36620516", "Maria Amelia dos Santos": "Q36635340", "M. Pamela Scarr": "Q36635553", "Mei-Qing Zhang": "Q36639276", "Nelly Jarowaja": "Q36641976", "Nelli Nikolaevna Zhdanova": "Q36646077", "Olive Parker Stansfield": "Q36647853", "Paride Abliz": "Q36648181", "Priscila Chaverri-Echandi": "Q36649337", "Phyllis Engdahl Kempton": "Q36652312", "P.Elizabeth Thomas Perrott": "Q36654481", "Rosa Mar\u00eda Arias Mota": "Q36658060", "Ruo-Lan Duan": "Q36661814", "Rena T. Jones": "Q36664616", "Rosario Medel-Ortiz": "Q36666610", "Rui-Lin Zhao": "Q36671939", "Sandra Denman": "Q36674521", "Seonju Marincowitz": "Q36678498", "Sylvie Pa\u017eoutov\u00e1": "Q36681197", "Shamim Shamsi": "Q36682916", "Shu-Xia Wei": "Q36685198", "T.V. Chalabuda": "Q36686814", "Tatyana Sergeyevna Panfilova": "Q36690620", "Tiina Saarim\u00e4ki": "Q36691227", "Umpava Pinruan": "Q36693855", "Virginia Garland Ballen": "Q36694523", "Valentina M. Blagodatskaja": "Q36694684", "Wendy Anne Untereiner": "Q36704394", "Xiang-Hua Wang": "Q36706048", "Xue-Wei Wang": "Q36706068", "You-Shan Wang": "Q36709949", "Zao-Shi Xu": "Q36712690", "Doreen E. Wilson": "Q37415044", "Madalena Maria de Magalh\u00e3es Pinto": "Q40324915", "Alona Yu. Biketova": "Q41707037", "Guilhermina Miguel da Silva Marques": "Q41950867", "Beatriz Ortiz-Santana": "Q42114906", "Birgitte Andersen": "Q45980359", "Ning Zhang": "Q46121597", "Treena Isobel Burgess": "Q46863778", "Azza A. Al-Musallam": "Q47112806", "Margaret Dick": "Q47116453", "Li Fan": "Q47117039", "Arlene Leona Flis": "Q47117263", "Mar\u00eda del Carmen Auxilio Gonz\u00e1lez Villase\u00f1or": "Q47117989", "Hiroko Kawasaki": "Q47119991", "Usha Kiran": "Q47120177", "Yu-Mei Li": "Q47121244", "Mary Noble": "Q47123529", "Sarah Price": "Q47124707", "Maria Sol\u00e9 Oll\u00e9": "Q47126515", "Hong-Yan Su": "Q47126842", "Mei-Mei Xiang": "Q47129180", "Li Xu": "Q47129197", "Li Yu": "Q47129439", "Wendy Wilhelmina Johanna van de Sande": "Q47543151", "Xin-Zhan Liu": "Q49641350", "Carmen Quesada": "Q50202340", "Rungtiwa Phookamsak": "Q52045660", "Nina V. Filippova": "Q52571641", "Chirlei Glienke de Blanco": "Q52677881", "Edith Stabentheiner": "Q52797170", "Parisa Badiee": "Q53687894", "Marta Wrzosek": "Q54553291", "Mahajabeen Padamsee": "Q54701821", "Ivana Ku\u0161an": "Q54702891", "Mennat El Ghalid": "Q54956679", "Samantha C. Karunarathna": "Q55130100", "Rachel I Adams": "Q56806070", "V\u00e2nia Aparecida Vicente": "Q56932769", "Patricia Valente": "Q57053420", "Ad\u00e9la \u010cmokov\u00e1": "Q57070406", "Ana Pontes": "Q57090730", "Monsicha Pongpom": "Q57091843", "Carolina Sarmiento": "Q57188978", "Carla J. Harper": "Q57198031", "Qing Tian": "Q57303441", "Sabine Telle": "Q59027302", "Tuula Niskanen": "Q59604778", "Tida Dethoup": "Q59662518", "Allison K. Walker": "Q60229467", "Beatriz Guzm\u00e1n": "Q60906459", "Yu Pei Tan": "Q61090273", "Josiane Santana Monteiro": "Q61157363", "Wei-Hua Guo": "Q61303745", "Vanessa Elizabeth McMillan": "Q61774105", "Li-Ping Tang": "Q61866542", "Yan-Chun Li": "Q61866543", "Qing Cai": "Q61962133", "Dr Alison Pouliot": "Q62732704", "Alina Vitalyevna Alexandrova": "Q63424726", "Jie Song": "Q63457441", "Elizabeth H. Thompson": "Q63863173", "Henrietta Page": "Q66845159", "Cong-Cong Miao": "Q67207196", "Rachel Swenie": "Q67218475", "Chayanard Phukhamsakda": "Q68739492", "Ying Zhang": "Q88861809", "Xiang-Yu Zeng": "Q69192791", "Asha Janadaree Dissanayake": "Q69267210", "Qian Chen": "Q69374112", "Rekhani Hansika Perera": "Q69498823", "Sinang Hongsanan": "Q69548441", "Anne Hunter": "Q69943673", "Martha Lydia Mac\u00edas-Rubalcava": "Q79412386", "Tonjock Kinge": "Q83556073", "Yasmina Marin-Felix": "Q85358443", "Benedetta Turchetti": "Q85536520", "Wioletta \u017bukiewicz-Sobczak": "Q85557082", "Margarita Hern\u00e1ndez-Restrepo": "Q85643672", "Florence M Andrews": "Q86626578", "Eug\u00eania Cristina Gon\u00e7alves Pereira": "Q87657068", "Cristina Rodr\u00edguez-Caycedo": "Q87696855", "Yuan-Yuan Chen": "Q87859747", "Nuria Ferrol Gonz\u00e1lez": "Q88296071", "Sirida Youngchim": "Q88329725", "Najam-ul-Sehar Afshan": "Q88602836", "Maira Cortellini Abrah\u00e3o": "Q88804659", "Ana Luisa Anaya Lang": "Q88805627", "Ilaria Antelmi": "Q88805779", "Benedetta Arenz": "Q88806125", "Concepci\u00f3n Azc\u00f3n Gonz\u00e1lez de Aguilar": "Q88806730", "Amanda-Juan Chen": "Q88807042", "Alisson Cardoso Rodrigues da Cruz": "Q88807077", "Ana Margarida Moreira Leit\u00e3o de Barros Martins Damas": "Q88807112", "Astrid Ferrer": "Q88807286", "Anna Koz\u0142owska": "Q88808137", "Ai-Hua Li": "Q88808264", "A. Marcelle Stirling": "Q88809624", "Mounes Bakhshi": "Q88810282", "Eliseo Battistin": "Q88810817", "Jean Carlson Batzer": "Q88810831", "Christina Beimforde": "Q88810916", "Konstanze Bensch": "Q88811027", "Bianca Denise Barbosa da Silva": "Q88813265", "Camila Ribeiro Alves": "Q88813515", "Charuwan Chuaseeharonnachai": "Q88814983", "Chun-Ying Deng": "Q88815764", "Cai-Hong Dong": "Q88815779", "Dong-Qin Dai": "Q88818200", "Ulrike Damm": "Q88818268", "Veronika Dollhofer": "Q88818898", "Zuzana Dudov\u00e1": "Q88819120", "Darlene Southworth": "Q88820211", "Eleonora Egidi": "Q88820853", "En-Jing Tian": "Q88821854", "Patr\u00edcia Oliveira Fiuza": "Q88822586", "Katerina Fliegerov\u00e1": "Q88822628", "Fang Wu": "Q88823696", "Gail Canning": "Q88824045", "Allyne Christina Gomes-Silva": "Q88825182", "Ishani Dilhara Goonasekara": "Q88825279", "Marcela Isabel Guevara-Su\u00e1rez": "Q88825754", "Anna G\u00f3ralska": "Q88825916", "Hang Thi Dao": "Q88826891", "Winanda Himaman": "Q88827588", "Dillon Raynel Husbands": "Q88827955", "Hai-Yan Song": "Q88828559", "Huang Zhang": "Q88828938", "Ilona Pfeiffer": "Q88829454", "Juliana de Oliveira Augustin": "Q88829638", "Jia-Jia Chen": "Q88829856", "Ruvishika Shehali Jayawardena": "Q88830835", "Joan (I.) Kelley": "Q88831091", "Jin-Hua Kong": "Q88831140", "Jia-Ge Song": "Q88832235", "Jie Xie": "Q88832580", "Jia-Hui Xing": "Q88832588", "Jing Yang": "Q88832684", "Jing-Si Zeng": "Q88832740", "Yulia R. Khimich": "Q88833704", "Anastasiya Andreevna Kobzeva": "Q88834094", "Galina P. Kononenko": "Q88834209", "Ke Li": "Q88834753", "Ke Zhang": "Q88835351", "Loise Ara\u00fajo Costa": "Q88835550", "Supaporn Lamlertthon": "Q88835914", "Angela Lantieri": "Q88835952", "Li-Li Liu": "Q88836383", "Katherine F. LoBuglio": "Q88836413", "Janet Jennifer Divinagracia Luangsa-ard": "Q88836535", "Leonor Costa Maia": "Q88836733", "Lu-Lu Shen": "Q88837046", "Li-Yan Yu": "Q88837330", "M. Carol Carter": "Q88837757", "Ming-Jun Chen": "Q88837811", "Melvina J. D'souza": "Q88837968", "Monica Lynn Elliott": "Q88838083", "Mar\u00eda Cecilia Gim\u00e9nez": "Q88838192", "Jutamart Monkai": "Q88840357", "Man-Man Wang": "Q88841465", "Nimali Indeewari de Silva": "Q88841701", "Wasana Noisripoom": "Q88842548", "Salilaporn Nuankaew": "Q88842679", "Moriya Ohkuma": "Q88843162", "Ping Du": "Q88843746", "Qiu-Ju Shang": "Q88846168", "Suzanne Rooney-Latham": "Q88847943", "Sayaka Ban": "Q88848776", "Su-Zhen Chen": "Q88848940", "Shuang Feng": "Q88849139", "Cristina Maria de Souza Motta": "Q88849978", "Aurora Saucedo-Garc\u00eda": "Q88850772", "Laura Selbmann": "Q88851091", "Silvana Santos da Silva": "Q88851566", "Kozue Sotome": "Q88852028", "Satinee Suetrong": "Q88852461", "Sarah Symanczik": "Q88852658", "Shu-Zhen Yan": "Q88853057", "T\u00edmea K. Bal\u00e1zs": "Q88853290", "Tetyana Oleksiivna Kondratiuk": "Q88853673", "Thi Thuong Thuong Nguyen": "Q88853853", "Donnaya Thanakitpipattana": "Q88854417", "Saowaluck Tibpromma": "Q88854668", "Sawako Tokuda": "Q88854839", "Shihomi Uzuhashi": "Q88855897", "Anne Dirkje van Diepeningen": "Q88856060", "Val\u00e9rie Reeb": "Q88856319", "Sandra Isabel Rodrigues Videira": "Q88857019", "Wen-Huan Li": "Q88857714", "Wen-Jing Wang": "Q88858160", "Xiao-Mei Wang": "Q88859708", "Ya-Hui Gao": "Q88860243", "Yan-Feng Han": "Q88860331", "Yuko Ota": "Q88860976", "Yuan Yuan": "Q88861714", "Yu-Hui Zhao": "Q88861863", "Zhi-Qun Liang": "Q88862085", "Ze-Fen Yu": "Q88862327", "Elena Anatolyevna Zvyagina": "Q88862678", "Yan Kang": "Q88884649", "Yuan-Ying Su": "Q88884658", "Anne Pringle": "Q89520707", "Susan Kaminskyj": "Q89684231", "Teresa A. Clements": "Q90249453", "Eleni Gentekaki": "Q91198757", "Zuzana Sochorov\u00e1": "Q92969914", "Clara Armstrong": "Q94606795", "Paula Engel": "Q95658719", "Xu-Hui Chen": "Q96053156", "Monika Chandani Dayarathne": "Q96656927", "Lakmali S. Dissanayake": "Q97340564", "Maria Alekseevna Mamkaeva": "Q99337862", "Marie-Jos\u00e9e Mervielde-Duprez": "Q100741416", "Patricia M. Bond": "Q102212834", "Gen-Nuo Wang": "Q103995341", "Joaqu\u00edn Barrio Mart\u00edn": "Q104161705", "Margi Butler": "Q105266660", "Tamata Fedotovna Pankova": "Q105483150", "Maria Chamberlain": "Q105515021", "Irma Viktorovna Issi": "Q105603761", "Fran J. Lopez-Ruiz": "Q105959495", "Soumaya Boudagga": "Q106168410", "El\u017cbieta Johannsen": "Q106196030", "Annette Opperman": "Q106196042", "Linda Halland": "Q106196050", "Maria Aparecida da Silva": "Q106377549", "Kerstin Hoffmann": "Q106451037", "Qiu-Xia Yang": "Q106464281", "Josephine Kabl\u00edkov\u00e1": "Q106777303", "Hortense Brun": "Q107591218", "Olivia Vasquez": "Q108762201", "Elvira Aguirre-Acosta": "Q108762210", "Olga Khmelnitsky": "Q108764300", "Nina A. Sazanova": "Q108884830", "Olivia A. Asher": "Q108892204", "Solveig Bua L\u00f8ken": "Q109061770", "Cathrin Manz": "Q109348207", "Natalya Ivanovna Kalinovskaya": "Q109374210", "Regina Siemianowski": "Q112072882", "Meng Zhou": "Q113449055", "Zhao-Huan Xu": "Q113679850", "Kamila P\u00edchov\u00e1": "Q113950811", "Eva Stod\u016flkov\u00e1": "Q113953330", "Lois Allison-Cooper": "Q114448994", "Boontiya Chuankid": "Q114887766", "Alessia Tatti": "Q115179366", "Aseni Navoda Ediriweera": "Q115192012", "Ayten Dizkirici": "Q115205729", "Oliane Maria Correia Magalh\u00e3es": "Q115237306", "Priscila Dall\u00e9 Rosa": "Q115483222", "Mireille Jourdan": "Q115483735", "Isabel Zeil-Rolfe": "Q115483754", "Margita Jadan": "Q115483879", "Melania Michailova Gyosheva-Bogoeva": "Q115557618", "Nedim Juki\u0107": "Q115618434", "Desirr\u00ea Petters-Vandresen": "Q115618963", "Lisa A. Beirn": "Q115641987", "Kira Lynn": "Q115642002", "Yong-Hui Wang": "Q116214132", "Brigitte E. Hilbig": "Q116884978", "Sandra Lupo": "Q117810756", "Maria Theresa Elizabeth Paula Allsopp": "Q118127923", "Yao Feng": "Q119454580", "Dan-Feng Bao": "Q119457668", "Horalia Diaz Barriga": "Q119647508", "Linda M. Ley": "Q120169943", "Laura M. Suz": "Q120610870", "Pavl\u00edna Jaklov\u00e1": "Q120613540", "Zuzana Ha\u0148\u00e1\u010dkov\u00e1": "Q120614970", "Elma Kearney": "Q121032982", "V\u00e9ronique B. Cloutier": "Q123005863", "Miss A. L. J. Gosset": "Q123376011", "Yu-Qin Zhang": "Q123694336", "Ling-Ling Liu": "Q124056825", "Zin Hnin Htet": "Q124131975", "Hong-Li Hu": "Q124171806", "Ya-Ya Chen": "Q124286729", "Mei-Xiang Li": "Q124333633", "Pei Tian": "Q124374996", "Qiu-Yu Shao": "Q124474676", "Yu-Lian Ren": "Q124475215", "Yu Yang": "Q125200530", "Gabriele Kovacs": "Q126392755", "Gina Prosperi-Porta": "Q126468030", "Tracey Vivien Steinrucken": "Q126914258"}