{"Szilvia E Mezey": "Q73169028", "Irina Milisav": "Q90459626", "Csilla Marosi": "Q92919040", "Zita Zr\u00ednyi": "Q96181300", "Edith Farkas-Bargeton": "Q110946589", "Juliette Moreau": "Q21043084", "Chiriachitza Athanassio-B\u00e9nisty": "Q9189819", "Eugenie Bormann": "Q51844339", "J\u00falia Gy\u00f6rgy": "Q1030440", "Anastasia Sutkovaya": "Q112563546", "Anna Dinaburg": "Q47009877", "Evgeniya Fedorovna Davidenko": "Q88361905", "Margarethe H\u00fcbsch": "Q1728206", "\u041a\u0430\u0446\u044f\u0440\u044b\u043d\u0430 \u0413\u0435\u043e\u0440\u0433\u0456\u0435\u045e\u043d\u0430 \u042e\u0440\u0430\u0446\u043a\u0430\u044f": "Q113954228", "Eli\u0161ka Klimkov\u00e1-Deutschov\u00e1": "Q21030230", "Herta Lange-Cosack": "Q63485506", "Klara Weingarten": "Q101110147", "Hannah Arnold": "Q113615702", "Karolina Jus": "Q100591440", "Friedl Aufreiter": "Q51844310", "Mar\u00eda Luisa Herreros": "Q110779713", "Marianne Smolenski": "Q60829837", "\u0540\u057c\u056b\u0583\u057d\u056b\u0574\u0565 \u0549\u056b\u056c\u056b\u0576\u0563\u0561\u0580\u0575\u0561\u0576": "Q27884549", "Ruth Paimre": "Q16406509", "Lykke Aresin": "Q1878684", "Henryka Langauer-Lewowicka": "Q115434059", "M\u00e4rta Donner": "Q18238465", "Eleonora Jankowicz": "Q109616070", "Ilona Husz\u00e1r": "Q105767894", "Dagmar Ujh\u00e1zyov\u00e1": "Q12764312", "Rose-Marie Olischer": "Q84725283", "Ewa Dzia\u0142ek": "Q112660893", "Marion Edmonds Smith": "Q124733907", "Barbara Stroi\u0144ska-Ku\u015b": "Q81203592", "Gerta Vrbov\u00e1": "Q19828166", "Janina Rafa\u0142owska": "Q85134615", "Barbara Emeryk-Szajewska": "Q110072475", "Ellen Gibbels": "Q15450395", "Dina Mukhamedovna Tabeeva": "Q39388989", "Hanna J\u0119drzejowska": "Q111513106", "Anna Fidzia\u0144ska-Dolot": "Q116258747", "Kl\u00e1ra Alm\u00e1si": "Q110268586", "Suzanne Tyc-Dumont": "Q119690287", "Zhang Anzhong": "Q98517128", "Ewa Dilling-Ostrowska": "Q106576281", "Nine Ipekchyan": "Q27441540", "Valentina Y. Latysheva": "Q28754017", "Kristi Kultas-Ilinsky": "Q12367573", "\u0218tefania Calomfirescu-Kory": "Q53997931", "Tiina Talvik": "Q24546004", "Joanna B Strosznajder": "Q64681776", "Gomathy Gopinath": "Q66300812", "So\u0148a Nev\u0161\u00edmalov\u00e1": "Q12055524", "Katalin K\u00f6ves": "Q39068138", "Sigrid Poser": "Q2285309", "Zemfira Makarovna Kuzmina": "Q28845727", "Jolanta Skangiel-Kramska": "Q97370206", "Catherine Billard-Davou": "Q56289413", "Anna Cz\u0142onkowska": "Q16529091", "Jacqueline S. de Belleroche": "Q59691385", "Johanna Krause": "Q21032165", "Anna Herzyk": "Q9155204", "Francine M. Benes": "Q119495999", "Agneta Nordberg": "Q63126486", "Katarzyna Dziegielewska": "Q96108764", "Katalin \u00c1cs": "Q108045869", "Zinaida Suslina": "Q17306064", "Nathalie Tzourio-Mazoyer": "Q41787400", "Maria Majewska": "Q56255766", "Barbara Wilson": "Q62006018", "Zyta Banecka-Majkutewicz": "Q85134991", "Catharine Young": "Q112052319", "Cinzia Galli": "Q113636417", "Laura Bossi": "Q106241663", "Claudia Croos-M\u00fcller": "Q21031988", "Mary P. Galea": "Q39873009", "Irina Elovaara": "Q29418888", "Joanne Lynn": "Q88019687", "Joanna Lewin-Kowalik": "Q66149724", "A M Bonnet": "Q67207524", "Eliane Volchan": "Q105708428", "Daniela Palomba": "Q57003086", "Daniela Perani": "Q67213735", "Sabine M\u00fcller": "Q96190548", "Kiti M\u00fcller": "Q5400102", "Alena N\u00e1b\u011blkov\u00e1": "Q116888576", "Rosalia Mendez-Otero": "Q42350440", "Virginija Gaigalait\u0117": "Q12677778", "Hannelore Ehrenreich": "Q1575862", "Eva Havrdov\u00e1": "Q41721885", "Ma\u0142gorzata Mraz": "Q16575785", "Mar\u00eda del Carmen Clapp Jim\u00e9nez": "Q27982965", "Mijna Hadders-Algra": "Q67426165", "Iris Maria Kloiber": "Q100705102", "Luciana Baroni": "Q104285205", "Karin Guti\u00e9rrez-Lobos": "Q110415809", "L\u00facia Willadino Braga": "Q96209938", "Larisa Bahdanovich": "Q9394017", "Maria Giuliana Vannucchi": "Q64885211", "Ronit Pinkas-Kramarski": "Q30111759", "Katalin Pungor": "Q90409832", "Christine Pozs\u00e1r": "Q94743081", "Asla Pitk\u00e4nen": "Q23039734", "Gabriela Timarova": "Q95968476", "Katalin Adrienna K\u00e9kesi": "Q47812065", "Vladim\u00edra Strandelov\u00e1": "Q95157026", "Enrica Strettoi": "Q38545609", "Estrella Rausell": "Q69050613", "Bettina Schmitz": "Q112465744", "Ma\u0142gorzata Frontczak-Baniewicz": "Q11772262", "Reetta K\u00e4lvi\u00e4inen": "Q42305503", "Maria Trinidad Herrero": "Q57973582", "Euphrosyne Gouzoulis-Mayfrank": "Q67672706", "Bo\u017cena Kami\u0144ska-Kaczmarek": "Q63672487", "Cornelia Matzke": "Q1133375", "Isabelle Arnulf": "Q30500707", "Montserrat Bernabeu i Guitart": "Q92888372", "Maria Leggio": "Q54056505", "Ivana \u0160t\u011btk\u00e1\u0159ov\u00e1": "Q13411262", "Frauke Zipp": "Q21259942", "Iva P\u0159\u00edhodov\u00e1": "Q82918076", "Nadine Mestre": "Q50227491", "Kirsten M\u00fcller-Vahl": "Q113539", "Inga Zerr": "Q67228353", "Bernadette Jansma": "Q68596015", "Nataliya Lozova": "Q65197389", "Pavla Jendelov\u00e1": "Q19829909", "Olga Valverde Granados": "Q47699404", "Henrike Scholz": "Q21261170", "Caroline Tilikete": "Q67390036", "Jennifer M. Groh": "Q52089393", "Laure Bally-Cuif": "Q28916493", "Claudia Cavadas": "Q42452365", "T\u00fcnde Hajnik": "Q72683632", "Lisa Gherardini": "Q59450433", "Pascale Dorenlot": "Q107310018", "Val\u00e9rie Compan": "Q61866730", "Anne-Lise Giraud": "Q57583851", "Christiane Nicola Klimek": "Q31039573", "Desdemona Fricker": "Q43071879", "Cl\u00e1udia Maria Pereira": "Q57740092", "Julia Mossbridge": "Q112554743", "M\u00aa Luz Montesinos Guti\u00e9rrez": "Q125339004", "Irena Rektorov\u00e1": "Q67211553", "Anja Henkel": "Q124823449", "Francesca Pastorelli": "Q96066378", "Barbara Tillmann": "Q28002123", "Charlotte Teunissen": "Q56887227", "Camin Dean": "Q90462123", "\u0160\u00e1rka Kubinov\u00e1": "Q61891518", "Carmen Barba": "Q42774422", "Ana Mart\u00edn-Villalba": "Q15451540", "Francesca Cicchetti": "Q89283451", "Hendrikje Nienborg": "Q89665113", "Francesca M Filbey": "Q89165896", "Gw\u00e9na\u00eblle Catheline": "Q50223253", "Alessandra Piccini": "Q113644640", "Annette Taberner": "Q4769122", "Agnes Fl\u00f6el": "Q56954900", "Valentina Zipoli": "Q114533540", "S\u00e9verine Sigrist": "Q27956001", "Marianna Amboni": "Q67172977", "Ghazaleh Tabatabai": "Q45324636", "Francesca Tinelli": "Q57112720", "Laura Fabbrini": "Q106835441", "Hana Bro\u017eov\u00e1": "Q95460760", "Gennarina Arabia": "Q89414653", "Nina Vardjan": "Q91708717", "Gabriella E\u00f6rdegh": "Q92299498", "Paula I. Moreira": "Q38547142", "Gina Forster": "Q101116696", "Arianna Di Stadio": "Q50295782", "Laura Cancedda": "Q57443891", "Kamila Markram": "Q42699605", "Sandrine Roulland": "Q50876695", "Cl\u00e1udia Guimas Almeida": "Q56505302", "Susana Sol\u00e1": "Q57696892", "Rosalina Fonseca": "Q59277156", "Eva Vl\u010dkov\u00e1": "Q95244001", "Eva Terzibasi Tozzini": "Q42324209", "Nurcan \u00dc\u00e7eyler": "Q109819813", "Chiara Cerri": "Q104613285", "Anna Abraham": "Q41874043", "Marianne Benoit-Marand": "Q47703178", "Tarja Malm": "Q81269165", "Francesca Malerba": "Q92316110", "Sandra Chanraud": "Q50223274", "Florinda Ferreri": "Q39272315", "Sonia Villapol Salgado": "Q42911295", "Ewelina Knapska": "Q21259681", "Marieke Longcamp": "Q59556855", "Adelaide Fernandes": "Q39565109", "Ilanit Gordon": "Q61974642", "Cristina Nombela": "Q92509796", "Servane Mouton": "Q119428751", "Ute H\u00e4ussler": "Q50229957", "Federica Agosta": "Q37840940", "Zuzana Lib\u00e1": "Q92251923", "Liad Mudrik": "Q6746811", "Ipek Yalcin Christmann": "Q43278523", "Leda Volpi": "Q65125857", "Darya Pino Rose": "Q16218730", "Giuseppina Lonetti": "Q114106231", "Morgan D. Barense": "Q56056909", "Jeanne T. Paz": "Q87729546", "Katharina Anton-Erxleben": "Q104103577", "Aleksandra Janusz-Kami\u0144ska": "Q11685187", "Marta Navarrete": "Q24047782", "Laura Baroncelli": "Q54256892", "Anik\u00f3 P\u00f3sa": "Q54994627", "Valentina Alda Carozzi": "Q60751224", "Anna Levina": "Q102418629", "Sacha van Albada": "Q41044102", "Lu\u00edsa Pinto": "Q46693384", "Agata Ko\u0142odziejczyk": "Q106116034", "Petra Varr\u00f3": "Q61835270", "Adema Ribic": "Q42855219", "Dominika Fri\u010dov\u00e1": "Q109425051", "Manuela Scali": "Q114270859", "Anne G. E. Collins": "Q87614315", "Maren Urner": "Q72361877", "Samah Karaki": "Q116870429", "Jana Hroudov\u00e1": "Q38799624", "Ilaria Barone": "Q108040995", "Marina Garc\u00eda-Macia": "Q47718015", "Iva \u0160rotov\u00e1": "Q95182163", "Olga Dobrushina": "Q93026174", "Eleonora Vannini": "Q98237321", "Renata Werner": "Q118143246", "Jasmin Mahler": "Q118143260", "Katie Appleyard": "Q129313346", "Marie-Alice Mathis": "Q39343914", "Ninna Kozorog": "Q79951540", "Simona Cintoli": "Q91028977", "Tahmineh Mokhtari": "Q57557009", "Alexandra Gros": "Q46719311", "Kaja Nordengen": "Q27230577", "Giovanna Testa": "Q114156400", "Luisa Proch\u00e1zkov\u00e1": "Q95095292", "Juliane Schelle": "Q118143254", "Elena Ilina": "Q58757685", "Esti Blanco Elorrieta": "Q84943265", "Jana Raputov\u00e1": "Q95095252", "Nerea Irastorza Landa": "Q96621353", "Giada Lettieri": "Q59679661", "Holly Warland": "Q81215462", "Ann-Christin Wendeln": "Q87317697", "Mar M\u00e1rquez": "Q122975623", "Gabriela Asturias Ruiz": "Q106070649", "Daniela Balslev": "Q20984787", "Tanja Kassuba": "Q25796309", "Maryann E. Martone": "Q28035135", "Dora Brites": "Q37384611", "Chaya Brodie": "Q42119329", "Arielle Tambini": "Q47105587", "Emanuela Colla": "Q48297708", "Kristina J. Nielsen": "Q48417041", "Patricia Garc\u00eda-Sanz": "Q49135990", "Fl\u00e1via Helo\u00edsa Santos": "Q51951175", "Jana Mrz\u00edlkova": "Q58235636", "Anna Wilmowska-Pietruszy\u0144ska": "Q30902745", "Catherine Julie Albert": "Q21043059", "Claudia Eder": "Q21257555", "Emiliana Borrelli": "Q21259235", "Julia Trommersh\u00e4user": "Q21263826", "Seralynne Vann": "Q21264641", "Uta Noppeney": "Q21264829", "Margitta Seeck": "Q21402749", "Nica Borgese": "Q21402753", "Rebecca Matsas": "Q21402757", "Sandra Aamodt": "Q23670660", "Una McCann": "Q24279153", "Vanessa van der Linden": "Q26237767", "Clara Howcroft Ferreira": "Q27088687", "Elizabeth Healey": "Q27670368", "Agnieszka S\u0142owik": "Q30437288", "Negah Rahmati": "Q30506380", "Ruth Ann Marrie": "Q37368469", "Lynn K. Paul": "Q37383920", "Andrea Harrer": "Q37829402", "Nikki Sawyer": "Q37830434", "M\u00f3nica M. Sousa": "Q38327590", "Tamara Ownsworth": "Q38546407", "Alexandra G. Rosati": "Q39381159", "Marcia Bockbrader": "Q40186218", "Annagrazia Adornetto": "Q40357833", "Eleni Vasilaki": "Q41045559", "Marta Andres-Mach": "Q41138802", "Anne-Catherine Bachoud-L\u00e9vi": "Q41907952", "Emma Gowen": "Q42172034", "Ambra Bisio": "Q42173304", "Iwona Kurkowska-Jastrz\u0119bska": "Q42305539", "Luana Colloca": "Q42305702", "Maria Giovanna Marrosu": "Q42408301", "Jane W. Chan": "Q42409610", "Teresa Summavielle": "Q42729971", "Raquel Ferreira": "Q42735127", "Isaura Tavares": "Q42789784", "Simona Capsoni": "Q42873546", "M. Chiara Manzini": "Q42884797", "Zuzanna Setkowicz-Janeczko": "Q43253739", "Melissa L. Rayhill": "Q43265898", "Kim Hemsley": "Q43846901", "Lu\u00edsa V. Lopes": "Q44036463", "Jana L\u00edzrov\u00e1 Preiningerov\u00e1": "Q44483255", "Deolinda Lima": "Q44545380", "Emile Bruneau": "Q45388558", "Rebecca G. Smith": "Q45729447", "Sandra Carvalho": "Q46849442", "Alexandra Whittaker": "Q47377563", "Monica Busse": "Q47503797", "Anne Rosser": "Q47503799", "Anastasia Kiyonaga": "Q47711285", "Daria J. Kuss": "Q47824032", "Sudarshini Ramanathan": "Q48866882", "Claudia Feitosa-Santana": "Q49996434", "Jane E. Alty": "Q50244028", "Olga Ulmanov\u00e1": "Q50265574", "Maria A Rocca": "Q52147710", "Ma\u0142gorzata Zgorzalewicz-Stachowiak": "Q52653109", "Yenisel Cruz-Almeida": "Q52692146", "Beata Borzemska": "Q53390617", "Bruna Lancia Zampieri": "Q54323923", "Helena Jahnov\u00e1": "Q55692869", "Joanna Siuda": "Q55873623", "Sin\u00e9ad Murphy": "Q56056871", "S\u00e9verine Boill\u00e9e": "Q56288705", "Anne Baron-van Vercooren": "Q56289037", "B\u00e9atrice Desgranges": "Q56289181", "Kathryn McDaniel": "Q56380687", "Katarzyna Kotulska": "Q56418714", "Maria Pia Amato": "Q56451881", "Dorothy M Jones-Davis": "Q56550105", "Laurie Miller": "Q56642584", "Sheryl Martin-Schild": "Q56722493", "Monica Betta": "Q56849145", "Marilyn S. Albert": "Q56861968", "Veronica O'Keane": "Q56863673", "Poppy Crum": "Q56882240", "Livia Pasquali": "Q56885067", "Grace E. Rice": "Q56923773", "Mariateresa Sestito": "Q56953307", "Laura D. Lewis": "Q56957864", "Astrid Thomas": "Q57003521", "Luisa De Risio": "Q57015825", "Grace W. Lindsay": "Q57066154", "Joanna Urban-Cie\u0107ko": "Q57081374", "Petra Nytrova": "Q57081844", "Gabriella Silvestri": "Q57092769", "Malgorzata Beresewicz": "Q57177695", "Eva Feketeova": "Q57223523", "Simona Balestrini": "Q57233732", "Klara Mareckova": "Q57306773", "Jenny Lenkowski": "Q57321133", "Ana Jo\u00e3o Rodrigues": "Q57331982", "Kavita Babu": "Q57337292", "Katarzyna Zybura-Broda": "Q57595770", "Ifat Levy": "Q57635510", "Simona Monaco": "Q57713060", "Robyn Langdon": "Q57837313", "Toni Pitcher": "Q57970861", "Joanna Pera": "Q57981485", "Ana Verdelho": "Q58338960", "Dorota Dziewulska": "Q58482025", "Cheryl Carcel": "Q58492846", "Halina Sienkiewicz-Jarosz": "Q58537077", "Petra La\u0161\u0161uthov\u00e1": "Q58756603", "Shabnam N Kadir": "Q58790721", "Joanna Dzwonek": "Q58887882", "Amy L. Altick": "Q58917576", "Laura Restani": "Q59010267", "Catherine Stoodley": "Q59149204", "Joanna Gesche": "Q59164306", "Anna C. Schapiro": "Q59297911", "Eve Tsai": "Q59535701", "Sarah Shomstein": "Q59543792", "Fabiana Kubke": "Q59548634", "Carina Soares-Cunha": "Q59553599", "Ewa Kublik": "Q59607379", "Frances S. Chance": "Q59649465", "Serena Stanga": "Q59665827", "Laura Harrison": "Q59676749", "Lorelei D. Shoemaker": "Q59679230", "Devon C. Crawford": "Q59679527", "Stephanie Palmer": "Q59681164", "Julia L\u00f6schner": "Q59687507", "Jennifer F. Linden": "Q59688046", "Sylvie R\u00e9taux": "Q59693689", "Melissa J. Armstrong": "Q59695795", "Mireille Besson": "Q59698656", "Hanna Fabczak": "Q59703591", "Ilona Kondratiuk": "Q59705099", "Grazyna Lietzau": "Q59707028", "Monika Nojszewska": "Q59707803", "Anna Potulska-Chromik": "Q59707998", "Katarzyna Kaczy\u0144ska": "Q59766785", "Iwona Rotter": "Q59830460", "Clare Reynell": "Q60009189", "Sarah Munro": "Q60056636", "Nicolette Driscoll": "Q60057790", "Anne H\u00e9ron": "Q60311275", "Franziska Denk": "Q60325988", "Anna Szczepanska-Szerej": "Q60327862", "Deborah M. Hodgson": "Q60390860", "Marelle Heesterbeek": "Q60398560", "Jun Wang": "Q60419678", "Beata Labuz-Roszak": "Q60425566", "Urszula Slawinska": "Q60602747", "Barbara B\u0142aszczyk": "Q60656066", "Petra Kovalsk\u00e1": "Q60687025", "Judith E Grisel": "Q60825625", "Cecile D. Ladouceur": "Q60999021", "Janja Pretnar-Oblak": "Q61010044", "Elisa Bustaffa": "Q61094625", "Alexia Tiberi": "Q61109465", "Izabela Monika Rozmilowska": "Q61125212", "Rommy von Bernhardi": "Q61129620", "Ilona Kopyta": "Q61148178", "Ewa Krzystanek": "Q61157673", "Katarzyna Radwa\u0144ska": "Q61190451", "Jacqueline E Tate": "Q61249048", "Anna Kostera-Pruszczyk": "Q61638820", "Tania Das Banerjee": "Q61697336", "Katarzyna \u0141ukasiuk": "Q61826660", "Jesica Raingo": "Q61983487", "Agnieszka Gorzkowska": "Q62589355", "Sandra T Cooper": "Q62839868", "Joanna J\u0119drzejewska-Szmek": "Q62854509", "Sarah L. Pallas": "Q63725483", "Sarah Marshall-Pescini": "Q63979558", "Teresa Wierzba-Bobrowicz": "Q63987098", "Jitka Bu\u0161kov\u00e1": "Q64092472", "Rebecca E Nordquist": "Q64147582", "Sandrine Willaime-Morawek": "Q64222350", "Urszula Fiszer": "Q64495578", "Barbara Zablocka": "Q64682395", "Alexandra Carter": "Q64765345", "Elena Moro": "Q64784931", "Lucia Ricciardi": "Q64858658", "Laura Parkkinen": "Q64885317", "Dorota Konopka-Postupolska": "Q65963266", "Cristine Czachowski": "Q66072488", "R. Suzanne Zukin": "Q67185551", "Suzanne N. Haber": "Q67223169", "Jennifer A. Mangels": "Q67226328", "Katarzyna Sieradzan": "Q67385151", "Monika Rudzi\u0144ska-Bar": "Q67395789", "Mariann Weierich": "Q67405139", "Helena Domin": "Q67880668", "Joanna Wiero\u0144ska": "Q67880677", "Shilpa D. Kadam": "Q69456772", "Phil Waite": "Q69458904", "Agata Woldan-Tambor": "Q70784498", "In\u00eas Maria Ara\u00fajo": "Q73045148", "Beata Tarnacka": "Q73130039", "Joanna Sliwowska": "Q73140327", "Natalia Pavlova": "Q73262906", "Joanna I\u0142\u017cecka": "Q73666750", "Anita Cybulska-Klosowicz": "Q73790584", "Maria \u0141ukasik": "Q79434538", "Hanna Mierzewska": "Q79445921", "Sylvie Fontayne-Agui\u00e9": "Q79600609", "Tatiana Kharitonova": "Q79639512", "Joanna Smigielska-Kuzia": "Q79659136", "Monika Liguz-Lecznar": "Q79748991", "Iwona Sarzy\u0144ska-D\u0142ugosz": "Q80276327", "Dorota Dunin-Wasowicz": "Q80842201", "Ludmila Borodulin-Nadzieja": "Q82076500", "Alicja Kalinowska-\u0141yszczarz": "Q82254313", "Alla Graban": "Q83215308", "Jennifer Urbano Blackford": "Q83451281", "Autumn Kujawa": "Q83557098", "Barbara Jasinska-Myga": "Q83920460", "Olga Gajewska-Wozniak": "Q84398764", "Irina Higgins": "Q84679576", "Anna G\u00f3jska-Grymaj\u0142o": "Q85272842", "Karolina Dzie\u017cyc-Jaworska": "Q85372349", "Erika Schirinzi": "Q85464107", "Chiara Pane": "Q85573484", "Ewa Matyja": "Q85632007", "Samira Anderson": "Q86184306", "Brielle Ferguson": "Q86598361", "Pavlina Kleinova": "Q86727357", "Luiza Stanaszek": "Q86833286", "Anna Sarnowska": "Q86981054", "Zs\u00f3fia I L\u00e1szl\u00f3": "Q86994662", "Margherita Russo": "Q87092764", "Marta Jakoniuk": "Q87184116", "Katarzyna Szacka": "Q87366436", "Magdalena Lewa\u0144ska": "Q87483619", "Ruth Rosenstein": "Q87590291", "Anetta Lasek-Bal": "Q87624689", "Sabine L\u00e9vi": "Q87638915", "Alessandra Aldinucci": "Q87641310", "Aleksandra Klimkowicz-Mrowiec": "Q87737398", "Fernanda De Felice": "Q87769550", "Julie Harris": "Q87770510", "Sangeeta Panicker": "Q87881331", "Jadwiga Kuciel-Lewandowska": "Q87903161", "Michelle A Farrar": "Q87955289", "Melissa Collins Duff": "Q87967659", "Indira M. Raman": "Q87987881", "Marta Anczewska": "Q87999759", "Justyna Paprocka": "Q88034304", "Jana Ma\u0161kov\u00e1": "Q88051381", "Eve De Rosa": "Q88152814", "Laura A. Schrader": "Q88281412", "Marie H\u00e9bert": "Q88305893", "Malgorzata Perycz": "Q88318683", "Celine Gathier": "Q88346107", "Anna Fe\u010d\u00edkov\u00e1": "Q88379835", "Diana Jerusalinsky": "Q88507657", "Alicja Pu\u015bcian": "Q88536158", "\u00c1ine Byrne": "Q88614759", "Lila Landowski": "Q88737410", "Catarina Saiote": "Q88853156", "Marta Waliszewska-Pros\u00f3\u0142": "Q88929534", "Laura Vilella": "Q88934028", "Monika Go\u0142\u0105b-Janowska": "Q88939832", "Katharina Dobs": "Q88945162", "Marta Lancione": "Q88972968", "Francesca Conca": "Q89142883", "Angeles B. Ribera": "Q89177102", "Bo\u017cena Adamczyk": "Q89261528", "Kelly Flemming": "Q89357428", "Anna Starostka-Tatar": "Q89466800", "Hyang Woon Lee": "Q89484113", "Hadar Levi-Aharoni": "Q89505392", "Elizabeth A. Reynolds Losin": "Q89518974", "Ma\u0142gorzata Micha\u0142owska": "Q89543265", "Moran Dvela-Levitt": "Q89564377", "Eleonora Cavalca": "Q89597632", "Sharna Jamadar": "Q89705803", "Maria Teresa Ferretti": "Q89707679", "Julie Mart\u00ednkov\u00e1": "Q89707682", "Marta Skowro\u0144ska": "Q89776744", "Susanne Tewes": "Q89800640", "Irene Neuner": "Q90158645", "Karen D Ersche": "Q90158666", "Anna Poggesi": "Q90241199", "Renata Rusa": "Q90315772", "Lekha Pandit": "Q90431286", "Megan A. K. Peters": "Q90455176", "Vika Smerdu": "Q90459857", "Evanna Gleason": "Q90467839", "Veronika Rutar": "Q90473366", "Gina Kuperberg": "Q90693804", "Francesca De Luca": "Q90721377", "Keely A. Muscatell": "Q90813027", "Wioletta Pawlukowska": "Q90819615", "Mateja Erdani Kreft": "Q90863273", "Emilia Rejmak-Kozicka": "Q90878486", "Aleksandra M Herman": "Q90901234", "Joanna Tarasiuk": "Q90922768", "Halina Bartosik-Psujek": "Q90922770", "Maria Cristina Cenni": "Q91028980", "Zinah Wassouf": "Q91070506", "Veronika Stoka": "Q91084351", "Kim L Felmingham": "Q91111727", "Maria Claudia Caiazza": "Q91143534", "Agnieszka Korchut": "Q91202624", "Anna Pokryszko-Dragan": "Q91303074", "Marta Dubik-Jezierza\u0144ska": "Q91303077", "Aleksandra Podlecka-Pi\u0119towska": "Q91303080", "Alina Ku\u0142akowska": "Q91303094", "Divyani Garg": "Q91346348", "Maria Hlebowicz": "Q91359043", "Madelon A. Vollebregt": "Q91363690", "Allison B Coffin": "Q91498768", "Erin Michalak": "Q91681088", "Sheila Ons": "Q91751007", "Joana Carvalho (neurologista)": "Q91790218", "Victoria Booth": "Q91796621", "Luc\u00eda Gal\u00e1n D\u00e1vila": "Q91827013", "Daniela Pietrobon": "Q91834707", "Jennifer R. Yates": "Q91873807", "Kathryn G. Todd": "Q91917936", "Andreja Erman": "Q91986295", "Monika Chor\u0105\u017cy": "Q92010392", "Leila Chaieb": "Q92013851", "Barbara Lukomska": "Q92055340", "Vita \u010ceba\u0161ek": "Q92059790", "So Young Moon": "Q92092891", "Maria C. Dadarlat": "Q92338600", "Claudia M Moreno": "Q92351072", "Magdalena Ku\u017ama-Kozakiewicz": "Q92387996", "Anna Winczewska-Wiktor": "Q92530362", "Barbara Steinborn": "Q92530364", "Magdalena Bosak": "Q92648619", "Rebekah M Ahmed": "Q92957277", "Alice Mariottini": "Q92971806", "Patsy Dickinson": "Q93336412", "Lidia Garcia-Campmany": "Q93736138", "Ji Ye Jeon": "Q94958558", "Iga Wasilewska": "Q95828700", "Katarzyna Paluch": "Q95969510", "Magdalena W\u00f3jcik-P\u0119dziwiatr": "Q95976617", "Fary Khan": "Q95978568", "Pavla Pe\u0159inov\u00e1": "Q95978752", "Dorota Raczy\u0144ska": "Q96085192", "Dorota Koziarska": "Q96188138", "Carla Cirillo": "Q96189897", "Marta Le\u0144ska-Mieciek": "Q96221037", "Talia Konkle": "Q96348346", "Emily Drabant Conley": "Q96473331", "Ariane Mackey": "Q96642297", "Arati S. Kreibich": "Q97009721", "Paola Tognini": "Q97411751", "Stephanie C Reed": "Q97553744", "Ma\u0142gorzata Gawe\u0142": "Q97665642", "Danuta Ryglewicz": "Q98087639", "Filomena Abate": "Q98292145", "Anna Radwa\u0144ska": "Q98565238", "Ann M E Bye": "Q99349652", "Maria Mazurkiewicz-Be\u0142dzi\u0144ska": "Q99349653", "Maria Houtchens": "Q99363929", "Patrycja Brzd\u0105k": "Q99595664", "\u00c9l\u00e9onore Duvelle": "Q99596233", "Sara Bagnoli": "Q100476482", "Ane Skaare Sjulstad": "Q100527733", "Sara Baldini": "Q100949519", "Agnieszka Meller": "Q102142533", "Marieta Peycheva": "Q104257425", "Anne Abbott": "Q104367362", "Anne-Marie de Barsy": "Q104370020", "Marta Lipowska": "Q104610887", "Manuela Allegra": "Q104613286", "Biruta Kierdaszuk": "Q104743029", "Ma\u0142gorzata Buksi\u0144ska-Lisik": "Q104748759", "Rebecca B. Smith": "Q104797179", "Martha M. Bosma": "Q104828340", "Bing W. Brunton": "Q104828341", "Berta Gonzalez Frankenberger": "Q105607548", "Yanina Leon Uscapi": "Q105708586", "Kelly Tremblay": "Q107001342", "Yaara Yeshurun": "Q107496379", "Pamidimukkala Vijaya": "Q107545936", "Eva Wiese": "Q108459091", "Karen C. Johnston": "Q108904457", "Eva Fifkov\u00e1": "Q108653577", "Elizabeth Wells": "Q108702945", "Martina Berto": "Q108721305", "Madaline Harrison": "Q108904376", "Laura Parisi": "Q109128692", "Kristie T. Ota": "Q109235808", "Valentina Cardinali": "Q109286702", "Jules Montague": "Q109498411", "Evgenia Bednaya": "Q109769398", "Elena Tantillo": "Q109777580", "Ilene Ruhoy": "Q110348862", "Kelley Mazzetto Betti": "Q110983554", "Bo\u017cena Galas-Zgorzalewicz": "Q111434929", "Rachel Genn": "Q111730419", "Anna Krygowska-Wajs": "Q112118073", "Antonella Conte": "Q112158295", "Serena Bancone": "Q112161557", "Laura Benedetta Romeo": "Q112205680", "Ilaria Lista": "Q112222491", "Sofia Cuoco": "Q112302005", "Irina Esterlis": "Q112304527", "Jane Taylor": "Q112308667", "El\u017cbieta Czarnecka": "Q112517558", "Francesca Gaeta": "Q112570725", "Janina Szulc-Kuberska": "Q112592958", "Annamaria Landolfi": "Q112596462", "Maria Francesca Tepedino": "Q112631401", "Maria Claudia Russillo": "Q112666714", "Danuta Ro\u017cniecka-Ro\u015bciszewska": "Q112668221", "Teresa Pinto-Hamuy": "Q112846116", "Janis Weeks": "Q112850931", "Caterina Rizzi": "Q113451102", "Silvia Landi": "Q113815815", "Debora Napoli": "Q114095015", "Giulia Sagona": "Q114095161", "Elena Putignano": "Q114095213", "Francesca Ciucci": "Q114106149", "Pamela Reinagel": "Q114183054", "Vittoria Cuteri": "Q114209868", "Maria Spolidoro": "Q114260034", "Monica Pellegrini": "Q114277328", "\u041a\u0430\u0446\u044f\u0440\u044b\u043d\u0430 \u041c\u0456\u043a\u0430\u043b\u0430\u0435\u045e\u043d\u0430 \u041f\u0430\u043d\u0430\u043c\u0430\u0440\u043e\u0432\u0430": "Q114324799", "Leja Dolenc-Gro\u0161elj": "Q114326333", "Anna \u0141usakowska": "Q114342147", "Tatjana Begenisic": "Q114345429", "Letizia Brogi": "Q114353053", "Irene Knuesel": "Q114399501", "Barbara Tomik": "Q114416365", "Magdalena Larysz-Brysz": "Q114420049", "Anna Paola Batocchi": "Q114438003", "Mariateresa Mazzetto": "Q114438630", "Ewelina Grzywna": "Q114442200", "Claudia Alia": "Q114443060", "Dorota Doma\u0144ska-Pakie\u0142a": "Q114529443", "Orla M Gray": "Q114533522", "Lucia Rota": "Q114555702", "Cinzia Caterino": "Q114556254", "Matia B. Solomon": "Q114576375", "Teresa De Nadai": "Q114670596", "Laura Gianfranceschi": "Q114670738", "Antonella Maselli": "Q114672677", "Laura Costantin": "Q114726728", "Beata Legutko": "Q114739563", "Manuella Mendes Martins": "Q114757338", "Nadia Concetta Giordano": "Q114766456", "Ivana Oll\u00e0": "Q114836417", "\u0411\u04d9\u0445\u0442\u0435\u0439\u04d9\u0440\u043e\u0432\u0430 \u041a\u043b\u0430\u0440\u0430 \u0417\u04d9\u043a\u0438 \u04a1\u044b\u0499\u044b": "Q115035201", "Ewa \u017burawska": "Q115138453", "Melanie Shulman": "Q115177892", "Danuta Dylewska-Paw\u0142owska": "Q115838873", "Jolanta Kiczka-Wojczuk": "Q115855515", "Wanda Lipczy\u0144ska-\u0141ojkowska": "Q116046990", "Maria Bara\u0144ska-Gieruszczak": "Q116047015", "Krystyna Mitosek-Szewczyk": "Q116202581", "Ewa Papu\u0107": "Q116262414", "Rebecca Bliss Ryan Milholland": "Q116922882", "Joanna Wojczal": "Q117221914", "Maria \u015amia\u0142owska": "Q117222556", "Krystyna Honczarenko": "Q117268868", "Elena Cupisti": "Q117319447", "Catherine E Hobbs": "Q117599121", "Sarah E Kohe": "Q117599141", "Rosie Brown": "Q117628860", "Ewa Pi\u0142kowska": "Q117807907", "Danuta Lenart-Jankowska": "Q118123633", "Anna Budzianowska": "Q118258568", "Tara Swart": "Q120607764", "Anna G\u0142uszcz-Zieli\u0144ska": "Q121026384", "Ewa Bertrand": "Q121070668", "Arleta Kuczy\u0144ska-Zardzewia\u0142y": "Q121073117", "Ma\u0142gorzata Szenborn": "Q121662897", "Ma\u0142gorzata Bili\u0144ska": "Q121665371", "Ekta Singh Dahiya": "Q121842682", "Rosamund Hill": "Q122443801", "Jolanta Biernawska": "Q122731526", "Elaine Sanders-Bush": "Q122853700", "Renata Martyn\u00f3w-Medo\u0144": "Q123053042", "Tiffany Rose Farchione": "Q123410008", "Jennifer Palmer": "Q123468179", "Ayesha Sherzai": "Q124327470", "Gra\u017cyna Zwoli\u0144ska": "Q124631838", "Margaret M. Ryan": "Q125658242", "Victoria Abraira": "Q126487019", "Angela Vujic": "Q126490513"}