{"Apollonia von Waldenfels": "Q619339", "Alasia of Savoy": "Q2836703", "Yevdokiya Naryshkina": "Q4156419", "Hildegard, princess of Francia": "Q4953965", "Atanazja (Gromieko)": "Q9161555", "Berteflede": "Q9655632", "Clothilde": "Q9777436", "Marie de Montmorency": "Q15646947", "\u0410\u0433\u0430\u0444\u044c\u044f \u041a\u0430\u0440\u043f\u043e\u0432\u043d\u0430": "Q18241874", "Geertruid ter Poorten": "Q20017549", "Geertruid Monnickes": "Q20031921", "Agn\u00e8s de Guimer\u00e0": "Q20100246", "Obdulia": "Q20995276", "Ada": "Q23015567", "Gundrada": "Q23017405", "Bertha": "Q23991005", "Gisela": "Q24028075", "Theodora Doukaina": "Q61140664", "\u0424\u0438\u043b\u0430\u0440\u0435\u0442\u0430 (\u0428\u043b\u0438\u043f\u043f\u0435\u043d\u0431\u0430\u0445)": "Q64864075", "Irmgard von Hohenlohe": "Q75382865", "Ippolita Marliani": "Q75848426", "Beatrix of Nassau": "Q93879672", "Richardis of Nassau": "Q94578278", "Adelaide of Nassau": "Q94637002", "Agnes of Nassau-Hadamar": "Q95191644", "Helena of Nassau-Hadamar": "Q95212287", "Agnes of Nassau": "Q95373171", "Fanny Christ": "Q95635041", "Adelaide of Nassau-Siegen": "Q95913712", "Adelaide of Nassau-Wiesbaden-Idstein": "Q96083900", "Catherine Sapieha": "Q100707510", "Benedetta di Assisi": "Q106087742", "Zofia Urszula Stradomska": "Q107151116", "Sophie d\u2019Andlau": "Q117049987", "\u0421\u0456\u0431\u0456\u043b\u0430 \u0437 \u041f\u0430\u0446\u0430\u045e": "Q124832034", "\u0413\u0430\u043d\u043d\u0430 \u0437 \u041f\u0430\u0446\u0430\u045e": "Q124987972", "\u041c\u0430\u0440\u044b\u043d\u0430 \u0411\u044f\u043d\u0456\u0433\u043d\u0430 \u0437 \u0414\u0440\u0443\u0446\u043a\u0456\u0445-\u0413\u043e\u0440\u0441\u043a\u0456\u0445": "Q125307156", "\u0420\u0443\u0436\u0430 \u0437 \u0414\u0440\u0443\u0446\u043a\u0456\u0445-\u0413\u043e\u0440\u0441\u043a\u0456\u0445": "Q125364116", "Pome": "Q18222028", "Lingzong": "Q91787250", "Robba": "Q3434262", "Magnanzia": "Q3277068", "Ina ach Cynyr": "Q53779022", "Lleucu": "Q61107833", "Enghenedl": "Q13128270", "Fridiburga": "Q18275190", "Juliana of Pavilly": "Q109451261", "Attala": "Q757874", "Notburga von K\u00f6ln": "Q20748316", "Eusebia": "Q959947", "Theodrada": "Q23017411", "Thiatildis": "Q1740066", "Heriburg von Nottuln": "Q1609960", "Roswitha von Liesborn": "Q2167965", "Hathumod": "Q536995", "Christina I": "Q21779580", "Gisela of Lotharingia": "Q1527501", "Ermengard": "Q24028112", "Adelindis von Buchau": "Q355154", "N.N. c\u00f3rka Boles\u0142awa Chrobrego": "Q16581023", "Erlinde of Holland": "Q2167731", "Liutgard of Elten": "Q2631322", "Hilsondis": "Q13726747", "Alruna von Cham": "Q2651367", "Matrull de Barcelona": "Q11936217", "Judith von Ringelheim": "Q1275272", "Almut von Wetter": "Q1302810", "Gerberga": "Q1510318", "Wichburg von Geseke": "Q2567397", "Wiltrud von Bergen": "Q2582672", "Urraca of Aragon": "Q56510596", "Suanhild": "Q536412", "Hedwig von Wolhusen": "Q19502529", "Anna Doukaina": "Q61140699", "Adelheid von Dillingen": "Q94746022", "Raingarde de Semur": "Q3417816", "Felicia-Matilda of Mayenne": "Q6713340", "Hombelina": "Q107067315", "Visclavara Froilaz de Traba": "Q61061786", "Gerberga von Cappenberg": "Q1510323", "Wichburg": "Q2567391", "Beatrix van Lens": "Q2113790", "Ida of Arnsberg": "Q1656558", "Berta": "Q97097172", "Judith von Northeim": "Q1454792", "Agnes de Venosa": "Q20851184", "von Ungarn Sophia": "Q95205324", "Alix de Bourgogne": "Q75917366", "Hedwika a Boemiei": "Q612452", "Agnes of Bohemia": "Q3505610", "Gertrude (abbesse de la Cambre)": "Q54819687", "Gis\u00e8le": "Q72808368", "Urraca D\u00edaz de Haro": "Q9091997", "Constanza de Castilla": "Q5784541", "Hedwig von Gutenstein": "Q1508763", "Elisabeth von Schneckenburg": "Q19502197", "Judenta von Hagenbuch": "Q19506807", "\u00d2ria Ram\u00edrez": "Q20101390", "Kunigunde of Vohburg": "Q20852621", "Rikinza von Gernrode": "Q1573440", "Adelheid von Murkart": "Q19501863", "Eufrozyna Suzdalsk\u00e1": "Q16593942", "Sancha Alfonso of Le\u00f3n": "Q6119811", "Berenguela de Castilla": "Q5726308", "Nostongonissa Tarchaneiotissa": "Q125749163", "Sancha d'Aragona": "Q3825668", "Mar\u00eda de Arag\u00f3n y Hungr\u00eda": "Q6004783", "Amicie de Montfort": "Q470821", "Oda von Meinersen": "Q2014043", "Katarina": "Q4958265", "Katarina Svantepolksdotter": "Q4958315", "Margareta Valdemarsdotter av Sverige": "Q4965654", "Gerardesca of Pisa": "Q19844464", "Hiltgart von H\u00fcrnheim": "Q94738560", "S\u00e9guine de Comminges": "Q109606842", "\u0415\u043b\u0438\u0437\u0430\u0431\u0435\u0442 \u0411\u0430\u0432\u0430\u0440\u0441\u043a\u0430": "Q20499225", "Anna von Bolanden": "Q563750", "Justine Bezzoli": "Q3190521", "Maria of Portugal": "Q3306659", "Christina von Retters": "Q1083344", "von Freiburg Adelheit": "Q94746355", "Marguerite de Metola": "Q3290785", "Beatrix de Genevile": "Q69763866", "Elsbeth von Oye": "Q23059347", "Matilda de Genevile": "Q69763754", "Irene Choumnaina": "Q3154641", "Anna von N\u00fcrnberg": "Q563872", "Elisabeth von Kleve": "Q1330447", "Kunigunde von Nothaft": "Q1792201", "Mechtildis von Bongard": "Q1915644", "Arnaleta d'Alta-riba": "Q11906590", "Col\u00e0gia de Barcelona": "Q11914796", "Gueralda de Gu\u00e0rdia i de Cervera": "Q21081321", "Agnes von Weimar-Orlam\u00fcnde": "Q120092", "Beatrix von Grafschaft": "Q813300", "Irmingard II. von Ummendorf": "Q1328761", "Elisabeth von Bussnang": "Q1330420", "Gertrud II. von Boventhen": "Q1515589", "Gertrud III. von Everstein": "Q1515590", "Gisela von Schl\u00fcsselberg": "Q1527504", "Hedwig IV. von Gernrode": "Q1593352", "Maria Afonso": "Q512912", "Elisabeta": "Q10787469", "Flora of Beaulieu": "Q2239586", "Margaret le Despenser": "Q72375977", "Anna Bavorsk\u00e1": "Q24576313", "\u0424\u0435\u043e\u0434\u043e\u0440\u0430 \u041d\u0438\u0436\u0435\u0433\u043e\u0440\u043e\u0434\u0441\u043a\u0430\u044f": "Q30879290", "Marie de Bourbon": "Q2445544", "Joana de Tolosa": "Q4178121", "Elisabeth von Schleswig": "Q4946397", "Bengta Gunnarsdotter": "Q4951383", "Ingeborg Knutsdotter": "Q4955696", "Helen of Lithuania": "Q55082017", "Miklaus\u0117 Marija": "Q11781132", "Lucia da Caltagirone": "Q3838489", "Agnes von N\u00fcrnberg": "Q125351", "Margarita de Lara": "Q5997133", "Leonor S\u00e1nchez de Castilla": "Q5768604", "Isabella of Woodstock": "Q75382580", "Mechthild II. von Anhalt": "Q1284153", "Katharina van Naaldwijk": "Q2805020", "Elisabeth von Eitzing": "Q28005215", "Adelheid von Plassenberg": "Q354862", "Agnes von Hanau": "Q394743", "Margarethe von Merwitz": "Q1422860", "Margareta zu Castell": "Q1895060", "\u0422\u0435\u043e\u0434\u043e\u0440\u0430 \u041a\u0430\u043d\u0442\u0430\u043a\u0443\u0437\u0438\u043d\u0430": "Q122241486", "Katharina von N\u00fcrnberg": "Q125345", "Agnes von Wallenroth": "Q394792", "Anna of Henneberg": "Q563821", "Anna von Schl\u00fcsselberg": "Q563918", "Katharina von Schaumberg": "Q1668195", "Katharina F\u00f6rtsch von Thurnau": "Q1735892", "Katharina Rieter": "Q1735976", "Longa von Kotzau": "Q1869445", "Ruth von Mosbach-Lindenfels": "Q2177815", "Elisabeth von Ehrenberg": "Q15628844", "Magdalena Beutler": "Q2775313", "Eufemia Giustiniani": "Q94774367", "Verena von Stuben": "Q2515349", "Katharina von Hoya": "Q1413806", "Elisabeth Kempf": "Q55903319", "Annalena Malatesta": "Q109986326", "Magdalena Heidenheimer": "Q94768572", "Elisabeth of Bavaria": "Q94772080", "Marie de Bretagne": "Q15646920", "Elisabeth von K\u00fcnsberg": "Q1330454", "Holzschuher Klara": "Q94768143", "Margaretha Kratz von Scharfenstein": "Q15833841", "Marie van Oss": "Q2747443", "Holzschuher Kunigunde": "Q94768144", "Madeleine d'Amboise": "Q3275753", "Katharina von W\u00fcrttemberg": "Q76057253", "Margaret of Sachsen": "Q1371754", "Anna Walther": "Q94732452", "Clara Egghart": "Q1095174", "Christina Elafsdotter": "Q4946253", "Sibylla of Helfenstein-Blaubeuren": "Q21032132", "Margaret Vernon": "Q28090158", "Sibilla von Bondorf": "Q98111100", "Scholastica von Anhalt": "Q1170058", "Margarete of Palatinate-Zweibr\u00fccken": "Q1498247", "Ghebbe Canter": "Q19913780", "Elisabeth von Weida": "Q1330501", "Helena von Hohenzollern": "Q1601917", "Katharina of Stolberg": "Q1736048", "Ursula Pf\u00e4ffinger": "Q1628094", "Angela von Holfels": "Q94768586", "Anna Tucher": "Q94733466", "Helena Tucher": "Q94733467", "Isabel Cifre": "Q106615876", "Walburga Pirckheimer": "Q114440445", "Ren\u00e9e de Bourbon": "Q15646990", "Justina Blarer": "Q94757377", "Ottilie of Baden": "Q1279923", "Chiara Bugni": "Q93242480", "Dorothea von Brandenburg": "Q1246311", "Clara von Ringoltingen": "Q94735651", "Katharina Pirkheimer": "Q55858893", "Anna Ratdolt": "Q55859346", "Brigitta von Stiebar": "Q916041", "Clara Pirkheimer": "Q55858890", "Sabina Pirkheimer": "Q55858894", "Wandula von Schaumberg": "Q2548189", "Magdalena von Staupitz": "Q58430552", "Euphemia Pirkheimer": "Q55858892", "Martha Tucher": "Q94733465", "Maria von Hanau-Lichtenberg": "Q1896508", "Felizitas Grundherr": "Q95207945", "Catharina van Hollebeke": "Q2921224", "Catherine of Navarre": "Q61711094", "Louise de Bourbon": "Q15647104", "Cornelia van Adrichem": "Q19754745", "Apollonia of Pod\u011bbrady": "Q30330231", "Juliana Tucher": "Q94733468", "Quiterie of Navarre": "Q61710778", "Beatrix von Engelport": "Q813297", "Cordula von F\u00fcrstenberg": "Q1132406", "Elisabeth von Sayn": "Q1330489", "Birgitta Knutsdotter Kurck": "Q4959255", "In\u00e9s Enr\u00edquez": "Q5646282", "Ottilie M\u00fcntzer": "Q6524314", "Mar\u00eda Manuel": "Q20005731", "Francina de Guimer\u00e0": "Q20100596", "Anna von Rothenstein": "Q50413933", "Veronika Welser": "Q60994604", "Margareta von Pappenheim": "Q94732692", "Regula von Lichtenthal": "Q1307055", "Elisabeth Silbereisen": "Q1330292", "Ottilia Schenk von Siemau": "Q1419731", "Magdalena von Wirsberg": "Q1470262", "Margareta von Zedtwitz": "Q1554202", "Ursula von Truppach": "Q1685605", "Margaretha von Zedtwitz": "Q1895099", "Marina de Omura": "Q3293239", "Elizabeth Woodford": "Q28092668", "Caritas Pirckheimer die J\u00fcngere": "Q114440332", "Anna von F\u00fcrstenberg": "Q563797", "Alexandrine de Foligno": "Q2834266", "Anna Bullinger": "Q55882707", "Christina Tucher": "Q94733469", "Anna von Quitzow": "Q563897", "Katharina von Pfalz-Simmern": "Q1654671", "Margarethe Welling": "Q95283310", "Sophia von Alvensleben": "Q2302657", "Brigitta von Pfalz-Simmern": "Q916032", "Anna Baumann": "Q94770044", "Alberta van Middachten": "Q123414339", "Philippe de Chasteigner": "Q115165952", "Afra von Staudach": "Q105492009", "Ana de la Cruz": "Q55835486", "Susanna von Oberburg": "Q2369096", "Suzana Oberburger": "Q12803689", "Vic\u00eancia de Bragan\u00e7a": "Q10390406", "\u00c9l\u00e9onore de Bourbon": "Q106655192", "Maddalena Orsini": "Q94774477", "Yolande de Bassompierre": "Q114347145", "Veronica Laparelli": "Q55835513", "Paula von Weitershausen": "Q22667978", "Katarina Olofsdotter": "Q4958308", "Marina de Escobar": "Q94777125", "Doroth\u00e9e de Kachin": "Q3037230", "Ottilia von F\u00fcrstenberg": "Q1299186", "Benedicta Eriksdotter": "Q4938076", "Edelina (nunna)": "Q10479868", "Margarete van Noot": "Q22061797", "Anne Erica of Waldeck-Eisenberg": "Q560293", "Florence de Werquignoeul": "Q2742155", "Magdalena del Esp\u00edritu Santo": "Q15816514", "Francisca del Sant\u00edsimo Sacramento": "Q23709314", "Fran\u00e7oise du Saint-Sacrement": "Q22070181", "Feliciana San Jos\u00e9": "Q101130589", "Maria Teresa de compostela": "Q24069576", "B\u00e9atrix de la Conception": "Q22209589", "Anna Domenge": "Q19997807", "de Xainctonge Fran\u00e7oise": "Q94766600", "Ang\u00e9lique d'Estr\u00e9es": "Q36697352", "Mariana de la Encarnaci\u00f3n": "Q51063041", "Apollonia Radermecher": "Q619333", "Marie de Valence": "Q3292939", "Maria Magdalena Haidenbucher": "Q106684939", "Sor Ana de la Trinidad": "Q56318008", "Christina de Put": "Q19754732", "Madeleine de Saint-Joseph": "Q55835614", "Eustachia Ratzenhofer": "Q97498951", "Marguerite de Busbach": "Q87411831", "Jeanne-Charlotte de Br\u00e9chard": "Q75716221", "Anna Dorothea von \u00d6sterreich": "Q94927714", "Katharina Spaur": "Q1736045", "Marguerite de V\u00e9ny d'Arbouze": "Q88273284", "Maria Fugger": "Q58188105", "Edm\u00e9e de Bridiers": "Q62653431", "Gabrielle de Livron-Bourbonne": "Q16185946", "Columba da Tofaninis": "Q95193148", "Eva Maria Fleisch von Lerchenberg": "Q110205330", "Juana de Santa Catarina": "Q20821055", "Berber de Put": "Q19754722", "Marthe d'Oraison": "Q87852678", "Anna Catharina Fr\u00f6lich von Fr\u00f6lichspurg": "Q94771478", "Maria Klara Spaur": "Q1895767", "Salome von Pflaumern": "Q19308400", "Madeleine de Demandolx de la Palud": "Q50362023", "Anna Sobieska": "Q11686278", "Anna Maria Pl\u00f6nies": "Q83435145", "mere Thereze de Jesus": "Q56452296", "B\u00e9atrice de la Conception": "Q22209576", "Francesca Caterina of Savoy": "Q46098742", "Clara Andreu": "Q55835680", "Sophie Agnes von Langenberg": "Q1514150", "Catherine Canterel de Saint-Augustin": "Q108766083", "Euf\u00e9mia Radziwi\u0142\u0142": "Q11697257", "Benvenuta Diana Rizzo": "Q86919362", "Maria Gerrits Vermeij": "Q1867154", "Apollonia Elisabeth von Massow": "Q18018451", "Margareta von Chlum": "Q1894929", "Margarethe von D\u00f6hlau": "Q1895149", "Anna Maria Widmann": "Q106704231", "Scholastika von Perfall": "Q106704247", "Gillette de Saint-Fran\u00e7ois": "Q21634497", "Margaretha de Licques": "Q94772559", "Fran\u00e7oise Aguilenqui": "Q55995613", "Agnes d'Aguillenqui": "Q33141405", "Magdelaine Bavent": "Q3276698", "Mary Poyntz": "Q94897414", "H\u00e9l\u00e8ne Gillet": "Q100727312", "Clara Guerra de la Daga": "Q113760953", "Marie Elekta z Je\u017e\u00ed\u0161e": "Q94618269", "Maria Margaretha van Valckenisse": "Q2168163", "Madre Maria do Lado": "Q109139711", "Maria Anna Junius": "Q117275118", "Margarete Dassel": "Q1894921", "Barbara von Wittorff": "Q55677965", "Anne-Elisabeth Gottrau": "Q29603771", "Maria Cron": "Q1895772", "Jeanne-Baptiste de Bourbon": "Q3175920", "Flavie Passart": "Q92190310", "Barbara fan Juckema": "Q2334519", "Fran\u00e7oise-Madeleine de Chaugy": "Q3086373", "Maria Anna Gr\u00e4fin von Preysing": "Q94732726", "Elizabeth Louise Juliana of Palatinate-Zweibr\u00fccken": "Q1330104", "Judith Anna Thun-Hohenstein": "Q94622196", "Agnes Maria Huyn van Amstenrade": "Q13428730", "Marie Forestier de Saint-Bonaventure-de-J\u00e9sus": "Q15616950", "Isabelle de Grobbendonck": "Q54651923", "Clara van der Goes": "Q116767001", "Maria Giulia Buonaccorsi": "Q111319866", "Louise Roger": "Q105622939", "Catherine Crolo": "Q116897329", "Marguerite du Saint-Sacrement": "Q19958701", "Judith Moreau de Br\u00e9soles": "Q89192272", "Eva Magdalena Franziska von Windhag": "Q1379328", "Catherine de Francheville": "Q2942112", "Mar\u00eda de C\u00e1ceres y Olmedo": "Q116052819", "Elisabeth von Rantzau": "Q1330475", "Louise Anne Christine de Foix de La Valette d'\u00c9pernon": "Q88317321", "Maddalena Ventiquattro": "Q113759616", "Klara \u017di\u017ei\u0107": "Q11739628", "Elizabeth Mostyn": "Q28055257", "Marie-El\u00e9onore de Rohan": "Q88270089", "Anna M\u00e1ria R\u00e1k\u00f3czi": "Q19326888", "Maria Palau Sotomayor": "Q20876480", "Scholastica von Manteuffel": "Q20638809", "Cecilia Nobili": "Q60843089", "Maria Franziska von Waldburg-Zeil-Wurzach": "Q15833872", "Anne-Berthe de Bethune": "Q62653446", "Suzanne de Riants de Villerey": "Q112154765", "Fran\u00e7oise de Boissy": "Q3086630", "Rich\u016b-jo\u014d": "Q10420536", "Marguerite Bourdon": "Q92199846", "Anne Collet": "Q83501035", "Anne de la Bretonni\u00e8re": "Q2851386", "Louise Hours": "Q86016280", "Catalina de San Mateo de la Concepci\u00f3n": "Q28971660", "Margareta Dorothea von Dalberg": "Q60368050", "Amalia Maria Therese of the Palatinate-Sulzbach": "Q22691091", "Marguerite Bouxhon": "Q88273415", "Gregoria Francisca de Santa Teresa": "Q60829265", "Marie-Anne d'Harcourt": "Q100965431", "Febronia Ferdinanda di Ges\u00f9": "Q126618100", "Marie Louise de Crevant d'Humi\u00e8res": "Q88293431", "Marie-El\u00e9onore de Bellefond": "Q100965128", "Kate\u0159ina R\u00f3za Vratislavov\u00e1 z Mitrovic": "Q95404335", "Louise Dellano y Velasco": "Q54670540", "Prinzessin Luise Clara Schleswig-Holstein-Sonderburg-Beck": "Q94769055", "Fran\u00e7oise-Ang\u00e9lique de Sesmaisons de Tr\u00e9ambert": "Q77251058", "Louise Soumande": "Q112055032", "Mar\u00eda Teresa de Jes\u00fas Agramunt": "Q113922332", "Marguerite de Rochechouart": "Q3290789", "Catherine de La Rochefoucauld": "Q64532631", "Louise-\u00c9milie de La Tour d'Auvergne": "Q72847062", "Madre Maria da Soledade": "Q20045995", "Irmengard II. von Scharfstedt": "Q106704240", "Judit \u00dajfalusi": "Q110866207", "Mary Magdalene Antonia of Thun-Hohenstein": "Q94619304", "My\u014dkai-ni": "Q10943055", "Anna Christina Regina": "Q121367030", "Beno\u00eete Anthony": "Q54722319", "Marie-Andr\u00e9e Regnard Duplessis de Sainte-H\u00e9l\u00e8ne": "Q19947663", "Maria Eleonora Francisca Cajetana Aloysia von Sporck": "Q56513870", "Lilia Maria": "Q3832357", "Marie-Madeleine Couperin": "Q2755598", "Countess Palatine Amalia of Sulzbach": "Q22693458", "Philippina M\u00e1ria Anna Gudenus": "Q125217514", "Maria Cecilia Bai": "Q61063341", "Dominika Maria Barbara Erhardt": "Q113784440", "Caterina Andreu Orlandis": "Q19998166", "Adelgundis Pettenkofer": "Q55845634", "Maria Anna Caroline of Bavaria\u200e": "Q1895648", "Theresia Irmgard Sibilla von Oeyen": "Q2419670", "Chiara Isabella Fornari": "Q94773081", "Clara": "Q97290694", "Theresia Zechner": "Q19309969", "Maria de Ll\u00faria i de Magarola": "Q70190086", "\u041f\u0440\u0430\u0441\u043a\u043e\u0432\u044c\u044f \u0413\u0440\u0438\u0433\u043e\u0440\u044c\u0435\u0432\u043d\u0430 \u042e\u0441\u0443\u043f\u043e\u0432\u0430": "Q90682574", "Evgenia Trapezontiopoulla": "Q109569334", "Anna de Croy": "Q22955472", "Francesca Buonaccorsi": "Q111386807", "Agnes Haegens": "Q107559132", "Marie Alexandrine Snoy": "Q54460513", "Rosa Orzi": "Q59391053", "Olimpia Buonaccorsi": "Q111386428", "Willibalda von Heugel": "Q61474315", "Maria Magdalena von der Asseburg": "Q67165027", "Eleonora Buonaccorsi": "Q111386246", "Maria Anna Margaretha von Gemmingen": "Q1312203", "Caterina Buonaccorsi": "Q111386222", "Kolumba Weigl": "Q94737766", "Marie Crucifi\u00e9e Costantini": "Q3292461", "Agn\u00e8s Mauz\u00e9": "Q105972532", "Adelgundis II. Pettenkofer": "Q61474790", "Jacinta de S\u00e3o Jos\u00e9": "Q19423793", "Marguerite Delamarre": "Q3290690", "Maria Theresia Polixena Wagenseil": "Q95636982", "Maria Elisabetta Buonaccorsi": "Q111386882", "Maria Monika Hafner": "Q55684962", "Marianna Franziska von Hornstein": "Q1896747", "Fran\u00e7oise-Radegonde-Charlotte de Boisse": "Q62653463", "Anne Gabrielle de Suarez d'Aulan": "Q55378136", "Johanna Anna Schimony-Schimonsky": "Q94735244", "Fran\u00e7oise Suhard": "Q112980142", "Johanna Sophie von Anhalt": "Q1430100", "Josepha Maria Anna Antonia Nepomucena von Salm-Reifferscheidt-Bedburg": "Q1708375", "Eug\u00e9nie Marie Louise de Boisse": "Q62653461", "Amalie of Mecklenburg-Schwerin": "Q22004792", "Maria Anna von F\u00fcrstenberg": "Q1321718", "Anna Lorger": "Q94771545", "Magdalena Paumann": "Q113839292", "Maria Josepha Driesch": "Q60833003", "Marie-Anne Vaillot": "Q118445257", "Friederike Wilhelmine Elisabeth von Derschau": "Q55685070", "Maria Teresa Cucchiari": "Q19595294", "Madeleine Morice": "Q85844750", "Marie-Agn\u00e8s de Virieu Beauvoir": "Q120061212", "Maria Klotylda od sw. Franciszka Borgiasza Paillot": "Q11768952", "Dominika von Gillern": "Q1237925", "Pierrette Nicole Duportal": "Q62653438", "Johanna Cornelia von Oeyen": "Q1696920", "Magdalene von G\u00fclich": "Q94771499", "Charlotte of Savoy-Carignan": "Q115785734", "Maria Theresia Krismar": "Q55906564", "Herula Josepha Gr\u00e4fin Kinsky Chlumer": "Q75396823", "Rosalie du Verdier de La Soriniere": "Q106990716", "Maria Urszula od sw. Bernardyna Bourla": "Q11769211", "Maria Crescentia Maximiliane von Drot": "Q55849386", "Maria Scholastyka Jozefa od sw. Jakuba Leroux": "Q11769141", "Maria Kordula J\u00f3zefa of St. Dominica Barr\u00e9": "Q11768957", "Odile Baumgarten": "Q112264188", "Charlotte Christine Wilhelmine von Gilsa": "Q1067134", "Pauline Pinczon du Sel": "Q3372753", "Marianne vom und zum Stein": "Q636249", "Marie-Fran\u00e7oise Lacroix": "Q11768851", "Costanza Buonaccorsi": "Q111429676", "Hildegard von Moskopp": "Q15815570", "Maria Rosalia Bachems": "Q63834884", "Maria Ludwika od sw. Franciszka Ducrez": "Q11769015", "Michaela Morasch": "Q61475303", "Ji\u0159ina Anna Rozina Strobachov\u00e1": "Q113950115", "Maria Augustyna od Naj\u015bw. Serca Jezusa D\u00e9jardins": "Q11768709", "Elisabeth Roux": "Q59520446", "Martha Dejonckheere": "Q13816972", "Rosa Melling": "Q55856204", "Maria Rosa Melling": "Q94751505", "Anna Maria Erraux": "Q9155438", "Charlotte H\u00e9l\u00e8ne de Saisseval": "Q15967952", "Ursula R\u00f6sler": "Q94731629", "H\u00e9l\u00e8ne Van den Broeck": "Q22236746", "Amalia Barbara von Behr": "Q95191407", "Maria Theresia Van der Gauwen": "Q124736552", "Auguste Josepha Felizitas Salm-Reiferscheidt-Krautheim": "Q111086896", "Friederike von Bretzenheim": "Q991248", "H\u00e9l\u00e8ne Bouvet de Lozier": "Q125543832", "Llu\u00efsa Dalmau Fal\u00e7": "Q20100981", "Yevdokiya Meshcherskaya": "Q4292557", "Zo\u00e9 du Rosco\u00e4t": "Q20741036", "Margarida do Apocalipse": "Q106952827", "Josefa Ped\u00e1lov\u00e1": "Q12026905", "Makrina Mieczyslavska": "Q18431809", "Mar\u00eda Teresa Aycinena y Pi\u00f1ol": "Q6004635", "Charlotte Schinkel": "Q55882800", "D\u00e9lie de Coss\u00e9-Brissac": "Q20045717", "Margaret Farrel George": "Q62913317", "Maria Anna Freiin von Lerchenfeld": "Q55854785", "Maria Vincentia Khnopff": "Q2031839", "Julie Adele de Gerin-Ricard": "Q55378218", "Ad\u00e8le de G\u00e9rin-Ricard": "Q55996249", "Rosalie Thouret": "Q55890029", "\u00c9tiennette Chavent": "Q104818454", "Ad\u00e8le de Glaubitz": "Q55762186", "Ath\u00e9nais Haincque": "Q100231005", "Marie-Am\u00e9lie Fristel": "Q16855761", "Marie-Dominique Berlamont": "Q47087042", "\u0424\u0435\u043e\u0444\u0430\u043d\u0438\u044f (\u0421\u0438\u0434\u043e\u0440\u043e\u0432\u0430)": "Q64784748", "Bonaventura": "Q123358009", "Franziska Batthy\u00e1ny": "Q87565", "M\u00e8re Franziska": "Q88869547", "Klara Wolff": "Q55389288", "Jo\u017eefa Struss": "Q23913602", "Catherine Lassagne": "Q111253639", "Beda Maria Charlotta Nordenstolpe": "Q109829976", "Alojzija Petri\u010d": "Q16737371", "Katarina Vanhoenacker": "Q123416923", "Marie Augustine Frilet de Chateauneuf": "Q124690491", "Theresia Haselmayr": "Q2419668", "Maria Lucia Coleta Mahieu": "Q125404372", "Llu\u00efsa Estivill": "Q19300901", "\u0410\u043b\u0435\u043a\u0441\u0430\u043d\u0434\u0440\u0430 \u0424\u0438\u043b\u0438\u043f\u043f\u043e\u0432\u043d\u0430 \u0444\u043e\u043d \u0420\u043e\u0437\u0435": "Q56277517", "Rachele Guardini": "Q93269048", "Anna Maria Fiorelli Lapini": "Q3617758", "Theresia Dichtl": "Q108481380", "Hildegard Lasaulx": "Q55854487", "Apolline Andriveau": "Q16529847", "Pauline de Nicolay": "Q58344733", "\u00c9lise Cestac": "Q3587941", "Nina Sontag": "Q1557471", "Carolina Theresia Lefebvre": "Q123399443", "Maria von M\u00f6rl": "Q1434498", "Matylda Merkert": "Q55389297", "Johanna Neumann": "Q62007490", "Stephanie Carolina Van Uxem": "Q116522993", "Sister Louise Van der Schrieck": "Q56681935", "Matrona Petrovna Myl\u02b9nikova": "Q113753499", "Olympe Arson": "Q125926286", "Ewa Karolina Su\u0142kowska": "Q9256700", "Catharine Macdaniel": "Q116621487", "Anna Lasaulx": "Q55854485", "Josephine Koch": "Q1634027", "Victoire Brielle": "Q1216019", "Pauline Perdrau": "Q30091725", "Amalie von Lasaulx": "Q453157", "Josefa Leopoldine Brandis": "Q1101563", "Amelia Vander Stichele": "Q124619468", "Ger\u00f3nima Ceferina Luisa Ybarra y Guti\u00e9rrez de Caviedes": "Q99541739", "Barbara Ubryk": "Q55914287", "Marie-Hyacinthe Le Conniat": "Q16213429", "Vicenta del Buen Pastor Fern\u00e1ndez Montesinos": "Q124711172", "Am\u00e9lie Doumet": "Q16526539", "Juana Adelaida O'Sullivan y Rouley": "Q5953762", "Maria Franciszka Werner": "Q55389292", "Marguerite-S\u00e9raphine Beving": "Q16438942", "Josepa Quer i Ivern": "Q11929003", "Elizaveta Alekseevna U\u0161akova": "Q113739192", "Beatrix Van Crombrugge": "Q115841672", "Teresa Hercy": "Q116620970", "Sophie Boyton": "Q116720089", "Marie Jamet": "Q56787232", "Pauline Rosalie Bruneel": "Q122801530", "Fran\u00e7oise du Saint-Esprit": "Q47843488", "Eliza Shahova": "Q99676209", "J\u00f3zefa Sabina Kawecka": "Q29078830", "M\u00e8re Benjamin": "Q3332061", "Isabelle Marie de Proli": "Q129069726", "Anne Serweytens": "Q53318519", "Helena Tichy": "Q28917137", "Elizabeth Neale": "Q18917521", "Antonina Mirska": "Q9157845", "Nathalie Verschaeve": "Q115836071", "Xaveria Berger": "Q55681881", "Anne Le Bastard de Mesmeur": "Q60038492", "Wilhelmina Telghuys": "Q124790679", "Eleonora Sybilska": "Q124240695", "H\u00e9l\u00e8ne de Jaurias": "Q3144884", "Elodie Dullaert": "Q115826227", "Mary Joseph Croke": "Q54870400", "Virginie Nyffels": "Q125394996", "Mary of St. Philip": "Q60480400", "Teresa di Ges\u00f9 Bacq": "Q54152485", "Marie du Sacr\u00e9-C\u0153ur Bernaud": "Q25929692", "Mitrofaniya": "Q4296806", "Virginie Thomazeau": "Q64845255", "Mary Angela Mc Groby": "Q117272340", "Teresa Toda i Juncosa": "Q4459322", "Anna Maria Theresia Meschler": "Q55856416", "Alexandrine von Schlichting": "Q55883364", "Rosalia Verstraete": "Q115844249", "Juliana Van Halemeersch": "Q116520586", "Mother St Basil": "Q81730828", "Jenny Gerstenbergk": "Q94742044", "Marie-Magdeleine-Euphrasie Hugon": "Q58899564", "Lioba von H\u00f6rmann": "Q106684655", "Marie-Sophie Deschryver": "Q116509131", "Ad\u00e8le Sabatier": "Q64845097", "Elly Day": "Q116728997", "Arabella Emily Macfarlane": "Q116732605", "Elekta Zaunm\u00fcller": "Q123560632", "Mariya Tolstaya": "Q20645988", "Coleta Rico": "Q115842957", "Marie-Antoinette-Val\u00e9ri Delbouille": "Q115851073", "Maurice Schnell": "Q20800133", "Polyxena Lobkowicz": "Q113137729", "Klara Antonetta Mohr": "Q55856821", "Johanna Bade": "Q65162173", "Therese Mauser": "Q2419593", "Lucy Turner": "Q116732710", "Sabina Schneider": "Q1720111", "Oda Verriest": "Q129121545", "Johanna Rheinberger": "Q55859719", "Lucia Noiret": "Q59679307", "Charlotte von Barkhaus-Wiesenh\u00fctten": "Q1067404", "Adela Pauline Courtens": "Q123417058", "Marie-Antoinette Pollenus": "Q122753360", "Anna Moes": "Q16439848", "Franziska Lechner": "Q106852", "Walentyna \u0141empicka": "Q9370403", "Catherine de Kyvere": "Q116620739", "Maria Grocholska": "Q112916", "Athanasius Fogarty": "Q20750935", "Annie Emra Holmes": "Q128761505", "Marguerite R\u00e9mond": "Q64844500", "Maria Theresia Gasteyer": "Q94861838", "Emily Rosine Lathy": "Q116510658", "Mabel Digby": "Q18576659", "Anselma Bopp": "Q59296683", "Louise Jos\u00e9phine Doyen": "Q115835025", "Josefine Karoline von F\u00fcrstenberg-Stammheim": "Q63079988", "Sophie Marie Louise de Robiano": "Q125365561", "Jenny von Scheele": "Q95205462", "Benedetta Frey": "Q113738268", "Octavie Van Gillewe": "Q122833200", "Pauline Ren\u00e9e Henriette L'Huillier": "Q116700797", "Ernestine de Tr\u00e9maudan": "Q111020062", "Marie Philomene Van Walleghem": "Q125359798", "Maria Teresa Gabrieli": "Q63228489", "Flora Maria Mastraeten": "Q125365215", "Eleanor Emma Waring": "Q72044096", "Mathilde Germonprez": "Q115852702", "Jozefa Chudzynska": "Q23943420", "Sidonie Mahieu": "Q116522102", "Ad\u00e8le Garnier": "Q2825430", "R\u00f3\u017ca Kolumba Bia\u0142ecka": "Q9325785", "Julie Lievrouw": "Q125359350", "Marie-Aim\u00e9e de J\u00e9sus": "Q56062573", "Sidonie Van Crombrugge": "Q115841171", "Maria Antonia Lalia": "Q63295653", "Caroline Janssens": "Q117263671", "Maria Lucrezia Zileri dal Verme": "Q3847370", "Albana J\u00f6rger": "Q94790826", "Am\u00e9lie Fr\u00e8re": "Q122831276", "Marie Odiot de La Paillonne": "Q94371500", "Octavie Hasaert": "Q128808436", "Elisa Leclercq": "Q117272329", "Margarethe von Alvensleben": "Q1895140", "Elise Marie Pauline Van Caillie": "Q129067414", "Bertha Freundt": "Q94770138", "Leocadie Delfosse": "Q129220071", "Emilia Siwicka": "Q65175454", "Catherine de Montalembert": "Q94751619", "Laure Sab\u00e8s": "Q15065324", "Mary Dormer": "Q75279907", "Marie Bert": "Q125257556", "Anna del Salvatore Orsi": "Q106650904", "Julie Van De Pitte": "Q126415370", "Ludwika Na\u0142\u0119cz-Morawska": "Q11764026", "Lydia Helen Edmonstone": "Q125472661", "Febronie Lemettre": "Q115855636", "Emfrentiana De Backere": "Q122791049", "Mathilde De Kyvere": "Q125224053", "Martha Alice Gibson": "Q116732353", "Bronis\u0142awa Stankowicz": "Q9179994", "Maria Consiglia Addatis": "Q15586330", "Jeanne Julia de Chaumontel": "Q118198472", "Maria Juliana Lucia Delbaere": "Q123414712", "Emilia Podoska": "Q95478184", "Barbara Micarelli": "Q3634655", "Magdalena Guerrero Larra\u00edn": "Q19967423", "Mar\u00eda Josefa Recio": "Q11768926", "Mother Mary Amadeus of the Heart of Jesus": "Q99642251", "Ad\u00e8le Pichon": "Q115860836", "Antoinette Schniewind": "Q55884461", "Florence Gezelle": "Q116660566", "Maria Pia della Croce Notari": "Q113759322", "M. Stanislava Skvar\u010da": "Q60181591", "Leontine Elisabeth Brancart": "Q115834908", "Katharina Filljung": "Q55677452", "Julia Van Renterghem": "Q115846413", "Gabriela Dur\u00e1n P\u00e1rraga": "Q63340646", "Teresa Guasch i Toda": "Q19301906", "Elizabeth Anne Marie Steinmetz": "Q129163198", "Kazimiera Gruszczy\u0144ska": "Q11737634", "Marion Violet Thomas": "Q125361599", "Adelgundis Berlinghoff": "Q106873559", "Paula de Jes\u00fas Gil Cano": "Q9057065", "Maria Samuela Piksa": "Q61198155", "Mar\u00eda Cecilia Guerra": "Q19967421", "Sister Agnes": "Q27833494", "Marie Saint-Prosper": "Q55411482", "Mar\u00eda Teresa de la Asunci\u00f3n Mart\u00ednez y Galindo": "Q6004710", "Aurora L\u00f3pez Gonzalez": "Q25412863", "Marguerite Desjardins": "Q18642566", "Rosalie Van Inthout": "Q115807216", "Saturnina Jass\u00e0 i Fontcuberta": "Q9074771", "Marie Th\u00e9r\u00e8se Gernay": "Q129263921", "Mother Aloysio": "Q15945062", "Anna Call\u00eds i Pujol": "Q28708323", "Mary Lucy Vavasour": "Q116621328", "Paulina Malecka": "Q29016518", "Frederica Lilian Thomas": "Q129514309", "Antonie von Haxthausen": "Q96336903", "Alice Power": "Q15689593", "Julie Garivet": "Q64844234", "Rita Josefa Pujalte S\u00e1nchez": "Q3937229", "Sister St. Euphrosine": "Q18912074", "Marie von der Wense": "Q114956292", "soeur Veronique de la Passion": "Q99528952", "Julie Debrabandere": "Q128034695", "Angelina Kri\u017eani\u010d": "Q60629299", "M. Magdalena \u0160ebestov\u00e1": "Q95146497", "Adolphine von Rohr": "Q365959", "Jemima Elizabeth Mary Stevens": "Q21535112", "Maria Euphemia Verbanck": "Q128034737", "Sister Mary Xavier": "Q20668517", "Rozalia Szumska": "Q21529765", "Eleonora Ludwika Motylowska": "Q29016484", "Emerence Anne Denijs": "Q125725429", "Helene von der Wense-M\u00f6rse": "Q115191078", "Veronica Barone": "Q55685016", "Maria von Hartmann": "Q94738491", "Pom\u00e9la Latour": "Q106918014", "Carolina Walburga Adlhoch": "Q94747456", "Ambrosia Schmitt": "Q55683531", "Mary Catherine Cole": "Q125357784", "J\u00f3zefa Kulesza": "Q11731794", "Eurosia Alloatti": "Q111133223", "Maria Sylvia Louisa Fockenier": "Q116720968", "Marija Stanislava Voh": "Q60036212", "Antonia Marx": "Q55855864", "Marie-Louise Martin": "Q24764160", "Honorine Lecours": "Q59919179", "Giuseppina Arcucci": "Q47341860", "Marianne-Constance de Ganay": "Q72738331", "Coloma Ant\u00f2nia Mart\u00ed i Valls": "Q19290200", "Marie-Ad\u00e9la\u00efde Melin": "Q112863117", "Ethel Weale": "Q116687446", "Virginia Brites of the Passion": "Q51883204", "Augusta Maria Mathildis Vyncke": "Q117246862", "Regintrudis Reichlin-Meldegg": "Q94735456", "\u00c9lisabeth Martin": "Q99938527", "MARIE DU SAINT-SACREMENT": "Q109853227", "Lidvina Purgaj": "Q60455895", "Flore Bracaval": "Q11727459", "Sergiya": "Q99493396", "Maria Elisa Andreoli": "Q26987242", "Eug\u00e9nie Guillou": "Q16219323", "Karolin Kroi\u00df": "Q60445345", "Mary Smith": "Q125693264", "Luitgarda Rihar": "Q60368412", "Jeanne de Balanda": "Q28016669", "Maria Anna Gr\u00e4fin von Galen": "Q75356825", "Claudia Bachofen von Echt": "Q94733280", "Elisabeth Latham": "Q116689485", "Josephine Koning": "Q3951434", "Eleonora Hudovernik": "Q29167590", "Anna Ginoux Defermon": "Q64844948", "Eleonora Mantuani": "Q60605601", "Countess Maria Anna Pejacsevich": "Q75380330", "Anna Haccius": "Q55851104", "Franziska Freiin von Pechmann": "Q55858530", "Helene von Savigny": "Q55860641", "Johanna Karolina Augusta Wolffskeel von Reichenberg": "Q94767670", "Jeanne Melis": "Q110033639", "Stanis\u0142awa Samulowska": "Q9165576", "Benedikta zu Schwarzenberg": "Q106886074", "Anna von Welck": "Q563941", "Kazimiera Hilaria Szczerbianka": "Q124268825", "Brigida Maria Postorino": "Q3644747", "Marija Berchmana Leidenix": "Q11768729", "Magdalena Adams": "Q60826638", "Maria Aniela Witkowska": "Q22086160", "Aurelia Arambarri Fuente": "Q23943120", "Leopoldina Keppel": "Q75257889", "Maria Dolores Inglese": "Q106206395", "Arcadia Schmalenbach": "Q110389091", "Eva M\u00fcnzer": "Q55857415", "Hedwig von Savigny": "Q55860640", "Kazimiera Proczek": "Q65167680", "J\u00f3zefa Ha\u0142aci\u0144ska": "Q11731785", "Teresa Fardella de Blasi": "Q106665985", "Marie Zenger": "Q55421144", "Benedikta Fensel": "Q94755207", "Maria Eufrasia Iaconis": "Q23997009", "Birgitta Korff": "Q113977250", "Louise Marguerite Claret de la Touche": "Q1235922", "Elisabeth von Hahnke": "Q94735389", "Carmela Motta": "Q55857119", "Tamara": "Q9355403", "H\u00e9l\u00e8ne Marie Alexandrine Jos\u00e8phe Floor": "Q118214008", "Nazarena Majone": "Q3873473", "Marie Xavier": "Q110033487", "Marguerite Waddington-Delmas": "Q61729490", "Emmanuel Mazas": "Q97065798", "Zofia Anna O\u015bnia\u0142owska": "Q97670677", "Georgia Lydia Stevens": "Q63485852", "Louise Labussi\u00e8re": "Q110845483", "Lucie Dehondt": "Q64844664", "Adela Rosoli\u0144ska": "Q110034890", "Ol\u02b9ga Lo\u017ekina": "Q55654418", "Mar\u00eda di Montserrat Garc\u00eda y Solanas": "Q113842111", "Marie-Louise Ryckebusch": "Q100275616", "Rosa Ojeda i Creus": "Q11946290", "Suzanne Foccart": "Q16220805", "Vita Zeman": "Q109454172", "Maria degli Angeli": "Q4335343", "Richilde Soete": "Q115823054", "Maria Gorissen": "Q126192538", "Anna Kaworek": "Q11686250", "Serafina Emanuela Justa Fern\u00e1ndez Ibero": "Q9335390", "Jeanne Pariset": "Q110847200", "Leonie Mary Dormer": "Q75279900", "Selina Berta Steimer": "Q55892208", "Laura Meozzi": "Q15919377", "Marie-Th\u00e9r\u00e8se Dupouy Bordes": "Q20723751", "Dymphna Gezelle": "Q117244211", "Serafina Gregoris": "Q3479108", "Ludwika Lis": "Q110033254", "Anna Adelina Steimer": "Q55892193", "Maria of Gatchina": "Q4281662", "Camilla Van Crombrugge": "Q115843081", "Mother Marcelina de San Jos\u00e9": "Q16941996", "Isabella Gr\u00e4fin von Lerchenfeld": "Q55854783", "Bianca Piccolomini Clementini": "Q63107284", "Magdalene Gr\u00e4fin zu Stolberg-Wernigerode": "Q1786641", "Teresa de la Cruz Candamo": "Q99891810", "Philom\u00e8ne Smeers": "Q110849549", "Marie Monteillet": "Q110846558", "Charlotte Freiin von Perfall": "Q94732696", "Terezija Han\u017eeli\u010d": "Q61637131", "S\u0153ur Flavia": "Q106484749", "Kunegunda Siwiec": "Q11751087", "Marie Schmitt": "Q126617056", "Mother Francisca Peeters": "Q75198514", "Ida Vaerting": "Q94733682", "Helena Michalska": "Q126616992", "Ne\u017ea Mikec": "Q18643027", "Maria Philomena Lateur": "Q116673220", "Edith Farkas": "Q98280866", "Bernarda Lema\u0144ska": "Q110036979", "Gabriela von Frauenw\u00f6rth": "Q111588601", "Nina von Olfers": "Q55858140", "Marie-Antoine Tchibinda": "Q84175139", "Marcjanna \u0141\u0105czniak": "Q110032985", "Anna Gruber": "Q55681122", "Eug\u00e9nie Canonne": "Q110030588", "Ivanka Krem\u017ear": "Q12791706", "Elisabeth von Saldern": "Q1330486", "Paola Taroli": "Q110036059", "\u10d4\u10da\u10d8\u10e1\u10d0\u10d1\u10d4\u10d3 \u10d1\u10d4\u10df\u10d0\u10dc\u10d8\u10eb\u10d4": "Q118442089", "Julia Franc\u00e9s": "Q83651317", "Daria": "Q25412864", "Aniela Weso\u0142owska": "Q110036843", "Maria Agnese Tribbioli": "Q106407913", "Maria Almeda Schricker": "Q55225476", "Zofia Liszka": "Q110033260", "Bronis\u0142awa Wilemska": "Q110036929", "Higinia Berg\u00e9 y Salcedo": "Q99912782", "Marie Zech": "Q110851409", "Maria Marta Kazimiera Wo\u0142owska": "Q4123648", "Florida Victoria Amiot": "Q39495841", "Anna Noppel": "Q94731586", "Rose Bonnet": "Q110841405", "Francisca Pons Sard\u00e1": "Q9265198", "Berta Rosenspitz": "Q110848971", "Marie-Louise Ruedin": "Q119958", "Claire Monest\u00e8s": "Q17350256", "Helen Elizabeth Rose Mary Weale": "Q116687512", "Camilla Estermann": "Q96900949", "\u041e\u043b\u0435\u043d\u0430 \u041b\u044f\u043d\u0491\u0435\u0432\u0438\u0447": "Q116413682", "Henriette Moriam\u00e9": "Q3132483", "Marie Arnol": "Q35227564", "Virginia Badetti": "Q61125019", "Barbara Lavizzari": "Q110845634", "Ramona Fossas Rom\u00e1ns": "Q56492651", "Sister Wilfrid Parsons": "Q123969415", "Francisca Aldea y Ara\u00fajo": "Q3750956", "Rosa Noppel": "Q94731587", "Fidelis Wei\u00df": "Q56424809", "Maria Eleonora Giorgi": "Q97065294", "Aurelia Navarro Moreno": "Q99861734", "Bronis\u0142awa Dobrowolska": "Q112980654", "Maria Wincencja Masia Ferragut": "Q11769226", "Marianna Schrader": "Q94778288", "Mathilde Hirsch": "Q28864371", "Anne van Den Peereboom": "Q110850490", "H\u00e9l\u00e8ne Janssens": "Q117264774", "Julitta Ritz": "Q1423198", "Marjeta Gerzin": "Q123238071", "Katarzyna St\u0119pa": "Q96197768", "Mere Marie-Basilie Carriere": "Q58446203", "Elsa Reichlin-Meldegg": "Q94735455", "Helene Most": "Q94773058", "Innocenta Gierszewicz": "Q117835061", "Columba Freiin von Pastor": "Q55858458", "Maria Concetta Zecchi": "Q106771909", "Louise Piney": "Q110847467", "Eug\u00e9nie Herail": "Q110844121", "M\u00e8re Saint-Alexandre": "Q19060428", "Maria Benedicta F\u00f6hrenbach": "Q1895890", "Marie Ren\u00e9-Bazin": "Q72738517", "Maria Pietkiewicz": "Q110034346", "Anna Bertha K\u00f6nigsegg": "Q1597759", "Lady Anne Kerr": "Q75255095", "Bernwarda Rodenkirch": "Q19631389", "Rosa Stein": "Q2166479", "Augustina Steinhauser": "Q15139673", "Elisabeth Freiin von Pastor": "Q55858460", "Mar\u00eda Consuelo Cu\u00f1ado": "Q16518330", "Olga Schwartz": "Q110849336", "Eleonora Maturana": "Q53866584", "\u0421\u043e\u0444\u0440\u043e\u043d\u0456\u044f \u0415\u0440\u0434\u0435\u043b\u0456": "Q107491205", "Aniela Polechaj\u0142\u0142o": "Q110034465", "Marie-\u00c9lisabeth Lacalle": "Q3292315", "J\u00f3zefa Wirball": "Q126617071", "Romualda St\u0119pak": "Q110035628", "Maria Di Gregorio (hoe)": "Q109677453", "Brygida Rodziewicz": "Q9180741", "Josefina Sauleda i Paul\u00eds": "Q19300271", "Michaela Marie Neipperg": "Q1930109", "Marie Fabiola": "Q95109696", "Alida Capart": "Q110030589", "Rosa Boenke": "Q110030233", "Luitgard Beun": "Q117272244", "Caroline van Belle": "Q65028719", "Marcelina Bole": "Q18627733", "Sister Matilda": "Q106206910", "Carla Perucchetti": "Q110034309", "Anna Jalibert": "Q110032067", "Clara Schumacher": "Q768174", "Johanna van Hal": "Q110653345", "Stylita-Jadwiga Rudzka": "Q9347575", "Mar\u00eda Ang\u00e9lica \u00c1lvarez Icaza": "Q97067058", "Maria Beckers": "Q110030023", "Victoria Valverde Gonz\u00e1lez": "Q23943111", "Mar\u00eda Magdalena de Jes\u00fas Sacramentado": "Q85781322", "Marie Helena Knajblov\u00e1": "Q12035395", "Hilaria Emilia G\u0142\u00f3wczy\u0144ska": "Q11709782", "Maria Vizzolini": "Q126617028", "Trofima Miloslavi\u0107": "Q120735465", "Giovanna Francesca Ferrari": "Q62390108", "Paraskiewa": "Q11811214", "Maria Gontchar": "Q110031559", "Ekaterina Vasil\u02b9evna Malkova-Panina": "Q113843774", "Maria Isabel da Sant\u00edssima Trindade": "Q106777099", "Teodora Witkowska": "Q22337984", "Mirjam Michaelis": "Q17294950", "S\u0153ur Marie-Suzanne": "Q38464120", "Marthe Delesalle": "Q110842748", "Claudia Russo": "Q107254819", "Madeleine Buisseret": "Q110030487", "Katalin Peitl": "Q110034275", "Princess Francesca of Parma": "Q2662277", "Mar\u00eda Esperanza de la Cruz": "Q84519165", "Zofia Tajber": "Q9391873", "Marie Staszewska": "Q2169550", "Augustine Brugeron": "Q110030452", "Helena Bollen": "Q110030274", "Marie Labbe de La G\u00e9nardi\u00e8re": "Q110032968", "Marie-Th\u00e9ophile Arnauts": "Q110838041", "Stanislava Ernstov\u00e1": "Q29017172", "Anne Samson": "Q9155930", "Erminia Alexandrovna Jdanko": "Q29865088", "Mar\u00eda S\u00e9iquer Gay\u00e1": "Q11845295", "Francine Allenait": "Q110837704", "Wanda Garczy\u0144ska": "Q9370773", "Marie du Rostu": "Q3292949", "Augustina Glatzel": "Q106915555", "Helena Dobiecka": "Q110031081", "Aagje Wesselingh": "Q28064327", "Anne-Marie Ardoin": "Q110837966", "Maria Pia Gullini": "Q83158268", "Franziska Coudenhove-Honrichs": "Q94919745", "Barbara Kajn\u010d": "Q114167066", "Maria Ritsen": "Q110848879", "Manuela Berg\u00e9 y Salcedo": "Q99913079", "Agueda Hern\u00e1ndez Amor\u00f3s de Nuestra Senora de las Virtudes": "Q9141971", "Gertruda \u0141ukaniewicz": "Q64581072", "Emilie Engel": "Q105381", "Augustine Emonet": "Q110031207", "Feliciana Uribe Orbe": "Q16517239", "Macrina Raparelli": "Q29034846", "Rose Agnes Greenwell": "Q124405881", "\u0412\u0430\u0441\u0438\u043b\u0456\u044f \u0421\u0438\u0432\u0447": "Q107395705", "Ane\u017eka Antonie Witkov\u00e1": "Q106416443", "Marie Biard": "Q110841014", "Claire-Marie du C\u0153ur de J\u00e9sus": "Q124620886", "Marija Franka Martelanc": "Q111357063", "Anna Veress": "Q1421044", "Marie Xaveria Pirc": "Q94639824", "Teresa Landy": "Q9357323", "Vasylija Hlibovyc\u2018ka": "Q112558406", "Ilona Moln\u00e1r": "Q110033774", "Immakulata Weidinger": "Q124850786", "Aniela Stawowiak": "Q110035616", "Princess Maria Antonia of Parma": "Q2366837", "Marie Filomena Dolansk\u00e1": "Q12035384", "Tarsilla Osti": "Q85877576", "Rose Jentkiewicz": "Q3442382", "J\u00f3zefa Paw\u0142owska": "Q110034263", "Nonna": "Q112451790", "Marie-Louise Lemaire": "Q124646256", "Osmonde de Maill\u00e9": "Q110559513", "Maria Raeymaekers": "Q126192928", "Ma\u0142gorzata Bana\u015b": "Q11772221", "Norberta Obl\u00f6ser": "Q110034006", "Hildegardis Wulff": "Q6578246", "Aemiliana L\u00f6hr": "Q93260206", "Kuj\u014d Nichij\u014d": "Q7140046", "\u017dofie Bohumila Langrov\u00e1": "Q10296391", "Giuseppina Biviglia": "Q110030130", "Antonia Alby": "Q110837686", "\u05d0\u05e0\u05d8\u05d5\u05e0\u05d9\u05d4 \u05d0\u05dc\u05d1\u05d9": "Q117264785", "Juliana T\u00fcte": "Q105723139", "Annette Matter": "Q110846292", "Anna Probst": "Q55682241", "Santina De Pascali": "Q28497948", "Scolastica Rivata": "Q9367202", "Gabrielle de Linares": "Q110842675", "Ilia Corsaro": "Q51457092", "Zofia Czarnecka": "Q42393067", "Jeanne Berchmans": "Q55649889", "Brigitte Hilberling": "Q94752343", "Zsuzsanna V\u00e1n": "Q110036410", "Edmunda Klein": "Q59385746", "Zofia Olszewska": "Q110034031", "Rafaela Vurnik": "Q60027768", "M\u00e1ria Etelka Simon": "Q1288662", "Maria Rosa Fritsch von Cronenwald": "Q106905302", "Mary Farrelly": "Q63245516", "Theod\u00f3ra K\u00fcnnle": "Q84207392", "Eusebia Bilas": "Q106892095", "Gertruda Marciniak": "Q110846177", "Lioba Korte": "Q94758114", "Marie-Louise Murat": "Q112120875", "Fuku Okumura": "Q68185190", "Mirjam Zalaznik": "Q124373286", "Marcelle Baverez": "Q3289537", "Sister Mary Agatha": "Q72941629", "Eglantine Larcher": "Q126617049", "Emanuela Kalb": "Q22115123", "Gizella Erzs\u00e9bet Ber\u00e9nyi": "Q12348285", "Augustina Fl\u00fceler": "Q96364134", "Eustakia Altzola": "Q60503210", "Mar\u00eda del Carmen Ortiz de Arce": "Q24939680", "Maria de Pauw": "Q110030967", "Anzelma Wojdy\u0142a": "Q110037027", "Catherine Yvens": "Q110851299", "Henrika Fa\u00dfbender": "Q1606334", "Augustina Weiherm\u00fcller": "Q60444592", "Ana A\u01c6i\u0107": "Q113760088", "Lidija Nikolaevna Savel\u02b9eva": "Q113833802", "Maria de las Mercedes Isasi": "Q124877643", "Marie-Ang\u00e9lique Murat": "Q110846660", "Jadwiga Jaroszewska": "Q9374952", "Emma Navarro": "Q110033887", "Agustina Pena Rodr\u00edguez": "Q23943137", "Mar\u00eda Nieves S\u00e1nchez Fern\u00e1ndez": "Q106834941", "Marguerite Pasquine": "Q110847223", "Verena Buben": "Q110416371", "Julia Rapiej": "Q4390023", "Jeanne Kreutzer": "Q113223032", "Hildegard Michaelis": "Q1618359", "Xiskya Valladares": "Q17478332", "Maria Norberta Hoffmann": "Q60834833", "Marie de la Croix Nault": "Q61636061", "Romualda Franciszka Grzanka": "Q9322612", "Stanis\u0142awa Agnieszka Falkus": "Q9343573", "Maria Nathalie Kovacsics": "Q113787164", "Eleonore Gr\u00e4fin von Silva-Tarouca": "Q75377427", "Leopolda Gertruda Ludwig": "Q11754684", "Petra Gandarias": "Q29168100", "Marguerite Bernes": "Q61054320", "Maria Verborgh": "Q107229797", "Marta Putzeys": "Q110848554", "Celina K\u0119dzierska": "Q110844817", "Marta": "Q112534347", "Anna Barbera Kr\u00f6tz": "Q60840157", "Margarethe Lies": "Q60840222", "Maria Antoniazzi": "Q110029829", "Imelda Dallaire": "Q18704188", "Maria Morani": "Q110033799", "Jadwiga Wismont": "Q126617067", "Emilia Benedetti": "Q109140299", "Iryna (Yanovych)": "Q116209188", "Margit Juh\u00e1sz": "Q110032198", "Helena Chmielewska": "Q110842392", "Zofia Ejsmond": "Q9391736", "Maria Mechelen": "Q20182101", "Maria Mikulska": "Q110846478", "Valentina Puzik": "Q4383420", "Victoria Depo": "Q110031027", "W\u0142adys\u0142awa Bartkowiak": "Q110029999", "Rosina De Muro": "Q110030966", "Jo\u017eefa Mervar": "Q87056584", "Eugenia Mackiewicz": "Q3060279", "Genowefa Czubak": "Q110030890", "Stefania Motta": "Q55857121", "Elisabeth D\u00f6rsam": "Q60839306", "Olena Viter (Yosyfa)": "Q12107426", "Ivanka Veronika Reja": "Q124367014", "Constance Murphy": "Q9195785", "Mar\u00eda Ang\u00e9lica Nan Ovejero": "Q6003342", "Zofia Szeptycka": "Q124261937", "Placida Laubhardt": "Q2097888", "M. Stephania Wolf": "Q106684308", "Marie-Pascal Dickson": "Q35827211", "Maria Szikszay": "Q61276390", "Marija Ker\u0161evan": "Q18627743", "Marie de Sousberghe": "Q19973856", "Anna Hastenplug": "Q60839759", "Aileen Muriel Hodgson": "Q67167529", "Marie Liguori Ewald": "Q97063463", "Juliana Edelburgis Kubitzki": "Q23943676", "Jadwiga Szarska": "Q124096481", "Wanda Chodkowska": "Q9370757", "Mary Conception of St. James and St. Teresa of Jesus": "Q16663079", "Maria Cals": "Q110030578", "Roberta Zofia Babiak": "Q17425939", "Marta Melusja Rybka": "Q23943677", "Genevi\u00e8ve Cadart": "Q110030564", "M\u00e1ria Margit Bogner": "Q833371", "Genovefa Czyszczon": "Q60839280", "Mathilde Vidal": "Q110850699", "Jolanda Kristan\u010di\u010d": "Q61314728", "Olive Danz\u00e9": "Q3350629", "C\u00e9cile Philippe": "Q124128786", "Antonina Manaszczuk": "Q110033444", "Agn\u00e8s Richomme": "Q61990569", "Anne-Marie Emmanuel": "Q110031205", "Luisa Minardi": "Q110033723", "Juozapa Kibelait\u0117": "Q110844864", "Bernadette Lefebvre": "Q111050067", "Immaculata Baumann": "Q1659895", "Ella von Cappeln": "Q12309793", "Annie Augusta Armer": "Q112682968", "Wanda Boniszewska": "Q3566008", "Marie-Antoinette Ricard": "Q110034801", "Tekla Budnowska": "Q110030479", "Simonne Bondurand": "Q110030282", "Antonietta B\u00f6hm": "Q96095622", "Adalberta Buchholz": "Q94758117", "Maria Anselma Abignente": "Q21542911", "Blanka Pig\u0142owska": "Q110034353", "Alix Raybaud": "Q110848703", "Joanna Lossow": "Q11025468", "Gloria Maria di Ges\u00f9 Elizondo Garc\u00eda": "Q106676219", "Andr\u00e9a Guigues": "Q110843928", "Eva Calay": "Q61791665", "In\u00e9s Phila": "Q7848469", "Felicitas Berg": "Q105826683", "J\u00f3zefa Romansewicz": "Q110034869", "Maria Chiara Damato": "Q113796016", "W\u0142odzimira Czes\u0142awa Wojtczak": "Q43192184", "Danuta Gerke": "Q9201640", "Viviane Roullet": "Q110034909", "Sabina Thienel": "Q106619063", "Godelieve Defrancq": "Q115847261", "Rosa Gontard": "Q110031558", "Nat\u00e1lia Pal\u00e1gyi": "Q124216460", "Bianca Pirisino": "Q55769258", "Maria Dulcissima Hoffmann": "Q11768816", "Anita Cantieri": "Q23943416", "Marie-R\u00e9gina Cazabon": "Q3292232", "Jeanne Bagarades": "Q110029898", "Nicoletta Bonini": "Q110030287", "Emmanuela Jezierska": "Q112489051", "Cec\u00edlia": "Q112490176", "Theresia Unno": "Q7782941", "Etelka Kuntich": "Q24398887", "Teresa Reformat": "Q110034755", "Marija Kodri\u010d": "Q18627745", "Dominika Spaar": "Q1237926", "Gis\u00e8le Pelvey": "Q3107825", "Amalija Pav\u010di\u010d": "Q114133151", "Bronis\u0142awa Jaroszy\u0144ska": "Q107351674", "sister Mechtilde": "Q110035822", "Franciszka Paszyn": "Q126617068", "Maria Mercedes Cabezas Terrero": "Q28871769", "Szim L\u00eddia": "Q84824354", "Mother Maria of Normanby": "Q11880886", "Bronis\u0142awa Galus": "Q110031388", "Denise Bergon": "Q97675660", "Columba Baumgartner": "Q1112202", "Antonija Premrov": "Q120752157", "Anna Neugebauer": "Q126617069", "Rafaela Saksida": "Q12799815", "Christine Webber": "Q98115448", "Marie-Jos\u00e9 van der Lee": "Q4327239", "Kornelia Jankowska": "Q110032089", "Agnes Reinders": "Q106410212", "Maria Szczepa\u0144ska": "Q109857746", "Maria Paola Muzzeddu": "Q64683393", "Celestina Catarina Faron": "Q2471413", "Denise Aguadich": "Q110029788", "Marie Uthurriague": "Q17350984", "Mar\u00eda del Carmen Hidalgo de Caviedes y G\u00f3mez": "Q20723807", "Isabel Lete Landa": "Q11683717", "Pilare Alba": "Q29019682", "Immolata Wetter": "Q1660129", "Marie-Imelda Huille": "Q111793390", "C\u00e4cilia Fischer": "Q106916116", "Ludwika Ma\u0142kiewicz": "Q110033436", "Antonietta Sala": "Q113736801", "Jeanne Pinet": "Q110034385", "Marie Vojt\u011bcha Hasmandov\u00e1": "Q12035490", "Philom\u00e8ne Rolland": "Q110034855", "Ludwika Pe\u0144sko": "Q110034292", "Pura Pagani": "Q27947801", "Manuela Ybarra Berg\u00e9": "Q99913524", "Syksta Niklewska": "Q122781197", "Jeanne de Charry": "Q36330643", "Catherine de Sienne Jeanne L\u00e9onie Marie Louise Cottin": "Q50825442", "Aleksandra Hre\u0161\u010dak": "Q61615822", "Jeanne d'Arc Lortie": "Q47151516", "Rapha\u00eblle Marie de J\u00e9sus-Hostie": "Q28105203", "Rafaela Mar\u00eda de Jes\u00fas Hostia Mart\u00ednez-Ca\u00f1avate Ballesteros": "Q113736349", "Pavla Cracina": "Q59846329", "\u00c9lisabeth de Miribel": "Q3587936", "Mary Bernetta Quinn": "Q106497252", "Grietje Schouten": "Q116498143", "Soeur Marie S\u00e9raphie": "Q110249231", "Marie Castillon": "Q110030624", "Stefanija Eigelyt\u0117": "Q110843151", "Paquita Yvern Gelamb\u00ed": "Q99300058", "Maria Stefania Wicher": "Q95205459", "Marija Ilc": "Q20900718", "Maria Deymer": "Q11768803", "Weronika Narmontowicz": "Q4313205", "\u0141ucja Khambang": "Q7848422", "Emmanuela Aichinger": "Q1314390", "Santina di Ges\u00f9 Scribano": "Q107170891", "Henrica Zwienenberg": "Q110037403", "Madeleine Casaubon-Seignour": "Q36379796", "Madeleine Rose Volpato": "Q124736706", "Benedikta Str\u00f6le": "Q94745151", "Theodolinde Katzenmaier": "Q1719797", "Elfride Jagersberger": "Q1328579", "Marie Chantal Modoux": "Q113761753", "Adrian Marie Hofstetter": "Q36503456", "Yvonne Laurent": "Q110033054", "Helene Baggen": "Q97323114", "Anna Aleksandra Jasielska": "Q11686215", "Christiane Mathioly": "Q112066591", "Benedicta Idefelt": "Q18608812", "Maria Addolorata Luciani": "Q63184175", "Anna Grenda": "Q110031624", "Carme Sala i Bigas": "Q11689394", "Pia Le Thomas": "Q22236734", "\u041c\u0430\u0442\u0438 \u0424\u0435\u0432\u0440\u043e\u043d\u0438\u0458\u0430": "Q12755036", "Friedegunde": "Q60840855", "Genowefa Redempta \u015aledzi\u0144ska": "Q117836393", "Leokadia Juskiewicz": "Q110032217", "Kv\u011bta Vokolkov\u00e1": "Q95401675", "Anna Magdalena Schwarzov\u00e1": "Q10826760", "Corona Bamberg": "Q42899527", "Pavla Bajec": "Q12798441", "Eugenia Renot": "Q110848782", "Sister Jacques-Marie": "Q3511714", "Natalja Vladimirovna Malisjeva": "Q4279322", "\u00c9lisabeth de La Londe": "Q21866839", "Maria Apolinaria Abramowska": "Q11768703", "Rozalia Sidelko": "Q110035231", "Mar\u00eda Amata Neyer": "Q93237254", "Vida Rojc": "Q124750714", "Marie Hermantier": "Q110031820", "Edeltraud Forster": "Q43083991", "Mary Magdala Thompson": "Q111310268", "Lucia Mart\u00ednez Santidrian": "Q28708206", "Kinga Strzelecka": "Q112524843", "Sestra Akvinela": "Q7940506", "Catharina Broom\u00e9": "Q4940818", "Zdislava \u010cern\u00e1": "Q108208663", "Sebastiana Gesalaga": "Q123848654", "Marcellina Pustet": "Q64174220", "Bernadeta P\u00e1n\u010diov\u00e1": "Q30321737", "Petra M\u00f6nnigmann": "Q1658782", "Marie Kevin Tighe": "Q27500544", "Gabriela Sinabell": "Q105748632", "Floralba Rondi": "Q106917928", "Cristiana Piccardo": "Q108677990", "Vilma Petir": "Q112503957", "Jana Lap\u0161ansk\u00e1": "Q112531496", "Marie Terezie Brichtov\u00e1": "Q12035477", "Anna Szer\u00e9na D\u00e9nes": "Q124207674", "Immolata Kronpa\u00df": "Q1660127", "Mar\u00eda G\u00f3mez Valbuena": "Q6003889", "Mary Barbara Agnew": "Q66488856", "Josephine Theunis": "Q123557049", "Fran\u00e7oise Callerot": "Q111748938", "Bertha LaForest": "Q91976807", "Johanna Eichmann": "Q1696925", "Manuela Fern\u00e1ndez Mart\u00ednez": "Q124322125", "Christine Gleixner": "Q103203435", "Yvonne Hellouin de M\u00e9nibus": "Q15407312", "Margareta Ljunggren": "Q28025774", "Marie Michelle Walsh": "Q109768178", "Marguerite Tiberghien": "Q3290745", "Giuseppina Coren": "Q61824887", "Mariana Karakoleva": "Q12285918", "Gemma Urbanov\u00e1": "Q95231699", "Darija Dubljanycja": "Q113736130", "Ant\u00f2nia March Serra": "Q59673722", "Pierrette Prat i Galindo": "Q17959134", "Gemma Punk": "Q112921138", "Gebharda Frank": "Q1496957", "Petrita Tamayo": "Q21849507", "Mary Hall": "Q27924112", "Rosa Prat Monjonell": "Q111310715", "Mary R. Thompson": "Q111310574", "Pearl Berg": "Q3373839", "Josephine Ogilvie": "Q97971333", "Josefina Lamberto": "Q112276623", "Maria Annuntiata": "Q112560472", "Mary Scanlon": "Q123531787", "Valeria Makeeva": "Q19910030", "Waltraud Herbstrith": "Q93231056", "Erika Lapp": "Q94774300", "Georgette Vacher": "Q60673620", "Nuria Marcet Ballber": "Q106189201", "Sabina Hardiman": "Q123171824", "Walburga Storch": "Q59532614", "Juanita Sanchez-Valdez": "Q95880844", "Mar\u00eda Cristina Alonso": "Q6003562", "Countess Isabelle de Lannoy": "Q76373291", "Barbara": "Q3742449", "Werburga Schaffrath": "Q2560075", "Maria Iltola": "Q4281474", "Hermina Pacek": "Q65967336", "Animata Probst": "Q113717281", "Maria Celina Kannanaikal": "Q113553160", "Clarangela Ghilardi": "Q106929896", "Willigard Kultz": "Q1314758", "Mary Manson Nimitz": "Q113410183", "Anna Wahle": "Q52131489", "Lorette Gallant": "Q3259535", "Lena Bomans": "Q123557170", "Alfonso Catherine Danovych": "Q42303693", "\u00c9lie Cails": "Q113811864", "Bonifatia Wiedemann": "Q19965096", "Gerarda \u015aliwi\u0144ska": "Q29549481", "Mar\u00eda Jos\u00e9 Sirera Oliag": "Q6004082", "Hilaria Hatko": "Q123381940", "Roswitha Wecker": "Q95209955", "Estelle Lacoursi\u00e8re": "Q3058901", "\u00c9lisabeth Holfert": "Q105710341", "Ewa Jezierska": "Q17704696", "Dianne Bergant": "Q97013515", "Beatrice Immediata": "Q112558751", "Annelvira Ossoli": "Q106964428", "W\u0142adys\u0142awa Tajanowicz": "Q113737285", "Maria Vict\u00f2ria Molins": "Q19301109", "Veerle Neyens": "Q114405437", "Sr. Anna-Maria": "Q94765382", "Dinarosa Belleri": "Q106942548", "In\u00e9s Arango": "Q20666690", "Griselda Cos": "Q25796296", "Paraskeva": "Q112565667", "Sigrid Ehrlich": "Q1653994", "Teresa Fr\u0105cek": "Q113753183", "Susanne Abid-Wallendorf": "Q52080091", "Theresa Varela": "Q6145826", "Marieluise Metzger": "Q1673646", "Judith Frei": "Q105549642", "Theresia Sessing": "Q109655692", "Adelaide Molinari": "Q93801459", "Gertrud Waurick": "Q816892", "Michaela Pawlik": "Q15733589", "Czes\u0142awa Lorek": "Q16538393", "S\u0153ur Ang\u00e8le": "Q3511705", "Zofia Kunysz": "Q109940786", "Marie-Rose Genoud": "Q29078748", "Bernadette Moriau": "Q112542506", "Joanna Wan-Ying Chan": "Q113195806", "Marianne Burkhard": "Q94735863", "M\u00edria Kolling": "Q29869241", "Patricia McGowan": "Q95889049", "Ma\u0142gorzata Borkowska": "Q11772234", "Makarija Obradovi\u0107": "Q12755040", "Maria Goretti B\u00f6ck": "Q15833875", "Raphaela H\u00e4ndler": "Q110486191", "Regina Wollmann": "Q1778479", "Martha Pelloni": "Q16735464", "Anne Margariette Camerik": "Q108991146", "Maria Pecyna": "Q117599188", "Zora \u0160kerlj": "Q125565376", "Reginarda Holzer": "Q2138033", "\u00c1gnes Sztrilich": "Q1300296", "Teresa Losada": "Q14955664", "Maria Montserrat Domingo i Batlle": "Q102332149", "Vera Fischer": "Q2513281", "Vitarosa Zorza": "Q107157204", "Darlene Nicgorski": "Q63533167", "Kunigunde F\u00fcrst": "Q2752893", "Valentina Sergeevna Djunina": "Q113828456", "Cecilija Kobal": "Q12786736", "Camille Leca": "Q109581964", "Sor Mar\u00eda Su\u00e1rez V\u00e1zquez": "Q6132512", "Sister Zubena": "Q89278649", "Michaela Puzicha": "Q93220691", "Jamyang Wangmo": "Q113768746", "Unelma R\u00f6pelinen": "Q4297205", "Kristoduli": "Q16300115", "Patrizia Telese": "Q17111689", "Mother Sofia": "Q112228050", "Susan K. Wood": "Q97621706", "Patricia Wittberg": "Q97622183", "Veronika Elisabeth Schmitt": "Q113774407", "Marie-Paul Ross": "Q3292181", "\u00c9liane Poirot": "Q93229390", "Danielangela Sorti": "Q106908509", "Emmanuel Maillard": "Q3724689", "Terezija Sne\u017ena Ve\u010dko": "Q12804004", "Gerda Van Dooren": "Q13641761", "Hermana Flor": "Q24961844", "Nicoletta Vittoria Spezzati": "Q6565857", "Petra Articus": "Q1785041", "Laurence Dupr\u00e9 La Tour": "Q42351587", "T\u00fcnde Szentes": "Q3332065", "Michaele Csord\u00e1s": "Q95193095", "Anna Penna": "Q112398819", "Bo\u017cena Anna Flak": "Q112494919", "Joshin Luce Bachoux": "Q96073981", "Carmen Tatschmurat": "Q106614123", "Ma\u0142gorzata Chmielewska": "Q11772241", "Rosa Staltari": "Q106526792", "Lisa Cremaschi": "Q73727954", "Hanna Haivoronska": "Q12093934", "Anna Maria Iten Shinnyo Marradi": "Q102181105", "Aur\u00e9a Cormier": "Q2871969", "Mary Greene": "Q3296179", "Aude de Lassus Saint Genies": "Q75361978", "Cornelia B\u00fchrle": "Q15446634", "Elisabeth Aimer": "Q95202767", "Marian Maskulak": "Q112565733", "Johanna Domek": "Q113399580", "Hildegard Altmann": "Q106920310", "Maria Ancilla Hohenegger": "Q1895624", "\u00c9va Imelda Farkas": "Q113844789", "Maria Magdalena Zunker": "Q112559883", "Lydia La Dous": "Q113774862", "Rita Giaretta": "Q20808295", "Christiana Reemts": "Q87400687", "Maria Christina F\u00e4rber": "Q110945326", "Laetitia Fech": "Q1502729", "Pascale-Dominique Nau": "Q29959904", "V\u00e9ronique Margron": "Q3564335", "S\u0153ur Catherine": "Q105452446", "\u0413\u0430\u045e\u0440\u044b\u0456\u043b\u0430 (\u0413\u043b\u0443\u0445\u0430\u0432\u0430)": "Q104502202", "Karin Johansson": "Q96384345", "Dagmar K\u0159\u00ed\u017ekov\u00e1": "Q21819961", "Maria Gloria Riva": "Q93269321", "Teresa Leonarda Kuniszewska": "Q113845245", "Adelajda Sielepin": "Q125198302", "Paola Arosio": "Q59610283", "Mirjam Dinkelbach": "Q1938220", "Klara Maria Breuer": "Q106742235", "Sarolta Laura Baritz": "Q113718383", "Mary Julit Mandumpala": "Q113845685", "Barbara Chyrowicz": "Q9165320", "Hildegard Dubnick": "Q60441917", "Cecilia Falchini": "Q108835836", "Nicole Winkelh\u00f6fer": "Q63832625", "Angela Boddem": "Q105548323", "Sister Marie Simon-Pierre": "Q1897515", "Margareta Gruber": "Q47408540", "Mieke Kerckhof": "Q36423396", "Michaela Rak": "Q55392328", "Gisela Ibele": "Q113773391", "Angelika Pint\u00ed\u0159ov\u00e1": "Q51362386", "Franziska Mitterer": "Q113758898", "Nunna Ksenia": "Q116415240", "Pa\u0161\u010denko Evfimija": "Q113781889", "Hermiona (Szczur)": "Q9291665", "Maria Maxwald": "Q1669624", "Mirijam Schaeidt": "Q113783903", "Edita Marie Mendelov\u00e1": "Q15712536", "Isabel Sol\u00e0 i Matas": "Q26775751", "Anna Ba\u0142chan": "Q14917846", "Lourdes Perramon Bacardit": "Q66285498", "Georgina Onofre Villalba": "Q113841858", "Anna Ali": "Q4766816", "Agnes Awuor": "Q4693006", "Veronika Kronlachner": "Q105335401", "C\u00e9cile Renouard": "Q64686677", "Scholastika H\u00e4ring": "Q113839599", "Liviana Bortolussi": "Q105010198", "Henriette Goussikindey": "Q117196984", "Clara Vasseur": "Q113775597", "M. Sandra Gelbe": "Q113788436", "Arian van Eijk": "Q13430486", "Terezie Josefa Strettiov\u00e1": "Q95393947", "Melanie Wolfers": "Q59615252", "Monika Komorova": "Q20528429", "Maudilia L\u00f3pez": "Q53764748", "Franti\u0161ka Seb\u00ed\u0148ov\u00e1": "Q112491131", "Kassija": "Q112495477", "Michaela Voss": "Q113766956", "Johanka od Krista Kr\u00e1le": "Q112506989", "Stanislava \u0160imuniov\u00e1": "Q105482325", "Beata Zarzycka": "Q88062996", "Angela Monachese": "Q113804552", "Tereza Obolevich": "Q18430234", "Maura Z\u00e1tonyi": "Q93244649", "Philippa Kraft": "Q1308060", "S\u00f2nia Sapena": "Q105243919", "Rafaela Kastelik": "Q112270247", "Olalla Oliveros": "Q16882222", "Veronika \u0158eh\u00e1kov\u00e1": "Q106983637", "Natalia Lionaki": "Q67080127", "Alice-Marie Puga": "Q110934653", "Bernadeta Pr\u00e1\u0161kov\u00e1": "Q117963741", "Miroslava Tobia Mat\u011bjkov\u00e1": "Q95383133", "Dana Jak\u0161i\u010dov\u00e1": "Q95164259", "Siluana Tengberg": "Q112554843", "Franziska Madl": "Q115611886", "Wildanie Cupidon": "Q108553351", "Maricica Cornici": "Q1897069", "Isabelle de La Garanderie": "Q107132594", "Anna Elisabeth Rifeser": "Q113746014", "Sabine Tainturier": "Q116269560", "Kelsang Namtso": "Q17099556", "Anastazja Pustelnik": "Q29549544", "Cyneswith": "Q1858068", "Cl\u00e9mence d'\u00d6hren": "Q2350620", "Sybille van Gages": "Q2505881", "Beatrijs van Assendelft": "Q2514204", "Cornelia Arens": "Q2598450", "Vinciane de Wintershoven": "Q3464580", "Sigeberge": "Q3483508", "Oliva di Anagni": "Q3881780", "Ingeborg Tordsdotter": "Q4955705", "Ingegerd Larsdotter": "Q4955721", "Katarina Ulfsdotter": "Q4958334", "In\u00e9s Enr\u00edquez de Castilla": "Q5919688", "Benigna di Breslavia": "Q9168838", "Ludwika Lis\u00f3wna": "Q12034278", "Mark\u00e9ta Lucembursk\u00e1": "Q12035614", "Marie Theopista Mukarubibi": "Q12238223", "Kalistena Radkova": "Q12282415", "Margareta van Stein": "Q13814744", "Apol\u00b7l\u00f2nia de Barcelona": "Q16168674", "Caterina Boyl": "Q16188161", "Isabelle d'Artois": "Q16644056", "Elena of Moscow": "Q16648107", "Eulalia C\u00e1ceres": "Q16889013", "Aim\u00e9e de Marie": "Q17032203", "Mother Antoinette": "Q17278936", "Cyneburh": "Q17428109", "Catherine Cowley": "Q17761969", "Sister Mary Antoine": "Q18070751", "Ecgburh": "Q18527903", "Augustina de la Asunci\u00f3n de la Virgen Mar\u00eda": "Q18745785", "Margaret Stourton": "Q18880110", "Mother Ste. Euphemie": "Q18912212", "Machik Ongjo": "Q18988679", "Catalina Solaguti": "Q19602255", "Oeland Tayen": "Q20031873", "Aldon\u00e7a de Caldes": "Q20100265", "Aldon\u00e7a de Castre": "Q20100266", "Berenguera de Cervera": "Q20100335", "Blanca d'Anglesola": "Q20100349", "Garsenda \u00c7agarriga": "Q20100382", "Cec\u00edlia de Cartell\u00e0": "Q20100399", "Constan\u00e7a de Cabrera": "Q118908480", "Constan\u00e7a de Portella": "Q20100439", "Eldiarda d'Anglesola": "Q20100474", "Elisenda de Copons": "Q20100479", "Ermessenda de Rubi\u00f3": "Q117600989", "Esclarmonda": "Q20100511", "Violant de Perell\u00f3s": "Q119142341", "Mary Lecor": "Q20749004", "Elvire Le Fer de la Motte": "Q20750856", "Marquesa de Ribelles": "Q20876576", "Marie of Armagnac": "Q21139578", "S\u0153ur Th\u00e9r\u00e8se": "Q22249360", "Anna Maria von Salis": "Q26807786", "Eorcengota": "Q27102470", "Elizabeth Cary": "Q28053500", "Mary Cary": "Q28053564", "Neyda Rojas": "Q28972733", "Joanna Boisot": "Q34662842", "Anne-Marie de Caunes": "Q40758507", "Antoinette de Caunes": "Q40758530", "B\u00e9n\u00e9dicte Engelmann": "Q42406567", "Marie-No\u00ebl Bouchard": "Q42407352", "Mich\u00e8le Mollet": "Q42407492", "Marguerite-Marie Carof": "Q42407528", "Marthe Villeneuve": "Q42407827", "Marguerite-Marie Jouanny": "Q42589101", "Marie-C\u00e9line Guitard": "Q42589169", "Pernelle of Montfort": "Q48171946", "Florence of Montfort": "Q48171971", "Alicia of Montfort": "Q48172561", "Agnes of Montfort": "Q48172588", "Bo\u017cena Szewczul": "Q48843635", "Isabella Maria della Passione": "Q51531462", "Cymorth": "Q51954656", "Eleri o Gwytherin": "Q52059552", "Eurfyl ach Padarn": "Q52061534", "Ernestine de Gand": "Q54723634", "Fran\u00e7oise de Boussu": "Q54771226", "Marie Rovelli": "Q54806668", "Jeanne de Penin": "Q54806718", "Catherine d'Ittre": "Q54806744", "Marie de Mol": "Q54819560", "Marie Belande": "Q54860645", "Catherine van Assche": "Q54861112", "Lisbeth de Glymes-Berghes": "Q54861614", "Jeanne t'Smols": "Q54861754", "Katerina Gudmundi": "Q54925843", "Christina Mansdotter": "Q54925855", "Katerina Persdotter": "Q54925865", "Madeleine d'Ittre": "Q54932432", "Anne van der Cam": "Q54932457", "Barbe Tasse": "Q55075055", "Ode (abbesse de la Cambre)": "Q55101043", "Hedwige Swaefs": "Q55101362", "Ermentrude (abbesse de la Cambre)": "Q55284397", "Aleyde (abbesse de la Cambre)": "Q55340051", "Marie de Ligne": "Q55347480", "\u00c9lisabeth du Mont": "Q55349660", "Marguerite de Mol": "Q55350340", "Catherine Taye": "Q55372192", "Marie Scotelvoets": "Q55374604", "\u00c9lisabeth Boots": "Q55378143", "\u00c9lisabeth d'Yssche": "Q55379327", "Marie de Thiennes": "Q55384393", "Aleyde de Coydenberg": "Q55593209", "Agn\u00e8s Granier": "Q55649875", "Marguerite III": "Q55689798", "Aleyde de Froidmont": "Q55689905", "\u00c9lisabeth  (abbesse de la Cambre)": "Q55690404", "Ermentrude II (abbesse de la Cambre)": "Q55692030", "Marguerite de Biest": "Q55692536", "Aleyde IV": "Q55695257", "Catherine Thys (abbesse)": "Q55695762", "\u00c9lisabeth IV": "Q55696117", "Anna Matsdotter": "Q56301091", "Marie Le Vaillant de Sainte-C\u00e9cile": "Q57167509", "Alix de Rodez": "Q57499182", "Antoinette de Grol\u00e9e": "Q58065396", "Mary Imelda Gauthier": "Q59247666", "Alison McKelvie": "Q59654333", "Margito": "Q59854899", "Euphrosyne Synadene": "Q61014731", "Gwenaseth ach Rhufon": "Q61107841", "Anhun de Gwrthyfer": "Q61107844", "Irene Komnene": "Q61268877", "Catherine-Marie de La Tr\u00e9moille": "Q61439223", "Zuzanna Amend\u00f3wna": "Q61959203", "\u0410\u043d\u043d\u0430 \u0434\u0435 \u041a\u0432\u0438\u043d\u0441\u0438": "Q61963721", "Saint Albane": "Q62024542", "Carla De Noni": "Q62122378", "Geralda de Cardona": "Q62273218", "Maria Vanherk": "Q62419248", "Elisabeth Chantereau le Fevre": "Q62652657", "N. de Saint-Fargeux": "Q62652667", "N. de Fighe": "Q62652670", "Suzanne de Chambray": "Q62653242", "Fran\u00e7oise Mi\u00e9e de Guespray": "Q62653428", "Marguerite Bri\u00e7onnet": "Q62653429", "Marie Tambonneau": "Q62653432", "Genevieve-Angelique de Mezieres d'Espernanches": "Q62653433", "Blanche-Marie de Clermont-Gallerande": "Q62653434", "Marie-Anne de Tubieres de Caylus": "Q62653435", "Marie-Catherine de Bethizy de Mezieres": "Q62653437", "Gabrielle d'Amilly": "Q62653443", "Marie de Vienne": "Q62653445", "Marie-Anne de Cochefilet de Vaucelas": "Q62653447", "Julie-Gabrielle de Beauvais": "Q62653448", "Madeleine II Ceberet (ou Cebret)": "Q62653450", "Marie de Bullion": "Q62653451", "N. de Menestrel": "Q62653452", "Elisabeth Hauterive": "Q62653454", "Madame d'Ass\u00e9": "Q62653460", "Claude Gobinard de La Mare": "Q62653462", "Maria Sunyer": "Q63067259", "Audeburge of Hautes-Bruy\u00e8res": "Q63434449", "Kristin Laurensdotter": "Q64524361", "Catherine Sauve": "Q65060329", "Ellen Stephen Kay": "Q66713452", "Anna z Obran": "Q72827596", "Stine Dutmers": "Q73125721", "Isabelle de Lancastre": "Q74661307", "Paulina von Th\u00fcringen": "Q74816120", "M. Sebalda": "Q75111963", "Lady Elizabeth Neville": "Q75254050", "Adelheid von N\u00fcrnberg": "Q75288787", "Eadfl\u00e6d": "Q75382376", "Ethelfleda": "Q75386585", "Anne de Segrave": "Q75386945", "Frances Wollascot": "Q75446331", "Giulia Marliani": "Q75848349", "Antonia Castiglioni": "Q78912154", "Gerbirgis": "Q82298792", "Simonis Palaiologina Asanina": "Q83457171", "Marguerite de Polastron": "Q88273355", "Katharina von Thun-Hohenstein": "Q94621820", "Mechtild von Neuffen": "Q94731595", "Sophie L\u00f6wenstein-Wertheim-Rosenberg": "Q94732098", "Brigida M\u00f6rlin": "Q94732123", "Altea von Ems": "Q94733060", "Maria Ursula Karl": "Q94733245", "Anna Esther Freiin von Questenberg": "Q94735002", "Maria Margaritha Freiin Roll von Emmenholz": "Q94735068", "Anna Maria Freiin Roll von Emmenholz": "Q94735069", "Maria Schenk": "Q94735201", "Maria Abundantia Richel": "Q94735438", "Augustina Reinach": "Q94735460", "Gertrud Tauler": "Q94736476", "Margareta Sto\u00df": "Q94736788", "de Lutije Vincentia": "Q95184829", "Gutta von Mertlach": "Q95187773", "Jutta von Mallingkrodt": "Q95187785", "Anna Maria Hoelscher": "Q95187786", "Anna-Margarethe Cratz von Scharfenstein": "Q95187796", "Maria Josefa Specht": "Q95187798", "von Amtenhausen Beatrix": "Q95193159", "Paula von der Toskana": "Q95193161", "Mechthild Wilde": "Q95199553", "von Schaarbeek Adelheid": "Q95204522", "Maria Regis Dopfer": "Q95205457", "Auguste Butz": "Q95213774", "Anna Ebin": "Q95213972", "Margaretha Cartheuser": "Q95635928", "Schenkin von Erbach Ursula": "Q95646109", "Anna van Collen": "Q95646478", "Insea Hohlt-Sahm": "Q95647747", "Christina Rigler": "Q95651445", "Elisabeth Waraus": "Q95652637", "Caroline Isabelle de Colins": "Q95652898", "Maria Gabriela von Schaffmann": "Q95652983", "Margareta von Enschringen": "Q95655830", "Gabriela Kreienbaum": "Q95658143", "Maria Maser": "Q95660577", "Elizabeth Clifford": "Q95662941", "Barbara Nicol. Gregorlisch": "Q95697156", "Dorothea Mock": "Q95699709", "Hadewig von Loe": "Q95735480", "Anna Maria Junius": "Q95747404", "Auer Magdalena": "Q95756546", "Magdalena Kremerin": "Q95756792", "Querubina Samarra": "Q96024599", "M\u00f3nica Mujal": "Q96024604", "Clara Cant\u00f3": "Q96024608", "Reverend Mother Verity Margaret SSM": "Q98446433", "Sophie of Rogatec": "Q98767744", "Anne Vieillard-Baron": "Q99736061", "Sister Oline Nielsen": "Q102258911", "Maria": "Q104488509", "Teresa C\u00f3nsul": "Q105748193", "Leonor": "Q106428042", "Mother Mary Starr": "Q106587669", "Cynehild": "Q106629523", "Berthgyth": "Q106629526", "Sabina Preyndorfer": "Q106697772", "Maria Euphrosina Ettenauer": "Q106761284", "Maria Abundantia Theresia von Griming": "Q106766877", "Umbelina Barrio Cuerdo": "Q106771819", "Francesca da Firenze": "Q106964986", "Reinhild": "Q107067321", "Bertha of Marbais": "Q106980709", "Elizabeth M. Edmunds": "Q107064340", "Agnes of Jouarre": "Q107067298", "Basilissa": "Q107067299", "Beatrice of Kent": "Q107067301", "Benedicta of Assisi": "Q107067302", "Catherine Bentley": "Q107067303", "Bertha of Biburg": "Q107067304", "Christine of Gandersheim": "Q107067305", "Chrodielde": "Q107067306", "Cyneburg of Gloucester": "Q107067308", "Cyniburg": "Q107067310", "Madeleine Demandols de La Palud": "Q107067311", "Hilda of Hartlepool": "Q107067313", "Irene of Constantinople": "Q107067316", "Julianna du Guesdin": "Q107067317", "Marie Clotilde": "Q107067319", "Mary Rhodes": "Q107067322", "Joanne Pierce Misko": "Q107414130", "Grazia d'Arzago": "Q107530561", "Agnes des Aix (de Chateaumeillant)": "Q107550413", "S. M. C.": "Q108353796", "Jacqueline de Chanteprime": "Q108704656", "Doreen Awaiasi": "Q108847622", "Guta": "Q109002855", "Catharina Kyle": "Q109175058", "Beata Hryniewicz": "Q109354373", "Rubea de Comminges": "Q109604021", "Leonilde Mastai": "Q109682763", "Agnese Mastai": "Q109682766", "Ma\u0142gorzata Adamek": "Q110029783", "Stefania Bednarska": "Q110030024", "Marie Beirens": "Q110030034", "Marie-Th\u00e9r\u00e8se Berger": "Q110030063", "Marguerite Beyls": "Q110030082", "Irena Bielawska": "Q110030100", "Ermella Brandi": "Q110030402", "Marie Bredoux": "Q110030411", "Germaine Bribosia": "Q110030431", "Sandra Busnelli": "Q110030539", "Krystyna Bykowska": "Q110030552", "Alice Chevalier": "Q110030717", "Jos\u00e9phine Chopin": "Q110030756", "Marie Chrysostome": "Q110030770", "Madeleine Cordier": "Q110030830", "Agnes Coussemaeker": "Q110030848", "Marie De Roover": "Q110030971", "Ghislaine de Vogel": "Q110030973", "Germaine Delcuigne": "Q110031011", "Claire Delepaut": "Q110031012", "H\u00e9l\u00e8ne Dreyer": "Q110031119", "Aleksandra Drzewecka": "Q110031129", "Judith Eulalie": "Q110031218", "sister Ferraille": "Q110031263", "Gabriele Fleischer": "Q110031297", "Marta Folcia": "Q110031307", "Helena Fr\u0105ckiewicz": "Q110031328", "Henriette Gret": "Q110031627", "Ir\u00e8ne Guillaume": "Q110031683", "Hildegard Gutzwiller": "Q110031704", "Dani\u00e9la Haag": "Q110031710", "Madeleine Herbeck": "Q110031805", "Jeanne Hertel": "Q110031828", "Stanis\u0142awa J\u00f3\u017awikowska": "Q110032194", "Cecilija Jurin": "Q110032204", "Emilie Kamper": "Q110032252", "Aniela Kotowska": "Q110032632", "Teofila Koz\u0142owska": "Q110032716", "Bronis\u0142awa Krzemi\u0144ska": "Q110032821", "Anne-Marie Le Cah\u00e9rec": "Q110033078", "Marie Leruth": "Q110033142", "Anne-Marie Llobet": "Q110033270", "Zofia Makowska": "Q110033389", "Madeleine Malolepszy": "Q110033440", "Eugenia Marcinowska": "Q110033466", "Antoinette Masserey": "Q110033512", "Joanna Mistera": "Q110033746", "Madeleine Moguet": "Q110033762", "Berthe Naveau de Marteau": "Q110033891", "Imelda Neugebauer": "Q110033926", "Marie Nicolas": "Q110033929", "Marguerite Olivier": "Q110034026", "Jordana Ostreyko": "Q110034097", "Anna Otto": "Q110034107", "Veronique Overkamp": "Q110034116", "Marija Pirovi\u0107": "Q110034397", "Benedetta Pompignoli": "Q110034486", "Kl\u00e1ra R\u00e1th": "Q110034737", "Clothilde R\u00e9gereau": "Q110034757", "Joanna Reiter": "Q110034764", "Germaine Robaeys": "Q110034822", "Regina Robberechts": "Q110034826", "Madeleine Royer": "Q110034929", "Renata Seebass": "Q110035091", "Marthe Sibile": "Q110035220", "Imberta \u0160insk\u00e1": "Q110035272", "Maria Siwek": "Q110035280", "Julia Sosnowska": "Q110035509", "Cecile Stingers": "Q110035644", "sister Emmanuelle": "Q110035816", "sister Fran\u00e7oise Elisabeth": "Q110035817", "sister Joseph": "Q110035818", "mother Marie-Agn\u00e9s": "Q110035819", "sister Marie-C\u00e9cile": "Q110035820", "sister Marie-Eustelle": "Q110035821", "sister Odonia": "Q110035824", "sister Roberta": "Q110035825", "sister Rose": "Q110035826", "mother Stefanina": "Q110035827", "sister Th\u00e9r\u00e8se Lucie": "Q110035828", "M\u00e1ria Szeleczky": "Q110035974", "Emma Talamonti": "Q110036040", "Marie-Th\u00e9r\u00e8se Thierry": "Q110036164", "Jadwiga Urbanczyk": "Q110036378", "Acker Veronique van Acker": "Q110036407", "Benedetta Vespignani": "Q110036563", "Germaine Veyrine": "Q110036571", "Marguerite Waffelaert": "Q110036775", "Clara Walsh": "Q110036798", "Jadwiga Wyszomirska": "Q110037145", "Julia Zagrodzka": "Q110037200", "Victoria de la Cruz Garcia": "Q110404013", "Charlotte Audureau": "Q110838303", "Eugenie Bertrand": "Q110840977", "Anna Bolledi": "Q110841296", "Helene Capart": "Q110842236", "Maria Cei": "Q110842282", "Maria Corsetti": "Q110842508", "Marie de Greef": "Q110842666", "Marie-Louise Delechenault": "Q110842747", "Noelie Delperie": "Q110842758", "Sister Hyacinthe": "Q110842759", "Maria Ferrari": "Q110843323", "Maria Desir\u00e9e van Gerwen": "Q110843664", "Marie-Louise Lafont": "Q110845507", "Eug\u00e9nie Leloup": "Q110845716", "Pierrette Perp\u00e9tue": "Q110846216", "Henriette Neuville": "Q110846766", "Marie-Louise Pannelay": "Q110847170", "Marie Placide": "Q110847493", "Jeanne-Fran\u00e7oise Ramade": "Q110848669", "Jeanne Rodien": "Q110848907", "Marie-Th\u00e9r\u00e8se Roux": "Q110849013", "Sister Bernadette": "Q110849937", "Sister Marie-Louise": "Q110849940", "Jeanne-Fran\u00e7oise Zufferey": "Q110851484", "Sister Marimil Lobregat": "Q110941423", "Anna Hoare": "Q110968920", "Brigitta Renyaan": "Q111197825", "Maria Felicia Buonaccorsi": "Q111317840", "Tecla Buonaccorsi": "Q111317887", "Maria Buonaccorsi": "Q111318092", "Lucrezia Rosalinda Buonaccorsi": "Q111321582", "Maria Alessandra Buonaccorsi": "Q111321783", "Anna Buonaccorsi": "Q111323039", "Eugenia Buonaccorsi": "Q111386210", "Catherina Tirs": "Q111508345", "Do\u00f1a Mar\u00eda de Gauc\u00edn": "Q111678006", "Elisabeth Vaterodt": "Q112128761", "Linda Shuttle": "Q112243748", "Cynthia Kearney": "Q112249520", "Joanna Pentz": "Q112529585", "Em\u00edlia Baroncelli": "Q113213709", "Marcella Baroncelli": "Q113213710", "Camelle de Toulouse": "Q113361008", "M\u00e1rta Balog": "Q113733289", "Edyta Ko\u0142tan": "Q113746532", "Tat\u02b9jana Spektor": "Q113749681", "Marie de Chantal Gueudr\u00e9": "Q113751100", "Grace Remington": "Q113753242", "Jadwiga Monika Kupczewska": "Q113758974", "Patricia M. Rumsey": "Q113760207", "Lea Montuschi": "Q113776039", "Albarosa Ines Bassani": "Q113786408", "Maria Roswitha Schneider": "Q113793597", "Juliet Mousseau": "Q113803529", "Helen Herbstritt": "Q113804811", "Marija Vladimirovna Starickaja": "Q113809466", "Carmel Pilcher": "Q113813930", "Magdalena Aust": "Q113824316", "Kochurani Abraham": "Q113828410", "Gabriel L\u00fcttgen": "Q113829163", "Jean-Baptiste Tourrel": "Q113831154", "L\u00e9ocadie-Aur\u00e9lie Billy": "Q113838002", "Isabel de Aguiar y Saavedra": "Q113938138", "Isabelle de Vivonne": "Q115166181", "Marie-Josiane Taine": "Q115574141", "Bernadette Clara Alvine Ayo Mbarga": "Q115606056", "Katarzyna So\u0142omerecka": "Q115620734", "Janat Aya Alex": "Q115784753", "Sibil\u00b7la de Caixans": "Q115939893", "Aldon\u00e7a de Montsoriu": "Q115940408", "Adelheid": "Q116175875", "Katherina Mast": "Q116453222", "Elisabeth Tubback": "Q116460255", "Margaret of England": "Q116641297", "Mary Ann Buck": "Q116732565", "Catharina van Park": "Q116766948", "Mar\u00eda Aranzazu V\u00e9lez de Mendizabal": "Q116923686", "Carmen Castro Card\u00fas": "Q116927310", "Suema Akumboke": "Q117075620", "the Nun porfyria": "Q117188030", "Ragnhild Genoveva": "Q117218736", "Violant de Pallars": "Q117313775", "Ippolita Corio": "Q118233214", "Johanna Bernhardine Wollseifen": "Q118632243", "Odila of Laon": "Q118770218", "Philippina of Chalon": "Q118773126", "Marie Judit": "Q120609192", "Ludmila N\u011bmcov\u00e1": "Q120610128", "Anna Deodato": "Q120614576", "Veritas Marie Hol\u00edkov\u00e1": "Q120617124", "Julijana Malgranello": "Q120735306", "Saurena d\u2019Anglesola": "Q121125937", "Anna von Buchwald": "Q121125987", "Irene Grassl": "Q122105672", "Gael O'Leary": "Q122197781", "Gabriele Boll": "Q123047646", "Maria de Requesens": "Q123260502", "Juana Esperanza de San Alberto": "Q123478317", "Nun of Barking": "Q123529993", "Amata Amerijckx": "Q123542998", "Jos\u00e9e Follon": "Q123556063", "Lieve Van De Wielle": "Q123556083", "Margriet Wauters": "Q123556090", "Lutgardis Arys": "Q123556118", "Caritas Wolf": "Q123701331", "Febronia Pannolini": "Q124000469", "Silvestra Sopranini": "Q124000503", "Girolama Castellana": "Q124000521", "Makamatine Lembo": "Q124547708", "Pierre-Elise Gafah": "Q124623635", "Yolanda Cer\u00f3n": "Q124658824", "\u0413\u0430\u043d\u043d\u0430 \u0437 \u0413\u0430\u0441\u0435\u045e\u0441\u043a\u0456\u0445": "Q124742039", "\u041c\u0430\u0440\u044b\u044f\u043d\u0430 \u0437 \u041f\u0430\u0446\u0430\u045e": "Q124742372", "\u0421\u043e\u0444\u2019\u044f \u0437 \u041f\u0430\u0446\u0430\u045e": "Q124742480", "Madre Luisa Arlotti": "Q124812265", "\u041a\u0430\u0446\u044f\u0440\u044b\u043d\u0430 \u0437 \u041f\u0430\u0446\u0430\u045e": "Q124813559", "\u0411\u0440\u044b\u0433\u0456\u0442\u0430 \u0437 \u041f\u0430\u0446\u0430\u045e": "Q124987976", "\u041a\u043b\u0430\u0440\u0430 \u0437 \u042f\u043b\u0435\u043d\u0441\u043a\u0456\u0445": "Q125165806", "\u041a\u0430\u043d\u0441\u0442\u0430\u043d\u0446\u044b\u044f \u0437 \u042f\u043b\u0435\u043d\u0441\u043a\u0456\u0445": "Q125165903", "\u0410\u045e\u0433\u0443\u0441\u0442\u044b\u043d\u0430 \u0437 \u042f\u043b\u0435\u043d\u0441\u043a\u0456\u0445": "Q125165953", "Maria Julia Germonprez": "Q125292607", "\u041c\u0430\u0440\u044b\u044f\u043d\u0430 \u0437 \u0412\u0430\u0434\u0430\u0440\u0430\u0434\u0441\u043a\u0456\u0445": "Q125337582", "\u0422\u044d\u0440\u044d\u0437\u0430 \u0437 \u0412\u0430\u0434\u0430\u0440\u0430\u0434\u0441\u043a\u0456\u0445": "Q125337588", "Heloise Genevi\u00e8ve Gruselle": "Q125360612", "Marie Gill\u00e8s de P\u00e9lichy": "Q125490972", "Marie Lammens": "Q125503355", "Margarida de Montcada": "Q125959562", "\u0411\u0430\u0440\u0431\u0430\u0440\u0430 \u0437 \u0413\u0430\u043b\u044c\u0448\u0430\u043d\u0441\u043a\u0456\u0445": "Q126192652", "\u0406\u0437\u0430\u0431\u0435\u043b\u0430 \u0437 \u0412\u0430\u043b\u043e\u0432\u0456\u0447\u0430\u045e": "Q126373701", "Paulina Budzianowska": "Q126616991", "Mary Tarcisia Lakot": "Q126678603", "Katharina von Wattenwyl": "Q126727311", "Margaretha von Wattenwyl": "Q126727312", "\u041d \u0437 \u0427\u0430\u0446\u0432\u044f\u0440\u0446\u0456\u043d\u0441\u043a\u0456\u0445": "Q127513698", "\u0410\u043b\u044f\u043a\u0441\u0430\u043d\u0434\u0440\u0430": "Q128908632", "\u0410\u0433\u0430\u0444\u2019\u044f \u0437 \u0413\u043b\u0456\u043d\u0441\u043a\u0456\u0445": "Q129157346"}