{"Riek Lotgering-Hillebrand": "Q2207528", "Ethel Austin Martin": "Q113501912", "Margaret Carrington Moore": "Q124827184", "Clara Mae Taylor": "Q115056750", "So\u0161a Jak\u0161a": "Q57174214", "Katheryn E. Langwill": "Q115056553", "Fumiko Matsumoto": "Q63131402", "Na\u00edde Regueira Teod\u00f3sio": "Q104412399", "Rosemarie Ostwald": "Q52008215", "Emmie Ducie Oddie": "Q99980045", "Lieselotte Hoeschl Ornellas": "Q28678002", "Virginia A. Beal": "Q117466866", "Doreen Moira Langley": "Q109886037", "Daphne A. Roe": "Q108754915", "Chen Chunming": "Q16077908", "Marina Escobar Moscoso": "Q117814455", "Ritva-Liisa Karvetti": "Q28100076", "Shirley Cochran": "Q64109641", "Ay\u015fe Baysal": "Q28036172", "Ir\u00e8ne Grosjean": "Q105105013", "Ann Cooper": "Q23782708", "Nancy Appleton": "Q26707132", "Heather Greenfield": "Q125287760", "Akiko Hachaiya Pinto": "Q109776330", "Louise Lambert-Lagac\u00e9": "Q3263759", "Adrianne Bendich": "Q112399010", "Silvia Maria Franciscato Cozzolino": "Q109781186", "Carole Bisogni": "Q114684432", "Hee Young Paik": "Q50125247", "Etsuko Oguchi": "Q11459304", "Marilyn Glenville": "Q106568124", "Sook-Mee Son": "Q16083684", "Anadela Serra Visconti": "Q3614882", "Miriam de Miranda Lacerda Rodrigues da Silva": "Q64833430", "Judith K. Donnelly": "Q112368814", "Margot Fischer": "Q100532666", "N\u00e1dia Campanholli": "Q109776685", "Isabela Foga\u00e7a": "Q10303841", "Kate\u0159ina Cajthamlov\u00e1": "Q14541736", "Dolors Borau Llad\u00f3": "Q53547152", "Katrine Klinken": "Q12321577", "JJ Virgin": "Q111074639", "Claudia J. M. Rokx": "Q110414961", "Anette R\u00f6ttger": "Q38678341", "Gabriele Stangl": "Q21260097", "Marta Garaulet": "Q9029514", "Laura da Silva Dias Rahal": "Q109776302", "Corinne Gouget": "Q20644329", "Marcia Christina Amado Serpa Borges": "Q61878369", "Maya Rosman": "Q18388476", "Sandra Wallner-Liebmann": "Q24685985", "Ursula Schwab": "Q63384043", "Jane A. Scott": "Q50530311", "Erica Angyal": "Q18545764", "Sandra Mathias": "Q120469351", "Margit Slim\u00e1kov\u00e1": "Q16335862", "Karin Schlesier": "Q105979372", "Seung-Min Lee": "Q89217973", "Anja Bosy-Westphal": "Q90408836", "\u054e\u0561\u0580\u0564\u0561\u0576\u0578\u0582\u0577 \u054a\u0565\u057f\u0580\u0578\u057d\u0575\u0561\u0576": "Q23019296", "Yurdag\u00fcl Zopf": "Q75852500", "Anette Palssa": "Q115096751", "V\u00e9ronique Perreault": "Q124361134", "Kristina Norman": "Q50650108", "Olga Mar\u00eda del Carmen Ramos Huam\u00e1n": "Q124448270", "Petra \u0158eho\u0159kov\u00e1": "Q20057982", "Analy Rosa": "Q107126139", "Itziar Gonz\u00e1lez de Arriba": "Q126010116", "Genevi\u00e8ve O'Gleman": "Q106086196", "Gabriela Raggio": "Q109759778", "Mathilde Touvier": "Q39872137", "Marta Carrasco Marginet": "Q59697938", "Claudia M\u00fcller": "Q83180546", "M\u00f4nica Rocha Gon\u00e7alves": "Q109778550", "Bianca Paludo": "Q109788002", "Ma\u00edra Cardi": "Q75967750", "Merit Lagerpusch": "Q110610413", "Kate Greer": "Q48980153", "Ioana Pico\u0219": "Q105674009", "Raquel Britzke": "Q123014253", "Janine Rover de Mello": "Q109777510", "Jessica Huam\u00e1n": "Q125504048", "Marina Lommel": "Q47516565", "Ana Caroliny Vieira da Costa": "Q67511822", "Nupuur Patil": "Q110594815", "Anisha V Ranjan": "Q107463396", "Nmami Agarwal": "Q99607719", "Lucy Chege": "Q6698233", "Btoul Mhd Saied Allou": "Q113712492", "Cannelle Carr\u00e9-Cassaigne": "Q2936333", "Emily English": "Q119424302", "Giovanna Lima": "Q125544471", "Jayashree Arcot": "Q47305124", "Rujuta Diwekar": "Q56169", "Val\u00e9rie Orsoni": "Q3554299", "Erica White": "Q5387932", "\u05de\u05d0\u05e1 \u05d5\u05ea\u05d3": "Q6611824", "Patricia Salen": "Q17355538", "Mary A. Boland": "Q18563034", "Marjolein Visser": "Q39951790", "Zeynep Madak-Erdogan": "Q41863408", "Stephanie R. Partridge": "Q42367975", "Janet Elizabeth Cade": "Q43007829", "Emma Lea": "Q46028115", "Margarida M. Vieira": "Q47295594", "Lee Hooper": "Q48222952", "Mary Yannakoulia": "Q50632329", "Concei\u00e7\u00e3o Calhau": "Q52148087", "B\u00e9atrice Morio": "Q52999670", "Laura Astete Robilliard": "Q54211549", "Christine Morand": "Q56434282", "Kristin Lawless": "Q56486485", "Hilary Marian Creed Hunter": "Q56748097", "Karen L. Lindsay": "Q56996720", "Danielle Gallegos": "Q57053767", "Rachael McLean": "Q57109551", "Jennifer A. Garner": "Q57320960", "Carol S Johnston": "Q57329248", "Sof\u00eda Arriar\u00e1n": "Q57663283", "Juana Fernandez-Lopez": "Q57716045", "Rossina Pareja": "Q58200858", "Daniela K\u00fcllenberg": "Q58473858", "Amber Milan": "Q58669886", "Rebecca Reynolds": "Q58792365", "Iva Klime\u0161ov\u00e1": "Q59221431", "Camila Kummel Duarte": "Q59691192", "Alexandra M Johnstone": "Q61297114", "Agnieszka Micek": "Q64226273", "Iwona Rudkowska": "Q73045346", "En-Pei Isabel Chiang": "Q79269355", "Marianella Miranda Cuadros": "Q84773728", "Maria Reyna Liria": "Q84935233", "Lorena Saavedra Garc\u00eda": "Q85677569", "Kylie Ball": "Q86575266", "Kelse Tibau de Albuquerque": "Q87607513", "Doris \u00c1lvarez Dongo": "Q87632578", "Cristiane Hermes Sales": "Q87665898", "Yu Qi Lee": "Q88172423", "Lidia Caballero": "Q88174787", "Emma Derbyshire": "Q88545141", "Doris Delgado P\u00e9rez": "Q88732054", "Ana Cecilia Ho Palma": "Q88821902", "Pamela Robles Valc\u00e1rcel": "Q89021510", "Adriana Vi\u00f1as": "Q89071087", "Jillian Haszard": "Q89571221", "Jane Bradbury": "Q89842727", "Emily Pilar Laveriano Santos": "Q90253853", "Seema Puri": "Q90545237", "Katherine Curi Quinto": "Q91612932", "Gabriela Callo Quinte": "Q91950015", "Nikki Renall": "Q92888531", "Sarah O'Connor": "Q92894604", "Agustina Malpeli": "Q96097022", "Betina Soldateli": "Q96166487", "Katherine Alvis Chirinos": "Q96207138", "\u00c9lise Carbonneau": "Q96220349", "Rena Mendelson": "Q97585406", "Shari Krishnaratne": "Q99546607", "Micheline Beaudry": "Q101089141", "Paola Molettieri": "Q101464145", "Maria Anna Tomaselli": "Q105091079", "Marie-Claude Paquette": "Q105871088", "Ananya Mondal": "Q108104892", "Julie Perron": "Q108666656", "Andrea Grant": "Q108771438", "Tomi Kuwayama": "Q109351678", "Rikka Blurhound": "Q110079314", "Najla Alfardan": "Q110679731", "Felicia Zollo": "Q112084260", "Flaminia Gay": "Q112195407", "Helen Little": "Q112695213", "Lauren Beganny": "Q112969273", "Nakea Fournier": "Q113827062", "Micalla Williden": "Q114431199", "Elizabeth Fleming": "Q114467595", "Mary Ann Williams": "Q114694060", "Sonia Lizeth Hern\u00e1ndez Cordero": "Q115172940", "Betelhem Lakew": "Q118719919", "Jody Miller": "Q119043274", "Cynthia Sass": "Q121338672", "Kirsten Webster": "Q122225043", "Elizabeth Forbes Blom": "Q122420658", "Heather Spence": "Q122759264", "Juliet Wiseman": "Q122916548", "Julia Sekula": "Q123010544", "Anna Chu": "Q123230802", "Meika Foster": "Q123230816", "Deborah Sue": "Q123353551", "Elena Elizabeth Lon Kan Prado": "Q123682782", "Liliane Zaher": "Q123926965", "Sonia Antezana Alzamora": "Q124039773", "Saby Marisol Mauricio Alza": "Q124059525", "Beatriz Catherine Bonilla Untiveros": "Q124059550", "Violeta Magdalena Rojas Huayta": "Q124059564", "Ana Margoth Rivera Portugal": "Q124096860", "Pilar Raquel Liz\u00e1rraga Vara": "Q124096927", "Nelva Consuelo Le\u00f3n De Los Santos": "Q124097028", "Vicky Delia Cecilia Motta Montoya": "Q124154131", "Elena Esther Gonzales Achuy": "Q124304932", "Paula Lita Espinoza Oriundo": "Q124304986", "Patsy Watson": "Q124312431", "Krysty Sharon Meza Carbajal": "Q124322077", "Miluska Libertad Carrasco Vera": "Q124349694", "Chane De Kock": "Q124409811", "Karin Janet Servan Torres": "Q124420502", "Sissy Liliana Espinoza Bernardo": "Q124420536", "Luzbeth Lipa Tudela": "Q124448189", "S. Kowsalya": "Q124608621", "Carla Estefan\u00eda Tarazona Meza": "Q124810338", "Margot Rosario Quintana Salinas": "Q124840039", "Gandy Kerlin Dolores Maldonado": "Q125215432", "Mayra Luc\u00eda Anticona Barreto": "Q125265791", "Benita Maritza Choque Quispe": "Q125265819", "Yaquelin Eveling Calizaya Milla": "Q125265852", "Mery Rodr\u00edguez V\u00e1squez": "Q125265956", "Gladys Liliana Rodr\u00edguez de Lombardi": "Q125342963", "Roxana Carla Fern\u00e1ndez Condori": "Q125343009", "Florentina Gabriela Vidal Huam\u00e1n": "Q125343020", "Ana Elena Guadalupe S\u00e1nchez Castro": "Q125343030", "Yuliana Yessy G\u00f3mez Rutti": "Q125395282", "Mar\u00eda del Pilar Cereceda Bujaico": "Q125863407", "Annie Louise MacLeod": "Q125961118", "Deborah Chettleburgh": "Q126190724", "Sonya Cameron": "Q129294765", "Bailey Bruckner": "Q129306534"}