{"A. Brun": "Q3600364", "Abbe K\u0131vr\u0131k": "Q19950203", "Adalbj\u00f6rg Lilly Hauksd\u00f3ttir": "Q81903486", "Adijat Idris": "Q107637397", "Agathe Bessard": "Q89582088", "Agrie Belachew": "Q57314559", "Agustina Giannasio": "Q57951005", "Ahamada Haoulata": "Q19880165", "Aishath Afnaan Rasheed": "Q18171096", "Ala\u00efs Kalonji": "Q106827222", "Aleksandra Glazkova": "Q116047606", "Aleksandra Michalik": "Q110905553", "Aleksandra Zawistowska": "Q9146723", "Alena Mokhova": "Q81842282", "Alesia Pokhodina": "Q31294763", "Alex Fitch": "Q16712023", "Alexandra B\u00e4r": "Q111536382", "Alexandra Edebo": "Q84140453", "Alexandra Hagarov\u00e1": "Q24869608", "Alexandra Mathis": "Q1544857", "Alexandra Schwald": "Q18410112", "Alexandra Troitskaya": "Q81907673", "Alexia Lacatena": "Q107466490", "Alexia Sedykh": "Q578956", "Alia Delia Eichinger": "Q111021716", "Alice Calaba": "Q81902164", "Alice Canclini": "Q79335546", "Alice Keighley": "Q4725942", "Alice Marchessault": "Q81905219", "Alina Borodina": "Q81901998", "Alina Dauranova": "Q81902517", "Alina Meier": "Q79335517", "Alina Pilchuk": "Q108923235", "Alina Tararychenkova": "Q105382737", "Aline Pelckmans": "Q81906095", "Alisa Virtanen": "Q66725454", "Aliz\u00e9e Dahon": "Q81902466", "Allanis Navas": "Q80587490", "Alma Br\u00edtez": "Q62752187", "Alyssa Pok": "Q81906220", "Amalie Haugland": "Q81903482", "Amanda Fama": "Q107466497", "Amber Schlebusch": "Q57449172", "Amina Tukhtaeva": "Q72199090", "Amparo Dols": "Q19949883", "Amy Youin": "Q62601749", "An He-ji": "Q61100609", "Ana Carolina Itzaina": "Q15908561", "Ana Cvetanovska": "Q28870411", "Ana Viktorija Puljiz": "Q61061200", "Anastasia Tikhanova": "Q18278677", "Anastasia Trofimova": "Q81907671", "Anastasia Veshchikova": "Q42108104", "Anastasiia Grigoreva": "Q105046830", "Anastasiya Prozorova": "Q63352398", "Anda Up\u012bte": "Q111577278", "Andrea Filler": "Q107466494", "Andrea Howard": "Q107474470", "Andrea Trnkov\u00e1": "Q81907664", "Andreea Dragoman": "Q99708665", "Ane By Farstad": "Q52285392", "Aneta Rydz": "Q9154450", "Ane\u017eka Indr\u00e1\u010dkov\u00e1": "Q110820106", "Angelina Otto": "Q58048644", "Angeline Blackburn": "Q9154543", "Aniela Szubert": "Q29079640", "Anita Falieros": "Q19949950", "Anita Muraro": "Q24731246", "Anita Parmesani": "Q4765609", "Anja Mandeljc": "Q106730440", "Anja Weber": "Q111034776", "Ann Marii Kivikas": "Q98565172", "Ann-Kathrin Sp\u00f6ri": "Q58048589", "Anna Heggen": "Q81903514", "Anna Janssen": "Q58048664", "Anna Juppe": "Q105958423", "Anna Morin": "Q4968140", "Anna N\u0119dza-Kubiniec": "Q81905736", "Anna Ostlender": "Q81905974", "Anna Pirovano": "Q65807761", "Anna Weidel": "Q19834660", "Anna Wloka": "Q11686288", "Anna \u010ce\u017e\u00edkov\u00e1": "Q81902206", "Anna-Maria Dietze": "Q24262610", "Anna-Maria Eriksson": "Q4946990", "Annamaija Oinas": "Q63168395", "Anne Hurley": "Q3617942", "Anne-Mette Christensen": "Q19949815", "Anneke le Coultre-Foest": "Q15870070", "Annemiek van den Boogaart": "Q2149253", "Annette Belfrond": "Q81901811", "Annette Ellerbracke": "Q61175708", "Anni K\u00e4r\u00e4v\u00e4": "Q47514771", "Annika Belshaw": "Q71559834", "Annika Sieff": "Q66726944", "Antoinette Gillou": "Q98399044", "Archana Girish Kamath": "Q99708063", "Ariana Ortega": "Q16336769", "Arianna Rusca": "Q4400351", "Arianna Sighel": "Q57548948", "Art\u00e9mis Afonso": "Q55873059", "Asenaca Lesivakaruakitotoiya": "Q54861021", "Aspasia Matsa": "Q735499", "Atenas Angelica Guti\u00e9rrez Guzman": "Q78225605", "Audrey Alice King": "Q81904317", "Aveli Uustalu": "Q88975039", "Avril Malley": "Q16269494", "Bae Hye-yoon": "Q55948403", "Bae Mi-jung": "Q22124486", "Barbara Allmaier": "Q81901057", "Barbara Moriggl": "Q4859175", "Barbara Mussio": "Q3634660", "Barbara Somogyi": "Q58369197", "Barbora Nov\u00e1kov\u00e1": "Q81905849", "Barbro Ahonen": "Q11853897", "Basant Mosaad Mohamed Hassan": "Q21197900", "Beata Lassak": "Q15966914", "Beata Syta": "Q813107", "Beatrice Ricchi": "Q107466479", "Beatrice Storesund": "Q81907289", "Beatrix Hol\u00e9czy": "Q813277", "Beda Leirvaag": "Q55559274", "Bel\u00e9n Aizen": "Q57986364", "Bente Skogvang": "Q793075", "Berta Sablatnig": "Q62672663", "Bettina Engelking": "Q19949915", "Bettina Roll": "Q81906546", "Bia Feres": "Q19203074", "Bianca Gisler": "Q81903142", "Birgit Stephan": "Q865352", "Birgitta R\u00fchmer": "Q865388", "Branca Feres": "Q19203075", "Brenda Cliette": "Q20822787", "Brianna Keyes": "Q85952106", "Brigitte Gefroy": "Q19061019", "B\u00e4rbel Sch\u00f6lzel": "Q1019046", "Caitlin McFarlane": "Q81635469", "Caitlin Nash": "Q81905699", "Cao Shuting": "Q78225601", "Carissa Holland": "Q29831421", "Carla Mijares Ruf": "Q81905437", "Carla S\u00e9n\u00e9chal": "Q88813877", "Carlota Munave": "Q115660365", "Carola Niemel\u00e4": "Q60653989", "Carolina Ponce": "Q57983025", "Caterina Benedetti": "Q57986447", "Caterina Carpano": "Q110883228", "Caterina Dotto": "Q3663502", "Catherine Noble": "Q22986045", "Cathinka Lunder": "Q81731445", "Cecilia Rosado": "Q2943730", "Celine Harms": "Q81903456", "Ceyhan Co\u015fkunsu": "Q66311690", "Chai Saew Yuen": "Q60826208", "Charlotte Bonaventura": "Q2960948", "Charlotte Tremble": "Q107415885", "Chen Jiun-Feng": "Q60825940", "Cheryl Kalamor": "Q42913235", "Chiara Archam": "Q28812364", "Chiara Cristelli": "Q23298587", "Chiara Pogneaux": "Q81906215", "Chika Kobayashi": "Q111590072", "Chloe Levins": "Q15078070", "Chlo\u00e9 Bax": "Q61993330", "Choe Jong-hui": "Q54628393", "Choe Mi-gyong": "Q12857959", "Choe Un-gyong": "Q55318466", "Choi In-ae": "Q19880851", "Chou Yu-Ping": "Q11416931", "Christina B\u00fchler": "Q81902095", "Christina F\u00f6dermayr": "Q110812186", "Christina Gartenmann": "Q1083152", "Christina Grigorovskaya": "Q63137021", "Christina Sergejewna Mazokina": "Q79338764", "Christina Wahlberg": "Q5110885", "Christine Lang": "Q110573006", "Christine Six": "Q19950638", "Chu Yuanmeng": "Q111022368", "Chung Pit Jin Sarah": "Q60826912", "Clara Angerer": "Q5125933", "Claudia Scampoli": "Q98271305", "Clo\u00e9 Ollivier": "Q81905930", "Cristina Pabst": "Q58423821", "Cristina Pittin": "Q111108395", "Csenge Braun": "Q57980630", "C\u00e9line L\u00e9v\u00eaque": "Q21091548", "Daisi Daniels": "Q81902492", "Dalma M\u00e1t\u00e9fi": "Q58011753", "Daniela Dejori": "Q66364109", "Daniela Payen Cordero": "Q81906086", "Daniella Emilie Lauritzen Pizarro": "Q81904764", "Danielle Floor": "Q57749560", "Daria Gredzen": "Q110707115", "Daria Tchikrizova": "Q3016096", "Deborah Loyer": "Q42913276", "Delfina Villar": "Q59705403", "Delia Folea": "Q81902918", "Demi Heinsoo": "Q81903529", "Denisa Cimlov\u00e1": "Q67263532", "Denise Parmley": "Q60826007", "Diana Andreea Ren\u021bea": "Q81906443", "Diana Cholensk\u00e1": "Q81902325", "Diana Neves": "Q19372506", "Diana Tr\u00e2mbi\u021ba\u0219": "Q28848576", "Dilek Y\u0131lmaz": "Q66033936", "Ding Yuhuan": "Q81902610", "Doina Descalui": "Q102288258", "Dolores Knoll": "Q19950209", "Dominika Ba\u0107maga": "Q24430111", "Dominique Brun-Maaoui": "Q3035021", "Doroteja Eri\u0107": "Q16088391", "Dorottya Gajdos": "Q58011757", "Dragana Volkanovska": "Q1254659", "Drusille Ngako": "Q1261432", "D\u00f3ra Hor\u00e1nyi": "Q107482185", "D\u00f3ra Lupkovics": "Q1159935", "D\u0101rta Zunte": "Q88182957", "Eda Nur K\u0131l\u0131\u00e7": "Q66311691", "Edith Mukuvilani": "Q22007075", "Eduarda Ribera": "Q81906482", "Eevi-Inkeri Tossavainen": "Q81907614", "Effrosini Paspati": "Q1296314", "Eiko Shishii": "Q11572192", "Ekaterina Karabutova": "Q63116244", "Ela Anacona": "Q57310955", "Elena Coletti": "Q9252599", "Elena Mamedova": "Q86597701", "Elena Navaz": "Q12256687", "Elena Samkova": "Q70516985", "Elena Seregina": "Q110236170", "Eleni Filandra": "Q3051934", "Eleni Khronopoulou": "Q1327969", "Elese Sommerov\u00e1": "Q110211449", "Elif Dalg\u0131\u00e7": "Q66311692", "Elisa Cecchetti": "Q107455616", "Elisa Confortola": "Q81902373", "Elise N\u00e6ss Olsen": "Q59209101", "Elizabeth DuBois": "Q17558509", "Elizaveta Tikhanova": "Q18278680", "Elizaveta Usmantseva": "Q16264486", "Ellie Salthouse": "Q46923555", "Elza Gulbe": "Q16355987", "Emely Torazza": "Q81907604", "Emilia Kyrkk\u00f6": "Q81904684", "Emilie Olimstad": "Q65562249", "Emma Austin": "Q81901202", "Emma Brumoen": "Q81902059", "Emma Eichmeyer": "Q58048595", "Emma Resnick": "Q81906464", "Emma Sahlin": "Q81906645", "Emma Tr\u00e9and": "Q67031973", "Endija T\u0113rauda": "Q91212532", "Erika Au\u00dfersdorfer": "Q58424024", "Erika Mongelos": "Q34336795", "Erika Pyk\u00e4l\u00e4inen": "Q60501398", "Erika Weinstein": "Q1354534", "Eshyllen Coimbra": "Q108109381", "Esma Ali\u0107": "Q81901048", "Esmeralda Gobozova": "Q72199536", "Esperanza Pereyra Iraola": "Q81906115", "Estere Volfa": "Q110795223", "Eva Berger": "Q107740413", "Eva Hanicov\u00e1": "Q81903438", "Ewa D\u0142ugo\u0142\u0119cka": "Q9256654", "Fabrizia Marrone": "Q107466482", "Fanny Beisaron": "Q18120282", "Fany Bertrand": "Q81901870", "Fatma Al-Hosani": "Q56487525", "Fiorella Corimberto": "Q57982396", "Flora Dolci": "Q61936312", "Frances Nautu": "Q57749563", "Francesca Gallina": "Q80119698", "Francesca Massobrio": "Q59590258", "Frauke Penen": "Q5077509", "Frida Berntsen": "Q99510689", "Froment-Meurice": "Q3753627", "Fumiko Ezaki": "Q11550860", "Gabija \u0160ink\u016bnait\u0117": "Q110641324", "Gabriela Bandeira": "Q26262082", "Gabriela Bolle Carrillo": "Q57704858", "Gabriela Hopek": "Q81903675", "Gabriela Rueda": "Q57264915", "Gabriella Landi": "Q57981021", "Gabriella Monteduro": "Q15830435", "Galina Lebedeva": "Q4255825", "Gao Fenglian": "Q3095224", "Gedly Tugi": "Q70733119", "Gelareh Nazemi": "Q67123707", "Genevieve Knowles": "Q55318326", "Georgeta Popescu": "Q81906244", "Giada Andreutti": "Q57207218", "Giada Tomaselli": "Q61951101", "Gianella Palet": "Q57567081", "Gianna Guaita": "Q65683664", "Gisella Bonomi": "Q57981698", "Giulia Koutsoyanopulos": "Q107445136", "Giulia Longhi": "Q107466486", "Gloria Ioriatti": "Q57549113", "Gloria Malfatti": "Q56641307", "Greta Cecchetti": "Q107455670", "Gro Nj\u00f8lstad Randby": "Q81906377", "Gr\u00e9ta Hadfi": "Q58011738", "Guadalupe Villalba": "Q62752184", "Gunn Kristi Stensaker Tvinnereim": "Q81907239", "Guost\u0117 Damulevi\u010di\u016bt\u0117": "Q56087025", "Gwendoline Daudet": "Q51208828", "Gyurinovics Fanni": "Q33209063", "Ha Eun-ju": "Q11284482", "Han Da-som": "Q9285853", "Han Kum-Ok": "Q5646630", "Hana Fan\u010dovi\u010dov\u00e1": "Q81902818", "Hanle Van Der Merwe": "Q81907832", "Hannah Mergenthaler": "Q36608158", "Harriet Harnden": "Q110490708", "Hattie Briggs": "Q17333984", "Heidi Dyhre Traaserud": "Q81907625", "Helen Hoffmann": "Q81903645", "Helle Panzieri": "Q19061042", "Henna Ikola": "Q15916558", "Henrieta Horv\u00e1tov\u00e1": "Q111173446", "Herborg Idland": "Q81903779", "Hii King Hung": "Q60826465", "Hilda Williams": "Q5761502", "Hsu Mei-chu": "Q98831689", "Huang Yin-Hsuan": "Q39105132", "Hwang Sol-gyong": "Q55318329", "H\u00f3lmfr\u00ed\u00f0ur D\u00f3ra Fri\u00f0geirsd\u00f3ttir": "Q111421032", "H\u00fclya \u00c7in": "Q15819723", "Idy Kohn": "Q1656944", "Ilania Keju": "Q29831239", "Ilaria Cacciamani": "Q107455681", "Imeleta Mata'utia": "Q57749548", "Ina Huemer": "Q24262467", "Inga Anne Vasaasen": "Q22341458", "Ingeborg Forbregd": "Q81902924", "Ingegerd Lindfeldt": "Q19976946", "Ingvild Skaga": "Q51909453", "Ioanna Kotsalou": "Q81904504", "Ioulia Tissamenou": "Q27704013", "Irina Strebel": "Q105690569", "Iris De Martin Pinter": "Q81902548", "Isabella Davis": "Q81902527", "Isabelle Manable": "Q20961919", "Isabelle van Elst": "Q71711490", "Ivelina Baycheva": "Q56753463", "Ivett Ayala": "Q42685893", "Izabela Kostruba": "Q11714674", "Jana Lab\u00e1thov\u00e1": "Q18104517", "Jana Suau": "Q81907322", "Jang Mi": "Q23041497", "Jang Soo-jee": "Q23044884", "Jaslyn Hooi": "Q60220688", "Jasmin G\u00fcntert": "Q105191701", "Jasmine Liu": "Q57749551", "Jeanne Warren": "Q27881137", "Jeng Shwu-Zen": "Q1622715", "Jennifer Kaido": "Q6178484", "Jennifer Onasanya": "Q28540376", "Jenny Amador": "Q44573296", "Jenny Castro": "Q11866337", "Jeong Yu-rim": "Q29413846", "Jessenia Uceda": "Q11725851", "Jessica Keiser": "Q115973441", "Jessica Malsiner": "Q78374927", "Jessica Tiebel": "Q25430514", "Jimena Riadigos": "Q57983285", "Jin Ok": "Q55318327", "Joanna Jakie\u0142a": "Q85513211", "Johanna Kylm\u00e4nen": "Q66479506", "Johanna Udras": "Q81907773", "Jolana Hradilov\u00e1": "Q81903713", "Jolanda van Duren": "Q19949892", "Jordan Bauth": "Q60516895", "Josefa Kellner": "Q17362176", "Josefa Schellmoser": "Q60194052", "Josephine Wentholt": "Q1708421", "Joy Lusenaka": "Q22956949", "Judith Augoustides": "Q1711011", "Judith Pirchmoser": "Q19950491", "Julia Belger": "Q23059444", "Julia Huber": "Q28175375", "Julia M\u00fchlbacher": "Q78466423", "Julia Tervahartiala": "Q60654305", "Julie Berg Sj\u00f8brend": "Q81907059", "Julie Bonaventura": "Q3189170", "Julie Letai": "Q106407252", "Julie Reardon": "Q11310457", "Julieta Lema": "Q60970447", "Julija Skopa": "Q3811156", "Junko Inokuma": "Q43425644", "Kaidy Kaasiku": "Q105075532", "Kaila Kuhn": "Q94138587", "Kamila Stormowska": "Q50323631", "Kamilla Kozuback": "Q81904541", "Kan Cheuk Tung Natalie": "Q56247152", "Kari Forseth": "Q81647220", "Karin Schwartz": "Q18924093", "Karlien Sleper": "Q110901922", "Karolina G\u0105secka": "Q23304326", "Karolina Kukuczka": "Q81904642", "Karoline L\u00f8vik": "Q20261175", "Karol\u00edna Indr\u00e1\u010dkov\u00e1": "Q11736487", "Kasia Mnasithea": "Q26197936", "Katarina Beton": "Q18889300", "Katar\u00edna Havl\u00edkov\u00e1": "Q13421900", "Kateryna Shepilenko": "Q81906954", "Kate\u0159ina Gal\u00ed\u010dkov\u00e1": "Q57385881", "Katharina Eigenmann": "Q81902742", "Katharina Haas": "Q81903371", "Kathrin Blacha": "Q1736482", "Katia Filippi": "Q81902889", "Katie Crawford": "Q81902431", "Katie Hensien": "Q63144562", "Katie Kirk": "Q11737414", "Katrin Rafalski": "Q1736739", "Katsyaryna Bobryk": "Q11733147", "Katsyaryna Stankevich": "Q3572090", "Kazuno Fujiwara": "Q70346636", "Keidy Kaasiku": "Q105075530", "Kellie Delka": "Q111030840", "Kelly Curtis": "Q105728807", "Kelly Vainlo": "Q15071048", "Kenisha Phillips": "Q110237083", "Kennedy Ryan": "Q11738723", "Kerrye Katz": "Q30064079", "Ketty Lent": "Q62973065", "Khadija Haouati": "Q106332020", "Kiia Nousiainen": "Q31086470", "Kim Da-eun": "Q110960770", "Kim Eun-ji": "Q110973341", "Kim Gyong-hui": "Q19867346", "Kim Hyun-Hee": "Q60826010", "Kim Jong-hwa": "Q89070262", "Kim Seon-su": "Q1741568", "Kim Su-gyong": "Q23770524", "Kim Sung-hye": "Q28502743", "Kim Un-hyang": "Q18342473", "Kim Un-jong": "Q55318464", "Kimberly Collard": "Q81902358", "Kinga Zbylut": "Q16566652", "Kirthana Ramasamy": "Q63761251", "Kitija Auzina": "Q28869075", "Klara Andersson": "Q81901102", "Klaudia Domaradzka": "Q104664663", "Klaudia Pint\u00e9r": "Q58011748", "Kl\u00e1ra Ulrichov\u00e1": "Q65570703", "Kong Hye-ok": "Q23418692", "Kozue Takizawa": "Q84502950", "Kristiane Roer Madsen": "Q81905135", "Kristina Adebaio": "Q99498952", "Krist\u00edna Sivokov\u00e1": "Q81907054", "Krist\u00fdna Adam\u010d\u00edkov\u00e1": "Q85864533", "Krystyna \u0141ada-Studnicka": "Q11748811", "Ksenija Smirnova": "Q109492378", "Lara Klein": "Q81904348", "Lara Logar": "Q81904994", "Larysmer Caro": "Q56630947", "Laura Chamiot-Maitral": "Q23926046", "Laura Lammer": "Q57261034", "Laura Ormaechea": "Q20525453", "Laura Tremble": "Q107415896", "Laura Vigna": "Q107470885", "Lea Einfalt": "Q18654674", "Lea Wipper": "Q58048584", "Lea-Sophie Scholz": "Q81818214", "Lee Eui-jin": "Q111590090", "Lee Eun-ji": "Q55318461", "Lee Ha-eun": "Q81904790", "Lee Na-yoon": "Q81904813", "Lee Soo-jung": "Q71668713", "Lee Wen-yi": "Q81904822", "Leena Nurmi": "Q18579466", "Leia Behlau": "Q19610303", "Leilani Ettel": "Q110872961", "Lena Volken": "Q81907959", "Lene x. Nielsen": "Q1817542", "Lerato Mahole": "Q107618861", "Leticia Brunati": "Q57987960", "Li Huawei": "Q23047525", "Li Yuxi": "Q111030538", "Liene Bondare": "Q11756597", "Lila Touili": "Q63242097", "Liliana Genes": "Q47460762", "Liliane Gagnon": "Q81903019", "Lilija Wasiljewa": "Q19614165", "Lily Stern": "Q81907241", "Lin Ea Cenholt": "Q57409279", "Lin Sin-Rong": "Q102863369", "Lina Knific": "Q63869633", "Linda Zingerle": "Q81908379", "Linnea Adelbertsson": "Q81901012", "Lisa Arnholdt": "Q21032018", "Lisanne Bakker": "Q61790599", "Lisbeth Larsen": "Q19950245", "Lise Lothe": "Q55702544", "Liselott Diem": "Q1827920", "Liu Guizhu": "Q24891392", "Liu Hsing-Yin": "Q24835880", "Lo Yueh-Ying": "Q59161804", "Loh Zhiayi": "Q18118251", "Lora Hristova": "Q81903718", "Lorine Chebet": "Q58900745", "Lorna Blake": "Q27836106", "Lovisa Ewald": "Q81902792", "Lu Shengrong": "Q26966444", "Luava'a Tofaeono": "Q57749555", "Lucila Balsas": "Q57982741", "Lucrezia Fantelli": "Q48975138", "Lydia Kahmke": "Q17277884", "Lyubov Ushakova": "Q57558189", "Machiko Kubota": "Q77348935", "Madoka Okamori": "Q31295088", "Magdalena Millinger": "Q15833332", "Magdalena Pa\u0142asz": "Q15700843", "Magdalena \u0141uczak": "Q54302068", "Maisoun Farouk": "Q50675501", "Mait\u00e9 Beernaert": "Q99485524", "Mako Kobata": "Q50231422", "Malene Rypest\u00f8l": "Q56034531", "Malin Sofie Sund": "Q81907355", "Mamignan Tour\u00e9": "Q3285000", "Manal El Bahraoui": "Q11766972", "Manjit Bumrah": "Q47495210", "Mao Nakamura": "Q62007240", "Mara Betschart": "Q105099744", "Marcia King": "Q19950201", "Mareike Peters": "Q1894529", "Margherita Bottero": "Q6760334", "Margot Boch": "Q95191273", "Mari Edland": "Q82396305", "Maria Hartz Melling": "Q81905373", "Maria Hors": "Q20991195", "Maria Issa": "Q81903844", "Maria Messner": "Q3847431", "Maria Niederndorfer": "Q81905812", "Maria Nikoleta Kaltsogianni": "Q81904041", "Maria Vega": "Q4281656", "Mariam Oulare": "Q69789501", "Marie-Th\u00e9r\u00e8se Eyquem": "Q3292257", "Mariel Merlii Pulles": "Q28870436", "Mariem Khlifi": "Q106937522", "Marifranchi Rodr\u00edguez": "Q16574973", "Marina Kopcalic": "Q82396692", "Marion Oberhofer": "Q22811520", "Marit Fjellanger B\u00f8hm": "Q11988325", "Mariya Istomina": "Q50414189", "Marleen M\u00fclla": "Q95748021", "Marlene Fichtner": "Q81902878", "Marta Gasparotto": "Q83643641", "Marta Masoni": "Q3849950", "Marthe Pabsdorff Brunvold": "Q102489313", "Martina Fontanive": "Q105696026", "Martina Giovanetti": "Q3850173", "Martine Engebretsen": "Q24262631", "Martine Lill\u00f8y Bruun": "Q11988567", "Mary Langford": "Q17362222", "Maryke Brits": "Q24951669", "Mar\u00eda Gonz\u00e1lez": "Q80587492", "Mar\u00eda Lorenzotti": "Q21032173", "Mar\u00eda Luisa Marnet": "Q44008598", "Mar\u00eda Rosa Moreno": "Q16601481", "Mar\u00eda Sol Ord\u00e1s": "Q57209695", "Mar\u00edlia Quizelete": "Q79787172", "Masae Tsuchiya": "Q105807679", "Masami Nakata": "Q31295084", "Mashiro Yasunaga": "Q107652274", "Matilde Schwencke": "Q81906850", "Maureen Lebel": "Q63396788", "Maya Chan": "Q81902225", "Maya Yakunina": "Q24262627", "Mayumi Abe": "Q1914537", "Melanie Hasler": "Q86597947", "Melisa \u00c7akmakl\u0131": "Q19611957", "Mercedes del Risco": "Q3855058", "Mia-Lahnee Aquino": "Q29831229", "Michaela Heider": "Q63034811", "Michaela Huber": "Q19788593", "Michaela Kranzl": "Q28727924", "Michaela Pe\u0161kov\u00e1": "Q93901941", "Michelle Goebel": "Q81903155", "Mihaela Hoga\u0219": "Q23309157", "Miho Takahashi": "Q73111897", "Miki Kodama": "Q62605704", "Millie Williamson": "Q18129273", "Minako Hatakeyama": "Q19950050", "Miryam Mu\u00f1oz Cadena": "Q6018321", "Mo Sun-Young": "Q60826459", "Moemi Kikuchi": "Q16770361", "Momoka Horikawa": "Q110517953", "Monica Angelucci": "Q21564622", "Munkhtsetseg Otgon": "Q107578256", "Myasia Jacobs": "Q11787471", "Myriam Ghekap Wafo": "Q27464466", "Myrthe De Boer": "Q81498379", "M\u00e4rta Rosenberg": "Q81906566", "M\u00f3nica Ch\u00e1vez Rivera": "Q47436486", "M\u00fcnevver Hanc\u0131": "Q83504300", "Nadja Pasternack": "Q105696142", "Nadja Wenger": "Q50092257", "Nahiara D\u00edaz": "Q111502189", "Nancy Callaerts": "Q2067370", "Nansi Okoro": "Q28870442", "Naomi A'asa": "Q57749556", "Naomi Gueyraud": "Q62752180", "Naomi Teshirogi": "Q64026243", "Nassira Konde": "Q95919794", "Natalia Gerbulova": "Q55102662", "Natalia Kubin": "Q1966121", "Natalia Ushkina": "Q55102675", "Natalie Maag": "Q99535353", "Nataliya Pyrozhenko-Chornomaz": "Q93649570", "Nat\u00e1lie Kerschbaummayr": "Q21533026", "Nefeli Tita": "Q81907566", "Neja Dvornik": "Q63869635", "Ni Yueming": "Q28813138", "Nichakan\u200b Chinupun\u200b": "Q81902296", "Nickesha Anderson": "Q2027569", "Nicol Bertozzi": "Q99506214", "Nicol Samsonyk": "Q60693785", "Nicola Rountree-Williams": "Q81906573", "Nicole Hall": "Q81903402", "Nicole Konderla": "Q71007265", "Nika Jagecic": "Q81903887", "Nika Murovec": "Q81905644", "Nikki Keddie": "Q1990362", "Nikol Gonz\u00e1lez": "Q78250107", "Nikola Mazur": "Q58366935", "Nina Hud\u00e1kov\u00e1": "Q81903741", "Nina Z\u00f6ggeler": "Q47887162", "Nino Kurtanidze": "Q81904667", "Nkechi Leticia Chime": "Q64797441", "Noemi Bonazza": "Q23067915", "Nora Midtsundstad": "Q81905433", "Nora Pollestad": "Q81906236", "Nora Ulvang": "Q24262635", "Noriko Mochida": "Q11403816", "Noura Elsayed": "Q7063887", "Noy Drihan": "Q86707363", "No\u00e9mie Kolly": "Q61044293", "Obiageli Olorunsola": "Q1726883", "Oksana Chudyk": "Q63478594", "Ola Buwaro": "Q63945236", "Olena Smaha": "Q105601281", "Olesya Graur": "Q111281389", "Olesya Mikhaylenko": "Q25430555", "Olga Pavlova": "Q45553544", "Olga Tikhonova": "Q58368847", "Olivia James": "Q11798049", "Onayssa S'Bahi": "Q15971880", "Ong Bee Eng Joyce": "Q60826005", "Oriana Saputo": "Q63737519", "Paige Jones": "Q72199411", "Pak Chun-hwa": "Q19875978", "Park Ji-yun": "Q110814324", "Park Sun-Yong": "Q60825937", "Patricia Mariscal": "Q19521920", "Paula Botet": "Q110473114", "Paula Schneiders": "Q63183627", "Paulina Guzowska": "Q106695044", "Pauline Mahieu": "Q22918248", "Peng Qingyue": "Q110242748", "Petra Vachn\u00edkov\u00e1": "Q31302030", "Phillicia Sprauve": "Q42914836", "Pia Ruuskanen": "Q16990222", "Piera Muggiri": "Q15918647", "Polina Chudinova": "Q112996353", "Polina Matveeva": "Q107637023", "Prabdeep Kaur Sanghera": "Q26837748", "Proletina Kalcheva": "Q31295014", "Pusle Dyring-Andersen": "Q81902735", "Rachel Olivier": "Q28813127", "Rahmi Kurnia": "Q19950228", "Raisa Verakso": "Q68638685", "Ran Hongyun": "Q81906372", "Raquel Guti\u00e9rrez": "Q9304131", "Rea Kindlimann": "Q71560446", "Rebecca Immonen": "Q24262637", "Rebecca Soumeru": "Q2092232", "Rebeka Benzsay": "Q58011750", "Regina Kari": "Q17266626", "Regina Philips": "Q11349521", "Regina Sigmund": "Q11349519", "Regina Singer": "Q19788605", "Relaksa Dauti": "Q83468342", "Renna Suwarno": "Q868595", "Rhoda Wurtele": "Q22122858", "Rhona Wurtele": "Q1147403", "Ri Pom": "Q54630325", "Ri Un-hyang": "Q20190632", "Rie Nakashima": "Q31295082", "Riho Kurogi": "Q110510320", "Rin Kosaka": "Q62593952", "Rina Bjarnason": "Q12333504", "Rita Gon\u00e7alves": "Q18543903", "Roberta Parisella": "Q19950452", "Rong Ge": "Q110900868", "Ronja Bl\u00f6chlinger": "Q107124966", "Rosa Mar\u00eda Flores Buend\u00eda": "Q6112204", "Rosa Pohjolainen": "Q81906218", "Rosa Saul": "Q2210606", "Rosanna Contardo": "Q27518254", "Rosario Soto": "Q57986512", "Roselyn Faleao": "Q57749558", "Rozel Le Gallais": "Q16439659", "Ruby Andrews": "Q81901117", "Ruki Tomita": "Q90709515", "Rumi Michita": "Q1541881", "Rumyana Dobreva": "Q28831130", "Ruth Topalian": "Q65946163", "R\u00e9ka Kir\u00e1ly": "Q57980009", "Sabina Luciani": "Q19950287", "Sabina \u0160urjan": "Q100149484", "Sabine Desvaux de Marigny": "Q61993329", "Sabrina Agarbati": "Q19949629", "Sabrina Lozada-Cabbage": "Q107568236", "Sakurako Muk\u014dgawa": "Q110867354", "Samanta Krampe": "Q81904549", "Samia Hachemi": "Q106232063", "Sandra Lettner": "Q56605223", "Sandra de Jenken": "Q3471952", "Sanja Kusmuk": "Q28870450", "Sanja Ro\u0111ak-Kar\u0161i\u0107": "Q65129793", "Sanne Dekker": "Q23038444", "Sara Neto": "Q57337288", "Sarah Brown": "Q81902050", "Sarah Hammond": "Q88403719", "Sarah Milne": "Q15729974", "Sarah Schneider": "Q42289658", "Saskja Lack": "Q110884695", "Seo Sung-Kyo": "Q58981106", "Serap Yi\u011fit": "Q66073765", "Serena Pergher": "Q81906120", "Shao Qi": "Q88863346", "Sharon Chepchumba Kiprono": "Q58900465", "Shawna Pendry": "Q81906102", "Shelley Vettese-Baert": "Q47495396", "Sheng Yi-ju": "Q56493043", "Shi Xiaoxuan": "Q23043379", "Shihori \u014ci": "Q27818437", "Shin Ji-hyun": "Q16161952", "Sif Nikoline Bendix Madsen": "Q30905440", "Signe Sj\u00f8lund": "Q14466273", "Silje Theodorsen": "Q19306530", "Silke Bachmann": "Q273741", "Silva Verbi\u010d": "Q81907911", "Sina Siegenthaler": "Q61686112", "Sindra Kriisa": "Q21706108", "Smilt\u0117 Bieli\u016bnait\u0117": "Q81901921", "Sofia Belingheri": "Q79797838", "Sofia Pizzato": "Q62572875", "Sofie Pedersen": "Q60673584", "Sofie Reis\u00e6nen": "Q55868201", "Sofya Krakhmalyova": "Q63116913", "Sof\u00eda Acevedo": "Q57846551", "Sof\u00eda Saint Antonin": "Q81906652", "Sof\u00eda Ugarriza": "Q62752201", "Solenne Mary": "Q3489343", "Sonja Leinamo": "Q81904832", "Sonny Seidel": "Q19061022", "Sophia Zitzmann": "Q88381131", "Sophie Foster": "Q81902935", "Stephanie Floor": "Q57749561", "Steriani Pantazi": "Q31294165", "Stiliani Christidou": "Q1758662", "Stine Espeli Olsen": "Q81905936", "Stine Haalien": "Q53880142", "Sumiya Buyantogtokh": "Q23073573", "Susan Graham": "Q60826915", "Suzanne Williams": "Q11311660", "Svetlana Vassilevskaia": "Q4104292", "Sydney Palmer-Leger": "Q81906008", "Sylvie Maurial": "Q20993704", "Synne Herheim": "Q81903557", "Syrine Fattoum": "Q76760313", "S\u00e1ra L\u00e9r\u00e1nt": "Q58011746", "S\u00e1ra P\u00f3nya": "Q28870451", "S\u00e1ra Strnadov\u00e1": "Q81907304", "Taeko Utsugi": "Q11449550", "Tamara Popovi\u0107": "Q81906249", "Tami Noel": "Q47495258", "Tatiana Franco": "Q62752191", "Tena Hadzic": "Q81903386", "Teresa Fritzenwallner": "Q81902977", "Teresa Romairone": "Q57839999", "Tereza Belkov\u00e1": "Q81901817", "Tereza Beranov\u00e1": "Q60222298", "Tereza Vinkl\u00e1rkov\u00e1": "Q104036037", "Tessa Gordon": "Q19950006", "Tessa Jopp": "Q107650780", "Tetiana Pylypchuk": "Q81906321", "Thess Kr\u00f6nell": "Q106196518", "Thibe Deseyn": "Q81652858", "Tina Fuentes": "Q7807898", "Tindra Oknefjell": "Q81905910", "Tio Etita": "Q7808677", "Tove Ericsson": "Q81902764", "Triinu Hausenberg": "Q47008711", "Tuva Hagen Roenning": "Q81906523", "Una Tuba": "Q28672133", "Ur\u0161ka Pribo\u0161i\u010d": "Q20190619", "Utage Matsuzaki": "Q2502843", "Ute G\u00fcster": "Q18028994", "Vaishnavi Reddy Jakka": "Q47073041", "Valborg Bjurstedt": "Q64020582", "Valentina A\u0161\u010di\u0107": "Q110814058", "Valentina Dimitrova": "Q81902606", "Valeria Cabezas": "Q57671407", "Valerie Vermeersch": "Q2345979", "Valeriya Kovaleva": "Q81904527", "Vanessa Moharitsch": "Q81905497", "Vanina Guerillot": "Q81903319", "Varvara Magnisali": "Q2510972", "Vasugi Maruthamuthu": "Q60826421", "Verena Hofer": "Q110910480", "Veronica Fanciulli": "Q15710992", "Veronica Gianmoena": "Q13562553", "Veronika Shishkina": "Q61338906", "Veronika Six": "Q19950639", "Veronika Strapekov\u00e1": "Q12778374", "Ver\u00f3nica Contreras": "Q21662789", "Victoria Cheng": "Q1303577", "Victoria Fletcher": "Q3375988", "Victoria Rodr\u00edguez L\u00f3pez": "Q9093445", "Victoria Stirnemann": "Q76449094", "Victoria Vidales": "Q107521201", "Victoria Voronina": "Q3557709", "Viola Feichtner": "Q49160285", "Vita Lukan": "Q30067977", "Vitalina Herasymiuk": "Q80822819", "V\u00e5ril Tangnes": "Q81907478", "V\u00e9ronique Brisy": "Q28037341", "V\u0169 Tr\u00e0 My": "Q10833918", "Warwara Nasarowa": "Q84079004", "Wenche-Lin Hess": "Q13082059", "Wendy Callender": "Q30064114", "Weronika Kaleta": "Q60836965", "Wided Atatou": "Q107423810", "Wiktoria Przyby\u0142a": "Q81906296", "Wioletta Wilk": "Q1408960", "Wu Shaotong": "Q90828510", "Yael Danieli": "Q20826606", "Yana Khan": "Q110814229", "Yasmin Farah": "Q8049829", "Yauheniya Varabyova": "Q81808921", "Yelena Dolzhenko": "Q112990825", "Yeorjia Epiphaniou": "Q81902761", "Yesica Hern\u00e1ndez": "Q59814305", "Ying Qing": "Q110998104", "Yoana Ilieva": "Q120968145", "Yolanda Santana": "Q16648915", "Yoon Ye-bin": "Q61100206", "Yu Na-mi": "Q16090412", "Yukari Mizobe": "Q31295078", "Yuliya Petrova": "Q24262622", "Yumiko Yamada": "Q56752702", "Yuna Onodera": "Q62579077", "Yvonne Hannus": "Q11903100", "Yvonne Tillmann": "Q19950708", "Y\u016bka Takahashi": "Q81907457", "Zane Kaluma": "Q81904045", "Zang Yize": "Q28042119", "Zdena Pe\u0161atov\u00e1": "Q19312029", "Zhang Taohua": "Q40991350", "Zhao Hong": "Q18218237", "Zhou Fangyu": "Q67170949", "Zion Corrales-Nelson": "Q27008482", "Zita T\u00f3th": "Q81907620", "Zoe Turnes": "Q57982485", "Zofia Zwoli\u0144ska": "Q9391905", "Zoja Grbovi\u0107": "Q81903226", "Zuzana Dobia\u0161ov\u00e1": "Q81902636", "Zuzana Hol\u00edkov\u00e1": "Q110835403", "Zuzana Kur\u0161ov\u00e1": "Q81904662", "Zuzana Smier\u010d\u00e1kov\u00e1": "Q9392154", "Zuzanna Czapska": "Q110859690", "Z\u00fcleyha Tan": "Q19950682", "\u00c9milie Morier": "Q30905443", "\u0160t\u011bp\u00e1nka Pt\u00e1\u010dkov\u00e1": "Q61453548"}