{"Raffaella Aleotti": "Q3929201", "Marie-Madeleine Couperin": "Q2755598", "Antoinette-Victoire Couperin": "Q2120501", "C\u00e9lestine-Th\u00e9r\u00e8se Couperin": "Q20310222", "Jeanna \u00c5kerman": "Q4991045", "Hannah Rampton Binfield": "Q55836857", "Ces\u00e1rea Zafra y Mora": "Q124981769", "Georgeanne Hubi-Newcombe": "Q102285143", "M\u00e9lanie Chasselon": "Q107496705", "Maria Bastiaans": "Q24407671", "Jeanne-Marie Say": "Q21115881", "Ina Durchman": "Q115177599", "Annie Ol\u00e1n": "Q101422013", "Minna Bouffier": "Q106591540", "Marielou Cory": "Q108937973", "Virginia E. M. Hunt Scott": "Q97703858", "Eleanor Alice Davey": "Q114951658", "Elsa Stenhammar": "Q4980310", "Hildur Liedberg": "Q4962059", "El\u00edsabet J\u00f3nsd\u00f3ttir": "Q24203186", "Nelly van der Linden van Snelrewaard-Boudewijns": "Q71738351", "Frida Ahstrom": "Q98476894", "Lillian Mary Frost": "Q21536307", "Hanna Pegelow": "Q98716893", "Maria Llu\u00efsa G\u00fcell L\u00f3pez": "Q21081362", "Anna Lambrechts-Vos": "Q19508640", "Attie Dyserinck": "Q20987518", "Anna Bergh": "Q4938456", "Jenny Van Rysselberghe": "Q2754498", "Jessie Mae Jewitt": "Q107271699", "Felix Haj": "Q10816048", "Camille Besse": "Q11911012", "Magnhild Lindeman": "Q64067710", "Marie-Louise Gigout-Bo\u00ebllmann": "Q3292062", "Svea Welander": "Q4990267", "Ilonka Hufnagelov\u00e1": "Q12767414", "Juliette Milette": "Q3189770", "Margaret Phillips": "Q5996956", "Genevi\u00e8ve de La Salle": "Q27712447", "Izabella Dedinszky": "Q16518968", "Silvia Tobias": "Q85997311", "Elizabeth Ellinor Morcom": "Q120968403", "Mary Elizabeth Caldwell": "Q1906249", "Madeleine Will": "Q107349442", "Marthe Lapointe": "Q97015739", "Gertrude C. Suppe": "Q105978797", "Noreen Eileen Hennessy": "Q55766701", "Claire Coci": "Q111503197", "Nelsie Johnson": "Q108923470", "Ren\u00e9e Nizan": "Q3427168", "Gertrud Katja Loos": "Q19283981", "Nina Oksentyan": "Q15076792", "Lourdes Vallier": "Q10319944", "Hella Tedder": "Q96233705", "Else Berntsen Aas": "Q105435030", "Alena Vesel\u00e1": "Q10769680", "Ludmila Eckertov\u00e1": "Q21534312", "Elena Aleknien\u0117-Ivanauskait\u0117": "Q16450396", "Odette Vercruysse": "Q3349215", "Barbara Heinisch": "Q107586706", "Helen L. Wright": "Q106029491", "Rev. Alberta Baker": "Q65014684", "Laine-Astrid Bils": "Q123137029", "Marie-V\u00e9ra Maixandeau": "Q63119664", "Audrey Cooke": "Q55774486", "Gian Lyman": "Q63863113", "Lucie Radov\u00e1": "Q51950494", "Almut R\u00f6\u00dfler": "Q101281", "Adelma G\u00f3mez": "Q5657559", "Mireille Lagac\u00e9": "Q3315982", "Susan Landale": "Q12057266", "Arlette Heudron": "Q2861633", "Betty Leslie Stewart": "Q107394299", "Ute Grass": "Q73494611", "Jaroslava Potm\u011b\u0161ilov\u00e1": "Q12024205", "Carol Doran": "Q100978611", "Nataliya Vedernikova": "Q111453349", "Elisabeth Roloff": "Q1330220", "Angela Tomani\u010d": "Q12784677", "Jean M. Winterbottom": "Q95880843", "Ji\u0159ina Pokorn\u00e1": "Q12025008", "Alice Louise Trout": "Q95880886", "Almuth Reuther": "Q95700220", "Michelle Quintal": "Q56258430", "Grazia Salvatori": "Q15812774", "Elise S. Eslinger": "Q105968143", "Deirdre Piper": "Q56653827", "Guy Huot": "Q55670259", "Monika Henking": "Q71835662", "Cecilija Kobal": "Q12786736", "Elly Kooiman": "Q114977061", "Dorthy de Rooij": "Q2397783", "Janet Ahrend": "Q107966165", "Rosalie Bonighton": "Q105838488", "Kerrine Wilson": "Q56311963", "Gabriela Riedlbauchov\u00e1": "Q87413264", "Heleen van der Weel": "Q37820409", "Kati H\u00e4m\u00e4l\u00e4inen": "Q11870348", "Valborg Mangs M\u00e4rak": "Q21816214", "Kamila Klugarov\u00e1": "Q12027902", "Ieva Lazd\u0101ne": "Q22083820", "Rosemarie Pritzkat": "Q2166908", "Christiane Colleney": "Q107065343", "Helen Dugal": "Q2183773", "Irena Wise\u0142ka-Cie\u015blar": "Q11713866", "Yasuko Uyama-Bouvard": "Q21088137", "Joanna Kaja-Valli\u00e8re": "Q55294495", "Christa Rakich": "Q2118477", "Anne Froidebise": "Q47470112", "Kei Koito": "Q19725531", "Tat'yana Chausova": "Q4507811", "Eurydice V. Osterman": "Q2167583", "V\u011bra He\u0159manov\u00e1": "Q12001643", "Britta Snickars": "Q4979431", "Marie-Agn\u00e8s Grall-Menet": "Q3291436", "Margareta H\u00fcrholz": "Q1894918", "Mar\u00eda Soledad Mendive Zabaldica": "Q83711105", "son Lindh Nordenmalm": "Q23916971", "Martine Reymond": "Q22712389", "Carolyn Shuster Fournier": "Q18578076", "Naomi Matsui": "Q11529727", "Maria Nacy": "Q123630884", "D\u00f6rte Maria Packeiser": "Q1271473", "Em\u0151ke Lipcsey": "Q15620931", "Dagmar Koptein": "Q62571309", "Genevi\u00e8ve Lagac\u00e9": "Q56560621", "Janette Fishell": "Q104120065", "Miroslava Svobodov\u00e1": "Q95170585", "Marju Riisikamp": "Q2741609", "Hildegund Treiber": "Q1618419", "Gonny van der Maten": "Q1844810", "Tamara Still": "Q107554509", "Mari J\u00e4rvi": "Q31276205", "Marilyn Perkins Biery": "Q1742586", "Ulla Eho-Saario": "Q105416682", "Irena Ch\u0159ibkov\u00e1": "Q12021807", "Ljerka O\u010di\u0107": "Q1796035", "Kadri Ploompuu": "Q125523956", "Pascale Rouet": "Q2366726", "Gabriella Gullin": "Q4951320", "Ursula Duetschler": "Q72197344", "\u041e\u0440\u043b\u043e\u0432\u0430 \u0422\u0435\u0442\u044f\u043d\u0430 \u041c\u0438\u043a\u043e\u043b\u0430\u0457\u0432\u043d\u0430": "Q25433089", "Gerda Poppa": "Q129262846", "Inger-Lise Ulsrud": "Q11977188", "Piret Aidulo": "Q125522709", "Merle Kollom": "Q24546217", "Rikako Watanabe": "Q2152971", "Christiane Michel-Ostertun": "Q1082763", "Margareta Raab": "Q4973822", "Marie-Ange Leurent": "Q29043534", "Heidi Emmert": "Q47462496", "Brigitte Fruth": "Q69067473", "Josineia Godinho": "Q23893166", "Kiyomi \u014ctaka": "Q11441969", "Susanne Clod Pedersen": "Q12337798", "Jiyoung Lee": "Q107546359", "Barbara Kraus": "Q807514", "Beate Rux-Voss": "Q813182", "Anne Chollet": "Q18642508", "\u00c1gnes Papp": "Q112504144", "Natalija Imbri\u0161ak": "Q12638141", "Judit Andrejszki": "Q23908604", "Junko Ito": "Q2747447", "Claudia Hirschfeld": "Q18620100", "Olga Malkina": "Q2509707", "Kristel Aer": "Q125522705", "Eunjung Jung": "Q106292675", "Anna Bakunts": "Q116782471", "Aya Yoshida": "Q792703", "Willeke Smits": "Q21608334", "Sung Joo Kim": "Q106293117", "Silvia M\u00e1rquez Chulilla": "Q91609062", "Marie Rosenmir": "Q4975531", "Eunyoung Kim": "Q111497371", "Jin Young Bae": "Q106438022", "Anne Marie Dragosits": "Q61810312", "Maris Oidekivi-Kaufmann": "Q125523737", "Maria Helfgott": "Q6480636", "Edita Keglerova": "Q1841221", "Liselotte Kunkel": "Q1825259", "Marketa Reindlova": "Q1999099", "Susanne Kujala": "Q73481648", "Giulia Nuti": "Q112407556", "Eva Bublov\u00e1": "Q11985132", "Lidia Ksi\u0105\u017ckiewicz": "Q3238144", "Daniela Kosinov\u00e1-Valtov\u00e1": "Q11774254", "Kate\u0159ina Chrobokov\u00e1": "Q12028929", "Melody Chen": "Q106644095", "Els Biesemans": "Q2656392", "Pilvi Listo": "Q63092793", "Ourania Gassiou": "Q104178863", "Zuzana Ferjen\u010d\u00edkov\u00e1": "Q231190", "Ma\u0142gorzata Trzaskalik-Wyrwa": "Q111628796", "Ruth Draper": "Q106289653", "Diana Ovsianykova": "Q30959975", "Ulla Krigul": "Q125523442", "Arusyak Tamrazyan": "Q116732399", "Yeonju Sarah Kim": "Q58219589", "Olga Podgajska": "Q23642654", "Linda \u010cechov\u00e1 S\u00edtkov\u00e1": "Q19602346", "Jana Ba\u0159inkov\u00e1": "Q12023389", "Michaela K\u00e1\u010derkov\u00e1": "Q19602405", "Helga V\u00e1radi": "Q82074319", "Daria Burlak": "Q105078142", "Mari Fukumoto": "Q27151214", "Mami Nagata": "Q125750153", "Drahom\u00edra Matznerov\u00e1": "Q11826277", "Petra Veenswijk": "Q55204840", "Anne Horsch": "Q565421", "Mami Sakato": "Q1888204", "Marlene Hinterberger": "Q1902017", "Mina Balissat": "Q17635134", "Annam\u00e1ria Melczer": "Q22042952", "Yuka Ishimaru": "Q28690752", "JoAnn Rice": "Q55233973", "Mamie E. Williams": "Q65719423", "Mari Ohki": "Q66365120", "Maria Cecilia Farina": "Q71435103", "Bente Ibenfeldt": "Q81669682", "Stephanie A. Budwey": "Q83500316", "Anne Nissinen": "Q84792891", "Ann Leaf": "Q89603196", "Jutta Grimm": "Q95756354", "Lillian R. Bundy": "Q97672354", "Gabriela Rzechowska-Klauza": "Q98216130", "Marcelle Viala": "Q98829627", "Beverly A. Howard": "Q99671644", "Pauliina Hyry": "Q105729159", "Dianne M. McMullen": "Q106108983", "Kyujin Choi": "Q106271704", "Sarah Duffy": "Q106290442", "Rose J. Whitmore": "Q106293380", "Ahra Yoo": "Q106293615", "Maria Teresa Garatti": "Q106523288", "Frida \u00c5str\u00f6m": "Q106590252", "Abbey Hallberg Siegfried": "Q107554447", "Rachel Root": "Q107655116", "Rachel Washington": "Q108322941", "Rapha\u00eble Garreau de Labarre": "Q108951841", "Barbara Cornet": "Q112088556", "Shin-Young Lee": "Q113175501", "Liisa Aaltola": "Q113328613", "Lesley Jackson": "Q113510632", "Hedda Illy": "Q118337662", "Hvalimira Bled\u0161najder": "Q120908207", "Vlasta Hranilovi\u0107": "Q125502492", "Anne Laver": "Q125859684", "Loreto Aramendi": "Q125937368"}