{"Agla\u00e9 Brelay": "Q61749217", "Sara A. Hubbard": "Q98097675", "Elizabeth Braxton Davenport": "Q96845200", "Alice Josephine Spalter": "Q67138648", "Lucy Warner Maynard": "Q52833305", "Anna Forbes": "Q99353144", "Violet S. Williams": "Q98915024", "Grace Virginia Pomeroy": "Q98640364", "Adelaide Lowry Pollock": "Q98617665", "Genevive Violet Getty": "Q106589237", "Mathilde Schlegel": "Q98787623", "Ethel Frances Chawner": "Q113676162", "Alice Eliza Ball": "Q62605299", "Mary G. S. Best": "Q70937959", "Louise De F. Haynes": "Q123149814", "E. Maud Knobel": "Q113677052", "Daisy Dill Norton": "Q67175831", "Anne Elizabeth Perkins": "Q98600449", "Laura Campbell Gano": "Q97332423", "Mary Frances Larkin Cook": "Q114586141", "Helen Steele Pratt": "Q111515605", "Julia A. Shourek": "Q113639466", "Katherine Bruderlin": "Q86860599", "Lillian Rebecca Christensen Stoner": "Q125396539", "Emilie Adametz": "Q124340715", "Junea W. Kelly": "Q66609745", "Isabella Tily": "Q98475627", "Bessie Reid": "Q120417514", "Mary E. McLellan Davidson": "Q60445578", "Karoline Kr\u00fcger": "Q125145393", "Eva Beckett": "Q100783450", "Mary Auten Trautman": "Q84169051", "Myrle Marie Juliana Burk": "Q96227660", "Thelma Martha Campbell": "Q50792058", "Virginia Correia": "Q108948554", "Ruth Harris Thomas": "Q113866375", "Evelyn M. Lobley": "Q111692599", "Vesta Stresemann": "Q85083698", "Angelina Soudilovskaya": "Q2849425", "Mary Marilla Erickson": "Q92490429", "Aino Kumari": "Q16404625", "Estelle H. Kelso": "Q21395074", "Susan Cowdy": "Q55589813", "Sylvia Mary Reed": "Q96593157", "Margaret Alison Fleming": "Q96093152", "Kathleen Elizabeth Ball": "Q68797376", "Meribeth Jeanne Mitchell Riffey": "Q120835086", "Jean Weber Graber": "Q108819046", "Anna Gisela Johnen": "Q20180392", "Ruth Ling": "Q12374351", "Ursula K. Abbott": "Q106138768", "Mary Anne Heimerdinger Clench": "Q71107318", "Colleen Helgeson Nelson": "Q86462274", "Irene W\u00fcrdinger": "Q88631616", "Lyudmila S. Bogoslovskaya": "Q47453315", "Adelheid Studer-Thiersch": "Q107211226", "Kazue Nakamura": "Q15406063", "Yoshika Oniki": "Q61513401", "Joanna Burger": "Q60178814", "Firsova L. V.": "Q126547427", "Helen Baker": "Q55454450", "Teresa Tomek": "Q88592981", "Cynthia Carey": "Q60178799", "Asha Chandola-Saklani": "Q66316996", "Renate van den Elzen": "Q106765252", "Carol Inskipp": "Q106916995", "Petra Quillfeldt": "Q21264522", "Eugenia Lanovenko": "Q125079651", "L\u00eddia Moln\u00e1r": "Q1178710", "Jody Gustitus Millar": "Q116908861", "Irina Rurikovna Boehme": "Q47453093", "Janis L. Dickinson": "Q73293726", "Susanne Stadler": "Q123000194", "Shannon J. Hackett": "Q25455663", "Luciana B. Mendon\u00e7a": "Q49113151", "Anita Gamauf": "Q25438858", "Juliet A. Vickery": "Q62664851", "Mar\u00eda del Coro Arizmendi": "Q29157784", "Jenny Gill": "Q29629362", "Nathalie Moulaert": "Q21339380", "Alison Styring": "Q2647241", "Stephanie L. Jones": "Q30144502", "Alice Cibois": "Q19959193", "Daliborka Stankovi\u0107": "Q111905523", "Deborah M Buehler": "Q56576191", "Radka Pi\u00e1lkov\u00e1": "Q62565935", "Nina Sadykova": "Q101413668", "Nika Ryzhova-Alenicheva": "Q103996810", "Kate\u0159ina Sam": "Q56448131", "Sanne Boessenkool": "Q43166873", "Kate Vincent": "Q11870340", "Lixia Wang": "Q21338232", "Sylvia Hope": "Q21338333", "Phyllis R. Isler": "Q21339061", "Patricia Escalante": "Q21340962", "Lucia Liu Severinghaus": "Q21390150", "Susan Trost": "Q21391753", "Hedi Sauer-G\u00fcrth": "Q21392189", "Sandra V. Valderrama": "Q21392654", "Carla Haisler Sardelli": "Q21392836", "Mongkol Kamsook": "Q21392956", "Natalia Guti\u00e9rrez Pinto": "Q21393010", "Helena Mata": "Q21393094", "B\u00e1rbara R. S. de Sousa": "Q21394115", "Iracilda Sampaio": "Q21394625", "Estelle Bourdon": "Q21395751", "Margarita Parraguez": "Q21503152", "Lola \u00c1lvarez-Ruiz": "Q22103198", "Grace P. Servat": "Q22106664", "Lisa Paguntalan": "Q22110187", "Kimberly A. Dingess": "Q23674976", "Kin-Lan Han": "Q25439877", "St\u00e9phanie M. Doucet": "Q25525755", "Maria L.V. Marceliano": "Q25525762", "Julie Feinstein": "Q25525849", "Susana Consci\u00eancia": "Q25577882", "Camila C. Ribas": "Q27440723", "Cecilia Fox Joo": "Q27547021", "Mar\u00eda Echeverry-Galvis": "Q27902050", "Fernanda Bocalini": "Q27916555", "Emma Forsmark": "Q27925643", "Margarita Marchant": "Q28124509", "Kathleen J. Miglia": "Q28140097", "Amy C. Weibel": "Q28148140", "Heather Lerner": "Q28154142", "Sonia Kabra": "Q28154368", "Annett Kocum": "Q28154451", "Meade Krosby": "Q28154545", "Rachel Wadleigh": "Q28154582", "Lorena de Sousa Azevedo": "Q28164613", "Cecilia Kopuchian": "Q28164615", "Isabella Fiorentino": "Q29158200", "Clementina Gonz\u00e1lez": "Q30094962", "Marilyn Hewish": "Q32827509", "Alana D. Demko": "Q35507726", "Barbara M. Tomotani": "Q35572866", "In\u00eas Catry": "Q37042554", "Karen Eckhardt": "Q40852440", "L\u00edlian M. Costa": "Q41521957", "Beatriz Arroyo": "Q42540005", "Aurora Pederzoli": "Q46483148", "Maria Eduarda de Larraz\u00e1bal": "Q47010334", "Ana Galv\u00e3o": "Q47067439", "Rachel M. de Lyra-Neves": "Q47467560", "Carolina D. Ferreira": "Q47507901", "Nayla Fabia Ferreira do Nascimento": "Q48451657", "Susanna A. S. Cabral": "Q50264726", "Erika Sendra Tavares": "Q50809138", "Jessica R. Eberhard": "Q50809139", "Fab\u00edola Poletto": "Q51241303", "Rita de C. S. de Medeiros": "Q51242448", "Ariane D. Alvarez": "Q51599943", "Philina English": "Q52421555", "Gillian C. Gibb": "Q54285709", "Allison J Shultz": "Q54801257", "Vanesa De Pietri": "Q54801439", "Mrs E Barnes": "Q55589810", "Ann Hardman": "Q55589818", "Mrs A D Wilson": "Q55589822", "Anne Brenchley": "Q55589851", "Elisa Bonaccorso": "Q55914214", "Ingrid Holzmann": "Q56569774", "Eulalia Moreno": "Q56861920", "Sofia Marques Silva": "Q57249742", "Deborah Finch": "Q57414315", "Teresa J Feo": "Q57584418", "Isabel Sanmart\u00edn": "Q58019311", "Maria Gavrilo": "Q58851758", "Lotta Berg": "Q61742957", "Joan Aidem": "Q61749349", "Elizabeth H Parlato": "Q61826115", "Emily A. Castellanos": "Q63344521", "Erika R. Thalman": "Q63344528", "Sarah Legge": "Q64214513", "Tamaki Yuri": "Q66733309", "Marie Victoria Beals": "Q67188557", "Carol J. Horning": "Q68392959", "Lais Ribeiro-Silva": "Q68511784", "Laura L. Hern\u00e1ndez": "Q75135530", "Julia J Day": "Q77585442", "Abigail Eunice Arteaga-Rojas": "Q79423078", "Jane L. Younger": "Q86207096", "Susan M. Waugh": "Q87827921", "Peri Bolton": "Q88584583", "Diana M Abraham": "Q89055910", "Jenna M. McCullough": "Q90042536", "Laura M. Berman": "Q90388541", "Jessica A. Oswald": "Q93015710", "Marla Mendes de Aquino": "Q96201537", "Natalia Cristina Garc\u00eda": "Q96201544", "Eloisa Helena Reis Sari": "Q96584293", "Rafaela Aguilera Rom\u00e1n": "Q97097740", "Mary H. Powlesland": "Q97672402", "Catherine M. Early": "Q99202959", "Gillian Lord": "Q100989232", "Carol L McIntyre": "Q101385759", "\u00c9rika Machado": "Q104098671", "Dawn E. Balmer": "Q104876576", "Danae Portolou": "Q104878656", "Marina Kipson": "Q105081682", "Paula Lidia Enr\u00edquez-Rocha": "Q105749725", "Mar\u00eda Guadalupe Gordillo-P\u00e9rez": "Q105749733", "Elisabeth M. Ammon": "Q105778292", "Elayne Mary Falla": "Q106825082", "Juliana B Almeida": "Q108617539", "Mary E Anderson": "Q108619000", "Bettie R. Harriman": "Q108821462", "Amanda Freeman": "Q110816943", "Natalie J. Forsdick": "Q112190920", "Miros\u0142awa Ba\u0144bura": "Q112326302", "Marta Borowiec": "Q112326304", "Jadwiga Gromadzka": "Q112326309", "Gra\u017cyna Kwiatkowska": "Q112326321", "Dorota Mroczkiewicz": "Q112326324", "Danuta Pep\u0142owska-Marczak": "Q112326327", "Barbara Pinowska": "Q112326329", "Magdalena Remisiewicz": "Q112326335", "Krystyna Stachura-Skierczy\u0144ska": "Q112326338", "Maria Wieloch": "Q112326341", "Anna W\u0142odarczak-Komosi\u0144ska": "Q112326345", "Maria Zagalska-Neubauer": "Q112326347", "Anna Buczma": "Q112326359", "Joanna Frankiewicz": "Q112326364", "Margaret Carswell": "Q112998907", "Sarah T Forder": "Q113392555", "Vanessa Mander": "Q113392746", "Tessa A. Van Der Willigen": "Q114036117", "Lucy V. Baxter Coffin": "Q115332237", "E. Marjorie Northcote": "Q115764243", "Amy Louise Adams": "Q116691254", "Laura Taylor Bussolini": "Q116698320", "Henrietta Francesca Cunninghame": "Q116735177", "Imogen Foote": "Q116743126", "Alexandrine Feuill\u00e9e-Billot": "Q116983528", "Edna P. Peck": "Q117190474", "Katrine Herian": "Q117209576", "Ilse Corkery": "Q117304249", "Geraldine W.X. Lee": "Q119104456", "Petra Heidrich": "Q119723009", "Jordan E. Rutter": "Q123331249", "Leigh Bull": "Q123986268", "Pratibha Baveja": "Q124220503", "Nancy S. Mueller": "Q124344508", "Salvadora Morales": "Q124664886", "Kathleen O'Reilly": "Q126687410", "Eva Hert": "Q126917537"}