{"Lady Isabel Mary Peyronnet Browne": "Q75280679", "Marie Fridrikhovna Neuburg": "Q4316376", "Rita Raineri": "Q21606853", "Ekaterina Osipovna Novik": "Q107333071", "Aniela Koz\u0142owska": "Q9154691", "Sofiya N. Naumova": "Q21522001", "Irina Pokrovskaya": "Q24351485", "Olga Fedorovna Marchenko": "Q119722293", "Anastasiya Zhuse": "Q21339860", "Anna Nikolaevna Gladkova": "Q115734976", "Janina Oszast": "Q122224077", "Elizaveta Ivanovna Mjagkova": "Q107549697", "Tamara Fedorovna Vozzhennikova": "Q36692652", "Eszter Nagy": "Q47123192", "Ana Tregubov-Budnar": "Q60083020", "Josefa Men\u00e9ndez Amor": "Q21520363", "Maria Reymann": "Q94776028", "Britta Lundblad": "Q4964006", "Jeanne Doubinger": "Q21510623", "Irina Nikolaevna Sveshnikova": "Q36584632", "Lyudmila Petrovna Golubeva": "Q115326303", "Rajka Radoi\u010di\u0107": "Q36668419", "Nina Matveevna Bondarenko": "Q113674718", "Olimpiada Georgievna Nikolaeva": "Q119127682", "Olga Pavlovna Yaroshenko": "Q123997959", "Renate Remy": "Q36668722", "Valentina Sergeevna Volkova": "Q119139754", "Lyudmila Karlovna Krassavina": "Q21517892", "\u00c9va Kov\u00e1cs-Endr\u00f6dy": "Q124653485", "Blanka Pacltov\u00e1": "Q21522512", "Elizaveta Vasilievna Semenova": "Q113675194", "Kazimiera Mamakowa": "Q18704485", "M.V. Stepanova": "Q36636787", "Krystyna Juchniewicz": "Q111101449", "Oksana Nikolaevna Zhezhel": "Q125545686", "Valentina Savvichna Markevitch": "Q123096463", "Nina Ivanovna Komarova": "Q124662455", "Eva Purky\u0148ov\u00e1": "Q21606786", "Magdalena Ralska-Jasiewiczowa": "Q63865010", "Nailja Fajzrakhmanovna Zakirova": "Q119123208", "Jacqueline Billiard Bouroullec": "Q113155445", "Lyudmila Pavlovna Kononenko": "Q115339016", "Tatiana Evgenievna Mikhailova": "Q119138852", "Irmeli Vuorela": "Q11865062", "Jennifer Mary Bannister": "Q21505627", "Elisabeth Ellen McIver": "Q108190152", "Vlasta Jankovsk\u00e1": "Q95217600", "Ilse Draxler": "Q15445896", "Dorothy Guy-Ohlson": "Q47072901", "Han van Konijnenburg-van Cittert": "Q19721033", "Marta A. Caccavari": "Q64777368", "Heidi Marguerite Anderson": "Q19801520", "Natalia Sergeevna Mikhailova": "Q119123307", "Edith L. Taylor": "Q36550786", "Barbara A. R. Mohr": "Q21521609", "Hilke Steinecke": "Q112536827", "Stefanie M. Ickert-Bond": "Q21338277", "Livia Wanntorp": "Q19276916", "Nathalie S. Nagalingum": "Q36643042", "Evelyn Kustatscher": "Q20638777", "Kathrin Feldberg": "Q36604255", "Olesja Vladimirovna Bondarenko": "Q113674873", "Kathleen B. Pigg": "Q21339700", "Melanie L. DeVore": "Q21341935", "Linda VanAller Hernick": "Q21393404", "Nan Crystal Arens": "Q26713066", "Cora Oostendorp": "Q36528833", "JosetteTaugourdeau-Lantz": "Q36600419", "M.del D\u00edez de Cramer": "Q36623421", "Marina Borisovna Gnilovskaja": "Q36625853", "Olga Ivanovna Berchenko": "Q36646395", "Eva B. Koppelhus": "Q59151010", "Camilla Crif\u00f2": "Q59756643", "Anne-Marie P. Tosolini": "Q60848553", "Sarah King": "Q72910732", "Carol L. Hotton": "Q88827768", "Teresa Kuszell": "Q97277139", "Anna Valentinovna Stepanova": "Q108670450", "Olga Alexandrovna Orlova": "Q113675032", "Elena Dmitrievna Orlova": "Q113675043", "Alla Antonovna Istchenko": "Q115345428", "Deshka Georgieva Bakalova": "Q118907102", "Yulia Vladimirovna Mikhailova": "Q119138555", "Catarina Barbosa": "Q119457810", "M\u00f3nica Carvalho": "Q124365950", "Nina Shalvovna Mchedlishvili": "Q124605560", "Ashley Hamersma": "Q125101009", "Tamiko Ohana": "Q126024557", "Behnaz Balmaki": "Q130214302"}