{"Em\u0151ke Mohr": "Q57832584", "Mary Philpot": "Q106375573", "Mary Parry Haines": "Q97515860", "Mary St. John": "Q21393114", "Kate Stephens": "Q120548872", "Constance Greene": "Q110864660", "Evgenija Viktorovna Solomko": "Q124339324", "Anna Amalitskaya": "Q104028209", "Lotte Adametz": "Q15823112", "Vera Fedorovna Argamakova": "Q106115400", "Johanna Kroeber Mosenthal": "Q128017460", "Nadejda Voronets": "Q71437437", "Hillegonda Martin-Icke": "Q124659023", "Ottilie Saxl": "Q116912430", "Elsa Warburg": "Q21341086", "Antje Schreuder": "Q125401241", "Elizaveta Dmitrievna Soshkina": "Q21388160", "Elisaveta Soshkina": "Q58626445", "Maria Shulga-Nesterenko": "Q91900341", "Valentina Borisovna Trizna": "Q115047869", "Elena Zalesskaya-Chirkova": "Q107006594", "Elisabeth Beljaeva": "Q106659404", "Katherine E.H. Van Winkle": "Q21337422", "Dagmara Rauser-Chernousova": "Q52231746", "Pauline Haas": "Q95196953", "Jean Davies Wright": "Q111420841", "Ruby Florence Renfro": "Q111426282", "Herta Schmidt": "Q1614629", "Olga Konstantinovna Poletaeva": "Q124429193", "Susan K. Bell": "Q11950563", "Nelda E. Wright": "Q21392783", "Sofiya N. Naumova": "Q21522001", "Beata Moos": "Q94751521", "Elena Kozhuknova": "Q4230796", "Marthe Deflandre-Rigaud": "Q36623102", "Olga Fedorovna Marchenko": "Q119722293", "Agnija Petrovna Iljina": "Q123985810", "Alice Schnorf-Steiner": "Q2836655", "Elizabeth Sz\u00f6r\u00e9nyi": "Q99162087", "Nina Nikolaevna Subbotina": "Q71168187", "Jadwiga Raniecka-Bobrowska": "Q62070830", "Erika von Huene": "Q1354551", "Anastasiya Zhuse": "Q21339860", "Dolores L\u00f3pez Aranguren": "Q104759505", "Eugenia Montanaro Gallitelli": "Q54267117", "Ljudmila Vyacheslavovna Krishtofovich": "Q123986533", "Bo\u017eena Br\u016f\u010dkov\u00e1": "Q95149581", "Sofia Samoylovich": "Q70254656", "Therese zu Oettingen-Spielberg": "Q60141204", "Elena Becker-Migdisova": "Q22111258", "Elena Leonidovna Kulik": "Q36546857", "Wilhelmina Minis-van de Geijn": "Q28521110", "Noem\u00ed Violeta Cattoi": "Q118803822", "Maria Adolfovna Rzhonsnitskaya": "Q73364599", "Elizaveta Ivanovna Mjagkova": "Q107549697", "Barbara Taylor Hodge": "Q108768913", "Irina Khvorova": "Q29359667", "Valentina Bibikova": "Q109338489", "Maria Ornella Acanfora": "Q43776867", "Krystyna Po\u017caryska": "Q106828549", "Eszter Nagy": "Q47123192", "Andre\u00edna Bocchino de Ringuelet": "Q23068935", "Joyce Gilbert-Tomlinson": "Q23661204", "Nina Spiridonovna Bendukidze": "Q124481074", "Nina Vasilevna Pokrovskaya": "Q21390779", "Tan Juanjie": "Q89063774", "Dora Wolansky": "Q95212133", "Millicent A. Renfro": "Q111426217", "Masae \u014cmori": "Q11436365", "Edita Brestensk\u00e1": "Q21030276", "Anna Yakovlevna Godina": "Q111076487", "Jeanne Doubinger": "Q21510623", "Boris Strashimirov": "Q25439459", "Adilja Isfendiyarovna Azizbekova": "Q124334173", "Viera Kantorov\u00e1": "Q12778489", "Irina Aleksandrovna Dubrovo": "Q122110890", "Lyudmila Petrovna Golubeva": "Q115326303", "Marjorie Greenwood": "Q96471609", "Ellen J. Moore": "Q84708760", "Cornelia Gerardina R\u00fcmke": "Q123350667", "Milada Kalibov-Kaiserov": "Q105168667", "Nina Alexeevna Drosdova": "Q36641202", "Nina Matveevna Bondarenko": "Q113674718", "Olimpiada Georgievna Nikolaeva": "Q119127682", "Lyubov Borisovna Iljina": "Q123987887", "Olga Pavlovna Yaroshenko": "Q123997959", "Maria Fl\u00fcgel": "Q100606002", "Natalia Dimitrova": "Q21392477", "Valentina Sergeevna Volkova": "Q119139754", "Gloria Alencaster": "Q110979993", "LouElla R. Saul": "Q111420233", "Edeltrud Bistricky": "Q15447066", "Elena Mirianovna Zhgenti": "Q124044330", "Lyudmila Karlovna Krassavina": "Q21517892", "Eva Paproth": "Q1379407", "\u00c9va Kov\u00e1cs-Endr\u00f6dy": "Q124653485", "Anna Jerzma\u0144ska": "Q9155260", "Barbara Moyer Conkin": "Q113419065", "Vera  Baigusheva": "Q60827018", "Hu Changkang": "Q99526906", "Elizaveta Vasilievna Semenova": "Q113675194", "Edith Drexler": "Q95211982", "Elena Leonidovna Korotkevich": "Q44056683", "Irina Alexandrovna Mikhailova": "Q119110676", "Emilia Kojumdjieva": "Q107658431", "Alwine Bertels": "Q21390174", "Milka Encheva": "Q21392483", "Urve Miller": "Q12377842", "Ekaterina Trifonova": "Q29317981", "Jadwiga Karczewska": "Q36592305", "M.V. Stepanova": "Q36636787", "Marcia R. Winslow": "Q36638802", "Tamara Ivanovna Nalnyaeva": "Q124497819", "Diana Mussa": "Q21290076", "Fran\u00e7oise Debrenne": "Q125504793", "Paul\u00edna Snopkov\u00e1": "Q63139107", "Dragica Turn\u0161ek": "Q18507868", "Nona  Motekova": "Q21392514", "Valentina N. Vishnyakova": "Q111113624", "L\u00e9lia Duarte da Silva Santos": "Q60693882", "Eva Purky\u0148ov\u00e1": "Q21606786", "Inna Dobruskina": "Q19286181", "Ekaterina A. Gusseva": "Q21391819", "Maria Lourdes Casanovas  Cladellas": "Q38821660", "Nailja Fajzrakhmanovna Zakirova": "Q119123208", "Lilia Dodekova": "Q21392539", "Emilia Vorobyova": "Q4125236", "Caroline Grigson": "Q46746602", "Marie-Fran\u00e7oise Bonifay": "Q93820443", "Erika Pietrzeniuk": "Q21389864", "Anna Ondreji\u010dkov\u00e1": "Q15534158", "Ulla Asgaard": "Q125506474", "Isabella Premoli Silva": "Q33027050", "Lilia Pinto de Ornellas": "Q118725833", "Evgenia Sychevskaya": "Q25796440", "Lilita K. Gailite": "Q21390586", "Lyudmila Pavlovna Kononenko": "Q115339016", "Tatiana Evgenievna Mikhailova": "Q119138852", "France de Lapparent de Broin": "Q19847876", "Lyudmila Viktorovna Vassilenko": "Q119780333", "Marguerite Hugueney": "Q123416422", "Rosalie F. Maddocks": "Q21387597", "Judith Van Couvering": "Q21340751", "Tatiana Anatolyevna Sayutina": "Q125821251", "Irmeli Vuorela": "Q11865062", "Milada Vavrdov\u00e1": "Q21611523", "Gusti Burmann": "Q36560467", "Ann Forst\u00e9n": "Q24005828", "Blanca Estela Buitr\u00f3n": "Q108105070", "L\u00e9a Grauvogel-Stamm": "Q1879357", "Linda Hints": "Q61701691", "Laura Delle Cave": "Q21338486", "Louisette Zaninetti": "Q30086472", "Ana Mar\u00eda B\u00e1ez": "Q23068646", "Barbara Rzebik-Kowalska": "Q112463024", "Gudrun Daxner-H\u00f6ck": "Q112563082", "Elzbieta Prominska": "Q112110211", "Irina Aleksandrovna Goncharova": "Q124044417", "Gloria Arratia": "Q21387805", "Patricia A. Whalen": "Q21391482", "Ilse Draxler": "Q15445896", "Anneke Bosma": "Q123456393", "Violeta Cheshmedjieva": "Q21392509", "Odile Boeuf": "Q92025171", "Vivianne Berg-Madsen": "Q108439584", "Margery Chalifoux Coombs": "Q86194608", "Eul\u00e0lia Gili Folch": "Q105334774", "Juan Luis Benedetto": "Q108117740", "Mary Elizabeth Bernardes de Oliveira": "Q28028888", "Ewa Jadwiga Olempska-Roniewicz": "Q21395309", "Mar\u00eda Luisa Mart\u00ednez-Chac\u00f3n": "Q104905106", "Nina Dmitrievna Sinichenkova": "Q20638953", "Esmeralda Caus Gracia": "Q66372360", "Janet Barbara Waddington": "Q96195785", "Margot Guerra-Sommer": "Q36626196", "Natalia Sergeevna Mikhailova": "Q119123307", "Ida Thompson": "Q21394256", "Allison Daley": "Q26025080", "Engin \u00dcnay-Bayraktar": "Q123350182", "Kathleen Marie Scott": "Q62026087", "Sara Cristina Ballent": "Q21395358", "Barbara Studencka": "Q115776362", "Ma\u0142gorzata Moczyd\u0142owska": "Q36631210", "Claudine Cohen": "Q2978467", "Mar\u00eda Guiomar Vucetich": "Q3296414", "Liliana M\u00f3nica Villar de Seoane": "Q5976390", "Martha Richter": "Q21502538", "Evelyne Cr\u00e9gut-Bonnoure": "Q55624768", "Gillian M. King": "Q5562252", "Meike K\u00f6hler": "Q54540618", "Valeria S. Rudenko": "Q21392088", "Ingrid Kusch": "Q124611686", "Caroline Maybury": "Q21389829", "Moya Meredith Smith": "Q23661197", "Susanne Margarete Luise Pohler": "Q124664969", "Marie Helena Kurmann": "Q2356874", "Ingelore C. U. Hinz-Schallreuter": "Q21391576", "Urszula Radwa\u0144ska": "Q21513880", "Dagmar Merino-Rodo": "Q62479251", "Johanna Kovar-Eder": "Q108907630", "Amy C. Henrici": "Q31012920", "Angela D. Buscalioni": "Q21338289", "Anna Koz\u0142owska-Dawidziuk": "Q21339005", "Sylvie Crasquin": "Q21388614", "Mietje Germonpr\u00e9": "Q2346013", "Christiane Denys": "Q21391786", "Elisabetta Erba": "Q45027741", "Gloria Cuenca Besc\u00f3s": "Q25443012", "Ana Archangelsky": "Q19616327", "Marie-H\u00e9l\u00e8ne Moncel": "Q90306064", "Olga B. Afanassieva": "Q21503092", "Marta Fern\u00e1ndez": "Q21518122", "Maria Helena Henriques": "Q54504447", "Claudia A Marsicano": "Q90413793", "Vesna Dimitrijevi\u0107": "Q83912918", "Ursula Toom": "Q61718223", "Bettina Reichenbacher": "Q850032", "Emanuela Mattioli": "Q59287287", "Alexandra A.E. van der Geer": "Q56960251", "Juliette Maria Pasveer": "Q125822828", "Jeanette Muirhead": "Q21339742", "Katar\u00edna Holcov\u00e1": "Q57490879", "\u00c1gnes G\u00f6r\u00f6g": "Q57910112", "Elena D. Lukashevich": "Q60843347", "Doris D\u00f6ppes": "Q123570879", "Anna \u017byli\u0144ska": "Q124097675", "Vanda Faria dos Santos": "Q57894110", "Sonja Wedmann": "Q21389067", "Mari-Ann M\u00f5tus": "Q125521746", "Claudia Agnini": "Q99349896", "Tamaki Sato": "Q23940487", "Mar\u00eda Alejandra Abello": "Q19816497", "Julia Brenda Desojo": "Q92838276", "Yuliya Demidenko": "Q121484813", "Franziska Grossmann": "Q59325025", "Laia Alegret": "Q58468087", "Eva V. I. Gebauer": "Q108866737", "Ainara Badiola": "Q21339034", "Evelyn Kustatscher": "Q20638777", "H\u00e9l\u00e8ne Jousse": "Q112523472", "Mena Daniela Schemm-Gregory": "Q15834820", "Olesja Vladimirovna Bondarenko": "Q113674873", "Ewa Barycka": "Q28334591", "Jingjing Tan": "Q21341590", "Anna Y. Stepanova": "Q21391824", "Christine Frischauf": "Q123563390", "Carolin Haug": "Q41007931", "Ekaterina Alekseevna Sidorchuk": "Q66088133", "Joane Pouech": "Q25443878", "Adriana Oliver P\u00e9rez": "Q58462019", "Catalina Pimiento": "Q25525909", "Ga\u00eblle Doitteau": "Q27921993", "Aurore Canoville": "Q92201898", "Laure Danilo": "Q117679245", "Stephanie M. Smith": "Q92623736", "Olesya D. Strelnikova": "Q114347749", "Elvira Mart\u00edn-Su\u00e1rez": "Q21339010", "Nadezda Krsti\u0107": "Q21390989", "Alison Margaret Murray": "Q21391032", "Kim Dennis": "Q21502591", "Alice M. Clement": "Q25991310", "Sanne Boessenkool": "Q43166873", "Doris Nagel": "Q15303665", "Adriana L\u00f3pez-Arbarello": "Q19900772", "Hanneke Johanna Maria Meijer": "Q42877859", "Emma R. Schachner": "Q19986788", "Mar\u00eda Beatriz Aguirre-Urreta": "Q21191142", "Dorte Janussen": "Q21258521", "Lixia Wang": "Q21338232", "Sylvia Hope": "Q21338333", "Eileen D. Grogan": "Q21338909", "Annika Sanfilippo": "Q21339662", "Adriana C. Mancuso": "Q21339715", "Juliane Fenner": "Q21339856", "Margarita F. Bogoslovskaya": "Q21340081", "Ella Hoch": "Q21340197", "Helen P. Foreman": "Q21340239", "Coralia M. Jianu": "Q21341055", "Anne Mehlin S\u00f8rensen": "Q21387944", "Ekaterina M. Tesakova": "Q21387953", "Gerda Fridrikhovna Schneider": "Q21387958", "Anisong Chitnarin": "Q21388064", "Nath\u00e1lia C. da Luz": "Q21388191", "Roseline H. Weiss": "Q21388372", "Yaowalak Chaimanee": "Q21388531", "Tatyana B. Leonova": "Q21389759", "Ivone Purper": "Q21389930", "Maria Cristina Cabral": "Q21390019", "Irina Anatolevna Nikolaeva": "Q21390103", "Magdalena \u0141ukowiak": "Q21390143", "Ilaria Mazzini": "Q21390212", "Elsa Gliozzi": "Q21390227", "Odette Ducasse": "Q21390232", "Helga Groos-Uffenorde": "Q21390332", "Federica Menon": "Q21390361", "Janina Szczechura": "Q21390401", "Atike Nazik": "Q21391101", "Aur\u00e9lie Pinton": "Q21391540", "Marie-B\u00e9atrice Forel": "Q21391766", "Claudia Dojen": "Q21391775", "Laurel C. Babcock": "Q21391835", "Lesley Margaret Sheppard": "Q21391859", "Anna C. Frumes": "Q21392042", "Jau-Chyn Liao": "Q21392326", "Barbara J. Stahl": "Q21392465", "Heike Mewis": "Q21392484", "Galina Gergievna Zenkova": "Q21392955", "Susan Turner": "Q21393105", "Carole J. Burrow": "Q21393203", "Linda VanAller Hernick": "Q21393404", "Carys E. Bennett": "Q21393462", "Olga Rodina": "Q21393486", "Yuliia Vernyhorova": "Q21393648", "Ma\u0142gorzata Bie\u0144kowska-Wasiluk": "Q21393917", "Juliana Sterli": "Q21393966", "Dahiana Arcila": "Q21394112", "Martina Ko\u010dov\u00e1 Veselsk\u00e1": "Q21394318", "Eliane Pinheiro de Sousa": "Q21394495", "Agostinha Ara\u00fajo Pereira": "Q21394505", "Guang-Hui Xu": "Q21395223", "Eugenia M. Baykina": "Q21395521", "Erin E. Maxwell": "Q21395684", "Wendy Lund": "Q21395732", "Katarina Bradi\u0107": "Q21493760", "Bo Zhao": "Q21502412", "Jennifer A. Lane": "Q21502510", "Jutta Vieth": "Q21502552", "Stefanie Klug": "Q21502776", "Doris Fredholm": "Q21502872", "Tida Liard": "Q21502897", "Elizabeth J. Loeffler": "Q21502902", "Esther Manzanares": "Q21502924", "Uthumporn Deesri": "Q21502967", "Florence Gallien": "Q21502972", "Annette Herzog": "Q21513889", "Ana Maria Ribeiro": "Q21518022", "Carmen Arias": "Q21518055", "E. Ann Butler": "Q21518059", "Michael C. Keen": "Q21518062", "Elena N. Polenova": "Q21518066", "E. G. Sharapova": "Q21518077", "Mar\u00eda Jos\u00e9 Salas": "Q21518082", "Z.D. Belousova": "Q21518085", "Val\u00e9ria Va\u0161kaninov\u00e1": "Q21584764", "Jennifer Botha-Brink": "Q22102533", "Esther L. Sharp": "Q22102600", "Haang-Mook Kim": "Q22103135", "Helo\u00edsa Moraes-Santos": "Q22105378", "Meredith J. Smith": "Q22105958", "Natasha I. Krupina": "Q22107216", "Jutta Solcher": "Q22107231", "Karen A. Lowney": "Q22108331", "Al'vina Aleksandrovna Kazantseva-Selezneva": "Q22108459", "Katelyn E. Runyon": "Q22108575", "Kelly R. Richards": "Q22109167", "Marjorie J. Johns": "Q22110131", "Martha B. Koot": "Q22110282", "Sarah K. Martin": "Q22112411", "Carmen Soriano": "Q22112784", "Susan L. Filan": "Q22113855", "Emilia Sferco": "Q22695463", "Helen E. Ryan": "Q23068945", "G\u00e9raldine Garcia": "Q23661025", "Christina Ifrim": "Q23661078", "Tamara A. Moskalenko": "Q23661196", "Larisse Illarionova Novitskaya": "Q23661206", "Ver\u00f4nica Lima da Silva Corr\u00eaa": "Q23674948", "Andrea Engelbrecht": "Q23675008", "Victoria E. McCoy": "Q23675064", "Erin E. Saupe": "Q23675067", "Elizabeth G. Clark": "Q23675072", "Lydia Finney": "Q23675073", "Emma R. Locatelli": "Q23675077", "Allison M. Fotheringham": "Q24054250", "Rebecca L. Sanchez": "Q24054265", "Anny Rafaela de Ara\u00fajo Carvalho": "Q24768025", "Alcina Magn\u00f3lia Franca Barreto": "Q25437882", "Barbara Smith Grandstaff": "Q25440336", "Kelly N. Bice": "Q25440452", "Zerina Johanson": "Q25440593", "Sandra Swift": "Q25440867", "Gloria Sprinkle": "Q25441932", "Ana L. Valerio": "Q25442550", "Nad\u011b\u017ehda Obrhelov\u00e1": "Q25442566", "Undine Uhlig": "Q25442586", "Manuela Aiglstorfer": "Q25442642", "Carolina S. Gutstein": "Q25443105", "Cristina Pla": "Q25443330", "Ana M\u00e1rquez-Aliaga": "Q25443385", "Paula C. Dentzien-Dias": "Q25443968", "Val\u00e9ria Gallo": "Q25444728", "Marise Sardenberg Salgado de Carvalho": "Q25444734", "Daniela Minelli": "Q25525886", "Sara Varela": "Q25525917", "Roberta Louise Paton": "Q25525992", "Mette Lundgren": "Q25525998", "Laura Codorni\u00fa": "Q25577860", "Kerstin M. Schr\u00f6der": "Q25577861", "Jelena S. An\u0111elkovi\u0107": "Q25577863", "Zivile Zigaite": "Q25577869", "Ana Emilia Q. de Figueiredo": "Q25737201", "Jo M. J. Vergoossen": "Q25748238", "Kimberly G. Beck": "Q25753241", "Tsiala Davidovna Gabelaia": "Q25778308", "O. V. Kolobayeva": "Q25796397", "Sue Costa": "Q25796482", "Nicole Klein": "Q25802840", "Martina K\u00f6lbl-Ebert": "Q25916851", "Katia Gonz\u00e1lez-Rodr\u00edguez": "Q25916852", "Neo E. B. McAdams": "Q25991300", "Rita Catanzariti": "Q26546604", "Chotima Yamee": "Q26721082", "Pannipa Tian": "Q26721083", "Anne de Verna": "Q28870590", "Bego\u00f1a S\u00e1nchez Chill\u00f3n": "Q30146026", "Vera Weisbecker": "Q30348921", "Beby Ramanivosoa": "Q32284491", "Soledad Silvana Brezina": "Q33191493", "Mar\u00eda Virginia Romero": "Q33191636", "Silvio Casad\u00edo": "Q33196048", "Selina Brace": "Q35871451", "Madeleine Friant": "Q36336671", "Elena Georgievna Lupikina": "Q36547478", "Lucy I. Costa": "Q36611923", "Mar\u00eda del Carmen R. D\u00edez": "Q36623406", "Patricia M. Bonamo": "Q36648897", "Nathalie Bardet": "Q37376408", "Raquel L\u00f3pez-Anto\u00f1anzas": "Q37377210", "Camille Groh\u00e9": "Q37605227", "Elizabeth M. Kennedy": "Q37605592", "Patricia A. Holroyd": "Q37606340", "Elizabeth M. Dowding": "Q44735455", "Ashley S. Hammond": "Q46640748", "Taissa Rodrigues": "Q47452508", "Beryl E. Taylor": "Q47675881", "Dominique Vidalenc": "Q50401945", "Katharina Bastl": "Q50402031", "Brigitte Lange-Badr\u00e9": "Q50402251", "Nancy J. Stevens": "Q51310524", "Haiyan Tong": "Q52158839", "Kadi Alzouma": "Q52159175", "Maria Lu\u00edsa Morais": "Q52782144", "Peggy Vincent": "Q52831527", "Leonie Schwermann": "Q52835345", "Hilary F. Ketchum": "Q52835794", "Natalie I. Schroeder": "Q52840714", "Elisabete Malafaia": "Q53960844", "Simone Hoffmann": "Q53996929", "Carme Boix": "Q53998200", "Evangelia Tsoukala": "Q54152811", "Ariana Paulina Carabajal": "Q54277934", "N. V. Goreva": "Q54604418", "Carmen Llompart": "Q54607787", "Germaine Petter": "Q54609307", "Nora Sabattini": "Q54610354", "Montserrat Truyols-Massoni": "Q54611935", "Susana Garc\u00eda-L\u00f3pez": "Q54620748", "Vanesa De Pietri": "Q54801439", "Elisa Malinverno": "Q54936699", "V\u00e9ronique Daviero-Gomez": "Q54963197", "Dana J. Ehret": "Q55696444", "Natasha S. Vitek": "Q56042985", "Nao Kusuhashi": "Q56256566", "Danielle Fraser": "Q56459362", "Ver\u00f3nica D\u00edez D\u00edaz": "Q56953705", "Ana Rosa G\u00f3mez Cano": "Q57001795", "Annalisa Ferretti": "Q57035590", "Kaylene Butler": "Q57082468", "Jacqueline M.T. Nguyen": "Q57082495", "Adele Bertini": "Q57084662", "Rosa Dom\u00e8nech": "Q57399967", "T\u00fcnde Cs\u00e9f\u00e1n": "Q57833348", "Emese M Bordy": "Q57868691", "Ana Santos": "Q57882051", "Luisa Santos Fidalgo": "Q57901618", "Janet K. Pitman": "Q58418057", "Vera Maria Medina da Fonseca": "Q58444252", "Mar\u00eda de los \u00c1ngeles \u00c1lvarez Sierra": "Q58462138", "Mar\u00eda Jos\u00e9 Comas-Rengifo": "Q58661246", "Ashwaq Sabaa": "Q58739236", "Maria-Jose Iriarte-Chiapusso": "Q59225109", "Marie-C\u00e9line Buchy": "Q59305631", "Aurora Grandal-d'Anglade": "Q59489649", "Gema Siliceo": "Q59560443", "J. Marcelo Krause": "Q59567971", "Ilaria Paparella": "Q59698792", "Ligia Perez Cruz": "Q59767260", "Kristin McDougall-Reid": "Q59832299", "Rachel Racicot": "Q60055072", "Carolina Castillo Ruiz": "Q60060114", "Nicole Robinson": "Q60141174", "Mar\u00eda Patrocinio Espigares": "Q60145969", "Heather Jones": "Q60164998", "Silvia Blanco-Ferrera": "Q60681426", "Marcela G\u00f3mez-P\u00e9rez": "Q60906062", "Consuelo Sendino": "Q61820414", "\u00c9milie L\u00e4ng": "Q61984882", "Mercedes Fern\u00e1ndez": "Q62019397", "Esperanza Cerde\u00f1o": "Q62019406", "Doris Seegets-Villiers": "Q62029364", "Cecilia Mariana Krmpotic": "Q62379564", "Mar\u00eda Susana Bargo": "Q63228415", "Elsa Panciroli": "Q63252647", "Paula J. Noble": "Q63345654", "Carrie E. Schweitzer": "Q63443320", "Fatima Khaldoune": "Q64007141", "Xiaoya Ma": "Q64082440", "Giulia Nocchi": "Q64734143", "Marjorie Apthorpe": "Q64868058", "Alejandra Mart\u00ednez-Melo": "Q67081046", "Violeta Amparo Romero-May\u00e9n": "Q67081186", "Ursula Menkveld-Gfeller": "Q67449973", "Ana Bertha Villase\u00f1or": "Q67455314", "Monique Mettraux": "Q67647986", "Tatiana Tavares": "Q67649851", "Giulia Bosio": "Q68200934", "Simone Gu\u00e9rin-Franiatte": "Q76082174", "Helen Rutherfoord": "Q76104461", "Lea Numberger-Thuy": "Q76113858", "Natalie M Warburton": "Q79656954", "D. Margaret Avery": "Q80435992", "Rivka Rabinovich": "Q81296422", "Mar\u00eda del Carmen Lozano-Francisco": "Q81866038", "Kirstin S Brink": "Q85232401", "Martha Carolina Aguill\u00f3n Mart\u00ednez": "Q85874294", "Anna K. Gillespie": "Q86559696", "Mar\u00eda R\u00edos": "Q86844902", "Alida M. Bailleul": "Q86913670", "Suvi Viranta-Kovanen": "Q87502915", "Julia A. Schultz": "Q87841592", "Jianni Liu": "Q88334021", "Pia A Viglietti": "Q88539063", "Mar\u00eda Soledad Domingo": "Q88945422", "Sanaa E. El-Sayed": "Q89386728", "Maria Edenilce Peixoto Batista": "Q89404406", "Cecilia Apaldetti": "Q89486546", "Tanja Wintrich": "Q89642011", "Iris Men\u00e9ndez": "Q89741129", "Anna Jerve": "Q89741565", "Saswati Bandyopadhyay": "Q89868833", "Maria Eugenia Leone Gold": "Q90458734", "Catherine R C Strong": "Q90619052", "Manja Voss": "Q90963025", "Megan R. Whitney": "Q91005704", "Aisling Farrell": "Q91126509", "\u0141ucja Fostowicz-Frelik": "Q91494588", "Marine Fau": "Q92109304", "Kimberley E J Chapelle": "Q92557486", "Innessa Vislobokova": "Q92736199", "Helke Mocke": "Q92931029", "Val\u00e9rie Ng\u00f4-Muller": "Q92970694", "Mar\u00eda Soledad Ureta Gil": "Q95377846", "Kamila Luisa Nogueira Bandeira": "Q95988539", "Leonora Mart\u00edn-Medrano": "Q96096441", "Anna Georgievna Plamenskaya": "Q96107311", "Galina Grigoryevna Astrova": "Q96196967", "Yolanda Fern\u00e1ndez Jalvo": "Q96950699", "Elena V. Syromyatnikova": "Q97013115", "Baldyrgan Seralievna Kozhamkulova": "Q97067145", "Angiola Maria Maccagno": "Q97645252", "Sophie Hervet": "Q97860322", "Yarinpil Ariunchimeg": "Q97960931", "Marie K. H\u00f6rnig": "Q98281456", "Anne Warren": "Q98553602", "Covadonga Brime": "Q98567909", "Ann F. Budd": "Q98599300", "Agnieszka Homan": "Q98784965", "Catherine M. Early": "Q99202959", "Wei-Ting Zhang": "Q99299771", "Michela M. Johnson": "Q100751728", "Olga Nekvasilov\u00e1": "Q101071813", "Margaret W. Moodey": "Q101522772", "V\u00e9ra Eisenmann": "Q101563038", "Jennifer R. Smith": "Q102211611", "Monique Vianey-Liaud": "Q103821781", "Megan L. Jacobs": "Q104126191", "Carmen Ses\u00e9 Benito": "Q104530427", "Elena Moreno Gonz\u00e1lez de Eiris": "Q104713429", "Mar\u00eda Teresa Alberdi Alonso": "Q104735103", "Isabel R\u00e1bano": "Q104778171", "Carmen Di\u00e9guez Jim\u00e9nez": "Q104782097", "Lene Liebe Delsett": "Q104887762", "Aubrey Jane Roberts": "Q104887765", "Paloma Sevilla": "Q105076761", "Juliana Manso Say\u00e3o": "Q105182801", "Lesley Kool": "Q105296525", "Gabriele K\u00fchl": "Q105317379", "Concepci\u00f3n Herrero Matesanz": "Q105335041", "Elke Gr\u00f6ning": "Q105344699", "Antonia Andrade Olalla": "Q105617765", "Dolores Gil Cid": "Q105623722", "Beatriz Azanza Asensio": "Q105627669", "Amelia Calonge Garc\u00eda": "Q105699068", "Enriqueta Vinacci de Thul": "Q105702825", "Carmen \u00c1lvarez-V\u00e1zquez": "Q105707538", "Galina Ivanovna Tverdokhlebova": "Q105712671", "Birgit Niebuhr": "Q105714451", "Mary Hurd Lawson": "Q106032447", "Marga E. Zoeke": "Q106116828", "Vicen Carri\u00f3": "Q106231975", "Margaret Philpot": "Q106375487", "Anal\u00eda Forasiepi": "Q106628516", "Michelle Arnal": "Q106640895", "Virginia Zurriaguz": "Q106642722", "Darya Pinakhina": "Q106697249", "Louise Beauvais": "Q106946767", "L\u00edlian Paglarelli Bergqvist": "Q107095570", "Emma Carolina Vieytes": "Q107195332", "Phornphen Chanthasit": "Q107226793", "Yu Li": "Q107327069", "Elizabeth A. Nesbitt": "Q107339856", "B\u00e1rbara Vera": "Q107369033", "Fiona E. Fearnhead": "Q107556979", "Mar\u00eda Dolores Pesquero": "Q108427343", "Irina A. Koretsky": "Q108489627", "Brenda S. Ferrero": "Q108527061", "Talia Karim": "Q108568818", "Simone Giovanardi": "Q108569311", "Ayako Kawatani": "Q108652482", "Frances Mussett": "Q108665661", "Sandra Cencetti": "Q108784657", "Julia Sankey": "Q108954883", "Diana Elizabeth Fern\u00e1ndez": "Q109334645", "Luciana Mar\u00eda Giachetti": "Q109334659", "Victoria Quiralte": "Q110298353", "Maria del Carmen Perrilliat": "Q110971644", "Natalia Vadimovna Volkova": "Q110987109", "Katie M. McComas": "Q111384480", "Garmen Bauert": "Q111417096", "Edith Vincent": "Q111427235", "Ana\u00eblle Tarnac": "Q111693786", "Galina Nestell": "Q111693794", "Ver\u00f3nica Krapovickas": "Q112225117", "Danuta Peryt": "Q112675072", "Klara Isabel Gutierrez": "Q113614163", "Olga Alexandrovna Orlova": "Q113675032", "Elena Dmitrievna Orlova": "Q113675043", "Bonnie E. Gulas\u2010Wroblewski": "Q113976343", "Martina Pacher": "Q114435282", "Anna Gandino": "Q114533114", "Janice Krause": "Q115307971", "Rimma Mikhailovna Ivanova": "Q115326203", "Alla Antonovna Istchenko": "Q115345428", "Sof\u00eda A. V. Chambi-Trowell": "Q115604951", "Sally K. Hurst": "Q115613062", "Marissa J. Betts": "Q115622501", "Ashley Dineen": "Q115697798", "Elena Dmitrievna Mikhailova": "Q115785696", "Elizabeth V. Nunn": "Q116770342", "Susan M. Adams-Tresman": "Q117207246", "Maya Knorina": "Q117254392", "Linda Lagebro": "Q117269512", "Holly E. Barden": "Q117354135", "Alexandra Haselmair": "Q117842031", "Anna Climaco": "Q118904128", "Deshka Georgieva Bakalova": "Q118907102", "Susan H. Butts": "Q118957868", "Lyudmila Ivanovna Alekseeva": "Q119121705", "Yulia Vladimirovna Mikhailova": "Q119138555", "Ayel\u00e9n Allende Mosquera": "Q119410129", "D\u00e9bora Mical Campetella": "Q120196802", "Evangelina Elizabeth Pal\u00f3polo": "Q120196852", "Noelia B. Carmona": "Q120196983", "Silvia Mariel Ferrari": "Q120648480", "Shelby Stoneburner": "Q120669080", "Ann Molineux": "Q120714716", "Ariana Gisela Mor\u00e1n": "Q120722586", "Eleonor Tietze": "Q120722591", "Ana Julia Sagasti": "Q120754514", "Mar\u00eda Eugenia Dies \u00c1lvarez": "Q121194321", "Antonella Aimar": "Q121742784", "H\u00e9l\u00e8ne Hendey": "Q121913296", "Sabrina Curran": "Q122168149", "Silvia Men\u00e9ndez": "Q122213392", "Mar\u00eda Luisa Canales-Fern\u00e1ndez": "Q122228150", "Ana Rodrigo": "Q122382180", "Guiomar Garrido": "Q122397929", "Iya IIvanovna Molostovskaya": "Q122842155", "Sabine Baudelot": "Q123282189", "Elisa Villa": "Q123424808", "Ellen Boon-Kristkoiz": "Q123515499", "Melike Bilgin": "Q123776284", "Tanju Kaya": "Q123783695", "Tamara El Hossny": "Q124291205", "Maria Antonietta Moroni Ruggieri": "Q124631226", "Cathleen L. May": "Q124958759", "Lada Nikolaevna\u200f Repina": "Q124986060", "Denise Mongin": "Q125389252", "Olga Gim\u00e9nez": "Q125500538", "Roseline de Saint-Seine": "Q125588808", "Maria Alessandra Conti": "Q125689603", "Ingry Esmirna Guti\u00e9rrez": "Q125726350", "Caitlin Reddy": "Q126112713", "Michelle Spaulding": "Q126487391", "Maria Bel\u00e9n von Baczko": "Q126811810", "Fran\u00e7oise D\u00e9p\u00eache": "Q128101839", "Anna V. Koromyslova": "Q128637145"}