{"Geertruid van Beveren": "Q23038716", "Josephine Baerveldt-Haver": "Q42110535", "Elizabeth Fox Howard": "Q94650183", "Annie Jane Ellis": "Q56176704", "Irma Schweitzer": "Q116819412", "Jane Valbot": "Q114963870", "Germaine Marie-Th\u00e9r\u00e8se Hannevart": "Q115411099", "Elined Prys": "Q126947966", "Akiko Taman": "Q113568600", "Sofia Sp\u00e5ngberg": "Q105301557", "Dorothy Gibson": "Q24034189", "Nahoko Takada": "Q24699181", "Anna Starke": "Q124078701", "Barbara Waylen": "Q116885639", "Ilse Ollendorf": "Q36346772", "Evelyn Healy": "Q114226349", "Luise Helene Bronner": "Q104599618", "Edith Wynner": "Q118437842", "Ekaterina Sheveleva": "Q108371914", "Margaret Forte": "Q124542395", "Tsuyo Kataoka": "Q27920970", "Lea Provo": "Q124466593", "Simone de Bollardi\u00e8re": "Q53344741", "Barbara Cartlidge": "Q98760852", "Selma Brackman": "Q124616020", "Diana Mary Unwin": "Q113127647", "Dorothy Marder": "Q106824560", "Mary Rudge": "Q126400804", "Chieko Watanabe": "Q102247124", "Sonja van der Gaast-Bakker Schut": "Q61594362", "Misao Nagoya": "Q94640790", "Dorothy Brown": "Q115687203", "Erni Friholt": "Q33252568", "Hiroko Nakamoto": "Q121834265", "Mavis Robertson": "Q115164569", "Jemma Hasratyan": "Q66085993", "Heide Sch\u00fctz": "Q62607169", "Monika Steinhoff": "Q120855755", "Maria Hadjipavlou": "Q6761250", "Edith Lutz": "Q66001441", "Susan Ahmed-B\u00f6hme": "Q110963112", "Angelica Edna Calo Livne": "Q110963351", "B\u00e9atrice Molle": "Q81395588", "Aya Kaniuk": "Q102037617", "Irena Wachendorff": "Q63832524", "Rose Marie Berger": "Q97014275", "Katrin McClean": "Q1537875", "Karmen Ratkovi\u0107": "Q96197241", "Suvada Selimovi\u0107": "Q115649911", "Hyun Lee": "Q111165640", "Dahlia Wasfi": "Q5208909", "Muna Mohamed Diirshe": "Q79059161", "Maria Ximena Figueroa": "Q50379640", "C\u00e9cile Lecomte": "Q1150123", "Lea Frings": "Q63092550", "Dana Golan": "Q32638574", "Julia Szarvasy": "Q61756092", "Alondra Berber Mijangos": "Q112476126", "Emma Igual": "Q122381896", "Motahare Goonei": "Q125740126", "Alexa Read Scholl": "Q121084711", "Gloria del Carmen Luna Rivillas": "Q61998873", "Sonya Reines-Djivanides": "Q44670131", "Marguerite Sarten": "Q60564521", "Hanna van Biema-Hymans": "Q60564582", "Emma Hansson": "Q60564623", "Hildegard Klimmeck": "Q62825823", "Eugenia Almand": "Q98011376", "Pam Baum Baker": "Q99512275", "Peggy Knoepfle": "Q105487981", "Chlo\u00e9 Meulewaeter": "Q106002265", "Janet Elizabeth Barrington": "Q110492642", "Azra Hasanbegovic": "Q110940713", "Kongosi Onia Mussanzi": "Q110940740", "Jennifer Ingram": "Q110940743", "Irina Yanovskaya": "Q110940747", "Rita Thapa": "Q110940783", "Mireia Uranga Arakistain": "Q110940893", "Shelley J. Anderson": "Q110941468", "Patricia Gaffney": "Q110963128", "Fatmire Feka": "Q110963139", "Jeannine Nahigombeye": "Q110963238", "Myla Jabilles Leguro": "Q110963295", "Ana Teresa Bernal": "Q110963316", "Hyun-Sook Lee": "Q110968907", "Anna Hoare": "Q110968920", "Eunice Nangueve In\u00e1cio": "Q110972480", "Spasenija Moro": "Q110972700", "Halois Moorhead": "Q114893041", "Asya Maruket": "Q115508461", "Anita Kromberg": "Q115515165", "Helen Tucker": "Q115944460", "Kawkab Al-Thaibani": "Q116681140", "Evelyn Martin": "Q120964762", "Rama Jarmakani": "Q124997959", "Mary Tarcisia Lakot": "Q126678603"}