{"Catherine Sapieha": "Q100707510", "Alexandra Vassilievna Petrova": "Q110607821", "Bertl M\u00fcller": "Q113502904", "von Avalgau Irmtrud": "Q94758580", "Adelaide de Condet": "Q106241222", "Jutta of Peilstein": "Q114811424", "Hildburg of Poigen": "Q102078224", "Marie de Rethel": "Q60843113", "Maria van Souburg": "Q2783264", "Breyda Tursina": "Q104889015", "Euphemia of Matsch": "Q110206574", "Bertha van Heyen": "Q19685465", "Elisabeth of Kuenring": "Q99198778", "Anne of Kuenring": "Q99198798", "Cecily of Wildegg": "Q109547584", "Catherine of Streitwiesen": "Q110686548", "Agn\u00e8s de Pacs i de Quint": "Q19368126", "Menc\u00eda de Mendoza y Figueroa": "Q55984174", "Elisabetta of Montefeltro": "Q3723278", "Katalin Frangep\u00e1n": "Q1003487", "Catharina van Someren": "Q19754725", "Barbara von Luternau": "Q55855405", "Ana Chaves": "Q95585532", "Anna Hojska": "Q12094248", "Maria Vermeyen": "Q42591418", "Mary Weld": "Q18880135", "El\u017cbieta Eufemia Wi\u015bniowiecka": "Q12127756", "Elisabeth Krau\u00df": "Q55908953", "Eva Eusebia von Lobkowitz": "Q94617708", "Elizabeth Lumley, Viscountess Lumley of Waterford": "Q26828332", "Isabel Lobiano": "Q105763701", "Eva Lobkowicz": "Q55238502", "Elisabeth Beling": "Q96578150", "Marie Lumague": "Q3292664", "Dorothy Stafford": "Q18546141", "Sophia Anna van Pipenpoy": "Q41876944", "Josina Copes-Schade van Westrum": "Q24261941", "Anne Walker": "Q18534126", "Agneta Deutz": "Q2698652", "Ida van Tiara": "Q67604960", "Catherine Thierry": "Q2942075", "Maria Catharina Feith": "Q20031820", "Margherita Cominelli Simbeni": "Q55884578", "Fran\u00e7oise Le Ragois de Bretonvilliers": "Q111460233", "Duchess Maria Antonia Josepha of Montecuccoli": "Q116619652", "Justina Catharina Steffan von Cronstetten": "Q57781247", "Maria Harmens Courage": "Q20031830", "Elisabeth Cronstr\u00f6m": "Q50512407", "Lucrezia Brunaccini": "Q125961695", "Maria Cornelia Stadelmann": "Q125838951", "Eszter R\u00e1day": "Q1252242", "Rosa Govone": "Q12955138", "Anna Katharina Egg": "Q94761222", "Maria Pizzeli": "Q121194030", "Sarah Hoffman": "Q43920575", "Rebecca Machado Phillips": "Q104788214", "\u0410\u043d\u043d\u0430 \u041d\u0438\u043a\u043e\u043b\u0430\u0435\u0432\u043d\u0430 \u0420\u043e\u0434\u0438\u043e\u043d\u043e\u0432\u0430": "Q67900902", "Catherine Cussans": "Q106471994", "Ann Sanders": "Q28005135", "Magdalena Pauli": "Q1883807", "Maria Walburga von Harrach-Hohenems of Lustenau": "Q62024978", "Anne-Marthe Langlade": "Q127220666", "Anna Frauer": "Q111579695", "Margaret Chinnery": "Q99521565", "Laura Ciceri Visconti": "Q73914624", "Francesca Capece": "Q105078298", "Josephina Vaessen": "Q110620503", "Isabella King": "Q18671522", "Franziska Kl\u00e4hr": "Q55907560", "Sofya Panina": "Q77994746", "Princess Maria Karolina of Schwarzenberg": "Q47939303", "Maria Vittoria Doria Pamphili Landi": "Q55227191", "Elizabeth Manners": "Q61398145", "Louise Charlotte Agla\u00e9 Camus de Pontcarr\u00e9": "Q110321414", "Giuseppa Tornielli Bellini": "Q30128603", "Marie-Denise Gandolphe": "Q107988696", "Mar\u00eda Josefa Patricia Mu\u00f1oz y Jarabeitia": "Q107585788", "Mary Murray, n\u00e9e Rigby": "Q106154714", "Teresa Orsini Doria Pamphili Landi": "Q76018206", "Maria Mosyer": "Q99511568", "Mary Ann Horton": "Q114785508", "Pelagia Russanowska": "Q98019049", "Julie Ritter": "Q55859920", "\u00c9lisa de Lariboisi\u00e8re": "Q97946723", "\u00c9milie Oberkampf": "Q3588869", "Bernardina Fragoso de Rivera": "Q53845010", "Anne Forster": "Q18917234", "Ulrika Kullgren": "Q4960110", "Madeleine Didion": "Q111201620", "Ida von L\u00fcttichau": "Q1656563", "Marie-Genevi\u00e8ve-Sophie Masson": "Q27954535", "Tekla Rapacka": "Q14877639", "Margaretha Dedel": "Q19756261", "Anna Marks Allen": "Q114265353", "Amalie Friederike Serre": "Q1457093", "Eug\u00e9nie Desjobert": "Q27661808", "\u00c9milie Girod de l'Ain": "Q27688158", "Fanny Henriette Jenisch": "Q55910406", "Adriana Renier Zannini": "Q112842822", "Ellen Hope": "Q99337851", "Mary Anne Barbara Holburne": "Q106471480", "Franziska Batthy\u00e1ny": "Q87565", "Victorine Lousier Desvaux": "Q97986152", "Emilie Schaezler": "Q15964253", "Sophie Lopes Henriques de Saa": "Q68913180", "Nelly Krook": "Q29886177", "Nanette von Goldschmidt": "Q109277836", "Ant\u00f3nia Sz\u00f6gy\u00e9ny-Bohus": "Q18548340", "Laura F\u00e5hr\u00e6us": "Q58070479", "Buenaventura Argando\u00f1a Subercaseaux": "Q16913205", "Maria Czarkowska": "Q107953689", "Varvara Evgrafovna Chertova": "Q20984679", "Eugenie Kenyon": "Q111568928", "Henriette von Wertheimer": "Q80147198", "Betsy van der Hoop": "Q2764683", "Victoire-F\u00e9licie Bailliot": "Q3557023", "Rosalie Gourreau de Chanzeaux": "Q120746123", "Henriette Andr\u00e9-Walther": "Q47093123", "Margaretha Reitz": "Q125861713", "Luise Hohenthal": "Q17124567", "Francisca Gim\u00e9nez Delgado": "Q23902946", "Eleonora Kounicov\u00e1": "Q95087190", "Elmire Lanafo\u00ebrt-Doat": "Q64022057", "Anne-Sophie Marchoux": "Q112040339", "Eug\u00e9nie Dutreux-Pescatore": "Q16439116", "Am\u00e9lie Riffault": "Q111286676", "\u041c\u0430\u0446\u0456\u043b\u044c\u0434\u0430 \u0437 \u0413\u044e\u043d\u0442\u044d\u0440\u0430\u045e": "Q28098651", "Charlotte Oppenheim": "Q1067288", "Seweryna Badeniowa": "Q102536689", "Marie von Demel": "Q100235623", "Modesta Goicour\u00eda y Cabrera": "Q122958845", "Rosa Doz y Gordon": "Q107229038", "Angelique Antoinette Fran\u00e7oise Hubertine Sax": "Q19680807", "Therese G\u00f6schl": "Q105839611", "Franziska Rath": "Q104863967", "Luisa Recalchi Grillenzoni": "Q119398015", "Marianne Rhodius": "Q1896878", "Teresa Lualdi": "Q124092264", "Ludwika G\u00f3recka": "Q104426862", "Julie Schlesinger": "Q45732393", "Anselma de Salces": "Q105888329", "Vicenta Guti\u00e9rrez Vergara": "Q110808745", "Marie T\u00e1borov\u00e1": "Q114895275", "Helen Hay Hunter Baillie": "Q109886460", "Paulina G\u00f3rska": "Q60664282", "Paulina Bauman": "Q16165330", "Elizabeth Underhill Coles": "Q72963012", "Mathilde Coronini Cronberg": "Q107101151", "Laure Go\u00fcin": "Q56722756", "Dionizja Poniatowska": "Q94619645", "Barbora Sudov\u00e1": "Q114869535", "Magdalena Vicu\u00f1a Aguirre": "Q108679052", "Franciszka Nimfa von Gaschin-Rosenberg": "Q9263159", "Albertine von Berlichingen": "Q94749337", "Marie-Doroth\u00e9e Petit": "Q61996993", "Emilie W\u00fcstenfeld": "Q1337353", "Augusta Braunerov\u00e1": "Q104698195", "Anna Sageder": "Q99619679", "Annette Hall": "Q115749785", "Catherine de Rumine": "Q2942129", "Caroline Elizabeth  Lamson": "Q97012103", "Clasina Margaretha Mab\u00e9 Grevingh": "Q105972858", "Fanny Peccot": "Q64152724", "Margaret O'Shanassy": "Q111799138", "Maria Friederike R\u00f6sler": "Q84766157", "Mary Ann Starkweather": "Q107078576", "Jos\u00e9phine Guillon": "Q13490875", "Teresa Raczy\u0144ska": "Q87112319", "Aim\u00e9e-Marie Mar\u00e7ais-Martin": "Q114355791", "Wilhelmine Montl\u00e9art": "Q2576179", "Mariangela Tulumello": "Q128791363", "Frances A. Hackley": "Q118122750", "Ida de Crombrugghe": "Q88895725", "Carolina \u00c1lvarez Ruiz": "Q51845268", "Barbora Kyptov\u00e1": "Q114646332", "Alexandra Nikolajewna Strekalowa": "Q4443582", "Henriette Albrand": "Q58168709", "Maria Holl": "Q110014312", "Margaret Crocker": "Q107410872", "Eva Rosine Beil": "Q114753789", "Fran\u010di\u0161ka Ovija\u010d": "Q12789418", "Caroline Elizabeth Williams": "Q125792325", "Mary Jephson": "Q129847200", "Anne de Mee\u00fbs": "Q97064744", "Luitgarda Stadniki-Stadnicki na Ro\u017en\u00f3wu": "Q113950068", "Esther Herrman": "Q98033974", "Mar\u00eda Dionisia Vives y Zires": "Q72115684", "Ann Alison Goodlet": "Q21535618", "Josipina Ho\u010devar": "Q18508059", "Anne Molson": "Q106919046", "Maria Lydig Daly": "Q93471357", "Polly Berling": "Q62081344", "Alexandrina Magheru": "Q51133259", "Anastasia Orbeliani-Gagarina": "Q126164632", "\u041d\u0430\u0442\u0430\u043b\u044c\u044f \u041c\u0438\u0445\u0430\u0439\u043b\u043e\u0432\u043d\u0430 \u0410\u043d\u0434\u0440\u0435\u0435\u0432\u0430": "Q111234748", "Julia Levy": "Q108147361", "Marie-F\u00e9licie Dessans": "Q66685973", "Rebecca Taylor Bacon": "Q109674530", "Sophia Mathilda Naumann": "Q33133977", "Olga Gr\u00e4fin von Seherr-Tho\u00df": "Q55888661", "Caroline D. Roberts": "Q42390909", "Maria Tyzenhauz": "Q81300476", "Caroline Amanda Rand": "Q107387496", "C\u00e4cilie Adler": "Q94732355", "Henriette Wiener von Welten": "Q105450733", "Adele Cockerill": "Q31136891", "Stephanie Guiot du Ponteil": "Q15849166", "Tr\u00e1nsito C\u00e1ceres": "Q98923387", "Ernestina Manuel de Villena": "Q5836732", "Johanna Elisabeth de Wildt": "Q76348623", "Paolina Gallerati Liverani": "Q117475609", "Elisabeth Hendrina Bax": "Q19754755", "Jadwiga Zamoyska": "Q11715999", "Giulia Cecilia Freifrau von Rittmeyer": "Q61198259", "Amalia Larra\u00edn y Vicu\u00f1a": "Q24337660", "Rosa Vaamonde": "Q116008524", "Anne Barratin": "Q33342616", "Vera Ivanovna Saltykova-Golovkina": "Q110726441", "Mariya Mansurova": "Q4280621", "Klementina Szentmih\u00e1lyi": "Q125253546", "Maria Elisabeth Wentzel-Heckmann": "Q67202999", "Louise Harbou": "Q62080919", "Henrietta Raphael": "Q76327989", "Maria DeWitt Jesup": "Q61781712", "Marie Meyer": "Q94763997", "Johanna Broder": "Q107517984", "Sidonie Scharfe": "Q98035011", "Georgiana Daniell": "Q18954230", "\u0415\u043b\u0438\u0437\u0430\u0432\u0435\u0442\u0430 \u041c\u0430\u0440\u0434\u0430\u0440\u044c\u0435\u0432\u043d\u0430 \u042f\u043a\u0443\u0448\u043a\u0438\u043d\u0430": "Q61893282", "Anna Scheibler": "Q106712914", "Costanza Ghika Rasponi": "Q124987811", "Ange McKay Mosher": "Q2849290", "Marie Pauline Freiin von Liebieg": "Q55854946", "Meinrada Josefa Benziger": "Q110800836", "Annie Russell-Cotes": "Q94430001", "Maria Gorecka": "Q11768867", "Julie Gintlov\u00e1": "Q96740887", "Louise von Christierson": "Q16594504", "Marie Lannelongue": "Q3292634", "Ernestine Thorsch": "Q98822179", "Nancy Atwood Sprague": "Q73583773", "Mary Atwater Choate": "Q97012405", "Marie Sch\u00fcttler": "Q110945343", "Johanna Meynert": "Q59653283", "Clarissa Bischoffsheim": "Q73501873", "Beda Collett": "Q83368089", "Jeannie Scott Dike": "Q125853823", "Marie d'Abbadie d'Arrast": "Q51090972", "G\u00f6thilda Charlotta F\u00fcrstenberg": "Q50855442", "Emily Ridgway": "Q56331448", "Dolores Arg\u00fcello": "Q5812539", "Adriana van Halteren": "Q107955672", "Elisabeth von Bahr": "Q50804780", "Emma Koechlin-Schwartz": "Q30302912", "Felicia Olave Salaverri": "Q47463147", "Anna Wallenberg": "Q16616050", "Am\u00e9lie Raba": "Q66920408", "Anna Perkins Pingree Peabody": "Q123582864", "Stefania Etzerodt Omboni": "Q112146616", "Filomena Gabriela Correia Brand\u00e3o Henriques de Noronha": "Q10282357", "Hilda Hellman": "Q11862598", "Anna von Rath": "Q563740", "Sarah Battels": "Q106574795", "Mary Brown Wanamaker": "Q106676460", "Elisabetta Martinez": "Q56477195", "Marie Amalie Barlow": "Q94776986", "Johanna Prangl": "Q111579938", "Eva Elisabetha Rendenbach": "Q60842824", "Julie Cahn": "Q50379905", "Maria Boorman Wheeler Ceccarini": "Q60998598", "Baroness Edith van Eersel": "Q106669818", "Marie-Catherine Debrousse": "Q66685884", "Amalie Gramm": "Q124351734", "Juana Mar\u00eda Ruiz de G\u00e1miz": "Q118707326", "Emily Matilda Barhydt": "Q94705846", "Clara Thomas": "Q122750045", "Charlotte von K\u00f6nigswarter": "Q24629488", "Mar\u00eda del Carmen Azlor de Arag\u00f3n e Idi\u00e1quez": "Q6004931", "Caroline Stampe-Charisius": "Q62079772", "Gutmann Hedvig": "Q61069530", "Elise Dittrich": "Q104518448", "Ilona Batthy\u00e1ny": "Q24931896", "Klementyna Granzow": "Q106839400", "Mar\u00eda del Pilar de Le\u00f3n, 1st Marchioness of Squilache": "Q110209155", "Hortense Montefiore-Bischoffsheim": "Q3140846", "Regine Bettelheim": "Q113567579", "Josipina Rein\u00f6hl": "Q124386042", "Katharine Aldham Hanbury": "Q81247515", "Julia Lanz": "Q20742684", "Jacobine Buch": "Q82429641", "Gonzala Santana": "Q106450215", "Emma Elizabeth Dixson": "Q24217941", "Louise de Rivi\u00e8re": "Q64845938", "Franziska von Wertheimstein": "Q1450216", "Mrs. J. Willis Dalzell": "Q106419474", "Louise Doat-Sabail": "Q66923750", "\u00c1ngela Molinuevo y Longuebau": "Q110759801", "Lucy Wright": "Q18528749", "Mariam Khatisian": "Q16392886", "Clementina Raineri Biscia Pepoli": "Q116854247", "Alba Hellman": "Q11850573", "Maria Antoinette Hunt Evans": "Q110268370", "Alessandrina Ravizza": "Q3609786", "Maria Amelie Albinia Ekman": "Q20156092", "Pauline d'Harcourt": "Q50368896", "Beta Isenberg": "Q15440932", "Laura von Oelbermann": "Q27831760", "Edith Mautner von Markhof": "Q55855986", "Mary Theresa Mehegan Hill": "Q104955358", "Sara Galbraith Beemer": "Q15442089", "Matilde de Aguilera y Gamboa": "Q57619958", "Caroline Wijk": "Q50512430", "Louise Hansen": "Q62080918", "Nadezhda Beloselskaya-Belozerskaya": "Q105061769", "Olga Sergeevna Gaines": "Q56273450", "Mary Booth": "Q18546691", "Gabriela Sw\u00e9erts-Sporck": "Q95218319", "Nieves Cano Aldama": "Q117156726", "Amicie Piou": "Q67202410", "Louisa Kinnaird": "Q18528707", "Helen C. Juilliard": "Q123745717", "Petra Lekuona": "Q125346762", "Em\u00edlia Carles Tolr\u00e0": "Q11919225", "Amalie Sch\u00f6n": "Q33133339", "Elena Dalles": "Q51382680", "Marie Patov\u00e1": "Q104502903", "Nina Borthen": "Q70908040", "Felipa Zuricalday": "Q105888372", "Emily Dickson": "Q110752393", "Polly Ahlefeldt-Laurvigen": "Q62081343", "Lydia Thompson Morris": "Q94650816", "Angela Hadzhigeorgieva": "Q60297464", "Anna von Bernd": "Q111327961", "Agneta Kinnaird": "Q18572170", "Agnes Lagerstedt": "Q4960567", "Alice Bron": "Q105436916", "Hannah Luise Rothschild": "Q1575789", "Nadezhda Burylina": "Q24647029", "Ellen Battell Stoeckel": "Q106240832", "Valentine Honegger": "Q67158249", "\u0411\u0430\u0440\u044f\u0442\u0438\u043d\u0441\u043a\u0430\u044f, \u041c\u0430\u0440\u0438\u044f \u0412\u043b\u0430\u0434\u0438\u043c\u0438\u0440\u043e\u0432\u043d\u0430 (1851)": "Q123050891", "Alice Bonthron": "Q19365509", "Dolores Pereira": "Q5812593", "Anna Tenisheva": "Q55714142", "Fanny Go\u00fcin": "Q63312965", "Aleksandra Alekseyeva": "Q15063961", "Marie Grobet": "Q78153390", "Elizabeth Brackett": "Q124096464", "St\u00e9phanie von Wedel": "Q118591683", "Susan Parrish Wharton": "Q98379962", "Emma Wretlind": "Q50512405", "Emma Gam\u00e9l": "Q62080008", "Henri\u00ebtte Spiering": "Q28064197", "Clara Cavalieri Archivolti": "Q59590039", "Anna Toebelmann": "Q20742596", "Ludwika Wawelberg": "Q105086996", "Dolores Romero Arano": "Q46318000", "Emilie K\u00fchnelt": "Q98382258", "Anna Bolinia S\u00f8rensen": "Q62079361", "Thora Davidsen": "Q62081490", "Margaret Price Evans Daly": "Q94623618", "Sophie Wallerstein": "Q105423966", "Marie Barbe Jos\u00e9phine Tesch": "Q113231519", "Clara Rumpff": "Q115129554", "Ella Goodenow Willcox": "Q109847683", "Hilma Gripenberg": "Q107288749", "Helene Vesque-P\u00fcttlingen": "Q94691946", "Louise de Kergariou": "Q3263860", "Theresa Loeb": "Q96087244", "Marguerite Raba": "Q66919105", "Eugenia Kierbed\u017a": "Q9255812", "Jeronima Uriarte Elizalde": "Q112130306", "Constance Boyle": "Q51950671", "Marianne Schenkl": "Q55846289", "Irma Ap\u00f3r de Al-T\u00f3rja": "Q104370493", "Fannie Augusta Mulford": "Q117311785", "Eva Ussing": "Q62080037", "Alma Jalava": "Q17381139", "Marie zu Hohenlohe Waldenburg-Schillingsfurst": "Q15726648", "Albertine Szillay": "Q104528630", "H\u00e9l\u00e8ne Appia": "Q94748023", "Sallie Maxwell Bennett": "Q99514480", "Louise G\u00e6tje": "Q62080914", "Marie-Th\u00e9r\u00e8se Singer": "Q48652967", "Mercedes de la Escalera": "Q52843149", "Matylda Herbst": "Q108761535", "Zo\u00e9 Reumont de Poligny": "Q3576208", "Carmela Maria Bencini": "Q127234095", "Emma Ann Browne": "Q24218115", "Teresa da C\u00e2mara Leme Carvalhal Esmeraldo Bettencourt Vasconcelos S\u00e1 Machado": "Q112091034", "Emilie Piper": "Q105504769", "Olga Shcherbatova": "Q15060895", "Gianna Paolini": "Q107701927", "Eugenia Apostolopulo-Bogdan": "Q12727836", "Minna Caroline (Minka) von Rothschild": "Q59612407", "Lastenia Blanco": "Q16473020", "Berta Wilhelmi": "Q94434611", "Ada Elizabeth Armytage": "Q101084147", "Amicie de Digoine": "Q117072619", "Elisabeth Mills Reid": "Q107387497", "Valentine Bouillant": "Q42008227", "Bettina Caroline de Rothschild": "Q18920520", "Maria Lallukka": "Q50374811", "Jane Alexia Hastie": "Q98642540", "Karla Anna Johanna Voj\u00e1\u010dkov\u00e1": "Q115917645", "Wilhelmina Natalia Palmaer": "Q99776118", "May Treat Morrison": "Q98596699", "Grietje Elisabeth Tichelaar": "Q22955233", "Anna von Planta": "Q105585164", "Anna Zanders": "Q563675", "Henriette Coyet": "Q4943536", "Aminah Fadavi": "Q25657990", "Sarah Cooper Hewitt": "Q20726418", "Am\u00e0lia Garc\u00eda Miralles": "Q82941288", "Mary Widmer-Curtat": "Q104518318", "Ida Telland": "Q98456269", "Eug\u00e9nie Weill": "Q15970849", "Libu\u0161e Br\u00e1fov\u00e1": "Q95120514", "Katherine Atkins": "Q109275312", "Rose Livingston": "Q2166758", "Ida Southwell Perrin": "Q21455186", "\u00c9lisabeth Hack": "Q107478035", "Charlotte von Hornstein zu Hohenstoffeln": "Q44822903", "Fernande d'Erlincourt": "Q59051288", "Therese Danner": "Q16890237", "Florence Rand Lang": "Q78163035", "Florine Langweil": "Q44936043", "K\u00e4the Pietschker": "Q61045757", "Signe Mittag Leffler": "Q96678756", "Natalia Grigorjevna Ja\u0161vili": "Q12174205", "Lina Bianconcini Cavazza": "Q109829472", "Eloise Payne Luquer": "Q52155720", "Grace Whitney Hoff": "Q3113021", "Louise Fould": "Q15059140", "Jeanne Spiering": "Q42088874", "\u00c1ngela Santamarina Aldunc\u00edn": "Q45800808", "Mary Barr Smith": "Q89126021", "Florence Shloss Guggenheim": "Q107208733", "Leontine Goldschmidt": "Q117707876", "Elisabeth Alberdingk Thijm": "Q116687220", "Stephanie Wenckheim": "Q115607032", "Mary Estelle Robinson": "Q113561943", "Ebba Astrup": "Q116520523", "Fanny Hannover Cohen": "Q62080044", "Maria Eug\u00e9nia de Canavial": "Q50386758", "G\u00e1born\u00e9 Apor": "Q112082162", "Viola Bivins": "Q108309742", "Rose Dabney Forbes": "Q94629275", "Concha Heres": "Q96464786", "Ho Tung Margaret": "Q117038354", "Carrie Diana Hamlin": "Q111425170", "Varvara Bobrinskaya": "Q21089258", "Bertha Abrahamson": "Q62079659", "Klotylda Vur\u0161rov\u00e1": "Q95182017", "Isobel Mary Blackett": "Q104763004", "\u0410\u043d\u0430\u0441\u0442\u0430\u0441\u0438\u0458\u0430 \u041d\u0430\u043a\u0430 \u0421\u043f\u0430\u0441\u0438\u045b": "Q61126076", "Jeanne Fournier-Sarlov\u00e8ze": "Q72818529", "Ida Salin": "Q17383517", "Adelia Mar\u00eda Harilaos de Olmos": "Q16526927", "Madeleine Saint-Ren\u00e9 Taillandier": "Q19365709", "Marie-Louise Fould": "Q15060059", "Mary Elizabeth Breckinridge Caldwell": "Q68128436", "Mary Caroline Fraser": "Q124377265", "Alice Mabel Emmerton": "Q109885696", "Dagmar Sophie Mathilde Trier": "Q62079811", "Gerda Meyerson": "Q4967157", "Minna Moscherosch Schmidt": "Q94298709", "Lutie Deborah Goldstein": "Q97410269", "Sarah Belle Pillsbury": "Q111215361", "Anna Anzini Gabardi": "Q75569500", "Caroline Baldauff-Rothermel": "Q87613086", "Herminda Martin": "Q39081450", "Carrie Rand Herron": "Q62108982", "Charlotte Pruyn Hyde": "Q72981048", "Sigrid Hedda Netzel": "Q45925578", "Mathilde L\u00fctken": "Q62081227", "Teresa Fardella de Blasi": "Q106665985", "Helen Livingston (Mynderse) McClellan": "Q127158971", "Elisabet Liljegren": "Q16595614", "Margrethe Nielsen": "Q62081077", "Amy Linda Redpath Roddick": "Q127386482", "Eli\u0161ka Wiesenbergerov\u00e1": "Q112536664", "Berthe de B\u00e9hague": "Q2899292", "Mar\u00eda Aguirre y Aguirre": "Q107585787", "Edla af Klercker": "Q105627780", "Mary R. Cromwel": "Q121359556", "Louise Leblanc": "Q62121588", "Rosy Fischer": "Q94513873", "Lady Mond": "Q3216015", "Clara Jacoba de Vos van Steenwijk": "Q61790417", "Amalia Wasserberger": "Q110369465", "Anna Hamill Monroe": "Q115168996", "Lola Hughes Sheldon Armour": "Q128259314", "Johanna Bergmeister": "Q124748112", "Carolina Maraini Sommaruga": "Q3660563", "Gudrun Howden-R\u00f8nnenkamp": "Q62080112", "Gertrud Troplowitz": "Q119153541", "Caritat Serinyana i Rubies": "Q111200729", "Nadejda Radetzka\u00efa": "Q110653381", "Florence Higinbotham": "Q111366818", "Maria Hornstein Hohenstoffeln": "Q44822214", "Amparo de Zeled\u00f3n": "Q110468609", "Edith Wetmore": "Q65166159", "Fanny Vitta": "Q56380135", "Anna Preinitz": "Q50804810", "Margaret H. Perkins": "Q87199328", "Bettie R. Fleischmann": "Q90151287", "L\u00e9onie Deshayes": "Q100938255", "Elena Luzghin": "Q54165646", "Matilda Louise Thompson": "Q21536663", "Nanna Trojel": "Q62081286", "Llu\u00efsa Cura i Farriols": "Q29421330", "Barbara Kelch-Bazanova": "Q48955116", "Amy Irwin McCormick": "Q72960434", "Paula Fournier Partearroyo": "Q117156996", "Rebecca Phillips": "Q21537247", "Sigrid G\u00f6ransson": "Q5779854", "Alice Noerbel": "Q27909228", "Mathilde de Rothschild": "Q66817166", "Mildred Anna Williams": "Q23719193", "Hayashi Choko": "Q73112107", "L\u00e9onie Chaptal": "Q18012077", "Teresa Amatller i Cros": "Q66104088", "Elsbeth Funch": "Q27242972", "Irene Langhorne Gibson": "Q64785957", "Luz Casanova": "Q23090708", "Matilda Aimee Hobbs": "Q76034456", "Sonja Knips": "Q61061297", "Isabel Llorach i Dolsa": "Q20162041", "Queen Avery Coonley": "Q66712231", "Rosa Bottigelli Borri": "Q124083706", "Eugenie Primavesi": "Q27971921", "Margaretha Wichers": "Q66581849", "Cecelia C. Casserly": "Q113871064", "Stefana Saalm\u00fcller Armbruster": "Q66580074", "\u041f\u0430\u043b\u044c\u043c\u0456\u0440\u0430 \u041b\u044e\u0431\u0430\u043c\u0456\u0440\u0430\u045e\u043d\u0430 \u041c\u0440\u0430\u0447\u043a\u043e\u045e\u0441\u043a\u0430\u044f": "Q107559929", "Celina Acha De Vega": "Q111513602", "Sarah Wilson Hodge": "Q111545537", "Persida \u0160umanovi\u0107": "Q61130463", "Antoinette de Raf\u00e9lis de Saint-Sauveur": "Q20894003", "Estelle Doheny": "Q56007535", "Ella Dales Cantelow": "Q66728609", "Corona Gonz\u00e1lez": "Q30608444", "Rita Tonoli": "Q113102553", "Anita Baldwin": "Q105083699", "Marie-Louise Lachaine-Sauve": "Q128297852", "Suzanne du Buit": "Q17472713", "Ellen Schepelern": "Q62079938", "Hermine Juliana von Skoda": "Q55890322", "Alma Hedin": "Q4953125", "Eva T. Bussenius": "Q106520432", "Kirsten Prip": "Q62080815", "Olga H. Guggenheim": "Q107208734", "Ingeborg Fock": "Q62080289", "Alice Warder Garrett": "Q73575191", "Gemma de Gresti": "Q3759388", "Sofie Bergmann-K\u00fcchler": "Q94774459", "Helen Marie Rousseau Burton": "Q108937752", "Mary Jane Fennescey": "Q21536631", "Laurinda Santos Lobo": "Q17413855", "Anna Fraentzel Celli": "Q6555240", "Alice de Koenigswarter": "Q16526126", "Mary Wallace-Shillito": "Q114830210", "Juliette Mathieu-L\u00e9vy": "Q68051937", "Eug\u00e9nie Duchoiselle": "Q113522224", "Marina Regoli Crespi": "Q64483432", "Julia Henry": "Q56178388", "Javotte Manca di Villahermosa": "Q102425395", "Lillian Martha Henkel Haass": "Q76545668", "Ethel Frances Baldwin": "Q107208731", "Helga Ekman": "Q102305357", "Anna Gironella i Llovet": "Q111200593", "Julia Vargas": "Q107405809", "Thora Justesen": "Q62081496", "Germaine Sommier": "Q88065626", "Elizabeth Bingham Blossom": "Q89721955", "Simonne Legrand": "Q102291665", "Minnie Guggenheimer": "Q106241224", "Susan Dwight Bliss": "Q29913570", "Evelyn Mary Tildesley": "Q21537555", "Maria-Anna von Nostitz-Rieneck": "Q1895514", "Marie Boendermaker": "Q25693004", "Lilli Dieckmann": "Q24438229", "Irene Hellmann": "Q106238931", "Christine Hermann": "Q94751284", "Catalina Masot": "Q106514881", "\u00c1ngela Fornovi": "Q100753839", "\u00c0ngela Bransuela i Nonell": "Q111200568", "Olga Resnevi\u010d Signorelli": "Q3881634", "Margarete Pauline Gut\u00f6hrlein": "Q1894970", "Franti\u0161ka Kopalov\u00e1": "Q98505271", "H\u00e9l\u00e8ne de Fontenilliat": "Q64374233", "Elsie Cryder Woodward": "Q113634786", "Edith Kane Baker": "Q96215464", "Germaine de Rothschild": "Q15060088", "Maria Paz Mendoza-Guazon": "Q79860166", "Jenny Wihuri": "Q11866345", "Jeanne Bourdeau": "Q67015856", "Martha Schicht": "Q110589697", "Ellen Poidatz": "Q95079853", "Anna Laetitia Pecci Blunt": "Q42529644", "Eva Cassirer": "Q94736802", "Jeanne Rogissart": "Q106512379", "Anna Aragall i Virol\u00e0": "Q34933741", "Maja Christiansen": "Q62081023", "Olga Brunner": "Q59644055", "Adma Jafet": "Q9583177", "C. M. Nijbakker-Morra": "Q86819662", "Marion Deering McCormick": "Q78163020", "Margaret Emerson": "Q75624339", "Eva Gebhard": "Q3061241", "Evelyn Bartlett": "Q28212488", "Ruth Jones Allison": "Q106814128", "Gemeniana Branco": "Q117349198", "Maria Fioroni": "Q3847270", "L\u00e9onie Sonning": "Q20746669", "Madeleine Richard-Perrault": "Q128258895", "Olga Raphael-Linden": "Q4974070", "Edith Evans Braun": "Q98158385", "Ludmila Rybov\u00e1": "Q95068756", "Vera Salomons": "Q67104399", "Karen Paulsen": "Q62080767", "Anna Tamm": "Q74803918", "Barbara Deering Danielson": "Q104248245", "Mary Ann Wrangell": "Q75603648", "Mary Dobr\u017eensky": "Q94747345", "Josefina Markina": "Q111597570", "Victoria Ari\u00f1o": "Q113958492", "Edith Altschul Lehman": "Q105395230", "Gladys Sullivan Doyle": "Q106628667", "Madeleine Rives-M\u00f6rch": "Q34370873", "Dorothy Bridgman Atkinson Rood": "Q94542243", "Alice Piette": "Q126811130", "Edith Harris Proskauer": "Q124308249", "Cesarina Gualino": "Q52156702", "Elise Mathilde van Beuningen": "Q2040781", "Virginia Murray": "Q75631709", "Lucinda Anino dos Santos": "Q10320361", "Margaret Draper Boncompagni": "Q99395376", "Lily Peter": "Q113783193", "Alice Blanceflor Bildt": "Q117193223", "Angelina Maffei Vita": "Q9615263", "Constance Jean Bonython": "Q21536581", "Anita O'Keeffe Young": "Q92796664", "Berthe Alain-Monet": "Q128262144", "Ingebj\u00f8rg Rob\u00f8le": "Q115499825", "Charlotte Helen Bonham-Carter": "Q76119846", "Annie M\u00fcller-Widmann": "Q94751804", "Elizabeth Fuller Chapman": "Q40083848", "Henriette Antoinette Polak-Schwarz": "Q2219909", "Elena Land\u00edvar": "Q111525925", "Dorothy Bigelow Melville": "Q113997787", "Teresa Salvat Llaurad\u00f3": "Q112167263", "Vida Novak": "Q113773796", "Margaret Johanna von Soosten": "Q126709831", "Margaret Seligman Lewisohn": "Q76545670", "Margaret Biddle": "Q94764975", "Clara Sargent Peck": "Q112663224", "Eleanor Clay Ford": "Q75787627", "Germaine Suter-Morax": "Q123026874", "Alexandrina Paulina Bruyning": "Q51320817", "Renata Crespi Prado": "Q94487987", "Fridl Hoesch": "Q94774643", "Evangeline Johnson Merrill": "Q68034526", "Lydia Winston": "Q55999404", "K\u00e4te Ralfs": "Q94738281", "Suzanne T\u00e9zenas": "Q94772523", "Jessie Coulthurst": "Q124214520", "Catherine Hughes Waddell": "Q105612178", "Corinne Frada Pick": "Q106991867", "Rosamond Sherwood": "Q111629941", "Lila Hotz": "Q75619373", "Soledad Alonso de Drysdale": "Q24941153", "Karin Holst Hemsen": "Q87642970", "Marie Louisede Vylder Lehmann": "Q105507260", "Fausta Elorz y Ol\u00edas": "Q47089792", "Louise Thurkow-van Huffel": "Q106363088", "Ad\u00e9la\u00efde-\u00c9lisa de Ch\u00e9nier": "Q115059317", "Olga \u00c1lvares Pereira de Melo": "Q10340560", "Mireille Jourdan-Barry": "Q78888656", "Josephine Tratnik": "Q18508053", "Elisabeth Schotel-Goedvolk": "Q103203281", "Noble Irina Bud de Budfalva": "Q30017492", "Khadija Arafat": "Q56560600", "Isabel Malo Moscoso": "Q111526021", "Olga Koussevitzky": "Q42529652", "Ilse Salberg": "Q83742731", "Claire Sturzenegger-Jeanfavre": "Q125592072", "Anna Sodenstierna": "Q20156196", "Adriana Beaumont Gald\u00faroz": "Q116472623", "Mitzi E. Newhouse": "Q56668895", "Laura Alvim": "Q10316533", "Paula Hughes": "Q99529471", "Ida M. Green": "Q50273948", "Eva Klabin": "Q10278390", "Charlotte Grawitz": "Q104453391", "Josephine Hartford": "Q76269930", "Louise Kellogg": "Q85892910", "Ju Okishio": "Q30604829", "Louise Hawley Stone": "Q97925342", "Isabel Lang": "Q48641749", "Alice Busch": "Q105626976", "Heddy Astrup": "Q17057415", "Kitty Spiegel LeRoy": "Q123558940", "Gala Barbisan": "Q15139267", "Pilar Juncosa": "Q48880570", "Silvia Pizitz": "Q66712625", "Emmy Gehrlein-Fuchs": "Q60841642", "Rakel Wihuri": "Q11889904", "Susan Morse Hilles": "Q76538883", "Leonor Mendes de Barros": "Q10317412", "Anna Sol\u00e0 Gal\u00ed": "Q112282554", "Irma Bezold Wilkinson": "Q112560744", "Gunvor G\u00f6ransson": "Q124341844", "\u00c1ngeles Rubio Arg\u00fcelles": "Q66741845", "Stefanie H. Weill": "Q124540729", "Irma Leisinger Engel Grabhorn": "Q78083051", "In\u00e9s Salcedo": "Q111515779", "Dorothy Elizabeth Mortlock": "Q24204997", "Ema Gordon Klabin": "Q10272207", "Irene Scouloudi": "Q64946751", "Angioletta Carnaghi Brusatori": "Q124069499", "Carola Peill": "Q103827144", "Suzanne Aron": "Q15973371", "Carmela Su\u00e1rez": "Q55714618", "Nela Rubinstein": "Q109398243", "Nel Edwards": "Q118389885", "Adelaide Close Riggs": "Q73304368", "Raye Freedman": "Q117101970", "Carmen Kreeger": "Q78082730", "Molly Atkinson": "Q107401894", "Margaret L. P. Burden": "Q105082717", "Amytis Barrett": "Q96252748", "Marguerite Maeght": "Q116732530", "Signhild Engkvist": "Q27997021", "Elizabeth Cecilia McNally": "Q112688150", "Adeline Richards Terra": "Q78158795", "Caroline H. Newhouse": "Q107183510", "Emine Tevfika Aya\u015fl\u0131": "Q106847184", "Ruth Schaffner": "Q110795592", "Eugenia Delarova": "Q112551923", "Evelyn Annenberg Jaffe Hall": "Q76000580", "Maria Teresa S\u00e0bat i Salinas": "Q47482549", "Corinne Alsop Chubb": "Q94402167", "Martita J\u00f6hr-Rohr": "Q94771871", "Sally Ganz": "Q75848611", "Marialice Patricia King": "Q116466261", "Mary Knowles": "Q56073212", "Virginia Elvira Trowbridge Sibley": "Q125713354", "Mae B. Boettcher": "Q123109667", "Silvia G\u00f6hner-Fricsay": "Q95004224", "Luise V. Hanson": "Q106577077", "Dorothy Spreckels Munn": "Q104173613", "Dorothea von Stetten": "Q1246347", "Alys Clark-Cattoir": "Q2840661", "Mar\u00eda de los Dolores Churruca Zubiria": "Q99658228", "Evelyn Stefansson Nef": "Q59628241", "Zoe Ann Hill": "Q113397203", "Lucile Salter": "Q20827859", "Ida Sch\u00e4fer": "Q55860702", "Ethel M. Barber": "Q105080897", "Helen Livingston Mynderse": "Q127161221", "Hannah Locke Carter": "Q106986028", "Dagmar Westberg": "Q1157333", "Gertrude Laughlin Chanler": "Q108897578", "Maria Giovanna Albertoni Pirelli": "Q3847284", "Suzanne Masson": "Q3506001", "Rosario Feij\u00f3o Novillo": "Q111522165", "Eileen Gillespie Slocum": "Q76342109", "Nancy Fairfax": "Q65115506", "Dora Donner Ide": "Q73571092", "Louise Cochrane": "Q117841736", "Liliane de Rothschild": "Q15060041", "Juanita K. Hammons": "Q106661344", "Frances Webb": "Q96082158", "Maria Magdalena Bonamich Font": "Q87071495", "Martha Howard Symington": "Q70213908", "Regina Est\u00e9vez de Toral": "Q111535906", "Lindy Bergman": "Q112371389", "Maria Lu\u00edsa Americano": "Q10325989", "Helen Cummings Vanderbilt": "Q108913290", "Nancy Hamon": "Q18674603", "Eunice Bryn Williams": "Q56186927", "Millicent Bell": "Q55946814", "Constance Crowley Bowles Hart Peabody": "Q124426395", "Elespie Prior": "Q94486548", "Lilian Ida Smith": "Q103839082", "Adela Hernandez Gonzmart": "Q116671753", "Susanne Everth-Schulz": "Q104504168", "Mar\u00eda Carmen Forcada Gonz\u00e1lez": "Q99441938", "Leopoldina \u0160imonov\u00e1": "Q129262632", "Fina Gomez": "Q20109590", "Marguerite Purnell": "Q47009893", "Mary Sayles Booker Braga": "Q75611441", "Suzanne Fleisher Roberts": "Q110062694", "Josephine Lee Murray": "Q75631686", "Alice Schoenfeld": "Q87204816", "Ruth Berle": "Q116226111", "Walli Paula Luise Condesa de Luxburg": "Q16647669", "Lady Mary Pratt": "Q75534096", "Aisha Sonbul": "Q86520254", "Pierrette Gaudreault": "Q104806758", "Helen Copley": "Q107208732", "Phebe Givens": "Q105247021", "Margarete Ammon": "Q115310793", "Phyllis Somers": "Q105135012", "Althea Stroum": "Q98549554", "Pierrette Gargallo": "Q120636918", "Marjorie L. Hafen": "Q114878756", "Genevi\u00e8ve McMillan": "Q107554464", "Ursula Carls": "Q2501555", "Gretchen Swanson": "Q106863357", "Tatiana P\u00e9rez de Guzm\u00e1n el Bueno": "Q56377661", "Barbara Fleischman": "Q73901618", "Beverly Feldman": "Q100707610", "Leslie Ridley-Tree": "Q124791183", "Alice Newhouse": "Q107208735", "Lore Jackst\u00e4dt": "Q6485580", "Ruth Heuberger": "Q100584636", "Henryane de Chaponay": "Q72102771", "Vera Oeri-Hoffmann": "Q22408625", "Sally Pillsbury": "Q117142556", "Chizu Yoshida": "Q30922903", "Lucille Murchison": "Q105475802", "Jackie Spencer": "Q107366075", "Ellen Gottlieb-Schramm": "Q113458040", "Judith Stern Riklis": "Q128693914", "Alice Bliss": "Q94535168", "Ellen Bassermann": "Q94776258", "Mar\u00eda Portilla Crespo": "Q106809692", "Joyce Mack": "Q106991423", "Pilar Belzunce de Carlos": "Q114825268", "Marion C. Cleveland": "Q75577545", "Diana Ramsay": "Q60447864", "Isabel Bader": "Q94355513", "Lupe Diaz Compian": "Q113040914", "J\u00f4 Clemente": "Q119147180", "Marianne Defet": "Q40740121", "Sandra Helen Payson": "Q76306730", "Mar\u00eda Altagracia P\u00e9rez Pintado": "Q63119877", "Lita Heller": "Q116229233", "Alexandra von Wrede": "Q113331846", "Mary Margaret Anderson": "Q80746804", "Anna Bulgari": "Q107466716", "Joan Sunderland Scribner": "Q80283577", "Irene Ludwig": "Q1672539", "Nancy Glanville Jewell": "Q106866015", "Ruth Cornelsen": "Q110952936", "Graziella Lonardi Buontempo": "Q3776078", "Suzanne Lipinska": "Q117771631", "Christiana von Sch\u00f6nborn-Buchheim": "Q12171629", "Alice Thorm\u00e4hlen": "Q97388801", "Lady Caroline Thynne": "Q75267221", "Liliane Stewart": "Q3240846", "Emily Spiegel": "Q121408469", "Patricia McDonald": "Q105650480", "Eva Besen": "Q108100562", "Antoinette Hatfield": "Q113558296", "Helen Handbury": "Q76061867", "Sarah Laschinger Greene": "Q108665163", "Helena Camb\u00f3 i Mallol": "Q11925350", "Sonja Nissenbaum": "Q57244940", "Carmen S\u00e1nchez Garc\u00eda": "Q114825267", "Carol Baldwin": "Q96242653", "Dorothy Lam": "Q107449980", "Chen Chou": "Q47688726", "Gilda Buchbinder": "Q111598294", "Helen Woskob": "Q118366400", "Halyna Voskobiynyk": "Q12090735", "Patricia Horsley": "Q111823457", "Helen Drutt": "Q97496449", "Theiline Pigott Scheumann": "Q124610795", "Oosje Silbermann": "Q99491433", "Carole Kaye": "Q95883846", "Artemis Nazarian": "Q95884404", "Marilyn Beaudry-Corbett": "Q107387534", "Martine Levy": "Q24940208", "H\u00e9l\u00e8ne David-Weill": "Q28494884", "Roberta Buffett Elliott": "Q102197117", "Zofia \u017belazny": "Q87486318", "Marion Anderson": "Q105666609", "Pauline Murillo": "Q125919087", "Gillian Swire": "Q75791162", "Lady Anne Heseltine": "Q75970936", "Eliane David-Weill": "Q67083377", "Lorlee Tenenbaum": "Q124480763", "Anne Kantor": "Q76040517", "Marilyn S. Redd": "Q106315136", "Marianne von Brandstetter": "Q3291355", "Mathilda Nostitzov\u00e1": "Q21285917", "Lise Lauritzen Loft": "Q12324640", "Judy Love": "Q64520830", "Jane Krumrine": "Q95886718", "Carol Swanson Price": "Q106864625", "Oluwatoyin Olakunrin": "Q107160347", "Lady Miranda Maxwell Fyfe": "Q75599824", "Marija Janc": "Q113867218", "Susanne Klejman": "Q38346462", "Frances Young Tang": "Q63115314", "Helen Lee Henderson": "Q113489465", "Janet Calvert-Jones": "Q76040516", "Aino Ternstedt Oni-Okpaku": "Q104029100", "Merry Norris": "Q88401935", "Kristina Colloredo-Mansfeld": "Q47458381", "Anne Edwards": "Q100146293", "Aline Foriel-Destezet": "Q110427985", "Nina von Maltzahn": "Q66014173", "Elina Gianoli": "Q112186330", "Terry Lee Wells": "Q106929900", "Barbro Sal\u00e9n": "Q108314882", "Barbara von Metzler": "Q20089973", "Kayoko Hosokawa": "Q11605840", "Sylvina Boissonnas": "Q15970847", "Jann Medlicott": "Q104591811", "Helena Ko\u010dvarov\u00e1": "Q113161910", "Jillian Ritblat, Lady Ritblat": "Q105539274", "Patricia Gibbons": "Q95884380", "Ricarda Niedergerke": "Q130007077", "Mariona Carulla i Font": "Q99573458", "In\u00e9s Lafuente": "Q20972096", "Christine Wallner": "Q109324531", "Birte Toepfer": "Q865889", "Allegra Caracciolo": "Q3612429", "Shirley Kinsey": "Q112550499", "Joanna Sturm": "Q6205976", "Gwendolyn A. Carmichael": "Q95888573", "Tatiana Mikhalkova": "Q4297950", "Li Chunping": "Q8995224", "Theresa Sackler": "Q55719229", "Costanza Afan de Rivera Costaguti": "Q99764597", "Penelope June Clive": "Q75792882", "Ulrike Drasdo": "Q125264726", "Lidija Pratnemer": "Q114024700", "Aisha Razem": "Q105222143", "Robin Greenspun": "Q107252559", "Leigh Mackay": "Q96695009", "Maja Oeri": "Q1424505", "Deborah Simon": "Q127387008", "Maria Chen-Tu": "Q78123262", "Yelena Oleynik": "Q4333504", "Maria Helena de Freitas": "Q20048072", "Nancy Davis": "Q117031642", "Cindy Simon Skjodt": "Q106088586", "Deborah Rappaport": "Q115296612", "Nel Galje": "Q107086266", "H\u00e9l\u00e8ne Vareille": "Q33103472", "Maria de Jesus Pereira Issungo": "Q103734582", "Nahed Ojjeh": "Q1963666", "Mam\u00e1 Tunza": "Q5990974", "Sophie Desmarais": "Q91212598", "Yelena Denisova": "Q18063613", "Cynthia Okereke": "Q113302859", "Sarah Perot": "Q21045744", "Esther Ajayi": "Q109969627", "Susie Scott Krabacher": "Q104519127", "Einat Reich": "Q55286446", "Shamsutdinova Luisa Alimchanovna": "Q118129472", "Elizabeth Mays": "Q21075004", "Karolina Johnsson": "Q65937344", "Maggie Arias-Petrel": "Q107257418", "Dominika Kolowrat-Krakowsk\u00e1": "Q27430335", "Susanne Pechel": "Q18413298", "Ay\u015fe T\u00fckr\u00fck\u00e7\u00fc": "Q118876433", "Anjali Tendulkar": "Q22327426", "\u041d\u0430\u0442\u0430\u043b\u0438\u044f \u041e\u043f\u0430\u043b\u0435\u0432\u0430": "Q100604475", "maria piotrovskaya": "Q108439984", "Liu Jing": "Q125429251", "Michaela Bakala": "Q12036655", "Shante Broadus": "Q117028640", "Alejandra de Cima Aldrete": "Q8194007", "Veronica Colondam": "Q111049915", "Sarah Hlousek": "Q112551483", "Olfa Terras": "Q43678467", "Jenni-Juulia Wallinheimo-Heimonen": "Q51211074", "Nata\u0161a Olimpiki": "Q104554482", "Yang Yu-xing": "Q8278747", "Annika Milisic-Stanley": "Q108527735", "Natalia Basina": "Q108456081", "Lenka Graf": "Q40357475", "Thi Be Nguyen": "Q44479677", "Lucy Ana Walton": "Q42306784", "\u0421\u0442\u0430\u043d\u0456\u0441\u043b\u0430\u0432\u0435\u043d\u043a\u043e \u041b\u044e\u0434\u043c\u0438\u043b\u0430 \u0410\u043d\u0430\u0442\u043e\u043b\u0456\u0457\u0432\u043d\u0430": "Q104445293", "Emilia Kazandjian": "Q106728656", "Inbar Afek Nacht": "Q110422220", "Juliette Mbambu Mughole": "Q106914680", "Laura Spero": "Q101129854", "Benita Nzeribe": "Q113126550", "Eglantina Zingg": "Q3316580", "Oleksandra Koltsova": "Q12111834", "Nira Diana": "Q12500790", "Katie Cleary": "Q119520104", "Katarzyna Jordan-Kulczyk": "Q112683794", "Naana Donkor Arthur": "Q122809063", "Elena Jakubovi\u010d": "Q119796738", "Danielle Eyango": "Q117218373", "Sini Hursti": "Q106390535", "Lady Candida Balfour": "Q75342875", "Hanna Nicole": "Q58640988", "Zaria Mimano": "Q19667462", "Lizzy Gold Onuwa": "Q109400817", "Prophetess Rose Kelvin": "Q124615912", "Anastasiya Lvova": "Q118945575", "Pelin \u00c7al\u0131\u015fkano\u011flu": "Q25466298", "Luana G\u00e9not": "Q90899464", "Fatoumata Batouly Niane": "Q121296016", "Natalie Cargill": "Q126278106", "Valeriia Guzema": "Q109675455", "Lana LeStrange": "Q66473951", "Kate Alexeeva": "Q114928269", "Queen Mercy Atang": "Q108353211", "Michaela Ho\u0161kov\u00e1": "Q113541164", "Nanny Geyer": "Q125226210", "Homayra Sellier": "Q1625850", "Elanie Kohama": "Q116041963", "America Tang": "Q4742792", "Saeedeh Ghods": "Q5779345", "Roshanak No'doost": "Q5934068", "Nancy Chu": "Q10330237", "Eleanor Haley Schwartz": "Q18507659", "Virginia Ullman": "Q18718741", "Anne Middleton": "Q18917237", "Meynau Pieters Fopsdr.": "Q20031868", "Anna Berini": "Q20972112", "Adrianne Haslet-Davis": "Q23728757", "Chen Lien-yen": "Q24833577", "Margaret McDermott": "Q27954361", "Jill Bikoff": "Q28860556", "Hertha Katz": "Q29576303", "Ashraf Bahadurzadeh": "Q31067121", "Genevieve Shaker": "Q33326426", "Beatrice F. Thurston": "Q33696027", "Elenh Theotoki-Paraskevopoulou": "Q46826657", "April Malmsteen": "Q56649880", "Eleanor Lilywhite Hellaby": "Q57303507", "Jeanne Marchig": "Q59417600", "Lillie Cranz Cullen": "Q59566993", "Adelheid of Tyrol": "Q62066891", "Teresa Russanowska": "Q62626187", "Joan Harris": "Q63117169", "Nancy Packard Burnett": "Q64036799", "Ottilie Moore": "Q65088315", "Winifred Violet Scott": "Q65197075", "Marie Maignard": "Q66619443", "Evelyn Tuanui": "Q66789555", "Jeanne Tachard": "Q68052835", "Larissa Lowthorp": "Q71982399", "Constance Barber Mellon": "Q75788848", "Betty Beyster": "Q77969558", "Inna Popereshniuk": "Q78189894", "Elisabeth Borluut": "Q79409093", "Diana King": "Q84391865", "Trudy Jacobson": "Q87648199", "Ruth Lancaster James": "Q88113003", "Halina Tokarzewska": "Q89039611", "Gowri Kamakshi": "Q90130526", "Katharina von Lobkowitz": "Q94733005", "Emmy Rotth": "Q94735041", "Mildred Othmer": "Q94998289", "Emily Harriet Duthy Dalzell": "Q96041036", "Alice Zoloto-Kosmin": "Q96097875", "Kay Van Norton Poche": "Q96120863", "Ruth Lapham": "Q96213830", "Mabel Beckman": "Q96405135", "Edna Yadven Kamlet": "Q96760553", "Virginia Flemming": "Q98140100", "Charis Schwarz": "Q98170161", "Katherine Duff": "Q98299979", "Charlotte Learmonth": "Q98299983", "Berta Frankl-Scheiber": "Q98364688", "Isabel Leon Borrero": "Q99605291", "Rupertia Hill": "Q99734099", "Lucy Gaylord Pomeroy": "Q99734891", "Madame de Goussault": "Q99759437", "Katarina Backhamre": "Q100148245", "Felicity Owen": "Q101111742", "Julie Kantor": "Q102047995", "Greta Moran": "Q102048075", "Nicola Forrest": "Q102048106", "Pamela Galli": "Q102048194", "Gillian Deane": "Q103820115", "Alison Wyckoff Milliman": "Q104241056", "Jillian Jardine": "Q104591835", "Maysel Penfold Samson": "Q104882888", "Janet Osborn Limb": "Q104894818", "Anna Buduls": "Q104895234", "Ulrike Klein": "Q104895237", "Roberta Anne Brazil": "Q104896819", "Joan Clemenger": "Q104989404", "Sally Horsfall\u00a0Eaton": "Q105069908", "Brenda Shanahan": "Q105100735", "Samantha Doreen Meers": "Q105172467", "Paula Grace Fox": "Q105352408", "Deedie Potter Rose": "Q105453689", "Ann Cipriano Rees": "Q105817398", "Elena Morozova": "Q105940790", "Constance FitzGilbert": "Q106241223", "Barbara R. Metzler": "Q106328396", "Janice Haupt Allen": "Q106414525", "Patricia Schott": "Q106466776", "Marie \u010cerm\u00e1kov\u00e1": "Q106784696", "Mary Wettling McGaw": "Q106814191", "Susan Sobrato": "Q106840473", "Nicippe daughter of Paseas": "Q106887312", "Moojan Asghari": "Q107020998", "Jane Graham-Gilbert": "Q107117705", "Oyeyimika Adeboye": "Q107159551", "Suzi Carp": "Q107240598", "Mosun Layode": "Q107258416", "Jennifer Sykes Harris": "Q107310122", "Pratima Doshi": "Q107580043", "Rae Poole": "Q107642498", "Agnes Bourne": "Q107643931", "Val\u00e9rie Schlumberger": "Q107863957", "Barbara Frances Walker": "Q108056578", "Denise Hale": "Q108293871", "Julia Daniels": "Q108477503", "Elisabeth Wartenauer": "Q108509878", "Elvie Quigley": "Q109420948", "Lamia Majed al Saud": "Q109686869", "Izabela Pi\u0142sudzka": "Q109717784", "Diana Vuolo": "Q110044563", "Mara Polli Natoli": "Q110070297", "Clarissa Naa Dedei Botchwey": "Q110181988", "Margaret Riney": "Q110287868", "Mar\u00eda Francisca D\u00e1vila Carrillo de Albornoz": "Q110321407", "Mar\u00eda Francisca de Sales Portocarrero y Z\u00fa\u00f1iga": "Q110321408", "Daphn\u00e9 Recanati-Kaplan": "Q110359826", "Flavia Gale": "Q110411493", "Marta Drury": "Q110940751", "Rita Thapa": "Q110940783", "Maria de Lima das Merc\u00eas": "Q110971588", "Vicki Sorg": "Q111271462", "Francisca Ar\u00edzaga Toral": "Q111525614", "Florencia Astudillo": "Q111525869", "Josephine Crespo Heredia": "Q111584969", "Kezia Asiedua Sanie": "Q111729620", "Elisa Mu\u00f1oz Rodr\u00edguez": "Q111833433", "Ann Doerr": "Q111836277", "Marina Martinou": "Q111965899", "Christine Fernyhough": "Q112058482", "Elizabeth Bates Cowles": "Q112116796", "Lyndy Sainsbury": "Q112200262", "Janet Vackar": "Q112257904", "Sandra Bardas": "Q112273863", "Liz Simons": "Q112571432", "Neda Nobari": "Q113019850", "Phyllis Simpkins": "Q113024582", "Sally Lucas": "Q113033548", "Dorothy Saxe": "Q113467443", "Julia Ellen Latchford Copleston": "Q113575874", "Nancy Abeles Marks": "Q114238499", "Nancy M. McNeil": "Q114239315", "Fleur Bresler": "Q114239349", "Sara S. Morgan": "Q114239380", "Barbara Waldman": "Q114239426", "Patricia Young": "Q114239445", "Harbeen Arora Rai": "Q114666204", "Barbara S. Isgur": "Q114712508", "Mrs John F. Moors": "Q114892977", "Stacy Cohen": "Q115024829", "Edith Blodgett": "Q115455165", "Alice Craven": "Q115485391", "Friedrike Merck": "Q115684896", "Anna Hallberg": "Q115766657", "Jill Blackford": "Q115958062", "Ouma Sekokole": "Q116213353", "Pallavi Patel": "Q116672016", "Suad Al-Husseini Juffali": "Q116761555", "Maha Juffali-Ghandour": "Q116761571", "Elaine Galinson": "Q116775703", "Katherine Brittain Bradley": "Q116867056", "Fadel al-Enezi": "Q116878314", "Deema Al Athel": "Q116895806", "Margaretha Cornelia Dedel": "Q116901112", "Maryam Begum": "Q116969165", "Margarida de Ll\u00faria": "Q116974959", "Pamela Shifman": "Q117140548", "Mar\u00eda de Esquivel y Arratia": "Q117155466", "Jacoba Aberasturi": "Q117156356", "Pascuala de Adurza y Doypa": "Q117156369", "Firouzeh Saber": "Q117227071", "Gunupati Anuradha": "Q117308008", "Ella Bach\u00e9 Brummer": "Q117357429", "Kathy Crow": "Q117474541", "Marcela Fern\u00e1ndez": "Q118104721", "Margaret Blyth": "Q118228451", "Charlotte Lockhart": "Q119071587", "Meherbai Tata": "Q119465931", "Dorothy Spotswood": "Q121295266", "Aline Jahn": "Q121775376", "Muriel Butkin": "Q122197797", "Bertha Duppler Baur": "Q122965187", "Monique Reymond": "Q123129236", "Aim\u00e9e Labarrere": "Q123421860", "Melike Hatun Sultan": "Q123554414", "Helen Adolph Cope": "Q123995669", "Maria Teresa Ferrario": "Q124069552", "Mercedes Castellanos": "Q124098314", "Lori Huang": "Q124213692", "Candice Abrahams": "Q124386691", "Dudu Khoza": "Q124659089", "Adhiambo Odaga": "Q125387690", "Tullah Hanley": "Q125503614", "Trish Duggan": "Q125798360", "Sharifa Umuhoza": "Q126194426", "Allyson Reneau": "Q126372545", "Olabisi Adekoya": "Q127700369", "Tayler Lonsdale": "Q129009480", "Dorothea Gursch": "Q130213563"}