{"Nada Razpet": "Q12797217", "Sylvie Joussaume": "Q21028340", "Hakima Mendil-Jakani": "Q30277407", "Mojca \u010cepi\u010d": "Q48089421", "Helena Jan\u017eekovi\u010d": "Q48090094", "Irena Mele": "Q48091032", "Sa\u0161a Prelov\u0161ek": "Q48091209", "Barbara Rov\u0161ek": "Q48091575", "Polona Umek": "Q48092373", "Alenka Vesel": "Q48092701", "\u0160pela Zemlji\u010d Jokhadar": "Q48093043", "Benigna Boza-Kiss": "Q59553405", "Zsuzsa Akos": "Q96125222", "Florentyna Scherres": "Q96060469", "Marie Hallwachs": "Q94743227", "Ana Trakolnikova": "Q123558240", "Edna Carter": "Q63758766", "Birgit Trolle": "Q62079687", "Amy Louise Daniels": "Q46996206", "Nadjeschda Galli": "Q95195390", "Amalie Pollack": "Q55859026", "Alice Frances Blood": "Q46996159", "Helene Souczek": "Q55890830", "Shirley Hyatt Willits": "Q57716284", "Olga Fabbri": "Q123904519", "Anna Reinach": "Q563060", "Anna Beckman": "Q19976141", "Marie B\u011bla\u0159": "Q51844318", "Elena Lempp": "Q51133380", "Marie Wreschner": "Q50886112", "Lotta Jean Bogert": "Q46996366", "Antonina Ptaszycka": "Q96059967", "Zinaida Grigorievna Weis-Xenofontova": "Q23655429", "Irena B\u00f3br-Modrakowa": "Q65175658", "Rita Brunetti": "Q3937213", "Evguenia Rubinstein": "Q109490136", "Gabriella Conti Armellini": "Q77248449", "Angelika Szekely de Doba": "Q101083942", "Nora Gro\u00df": "Q22582876", "Marie Anna Schirmann": "Q52084118", "Nella Mortara": "Q21548665", "Hilda Fonovits": "Q16319447", "Tatjana Fjodorovna Borovik-Romanova": "Q23655271", "Colette J\u00e9ramec": "Q55903708", "Radka Kalcheva": "Q102428585", "Hannah \u0160imkov\u00e1": "Q104632350", "Felisa Mart\u00edn Bravo": "Q20015764", "Mariya Bolshanina": "Q15064609", "Geraldine Walker Haupt": "Q124806618", "Marie Ader": "Q123693110", "Aleksandra Link": "Q12358791", "Ilsemarie Schaper": "Q94767634", "Lidia Ivanovna Dyomkina": "Q4172612", "Jarmila Petrov\u00e1": "Q95150865", "\u987e\u9759\u5fbd": "Q55708147", "\u041a\u0440\u044b\u043b\u043e\u0432\u0430-\u041b\u0443\u043a\u043e\u043c\u0441\u043a\u0430\u044f \u0422\u0430\u0442\u044c\u044f\u043d\u0430 \u041d\u0438\u043a\u043e\u043b\u0430\u0435\u0432\u043d\u0430": "Q21857032", "Paula In\u00e9s Villar": "Q62479261", "Jane Nachtman": "Q76873770", "Iris Torriani": "Q23907229", "Maria Grekhova": "Q4148693", "Carmen Rius Gelabert": "Q115471135", "Reveka Haimawna Burshtein": "Q48955513", "Felizitas Ortner": "Q106627429", "Marguerite Cordier": "Q56026006", "Lotte Kellner": "Q22669812", "Brigitte Gysae": "Q94775786", "Elizabeth Josephine Allin": "Q96146277", "Margarete Trillhaas": "Q94733670", "Margarete Willst\u00e4tter": "Q94861290", "Ad\u00e9la Kochanovsk\u00e1": "Q21822547", "Marta Chytilov\u00e1": "Q95211774", "Fatima Butayeva": "Q4100144", "Marie Coutts Clark": "Q38560279", "Magda Schwarz": "Q105047318", "V.I Iveronova": "Q19909209", "Olga Bazilevskaya": "Q19819592", "Bogus\u0142awa Je\u017cowska-Trzebiatowska": "Q9176005", "Evgenia Savelova": "Q63348313", "Marion Langhorne Howard Brickwedde": "Q114104177", "Madeleine Bogart": "Q106921388", "Dorothy Durfee Montgomery Johnson": "Q42721509", "Martha Andersch": "Q121345359", "Yolande Monteux": "Q28028890", "Apolonia Anna Wrzesi\u0144ska": "Q19272966", "Daria Bocciarelli": "Q77247600", "Ingeburg Schaacke": "Q30148026", "Ginestra Giovene": "Q27966386", "No\u00eblle de Leiris": "Q51954720", "Clara Gertrud Leonore Misch": "Q95191910", "\u0412\u0435\u0440\u0433\u0443\u043d\u0430\u0441, \u0424\u0435\u043b\u0438\u0446\u0438\u0430\u043d\u0430 \u0418\u0433\u043d\u0430\u0442\u044c\u0435\u0432\u043d\u0430": "Q60826239", "Jol\u00e1n Zempl\u00e9n": "Q26222236", "Chameli Bose": "Q129483783", "Tatiana Abramovna Kontorova": "Q16665573", "Jarmila Dolej\u0161\u00ed": "Q95164723", "Dora Leypunskaya": "Q90905429", "Gertrude Rempfer": "Q124615929", "Maria Heyden": "Q95191271", "Cheng-Shu Wang Chang": "Q16906046", "Elisabeth Philipp": "Q70187566", "Emma Unson Rotor": "Q123854449", "Klavdija Vasil\u2018jevna \u0160alimova": "Q51668689", "Natalya Vvedenskaya": "Q22918536", "Antonia Rold\u00e1n Fern\u00e1ndez": "Q116529875", "Marianna Shaskolskaya": "Q4520785", "\u0421\u0430\u043d\u0434\u0443\u043b \u0413\u0430\u043d\u043d\u0430": "Q12150530", "Inna Solomonovna Berzon": "Q20020961", "Jarmila \u010ce\u0159ovsk\u00e1": "Q95393032", "Wanda Hanusowa": "Q9370782", "Guro Gjellestad": "Q28718320", "Ruska Dragneva": "Q33611296", "Johanna Lauda": "Q101079839", "Bodil Tornehave": "Q62079729", "Traude Bernert": "Q55887051", "Margareta Giurgea": "Q12734874", "Margarete Ehrlich": "Q101094360", "Henriette Faraggi": "Q88553700", "Milka Mini\u0107": "Q12755401", "Mira Juric": "Q25462760", "Augusta Manfredini": "Q124533414", "Paulette Legrand": "Q55135857", "Nina Alexandrovna Goryunova": "Q65200319", "\u6d2a\u6676": "Q99630395", "Ruth B. Simon": "Q102252254", "Ir\u00e9n De\u00e9zsi": "Q23931657", "Vanna Tongiorgi Cocconi": "Q107062323", "Hong Jing": "Q67190137", "Sibylle von Schieszl": "Q20752305", "Hildegard M\u00fcnz": "Q95192734", "Dina Semenovna Kamenetskaya": "Q16657626", "Elena Shukhova": "Q4528124", "Johanna Pohl-R\u00fcling": "Q101064795", "Hermine Gheri": "Q101064600", "Nezihe Kurtiz": "Q119818986", "Anna Eschner": "Q101094409", "Etel Kem\u00e9ny": "Q101105840", "Tea Tsetskhladze": "Q16369946", "Patricia D. Walsh": "Q121218005", "Cecylia Weso\u0142owska": "Q48841964", "Paraskeva Simova": "Q37800429", "Hildegard Stoehr": "Q102893252", "\u0116. K. Kraulini\ufe20a\ufe21": "Q61729039", "\u0411\u0440\u0430\u043d\u0430 \u041f\u0435\u0440\u043e\u0432\u0438\u045b": "Q19860807", "Feng Zhiliu": "Q67175823", "Viera Obetkov\u00e1": "Q95168414", "Yu Meiwen": "Q87441166", "Nanny Fr\u00f6man": "Q75096463", "A\u00edda Hass\u00f3n-Voloch": "Q55825799", "Zuzana \u0160imkovicov\u00e1": "Q12780877", "Carmen Lys Ribeiro Braga": "Q9697474", "Larisa Nikolaevna Belova": "Q66601305", "Maja Isaakovna Rodak": "Q112553254", "Beatriz Alvarenga": "Q27862797", "Zsuzsa Szab\u00f3-Sel\u00e9nyi": "Q6963892", "Hortense Berthet": "Q20109525", "Johanna Vahl": "Q104824217", "Danuta Kunisz": "Q28672197", "Christine Klose": "Q94758278", "Anna Szaynok": "Q112525185", "Irene Hauser": "Q115715155", "Edith Sabshin": "Q121336868", "Barbara Lotze": "Q102254602", "Yevgeny Turov": "Q18122872", "Constance Charlotte Dilworth": "Q9855106", "Stamatia Mavrid\u00e8s": "Q123403159", "Mar\u00eda Luisa Canut Ruiz": "Q16184431", "Tatjana Evgenevna Gnedina": "Q4140629", "Ludmila Eckertov\u00e1": "Q21534312", "Suha G\u00fcrsey": "Q20471210", "Barbara Wojtowicz-Natanson": "Q9165660", "Janina Kuczera": "Q114290244", "Anny Frantz-Schlemko": "Q101086757", "Jeanne Laberrigue-Frolow": "Q93443755", "Nade\u017eda Vladimirovna Kondorskaja": "Q84721920", "Kseniya Lukirskaya": "Q19619009", "V\u011bra Spurn\u00e1-Ko\u0161ov\u00e1": "Q76516000", "Danuta Jab\u0142o\u0144ska-Fr\u0105ckowiak": "Q11692860", "Valentina Volkova": "Q51621229", "Aleksandra Soko\u0142owska": "Q23071871", "Olga H\u00e1lov\u00e1": "Q112393994", "V. M. Radak": "Q114872021", "Irena Seidlerov\u00e1": "Q95151130", "Mercedes Corval\u00e1n": "Q112946068", "Liucija Sereikait\u0117-Juozonien\u0117": "Q16459256", "Ruth Lias": "Q12374350", "Neusa Amato": "Q28028895", "Brigitte Eckstein": "Q916227", "Aurelia Bonet Hortelano": "Q28735508", "Gertrud Keck": "Q51880214", "E. L. Ruskol": "Q56308361", "Ingrid Olsson": "Q16946386", "Erika Rivka Bauminger": "Q60337705", "\u0428\u0438\u043c\u0430\u043d\u0441\u044c\u043a\u0430 \u041e\u043b\u0435\u043d\u0430 \u0422\u0440\u043e\u0445\u0438\u043c\u0456\u0432\u043d\u0430": "Q56246283", "Zinaida Matysina": "Q105410614", "Barbara Gwiazdowska": "Q7944927", "Ewa St\u0119pkowska": "Q112763985", "Barbara Czochralska": "Q97372452", "Margaret Kennedy": "Q122194565", "\u10dc\u10d8\u10dc\u10dd \u10e0\u10dd\u10d8\u10dc\u10d8\u10e8\u10d5\u10d8\u10da\u10d8": "Q65041260", "Janina Buczy\u0144ska": "Q89266931", "Antonietta Gallone Galassi": "Q111152816", "Zofia Kosturkiewicz": "Q109396801", "Lyudmila A. Prozorova": "Q23954963", "Maria Angelica Rodr\u00edguez de Benyacar": "Q110073940", "Devana Lavren\u010di\u010d": "Q47980395", "Elizabeth R. Simons": "Q112539371", "Nataliia Vlasenko": "Q45318904", "Susana Lehrer de Souza Barros": "Q28358061", "Maria Bukowska-Strzy\u017cewska": "Q18103593", "Gerta Kandaurova": "Q78629679", "Larisa Bogdankevich": "Q28496538", "Gabi K\u00f6pp": "Q50190264", "\u0420\u0430\u0438\u0441\u0430 \u0424\u0451\u0434\u043e\u0440\u043e\u0432\u043d\u0430 \u041a\u043e\u043d\u043e\u043f\u043b\u0451\u0432\u0430": "Q43424274", "Ewa Wanda Cybulska": "Q62022761", "Sofya Barsukova": "Q62713957", "Ewa Skrzypczak": "Q9256846", "Nelli Aleksandrovna Jesepkina": "Q112522446", "Agda Artna-Cohen": "Q60694151", "Brigitta Pinkusowna Kowarskaja": "Q19618266", "Giuliana Cini": "Q3769323", "Elsbeth Mendel": "Q125021792", "\u0425\u043e\u043b\u043e\u0434\u0430\u0440 \u0413\u0430\u043b\u0438\u043d\u0430 \u0410\u043d\u0442\u043e\u043d\u0456\u0432\u043d\u0430": "Q65032070", "Aleksandra Kuzmicheva": "Q12528313", "Eva Sch\u00fcrerov\u00e1": "Q91333430", "Madeleine Le Roy Ladurie": "Q53241667", "Smilja Koneska": "Q55202772", "Alexandra Prinzessin zu Hohenlohe-\u00d6hringen": "Q75393070", "Ines Ebert": "Q113811217", "Tomoko Ohnishi": "Q113461292", "Jitka Kub\u00e1tov\u00e1": "Q112347623", "Janet Ramage": "Q112379146", "Yoko Tokugawa": "Q11490299", "Emanuela Jane\u010dkov\u00e1": "Q95151963", "\u0424\u0443\u0433\u043e\u043b\u044c \u0418\u0440\u0438\u043d\u0430 \u042f\u043a\u043e\u0432\u043b\u0435\u0432\u043d\u0430": "Q64411309", "Am\u00e9lia Hamburger": "Q16489686", "Judit N\u00e9meth": "Q1220731", "Galja Vsevolodovna Ostrovskaja": "Q42295891", "Maria Stopa-Boryczka": "Q108743636", "El\u017cbieta Idczak": "Q51830213", "\u041f\u0435\u043a\u0430 \u0413\u0435\u043d\u0440\u0456\u0435\u0442\u0442\u0430 \u041f\u0430\u0432\u043b\u0456\u0432\u043d\u0430": "Q65200110", "Zofia Bia\u0142ynicka-Birula": "Q104977974", "I. Zschokke": "Q58822146", "Maria Marinaro": "Q95464975", "Lidia St\u0103niloae": "Q12732176", "Catalina A. Rotunno": "Q114766658", "Eva Havr\u00e1nkov\u00e1": "Q95367843", "Egl\u0117 Dalia Makari\u016bnien\u0117": "Q12653852", "Lieselotte Moenke-Blankenburg": "Q112512844", "Maria Wa\u017cewska-Czy\u017cewska": "Q125080544", "Tae Ry\u016b": "Q30926881", "\u0411\u043e\u0440\u0438\u0441\u043e\u0432\u0430 \u0410\u043b\u043b\u0430 \u041b\u0443\u043a\u0456\u0432\u043d\u0430": "Q126018884", "Danica Burg-Han\u017eel": "Q98398348", "Gy\u00f6rgyi Ront\u00f3": "Q89278633", "\u041a\u043e\u043d, \u041b\u0438\u044f \u0417\u0438\u0441\u0435\u0432\u043d\u0430": "Q42318363", "Hiie Hinrikus": "Q16405895", "Regina Drabent": "Q53235142", "Eugenia Maresch": "Q86920587", "Brigitte Buschbeck": "Q101094298", "Barbara Olechnowicz-Bobrowska": "Q112668952", "\u9b4f\u5b9d\u6587": "Q8465094", "Ilona Fodor": "Q126453288", "Rodica M\u0103n\u0103il\u0103": "Q12739484", "Evelina Domashevskaya": "Q19907893", "Tahir\u0259 K\u0259rimova": "Q55197906", "Z\u0259rif\u0259 \u018fliyarova": "Q31305351", "Dochi Ekserova": "Q12279060", "Magda Olivetti": "Q3843093", "Maryvonne Martin": "Q119627407", "Kai Murdmaa": "Q124461074", "Thamara Kinsk\u00e1": "Q63326880", "Jadwiga Stankowska": "Q28922076", "Maria Itala Ferrero": "Q104052550", "Nicole Hulin": "Q55619842", "Janina Marciak-Koz\u0142owska": "Q95202371", "Halina Lorenc": "Q98120898", "Bo\u017cena Hilczer": "Q112490283", "Christa Markovits": "Q112500860", "Ewa Dobierzewska-Mozrzymas": "Q55391763", "Carla Guidotti": "Q123950284", "Karin Herrmann": "Q52193278", "\u0424\u0440\u0430\u043d\u043a, \u0410\u043d\u043d\u0430 \u0413\u043b\u0435\u0431\u043e\u0432\u043d\u0430": "Q42295902", "Waltraud Vonach": "Q101107592", "Mar\u00eda Esther Ortiz Salazar": "Q105592400", "Valentina Schumann": "Q19915446", "Svitlana Kochubey": "Q65199344", "Penelope Anne Rowlatt": "Q89288715", "Simone Badier": "Q3484527", "Concei\u00e7\u00e3o Ribeiro da Silva Machado": "Q98381133", "Lydie Roskovcov\u00e1": "Q18746147", "Helena \u0160ebkov\u00e1": "Q95456249", "Maria St\u0119\u015blicka": "Q47135726", "Marguerite Denariez-Roberge": "Q99459348", "\u0411\u0435\u0440\u0447\u0430 \u0414\u0430\u0440\u0456\u044f \u041c\u0438\u0445\u0430\u0439\u043b\u0456\u0432\u043d\u0430": "Q28703263", "Alita Danagulyan": "Q87411303", "Alejandra J\u00e1idar": "Q94016612", "Chupis Irina": "Q65199571", "Jana \u0160lotov\u00e1": "Q92059641", "Ille Palm": "Q12364379", "\u041b\u0443\u043a'\u044f\u043d\u0447\u0438\u043a\u043e\u0432\u0430 \u041d\u0430\u0442\u0430\u043b\u0456\u044f \u0411\u043e\u0440\u0438\u0441\u0456\u0432\u043d\u0430": "Q65032075", "\u0426\u044b\u043c\u0431\u0430\u043b \u041b\u044e\u0434\u043c\u0438\u043b\u0430 \u0422\u0440\u043e\u0444\u0438\u043c\u043e\u0432\u043d\u0430": "Q47489381", "Masako Bando": "Q21701438", "Maria Dutkiewicz": "Q21290657", "Fran\u00e7oise Rouqu\u00e9rol": "Q93433491", "Gisela Dreschhoff": "Q108484518", "Anne Grete Frodesen": "Q117026748", "Barbara Schenk": "Q105812722", "Angela Newing": "Q29643337", "Mirjana Jonoska": "Q55187066", "Janina Legendziewicz": "Q112763092", "Ella Kaganovich": "Q24229543", "Mouny Estrade-Szwarckopf": "Q20670047", "Danka Slav\u00ednsk\u00e1": "Q64001636", "Irina Shabanova": "Q12170932", "Iryna Spirydonova": "Q4431283", "\u0411\u044d\u043b\u0430 \u0492\u0430\u0431\u0434\u04b1\u043b\u0493\u0430\u043b\u0438\u049b\u044b\u0437\u044b, \u0410\u0445\u043c\u0435\u0442\u043e\u0432\u0430": "Q16437682", "Du\u0161anka \u0110oki\u0107": "Q4509591", "Mira Ofran": "Q6978315", "Maija Ahtee": "Q11880542", "Seta Oblak": "Q66133332", "Aleksandra Kroh": "Q90004328", "Hannelore Eggstain": "Q94735635", "Aki E. Benemann": "Q95197179", "Antonina Starita": "Q108929353", "Ludmila Kubelkov\u00e1": "Q112351530", "Nevenka Pi\u0161\u00fatov\u00e1": "Q112410971", "Danuta \u015aledziewska-B\u0142ocka": "Q115127872", "Alla Beliaieva": "Q109563642", "Greta Pifat-Mrzljak": "Q110089577", "Silvia Pulmannov\u00e1": "Q102343999", "Gudrun Alm Carlsson": "Q20901695", "\u0428\u043c\u0435\u043b\u0451\u0432\u0430, \u041e\u043b\u044c\u0433\u0430 \u041f\u0430\u0432\u043b\u043e\u0432\u043d\u0430": "Q42295897", "\u041a\u043e\u0440\u0441\u0443\u043d\u0441\u044c\u043a\u0430 \u041d\u0430\u0434\u0456\u044f \u041e\u0432\u0441\u0456\u0457\u0432\u043d\u0430": "Q65200029", "Blanka Wichterlov\u00e1": "Q80985582", "Renata Emilija Bareikien\u0117": "Q9306331", "Wei Yu": "Q8246773", "Yoshie Matsuo": "Q24868629", "Antonella Prat Bastai": "Q123175577", "Pardavi-Horv\u00e1th M\u00e1rta": "Q123686083", "Estrella Abecassis de Laredo": "Q28880415", "Jaroslava Kalvov\u00e1": "Q95099938", "Eva Tokarikov\u00e1": "Q26236986", "\u00c9va Farkas": "Q111232657", "Marjeta \u0160entjurc": "Q48092088", "Jaroslava Hillov\u00e1": "Q110678128", "Teresa Mendizabal": "Q12267903", "Lyudmila Volkova": "Q42295861", "\u0414\u0443\u0431\u043d\u0438\u0449\u0435\u0432\u0430, \u0422\u0430\u0442\u044c\u044f\u043d\u0430 \u042f\u043a\u043e\u0432\u043b\u0435\u0432\u043d\u0430": "Q65146757", "Tatiana Borodovitsyna": "Q109491462", "Ivana Neme\u0161ov\u00e1": "Q95168733", "\u041a\u043e\u043d\u043e\u043f\u043b\u0451\u0432\u0430, \u041d\u0435\u043b\u043b\u0438 \u041f\u0430\u0432\u043b\u043e\u0432\u043d\u0430": "Q60833379", "Olga Georgijewna Rjaschskaja": "Q29359460", "Anne-Marie Desbat": "Q26884477", "Eleonora \u010cerm\u00e1kov\u00e1": "Q95373030", "Christiane Quesne": "Q64679032", "Milada Kope\u010dn\u00e1": "Q95142686", "Milena Menzlov\u00e1": "Q95092360", "Thereza Borello-Lewin": "Q127787794", "Zofia J\u00f3\u017awiak": "Q111522289", "Anna Gabrielyan": "Q27299950", "Inna Aznauryan": "Q20511076", "Elena Bre\u017en\u00e1": "Q112380897", "Ellen J. Wachtel": "Q119796115", "Jan Pila\u0159": "Q58594828", "Zuzanka Trojanov\u00e1": "Q88677035", "Ljudmila Michaylovna Kapoetkina": "Q24939380", "Laurence Viennot": "Q3218953", "Silva Abrahamyan": "Q66363221", "Stella Sergeevna Amineva": "Q43426293", "\u0417\u044f\u0431\u043b\u0438\u043a\u043e\u0432\u0430, \u0422\u0430\u0442\u044c\u044f\u043d\u0430 \u0410\u043b\u0435\u043a\u0441\u0430\u043d\u0434\u0440\u043e\u0432\u043d\u0430": "Q38365496", "Jadvyga Zofija Jasevi\u010di\u016bt\u0117": "Q12657062", "Mich\u00e8le Leduc": "Q16266755", "Ruth de Souza Schneider": "Q62017067", "Sv\u011btla Vackov\u00e1": "Q95166509", "Sv\u011btla Kub\u00e1lkov\u00e1": "Q95363670", "Danuta Kisielewska": "Q73916132", "Beate Naroska": "Q22669820", "Luce Gauthier": "Q107097681", "Mizuho Ishida": "Q107800344", "J\u00f3zefina Tur\u0142o": "Q115210566", "Wang Yu": "Q16603524", "Erdmute Sommerfeld": "Q61867322", "Yeter G\u00f6ksu": "Q100915126", "Barbara Blicharska": "Q111296726", "Sirje Keevallik": "Q16408229", "Irina D\u00eemnikova": "Q31180091", "Antonina Wasilewska": "Q91926441", "Ildik\u00f3 M\u00f3csy": "Q1213165", "Vida Garalien\u0117": "Q12677010", "Teresa de Pedro": "Q73032294", "Jitka Br\u016fnov\u00e1": "Q112384924", "Catherine Wykes": "Q112415392", "Alena Klemp\u00ed\u0159ov\u00e1": "Q112483412", "Magdal\u00e9na T\u00f3thov\u00e1": "Q12770719", "\u04d8\u0448\u0456\u043c\u0431\u0430\u0435\u0432\u0430 \u0411\u0430\u0493\u0438\u043b\u0430 \u04e8\u043c\u0456\u0440\u0431\u0430\u0439\u049b\u044b\u0437\u044b": "Q12579295", "Ewa Ma\u0144kiewicz-Cudny": "Q116435703", "Graciela Punte": "Q111166660", "Jitka Petr\u017eelov\u00e1": "Q95168889", "Lidia Latanowicz": "Q55389765", "Larisa Jakovlevna \u0160ev\u010denko": "Q112560705", "Irinel Caprini": "Q61824919", "Aleksandra Kocha\u0144ska-Dziurowicz": "Q111336586", "Norma Manko\u010d-Bor\u0161tnik": "Q48090874", "Eva Hradilov\u00e1": "Q95444746", "Astrid Gr\u00e4slund": "Q4951154", "Birgit D\u00f6rschel": "Q104815265", "Christl Palme": "Q28805427", "Heide Narnhofer": "Q62534981", "Danuta Kie\u0142czewska": "Q23071716", "Krystyna Ho\u0142derna-Natkaniec": "Q21498095", "Maria D\u0105browska-Szata": "Q110613341", "Ma\u0142gorzata Komorowska": "Q111294891", "Marie Vojt\u00ed\u0161kov\u00e1": "Q112380342", "V\u011bra Zbiejczukov\u00e1": "Q112418332", "Anna Pazdur": "Q57587444", "Barbara J. Becker": "Q112521851", "Maria Allegrini": "Q114890064", "Miriam Niburg": "Q122750209", "Galina Posmetuhhova": "Q12362835", "Claire Dupas": "Q56025045", "Tetiana Krushelnytska": "Q20067897", "\u0421\u0443\u0445\u043e\u0432\u0456\u044f \u041c\u0430\u0440\u0456\u044f \u0406\u043b\u043b\u0456\u0432\u043d\u0430": "Q12158937", "V\u011bra Hrachov\u00e1": "Q58916105", "M\u00e1rta Feny\u0151": "Q999869", "Nora Pileck\u00e1": "Q95138589", "Eva Pacovsk\u00e1": "Q95163426", "Isabelle Roussel": "Q113658979", "Maria Krawczyk": "Q97285320", "Ivana Haslingerov\u00e1": "Q95177445", "Maria Durisova": "Q108220002", "Maria Iovu": "Q50828817", "Irina Arefyeva": "Q41633222", "Gwo-Ching Wang": "Q93138215", "Ayako Michiwaki": "Q11641797", "\u041b\u044e\u0434\u043c\u0438\u043b\u0430 \u0410\u043b\u0435\u043a\u0441\u0435\u0435\u0432\u043d\u0430 \u0410\u043b\u0435\u043a\u0441\u0435\u0435\u0432\u0430": "Q16436106", "O\u013ega Hol\u00e1": "Q112428868", "Susan Young": "Q112520158", "Zofia Kolek": "Q115942335", "Azam Niroomand-Rad": "Q6557419", "Tuula Koukku": "Q18633109", "Fatma \u015eenel Boyda\u011f": "Q6078916", "Jana \u0160afr\u00e1nkov\u00e1": "Q59686697", "Eva Hrouzkov\u00e1": "Q108914353", "Liane Margarida Rockenbach Tarouco": "Q27267650", "Alice Valk\u00e1rov\u00e1": "Q27869510", "Piret Kuusk": "Q12372515", "Renata \u015awirkowicz": "Q112605510", "Tiina I. Karu": "Q112479438", "Lamija Tanovi\u0107": "Q121435427", "Ma\u0142gorzata \u015aliwi\u0144ska-Bartkowiak": "Q21290684", "\u0413\u0435\u0440\u043c\u0430\u0448 \u041b\u044e\u0434\u043c\u0438\u043b\u0430 \u041f\u0430\u0432\u043b\u0456\u0432\u043d\u0430": "Q47009986", "Barbro \u00c5sman": "Q4991085", "Maria Dolors Bar\u00f3 i Marin\u00e9": "Q19288672", "\u05d1\u05ea \u05e9\u05d1\u05e2 \u05d0\u05dc\u05d5\u05df": "Q30527447", "Metka Luzar-Vlachy": "Q48090721", "Vlasta \u0160tekauerov\u00e1": "Q112442469", "Zofia Drzazga": "Q63991518", "Bo\u017cena Nerlo-Pomorska": "Q108663040", "Viera Lapitkov\u00e1": "Q123686711", "Bo\u017cena P\u0119dzisz": "Q124000905", "Dorota Adamiak": "Q111507167", "Valentina Petkova": "Q102429173", "Lidiya Bedikyan": "Q62087175", "Jana Musilov\u00e1": "Q12023441", "Natalia Hennadiivna Stxukina": "Q62283357", "Luisa Bonolis": "Q87401273", "Agnieszka Zalewska": "Q6585289", "Sigrid Avrillier": "Q33192943", "Anna Okopi\u0144ska": "Q9155527", "\u0416\u0451\u043b\u0443\u0434\u0435\u0432\u0430, \u0421\u0432\u0435\u0442\u043b\u0430\u043d\u0430 \u0418\u0432\u0430\u043d\u043e\u0432\u043d\u0430": "Q4182101", "Barbara Bromage": "Q120125744", "Marta Pasenkiewicz-Gierula": "Q42044370", "Maria Helena Nazar\u00e9": "Q105955496", "Marion Bertram": "Q111988564", "Miroslava O\u017evoldov\u00e1": "Q112390135", "Marta Krzesi\u0144ska": "Q112573636", "Ana Maria Eir\u00f3": "Q105887514", "Sofia Clochi\u0219ner": "Q43424547", "Yeva Dalyan": "Q87411381", "Tatyana Lyubimova": "Q55103991", "Halina Kleszczy\u0144ska": "Q60438498", "Jol\u00e1n H\u00e1rsfalvi": "Q57159750", "Olha Kocherha": "Q12113916", "Janne T\u00fc\u00fcr": "Q124454177", "Alicija Kupliauskien\u0117": "Q125902612", "\u041b\u043e\u0431\u0430\u0441\u0442\u043e\u0432\u0430 \u0421\u0432\u0435\u0442\u043b\u0430\u043d\u0430 \u0410\u043b\u0435\u043a\u0441\u0430\u043d\u0434\u0440\u043e\u0432\u043d\u0430": "Q78418459", "Audron\u0117 Galvonait\u0117": "Q16444709", "Larissa Por\u00f5vkina": "Q12368293", "\u0413\u04af\u043b\u043d\u04d9\u0440 \u0422\u04e9\u043b\u0442\u0430\u0439\u049b\u044b\u0437\u044b \u0411\u0430\u043b\u0430\u049b\u0430\u0435\u0432\u0430": "Q12539799", "Wanda Andreoni": "Q107976062", "Sarina Bromberg": "Q122853351", "Angelika Anders-von Ahlften": "Q105737605", "Joanna Trylska": "Q21260630", "Irena Dreven\u0161ek Olenik": "Q48089547", "Monika Bessenrodt-Weberpals": "Q55347775", "Manuela Welzel-Breuer": "Q55356448", "Barbara Hahn": "Q56064332", "Meigan Aronson": "Q58930139", "Eva Benckiser": "Q59326122", "Riyanti Djalante": "Q60439199", "Sabrina Casanova": "Q61944135", "Eva-Maria Beck-Meuth": "Q63412620", "Maria Lefeld-Sosnowska": "Q63487196", "Aleksandra Trzaskowska": "Q66828389", "Anna Kowalewska-Kud\u0142aszyk": "Q66828516", "Bernadeta Dobosz": "Q84404954", "Halina Dziubi\u0144ska": "Q85132759", "Ewa D\u0119bowska": "Q85134900", "Charo Heras": "Q105710842", "Corinne Merry": "Q112506649", "Gabriella Sanniti di Baja": "Q112561812", "Barbara Ole\u015b": "Q119019633", "Gra\u017cyna Bia\u0142ek-Bylka": "Q121026350", "Nina Hager": "Q13774324", "Bohumila Lencov\u00e1": "Q95179627", "Jind\u0159i\u0161ka He\u0159mansk\u00e1": "Q95480778", "Angela Gronenborn": "Q19609591", "Lidmila Burianov\u00e1": "Q95142340", "Claudia Patricia Massolo": "Q62037808", "Ewa Ho\u0142uszko": "Q9256681", "Monika Auweter-Kurtz": "Q1944554", "Annick Schwebig": "Q48321708", "Alayne Street-Perrott": "Q88069556", "Julia Natividad Huarque Rodr\u00edguez": "Q125097525", "Anna \u015alawska-Waniewska": "Q20640225", "Sabine Jausel-H\u00fcsken": "Q112407425", "Zuzana Hlav\u00e1\u010dov\u00e1": "Q112461257", "Petja Simeonova Dineva": "Q112533633", "Kaye M. Shedlock": "Q123699994", "Tatsyana Protska": "Q9353996", "Marie-Jos\u00e9e Deutsch": "Q16439067", "Janet Brown": "Q34004197", "Anna Preis": "Q22247931", "\u0414\u043e\u0432\u0431\u0435\u0448\u043a\u043e \u0413\u0430\u043b\u0438\u043d\u0430 \u0406\u0432\u0430\u043d\u0456\u0432\u043d\u0430": "Q123518543", "Bosiljka Tadi\u0107": "Q48092232", "\u041a\u043e\u0432\u0430\u043b\u0451\u0432\u0430 \u041b\u0438\u0430\u043d\u0430 \u0410\u0440\u043e\u043d\u043e\u0432\u043d\u0430": "Q109318209", "Sanae It\u014d": "Q11380163", "Martine Bosman": "Q24055273", "Ana Ripoll Aracil": "Q50224512", "Indubala I. Satija": "Q112554819", "Ingeborg Auer": "Q112562031", "Maria Jo\u00e3o Alcoforado": "Q57412551", "Claudine Noguera": "Q90057803", "Jana P\u0159\u00edvratsk\u00e1": "Q95153728", "Jana K\u0159\u00ed\u017eov\u00e1": "Q95109418", "Larissa Brizhik": "Q48053433", "Marie Urbanov\u00e1": "Q95147479", "\u0422\u0430\u0446\u0446\u044f\u043d\u0430 \u0410\u043b\u044f\u043a\u0441\u0430\u043d\u0434\u0440\u0430\u045e\u043d\u0430 \u0421\u0430\u0432\u0456\u0446\u043a\u0430\u044f": "Q114345299", "Helena \u0160t\u011bp\u00e1nkov\u00e1": "Q60684042", "Judit Bartholy": "Q790929", "Olga Botner": "Q4940250", "Manuela Magno": "Q10324733", "Pilar L\u00f3pez Sancho": "Q19766154", "Irene Sj\u00f6gren": "Q52767892", "Jaroslava Machal\u00edkov\u00e1": "Q112401835", "Irena Sarg\u00e1nkov\u00e1": "Q112474190", "Libu\u0161a \u0160ikurov\u00e1": "Q112514487", "Catherine Woodgold": "Q2942105", "Christine B\u00e9nard": "Q2965891", "Madeleine Veyssi\u00e9": "Q3275744", "Isabel Alves": "Q15973223", "Isabelle Wingerter-Seez": "Q16644054", "Gabriela Barenboim": "Q24045973", "Silvina Ponce Dawson": "Q42298159", "Hana Entlerov\u00e1": "Q12018954", "V\u011bra Miklasov\u00e1": "Q95461170", "Katalin Kamar\u00e1s": "Q20478882", "Jadwiga Tritt-Goc": "Q20640230", "Inna Rebane": "Q16406173", "Sabine Riemann": "Q15439136", "Annik Magerholm Fet": "Q27902464", "Alexandra Zahradnikova": "Q71006919", "Viktorija Gineityt\u0117": "Q12677274", "Jasmina Vujic": "Q12747605", "Gra\u017cyna Che\u0142kowska": "Q21290651", "Sarah Beck-Svetitsky": "Q24004967", "Laura McCullough": "Q112343415", "Dagmar Steuer": "Q112374885", "\u041b\u044e\u0434\u043c\u0456\u043b\u0430 \u0421\u044f\u0440\u0433\u0435\u0435\u045e\u043d\u0430 \u0406\u0432\u0430\u0448\u043a\u0435\u0432\u0456\u0447": "Q115040769", "Svjetlana Fajfer": "Q21619592", "Speranza Falciano": "Q77942424", "Anna Styszy\u0144ska": "Q29079412", "Annemarie Pucci": "Q65527140", "Roberta Ramponi": "Q55859541", "Nathalie Van de Wiele": "Q27998842", "Maria Jo\u00e3o Rom\u00e3o": "Q43610094", "Manola Brunet": "Q52526326", "Pauline Gagnon": "Q56884677", "Yoko Yamaguchi": "Q112443112", "Alina Ciach": "Q60258658", "Sheerin Ardalan": "Q67169371", "Mehdiyeva R\u0259van Nadir q\u0131z\u0131": "Q30148548", "Gisela Sch\u00fctz": "Q29954354", "Zuzana Limpouchov\u00e1": "Q80354306", "Montserrat Casas Ametller": "Q9040447", "\u0420\u0443\u0434\u044c\u043a\u043e \u0413\u0430\u043b\u0438\u043d\u0430 \u042e\u0440\u0456\u0457\u0432\u043d\u0430": "Q117883630", "Angela Bracco": "Q62559589", "Margarida Telo da Gama": "Q73126115", "Hanna Rothkaehl": "Q124957990", "Ewa Gudowska-Nowak": "Q59694024", "Lydia La Dous": "Q113774862", "Loreta Zakarevi\u010dien\u0117": "Q11762607", "Teresa Rz\u0105ca-Urban": "Q22247943", "Pascale Delecluse": "Q62035268", "Muriel Gargaud": "Q27646713", "Rowena Ball": "Q73717774", "Fabiana Gramegna": "Q56454370", "Judith Desimoni": "Q62072509", "Bindu A. Bambah": "Q15145161", "Ulrike Feudel": "Q21264804", "Caterina Biscari": "Q23926880", "Rama Khokha": "Q41789415", "Catalina Ruiz P\u00e9rez": "Q50422593", "Maria L Ekiel-Je\u017cewska": "Q89424570", "Rotraud Coriand": "Q95207364", "Elisabetta Giani": "Q58924203", "Lin-Ni Hau": "Q9354108", "Elena D. Mishina": "Q61126989", "Tatyana Shishkina": "Q39382604", "Jelle Kaastra": "Q58250692", "Iva Zuskova": "Q70542828", "Anna Grazia Mignani": "Q121125915", "Jind\u0159i\u0161ka Svobodov\u00e1": "Q95376803", "M\u00e1ria Marko\u0161ov\u00e1": "Q112392806", "Katar\u00edna Kozl\u00edkov\u00e1": "Q112443937", "Cindy Schwarz": "Q112555050", "Kong-Ju-Bock Lee": "Q116046979", "Yumi Hirata": "Q11483396", "Marja Pirttivaara": "Q61103955", "Elena Andreeva": "Q51669896", "Zheng Xiaojing": "Q9353760", "Anne Myers Kelley": "Q57159056", "\u0428\u0435\u0441\u0442\u043e\u043f\u0430\u043b\u043e\u0432\u0430 \u0413\u0430\u043d\u043d\u0430 \u0412\u0456\u043a\u0442\u043e\u0440\u0456\u0432\u043d\u0430": "Q87112953", "\u0406\u0449\u0435\u043d\u043a\u043e \u041e\u043b\u0435\u043d\u0430 \u0412\u0456\u043a\u0442\u043e\u0440\u0456\u0432\u043d\u0430": "Q89189745", "Silvia Masi": "Q53970200", "\u0413\u04af\u043b\u0448\u0430\u0442 \u0422\u0435\u043b\u044c\u043c\u0430\u043d\u049b\u044b\u0437\u044b \u04d8\u0439\u0442\u0438\u0435\u0432\u0430": "Q12539820", "Dana G\u00e1\u0161kov\u00e1": "Q51374630", "Ulrike K. Woggon": "Q21264807", "Lilia Meza Montes": "Q48351525", "Pavla Boubl\u00edkov\u00e1": "Q95111426", "Marija Be\u0161ter Roga\u010d": "Q26215035", "Patricia Bassereau": "Q43295944", "\u10dc\u10d0\u10dc\u10d0 \u10e8\u10d0\u10d7\u10d0\u10e8\u10d5\u10d8\u10da\u10d8": "Q111218280", "Gabriele Schmidtlein": "Q112376784", "M. I. Gallardo": "Q112400953", "Milena Ku\u0161nerov\u00e1": "Q112403510", "Ingrid Novodvorsky": "Q112564663", "Heidi Reinholz": "Q1594349", "\u0411\u04b1\u043b\u0434\u044b\u0440\u044b\u049b \u0421\u04af\u043b\u0435\u0439\u043c\u0435\u043d\u043e\u0432\u0430": "Q12536986", "Daniela Pfannkuche": "Q104865111", "Renata Holubov\u00e1": "Q106984339", "Hye-Sook Park": "Q107693494", "\u00c1gnes F\u00fcl\u00f6p": "Q77840274", "Byung-Joo Min": "Q16171892", "Veronika Kralj-Igli\u010d": "Q48090239", "Larissa Bravina": "Q24522527", "Marie Polcerov\u00e1": "Q95481464", "Lubica Lacinova": "Q67465677", "Florence Robine": "Q64821757", "Fran\u00e7oise Massines": "Q33105007", "\u0413\u043e\u043c\u043e\u043d\u0430\u0439 \u0413\u0430\u043d\u043d\u0430 \u041c\u0438\u043a\u043e\u043b\u0430\u0457\u0432\u043d\u0430": "Q64411312", "Teresa So\u0144ta-Jaroszewicz": "Q129261997", "Nina Reistad": "Q4974425", "Katri Huitu": "Q29418931", "V\u011bra Cimrov\u00e1": "Q47168322", "Ol\u2018ga Anatol\u2018jevna Gaponenko": "Q120798782", "Kate\u0159ina Krijtov\u00e1": "Q95392812", "\u0531\u0574\u0561\u056c\u0575\u0561 \u053f\u0578\u057d\u057f\u0561\u0576\u0575\u0561\u0576": "Q105954852", "Christine Elisabeth Hollerer": "Q107488561", "Milada Bartlov\u00e1": "Q59552523", "Maja Rem\u0161kar": "Q18627719", "\u0411\u043e\u0439\u043d\u043e\u0432\u0438\u0447, \u041b\u044e\u0434\u043c\u0438\u043b\u0430 \u0411\u043e\u0440\u0438\u0441\u043e\u0432\u043d\u0430": "Q29358663", "Youngah Park": "Q16081942", "Maria Bzowska": "Q110276122", "Maria Nedealcov": "Q105805511", "Marushka Sendova-Vasileva": "Q63455944", "\u0413\u043e\u0440\u0431\u0435\u043d\u043a\u043e \u0413\u0430\u043b\u0438\u043d\u0430 \u041f\u0435\u0442\u0440\u0456\u0432\u043d\u0430": "Q45055847", "Eli Olaug Hole": "Q24563075", "Nadia Pastrone": "Q56595837", "Heidi Lyng": "Q17102603", "Paola Mantica": "Q73778873", "Annette Schlemm": "Q26197467", "Monika Herbstrith-Lappe": "Q41236134", "Susan Blessing": "Q53505939", "Gesche Pospiech": "Q63120042", "Pia Br\u00e4uer": "Q95195750", "Elizabeth Berry": "Q112439225", "Paraskevi Papadopoulou": "Q112529927", "Elwira \u017bmudzka": "Q9253026", "Trinitat Pradell": "Q55414558", "Shin Yong-hyeon": "Q24000765", "Mariana Sendova": "Q12285922", "Marie Meynadier": "Q112913634", "Anu Noorma": "Q12359464", "Rosari Saleh": "Q61118405", "Suzanne Yoakum": "Q20202200", "Mar\u00eda Garc\u00eda Parajo": "Q41855908", "Vladim\u00edra \u017dv\u00e1\u010dkov\u00e1": "Q112431116", "Anna Sanpera": "Q61985938", "D\u00e9bora Peres Menezes": "Q62108293", "Paula Eerola": "Q128337", "Marta Reboiro": "Q78029541", "Ta\u0165\u00e1na Drechslerov\u00e1": "Q95082791", "Karine Baghramyan": "Q64568750", "Anna Roig": "Q56516094", "Jitka Prok\u0161ov\u00e1": "Q95231199", "Sylvie Braibant-Giacomelli": "Q57687393", "Misako Takayasu": "Q59134607", "Dagmar Bru\u00df": "Q65246997", "Mich\u00e8le Auger": "Q88462635", "Katharina Krischer": "Q91320680", "Ute Kraus": "Q102595580", "Parongama Sen": "Q112499056", "Maria Dolors Valent\u00ed Vall": "Q119812478", "Yan Aoshuang": "Q9361753", "Barbara Drossel": "Q16830568", "Ursel Fantz": "Q19310668", "Birgit Kanngie\u00dfer": "Q86077456", "Takuhi Minasyan": "Q62079014", "Olena Gomonai": "Q12096754", "Karine Harutyunyan": "Q22677793", "Cristina Masoller": "Q26386697", "Monique Giroud": "Q98795383", "Trine Spedstad Tveter": "Q24542233", "V\u011bra Vodi\u010dkov\u00e1": "Q95082693", "Piia Post": "Q12372405", "Alicja Chru\u015bci\u0144ska": "Q50555636", "Myriam Mondrag\u00f3n Ceballos": "Q111737837", "Seung-Heon Lee": "Q12611937", "Christiane Ziegler": "Q59295308", "Gabriela Jonas-Ahrend": "Q112554913", "Carla Baredes": "Q112558291", "Phillippa Scott Wells": "Q57612653", "Elisabetta Pallante": "Q117109819", "Nad\u011b\u017eda Vi\u0161\u0148ovcov\u00e1": "Q120535945", "Margriet van der Heijden": "Q125459849", "Olga I. Vinogradova": "Q50420751", "Maria Stefania Belfiore": "Q110257749", "Aleksandra \u017burawska": "Q9146742", "Orly Alter": "Q92970069", "Paola Romano": "Q112667911", "Florinda Costa": "Q62053946", "\u042d\u043b\u0456\u043d\u0430 \u0410\u043b\u044f\u043a\u0441\u0430\u043d\u0434\u0440\u0430\u045e\u043d\u0430 \u0427\u0430\u0440\u043d\u044f\u045e\u0441\u043a\u0430\u044f": "Q58420257", "Francesca Gulminelli": "Q63441463", "Claudia Rupp": "Q102181178", "Danuta Kruk": "Q112515388", "Anna Perelomova": "Q124978469", "Pavla Hrubcov\u00e1": "Q60696009", "Monika Marzec": "Q99515222", "Nataliya Zubar": "Q90744534", "Susana Gota Goldmann": "Q30046058", "Lydia Jaeger": "Q42721784", "Evvy Kartini": "Q97190120", "Anushree Roy": "Q100733846", "Stefanie Reese": "Q21264722", "Cathy Clerbaux": "Q107464452", "Alberta Bonanni": "Q42057703", "Claudia Tebaldi": "Q54086496", "Cinzia Buratti": "Q59192108", "Claudia Estela Vanney": "Q60595527", "V\u00e9ronique Chireux": "Q105196007", "Nuria Mart\u00edn Chivelet": "Q105694887", "Lenka H\u00e1jkov\u00e1": "Q112457605", "Iveta Waczul\u00edkov\u00e1": "Q112538374", "Zuzana \u0160krabkov\u00e1": "Q95467486", "Gra\u017cyna \u017bebrowska": "Q105662249", "Khitam El Wasife": "Q127601836", "Dana R\u00e9drov\u00e1": "Q95146954", "L\u00e9na Soler": "Q251802", "Kv\u011btoslava Stejskalov\u00e1": "Q29789678", "Daniela Iriarte": "Q65159784", "Olga Nov\u00e1kov\u00e1": "Q95466717", "Jolanta Borysiuk": "Q61278528", "Arantza Ugalde": "Q27883524", "Eleonora Alfinito": "Q91041507", "Svetlana Starikovskaia": "Q121849687", "Ines Safi": "Q34591710", "Nata\u0161a Vaupoti\u010d": "Q48092480", "Els Koffeman": "Q55076925", "Maria Del Mar Capeans Garrido": "Q58881183", "Maria Pia Sormani": "Q84058299", "Ivana To\u0161i\u0107": "Q84434656", "Ines Dani": "Q106452433", "Yan Bai": "Q109616692", "Ingo Loa": "Q112387685", "Daniela T\u00e4uber": "Q112511995", "Michela Petrini": "Q112517452", "Floriana Lombardi": "Q56331615", "Lara Albanese": "Q108570164", "Lucia Mariani": "Q27149543", "Anja Boisen": "Q21253695", "B\u00e9atrice Bressan": "Q121160406", "Cathrine Wahlstr\u00f8m Tellefsen": "Q130154698", "Toril Nagelhus Hernes": "Q27976412", "Randi Holmestad": "Q47880825", "Laura Cay\u00f3n": "Q102440063", "Daniela Ion-Ebra\u0219u": "Q108553573", "Merel van Vroonhoven": "Q20746562", "Assumpta Farran i Poca": "Q24632635", "Nina Jug": "Q48091391", "Grit Oblonczek": "Q51322310", "Toshiko Terakawa": "Q59668861", "Nathalie Barrette": "Q72073724", "Margit\u00a0Haberreiter": "Q97565546", "Allegra Via": "Q112510828", "Ia Iashvili": "Q83493791", "Nana Voytenko": "Q20066306", "Albena Paskaleva": "Q103590220", "Lyudmila Baran": "Q37104174", "Nathalie Renard Le Galloudec": "Q107363362", "Myrian Tebaldi": "Q66169412", "Erika Balog": "Q46022193", "Alessandra Toncelli": "Q108103753", "Patrizia Barria": "Q57432563", "Barbara Schaffner": "Q66547307", "Gabrielle Regula": "Q61996244", "Sibylle Gemming": "Q21264652", "Sabine H. L. Klapp": "Q21264605", "Ellen Karoline Henriksen": "Q24563173", "Pilar Castillejo i Medina": "Q22043175", "Susanna Manrubia": "Q41046199", "Da\u0161a Grabec": "Q48089816", "Valentina Tozzini": "Q56752525", "Alicia Magdalena Sintes": "Q60216715", "Jana Ka\u0161p\u00e1rkov\u00e1": "Q112409394", "Edeltraud Gehrig": "Q112452268", "Joanne Baker": "Q112466067", "Sabine Dippel": "Q1290541", "Ry\u014d Morikawa": "Q11539592", "Natasa Stanic": "Q12756026", "Johanna Karen Erdmenger": "Q102303691", "Gabriella Stenberg Wieser": "Q42393670", "Ruth Signorell": "Q21402760", "Sunniva Siem": "Q24545444", "M\u00e1ria Csete": "Q96067514", "Jelka Godec": "Q42303688", "Elena Villa": "Q60258364", "Carlota Gabriela Beneventano": "Q112961280", "Lene Broeng Oddershede": "Q21264255", "C\u00e9lia Gouveia": "Q55168576", "Sanna Syri": "Q63313776", "Hanna Brodowsky": "Q64211163", "Ekaterina Shamonina": "Q64596803", "Nathalie Maria Muller": "Q102297412", "Sigrid Barbara Margrid Andreae": "Q102382071", "Anita Bokwa": "Q105441129", "Petra Schaaff": "Q111364708", "Monika Dezortov\u00e1": "Q112405679", "Mirka \u0160prtov\u00e1": "Q112493152", "Anna K\u00f6hler": "Q112497726", "Verena Themsen": "Q1496956", "Myrjam Winning": "Q21264437", "Florence Gazeau": "Q67951759", "Monica Ugaglia": "Q93226550", "Yael Hanein": "Q25497168", "Jana Brotankova": "Q124429778", "\u0413\u043b\u0443\u0445\u043e\u0432\u0430, \u041e\u043b\u044c\u0433\u0430 \u0415\u0432\u0433\u0435\u043d\u044c\u0435\u0432\u043d\u0430": "Q84723440", "Patricia Hansen": "Q61762946", "Jana Trojkov\u00e1": "Q112402588", "T\u00fcnde F\u00fcl\u00f6p": "Q16592601", "Iva Selke Krulichov\u00e1": "Q61756582", "Zsuzsa S\u00e1rk\u00f6zi": "Q20480658", "Regina Kr\u00fc\u00dfmann": "Q95231412", "Roberta Citro": "Q61095582", "Nedjeljka \u017dagar": "Q21264454", "Miriam Elisabeth Fritsch": "Q112371405", "Martina \u0160pundov\u00e1": "Q112546537", "Emmanuelle Galichet": "Q115609820", "Beate Stelzer": "Q117262377", "Nieves Lorenzo Gonz\u00e1lez": "Q129690686", "Elisa Resconi": "Q21258887", "Rumiana Dimova": "Q37618660", "Natalija van Well": "Q58820783", "Marcy Rockman": "Q91873757", "Susana Cabrera Urb\u00e1n": "Q64864838", "Ilka Brunner": "Q121253403", "Lenka Zajickova": "Q81696092", "Alessia Rita Tricomi": "Q30746027", "Onintze Salazar": "Q20492632", "Ivana Vobornik": "Q57081666", "Martina Hentschel": "Q21264381", "Stephanie Allen": "Q55113104", "Silke Biermann": "Q30119893", "Mojca Jazbin\u0161ek": "Q65938231", "Marieke Duijvestijn": "Q102331589", "Alexandra Sch\u00e4fke": "Q102493468", "Karin Mansyreff": "Q112377308", "Verena Sch\u00f6n": "Q112378560", "Drahom\u00edra Pecinov\u00e1": "Q112400877", "Regina Bogend\u00f6rfer": "Q112401055", "Hauke Busch": "Q50053350", "Mariafelicia De Laurentis": "Q62780673", "V\u011bra Maz\u00e1nkov\u00e1": "Q95402796", "Susanne Metzger": "Q65551325", "Barbara Klajnert-Maculewicz": "Q50488876", "Kinneret Keren": "Q25493875", "Kate\u0159ina Krajcov\u00e1": "Q95112485", "Susana Sussmann": "Q62626991", "Olga Igonkina": "Q21264477", "Marta Garc\u00eda-Matos": "Q24054864", "Susana Cardoso de Freitas": "Q57766158", "Orit Potashnik": "Q108166100", "Ewa Czuchry": "Q111626293", "Anna Mackov\u00e1": "Q112388267", "Elena Popova": "Q123377947", "Eva Weig": "Q21259562", "Elika Takimoto": "Q56348229", "Ivana \u0160loufov\u00e1": "Q73619085", "Mariana Gra\u00f1a": "Q50923727", "Isabelle Ricard": "Q3154907", "Karine Poghosyan": "Q65665296", "Gabrijela Zaharija\u0161": "Q48092920", "Anca Tureanu": "Q81764298", "Jekaterina Igorevna \u0160i\u0161ackaja": "Q112477664", "Caroline Taylor": "Q112484262", "Phuong Mai Dinh": "Q112485201", "Petra \u0160kol\u00e1kov\u00e1": "Q112512251", "Virginie Chamard": "Q42342733", "Tanja Tarvainen": "Q85196523", "Jana Biel\u010d\u00edkov\u00e1": "Q105274802", "Gloria Garc\u00eda Cuadrado": "Q56285751", "Andreja \u0160arlah": "Q42706783", "Eva Urb\u00e1nkov\u00e1": "Q95243797", "Mariapompea Cutroneo": "Q91309522", "Lucie Pokorn\u00e1": "Q95093867", "Hagar Landsman": "Q30527449", "Angela Vella": "Q27925450", "Mich\u00e8le Heurs": "Q55128649", "Neus Sabat\u00e9": "Q57049626", "Maud Vinet": "Q110765797", "Jana Ka\u0161parov\u00e1": "Q112343650", "\u0412\u043e\u043b\u044c\u0433\u0430 \u0412\u0430\u043b\u0435\u0440'\u0435\u045e\u043d\u0430 \u041d\u0435\u0434\u0437\u044c\u0432\u0435\u0434\u0437\u044c": "Q115134335", "Claire Wilhelm": "Q33193446", "Susana Mal\u00f3n Gim\u00e9nez": "Q75837365", "Karla Barcova": "Q60684184", "Heidi Sandaker": "Q24545743", "Dana Otev\u0159elov\u00e1": "Q95374172", "Anna Davour": "Q113032456", "Hannele Korhonen": "Q21402732", "Margalida Ramis": "Q37438600", "Anu Kankainen": "Q59818383", "Sabine Andergassen": "Q85635900", "Melody Sandells": "Q112343297", "Paola Coan": "Q51630268", "Maria Fyta": "Q53123242", "Karoline Wiesner": "Q59521561", "Magdalena Widlicka": "Q60835302", "Kathy Ludge": "Q50923671", "Silvia Goy L\u00f3pez": "Q64855562", "Anne-Isabelle Etienvre": "Q84571823", "Angelica \u00d6hrn": "Q115946003", "Rafaela Hillerbrand": "Q2127048", "Maria Gali\u0163": "Q115119439", "Karen Vourc'h": "Q3193134", "Aisada Uchugonova": "Q61737997", "Mariam Tortola": "Q88160841", "Caroline Riedl": "Q112398814", "Triantafyllia Nikolaou": "Q112514895", "Katharina Gillen": "Q112558115", "Kristina Giesel": "Q113376330", "\u00d6zg\u00fcr Koca": "Q113838555", "Katharina J. Franke": "Q28154856", "Christine Frayret": "Q97654103", "Maria Rosa Antognazza": "Q53248177", "Anna N. Morozovska": "Q25441889", "Sara K. Strandberg": "Q65683118", "Laura Brigo": "Q50941856", "Annika Eriksson": "Q4946994", "Melanie Schnell": "Q21264398", "Kerstin Tackmann": "Q30090470", "Irena Dolenc": "Q65953485", "Vendula Bursov\u00e1": "Q112441267", "Barbara Dalena": "Q113292611", "Jessica T. Dempsey": "Q114339699", "Satoko \u014cki": "Q11435910", "Giuseppina Lopardo": "Q110651488", "Sonia": "Q9078944", "Adele La Rana": "Q108519011", "Christelle Lahaye": "Q58211045", "Gabriella Maria De Luca": "Q92994023", "Silva Bortolussi": "Q57618569", "Kate\u0159ina Chrom\u00e1": "Q95141544", "A. Julia St\u00e4hler": "Q21252591", "Magdalena Stobi\u0144ska": "Q30902781", "Anna Shnyrova": "Q50376687", "Daniele Fulvio": "Q57434640", "Florian Piegsa": "Q111729346", "Krist\u00fdna Stehl\u00edkov\u00e1": "Q112443920", "Jana Sokolov\u00e1 \u0160idlov\u00e1": "Q112456256", "Marianna Trebu\u0148ov\u00e1": "Q112543939", "Burnham Karen": "Q61163854", "Ingvild Julie Thue Jensen": "Q107264698", "Ladislava \u0158ezn\u00ed\u010dkov\u00e1": "Q95177674", "Piedad Brox": "Q84859616", "Elke Beyreuther": "Q59829309", "Yelena Popova": "Q107090982", "Irina V Tikhonova": "Q98830369", "Astrid Silvia de Wijn": "Q102343210", "Katemari Diogo da Rosa": "Q121494527", "Sara Pasquetti": "Q116961072", "Jana Kalb\u00e1\u010dov\u00e1 Vejpravov\u00e1": "Q47555339", "Liza Huijse": "Q102390671", "Anne Theresia Franzen": "Q102438986", "Anni M\u00e4\u00e4tt\u00e4nen": "Q112486584", "Tennille D. Presley": "Q112555011", "Marjorie Cavarroc-Weimer": "Q118828671", "Els Heinsalu": "Q61110197", "Andrea Harni\u010darov\u00e1-Hor\u00e1kov\u00e1": "Q63873430", "Tetiana Hryn'ova": "Q90796627", "Valentina Cardinali": "Q109286686", "Elin Berge\u00e5s Kuutmann": "Q50347539", "Samanta Piano": "Q112580250", "Irina Mizeva": "Q77342071", "Angie Ma": "Q126365422", "Anja Schmidt": "Q55079227", "Ilaria Zardo": "Q30090468", "Elisabeth Fischer-Friedrich": "Q42305706", "Marta Olazabal": "Q57085518", "Ignacia Calisto": "Q88144726", "Anna Sfyrla": "Q94747714", "Barbara Sandh\u00f6fer": "Q102435392", "Julie Brisset": "Q107356031", "Krist\u00fdna Kudl\u00e1\u010dkov\u00e1": "Q112395507", "Anna Hal\u00e1mikov\u00e1": "Q112441837", "Zuzana Ku\u010derov\u00e1": "Q112442418", "Kate\u0159ina Pila\u0159ov\u00e1": "Q112486700", "Giulia Brunetti": "Q57008761", "Paola Marini": "Q60227312", "Pauline Ruffiot": "Q64778148", "Iro Koletsou": "Q64861116", "Anja R\u00f8yne": "Q57911731", "Sara Bolognesi": "Q113533457", "Claudia Lazzaro": "Q54035947", "Pavla \u0160tefkov\u00e1": "Q112547786", "Ioana Serban": "Q65553411", "Jun Zhao": "Q47413228", "\u0537\u056c\u0565\u0578\u0576\u0578\u0580\u0561 \u0531\u057e\u0561\u0576\u0565\u057d\u0575\u0561\u0576": "Q98073157", "Yvonne D\u00e5bakk": "Q18643319", "Alicia Calder\u00f3n Taz\u00f3n": "Q28765216", "Esther Florin": "Q43199181", "Justine Serrano": "Q52161824", "Julia Unterhinninghofen": "Q56062658", "Daniela Domeisen": "Q57416601", "C\u00e9lia J. Sapart": "Q57602672", "Anita Jannasch": "Q59541748", "Lydia Kaiser": "Q110151262", "Lenka Dragounov\u00e1": "Q112486704", "Katharina Kaska": "Q112536835", "Sophia Ruester": "Q112537875", "Anissa Talamali": "Q124628084", "Alice Galdi": "Q61716712", "Karin Novotn\u00e1": "Q95490239", "Martina Volfov\u00e1": "Q95441349", "Anthea Fantina": "Q115785838", "Andr\u00e9e Robichaud-Veronneau": "Q87644390", "Hana Va\u0161kov\u00e1": "Q95227153", "Veronika Po\u00f3r": "Q20747251", "Katrianne Lehtipalo": "Q37382858", "Valentina Vassilenko": "Q43219307", "Liron Barak": "Q57305529", "Gabriella Mosca": "Q63874650", "Maysoun Douas": "Q66614775", "Maria Jose Mart\u00ednez-P\u00e9rez": "Q82193020", "Bianca Wortmann": "Q95192756", "Berit Behnke": "Q102609584", "Stefania Gori": "Q107844507", "Dana Herov\u00e1": "Q112427687", "Tereza Such\u00e1nkov\u00e1": "Q112435706", "Pavl\u00edna Vidl\u00e1kov\u00e1": "Q112445268", "Dana Prchalov\u00e1": "Q117430912", "Silke Schr\u00f6der": "Q124259577", "Zs\u00f3fia Jur\u00e1nyi": "Q61070481", "Petra Pullmannov\u00e1": "Q64703176", "Joanna Kowalska": "Q41191099", "Veronika Bogoczov\u00e1": "Q95333842", "Lenka Chalupov\u00e1": "Q95153389", "C\u00e9line Zuber-Roy": "Q124100675", "Helena Granstr\u00f6m": "Q16594922", "Paola Garosi": "Q98636335", "Ver\u00f2nica Ahufinger": "Q47391147", "B\u00e9reng\u00e8re Lebental": "Q84379310", "Andrea Strakov\u00e1 Fedorkov\u00e1": "Q112494633", "Diane Cinca": "Q55005229", "C\u00e9line Planche": "Q56449719", "Nathaelle Bouttes-Mauhourat": "Q66486314", "Inkeri Kontro": "Q104777266", "Sunniva Rose": "Q17106906", "Katerina Falk": "Q60143297", "Karin Everschor-Sitte": "Q59625421", "Naomi Murdoch": "Q89865778", "Na\u00ebmi Leo": "Q57305590", "Beata Bochentyn": "Q62653959", "Christina A. Khokhryakova": "Q110983793", "Tereza Schmidtov\u00e1": "Q112436106", "\u0160\u00e1rka Botnari": "Q112443008", "Lucie Z\u00edmov\u00e1": "Q112446865", "Eva Halenkov\u00e1": "Q112455742", "Linda Vallenhag": "Q112492236", "\u013dubica Kl\u00ed\u010dov\u00e1": "Q112494701", "Jana Jurmanov\u00e1": "Q112515429", "Joany Andreina Manjarr\u00e9s Ramos": "Q57699313", "Rebeca Ribeiro-Palau": "Q87148921", "Ulrike Kornek": "Q104884436", "Jana Jiravov\u00e1": "Q112543966", "Mariya O. Denisova": "Q114870396", "Mar Gomez": "Q110100843", "Dominika Zi\u00f3\u0142kowska": "Q57051483", "Agata Ro\u017cek": "Q61942939", "Cornelia Faustmann": "Q95205434", "Veronika Pavli\u0161tov\u00e1": "Q112499950", "Zuzana Barbierikov\u00e1": "Q123259730", "Silvia Arroyo Camejo": "Q100522", "Itziar Garate-Lopez": "Q88716825", "Yevgeniya Gerasimova-Chechkina": "Q94601371", "Kamila Hrubanov\u00e1": "Q112544816", "Anastasya Shmyrova": "Q110869406", "Ol'ha O Brovarets'": "Q25441919", "Estitxu Villamor": "Q46804675", "\u0411\u0430\u0439\u044b\u043c\u043e\u0432\u0430 \u042e\u043b\u0438\u04d9 \u0410\u0439\u0499\u0430\u0440 \u04a1\u044b\u0499\u044b": "Q58927046", "Hannah Yevick": "Q91247798", "Maria Hempel": "Q102439224", "Eli\u0161ka Janou\u0161kov\u00e1": "Q112506525", "Petra \u0158ezn\u00ed\u010dkov\u00e1-Podlou\u010dkov\u00e1": "Q112509442", "Miroslava Horynov\u00e1": "Q95370925", "Zala Lenar\u010di\u010d": "Q114333205", "Serena Manti": "Q92571815", "Irina Bannikova": "Q125958650", "Anike Nelce Bowaire": "Q97237368", "Kate\u0159ina Aubrechtov\u00e1 Dragounov\u00e1": "Q112344103", "Barbora Kone\u010dn\u00e1": "Q59163295", "Sara Macchi": "Q57090362", "Kate\u0159ina Mudro\u0148ov\u00e1": "Q95178933", "Dilek Demir": "Q68032330", "Svatava Polsterov\u00e1": "Q112473592", "Csilla Moln\u00e1r": "Q61070528", "Anna Evgrafova": "Q98818192", "Olga Naumov": "Q124285218", "Elisabetta Achilli": "Q108443807", "Ra\u00efssa Malu": "Q78600012", "Olena Karacheban": "Q96691414", "Helena Svobodov\u00e1": "Q112562713", "Gina Greco": "Q114717951", "Zuzana Mal\u00e1": "Q89931226", "Ludmila \u017d\u00e1rsk\u00e1": "Q89931230", "Alaine Agirre": "Q24175634", "Mar\u00eda Vieites D\u00edaz": "Q67410308", "Erika Hemmerov\u00e1": "Q112564048", "Katherine E. McAlpine": "Q105612132", "Cristina Mondino": "Q116299109", "Marylou Gabri\u00e9": "Q121437259", "\u0160\u00e1rka Fukov\u00e1": "Q112512260", "Jennifer F. Lilieholm": "Q114842038", "Katar\u00edna Kme\u0165ov\u00e1": "Q112563403", "Viola K\u0159i\u017e\u00e1kov\u00e1": "Q95385004", "Lucia Anna Tarasovi\u010dov\u00e1": "Q126488135", "Nadja Iva\u0161kov\u00e1": "Q112564559", "Veronica Danielsen": "Q123698805", "Reem Hamed": "Q130196636", "Mango": "Q112549159", "Beatriz Garc\u00eda": "Q117351804", "Eleonora Svanberg": "Q123913211", "H\u00e9l\u00e8ne Fischer": "Q81389483", "Cassandra Bolduc": "Q110681536", "Alisha Wissanji": "Q115414545", "Farzana Aslam": "Q4509572", "Rim Turkmani": "Q7334345", "M\u00e1ria Pet\u0151": "Q1234314", "Larisa Lisitsyn": "Q4263155", "Paola Zizzi": "Q7132112", "Ching-Chi Chu": "Q9191087", "Regina Auxiliadora Atulim": "Q10358608", "Takako Kat\u014d": "Q11399584", "Halima Ali": "Q12891417", "Jenny Darja Vinko": "Q12891969", "\u8521\u79c0\u82ac": "Q16077357", "Valerie Halyo": "Q16257495", "\u0c38\u0c41\u0c2e\u0c24\u0c40 \u0c38\u0c42\u0c30\u0c4d\u0c2f": "Q16340570", "Shikha Varma": "Q16986338", "\u90ed\u745e\u5e74": "Q19853835", "\u0411\u0430\u043a\u0430\u0441\u043e\u0432\u0430, \u0410\u0439\u043d\u0430 \u0411\u0430\u043a\u0430\u0441\u043e\u0432\u043d\u0430": "Q20623007", "Francesca Fabbiani": "Q21259842", "Sofia Kantorovich": "Q21264697", "Ewa Banachowicz": "Q21290645", "Irena Danielewicz-Ferchmin": "Q21290652", "Genowefa \u015al\u00f3sarek": "Q21290685", "Sabine Maier": "Q21402762", "Monika Sch\u00f6nhoff": "Q21725554", "Urszula Jorasz": "Q22247865", "Aleksandra Pajzderska": "Q22247915", "Ewa Skrodzka": "Q22247954", "Michelle Borkin": "Q23661627", "Rachel Pike": "Q23783093", "Katarzyna Pernal": "Q24640370", "Stefania Elbanowska-Ciemuchowska": "Q24947494", "Isabel Rabey": "Q27925433", "Meade Krosby": "Q28154545", "Joyce Wheeler": "Q28361537", "Anne de Verna": "Q28870590", "Kirsty Duffy": "Q38230885", "Ana Margarida Abrantes": "Q38589353", "Maria Filomena Botelho": "Q39051211", "Benedetta Casu": "Q39478197", "Anna Ochab-Marcinek": "Q39814371", "Laleh Haghverdi": "Q40899935", "Lucile Julien": "Q41167774", "Helena Santos": "Q41630318", "Adele L. Boskey": "Q42152178", "Linda Wordeman": "Q42383806", "Claudine N\u00ec Allen": "Q42412012", "Ana-Nicoleta Bondar": "Q42585751", "Janet E. Del Bene": "Q42603618", "Maria Asplund": "Q42694333", "Anna Nied\u017awiecka": "Q42763113", "Delphine Deryng": "Q42833432", "Ewa M. Goldys": "Q43224020", "S\u00f3nia Gon\u00e7alves": "Q43496445", "Claudia Lentz": "Q43971620", "Patrycja Paruch": "Q45913284", "Agnieszka Marczak": "Q45985669", "Kate Lancaster": "Q46112086", "Martina Urbanova": "Q46960367", "Alice Hopkins Albro": "Q46996092", "Sarah Elizabeth Judson": "Q46996403", "Helen Bishop Thompson": "Q46996484", "Caterina Braggio": "Q47146868", "Anita Krokosz": "Q47242569", "Maria Grazia Betti": "Q48151520", "Jinlan Wang": "Q48358607", "Shelley Wickham": "Q48738849", "Yuka Saito": "Q48745526", "Martha Cecilia Bustamante": "Q48758674", "Esmeralda Luciolli": "Q49305086", "Daria Boglaienko": "Q49893815", "Deborah M. Kane": "Q49960454", "Sarah M. Arveson": "Q50211266", "Maud Formanek": "Q50216079", "Dominique Chatain": "Q50799785", "Anne-Laure Biance": "Q50879331", "Hildegard Meyer-Ortmanns": "Q50986625", "Regine Willumeit": "Q50998233", "Agata Kaminska": "Q51069069", "Caroline Desgranges": "Q51081641", "Sabrina Maniscalco": "Q51094779", "Hanna Le Jeannic": "Q51100927", "Elena A. Ostrovskaya": "Q51374954", "T\u00e2nia Tom\u00e9": "Q51425967", "Martine Ben Amar": "Q51544385", "Mar\u00eda-Ester Brandan": "Q51699352", "Catherine De Clercq": "Q52421101", "Hadas Soifer": "Q53244679", "Elizabeth Williams": "Q53392498", "Marta Fajardo": "Q53417404", "Evelina Mihova Gersabeck": "Q53462960", "Claudia Patrignani": "Q53463466", "Kathrin Wimmer": "Q53497904", "Anna Milillo": "Q53965737", "Marina Petri": "Q54007053", "Barbara Golec": "Q54497125", "Corinne Rossi": "Q54535187", "Marina K Kuimova": "Q54900056", "Christine Kourkoumelis": "Q55005217", "Anna Kaczmarska": "Q55029543", "Elisabetta Manca": "Q55086698", "Emanuele Leonardi": "Q55096220", "Ma\u0142gorzata Florek-Wojciechowska": "Q55098321", "Veronika Ob\u0161ilov\u00e1": "Q55117762", "Danielle L. Gray": "Q55294184", "Heather M. Whitney": "Q55375522", "Aneta Rogalska": "Q55403904", "Maria Isabel Lopes": "Q55483746", "Paulina Sicinska": "Q55507370", "Liu, Peiling": "Q55708168", "Alessandra Gatti": "Q56062139", "Mariarosaria Falanga": "Q56112035", "Eilish McLoughlin": "Q56241602", "Kelly Chance": "Q56246741", "Josette Vincent-Geisse": "Q56254476", "Agata Fronczak": "Q56255671", "Bo\u017cena Bukowska": "Q56261495", "Valentina Santoro": "Q56285693", "Isla Myers\u2010Smith": "Q56353412", "Ayako Abe-Ouchi": "Q56424168", "Mei Bai": "Q56446750", "Nadine Neumayer": "Q56485029", "Hannah R Wakeford": "Q56486826", "Lucia Popescu": "Q56489799", "Claire Demuynck": "Q56565483", "Nicole Seiberlich": "Q56615324", "Jane Hvolb\u00e6k Nielsen": "Q56676157", "Carmen Palacios-Berraquero": "Q56692400", "Rachel M. Godun": "Q56697668", "Gaetana Laricchia": "Q56701851", "Marta Felcini": "Q56749886", "Susanna Corti": "Q56854934", "Chiara Cagnazzo": "Q56875829", "Katherine R. McCall": "Q56884289", "Liliana-Mihaela Ivan": "Q56941765", "Domizia Orestano": "Q56956157", "Adamantia F Fragopoulou": "Q57026189", "Yolanda Diaz-de-Mera": "Q57045808", "Silvia Scarpetta": "Q57060031", "Laura Marini": "Q57060610", "Bella Lake": "Q57060776", "Magdalena Szczerbowska-Boruchowska": "Q57067192", "Teresa Puig": "Q57079429", "Klaudia Maj": "Q57080504", "Magdalena Zych": "Q57082573", "Maria R\u00f3\u017ca\u0144ska": "Q57085931", "Aim\u00e9e Slangen": "Q57150733", "Aleksandra Wro\u0144ska": "Q57172598", "Giulia Ricciardi": "Q57219416", "Ana Bastos": "Q57239114", "Ivonne Montes": "Q57268341", "Hannah Williams": "Q57321081", "Annarita D'Addabbo": "Q57413022", "Christine Thomas": "Q57413099", "Ma\u0142gorzata Lekka": "Q57413876", "Maria Chiara Angelini": "Q57417175", "Annika Sepp\u00e4l\u00e4": "Q57420761", "Jung-Eun Lee": "Q57492715", "Tatjana Wilk": "Q57515850", "Monica de Simone": "Q57526680", "Lidia G\u00f6rlich": "Q57550591", "Marzena Banasiewicz": "Q57553197", "Agnieszka Nawrocka": "Q57571216", "Maurizia Palummo": "Q57580075", "Franca Manghi": "Q57580909", "Shona Smith": "Q57626167", "Annalisa Fierro": "Q57630596", "Stephanie A. McAfee": "Q57758291", "Erin A. Wirth": "Q57818255", "Gabi Laske": "Q57837319", "Sonja Gisinger": "Q57848803", "Maria Ana Baptista": "Q57880680", "Maura Murru": "Q57880779", "Antonella Amoruso": "Q57902613", "Clara Troncon": "Q57909590", "Ines Alvarez": "Q57921852", "Ana Ferreira": "Q57930327", "Eva Bunge": "Q57959420", "Olga Volkova": "Q57980846", "Paola Gori": "Q57981281", "Aneta Aniela Kowalska": "Q57982383", "Jeannine-Marie St. Jacques": "Q58097001", "Ruth Lorenz": "Q58097628", "Amy Snover": "Q58097865", "Daniela Flocco": "Q58150113", "Matilde Rusticucci": "Q58159752", "Marta Arczewska": "Q58209555", "Linden Ashcroft": "Q58226099", "Katarzyna Pogoda": "Q58237531", "Patr\u00edcia Gon\u00e7alves": "Q58254300", "Giovanna Montagnoli": "Q58314238", "Nataliia Borodai": "Q58315597", "Ivanka Bozovic Jelisavcic": "Q58320214", "Angelika Tefelska": "Q58321157", "Maja Ma\u0107kowiak-Paw\u0142owska": "Q58321181", "Anna Jany": "Q58323210", "Maria Kmiecik": "Q58323977", "Hana \u0160ebestov\u00e1": "Q58324075", "Barbara De Lotto": "Q58325289", "Nadezda Chernyavskaya": "Q58325836", "Elisabetta L. Barberio": "Q58327655", "Lisa Martin": "Q58332135", "Isabel Trigo": "Q58339178", "Roxana Bojariu": "Q58346079", "Paola Mercogliano": "Q58350873", "Agnieszka Dziurda": "Q58352797", "Tess Reynolds": "Q58373503", "Dijana Dominis Prester": "Q58375262", "Jan Kretzschmar": "Q58382302", "Jennifer Vanos": "Q58412716", "Almut Beige": "Q58476832", "Federica Fabbri": "Q58481463", "Emilia Baszanowska": "Q58656752", "Joanna Raczkowska": "Q58657443", "Helvi Witek": "Q58686611", "Zdena Lustigova": "Q58764920", "Agnieszka Michota-Kami\u0144ska": "Q58785120", "Shabnam N Kadir": "Q58790721", "Mariela Menghini": "Q58809892", "Malgorzata Igalson": "Q58810547", "Eda Sahin": "Q58813020", "Berta Rubio": "Q58813648", "Katharina Lorenz": "Q58819317", "Ir\u00e8ne Buvat": "Q58870302", "Patrizia Guida": "Q58918709", "Margarita Mediavilla": "Q59000649", "\u00c9velyne Toussaint": "Q59052960", "Maarja Grossberg": "Q59136515", "V\u00e9ronique Rosilio": "Q59187819", "Joanna Kowalczuk": "Q59195126", "Alice Olmstead": "Q59279098", "Christine Maier": "Q59418137", "Linda Sansoni": "Q59418695", "Martyna Michalska": "Q59431062", "Carola Meyer": "Q59436028", "Gra\u017cyna Neunert": "Q59436559", "Katerina Szokolov\u00e1": "Q59437428", "Katarzyna Mi\u0142owska": "Q59440689", "Tiziana Di Luccio": "Q59441804", "Katarzyna Gas": "Q59506737", "Marina Putti": "Q59527817", "Anna Majcher": "Q59535065", "Geetha Balakrishnan": "Q59537160", "Ewa Mlynczak": "Q59538812", "Kl\u00e1ra Beranov\u00e1": "Q59540880", "Agnieszka Kowalska-Baron": "Q59542457", "Gabriela Barreto Lemos": "Q59544047", "Agnieszka Marczy\u0144ska": "Q59548963", "Anna Baranowska-Korczyc": "Q59551541", "Justyna Barzowska": "Q59553003", "Joanna Czapla-Masztafiak": "Q59553754", "V\u011bra Ka\u0161p\u00e1rkov\u00e1": "Q59563471", "Karolina M. Siskova": "Q59566467", "Mari Carmen Ba\u00f1uls": "Q59589885", "Valentina Quercioli": "Q59591496", "Barbara Dietz": "Q59607476", "Katarzyna Balin": "Q59661411", "Andrea Balbas": "Q59673524", "Barbora Li\u0161kov\u00e1": "Q59685086", "Marta Czy\u017cewska": "Q59688094", "Camille B\u00e9langer-Champagne": "Q59693327", "Dorota Kubacka": "Q59707292", "Hanieh Fattahi": "Q59750249", "Chelsea L. Wood": "Q59755341", "Carla Carmelo Rosa": "Q59958983", "Ana Catarina Lopes": "Q60005649", "Catarina Ferreira": "Q60006313", "Naiara Barrado Izagirre": "Q60034679", "Leah J. Broussard": "Q60042054", "Rosalind Skelton": "Q60043814", "Saptaparna Bhattacharya": "Q60056767", "Aleksandra Mielewczyk-Gry\u0144": "Q60143295", "Simone Sanna": "Q60154102", "Valeria Demontis": "Q60164273", "Gail L. Christeson": "Q60164958", "Sonia M. Tikoo-Schantz": "Q60167154", "Michelle Driscoll": "Q60181941", "Veronica Granata": "Q60244726", "Joanna Zem\u0142a": "Q60252074", "Rebecca Elizabeth Smith": "Q60290966", "Hanna Pruchnik": "Q60319891", "Zuri\u00f1e Zulaika": "Q60324325", "Halina Abramowitz": "Q60338874", "Roni Ilan": "Q60338925", "Yael Shadmi": "Q60338926", "Shlomit Tarem": "Q60338936", "Karen Michaeli": "Q60339916", "Teresa Kral": "Q60438407", "Helena \u017dleb\u010d\u00edkov\u00e1": "Q60696512", "Laura Parisi": "Q60730323", "Katerina Steiger": "Q60744509", "Marie Behounkova": "Q60754826", "Judith Elena Jordan": "Q60763425", "Mafalda Dias": "Q60777245", "Ewa Mandowska": "Q60784084", "Carme Rodriguez-Tajes": "Q60867231", "Doris Vollmer": "Q61041223", "Elena Bascones": "Q61053813", "Olga Gogota": "Q61073674", "Ulrika Jakobsson": "Q61088523", "Catherine Scholey": "Q61089275", "Elena Litvinova": "Q61089671", "Samaa El-Dek": "Q61090133", "Iva Matol\u00ednov\u00e1": "Q61090314", "Anna Lapinska": "Q61092504", "Catalina von Bilderling": "Q61114922", "\u05e8\u05d7\u05dc \u05dc\u05d5\u05d1\u05e8\u05d8": "Q61126188", "Agnieszka Skocze\u0144": "Q61151994", "Rebecca Whelan": "Q61202163", "Mercedes Quintana": "Q61601965", "S. H. Kim": "Q61612832", "Paola Di Pietro": "Q61716738", "Analisa Gabriela Mariazzi": "Q61763681", "Kelly Nash": "Q61775358", "Claudia Di Napoli": "Q61857047", "Carolin Hahn": "Q61904307", "Ingrid Schuster": "Q61911964", "Sylvia J. Zhu": "Q61917312", "Mar\u00eda Josefina Alconada Verzini": "Q61958783", "Silvana Stewart": "Q61964026", "Luc\u00eda Scaffardi": "Q61974884", "Alina Adams": "Q61992397", "Caroline Champenois": "Q61996712", "Astrid Drechsler": "Q62050257", "Claudia Eberlein": "Q62066860", "Flavia Alejandra G\u00f3mez Albarrac\u00edn": "Q62116995", "Michel K Nieuwoudt": "Q62239157", "Annie M. Kell": "Q62536912", "Maria C. Giordano": "Q62609898", "Ghinwa Naja": "Q62609920", "J Czub": "Q62641660", "Donatella Cassettari": "Q62662547", "Dorota Buczynska": "Q62673068", "Marika Havl\u00edkov\u00e1": "Q62690804", "Mika Kawashima": "Q62701798", "Joanna J\u0119drzejewska-Szmek": "Q62854509", "Hillary A. Scannell": "Q62935691", "Esther Dudzik": "Q63065679", "Virginia Azzolini": "Q63243954", "Magdalena Matejska-Minda": "Q63391786", "Valentina Domp\u00e8": "Q63408281", "Patricia M Dehmer": "Q63652603", "Alice King": "Q63860023", "Alla S. Safronova": "Q63872647", "Malgorzata Makowska-Janusik": "Q63891617", "Katarzyna B. Tokarska": "Q63951826", "Martyna Krzykawska-Serda": "Q63966866", "Katarzyna Gajos": "Q64025354", "Margherita Ghezzi": "Q64053417", "Solveig Glomsr\u00f8d": "Q64143932", "Ewa Marzec": "Q64173834", "Miriam Reiner": "Q64492256", "Iwona Stanis\u0142awska": "Q64494122", "Victoria Fonseca Gonz\u00e1lez": "Q64639621", "Marcelle Kaufman": "Q64679059", "Heather Russell": "Q64854112", "Robin Diane Erbacher": "Q64855281", "Regina Demina": "Q64855620", "Caterina Vernieri": "Q64856014", "Ma\u0142gorzata Anna Janik": "Q64856587", "Barbara Trzeciak": "Q64856600", "Tatsiana Klimkovich": "Q64858072", "Brigitte Vachon": "Q64858827", "Ilaria Brivio": "Q64861033", "Lucrezia Stella Bruni": "Q64861034", "Luc\u00eda Di Ciaccio": "Q64861045", "Linda Finco": "Q64861061", "Giulia Gonella": "Q64861073", "Kristin Lohwasser": "Q64861127", "Daniela Rebuzzi": "Q64861572", "Hella Leonie Snoek": "Q64861590", "Eleni Vryonidou": "Q64861616", "Anna Macchiolo": "Q64862666", "Michela Biglietti": "Q64864352", "Ulrike Blumenschein": "Q64864385", "Androula Alekou": "Q64867010", "\u0411\u0435\u0437\u0432\u0435\u0440\u0448\u0435\u043d\u043a\u043e \u042e\u043b\u0456\u044f \u0412\u0430\u0441\u0438\u043b\u0456\u0432\u043d\u0430": "Q65198928", "Alice Golsen": "Q65249951", "Nika Valen\u010di\u010d": "Q65953233", "Sa\u0161a Fratina": "Q65953496", "Liza Mijovi\u0107": "Q65953576", "Supurna Sinha": "Q66270920", "Yolanda Ohene": "Q66685069", "Kimberly M. Wood": "Q67044609", "Francesca Nessi-Tedaldi": "Q67045676", "Ma\u0142gorzata Dutka": "Q67064821", "Jacklyn M. Gates": "Q67080461", "Katri Lassila-Perini": "Q67181300", "Norma Beatriz Canosa": "Q67325885", "Francesca Di Lodovico": "Q67403822", "Marie-H\u00e9l\u00e8ne Schune": "Q67470227", "Veronique Boisvert": "Q67482673", "Teresa Barillari": "Q67650811", "Barbara Trzebicka": "Q68008724", "Roberta Arcidiacono": "Q68190176", "Jana Lasser": "Q68441456", "Roumyana M. Hadjiiska": "Q68572435", "Jena Meinecke": "Q68671764", "Anne Pawsey": "Q68672140", "I-Hsiu Lee": "Q68703554", "Fabienne Ledroit-Guillon": "Q70143451", "Judith Katzy": "Q70400923", "Femke Nijsse": "Q71657973", "Hanna Trebacz": "Q73037586", "Anna Macio\u0142ek": "Q73041914", "Urszula Wo\u017anicka": "Q73189022", "Dagmara Sokolowska": "Q73217234", "Olga Weso\u0142owska": "Q73308625", "Monika Asztemborska": "Q73472099", "Marcela Mike\u0161t\u00edkov\u00e1": "Q73505474", "S\u00f3nia Isabel Gon\u00e7alves": "Q73546468", "Iwona Grabowska-Bold": "Q73612172", "Anna Mastroberardino": "Q73690543", "Joana Machado Miguens": "Q74028939", "Stefania Petracca": "Q74229057", "Izabela Gorczyca": "Q74356895", "Marcela Beatriz Fern\u00e1ndez Van Raap": "Q74364016", "Laura B. Steren": "Q74370677", "Venera Boldea": "Q74553753", "Iwona Justyniak": "Q74595331", "Lucie Augustovi\u010dov\u00e1": "Q75087825", "Jolanta Swiergiel": "Q75212363", "Flera Rizatdinova": "Q75744487", "M\u00e1ria-Magdolna Ercsey-Ravasz": "Q75830634", "Claudia Glasman": "Q76147980", "Usha Mallik": "Q76153865", "Sylvie Rosier-Lees": "Q76547973", "Lydia Iconomidou-Fayard": "Q76757101", "Kaori Maeshima": "Q77051441", "Aurore Savoy-Navarro": "Q77358856", "Magdalena Za\u0142uska-Kotur": "Q77845214", "Ana Maria Serra Tort": "Q77860068", "Constan\u00e7a Provid\u00eancia": "Q77884041", "Eva Halkiadakis": "Q77961558", "Claudia E. Rodr\u00edguez Torres": "Q78125666", "Erika Bronze-Uhle": "Q78166391", "Gina MacDonald": "Q78341569", "Delia Marshall": "Q78431390", "Irena Kruk": "Q78669344", "Daria Zieminska": "Q79102014", "Ekaterina Elfimova": "Q79199817", "Danuta Makowiec": "Q80446385", "Malgorzata Wrzesien": "Q80798168", "Irena Nikolic-Audit": "Q82282050", "Sabine Cr\u00e9p\u00e9-Renaudin": "Q82771122", "Magdalena Namieci\u0144ska": "Q82789523", "Elizaveta Ya Gatapova": "Q83020229", "Tetyana Torchynska": "Q83146999", "Katarzyna G\u00f3rska": "Q83188145", "Barbara Gabrys": "Q83382764", "Priscilla Pani": "Q83386339", "Jadwiga Maniewska": "Q83401163", "Jana Stani\u010dov\u00e1": "Q83437034", "Emanuela Barberis": "Q83494647", "Alena Spi\u010d\u00e1kov\u00e1": "Q83502512", "El\u017cbieta Richter-W\u0105s": "Q83719956", "Irina Petrova": "Q83749629", "Meenakshi Narain": "Q83803564", "Laura Serkovic Loli": "Q83826546", "Lyudmila S. Klimenko": "Q84025982", "Lizbet Le\u00f3n F\u00e9lix": "Q84031966", "Tanja Kneiske": "Q84156491", "Kate Louise Jones": "Q84308399", "Monika Gamza": "Q84412092", "Jolanta Prywer": "Q84516479", "Francesca Becherini": "Q84958093", "Czes\u0142awa Paluszkiewicz": "Q85073497", "Paulina Struga\u0142a": "Q85324785", "Katarzyna Mokra": "Q85328246", "Agnieszka Jamrozik": "Q86117006", "Liliana Teodorescu": "Q86284449", "Julie Malcl\u00e8s": "Q86451189", "Kamila Sofi\u0144ska": "Q86721920", "Lili Xia": "Q86790603", "Honorata Hafke-Dys": "Q87096068", "Lenka Hanykov\u00e1": "Q87110599", "Cynthia A. Stanich": "Q87120191", "H. Cynthia Chiang": "Q87189799", "Sarah Kaiser": "Q87201339", "Ana Luna": "Q87242773", "Karina Arinstein": "Q87269425", "Sharon Lee Hagopian": "Q87342580", "Mar\u00eda del Rosario Heras Celem\u00edn": "Q87445452", "Magdalena E Marzec": "Q87604806", "Anna Wojna-Pelczar": "Q87635192", "Diane S. Lidke": "Q87636195", "Ana Pastore y Piontti": "Q87834820", "Claire Adam Bourdarios": "Q87895244", "Anna Kozio\u0142-Rachwa\u0142": "Q87906646", "Shirley W. Leung": "Q88001092", "Valentina Emiliani": "Q88085426", "Jessica Campos-Delgado": "Q88175369", "Ingrid Mann": "Q88176612", "Siwei Liu": "Q88223588", "Silvana De Lillo": "Q88267887", "Karol\u00edna Vocetkov\u00e1": "Q88389729", "Crina M. Nimigean": "Q88645920", "Daria A Smirnova": "Q88656723", "Ivana Stul\u00edkov\u00e1": "Q88673156", "Hyejin Ryu": "Q88674903", "Flavia Artizzu": "Q88691038", "Sarah K\u00f6ster": "Q88718910", "Agnieszka Ci\u017cman": "Q88818522", "Chiara Meroni": "Q88868807", "Cecilia Masciullo": "Q89075742", "Patrycja Dolibog": "Q89247918", "L. Debora Contreras-Pulido": "Q89501228", "Athanassia Athanassiou": "Q89715888", "Agnieszka Banas": "Q89996092", "Katarzyna Blinowska": "Q90026964", "Jeanne C. Stachowiak": "Q90028641", "Claudia Pasquero": "Q90134830", "Ruxandra I Dima": "Q90321724", "Maddalena Patrini": "Q90396763", "Isabelle Ranchon-Cole": "Q90663716", "Haleh Khani Hadavand": "Q90675681", "Llu\u00efsa-Maria Mir": "Q90805193", "Sandrine Laplace": "Q90895763", "Agata Kowalska": "Q91103944", "Karolina Gaska": "Q91190668", "Laura Patrizii": "Q91214023", "Dorothee Schaile": "Q91265492", "Iga Jankowska": "Q91274748", "Lucie Bedn\u00e1rov\u00e1": "Q91335875", "Lilian Childress": "Q91426612", "Panayiota Katsamba": "Q91472124", "Susanne Kersten": "Q91502898", "Ranjusha Rajagopalan": "Q91603856", "Chiara De Sio": "Q91652773", "Joleen Pater": "Q91659190", "Monika Fleischer": "Q91678050", "Anyes Taffard": "Q91726943", "Miriam S. Vitiello": "Q91877060", "Concita Sibilia": "Q91918801", "Maria Ba\u0142anda": "Q91925748", "Karolina Mikulska-Ruminska": "Q91933823", "Simona Sitar": "Q91963936", "Maryam Heydari Dokoohaki": "Q92034618", "Marta Targosz-Korecka": "Q92167513", "Anna Zakharova": "Q92345027", "Agnieszka Kuli\u0144ska": "Q92470549", "Barbara B\u0142asiak": "Q92470550", "Barbara Krystyna Wosiek": "Q92470552", "Ewa Dryzek": "Q92470554", "Ewa G\u0142adysz-Dziadu\u015b": "Q92470557", "Gra\u017cyna Nowak": "Q92470559", "Katarzyna Mazurek": "Q92470561", "Ma\u0142gorzata K\u0105c": "Q92470563", "Maria Massalska-Arod\u017a": "Q92470564", "Marta Wolny-Marsza\u0142ek": "Q92470565", "Myung-Hwa Jung": "Q92503421", "Carla Balocco": "Q92636529", "Anna Starczewska": "Q92991077", "Margaret Rosenberg": "Q93172866", "Kirsten Anne Tollefson": "Q93254091", "Z\u00fcleyha \u00d6zta\u015f": "Q93386443", "Margaret H. Alston": "Q93765317", "Monica D'Onofrio": "Q94022845", "Yi Wang": "Q94504888", "Eutychia Papai\u014dannou": "Q94580473", "Sylwia Orzechowska": "Q94582947", "Emily Laura Nurse": "Q94628120", "Anita Ehlers": "Q95697174", "Margarethe Schmidt": "Q95706351", "Carmen Magall\u00f3n Portol\u00e9s": "Q95750745", "Emanuela Jacchetti": "Q95832864", "Angela Lombardi": "Q95979490", "Simonetta Gentile": "Q95983907", "Joanna Fiedor": "Q95999712", "Ute R. Vetter": "Q96000034", "Federica Bianco": "Q96017151", "Rosy Nicolaidou": "Q96029741", "Giovanna Lehmann Miotto": "Q96029854", "Jane Chan": "Q96032576", "\u00c1ngela M. Barrag\u00e1n": "Q96129852", "Jana Jire\u0161ov\u00e1": "Q96138384", "Joanna Duda\u0142a": "Q96147817", "Sylwia Fiejdasz": "Q96147826", "Dominika Go\u0142u\u0144ska": "Q96147844", "Aleksandra Jung": "Q96147868", "Barbara Kawecka-Magiera": "Q96147879", "Ma\u0142gorzata Krawczyk": "Q96147894", "Gra\u017cyna Krupi\u0144ska": "Q96147897", "Katarzyna Matusiak": "Q96147901", "Beata Ostachowicz": "Q96147934", "El\u017cbieta Strza\u0142ka": "Q96147951", "Aleksandra Wandzilak": "Q96147971", "Anna Wn\u0119k": "Q96147976", "Joanna Janik-Kokoszka": "Q96150075", "Aleksandra Orzechowska": "Q96150117", "Izabela Kami\u0144ska": "Q96150942", "Sandra Modli\u0144ska": "Q96194598", "Ewa Olejarz-Mieszaniec": "Q96249702", "Lucyna Samek": "Q96249703", "Barbara Winiarska": "Q96249704", "Michelle Stephens": "Q96273299", "Maia Mosidze": "Q96336839", "Hana Uhl\u00ed\u0159ov\u00e1": "Q96345239", "Kerstin Lantzsch": "Q96396890", "Jessica L\u00e9v\u00eaque": "Q96460003", "Naomi Oppenheimer": "Q96472653", "Barbara Liberti": "Q96633137", "Milena Astrua": "Q96635881", "Raffaella Burioni": "Q96647734", "Magdalena M Olchawa": "Q96690183", "Jessica Lynn Leonard": "Q96691105", "Rachel Yohay": "Q96691608", "Addolorata Farilla": "Q96782593", "Orly Gnat": "Q96863655", "Krystyna Kolwas": "Q97370211", "Natalia Gorska": "Q97373243", "Daniela Salvatore": "Q97515182", "Rebecca Jean Herman": "Q97653010", "Agn\u00e8s Ducharne": "Q97692568", "Maria Teresa M\u00f3ra i Aznar": "Q97831445", "Madhuri Kumari": "Q98601638", "Magdalena Chrab\u0105szczewska": "Q98617815", "Gioietta Kuo": "Q98969617", "Kelley Hall": "Q99207433", "Ewa St\u0119pie\u0144": "Q99515221", "Danuta Goc-Jag\u0142o": "Q99515223", "Atsuko Ichikawa": "Q99517262", "Fran\u00e7oise Oheix": "Q100376666", "Stella Riad": "Q100588748", "Marta Gaburj\u00e1kov\u00e1": "Q100737753", "Alessandra Giannasi": "Q100968728", "Almut Kirchner": "Q100995295", "Brigitte Bischof": "Q101113142", "Emily E. Clark": "Q102082872", "Agnieszka Wochnik": "Q102136189", "Petra K\u00fchrov\u00e1": "Q102213656", "Mayya Tokman": "Q102231802", "Janet Green": "Q102293102", "Natasha Gelfand": "Q102304458", "Siannah Pe\u00f1aranda Rivas": "Q102354852", "Polina Solomonovna Landa": "Q102364819", "Alessandra Gliozzi": "Q102380929", "Jill P. Dahlburg": "Q102381693", "Ka\u0107a Bradonji\u0107": "Q102397859", "Raquel Henriques Ribeiro": "Q102404008", "Shohreh Abdolrahimi": "Q102405832", "Erica Thompson": "Q102406401", "Anna Urbaniak-Kucharczyk": "Q102408403", "Marcella Palese": "Q102411844", "Lucia Sorrentino": "Q102414179", "Nele Callebaut": "Q102426059", "Claudia Matthies": "Q102435218", "Silke F\u00fcrstberger": "Q102435245", "H\u00e9l\u00e8ne Veltman": "Q102436295", "Magdalena Stoeva": "Q102440135", "Guiomar Ruiz": "Q102636471", "Yasaman Yazdi": "Q102701289", "Nosiphiwo Zwane": "Q102701300", "Andrea Fuster": "Q103008831", "Irene Bredberg": "Q103285066", "Monica Guica": "Q103285176", "Michelle Cyrier": "Q103285282", "Sarah Porteboeuf-Houssais": "Q103820473", "Anna Kozanecka-Szmigiel": "Q103824212", "Sally Shrapnel": "Q103830915", "Teresa Jaworska-Go\u0142\u0105b": "Q104112642", "Janette Lindesay": "Q104173634", "Claire Williams": "Q104466383", "Kathryn Todd": "Q104531113", "Stephanie Moyerman": "Q104531514", "A Magnani": "Q104574154", "Laura Borrello": "Q104574156", "Agnieszka Siemion": "Q104614062", "Mariela Adelina Portesi": "Q105142413", "Diane M. dePolo": "Q105453316", "Agnieszka Luszczak": "Q105547098", "Anna Migalska-Zalas": "Q105571955", "Anja Metelmann": "Q105649346", "Ana Rita Ara\u00fajo": "Q105966655", "Filomena Nunes": "Q106042551", "Maria Filomena Guerra": "Q106051404", "Tatiana Correia": "Q106104123", "Zineb El Mouridi": "Q106167669", "Bibi Bailas": "Q106545483", "Eleri Pryse": "Q106629770", "Nicoletta Ianiro": "Q106949931", "Marianne Lambert": "Q106981097", "Kl\u00e1ra \u010c\u00e9pe": "Q106984251", "Yoshie Harada": "Q106994389", "Allison Chatrchyan": "Q107183140", "Maria K. Janowiak": "Q107278626", "Kristen Schmitt": "Q107316536", "Patricia Danielle Shannon": "Q107316558", "Hannah Abbotts": "Q107339105", "Erika Harnett": "Q107339849", "Aurelia Baca": "Q107594765", "Rachel Gebhart": "Q107834505", "Jasmine A. Nirody": "Q107938691", "Roberta Cecchi": "Q107988755", "Maura Sassetti": "Q107998812", "Paola Arias": "Q108028134", "\u039c\u03b1\u03c1\u03af\u03b1 \u039c\u03b1\u03c1\u03ba\u03ad\u03c4\u03bf\u03c5": "Q108328775", "Maria Longobardi": "Q108479267", "Caroline Holden": "Q108641658", "Lotta Jokiniemi": "Q108760091", "Nina Varzar": "Q108761719", "Anna Giacobbe": "Q108810266", "Francisca M. Garay Walls": "Q108887112", "Krishni Wijesooriya": "Q108905555", "Ariane Frey": "Q109247488", "Sonia M. Buckley": "Q109286454", "Anna Kaiser": "Q109322207", "Zinta Zommers": "Q109920496", "Luisa Caneve": "Q110572436", "Izabela Sosnowska": "Q110618317", "Giulia Cusin": "Q110635837", "Nathalie de Noblet-Ducoudr\u00e9": "Q110702468", "Chiara Toldo": "Q110845033", "Marisa Alejandra Bab": "Q110875190", "Chandni Singh": "Q110877283", "Ana Gabriela Dumrauf": "Q110916467", "Liliana Arrachea": "Q111240444", "Rui Chen": "Q111380774", "Gwendoline Eadie": "Q111534358", "Annalisa De Caro": "Q111694332", "Maria Teresa Mercaldo": "Q111694852", "Sandra Robles": "Q111725509", "Cinzia Di Giorgio": "Q111731212", "Valentina Serra": "Q111745801", "Angela Nigro": "Q111755803", "Carla Cirillo": "Q112032492", "Marie Bo\u00ebr": "Q112074284", "Roberta Esposito": "Q112078549", "Maria Giuseppina Adesso": "Q112119261", "Daniela Alfano": "Q112151002", "C\u00e9cile Monthus": "Q112156030", "Michela Cacciapuoti": "Q112161308", "Rosangela Canonico": "Q112169594", "Marilena Catapano": "Q112183376", "Maria Rosaria Del Sorbo": "Q112226251", "Erica Brondolin": "Q112245104", "Simona Maria Stellacci": "Q112246227", "Daniela Buono": "Q112246370", "Oriana Fiore": "Q112259059", "Maria Vittoria Gargiulo": "Q112262698", "Delia Guerra": "Q112270219", "Otilia Militaru": "Q112278429", "Anna Maria Cucolo": "Q112281568", "Sylvia Ochesanu": "Q112306029", "Immacolata D'Acunto": "Q112306228", "Ernesta De Masi": "Q112306868", "Fabiana De Luca": "Q112390939", "Maria Funaro": "Q112568175", "Filomena Forte": "Q112568359", "Irena Oko\u0144ska-Koz\u0142owska": "Q112570402", "Marica Manisera": "Q112572466", "Silvia Pietroni": "Q112582758", "Rossella Latempa": "Q112593917", "Ileana Rabuffo": "Q112596424", "Cristina Ripoli": "Q112603308", "Francesca Uva": "Q112624126", "Nadia Martucciello": "Q112625125", "Aurora Mascolo": "Q112625226", "Monique Rivoal": "Q112627744", "Giulia Monetti": "Q112655439", "Myriam Pajuelo": "Q112656105", "Paola Pagano": "Q112662695", "Regina Rescigno": "Q112666203", "Danuta S\u0142awi\u0144ska": "Q112668081", "Inga J. Smith": "Q112671506", "Maria Grazia Rubino": "Q112677622", "Eleonora Ponticorvo": "Q112687315", "Rosetta Silvestri": "Q112708066", "Chiara Sirignano": "Q112708540", "Irene Sessa": "Q112710051", "Ma\u0142gorzata Zieli\u0144ska-Pfab\u00e9": "Q112747132", "Christina Lomasney": "Q112796078", "Alessandra Caterina Forti": "Q112820673", "Natascha H\u00f6rmann": "Q112850121", "Pia Jensen Ray": "Q113040130", "Renee Diehl": "Q113530692", "Madeline Wade": "Q113633488", "R\u016f\u017eena Kol\u00e1\u0159ov\u00e1": "Q113674377", "N\u00faria Ferrer i Anglada": "Q113711249", "Todorka L. Dimitrova": "Q113733560", "Gillian K. Straine": "Q113736119", "Wantana Klysubun": "Q113737704", "Agathe Brosset": "Q113751888", "Imke Bock-M\u00f6bius": "Q113780814", "Ana Ovcharova": "Q113844900", "Arianna Borrelli": "Q113845217", "Elodie Tiouchichine": "Q113847200", "Mar\u00eda Pilar Garc\u00eda del Moral": "Q113885518", "Francesca Bucci": "Q113957678", "Julia Anna Hoffman": "Q113976530", "Yanina Parshakova": "Q113988523", "Genevieve E. Steele": "Q114064796", "Katherine V. Ellis": "Q114075212", "Susanna Alloisio": "Q114121978", "Tanja Peterlin-Neumaier": "Q114245780", "Petia Prime": "Q114246603", "Antonella De Pasquale": "Q114316395", "Fernanda Ricci": "Q114349964", "Nadia Ligato": "Q114353027", "M. Aldaya Martin": "Q114432413", "Oihana Txoperena": "Q114441401", "Pratima Jindal": "Q114471712", "Matilde Marchi": "Q114594223", "Sedighe Salimian": "Q114678522", "Natalie Klco": "Q114731173", "Shabnam Safaei": "Q114733917", "Rahma Boussassi": "Q114757342", "Francesca Lizzi": "Q114757607", "Zahra Sadre Momtaz": "Q114758224", "Olga \u017d. Jovanovi\u0107-Kova\u010devi\u0107": "Q114871813", "\u0412\u043e\u043b\u044c\u0433\u0430 \u041c\u0456\u043a\u0430\u043b\u0430\u0435\u045e\u043d\u0430 \u042d\u043c\u0430\u043d\u0443\u044d\u043b\u044c": "Q114887897", "Stephanie Virginia Hickford": "Q114897426", "Emily Brunsden": "Q114899631", "Sandra Rome": "Q114917664", "Nancy L. Thompson": "Q114960784", "Blanka Janou\u0161ov\u00e1": "Q115020128", "Katar\u00edna Mikulov\u00e1": "Q115296084", "Yvonne Soldo-Olivier": "Q115476148", "Gra\u017cyna Suchanek": "Q115510098", "Barbara Warczak": "Q115564857", "Chiara M Holgate": "Q115611821", "Irena Jacyna-Onyszkiewicz": "Q115667747", "Sharon Ann Holgate": "Q115682603", "El\u017cbieta Kry\u015b": "Q115769128", "Barbara Si\u00f3dmiak": "Q115774064", "Jolanta Siemi\u0144ska": "Q115774091", "Krystyna Mieloszyk": "Q115774111", "Leokadia Bobrowicz-Sarga": "Q115920892", "Monika Grundwald-Wyspia\u0144ska": "Q115929663", "Krystyna \u017babi\u0144ska": "Q115942517", "Anna Ko\u015bmider-Schmidt": "Q115974338", "Maria P\u0142aszy\u0144ska": "Q116047677", "Ma\u0142gorzata Kolenda": "Q116142015", "Halina P\u0142okarz": "Q116237048", "Gulsen Onengut": "Q116716947", "Leila Hamdan Ahmed Abu Hassan": "Q116748779", "Fardous Saud Al-Saleh": "Q116764248", "Ewa Ruchowska": "Q117025229", "Zofia Le\u015b": "Q117025351", "Janina Socka": "Q117037305", "Anna Dega-Da\u0142kowska": "Q117059551", "Kajari Mazumdar": "Q117059970", "Miros\u0142awa Bertrandt": "Q117102320", "Anna Maryanowska": "Q117156460", "Laurette Ponce": "Q117194002", "Martina Malberti": "Q117198121", "Deborah Rosen": "Q117257365", "Krystyna Perzy\u0144ska": "Q117288328", "Keryn Anne Williams": "Q117316020", "Adriana P\u00e1lffy-Bu\u00df": "Q117407022", "Elena Taddei": "Q117449894", "Andrea Albert": "Q117469383", "Ada Solano": "Q117469920", "Maria \u015al\u00f3sarska": "Q117471998", "Maria Alchimowicz": "Q117472007", "Barbara \u0141azarska": "Q117557950", "Elettra Mari": "Q117661319", "Natalia Perkins": "Q117744131", "El\u017cbieta Bojarska": "Q117744253", "Gra\u017cyna Karbowniczek-Gratkowska": "Q118154259", "Ma\u0142gorzata Kleiner": "Q118220371", "Anita Doroba": "Q118220424", "Stanis\u0142awa Paj\u0105k": "Q118247294", "Maria Borysewicz": "Q118278920", "Anna Furmann": "Q118540814", "Maria Gaczy\u0144ska": "Q118540947", "Danuta Pa\u0142ecz": "Q118591577", "Pastora Mart\u00ednez Samper": "Q118633075", "M\u00f3nica Quezada Espinoza": "Q118917928", "Griselda Garcia Alimenti": "Q118926044", "El\u017cbieta \u017bupra\u0144ska": "Q119062149", "Ko Barrett": "Q119686286", "Annalisa Bracco": "Q119841115", "Doreen Wackeroth": "Q119857064", "Anna Batko-\u0141azarska": "Q120205238", "\u0411\u043e\u0433\u0434\u0430\u043d\u043e\u0432\u0430, \u0413\u0430\u043b\u0438\u043d\u0430 \u0421\u0435\u0440\u0433\u0435\u0435\u0432\u043d\u0430": "Q120280266", "Christiane Taupin": "Q120488976", "Maria Nowotny-R\u00f3\u017ca\u0144ska": "Q120541944", "Ewa Braziewicz": "Q120548099", "\u013dubom\u00edra Valovi\u010dov\u00e1": "Q120590473", "Marina Carpineti": "Q120597242", "Danuta Szot-Gawlik": "Q120597958", "Petra Dost\u00e1lov\u00e1": "Q120603502", "Dana Smetanov\u00e1": "Q120603965", "Olivia Koski": "Q120604211", "Michaela Honkov\u00e1": "Q120604280", "Hania Allen": "Q120609024", "Damara Strong": "Q120609730", "Vera Potop": "Q120610252", "Veronika \u0160ustkov\u00e1": "Q120616791", "Ann-Sophie Kaiser": "Q120617003", "Marie Musiolkov\u00e1": "Q120617064", "Henna Kokkonen": "Q120782261", "Elisa Rapisarda": "Q120985642", "Joyce Kimutai": "Q121070174", "Chiara Ingrosso": "Q121132165", "Ruth Cerezo-Mota": "Q121268404", "Julia Steinberg": "Q121278718", "Kirsty Y. Wan": "Q121279202", "Mary Argo": "Q121300468", "Helen Jupnik": "Q121369735", "Barbara Szabelska": "Q121433070", "Krystyna Tatarkiewicz": "Q121433115", "Eva Barbara Ziebarth": "Q121502580", "Gra\u017cyna Sznajd": "Q121879021", "Ganna Dolinska": "Q121879974", "Claudia Pistone": "Q121884623", "Bo\u017cena Janowska-Dmoch": "Q121906829", "Pavl\u00edna Hejskov\u00e1": "Q121930328", "Zofia Anna Stos-Gale": "Q122148048", "Francina Dominguez": "Q122260161", "Danuta Stefa\u0144ska": "Q122308193", "Chiara Caprini": "Q122331873", "Ma\u0142gorzata Bancewicz": "Q122335354", "Sylwia Kolenderska": "Q122395257", "Joanna G\u00f3recka": "Q122782939", "Monika Arciszewska": "Q122782958", "Stefania Baccaro": "Q122804128", "Wanda Gruszczy\u0144ska": "Q122816948", "Katarzyna Sendecka": "Q122816953", "Aleksandra Lelek": "Q122927710", "Lidia Opilska": "Q122984402", "Lucyna Augustyniak": "Q123013962", "Lisa M. Goodhew": "Q123036105", "Helena Bialkowska": "Q123436680", "Preeti Cowan": "Q123467342", "Teresa Tymieniecka": "Q123505892", "Suzanne Mary Rosier": "Q123509866", "Susanne Etti": "Q123512750", "Susanne Otto": "Q123857463", "Monika R\u00f3\u017cycka-Franaszczuk": "Q123915985", "Anna Marta Koziejowska": "Q124014257", "Krystyna Olkiewicz": "Q124026614", "Silvia Espinoza Su\u00e1rez": "Q124031242", "Carmen Araujo Del Castillo": "Q124031260", "Mar\u00eda Luisa Cer\u00f3n Loayza": "Q124039819", "Dorota D\u0119bowska-Nilsson": "Q124048154", "Mirian Esther Mej\u00eda Santill\u00e1n": "Q124053005", "Mar\u00eda Isela Zevallos Herencia": "Q124053040", "Isabel Liz Castro Merino": "Q124059563", "Regina Marta Siudak": "Q124130371", "Mar\u00eda Victoria Guti\u00e9rrez Escate": "Q124175013", "Carmen Sandra Guzm\u00e1n Calcina": "Q124175016", "Teresa Halina Lubowiecka": "Q124213827", "Stefania Rzyme\u0142ka": "Q124213941", "Enriqueta Victoria Campos Falc\u00f3n": "Q124304977", "Karina Silvana Guti\u00e9rrez Valverde": "Q124322039", "Ver\u00f3nica Jesus Pilco Mamani": "Q124349691", "Noely Zully Calder\u00f3n Ipanaqu\u00e9": "Q124420493", "Patricia Ysabel Poma Nu\u00f1ez": "Q124420514", "Mariela Huam\u00e1n Espinoza": "Q124420555", "Rosmary Guill\u00e9n Guill\u00e9n": "Q124465557", "Hanna Dabkowska": "Q124758785", "Patrizia Edel Pereyra Anaya": "Q124791484", "Mar\u00eda Elena L\u00f3pez Herrera": "Q124799194", "Loreleyn Flor Flores Escalante": "Q124800024", "Elvira Leticia Zeballos Vel\u00e1squez": "Q124801353", "Luisa Amparo Ju\u00e1rez Cortijo": "Q124839990", "Betzabel Noemi Silva Carrera": "Q124839991", "Sandra Claudia Aynaya Cahui": "Q124840088", "Cynthia Paola Contreras Medrano": "Q124840128", "Giovanna Campogiani": "Q125053635", "Eudokia Ostaszewicz": "Q125072015", "Bo\u017cena Zgardzi\u0144ska": "Q125131803", "Wioletta Nowak": "Q125173291", "Maria Piechowska": "Q125208235", "Jessica Mosqueira Yauri": "Q125215324", "Vanessa Celia Mart\u00ednez Rojas": "Q125215388", "Noelia Rojas Benavente": "Q125215464", "Miluska Marina Zamalloa Puma": "Q125395321", "Mariella Alzamora Camarena": "Q125395391", "Zaida Vilca Vilca": "Q125395447", "Laura Bremme": "Q125397029", "Aransselly Jes\u00fas Quiroz Chang": "Q125508934", "Patricia Kelly Taipe Torres": "Q125508952", "Lidia Narda Vilca Quispe": "Q125508955", "Angelika Klein": "Q125732434", "Alba Zanini": "Q125750020", "Mar\u00eda Bel\u00e9n Prados Pe\u00f1a": "Q125769036", "Laura Raquel Rado D\u00edaz": "Q125769040", "Mariella Janette Berrocal Tito": "Q125816994", "Diana C. Roman": "Q125826670", "Karem Yoli Tucto Salinas": "Q125863365", "Sandra del Pilar Zambrano Alva": "Q125863409", "Fran\u00e7oise Michelot": "Q125927259", "Natalia Saveleva": "Q125948717", "Irina Glot": "Q125952683", "Sarah C. Millholland": "Q126089527", "Ariaan Purich": "Q126155107", "Gra\u017cyna Staszewska": "Q126194143", "Valda Hilary McCann": "Q126806662", "Kathleen M. Amm": "Q127601976", "Lidia Dargiel-Sulir": "Q128579462", "Elwira Machowska": "Q130219537"}