{"Alice Mary Palmer": "Q76124145", "Elizabeth Thelberg Burr": "Q115064447", "Frances Alice Welby": "Q75574703", "Mary Christine Tebb": "Q115057759", "Josefine H\u00f6ber": "Q94738538", "Clara Zollikofer": "Q64705323", "Varvara Brilliant-Lerman": "Q21636483", "Mary Elizabeth Collett": "Q106786487", "Marija Tauja-Thielman": "Q115491521", "Dorothy Dale": "Q116870782", "Flora Murray Scott": "Q112762008", "Helene Wastl": "Q88966961", "Natalia Traugott": "Q4462223", "Ad\u00e8le Dubuisson": "Q116736361", "Gertrude Maengwyn-Davies": "Q51920833", "Lotte Reuter": "Q101105858", "Liubov Polishchuk": "Q47010013", "Emilia Andreasyan": "Q61997338", "Wac\u0142awa Maciejewska-Potapczykowa": "Q124989262", "Shelagh Morrissey": "Q64715418", "Brenda Clarke": "Q109104528", "Kimiko Sasaki": "Q106479052", "Eva Bonsdorff": "Q18237834", "Edith K. MacRae": "Q112851374", "El\u017cbieta Fonberg": "Q97372479", "Helena Birecka": "Q23071589", "Bernice Wenzel": "Q113085192", "\u0426\u043e\u043d\u0454\u0432\u0430-\u0421\u0430\u043c\u043e\u0439\u043b\u0435\u043d\u043a\u043e \u0422\u0435\u0442\u044f\u043d\u0430 \u041c\u0438\u043a\u043e\u043b\u0430\u0457\u0432\u043d\u0430": "Q61051840", "Milo\u0161 Spurn\u00fd": "Q76522797", "Zofia Uziak": "Q112749021", "Rosa Grigoryan": "Q22665483", "Sheila Jennett": "Q125117998", "\u0410\u043b\u044f\u043a\u0441\u0430\u043d\u0434\u0440\u0430 \u0410\u043b\u044f\u043a\u0441\u0430\u043d\u0434\u0440\u0430\u045e\u043d\u0430 \u041a\u0440\u044b\u045e\u0447\u044b\u043a": "Q61740524", "Sousanna Grigoryan": "Q24037096", "V\u011bra Nov\u00e1kov\u00e1": "Q95165645", "Emerita V. de Guzman": "Q120732704", "Yelena Korneva": "Q16665863", "Mitzy Canessa": "Q114729198", "Teresa G\u00f3rska-\u017b\u00f3\u0142towska": "Q55390033", "Jaroslava Folbergrov\u00e1": "Q87745960", "Aida Amatuni": "Q21209689", "Elisa T. Marusic": "Q114767338", "Veselinka \u0160u\u0161i\u0107": "Q47307344", "\u0410\u043b\u0435\u043a\u0441\u0454\u0454\u0432\u0430 \u0406\u0440\u0438\u043d\u0430 \u041c\u0438\u043a\u043e\u043b\u0430\u0457\u0432\u043d\u0430": "Q30607250", "Krystyna Radymska-Wawrzyniak": "Q115787379", "Renate Hanitzsch": "Q21264559", "\u0536\u057e\u0561\u0580\u0569 \u054e\u0561\u0570\u0580\u0561\u0574\u0575\u0561\u0576": "Q28654175", "\u05e2\u05dc\u05d9\u05d6\u05d4 \u05d1\u05e0\u05e6\u05d9\u05d5\u05e0\u05d9": "Q110527194", "Laura Nersesyan": "Q63616911", "Yumiko Takada": "Q116937558", "Astrid Kafka-L\u00fctzow": "Q51880212", "Evelyn Satinoff": "Q112845632", "Nada Gogala": "Q15409454", "Renata Wulff": "Q114177002", "Krystyna Nazar": "Q16323918", "Siranoush Minassian": "Q63681133", "Maimu Tohver": "Q120509453", "Zofia Zukowska": "Q218324", "Vera Klenerova": "Q70144890", "Margaret Anderson": "Q112407084", "Bella Bagratouni": "Q64691186", "Anne-Marie Schmid": "Q36510230", "Anna Struneck\u00e1": "Q14923671", "Lynn Allen Colby": "Q111266207", "Evi Padu": "Q16407991", "Birgitta Bergman": "Q4938538", "Sue Ritter": "Q90605247", "Maria Leja": "Q117237724", "Dana Mare\u0161ov\u00e1": "Q38546786", "Efigjeni Kongjika": "Q63283722", "Cynthia Carey": "Q60178799", "Jolanta Zagrodzka": "Q112917746", "Paramonova Halyna Ivanivna": "Q55107782", "Hana Rauchov\u00e1": "Q89798220", "Stanis\u0142awa Lipi\u0144ska": "Q110246301", "Tomoko Nakanishi": "Q111112253", "Eva Kohlikova": "Q58642076", "Dominique Prat": "Q47525236", "Judith Anne Brown": "Q112556696", "Zuzana \u010cervinkov\u00e1": "Q71700256", "Joanna Lewin-Kowalik": "Q66149724", "Anna Ter-Markosyan": "Q28747216", "Danuta Goszczy\u0144ska": "Q112764023", "Hasmik Hasratyan": "Q27686011", "B\u00e9reng\u00e8re Fromy": "Q16534688", "Lina Badim\u00f3n Maestro": "Q11931953", "Cecilia Vergara": "Q83750008", "\u00c1gnes Vehovszky": "Q67651769", "Keiko Ishii": "Q60230140", "Maria Concetta Morrone": "Q48712262", "Gy\u00f6ngyi Horv\u00e1th": "Q90042669", "Viktorie Vlachov\u00e1": "Q60785119", "Maria Rosa Abenavoli": "Q115264501", "Gabriela Timarova": "Q95968476", "Angelina Whalley": "Q16440319", "Maja Ravnikar": "Q91200567", "Alena Sumov\u00e1": "Q88635263", "\u0406\u043d\u0430 \u041c\u0456\u0445\u0430\u0439\u043b\u0430\u045e\u043d\u0430 \u041f\u0440\u044b\u0448\u0447\u044d\u043f\u0430": "Q114556016", "V\u00e9ronique Billat": "Q3564280", "Alison McConnell": "Q46656971", "Irine Kvachadze": "Q12865405", "Stella L Volpe": "Q86111847", "Barbara Barboni": "Q89918823", "Zora Melkova": "Q57113317", "Andrea Antal": "Q66816427", "Iveta Bernatova": "Q71574777", "Halka Lotkov\u00e1": "Q79444831", "Jitka \u017durmanov\u00e1": "Q51099975", "Martina Nedbalov\u00e1": "Q77913307", "Petra Hoffmann": "Q6073565", "Anne Bouloumi\u00e9-Diehl": "Q21254251", "Agnieszka Gre\u0144": "Q56797367", "Urszula Kosior-Korzecka": "Q91821706", "Rita Santos-Rocha": "Q47358967", "Birgit Li\u00df": "Q865268", "Magdalena Chottova Dvorakova": "Q62395520", "Alena K\u0159\u00ed\u017ekov\u00e1": "Q95380779", "Anne-Sophie Arnold": "Q53972545", "Agnieszka Cudnoch-J\u0119drzejewska": "Q59691275", "Eva Zavodna": "Q51915536", "Marie-Violaine Tatry": "Q114735544", "Sandrine Isnard": "Q64025703", "Karen Wonders": "Q106688178", "Oksana Sytar": "Q65196742", "Anna D'Amico": "Q106622300", "Jirina Prochazkova": "Q83891695", "Hana Uj\u010d\u00edkov\u00e1": "Q57029896", "Ren\u00e1ta Szemerszky": "Q82204524", "Zuzana Kr\u00e1tk\u00e1": "Q89179350", "Veronika Olejn\u00ed\u010dkov\u00e1": "Q59176229", "\u00c9milie Pastel": "Q57359234", "Barbora Kone\u010dn\u00e1": "Q59163295", "Kamila Weissova": "Q63368349", "Henrietta Csern\u00e9 Szappanos": "Q58839857", "Alice Howarth": "Q59662648", "Helena Kratochv\u00edlov\u00e1": "Q93074143", "Lenka Sedl\u00e1kov\u00e1": "Q112445495", "Dominika Hajd\u00fachov\u00e1": "Q99214345", "Rhiannon Meredith": "Q21264567", "Hanna Koz\u0142owska": "Q28672463", "Lisa Heather": "Q29653445", "Emma Hart": "Q29653542", "Janice Marshall": "Q29653560", "Mala Shah": "Q29653574", "Dominika Pa\u010desov\u00e1": "Q40088602", "Heidi de Wet": "Q41050284", "Jacqueline K. Phillips": "Q42440431", "Katharine Dibb": "Q42775192", "Erma Z. Drobnis": "Q42776941", "Jana Drapalova": "Q42958858", "Fiona D. McBryde": "Q43443616", "Kristina Bardova": "Q46633802", "Silvia V Conde": "Q49663197", "Maria Cristina D'Adamo": "Q50641929", "Michaela Vodi\u010dkov\u00e1": "Q52989186", "Elizabeth Vierling": "Q56476687", "Apolonia Sieprawska": "Q56797364", "Joanne Davidson": "Q57017015", "Lenka Hromadkova": "Q57061902", "Jenny Clarkson": "Q57064090", "Anna Z Sz\u00f3stek": "Q57069269", "Anna Vav\u0159\u00ednov\u00e1": "Q57072047", "Amanda Sferruzzi-Perri": "Q57072631", "Kristina Repova": "Q57104930", "Susan B Racette": "Q57320912", "Anne Kurtenbach": "Q57419565", "Sandra Burke": "Q57652054", "Stacy T. Sims": "Q58220800", "Iwona Szatkowska": "Q58366544", "Lenka Vyklick\u00e1": "Q58406879", "Cecilia Brunetti": "Q59028980", "Edyta Skrzypek": "Q59194743", "Petra Min\u00e1rikov\u00e1": "Q59195516", "Krystyna Rymarczyk": "Q59396983", "Kv\u011btoslava K\u0159\u00ed\u017ekov\u00e1": "Q59553855", "Ewa Kublik": "Q59607379", "Anna Cinkajzlov\u00e1": "Q59674422", "Katarzyna Bartkowska": "Q59683613", "Anna E Hughes": "Q59684824", "Claire E. Hills": "Q59688409", "Maria Piotrkiewicz": "Q59695670", "Vendula Tvrdonova": "Q59707085", "Anastasia Zhuravleva": "Q59951222", "Barbora Grauov\u00e1": "Q60186064", "Enrica Laura Santarcangelo": "Q60309661", "Bridget M. Lumb": "Q61040929", "Marzena Warcho\u0142": "Q61079158", "Marketa Koncicka": "Q61112934", "Mary E Wlodek": "Q61162846", "Jolanta Biesaga-Ko\u015bcielniak": "Q61775352", "Paola Rossi": "Q61777266", "Katarzyna \u0141ukasiuk": "Q61826660", "Grazyna Niewiadomska": "Q62591503", "Erin Curry": "Q62606805", "Marcela Buchtova": "Q63696938", "Agnieszka Miklosz": "Q63805795", "Maria Krotewicz": "Q64026651", "Beverley Greenwood-Van Meerveld": "Q66429642", "Isabel Rocha": "Q68038823", "Mary Scholes": "Q69449514", "Mhoyra Fraser": "Q70077921", "Eleanor Dewey Mason": "Q70612818", "Kim Dora": "Q71067838", "Pooneh Bagher": "Q71068106", "Anne King": "Q71068583", "Ilona Obara": "Q71068795", "Kirsty Mair": "Q71086143", "Aphrodite Vasilaki": "Q71088180", "Mary J. Morrell": "Q71089322", "Ivana Rosenzweig": "Q71089982", "Joanne Jones": "Q71092449", "Alex M. Thomson": "Q71093338", "Chrissy Stokes": "Q71094007", "Lynn Bindman": "Q71095313", "Romana Slamberova": "Q73100642", "Andrea \u0160tofkov\u00e1": "Q79482407", "El\u017cbieta Kompanowska-Jezierska": "Q79726131", "Marta Kuczeriszka": "Q79726134", "Ute Armbruster": "Q81507461", "Zohreh Hosseinzadeh": "Q82904287", "Agnieszka Skowronska": "Q83631652", "S\u00f3nia Negr\u00e3o": "Q84466195", "Iwona \u017bur": "Q84734025", "Francine G. Smith": "Q85638747", "Jana Brejchov\u00e1": "Q85924885", "Nikola Pinterov\u00e1": "Q87627822", "Martina Kutov\u00e1": "Q87652963", "Miroslava Majzunova": "Q87677164", "Leslie A. Consitt": "Q87713346", "Heather Simpson": "Q87730157", "Eva Tvrd\u00e1": "Q87818657", "Zuzana Hirjakov\u00e1": "Q87956347", "Marta Aleksandrowicz": "Q88089671", "Katrina Poppe": "Q88239530", "Renata Konopkov\u00e1": "Q88323553", "Rea Bingula": "Q88344704", "Chidinma A Okolo": "Q88872627", "Narine A Sarvazyan": "Q89654395", "Noriko Takeshita": "Q89862044", "Mary Williams": "Q89919014", "Gabriella K\u00e9kesi": "Q90042665", "Maria Hopman": "Q90318689", "Chiara Caselli": "Q91041070", "Henrietta Papp": "Q91045888", "Marketa Hlavackova": "Q91441790", "Jaroslava Martinkova": "Q91637847", "Zuzana Visnovcova": "Q92315603", "Enrica Petrini": "Q96185295", "Marcela Malovesk\u00e1": "Q96210421", "Mildred A. Pointer": "Q96257718", "Alice M Wallett": "Q97649682", "Isy F de Sousa": "Q97876943", "Petra Janovska": "Q100754409", "Lidiane Souza da Silva": "Q105708502", "Fiona Riddell": "Q107198441", "Alina Kucharewicz-Krukowska": "Q107437906", "Amber Hageman": "Q111604131", "Rosa Anna Busiello": "Q112247425", "Teresa Kentzer": "Q112506965", "Leokadia Rakoczy": "Q112572101", "Anne Bekoff": "Q112849514", "Julia Rose Casadio": "Q113390269", "Meagan Barclay": "Q113484650", "Hanna Kaciuba-U\u015bci\u0142ko": "Q114332310", "Magdalena Tom\u00e1s": "Q114438956", "Anna S\u0142uszniak": "Q114446249", "\u0410\u043b\u0430 \u0410\u043b\u044f\u043a\u0441\u0435\u0435\u045e\u043d\u0430 \u0415\u043c\u044f\u043b\u044c\u044f\u043d\u0430\u0432\u0430": "Q115128186", "Sahar H. Rashid": "Q115634294", "Danuta Wochnik-Dyjas": "Q116214632", "Shaneka S. Lawson": "Q116272372", "Anne Klotzsche-von Ameln": "Q117267718", "Sarah Elizabeth Todd": "Q117311519", "Rachael L Taylor": "Q118342532", "Alyson Tobin": "Q119220368", "Caroline E. Stringer": "Q120549386", "Chantelle Fourie": "Q120768536", "Mehwish Abbasi": "Q121892519"}