{"Anji Bee": "Q4765806", "Carolyn Elizabeth Yeager": "Q126908098", "M\u00e9lanie Wanga": "Q48979946", "Bettina Zourli": "Q121667324", "S\u00edomha N\u00ed Ruairc": "Q123851947", "Sabine R\u00fcckert": "Q1386677", "Denise Howell": "Q5257680", "Mar\u00eda Guerra": "Q47490097", "Am\u00e0lia Garrig\u00f3s i Hern\u00e1ndez": "Q11905409", "Sophie Corbett": "Q123360873", "Shohreh Feshtali": "Q123176427", "Natza Farr\u00e9 i Maduell": "Q38764125", "Carmel Vaisman": "Q113341362", "Cris Cawley": "Q112146135", "Ridina Ahmed": "Q105824861", "Agnieszka Szyd\u0142owska": "Q11684648", "Alexa Waschkau": "Q20898679", "Patricia Cammarata": "Q59677162", "Alison Rosen": "Q16215521", "Alexis Fawx": "Q27983037", "Laura Cathcart Robbins": "Q111645382", "Chemda": "Q2657194", "Clara Tiscar": "Q115870315", "Paulien Cornelisse": "Q2577467", "Cecilie Asker": "Q15648353", "Sarah Lane": "Q7422509", "Judit Mart\u00edn": "Q46925173", "Rebecca Love": "Q511458", "Eva Fitzelov\u00e1": "Q26714940", "Nilay \u00d6rnek": "Q23920531", "Anne Bogel": "Q112535813", "Joanna Carolan": "Q124749508", "Bridget Phetasy": "Q96241572", "Yvonne Fricke": "Q113018508", "Sarah S\u00f8rheim": "Q19228352", "Nikki Gordon-Bloomfield": "Q7035228", "One'sy Muller": "Q56524609", "Hanneke Hendrix": "Q13653543", "Stephanie Leigh Gutierrez": "Q115506482", "Anna Sale": "Q123487902", "Eva Frantz": "Q28070936", "Agata Kowalska": "Q117021734", "Alexandra Tobor": "Q1769792", "Juliette Duquesne": "Q98832972", "Luria Petrucci": "Q5019798", "Theresa Thorn": "Q61766842", "Dana Chivvis": "Q59780798", "Katarzyna Szymielewicz": "Q19268359", "Katrin R\u00f6nicke": "Q1736743", "Zo\u00eb Papaikonomou": "Q125511964", "Radhika Vijay": "Q116155705", "Ekemini Uwan": "Q111607309", "Christina Wallace": "Q64853888", "Katie Herzog": "Q107609565", "Arlene BlackGold Charles": "Q127740117", "\u00c9m\u00e9lie Rivard-Boudreau": "Q109302730", "Johanna Hurtig Wagrell": "Q126772869", "Aulia Halimatussadiah": "Q114419848", "Lindsay Lucas-Bartlett": "Q123153235", "Claudia Frick": "Q109279222", "Silvia Saige": "Q52151542", "Marina Santa Helena": "Q16337898", "Achol Jok Mach": "Q61483351", "Leah D'Emilio": "Q6509177", "Cecilie Ramona K\u00e5ss Furuseth": "Q65229116", "Hila Weissberg": "Q116068362", "Diana Ringelsiep": "Q120321316", "Jasmin L\u00f6rchner": "Q123160922", "Milisuthando Bongela": "Q124820545", "Rebecca O'Neill": "Q104713322", "Paloma Salas": "Q124433935", "Katjana Gerz": "Q1736674", "Kylie Wang": "Q109347471", "Samira El Ouassil": "Q1509247", "Franziska Singer": "Q27833509", "Ida Fladen": "Q17305230", "Tove Lindgren": "Q83740879", "Sovereign Syre": "Q15846410", "Katarzyna Czajka-Kominiarczuk": "Q105794498", "Mia Ceran": "Q16578175", "Ren\u00e9e Kapitein": "Q122237750", "Gabriella Ad\u00e8r": "Q123183420", "Emma Zaf\u00f3n": "Q125556945", "Ricarda Hofmann": "Q106785117", "Cecilie Nielsen": "Q47500086", "Anika Landsteiner": "Q110965016", "La\u00e9lia V\u00e9ron": "Q67408572", "Visa Vie": "Q2528074", "Taous Merakchi": "Q85941785", "Jessica Weaver": "Q110310072", "Evelyn Weigert": "Q48683564", "Sorelle Amore": "Q63974100", "Emilie Nicolas": "Q96207563", "Gry Jexen": "Q117458938", "Ariana Baborie": "Q61780080", "Bianca Meyer": "Q113361359", "Julia Prescott": "Q54985749", "Julie-Anna Grignon": "Q114864911", "Carmen Urbita": "Q124635159", "Anne Sauer": "Q128631458", "Laura Larsson": "Q56241749", "Veronica van Hoogdalem": "Q4703416", "Victoria Holden": "Q64910762", "KPopp": "Q62629788", "Franziska Hoppen": "Q111104557", "Katri Ylinen": "Q113969766", "Ariana Bravo": "Q116978190", "Samantha Scarlette": "Q22280349", "Maria Rovira i Lastra": "Q58266774", "Elise Jordan": "Q16730428", "Anna Bj\u00f6rklund": "Q105682164", "Jamz Supernova": "Q107020117", "Annefleur Schipper": "Q108663405", "Alba Riera": "Q120491660", "Giulia Becker": "Q50147371", "Paula San Mart\u00edn": "Q126370660", "J\u00falia Bacardit": "Q116823159", "Rachel Vanderbilt": "Q123578212", "Molly Stewart": "Q98558683", "Rivkah Brown": "Q102105397", "Blanca Pujals": "Q120499671", "Chris Vuklisevic": "Q125585459", "Mikhaila Peterson": "Q105754574", "M. E. Vaughan": "Q103388768", "Amira Pocher": "Q94554039", "Roc\u00edo Vidal": "Q105038628", "Minh Thu Tran": "Q63609698", "iilluminaughtii": "Q106408583", "Joanna Okuniewska": "Q112189152", "Fetisha Williams": "Q119821351", "Cl\u00e0udia Rius i Llorens": "Q80915773", "Martha Claeys": "Q115786240", "Laura Frances Heitzman": "Q129946944", "Of\u00e8lia Carbonell Torrents": "Q116820141", "Martha Leivestad": "Q108628499", "Samya Hafsaoui": "Q64657818", "Fanny Ruwet": "Q85118274", "Veronika Petruchova": "Q118112024", "Jessica 3rotica": "Q87649742", "Marleena Lammikko": "Q71132848", "Lisa Vinsa": "Q60333439", "Andreza Delgado": "Q123505582", "J\u00falia M\u00e9rida Coli": "Q124705041", "Ayat Khadoura": "Q123510336", "Melanie Marks": "Q123745337", "Amaia Rojo Sierra": "Q126940522", "Claudia Cunill Rodriguez": "Q115702442", "Liel Eli": "Q116458380", "Carlota Fl\u00e2neur": "Q110644352", "Marta Meneu-Borja": "Q115727261", "Jessie Le": "Q130108083", "Rintik Sedu": "Q97242705", "Danae Dimopoulou": "Q99143573", "Maria Clara Groppler": "Q96788100", "Brianna LaPaglia": "Q126422161", "Juliana Nthenya": "Q124378038", "Capucine Coudrier": "Q116168086", "Berta Aroca i Chica": "Q110261548", "Lauren Orlando": "Q105940115", "Robynn McCarthy": "Q5384107", "Pearl Lam": "Q16736306", "Amber A'Lee Frost": "Q40945399", "Katel LeD\u00fb": "Q47501884", "Jessie Maltin": "Q50691522", "Katy Stoll": "Q50737063", "Dana K. White": "Q55103854", "Sarah Chavez": "Q59314719", "Ksenia Pokrovskaya": "Q59784940", "Teylor Smirl": "Q60120739", "Brenda Wambui": "Q60463744", "Mahvesh Murad": "Q61308466", "Carrie Poppy": "Q61719716", "Biz Ellis": "Q61767498", "Samara Freemark": "Q61791998", "Emmy Winther": "Q62128906", "Kate Buchanan": "Q63975208", "Karen Geier": "Q63982817", "Jessica Bluemke": "Q64679037", "Fatima Barkatulla": "Q67007177", "Rozenn Le Carboulec": "Q68792572", "Janina Matthewson": "Q69218611", "Katherine Lewin": "Q74304351", "Alice Bell": "Q74444723", "Purnima Rao": "Q75507009", "Martina Castro": "Q76108111", "Johanna Kinnock": "Q76199431", "Christine Schiefer": "Q76640361", "Alissa Walker": "Q80610126", "Jessica Harris": "Q84332670", "Amanda Rossmann": "Q84865024", "Tabitha Kat": "Q87649529", "Laura M Scheerlinck": "Q87935769", "Teresa McElroy": "Q89126939", "Lizbeth Myles": "Q98076928", "Cynthia Graber": "Q98225796", "Kirsten Korosec": "Q98446359", "Katja Bigalke": "Q100728811", "Rochelle Siemienowicz": "Q100918250", "Ester Memeo": "Q100981926", "Theresa Reed": "Q101011977", "Gudrun Th\u00e4ter": "Q102233769", "Ash Sanders": "Q104101367", "\u00c9lodie Font": "Q104169558", "Ilana E. Strauss": "Q104629696", "Kimberley A. Johnson": "Q105763517", "Lindsey Weber": "Q106070515", "Kristina Maione": "Q106241497", "Angelyn Francis": "Q106370780", "Agata Kasprolewicz": "Q106489512", "Emily Yoshida": "Q106646586", "Not So Niqabi": "Q106711216", "Amy Nicholson": "Q106779017", "Ellie Harwood": "Q106802768", "Bluestarsim \ud83d\udc85\ud83c\udffe": "Q106814792", "Genesia Alves": "Q107001638", "Karen L. Viggers": "Q107084039", "Jacqueline Klusik-Eckert": "Q107175520", "Nikki Haffner": "Q107277081", "Diosa Femme": "Q107613348", "Gabrielle Bates Stahlman": "Q108566938", "Vivian Marassi": "Q108714635", "Yamina Krossa": "Q108824289", "Kell Bonassoli": "Q108828016", "Monika Borkowska": "Q108853212", "Iza": "Q108853223", "Roxanne Panchasi": "Q108909279", "Anna Staufenberg": "Q108929221", "Anne Linda Chisa": "Q109236706", "Kristy Drutman": "Q109419031", "Alex Cranz": "Q109500823", "E. Tammy Kim": "Q109844361", "Marnie Silverman": "Q110550048", "Brittney Moses": "Q110735900", "Kristin Ebeling": "Q110911573", "Zeenat Noorani": "Q111149795", "The Niqabi Diaries": "Q111221712", "Fabi Marques": "Q111284724", "Si\u00fan N\u00ed Dhuinn": "Q111306565", "Gabriela Darmetko": "Q111450385", "Nicole Hayes": "Q111458115", "Melody Thomas": "Q112219616", "Jordan Gass-Poor\u00e9": "Q112863724", "MelRose Michaels": "Q113156952", "Hanane Ameqrane": "Q113644459", "Leslye Penelope": "Q113784777", "Rachel Cairns": "Q115009458", "Fatima Syed": "Q115015499", "Cassidy Williams": "Q115071136", "Gillian Pensavalle": "Q115248558", "Tanya Turner": "Q115445712", "Jennifer C. Berkshire": "Q115445987", "Sarah Costello": "Q115541207", "Kayla Kaszyca": "Q115542527", "Kris Chesson": "Q115844365", "Shana Sumers": "Q115844398", "Carolyn Bergier": "Q115860931", "Christina Cauterucci": "Q115860932", "Melody Kamali": "Q115868465", "Gal\u00b7la Castelltort": "Q115869897", "Katie Greifeld": "Q116052267", "Kayla Lauren": "Q116264610", "CJ Sparxx": "Q116264611", "Deniz D\u00fclgero\u011flu": "Q116685577", "Eliza Bleu": "Q116821500", "Florencia Palumbo": "Q116938160", "Arlina Banana": "Q117338324", "Katherine Green": "Q118252124", "Khalyla Kuhn": "Q118498506", "Fei Wu": "Q118592495", "Goitseone Judy Mothusi": "Q119478191", "Li Yuan": "Q120187181", "Aline Laurent-Mayard": "Q120263439", "Kathrine Abrahamsen": "Q120426579", "Paula Carreras": "Q120488848", "Rita Roig Peregrina": "Q120488873", "Pam Didner": "Q121360162", "Jen Arnold": "Q122235524", "Marie Lotte Hagen": "Q122629064", "Nydia van Voorthuizen": "Q122630972", "Elizabeth Oldfield": "Q122731466", "Nicky Dare": "Q122850291", "Fabienne Imlinger": "Q122850412", "Liz Franczak": "Q123112972", "Kelly Johnson": "Q123237944", "Tay Lautner": "Q123249674", "Belle Fin": "Q123415150", "Bet Molina Sagarra": "Q123485194", "Kaja Mikoszewska": "Q123853163", "Jemma Forte": "Q124260558", "Victoria Estrada": "Q124358932", "Samira Tazari": "Q124386229", "Brittany Spanos": "Q124401968", "McKenzie Goodwin": "Q124418525", "Lama Rabah": "Q124588788", "Celina Lee": "Q124610379", "Gretchen N. Peterson": "Q124616683", "Vanessa Knoppke-Wetzel": "Q124617839", "Raquel Fiz": "Q124672739", "Kameel Stanley": "Q124704124", "Kaitlin Prest": "Q124704292", "Pascale Wilson": "Q124749548", "Jewel Fraser": "Q124807914", "Sabah Choudhry": "Q124812127", "Jasmin Bauomy": "Q124812200", "In\u00e9s R\u00e9nique": "Q124819726", "Allison Tyra": "Q124820856", "Galia Garc\u00eda Palafox": "Q124851099", "Mavis Aryee": "Q124858678", "Azza Guergues": "Q124859066", "Paola Sasso": "Q125026085", "Jelena Prtori\u0107": "Q125133923", "Keira Davidson": "Q125188722", "Claire Caulfield": "Q125391031", "C\u00e8lia Sicart Plaza": "Q125417062", "Merc\u00e8 Prat": "Q125417084", "Asma Khalid": "Q125560528", "Antonia Cereijido": "Q125560772", "Anna Codrea-Rado": "Q125561691", "Amy Martin": "Q125732717", "Carolina Torres": "Q125885264", "Sabrina Salvati": "Q126127643", "Ovilee May": "Q126209669", "Gina Maree Colvin": "Q126453553", "Carmen Rose Shenk": "Q126949844", "Minji Chang": "Q127043414", "Milena Surreau": "Q127599578", "Holly Blanc Moses": "Q128601676", "Tina Horn": "Q129168976", "Julie Jay": "Q129172048", "Maria Snegovaya": "Q129696597"}