{"Tatjana van Strien": "Q14458134", "Iwona Klonowska": "Q57906928", "Jessie Margaret Murray": "Q12277999", "Aniela Szyc\u00f3wna": "Q24688720", "Elin Cederblom": "Q4942361", "Siri Wikander-Brunander": "Q104812777", "Polina Efrussi": "Q4533236", "Martha Moers": "Q42102319", "Maria Librachowa": "Q11769001", "Elsa K\u00f6hler": "Q1333423", "Vilma Kov\u00e1cs": "Q12275287", "Flora Kraus": "Q101087598", "Ida L\u00f6wy": "Q1656526", "Klara Goldzieher Roman": "Q79073602", "Hilma Hofstedt": "Q4954343", "Else Voigtl\u00e4nder": "Q23011973", "Katalin L\u00e9vy": "Q12282711", "Elza Ku\u010dera": "Q58070470", "Marcellina Kuenburg": "Q1893296", "Nadezhda Romanovna Eiges": "Q19729755", "[[Vera Strasser [-Eppelbaum] (Q96404482)|]]": "Q96404482", "Jo Jacobsen": "Q62080615", "Rosa Katz": "Q2166440", "Franziska Mayer-Hillebrand": "Q1450155", "Maja Wasander": "Q17384819", "Alice Hellstr\u00f6m": "Q4953486", "Rebekka Aleida Biegel": "Q113782896", "Margarete Eberhardt": "Q15431660", "Carin Ulin": "Q50512436", "Iseult Duff": "Q3802451", "Olga Oller": "Q101112346", "Erzs\u00e9bet Rad\u00f3-R\u00e9v\u00e9sz": "Q51464631", "Stella Ruscheva": "Q29958427", "Christine Olden": "Q20752240", "Zofia Rosenblum-Szyma\u0144ska": "Q9391847", "Hilde Kramer-Krampflitschek": "Q101111795", "Kanae Sakuma": "Q11382755", "Olga Knopf": "Q12289199", "Anna Berliner": "Q53834036", "Clara Happel": "Q12283159", "Helene Bader": "Q101069559", "Mar\u00eda Luisa Navarro Margati": "Q28856087", "Helen Ross": "Q12298015", "Adelheid Fuchs-Kamp": "Q113458049", "Helene Stourzh-Anderle": "Q52084584", "Danica Deutsch": "Q1159811", "Mercedes Rodrigo": "Q23138172", "Fanny du Bois-Reymond": "Q56405527", "Marie Kalau vom Hofe": "Q113463139", "Lilly Hajdu": "Q16520043", "Maria Lucia Vecerka": "Q101084028", "Vanda Shrenger Weiss": "Q45177927", "\u0422\u0435\u0440\u0435\u0437\u0435 \u0411\u0435\u043d\u0435\u0434\u0435\u043a": "Q12296260", "Germaine Wallon": "Q42529208", "Nadine Suar\u00e8s": "Q3334949", "Rosa Walk": "Q47481616", "Aranka B\u00f6hm": "Q855023", "J\u00falia L\u00e1ng": "Q17480803", "Edith Weigert": "Q1285206", "Halina Sosnowska": "Q16556848", "Michiyo Ogura": "Q11458900", "Fati Khundadze": "Q12869892", "\u041a\u043e\u043b\u043e\u0434\u043d\u0430\u044f, \u0410\u0441\u044f \u0418\u043b\u044c\u0438\u043d\u0438\u0447\u043d\u0430": "Q29359026", "Editha Sterba": "Q1285240", "Alice Hermann": "Q1035567", "Hertha Nathorff": "Q1614695", "Marie Paneth": "Q52008255", "Olga Ungern-Sternberg": "Q2791081", "Anna Guggenb\u00fchl": "Q2850500", "Barbara Lantos": "Q12272962", "Vera Kovarsky": "Q108837833", "Lilian Roter": "Q12284888", "Anneliese Argelander": "Q94735065", "Berta Bornstein": "Q12273177", "Regina Lago Garc\u00eda": "Q21004020", "Alice Friedmann": "Q2646882", "Klara Perlberger": "Q101108021", "Erna Schur": "Q15808437", "Miryam Hoffert-Horani": "Q30275432", "Rhoda Kellogg": "Q25490568", "Carolina Tobar Garc\u00eda": "Q23795657", "Elisabeth Schliebe-Lippert": "Q1330255", "Margaret Herz Hohenberg": "Q3846865", "Melita Sperling": "Q12286451", "Rachel Aronovna Kovnator": "Q28745101", "Lucy Liebermann": "Q105763704", "Hildegard Hetzer": "Q1618334", "Wera Mahler": "Q19758020", "Diane E. Papalia": "Q5805208", "Madeleine Rambert": "Q3275717", "Maria \u017bebrowska": "Q20031192", "Christel Petitcollin": "Q63790814", "Oleksandra Oleksiivna Andrijevs\u02b9ka": "Q12078386", "Marianne Rie Kris": "Q3847735", "Maria Rosler-Gitter": "Q101112474", "Annemarie Wolff-Richter": "Q566371", "Norma Bl\u00e1zquez Graf": "Q48349975", "Jules Cashford": "Q5494317", "Mar\u00eda Isabel Punta": "Q16601390", "Nuria Sebasti\u00e1n": "Q20101768", "Maria Vict\u00f2ria Secall": "Q28975294", "Mariya Pevzner": "Q4347757", "Josefine Stross": "Q101112702", "Liliane Frey-Rohn": "Q5976397", "Johanna Herzog-D\u00fcrck": "Q18626415", "Angiola Massucco Costa": "Q3617342", "Stephanie Felsenburg": "Q2344140", "Edith Buxbaum": "Q12279510", "Dora Hartmann": "Q12279040", "Suzanne Pacaud": "Q78160345", "Anitra Karsten": "Q5474857", "Ewald Bohm": "Q94776507", "Gita Birenbaum": "Q4086982", "Anna Alexandrovna Lyublinskaya": "Q21391909", "Lilla Wagner": "Q24288144", "Estera Markin": "Q29413869", "Zhozefina Ilinichna Shif": "Q108770174", "Johanna L\u00e4pple": "Q1696972", "Florentina Gonz\u00e1lez Cipr\u00e9s": "Q21077738", "Kseniya Khomenko": "Q4499577", "N. A. Menchinskai\ufe20a\ufe21": "Q11323821", "Aina Nycander": "Q16595985", "Gis\u00e8le de Failly": "Q3107841", "Emma Plank": "Q59653300", "Tatyana Vlasova": "Q19900518", "Lotte Schenk-Danzinger": "Q1419150", "Hilda Abraham": "Q12298052", "Liya Slavina": "Q4422885", "Margit Ger\u0151": "Q1010009", "Marianne Frostig": "Q88715", "Edeltrud Meistermann-Seeger": "Q23059254", "Natalia Grigorevna Morozova": "Q4303046", "Josefine Kramer": "Q1687848", "\u10d3\u10d0\u10e0\u10d4\u10ef\u10d0\u10dc \u10e0\u10d0\u10db\u10d8\u10e8\u10d5\u10d8\u10da\u10d8": "Q20579045", "Gertrude Wagner": "Q101064800", "Helena Merenholc": "Q9287376", "K\u00e4the Wolf": "Q48348061", "Angelina Bori\u0107": "Q534787", "Sylvia Bayr-Klimpfinger": "Q1000044", "Lidiya Bozhovich": "Q3708098", "Magda D\u00e9nes": "Q97954911", "Roza Evgenevna Levina": "Q4256493", "Stefi Pedersen": "Q50846445", "Alina Szeminska": "Q24276717", "Marianne Fuchs": "Q1896804", "Maria Bras\u00edlia Leme Lopes": "Q55396899", "Maria Hippius-D\u00fcrckheim": "Q1895966", "Madeleine Dreyfus": "Q63131664", "Mariana Alvim": "Q83197628", "Edith Sz\u00e9kely": "Q94247105", "H\u00e9l\u00e8ne Gratiot-Alphand\u00e9ry": "Q43376173", "Edrita Fried": "Q51844368", "Hanna Wolff": "Q26869465", "Susanna Barreda": "Q54920223", "Marcelle Spira": "Q3289586", "Debora Aranovskaya-Dubovis": "Q55107714", "Dominique Riehl": "Q103143343", "Irena Chmiele\u0144ska": "Q24263413", "J\u00falia Coromines i Vigneaux": "Q9016932", "Tsune Shirai": "Q11579366", "Lidia Wo\u0142oszynowa": "Q26973445", "Anna Maria Jokl": "Q562001", "Goldy Parin-Matth\u00e8y": "Q124480", "Susanna Rubinstein": "Q4399123", "Maria Mackenzie": "Q113174044", "Annita de Castilho e Marcondes Cabral": "Q28028899", "Carolina Zamora Herrador": "Q20015484", "Lilli Guggenheim": "Q114220664", "Eug\u00e9nie Lemoine-Luccioni": "Q3060269", "Wassilka Manowa-Tomowa": "Q28974132", "Gertraud Kietz": "Q16869213", "Margueritha Vuyk": "Q28064209", "Lucy Ackerknecht": "Q1612627", "Marjorie McClelland": "Q47435824", "Agnes Niegl": "Q50275665", "Anne Clancier": "Q2851029", "Elisa Dias Veloso": "Q10271928", "Phyllis Krystal": "Q2089206", "Sylvi-Sanni Manninen": "Q11895595", "Marjorie Fiske": "Q28237396", "Maria Susu\u0142owska": "Q11768832", "Hildegard Arnold": "Q30527178", "Bianka Zazzo": "Q2900845", "Sdrawa Iwanowa": "Q103124068", "Grete Janus Hertz": "Q12314295", "Jacqueline van Ommeren": "Q25319160", "Ruth Ronall": "Q101069608", "Madre Cristina": "Q10322957", "Annemarie D\u00fchrssen": "Q566265", "Nan Snijders-Oomen": "Q5237546", "Annemarie H\u00e4berlin": "Q566291", "Ingeborg Clarus": "Q1230136", "Jadwiga Strzelecka": "Q11715982", "Catherine Parat": "Q2942021", "Eva Landauer": "Q12279348", "Pierrette Brochay": "Q79389803", "Emma Godoy": "Q5831491", "Grace Wales Shugar": "Q15394325", "Bianca Garufi": "Q3639379", "Denise Braunschweig": "Q19606850", "Hanna Olechnowicz": "Q9286019", "Pola Andriessens": "Q85637971", "Luitgard Brem-Gr\u00e4ser": "Q6453301", "L\u00edvia Nemes": "Q97202619", "Luciana Nissim Momigliano": "Q3838501", "Keiko Kida": "Q11519296", "Fernanda Monasterio": "Q92747316", "Maria Dorndorf": "Q1895788", "Hildegund Fischle-Carl": "Q59198087", "Madeleine Baranger": "Q45565147", "Antonina Gurycka": "Q9157829", "Mirjam Israel": "Q4198838", "R\u00e9gine Krochmal": "Q3455497", "Ema Geron": "Q23059217", "Elisabeth M\u00fcller-Luckmann": "Q1290041", "Etel Natanson": "Q18086372", "Maria Oko\u0144ska": "Q11769066", "N\u00faria Abell\u00f3 Soler": "Q20006113", "Fatma Ba\u015faran": "Q96792436", "Lykke Aresin": "Q1878684", "Bente Onsager Lund": "Q106255921", "Maria Luisa Falorni": "Q60227508", "Annelise Heigl-Evers": "Q566218", "Anneliese Ude-Pestel": "Q566199", "Salama Inge Heinrichs": "Q2213817", "Erika Danneberg": "Q100437434", "Anna Iosifovna Kaplan": "Q4213042", "Diane Chauvelot": "Q3026192", "Johanna J. Danis": "Q1479679", "Ekaterina Shorohova": "Q89194849", "Annick de Souzenelle": "Q2851598", "Monique B\u00e9chard": "Q60836169", "Erna Duhm": "Q29932811", "Neriman Samur\u00e7ay": "Q97320233", "Isca Salzberger-Wittenberg": "Q113717767", "Alexandra Abramovna Kataeva-Wenger": "Q4217060", "\u05de\u05e8\u05d9\u05dd \u05d1\u05df-\u05d0\u05d4\u05e8\u05df": "Q28940372", "Annikki Ant-Wuorinen": "Q97930059", "Satoko Akiyama": "Q11594922", "Ingeborg Amthauer": "Q13419531", "Ruth Guttman": "Q99740887", "Bego\u00f1a L\u00f3pez": "Q11336845", "Birgit Hellbom": "Q18816584", "Henriette Jelinek": "Q3132473", "Carmen Viqueira Landa": "Q50422372", "Maria Por\u0119bska": "Q62077728", "Daisy Schalling": "Q16596293", "N\u00edna Tal\u00fdzina": "Q21146870", "Genevi\u00e8ve Appell": "Q3100593", "Irene V\u00e1zquez Mier": "Q11926842", "Montserrat Andreu Batll\u00f3": "Q11937517", "Yoshiko Ikeda": "Q16769554", "Halina Spionek-Pelc": "Q27672200", "Lilly Kemmler": "Q64548854", "Krystyna Daszkiewicz": "Q20165650", "Silvia Oja": "Q12375032", "Ginette Raimbault": "Q15971871", "L\u00fbdmila Ivanovna Ancyferova": "Q16272511", "Hana Dr\u00e1bkov\u00e1": "Q19833641", "Debora Farber": "Q4481206", "Galina Andreyeva": "Q4065551", "Dorit Bader Whiteman": "Q101110330", "Claude Revault d'Allonnes": "Q80129969", "Mary Ann Mattoon": "Q6003158", "Rosine Cr\u00e9mieux": "Q112436261", "Margrit Rustow": "Q21032223", "Laura Bonaparte": "Q30607101", "Hertha Sturm": "Q1310648", "Helena Voldan": "Q12424967", "Waltraut Kruse": "Q2547662", "Thea Sch\u00f6nfelder": "Q1483413", "Eva Sternheim-Peters": "Q19963847", "Anne-Marie Tausch": "Q564865", "Gita Vygodskaja": "Q104530077", "Mayja Zacharovna Doekarevitsj": "Q15066113", "Solange Falad\u00e9": "Q55585718", "Serena Foglia": "Q3955850", "Jadwiga Ba\u0142takis": "Q11715850", "Hannah Fischer": "Q51844364", "Marianne Frankenhaeuser": "Q4948724", "Nicole Fabre": "Q52679222", "Natsuki Okamoto": "Q11473101", "Therezinha Lins de Albuquerque": "Q18281083", "Jadwiga Burska": "Q8860710", "Ingrid Gottfries": "Q98528635", "Zenomena P\u0142u\u017cek": "Q9390067", "Elisabeth N\u00fcssle": "Q1330163", "Violeta Arraes": "Q10391661", "Marit Nordby": "Q96595452", "\u10db\u10d0\u10e0\u10d8\u10dc\u10d4 \u10e1\u10d0\u10e7\u10d5\u10d0\u10e0\u10d4\u10da\u10d8\u10eb\u10d4": "Q20560663", "Stela Teodorescu": "Q39040377", "Maria Helena Novaes Mira": "Q56349606", "Elena Benedetta Croce": "Q55660853", "Rigmor Kreyberg": "Q106571713", "Ilona Bark\u00f3czi": "Q16517714", "Noem\u00ed P\u00e9rez Vald\u00e9s": "Q6044392", "Claude Maillard": "Q15406905", "\u041f\u0440\u043e\u043a\u043e\u043b\u0456\u0454\u043d\u043a\u043e \u041b\u044e\u0434\u043c\u0438\u043b\u0430 \u041c\u0438\u043a\u0438\u0442\u0456\u0432\u043d\u0430": "Q23658459", "Barbara Wilgocka-Oko\u0144": "Q27808261", "Dinah Rodriguesov\u00e1": "Q27869621", "Hanna Malewska-Peyre": "Q55627093", "Helga Str\u00e4tling-T\u00f6lle": "Q53261467", "Carola Meier-Seethaler": "Q88381128", "Ljudmila Ivanovna Solntseva": "Q4427881", "Zhang Houcan": "Q82897284", "Madeleine Natanson": "Q16263147", "Erika Freeman": "Q79754616", "\u0537\u0574\u0574\u0561 \u0531\u056c\u0565\u0584\u057d\u0561\u0576\u0564\u0580\u0575\u0561\u0576": "Q26689943", "Inge Hegeler": "Q4953223", "\u00c8ra Goloubeva": "Q4142336", "Maria Auxiliadora de Souza Brasil": "Q10325733", "Lore Reich Rubin": "Q44292438", "Colette Chiland": "Q36309089", "Liliane Lur\u00e7at": "Q3240834", "Ana Maria Poppovic": "Q8198056", "Mary Zeldenrust-Noordanus": "Q13817405", "Ilse Barande": "Q15973478", "Jarmila Koluchov\u00e1": "Q95476731", "Christa Hoppe": "Q17126710", "Olga Katchan": "Q18635521", "Dorothea Freudenberg": "Q41535331", "Aino Lunge": "Q16407149", "Barbro Sandin": "Q78781114", "L\u00edvia Moh\u00e1s": "Q1178418", "Rosl Kirchshofer": "Q2167490", "Claudie Cachard": "Q2978444", "Bettina Schuller": "Q12721685", "Lyubov Tsvetkova": "Q59280145", "Kl\u00e1ra Kokas": "Q1115095", "Helle H\u00f8pfner Nielsen": "Q10520329", "Eva Giberti": "Q5852514", "Genevi\u00e8ve Latreille": "Q3100664", "Gertrud Stickler": "Q1515698", "Natela Imedadze": "Q20575174", "Shizuko Ishihara": "Q20038687", "Evgenia Khomskaya": "Q24009975", "Oeljana Vasilevna Oelenkova": "Q4474924", "Greta S\u00f6rlin": "Q46755543", "Maria Manturzewska": "Q101593668", "Grete Leutz": "Q1545997", "Vera Ligeti": "Q99751353", "Nina Palagina": "Q25598753", "Maria Wasna": "Q77259922", "Victoria Sau": "Q15899334", "Nina Danilova": "Q44799010", "Silvia Amati Sas": "Q100600858", "Ida Kurcz": "Q11710961", "Tamara Dridze": "Q4168174", "Ru\u017eica Kerami\u010dieva": "Q55191802", "Irina Zimnyaya": "Q87866228", "Maria Teresa Fort i Play\u00e0": "Q88786642", "Metka Kramar": "Q12796423", "Mich\u00e8le Monjauze": "Q3311658", "Erzs\u00e9bet Jeney L\u00e1m": "Q16521023", "Erika Landau": "Q7003752", "Stanis\u0142awa Lis": "Q9343598", "Eva Zeltner": "Q17123078", "Julija Borisovna Nekrasova": "Q4316606", "Revekka Frumkina": "Q4493093", "Irena Obuchowska": "Q28025864", "Elisabeth Schlumpf": "Q1268334", "Maria Tyszkowa": "Q26973442", "Christiane Olivier": "Q1082782", "Judit Vas": "Q1402045", "Marie Bromberg": "Q27891168", "Regina Meri": "Q97221451", "Teresa G\u00f3rska-\u017b\u00f3\u0142towska": "Q55390033", "Linde von Keyserlingk": "Q95553080", "Anne-Lise L\u00f8vlie Schibbye": "Q11958222", "Ksenia Abulkhanova": "Q15063888", "Laine Peep": "Q12368244", "Kuang Peizi": "Q10904206", "Keiko Kashiwagi": "Q11533809", "Kirsti Lagerspetz": "Q17382060", "So\u0148a Hermochov\u00e1": "Q41959193", "L\u012bga Ruperte": "Q13715555", "Presentaci\u00f3n S\u00e1ez de Descatllar": "Q20101723", "Jacqueline Barus-Michel": "Q15973529", "Ana Mar\u00eda Rizzuto": "Q482668", "Ginette Michaud": "Q21073380", "Viivi Eksta": "Q29419846", "Noriko Inage": "Q60613614", "Parirokh Dadsetan": "Q5963612", "Nathalie Zaltzman": "Q3336688", "Jarmila Kot\u00e1skov\u00e1": "Q95375314", "Pina Boggi Cavallo": "Q23888244", "Elsa Schmid-Kitsikis": "Q29948940", "Ingrid zu Solms-Wildenfels": "Q1384965", "Maria do Carmo Guedes": "Q9028851", "Joaquima J\u00fadez i Fageda": "Q11928145", "Radmila Zygouris": "Q29655586", "Nancy Qualls-Corbett": "Q57199548", "Tilde Giani Gallino": "Q110881006", "Reiko Baba": "Q11667915", "Florence Guignard": "Q29960659", "Etsuko Sat\u014d": "Q21699786", "Eva Jaeggi": "Q1379235", "Louise Ricklander": "Q50398991", "Ulla Sj\u00f6str\u00f6m": "Q23916238", "Lea Viires": "Q24545693", "Antonina Nikolaevna Zjdan": "Q21096998", "Helena Novak": "Q18507920", "Anna Potocka-Hoser": "Q106671581", "Danielle Quinodoz": "Q59946750", "Brigitte A. Rollett": "Q916080", "Etty Buzyn": "Q3059399", "Michiko Fukazawa": "Q11560131", "Ana Rosa Angarita Trujillo": "Q20024469", "Ute Osterkamp": "Q2503065", "Kayoko Murase": "Q11523365", "Zenita Guenther": "Q21020383", "Valeriya Mukhina": "Q4308941", "Ingrid Riedel": "Q93435860", "Rosmarie Welter-Enderlin": "Q1315898", "Eva R\u00fchmkorf": "Q1379456", "Montserrat Bar\u00f3 i Sans": "Q39778404", "Nancy Mello": "Q22083633", "Kazuko Fukaya": "Q21019448", "Claudia Artoni Schlesinger": "Q50772420", "Arlette Bourcier-Mucchielli": "Q8307068", "Marie Depuss\u00e9": "Q2424205", "Maria Pia Lai Guaita": "Q15143105", "Noriko Hiraki": "Q11483035", "Taketo Fukuya": "Q11591989", "Fumiyo Yamashita": "Q56703015", "Ayumu Sait\u014d": "Q56886302", "Ilse Orth": "Q18333961", "Guguli Togonidze": "Q20561003", "Kirsten Boman": "Q12321951", "Jacqueline Held": "Q3157737", "Saadia Bahader": "Q12216009", "Milu\u0161e Sedl\u00e1kov\u00e1": "Q95456029", "Mary Anna Barbey": "Q3296132", "Liane Aukin": "Q16104382", "Ecl\u00e9a Bosi": "Q10269988", "Yoshiko Takaki": "Q21400583", "Annie Birraux": "Q63976452", "Sidra Stone": "Q3483364", "\u05e0\u05d9\u05e8\u05d4 \u05db\u05e4\u05d9\u05e8": "Q106626129", "Inge Frohburg": "Q112467486", "Lotte Hartmann-Kottek": "Q1871148", "Helena Kl\u00edmov\u00e1": "Q24352526", "Patricia Klein Frithiof": "Q46928367", "Montserrat Moreno Marim\u00f3n": "Q24091258", "Rahel Renate Mann": "Q30141908", "Makiko Ozawa": "Q11462399", "Hana Junov\u00e1": "Q95163082", "Zsuzsanna Kulcs\u00e1r": "Q20741978", "Marta Fou\u010dkov\u00e1": "Q14458059", "A\u00edda V\u00e1squez": "Q15406984", "Karin Crafoord": "Q18238215", "Larisa Andreevna Petrovskai\ufe20a\ufe21": "Q20742463", "Rita Kohnstamm": "Q14713786", "Agnes Nobel": "Q4969834", "Mitsuki Niregi": "Q11541300", "Valeria Andrievska": "Q24025640", "Nele Maar": "Q1353692", "Gisela Zenz": "Q18020498", "Toshiko Kaneda": "Q20039478", "Helena S\u0119k": "Q9287424", "Janina Karney": "Q11719798", "Irmela Florin": "Q51119817", "Susan Forward": "Q25480602", "Jacqueline Nadel": "Q51382630", "Thea Bauriedl": "Q7064576", "Marijke H\u00f6weler": "Q2371420", "Silvia Vegetti Finzi": "Q3960807", "Anna Matczak": "Q9155474", "Gabay, Tatyana Vasilievna": "Q4130841", "Ewa Woydy\u0142\u0142o": "Q9256900", "Almuth Sellschopp": "Q53179017", "Margaret Paul": "Q86593365", "Monika Gerlinghoff": "Q113399000", "Pirkko Niemel\u00e4": "Q29418855", "Margret Maria Baltes": "Q1788750", "Marion Berntzen Koksvik": "Q12716749", "Maria Am\u00e9lia Matos": "Q16940735", "Zinchenko, Tatyana Petrovna": "Q4192246", "Gianna Schelotto": "Q3763405", "Elisabeth Wandeler-Deck": "Q18019926", "Jos\u00e9e Contreras": "Q27698887", "Eugenia Scabini": "Q28857115", "Sonoko Yokoyu": "Q22120805", "Lea Pulkkinen": "Q16989914", "Amela Einat": "Q63440037", "Marie-France Castar\u00e8de": "Q3291775", "G\u00f6rel Kristina N\u00e4slund": "Q4970687", "Eva Axelsen": "Q12052418", "Barica Marenti\u010d Po\u017earnik": "Q12785493", "B\u00e9atrice de Jurquet": "Q22248673", "Malka Margalit": "Q28605363", "Maja Vervoort": "Q65122264", "Hannelore Grimm": "Q1325121", "Toshiko Takiguchi": "Q11565081", "\u10d3\u10d0\u10da\u10d8 \u10e4\u10d0\u10e0\u10ef\u10d0\u10dc\u10d0\u10eb\u10d4": "Q20580809", "Leni Den\u00e8ve": "Q55232813", "Gra\u017cyna Kuro\u0144": "Q8862654", "Maja Wicki-Vogt": "Q27588525", "Simona Argentieri": "Q60301915", "Frumentia Maier": "Q1470962", "Maja Lis-Turlejska": "Q11766377", "Fumiko Matsuda": "Q11532064", "Venera Boyakhchyan": "Q20509629", "E. I\ufe20U\ufe21.  Artem\u02b9eva": "Q57544216", "Genevi\u00e8ve Delaisi de Parseval": "Q3100616", "Anne-Marie Houdebine": "Q47018123", "Haldis Hjort": "Q11973698", "Maudy Piot": "Q46857499", "Rachel Hertz-Lazarowitz": "Q25495746", "Marja Strojin": "Q113016064", "Elsa Noem\u00ed Grassano": "Q57456133", "Hagit Benziman": "Q6833356", "Mona Eliasson": "Q46856435", "Tokiko Kimura": "Q11519013", "Heidelise Als": "Q2840149", "Varda Rasiel Jackont": "Q12407165", "Valeria Medda": "Q12955702", "Itziar Lozano": "Q26692015", "Miriam Saphira": "Q94275748", "Jana Heffernanov\u00e1": "Q106084969", "\u0631\u0648\u062d\u200c\u0627\u0646\u06af\u06cc\u0632 \u0634\u0631\u06cc\u0641\u06cc\u0627\u0646": "Q5710787", "Yoshiko Shimonaka": "Q11360607", "Jaana Venkula": "Q29419208", "Marianne Meinhold": "Q101012289", "Helga Bilden": "Q1602147", "Gundl Kutschera": "Q17353123", "Binnie Kristal-Andersson": "Q4959857", "Gertrud Nunner-Winkler": "Q15445449", "Dominique Oberl\u00e9": "Q30073065", "Gabi \u010ca\u010dinovi\u010d Vogrin\u010di\u010d": "Q19937992", "Irmgard Vogt": "Q1651366", "Aurora Liiceanu": "Q16593479", "Tatyana Akhutina": "Q15064205", "Pirkko Lahti": "Q11888242", "Aleksandra Korwin-Szymanowska": "Q9146585", "Francesca Molfino": "Q26266061", "Verena Pfisterer": "Q15647151", "Gisela Trommsdorff": "Q15812351", "Toshiko Mochizuki": "Q22120630", "Dorothea von Ritter-R\u00f6hr": "Q43255109", "Gerti Senger": "Q1515452", "Gisela Szagun": "Q1527453", "Heidemarie Schwermer": "Q1594115", "Marta Cullberg Weston": "Q4943742", "Mitsuyo Tsuru": "Q11675908", "Karin Grossmann": "Q55627285", "D\u00f6rte von Drigalski": "Q83190888", "Renate Schernus": "Q113717719", "Hellgard Rauh": "Q113722294", "Maria Materska": "Q11769031", "M\u00e1ria Kopp": "Q1118715", "Daphne Rose Kingma": "Q16508849", "Elke Liebs": "Q21460359", "Lenelis Kruse-Graumann": "Q1817551", "Soly Erlandsson": "Q106641837", "Monika Nothing": "Q52272140", "Lella Ravasi Bellocchio": "Q43255415", "Dalia Merari": "Q30526679", "Maria Jarymowicz": "Q11768922", "Gerlinde Mehlhorn": "Q100415916", "Patrizia Adami Rook": "Q3897804", "Olga Johann": "Q29246328", "Ofra Nevo-Eshkol": "Q25493886", "Lidia Grzesiuk": "Q11756554", "\u00c9va B\u00e1nyai": "Q853243", "Eva Umlauf": "Q20638981", "Ada Lampert": "Q12410206", "Marie Hessle": "Q4953860", "Marta Bogdanowicz": "Q11770547", "Barbara Mattsson": "Q85382754", "Alice Holzhey-Kunz": "Q117989", "Liliana Heer": "Q473369", "Yvonne Maurer": "Q1447250", "Roswita K\u00f6nigswieser": "Q2167918", "Ky\u014dko Noguchi": "Q11645119", "Heidrun Friedel-Howe": "Q18603974", "Sigrun-Heide Filipp": "Q21264661", "Mieko Watanabe": "Q43426550", "Barbro Lenn\u00e9er-Axelson": "Q48978063", "Erdmute Sommerfeld": "Q61867322", "Wanda Badura-Madej": "Q99574980", "Verena Kast": "Q2515260", "Ursula Scheu": "Q15448608", "Susana Gaggero": "Q20015186", "Preciada Azancot": "Q6084147", "Olga Bertomeu": "Q23939794", "El\u017cbieta Aranowska": "Q100590743", "Zsuzsa Ro\u0219ca Bonczos": "Q20480280", "M\u00f3nica Serra": "Q10334811", "Annik Houel": "Q60483858", "Doris Layton MacKenzie": "Q4964779", "Diana S. Rabinovich": "Q106613406", "M\u00f3nica Sor\u00edn": "Q94531405", "Ana Nu\u0161a Dragan": "Q12784500", "Mich\u00e8le Barzach": "Q3311566", "Joelija Prychodko": "Q16688539", "Svetlana Bondyreva": "Q4093309", "Renate Valtin": "Q2143527", "Dorit Myltoft": "Q12308848", "Edith Litwin": "Q5818564", "Maria Jose Azurmendi": "Q12263049", "Semj\u00e9n Anita": "Q26696184", "Linde Salber": "Q93412835", "Christine Mann": "Q95190689", "Soili Kajaste": "Q106464840", "Heidrun Br\u00fcndel": "Q1594412", "Salli Saari": "Q16990264", "Takayo Inoue": "Q20038782", "Mirjami Hietala": "Q21016687", "Hede Helfrich": "Q61054654", "Ursula Straumann": "Q50359578", "Danuta K\u0105dzielawa": "Q9201684", "Edith Alba P\u00e9rez": "Q82341839", "Nursu Marmara": "Q6048894", "Nelly Ugarriza Ch\u00e1vez": "Q6039613", "Ma\u0142gorzata Ko\u015bcielska": "Q11772304", "Elizabeth Lira": "Q30331332", "Jutta Menschik-Bendele": "Q1714627", "Lidia Papaleo": "Q5975225", "Ruth Nezer": "Q6920169", "Angelika C. Wagner": "Q105885094", "Tamara Yatsenko": "Q12174166", "Marina Maria Zalewska": "Q11769964", "Irmtraut Karlsson": "Q1673052", "Eva-Maria Kurz": "Q1379064", "Evan Imber-Black": "Q1379657", "Nisa Chev\u00e8nement": "Q3342133", "Roswith Roth": "Q52083881", "Cec\u00edlia W\u00e9ber": "Q15110923", "Kirsten Hove Tveito": "Q16905731", "Rotraud A. Perner": "Q1687920", "Zsuzsa Alp\u00e1r": "Q661958", "Ingeborg Stelzl": "Q52084459", "Silvia Bleichmar": "Q6128530", "Olga Murd\u017eeva-\u0160karikj": "Q55167648", "Maryse Vaillant": "Q15714153", "Greta Sykes": "Q25991775", "Gabriele Gloger-Tippelt": "Q1490299", "Zita R\u00e9ger": "Q1252772", "Barbara Kaja": "Q9165424", "Ilse Burbiel": "Q99190012", "Gudrun-Axeli Knapp": "Q15434214", "Eva \u0160ulcov\u00e1": "Q95147791", "Kazumi Nishio": "Q11627723", "Diana Wang": "Q16491957", "Hanne Haavind": "Q28537327", "Angela Sch\u00f6nberger": "Q55213511", "Linda Pelzmann": "Q1825883", "Mireille Bonierbale": "Q36308768", "Gunilla Fredelius": "Q46599704", "Ene-Mall Vernik-Tuubel": "Q24545709", "Diane Drory": "Q3026200", "Mich\u00e8le Agrapart-Delmas": "Q65130031", "Elena Teodorovna Sokolova": "Q4427285", "Hannelore Huber": "Q88870127", "Kl\u00e1ra Farag\u00f3": "Q996076", "Galina Vrublevskaya": "Q4127217", "Tatiana Klonowicz": "Q28653888", "Berit Reisel": "Q27485922", "Regula Schmidt-Bott": "Q2138747", "Grazia Attili": "Q119996889", "Birgit Rommelspacher": "Q865320", "Angelica Seithe": "Q28949122", "Marja-Leena Viljamaa": "Q5411995", "Ayala Pines": "Q2874858", "Shifra Sagy": "Q96178370", "Maryana Bezrukikh": "Q4081010", "Maria Damsholt": "Q12325987", "Monique Eleb": "Q24940080", "Ruth-Kaja Pekk": "Q12374345", "Hannah Lothrop": "Q1436442", "Pnina Klein": "Q7067221", "Bernadette van Hout-Wolters": "Q28869870", "Heidi Keller": "Q1246862", "Susan Schwartz Senstad": "Q54483385", "Margit K\u00f6cski": "Q4219895", "Anik\u00f3 K\u00f3nya": "Q15297559", "Zsuzsa Kert\u00e9sz": "Q1107714", "Alicia Fern\u00e1ndez": "Q8195592", "Margareta Brod\u00e9n": "Q11988145", "Astrid Schrey\u00f6gg": "Q15430749", "Sophie de Mijolla-Mellor": "Q21756890", "Tineke Willemsen": "Q46710005", "Maria Stra\u015b-Romanowska": "Q48860725", "Ineke Wienese": "Q54769491", "Ginette Paris": "Q55725718", "Annette Streeck-Fischer": "Q100455136", "Nobuko Uchida": "Q11394202", "Brigitte L\u00e4mmle": "Q916491", "Anna Herzyk": "Q9155204", "Sayoko Nobuta": "Q11386219", "Nada Babi\u0107": "Q12637962", "Anik de Ribaupierre": "Q55628342", "Ilany Kogan": "Q97153972", "Liisa Keltikangas-J\u00e4rvinen": "Q11875839", "Else-Marie van den Eerenbeemt": "Q1990862", "Catherine Reverzy": "Q2942042", "Mira Modelska-Creech": "Q55391733", "Lena Teurnell": "Q46995934", "Ren\u00e9e Van Mechelen": "Q105114569", "Wiebke Putz-Osterloh": "Q2568203", "Marianne M\u00fcller-Brettel": "Q15833905", "Catherine Dolto": "Q2941896", "Mireille Cifali": "Q15407318", "Daniela Pizzagalli": "Q3701823", "\u00c9lisabeth Brami": "Q41796288", "Martha Elefteriadu": "Q12035674", "V\u011bra Capponi": "Q17646430", "Gabriela Chojnacka-Szaw\u0142owska": "Q9265165", "\u0531\u0580\u0566\u056b\u056f \u0544\u056d\u056b\u0569\u0561\u0580\u0575\u0561\u0576": "Q50314659", "Catherine Chabert": "Q2941853", "Birgit Hansson": "Q4952585", "Malin Alfv\u00e9n": "Q4934990", "Laurence Picq": "Q27535248", "Helga Breuninger": "Q33715645", "Ernestine Ronai": "Q100605523", "Eva Wlodarek": "Q1379543", "Franziska Lamott": "Q1450145", "Marianne Leuzinger-Bohleber": "Q1896854", "Anna Dodziuk": "Q9155112", "Ayako Sat\u014d": "Q11384345", "Mariko Miyagi": "Q11453578", "Mar\u00eda del Carmen Maggi": "Q16601574", "Katharina Bennefeld-Kersten": "Q19885637", "Luigia Camaioni": "Q59531060", "Marie-Christine Laznik": "Q67227449", "Ellen Huang": "Q8969102", "Zuzana Dienstbierov\u00e1": "Q10861532", "Birgitta Johansson-Hedberg": "Q16595349", "Nada Pop-Jordanova": "Q25907037", "Edna Katzenelson": "Q85999556", "Thalma Lobel": "Q6579925", "Tatyana Mikhailovna Maryutina": "Q4283684", "Paula Sawicka": "Q19844408", "Olga Sozansk\u00e1": "Q107506378", "Caroline Eliacheff": "Q1044483", "Marit Korkman": "Q17381817", "Esther Tellermann": "Q3058991", "Mihan Bahrami": "Q5821028", "Mirjana Ule": "Q18643007", "Pauline Philipe Reichstul": "Q63069766", "Martine Delfos": "Q3469200", "Judith Le Soldat": "Q1229741", "Maria Rita Parsi": "Q3847478", "Marianne Carlsson": "Q46869151", "Renate Jong-Meyer": "Q17126708", "Barbara Harwas-Napiera\u0142a": "Q9165396", "N. A. Loginova": "Q29359148", "Barbara Tryjarska": "Q9165632", "Ingegerd Wirtberg": "Q106190110", "V\u011bra Roubalov\u00e1": "Q104612708", "Solveig Aamdal": "Q17114209", "Alla Spivakovskaya": "Q21148640", "L\u00edgia Maria de Castro Marcondes Machado": "Q10322028", "Yoko Yamada": "Q11280500", "Jolanta Koczurowska": "Q11728072", "Jacy Arditi-Alazraki": "Q20220124", "Akiko Yamagishi": "Q21702696", "Peggy Cohen-Kettenis": "Q96246398", "Neusa Santos Souza": "Q97013761", "Gail Pheterson": "Q3094368", "Marina Temkina": "Q4468063", "Hiroko Nishida": "Q11629183", "Dominique Picard": "Q50071690", "Mechthild Seithe": "Q101246354", "Herrad Schenk": "Q1613948", "Fanny Duckert": "Q15706435", "Pilar Err\u00e1zuriz": "Q9059624", "\u0410\u0437\u0430\u0440\u0441\u044c\u043a\u0430 \u041e\u043b\u0435\u043a\u0441\u0430\u043d\u0434\u0440\u0430 \u041e\u043b\u0435\u043a\u0441\u0430\u043d\u0434\u0440\u0456\u0432\u043d\u0430": "Q85988026", "Anna Castberg": "Q12301740", "Catherine Vanier": "Q16536551", "Beate Wimmer-Puchinger": "Q21974440", "Rozsnyai Margit": "Q56683613", "Margareta Hyd\u00e9n": "Q4955225", "Daniela Castner": "Q100578", "Halina Grzyma\u0142a-Moszczy\u0144ska": "Q55389731", "Julie Horney": "Q105479852", "Maria Czerwi\u0144ska-Jasiewicz": "Q11768790", "Rigmor Rob\u00e8rt": "Q4975041", "Suely Rolnik": "Q3502976", "\u041c\u0430\u0442\u0432\u0435\u0435\u0432\u0430, \u041b\u0438\u0434\u0438\u044f \u0412\u043b\u0430\u0434\u0438\u043c\u0438\u0440\u043e\u0432\u043d\u0430": "Q21106394", "Elena Strupkov\u00e1": "Q21820010", "Mich\u00e8le Rozenfarb": "Q12036861", "Olga Wall\u00f3": "Q12042546", "Virginia Ungar": "Q21105606", "Inge Seiffge-Krenke": "Q1662823", "Franziska Henningsen": "Q19359511", "Maria Ammon": "Q29043615", "Regina Navarro Lins": "Q10358624", "Jane Flax": "Q44600589", "\u05e8\u05d7\u05dc \u05d2\u05d5\u05e8": "Q12411341", "Siri Gullestad": "Q16897937", "H\u00e9l\u00e8ne Oppenheim-Gluckman": "Q29529627", "Hertha Richter-Appelt": "Q40932392", "Hideko Iwaishi": "Q52320206", "Agn\u00e8s Florin": "Q53774630", "Zofia Jasnota": "Q218299", "Marie-Luise Conen": "Q1554169", "Kim Cornish": "Q1741621", "Carmita Abdo": "Q9697495", "Barbara Nauheimer": "Q16937525", "Anna Izabela Brzezi\u0144ska": "Q48848606", "Ellinor F. Major": "Q64798135", "Fran\u00e7oise Coblence": "Q74878092", "Katarzyna Walewska": "Q11737090", "Zsuzsanna Vajda": "Q1400998", "Nicole Prieur": "Q62566743", "Valeria Ugazio": "Q16620224", "Ivanka \u0160imek-Hybler": "Q15711136", "Irina Medvedeva": "Q4287346", "Margit E. Oswald": "Q113879928", "Erzs\u00e9bet Kem\u00e9nyn\u00e9 Gyimes": "Q1106809", "Lili Nir": "Q18330786", "Marit S\u00f8rensen": "Q11988348", "Ingrid Hedstr\u00f6m": "Q4953162", "Maria Lewicka": "Q11768999", "Monique Adam": "Q55689104", "Rosemarie Mielke": "Q105754707", "\u0427\u0435\u043f\u0435\u043b\u0454\u0432\u0430 \u041d\u0430\u0442\u0430\u043b\u0456\u044f \u0412\u0430\u0441\u0438\u043b\u0456\u0432\u043d\u0430": "Q25438931", "Olwen Wolfe": "Q3351579", "Jana Nov\u00e1\u010dkov\u00e1": "Q21599502", "Itziar Idiazabal": "Q43264734", "Marina Aleksandrovna Holodnaja": "Q4499297", "Agathe Israel": "Q391282", "Karmela Liebkind": "Q16984245", "Marion Strunk": "Q85103376", "Tatyana Ayvazyan": "Q21438186", "\u054f\u0561\u057f\u0575\u0561\u0576\u0561 \u054d\u057f\u0565\u0586\u0561\u0576\u0565\u0576\u056f\u0578": "Q21148151", "Michaela M. \u00d6zelsel": "Q1930070", "Arielle Adda": "Q2861253", "Rumi Fukudome": "Q11594308", "Margret Hauch": "Q19959773", "Dolors Gordi i Juli\u00e0": "Q20876000", "Michelle Moreau-Ricaud": "Q21707937", "Karin Schumacher": "Q23059276", "Nadja Hermann": "Q28091224", "Maggie Schauer": "Q28114638", "Marika Tiggemann": "Q39817617", "Roc\u00edo Fern\u00e1ndez-Ballesteros": "Q43255787", "Carolyn Enns": "Q51883452", "Rosemarie Doms": "Q53842947", "Almudena Garc\u00eda Alonso": "Q56754443", "Jacqueline Schaeffer": "Q60661778", "Emilia \u0141ojek": "Q60835949", "D\u00e9vora Kestel": "Q61999256", "Mariola Bidzan": "Q64141203", "Cordula Artelt": "Q64732478", "Jennifer Thorpe-Moscon": "Q65939189", "Marie-Claire Bruley": "Q81201521", "W\u0142adys\u0142awa Pilecka": "Q81756146", "Barbara J\u00f3zefik": "Q84405333", "Urszula Oszwa": "Q85134129", "Aneta Borkowska": "Q85134130", "Lidia Cierpia\u0142kowska": "Q97370921", "Eugenia Weinstein": "Q104813476", "Arlene Vetere": "Q112477265", "Gisela Osterhold": "Q1527416", "Michele Borba": "Q1931034", "Leil Lowndes": "Q4255127", "Yang Yufang": "Q11101894", "Masami \u014chinata": "Q11435615", "Sumi Shigeno": "Q11644874", "Renate Gockel": "Q19358030", "Miriam Chnaiderman": "Q28028884", "Sophinette Becker": "Q61874562", "Ann Enander": "Q106664336", "Elvira Guti\u00e9rrez Rodr\u00edguez": "Q63382802", "Irmtraud Tarr": "Q1673050", "Vilve Raudik": "Q12378719", "Monika Specht-Tomann": "Q1944768", "Chiara Simonelli": "Q55686140", "\u0414\u043e\u043d\u0447\u0435\u043d\u043a\u043e \u041e\u043b\u0435\u043d\u0430 \u0410\u043d\u0434\u0440\u0456\u0457\u0432\u043d\u0430": "Q49306009", "Karin Nohr": "Q19285321", "Mette Sundt Gundersen": "Q11989217", "Mare Pork": "Q16408117", "Delfina Linck": "Q5801736", "Jana Plichtov\u00e1": "Q28948022", "Ursula Adam": "Q1545885", "Naoko Kond\u014d": "Q20040165", "P\u00e4ivi Niemi": "Q30654842", "Eileen Rachman": "Q11208579", "Tove Beate Pedersen": "Q15773683", "Maie Kreegipuu": "Q16404221", "Ulrike Crespo": "Q2477239", "Galina Artemyeva": "Q4070244", "\u00c5se Minde": "Q19399189", "Miroslava Nikoloska": "Q55196988", "Mariko Osaka": "Q17224825", "Laura Olivetti": "Q22069505", "Zvezdana Majhen": "Q12806843", "Tetiana Tytarenko": "Q16720031", "Cornelia Krause-Girth": "Q1133365", "Marie Pez\u00e9": "Q3292727", "Ir\u00e8ne Knodt-Lenfant": "Q17630533", "Trudy Dehue": "Q20978365", "Anna Angelopoulos": "Q68314390", "Helga Theunert": "Q1602306", "Y\u014dko Fujikawa": "Q11624024", "Beate Rennen-Allhoff": "Q15438387", "Christiane Spiel": "Q16061199", "Zuzanna Toeplitz": "Q16620508", "Eva-Maria F\u00f6rtsch": "Q87647375", "Michal Beller": "Q105847496", "Dilya Yenikeyeva": "Q4175630", "Ottilia Boross": "Q15110995", "Toshiko Isarida": "Q17192904", "Elly Risman Musa": "Q16866917", "Ulrike Hauffe": "Q1373090", "Eva Bamberg": "Q105037165", "Maria Beisert": "Q11768726", "Bernadette Rog\u00e9": "Q23929313", "Turid Suzanne Berg-Nielsen": "Q12007904", "Tatyana Martsinkovskaya": "Q4283103", "Danut\u0117 Gailien\u0117": "Q16446994", "Esperan\u00e7a Castell i Rodr\u00edguez": "Q51324306", "Kaarina M\u00e4\u00e4tt\u00e4": "Q30250540", "L\u00edgia Diniz": "Q10322022", "Chiara Volpato": "Q28374070", "Lieselotte Ahnert": "Q1824299", "Meri-Liis Laherand": "Q12370164", "Val\u00e9ria Cs\u00e9pe": "Q875675", "Chi-Lan Do-Lam": "Q2963203", "Bo\u017cena Janda-D\u0119bek": "Q9178375", "Julieta Agust\u00ed i Farreny": "Q50761129", "Ulla Bosse": "Q60463954", "El\u017cbieta Hornowska": "Q60666400", "Isabella Heuser": "Q95205074", "Alicja Kuczy\u0144ska": "Q98216351", "Evelyn Heinemann": "Q112541115", "Dietmut Niedecken": "Q1223610", "Michaela Huber": "Q1231288", "Kaoru Hoshi": "Q21019519", "Kayo Miura": "Q24875044", "Helena Rasku-Puttonen": "Q29055038", "Lorraine Sherr": "Q42594238", "Bel Mesquita": "Q51882111", "Fotini Ladaki": "Q61467022", "Raija-Leena Punam\u00e4ki": "Q63092825", "Aida Faingezicht Waisleder": "Q5661168", "Brigitte Sindelar": "Q916684", "Marina Yegorova": "Q24351268", "Helga Thieroff": "Q6571215", "Teresa Rzepa": "Q9357352", "Chikako Ogura": "Q11458922", "Christine Bauer-Jelinek": "Q1083415", "Claudia Guderian": "Q1097485", "Iwona Gali\u0144ska-Wildstein": "Q64072171", "Katerina Polivanova": "Q17902731", "Lydia Flem": "Q3269206", "Genevi\u00e8ve Morel": "Q2398655", "Martha Manning": "Q108377753", "Darja Odar": "Q18507861", "Frid A. Hansen": "Q17094262", "Bente-Marie Ihlen": "Q17097128", "Martha E. Shenton": "Q80161330", "Tsippy Gon-Gross": "Q6783923", "Anna K\u00e5ver": "Q4960347", "Jadranka \u0160turm-Kocjan": "Q18507987", "Miriam Faust": "Q18120342", "Paloma Cabadas": "Q54342177", "Maren Fischer-Epe": "Q62027744", "Astrid von Friesen": "Q750966", "Carole S\u00e9dillot": "Q2939915", "Catherine de Richaud": "Q2942127", "Eliane Jung-Fliegans": "Q3050913", "Jo\u00eblle Allouche-Benayoun": "Q3187480", "Julie Pelletier": "Q3189254", "Zorka Domic": "Q3576113", "Sima Ferdowsi": "Q5868174", "Machiko Sannomiya": "Q11355150", "Maarit Valo": "Q11880418", "Joan Kenley": "Q16725773", "Monique de Kermadec": "Q21634517", "Beatriz Montoya": "Q28555494", "Claudia Szczesny-Friedmann": "Q86204307", "Galina Berulava": "Q4085242", "Hsia Lin-ching": "Q28413399", "Gina K\u00e4stele": "Q17364087", "Kari Lamer": "Q43177883", "Solange Amaral": "Q10372991", "Eda Heinla": "Q20528687", "Catherine Tourette-Turgis": "Q82650964", "Barbara Bokus": "Q11687342", "Johanna Barbara Sattler": "Q15441133", "Jo\u00eblle Bordet": "Q3187482", "Maria Parczewska": "Q11769081", "O\u013ega Bindasov\u00e1": "Q13538014", "Marianna Hajduska": "Q16520254", "Aiha Zemp": "Q404839", "Malle Roomeldi": "Q12369604", "Ulrike Stedtnitz": "Q79452432", "Larisa Piotrovskaya": "Q4363199", "Jutta Fiegl": "Q1419994", "Natalya Petrovna Lapina": "Q12117125", "Atsuko Aono": "Q11662808", "Anne-Kari Torgalsb\u00f8en": "Q17112660", "Lena Nevander Fristr\u00f6m": "Q4969291", "Elsa Alm\u00e5s": "Q18647580", "Sarit Segal": "Q19200981", "Mitra Kadivar": "Q56509983", "Anna-Maija Pirttil\u00e4-Backman": "Q57302546", "Anke Rohde": "Q105268700", "Ulrike Petermann": "Q2477420", "Catherine Bergeret-Amselek": "Q2941832", "Takako Konishi": "Q11463629", "Eija Palosaari": "Q11856993", "Aune Past": "Q12360022", "Riina Riisalo": "Q12374041", "Eva Ja\u0161\u0161ov\u00e1": "Q13408704", "Atsuko Onodera": "Q17129183", "Doris Wolf": "Q38101514", "Alina Rynio": "Q113736623", "Mar\u00eda Jos\u00e9 S\u00e1nchez Rubio": "Q16601413", "Sheila Payne": "Q42723904", "Ludmila \u010c\u00edrtkov\u00e1": "Q111913663", "Beatrijs Ritsema": "Q2309205", "Alena Plh\u00e1kov\u00e1": "Q14915860", "Ndiaye Fatoumata Coulibaly": "Q77973208", "Herta Flor": "Q1471193", "Vera Slepoj": "Q28058595", "Mar\u00eda Teresa Campilongo": "Q6113102", "Benedikte Dahl": "Q12303101", "M\u00e1ria Roth-Szamosk\u00f6zi": "Q1251171", "Margarete Boos": "Q1894952", "Iwona Majewska-Opie\u0142ka": "Q16560554", "Claudia Dalbert": "Q1097394", "Anita Riecher-R\u00f6ssler": "Q550833", "Gayane Shahverdyan": "Q47499154", "Gudrun Lenz": "Q95200565", "Angelika Seibt": "Q56379652", "Tova Rosenbloom": "Q20022816", "Angela Schorr": "Q18410274", "Heidi Ihlen": "Q16899358", "Anu Aluoja": "Q16403841", "Marika Rauk": "Q12369787", "Christina Schr\u00f6der": "Q1083278", "Gabi L\u00f6schper": "Q1490498", "Noem\u00ed Oliveto": "Q6044386", "Yoshiko Fujiwara": "Q11623482", "Ulrike Borst": "Q28916678", "Laima Bulotait\u0117": "Q48562040", "Insa Sparrer": "Q1664357", "Lydia Hartl": "Q1878606", "Makiko Naka": "Q11378584", "Tomoko Kuwabara": "Q11537460", "Maaris Raudsepp": "Q12369379", "Tiia Tulviste": "Q17447157", "Adele Diederich": "Q21252673", "Jadwiga Cieszy\u0144ska": "Q48845023", "Chieko Kaneko": "Q83680620", "Lidzija \u0141ysiuk": "Q11756584", "Annica Frithiof": "Q106462861", "Tatyana Shishova": "Q4524853", "Gerda Mehta": "Q1510996", "Joanna Klimas": "Q11727431", "Roser Burgu\u00e9s Ventura": "Q20006554", "Hannelore Weber": "Q1575911", "Barbara Krah\u00e9": "Q21255282", "Ildik\u00f3 Albert": "Q20479570", "Natalia Vitalevna Dmitrieva": "Q17617441", "Carme Junqu\u00e9": "Q38641038", "Edda Armas": "Q51763868", "Calamanda Vila Borralleras": "Q14038928", "Lucia Castello Branco": "Q20048716", "Ewa Czerniawska": "Q9256635", "Patricia Palmer": "Q5474080", "Maria Concetta Morrone": "Q48712262", "Iris Bar On": "Q16338440", "Susan Sprecher": "Q2368950", "Junko Yoshimura": "Q21703039", "Karin Dannecker": "Q38681018", "Dina Konstantinovna Kirnarskaja": "Q4221518", "Masja Dessau": "Q12326351", "Geraldine Pratt": "Q58216567", "Gra\u017cyna Wieczorkowska-Wierzbi\u0144ska": "Q9276111", "Anna Szuster-Kowalewicz": "Q9155749", "Anna Trzcieniecka-Green": "Q63967477", "Kakuko Miyata": "Q16336005", "Lena Posner K\u00f6r\u00f6si": "Q18923364", "Marianne van den Boomen": "Q18655439", "Hanna Liberska": "Q9286004", "Catherine Leblanc": "Q2941974", "Marina Casta\u00f1eda": "Q17181907", "Ute Ehrhardt": "Q18609016", "Annette Kast-Zahn": "Q19025518", "Mar\u00eda Vicenta Mestre Escriv\u00e1": "Q45174969", "Phyllis Butow": "Q67471190", "Katerina Maridaki-Kassotaki": "Q85965912", "B\u00e4rbel Schwertfeger": "Q1019048", "Rotraut Walden": "Q2168899", "Kumiko Yamazaki": "Q11467946", "N\u00faria Ti\u00f3 i Rotllan": "Q11939110", "Yukiko Kurokawa": "Q17130108", "Martina Endepohls-Ulpe": "Q97015074", "Anna Oleszkowicz": "Q98399533", "Eleonora Bielawska-Batorowicz": "Q85855506", "Ky\u014dko Nobi": "Q11645845", "Koo Sung-ae": "Q16080094", "Yekaterina Yegorova": "Q4173793", "Martina Hoffmann-Badache": "Q24010951", "Maria Ole\u015b": "Q29829792", "Susann Heenen-Wolff": "Q18535206", "Eha R\u00fc\u00fctel": "Q12361753", "Heidi Wayment": "Q66124741", "M\u00e1rta F\u00fcl\u00f6p": "Q1006523", "Manuela Musco": "Q104212291", "Ingela Lundin Kvalem": "Q16897972", "Beth Sah\u00e3o": "Q51882220", "\u00c1gnes Forr\u00f3": "Q12357111", "Violeta Petroska Beshka": "Q55200087", "Ingrid Hanu\u0161ov\u00e1": "Q95169885", "Maitreyi Dorothee Piontek": "Q56261004", "Barbara Traub": "Q110295868", "Renate Volbert": "Q1275723", "Gerty Lensvelt-Mulders": "Q2558987", "Hiroko Nakagama": "Q11367770", "Akemi Matsunaga": "Q11531537", "Kiyomi Akita": "Q11595277", "Megumi Yama": "Q26043254", "Louise Boshoff": "Q31736845", "Hanna Brycz": "Q80576070", "Ana de Staal": "Q52566220", "Mar\u00eda del Carmen Ortiz": "Q20167907", "Cecilia Mart\u00ednez del Solar": "Q5759814", "Lydia Freyani Hawadi": "Q49252028", "Jeanne Siaud-Facchin": "Q3176163", "Regina Leven": "Q15449479", "Delphine Renard": "Q3021859", "Irena Dog\u0161a": "Q18507928", "Aina Poi\u0161a": "Q21923994", "Sabine Prokhoris": "Q49482889", "\u05e8\u05d7\u05dc \u05dc\u05d5\u05d9-\u05e9\u05d9\u05e3": "Q16129075", "Montserrat Roura i Massaneda": "Q20876614", "Isabelle Filliozat": "Q52718701", "Elsbeth Stern": "Q1333592", "S\u00edlvia C\u00f3ppulo": "Q925298", "Lola L\u00f3pez Mond\u00e9jar": "Q5978462", "Masumi Sugawara": "Q11619126", "Nekane Jurado": "Q11938529", "Elke Berninger-Sch\u00e4fer": "Q33105433", "Kathleen M. Carroll": "Q44263688", "Esperanza Bosch Fiol": "Q59261589", "Clarisse Baruch": "Q75232194", "Jeannette Schmid": "Q1433200", "Maja Storch": "Q1885998", "Regina Michalik": "Q2137886", "Sylvie N\u00e8ve": "Q20241036", "Barbara Abdallah-Steinkopf": "Q61786072", "Imma Mayol i Beltran": "Q11682994", "Eva Arnold": "Q105413008", "Fran\u00e7oise Sironi": "Q3086605", "Anna G\u00e9czy": "Q56390866", "Lut Celie": "Q13776621", "Raffaella Di Marzio": "Q972198", "Ersilia Menesini": "Q56995167", "Annie Rolland": "Q74661303", "Ann-Sofie B\u00e1r\u00e1ny": "Q23914809", "Sara Bilbatua": "Q6121726", "Marion Lemper-Pychlau": "Q1899200", "Eva M\u00fcckstein": "Q15808914", "Katarzyna Schier": "Q11737055", "Ene Pill": "Q12362114", "Dagmar K\u0159\u00ed\u017ekov\u00e1": "Q21819961", "H\u00e9l\u00e8ne L'Heuillet": "Q3144791", "Pascale Molinier": "Q3367692", "Anna Bokszczanin": "Q9155040", "Sachiko Kurosawa": "Q11678414", "Yasuko Morinaga": "Q21702559", "Gra\u017eina Gudait\u0117": "Q31198785", "Inmaculada Mujika Flores": "Q51025404", "Elly Konijn": "Q102389368", "Ruth Kronsteiner": "Q112390289", "Liria Ortiz": "Q4971366", "Martina Schmidt-Tanger": "Q1905505", "Susanne Preusker": "Q2369418", "Mutsumi Imai": "Q11376546", "Bettina Hannover": "Q15990546", "Christina Casanova": "Q18411131", "Eeva K. Kallio": "Q85983367", "Danuta Borecka-Biernat": "Q98594744", "Zinovia Stepanivna Karpenko": "Q12108810", "Joanna Krupska": "Q17696801", "Keumjoo Kwak": "Q16080077", "Marie-Fr\u00e9d\u00e9rique Bacqu\u00e9": "Q3291836", "L\u00e9n\u00e1rt \u00c1gota": "Q56390849", "Kamila Hol\u00e1skov\u00e1": "Q95399599", "Hilde van der Ploeg": "Q2120720", "Marianne Hammerl": "Q1896822", "Violetta Skrzypulec-Plinta": "Q64295835", "Cecilia Guariglia": "Q43094174", "Danguol\u0117 Beresnevi\u010dien\u0117": "Q12652262", "Meelike Saarna": "Q26234982", "Urszula Dudziak": "Q30903265", "Karen Schultz": "Q12321329", "Julia Samu\u00ebl": "Q2733974", "H\u00e9l\u00e8ne Castel": "Q3144725", "Marcella Danon": "Q3845494", "Annette Niederfranke": "Q95206554", "S\u00edlvia Helena Koller": "Q40123441", "Vlasta Zabukovec": "Q12805976", "Rasa Ali\u0161auskien\u0117": "Q16470771", "Manuela Keller-Schneider": "Q76460687", "Anna Maria Giannini": "Q65921420", "Reet Montonen": "Q12373698", "Maja Zupan\u010di\u010d": "Q18627722", "\u05e0\u05d5\u05e8\u05d9\u05ea \u05d9\u05e8\u05de\u05d9\u05d4": "Q16130555", "Kaori Karasawa": "Q20039528", "Dolors Marin i Tuy\u00e0": "Q47448835", "Darja Kobal Grum": "Q59348282", "Keiko Iwamiya": "Q11474354", "Astrid Sch\u00fctz": "Q750821", "Ingeborg Bosch": "Q2225493", "Anna Otffinowska": "Q9155544", "Minako It\u014d": "Q11380368", "Justyna D\u0105browska": "Q11729692", "Barbara Juen": "Q15446523", "Monika Vogelgesang": "Q17325222", "Ky\u014dko Takaishi": "Q17350078", "Ma\u0142gorzata Basi\u0144ska": "Q60329246", "Susanne L\u00fcdemann": "Q92399738", "Ise Thomas": "Q1673782", "Sabine M. Gruber": "Q2209811", "Heidi M\u00f6ller": "Q1594342", "Hilde Pape": "Q11975350", "Rika Kayama": "Q11667235", "Bj\u00f8rg \u00d8ygarden": "Q11961285", "Tatyana Yancheva": "Q12296070", "Corine de Ruiter": "Q2347599", "Eva Possnig": "Q100269307", "Mar\u00eda Natividad L\u00f3pez de Munain Alzola": "Q14015588", "Natalia Darialova": "Q4155157", "Nadine Brun-Cosme": "Q78771799", "L\u00eddia Brondi": "Q3072632", "Ruth Feldman": "Q27162175", "Ingrid Josephs": "Q63878312", "Marianne Iben Hansen": "Q105153167", "Marije Goikoetxea Iturregi": "Q125811062", "Nathalie Zajde": "Q961872", "Kuniko Muramoto": "Q26044246", "Yukari Amiya": "Q62601392", "Monika Renz": "Q92423574", "Karen Velez": "Q15487917", "Sabine Sonnentag": "Q21264618", "Lou Olivier": "Q9024430", "Veronika Valkanova": "Q26212491", "Renata Biserni": "Q3932561", "Sofya Nartova-Bochaver": "Q4313475", "Patricia Janody": "Q3369109", "Charlotte Ringsmose": "Q63057857", "Kirsti Lonka": "Q11871794", "Kadi Liik": "Q16406435", "Eva Henriette Mohn": "Q11968140", "Jutta Kranich-Rittweger": "Q103932618", "Mirjam Kalland": "Q63138731", "Svetlana Sharenkova": "Q12293293", "Marie Rose Moro": "Q3292770", "Josefina Santiago Rodr\u00edguez": "Q11928411", "Amaia Vazquez": "Q29542499", "Enik\u0151 Csilla Kiss": "Q28722031", "Katariina Salmela-Aro": "Q57227065", "Shawn Meghan Burn": "Q4085042", "Raja Ben Slama": "Q12213139", "Concha Rousia": "Q12386377", "Ulrike Blatter": "Q19959019", "Silvia Schneider": "Q21264680", "Katarzyna Miller": "Q28671880", "Christel Salewski": "Q63871412", "Eva Meisenzahl": "Q70896937", "N\u00faria Llorach i Boladeras": "Q80844802", "Rita Rosner": "Q96580754", "Lisa Niederreiter": "Q116009436", "Chris Paul": "Q1077636", "Ariane Kalfa": "Q2861196", "Ilka Quindeau": "Q15447169", "Ana Rita de Paula": "Q51882188", "Claudia Bullerjahn": "Q56073209", "Pia Bosch i Codol\u00e0": "Q11941420", "Agneta Herlitz": "Q23915212", "Yekaterina Murashova": "Q4307912", "Ilse Sand": "Q104630076", "Larisa Tsvetkova": "Q56309344", "Ellen Laan": "Q47088885", "Mar\u00eda Varanda": "Q6003411", "Mark\u00e9ta Kavale": "Q12035612", "Elena Trombini": "Q20752374", "Dorthe Berntsen": "Q52111921", "Shlomit Miron": "Q101858440", "Agn\u00e8s Gruart i Mass\u00f3": "Q29308415", "Pirjo M\u00e4ki": "Q60502725", "Nila Zborovs\u02b9ka": "Q12106303", "Katalin Varga": "Q15353296", "Alla Borisovna Kupreychenko": "Q20742114", "Dorota Zawadzka": "Q9210261", "Andrea Ludolph": "Q21065070", "Debby Hess": "Q6581878", "Hani Dinur": "Q16132977", "Katri R\u00e4ikk\u00f6nen-Talvitie": "Q23040024", "Jenny Moix": "Q28860022", "Stefanie Stahl": "Q1236576", "Martina Stangel-Meseke": "Q1905522", "Anneli Salk": "Q16403770", "Kikuyo Aoki": "Q20038398", "Itsuko Dohi": "Q20041676", "Andrea K\u00fcbler": "Q30509755", "Christina Krause": "Q42904293", "Susanna Messaggio": "Q3978257", "Sabina Pauen": "Q20742745", "Sara Berbel S\u00e1nchez": "Q16176760", "Catherine Verdier": "Q97293221", "Eul\u00e0lia Canal i Igl\u00e9sias": "Q19999475", "Rosmery Mart\u00ednez": "Q16626675", "Hanna Wilczy\u0144ska-Toczko": "Q9286048", "M\u00e1rta Csabai": "Q870181", "Simona Weiss": "Q17149879", "Nune Barseghyan": "Q4078518", "Lilit Yepremyan": "Q63103613", "Ulrike Hahn": "Q28154860", "Fu Xiaolan": "Q104722129", "Irina Konstantinova Tsyvina": "Q4506294", "Gabriele Neumann": "Q66110711", "Katrin McClean": "Q1537875", "Irina Sirotkina": "Q28500557", "Di\u0101na Zande": "Q45201002", "Mar\u00eda Jes\u00fas Espinoza Matos": "Q6003967", "Isabelle Nazare-Aga": "Q3154995", "Sophie Buyse": "Q3490869", "Katerina Lachmanov\u00e1": "Q17549054", "Gesine Grande": "Q48410064", "Eva Schmitt-Rodermund": "Q83435078", "Mar\u00eda Paz Garc\u00eda-Vera": "Q86536656", "Sabine Pankofer": "Q96212977", "Claudia Fahlke": "Q4947442", "Hale Bacako\u011flu": "Q6089194", "Miho Takahashi": "Q11671525", "Ann-Marlene Henning": "Q15134809", "Birgit Kreipe": "Q15788744", "Sylke Meyerhuber": "Q80940905", "Chantal Kemner": "Q21256627", "Annette Maennel": "Q95190994", "Robin Kowalski": "Q2159827", "Caroline Thompson": "Q2940069", "Eva Machourkov\u00e1": "Q97838825", "Luixa Reizabal Arruabarrena": "Q77299712", "Zsuzsanna Szab\u00f3": "Q1293827", "Anne Marte Pensgaard": "Q11958299", "Siv Gamnes": "Q37806979", "Ilona B\u00fcrgel": "Q1659013", "Ewa Pisula": "Q9256817", "Sabine Miriam Gr\u00fc\u00dfer-Sinopoli": "Q1251768", "Erin Sweeny": "Q27982806", "Marit Jaastad": "Q47456845", "Laida Martinez": "Q57659869", "Neus Carbonell Cam\u00f3s": "Q85956039", "Dagmar Kumbier": "Q112443824", "Miros\u0142awa Huflejt-\u0141ukasik": "Q120496321", "Kristin Platt": "Q1789308", "Svenja Hofert": "Q2371525", "B\u00e9atrice Mill\u00eatre": "Q2929467", "Beata Pastwa-Wojciechowska": "Q9168083", "Kirsi Honkalampi": "Q61103967", "Christa Kolodej": "Q1078097", "Anne-Sophie Nyssen": "Q114157214", "Daniela Mapelli": "Q59673756", "Elinor Schad": "Q63090851", "L\u00eddia Calomardo Alabart": "Q87918930", "Galina Ivanchenko": "Q4196862", "Anna Mir\u00f3 Bardisa": "Q27986021", "Manon Sikkel": "Q2392085", "Lioba Baving": "Q15825944", "Gabi Reinmann-Rothmeier": "Q1488473", "Ulrike Cress": "Q18028895", "Cornelia Gr\u00e4sel": "Q19787651", "Montserrat Vilella Cuadrada": "Q21480240", "Iwona Niewiadomska": "Q29079241", "Petra Jansen": "Q59587705", "Katja \u0160ugman Stubbs": "Q60150044", "Marianna Virtanen": "Q67342803", "Margriet Sitskoorn": "Q4321416", "Ky\u014dko Maeda": "Q11397390", "Tomoko Aoki": "Q11661743", "Ada Borkenhagen": "Q99732686", "Elisabeth Kals": "Q104904984", "Kirsti MacDonald Jareg": "Q21748494", "Fran\u00e7oise Gu\u00e9rin": "Q16028130", "Sophie Loizeau": "Q3490989", "Dominika Maison": "Q9209870", "Silke Birgitta Gahleitner": "Q2286145", "Nadia Muscialini": "Q28668817", "Sophie P\u00e9ters": "Q22249312", "Laura Jan\u00e1\u010dkov\u00e1": "Q17986775", "Monika Rakusa": "Q11785151", "Alice Massat": "Q2398015", "Cecilie Lynum": "Q25425791", "Claudine Cordani": "Q108094277", "Nunne Englund": "Q11980899", "Naira Hakobyan": "Q65556685", "Caroline Dublanche": "Q2939988", "Mariv\u00ed Eizaguirre": "Q118744487", "Ingrid Scharlau": "Q1598986", "Monika Figura": "Q19268947", "Clara Welten": "Q24729680", "Susanne Fricke": "Q30113041", "Martha M. Robbins": "Q41509958", "Angela Ittel": "Q42433016", "Angelika Gulder": "Q55436476", "Alicja Kalus": "Q85859167", "Simone Regina Adams": "Q98398639", "Ingunn Rangul Askeland": "Q108366318", "Hitomi Sat\u014d": "Q11383634", "Michaela Gl\u00e4ser-Zikuda": "Q60923276", "Birgit Wagner": "Q61794343", "Eva Maria J\u00e4ger": "Q90906912", "Andrea Evers": "Q21252660", "Tomoko Nakano": "Q11367430", "Merav Roth": "Q126519838", "Sz\u00f6\u0151r Anna": "Q61070070", "Catherine Blanc": "Q85852927", "Brigitte R\u00f6der": "Q15428664", "Mariana Travacio": "Q56333988", "Merel Kindt": "Q21402750", "Aukje Nauta": "Q106648233", "Heather D Hadjistavropoulos": "Q60673706", "Madlen Algafari": "Q12285549", "Anna Bronowicka": "Q9155068", "Mar\u00eda de la Paz Perez Calvo": "Q16601563", "\ub178\uc601\ud76c": "Q31178586", "Nicola Marsden": "Q93361250", "Anne Katrin Matyssek": "Q565474", "Barbara Wisse": "Q3103322", "Ulrike Scheuermann": "Q18632120", "Jarmila Kl\u00edmov\u00e1": "Q55119041", "Jutta Joormann": "Q92797248", "Birte Englich": "Q67195140", "Sonja Stamenkova": "Q44398533", "Lorena Astudillo": "Q23043540", "Rikke H\u00f8gsted": "Q63368102", "Yazmin Fox": "Q12341690", "Clotilde Leguil": "Q15922044", "Shirley Yuval-Yair": "Q25490304", "Imbi Viirok": "Q17447231", "Ma\u0142gorzata Kossowska": "Q54675770", "Hedvig Montgomery": "Q11974615", "Nikolina Kenig": "Q104698411", "Lucyna Bakiera": "Q84405307", "Sakae Nakata": "Q11366714", "Yukiko Yamawaki": "Q11470875", "Naama Friedmann": "Q22944224", "Marie-Caroline Saglio-Yatzimirsky": "Q65948394", "Catherine Salmon": "Q78082215", "Shokoufeh Yadollahi": "Q94579971", "Sagit Blumrosen-Sela": "Q121667178", "Margo Mulder": "Q56604388", "Danka \u0160\u00e1rkov\u00e1": "Q28811865", "Natalia Zavatskaya": "Q16207701", "Zsuzsa Szvetelszky": "Q12816340", "Eva Vejm\u011blkov\u00e1": "Q11878198", "Christiane Budig": "Q62068641", "Melanie Steffens": "Q1728317", "Sabine Remdisch": "Q1391650", "Monti Galdon i Arru\u00e9": "Q19301282", "Soledad Bacarreza": "Q109421310", "Svitlana Pavlivna Lubyanska": "Q23659532", "H\u00e9l\u00e8ne Romano": "Q22211478", "Karin T\u00e4ht": "Q61138030", "Eszter Ber\u00e1n": "Q56390788", "Pascale Brillon": "Q55722685", "Tania Rivera": "Q108211227", "Judith Gl\u00fcck": "Q1711031", "Yael\u200f Doron": "Q65589047", "\u0634\u0627\u0647\u064a\u0646\u0627\u0632 \u0627\u0644\u0646\u062c\u0627\u0631": "Q12218225", "Liliana Rend\u00f3n": "Q19721968", "Maria Del Mar Lleix\u00e0 Fortu\u00f1o": "Q91946306", "S\u00e9verine Daucourt-Fridriksson": "Q3511463", "M\u00f2nica Sabata i Fernandez": "Q20876625", "Ver\u00f2nica Benet-Mart\u00ednez": "Q21264848", "Carmen Pomar": "Q56810890", "Yolanda Regidor": "Q90968436", "Katrin Glatz Brubakk": "Q113547777", "\u00c5sa Tr\u00e4ff": "Q271234", "Emi Sat\u014d": "Q11384018", "Tsutako Mori": "Q11539971", "Christine Prei\u00dfmann": "Q15444875", "Regina Jucks": "Q18222362", "Iris Paxino": "Q108402925", "Natalia Barbaro": "Q112224526", "Hege Kristin Ringnes": "Q19373904", "Laura M\u00fcller": "Q10316546", "Katharina Ohana": "Q1733126", "Elif Cindik": "Q99293", "Teresa Pelka": "Q29091530", "Filo Ca\u00f1ete Carrillo": "Q106159004", "Evangelia Demerouti": "Q64772760", "Ghizlaine Chraibi": "Q85423422", "Lina Pleijel": "Q4973104", "Gemma Sangin\u00e9s": "Q91435095", "\u0414\u0443\u0433\u0435\u043b\u044c\u043d\u0430 \u0422\u0435\u0442\u044f\u043d\u0430 \u041c\u0438\u043a\u043e\u043b\u0430\u0457\u0432\u043d\u0430": "Q44058446", "Pia Penttala": "Q106519418", "Maria Paula Fidalgo": "Q10326047", "Kristine Tofte": "Q12716269", "Claartje Kruijff": "Q40854742", "Diana Ingenhoff": "Q44433385", "Mona-Iren Hauge": "Q88158197", "Franzis Preckel": "Q90502833", "Inga Jasinskaja-Lahti": "Q91300862", "Jolanta Eleonora Kramarz": "Q104705976", "Yassaman Montazami": "Q3571935", "C\u00e9line Masson": "Q50413376", "Ana Grynbaum": "Q42394099", "Roma Jusien\u0117": "Q48306687", "Alexandra Meixner": "Q65706312", "Silke Brand": "Q2286153", "Patricia Gama de Quadros Bezerra": "Q64849024", "Dolors Reig i Hern\u00e1ndez": "Q17036372", "Linn Heed": "Q4953211", "Angelika Birck": "Q2652830", "Agnieszka Gawor": "Q9142252", "Ana Bela Baltazar": "Q9611963", "Krisztina Csabai": "Q20436132", "Ines Langemeyer": "Q23059457", "Shefali Tsabary": "Q25496579", "Andrea Madarasova Geckova": "Q41710202", "Anette Rohmann": "Q63871410", "Mareike Kunter": "Q91012807", "Tiina Saar-Veelmaa": "Q101109564", "Belinda Ekorn\u00e5s": "Q108669284", "Katarzyna Waszy\u0144ska": "Q112469595", "Deniz Ba\u015fpinar": "Q1187836", "Nicole Kr\u00e4mer": "Q1565063", "Yukari Hashimoto": "Q11543842", "Ilona Rauhala": "Q11864707", "Michaela Mrowetz": "Q23067368", "Ek\u014d Yagi": "Q41698705", "Inke R. K\u00f6nig": "Q54877915", "Susanne Boll": "Q15931025", "Natalya Tolstaya": "Q21145385", "Lioba Werth": "Q15437441", "Kardos Edina": "Q47506598", "Aune Valk": "Q26720358", "Kristin Spitznogle": "Q11982132", "\u053c\u0561\u0578\u0582\u0580\u0561 \u054a\u0565\u057f\u0580\u0578\u057d\u0575\u0561\u0576": "Q20509433", "Mayra S\u00e1nchez": "Q48006818", "Sabine Ahrens-Eipper": "Q84706778", "Iva Bicanic": "Q62060667", "Anja G\u00f6ritz": "Q551096", "Mia Tuft": "Q105826460", "Eva Bo\u0161tjan\u010di\u010d": "Q18507899", "Claudia Steinbrink": "Q104864568", "Isabel Maria Santos Silva": "Q3154821", "Motoko Miyake": "Q11355034", "Milagros Fern\u00e1ndez i L\u00f3pez": "Q20876374", "Beatrice Rammstedt": "Q21255459", "Kaisa Aunola": "Q44406193", "Kathrin Schlemmer": "Q99481170", "Antonia Scholkmann": "Q106241332", "Inge Schilperoord": "Q42411038", "Dora Thorhallsdottir": "Q55005138", "Heide Glaesmer": "Q75461193", "Petia Genkova": "Q100673392", "Wai Yee": "Q10332590", "Irene Heirdari": "Q55432665", "Yolanda Molin\u00e9 Rodr\u00edguez": "Q56760669", "Ayala Bloch": "Q93179482", "Anna Bennich": "Q96323805", "\u0417\u0430\u0441\u0454\u043a\u0456\u043d\u0430 \u041b\u0430\u0440\u0438\u0441\u0430 \u0412\u043e\u043b\u043e\u0434\u0438\u043c\u0438\u0440\u0456\u0432\u043d\u0430": "Q105799507", "Carlin Ross": "Q5749422", "\u0417\u043e\u0442\u043e\u0432\u0430 \u041e\u043b\u044c\u0433\u0430 \u042e\u0440\u044c\u0435\u0432\u043d\u0430": "Q106506897", "Marzena Mazur": "Q11770973", "Anna Kende": "Q15411590", "Alissa Qotrunnada": "Q64824748", "Roberta Bruzzone": "Q3938497", "\u0426\u0438\u0440\u0438\u043d\u0433, \u0414\u0438\u0430\u043d\u0430 \u0410\u043b\u0435\u043a\u0441\u0430\u043d\u0434\u0440\u043e\u0432\u043d\u0430": "Q21534177", "Tatiana Sfiligoy": "Q6139229", "Izarne Lizaso": "Q88149943", "Anna Borgos": "Q834870", "Isabel Pintor": "Q5647234", "Kairi Kreegipuu": "Q73506211", "Tomoko Tsukakoshi": "Q48763134", "Cynthia Fleury": "Q3008802", "Rozangela Alves Justino": "Q9070969", "Akiah Ottesen Berg": "Q43535909", "Vita Kalni\u0146a": "Q109864517", "Anja Strobel": "Q86923150", "Undine Lang": "Q5394305", "Sarah Zobel": "Q12334671", "Amanda Elstak": "Q686721", "Alessandra Rampolla": "Q5689624", "Giovanna Boda": "Q19984584", "Amalia Rosenblum": "Q6731219", "Tina Seidel": "Q55639984", "Susan Peirce Thompson": "Q28967849", "Amaia Agirre Mu\u00f1oa": "Q65047446", "Isabel Lozano L\u00e1zaro": "Q23018583", "Eva Bar\u00f3 i Ramos": "Q46956290", "Jorgelina Cerritos": "Q5936356", "Monika Matschnig": "Q1944703", "Jeannette Moenne-Loccoz": "Q5928904", "Rie Ueki": "Q11540527", "Marisha Rasi-Koskinen": "Q18760130", "Sandra Konrad": "Q44690110", "Rakel San Sebastian": "Q99470214", "Reo Kimura": "Q17349907", "Agata Mr\u00f3z": "Q56191929", "Christine Knaevelsrud": "Q60796496", "Karina Sarsenova": "Q84210554", "Asma Guenifi": "Q59059615", "Maril\u00e9n Barcel\u00f3": "Q64528181", "Andrea Martina Beetz": "Q4087509", "Fanny Nusbaum": "Q103001855", "Aune Karhum\u00e4ki": "Q106513504", "Zuzana Posp\u00ed\u0161ilov\u00e1": "Q95373867", "Helle Pullmann": "Q16404438", "Lucy Ana Walton": "Q42306784", "Annam\u00e1ria K\u00e1d\u00e1r": "Q12345129", "Tabea Scheel": "Q99528486", "Petra \u0160tarkov\u00e1": "Q21598529", "Maider Garcia de Vicu\u00f1a Quintana": "Q12262854", "Ingrid Desjours": "Q28033561", "Helena Kubicek Boye": "Q28125307", "Mirka Hintsanen": "Q43079209", "Tanja Baudson": "Q56229108", "Kamila Wojdy\u0142o": "Q76547502", "In\u00e9s Molina": "Q82073459", "Gertrud Sofie Hafstad": "Q88155520", "Beatrice Hurrle": "Q16006187", "Claudia Trippel": "Q16061257", "Eri Shigemasu": "Q17159342", "Val\u00e9rie Langlois": "Q55723789", "Cecilia Brozovich": "Q19842694", "M\u00f3nica Cabrejos": "Q65032394", "Maria Falikman": "Q109495761", "Miss Bolivia": "Q20873214", "Sarah Chiche": "Q46551051", "\u0422\u0430\u0446\u0446\u044f\u043d\u0430 \u0406\u0432\u0430\u043d\u0430\u045e\u043d\u0430 \u0421\u0456\u043d\u0456\u0446\u0430": "Q101661672", "Najelaa Shihab": "Q56416608", "Wendy Bosmans": "Q3238478", "Sarah Abu-Kaf": "Q24818258", "Jenneke Boeijink": "Q22101568", "Aist\u0117 Dir\u017eyt\u0117": "Q48562044", "Judith Simon": "Q53181381", "Maria Teresa Gr\u00f8nning Dale": "Q87983942", "Maaret Kallio": "Q26720343", "Alevtina": "Q4060768", "Katalin Dohrmann": "Q106190976", "Magdalena \u017bemojtel-Piotrowska": "Q57638423", "Titanilla Fi\u00e1th": "Q81199572", "Rebecca Shankland": "Q98773146", "Julia Korkman": "Q23039824", "Corinne Goetz": "Q13102218", "Maj Wismann": "Q58000998", "Natalie Sebanz": "Q62560443", "Anna Llenas": "Q108865583", "Mariya Karpova": "Q48644827", "Nerea Sancho": "Q12264795", "Sh\u014dko Sasaki": "Q43425075", "Celia Hodent": "Q87185157", "Friederike Zimmermann": "Q99035504", "Sylvia Harke": "Q109594653", "Susanna Isern": "Q112545015", "Hale U\u015fak-\u015eahin": "Q1315828", "Triin Kahre": "Q16407340", "Constanza Michelson": "Q120735271", "Raffaella di Girolamo": "Q28816131", "Claudia Zablah": "Q100769677", "Noriko Kawaguchi": "Q11477940", "Ida Hallgren": "Q98296714", "Kalina Yordanova": "Q30144675", "Aire Raidvee": "Q12358463", "Elsa Godart": "Q3051719", "Mark\u00e9ta \u0158e\u0159ichov\u00e1": "Q95396215", "Walanda Walker Smith": "Q16302379", "Marta Abramowicz": "Q11770537", "Ariane Bilheran": "Q2397312", "Miren Iza": "Q6018149", "Emily S Cross": "Q52002114", "Marianne Skogbrott Birkeland": "Q89456741", "Karolina Lama": "Q108538051", "Kate\u0159ina Z\u00e1brodsk\u00e1": "Q112422338", "Maider del R\u00edo Larramendi": "Q123512918", "Alexandra Liedl": "Q61785403", "Cornelia Betsch": "Q61756555", "Kristiina Treial": "Q16407315", "Sandrine Atallah": "Q20980482", "Iva Hadj Moussa": "Q112406978", "Sonia Ruiz de Az\u00faa": "Q84227187", "Belle Derks": "Q29585897", "Ma\u0142gorzata Ohme": "Q97173415", "Kl\u00e1ra Jane\u010dkov\u00e1": "Q12029490", "Francesca Cenci": "Q111543465", "Nora Back": "Q55379509", "Ina Bornkessel-Schlesewsky": "Q1660817", "Ellen Sofie Hovland": "Q55606337", "Veronika Podgor\u0161ek": "Q19937611", "Eva Siebert": "Q21515372", "Ritta Baddoura": "Q49116835", "Kathrin Jonkmann": "Q63871409", "Ane-Marthe Skar": "Q107631464", "Maria Due": "Q17143368", "Anneleen Kenis": "Q106595545", "Thatiana Pagung": "Q59587584", "Tiina Kilkson": "Q24545727", "Nejra Besic": "Q4938897", "Reyhaneh Ahangaran": "Q99511679", "Fabiane Secches": "Q95405948", "Michaela M\u00f6ller": "Q1730118", "Sara Buesa Rodr\u00edguez": "Q106824695", "Lene Berggraf": "Q29182873", "Satu Uusiautti": "Q30250564", "Martina Mara": "Q52995721", "Solveig Eschen": "Q64337981", "Samira Aminihajibashi": "Q96223757", "Maria B\u00f6ttche": "Q60715384", "Monika Undorf": "Q81704498", "Zhanna Andreasyan": "Q87491070", "Aleksandra Kwa\u015bniewska": "Q9146598", "Liraz Margalit": "Q108101663", "Hanne H. Brorson": "Q11973920", "Susanna Raule": "Q3978264", "Gimena Llamedo": "Q85870266", "Sandra K\u00f6hldorfer": "Q43396552", "Katarzyna Bieron": "Q11736925", "Nela Arag\u00f3n": "Q28735993", "Eveline Stallaart": "Q39336723", "Sarah Diefenbach": "Q46126027", "Helene Flood Aakvaag": "Q87461236", "Yamit Sol": "Q7008950", "Nale Lehmann-Willenbrock": "Q56926874", "M\u00e9lodie Nakachian": "Q3332980", "\u041c\u0430\u0442\u0432\u0435\u0435\u0432\u0430-\u041f\u0430\u0440\u0446\u0445\u0430\u043b\u0430\u0434\u0437\u0435, \u041b\u0435\u0441\u044f \u0421\u0435\u0440\u0433\u0435\u0435\u0432\u043d\u0430": "Q23658399", "Andrea Albagli Iruretagoyena": "Q117068230", "Mellissa Grace": "Q17410717", "Sofie Letitre": "Q26211980", "Pauline F\u00fcg": "Q29201653", "Katri Saarikivi": "Q56259715", "Miira Luhtavaara": "Q63981725", "Cl\u00e0udia Ced\u00f3 i Castillo": "Q85951209", "Armita Golkar": "Q27131027", "Silvia Caballol": "Q108430738", "Marian Rojas Estap\u00e9": "Q107182204", "Nataliya Kobilkina": "Q40551395", "Ilona Kula": "Q19268011", "Anna Felnhofer": "Q37834999", "Alma Itzhaky": "Q55291655", "Michaela Pfundmair": "Q101069103", "Diana Santos": "Q106951460", "Alexandra Dole\u017ealov\u00e1 Hrouzkov\u00e1": "Q10772583", "Th\u00e9r\u00e8se Hargot": "Q23058814", "Katarzyna Puzy\u0144ska": "Q20030406", "Nahia Idoiaga Mondragon": "Q64008014", "Mandy Singer-Brodowski": "Q86927755", "Josefine Graakj\u00e6r Nielsen": "Q92032200", "Isa Duque": "Q111948862", "Albanella Ch\u00e1vez": "Q116822156", "Sarah Blom": "Q126213036", "Steffi Burkhart": "Q65718522", "\u041d\u0430\u0434\u0435\u0436\u0434\u0430 \u0412\u043b\u0430\u0434\u0438\u043c\u0438\u0440\u043e\u0432\u043d\u0430 \u041c\u0430\u043a\u0435\u0435\u0432\u0430": "Q51667468", "Mira Marcin\u00f3w": "Q55392646", "Nina Krajnik": "Q112265440", "Kene Vernik": "Q13606959", "Ruby Palomino": "Q122270963", "B\u00e1rbara Hern\u00e1ndez": "Q76138120", "Kaat Bollen": "Q29414835", "Martina Viktorie Kopeck\u00e1": "Q68429916", "Lubi Prates": "Q81220382", "Martyna Raduchowska": "Q60832799", "Lydia Sandgren": "Q97495444", "Alondra Berber Mijangos": "Q112476126", "Antje Hill": "Q584727", "Ina Rosvall": "Q78111862", "Carla Bohndick": "Q116965904", "Evianne L van Gijn-Grosvenor": "Q88023072", "Maria Rovira i Torrens": "Q45022231", "Anastasiya Lvova": "Q118945575", "Duygu Kayaman": "Q29014767", "Elea Brandt": "Q100897581", "Bernadeta Prandzioch": "Q28956468", "Yekaterina Tour": "Q124737355", "Franchesca M. Soto": "Q97775562", "Tereza B\u00ednov\u00e1": "Q112492191", "Katar\u00edna Nagy P\u00e1zm\u00e1ny": "Q57303606", "Mari Bekauri": "Q16372053", "Gohar Navasardyan": "Q108027666", "Mar\u00eda Esclapez": "Q118496112", "Siri Helle": "Q57514443", "Shiori \u014cnuki": "Q108109782", "Lana Bojani\u0107": "Q65127790", "Apostol Klaudia": "Q56390481", "Sarah Buschmann": "Q64015984", "C\u00e9line Hervieu": "Q106489533", "Stella Tack": "Q100753936", "Isabel Barnard": "Q108746946", "Vanesa Montero": "Q113051225", "Nara L\u00f3pez Anglada": "Q118270936", "Laura Vicente Nu\u00f1o": "Q112943554", "Maialen Oiartzabal": "Q51721123", "Lavika": "Q4251998", "Beatriz Irma Raijer": "Q19261649", "\u0420\u043e\u0436\u0434\u0435\u0441\u0442\u0432\u0435\u043d\u0441\u043a\u0430\u044f \u041d\u0430\u0442\u0430\u043b\u0438\u044f \u0410\u043d\u0434\u0440\u0435\u0435\u0432\u043d\u0430": "Q21153653", "Feggy Ostrosky Shejet": "Q27888650", "Araceli Maci\u00e1 Ant\u00f3n": "Q27960753", "Roser Granero P\u00e9rez": "Q39050935", "Suzy Styles": "Q39821310", "Alison L. Miller": "Q42716574", "Skye McDonald": "Q47616961", "Tracey Wade": "Q48358945", "Airi Hautam\u00e4ki": "Q50376426", "Andrea Kleeberg-Niepage": "Q90884123", "Sophie Seeberg": "Q98303060", "Katja Seitz-Stein": "Q100235312", "Anne B\u00f6ckler-Raettig": "Q104666013", "Heike Grotegut": "Q104671416", "Jenny Wagner": "Q105104245", "Abbie Goldberg": "Q306500", "Andrea Brackmann": "Q493498", "Rita Ciceri": "Q1494152", "Mary Target": "Q1567079", "Karin Lackner": "Q1729485", "Monica Moore": "Q1944538", "Margarete Haa\u00df-Wiesegart": "Q2776739", "Latifa bint Othman bin Ibrahim Al-Shaalan": "Q6845426", "Hanna Hamer": "Q11708558", "Rachel Howard": "Q11833213", "Luise Greuel": "Q15990540", "Marina Gennadjewna Tschuchrowa": "Q47169118", "Valentina Carvajal": "Q16298206", "JoAnn Dahlkoetter": "Q2247791", "B\u00e9atrice Bellisa": "Q2929413", "Marie-Claude Defores": "Q3291713", "Marie-Magdeleine Lessana": "Q3292132", "Sylviane Giampino": "Q3507247", "Lorena Preta": "Q3836835", "Alla Kholmogorova": "Q4499201", "Hel\u00e9ne Glant": "Q4950210", "Mansoureh Rahmandoust": "Q5709026", "Parveen Alipour": "Q5956370", "Leyla Navaro": "Q6082519", "Nira Liberman": "Q6661262", "Ronnie Solan": "Q6687741", "Nitza Yarom": "Q6870121", "\u05e9\u05e8\u05d5\u05df \u05e7\u05d8\u05e8\u05d5\u05df": "Q6967889", "Dominika \u017bukowska": "Q9209881", "Teresa \u017belazny": "Q9357393", "Maria Delith Caldas Balaban": "Q10325807", "Susan Andrews": "Q10375172", "Claudia Black": "Q11298886", "Izumi Uehara": "Q11358604", "Yoshie Nakano": "Q11378617", "Sonoko Ogawa": "Q11460415", "Hisako Kakai": "Q11497611", "Gisela Labouvie-Vief": "Q11699871", "\u041c\u0430\u0440\u0433\u0438\u0442 \u0414\u0443\u0431\u043e\u0432\u0438\u0446": "Q12285903", "Martha Sigg-B\u00f6ddinghaus": "Q12286237", "Anik\u00f3 S\u00e1ndor": "Q12345098", "Linda J. Rogers": "Q12368813", "\u05e2\u05e4\u05e8\u05d4 \u05de\u05d9\u05d9\u05d6\u05dc\u05e1": "Q12410417", "\u05e2\u05e4\u05e8\u05d4 \u05d0\u05e9\u05dc": "Q12410419", "Rodab Phiroze Bharucha-Reid": "Q12887990", "Kathleen Kwok": "Q15931868", "Gordana Buljan Flander": "Q16109884", "Nadja Antonijevic": "Q16112416", "Dominique Frischer": "Q16629653", "Livia Garcia-Roza": "Q16940511", "Asha Phillips": "Q17024343", "Hiromi Wake": "Q18054997", "Nicole McCance": "Q18098692", "Jandira Masur": "Q18466580", "Minna Lyons": "Q18814934", "Assumpta Mugiraneza": "Q19267273", "Lucia Attolico": "Q19357733", "Nella Livings": "Q19357868", "Rita Ricci": "Q19358053", "Vivienne Cass": "Q19609877", "Ruth Beyth-Marom": "Q19859232", "Azar Rahnama": "Q20110333", "\u0634\u06a9\u0648\u0647 \u0646\u0648\u0627\u0628\u06cc\u200c\u0646\u0698\u0627\u062f": "Q20110556", "G\u00fcldal Caba": "Q20354039", "\u0540\u0561\u057d\u0574\u056b\u056f \u054d\u0565\u0580\u0574\u0561\u0580\u056b\u0579\u0561": "Q20513428", "\u10dc\u10dd\u10dc\u10d0 \u10ee\u10d8\u10d3\u10d4\u10e8\u10d4\u10da\u10d8": "Q20582811", "Monique David-M\u00e9nard": "Q20666488", "Yocheved  Ben-Nun": "Q20751218", "Sachiko Nosaka": "Q21701236", "Mariko Yamasaki": "Q21702729", "SangMi Kim": "Q22118540", "Maria Molicka": "Q24649712", "Sun Tien-lun Catherine": "Q24831737", "\u041b\u0430\u0440\u0438\u0441\u0430 \u0412\u0438\u043a\u0442\u043e\u0440\u043e\u0432\u043d\u0430 \u041b\u0435\u0436\u043d\u0438\u043d\u0430": "Q25591347", "Zivit Abramson": "Q27926908", "Urszula Jakubowska": "Q28107013", "Sasha Carrion": "Q28151619", "Elina Reenkola": "Q29419201", "Jaana Haapasalo": "Q29893381", "Yael Latzer": "Q30526850", "Mariko Asai": "Q30937225", "Jane Fisher": "Q37371139", "Nancy Pachana": "Q38545346", "Tamara Ownsworth": "Q38546407", "Ute Habel": "Q38641596", "Isabel Leal": "Q39835184", "Jennifer L. Tackett": "Q40544902", "Maureen Dollard": "Q41075272", "Roz Shafran": "Q42880305", "Julie D. Henry": "Q44218309", "Julie C. Stout": "Q45290281", "Maria Psoinos": "Q47658741", "Catherine Solano": "Q48774574", "Monika Guszkowska": "Q48848618", "Hayat Bouffarrachen": "Q50378193", "Tinatin Gurchiani": "Q52395201", "Lilian Ferrier": "Q52791960", "Mpho M. Pheko": "Q55436657", "Michelle Slone": "Q55650946", "Isabel Torres Orts": "Q55705945", "Sonja Saurin": "Q56289736", "Katja Wingenfeld": "Q56961477", "Louise Sharpe": "Q57004475", "Iva Pol\u00e1\u010dkov\u00e1 \u0160olcov\u00e1": "Q57026192", "Sara L Bengtsson": "Q57060958", "Jill Lobbestael": "Q58053811", "Barbara Mullan": "Q58330919", "Aleksandra Cis\u0142ak": "Q59216293", "Silvia Tubert": "Q59847402", "Siautu Alefaio": "Q60057564", "Takako Mochihara": "Q60230114", "Tolya Stoitsova": "Q60462440", "Shinako Sugioka": "Q60987538", "Galinka Chavdarova": "Q61140841", "Stephanie Both": "Q62055861", "Suheyn Cipriani": "Q62609144", "Bethany A. Teachman": "Q64748931", "Sara Tement": "Q65094853", "Eva Matja\u017e": "Q65122583", "Marta Chumalo": "Q65202673", "Katarina Veselko": "Q65515303", "Elke M\u00fchlleitner": "Q65966483", "Jane Pirkis": "Q67225396", "Laurence Claes": "Q67357424", "Ewa Gruszczy\u0144ska": "Q68126406", "Justyna Zi\u00f3\u0142kowska": "Q80117303", "Cassandra Perryman": "Q81215467", "Wies\u0142awa Limont": "Q81756018", "Jinyoung Park": "Q85010293", "Sylvie Lausberg": "Q87579214", "Srbuhi Gevorgyan": "Q88213737", "Brenda K. Wiederhold": "Q88323365", "Rebecca Bond\u00fc": "Q88557134", "Sonia Abadi": "Q88600294", "Tracy L Spinrad": "Q88767076", "Ma\u0142gorzata Puchalska-Wasyl": "Q88833897", "Sara Marsillas": "Q89046625", "Josefina Castro-Fornieles": "Q90560101", "Kim L Felmingham": "Q91111727", "Joanna R\u0105czaszek-Leonardi": "Q91494409", "Shannon T Lipscomb": "Q92248508", "Robyn Tate": "Q92934890", "Gertraud Schottenloher": "Q95756799", "Susan Resnick": "Q96091890", "Cida Bento": "Q96123141", "Ferhunde \u00d6ktem": "Q97320215", "Urszula Szu\u015bcik": "Q97372529", "Danuta Rode": "Q97373558", "Malwina Szpitalak": "Q97374054", "Takako Bouzon Sato": "Q97456333", "Chaya Ostrower": "Q97486745", "Brooke S G Molina": "Q97529705", "Sachiko Kobayashi": "Q97658144", "Joanna Seni\u00f3w": "Q98087571", "Katarzyna Popio\u0142ek": "Q98104367", "Zofia Do\u0142\u0119ga": "Q98104401", "Nicola D\u00f6ring": "Q98166943", "Ludwika Wojciechowska": "Q98228550", "Iwona Grzegorzewska": "Q98228844", "Tatiana Ronginska": "Q98228854", "Lisa A Brenner": "Q98306047", "Mayra Gaiato": "Q98636698", "Vera Iaconelli": "Q99575655", "Helene A Nissen-Lie": "Q99591709", "Outi Lund\u00e9n\u200b": "Q99748217", "Ludmi\u0142a Sadovnicova": "Q100591185", "Magdalena Sendecka": "Q104170096", "Astrid Junge": "Q104461961", "Kaoru Sekiyama": "Q105047541", "Heike Freire": "Q105172338", "Izabela Kielczyk": "Q105694612", "Carme Freixa": "Q105846944", "Cora Emens": "Q106380353", "Odelia Karmon": "Q106387777", "Olcay \u0130mamo\u011flu": "Q106520539", "Virginia Galdos del Carpio": "Q106644607", "Maria P\u0105chalska": "Q108197375", "Marta Kohl de Oliveira": "Q108219766", "Anne Girard": "Q110979352", "Sonia Vaccaro": "Q111446677", "Zo\u00eb Ligon": "Q113015074", "Deusivania Falc\u00e3o": "Q113332091", "El\u017cbieta Kasprzak": "Q113678094", "Coquine Louve": "Q113681986", "Hukarere Valentine": "Q113761897", "Natasha Tassell-Matamua": "Q118126500", "Ruth Mayo": "Q118732831", "Fabiola Trejo": "Q123505734", "Monique Zepeda Sein": "Q126199993"}