{"Tante Kaat": "Q2182118", "Anne Perez": "Q2851230", "Alexandra Hilverth": "Q22132003", "Hila Noorzai": "Q59335063", "Helena Lovin\u010di\u010d": "Q59348182", "Haramichan": "Q84975619", "Alja Lobnik": "Q106411153", "Dalma Fer\u00f3": "Q117034770", "Georgiana Carhart": "Q118401992", "Louise Gordon-Stables": "Q78668116", "Antoinette van Dijk": "Q17351296", "Edyth Thomas Wallace": "Q124699018", "Ethel Park Richardson": "Q110868277", "Mar\u00eda Catalina Marchi": "Q6003506", "Myra Evans": "Q125581918", "Ines Viviani Donarelli": "Q18224832", "Albertine Schelfhout-van der Meulen": "Q28064196", "Riek Lotgering-Hillebrand": "Q2207528", "Maria Luisa Boncompagni": "Q3847376", "Zdenka Wallo": "Q104165525", "Allie Lowe Miles": "Q105082973", "Isolina N\u00fa\u00f1ez": "Q29075152", "Rose Rey-Duzil": "Q3442403", "Celina Nahlik": "Q116491519", "M\u00e4rta de Laval": "Q96631811", "Maria Cinta Balagu\u00e9": "Q19301064", "Diana Luke": "Q5271217", "Hanna Neter": "Q5648719", "MaryRose Occhino": "Q6778744", "Loretta Petit": "Q24061146", "Mildred Funnell": "Q104666979", "Maria del Carme Nicolau Mass\u00f3": "Q20876461", "Maria Sabat\u00e9 i Cebado": "Q124790683", "Ida Jacoba Gilkens": "Q19756152", "Aino Kallio": "Q11883268", "Rosalia Rovira i Duart": "Q124654363", "Fadhila Khetmi": "Q3064376", "Silvia Guerrico": "Q107949175", "Mariya Petrova": "Q4360909", "Anne H. Mulder": "Q20017528", "Espe Alegria": "Q30044820", "Teresa Tirelli": "Q117835986", "Ilse Obrig": "Q1659180", "Claudine Vallerand": "Q103658072", "Agathe Mella": "Q2826468", "Barbro Svinhufvud": "Q22696981", "Antolina Boada": "Q120440810", "Else Br\u00fcckner-R\u00fcggeberg": "Q1333627", "Vlasta Slavick\u00e1": "Q95089482", "Solveig Berg": "Q18964282", "Maria Tersa i Miralles": "Q11935494", "Lily Petersen": "Q2563315", "Twink Story": "Q98135677", "Mia Smelt": "Q2580551", "Mercedes Laspra": "Q123272492", "Francina Boris i Codina": "Q11922932", "Ruth Brunk Stoltzfus": "Q120504263", "Ruth Maria Wagner": "Q2177691", "Maruja Boga": "Q9029851", "Adelita del Campo": "Q5657555", "Ifigenia Didaskalou": "Q14720630", "Ragnhild Knagenhjelm": "Q16899859", "Rita Drangsholt": "Q17057665", "Pilvi \u00dcllaste": "Q12372482", "Brita Bager": "Q4937265", "Henriette Seksek": "Q64744693", "Gytte Rue": "Q21816998", "Liv Greni": "Q23309930", "Esm\u00e9 Euvrard": "Q86001789", "Andr\u00e9e Paradis": "Q111011920", "Menie Gr\u00e9goire": "Q3305989", "Anne-Marie Ventre": "Q108428793", "Vida Lasi\u010d": "Q18643125", "Svanhild Mundheim": "Q12718787", "Maria Leonor": "Q10325971", "Maria Carlota \u00c1lvares Guerra": "Q125454693", "Lee Ruckstuhl": "Q40036434", "\u041b\u0456\u043b\u0456\u044f \u042f\u0444\u0440\u044d\u043c\u0430\u045e\u043d\u0430 \u0421\u0442\u0430\u0441\u0435\u0432\u0456\u0447": "Q102375378", "Aase Rasmussen": "Q2066826", "Birgit Gjernes": "Q11961108", "Ana Mlakar": "Q12784498", "Mar\u00eda Matilde Almendros": "Q20968354", "Galina Novozhilova": "Q26776826", "Ogenia Simchoni": "Q27990311", "Tonia Karali": "Q59160939", "Aziza Harun": "Q93445242", "Alia Babbou": "Q94404172", "Ilse Buck": "Q89915", "Micheline Banzet-Lawton": "Q102361327", "Kalliope Paisiou": "Q12878692", "Mary Maguire": "Q124541084", "Amale Arzelus": "Q12253305", "Zoya Belaya": "Q26267919", "Ebba Beckman": "Q121509789", "Hanna Pfeil": "Q115647715", "\u0639\u0648\u0627\u0637\u0641 \u0627\u0644\u0628\u062f\u0631\u064a": "Q126485476", "Olivera Poppankova": "Q55167510", "Sonni Holtedahl Andersgaard": "Q16165552", "Muriel Stevens": "Q106399808", "Annie Ninchi": "Q3618093", "Amal Fahmi": "Q6536650", "Mitsuko Aoyama": "Q115482091", "Gerti Barna": "Q1515440", "\u00c9dith Lansac": "Q115649354", "Martha Doyle": "Q1992154", "Sacid\u00e4 S\u00f6l\u00e4jmanova": "Q20590912", "Tegai Roberts": "Q118395955", "Eva Maria Kaiser": "Q1236651", "Nora Boerman": "Q55619105", "Karen Meffert": "Q1729262", "Dagmar Sedl\u00e1\u010dkov\u00e1 it": "Q95073720", "Rosemarie Isopp": "Q1536047", "Lucy Arregui": "Q126485757", "Marijke Ferguson": "Q117616241", "Els Van Herzeele": "Q15874882", "Maria Jos\u00e9 Mauperrin": "Q56736125", "Mouloud Atefi": "Q5952057", "Kamila Mou\u010dkov\u00e1": "Q1723071", "Ren\u00e9e Franke": "Q1315320", "Lutgart Simoens": "Q2204047", "Teresa Clode": "Q65509194", "Meira Bein": "Q102227557", "Mariko \u014cmura": "Q109603508", "Mama Angebi": "Q96765892", "Mar\u00eda Teresa \u00cd\u00f1igo de Toro": "Q16601530", "Inger Leino": "Q96473666", "Ulla Gyllenberg": "Q60823225", "Liliana Feldmann": "Q3832370", "Karin Rohn": "Q1487702", "Cristina Fructuoso Ruiz de Erenchun": "Q59785144", "Elisabeth Schnell": "Q1330269", "Mama Kanzaku": "Q93892250", "Maria Zafeiraki": "Q58235065", "Anna Er\u0151ss": "Q114774922", "Roshnie Radhakishun-Ramlakhan": "Q126085244", "Dina Luce": "Q3707816", "Mona Krantz": "Q4959773", "Eva Kopeck\u00e1": "Q95182416", "Louise Martini": "Q1329473", "Caroline Kaart": "Q2051340", "Mich\u00e8le de Chazeaux": "Q112522155", "Brita Blomquist": "Q11962305", "Barbro Lindstr\u00f6m": "Q96473855", "Olga \u010cu\u0159\u00edkov\u00e1": "Q12042551", "Sonja van Proosdij": "Q47018236", "Edit Erki": "Q990821", "N\u00faria Cugat Zaf\u00f3n": "Q115616929", "Jeanne van Munster": "Q18655466", "Maria Gl\u00f2ria Farr\u00e9s i Ramon": "Q112073426", "Enriqueta Linares": "Q124515889", "Miroslava \u010cern\u00e1-Filipov\u00e1": "Q75006004", "Tosca Hoogduin": "Q2196145", "Aline Desjardins": "Q2837028", "Kl\u00e1ra Hamburger": "Q1033361", "Roser Cavall\u00e9 Estupi\u00f1\u00e0": "Q125206725", "\u0623\u0645\u0627\u0646\u064a \u0646\u0627\u0634\u062f": "Q20605333", "Franca Aldrovandi": "Q3749281", "Reiko Yukawa": "Q11563531", "Margot Lefebvre": "Q11455470", "Giovanna Martelli": "Q116774715", "\u0647\u062f\u0649 \u0627\u0644\u0639\u062c\u064a\u0645\u064a": "Q126488030", "Judith de Leeuw": "Q20725469", "Cynthia Sears": "Q126004614", "Jannette Lake Dates": "Q112551424", "Sigi Harreis": "Q1493877", "Kari Bay Haugen": "Q51280449", "Barbro Elfstr\u00f6m": "Q96650757", "Marie-Jos\u00e9e Neuville": "Q3291998", "Helga M\u00e4rthesheimer": "Q1602244", "Nelly Trummel": "Q40448502", "Nataliya Lototska": "Q12118485", "Marianne Germer": "Q124527647", "Raisa Shabanova": "Q15061263", "Nenita Cortes-Daluz": "Q2627128", "Ibriza Ma'ushi": "Q112845668", "Zjanna Arkadevna Vladimirskaja": "Q16593852", "Christine Pellistrandi": "Q2965968", "Hedi Heres": "Q260585", "Julka Vahen": "Q106762405", "Nata\u0161a Dolenc": "Q116313169", "Monika Jetter": "Q1944666", "Bozhana Dimitrova": "Q125501848", "Wenche Margrethe Myhre": "Q17105473", "Jos\u00e9e Gorce": "Q15868262", "Yuliya Belyanchikova": "Q4083613", "Marga van Arnhem": "Q2683053", "Varda Rasiel Jackont": "Q12407165", "Azar Pajouhesh": "Q5946162", "Amal Al-Umda": "Q6536422", "Tilly Jung": "Q55813647", "Carolyn Elizabeth Yeager": "Q126908098", "Margrit Staub-Hadorn": "Q1663967", "Ragnhei\u00f0ur \u00c1sta P\u00e9tursd\u00f3ttir": "Q98024097", "Nadia Ghalem": "Q55723418", "Jarmila \u010cernock\u00e1": "Q12023589", "Gerti Senger": "Q1515452", "Michiko Imai": "Q11376712", "Sophie Garel": "Q539688", "Gisela Marx": "Q1527403", "Donatella Moretti": "Q3713704", "J\u00falia L\u00e1ngh": "Q24701371", "Elke Herrmann": "Q1331499", "Marisol Gonz\u00e1lez": "Q5999353", "Gabriela Rohrbachov\u00e1": "Q112418819", "Mart Benders": "Q118368641", "\u0639\u0641\u0627\u0641 \u0627\u0644\u0647\u0644\u0627\u0648\u064a": "Q6816743", "Viviane Blassel": "Q3561569", "Germaine Groenier": "Q1931828", "Astrid Brekken": "Q11959444", "Ann-Britt Mathisen": "Q12301724", "Shamira Imber": "Q6599862", "Ajda Kalan": "Q16334088", "Charlotte Ohnesorge": "Q1871197", "Sylvie Coyaud": "Q24033536", "Noha Al Khateeb Saadeh": "Q116286562", "Mamine Pirotte": "Q87130189", "Jana Koubkov\u00e1": "Q669948", "Gabriella Caramore": "Q3756725", "\u0647\u0627\u062c\u0631 \u0633\u0639\u062f \u0627\u0644\u062f\u064a\u0646": "Q20425597", "Audrey van der Jagt": "Q62075518", "Irmtraud Richardson": "Q6534817", "Juliane Bartel": "Q1712090", "Angela Buttiglione": "Q3616749", "Marina Cepeda Fuentes": "Q17284899", "Maria Lu\u00edsa Fan\u00e7ony": "Q96150795", "Nellie Kidela": "Q124324151", "Brigitte L\u00e4mmle": "Q916491", "Liliana Dell'Acqua": "Q3832368", "Ir\u00e8ne Brisson": "Q56260886", "\u041a\u043e\u0440\u043e\u0431\u043e\u0432\u0430-\u0411\u043e\u0433\u0434\u0430\u0448\u0435\u0432\u0441\u044c\u043a\u0430 \u0417\u043e\u044f \u0406\u0441\u0430\u043a\u0456\u0432\u043d\u0430": "Q22138043", "Brigitte Rohkohl": "Q2663648", "Hennie Kuijer": "Q19587655", "Soizic Corne": "Q3488999", "\u0647\u0627\u0644\u0629 \u0627\u0644\u062d\u062f\u064a\u062f\u064a": "Q126762752", "Marika Rennerfelt": "Q4974497", "Barbara Marchand": "Q3634652", "Ati Dijckmeester": "Q2227920", "\u0633\u0644\u0648\u0627\u0646 \u0645\u062d\u0645\u0648\u062f": "Q126488025", "Tamara Mykola\u00efvna Hrymalska": "Q28703740", "Julia Edenhofer": "Q1453435", "Reine Malo": "Q3423846", "Tatiana Hoffman": "Q6822445", "Anne van Egmond": "Q1875693", "\u00c9lisabeth Lerminier": "Q3587900", "Marinella Venegoni": "Q18419159", "H\u00e9l\u00e8ne Renard": "Q33289116", "\u0625\u064a\u0646\u0627\u0633 \u062c\u0648\u0647\u0631": "Q12182742", "Silvia Annichiarico": "Q2286671", "Margarete Schwarzkopf": "Q1662903", "Ute Verhoolen": "Q15430003", "Violet Falkenburg": "Q2399560", "Yngvil Kiran": "Q17099709", "Jindra Jaro\u0161ov\u00e1": "Q59392218", "Mara Gonz\u00e1lez": "Q106238312", "Anne-Karin": "Q123148", "Hanna Maria Giza": "Q9286008", "Luisella Berrino": "Q3840483", "Shahin Mahinfar": "Q97304871", "Marie-Andr\u00e9e Michaud": "Q20961932", "Bosiljka Ba\u010dura": "Q48917213", "Bambi Elinsdotter Oskarsson": "Q4971424", "M\u00e1rta Papp": "Q107214640", "Lena R\u00e5ngeby": "Q4976281", "Cynthia Rose": "Q119435905", "Kunie Yokoi": "Q11542349", "Caterina Emili": "Q84138873", "Rosa Mar\u00eda Artal": "Q6112196", "Giovanna Koch": "Q3766243", "Mimi Mizutani": "Q11549130", "Anna Lena Ringarp": "Q4974888", "Majda Rebernik": "Q114068530", "Bia Sarasini": "Q66593216", "Teresa Duran i Armengol": "Q11951588", "Simone H\u00e9rault": "Q3484573", "Shahnaz Pakravan": "Q7461840", "Claudia Bultje": "Q15838195", "Catalina Telias": "Q60441986", "Mona Al Basri": "Q112070026", "Galia Salimo": "Q54898264", "Tatyana Chernyayeva": "Q4514456", "Margaret Lindhardt": "Q12325947", "Tutti Maravilha": "Q109794401", "Ivana Slab\u00e1kov\u00e1": "Q107646764", "Monica Krog-Meyer": "Q12327549", "Maureen Forte": "Q124358320", "Maartje van Weegen": "Q3083220", "Iruka": "Q11287200", "Gigi Bigot": "Q3105472", "Moncha Prieto": "Q108427249", "Hanne Kulessa": "Q1575825", "Gl\u00f3ria Muianga": "Q26937232", "Marjoke Roorda": "Q124800085", "Ilona Christen": "Q1659015", "Lillibeth Lunde Elgst\u00f8en": "Q56650960", "Annedore Smith": "Q113572619", "Country Wilma": "Q2285592", "Bernadette Heiligers": "Q106563997", "Elena Pedemonte": "Q616080", "Marina Livanova": "Q28665474", "Amanda Spoel": "Q2678466", "Marie Tomsov\u00e1": "Q95176537", "Machiko Yoshida": "Q11414009", "Madam Keroko": "Q11340373", "Rita Westvik": "Q17113907", "\u0627\u0646\u062a\u0635\u0627\u0631 \u0634\u0644\u0628\u064a": "Q126579207", "Tsippy Gon-Gross": "Q6783923", "Madeleine Caboche": "Q3275611", "Alison Parr": "Q104285171", "Djoeke Veeninga": "Q2183490", "Sabine Brandi": "Q2209638", "Sabrina Capitani": "Q2210120", "Annie Kavarian": "Q2851671", "Catherine P\u00e9pin": "Q2942040", "Evelyne Adam": "Q3061394", "Fran\u00e7oise Rivi\u00e8re": "Q3086586", "Fran\u00e7oise Treussard": "Q3086612", "Julie Pelletier": "Q3189254", "Lydie Barbarian": "Q3269228", "Marie-Andr\u00e9e Poulin": "Q3291469", "Marie-H\u00e9l\u00e8ne Therrien": "Q3291898", "Marie-Lyse Laberge-Forest": "Q3292102", "Marie-\u00c9laine Proulx": "Q3292308", "Mych\u00e8le Abraham": "Q3311548", "Pascale Wilhelmy": "Q3367715", "Ruth St\u00e9gassy": "Q3453646", "Sandrine Vendel": "Q3472018", "Sylvie Zerbib": "Q3507413", "Arantza Sinobas": "Q12253846", "Annie Lessard": "Q16184639", "Laura Leishman": "Q19958419", "Hanen Chograni": "Q20723740", "Leslie Forbes": "Q118669834", "Csupics M\u00e1ria": "Q48644594", "Olga Kachanova": "Q4217921", "Anne-Marie Dussault": "Q2850858", "Karin Julsrud": "Q17098673", "Fauziah Nawi": "Q20458006", "Margarida Merc\u00eas de Melo": "Q10325610", "Mieke van der Weij": "Q3246025", "Charlotte Digregorio": "Q113324657", "Manu W\u00fcst": "Q1891369", "Barbara Palombelli": "Q3634667", "Christine Lamer": "Q2965935", "Janet Ziff": "Q124254612", "Eva Jurinov\u00e1": "Q18106584", "Ir\u00e8ne Chomiki": "Q59148793", "Mary Starrett": "Q6780764", "Ida Dominijanni": "Q3791737", "Supernana": "Q3504752", "Renate Burtscher": "Q43464214", "Gloria De Antoni": "Q3772425", "Irena Rozsypalov\u00e1": "Q120614760", "Helena Groll": "Q47067913", "Liz Curtis Higgs": "Q98593865", "\u0641\u0631\u064a\u0627\u0644 \u062d\u0633\u064a\u0646": "Q12230667", "Agnes Moxnes": "Q11957034", "Carrie Jansen": "Q2665312", "Chris Jonckers": "Q2400376", "Akiko Kanazawa": "Q11647471", "Anna-Bianca Krause": "Q558895", "Cristina Gazzera": "Q3697533", "Barbara B\u00fcrer": "Q807378", "Cicci Renstr\u00f6m Suurna": "Q4974509", "Vita Ramm": "Q4389759", "Kathy Lindekens": "Q2056848", "Susy Lem\u00e1n": "Q111196385", "Susanna Schimperna": "Q28058594", "Marta Norheim": "Q11988469", "Svetlana Petrova": "Q98035706", "Satsuki Inoue": "Q11372766", "Sv\u011btlana Lavi\u010dkov\u00e1": "Q30093556", "Sabine Sauer": "Q2209881", "Olga Homolkov\u00e1": "Q95371351", "Milena \u0160tr\u00e1feldov\u00e1": "Q95449858", "Paula Louren\u00e7o": "Q124364007", "Stanislava Leke\u0161ov\u00e1": "Q80905199", "Maria Assun\u00e7\u00e3o Sousa": "Q109795108", "Linda De Win": "Q2084724", "Paola Severini": "Q3893628", "Conny Glogger": "Q1126437", "G\u00e9raldine": "Q3123672", "Hiroko Taniyama": "Q11632816", "Jessie De Caluwe": "Q13737162", "Jessie De Caluw\u00e9": "Q3836811", "Kasumi Sakaguchi": "Q11656642", "Erzs\u00e9bet S\u00e1ndor": "Q28828107", "Antonella Ferrera": "Q3618925", "Lea Sklar": "Q54576464", "Maite Lephaille": "Q96972256", "Phylis Johnson": "Q112551123", "Karmele Aranburu": "Q119861510", "Atsuko Futaki": "Q11371589", "Dagmar Hellberg": "Q18019210", "Maranda Chin Pui Hing": "Q15954214", "Anna Pettinelli": "Q3617802", "Saeko Suzuki": "Q11648425", "Tamara Globa": "Q41804154", "Kriszta Kov\u00e1ts": "Q1120567", "Hannelore Veit": "Q1575912", "Alessandra Panelli": "Q3609706", "Lloll Bertran": "Q16177361", "Carol Brouillet": "Q5044271", "Herborg Bryn": "Q16181251", "Candy Chea": "Q7209144", "Emanuela Falcetti": "Q3723842", "Mori Yasuko": "Q11540439", "Ann Jones": "Q21996757", "Odile Ambry": "Q60647779", "\uc774\uc219\uc601": "Q12611862", "Mitsuko Komuro": "Q11459637", "Hennie Burggraaff": "Q2126745", "Jeanne Marie D'Amico": "Q59314787", "Nadia Mabrouk": "Q126515482", "Yumiko Yokoyama": "Q11542603", "Chiaki Matsubara": "Q11529364", "Lucie Domesov\u00e1": "Q106214219", "Susanne Tellinger": "Q4982293", "Sanna Martin": "Q4966152", "Maria Teresa Lamberti": "Q3847556", "Kristina Menih": "Q113996328", "Patrizia Giancotti": "Q3897819", "Ikuko Okamoto": "Q11473210", "Roula Georgiadou": "Q100744387", "Fiamma Satta": "Q60840964", "Keiko Kawata": "Q11479004", "Lya de Haas": "Q45202651", "Marina Timasheva": "Q4457338", "Tessel Blok": "Q54101847", "Valli": "Q3553874", "Lotje IJzermans": "Q19757884", "Hanne Kl\u00f6ver": "Q23661813", "Anna Radici": "Q57354062", "Jill Emberson": "Q78597376", "Catherine Costa": "Q123079462", "Monika Eigensperger": "Q1480292", "Marcela Kr\u0161ov\u00e1": "Q95152096", "Alla Michaylovna Sigalova": "Q4418563", "Katarzyna Dowbor": "Q11736942", "Ky\u014dko End\u014d": "Q11642376", "Jasna Rodo\u0161ek": "Q15136322", "Sumimama": "Q17160220", "Raffaella Bragazzi": "Q3929204", "Hiromi Saito": "Q11500315", "Simonetta Zauli": "Q30585226", "Manami Komori": "Q8016804", "Kathleen Huys": "Q1926226", "Elena Mark\u00ednez": "Q5829206", "Hennah Draaibaar": "Q20746178", "Itsuko Tsujii": "Q110418531", "Susanne Schanda": "Q112530996", "Gisela Steinhauer": "Q1527448", "Alenka Sivka": "Q18502287", "Isabelle Motrot": "Q3154993", "Tati Penna": "Q6139210", "Irina Petrovskaya": "Q4361147", "Yolanda Flores": "Q6170215", "Elena Chernikova": "Q4513625", "Marie-Laure S\u00e9gura": "Q94242591", "Silvia Droste": "Q1185961", "Rika Kayama": "Q11667235", "Marina Landa": "Q4253818", "Atsuko Kohata": "Q110403040", "Marina Braun": "Q1898222", "Kyoko": "Q11522602", "\u0421\u0435\u0432\u0435\u0440\u0441\u043a\u0430\u044f, \u041e\u043b\u044c\u0433\u0430 \u0418\u0433\u043e\u0440\u0435\u0432\u043d\u0430": "Q112988548", "Masako \u014ctani": "Q18991079", "Nicoletta Deponti": "Q122362966", "Ferdos Forudastan": "Q106003", "Yelena Kazarinova": "Q15068105", "Bettina Stummeyer": "Q850065", "Tatiana Anatolievna Voltskaya": "Q22918552", "Svetlana Konegen": "Q4230718", "Kay Rush": "Q3814080", "Claude-Inga Barbey": "Q2976739", "Ellen Arnhold": "Q1331789", "Christel Van Dyck": "Q2695166", "Ilona Bronevitskaya": "Q1659008", "Iris Paech": "Q1386888", "Marion Brasch": "Q1899119", "Mayumi Terashima": "Q11457820", "Azucena Li\u00e9vano": "Q124618510", "Erna Sassen": "Q2599760", "Val\u00e9rie Letarte": "Q3554285", "Libe Agirre": "Q113267184", "Evi Seibert": "Q1382356", "Valeria Benatti": "Q4007788", "Ursula Heller": "Q2501656", "Olga Ivanova": "Q16593992", "Jade": "Q3160407", "Carmen Juan": "Q25975644", "Renate Fischer": "Q96622232", "Alejandra N\u00f3voa": "Q104037439", "C\u00e9line Lafrance": "Q107467805", "Toshiko Kitamura": "Q11401975", "Kumiko Ukai": "Q11675756", "Ann Leary": "Q55945912", "Sanna Gutestam": "Q112620172", "Devon O'Day": "Q5267749", "Leen Demar\u00e9": "Q2691760", "Sabine Bulthaup": "Q1580116", "Mitsuka Kusunoki": "Q11541272", "Satomi K\u014dyama": "Q11589563", "\u0424\u0438\u043b\u0438\u043d\u0430, \u042d\u043b\u0435\u043e\u043d\u043e\u0440\u0430 \u041d\u0438\u043a\u043e\u043b\u0430\u0435\u0432\u043d\u0430": "Q109495553", "Marie-Pierre Planchon": "Q18629793", "LaLaura": "Q3820595", "Ana Borderas": "Q99461957", "Branka Smole": "Q113758461", "Magda \u0160alamon": "Q23011644", "Christiane Poertgen": "Q1082795", "Marcela Feudale": "Q110251054", "Mari Pau Dom\u00ednguez": "Q5997237", "Esther Esparza": "Q27975956", "Iva Barto\u0148ov\u00e1": "Q112467437", "Myfanwy Alexander": "Q73855438", "Montserrat Dom\u00ednguez": "Q384572", "Susi M\u00fcller": "Q1425801", "Heike Knispel": "Q1529961", "Monique Giroux": "Q3320846", "Marie-Elisabeth Denzer": "Q17425353", "Anne-Sophie Roquette": "Q2850940", "Signe Tynning": "Q17113205", "Christiane Brehl": "Q1082634", "Britta von Lojewski": "Q920875", "Karin de Groot": "Q1973520", "Lola Garcia Fuentes": "Q109686867", "Kseniya Larina": "Q4243312", "Anne Hoff": "Q17096803", "Iveta Kov\u00e1\u010dov\u00e1": "Q91012860", "Petra Possel": "Q27806051", "Angelika Pint\u00ed\u0159ov\u00e1": "Q51362386", "Marlene Deluxe": "Q1649512", "Lai Pei-hsia": "Q9346459", "Madeleine Cederstr\u00f6m": "Q4942433", "Francesca Pedaci": "Q52613396", "Kathrin Lehmann": "Q1736502", "Gaby Schwarz": "Q36808597", "Inge Diepman": "Q2121208", "Donatella Bianchi": "Q3713691", "Maria Lindberg": "Q4962433", "Isabelle Giordano": "Q3154931", "Suzy Walton": "Q106695059", "Jeanne Kooijmans": "Q2479456", "Peggy De Meyer": "Q2447007", "Daniela Br\u016fhov\u00e1": "Q112371016", "Jarmila Repovsk\u00e1": "Q112548783", "Heike G\u00f6tz": "Q1558464", "Cai Yuzhen": "Q8461915", "Kyoko Fukutsu": "Q27151153", "Shizue Oda": "Q11463202", "Ky\u014dmi Hashizume": "Q24860220", "Mari Nosaka": "Q11645288", "Jitka Folt\u00fdnov\u00e1": "Q95157375", "Maren Sieber": "Q16218235", "Andrea Honer": "Q494087", "Mayssam Darazi": "Q12246797", "Sabine Marin": "Q67199561", "Birgit Gantzert": "Q15873349", "Mariko Kobayashi": "Q30926099", "Nathalie Gobin": "Q3336593", "Mari Lunnan": "Q17102516", "Esther B\u00e9gin": "Q3058953", "Monika Fasnacht": "Q1944614", "Annalisa Manduca": "Q94621095", "Shino Tomihara": "Q11455813", "Junko Nakashima": "Q23947993", "Sophie Pr\u00e9gent": "Q3491025", "Norie \u014chara": "Q11433115", "Juri Suda": "Q11664641", "Annemiek Schrijver": "Q2344124", "Nathalie Simon": "Q3336672", "Satoko Kawabe": "Q11479295", "Betty Wu": "Q9061485", "Conny De Boos": "Q2321194", "Anja Caspary": "Q551050", "Hisae Aigoshi": "Q11582429", "Val\u00e9rie Payet": "Q3554300", "Geertje De Ceuleneer": "Q13640651", "Yuki Rhinehart": "Q11345583", "Aase Cathrine Myrtveit": "Q17105541", "Mar\u00eda Guerra": "Q47490097", "Huang Kuang-chin": "Q48935895", "Julie Roys": "Q66551730", "Ang\u00e9lica Rubio": "Q89122657", "Zuzana Bure\u0161ov\u00e1": "Q112403668", "Montse Lluss\u00e0 i Masd\u00e9u": "Q120231307", "Inger Elisabeth Sagedal": "Q123416248", "Montse Moreno": "Q125560377", "Babette Michel": "Q797659", "Claudia Quadri": "Q2978431", "Lin Yu-hui": "Q10348183", "Monika Mannov\u00e1": "Q120962737", "Elsbeth Gruteke": "Q20978379", "Rosita Celentano": "Q3941537", "Blanka Mal\u00e1": "Q118867538", "Belle Yu": "Q9078669", "Nicoletta Simeone": "Q3876491", "Chen Feng-hsin": "Q9370915", "Tomoko Kadowaki": "Q11655093", "Katelijne Boon": "Q17428051", "Carmen Di Pietro": "Q3660299", "Caroline B\u00e6kkelund Hauge": "Q11963220", "Isabelle Mar\u00e9chal": "Q3154977", "Joann Tang": "Q109256962", "Vera Kvaal": "Q12009304", "Suzanne Bosman": "Q2510619", "Leah Oz": "Q63965155", "Yelena Afanasyeva": "Q4072675", "Roberta Beta": "Q3938489", "Beya Zardi": "Q12200353", "Erzs\u00e9bet Jeney": "Q104914934", "Minako Sakaguchi": "Q11425078", "\u912d\u6069\u5a25": "Q12615897", "Rose Chao": "Q8939510", "Mie Jinno": "Q11590953", "Nata\u0161a Gerke\u0161": "Q106395094", "Sa\u0161a Gerdej": "Q19933698", "B\u00e4rbel Wolfmeier": "Q65550585", "Tilda Moyo": "Q116267704", "Muriel Barrel": "Q3328096", "Myriam Fecchi": "Q3869125", "Steffi von Wolff": "Q2338883", "Alexandra Potvin": "Q97694951", "Fien Sabbe": "Q2506020", "Ineke Moerman": "Q2627495", "Claudia Christina": "Q1097380", "Alisa Sher": "Q53869390", "Lenka Hornov\u00e1": "Q95089411", "Cheri Chan": "Q120359697", "Lan Shuan": "Q8989518", "Rog\u00e9ria Santos": "Q115526082", "Ariane Jacobi": "Q655699", "Mayuko Suzuki": "Q11648501", "Ky\u014dko Fujimoto": "Q110884807", "Val\u00e9rie Durier": "Q3554252", "Fabiana": "Q3737562", "Eva Longyka": "Q12788616", "Caroline Dublanche": "Q2939988", "Brita Garden": "Q11962312", "Petra Wanitschka": "Q20899378", "Susanne Rohrer": "Q2369454", "Stefanie Ludwig": "Q1251871", "Kathrin Schirmer": "Q1553803", "Luise Wunderlich": "Q1876671", "Panna Bal\u00e1zsy": "Q789919", "Chien Yu-yien": "Q8349326", "\u0160\u00e1rka Rosov\u00e1 V\u00e1\u0148ov\u00e1": "Q95377354", "Yin Naijing": "Q9080061", "Genie Godula": "Q3100722", "Michiru Kojima": "Q11388663", "Christine Koht": "Q11963760", "Dana Diezemann": "Q61744825", "Emiko Nakano": "Q11367629", "Yana Poplavskaya": "Q4244813", "Anastasia Vadimovna Mashkova": "Q108701375", "Pauline van Aken": "Q14854086", "Sina Peschke": "Q15847640", "Bettina Rust": "Q850035", "Pernilla Eskilsdotter": "Q16594743", "Michaela Kr\u010dmov\u00e1": "Q95167717", "Y\u016bko Imaoka": "Q11259962", "Franziska Reichenbacher": "Q1450171", "Olivia Powell": "Q2020748", "Mar\u00eda Mu\u00f1oz": "Q6004342", "\u062f\u0627\u0644\u064a\u0627 \u0627\u0644\u0639\u0642\u064a\u062f\u064a": "Q12211363", "Vera Lin\u00df": "Q112521959", "Sanne Gottlieb": "Q12334637", "Michiko Onihashi": "Q11673491", "Reyes Ilintxeta": "Q12266513", "Puk Elg\u00e5rd": "Q12332562", "Marzena Che\u0142miniak": "Q11770962", "Ky\u014dko Tsushima": "Q11458207", "Tatiana Liamzina": "Q57825047", "Stefanie Anhalt": "Q2338137", "Ikumi Sat\u014d": "Q11384385", "Yelena Landskaya": "Q4253998", "Sari Sepp\u00e4l\u00e4": "Q18688617", "Konstantina Vassiliou-Enz": "Q1650866", "Sabina Stilo": "Q3944296", "Anja Goerz": "Q551090", "Britta Wiegand": "Q920862", "Lauren Hays": "Q6500251", "Monika Sch\u00e4rer": "Q1944761", "Mia Bryngelson": "Q4941049", "\u00c9lyse Marquis": "Q3588062", "Vas Maya": "Q1402051", "Manuela Doriani": "Q3845080", "Kayo Agatsuma": "Q3194409", "Tonje Grave": "Q12006788", "Arantxa Artza": "Q61963183", "Katherine Zimmerman": "Q85214995", "G\u00e9raldine Danon": "Q992362", "Tal Gordon": "Q7033830", "Nadiya Matvyeyeva": "Q97278539", "Christina Filiaggi": "Q5110780", "Irene Lamedica": "Q3801907", "Mibu Minami": "Q11408367", "Birgit Hasselbusch": "Q108514511", "Neves Rodr\u00edguez": "Q108599161", "Sonja Marx": "Q109920831", "Farzaneh Masoumian": "Q114487861", "Gabi Waldner": "Q1488487", "Federica Gentile": "Q3741552", "Leslie Nease": "Q104076558", "Laura Antonini": "Q3827721", "Rosaria Renna": "Q3941340", "Birgit von Bentzel": "Q865378", "Karin Frei": "Q1729432", "Adriana Da Silva": "Q121047191", "Michela Andreozzi": "Q3856405", "Yuliya Bordovskikh": "Q4093510", "Charlotte Lauterbach": "Q4961297", "Uta Fu\u00dfangel": "Q2502749", "Maria Cristina Heller": "Q87463491", "Sandy Altermatt": "Q3948329", "France Beaudoin": "Q3080629", "Paoletta": "Q3893648", "Sh\u014dko Muraoka": "Q11523204", "Hitomi Kubo": "Q11368948", "B\u00e9reng\u00e8re Bonte": "Q20932587", "MEME": "Q11231387", "Isabel Garc\u00eda": "Q1112211", "Henriette Lien": "Q11975028", "Karen Kaloustian": "Q22689321", "Esther-Claire Sasabone": "Q2934253", "M\u00e9lanie Bauer": "Q28438143", "Jolka Kr\u00e1sn\u00e1": "Q101008702", "Hana Porebsk\u00e1": "Q112393984", "Lesego Kgajwane": "Q116757192", "Minna Ottavainen": "Q123353017", "Mary Kreutzer": "Q1751803", "Ulrike Sterblich": "Q2477487", "Camilla Nordquist": "Q4970114", "Keiko Shinoda": "Q11603808", "Mary Cacciola": "Q3850441", "Friedl' Lesage": "Q2728263", "Sachiko Shibata": "Q11534807", "Rie Takagi": "Q11670119", "Margarita Mitrofanova": "Q4296832", "Margriet van der Linden": "Q2188653", "Riem Higazi": "Q1421733", "Cinzia Poli": "Q26034639", "Nataliya Metlina": "Q4291788", "Atsuko Imamura": "Q11377090", "Martina Kaiser": "Q1266524", "Ping Xiulin": "Q47668405", "Raya Chammai": "Q109257812", "Claudia de Lillo": "Q23894463", "Eva Umbauer": "Q1379525", "Olga Vladimirovna Maksimova": "Q4276256", "Marjon Keller": "Q2266042", "St\u00e9phanie Duncan": "Q56527426", "Naroa Gorostiaga": "Q66722423", "La Pina": "Q3821058", "Lucella Carasso": "Q2321385", "Mirjam Unger": "Q1938237", "Sanne Boswinkel": "Q1823232", "Keiko Nakashima": "Q11364685", "Takako Yamura": "Q11584139", "Conny Mashimbye": "Q67020984", "Kozue Sait\u014d": "Q11500171", "Fr\u00e9d\u00e9rique Courtadon": "Q3090365", "Mette Bom": "Q67624099", "Ronit Kfir": "Q6892078", "Marie Lecoq": "Q3292648", "Riko \u014ctsuki": "Q11436463", "Sarah Briguet": "Q3473324", "\u738b\u6642\u9f4a": "Q9065738", "Keiko Sakata": "Q110403275", "Raliza Nikolov": "Q2129451", "Beate H\u00e5rstad Jensen": "Q96275649", "In\u00eas Meneses": "Q99050102", "Ulrike Ertl": "Q114678323", "Emi Shioda": "Q11428809", "Steffi Neu": "Q1688666", "Mariola Dinar\u00e8s": "Q67205857", "Francesca Cheyenne": "Q3749450", "Trine Grung": "Q4951078", "Fr\u00e9d\u00e9rique Bedos": "Q3090352", "Kathrin Schlass": "Q117022676", "Viviana Canosa": "Q5490507", "Yuki Matsumoto": "Q11531199", "Noriko Higuchi": "Q17224120", "Chris Tomoko": "Q11299355", "Arianna Ciampoli": "Q3622520", "Daniela Dinandt": "Q1163610", "Katja Heijnen": "Q107370672", "Patricia Pantel": "Q2057254", "Regina Myannik": "Q4310289", "Flavia Cercato": "Q3746435", "Mi\u0142ka Malzahn": "Q16578648", "Teng Hui-wen": "Q8951332", "Filiz": "Q11200135", "Federica Cifola": "Q16555467", "Benedetta Mazzini": "Q3638023", "Rei Shibata": "Q11534868", "Astrid de Jong": "Q2656012", "Etsuko Ezaki": "Q11550850", "Sonja Pungertnik": "Q28771833", "Jeannette Platou": "Q59773020", "Giulia Blasi": "Q59828803", "Edurne Garmendia": "Q64590618", "Ilze Dobele": "Q105243266", "Laetitia Gayet": "Q115633189", "Canan B\u00fcyr\u00fc": "Q1032744", "Katja Losch": "Q994680", "Vera Lee": "Q10335442", "Jennifer Pressman": "Q3807890", "Junko Katayama": "Q11569625", "Natza Farr\u00e9 i Maduell": "Q38764125", "Keiko Yamada": "Q11345155", "Natalya Tolstaya": "Q21145385", "Svetlana Permyakova": "Q4351593", "Ina Dietz": "Q1274446", "Maki Yanai": "Q11534093", "Michal Rabinovich": "Q16131875", "Kuniko Kitagawa": "Q11401585", "\u9673\u5bf6\u73b2": "Q9367606", "Mahiru Suzuki": "Q11648443", "Satomi Matsushita": "Q11528903", "Kaori Uchida": "Q11394381", "Yuki Fuchizawa": "Q11560359", "Jessica Witte-Winter": "Q1688273", "Lia Capizzi": "Q3831511", "Hanne Hoftun": "Q11973922", "Kaori Kond\u014d": "Q11638418", "Andrea Ballschuh": "Q493368", "Hiroe Matsui": "Q11529113", "Anna Gaspari": "Q3617707", "Yukiko Motomura": "Q11520426", "Lucy": "Q11349186", "Maite Artola": "Q12262879", "Sylvia Bommes": "Q2374163", "Aira Takemoto": "Q17160741", "Isabelle Br\u00e8s": "Q3154880", "\u00c1ngeles Blanco": "Q5393506", "Yelena Batinova": "Q4079384", "Petra Loreggian": "Q16589802", "Anne Sofie Allarp": "Q17482158", "Varda \u00c9tienne": "Q3554691", "Aline Afanouko\u00e9": "Q2837018", "Pia Castro": "Q63305813", "Petra Piipari": "Q111796728", "Tatiana \u010cab\u00e1kov\u00e1": "Q112380459", "Petra Kruntor\u00e1dov\u00e1": "Q112401819", "Christina Lang": "Q119570", "\u062c\u064a\u0647\u0627\u0646 \u0637\u0644\u0639\u062a": "Q60455287", "Ylva Lilja": "Q60823275", "Mamico Kotani": "Q38277674", "Ayco Duyster": "Q2083516", "Marisa Passera": "Q3849323", "ViVi": "Q11252942", "Corinne Boulangier": "Q2997302", "Stephanie Haiber": "Q2344166", "Hanako Ry\u014dke": "Q11664899", "Roni": "Q11242076", "Olga Kokorekina": "Q25390417", "Lenka Valachov\u00e1": "Q95237519", "Susann Michaelsen": "Q17104808", "Makoto Toyonaga": "Q11633892", "Judith Wernli": "Q1426302", "Jane Su": "Q11309456", "Martina Thun": "Q4982724", "Hanna Toll": "Q16596601", "Vicky D\u00e1vila": "Q3701207", "Johanna Linder": "Q16595651", "Piros V\u00e1g\u00f3": "Q1461577", "Keiko K\u014dda": "Q11484023", "Birgit Perl": "Q107523889", "Aki Koga": "Q11301905", "Tanja Baran": "Q113556043", "Christiane Vejl\u00f8": "Q12306247", "Naho Hayashi": "Q11532918", "Masami Katakawa": "Q30929220", "Marion Pinkpank": "Q1781217", "\ubc15\uc9c4\ud76c": "Q16176103", "Rose Tshabalala": "Q67019551", "Nakada Mika": "Q11366751", "Amaliya Mordvinova": "Q4063900", "Yelena Ishcheyeva": "Q4205725", "Tamara Don\u00e0": "Q1113688", "Kayoko Kunimitsu": "Q11420478", "Asl\u0131 Sevindim": "Q732832", "Joy Sorman": "Q3187209", "Kiyoko Takemura": "Q11546029", "Noah Sow": "Q1994639", "\u30e6\u30f3\u30fb\u30b8\u30e8\u30f3": "Q12610451", "Dagmar Mozolov\u00e1": "Q112506507", "Viola Ku\u010derov\u00e1": "Q112562037", "A\u00efssa Thiam": "Q2876419", "Pavla Hor\u00e1kov\u00e1": "Q23005275", "Tamara Lisitskaya": "Q15071224", "Karin Akasaki": "Q11635553", "Geire Kami": "Q5530202", "Katrien Palmers": "Q2297587", "Karen Heinrichs": "Q1729244", "Roberta Lanfranchi": "Q3938518", "Claudia Cassani": "Q28058606", "Jana Kom\u00e1nkov\u00e1": "Q66022883", "Sara Bro": "Q12334657", "Satoko Nii": "Q11376305", "Emi Akiyoshi": "Q11594904", "Mischa Blok": "Q31867342", "Naoko Takahashi": "Q11671452", "Miyuki Nakamura": "Q11365924", "Mateja Perpar": "Q17351100", "Eszter Valk\u00f3": "Q1401252", "Nana Tashiro": "Q11576144", "Fumi Sait\u014d": "Q11500176", "Selvaggia Lucarelli": "Q3954946", "Makiko Ushio": "Q11565676", "Antje Diller-Wolff": "Q584661", "Tamako Matsut\u014dya": "Q11529246", "Alla Dovlatova": "Q4164022", "Evelien de Bruijn": "Q2252370", "Carmen Porter Ucha": "Q5493168", "Mariya Makeyeva": "Q4275670", "Mayu Nukamura": "Q11665051", "Mijke van Wijk": "Q2631668", "Catalina Olcay": "Q5758146", "Julie B\u00e9langer": "Q123456669", "Fabiola Cas\u00e0": "Q116329011", "Bohdana Sutnarov\u00e1": "Q95149124", "Aya Isaka": "Q11373468", "Ayari Yamauchi": "Q11466329", "Aleksandra Kaczkowska": "Q9146560", "\u0414\u0438\u0430\u043d\u0430 \u041d\u0430\u0439\u0434\u0435\u043d\u043e\u0432\u0430": "Q12278065", "Rio Kinatsu": "Q11518278", "Laura Borlini": "Q111784936", "Kay-S\u00f6lve Richter": "Q1260748", "SoCo": "Q17350060", "Txell Bonet": "Q50983659", "Ditte Okman": "Q57408677", "Carine B\u00e9card": "Q105455500", "Yesim Candan": "Q106298623", "Madlenka Scholze": "Q126173", "Christina Teuthorn": "Q1083301", "Silvia Boschero": "Q28374080", "Signe Krarup": "Q33083234", "Mariolina Simone": "Q23955692", "Sonia Devillers": "Q3490422", "Itsuko Iwasaki": "Q11474434", "Y\u014dko Tokunaga": "Q11490376", "Sherill Samson": "Q2782387", "Thorunn Egilsdottir": "Q13105221", "Sara Ventura": "Q3950286", "Jolanda Granato": "Q3809783", "Rieko Higashimura": "Q11527300", "Chiho Kobayashi": "Q11461442", "Ina B\u00f6ttcher": "Q1660822", "Emiri Fujimoto": "Q11624106", "Jarka Rozsypalov\u00e1-Vykoupilov\u00e1": "Q112557577", "Anna Borrell": "Q121080446", "Mariam Amin": "Q12242406", "Katty Sali\u00e9": "Q1736844", "Olivia Luna": "Q122876414", "Ghislaine Plag": "Q2342880", "Goedele Wachters": "Q2613036", "Mona Vetsch": "Q1568772", "Carola Jung": "Q1044234", "Ver\u00f3nica Calabi": "Q110103855", "Miriam Pede": "Q1246567", "Nicole K\u00f6ster": "Q1803379", "Xantal Llavina": "Q11955247", "maylee": "Q11343417", "Miho Komatsu": "Q11461233", "Machiko Fukuda": "Q11594225", "Ragnhild Lund Ansnes": "Q23058218", "Momo Faltlhauser": "Q1377075", "ANNA": "Q11189420", "Aiko Harada": "Q11409838", "Marion Ruggieri": "Q16663105", "Val\u00e9rie Thys": "Q56598050", "Kaori Tanaka": "Q11576052", "Anja Backhaus": "Q551016", "Ieva Adamss": "Q116919826", "Indra Gerdes": "Q1661809", "Itziar Alduntzin": "Q12259923", "Stine Bolther": "Q21089340", "Natalie Brunner": "Q23687308", "Britta Steffenhagen": "Q920835", "Kaat Mendonck": "Q2271275", "\u00c1gi V\u00e9gv\u00e1ri": "Q1462496", "Jule G\u00f6lsdorf": "Q1711633", "Darya Subbotina": "Q4444976", "Khadija Al Waal": "Q53076611", "Benedicte Balling": "Q12303096", "Toni Neal": "Q7821310", "Mihoko Amano": "Q11443703", "Simone Panteleit": "Q2288147", "Evita Twardzik": "Q23008344", "Emna Louzyr": "Q110380094", "Ilaski Serrano": "Q12259521", "Peggy Olmi": "Q3374243", "Megumi \u014cnishi": "Q11438814", "Marianna Aprile": "Q109325155", "Steffi Banowski": "Q15990476", "Elsa Da Costa": "Q56308983", "Ruth Joos": "Q14292024", "Yasue Kimura": "Q11518653", "Lisa Feller": "Q1598750", "Pauliina Puurila": "Q63049909", "Alycia Kaback": "Q4738641", "Yumi \u014ctsuka": "Q11434078", "Michiko Koga": "Q11411695", "Timisoara Pinto": "Q3991454", "Kanako Nomura": "Q11645562", "Naomi Rabia": "Q6622535", "Marie Marquet": "Q3292682", "Rebecca Bach-Lauritsen": "Q62791087", "Lilli Manzini": "Q43255334", "Maki Kitamura": "Q11419165", "Wakako Ike": "Q11551558", "Lilya Vavrin": "Q12119670", "Itsaso G\u00fcemes Oiarbide": "Q130059327", "Nadira Azizan": "Q58461457", "Susan Link": "Q15222448", "Daniela Zeller": "Q20034919", "Chieko Sat\u014d": "Q11384116", "Francesca Leto": "Q18812078", "Vla\u010fka Pirichov\u00e1": "Q109522387", "Marjan Temmerman": "Q14641231", "Laura Gramuglia": "Q17635274", "Jos\u00e9e Bournival": "Q55724063", "Sara Zambotti": "Q110775763", "Dorit Becker": "Q116897387", "Mireia Mallol Tom\u00e0s": "Q127691418", "Catherine-Emmanuelle Lalibert\u00e9": "Q2941796", "Anna Katharina Laggner": "Q123687724", "Matilda Sofia Svensson": "Q3299108", "Benedetta Tobagi": "Q3638027", "Kristine Magnesen": "Q17103284", "Kotoe Arime": "Q11516712", "Francesca Parisella": "Q122216607", "Anneta Politi": "Q566476", "Yumi Sud\u014d": "Q11664697", "Tanja Gutmann": "Q2392683", "Holli Pockets": "Q110466017", "Heidi Marie Vestrheim": "Q11974688", "Ayumi Hirakawa": "Q11482740", "Marie-Soleil Michon": "Q3292237", "Carme Puche i Mor\u00e9": "Q22962794", "Naoko": "Q11236366", "Marina Minetti": "Q23830032", "Svetlana Zeynalova": "Q4190198", "Sawa Yamaguchi": "Q11466626", "Ann Reymen": "Q2292726", "Sophie Nauleau": "Q3491018", "Masami Narita": "Q11495705", "Julie Gaia Poup\u011btov\u00e1": "Q112423401", "Silvia Bencivelli": "Q3960747", "Ky\u014dko Shirai": "Q11579334", "Sarah Jane Ranieri": "Q3950333", "Mayu Et\u014d": "Q11551329", "Lenka Kabrhelov\u00e1": "Q87112334", "Ruth Kalibbala Bwanika": "Q123584790", "Tse Sai Ka": "Q9343374", "Anna Maier": "Q561851", "Chie Nagase": "Q11550202", "Ky\u014dko Sanbe": "Q11356659", "Sof\u00eda Franco": "Q6131250", "Akiko Asano": "Q11557310", "Fumi Yamashita": "Q11465969", "Manila Nazzaro": "Q3285952", "Nina Zimmermann": "Q1992873", "Elif Melda Y\u0131lmaz": "Q6054835", "Tomoe Yoshikawa": "Q11413009", "Veronika Paroulkov\u00e1": "Q110942885", "Ingrid Peek": "Q16407053", "Karin Aldea": "Q29389902", "Kathi Wenusch": "Q1736258", "Kate\u0159ina Hor\u00e1\u010dkov\u00e1-Mendlov\u00e1": "Q95095023", "Johanne Algren": "Q16064170", "Claudia Schubert": "Q18132925", "Greet Samyn": "Q21281356", "H\u00e9l\u00e8ne Roussel": "Q21504137", "Melissa Mollen Dupuis": "Q55598595", "Jo\u00eblle Dago-Serry": "Q60449995", "Giulia Fo\u00efs": "Q64516481", "Christelle Delbrouck": "Q67130208", "Anna Puns\u00ed": "Q99836901", "Pavl\u00edna Dufkov\u00e1": "Q112498771", "Hanna Malmodin": "Q115624364", "Elif Senel": "Q1329321", "Gerlinde Lang": "Q1381801", "Y\u016bko Kaitsu": "Q11559036", "Jenny Lehtinen": "Q23040523", "Roberta De Matthaeis": "Q87068314", "Lucy Wiryono": "Q12495496", "Junko Takamori": "Q11670736", "Jessica Henkel": "Q1410262", "Krishna Navas de Caso": "Q501133", "Susann de Luca": "Q2369015", "Jenny Goldkuhl": "Q4950352", "Yayoi Tsuruta": "Q11676094", "Anita Fuentes": "Q18352411", "Ayla Kabaca": "Q4957764", "Madoka Ichikawa": "Q11480137", "Dani Linzer": "Q1159749", "Le Gammeltoft": "Q12324097", "Iris Van Hoof": "Q2011164", "Melissa Karim": "Q12497946", "Aika Nanao": "Q11353505", "Marthe Sveberg Bj\u00f8rstad": "Q16176220", "Yayoi Yamashita": "Q11465953", "Patricia Noriega Herrera": "Q20644672", "Angela Rafanelli": "Q3616780", "Miriam Hie": "Q26703658", "Siri Kristiansen": "Q17100340", "Jessyca Falour": "Q3177710", "Julia Martin": "Q3189055", "Mari Ogino": "Q28685517", "Kriszta Argyel\u00e1n": "Q777003", "Yekaterina Solomina": "Q4428289", "\u0160\u00e1rka Fenykov\u00e1": "Q95144725", "\u91d1\u5fd7\u5141 (\u30a2\u30ca\u30a6\u30f3\u30b5\u30fc)": "Q16090145", "Najoua Zouhair": "Q20983787", "Satoko Yamamoto": "Q11469122", "Park Hye-jin": "Q16082602", "Francesca Barra": "Q3749359", "Verena Sierra": "Q1749704", "Sachika Kikuno": "Q30934719", "Madeleine Arcand": "Q3275585", "Eva Merkacheva": "Q55102334", "Y\u016bko Hiratsuka": "Q11482327", "Caren Meynen": "Q13455595", "Nina Sonnenberg": "Q1421478", "Marisa Heutink": "Q2649865", "Kristiina Komulainen": "Q16299987", "K\u00e1tia Pereira": "Q57449355", "\u0647\u062f\u0649 \u064a\u0627\u0633\u064a\u0646": "Q12249873", "Agn\u00e8s Marqu\u00e8s i Pujolar": "Q23198012", "Babette Conrady": "Q111488712", "Edurne Baz": "Q112512359", "Nana Karagianni": "Q129676511", "Hadnet Tesfai": "Q1531695", "Berivan Yildiz": "Q4990825", "Hanna Andersson": "Q4935804", "Tomo Aizawa": "Q11582216", "Carlotta Quadri": "Q63120334", "Mari  Kudaka": "Q83680562", "Marte Kaasa Arntsen": "Q11988481", "Mari Takeuchi": "Q11598805", "Christine Massy": "Q2965947", "Chizuru Nakagami": "Q11362817", "Jenny Seth": "Q4978100", "Makiko Kat\u014d": "Q11399434", "Karolien Debecker": "Q2663718", "Ota \u0160irca Ro\u0161": "Q12798126", "Cecilia D\u00fcringer": "Q108720154", "Mathilde Munos": "Q117454579", "Ilse Liebens": "Q1908402", "Huang Jui-ching": "Q8968242", "Manami Masukawa": "Q11429220", "Anke Harnack": "Q556758", "Linoy Bar-Geffen": "Q6889688", "Keiko Takahashi": "Q17160561", "Chiara Giallonardo": "Q3667486", "Louise Hulland": "Q6688793", "Yoko Thomsen": "Q11321462", "Victoria Bonya": "Q4093390", "Kelly Jorge": "Q111311626", "Sachiko \u014cde": "Q11432589", "Cl\u00e9lie Mathias": "Q2980514", "Sarah Maestri": "Q2224433", "Sabriina Heuer": "Q1716778", "Rebecca Makonnen": "Q27649231", "Ay\u015fe Dudu Tepe": "Q28123312", "Veronika Ruppert": "Q96236470", "Paula Lamas": "Q105394651", "Maria Juan": "Q106618227", "S\u00edlvia Cantos": "Q106917309", "Sharid Alles": "Q107013337", "Andrea Je\u017ekov\u00e1": "Q112393638", "Hana Sl\u00edvov\u00e1": "Q112544939", "Goizeder Taberna": "Q123960136", "Mari Lang": "Q1373676", "Francesca Cassola": "Q17490245", "One'sy Muller": "Q56524609", "Viola Weiss": "Q15852978", "Maki Hashiguchi": "Q11543757", "Kseniya Turkova": "Q4466171", "Haruka Makino": "Q11570571", "\u0410\u043b\u0435\u043a\u0441\u0438\u043d\u0430, \u0410\u043b\u0451\u043d\u0430 \u0415\u0432\u0433\u0435\u043d\u044c\u0435\u0432\u043d\u0430": "Q123597577", "Gaia Bolognesi": "Q3757230", "Yoneko": "Q11281193", "Netta Laurenne": "Q18632398", "Airi Kayahara": "Q24859762", "Y\u014dko Osada": "Q11653469", "Kim Iversen": "Q6408835", "Ingunn Solheim": "Q15057356", "Kayoko Iwate": "Q11474605", "Roberta Gangeri": "Q3938511", "Sara De Paduwa": "Q3473257", "Aya Takahashi": "Q11671242", "Tomoe Shinbo": "Q11501353", "Yuliya Baranovskaya": "Q39732694", "Mayu Kat\u014d": "Q11399433", "Anke Buckinx": "Q2774447", "Chika Ueda": "Q24859758", "Le\u00efla Kaddour-Boudadi": "Q16655614", "Asami Kumamoto": "Q11568632", "Aline Adita": "Q12471514", "\u00c9milie Mazoyer": "Q286761", "Franziska Stawitz": "Q1450189", "Doris Golpashin": "Q1245158", "Ylenia Baccaro": "Q4022777", "Pamela Cerdeira": "Q50379211", "Susanka Kr\u00f6ger": "Q2368994", "Chigusa": "Q11194521", "Sofie Engelen": "Q2520655", "Saori K\u014dda": "Q11590633", "Ranka": "Q24899289", "\u017daneta Filipkov\u00e1": "Q95450797", "Tiffany Terrell": "Q7801256", "St\u00e9phanie Loire": "Q3502193", "Gamila Arief": "Q120203482", "Nargiz Asadova": "Q4071111", "Stephanie Brookes": "Q7608244", "Tine De Donder": "Q117458008", "Rebecca Vinterbarn Dyvling": "Q4984690", "Artemis Kokkinara": "Q98609312", "Oihane P\u00e9rez": "Q100707515", "Sonja Koppitz": "Q104787785", "Anna Lena D\u00f6rr": "Q105488184", "Ayako Miyamoto": "Q11454897", "Carolina Ercolin": "Q57396204", "Madita van H\u00fclsen": "Q1883399", "Ingrid P\u00e9rez": "Q2352003", "Monika Poledn\u00edkov\u00e1": "Q112555624", "\u0160pela Mo\u010dnik": "Q18643147", "Theresa P\u00f6hls": "Q115660167", "Lucie \u0160ilh\u00e1nov\u00e1": "Q108552641", "Jet Berkhout": "Q47148845", "Reika Yamaguchi": "Q24868458", "Ai Nishimura": "Q11628595", "Verena Kerth": "Q15852627", "Kathrin Wosch": "Q1601281", "In\u00eas Lopes Gon\u00e7alves": "Q85872902", "Andrea Sparmann": "Q22082835", "Benedetta Rinaldi": "Q16531886", "Leonora Mil\u00e1n": "Q125445442", "Cara Van der Auwera": "Q2116325", "Yumika Hirai": "Q11330293", "Aneta Christovov\u00e1": "Q102350674", "Eri Fukamachi": "Q55534921", "Chieko Hanada": "Q11615566", "Jasna Kuljaj": "Q12792228", "Siril Heyerdahl": "Q17096687", "Chiemi Minamiyama": "Q11407747", "Benedicte Bendiksen": "Q17057459", "Ekhi\u00f1e Atorrasagasti": "Q30005064", "Maider Segurola": "Q104704487", "Anne-Marie Pelhate": "Q113256837", "Kathrin Hasselbeck": "Q128031723", "Marie Bastlov\u00e1": "Q104324557", "Konnie Tour\u00e9": "Q27999551", "Diana Lesnichaya": "Q16644065", "Superholly": "Q106308110", "Misako It\u014d": "Q11380045", "Margherita Zanatta": "Q16576037", "Jina": "Q30924171", "Ragnhild Laukholm Sandvik": "Q28937028", "Hiroka Maki": "Q11583218", "Ayumi Yamane": "Q11469524", "Cynthia Tazer": "Q98137073", "Marie-Aldine Girard": "Q47008198", "\u00c9milie Brassard": "Q18684185", "Anni Hautala": "Q11851710", "Larisa Yasnogorodskaya": "Q56678934", "Siska Schoeters": "Q581772", "Jolyne Gollmitzer": "Q29390050", "Aiko Hattori": "Q11516929", "Eider Hurtado": "Q58425836", "Andrea Delogu": "Q19403344", "Luciana Rubinska": "Q51859527", "Clem Bastow": "Q5131160", "Claudia Morandini": "Q3679862", "Elisa Jordana": "Q19880668", "Katrin Bauerfeind": "Q1736694", "Petria Chaves": "Q106547253", "Stina Fischer": "Q80823372", "Kiyoko Fukumoto": "Q11593860", "Daniela Collu": "Q29274220", "Shang Imam": "Q86879804", "Naa Klordey Odonkor": "Q29555901", "Sarah Thumb von Neuburg": "Q2224516", "Chiara Tortorella": "Q3667514", "Jana Kozubkov\u00e1": "Q95382019", "Teja Kralj": "Q12803958", "Anna Sigalevitch": "Q18067290", "Ako Sakakura": "Q11424953", "Julia Filonova": "Q4484290", "Anna Shafran": "Q110872085", "Marcela Moraga": "Q4968066", "Susana Pedreira": "Q64569205", "Teresa Vogl": "Q84609781", "Olaia Urtiaga": "Q96936467", "Gabriela Sifuentes Castilla": "Q109065267", "Kaori Yamada": "Q11470068", "Leen Paredis": "Q2678272", "Jana Morelj": "Q18507995", "Maitane Urbieta": "Q30149744", "Ivjana Bani\u0107": "Q17402322", "Femke de Walle": "Q18093010", "Love": "Q17230703", "Masako My\u014dk\u014din": "Q24859910", "Elke Rock": "Q21980383", "Irina Vorobyova": "Q4125235", "Jennifer Schrems": "Q2734198", "Iva \u0160ulenti\u0107": "Q16115751", "Nanae Kobayashi": "Q11461515", "Kana Ishibashi": "Q11586632", "Mariko Arimune": "Q11516354", "Francine Piaia": "Q60781426", "Yasmina El Messaoudi": "Q18435444", "Boineelo Hardy": "Q113631199", "Kasumi Kataoka": "Q16265201", "Christina Bj\u00f8rn": "Q18552052", "Nadia al-Zoubi": "Q63121586", "Maryann Duke Okon": "Q115536530", "Enno Lerian": "Q11191650", "Maggie Chang": "Q15914968", "Maika Utsugi": "Q11597427", "Sofie Lemaire": "Q2229996", "Ema Stokholma": "Q47491737", "Chika Shishido": "Q11451790", "Saskia De Ville": "Q51786431", "Yola Mamani": "Q56415217", "T\u00edmea Leirer": "Q56599354", "Charlotte Bienaim\u00e9": "Q57581868", "Julia Fischer": "Q98930961", "Pabi Moloi": "Q87450173", "Aya Morooka": "Q11632088", "Maiko Sasaki": "Q11382384", "Bianca Hauda": "Q15788462", "Liron Weizman": "Q6837690", "Cecilie Ramona K\u00e5ss Furuseth": "Q65229116", "Phaedra Sarikakis": "Q98684650", "Hana Troj\u00e1nkov\u00e1 Biriczov\u00e1": "Q112183678", "Adriana Petro": "Q48834593", "Sujita Das": "Q98119837", "Sakiko \u014ctani": "Q11439035", "Lieselot Ooms": "Q2954167", "Ren\u00e9e la Bulgara": "Q26972329", "Ayu Dewi": "Q12472922", "Marie Richeux": "Q3292759", "Morgana Giovannetti": "Q3424139", "Marietta Tsigal-Polishchuk": "Q4505554", "Yukiko Mori": "Q27150452", "Y\u016bmin Fujita": "Q11624725", "Aya Sakaguchi": "Q48762658", "Wenda Hajo": "Q111450733", "Silje Nordnes": "Q12000473", "Sara Bovin": "Q61062224", "Iben Maria Zeuthen": "Q12318034", "Aur\u00e9lie Charon": "Q53637289", "Veronika Vlkov\u00e1": "Q112450108", "T\u00e1\u0148a Zabloudilov\u00e1": "Q112505241", "Laura Gauthier": "Q3827777", "Mariam Al Khosht": "Q105834470", "Lenke Van Olmen": "Q121871098", "Inga Yumasheva": "Q4534450", "Miki Itokazu": "Q11604830", "Maeva Schublin": "Q3276428", "Asano Irei": "Q11379706", "Julia Nestle": "Q21661512", "Lyudmila Miloslavskaya": "Q114317708", "Vittoria Hyde": "Q101345315", "Izabella Fr\u00f6berg": "Q4949124", "Madoka Tsuyuki": "Q20041492", "Jolien Roets": "Q2040934", "Devon Anjelica": "Q5267692", "Karima Charni": "Q113665285", "Wine Lauwers": "Q2197051", "Jennifer Frank": "Q107509386", "Tessel van der Lugt": "Q14469899", "Tuija Pehkonen": "Q23040777", "Melissa Eva Barrera": "Q6812635", "Klara Doktorow": "Q69730439", "Jana Trojanov\u00e1": "Q95451167", "Suzanne Naffah": "Q4968841", "Marcela Ztracen\u00e1": "Q119770310", "Olivia Peter": "Q2020744", "Nodoka Inoue": "Q11372769", "Heidi Van Tielen": "Q14851345", "Melissa Greta Marchetto": "Q60841008", "Nora Alawie": "Q4934738", "Minori Hashimoto": "Q17217698", "Sally Abdelsalam": "Q99478467", "Sayaka Iwanaga": "Q11475245", "Shoko Kikui": "Q11619503", "Ena Morita": "Q24862095", "Soetkin Elbers": "Q29561215", "Joana Marques": "Q85873022", "Tomomi Inaba": "Q11596935", "Ida Fladen": "Q17305230", "Madeleine Leander": "Q19841576", "Angelique Houtveen": "Q15870023", "Linn\u00e9a Wikblad": "Q4990514", "Minami Kazama": "Q11665628", "Joanna Bolo\u00f1a": "Q53912056", "Amanda Ramalho": "Q23893487", "Hanna Frid\u00e9n": "Q4948947", "Alina Merkau": "Q18621180", "Melita Toniolo": "Q302377", "Caoimhe N\u00ed Chathail": "Q124470536", "\u0414\u043d\u0435\u043f\u0440\u043e\u0432\u0430, \u0415\u043b\u0435\u043d\u0430 \u0410\u043d\u0430\u0442\u043e\u043b\u044c\u0435\u0432\u043d\u0430": "Q113998308", "Sayaka Urano": "Q26045380", "Azija": "Q4058367", "Sachiko Ch\u016bman": "Q55526769", "Marieke Elsinga": "Q18201964", "Antonina Samsonova": "Q4407053", "Yoshiko Tokiwa": "Q23947973", "Leire Palacios": "Q70500556", "Mathilde Courjeau": "Q3298947", "Ayg\u00f6l \u011e\u00e4ysin\u00e4": "Q108429246", "Angelica Norgren": "Q4970232", "Masumi Kimura": "Q11519023", "MISATO": "Q11231659", "\ud669\uc9c4\ud558": "Q17683012", "Claudia Rex": "Q12306446", "Nellie Benner": "Q2667101", "Irina Babloyan": "Q116699280", "Emmely de Wilt": "Q79890265", "Nu\u0161a Lesar": "Q18643032", "Margot Derycke": "Q13815053", "Ainhoa Vitoria": "Q30005075", "Jane Li": "Q51151503", "Marie Misset": "Q120109449", "Oana Zamfir": "Q124790114", "Malin Stenb\u00e4ck": "Q22063444", "Gita Bhebhita": "Q25464041", "Wintana Rezene": "Q17266027", "Yui \u014cnishi": "Q17227940", "Saori Maeno": "Q26045314", "Dori Bauer": "Q42319857", "Emu Sada": "Q53764968", "Maco Kimura": "Q24859764", "Tuva Fellman": "Q42319519", "Masayo Yoshinaga": "Q108776643", "Y\u016bki Uemura": "Q21699153", "Taous Merakchi": "Q85941785", "Maya \u014cmura": "Q11436043", "Marwa Mohamed": "Q12242377", "Yume Kit\u014d": "Q11673558", "Maria Josefine Madsen": "Q63368019", "Rasha Khatib": "Q56441319", "Fitri Tropica": "Q11191924", "Lucie Petr\u00e1kov\u00e1": "Q123686935", "Giulia Salvi": "Q3769300", "Sigrid Dypbukt": "Q26969156", "Maria Lisandra Gonzalez Hurtado": "Q108803300", "Sally Shahine": "Q20395914", "Brenda Lodigiani": "Q3644225", "Nerea Arriola Urberuaga": "Q57548934", "Sandie Westh": "Q63059614", "Taika Mannila": "Q106462969", "Jazmin Reyes": "Q106897249", "Achjo Bitch": "Q112445777", "Kristina Hartmann": "Q14846788", "Jenni Poikelus": "Q63371535", "Ariana Baborie": "Q61780080", "Margaret Williams": "Q105728119", "Izumi Iwata": "Q11475517", "Salome Nthabiseng  Millicent Mashile": "Q124663525", "Lina Schiffer": "Q124326618", "Eva De Roo": "Q20918242", "Laura Cal\u00e7ada Barres": "Q122687186", "Mihoko \u014cmae": "Q30937071", "Harriet Noble": "Q55934528", "Lisa Hotwagner": "Q1638728", "Larissa Rie\u00df": "Q27831966", "Tytti Shemeikka": "Q106588950", "Daria Kolomiec": "Q30346131", "Fernanda Maia": "Q28678217", "Megumi Murakami": "Q55541260", "B\u00e1ra Tlu\u010dho\u0159ov\u00e1": "Q39735629", "Marcia Bwarody": "Q16736565", "Ionica Adriana": "Q61820226", "Marta Klou\u010dkov\u00e1": "Q111574928", "Ayem Nour": "Q18413647", "Tinni Wikstr\u00f6m": "Q97196261", "Jessica Sch\u00f6ne": "Q1523054", "Julia Gruber": "Q96245088", "Amber Brantsen": "Q22076481", "Maru\u0161a Kerec": "Q107464261", "Pia Nikoli\u010d": "Q111008090", "Olenka Pilz": "Q111103773", "Babette Moonen": "Q13433078", "Reetta R\u00f6nk\u00e4": "Q23040912", "Haruna Tanaka": "Q55527834", "Anna Ingrisch": "Q106835466", "Aiko Kobayashi": "Q48759858", "Gia Martinelli": "Q118143790", "Anna Flygel": "Q23915366", "Marte Bratberg": "Q63757052", "Rajae Bezzaz": "Q48838453", "\u0429\u0438\u0440\u0431\u0430 \u041e\u043a\u0441\u0430\u043d\u0430 \u0410\u043d\u0430\u0442\u043e\u043b\u0456\u0457\u0432\u043d\u0430": "Q50355643", "Veronica van Hoogdalem": "Q4703416", "Sana It\u014d": "Q11380245", "Kristel Aaslaid": "Q18753372", "Kei Someya": "Q108776943", "Hadjar Benmiloud": "Q2214173", "Christina Yang": "Q109413578", "Annelies Moons": "Q19759804", "Steffi Vertriest": "Q51089505", "Vida Lill Gausemel Berge": "Q88657468", "Naadei Lyonnais": "Q99688715", "Franziska Hoppen": "Q111104557", "Khumo Kgwaadira": "Q113630789", "Dorothee Dauwe": "Q18818751", "Yaeko Kiyose": "Q70874918", "Saeka Band\u014d": "Q124096841", "Ai Ninomiya": "Q21015498", "Samantha Scarlette": "Q22280349", "Kim Muylaert": "Q19587754", "Neus Rossell": "Q108414825", "Natsu Shirai": "Q11579354", "Lisa Augenthaler": "Q100248945", "Lamyae Aharouay": "Q41420641", "Elin Alm\u00e9n": "Q26211842", "Oratile Kefitlhile": "Q124327166", "Anna Westin": "Q26211863", "Maria Rovira i Lastra": "Q58266774", "Federica Sbrenna": "Q3741575", "Zora Kepkov\u00e1": "Q95148854", "Megumi Kuno": "Q11369748", "Line Elvs\u00e5shagen": "Q19379485", "Shalin-Tanita Rogall": "Q2276629", "Francesca Manzini": "Q86360415", "Sofia Dal\u00e9n": "Q111274397", "Anna Bj\u00f6rklund": "Q105682164", "Marleen Stelling": "Q28928892", "Farah Yasmine": "Q117054044", "Tomoko Ueno": "Q64783011", "Yolanda Tati": "Q105408090", "Helle Schunnesson": "Q107313888", "Annie Mazzola": "Q66736230", "Tytti Junna": "Q109371637", "Augustine Asta": "Q115521026", "Olesya Ryabtseva": "Q21694629", "Dilan Apak": "Q20652742", "Karabo Ntshweng": "Q124568872", "Line Kirsten Nikolajsen": "Q107304261", "Bridgette Dineo Moloisane": "Q124609322", "Lara Fischer": "Q96655897", "Camilla Boraghi": "Q113006328", "\u041d\u0430\u0441\u0442\u044f \u0417\u0443\u0445\u0432\u0430\u043b\u0430": "Q117210394", "Nina de Koning": "Q126980881", "Nanna Olasdotter Hallberg": "Q106766502", "Mai Shin'uchi": "Q24899952", "Heidi": "Q22127438", "Chizuru Hirose": "Q108776845", "Doireann Garrihy": "Q58278752", "Julie Van den Steen": "Q20665566", "Mari Kanbara": "Q74146938", "Barbora Goldmannov\u00e1": "Q104128357", "Edoardo Donnamaria": "Q117409328", "Ichika Shingy\u014d": "Q22126069", "Giorgia Fiori": "Q105482338", "Saku": "Q35632698", "Mana Takahashi": "Q30925508", "Ayaka Kotake": "Q56348805", "Tu\u011f\u00e7e A\u00e7\u0131kg\u00f6z": "Q115498670", "Shino Inuzuka": "Q21652472", "Reimi Kanda": "Q38278547", "Seira Kashimura": "Q108776942", "Tereza Navr\u00e1tila": "Q123509412", "Emi Noda": "Q38278513", "Misuzu Kobayashi": "Q74146768", "Ainhoa Etxebarria": "Q65768890", "Akane Katafuchi": "Q24869305", "Sarah Mylle": "Q62080275", "Chiara Carcano": "Q85814681", "Jacey Firth-Hagen": "Q104704535", "Saray Cerro Estepa": "Q110102513", "Eli\u0161ka Soukupov\u00e1": "Q112565234", "Hana \u0158i\u010dicov\u00e1": "Q112565279", "Arian Engeb\u00f8": "Q114497452", "Laura Govaerts": "Q125582689", "Suzuka Kosugi": "Q64783982", "Sophie Passmann": "Q32558449", "Camilla Ghini": "Q127949236", "Pien Lefranc": "Q121907389", "Ana\u00efs Delwaulle": "Q18711264", "Fanny Ruwet": "Q85118274", "Kismel Cruz": "Q122236204", "Fien Germijns": "Q79579015", "Laura Grau": "Q110490816", "Julianna Jokela": "Q124974217", "Momona Tanabe": "Q48762423", "Xenia Casado": "Q123485724", "Tara Lina Shahin": "Q123503400", "Noortje Veldhuizen": "Q68800138", "Maria Fantino": "Q107296298", "Flo Windey": "Q105083852", "Moa Wallin": "Q99439383", "Seika Ikeoka": "Q51167091", "Riah Knight": "Q112564293", "Aina Ustrell i Vacas": "Q122205768", "Marijke Ketel": "Q124364889", "Kanon Maejima": "Q76970761", "Lola Weippert": "Q96678237", "Hope Mbhele": "Q124666490", "Assia Dahir": "Q125490028", "Veronica Verho": "Q24827203", "TILDER MOYO": "Q118676087", "Miy\u016b Tsuji": "Q11638307", "Quinty Misiedjan": "Q56219103", "Miho Kumagai": "Q76970759", "Ami Yamazaki": "Q21019781", "Nontobeko Penny Ntuli": "Q124654551", "Rena Yamazaki": "Q50640292", "Tamanna Agnihotri": "Q105525768", "Billie Holiday": "Q4911849", "Heaven Small": "Q96573510", "Olatomiwa Olorunfemi": "Q124632220", "Liza Anikina": "Q120269204", "Hana Stra\u0161\u00e1kov\u00e1": "Q115052151", "Annie-Soleil Proteau": "Q105704499", "Mariona Batalla": "Q126401814", "Kl\u00e1ra Nov\u00e1kov\u00e1": "Q95247287", "Julie Synn\u00f8ve Thorsen": "Q76792072", "Juliana Canet i Pedemonte": "Q73786251", "Annika Momrak": "Q97794272", "Anabel": "Q47520089", "Linda Pani": "Q114628612", "Jos\u00e9e Boudreault": "Q3186629", "Randa Al-Sheikh": "Q12213740", "Janire Casero": "Q30012946", "Elinor Svensson": "Q31667741", "Sandra Kropa": "Q52316596", "Chantal De Waele": "Q56257940", "Nadja Kayali": "Q100983229", "Anke Genius": "Q556748", "Christiane K\u00f6ller": "Q1082738", "Kerstin Werner": "Q1456159", "Jasmin Dolati": "Q1683801", "Katja Wunderlich": "Q1736670", "Lieselott Klingler": "Q1824309", "Monika Walden": "Q1944788", "Nadja Mader-M\u00fcller": "Q1963356", "Petra Schwarzenberg": "Q2080328", "Silke J\u00fcrgensen": "Q2286187", "Rozina Sini": "Q7375379", "Katarzyna Stoparczyk": "Q11737066", "\u062e\u064a\u0631\u064a\u0629 \u062d\u0628\u064a\u0628": "Q12211022", "Beate Sampson": "Q15441469", "Christine Lemke-Matwey": "Q16830868", "Monika Dietl": "Q17493517", "Manuela Reichart": "Q21140351", "Verena Kicker": "Q23198187", "Jeannine Theisen": "Q47070732", "Melani Mekicar": "Q124356244", "Shiori Kubo": "Q38278203", "Hina Kawata": "Q89408832", "Amber Broos": "Q108524006", "Simona Mike\u0161ov\u00e1": "Q114853690", "Doul": "Q105258034", "Bruna Alves": "Q113422276", "Alenka Star Be": "Q104523223", "Kirsten Lemaire": "Q2009574", "Lisa Smolders": "Q3259381", "Mila By Night": "Q3857536", "Patty Farchetto": "Q3897972", "Caroline Mutoko": "Q5045171", "Dee Vazquez": "Q5249960", "Zainab Prophet Zadeh": "Q5691775", "Maryam Nashibi": "Q5777154", "Roshank": "Q5955362", "KARASU": "Q11227512", "Minsil": "Q11279386", "Shirley Tomioka": "Q11307931", "Chelsea": "Q11317805", "Mizuki Maruyama": "Q11368142", "Naoko Kumemura": "Q11369622", "Sayuri Inoue": "Q11372973", "Rie It\u014d": "Q11380284", "Yumiko Sat\u014d": "Q11384258", "Satomi Maehara": "Q11397055", "Yukiko Maeda": "Q11397657", "Madoka Kat\u014d": "Q11399037", "Seiko Chiba": "Q11406085", "Natsuko Izumi": "Q11417777", "Maki \u014cuchi": "Q11432558", "Kaori \u014csumi": "Q11438965", "Reiko Moriya": "Q11450028", "Y\u016bko Yasuda": "Q11451001", "\u5bae\u539f\u4e9c\u77e2": "Q11453387", "Yasuko Tomishima": "Q11456938", "Hiroko Obi": "Q11459757", "Moko Ogawa": "Q11460307", "Mari Yamazoe": "Q11470006", "Y\u016bko Yamada": "Q11470196", "Yuki Yamada": "Q11470435", "Y\u016bka Okamoto": "Q11473184", "Chitose Iwata": "Q11475429", "Mari Kawakami": "Q11477483", "Naoko Kawakami": "Q11477578", "Chikayo Kawahara": "Q11477843", "Yukari Kawasaki": "Q11478326", "Yooko Hirai": "Q11481951", "Miho Hirao": "Q11482465", "Junko Hirayama": "Q11482534", "Yumiko Waseda": "Q11511532", "Miwa Honj\u014d": "Q11519927", "Maki Sugimoto": "Q11522140", "Rika Matsumiya": "Q11529533", "Akiko Matsuo": "Q11529642", "Michiko Eguchi": "Q11550771", "Yumi Kawamura": "Q11553937", "Airi Hamamoto": "Q11557705", "Setsuko Tanaka": "Q11575819", "Eriko Machida": "Q11578261", "Mami": "Q11583247", "Chiyuki Fukuoka": "Q11592185", "Tomoe Fukudome": "Q11594309", "Yumi Kubota": "Q11597696", "Asako Tatsukawa": "Q11597968", "Yoshiko Nishimoto": "Q11628476", "Michiyo Sakai": "Q11644262", "Nao Kaneko": "Q11646751", "Yuuki Mamiya": "Q11655396", "Kyoko Anami": "Q11657286", "Kanako Takahashi": "Q11670986", "Lontoon Jenny": "Q11876215", "May Chan Suk-mei": "Q12140478", "Kokilavarthani Sivaraja": "Q12977585", "Hana Nedv\u011bdov\u00e1": "Q16029599", "\u0635\u0641\u064a\u0629 \u0632\u0643\u064a \u0627\u0644\u0645\u0647\u0646\u062f\u0633": "Q16125626", "Tamara Taylor": "Q16612147", "Gina Barberi": "Q17277528", "Angharad Rhiannon Davies": "Q18535435", "Mio Sumitomo": "Q20040894", "Y\u014dko Hirose": "Q20042583", "Libelia De Splenter": "Q20127452", "\u0631\u0627\u0636\u064a\u0629 \u0628\u0648\u0639\u0628\u0627\u0646": "Q20407199", "Sunao Yoshikawa": "Q21019881", "Sylvia Broeckaert": "Q21281329", "Evita Nossent": "Q21281353", "Katleen Van Bavel": "Q21281361", "Joanna Van der Heyden": "Q21281362", "Momoko Kazama": "Q22123009", "Mieko Hoshino": "Q22128586", "Origin": "Q22684366", "Monika Reim": "Q23034400", "Megan Kamerick": "Q23662848", "Mina Kimura": "Q24865298", "Maya Seto": "Q24872595", "Michiyo Yamashita": "Q24900008", "Lotf Ali Khanji": "Q25423850", "Shadab Vajdi": "Q25423860", "Lina Lecaro": "Q26923563", "Natasja Morales": "Q27057567", "Hannah Norrena": "Q27910263", "Catherine Kobayashi": "Q27917483", "Paula Van Wilder": "Q28527557", "Rakhee Dash": "Q29947416", "Clara De Decker": "Q30112570", "Sachiko Murakami": "Q30923333", "MAYU": "Q30926097", "Ayaka Suzuki": "Q30926936", "Tomiko": "Q30926985", "Komaki Doi": "Q30928527", "Chikayo Tashiro": "Q30932581", "Azumi Taniguchi": "Q30934732", "Saya Igarashi": "Q38277270", "Momoko Soyama": "Q38278967", "Lourdes Fortes": "Q38808303", "Jordan Erica Webber": "Q50606373", "Fran\u00e7oise Degeorges": "Q51218381", "Kaat Haest": "Q52491069", "Layla El-Dekmak": "Q52556229", "Annette Knight": "Q52656451", "Anna Mirabile": "Q52739903", "Fanny Gillard": "Q52828900", "Clelia Patella": "Q54087052", "Olayemi Ogunwole": "Q55164639", "Naomi Kaito": "Q55521694", "Salome Elizabeth Bwamimpeke": "Q55984281", "Emma Nelson": "Q56224248", "Isabella Eleodori": "Q56757705", "Almudena Cacho": "Q57204046", "Emma Griffiths": "Q57237932", "C\u00e1tia Tofoletto": "Q57398358", "Hilda Costa": "Q57399163", "M\u00f4nica Pocker": "Q57448867", "Angela Parodi": "Q57586746", "Darya Alexandrova": "Q60311763", "Motoko Takahashi": "Q60452178", "N\u00faria Ferr\u00e9": "Q60574711", "Anne Lainto": "Q61103788", "Gemma Moncunill": "Q61449234", "Marina Zaytseva": "Q61667876", "Khaoula Sliti": "Q62056037", "Dorianne Aussems": "Q62518488", "Britt Berglund": "Q63057829", "Afaf Safwat": "Q63122577", "Kat Orman": "Q64168074", "Y\u016bko Yasui": "Q65260796", "Tadeja Kre\u010di\u010d Scholten": "Q66134431", "Carla D'Addesi": "Q66565007", "Awazi Angbalaga": "Q67407124", "Anat Davidov": "Q71460423", "Tanja R\u00f6sner": "Q72557857", "Elen Wyn": "Q73855359", "\u9ad8\u5ca1\u7f8e\u6a39": "Q76288288", "Lady Ngo Mang": "Q77672897", "Sakiko": "Q79018695", "Rayli": "Q80077860", "Petra De Pauw": "Q80705988", "Emily Condon": "Q84285130", "Laila al Maghrabi": "Q85204477", "Hsu Ya Chi": "Q85880014", "Monika Tint\u011brov\u00e1": "Q85909430", "Anni Huttunen": "Q87062821", "Moeko Y\u016bki": "Q87711384", "Cath\u00e9rine Vandoorne": "Q88260996", "Benedikte Coussement": "Q88349346", "Elke Jacobs": "Q88454073", "Ruth Roets": "Q88465545", "Irene Houben": "Q89262486", "Gabi Fischer": "Q89466921", "Vanessa Vanhove": "Q89488168", "Begona Gomez de la Fuente": "Q90673930", "Chihiro Nakamura": "Q92656790", "\u5c0f\u5c71\u7d17\u5b63": "Q92924426", "\u677e\u672c\u611b": "Q92924435", "Sara Vandermosten": "Q94690360", "Kathy Vogel": "Q95435666", "Annette Fo\u00ebx": "Q95993155", "Shaimaa Khalil": "Q96461755", "Carola Kihlstr\u00f6m": "Q96631766", "Carina Held": "Q96650464", "Kim Debrie": "Q96761454", "Aja": "Q97031340", "Heike Klimmek": "Q97059714", "Tola Oladokun": "Q97483813", "Julia Gonz\u00e1lez": "Q97647928", "Dorothy Hayden Cudahy": "Q98969899", "Katamashi": "Q99347760", "Nikki Tsukamoto Kininmonth": "Q99757123", "Cara Cobbaert": "Q100276539", "Heleen Debruyne": "Q100457849", "Katja Bigalke": "Q100728811", "Hanna Kataja-Rahko": "Q100929195", "Lola L\u00f3pez-C\u00f3zar": "Q102158114", "Ines Mariscal": "Q104037433", "\u00c9lodie Font": "Q104169558", "Cl\u00e1udia Barcellos": "Q104521948", "C\u00e9line Asselot": "Q104588299", "Catherine Doucet": "Q104787114", "Ann Suellentrop": "Q104978249", "Marie H\u00f8st": "Q105084649", "Tara Gatewood": "Q105099685", "Rosa Badia": "Q105285384", "Adeline Fran\u00e7ois": "Q105546547", "Ashalatha": "Q105560363", "Maggie Yeong": "Q105880452", "Steffy Merlevede": "Q105954434", "Ruth Abao": "Q105987512", "Karoliina Tuominen": "Q106323804", "LaRita Shelby": "Q106342151", "Jean Parnell": "Q106465632", "Khulood Jawhar Al-Hamidi": "Q106488612", "Margarida Hirschmann": "Q106546726", "Debbie Conway": "Q106548924", "\u5f35\u6176\u73b2": "Q106714061", "\u042e\u043b\u0438\u044f \u0410\u043b\u0435\u043a\u0441\u0430\u043d\u0434\u0440\u043e\u0432\u043d\u0430 \u0414\u0435\u0442\u043e\u0447\u043a\u0438\u043d\u0430": "Q106868364", "Pilar de Francisco": "Q106929430", "\u0630\u0643\u0631\u0649 \u0627\u0644\u0635\u0631\u0627\u0641": "Q106957275", "Summer Helene": "Q106971928", "Y\u016b Miyoshi": "Q106994247", "Ester Chavez": "Q107225072", "Nan Anderson": "Q107319453", "Marcia L\u00f3pez": "Q107353373", "Ayta\u00e7 Kard\u00fcz": "Q107641491", "Ifunanya Igwe": "Q108180353", "Okay Ogah": "Q108180417", "Adebowale Yusuff": "Q108180558", "Bolanle Onigbanjo": "Q108180718", "Emmanuella Pobeni Adepoju": "Q108180943", "Victory Wilson": "Q108185996", "Onyinye Ugwu": "Q108223724", "Doris Ekumamkama": "Q108226198", "Amaka Chukwu": "Q108226281", "Adenike Adegoke": "Q108245459", "Sherifat Kayode Bolaji": "Q108258812", "Nneka Joy Chukwu or Tobiloba Joy": "Q108259977", "Ife Ajagbe": "Q108280472", "Rabeb Srairi": "Q108297133", "Sophia Anidugbe": "Q108299810", "Esher Mohammed": "Q108300731", "Ronke Giwa-Onafuwa": "Q108300825", "Obadare Oladosu": "Q108301021", "Rolake Bello": "Q108301052", "Andrea Odu-Obi": "Q108301064", "Telojo Emina": "Q108301138", "Perpetua Ebunoluwa Ohacho": "Q108301177", "Damilola Raphael": "Q108305040", "\u041c\u0430\u0440\u0442\u0430 \u041c\u043e\u043b\u044c\u0444\u0430\u0440": "Q108319139", "Sarah Osioriamhe  Osanyinlusi": "Q108352331", "Foluke Dare": "Q108352573", "Elizabeth Obisesan": "Q108352760", "Cassandra George": "Q108352885", "SUNSHINE": "Q108353541", "Victoria Long-John": "Q108353713", "Ver\u00f3nica G\u00f3mez": "Q108688246", "MEHWA": "Q108776323", "Leen De Witte": "Q108803632", "Shirley Keller": "Q108923222", "Irena Gadeleva": "Q109287411", "Marta Montaner": "Q109394060", "Sophie D": "Q109464659", "Shay": "Q109851584", "Cl\u00e9mence Houdiakova": "Q110291872", "Agnieszka Obsza\u0144ska": "Q110420079", "Toni Frederick": "Q110550206", "Michelle Stokes": "Q110602297", "Concepcion Nunez Maza": "Q110749196", "Takijima Airi": "Q110877881", "Sarah Kanowski": "Q110890549", "Nicole Hirschmann": "Q111103625", "Si\u00fan N\u00ed Dhuinn": "Q111306565", "Simin Sadeghi": "Q111423633", "Dorothee Scharner": "Q111423634", "Laura V\u00e4h\u00e4hyypp\u00e4": "Q111534251", "Halina Wachowicz": "Q111723788", "Marta Arruda": "Q111917832", "Melody Thomas": "Q112219616", "Michelle Nic Ph\u00e1id\u00edn": "Q112257234", "Lucie Bechynkov\u00e1": "Q112876098", "Barbora Kr\u010dmov\u00e1": "Q112876128", "Margr\u00e9t Bl\u00f6ndal": "Q113017197", "Elyssa Alia Ilias": "Q113623324", "Hanane Ameqrane": "Q113644459", "Rougui Barry": "Q113989353", "Niamh N\u00ed Chr\u00f3in\u00edn": "Q114359046", "Emmanuelle Bastide": "Q114368891", "Natalie Beran": "Q114771724", "Rita Rocca": "Q114958841", "Tracy Clifford": "Q115154691", "Laura Lopez": "Q115288880", "Louise Duffy": "Q115657405", "Sharon Talissa": "Q115755093", "Julia Sch\u00fctze": "Q115784015", "Marta Kula": "Q116009687", "Izabela Wo\u017aniak": "Q116009699", "Rima Ahmed": "Q116107856", "Yvetta Dadamov\u00e1": "Q116402315", "Mikako Shiozawa": "Q116452919", "Thabang Mmolotsi": "Q116877341", "Patrizia Giangrand": "Q116878742", "Elham Bader": "Q116939472", "Aneta Vojt\u011bchov\u00e1": "Q116986974", "Francesca Piolot": "Q117210179", "Barbara Gjerluff Nyholm": "Q117287810", "Alena Prykhodzka": "Q117306396", "Ella Ossi": "Q117313567", "Evelyn Bradley": "Q117859852", "Patricia Vincent": "Q118114527", "Sophie Scarpula": "Q118512479", "Engy Anwar": "Q118665140", "Yasuko Takasaki": "Q118696339", "Tomomi Kikuchi": "Q118726266", "Rosa Wierda": "Q119499943", "Aly Trasher": "Q120122898", "Kathrine Abrahamsen": "Q120426579", "Kamila": "Q120596374", "Anna Marek": "Q120601931", "Merrin Lazyan": "Q120606862", "Zuzana Barilov\u00e1": "Q120607405", "Denisa Kimlov\u00e1": "Q120614050", "Constance Sayers": "Q120614447", "Al\u017eb\u011bta": "Q120614984", "Alicia Acosta": "Q120615260", "Jana": "Q120617171", "Catherine Shen": "Q120766514", "Andrea Lu\u010dansk\u00e1": "Q120962615", "Eliza Apperly": "Q121078050", "Nen Tebabo": "Q121333818", "B\u00e1ra Dvorsk\u00e1": "Q121778253", "Strzemi\u0144ska": "Q121863805", "Jaroslava \u0160im\u00e1kov\u00e1": "Q121878452", "Ulrike D'hauwer": "Q122152578", "Marion Keete": "Q122926947", "Sharma Soerjoesing-Chin A Foeng": "Q123169122", "Latifa Samadi": "Q123475979", "Tatsiana Martynava": "Q123557103", "Faridah Ndausi": "Q123561496", "Duaa Sharaf": "Q123765852", "Darrell Chumley": "Q124292713", "Nawal Bakhsh": "Q124300876", "Ren\u00e9e Ruth Gr\u00e2ce Nguema Iwenguessono": "Q124308202", "Goitseone Moathodi": "Q124327331", "Sofia Fagroud": "Q124339608", "Suzanne Paxton": "Q124347582", "Sasha-Ann Simons": "Q124376481", "Blondine Tanis": "Q124386855", "Alma Mock Yen": "Q124446299", "M\u00e1ire Bhreathnach": "Q124471943", "Gemma N\u00ed Chionnaith": "Q124473693", "Eibhl\u00edn N\u00ed Chonghaile": "Q124474313", "Hillary": "Q124480019", "Kedi Molosiwa": "Q124518221", "Eurydice Aroney": "Q124544594", "Chandavone Sinamueangpy": "Q124565971", "Caroline Gombakomba": "Q124566201", "\u00c9piphanie Nambozouina": "Q124566340", "Emily Shields": "Q124566409", "Marta Jan\u010dk\u00e1rov\u00e1": "Q124566431", "Sita Soro": "Q124567852", "Olatokewa Ayoade": "Q124569945", "Marion Kuchenny": "Q124571084", "Qaanitaah Dramat": "Q124592730", "Refilwe Moloto": "Q124606092", "Azeezah Hashim": "Q124606098", "Lynda Nyangweso": "Q124606100", "Kamene Goro": "Q124606107", "Maikem Emmanuela Kimah": "Q124606114", "Miss P": "Q124615256", "Nthabiseng \u2019Mothibi": "Q124615319", "Hessa Al Ossaily": "Q124619834", "Love Konadu": "Q124621867", "Juliet Anozie": "Q124621922", "Shikha Mandi": "Q124656408", "Dudu Khoza": "Q124659089", "Princess Pearce": "Q124662592", "Rachel Williams": "Q124662612", "Pamla Koumba": "Q124662952", "Denyse Mbabazi Mpambara": "Q124662963", "Mwiza Zulu": "Q124664048", "Nagia Apostolou": "Q124807831", "Mavis Aryee": "Q124858678", "Marygoreth Richard": "Q124884464", "Mariela Mej\u00eda": "Q124884549", "Olushola adekola": "Q124892480", "Hana Baba": "Q124987004", "Cherri Gregg": "Q125002800", "Paola Sasso": "Q125026085", "St\u00e9phanie Zongo": "Q125129647", "Tendai Chakanyuka": "Q125129776", "Aisyah Tajuddin": "Q125129954", "Pauline Lisanga": "Q125209207", "Sisko Ramsay": "Q125382312", "Osiera Mebounou": "Q125422045", "Aur\u00e9lie Kayowa Kalenga": "Q125560407", "Raghavi Sampath": "Q125897916", "Merc\u00e8 Folch": "Q126076927", "Ligi Hetut\u016b": "Q126298136", "\u042f\u043d\u0430 \u0414\u0437\u0438\u0491\u0430": "Q126959687", "Maria Zamachowska": "Q127599625", "Odette Miranda": "Q127686895", "Shrinkhla Sahai": "Q128702506", "Ughetta Lanari": "Q128779030", "\u5c60\u6f54": "Q128799285"}