{"Galina Akimovna Kondrat'jeva": "Q112433891", "Lidia Tallmeister": "Q124339298", "Liidia Laani": "Q124339093", "Vera Tikomirova": "Q4458590", "\u00d5ie-Leontine Kutta": "Q124327101", "Vaike K\u00f5resaar": "Q124307925", "Inta Below": "Q124314494", "Libu\u0161e Pliskov\u00e1": "Q95162898", "Hilja-Eliise Gur\u017einski": "Q124322673", "Maria Wilgat": "Q123359376", "Stefania Paszkowska": "Q7945398", "Leida Pilli": "Q124340140", "Pia J\u00fcrgens": "Q124320094", "Juta Rumm": "Q124300844", "Jaroslava Matlochov\u00e1": "Q112417961", "Silvia Otto": "Q2286751", "Helena W\u00fcst Augenstein": "Q101844955", "Vilma Sapo\u017enina": "Q124339709", "Aime-Maie Tobi": "Q124288096", "Eve-Mall Peets": "Q124314085", "Meeri Kadarpik": "Q124311743", "Libu\u0161e Uhrov\u00e1": "Q112486772", "Evi-Evelyn Koop": "Q124340139", "Aliide Tamm": "Q124093210", "Margaret Bruss": "Q115734748", "Tiia Viiron": "Q124289446", "Miyuki Yanagi": "Q11534051", "Reet Tiik": "Q124339766", "Regina Pyshnik": "Q84497010", "Agnes Levandi": "Q29420241", "Anne Dooner": "Q124322553", "Loekie Roeg-Rogge": "Q116046042", "Ilme Toots": "Q124296415", "Hille Remmelkoor": "Q124339299", "Mai Miss": "Q124302377", "Helvi Merirand": "Q124307397", "Tiiu Nittim": "Q124260620", "Marie Bedn\u00e1\u0159ov\u00e1": "Q65608388", "Mar\u00eda \u00c1ngela Escudero \u00c1lvarez": "Q79342958", "Gwen Farrell": "Q1947468", "Ene Tomson": "Q124284863", "Olga Dolej\u0161ov\u00e1": "Q95178548", "Blanca Cerro de Casanovas": "Q122222604", "Eneken Vesmes": "Q124316980", "Eva Oja": "Q124340153", "Nade\u017eda Stjopkina": "Q124326960", "Hana Petrusov\u00e1": "Q95107467", "Lyudmila Karachkova": "Q108100860", "Oktyabrina Sokolova": "Q28500587", "Merike Norak": "Q124321349", "Sirje V\u00e4ravas": "Q124311568", "Vladim\u00edra D\u011bdi\u010dov\u00e1": "Q95227108", "Margit Schmidt": "Q124256366", "\u00d5ie Tsipp": "Q124290521", "\u041c\u0430\u0448\u0438\u043d\u0441\u043a\u0430\u044f, \u0415\u043b\u0435\u043d\u0430 \u0412\u0438\u0442\u0430\u043b\u044c\u0435\u0432\u043d\u0430": "Q15072182", "Maire Ottoson": "Q124319189", "Malle Kunnus": "Q124316477", "Urve Piksar": "Q124295938", "Stanislava Matu\u0161kov\u00e1": "Q112351609", "Jana H\u00e1jkov\u00e1": "Q95398236", "Maria Edilene Sequeira": "Q20437265", "Nad\u011b\u017eda Knorre": "Q95378212", "Maire M\u00e4llo": "Q124338175", "Berta Veiga Vila": "Q96337372", "Anne Mallene": "Q124304833", "Lea Kriibi": "Q124323042", "Irina Katinien\u0117": "Q20503333", "Susan Sandvig": "Q96354725", "Nina Soskina": "Q18278028", "Souhir El Mtouni": "Q106240479", "Maria Alessandra Livi": "Q112565407", "Eva \u00d6dlund": "Q20435505", "Claudine Brohet": "Q11690759", "Stella Bartlema": "Q18655498", "Fatou Gaye": "Q20437226", "Sebaetseng Glenda Mokokwe": "Q116848996", "Kadi Zvirik": "Q124316187", "Patricie Svobodov\u00e1": "Q86349355", "Amy Coll\u00e9 Mbengue": "Q106231702", "Eva-Maria Vint-Warmington": "Q124289444", "\u00c9va Szloboda": "Q1299243", "Susanna Breda S\u00e1nchez": "Q122037255", "Megumi Asano": "Q11557303", "Vibek\u00e9 Larsen": "Q17100964", "Krystyna Szokolai": "Q23908175", "Julia Viktorovna Petrik": "Q15079505", "Carolina Gonz\u00e1lez": "Q5753205", "Marisela de Fuentes": "Q25452033", "Erika Vargas": "Q26507386", "Christina Knahr": "Q112452025", "Tonje \u00d8. Nordby": "Q17106055", "Nikkan Lee": "Q7035163", "Aina H\u00f8ve": "Q92187978", "Hiromi Sug\u014d": "Q11319281", "Natalja Best\u0161astnaja": "Q124317221", "Emilia Parviainen": "Q26262070", "Deidre Mitchell": "Q23908222", "Fadouma Dia": "Q26262065", "Anu Saarni": "Q125490779", "Petra Vachn\u00edkov\u00e1": "Q31302030", "Lise R\u00f8sto Jensen": "Q42673181", "Pavl\u00edna Uhl\u00ed\u0159ov\u00e1": "Q112541785", "Melissa Magliana": "Q112539258", "Hana C\u00edsa\u0159ov\u00e1": "Q112553002", "Iveta \u0160im\u016fnkov\u00e1": "Q95169503", "Wanda Vorlov\u00e1": "Q95461818", "T\u00e0nia Pardo Van Hees": "Q100724849", "Liu Bojun": "Q30942837", "Dagmara Gerasimuk": "Q60836894", "Ana Karina Marques Valentim Alves": "Q21290169", "Marte S\u00f8r\u00f8": "Q28718158", "Kaire Leet": "Q111448991", "Anu Jokela": "Q11852315", "Emiri": "Q24865620", "Kristi Promet": "Q124352781", "Barb Sasaki": "Q11328595", "B\u00e1rbra Bast\u00edas": "Q5736387", "Gabriela Bandeira": "Q26262082", "Miranda Marilin": "Q20437498", "Blair Tomten": "Q9174178", "Tempa Justine Fouti N'Da": "Q28722004", "Alondra Arellano": "Q26262049", "Gelareh Nazemi": "Q67123707", "\u0410\u043d\u0430\u0441\u0442\u0430\u0441\u0438\u044f \u041d\u0438\u043a\u043e\u043b\u0430\u0435\u0432\u043d\u0430 \u0420\u043e\u043c\u0430\u043d\u044e\u043a": "Q28702306", "Mimisen Iyorhe": "Q117317981", "Irina Suhhova": "Q124352887", "Neuza Ines Back": "Q112075281", "Katalin T\u00f6r\u00f6k": "Q26206025", "Y\u014dko Chihana": "Q11271788", "Monica L\u00f8kkeberg": "Q11989863", "Pavla \u0160t\u011bp\u00e1nov\u00e1": "Q128599662", "Hifumi Saito": "Q45819705", "Miriam Leon": "Q26258298", "Jurgita Baur": "Q112536918", "Eleonora Comito": "Q3721781", "Mirjam Gruber": "Q56289631", "Vanda B\u011blinov\u00e1": "Q114402420", "Elizabeth Gonz\u00e1lez": "Q128065850", "Oh Hyeon-jeong": "Q116304562", "Zari Fathi": "Q65194966", "Imke Lohmeyer": "Q65515912", "M\u00e9lissa Leb\u0153uf": "Q125214120", "Lizzy van der Helm": "Q94421737", "Velja Andruse": "Q124846670", "Triin P\u00f5dersoo": "Q124333927", "Urszula Staniszewska": "Q112548109", "Fernanda Colombo": "Q98703333", "Kate\u0159ina Pipkov\u00e1": "Q108570371", "Jana Buri\u0161kov\u00e1": "Q124287394", "Amanda B\u00e4verhag": "Q113960979", "\u718a\u672c\u3061\u3048": "Q11567911", "Kim Winslowd": "Q17121429", "Rhona Daly": "Q28722014", "Rupa Devi": "Q29528298", "\u0646\u0639\u06cc\u0645\u0647 \u0638\u0641\u0631": "Q56365496", "Anna Sierocka": "Q59510969", "Lolita Labunskaya": "Q59511588", "Rhee Chihee": "Q59511742", "Saioa Sancho": "Q76753782", "Leena Laaksonen": "Q76834361", "Sophie Duinker-Molendijk": "Q105080774", "Merg\u00fcl G\u00fcler": "Q108001887", "Yelena Gasanova": "Q108101029", "Marie M\u00e1lkov\u00e1": "Q110360224", "Florence Jamin": "Q113882355", "Dayle Jackson": "Q115933460", "Pat Wyatt": "Q119071911", "Teremoana Maua-Hodges": "Q119071939", "Hana Kabe\u0161ov\u00e1": "Q120603633", "Tamara B\u00edlkov\u00e1": "Q120616747", "Gabriela Kaval\u00ed\u0159ov\u00e1": "Q120616749", "Leungo Tsogang": "Q124670443", "Seonyatseng Joyce Tshephe": "Q124670458", "Lucy May": "Q124973105", "Sunny": "Q126006046"}