{"Shlomit Lir": "Q123592987", "Maria Preobrazhenskaya": "Q28355928", "Irina Anokhina": "Q55650434", "Danuta Gielarowska-Sznajder": "Q17544567", "Ana Mae Barbosa": "Q11679823", "Rosemarie Rizzo Parse": "Q60659352", "Glauce Socorro de Barros Viana": "Q87688690", "Iva Dykov\u00e1": "Q85186281", "Marilyn M Olmstead": "Q57063676", "Aleksandra Kasznik-Christian": "Q9146569", "Nieves Herrero P\u00e9rez": "Q68447887", "Ana Maria de Almeida Camargo": "Q93793786", "Mireille Bonierbale": "Q36308768", "Norma Discini": "Q110365396", "Gertrud Pfister": "Q15435471", "Carmen Estrada": "Q125753366", "Dominique Cardon": "Q43373278", "Monique Capron": "Q3320809", "Riina Kallikorm": "Q24546272", "Vanna Iori": "Q16268455", "Malle Krunks": "Q16404387", "Modra Murovska": "Q85228240", "Maria In\u00eas Schmidt": "Q90607480", "Henryka Ilgiewicz": "Q64149270", "Meryem Beklio\u011flu": "Q50616170", "Rachel Warren": "Q57832601", "Miroslawa Dabert": "Q59550562", "Myriam Hemberger": "Q63727498", "Mariola Bidzan": "Q64141203", "Ewa Grzebelus-Nowak": "Q65166859", "Ma\u0142gorzata Porada-Rocho\u0144": "Q85132877", "Monika Szczepaniak": "Q85133150", "Magdalena Binia\u015b-Szkopek": "Q85134321", "Katarzyna Wojdak-Maksymiec": "Q85173068", "Eva Barreno": "Q5852492", "Stefania Grzeszczyk": "Q9345510", "Maru R. Garc\u00eda-Pe\u00f1a": "Q21513786", "Astrid Bergland": "Q12713554", "Rosaura Ruiz Guti\u00e9rrez": "Q6112451", "Erzs\u00e9bet Ligeti": "Q18694671", "Wies\u0142awa Kozek": "Q9373669", "Martin Elvis": "Q58250905", "Ma\u0142gorzata Polz-Dacewicz": "Q74256681", "Christiane Spiel": "Q16061199", "Jeri Ram\u00f3n Ruffner": "Q107356978", "Daria Na\u0142\u0119cz": "Q11692916", "Silvia Chifflet": "Q38326751", "Sylvie Trottier": "Q65556936", "Chikako Shingyoji": "Q89929849", "Maria Balsamo": "Q18642821", "Jaroslava Du\u0161kov\u00e1": "Q50732849", "Maria Teresa Fernandez Piedade": "Q56556914", "Urszula Sztandar-Sztanderska": "Q107849161", "Paola Zanovello": "Q55273527", "Tatyana Valerievna Krestovskaja": "Q18986345", "Eva Topinkov\u00e1": "Q60665702", "Marja Jylh\u00e4": "Q63092687", "Beppie van den Bogaerde": "Q61459880", "Anna Organi\u015bciak-Krzykowska": "Q88093321", "Eliane Volchan": "Q105708428", "Maria Albin": "Q4934800", "Sana Loue": "Q92688569", "Magdalena Rakowska-Boguta": "Q11766090", "Jolanta Jab\u0142o\u0144ska-Bonca": "Q11728061", "Malka Rappaport Hovav": "Q6582205", "Dorota Cianciara": "Q23661830", "Miros\u0142awa Wawrzak-Chodaczek": "Q98594850", "Anna Palumbo": "Q52354769", "Alena Plh\u00e1kov\u00e1": "Q14915860", "Wanda Stankiewicz-Szymczak": "Q123335464", "Iwona Jakubowska-Branicka": "Q111836078", "Ingunn H Thorseth": "Q104111044", "Carme Molinero i Ruiz": "Q28708103", "Siv Kvernmo": "Q44039835", "Izabella Jackowska": "Q118364704", "Anna Reczy\u0144ska": "Q24431360", "Pnina Motzafi-Haller": "Q16341549", "Anna Giza": "Q9155156", "Ewa Czerniawska": "Q9256635", "Daniela Rizzi": "Q24010043", "Lutgarde Buydens": "Q27061944", "Ewa Jab\u0142o\u0144ska": "Q27971109", "Ewa Dubas-Urwanowicz": "Q58000527", "Wielis\u0142awa Osma\u0144ska-Furmanek": "Q9372761", "Elena Anatol'evna Ignatova": "Q21516715", "Lyudmila Ivanovna Krupkina": "Q21517967", "Kuntala Lahiri-Dutt": "Q59185916", "Angelika Schnieke": "Q59545433", "Mar\u00eda Dolors Vidal Casellas": "Q51879142", "Lynn Bohs": "Q5985166", "Suvi Virtanen": "Q84921779", "Sabine Weinert": "Q90258481", "Mirjana Dokmanovi\u0107": "Q97330021", "Daniela Ostatn\u00edkov\u00e1": "Q20908774", "Barbara Fl\u00fcckiger": "Q807420", "\u0420\u044b\u0441\u043a\u0435\u043b\u044c\u0434\u0438\u0435\u0432\u0430, \u041b\u043e\u0440\u0430 \u0422\u0443\u0440\u0430\u0440\u0431\u0435\u043a\u043e\u0432\u043d\u0430": "Q113129916", "Zoya A. Fedotova": "Q21388074", "Maria Alicja D\u0119bska-\u015alizie\u0144": "Q67979217", "Marite Rygg": "Q90048459", "Jaana Vuopio": "Q91691885", "Jenny Brumme": "Q17425349", "Andrea Hartwig": "Q494038", "Farida Valeeva": "Q80405058", "Ersilia Menesini": "Q56995167", "Gulnara Yusupova": "Q27925354", "Margreth Grotle": "Q17093575", "Mara Angelina Galv\u00e3o Magenta": "Q19794195", "Johanna Kuusisto": "Q28516669", "Gra\u00e7a Soveral": "Q37837728", "Martina C. Cornel": "Q59206152", "Stefania Laudonia": "Q21502669", "Monica Wammen Nortvedt": "Q47201160", "Ewa Agnieszka Lekka-Kowalik": "Q85132955", "Hanna Palska": "Q97372585", "Cecilia Guariglia": "Q43094174", "Svitlana Pyda": "Q108705614", "Sylvie Derenne": "Q50223437", "Judith Tydor Baumel-Schwartz": "Q12407846", "Montserrat Palma": "Q9034912", "Efrat Neter": "Q50547749", "S\u00edlvia Helena Koller": "Q40123441", "Barbara Mierzejewska-Krzy\u017cowska": "Q24948126", "Anne-Claude Ambroise-Rendu": "Q2850764", "Inma Hernaez": "Q12259625", "Maria Bego\u00f1a Aguirre-Hudson": "Q21340555", "Elena Carreras": "Q54936496", "Tuula Tuhkanen": "Q107288659", "Maria Pilar Perea Sabater": "Q11935467", "Eeva Furman": "Q28720763", "Katri Huitu": "Q29418931", "Mar\u00eda \u00c1ngela Nieto Toledano": "Q19766191", "Isabel Tajahuerce \u00c1ngel": "Q106043422", "Anna-Karin Edberg": "Q58659067", "Alison Ballance": "Q63254627", "Asun Bern\u00e1rdez": "Q67312350", "Ashley B. Morris": "Q5708232", "Liliana Katinas": "Q5976384", "Josepa Gen\u00e9": "Q36590494", "Petra Tesa\u0159ov\u00e1": "Q62523814", "Sylvie Chaperon": "Q30003115", "Claudia Spies": "Q1097806", "V\u00e1clava Hor\u010d\u00e1kov\u00e1": "Q95459789", "Tuula Juvonen": "Q5391809", "Gema Lasarte": "Q12258341", "Teresa Terrazas": "Q13220312", "Kristina Malmio": "Q112434872", "Toonika Rinken": "Q12377153", "Catherine M.G.C. Renard": "Q58456014", "Iwona Adamiec-W\u00f3jcik": "Q60833234", "Paola Galimberti": "Q57635044", "Dorthe Berntsen": "Q52111921", "May Arna Risberg": "Q17106823", "Karine Nyborg": "Q11980221", "Gema Revuelta": "Q25421874", "Barbara Lis": "Q21502766", "Adeeba Kamarulzaman": "Q55950718", "Irene Tuffrey-Wijne": "Q57425543", "Ulrike Herberg": "Q57471637", "Kristina Broliden": "Q65998322", "Maria Jo\u00e3o Cantinho": "Q99669584", "Mercedes Arbaiza Vilallonga": "Q110734522", "Lotte Tarkka": "Q25368379", "Annie Andrieux": "Q41605799", "Gemma Marfany": "Q41785032", "Lenka Karf\u00edkov\u00e1": "Q4216319", "Mar\u00eda del Coro Arizmendi": "Q29157784", "N\u00faria Sal\u00e1n": "Q61769036", "Jeanette Kohl": "Q92138429", "Bettina Rockenbach": "Q850040", "Ute Krengel": "Q42708601", "N\u00faria Santamaria i Roig": "Q85956285", "Nathalie Gontard": "Q91670737", "Marita Husso": "Q92582499", "Marjo Kaartinen": "Q96106202", "Joanna M\u0105kol": "Q22103577", "Marjo Helander": "Q56564924", "Steffi G. Riedel-Heller": "Q86995875", "Krystyna Iglicka": "Q10314734", "Inga Zerr": "Q67228353", "Florence Bergeaud-Blackler": "Q2367468", "Laura Huttunen": "Q117600240", "Ana Isabel Camacho": "Q21502621", "Barbara Ko\u0142odziej": "Q81010184", "Katja Ickstadt": "Q88822820", "Fiona Gribble": "Q52588093", "Bego\u00f1a M. Jugo": "Q45438087", "Iwona Jasser": "Q23978068", "Rapha\u00eble Mouren": "Q16038597", "Concepcion Gonzalez-bello": "Q42844659", "Sheila Walbe Ornstein": "Q93794778", "Ngan Kee Ng": "Q21394924", "Maria Rogacka-Rzewnicka": "Q30902666", "Pirjo Sanaksenaho": "Q61103283", "Fredrika Spindler": "Q111343090", "Aneta Oborny": "Q117075773", "Silvia Salvatici": "Q23872296", "Agnes Korn": "Q25663850", "Mar\u00eda Calvo Charro": "Q28935087", "Minna Suni": "Q28028770", "Ulla Eriksson-Zetterquist": "Q50923735", "Camilla Wide": "Q91263182", "Lina von Sydow": "Q102426295", "Libu\u0161e Heczkov\u00e1": "Q26709253", "Manon Ruijters": "Q111155054", "Edyta Szurowska": "Q59705926", "Mar\u00eda Jos\u00e9 Rodr\u00edguez F\u00f3rtiz": "Q95990513", "Val\u00e9rie Beaudouin": "Q3554227", "Katharina Riedel": "Q62920372", "Asmae El Ouariachi": "Q111034623", "Elina Oinas": "Q117707296", "Renata Veselska": "Q61093605", "Elena Semenovna Uzeneva": "Q55103759", "Iwona W\u0142och": "Q104979138", "Montserrat Ballar\u00edn": "Q20089112", "Paloma Mas": "Q30505818", "Orsi Husz": "Q4955161", "Shulamit Levenberg": "Q6983543", "Danuta Dziawgo": "Q11692853", "Nicola H\u00fcsing": "Q20962358", "Netta Dorchin": "Q25441096", "Dorothea Erbele-K\u00fcster": "Q93244152", "Sonia Fabris": "Q39052038", "Lenka Lacinov\u00e1": "Q106983373", "Barbara Oomen": "Q21141539", "Irena Avsenik Nabergoj": "Q12791437", "Judith Gl\u00fcck": "Q1711031", "Florence Tamagne": "Q3074034", "Renata Nowakowska-Siuta": "Q11834201", "Lene Broeng Oddershede": "Q21264255", "Andrea Vasas": "Q89739632", "Maria Paz Moreno P\u00e1ez": "Q108560797", "Cinthia Farina": "Q39063046", "Blandina Theophil Mmbaga": "Q47504896", "Johanna Wassholm": "Q114400031", "Silvia Giorguli Saucedo": "Q20929114", "Anna Charuta": "Q65693462", "Monika Pitucha": "Q90193901", "Dorota \u017by\u017celewicz": "Q56459926", "Chelsea D. Specht": "Q5765596", "Dunja Bruder": "Q21258565", "Elfride De Baere": "Q50923707", "Franzis Preckel": "Q90502833", "Astrid Fendt": "Q109570371", "Gerd Carling": "Q49103670", "Ma\u0142gorzata Iwanicz-Drozdowska": "Q110692414", "Marlena Ciechan-Kujawa": "Q48840672", "Tenji Chin": "Q11658336", "Margarita S\u00e1nchez Romero": "Q28922494", "Marta Kosior-Kazberuk": "Q64869614", "Marina Simian": "Q63598727", "Marie Jauffret-Roustide": "Q89834366", "Alessandra Bragonzi": "Q43269735", "Izabella Main": "Q76087410", "Cornelia Kristen": "Q96228179", "Lila Isabel Pagola": "Q122668614", "Rebecca Sainidou": "Q81031130", "Linn Persson": "Q58177517", "Fenny Martha Dwivany": "Q99249964", "Ulyana Nikolayeva": "Q4320217", "Alicja Panasiewicz": "Q105957922", "\u0421\u0435\u0440\u0431\u0430, \u0415\u043b\u0435\u043d\u0430 \u041c\u0438\u0445\u0430\u0439\u043b\u043e\u0432\u043d\u0430": "Q97184187", "Maarja \u00d6pik": "Q12369394", "Shira Hadad": "Q114015152", "Susanne la Fleur": "Q21264755", "Alice Cibois": "Q19959193", "Anita Ra\u010d\u00e1kov\u00e1": "Q106774352", "Carolina Bl\u00e0via i Galindo": "Q114811067", "Natalia Letki": "Q17704860", "Naziha Khen-Dunlop": "Q57778281", "Emma Renold": "Q59570657", "Francesca Peressotti": "Q59709627", "Anne Kouvonen": "Q42724499", "Ma\u0142gorzata J\u0119drzejewska-Szczerska": "Q60149857", "Teela Sanders": "Q92270009", "Angelika Modli\u0144ska-Piekarz": "Q97346049", "Kerstin Martens": "Q16739224", "Christina Flann": "Q21513201", "Emilie Fr\u00e9alle": "Q56056828", "Brenda Y Bedolla-Garc\u00eda": "Q101126949", "Chiara Sassoli": "Q61160182", "Sonia Lippke": "Q48023444", "Doroth\u00e9e Huchon": "Q28334671", "Guillermina Eloisa Lopez-Bendito": "Q50923724", "Sonja Bekker": "Q90429454", "Miia Halme-Tuomisaari": "Q112627184", "Ulrike Herzschuh": "Q30088748", "Katrin Sak": "Q42320333", "Florence Vorspan": "Q42907302", "Anna Judit T\u00f3th": "Q107123890", "Iwona Bojar": "Q24817346", "Mar\u00eda Teresa Aguado": "Q21340131", "Katarzyna Starowicz-Bubak": "Q28672038", "Kate\u0159ina Kr\u00e1lov\u00e1": "Q48096905", "Kate\u0159ina Li\u0161kov\u00e1": "Q77703246", "Magdalena Zio\u0142o": "Q96636297", "Joanna Goli\u0144ska-Pilarek": "Q102368254", "Yan Lu": "Q49015033", "Claire Lemercier": "Q2975071", "Mai Camilla Munkejord": "Q92467008", "Nelli Hankonen": "Q26257144", "Alice Huertas": "Q37830253", "Julia de Le\u00f3n": "Q60055954", "Tereza Czesany Dvo\u0159\u00e1kov\u00e1": "Q95152984", "Annette Thierauf-Emberger": "Q96306996", "Piia Bj\u00f6rn": "Q106559805", "Daniela Sampaio": "Q19802336", "Marieke van den Brink": "Q46709934", "Beatriz Leal": "Q106353850", "Tsolin Nalbantian": "Q125967551", "Catherine Droitcourt": "Q89616751", "Hanna Outakoski": "Q73156700", "Agnieszka Legucka": "Q24688714", "Cath\u00e9rine Gebhard": "Q47503098", "Anne Helmond": "Q64853874", "Vanessa Mak": "Q115715591", "Magali Bonifacie": "Q58461153", "Lucie Storchov\u00e1": "Q106983092", "Anna Odrow\u0105\u017c-Coates": "Q106192224", "Olivia Rivero": "Q107326901", "Korn\u00e9lia Kol\u00e1\u0159ov\u00e1 Tak\u00e1csov\u00e1": "Q15706104", "Karin Jensen": "Q56489943", "Oksana Sytar": "Q65196742", "Jennifer Strunk": "Q88325792", "Sabrina M\u00fcller": "Q89906922", "Camille Lefebvre": "Q109195474", "Urszula Stachewicz": "Q27808238", "Myriam Benisty": "Q56558446", "Chowra Makaremi": "Q114080412", "Sancia van der Meij": "Q21391951", "Ines Blix": "Q51056723", "Marie-Anne Vanderhasselt": "Q62555692", "Aurore Gaillet": "Q95193300", "Anne Garnier": "Q57037201", "Julie Chytilov\u00e1": "Q86709552", "Becka McFadden": "Q120612255", "Kerstin Schepanski": "Q57905357", "Amaia Lujambio": "Q57416069", "Lesia Zastavetska": "Q108457003", "Aurora Simionescu": "Q18547903", "Lavinia Heisenberg": "Q63357567", "Celia Andreu-S\u00e1nchez": "Q96152265", "Mar\u00eda Isabel Cabrera Manuel": "Q113465829", "Anne Kaun": "Q58034915", "Anne Ketola": "Q62107506", "Barbara Kaszuba": "Q111534351", "Kristiina Tammimies": "Q50377571", "Angela Peron": "Q56037210", "Susanne Schuster": "Q97547124", "Vladim\u00edra Petr\u00e1kov\u00e1": "Q87241204", "Elvira Mass": "Q57400788", "Uta Rein\u00f6hl": "Q57494351", "Darja Lavogina": "Q42118890", "Hila Levy": "Q5760706", "Korn\u00e9lia Deres": "Q56410581", "Camila Navarrete": "Q57735762", "Jennifer Morinay": "Q56960518", "Clara Egger": "Q108584624", "Johanna Daniel": "Q94556725", "Sinan Kuday": "Q55061990", "Francesca Colavita": "Q54377989", "Mar\u00eda Vieites D\u00edaz": "Q67410308", "Nagore Elu": "Q87345334", "Justyna Orchowska": "Q112876717", "\u041e\u0441\u043f\u0456\u0449\u0435\u0432\u0430-\u041f\u0430\u0432\u043b\u0438\u0448\u0438\u043d \u041c\u0430\u0440\u0456\u044f \u0410\u043d\u0434\u0440\u0456\u0457\u0432\u043d\u0430": "Q107620286", "Elena Mu\u00f1oz P\u00e9rez": "Q116770737", "Alejandra Vasco": "Q19002889", "Mizuki Matsunuma": "Q21392303", "Heather Piwowar": "Q21679243", "Juliane Petry de Carli Monteiro": "Q23069028", "Natalia Restrepo-Escobar": "Q23920153", "Eleonora Cella": "Q28743810", "Carly Strasser": "Q28946359", "N\u00faria Queralt Rosinach": "Q29644228", "Lucie Bauret": "Q36611024", "Vasiliki Kalatzis": "Q37367292", "Jillian Dorrian": "Q38548607", "Meera V. Sundaram": "Q39049818", "Marijn M Speeckaert": "Q39187396", "Tamsin S. Barnes": "Q41542617", "Soile Tapio": "Q41580938", "Gwenda Hughes": "Q43409206", "Pia C. Sundgren": "Q44783605", "Lidewij Henneman": "Q46004972", "Wendy H Oddy": "Q46035191", "Kimberley T. Taylor": "Q46263545", "Akemi Tagiri": "Q47532492", "Sibila Marques": "Q47705415", "Silvia Riva": "Q47713600", "Amelia Crampin": "Q47804696", "Alicia Salvador": "Q47863304", "Francesca Barone": "Q48321559", "Lisa W. Martin": "Q48633764", "Hanako Ohashi Ikeda": "Q48718555", "Annamaria Confaloni": "Q49012495", "Azra Korjenic": "Q56559192", "H\u00e9l\u00e8ne Fischer": "Q81389483", "Bo\u017cena Zabiega\u0142a": "Q30902511", "Aldona Siwi\u0144ska": "Q9144715", "Takako Fujiwara-Greve": "Q11300834", "Merc\u00e9 Galbany": "Q13402845", "Karolina Olek-Hrab": "Q19844493", "Annika Scheynius": "Q21254738", "Line Vej Ugelvig": "Q21264265", "Renate B. Schnabel": "Q21264509", "Eliza G\u0142owska": "Q21337928", "Anja Amtoft Wynns": "Q21338275", "Deborah Susan Kent": "Q21338491", "Luciana B. Nascimento": "Q21338730", "Xiang Xu": "Q21339346", "Patr\u00edcia Jungbluth": "Q21341315", "Irina Alexandrovna Galanina": "Q21388138", "Oriane Hidalgo": "Q21388180", "Mirna Martins Casagrande": "Q21388969", "Daiane Ceolin": "Q21391358", "Priscila B. S\u00e1bio": "Q21391588", "Piyoros Tongkerd": "Q21391644", "Susana Trivinho-Strixino": "Q21391995", "Ji-Hun Song": "Q21392493", "Arath Raghavan Sudha Devi": "Q21392949", "Robyn P. Payne": "Q21394927", "Carina J. Sim-Smith": "Q21395043", "Leonora P. Costa": "Q21502771", "Mar\u00eda Prieto": "Q21516384", "Lourdes Y. Echevarr\u00eda": "Q21772119", "Iva Njunji\u0107": "Q22106691", "Maria A. Minor": "Q22109322", "Maria M\u00f3nica D\u00edaz": "Q22109770", "Robin E. Thomson": "Q22110341", "Elina Ikonen": "Q23039778", "M\u00edrian N. Morales": "Q23674970", "Rosana M. Rocha": "Q23675055", "Charlotte Jacobsen": "Q24044807", "Ma\u0142gorzata Krajnik": "Q24688734", "B\u00e1slavi C\u00f3ndor Luj\u00e1n": "Q25439026", "Mar\u00eda del Rosario Robles": "Q25796370", "Wesley D. Colombo": "Q26084990", "Ros\u00e2ngela Brito": "Q26703447", "Veronique Michelet": "Q26875088", "Michelle Trautwein": "Q27468404", "Giulia Furfaro": "Q27897693", "Mar\u00eda Echeverry-Galvis": "Q27902050", "Nataliya Kuznetsova": "Q27943272", "Julia Bohlius": "Q28036873", "Martha Hickey": "Q28037241", "In\u00eas Barroso": "Q28039326", "Christine Str\u00fcssmann": "Q28089886", "Val\u00e9ria Fagundes": "Q28089888", "Nicola Low": "Q28152053", "Georgia Salanti": "Q28325054", "Brigitte Chamak": "Q28494497", "Luc\u00eda E. Claps": "Q28846769", "Carolina Reyes-Puig": "Q28945279", "Marl\u00facia Bonif\u00e1cio Martins": "Q29052337", "Mari Kekkonen": "Q29981709", "Liisa Byberg": "Q30112549", "Teresa H. Jones": "Q30504787", "Nicole Rasoamanana": "Q30531822", "Anna Katarzyna W\u00f3jtowicz": "Q30902908", "Katja Rembold": "Q33690677", "Susanne Shultz": "Q35703314", "Galina V. Degtjareva": "Q36561315", "Ivana Re\u0161etnik": "Q36584116", "Jocelyn C. Hall": "Q36591250", "Agnieszka Smolinska": "Q36629891", "Joana Santana": "Q37041450", "Margareth Lara Capurro": "Q37366625", "Mariet C. Feltkamp": "Q37368776", "Diana R. Tomchick": "Q37377226", "Diana Faria": "Q37377778", "Sarah E Bergen": "Q37651023", "Caroline M Nievergelt": "Q37651844", "Maria de Lourdes Bastos": "Q37830227", "Adeline Loyau": "Q37830289", "Karen L. Jones": "Q37830816", "Chiara Cerletti": "Q37834348", "Julia Elisabeth Bandow": "Q37836932", "Helen Giamarellou": "Q37838077", "Shyamali C. Dharmage": "Q37838118", "Cristina Geroldi": "Q37840925", "Amanda Ewart Toland": "Q38300105", "Isabel Couto": "Q38324869", "Patricia Bozza": "Q38326687", "Angela Ceribelli": "Q38523109", "Maura Dowling": "Q38589649", "Adriana L Burgue\u00f1o": "Q38639115", "Annamaria Bagnasco": "Q38800225", "Amanda E Staiano": "Q39032474", "Margaret L. Salisbury": "Q39050075", "Ruth Tachezy": "Q39066606", "Cristiane Hatsuko Baggio": "Q39183726", "Eeva Auvinen": "Q39188519", "Rebecca J. Mitchell": "Q39403889", "Teresa N Sparks": "Q39421319", "Anna Pastore": "Q39438747", "Donella Rovai": "Q39478196", "Anna Sapino": "Q39620791", "Sondra S Crosby": "Q39672282", "Marcela Guevara": "Q39700348", "Sally Theobald": "Q39755553", "Elodia B. Cole": "Q39769128", "Helen M. Kamens": "Q39845656", "Carolyn L. Cummins": "Q39887036", "Concetta Schiano": "Q40002710", "Marianne van Hage": "Q40008501", "Joana Tavares": "Q40054899", "Geraldine M. Leydon": "Q40081316", "Anna Boccaccio": "Q40244680", "Giovanna Mottola": "Q40306601", "Marilise B. Rott": "Q40353439", "Emanuela Palmerini": "Q40448146", "Martha J Radford": "Q40597041", "Estela Paz-Artal": "Q40630377", "Caroline D. Hoemann": "Q40813627", "Valeriane Leroy": "Q41071275", "Cristina W. Nogueira": "Q41098814", "Marie-Louise A Schuttelaar": "Q41172882", "Susan J. Jordan": "Q41235484", "Tabitha A. Peterson": "Q41252965", "Heidi L. Rehm": "Q41543979", "Alice Bean": "Q41557049", "Vanina Bongard": "Q41562950", "Anna Kanci": "Q41645150", "Frances M. Cowan": "Q41729082", "Emma L. Raven": "Q41809056", "Celine Galvagnion": "Q42185083", "Christina A. Muzny": "Q42236983", "Anna Nicolaou": "Q42293573", "Karen H. Beard": "Q42306502", "Victoria Vysotska": "Q42306794", "Maria Ninova": "Q42334671", "Patr\u00edcia Ucelli Simioni": "Q42339201", "Kara A. Bernstein": "Q42363393", "Amy S. Jordan": "Q42372137", "Caroline Ospelt": "Q42498962", "Ana Bravo": "Q42521878", "Connie Celum": "Q42571941", "Luisa Mannina": "Q42581664", "Rehana Abdus Salam": "Q42623908", "Annemieke van Straten": "Q42650846", "Deanna L. Benson": "Q42699633", "Katharine Bossart": "Q42720230", "Maria Isabel  Achatz": "Q42720491", "Alice Hayward": "Q42802476", "Jing Zhang": "Q64633618", "Femke Broere": "Q42811429", "B\u00e9atrice Lauga": "Q42813453", "Rebecca Lawton": "Q42838444", "Myriam Calonje": "Q42841413", "Ilja C. W. Arts": "Q42845827", "\u00c2ndrea Ribeiro-dos-santos": "Q42872392", "Amy Shirong Lu": "Q42878306", "Rachel Fearns": "Q42945584", "Lara Grau-L\u00f3pez": "Q43064231", "Matei Ioana Adriana": "Q43097499", "Christelle Mazuet": "Q43113801", "Maria Giovanna Gandolfi": "Q43134700", "Juliet Bryant": "Q43151912", "Helena Carmo": "Q43157461", "Patricia A. Deuster": "Q43161937", "Raquel Abad": "Q43179862", "Annalisa Abballe": "Q43198430", "Yee Ling Lau": "Q43203776", "Rosa Capita": "Q43260116", "Ana Dal Molin": "Q43261258", "Cristiana Catena": "Q43271299", "Jarcilene Silva de Almeida-Cortez": "Q43860523", "Ji Wan Park": "Q44264377", "Sarah Larney": "Q44338034", "Jessica L. Bolton": "Q44767960", "Martina Vermathen": "Q44911336", "Matilde Alique": "Q45370556", "Jolie Ringash": "Q45378420", "Marta Szulkin": "Q45405929", "C\u00e9lia R Carlini": "Q45599194", "Richelle J. Koopman": "Q45675689", "Carla Gasbarri": "Q45917822", "Maria Concetta Fargnoli": "Q46217194", "Teresa Calvet": "Q46459336", "Gabriella Moroni": "Q46463588", "Ruxandra Gref": "Q46495473", "Rachel Calam": "Q46751699", "Kristine Y. Crous": "Q46826105", "Magda Bou Dagher-Kharrat": "Q47114512", "Katarzyna Pielech-Przybylska": "Q47129529", "Ingeborg Hedegaard Kristensen": "Q47156926", "Francesca Giuliani": "Q47259526", "Adriana Cordova": "Q47344848", "Joanne M Murabito": "Q47502296", "Carla Uggetti": "Q47503768", "Gra\u017cyna M\u0142ynarczyk": "Q47543288", "Kate Jolly": "Q47627124", "Jayne Wu": "Q47697937", "Paulina Nowicka": "Q47709048", "Kate Lifford": "Q47710749", "Marielle Philippens": "Q47870759", "Alexandra Dinis": "Q47997076", "Teresa Rodzi\u0144ska-Chor\u0105\u017cy": "Q48866854", "Monika Kusio-Kobialka": "Q49506114", "Margaret A Knowles": "Q50413388", "Maria Luisa Moriconi": "Q50419373", "Alison M. Dunn": "Q50420043", "Kate Gavaghan": "Q50541567", "Clare McArthur": "Q50603375", "Cathrin Rohleder": "Q50675683", "Sylwia Rodziewicz-Motowid\u0142o": "Q50698748", "Denise M. Sloan": "Q50779625", "Susana Gon\u00e7alves": "Q50853160", "Martha Vibbert": "Q50945470", "Dagmar Scharnagel": "Q50950053", "Bronwen Presswell": "Q50976333", "Sabrina Maniscalco": "Q51094779", "Mar\u00eda J. Alonso": "Q51121229", "G\u00f6zde \u00dcnal": "Q51166573", "Sophie Baumann": "Q51245986", "Simone Esposito": "Q51329927", "M\u00edriam Cerrillo": "Q51365686", "Sandra P\u00e9rez": "Q51375204", "Elisa Sani": "Q51680402", "Anna W\u00f3jcik-G\u0142adysz": "Q51714603", "Deborah Suchecki": "Q51743537", "Miriam Rodr\u00edguez-Sosa": "Q51766214", "Katarina Kos": "Q52145146", "Eleni Voultsiadou": "Q52158076", "Kathy K. Griendling": "Q52725890", "Diana Machado": "Q52799985", "Carine Rongeat": "Q53205566", "Clare L Gillies": "Q53223380", "Freya Schnabel": "Q53292757", "Roberta De Mori": "Q53342472", "Anna Petruczynik": "Q53850535", "Bianca C. Bernardo": "Q54139876", "Marcella Capua": "Q54196131", "Valentina Melli": "Q54519894", "Katy R. Nicastro": "Q54791701", "Paloma B. Liton": "Q54933561", "Elizabeth Brost": "Q54952196", "Ivonne Solis-Trapala": "Q54963314", "Sylwia Migas": "Q55004833", "Alessandra Doria": "Q55004998", "Briony Hill": "Q55029405", "Emma Winkels": "Q55067473", "Silvia Biondi": "Q55067943", "Rebecca Berhanu": "Q55070043", "Janet Dietrich": "Q55090741", "Alison J. Frontier": "Q55127407", "Hiam S Chemaitelly": "Q55153582", "Sofia Boqvist": "Q55186385", "Erica Gentilin": "Q55187247", "Francesca Marini": "Q55188574", "Tatiana Barichello": "Q55267197", "Rachel Grange": "Q55272204", "Anna Pistocchi": "Q55382867", "Jennette A Sakoff": "Q55414194", "Barbara J. McMorris": "Q55436969", "Maite Mascar\u00f3": "Q55441738", "Anne Gonzalez de Peredo": "Q55510315", "Fiona Gilchrist": "Q55860416", "Yah Leng Lim": "Q56065969", "Mar Cabeza": "Q56208241", "Montserrat Mil\u00e0": "Q56241521", "Emma Versteegh": "Q56296420", "Jordina Belmonte i Soler": "Q56332414", "Silvia B Boscardin": "Q56380515", "Jennifer M Donelson": "Q56382002", "Cristina Ivan": "Q56435654", "Carlotta Stipa": "Q56446940", "Francesca Tuorto": "Q56447551", "Ruza F. Ivanovic": "Q56448503", "Taija Torvela": "Q56450178", "Chiara Bazzocchi": "Q56452863", "Cristina Meazza": "Q56458830", "Margherita Neri": "Q56480891", "Julia K Terzis": "Q56550062", "Janine Pforr": "Q56551012", "Elizabeth Tutton": "Q56583512", "Rosalia Bertorelli": "Q56591127", "Sara Fiorendi": "Q56597229", "Suliann Ben Hamed": "Q56670641", "Linda Cerofolini": "Q56697424", "Ling Peng": "Q56754251", "Sara Abdelfatah": "Q56778756", "Silvia Cocito": "Q56804695", "Albena Dinkova-Kostova": "Q56806438", "Karen Vickery": "Q56810089", "Edith Antunes": "Q56853799", "Susan D Moffatt-Bruce": "Q56855707", "Ana Marice Teixeira Ladeia": "Q56860786", "Agnieszka Piwkowska": "Q56975420", "Wen Wang": "Q56990584", "Nitin Yadav": "Q57008677", "Helena Zavos": "Q57013690", "Elena Franciosi": "Q57016541", "Sandra Paszkiewicz": "Q57018799", "Gizem H\u00fcl\u00fcr": "Q57024032", "Manja Koch": "Q57028009", "Emanuela Repetto": "Q57033287", "Rita B. Ardito": "Q57034244", "Anne Lomascolo": "Q57038687", "Olga V Kalinina": "Q57042549", "Ekaterina Safroneeva": "Q57049556", "Esther Dalf\u00f3": "Q57054021", "M. A Se\u00f1ar\u00eds-Rodr\u00edguez": "Q57064429", "Sara Monteiro-Reis": "Q57069402", "Rubina Sirri": "Q57076388", "Maryvonne Gerin": "Q57078964", "Katherine Fennelly": "Q57082138", "Ma\u0142gorzata H Lehner": "Q57146893", "Carolina Sarmiento": "Q57188978", "Ana P Pinheiro": "Q57192331", "Jessica Jewell": "Q57196105", "Elizabeth A. Sinclair": "Q57197394", "Susana Gonz\u00e1lez": "Q57200860", "Annukka Vainio": "Q57302775", "Anna Moniuszko-Malinowska": "Q57305315", "Janice Canvin": "Q57322645", "Fortunata Carbone": "Q57335100", "Laura E Mart\u00ednez-Garza": "Q57364332", "Alessandra Boccone": "Q57389311", "Helena R Pires": "Q57403791", "Francesca Caterina Izzo": "Q57414433", "Simona Mancini": "Q57414587", "Kathryn Hoppe": "Q57417722", "Kelly Jakubowski": "Q57420543", "Roberta Zappasodi": "Q57420998", "Maria Ines Quintana": "Q57422372", "Angela Leung": "Q57455222", "Laura Brunengraber Goodman": "Q57457801", "Mary Herbert": "Q57494848", "Anna Rzepecka-Stojko": "Q57548282", "Cecilia Svedman": "Q57549046", "Maria Alvarado-Kristensson": "Q57569876", "Chiara Botta": "Q57596519", "Camilla Hanquist Stokkev\u00e5g": "Q57612687", "Patricia Gerdes": "Q57658181", "Vasiliki A. Mitsou": "Q57690165", "Marta Pietrasanta": "Q57695274", "Robyn Whittaker": "Q57696226", "Anna Lisa Tosi": "Q57709296", "Ana Martins": "Q57777639", "Isabel Monte": "Q57788575", "Grazyna Jasienska": "Q57886383", "Monika Breitzke": "Q57902940", "Karin Minnie": "Q57903502", "Maria Francesca Ottaviani": "Q57903788", "Maria Cristina De Sanctis": "Q57908628", "Francesca Pianosi": "Q57914393", "Sofya V. Mudrova": "Q57964286", "Francesca Gianno": "Q57974529", "Moyra E Mortby": "Q58185512", "Katarzyna Gruszczynska": "Q58202498", "Isabel Rucandio": "Q58217173", "Jessica R. Marsh": "Q58332574", "Ana Santos": "Q58354620", "Anja Costa": "Q58432979", "Serena Donadi": "Q58444804", "Anais Rassat": "Q58492424", "Harriet Udin Aronow": "Q58608717", "Jessica Datta": "Q58619080", "Jannicke Moe": "Q58657760", "Aleksandra Pajak": "Q58682412", "Mathilde Causse": "Q58849393", "Sofia Zanin": "Q58894527", "Maria Raquel S Carvalho": "Q58894770", "Sara Consalvi": "Q59043287", "Nicole Votruba": "Q59094332", "Patricia V. Turner": "Q59158717", "Lucyna Antkiewicz-Michaluk": "Q59175153", "Dorota Kulikowska": "Q59192779", "Lauren E Kelly": "Q59219496", "Maria Cunningham": "Q59255435", "Vera Opatova": "Q59385712", "Michelle Welsford": "Q59404705", "Cynthia Renata Oliveira Jacob": "Q59431266", "Nathalie Berthet": "Q59543402", "Magdalena Prokopowicz": "Q59545933", "Mariarosa A.B. Melone": "Q59548742", "Sandra Abell": "Q59553429", "Katarzyna Kulcenty": "Q59555942", "Ursula Schulze-Gahmen": "Q59590562", "Isa Jahnke": "Q59600883", "Analyn A. Cabras": "Q59603586", "Shana K. Goffredi": "Q59617245", "Zouhour El Mouna Ayadi": "Q59654193", "Susan I Barr": "Q59667604", "Linda G Snetselaar": "Q59681120", "Karin Strijbis": "Q59690345", "Simone Lemieux": "Q59692259", "Tatiana Kulakovskaya": "Q59695944", "Daniela Trojan": "Q59696602", "Katarzyna P\u0142oneczka-Janeczko": "Q59706149", "Esther M. John": "Q59752419", "Kathryn K. Kuivila": "Q59833065", "Junga Hwang": "Q59843856", "Katarzyna Guzi\u0144ska-Ustymowicz": "Q59848440", "Maria Concetta Morale": "Q59875375", "Mona Hess": "Q59917253", "Maria Ripoli": "Q60050949", "Svetlana V Pavlova": "Q60172383", "Elzbieta Filipek": "Q60290266", "Julie Gavard": "Q60299826", "Ruth Quillian Wolever": "Q60330969", "Patricia Carey": "Q60515056", "Irina Gaisina": "Q60609945", "Alex Macmillan": "Q60636845", "Jane A O'Brien": "Q60654912", "Susan Baer": "Q60715500", "Carmela Gallo": "Q60727061", "Marie-Claude Boily": "Q60729400", "Zohreh Doborjeh": "Q60729416", "Brigitte Sommer": "Q60733127", "Sara Ruane": "Q60967384", "Laura Burkle": "Q61056677", "Liz Keller": "Q61090573", "Rita Henderson": "Q61121799", "Katarzyna Bilska": "Q61136997", "Danuta Kowalczyk-Pecka": "Q61165452", "Marina Sanz-Mart\u00edn": "Q61249213", "Paula Kivimaa": "Q61838567", "Li-Ping Tang": "Q61866542", "Francesca Prignano": "Q61918914", "Nadayca Thayane Bonani Mateussi": "Q61959040", "Silvia Rueda": "Q62052266", "Gabriela Casta\u00f1o-Meneses": "Q63065116", "Johanna Folk": "Q63145674", "Debbie Jarvis": "Q63379633", "Anna Bartkiewicz": "Q63381115", "Ana M.C. Faria": "Q63430625", "Sophie Uyoga": "Q63636420", "Pia von Blanckenburg": "Q63860117", "Joanna Mazur": "Q63920235", "Jenny Bergqvist": "Q64005030", "Vittoria Perrotti": "Q64005056", "Lidwien AM Smit": "Q64005972", "Agata Matejuk": "Q64006544", "Elena Olea": "Q64010357", "Jolanda de Vries": "Q64030559", "Nadia Sawicka-Gutaj": "Q64175163", "Annamaria Brioli": "Q64225506", "Marie Vidailhet": "Q64780119", "Federica Legger": "Q64785480", "Chayanit Asawatangtrakuldee": "Q64855884", "Ma\u0142gorzata Anna Janik": "Q64856587", "Andrea Merli": "Q64858251", "Lucrezia Stella Bruni": "Q64861034", "Isabel Correas": "Q64877222", "Fabiola Martin": "Q64918256", "Daniela Converso": "Q64977898", "Julie Auger": "Q65442469", "Catherine Owen": "Q65515997", "Anja Divljan": "Q66121523", "Ewa Stasiak-Jazukiewicz": "Q66133620", "Riikka M\u00f6tt\u00f6nen": "Q66211966", "Maria Debiec-Rychter": "Q66809340", "Elena Bessonova": "Q67123538", "Veronique Boisvert": "Q67482673", "Tatiana Davydova": "Q67685963", "Asha Janadaree Dissanayake": "Q69267210", "Carolien Kroeze": "Q69275886", "Norine W. Yeung": "Q69497391", "Anais Malpica": "Q69964105", "Lynn Morris": "Q70377150", "Maria De Lourdes Polizeli": "Q70869112", "Aline Pedroso Lorenz-Lemke": "Q71755302", "Maria Luisa Garr\u00e8": "Q72529975", "Catherine Kendall": "Q73099023", "Jana Mare\u0161ov\u00e1": "Q73660432", "Maria Kukley": "Q73744510", "Marie-Charlotte Nilsson": "Q74285359", "Barrie Johnson": "Q76578947", "Katarzyna Chawarska": "Q77369068", "Martha Lydia Mac\u00edas-Rubalcava": "Q79412386", "Justyna Zi\u00f3\u0142kowska": "Q80117303", "Karin Odelius": "Q80169529", "Larraitz Zumeta": "Q81521486", "Anna Colaleo": "Q82194285", "Francesca Martinelli": "Q82315606", "Suzimara Rovani": "Q82594376", "Michalina Dabrowska": "Q82909499", "Anna Ku\u017aniar": "Q83224615", "Kristina Glebova": "Q84152252", "Irina Lyapun": "Q84584523", "Camila Celeste Brand\u00e3o Ferreira Itavo": "Q85316627", "Judith M Bliss": "Q85372763", "Ma\u0142gorzata Stefa\u0144ska": "Q85484799", "El\u017cbieta Kozak-Szkopek": "Q85768517", "Marta Kasprzyk": "Q85890767", "Cordelia Selomulya": "Q85989440", "Jessica A M Cappelletto": "Q86205126", "Maria Giovanna Ciliberti": "Q86254239", "Lucie Ke\u0161nerov\u00e1": "Q86595133", "Raphaela Schwentner": "Q86823360", "J\u00f3zefa D\u0105bek": "Q86832628", "Christina C Wee": "Q86846074", "Sara A Quandt": "Q87090318", "J\u00falia Carina Niemeyer": "Q87132969", "Sarah Kinston": "Q87617277", "Roberta Castriconi": "Q87650699", "Lisa van der Lee": "Q87676388", "Alessandra Pacini": "Q87692377", "Darya Skuratovskaya": "Q87712582", "Nezahat Kurt": "Q87814275", "Isabel Cristina Celerino de Moraes Porto": "Q87814835", "Justyna Kobos": "Q87946753", "Valentina Emiliani": "Q88085426", "Karen B Hirschman": "Q88174361", "Renu Virmani": "Q88208229", "Kerstin Jurk": "Q88215920", "Julie M Ray": "Q88219860", "P\u00e4ivi Polo-Kantola": "Q88221985", "Erna Kentala": "Q88239653", "Francesca Mori": "Q88281429", "Eleanor Dunlop": "Q88367168", "Ada Clarice Gastaldi": "Q88369698", "Zoya Ignatova": "Q88401015", "Esme Moniz-Cook": "Q88416002", "Dorota Trzybulska": "Q88420598", "Nissaf Ben Alaya": "Q88458724", "Yolanda Ribas": "Q88654763", "Eva Gin\u00e9": "Q88697783", "Kate\u0159ina \u0158eho\u0159ov\u00e1": "Q88797607", "Maria do Desterro Mendes dos Santos": "Q88841118", "Saowaluck Tibpromma": "Q88854668", "Yan-Feng Han": "Q88860331", "Jackie Keenan": "Q88912449", "Jennifer L Goldman": "Q88992146", "Valerie Wilson": "Q89021019", "Eunok Jung": "Q89097110", "Janet L Stanford": "Q89339861", "Lauren Tompkins": "Q89438858", "Christine Scoffoni": "Q89439164", "Beata Tatarowska": "Q89533965", "Dana Rezazadegan": "Q89626105", "Jennifer Huberty": "Q89626141", "Belgin Erhan": "Q89690164", "Margaret M Cortese": "Q89695802", "Anna J Jasinska": "Q89768642", "Jana Kasparkova": "Q89910549", "Jennifer Beth Gordetsky": "Q89949216", "Silvia Turroni": "Q90119171", "Eleanor Herbert": "Q90167669", "Anna R Giuliano": "Q90474039", "Michal Shteinberg": "Q90539693", "Deepshikha Gupta": "Q90585596", "Roberta Budriesi": "Q90597214", "Laura Smith": "Q90597868", "Julia Cusano": "Q90648900", "Hannamari V\u00e4limaa": "Q90832248", "Anne M Remes": "Q90973140", "Maria De-Arteaga": "Q91250380", "Valentina Canuti": "Q91538286", "Isabella Ryan": "Q91608618", "Ana Carolina Vicente": "Q91807267", "Patricia A Peyser": "Q91917947", "Iwona Gorczyca-Michta": "Q91947590", "Jeanette M Stafford": "Q91980696", "Irene Paraboschi": "Q91995696", "Marine Fau": "Q92109304", "Giovanna Rosone": "Q92162852", "Anna K Frank": "Q92173292", "Jeanette Eckerblad": "Q92309362", "\u00d6zlenen \u00d6zkan": "Q92647635", "Beata Wysok": "Q94448441", "Aurora Marr\u00f3n-Becerra": "Q96166165", "Teresa Zalewska": "Q96211035", "Diana Dryglas": "Q97371778", "Helen P-S. Wong": "Q97647023", "Halina Wid\u0142a": "Q98216028", "Ina Blau": "Q98661072", "Christina Egger": "Q99485273", "Fl\u00e1via Florentino Varella": "Q103585023", "Gen-Nuo Wang": "Q103995341", "Olga Utrilla": "Q104248056", "Raquel Aparecida Ferreira": "Q104499555", "Janet E. Seger": "Q105336908", "Irma Viktorovna Issi": "Q105603761", "Michele C. Nether": "Q105725247", "Barbara Klugman": "Q106205582", "Elaine Albuquerque": "Q106643149", "Aimee Gogan": "Q107597599", "Kristina M. De Voe": "Q107598015", "Francisca M. Garay Walls": "Q108887112", "Rita de C\u00e1ssia Moreira de Souza": "Q110172686", "Vickie Hovane": "Q110198606", "Neval G\u00fcne\u015f \u00d6zkan": "Q110700054", "Nuran \u00d6zlem Y\u0131ld\u0131z": "Q110751373", "Maria C\u00e9lia Lima-Hernandes": "Q111036469", "Magdalena Paluszkiewicz-Misiaczek": "Q113136580", "Yong-Hui Wang": "Q116214132", "Katarzyna Szczepa\u0144ska-Woszczyna": "Q116222785", "Ewa Solarczyk-Ambrozik": "Q116250244", "Monique H\u00f6lting": "Q119122956", "Sanna Nyqvist": "Q119950116", "Giorgina Bernasconi": "Q123459850", "Emma Timewell": "Q123623196", "Anusha Rai": "Q123738374", "Susanne Otto": "Q123857463", "Ya-Ya Chen": "Q124286729", "Roberta Freitas": "Q126101678", "Caitlin Reddy": "Q126112713"}