{"Consuelo Garc\u00eda Meijide": "Q65666175", "Amelina Ermeline Devant-Le Gallena": "Q105757789", "Barbara Czarnowska": "Q11687343", "Luise Hartnack": "Q43667095", "Anna Blaudzun": "Q127947113", "Frida Winckelmann": "Q16064512", "Anna G\u00f6tze": "Q18616326", "Anna Schumann": "Q127947174", "Cato Kuijken-van den Eijnde": "Q109450793", "Anna Mesmer": "Q127226881", "Karla Ra\u0161\u00ednov\u00e1": "Q124987701", "Elisabeth Kuznitzky": "Q1330079", "Frida Meinhardt": "Q59653259", "Titia Gerardine Gorter": "Q28064406", "Charlotte Elisabeth Fentener van Vlissingen": "Q28064020", "Odile Moereels": "Q105076462", "Julie Abegg": "Q127947096", "Emma Elison": "Q127947125", "Catherine Krieps-Welbes": "Q87611472", "Henriette Moriam\u00e9": "Q3132483", "Elisabeth B\u00e4umlinger": "Q127947105", "Rosa Janku": "Q110025920", "Julie Majer": "Q1712184", "Anna Bertha K\u00f6nigsegg": "Q1597759", "Anna Beuthke": "Q124694124", "Margarete Kennecke": "Q127947138", "Abelone M\u00f8gster": "Q707185", "Henriette Wagner": "Q96057346", "Bep Boon-van der Starp": "Q28064075", "Marie Soboul": "Q56695676", "Therese K\u00fchner": "Q115706880", "Coba Pulskens": "Q18612651", "L\u00e9onie de Ganay": "Q67530404", "Luise Meier": "Q1876643", "Else Woicziech": "Q127947186", "Juliana Wilhelmina Dessauvagie-van der Noordaa": "Q124623924", "Maria Magdalena Weinmann": "Q115590291", "Margaretha Adam": "Q127947097", "Auguste Hetkamp": "Q18684149", "Else Imme": "Q113283", "Maria K\u00fchne": "Q1896068", "Johanna Antonia Maria Bartels-Striethorst": "Q87110456", "Maria Josephina Geerinckx": "Q111018804", "Sofie Mende": "Q127947154", "Johanna Marum": "Q94772583", "Nel Wateler": "Q118144423", "Stien van Bilderbeek": "Q2593104", "Petronella Elisabeth Brugsma": "Q28064386", "Consuelo Alba Dig\u00f3n": "Q61062101", "Anna Drach": "Q130232646", "Dieuwtje van Vliet": "Q55861106", "Maria Jankowski": "Q98831535", "Hildegard Margis": "Q1618351", "Frida Wesolek": "Q99797", "Elsa Chotzen": "Q94764130", "Lammerdina Holst": "Q25171103", "Emma Beier": "Q127947107", "Sofie Schlegel": "Q127947172", "Ren\u00e9e Jacqmotte": "Q3427151", "Louise Derache": "Q98734666", "Sara Blomkwist": "Q124768533", "K\u00e4te Agerth": "Q124545039", "Johanna Theodora Frederica Gorter": "Q28064024", "Therese Wittrock": "Q2419635", "Elisabeth Boon-Mees": "Q126160467", "Theodora Versteegh": "Q23835815", "Elsa Danhofer": "Q127947120", "Maria Hilfrich": "Q94772843", "Maria Stein": "Q111577000", "Henriette Guiral": "Q108528892", "Derkje Hazewinkel-Suringa": "Q19720792", "Klara Krall": "Q109851657", "Maria Clasina Zegwaart-de Korte": "Q124746594", "Kate\u0159ina He\u0161ov\u00e1": "Q117708351", "Judith Gram Skarland": "Q114320672", "Ana Maria Bidegaray": "Q64816688", "Coraline Labourdette": "Q105757897", "Marie-Louise Meunier": "Q122207953", "Elisabeth Keers-Laseur": "Q2206761", "Clara Sahlberg": "Q1095236", "Pieternella Ketel": "Q110032383", "Josephine Jaans": "Q51954657", "Maria Snel": "Q109197027", "Marie Roserot de Melin": "Q107447826", "Johanna Niederhellmann": "Q1696990", "Agnes Wendland": "Q394661", "Marie Plei\u00dfner": "Q1897458", "Gertrude van Tijn": "Q28064096", "Rika van der Lans": "Q20031879", "Jenny Gertz": "Q94743598", "Eelkje Hiemstra": "Q28064348", "Juliette Buffet": "Q111597837", "Odile Henri-Ovart": "Q108667580", "Martha Schwartz": "Q125747495", "Marie Heisig": "Q114029786", "Luise Graf": "Q127947131", "Cornelia Johanna van den Berg-van der Vlis": "Q2476425", "Immigje Kiers": "Q13731905", "Mathilde Klose": "Q8085571", "Anamarija Basch": "Q106412833", "Erna Gentsch": "Q127947128", "Auguste Guttmann": "Q110065169", "Anne-Marie des Prez de La Morlais": "Q113090053", "Ida Wolff": "Q1656554", "Eug\u00e9nie Camphin": "Q110930695", "Aafje Dell": "Q55861105", "Charlotte Adel": "Q127947098", "Emilie Pech\u00e1\u010dkov\u00e1": "Q123335789", "Elisabeth Bruhn": "Q1329824", "Marie Anne Tellegen": "Q3181404", "Mina Amann": "Q15450506", "Walter Rad\u00fce": "Q43678698", "Jantina Henderika van Klooster": "Q19756173", "K\u00e4the Seitz": "Q96050298", "Marianne Hapig": "Q44528742", "Jet Haak": "Q118144737", "Anna Maria Antonia van Velzen": "Q28064400", "Germaine Vogel": "Q113464189", "Gertrud Staewen": "Q1515697", "Klara Schabbel": "Q100437", "Hendrika Blokland-Pater": "Q87110469", "Marie-Th\u00e9r\u00e8se de Poix": "Q42887213", "Jobs van Laar": "Q117224163", "Marie D\u0159evoj\u00e1nkov\u00e1": "Q115242568", "Pilar Fern\u00e1ndez Seijo": "Q98069704", "Elisabeth Hermsen": "Q110031821", "Charlotte Baumgarten": "Q127947103", "Luise Pakull": "Q127947161", "Jeanne Letourneau": "Q67174852", "Hermine Zlatnik": "Q114340165", "\u00c4nne Meier": "Q255271", "Johanna Engelberta Kuiper": "Q28064173", "Elisabeth Pungs": "Q1330188", "Jeanne Goupille": "Q27147438", "Louise D\u00fcnninghaus": "Q127947122", "Jantje van Aalderen-Koster": "Q5351199", "Irmgard von Witzleben": "Q1001025", "Olga B\u00f6hm": "Q127947114", "W\u0142adys\u0142awa Zielieniewska": "Q112730973", "Wilhelma Gaertner": "Q127947126", "Clara Asscher-Pinkhof": "Q1095150", "C\u00e4cilie Zinner": "Q114339489", "Johanna Eekman": "Q104543376", "Anna Stadler": "Q61993495", "Cornelia Kossen": "Q28064349", "Brecht Willemse": "Q2105018", "Frieda Koschmieder": "Q127947143", "Maria Fischer": "Q15811259", "Elisabeth Mill": "Q18684261", "Isa Gruner": "Q1673342", "Katharina Peters": "Q127947164", "Marianne P\u00fcnder": "Q61719043", "Anna Sofia B\u00f6hmerwald": "Q108828219", "Frieda N\u00f6dl": "Q59653266", "H.J. van Nijnatten-Doffegnies": "Q28064146", "Suzanne Bougeard": "Q104162036", "Henriette de Ganay": "Q67202638", "Ir\u00e8ne Chiot": "Q62654628", "Anna Zammert": "Q563673", "Gretha Schellworth": "Q127947170", "Leopoldine Padaurek": "Q102188872", "Marie Anne Stephan": "Q108321073", "Erna Lugebiel": "Q1356091", "Marie Moravcov\u00e1": "Q12035439", "Elisabeth Str\u00fcnck": "Q127947179", "Anneliese Hoevel": "Q28465135", "Maria Verhoeven": "Q106370859", "Oda Bj\u00f8rnholt": "Q62081321", "Claire Duysburgh": "Q22955294", "Ruschka Lenz": "Q94757558", "Dorothea Hoffmann": "Q94757635", "Gertrud Frank": "Q94758367", "Maria Krassnigg": "Q110969685", "Josefine Ziehensack": "Q114300495", "Germaine de Renty": "Q124373312", "Johanna Bauersch\u00e4fer": "Q127947101", "Margarete Elchlepp": "Q127947124", "H\u00e9l\u00e8ne Pilatte": "Q116232742", "Madeleine Cl\u00e9ment": "Q47107820", "Lina Proksch": "Q124365560", "Elisabeth Gro\u00df": "Q19279060", "Lies Odinot-Pruis": "Q122148302", "Auguste Haase": "Q766560", "Elka Schrijver": "Q62035030", "Martina van Deth": "Q1944800", "Emma Gumz": "Q1338034", "Jeanne Rousson": "Q61422799", "Suzanne Last": "Q129832435", "Catharina Pakvis": "Q124804706", "Eva Hermann": "Q1379210", "K\u00e4te Laserstein": "Q94770104", "Nel Meijer": "Q124218646", "Donata Helmrich": "Q27862271", "Frieda Kr\u00fcger": "Q1456347", "Susanne Allacher": "Q118984283", "Emma Hutzelmann": "Q115055550", "H\u00e9l\u00e8ne Elka Lola Schlepianoff": "Q50379805", "Alice Rels": "Q22955310", "Coba Veltman": "Q53252639", "Dien Veenendaal-Meurs": "Q66123502", "Sophie Kwaak": "Q19802264", "Emilie von Loe": "Q113787160", "Marcelle Bidault": "Q84184167", "Germaine Gu\u00e9rin Dirique": "Q3104187", "Suzanne Moons": "Q3506010", "Anna Jir\u00e1skov\u00e1": "Q114896024", "Dolores Garc\u00eda Echevarrieta": "Q114857709", "Renny van Ommen-de Vries": "Q117088873", "Dagmar Abrahamsen": "Q129670489", "Anna Heringa-Jongbloed": "Q87200151", "Giovanna Boccalini Barcellona": "Q122789694", "Louise Denise Damasse": "Q26837451", "Annie Post": "Q95612925", "Ida Sterno": "Q3147768", "Anna Rathmann": "Q127947167", "Bertha Sch\u00e4fer": "Q827567", "Anni Haider": "Q111579708", "Cl\u00e4re Quast": "Q1103866", "Jeanne Laurent": "Q3176091", "Viktoria H\u00f6sl": "Q2524508", "Ilse Kassel": "Q1345123", "Jo de Vries": "Q124888977", "Leopoldine Ankerl": "Q121367023", "Ilse Barea-Kulcsar": "Q1390965", "Maria Suzanna Willinge-Sligcher": "Q22343445", "\u00c4nne Saefkow": "Q255276", "Berta Ehrlich": "Q127947123", "Maria Peskoller": "Q66085472", "Charlotte Uhrig": "Q94758066", "Terezija Urbancic": "Q114356819", "Maria Schmidt": "Q64267088", "Brynhild Str\u00f8m": "Q11962449", "Herta Gr\u00e4f": "Q127947130", "Marcelle Dorr": "Q111272415", "Rachel Neter-Montanhes": "Q124737313", "Anna Griese-Goudkuil": "Q2263968", "Jetty Cantor": "Q2787514", "Yvonne Curvale": "Q62996642", "Manuela L\u00f3pez Su\u00e1rez": "Q110551417", "Therese Brinkmeier": "Q127947116", "Charlotte V\u00f6tter": "Q127947183", "J.H. Cieraad": "Q105964091", "Katharina Staritz": "Q1280232", "Wilhelmina Roelofsen": "Q110002817", "Marianne Latoschinski": "Q127947145", "Margarete Merker": "Q55856364", "Elsa Arnold": "Q1333384", "Elfriede Tyg\u00f6r": "Q1328674", "Lena Bagmeijer-Krant": "Q117069397", "Elisabeth Charlotte Gloeden": "Q91347", "Anna Cadia": "Q113354616", "Hildegard Jacoby": "Q1618336", "Elsie K\u00fchn-Leitz": "Q17353122", "Fran\u00e7oise P\u00e8ne": "Q67201352", "Everardina Wilhelmina Hoetink": "Q28064088", "Elisabeth Grabs": "Q127947129", "Jo Heinsius": "Q106474084", "Louise Losserand": "Q109252587", "Annedore Leber": "Q565989", "Edith Wolff": "Q1285213", "Natalia Hiszpa\u0144ska": "Q11789966", "Juliette Vidal": "Q69883678", "Madeleine Sorel": "Q3275738", "Rose Ollendorff": "Q127947160", "Emilie Barto\u0148ov\u00e1": "Q115172914", "Maria Berner": "Q111579980", "Mary Lippens": "Q2253031", "Francia Gr\u00fcn": "Q104686205", "Erika von Tresckow": "Q127947181", "Gertrud Rosenmeyer": "Q127947169", "Hanna Van de Voort": "Q2483436", "Klara Stoffels": "Q20182993", "Ernie Reitz": "Q87270666", "Grete Noetzel": "Q94757949", "Liddy Pientka": "Q94757992", "Alpidia Garc\u00eda Moral": "Q109518479", "Hildegard Burger": "Q107291655", "Luise Bittner": "Q127947112", "Lucienne Laurentie": "Q116458560", "Susanne Witte": "Q101435481", "Anny Blau": "Q87610368", "Marie Brad\u00e1\u010dov\u00e1": "Q107782421", "Betty Bergen": "Q113508610", "Emmy Rutten-Broekman": "Q4800553", "Martha von Ceminski": "Q127947119", "Else Megelin": "Q56986293", "Madleen Pechel": "Q29317711", "Nelly de Bode": "Q117069451", "Leonora Josephus": "Q110844588", "Elisabeth Paetel": "Q55858332", "Hermine Dirmhirn": "Q108001016", "Carmen Orozco Mu\u00f1oz": "Q109810750", "Pilar Ponz\u00e1n": "Q114704149", "Judith Mendels": "Q28064107", "Marie-Antoinette Gout": "Q109515952", "Monique de Selys Longchamps": "Q4989093", "Odette Pilpoul": "Q3349196", "Jikke Ozinga": "Q2545170", "Johanna Adriana Ader-Appels": "Q2445018", "Else Klopsch": "Q127947139", "Christine Schmotzer": "Q127947173", "Bets Gootjes": "Q47545039", "\u00c4nne Kappius": "Q127947137", "Emilie Schmitz": "Q87612571", "Liselotte Pereles": "Q127947163", "Christiane Moreau": "Q113453676", "Marie \u0160kardov\u00e1": "Q100891226", "Klara H\u00e4hnlein": "Q55768000", "Geeske Helberg": "Q127947134", "Zdenka Pakov\u00e1": "Q106962498", "Rita Sprengel": "Q94737799", "Eva von Heeringen": "Q94767969", "Nelly Huri": "Q114685100", "M.G. Schenk": "Q28064374", "Josefa Boholle": "Q127947115", "Agneta von Barkow": "Q127947100", "Suzanne Roubaud": "Q51954658", "Alice Cheramy": "Q108620762", "Antoinette Reille": "Q76435807", "Else Zimmermann": "Q1333749", "Lisel Paxmann": "Q119856777", "Luise Oehl": "Q94777780", "Loes van Overeem": "Q2680542", "Antonie Lehr": "Q111579714", "Cis Suijs": "Q118145215", "Caroline Hofmann": "Q127947136", "Rosa Opitz": "Q110549443", "Helene Hannemann": "Q120667391", "Th\u00e9r\u00e8se Nichterwitz": "Q63451117", "Melanie Steinmetz": "Q127947177", "Th\u00e9r\u00e8se Chassaing": "Q56817009", "Fran\u00e7oise Leclercq": "Q80763335", "Willy Westerweel": "Q2429600", "Auguste Breitzke": "Q766175", "Marianne Monestier": "Q62391420", "Rie Lips-Odinot": "Q2509822", "Louise Moor": "Q107622140", "Antoinette Labisse": "Q2194611", "Barbara von Haeften": "Q94742702", "Anna Zerr": "Q127947187", "Dorothea Stutkowski": "Q97466165", "Ida F\u00fcrnbergov\u00e1": "Q104656615", "Frantxia Haltzuet": "Q111033181", "Luise L\u00fcbeck": "Q127947150", "Johanna Slagter-Dingsdag": "Q28973719", "Louise de Landsheere": "Q11298630", "Rose Hirsch": "Q28064175", "Teresa Carb\u00f3 Comas": "Q11951583", "Tiny Boosman-van Delft": "Q118145176", "Stefanie Kunke": "Q20065382", "Frieda Arnheim": "Q104532720", "Antoinette G\u00e9rard": "Q18121470", "Marie Pavlasov\u00e1": "Q116158926", "Anna Beyer": "Q559741", "Jeanne Julie Bouillane": "Q105192869", "Centa Beimler": "Q29000918", "Anna Wendel": "Q114030660", "C\u00e4cilia Andrejowitsch": "Q121361401", "Frida Winkler": "Q110006630", "Erna Brzezek": "Q127947118", "Neeltje Krijthe": "Q110845301", "Marcelle Baron": "Q118948462", "Anni Wadle": "Q85950347", "Sigrid Heide": "Q94445470", "Felicie Perelman": "Q3092277", "Yvonne Fili\u00e2tre": "Q60184999", "Ilse Demme": "Q42534559", "Dorothea Irene de Vries": "Q124889362", "Alice Ferri\u00e8res": "Q56309132", "Valentine Ployart": "Q108300609", "Marie Clausse": "Q62008309", "Leonie Behrmann": "Q127947106", "Helga Maria zu L\u00f6wenstein-Wertheim-Freudenberg": "Q52146912", "Eva Lewinski": "Q94752283", "Julia Pongracic": "Q94769346", "Luise Reiter": "Q94772824", "Josefa Barreiro Gonz\u00e1lez": "Q113565334", "Nelly Gorce": "Q67198764", "K\u00e4the Tucholla": "Q1488973", "Fokje Bleeker-Dijkstra": "Q2211770", "Rosa Eberhard": "Q66085477", "Josefa Escourido Cobo": "Q29275314", "Amalie Brust": "Q63486006", "Carola Karg": "Q97656419", "Elfriede L\u00f6hr": "Q127947149", "Hedwig Urach": "Q1593453", "Lilli Michalski": "Q127947155", "Margit Czernetz": "Q111569098", "Odette Elina": "Q89477308", "Odette Fabius": "Q28030721", "Liesbeth Rose": "Q19279068", "Julia op ten Noort": "Q2493351", "Ida Margulies": "Q59653277", "Ren\u00e9e Langlet": "Q72314170", "Irma Hirsch": "Q106870919", "Amanda Schild": "Q127947171", "Christina Maria Smoorenburg": "Q124736144", "Hanna Herz": "Q94758574", "Anna Hand": "Q111579696", "Ivanka Mua\u010devi\u0107-Nikoli\u0161": "Q12752152", "Marie-Rose Gineste": "Q107291656", "Elise Binard": "Q3051115", "Klaartje de Zwarte-Walvisch": "Q24058840", "Fanny Germeau": "Q110843653", "Doris Maase": "Q1245245", "Lucienne Cl\u00e9ment de l\u2019\u00c9pine": "Q63978261", "Mathilde Dardant": "Q23765670", "Grada van Horen": "Q118145118", "R\u00e9gine Karlin": "Q16246535", "Madeleine Jeudi": "Q51131274", "Lotti R\u00f6ell": "Q2347197", "Elisabeth Keesing": "Q2364762", "Fanny Wiesenfeld": "Q127947185", "Gerda Mez": "Q110846431", "Lucienne Welschinger": "Q84080188", "Arentje Margrieta Henstra": "Q28064017", "Simone Hirschler": "Q111016944", "Elisabeth Goes": "Q1329939", "Sophia Boerma": "Q109987532", "Ilse Stillmann": "Q127947178", "Grietje Doele-Bokma": "Q26035008", "Vukica Mitrovi\u0107": "Q1564482", "Paule Mevisse": "Q123149242", "Vera Gorbacheva": "Q4143600", "Corinne Marie Louise Pardede-baronesse van Boetzelaer": "Q28064031", "Gertrud P\u00f6tzinger": "Q127947166", "Esther Poggio": "Q109406143", "Elli Voigt": "Q1332129", "Martha Butte": "Q111474964", "Lucie Deltour": "Q87262209", "Maria Olip": "Q110220296", "Mathilde Filloz": "Q99654412", "Puck Stoffels": "Q118144207", "Mala Kriegel": "Q59588706", "Frieda Melzen": "Q127947153", "Irma G\u00f6tze": "Q121461807", "Eugenie Nobel": "Q127947159", "Hermine Jursa": "Q94622727", "Ilse Unterd\u00f6rfer": "Q127947182", "Erna Kolthek": "Q127947142", "Irene Yorck von Wartenburg": "Q1333648", "Maria Doriath": "Q67324148", "Helga Rossow": "Q94735031", "Hilda Bongertman": "Q4783412", "Atie Siegenbeek van Heukelom": "Q2782762", "Sonja Coucheron": "Q48975751", "Adelheid Zauner": "Q114273171", "Olga Tournade": "Q118386294", "Hildegard Schimschok": "Q1406790", "Th\u00e9r\u00e8se Stutzmann": "Q107877910", "Lydia Winkel": "Q18059134", "Elisabeth Ostermeier": "Q1267308", "Lucette Pla-Justafr\u00e9": "Q19300907", "Marie-Louise Fabre": "Q117717075", "Annie van Ommeren-Averink": "Q5341418", "Gabrielle Martinez-Picabia": "Q79800420", "Suzanne Lanoy": "Q58213356", "Anna Schweppe": "Q15438844", "Luise Rieke": "Q88594032", "Erika Plettl": "Q127947165", "Ruth Wendland": "Q2177792", "Paula Augustine Binder": "Q111580105", "H\u00e9l\u00e8ne Kro": "Q1566769", "Tilly de Vries": "Q124719915", "Gerda Boenke": "Q1510954", "Nel Lind": "Q19587834", "Alice Faur\u00e9": "Q122615581", "Florinda Guti\u00e9rrez Alba": "Q61062106", "Huguette Wahl": "Q63253105", "Antonina  Konjakina-Trofimova": "Q111153500", "Ida Marie \u0160umov\u00e1": "Q111669208", "Henriette de Mornac": "Q110842679", "Cobie Douma": "Q59617560", "Raymonde Fiolet": "Q124054381", "Anne-Marie Menut": "Q52525703", "Hermina Schreurs": "Q19587668", "Hilde Berger": "Q1563231", "Agn\u00e8s de Beaufort": "Q125625642", "Jet van Oijen": "Q109857656", "Dragica Hotko": "Q116952049", "Anneke Fels-Kupferschmidt": "Q17351317", "Gerd Pettersen": "Q28718336", "\u0110uka Dini\u0107": "Q4161934", "Trui van Lier": "Q2309441", "Jacqueline Saveria": "Q56309622", "Anna-Maria Lucko": "Q94757819", "Irmgard Konrad": "Q94774976", "Alida Gonz\u00e1lez Arias": "Q113643871", "Mien Harmsen": "Q117187287", "Ada van Rossem": "Q2696526", "Chaja Karaulnik": "Q107839555", "Hildegard Arnold": "Q30527178", "Genevi\u00e8ve Bousquet": "Q113990408", "Ruth Zerner": "Q114299707", "Erna Gehrmann": "Q127947127", "Letty Rudelsheim": "Q2794575", "Marcelle Devilliers": "Q28222985", "Trijntje Kunnen": "Q125623316", "Yvonne Noutari": "Q108572291", "Elisabeth Warnon": "Q3315364", "Fanny Loinger": "Q55590245", "Auguste Bailly": "Q119018164", "Martha Neuffer": "Q127947157", "\u00c9lisabeth de Miribel": "Q3587936", "Lise Fougner": "Q19379517", "Renard Paule": "Q109367155", "Hella Olstein": "Q115973104", "Hermance de Vries-van den Wall Bake": "Q110155423", "Gertrud M\u00fcller": "Q88489173", "Jos\u00e9phine Welu-Scherer": "Q87263890", "Irma Sara Seelig": "Q125623235", "Colette Cassignol": "Q55135913", "Denise Lambrecht": "Q112236559", "Hetty van Klaveren": "Q29867829", "Margarete Zimbal": "Q127947188", "H\u00e9l\u00e8ne Cogoluegnes": "Q59263305", "Marie Dubsk\u00e1": "Q125580185", "Anna Pr\u00f6ll": "Q563015", "Karoline Adel": "Q127947099", "Mimi de Vries": "Q22582378", "Hester van Lennep": "Q2918619", "Alice Gillig": "Q83832570", "Alice Licht": "Q127947147", "Ilse Grubitz": "Q127947132", "Elizabeth Binkhorst": "Q110030120", "Anne Maclaine Pont": "Q86914915", "Els Boon": "Q20820460", "Jeanne Roos": "Q1857805", "Annie de Waard": "Q87986584", "Susanne Sophia Maria Arts": "Q28064317", "Jadwiga Dzieko\u0144ska": "Q11715871", "Mirjam Pinkhof": "Q1938236", "Mientje ten Dam-Pooters": "Q22998863", "Andr\u00e9e Gabrielle Lesimple": "Q117192887", "Raymonde Rolly": "Q73235700", "Betty Trompetter": "Q2589281", "Clara Corita Kok-van Alphen": "Q65849730", "Gr\u00e9 Visser": "Q43902427", "Joukje Smits": "Q18655460", "Elly Nauta-Moret": "Q2463408", "Dinie Aikema": "Q2619347", "Bep Turksma": "Q2408394", "Fransina Dingstee": "Q5387941", "Henriette Cohen": "Q64859778", "Jutta Dubinsky": "Q127947121", "R\u00e9gine Lemberger": "Q111235729", "B\u00e9 Ruys": "Q1019350", "Madeleine Dissoubray": "Q21648476", "Mirjam David": "Q47011679", "Elisabeth Waissnix": "Q98843010", "Marie Louwers": "Q110845900", "Monika Dymska": "Q11785110", "Rose Berger": "Q94764185", "Teresa Hoyos": "Q2404584", "Anny Royaux-Claeys": "Q50208919", "Trijntje Taconis": "Q15883039", "Olga Hudig": "Q126194039", "Celia Gonz\u00e1lez Pernas": "Q30608280", "Ilse Rewald": "Q1659197", "Ursula Beyer": "Q127947110", "Nina Baumgarten": "Q2660374", "Cornelia Wilhelmina Theresia Hoogensteijn": "Q28064320", "Jeanne Barnier": "Q68421540", "Lilyana Dimitrova": "Q12284903", "Gis\u00e8le Joann\u00e8s": "Q41673241", "Josefina Gonz\u00e1lez Cudeiro": "Q109811516", "Marie-Antoinette Papp\u00e9": "Q85621169", "Jacqueline Quatremaire": "Q122615098", "Willemijn van Gurp": "Q106016841", "Gerd Stub Andersen": "Q11971885", "Olga Waissnix": "Q98842841", "Titia Timmenga": "Q126363362", "Chen Ruoke": "Q112077677", "Katherine Zaleska": "Q107062456", "Libu\u0161e Nachtmannov\u00e1": "Q118496899", "Irene Walther": "Q111288565", "Tine Boeke": "Q110030230", "Jeanne Pauw van Wieldrecht": "Q62517965", "Betty Bausch-Polak": "Q23466599", "Rita Neumann": "Q127947158", "Edith West": "Q116052604", "Jan Dirk van Bilderbeek": "Q1982210", "Kek IJzerdraat": "Q18692819", "Ineke Boks": "Q115142777", "Marcelle Delaunay": "Q111781348", "Gis\u00e8le Saltet d'Alzon-Marad\u00e8ne": "Q65123130", "Mimi van den Hurk": "Q2364365", "Meinarda van Terwisga": "Q28064395", "Marianne van Raamsdonk": "Q118145080", "Josefa Gallego Abeledo": "Q29275308", "Noemi Szac-Wajnkranc": "Q119161482", "Johanna van Hellenberg Hubar": "Q3110699", "Betty Hirsch": "Q109942664", "Yvette Farnoux": "Q3574046", "Iet van Dijk": "Q105424322", "Mientje Proost": "Q18692842", "Renata Laqueur": "Q2143292", "Wilhelmina Elisabeth Sanderman-de Koning": "Q118120268", "Leonie van Harssel": "Q87576509", "Stephanie Eisler": "Q94731605", "Alice Gertrud Brunner": "Q118144915", "Miriam Cendrars": "Q59532567", "Adelina Garc\u00eda Casillas": "Q90405675", "Rosa Grossmann-Breuer": "Q111568958", "Margot Durrmeyer": "Q27707447", "Stijntje Pratomo-Gret": "Q2242197", "Barbara Reimann": "Q807597", "Brenda Marguerite Balfour": "Q75360576", "Noor Bons-Dekker": "Q123165061", "Mireille Lauze": "Q3315984", "Madeleine Loux": "Q113815267", "Kitty van der Have": "Q2391157", "Tove Manswell": "Q42041958", "Helga Beyer": "Q19285297", "Krystyna Wituska": "Q11748800", "Inga Madlung": "Q127947151", "Waltraud Blass": "Q1532862", "Lola Israelski": "Q63246749", "Mary Wiedemann": "Q2349999", "R\u00e9gine Krochmal": "Q3455497", "Gertrud Baumgartner": "Q127947104", "Maria Zellnig": "Q114276235", "Margaretha Dorothea Wigerink": "Q19756262", "Jet Berdenis van Berlekom": "Q2639558", "Dagmar Petersen": "Q122240654", "Riet Hoogland": "Q117952875", "Simone Schloss": "Q16262713", "Maud Williamson": "Q113999884", "Helen Colijn": "Q20017556", "Jacqueline Louise van der Aa": "Q124711582", "Juliette Caroline van der Steur": "Q28064346", "Pepita Carnicer": "Q114767369", "Ji Yun": "Q60994432", "Milma Broe": "Q62081255", "Hell\u0101 R\u00fbfayzn-\u0160\u00eepper": "Q95205674", "Anna Sabine Halle": "Q563130", "Neshka Goldfarb": "Q115858331", "Hansje Suermondt": "Q125731326", "Paulette Falbisaner": "Q113845418", "Veslem\u00f8y Kokkin": "Q96053071", "Maria de Meersman": "Q2348289", "Inge van Hardenbroek": "Q109450794", "Marie Blommaart": "Q73788232", "Ludmila Sm\u011bl\u00edkov\u00e1": "Q106783210", "Trude Simonsohn": "Q2456132", "Alice Zadek": "Q94653188", "Tiny Mulder": "Q2241444", "Diny Kagei-Clercx": "Q110629415", "Hansje van Loghem": "Q118144448", "Liliane Blondeau": "Q24040893", "Truus van Lier": "Q2515634", "Ren\u00e9e Peillon": "Q113169080", "Miep Koffrie": "Q62565724", "Fabienne Landy": "Q111817672", "Hildegard Bromberg": "Q127947117", "Ang\u00e8le Bettini del Rio": "Q117035358", "Elise Dammers": "Q124822357", "Hana Krupkov\u00e1": "Q47265914", "Simone Sauteur": "Q42529230", "Ronnie Goldstein-van Cleef": "Q2894394", "Jaco Stamperius": "Q126271271", "Marianne K\u00fcrschner": "Q127947144", "Jane Williamson": "Q113999958", "Geke Linker": "Q78362723", "Jefrosinika Michailovna Tkacova": "Q110186662", "Gisela S\u00f6hnlein": "Q78200775", "M\u00e9lanie Berger-Volle": "Q61919895", "Greta Tak-Bosboom": "Q111830316", "S\u00e9gol\u00e8ne Malleret": "Q117814261", "Laurette Demaret": "Q16262749", "Jette Hecht-Johansen": "Q62080605", "Uschi Rubinstein": "Q121856599", "Jutta Madlung": "Q127947152", "Leja Szyfman": "Q11753850", "Paule Bourguignon": "Q22955280", "Jannie Raak": "Q2269647", "Yvette Renac": "Q108006391", "Loulou Oderkerk": "Q123457084", "Edith Fraenkel": "Q104542845", "Lenie Kouwen-Dicke": "Q122936026", "Odette M\u00e9tais": "Q27206669", "Tineke Kroner": "Q66981509", "Mietje Bontjes van Beek": "Q1932240", "Vasilina Vorob\u010dukov\u00e1": "Q129177289", "Tineke Haak": "Q117083317", "Jantina Christina Langerhorst": "Q124728956", "Tineke Wibaut-Guilonard": "Q20204302", "Jos Gemmeke": "Q2321287", "Mink van Rijsdijk": "Q1981314", "Francine Matuchet": "Q112075136", "Petertje van den Hengel": "Q4617006", "Nicole Clarence": "Q96142924", "Anne Marie Vion": "Q108285202", "Andr\u00e9e Dumon": "Q16262799", "To Hudig": "Q126364114", "Paulette Sauboua": "Q50364851", "Hilde Kuhn": "Q114416345", "Edith Sparmann": "Q110187486", "Mary Vaders": "Q18655506", "Eryka Tyszko": "Q7944278", "Belinde M. Th\u00f6ne-Siemens": "Q15638299", "Simonne Brugghe": "Q1900797", "Leokadia Rowinska": "Q95202284", "Fran\u00e7oise Siefridt": "Q95204893", "Bronia Klibanski": "Q96758036", "Celina Johanna Kuijper": "Q13458635", "Wiesje Boonzaaijer": "Q56174841", "Gaby Wolff": "Q55740235", "Paulette Davin": "Q30152162", "Miep Oranje": "Q2265798", "Christiane Beaujolin": "Q43287028", "Ji\u0159ina Hrubanov\u00e1": "Q129177286", "V\u011bra Ku\u010derov\u00e1": "Q76479205", "Claude Chauvet": "Q50673009", "Dora Matthijsen": "Q126327204", "Hilde Gr\u00fcnbaum": "Q107485927", "Hannelore Willbrandt": "Q1441309", "Alice Hirsch": "Q33083652", "Lotte Rotholz": "Q21031843", "Janina Trojanowska-Zborowska": "Q11719878", "Jacqueline Teyssier": "Q98065186", "Georgette Blanchet": "Q47304033", "Anne-Marie van Oost": "Q92282904", "Annick van Hardeveld": "Q1947096", "Gis\u00e8le Giraudeau": "Q118287645", "Madeleine Aylmer-Roubenne": "Q94772849", "Ren\u00e9e Wiener": "Q95193631", "Jacqueline Bidegorri": "Q105898350", "Sylvia Ioannidou-Apostolidou": "Q108617833", "Helga Knoefel": "Q127947141", "Leonie van Rooij-Overgoor": "Q18655488", "Lisette Bolle": "Q27062791", "Helena Motyka": "Q118364071", "Hanna Podymachina": "Q95199718", "Jeanne Bleton-Barraud": "Q109251934", "Gerrie Welbedacht": "Q61741141", "Sieny Kattenburg": "Q125731327", "Barbara Szurig-Werner": "Q111468815", "Edith Weitzenov\u00e1": "Q113845676", "Diet Kloos-Barendregt": "Q19818901", "Louise van Santen": "Q52609297", "Jolande Gerardine Spangenberg": "Q47510516", "Budzimira Wojtalewicz-Winke": "Q19913135", "Mireille Albrecht": "Q21069334", "Loek Caspers": "Q66363349", "Truus Solleveld": "Q126903119", "Ada Goossens": "Q126374305", "Nina Gerasimova": "Q4136049", "Jeanne Dientje Woerdeman-Evenhuis": "Q2527332", "Jarom\u00edra Bachmanov\u00e1": "Q107504499", "Irena Filuk": "Q21293719", "Hetty van der Togt": "Q106024536", "Mirjam Ohringer": "Q1339825", "Christiane Cabal\u00e9": "Q110357401", "Hannelore Thiel": "Q124741773", "Rosine Bet": "Q117032100", "Zofia Zieli\u0144ska-Porayska": "Q24052959", "Signe Raassum": "Q12000361", "Hermine Schmidt": "Q95213236", "Domitila Guti\u00e9rrez Alba": "Q108143744", "Rose Jakobs": "Q28064225", "Aim\u00e9e Stitelmann": "Q78072194", "Hanna Kamieniecki": "Q96623349", "H\u00e9l\u00e8ne Jakubowicz": "Q20895003", "Jacoba Theodora van der Kun": "Q107013367", "Karin Friedrich": "Q1729434", "Anne-Marie Tr\u00e9gou\u00ebt": "Q124478994", "Gisela Mie\u00dfner": "Q127947156", "Carla Gastkemper": "Q118144966", "Herta Zorn": "Q114340613", "Yolande Theule-Bacquet": "Q63533895", "Maya Peglivanova": "Q28357148", "Marie-Louise Moru": "Q106601185", "Conchita Grang\u00e9 Beleta": "Q5781001", "Andr\u00e9e Duruisseau": "Q114079296", "\u017delm\u00edra Richtov\u00e1": "Q95166003", "Yvette Grollet-Briand": "Q42218701", "Jacqueline Vigne": "Q62560278", "Elisabeth Elsensohn": "Q111579752", "Nina Azolina": "Q4058441", "Louise Henri\u00ebtte van de Montel": "Q28064344", "Teresa Wilska": "Q9357380", "Alicja Czerwi\u0144ska": "Q7941444", "Janny Laupman": "Q47680178", "Alfr\u00e9da Bridoux": "Q55315995", "Tankie Roelofs-Leppink": "Q124255695", "Rachel Anbar": "Q118927174", "Michelle Puyrigaud": "Q108372321", "Maria Stypu\u0142kowska-Chojecka": "Q11769171", "Halina J\u0119drzejewska": "Q17544540", "Carmen Temprano Salorio": "Q28355696", "Gais Meinsma-Greydanus": "Q78372939", "Wilma Schuhmacher": "Q122258840", "Nina Baumstein": "Q96807672", "Wanda Garli\u0144ska": "Q108638570", "Milu\u0161e Kepkov\u00e1": "Q116200894", "Ziva Arbel": "Q12407221", "Maria Radomska": "Q11769112", "Jeannine Lejard": "Q114682789", "Zoharah Levyatov": "Q12407209", "Mar\u00eda Gallego Abeledo": "Q29275293", "Elisabeth Teske": "Q127947180", "Irena Schirt\u0142adze": "Q7943820", "L\u00e9once Descamps": "Q121160222", "Felicitas Baumann": "Q127947102", "Teresa Lewtak-Stattler": "Q7942829", "Gusta Olivier-Vonk": "Q50398551", "Vera Lesjak": "Q116952025", "Janina Suchorzewska": "Q106587770", "Yehudit Yehezkeli Galili": "Q107605897", "Ginette Marchais": "Q115740389", "Drahom\u00edra Vitvarov\u00e1": "Q107506743", "Alicia Rey Morales": "Q62988449", "Mar\u00eda Elia Topolansky": "Q62988139", "Yessie Macchi": "Q63068441", "H\u1ed3 Th\u1ecb K\u1ef7": "Q10772018", "Drahom\u00edra \u0160inoglov\u00e1": "Q11826325", "Mar\u00eda Isabel Salinas": "Q54666912", "Drahom\u00edra Venkrbcov\u00e1": "Q107506708", "Mar\u00eda V\u00e1zquez Blanco": "Q97218493", "Djignabo Badji": "Q3032952", "Estera Heiber-Fajersztejn": "Q3058929", "Balbina L\u00f3pez Roxo": "Q25510062", "Lucienne Gaillard": "Q27915674", "Josefa Ramiro Souto": "Q30608329", "Anne-Marie Bigot": "Q47075790", "Ntora Lelouda": "Q60752013", "Marthe Doutreligne": "Q61781021", "Anne-Marie Th\u00e9rond": "Q62750328", "Denise Le Flohic": "Q65037641", "Adeline Salom\u00e9-Finkelstein": "Q87749955", "Andr\u00e9e Dubos-Larouquette": "Q94633875", "Mies Nolte": "Q94636804", "Katarzyna Kazakowie": "Q95652528", "Janina Psujek": "Q95654985", "Anna Ko\u017ami\u0144ska": "Q95655061", "Elise Grandprez": "Q98735968", "Anne Brusselmans": "Q106612720", "Marie \u010cerm\u00e1kov\u00e1": "Q106784696", "Margreet van Konijnenburg": "Q108327310", "Johanna Schallschmidt": "Q110003394", "Trijntje van Keulen": "Q111832962", "Carmen J\u00e9rez Rodr\u00edguez": "Q112000894", "Gloria Blanco Di\u00e9guez": "Q113530358", "Anna Rousseau": "Q115766700", "Zwaantje Bosman": "Q118144947", "Wil Bexterman": "Q118399059", "Ad Groenendijk": "Q118464591", "Dirkje Inden-Reiss": "Q118716073", "Margarete von Trotha": "Q120405834", "Elfriede Altmann": "Q121345267", "Lore Durlacher": "Q123472957", "Rosalia Poropat": "Q124078819", "Celsa Arg\u00fceso Pardo": "Q124789113", "Miloslava Gschvindov\u00e1": "Q125580117", "Nannie Koetsier": "Q125625638"}