{"Erika K\u00e4ppa": "Q124337045", "Eli Kaldma": "Q124339297", "Annie Van de Wiele": "Q19947772", "Asta Tamre": "Q124327231", "Janina Kwa\u015bniewska": "Q11719834", "Ester Luiga": "Q16407032", "Urve J\u00fcrjo": "Q124322644", "Helle Hallika": "Q124324302", "Ave Org": "Q124305890", "Juta Lember": "Q12365598", "Linda Ashcroft": "Q6551384", "Claire Fountaine": "Q77970001", "Maire Ottoson": "Q124319189", "Manuela Mascia": "Q3845094", "Lilly Lipre": "Q124339383", "Paola Porta": "Q85876036", "Luisa Spanghero": "Q85873511", "Liis Koort": "Q124307527", "Tuuli Org": "Q124338098", "Hagar Zahavi": "Q121499638", "Rachel Kiel": "Q98539739", "K\u00fclli Haav": "Q124351145", "Sarah Young": "Q24049979", "Roberta Zucchinetti": "Q85877117", "Maiki Saaring": "Q124323726", "Maria Veessaar": "Q111357098", "Elisa Cecconi": "Q85868713", "Elisabet Llargu\u00e9s Masachs": "Q96354904", "Fujiko \u014cnishi": "Q65095852", "Merili Kuku\u0161kin": "Q18753381", "Marjaliisa Umb": "Q111432853", "Anthi Economou": "Q85865247", "Diana Neves": "Q19372506", "Justine Mettraux": "Q64590479", "Sveva Carraro": "Q85878095", "Megumi Komine": "Q65095849", "Raisa Chekashkina": "Q109412626", "Elise Umb": "Q111450407", "Lara Cacabelos": "Q12391609", "Annika Valkna": "Q111341774", "Lin Ea Cenholt": "Q57409279", "Kim Pletikos": "Q26934478", "Cecilia Zorzi": "Q3664125", "Joyce Floridia": "Q3810689", "Maelle Frascari": "Q85873833", "Marie Barru\u00e9": "Q55183237", "Veera Hokka": "Q125636409", "Brigita Viilop": "Q124844399", "Noa Lasry": "Q107534265", "S\u00e1ra Tkadlecov\u00e1": "Q127804842", "Teresa Romairone": "Q57839999", "Kate\u0159ina \u0160v\u00edkov\u00e1": "Q127804511", "Zosia Burska": "Q112498168", "Evie Haseldine": "Q121600234", "Florencia Chiarella Salas": "Q128073101", "Jaione Aiastui": "Q12260142", "Phillippa Hutton-Squire": "Q56742469", "Alberte Lindberg": "Q85864799", "Hannah Diamond": "Q85870724", "Buket Aslan": "Q87300371", "Shachar Reshef": "Q108254702", "Maya Morris": "Q114809875", "Lucie De Gennes": "Q122310248", "Erica Reineke": "Q123643717", "Mar\u00eda Cantero": "Q127917943"}