{"Adry de Carbuccia": "Q2825332", "Alice de Koenigswarter": "Q16526126", "Alida Kn\u00f6s": "Q50809167", "Amy Grothe-Twiss": "Q13429464", "Ana\u00efs Bosio": "Q19606366", "Anne Marie d'Hautefeuille": "Q18610735", "Antoinette de Loynes": "Q2856975", "Aurore Palin": "Q24681277", "Badia Kashgari": "Q86348278", "Berthe de B\u00e9hague": "Q2899292", "Berthe de Rayssac": "Q118137563", "Charlotte Embden": "Q19959360", "Christina af Geijerstam": "Q16594893", "Claire Lucie Mouradgea d'Ohsson": "Q24879232", "Claire de Maill\u00e9 de La Tour-Landry": "Q3040801", "Cl\u00e9mence Couve": "Q72858401", "Diane de Saint-Paul": "Q56316861", "Elena Stackenschneider": "Q89899354", "Elisabeth Stenius-Aarneenkallio": "Q5396609", "Emilia Llanos Medina": "Q30917902", "Emilie Vollm\u00f6ller": "Q1337355", "Emmy Drewsen": "Q41453558", "Esther Guimond": "Q122854157", "Fran\u00e7oise Catherine Th\u00e9r\u00e8se Boutinon des Hayes": "Q3086435", "Gesualda Malenchini": "Q18288596", "Hayat Abu al-Nasr": "Q46692367", "Helene von Lebbin": "Q1496592", "Henriette Fr\u00f6lich": "Q103035", "Hetta Treuberg": "Q1616282", "Ippolita Cantelmo Stuart": "Q3801711", "Jeanne-Monique des Vieux": "Q3175942", "Juliette Rostand": "Q21060935", "Laure Baign\u00e8res": "Q19279089", "Louise de Mirabeau": "Q119158341", "Louise de Montmorency-Logny": "Q75291356", "Louise \u00c9lisabeth Nicole de La Rochefoucauld": "Q88229902", "Lovisa Tawast": "Q4982147", "Lydie Lemercier de Nerville": "Q69971426", "L\u00e9onie Mols": "Q27824407", "Marcelle Dujarric de la Rivi\u00e8re": "Q3289548", "Maria Angiolillo": "Q3847109", "Maria Tegensch\u00f6ld": "Q4982237", "Marianne Camasse": "Q3291292", "Marie Double": "Q17157246", "Marie de Saint-Juan": "Q27493830", "Marie-Jos\u00e9phine de Comarieu de Montalembert": "Q3292009", "Marie-Louise Auget de Monthyon": "Q33141030", "Marie-Madeleine de Castille": "Q3292124", "Maryam al-Sayfi": "Q106469976", "Melchiore di Thorigny": "Q61957764", "Pauline de Beaumont": "Q3372763", "Rosalie von Gutmann": "Q3442230", "Rosario de la Pe\u00f1a y Llerena": "Q25408304", "Saraswati Albano-M\u00fcller": "Q58812871", "Sofia Mikhailovna Saltykova": "Q28944118", "Solange de La Baume": "Q15407148", "Sophia Dmitrievna Ponomareva": "Q4372008", "Sophie Sander": "Q1737890", "Sophie de Castellane": "Q3491065", "Sybille de Dietrich": "Q60331361", "Th\u00e9r\u00e8se Marie Augusta \u00c9lie de Beaumont": "Q3527358", "Viktoria Dirksen": "Q1568146", "Yevgenia Ezhova": "Q4174135", "\u00c9lisa de Lariboisi\u00e8re": "Q97946723", "\u00c9lise de Perthuis": "Q16321228"}