{"Sawsan Gabra": "Q7428683", "Kbenesh Blayneh": "Q16946737", "Mariana Afonso": "Q51883330", "Maria Correia": "Q51883329", "Konat\u00e9 Suzanne Ma\u00efga": "Q85984030", "Ndola Prata": "Q87618788", "Ma\u00efga Ze\u00efnab Mint Youba": "Q100233714", "Kani Diabat\u00e9": "Q114247683", "Fernanda Ren\u00e9e Samuel": "Q123116084", "Awa Thiongane": "Q2874648", "Basimat Musa": "Q11045122", "\u0623\u0645\u064a\u0645\u0629 \u0643\u0627\u0645\u0644": "Q12180669", "\u0632\u0647\u064a\u0631\u0629 \u0639\u0627\u0628\u062f\u064a\u0646": "Q12214750", "Mona Mina": "Q12245856", "\u0623\u062d\u062f\u0627\u062b \u0648\u0641\u0627\u0621 \u0642\u0633\u0637\u0646\u0637\u064a\u0646": "Q12251125", "\u0645\u0647\u0627 \u0627\u0644\u0631\u0628\u0627\u0637": "Q16119144", "Yirgalem Tsegaye Kifle": "Q112065922", "Beauty Sodokin": "Q121216714", "oureya ra\u00efssa": "Q125208243", "Marthe Augustine Kirimat": "Q125569696", "Mahbouba Gharbi": "Q19959578", "M'Bayang Thiam": "Q20558276", "\u0644\u0641\u062a\u064a\u0629 \u0627\u0644\u0633\u0628\u0639": "Q28717018", "\u0646\u062c\u0648\u0649 \u0627\u0644\u0628\u062f\u0631\u064a": "Q30081009", "Oum Kalthoum Ben Hassine": "Q30729307", "Ines Safi": "Q34591710", "Sarra Rejeb": "Q51173119", "Khady Nani Dram\u00e9": "Q61793985", "Evelyn Ansah": "Q64876341", "Rym Kefi": "Q65583539", "Monia Rekik": "Q72951372", "Syrine Gallas": "Q79317724", "Yaye K\u00e8ne Gassama": "Q83776878", "Nissaf Ben Alaya": "Q88458724", "Sara I. Abdelsalam": "Q46423842", "Hanan Gewefel": "Q46687151", "Shahinaz Abdel Salam": "Q48991299", "Nashwa El-Bendary": "Q57763139", "Soraya Sherif": "Q86096723", "Mulki M\u00f6ls\u00e4": "Q88432466", "Rim Bourguiba": "Q101164006", "Dorra Bourguiba": "Q102348480", "Syrine Tlili": "Q102354213", "Wided Ayed": "Q102360986", "Sallouha Lajmi": "Q102362233", "Maryem Tounsi": "Q102408218", "Imen Jemili": "Q102420700", "Nejla Nouaili": "Q102425219", "Fatma Ayadi": "Q102431988", "Sarra Za\u00e2frani": "Q108892374", "Ivy Adwowa Efiefi Ekem": "Q111015664", "Lily Botsyoe Edinam": "Q111422020", "Souad Lamine-Jomni": "Q111701635", "Zagharide Zine El Abidine": "Q112065913", "Selma Negzaoui": "Q112065953", "Fagueye Ndiaye": "Q112066654", "Azza Hammou": "Q113501931", "Rahma Boussassi": "Q114757342", "Amina Bouzguenda Zeghal": "Q117005601", "fartun sharif mohamed": "Q120292313", "Anjeel Jurgis": "Q88114642", "Gamal Ali Fouad Ismail": "Q104868137", "Marieke Tabo Blom": "Q105332819", "Amaal Mohamadein Ahamad": "Q105397831", "Elwyn Chomba": "Q108185341", "Dr.Penelope  Adinku": "Q113358267", "Manal Siyam": "Q123107602", "Erica Ntiamoah Mensah": "Q123536477", "Dr.Hannah Lisa Tetteh": "Q123536495", "Marion Okoh-Owusu": "Q123573235", "Ashwag Mukhtar": "Q123749150", "Widad Ibrahim Elmahboub": "Q124056315", "Waad Bahjat": "Q124839329", "Hyam Ali": "Q124969751", "Amanda Sickafoose Gulbis": "Q27650615", "Philippa Talmud": "Q37390347", "Annika Neethling": "Q57886165", "Kathryn Phillipa Braun": "Q108925658", "Tayseer Abu Al-Nasr": "Q111552280", "Menna Samir": "Q111560973", "Zaizafon Badawy": "Q112537280", "Amira Sabry": "Q114818655", "Zeinab Kamel Hassan": "Q116689902", "Helena Sidarus": "Q116689933", "Paxina Chileshe": "Q125356371", "Nyembezi Nyirongo": "Q125356377", "Reem Hamed": "Q130196636", "Vanessa Steenkamp": "Q55762141", "Ruanne Barnabas": "Q89357484", "Kelly Gunnell": "Q92602296", "Joanne Peter": "Q92765845", "Antoinette Kotz\u00e9": "Q92892140", "Retha Heymann": "Q102432291", "Lara van Niekerk": "Q108166561", "Sheila M. Bowyer": "Q108388986", "Helen Marie Rousseau Burton": "Q108937752", "Palesa Nombula": "Q108950170", "Jade Zoe Abbott": "Q109299778", "Senelani Dorothy Hove-Musekwa": "Q112065950", "Dr. Judy Dlamini": "Q119397820", "Dineo Lioma": "Q119398285", "Dr. Ama-Nalisha Cele": "Q119441374", "Elna Rudolph": "Q119489419", "Lee Ann Gogo Maweni": "Q124620811", "Martha Mwangome": "Q57229629", "Hellen Cheruto": "Q60722273", "Barbara Burmen": "Q61783260", "Rosemary Okello-Orlale": "Q63439739", "Judith Atieno Omumbo": "Q69949205", "Lucy Kananu Murungi": "Q73043013", "Moureen Kemei": "Q73156756", "Damaris Matoke-Muhia": "Q73164442", "Caroline Ngugi": "Q73225736", "Caroline Muneri": "Q73292742", "Lucia Ndonga Omondi": "Q87133005", "Makenna Muigai": "Q91503383", "Judi Wakhungu": "Q98216041", "Phyllis Dunning": "Q105858241", "Margaret Elizabeth Dryden-Dymond": "Q106865193", "Berenice Zoe Margaret Adams": "Q108857350", "Palesa Natasha Mothapo": "Q109292253", "Laurette Pretorius": "Q109804091", "Veliswa Boya": "Q111563382", "Bina Elizabeth Martin": "Q111653739", "Jeanne Tarrant": "Q111788803", "Sheila Clifford Thompson": "Q112642321", "Solange Falad\u00e9": "Q55585718", "Korotimi Ou\u00e9draogo": "Q92993471", "Tatiana Houndjo": "Q93736498", "Koubourath Oss\u00e9ni": "Q107191315", "Brigitte Houssou": "Q111729343", "Josephine Wairimu Kagunda": "Q112066628", "Norah Magero": "Q113076126", "Kelebogile Champane": "Q113671716", "Dr. Precious Serero": "Q116873325", "Dr Baboloki Helen Tumediso-Magora": "Q116883469", "Dr Tlamelo Setshwaelo": "Q116923037", "V\u00e9na Arielle Ahouansou": "Q117834455", "Orapeleng Phuswane-Katse": "Q119854761", "Pateka Ntshuntshe-Matshaya": "Q122333741", "Genevi\u00e8ve Barro": "Q123352998", "Kushatha Ntwaetsile": "Q124360206", "Beverley Joy Turner": "Q125337161", "Roina Ochieng": "Q125453467", "Azniv Petrosyan": "Q20509288", "Patricia Moehlman": "Q56116395", "Fatma Zohra Nouri": "Q57417835", "Kenza Guenda": "Q62050649", "Nevena Azmanova-Hancheva": "Q65013972", "Halima Benbouza": "Q66464304", "Ra\u00efssa Malu": "Q78600012", "Dalila Boudjema\u00e2": "Q79351422", "Amira Bouraoui": "Q96793631", "Jeanine Belkhodja": "Q99654406", "Wassila Ishak Boushaki": "Q106390591", "Karine Ndjoko Ioset": "Q111189396", "Hajar Bali": "Q111279885", "Zaina Kouyat\u00e9": "Q113969759", "Ma\u00efmouna Bah Sangar\u00e9": "Q118367943", "Meriem Amiar": "Q118368252", "Sandra Matoto": "Q123696954", "Fatma-Zohra Ishak-Boushaki": "Q123745166", "Imane Boushaki": "Q123945451", "Radia Boushaki": "Q124504878", "Amira Merchichi": "Q124538077", "Amel Talamali": "Q124538306", "Anissa Talamali": "Q124628084", "Sabrina Merchichi": "Q124704003", "Dr. Ngalula Mubenga": "Q125453974", "Laure-Pauline Fotso": "Q15713967", "Monique Ouli Ndongo": "Q43457076", "Arielle Kitio Tsamo": "Q78505304", "Khadijetou Lekweiry": "Q99227943", "Nelly Chatu\u00e9 Diop": "Q108873122", "Mbu Waindim": "Q111564805", "Carole \u00c9p\u00e9e": "Q113532078", "Jocelyne Ngo Njiki": "Q115481083", "Fadimatou Iyawa Ousmanou": "Q115482853", "Ekotto Minkouna Andr\u00e9e Caroline": "Q115605945", "Paule Avomo  Assoumou": "Q115607742", "Jacqueline Ze Minkanda": "Q115607982", "Metogo Mbengono Junette Arlette": "Q115687664", "C\u00e9cile Bomba Nkolo": "Q116200053", "Zara Malloum": "Q117457232", "Hiram Samuel Iyodi": "Q117469266", "Martine Tahoux Touao": "Q118240567", "Epiphanie Nangui Tahi": "Q122382144", "Stella Bitchebe": "Q125267193", "Judith Didi-Kouko": "Q125482654", "Bao Andriamanjato": "Q126178374", "Zara Randriamanakoto": "Q126370734", "Carmen Kamgaing": "Q126914829", "Esther Juliette Ngo Um": "Q129692238", "Djamila Ferdjani": "Q55955649", "Maryame El Moutamid": "Q73357703", "Nouzha El Yacoubi": "Q86309029", "Habiba Sabti": "Q99509660", "Khadija El Kamouny": "Q99658775", "Alouf Jirari": "Q102184252", "Jamila Karrakchou": "Q102302907", "Hasnaa Zidani": "Q102318023", "Sanaa Sabour Alaoui": "Q106167179", "Helena Motta": "Q106574931", "Dominique Gon\u00e7alves": "Q106964002", "Adama Saidou": "Q116621701", "Loide Uushona": "Q119477912", "Pendapala Shiyuka": "Q119478133", "Barbara A. Curtis": "Q127162373", "Rebecca Salu Livingstone": "Q62592686", "Ibironke Akinsete": "Q75240301", "Yetunde Mercy Olumide": "Q75303536", "Adenike Okunlola": "Q86738511", "Chinonye Akunne": "Q90001754", "Dr. Adeyemi Opeyemi Rashidat": "Q91145782", "Nwaka Chioma": "Q91231780", "Nene Elsie Nwanda": "Q91231815", "Funmi Adewara": "Q94416864", "Stella C. Chiemeke": "Q96794983", "Nini Iyizoba": "Q99399553", "Folake Oyedigba Akinpelu": "Q102276573", "Aina Adeogun": "Q105856240", "Amusan Esther": "Q107549531", "Sheila Ochugboju": "Q111317267", "Zamurat Ayobami Adegboye": "Q112065905", "Uchenna Petronilla Ogoke": "Q112065939", "Olubunmi Abidemi Fadipe-Joseph": "Q112065962", "Ogunrinde Bosede": "Q112065968", "Mary Durojaye": "Q112066614", "Atinuke Adebanji": "Q112066664", "Becky Paul-Enenche": "Q112667951", "Margaret Wilson": "Q114958582", "Margret Wilson": "Q114958830", "Aduabobo Ibitoru Hart": "Q120671871", "Ibironke  Jadesola Akinola": "Q123201441", "Dasola Asunkeade": "Q123492539", "Maria Rotilu": "Q123687785", "Rosario Osobase": "Q123687911", "Kemi DaSilva-Ibru": "Q123688006", "Amina Sambo-Magaji": "Q123688008", "Zainab Umar Bala": "Q123688106", "Khadija Abubakar Hassan": "Q123688224", "Sumayya Aliyu": "Q123688240", "Zainab Adamu Biu": "Q123688271", "Maryam Abdulhakeem": "Q123692487", "Halima Yahaya Isah": "Q123692527", "AbdulRasak Rofiat": "Q123692618", "Ofondu Eugenia": "Q124368617", "Onwah Uzuazo": "Q124369974", "Amaka Ozoagu": "Q124377901", "Obiora Chukwudi Celestine": "Q124382230", "Oma Otiji": "Q124382295", "Shirley Nneka chukwurah": "Q124393374", "Monica Nonyelum Nwosu": "Q124397475", "Chioma Udigwe": "Q124398041", "Tosan Ugwunze": "Q124398076", "Hakimah Bello": "Q124416649", "Meme Kagga": "Q61950860", "Christine Sekaggya-Wiltshire": "Q62168154", "Dr. Jennifer Alanyo": "Q111524974", "Celestino Mindra": "Q116938961", "Annabella Habinka Basaza Ejiri": "Q118173594", "Elizabeth Naluminsa": "Q118217917", "Fiona Mutekanga": "Q118610749", "Peace Adupa": "Q120670259", "Iyumva Aimable": "Q120670340", "Irene Atim": "Q120670385", "Esezah Kyomugisha Kakudidi": "Q120892547", "Godliver Owomugisha": "Q122723284", "Vivian Ugegbe Ajaelo": "Q124649377", "Temitope Ilori": "Q124941775", "Aisha Kuliya-Gwarzo": "Q125545019", "Kayitesi Marcelline": "Q125721683", "Modupe Olafusi": "Q129189090"}