{"Ida Williams": "Q21209161", "Toni Wittels": "Q63118574", "Olga Rakhmanova": "Q12147045", "Berta Monnard": "Q81009268", "Berthe Forchhammer": "Q35985989", "Marietta Weber": "Q94757540", "Luise Hohorst": "Q61014763", "Nelly Ridon": "Q34782232", "Ruth Langston": "Q110833296", "Lilyan Irene": "Q118998498", "Isabella Quaranta": "Q30332126", "Anneliese Halbe": "Q17310306", "Olga Pyzhova": "Q4385198", "Louise Granville": "Q107141601", "Alberta Franklin": "Q107141514", "Vera Allen": "Q82649305", "Katherine Lewis": "Q111726764", "Rachel Gillet": "Q124021526", "Winifred Cartwright Holahan": "Q113032536", "Michimi Tamagawa": "Q11572543", "Eileen O'Malley": "Q110797908", "Hibari Misora": "Q11609322", "Helen Marten": "Q56408754", "Edna Wheaton": "Q74342855", "Katherine Van Buren": "Q78955871", "Alice Wilson": "Q96742732", "Utako Nakayama": "Q100454620", "Olive Adair": "Q107081627", "Irene Warfield": "Q107141582", "Clara Joel": "Q108659514", "Grace Beaumont": "Q110688193", "Mrs. Clark": "Q116778813"}