{"Hennie Sietsema": "Q18692848", "Annie Hulshof": "Q76389114", "Trijntje Pieters Westra": "Q19802275", "Trijntje Reidinga": "Q20031914", "Frida Segerdahl-Nordstr\u00f6m": "Q4977882", "Nina Aysagher": "Q89419516", "Jeltje van der Werf": "Q94636373", "Anke Beenen": "Q19360951", "Simone Poujade": "Q88884796", "Lutske Wester": "Q96939523", "Joukje Postma": "Q94696878", "Baukje de Boer-Veenstra": "Q95147881", "Geertje Engelsma": "Q98732365", "Freda Maier-Westorgaard": "Q67166184", "Jikke Gaastra": "Q22001785", "Anita Nahmias": "Q88881695", "Ellen Frey": "Q12361909", "Janne van der Weg": "Q28803348", "Elsie Muller-McLave": "Q89282689", "Christa Deuticke-Szabo": "Q109563521", "Alice Krayenb\u00fchl": "Q16063216", "Thea Frenssen": "Q2415636", "Charlotte Giebelmann": "Q1067193", "Martha Hemminga": "Q95368808", "Ragnvi Torslow": "Q4461329", "Jitske de Boer": "Q94753131", "Janna van der Meulen": "Q18093312", "Margit Fossaas": "Q51133954", "Annie de Jong": "Q18093193", "G\u00e9raldine Mackie": "Q89378049", "Marguette Bouvier": "Q3290820", "Hattie Briggs": "Q17333984", "Elin Sk\u00e5rlind": "Q89908402", "Klaasje Hofstee": "Q95180073", "Trijntje Terpstra": "Q95679047", "Loltje de Boer": "Q95102754", "Houkje van der Meer": "Q95680239", "Sjoukje Bouma": "Q18692799", "Geesje Woudstra": "Q20605858", "Maddy Horn": "Q52476642", "Aslaug \u00c5s": "Q50931364", "Lissa Bengtsson": "Q51133743", "Ella Berntsen": "Q15302951", "Edith Irwin Baum": "Q106781277", "Trudy Rogger": "Q52476610", "Evgenia Oborina": "Q4329611", "Elizabeth DuBois": "Q17558509", "Edyta Popowicz": "Q61768777", "Tsuyuko Hiraoka": "Q11482628", "Trijntje Hemminga": "Q95624395", "Elly Taconis": "Q106305318", "Irmgard Sames": "Q51134017", "Jadwiga G\u0142a\u017cewska": "Q16560877", "Borghild Aasen": "Q51133733", "Sietske Pasveer": "Q18692838", "Erna Andersen": "Q89573046", "Grietje Bijlsma": "Q18692797", "Bera Brinck L\u00f8vstad": "Q89347854", "Jadwiga Kalbarczyk": "Q111145267", "Sjoerdtsje Faber": "Q2749599", "Tatyana Karelina": "Q29865152", "Ruth Hiller": "Q52476636", "Tamako T\u014dg\u014d": "Q11528536", "Antje Koopmans": "Q18692827", "Edith Kleven": "Q17099887", "Makke Groen": "Q94725975", "Kate Andersen": "Q51133582", "Olga Akifyeva": "Q47477604", "Marianna Valovova": "Q52476708", "Meta Nienhuis": "Q107358493", "Gonne Donker": "Q1995606", "Jane Bjerke": "Q15303029", "Pietje Feitsma": "Q96741578", "Fokje van der Velde": "Q18692858", "Kinuko Ueno": "Q11360447", "Margarita Antonova": "Q52476717", "Rina Kooi": "Q101245925", "Antje Schaap": "Q86071973", "Lorry Knudsen": "Q52476670", "Stefania Kalus": "Q61750794", "Hertha Arnberger": "Q101064811", "Ingeborg Larsen": "Q52288403", "Ike Nienhuis": "Q13136223", "Randi Karstensen": "Q17099510", "Maj-Len Helin": "Q11880616", "Anna Bursche-Lindnerowa": "Q11686223", "Fanny Besson": "Q3066438", "Riitta Linna": "Q13463996", "Inger J\u00f8rgensen": "Q52477522", "Maria J\u00fche": "Q94733515", "Jantje Bosscha": "Q101246771", "Krystyna S\u0119dzimir-Krawc\u00f3w": "Q89937652", "Denise Fayolle": "Q3023030", "Margit Laakso": "Q52476677", "Elsa Jondalen": "Q15604634", "Erna Karlsen": "Q14166052", "Maj-Britt R\u00f6nningberg": "Q4976314", "Nonna Kartavenko": "Q4216125", "Solveig Andersson": "Q90696555", "Wopkje Hutting-Kooistra": "Q30112470", "Yoshiko Tsukioka": "Q3572663", "Reiko Kat\u014d": "Q11399440", "Coba Hoekstra": "Q101556096", "Annie Pijlman": "Q101528843", "Betzy Baltzersen": "Q15041907", "Mary Anderson": "Q6778835", "Kirsti Linna": "Q13463995", "Drahuna Vokurkov\u00e1": "Q17711980", "Anne Lise Eriksen": "Q15604775", "Janina Leszczy\u0144ska-Jajszczok": "Q61768962", "Kyllikki Kinnunen": "Q52476735", "Tjitske Hartoog-Minkema": "Q104360823", "Debora van der Hoorn": "Q2727583", "Vaike Aavik": "Q123942421", "Joan Sunderland Scribner": "Q80283577", "Irene Salzmann": "Q88093152", "Aase Aure": "Q15041906", "\u013dudmila Dulkov\u00e1": "Q27867836", "Erna Larsen": "Q15632670", "Pat Underhill": "Q90041325", "Betty Mitchell": "Q52477446", "Tsuyako Yamashita": "Q11466049", "Lucie Koops": "Q105822673", "Zwaantje Mulder": "Q103848422", "Dirkje Kiers": "Q101604701", "Saakje de Jong": "Q102076731", "Vera Postnikova": "Q90041846", "Trijntje Ram-Bouma": "Q104247464", "Gooitske de Jong": "Q104641791", "Ulla Larsson": "Q52476686", "Kari Kristiansen": "Q17100321", "Antje Sietema": "Q103503216", "Sylvia Karlsson": "Q89937896", "Anna-Marie Landstr\u00f6m": "Q89908619", "Birthe Holmberg": "Q93619907", "Nina Avdonina": "Q89832608", "Tine de Vries": "Q17351535", "Sita Homan-Wagemaker": "Q106518492", "Doris Bodmer": "Q119522561", "Aase Halstvedt": "Q15117764", "Inga-Lill Olsson": "Q89908751", "Grietje Dieterman-Schuur": "Q104357539", "Karla Borovsk\u00e1": "Q16177966", "Hong Yong-myung": "Q16180048", "Anna Skrzetuska": "Q91105133", "Maj-Britt Alm\u00e9r": "Q89908992", "Remma Mensyova": "Q90510239", "Lidia Gorlinskaya": "Q4144426", "Akke de Boer": "Q104033375", "Gunnel Gunl\u00f6v": "Q89909418", "Rimma Belova": "Q91176765", "Tine Huberts": "Q104704526", "Riekje Tuinema-Ruben": "Q106950488", "V\u011bra Proch\u00e1zkov\u00e1": "Q12009301", "Astri M\u00e6hre Johannessen": "Q15102876", "Armi M\u00e4kinen": "Q90550887", "M\u00e1ria F\u00f6ldv\u00e1ri-Bo\u00e9r": "Q90818444", "\u00c1gnes Kov\u00e1cs-Fazekas": "Q90819927", "Henny Wiegersma-van den Brug": "Q106111794", "Margit Grobe": "Q90783452", "Rie Meijer": "Q2358638", "Wietske Hakze": "Q104383441", "Jantje Hagenou-Bathoorn": "Q105561346", "Kyoko Tokue": "Q11490378", "Ilona R\u00f3ka": "Q90790286", "Kari Danielsen": "Q15043497", "Femmy Groen": "Q106486103", "Else Methi": "Q106690861", "Martha Wieringa": "Q18093765", "Ietje Pfrommer-Louwen": "Q72925857", "Teddi Jenkins": "Q92205512", "Inger Brusven": "Q90040823", "Hana Bartovsk\u00e1": "Q16171869", "Renata Baudouin de Courtenay": "Q56191939", "Britta Lindstr\u00f6m": "Q90815624", "Sun Hongxia": "Q90896751", "Elske van Dam": "Q101251845", "Rie Lokhorst": "Q106916417", "Jantje Tienkamp": "Q18692854", "Ingrid H\u00f6gberg": "Q90039699", "Libu\u0161e Hanzl\u00edkov\u00e1": "Q89937744", "Yeva Ivanova": "Q92102684", "Meeri Pekonen": "Q90783328", "Liu Fengrong": "Q91660590", "Gr\u00e9 Broers": "Q109078365", "Marina Granatkina": "Q24937497", "Karin Horn Evensen": "Q106690526", "Siv Asplund": "Q90041054", "Evgenia Bogdanova": "Q4089295", "Jeannette Ann Neil": "Q91191769", "K\u00fcllike Meister": "Q111351916", "Lyudmila Osintseva": "Q92330299", "Antje Hoekstra": "Q106046534", "Mary Merrell": "Q106651177", "Helga Kuronen": "Q90781613", "Gunnel Elfman": "Q90815717", "Hannelore Strau\u00df": "Q92383792", "Dinie Kussendrager": "Q106950212", "Nataliya Kolchina": "Q92102694", "Mieko Fujimori": "Q11624438", "Ariya Gulite": "Q92102681", "Mieczys\u0142awa Brymas": "Q94069189", "Mai M\u00e4nniste": "Q111339540", "Ieuwkje Hoekstra": "Q104762568", "Majda Gomil\u0161ek": "Q106410755", "Tatiana Likhareva": "Q4264107", "Lutske Hiddinga": "Q107248678", "Inger Sandin": "Q90882156", "Eiko Kaneko": "Q11646782", "Pirkko Tanskanen": "Q90880905", "Hilkka Vahervuori": "Q91105361", "Gunilla Hjerdt": "Q92021332", "Ko Kwang-za": "Q93214739", "Tonny Monari": "Q93426891", "Wil van Wees": "Q2543328", "Josepa Cuevas i Masip": "Q22964531", "Gisela Manns": "Q64064407", "Bo\u017cena Kalbarczyk": "Q91265439", "Mette Rosenvinge": "Q17106909", "Bj\u00f8rg Hovden": "Q15117766", "Tja\u0161a Andr\u00e9e-Prosenc": "Q61278565", "Randi Elisabeth Nilsen": "Q11997088", "Marijke Flisijn": "Q106095801", "Marianna Kaim": "Q18704483", "Wang Shuyuan": "Q92246877", "Grietje Oosterhof": "Q18692837", "Lyudmila Mokhnacheva": "Q93919544", "Maila Ankkuri": "Q92075899", "Grietje Weits-Boelm": "Q106658076", "Berit Larsson": "Q94532230", "Galina Orlova": "Q4336739", "Else Marie Fj\u00e6re": "Q15605133", "Tove Jacobsen": "Q17097247", "Sachiko Kobayashi": "Q11461572", "Bep Geijssen": "Q82747791", "Joanne Fath": "Q92383570", "Marrie Willems": "Q103159334", "Gerd Inger De Groot": "Q100332857", "Galina Nefyodova": "Q94532312", "Tarja Rinne": "Q94532494", "El\u017cbieta Ko\u015bcik": "Q61750786", "Piroska Tam\u00e1ssy": "Q92280669", "Hennie Faber-Hondeveld": "Q55231911", "Wanda Kr\u00f3l": "Q92652237", "Jorunn Hagan": "Q11979299", "Rieneke Demming": "Q2376224", "Noriko Shirota": "Q11426246", "Elly Vermeulen": "Q82749207", "Agneta Sch\u00fctzer": "Q92652584", "Nel Post": "Q104501895", "Berit Haug\u00e5rd": "Q17096387", "Akke Falkena": "Q13134451", "Tiiu Valgem\u00e4e": "Q12376969", "Sabine Klingbeil": "Q92462280", "Marie Tveiten": "Q11988279", "Rinske Zeinstra": "Q13137637", "Keiko Yuzawa": "Q11563639", "Mieko Nishimoto": "Q98685583", "Lenie van der Hoorn": "Q2127464", "Sophie Westenbroek": "Q18702946", "Elena Kotova": "Q15070249", "Berta Schutte": "Q104216270", "Galina Baranova": "Q94248066", "Jiang Youfeng": "Q94260831", "Lyudmila Ankudimova": "Q94534480", "Kyoko Takahashi": "Q98813765", "Grietje van der Meer": "Q104472439", "Herlind H\u00fcrdler": "Q92459469", "Mayumi Kat\u014d": "Q11399432", "Tatyana Baranova": "Q48974940", "Elena Slepova": "Q4423342", "Sigrid Wienke": "Q92553462", "Keiko Miyagawa": "Q11454688", "Lee Ok-ha": "Q16180141", "Barbara Terpenning": "Q26045501", "Barbara Smith": "Q26045530", "Marie-Luise Dostmann": "Q41583008", "Elli Staerck": "Q56642724", "M\u00e1ria Szab\u00f3": "Q110222074", "Sylvie Chevauchet": "Q93720042", "Tien Cailian": "Q94265520", "Shan Xuxian": "Q94385487", "Piao Yingshu": "Q98835661", "Vera Surovikina": "Q98835675", "Liu Minfu": "Q98841293", "Anuliisa Uotila": "Q74402743", "K\u00fclli Tammik": "Q16406343", "Fu Huimin": "Q95725260", "Truus Dijkstra": "Q18692808", "Utako Nagamitsu": "Q11651519", "Annie van Dalsen": "Q2630491", "Laila Andresen": "Q11982971", "Inger Karset": "Q11977201", "Tove Berntsen": "Q15092360", "Annemarie Hoogkamp": "Q18093130", "Lena Tillqvist": "Q94391496", "Tiina Gross": "Q111466029", "Tineke Dijkshoorn": "Q4990709", "Sonoko Nakano": "Q47465036", "Froukje Jongsma": "Q104192513", "Cheryl Rey": "Q93920701", "Sophie M\u00e9rigot": "Q3491016", "Janina Bachleda": "Q98685540", "Gerda Katee-Rijneveld": "Q102185187", "Anneke Zeinstra": "Q971633", "Zsuzsa D\u00e9nes": "Q110221952", "Tone Biermann": "Q15092372", "Pille Hagel": "Q24545595", "Ineke Kooiman-van Homoet": "Q47501849", "Mary Saxton": "Q98733429", "Anne Koszul": "Q98841292", "Elisabeth Schjenken": "Q33076752", "Margriet Pomper": "Q18692840", "Celeste Chlapaty": "Q53709947", "Lena Andersson": "Q90470958", "Mariko Sugawara": "Q94385537", "Etsuko Nakamichi": "Q96141561", "Natalja Zaborskikh": "Q96277039", "Birgit M\u00e4nnel": "Q100408447", "Cecilie Funnemark": "Q17060815", "Joke van Rijssel": "Q2195222", "Galina Blinkova": "Q96139998", "Judy Dietiker": "Q55814083", "Wang Xiuyou": "Q94277162", "Dolores Lier": "Q96141579", "Pirjo Hyv\u00e4rinen": "Q96277042", "Lyudmila Boldyreva-Mashkovtseva": "Q99162654", "Svetlana Kachuk": "Q18199712", "Iwona Mydlarz-Chru\u015bci\u0144ska": "Q11714580", "Marion Dittmann": "Q18069644", "Ina Steenbruggen": "Q2152350", "Klaske Meijer": "Q18093232", "Pietie Postma": "Q18093390", "Kim Kostron": "Q50378428", "Galina Petrova-Blinkova": "Q18275805", "Tanja Wilhelm": "Q76425477", "Anne Gjersem": "Q11958247", "Anna Lenner": "Q89269112", "Aila Tartia": "Q96417591", "Ann-Mari Tollefsen": "Q11958168", "Mariko Yoshida": "Q11413555", "Yukiko Okabe": "Q11473856", "Jacki Farrell": "Q26043027", "Grethe Viksaas": "Q11972607", "Klaudia Thalhammer-Koch": "Q57456741", "Michiko Kuroiwa": "Q11678135", "Turid Lillehagen Welo": "Q12007903", "Mika Kat\u014d": "Q11399472", "Ewa Bia\u0142kowska": "Q96361442", "Shigeko Tomita": "Q96419342", "Linda Palle": "Q96277049", "Virve M\u00e4kel\u00e4": "Q98930015", "Irina Michaylova": "Q18226399", "Ietje Timmer": "Q18692855", "Anne Bj\u00f8rnsmoen": "Q15092408", "Els Meijer": "Q18692832", "Coby Borst": "Q76425515", "Mona Falk-Larssen": "Q15043514", "Toshimi Ito": "Q17193355", "Anita Thorenfeldt": "Q24899475", "Heidi Schalch": "Q95725262", "Marina Koltsova": "Q96603081", "Irina Fatejeva": "Q96652579", "Hanneke de Vries": "Q70461708", "Irina Bogatova": "Q96623200", "Neeke Smit": "Q2582069", "Marja Struick": "Q2285356", "Miwako \u014chashi": "Q11436645", "Mari Asanuma": "Q11557122", "Birgit Czak": "Q96353252", "Rose-Marie Karlsson": "Q96354918", "Elisabeth \u00d6hlin": "Q98842935", "Manuela Ha\u00dfmann": "Q98930017", "Yuko Watanabe": "Q99239377", "Janne Tenmann": "Q11978195", "Angelika Ha\u00dfmann": "Q96621476", "Susan Sandvig": "Q96354725", "Karin Ryb\u00e4ck": "Q96603087", "Taina Salmia": "Q96654489", "Jin Yingshun": "Q98878658", "Lim Hyun-suk": "Q99162640", "Rigmor Lundby": "Q17102399", "Lyudmila Titova-Morozova": "Q97369462", "Elin Tveiten": "Q11967117", "Helena Chwila": "Q61750829", "Kaoru Takino": "Q11565321", "Miyuki Gonoi": "Q96654503", "Kim Hyeon-na": "Q96742230", "Kim Klein": "Q98876468", "Luz Mery Trist\u00e1n": "Q121263480", "Erna Uitham": "Q76401340", "Sabine Brehm": "Q2209642", "Marja Adema": "Q18092709", "Miriam Heruth": "Q96621776", "Boukje Keulen": "Q13134754", "Lea Rand": "Q12368381", "Yukari Yoshimori": "Q17211110", "Chieko Sato": "Q96621505", "Ylva Fors": "Q97353102", "Carola B\u00fcrger": "Q98930211", "Lilian van Tol": "Q80089437", "Anne Elisabeth H\u00f8lstad": "Q11958242", "Petra Moolhuizen": "Q17627341", "Bente Munkerud Aas": "Q11960598", "Svetlana Kopylova": "Q100146633", "Anita Loorbach": "Q2775447", "Kim Myo-shil": "Q11566424", "Tatiana Michalkov\u00e1": "Q31004755", "Keiko Asao": "Q75706598", "Larisa Kharlamova": "Q96652527", "Anette Hammarin": "Q97352988", "Svetlana Bykova": "Q98967441", "Akemi Tanaka": "Q104092590", "Merete Pettersen": "Q15924941", "Maija Pekkala": "Q66659026", "Szilvia Szikora": "Q110220763", "Y\u016bko Monna": "Q17220861", "Tone Regine H\u00f8lstad": "Q12006746", "Nathalie Tortel": "Q20089334", "Sabine Teeuwen": "Q110586067", "Eiko Shishii": "Q11572192", "Hege Karlsen": "Q11974630", "Antje Douvern": "Q104792373", "Grit Licker": "Q105809978", "Kelly Mullen": "Q96654355", "Irina Abdullina": "Q97400172", "Heike P\u00f6hland": "Q99005740", "Grietje Mulder": "Q3228325", "Ida St\u00e1rkov\u00e1": "Q11976786", "Marie Tollefsen": "Q17112530", "Tanja Torbergsen": "Q17112631", "Elisabeth Bj\u00f8re": "Q11967135", "Linda Wolden": "Q17114026", "Tineke Hulzebosch": "Q79394097", "Anja Bollaart": "Q73672073", "Sylvie Vaquero": "Q3507404", "Petra Becker": "Q97467287", "Tatyana Kabutova": "Q98930204", "Cornelia Dick": "Q104652344", "Anne L\u00f8v\u00e5sen": "Q11958285", "Miyuki Todo": "Q99239004", "Mariska Hekkers": "Q76398823", "Miwa Nishida": "Q11629277", "Henri\u00ebt van der Meer": "Q72099703", "Hanne Eriksson": "Q17058005", "Lisette Kansen": "Q80110167", "Inga Gilauri": "Q3316141", "Jolanda Grimbergen": "Q71824350", "Marte-Mari Nordby": "Q17106051", "Kerstin Stachewicz": "Q106313493", "Remmy van der Kley": "Q80104371", "Ayako Higashino": "Q17220102", "Carolyn Skoczen": "Q26042325", "Chieko Yoda": "Q97480674", "Lyudmila Tuberozova": "Q98934230", "Chihaya Tanaka": "Q99000867", "Marina Yevgrafova": "Q99000896", "Tatyana Martynova": "Q99027512", "Bj\u00f8rg H\u00e6hre": "Q99033163", "Nataliya Andrianova": "Q99361152", "Hong Ok-nam": "Q104092226", "Katrin Trautvetter": "Q106313489", "Regula Ledergerber-B\u00fcrgin": "Q101136760", "Klasina Seinstra": "Q3471423", "Agata Zdrojek": "Q98049923", "Grit Mertens": "Q69804002", "Ragnhild Tokstad": "Q17112510", "Barbara Mussio": "Q3634660", "Tama Sundstrom": "Q97400128", "Vibecke S\u00f8rensen": "Q15076451", "Irina Frolova": "Q124843609", "Ka\u015bka Rogulska": "Q76861684", "Dianne Takeuchi": "Q26044248", "Yelena Banadysenko-Mamayeva": "Q97467281", "Nicole Slot": "Q97578517", "Babs Bijlsma": "Q77975733", "Jaana Kivipelto": "Q99238405", "Indra Arendz": "Q79778675", "Lene H\u00e5konsen": "Q11983721", "Petra Dikkema": "Q78086718", "Stefanie Teeuwen": "Q99655712", "Cathy Gali\u00e8re": "Q118399224", "Yumiko Yamada": "Q56752702", "Tecla Jonkman": "Q80959568", "Yuki Sh\u014dji": "Q11485875", "Yuki Habuki": "Q17220034", "Rie Otsuki": "Q99005580", "Larisa Plekhanova": "Q101231315", "Emi Tanaka": "Q102225784", "Lu Jing": "Q102272659", "Li Gang-ok": "Q104126157", "Jane Iren Wilberg": "Q11978176", "Anita Oldenhof": "Q79414159", "Beata Zieli\u0144ska": "Q11687638", "Gabriella Monteduro": "Q15830435", "Janine Koudenburg": "Q18702940", "Ioanna Kontogeorgakopoulou": "Q16332912", "Shinobu Yamakita": "Q11466536", "Svetlana Laletina-Tsjernobrovkina": "Q4253404", "Anne Christine Torp": "Q15117798", "Manuela Ossendrijver": "Q79639036", "Aina Nybakk": "Q17000436", "Misao Sato": "Q80633247", "Gonnie Brunia": "Q80087285", "Siw Helland": "Q12000697", "Christina Zummack": "Q99005313", "Aljona Koroljova": "Q101437961", "Li Yenzhi": "Q102190073", "Chishiro Monda": "Q104093756", "Hege Langli": "Q15102905", "Coriene Pot": "Q77665136", "Unni Marsteinstredet": "Q12008534", "Olga Tarasova": "Q4451716", "Heidi St\u00f8kker": "Q11974695", "Aneta Rekas": "Q97460938", "Marjan Mager": "Q79845883", "Ingrid van der Voort": "Q74056628", "Wendy van der Poel": "Q79489097", "Marion van Zuilen": "Q79740045", "Albertine Buitenhuis": "Q18702943", "Kaho Koinuma": "Q21018990", "Linda Nat": "Q77825778", "Lillan Westli": "Q11983996", "Harkelien Kruyer": "Q78350498", "Janny Zonderland": "Q77807496", "Monique Cammeraat": "Q80111606", "Linda Olsen": "Q11984082", "Ellen Linnenbank": "Q77657345", "Outi Aunula-Yl\u00e4-Sulkava": "Q97516259", "Janne Bogstrand": "Q15092415", "Trude Nielsen": "Q17105924", "Kuralai Uzurova": "Q100491486", "Joanna Staszkiewicz": "Q48855591", "Tatyana Shachkova": "Q97575523", "Rieko Kaji": "Q99198026", "Jelena Berko": "Q101129302", "Chiaki Sekiya": "Q102190117", "Martina Kr\u00fcger": "Q106230381", "Shana Sundstrom": "Q101444612", "Tina Huisman": "Q74379417", "Megumi \u014cishi": "Q11438204", "Christina Sch\u00f6n": "Q89303555", "Renate Jeppsson": "Q17097590", "Martine Oosting": "Q60540596", "Henri\u00ebtte Vooys": "Q79793702", "Nina T\u00f8rset": "Q17113278", "Olga Tikhonova": "Q58368847", "Marije Titia Elferink-Gemser": "Q2260828", "Ewa Borkowska": "Q97495319", "Evelyn de Haan": "Q77814250", "Dorian Schoonderwoerd": "Q76859720", "Gina Argemir": "Q96624540", "Olga Klyga": "Q97551592", "Natalja Bakina": "Q101423259", "Mayumi Kagawa": "Q101438717", "Saori Igami": "Q104091396", "Yeon Son-yu": "Q104119831", "Kang Sun-ae": "Q104216726", "Jana Rejhonov\u00e1": "Q2142544", "Colette Zee": "Q77339867", "Melanie Lambert": "Q59428364", "Kirsten Mooy": "Q80112904", "Sandra 't Hart": "Q14942441", "Svetlana Varnavskaja": "Q124330182", "Jenita Hulzebosch-Smit": "Q2001752", "Hiromi Sano": "Q11385103", "Elke Zijlstra": "Q76943208", "Leah Nattrass": "Q99198836", "Mie Shimizu": "Q101423250", "Aya Otakeguchi": "Q102205437", "Annet Koeleman": "Q80710373", "Ho Jong-hae": "Q57155913", "Marthe Sundby": "Q17110349", "Jenny Ervik": "Q15076348", "L\u00e9ontine van Meggelen": "Q55823709", "Linda Verdouw": "Q80573117", "Jolanda van Goozen": "Q77688125", "Nathalie ten Hoor": "Q77466160", "Janka Everts": "Q75296562", "Ester St\u00f8len": "Q11967980", "Cindy Groen": "Q18702936", "Reino Bouwhuis-Meuleman": "Q80545157", "Aki Narita": "Q97626483", "Natalja Tsjerepanova": "Q99432563", "Wang Hong": "Q99527336", "Takako Toraguchi": "Q102248266", "Mihoko Moteki-Amano": "Q104001999", "Yuri Horikawa": "Q104091364", "Park Jeong-eon": "Q104098958", "Arinda Stam": "Q80000302", "Roos Dieleman": "Q72377145", "Annemarie Zuurendonk": "Q80122065", "Anne Therese Tveter": "Q11958310", "Sandra de Ronde": "Q74395502", "Ellen Kathrine Lie": "Q17101441", "Yvonne Leever": "Q60540448", "Frouke Oonk": "Q2035990", "Jannet Koomen": "Q79867158", "Agnieszka Sza\u0142kiewicz": "Q48855597", "Nicole Br\u00fcngger-Skoda": "Q1986961", "Dana Marilena Ionescu": "Q97575521", "Gina-Cristina Dima": "Q101201194", "Agnieszka Magiera": "Q101208968", "Huang Lili": "Q101425422", "Kanae Kobayashi": "Q102443660", "He Xiaojing": "Q104120134", "Marijke Kulik": "Q76869306", "Paula Buijtenhuijs": "Q77252411", "Eva Rodansky": "Q2302762", "Nadja Gipser": "Q106256422", "Lise Marie Braathen": "Q11984206", "Linda van Oosten": "Q80710371", "Judith Straathof": "Q70369263", "Floor van Slochteren": "Q77025510", "Lise R\u00f8sto Jensen": "Q42673181", "Marja van der Werf": "Q76624209", "Mischa Coolen": "Q79045129", "Makiko Ogasawara": "Q11463379", "Ingrida Snieskiene": "Q24899900", "Tomomi Shimizu": "Q99472527", "Yevgeniya Solomatina": "Q104120102", "Yumiko Soda": "Q104121305", "Antoinette Voskuil": "Q80111893", "Jitske Cnossen": "Q82539589", "Ragnhild Andresen": "Q11996942", "Arina Schingenga": "Q18702938", "Mireille Reitsma": "Q2282327", "Irina Safrankova": "Q97556186", "Frijke Schaafsma": "Q75287672", "Claudia Irrgang": "Q15794533", "Arien Bosch": "Q74438946", "Kristy Evans": "Q56493109", "Line Margareta Foss": "Q11984125", "Sai Na": "Q100146393", "Joanna G\u0105sienica": "Q101230901", "Katrin Kalex": "Q19364685", "Ann Kristin Kloster": "Q11958170", "Christine Heins": "Q13466268", "Anna Chatziathanassiou": "Q4766914", "Anni Luftensteiner": "Q18818351", "Jong Ok-myong": "Q57078390", "Sarah Shapiro": "Q97610181", "Chantal Hoefsloot": "Q102441769", "Irene Visser": "Q72981061", "Simone Pastusiak": "Q11307602", "Johanna M\u00e4ki-Laine": "Q97993803", "Mich\u00e8le d'Amours": "Q2754171", "Bettina Kr\u00fcck": "Q106259367", "Alicja Trzebunia": "Q11685402", "Angela de Graaf": "Q102442867", "Olga Rogovtseva-Vizgina": "Q101231368", "Ko Yeong-hee": "Q102190087", "Kimiko Nurui": "Q102443671", "Lu Yajun": "Q102872923", "Kanako Takahashi": "Q11671713", "Hilde R\u00f8geberg Pedersen": "Q17106492", "Monika C\u0142apa": "Q97993287", "Melania Albea": "Q6811236", "Esm\u00e9 van Benthem": "Q78577542", "Maurine Kroon": "Q76605956", "Maria Fernanda Puente": "Q17197949", "Anke Bl\u00f6chl": "Q556640", "Tiffany Hyden": "Q7801215", "Jessica Kessler": "Q1242202", "Tina \u0160vajger": "Q108742656", "Mirjam de Joode": "Q76729992", "Anna Dimova": "Q20041525", "Sandra G\u00f3mez": "Q6119966", "Emi Miyashita": "Q102872821", "Shin Yoo-na": "Q104121206", "Marloes Gelderblom": "Q5628561", "Anne Grethe Viik": "Q11958252", "Fanny Cagnard": "Q22003537", "Jolanda Langeland": "Q2181667", "Karin Maarse": "Q80179793", "Marta Paoletti": "Q19517764", "Silje Bjelkevik": "Q12000459", "Danika Bourne": "Q5219548", "Tara Risling": "Q97626509", "Stephanie von der Th\u00fcsen": "Q56084911", "Suzanne van Buijsen": "Q76601519", "Els Murris": "Q2486369", "Tatjana Jakovenko": "Q69809947", "Emilie Gale": "Q2621971", "Kinge Pricker": "Q76868684", "Kristina Kobaladze": "Q11299232", "Fr\u00e9d\u00e9rique Ankon\u00e9": "Q2397816", "Sarah Elliott": "Q97959624", "Dong Feifei": "Q101470899", "Heike Hartmann": "Q1594530", "Rixt Meijer": "Q2407827", "Alenka Zidar": "Q20041433", "Simone Joseph": "Q2268186", "Orsolya Fecsk\u00e9s": "Q3283133", "Lucie Kadl\u010d\u00e1kov\u00e1": "Q11348962", "Annelies van der Ploeg": "Q76587812", "Sarah Jentgens": "Q1534406", "Ellen Mareels": "Q24899876", "Sara Bak": "Q2516410", "Sofia Albertsson": "Q2349928", "Aneta Kowalska": "Q4761732", "Kendra Goodwin": "Q6388990", "Stephanie Roth": "Q60977149", "Dominika Polakowska": "Q5291002", "Gwena\u00eblle Jullien": "Q22005707", "Quinn Wilmans": "Q722821", "Anja Borst": "Q76792405", "Lee Su-gyeong": "Q113016042", "Sara Andersson": "Q101823544", "Choi Jin-seon": "Q102486280", "Junko Osuga": "Q103982850", "D\u00fc\u00fcrengiin Natsagnyam": "Q104216912", "Wang Dan": "Q104532866", "Sheng Xiaomei": "Q1669967", "Richt van der Meer": "Q76586359", "Paulina Wallin": "Q56589581", "Yuli Veen": "Q80444835", "Ingrid Mellem Mortensen": "Q17519107", "Giovanna Almeida Leto": "Q5563620", "Gladys Orozco": "Q11300198", "Alibel Alegre": "Q4725634", "Marika Zanforlin": "Q267834", "Lee Chu-hong": "Q11287838", "Silvia Kon\u010dokov\u00e1": "Q24899997", "Helene Tveter": "Q21562073", "Andrea L\u0103z\u0103rescu": "Q96252150", "Amy Ireland": "Q24900223", "Maria Bi\u0144czyk": "Q6761063", "Lisette van der Geest": "Q1821209", "Irina Nikolaeva": "Q16222351", "Ingrid Roth": "Q11287355", "Choi Young-eun": "Q5103994", "Marianne Dubuc": "Q6762211", "Chika Suguri": "Q11522960", "Yekaterina Lukoyanova": "Q71613896", "Willeke van Benthem": "Q2160459", "Anja Bratec": "Q24899875", "Marleen Geuzendam": "Q78916523", "Tine K\u00f8pke": "Q12006426", "Anna Rognstad": "Q11958193", "Shannon Sibold": "Q106327964", "Marieke Dohle-van Hoek": "Q95605853", "Helga Luning": "Q2308560", "Tosca Hilbrands": "Q4006927", "Minami Sakach\u014d": "Q11425616", "Lucie-Anne Blazek": "Q16199472", "Linda Bouwens": "Q2801383", "Alexandra Lipp": "Q2643614", "Jennifer Alexa Caicedo Mej\u00eda": "Q1825212", "Anna Buniewicz": "Q116151008", "Nadezhda Paretskaia": "Q17232771", "Myrke Mulder": "Q97484423", "Frederika Buwalda": "Q2074675", "Carla Zielman": "Q2514263", "Kirsten Frisch": "Q6416078", "Carina Chen": "Q17161140", "Svetlana Chernishova": "Q16203301", "Lauren Flynn": "Q56087229", "Magdalena Leska": "Q4167494", "Agnes Friesinger": "Q105864", "Aleksandra \u017belichowska": "Q4167510", "Aleksandra Petushko": "Q18818078", "Magali Charpentier": "Q56491247", "Sarah Mooslechner": "Q60977173", "Johanna Purdy": "Q12066605", "Karoline Zillmann": "Q106327975", "Aida Bella": "Q4438488", "Darja \u0160krlj": "Q5223053", "Kristine Y. Lee": "Q6438337", "Victoria Devins": "Q56493145", "Jenifer Tena": "Q24899770", "Karolina Doma\u0144ska-Ksyt": "Q4328450", "Viktoriya Filyushkina": "Q18746261", "Alessandra Faietti": "Q20042604", "Deborah Blinder": "Q56508873", "Anouk Zoutendijk": "Q3296309", "Aimee Collier": "Q56510400", "Emma Brien": "Q11290733", "Ines Pavlekovic": "Q24900163", "Tiffany Chung": "Q17161205", "Sanne Delfgou": "Q2263468", "Jorien Kranenborg": "Q2344461", "Choi In-hwa": "Q113016107", "Kimberly Muusse": "Q96677734", "Nam Dal-ri": "Q104176263", "O Hyon-sun": "Q104176644", "Narangereliin Odtsetseg": "Q104216911", "Marie Sk\u00e4rg\u00e5rd": "Q6763028", "Lee Sun-bin": "Q6515185", "Tessa van Dijk": "Q2012661", "Elif Ula\u015f": "Q3722965", "Cindy van den Berg": "Q96677997", "Angelika Naaktgeboren": "Q17232730", "Lada Zadonskaya": "Q4183982", "Choi Seon-yeong": "Q113016052", "Sophie Nijman": "Q2559535", "Amy Alisara Arirachakaran": "Q4069262", "Miki Sone": "Q11515414", "Myriam Fl\u00fchmann": "Q6948196", "Emma Andersson": "Q51831033", "Amber Kole": "Q4741263", "Colette Appel": "Q5144682", "Alina Mayer-Virtanen": "Q66757882", "Simona Punga": "Q11307599", "Erna Last-Kijk in de Vegte": "Q13578903", "Jennifer Plate": "Q18912877", "Femke Hilgersom": "Q81529788", "Mayke Nagtegaal": "Q2513650", "Shirley Hsin Hui Tsai": "Q18817566", "Foske Tamar van der Wal": "Q13637227", "Nina Ivanova": "Q11324574", "Amy Howerton": "Q56492896", "Rita Battisti": "Q101456002", "Risa Hori": "Q102121033", "Xu Jinjin": "Q102156652", "Bat-Erdeniin Urgaatsetseg": "Q104216907", "Kamila Danaj": "Q106327972", "Aurore Ponomarenko": "Q2871947", "Gemma Cooper": "Q50396685", "Maren van Spronsen": "Q2023608", "Alice Graham": "Q56087208", "Esmeralda Nieuwendorp": "Q69878846", "Martina Bo\u010dek": "Q11341380", "Karolina Bulak": "Q11736417", "Michelle Cronin": "Q6836980", "Irina Arshinova": "Q50329208", "Fumiko Shinkai": "Q11502723", "Anna Galcheniuk": "Q56493334", "Anna Pushkova": "Q17106626", "Lauren Wilson": "Q6500411", "Petra Luk\u00e1\u010d\u00edkov\u00e1": "Q11337427", "Monica Gimeno": "Q17232777", "Johanna \u00d6stlund": "Q3244874", "Beatriu G\u00f3mez Franquet": "Q2226757", "Kristina Mikhailova": "Q11299240", "Yuki Matsuda": "Q15278668", "Jocelyn Ho": "Q3560450", "Jennifer LeGuilloux": "Q6178527", "Beril Bekta\u015f": "Q60674538", "Ren\u00e1ta Karabov\u00e1": "Q1875366", "\u00c9lodie Brouiller": "Q8078237", "Daniela Dumitru": "Q1163366", "Roxana Boamf\u0103": "Q7372326", "Sandra Alusalu": "Q23042829", "Anna Zawada": "Q27808256", "Urd \u00c5sa Vallumr\u00f8d Eidsten": "Q17057793", "Lisanne Huisman": "Q2186065", "Tunde Gal": "Q24901488", "Aadnya Borkar": "Q4094092", "Ingeborg Kroon": "Q1927425", "Cindy Vergeer": "Q2257526", "Marina Shishkina": "Q60515779", "Jericho Boulin": "Q56490278", "Brittany Vise": "Q4971632", "Veronika Havl\u00ed\u010dkov\u00e1": "Q7922501", "Christina Bourgeois": "Q56491169", "Alina Saprikina": "Q56506840", "Eun-Byul Cho": "Q11318494", "Kim Un-ha": "Q11297013", "C\u00e9line Lacour": "Q24864561", "Ayako Hagiwara": "Q4830842", "Ellen Hazelaar": "Q74587674", "Martina Windhager": "Q101416756", "Shiho Ishida": "Q102121042", "Jeong Eun-jee": "Q103982845", "Hwang Sung-hui": "Q104245129", "Chiaki Kosaka": "Q104527874", "Sarah Burke": "Q56087268", "Zo\u00e9 Blanc": "Q8074723", "Anna Badayeva": "Q2112360", "Jenni Kukkonen": "Q5487746", "Bianka P\u00e1d\u00e1r": "Q11329827", "Mayon Kuipers": "Q2645110", "Natasja Bruintjes": "Q2658186", "Hou Na": "Q5912631", "Elena Kazelina": "Q80019215", "Camilla Spelta": "Q5026596", "Joy Chang": "Q60977180", "Janna Kupec": "Q11309887", "Martina Sasanelli": "Q24900480", "Nele Arm\u00e9e": "Q2752611", "Jordan McKenzie": "Q56493382", "Imke Vormeer": "Q14632088", "Lauren Henry": "Q6500253", "Zhang Lu": "Q102270960", "Gracielle Jeanne Tan": "Q11300160", "Wang Hee-jee": "Q104213794", "Alina Dikhtiar": "Q1964458", "Marleen Pot": "Q2566448", "Denise Zimmermann": "Q1187801", "Elena Kovalova": "Q20040144", "Pilar Bosley": "Q7193769", "Rikke Jeppsson": "Q11997831", "Inna Ladyagina": "Q112128105", "Anastasiya Voronczova": "Q71583282", "Sydney Schmidt": "Q56492619", "Laura Fern\u00e1ndez": "Q11346623", "Charlotte Belair": "Q63096118", "Alima Gershkovich": "Q17130214", "Megan Allely": "Q6808631", "Laura Dutertre": "Q6498877", "Valeria Vorobieva": "Q60736360", "Marit Fjellanger B\u00f8hm": "Q11988325", "Natalia Mitsuoka": "Q6968049", "Akane Seo": "Q11566435", "Akiko Kitamura": "Q4700969", "Imola Antal": "Q56490133", "Federica Constantini": "Q5440941", "Michelle Chrudinak": "Q56490316", "Nicole Garrido": "Q4133905", "Corina Strikwerda": "Q95999396", "Yelena Urvantseva": "Q102116330", "Jelena Obaturova": "Q103992095", "Mariya Ivanova": "Q104189726", "Reika Shimizu": "Q106485167", "Sarah Gregg": "Q106507523", "Lauren McGuire": "Q106584207", "Kristina Cybina": "Q71876511", "Charissa Tansomboon": "Q4451292", "Fanny Regnier": "Q56598711", "Ina Demireva": "Q6013190", "Brittany Heath": "Q56087450", "Frida van Megen": "Q11970209", "Emily Naphtal": "Q3425183", "Emma Hagieva": "Q5372824", "Mio Kuroiwa": "Q63656515", "Sung Mi-hyang": "Q11315471", "Joanna Dusik": "Q6205811", "Elena Efaieva": "Q274383", "Minna Parviainen": "Q11882917", "Brooke Paulin": "Q56087224", "Miranda Dekker": "Q1880249", "Leigh Rogers": "Q6519664", "Jorieke van der Geest": "Q2467914", "Alisa Kireeva": "Q4726931", "Aleksandra Goss": "Q16527479", "Bianca Butler": "Q4902486", "Oana Opincariu": "Q101416755", "Jessica Crenshaw": "Q17130096", "Kim Soo-jin": "Q63097398", "Silvie Rajfov\u00e1": "Q23908961", "Margo van de Merwe": "Q96480011", "Kathryn Kang": "Q63344772", "Valene Maheu": "Q56527673", "Yukana Nishina": "Q60233336", "Liu Yichi": "Q101554961", "Charlotte Maxwell": "Q56527425", "Daria Kaziutchitz": "Q56084861", "Siri Moseng Reiersen": "Q15114664", "Marit Dekker": "Q1969215", "Alessia Baldo": "Q17232767", "Oksana Gozeva": "Q4141238", "Olga Zhigina": "Q102116368", "Erin Bartlett": "Q106593603", "Zhang Xin": "Q106817117", "Ashley Foy": "Q4805431", "Katja Franzen": "Q2875903", "Elena Rodrigues": "Q11291254", "Nadezhda Aseyeva": "Q22342400", "M\u00e9rov\u00e9e Ephrem": "Q285215", "Renk Kemaloglu": "Q60674531", "Yunya Jiao": "Q60516467", "Celie Mallet": "Q56489907", "Anne Sophie Bilet": "Q56598745", "Charlotte Gendreau": "Q63097008", "Maren J\u00f8rgensen": "Q11988130", "Brecht Kramer": "Q2245654", "Milena Szymczyk": "Q11781205", "Yuka Ishikawa": "Q8060553", "Mia Brix": "Q6827097", "Olga Ikonnikova": "Q7086582", "Charl\u00e8ne Denize": "Q66759695", "Molly Aaron": "Q56087340", "Ekaterina Zaikina": "Q5350349", "Anneke Peters": "Q96677954", "Katrina Hacker": "Q6377939", "Kim Falconer": "Q11297051", "Haruka Inoue": "Q11372771", "Paulien Westerhof": "Q74400761", "Roxanne van Hemert": "Q2461160", "Karine Udahl": "Q19595347", "Olivia Lalatka": "Q56510518", "Paige Schwartzburg": "Q90137276", "Chrissy Hughes": "Q5108622", "Phillipa Pickard": "Q114890815", "Megan Hyatt": "Q6808676", "Loretta Hamui": "Q11350778", "Jessica Kurzawski": "Q11309200", "Laura Czarnotta": "Q4167488", "Blake Rosenthal": "Q4924479", "Emma Engbers": "Q28521137", "Ching Tze Lee": "Q11522387", "Diane Szmiett": "Q5271586", "Emilie Demers Boutin": "Q5371772", "Paige Brehm": "Q49225894", "Berit Kaleja": "Q69812386", "Jenna Syken": "Q6177784", "Martina Pfirter": "Q63097664", "Lilia Biktagirova": "Q1825036", "Chlo\u00e9 D\u00e9pouilly": "Q2964182", "Elizabeth Stern": "Q11290923", "Stacy Perfetti": "Q10374013", "Margarita Ryzhova": "Q69804357", "Rima Beliy": "Q7334359", "Jekaterina Sergejeva": "Q56477210", "Tatyana Klimchuk": "Q104247392", "T\u00fcnde Sepa": "Q100451002", "Mai Kiyama": "Q63486992", "Crista Gr\u00f6nroos": "Q56494270", "Zhan Xue": "Q27902619", "Rosa Pater": "Q2421199", "Mary Grace Baldo": "Q11343330", "Meg Byrne": "Q56087448", "An Ni": "Q4750164", "Victoria Rodr\u00edguez L\u00f3pez": "Q9093445", "Siobhan McColl": "Q7525304", "Maria Dikanovi\u0107": "Q11340995", "Franka Vugec": "Q24900151", "Manouk van Tol": "Q71695910", "Taylor Firth": "Q64605807", "Monica Pisotta": "Q63155233", "Mai Abe": "Q63489498", "Ria Westenbroek": "Q96695207", "Malgorzata Lipinska": "Q56087149", "Cristina Radu": "Q65007248", "Nadja Wenger": "Q50092257", "Kristina Shirokova": "Q56491444", "Kateryne Pigeon": "Q56526930", "Tiffany Ting-Ye Wu": "Q17130239", "Viktoria Kucherenko": "Q56087487", "Jennifer Bay": "Q2640047", "Mareike Thum": "Q1669771", "Victoria Kazantseva": "Q56087212", "Guo Jiameimei": "Q5619593", "Inge Bervoets": "Q74227819", "Natsumi Kado": "Q106496138", "Dana Zhalko-Tytarenko": "Q5214878", "Sofia Gassoumi": "Q56598216", "Roza Blokker": "Q69867439", "Federica Bernardi": "Q11332673", "Ekaterina Motyreva": "Q15140068", "Fanni Forg\u00f3": "Q1002928", "Mari Suzuki": "Q11649107", "Sarah McCoy": "Q56087318", "Sigrid Young": "Q17232935", "Fuyo Matsuoka": "Q27869665", "Marylie Jorg": "Q56511217", "Kie Nagata": "Q102070029", "Viktoriya Lugovaya": "Q104403885", "Chang Chao": "Q104413878", "Paola Simionato": "Q106558939", "Liu Feitong": "Q106561494", "Angelika Fudalej": "Q106641246", "Victoria Spence": "Q106678824", "Lauren Ryan": "Q56087339", "Britt van der Star": "Q74194283", "Christi Anne Steele": "Q56087240", "Anca Ionescu": "Q16769538", "Mirna Libri\u0107": "Q4260898", "Harmonie Lafont": "Q56598701", "Haruka Maeda": "Q11397763", "Lauren Ko": "Q11351140", "Chelsea Rose Chiappa": "Q11317809", "Yuliya Koval": "Q50327994", "Guo Yalu": "Q5619631", "Teressa Vellrath": "Q56476967", "Moemi Kikuchi": "Q16770361", "Devora Radeva": "Q16227199", "Taryn Jurgensen": "Q7686992", "Ilaria Nogaro": "Q20042102", "Krist\u00edna Kab\u00e1tov\u00e1": "Q6438498", "Toni Murray": "Q17130218", "Jana Smekhnova": "Q6150582", "Anke Vos": "Q102046453", "Ksenia Smirinova": "Q56491677", "Amanda Velenosi": "Q4739785", "Nurul Ayinie Sulaeman": "Q59543625", "Katie Powell": "Q17130216", "Adele Morrison": "Q56087251", "Carolyn MacCuish": "Q5045413", "Dalanbayar Delgermaa": "Q102112686", "Cerise Tersteeg": "Q69877520", "Esther Boer": "Q69879889", "Tatyana Ushakova": "Q70934219", "Ruslana Jurchenko": "Q56491072", "Marina Antipova": "Q6763781", "Rachel Kirkland": "Q7279291", "Alexandria Shaughnessy": "Q27151045", "Rianne Hadders": "Q73539739", "Yuka Abe": "Q62566998", "Emma van Rijn": "Q69877481", "Agne Oradauskaite": "Q56087171", "Laura Kean": "Q16770334", "Merel Bosma": "Q87828821", "Ibuki Mori": "Q30195006", "Olesya Chernega": "Q70800482", "Elena Garkusina": "Q56493356", "Mateja Bursi\u0107": "Q24900195", "Wang Jianlu": "Q104404359", "Kate Hanly": "Q106592918", "Xu Moyuan": "Q106804136", "Isabel Heintges": "Q63096626", "Jessica Rose Paetsch": "Q6187443", "Annemarie Pasveer": "Q48926959", "Maria Der": "Q56489688", "Siau Chian Ching": "Q60515792", "Kaleigh Hole": "Q11301218", "Daria Abdulova": "Q56491410", "Nana Takahashi": "Q62382456", "Eva Lagrange": "Q19059822", "Sera V\u00e4ist\u00f6": "Q20038847", "Kylie Duarte": "Q6451600", "Anastasia Listopad": "Q17232954", "Nika Ceri\u010d": "Q11324185", "Lim Jeong-soo": "Q27952007", "Victoria Hecht": "Q11352001", "Petra Acker": "Q19441607", "Kelly Oliveira": "Q56493239", "Michelle Couwenberg": "Q11341982", "Anastaisa Khodkova": "Q60737359", "Chelsi Guillen": "Q5090164", "Shirleen Sch\u00f6nfeld": "Q56511119", "\u017danna Puga\u010da": "Q11310175", "Anna Julia Janssen": "Q73665373", "Risa Takayama": "Q11669388", "Cambria Little": "Q64685253", "Veronica Grigorieva": "Q17130023", "Diana Mykhalchuk": "Q123244446", "Ronja Roll": "Q17232986", "Nana Sugiki": "Q11522030", "Daniela Stoeva": "Q11317204", "Reina Anema": "Q2211823", "Miruku Matsushita": "Q63096776", "Anastasia Kononenko": "Q17158165", "Victoria Liakhava": "Q24887692", "Anita Nagy": "Q17232732", "Bryna Oi": "Q11334774", "Olivia Jones": "Q11292681", "Anna Marie Pearce": "Q24874110", "Amanda Bertsch": "Q56527629", "Pien Keulstra": "Q2616618", "Cassie Andrews": "Q5049391", "Arisa Tsujimoto": "Q62394801", "Natasja Roest": "Q71673786", "Anna Pristalova": "Q30345746", "Ineke Dedden": "Q69866940", "Sha Yuning": "Q106591632", "Urszula W\u0142odarczyk": "Q106641529", "Sandra Khopon": "Q7416662", "Janneke Elzinga": "Q91555748", "Lisa van der Geest": "Q13767538", "Nastassia Hrybko": "Q17232818", "Rylie McCulloch-Casarsa": "Q7385177", "Dee Dee Leng": "Q17361582", "Alexandra Malakhova": "Q56087581", "Julia Berentschot": "Q72097610", "Katie McBeath": "Q56676639", "Mai Yamada": "Q62594604", "Kaitlyn McGregor": "Q2086592", "Meredith Pipkin": "Q64605982", "Jasmina Uzunovic": "Q63097888", "Saya Ueno": "Q16769798", "Kimberley Hew-Low": "Q56087173", "Jun Ye-jin": "Q101555549", "Monia Aleksi\u0107": "Q56304199", "Katsiarina Pakhamovich": "Q11294246", "Kang Kyong-mi": "Q16770310", "Jessica Beckert": "Q69804695", "Suthatta Yilansuwan": "Q58234965", "Saori Toi": "Q27860339", "Amelia Schwienbacher": "Q18817668", "Nicky van Leeuwen": "Q88973079", "Kristina Prilepko": "Q17232820", "Anita Kapferer": "Q18817443", "Brittany Lau": "Q11334727", "Giulia Lollobrigida": "Q56641125", "Bente van den Berge": "Q70006897", "Jade van der Molen": "Q2386721", "Ariel Nadas": "Q56598238", "Leey\u00e8n Harteveld": "Q70601097", "Sophie Reinl\u00e4nder": "Q69804335", "Nadia Geldenhuys": "Q17130220", "Federica Tombolato": "Q51243046", "Sinem Pekder": "Q24867171", "Pina Umek": "Q16264536", "Brynn Carman": "Q4981023", "Yun Yea-Ji": "Q625791", "Ellen Bjertnes": "Q13407648", "Rebecka Emanuelsson": "Q18817398", "Altan-Ochir Zul": "Q104218030", "Mariya Sizova": "Q104437453", "Zhang Yue": "Q106706611", "Cheng Duo": "Q64685549", "Michelle Callison": "Q18701199", "Laura van Ramshorst": "Q87737852", "Melanie Swang": "Q11343981", "Kelly Schouten": "Q87648540", "Elin Hallberg": "Q18818007", "Sumika Yamada": "Q17223670", "Elena Eranina": "Q69918519", "Fruzsina Ila": "Q56490009", "Alexandra Kachurkina": "Q28665508", "Anastasiya Zueva": "Q70767151", "Yukari Matsuzawa": "Q62566409", "Natascha Zangl": "Q18817625", "Nicole Mazur": "Q123244433", "Janina Makeenka": "Q17232864", "Esm\u00e9 Stollenga": "Q71705604", "Ri Ji-hyang": "Q11348705", "Eli\u0161ka D\u0159\u00edmalov\u00e1": "Q42913427", "Ema Lipov\u0161\u0107ak": "Q24900317", "Linda Bortolotti": "Q56641555", "Marte Vatn": "Q22340697", "Valeria Morozova": "Q56492065", "Tessa Boogaard": "Q70006932", "Willemijn Cnossen": "Q93994739", "Sarah Macgibbon": "Q17221903", "Nam Ye-won": "Q106656180", "Anastasiya Zdravkova": "Q70653422", "Juliana Gurdzhi": "Q67020211", "Aveline Hijlkema": "Q69867540", "Fabi\u00ebnne Winkel": "Q76425635", "Ekaterina Melnik": "Q56527910", "Allison Bates": "Q81834087", "Bianca Bakker": "Q92279857", "Carly Gold": "Q22957867", "Maaike Laagland": "Q19839647", "No\u00e9mie Fiset": "Q27843011", "Caitlin Fields": "Q19865451", "Isabella Schuster-Velissariou": "Q11286512", "Nienke Kleinsman": "Q83545109", "Rimgaile Meskaite": "Q11348457", "Eszter Szombathelyi": "Q17160452", "Nikola Mazur": "Q58366935", "Taylor Dean": "Q17161447", "Silje Borgersen": "Q15080818", "Nene Sakai": "Q60183610", "Alessia Zardini": "Q24876121", "Arisa Yamazaki": "Q11468067", "Aleksandra Kapruziak": "Q106702106", "Jang Mi": "Q23041497", "Levana Wu": "Q66709122", "Arijana Tirak": "Q24863711", "Hanna Kiviniemi": "Q58930050", "Kim Hyo-jin": "Q111511061", "Natasja Remstedt": "Q58929847", "Rosa Sheveleva": "Q7367125", "Szilvia Magyar": "Q56490049", "Valentina Chernushova": "Q20041381", "Lieselotte Swerts": "Q60516681", "Tamara Turoczy": "Q56490032", "Nina Larissa Wolfslast": "Q59314577", "Laura Raszykov\u00e1": "Q24895403", "Stien Vanhoutte": "Q27903932", "Anna Siedlecka": "Q24865823", "Aldrin Elizabeth Mathew": "Q56868085", "Leia Behlau": "Q19610303", "Adriana Hamui": "Q11956953", "Alina Beletskaya": "Q18818084", "Lauren Dinh": "Q6500189", "Caitlin Belt": "Q60517576", "Gans\u00fckhiin Maral-Erdene": "Q57613157", "Jemima Rasmuss": "Q24868122", "Jessica van Bentum": "Q84572894", "Lindsey Kent": "Q104532730", "Anouk Sanders": "Q76651957", "Abigail McCluskey": "Q85317699", "Marta Grigoryan": "Q118130221", "Sindra Kriisa": "Q21706108", "Park Cho-weon": "Q106592314", "Hayleigh Bell": "Q5686792", "Anna Afonkina": "Q11285368", "Sandrine Hofstetter": "Q56511815", "Miroslava Hri\u0148\u00e1kov\u00e1": "Q59510601", "Aili Xu": "Q123244388", "Myrtel Saldeen Olofsson": "Q60516750", "Eveliina Viljanen": "Q60516774", "Nicole Martinelli": "Q116202601", "Anouk Karel": "Q80191956", "Jialei Wang": "Q11572906", "Shi Xiaoxuan": "Q23043379", "Arianna Sighel": "Q57548948", "Natalia Jancosek": "Q56489810", "Joy Weinberg": "Q56598389", "Miku Asano": "Q62393111", "Jana \u010cejkov\u00e1": "Q56087134", "Esther Kiel": "Q23636325", "Josie Hofmann": "Q88074962", "Inga Anne Vasaasen": "Q22341458", "Naomi Weeland": "Q70345042", "Martine Lill\u00f8y Bruun": "Q11988567", "Olivia Serafini": "Q60976708", "Ariane Smit": "Q76427755", "Elizaveta Khreptugova": "Q70916307", "Dione Voskamp": "Q70708248", "Gloria Malfatti": "Q56641307", "Sophie Almassy": "Q18700944", "Ami Hirai": "Q58367302", "Tanja Odermatt": "Q16265045", "Danouk Bannink": "Q70707293", "Katarina Buric": "Q123244389", "Hanna-Maria Tammo": "Q56087139", "Brianna Bocox": "Q80760513", "Marika Steward": "Q114946170", "Kristina Zakharanka": "Q11299245", "Jang Soo-jee": "Q23044884", "Oliya Clarkson": "Q56597988", "Choi Jin-ju": "Q113016153", "Natalie Klotz": "Q27917617", "Angelina Ekaterinina": "Q60303093", "Kl\u00e1ra Sv\u011btl\u00edkov\u00e1": "Q20040885", "Hannah Sparke": "Q56598069", "Evgenia Kazantseva": "Q56087465", "Mei Itoh": "Q18817367", "Jana Coufalov\u00e1": "Q18456891", "Tineke den Dulk": "Q57549148", "Nicole Botter Gomez": "Q57549079", "Monika Peterka": "Q66809351", "Marina Elias": "Q56492962", "Magdalena Jask\u00f3\u0142ka": "Q28123944", "Minami Hanashiro": "Q17219640", "Rio Yamada": "Q59769583", "Hina Takeno": "Q60029843", "Elizaveta Usmantseva": "Q16264486", "Jordan Bauth": "Q60516895", "Hinano Isobe": "Q23948703", "Cho Kyung-ah": "Q12616564", "Kristina Baklanova": "Q56477180", "Zeynep Dilruba Sano\u011flu": "Q59329766", "Regina Glazman": "Q17232822", "Linda Rossi": "Q104840159", "Darin Khussein": "Q60516838", "Sandra Ristivojevic": "Q17232953", "Tjilde Bennis": "Q90823021", "Franchesca Chiera": "Q74810745", "Anne Leltz": "Q87916277", "Avalon Aardoom": "Q58369475", "Madina Zhanbussinova": "Q30879557", "Valeria Grechukhina": "Q56489501", "Madina Zhanbusinova": "Q123244422", "Ekaterina Krutskikh": "Q56087417", "Lina Miedema": "Q71713120", "Freya Reitsma": "Q87742880", "Vera G\u00fcntert": "Q105046879", "Kathryn Winstanley": "Q59538925", "Aur\u00e9lie Monvoisin": "Q58368255", "Stephanie Yuung-Shuh Chang": "Q58315617", "Pak So-hyang": "Q17217123", "Cecilie Mei Ling Hartmann": "Q58621675", "Lena Wu": "Q66709028", "Jiwon Park": "Q123244425", "Eike Langerbaur": "Q24899943", "Chiara Cristelli": "Q23298587", "Myrte Sandu": "Q81069615", "Aurelija Ipolito": "Q61874862", "Kristina Bedrosova": "Q59510607", "Marit Steunenberg": "Q81069751", "Yuna Onodera": "Q62579077", "Isabelle van Elst": "Q71711490", "Elena Smirnova": "Q56493671", "Maria-Katharina Herceg": "Q18818080", "Heli Tammem\u00e4gi": "Q61831328", "Tania Margarido": "Q59386488", "Yauheniya Varabyova": "Q81808921", "Elena Samkova": "Q70516985", "Brooke Tamepo": "Q56612308", "Jia Xin Ng": "Q66711812", "Nat\u00e1lie Kerschbaummayr": "Q21533026", "Emy Decelles": "Q60731994", "Carina Jagt\u00f8yen": "Q101247548", "Maeva Gallarda Rossell": "Q66809357", "Anna Shershak": "Q4767473", "Noemi Bonazza": "Q23067915", "Deborah Grisenti": "Q50403531", "Elif Erdem": "Q28411111", "Megan Wessenberg": "Q56676658", "Renee Marie Steenge": "Q123244383", "Irina Kuznetsova": "Q60601562", "Sterre Jonkers": "Q80112896", "Krist\u00edn Vald\u00eds \u00d6rn\u00f3lfsd\u00f3ttir": "Q61635309", "Helga Drost": "Q43371335", "Jelizaveta Leonova": "Q24868891", "Mihaela Hoga\u0219": "Q23309157", "Yulia Shishkina": "Q43077846", "Julia Biechler": "Q60976868", "Shayanne Casapao": "Q59543496", "Sandra Dekker": "Q81069746", "Sun Nan": "Q50327089", "Kim Min-jo": "Q50322286", "Rikki Doak": "Q123244382", "Katrin Manoilova": "Q123244378", "Viola Feichtner": "Q49160285", "Valentina A\u0161\u010di\u0107": "Q110814058", "Li Huawei": "Q23047525", "Shalena Rau": "Q56087297", "Gwendoline Daudet": "Q51208828", "Laura Lorenzato": "Q124609713", "Claudia Gagnon": "Q58368804", "Timila Shrestha": "Q20040639", "Britt de Boer": "Q81069614", "Haruno Yajima": "Q56087400", "J\u00falia B\u00e1tori": "Q20042285", "Gioya Lancee": "Q81496523", "Leah Steffan": "Q56598573", "Sumiya Buyantogtokh": "Q23073573", "Maru\u0161a Udrih": "Q59538881", "Morgan Flood": "Q59313420", "Elizaveta Avsiukevich": "Q121757876", "Ami Koga": "Q18226484", "Nadine Wang": "Q67982990", "Alexandra Shevchenko": "Q24863318", "Sze Chyi Chew": "Q61996752", "Teodora Markova": "Q56612173", "Marin Ono": "Q18225990", "Laia Bertran Gracia": "Q59386480", "Josien van der Wal": "Q104536055", "Nadjma Mahamoud": "Q24862939", "Uliana Titushkina": "Q11289153", "Selin Haf\u0131zo\u011flu": "Q59313712", "Jung You-jin": "Q60642652", "Margr\u00e9t S\u00f3l Torfad\u00f3ttir": "Q61635329", "Marianne St\u00e5len": "Q58230131", "Giulia Foresti": "Q24865730", "Christina Zaitsev": "Q56492707", "Kurumi Inagawa": "Q62548020", "Promsan Rattanadilok Na Phuket": "Q59543432", "Polina Ustinova": "Q66757936", "Petra Vankov\u00e1": "Q58369073", "Valentina Sch\u00e4r": "Q56477815", "J\u00e9r\u00f4mie Repond": "Q59510591", "Lea-Sophie Scholz": "Q81818214", "Daria Batura": "Q18817973", "Muri\u00ebl Meijer": "Q81059956", "Priscilla June Chau": "Q61962864", "Kristiine Kalev": "Q104846497", "Naomi van der Werf": "Q81069682", "Natalie Sangkagalo": "Q47495081", "Hope McLean": "Q56087413", "Anna Kovalyova": "Q105046693", "Agnieszka Rejment": "Q18818352", "Charlotte Vandersarren": "Q24874031", "Patrizia Sala": "Q60643483", "Alsu Kaiumova": "Q18226144", "Shaline R\u00fcegger": "Q24870613", "Guo Yuzhu": "Q56753156", "Guost\u0117 Damulevi\u010di\u016bt\u0117": "Q56087025", "Park Ji-yun": "Q110814324", "Jiyun Park": "Q123244426", "Zheng Lu": "Q24866251", "Aina Sorfina Mohd Aminudin": "Q41749528", "Lydia Erdman": "Q61014946", "Paulien Verhaar": "Q80112889", "Karolina G\u0105secka": "Q23304326", "Rebeka Sziliczei-Nemet": "Q50323388", "Sarah Feng": "Q56612631", "Alissa Scheidt": "Q58620983", "Brynne McIsaac": "Q56612313", "Zang Yize": "Q28042119", "Yancey Chan": "Q60552632", "Aoi Watanabe": "Q50330869", "\u0130layda Bayar": "Q56876463", "Simona Gospodinova": "Q58620944", "Sena Kim": "Q22129822", "Rachelle van de Griek": "Q71669549", "Li Jiayin": "Q59510600", "Nina Pol\u0161ak": "Q56395999", "Jessica Palfreyman": "Q62023747", "Cassandra Johansson": "Q56395979", "Alicia Tsingisser": "Q58229966", "Vivienne Contarino": "Q62023841", "Paige Rydberg": "Q100920033", "Jasmin G\u00fcntert": "Q105191701", "Tifani Teszari": "Q63026204", "Yana Bozhilova": "Q66793693", "Lucyna Okhrem": "Q56087218", "Lara Roth": "Q24867888", "Aneta Janiczkova": "Q56753619", "Clara Pestoni": "Q60643575", "Rina Yamana": "Q50323407", "Anastasiya Korkina": "Q69832132", "Chiara Censori": "Q57166690", "Veronika Sheveleva": "Q56478543", "Anzhelika Yurchenko": "Q56489876", "Zhansaya Adykhanova": "Q59286482", "Gabriela Ballov\u00e1": "Q30560754", "Eva Ga\u0161parcov\u00e1": "Q30637422", "Karen Sandra Ghebbari": "Q124608443", "Brigitte Schellhorn": "Q916642", "Veronika Joukalov\u00e1": "Q1409932", "Petra Ernert": "Q1588705", "Beatriz Hambeck": "Q15990545", "Yana Khan": "Q110814229", "Elizaveta Yushchenko": "Q24897439", "Zhang Mingyang": "Q56087205", "Lemi Williamson": "Q61652253", "Nina Letenayov\u00e1": "Q24870038", "Natalia Ogoreltseva": "Q16264994", "Neira Kiso": "Q56395292", "Alexandra Hagarov\u00e1": "Q24869608", "Sarah Isabella Bardua": "Q56678116", "Tasya Putri": "Q58621004", "Cirinia Gillett": "Q56598402", "Kristina Silaeva": "Q105046868", "Lindsay Weinstein": "Q23771803", "Hannah Whitley": "Q56508802", "Alisa Turchina": "Q56676669", "Nica Digerness": "Q56604747", "Ane By Farstad": "Q52285392", "Aur\u00e9lie Faula": "Q121463257", "Kim Min-ji": "Q86668496", "Kamila Stormowska": "Q50323631", "Natalie Kratenova": "Q56087479", "Anastasia Kholkina": "Q56751313", "Fang Huiyan": "Q90522616", "Zhao Ying": "Q56087206", "Sara Jane Dana": "Q56379454", "Naomi Verkerk": "Q73221111", "Isa Merkuur": "Q81069617", "C\u00e9line Blarer": "Q60643505", "Daria Gozhva": "Q24869141", "Gloria Ioriatti": "Q57549113", "Bertha Natalie Hognestad": "Q104530247", "Hanna Jakucs": "Q56490115", "Alina Suponenko": "Q57466979", "Alena Ryvkina": "Q57467243", "Katharina Thien": "Q105046562", "Julie Letai": "Q106407252", "Erika Lindgren": "Q50330845", "Victoria Keltie S\u00e6tersdal": "Q115097319", "Iga Wojtasik": "Q117157303", "Lianne van Loon": "Q83544137", "Ching Ting Su": "Q69667541", "Francesca Righi": "Q56508283", "Daria Jakab": "Q58230065", "Josephine Heimerl": "Q105046757", "Aleksandra Nesterova": "Q59543548", "Jane Iskov": "Q72914775", "Vivian Le": "Q20909183", "Sandra Ramond": "Q66757790", "Anastasia Kolomiets": "Q61831287", "Josephine K\u00e6rsgaard": "Q61685141", "Pia-Leonie Kirsakal": "Q105737276", "Ashlynne Stairs": "Q56508741", "Anastasia Zajtseva": "Q60644093", "Mathilde Viard": "Q56508189", "Vilde Baas": "Q115239502", "Roos Markus": "Q81069747", "Li Gong": "Q123244384", "Lena Kreitmeier": "Q56868074", "Maud Lugters": "Q76634062", "Julie Froetscher": "Q58230030", "Sarah-Maude Blanchard": "Q56599492", "Aneeta Lingam": "Q59543574", "Yue Han": "Q56612708", "Maryia Saldakayeva": "Q56753571", "Sara Boschiroli": "Q57494385", "Charlotte Lim": "Q66828054", "Linden van Bemmel": "Q72925820", "Elizabete Jubk\u0101ne": "Q57234989", "Akari Matsubara": "Q60029830", "Merily Keskk\u00fcla": "Q56605150", "Patricia Skopancic": "Q58621781", "Hiu Lok Chow": "Q56753516", "Honoka Hirotani": "Q28689114", "Hilde Noppert": "Q89458405", "Anastasia Schneider": "Q23014427", "Palina Salaneka": "Q57494308", "Kim Talsma": "Q83545711", "Sofia Del Rio": "Q56678097", "Flora M\u00fchlmeyer": "Q56868232", "Kristina Isaev": "Q60057063", "Marit van Beijnum": "Q89311674", "Ekaterina Khokhlova": "Q59710279", "Lisa Eckstein": "Q57609547", "Laura Karhunen": "Q60514008", "Eliana Gropman": "Q56243131", "Elen Hakobyan": "Q57234295", "Elisabeta Ko\u0159\u00ednkov\u00e1": "Q67168877", "Natalia Jabrzyk": "Q104844950", "Svetoslava Ryadkova": "Q60614360", "Maxine Marie Bautista": "Q60318818", "Amelia Scarlett Jackson": "Q56395637", "Xinran Wang": "Q123244386", "Yoon Seo-young": "Q58315506", "Haley Yao": "Q66711806", "Gabriela Topolska": "Q123244436", "Laura Ismagulova": "Q59543604", "Eline van Voorden": "Q83547201", "Viktorija Shitova": "Q60674976", "Sarah Rose": "Q113009132", "Leticia Marsh": "Q56529075", "Vira Gorodetska": "Q56598869", "Hanna Paroshyna": "Q66796346", "Yuliia Zhata": "Q60032026", "Amanda Stan": "Q60551665", "Giorgia Isabella Sechi": "Q56753538", "Hannah Dawson": "Q56599630", "Shokhsanam Tokhirova": "Q59313690", "Eliana Kalogirou": "Q56478610", "Rino Kasakake": "Q43424328", "Hilary Elizabeth Asher": "Q56379643", "Kari-Sofie Tellefsen": "Q72914485", "Katerina Grishkun": "Q60643165", "Elizaveta Kashitsyna": "Q56870996", "Anastasiia Grigoreva": "Q105046830", "Saya Suzuki": "Q30922595", "Cristiana Mihaela Silca": "Q60551698", "Elena Pavlova": "Q73979116", "Aur\u00e9lie L\u00e9v\u00eaque": "Q105076799", "Laura Peveri": "Q80217269", "Lara Luft": "Q56507728", "Frida Turiddotter Berge": "Q56244168", "Georgie Dalrymple": "Q105821728", "Nea Smolej": "Q56244175", "Bel\u00e9n \u00c1lvarez": "Q56478471", "Chloe Curtin": "Q56490530", "Cong Yue": "Q56678428", "Kim Cheremsky": "Q56244172", "\u00c9lodie Eudine": "Q56244603", "Ana Cecilia Sydow": "Q56395512", "Smilla Szalkai": "Q56244760", "Sacha van der Weide": "Q109331494", "Famke Minnee": "Q83545433", "Ana Maria Ion": "Q56478534", "Camille Chervet": "Q60643493", "Irina Galiyanova": "Q56507930", "Anastasia Gracheva": "Q61803671", "Yoonmi Lehmann": "Q56877440", "Nadzeya Novik": "Q60644315", "Leonie Bats": "Q104521722", "Anna Ivanchenko": "Q59313670", "Nikola Rychta\u0159\u00edkov\u00e1": "Q56876417", "Alina Efimova": "Q56877155", "Dorota Broda": "Q61635794", "Gweneth Sletten": "Q56508137", "Sofiya Karagodina": "Q61871466", "Rin Kosaka": "Q62593952", "Elena Seregina": "Q110236170", "Maria Talalaikina": "Q60029250", "Petra Rusn\u00e1kov\u00e1": "Q58368891", "Annely Vahi": "Q115729344", "Presiyana Dimitrova": "Q60994754", "Jeon Jeon-geun": "Q56242615", "Una Willhoite": "Q123244456", "Erika Sanjaya": "Q58315696", "Lucy Sori Yun": "Q56599540", "Daniela Ko": "Q56244800", "Petra Jasic": "Q81903926", "Lee Ji-yun": "Q38402641", "Sita Vermeulen": "Q82749310", "Sofia Isabel Victoria Guidote": "Q57235040", "Mariia Mostenets": "Q57467512", "Federica Zamponi": "Q67918189", "Alina Solovyeva": "Q60552837", "Emma Gunter": "Q56605760", "Myrthe De Boer": "Q81498379", "Han Seung-yun": "Q56507967", "Eline Jansen": "Q83544867", "Riko Takino": "Q38276021", "Anastasija Pavlovicha": "Q60674968", "Sini Siro": "Q81907052", "Karina Sidarenka": "Q56507845", "Chenny Paolucci": "Q56604561", "Olivia Weedon": "Q81908059", "Jeon Gyo-hee": "Q56395231", "Elisa Confortola": "Q81902373", "Aleksandra Rutkovskaya": "Q81906603", "Akari Nakahara": "Q56612298", "Hiu Ching Kwong": "Q56599522", "Maja Wagner": "Q81907987", "Ramona Ionel": "Q81903814", "Maja Ivandi\u0107": "Q81903872", "Y\u016bka Takahashi": "Q81907457", "Natalia Lerka": "Q59769757", "Haruna Nagamori": "Q81905669", "Anna Ostlender": "Q81905974", "M\u00e1ria Sofia Pucherov\u00e1": "Q56676645", "Ekaterina Mitrofanova": "Q20973734", "Hanna Svenni": "Q115257753", "Tatsiana Chornaya": "Q57465838", "Anastassiya Khvan": "Q56599619", "Iuliia Beresneva": "Q81901834", "Lizaveta Khlypauka": "Q57466018", "Liudmila Molchanova": "Q67919871", "Victoria Stirnemann": "Q76449094", "Anna Bertran": "Q56244373", "Elisavet Voulgari": "Q56478523", "Tetiana Zarvanska": "Q81908298", "Marta Dobrowolska": "Q81902651", "Cristina Mikaela Vlassov Rodiguina": "Q56599590", "Vera Stolt": "Q56478655", "Julie Berg Sj\u00f8brend": "Q81907059", "Teekhree Silpa-archa": "Q57235217", "Leila Meijer": "Q83545145", "Gulzhan Zhumadilova": "Q60673703", "Dominyka Moleviciute": "Q56478557", "Karyna Shypulia": "Q81907007", "Lee Hyun-soo": "Q38796937", "Kim Chan-seo": "Q81904257", "Tatiana Lyirova": "Q56870403", "Anastasiia Melnikova": "Q56870517", "Selma Valitalo": "Q56876429", "Laiken Lockley": "Q56379865", "Chloe Choinard": "Q56871025", "Daria Kopacz": "Q81904462", "Yang Binyu": "Q81908183", "Jingyi Wang": "Q81908028", "Komila Faradjaeva": "Q58230182", "Jiaying Sui": "Q56612721", "Barbara Somogyi": "Q58369197", "Evelien Vijn": "Q101094880", "Anna Vostrikova": "Q110814038", "Alexandra Panagiota Manis": "Q113649174", "Caya Scheepens": "Q56753592", "Sofiya Buzayeva": "Q69302826", "Giuditta Sartori": "Q74808394", "Yixuan Zhang": "Q60251887", "Magdalena Zawadzka": "Q56753605", "Gemma Marshall": "Q56245464", "Sophie-Laureen Guenther": "Q56395788", "Chloe Dan Tsoi": "Q56605835", "Kim Bo-young": "Q56604554", "Leona Rogi\u0107": "Q56396083", "Alina Iushchenkova": "Q61684493", "Jasmin Elsebaie": "Q56395315", "Sophie Warmuth": "Q110741670", "Katia Filippi": "Q81902889", "Corinna Huber": "Q56354351", "Arina Somova": "Q56478597", "Shiika Yoshioka": "Q56395662", "Lenne van Gorp": "Q56395703", "Chang Hui": "Q81902232", "Danielle Gebser": "Q66828014", "Genevieve Somerville": "Q61733960", "Gabrielle Levesque": "Q56380181", "Heidrun Pipal": "Q56379668", "Emily Saari": "Q116858058", "Ameera Mubarak": "Q69668006", "Pooja Kalyan": "Q56244983", "Nicola Korck": "Q56599426", "Kl\u00e1ra \u0160t\u011bp\u00e1nov\u00e1": "Q56604556", "Hana Cvijanovi\u0107": "Q56244595", "Kim Hyun-soo": "Q56676651", "Anna Ruysschaert": "Q81906606", "Chiara Betti": "Q117075766", "Laura Kivioja": "Q81904328", "Daria Kvartalova": "Q56612675", "Megan Ly": "Q56876410", "Tsin Nam Nicole Chan": "Q56478621", "No\u00e9mie Bodenstein": "Q56396069", "Ro Hyang-mi": "Q56753312", "Andrea Pekarek": "Q66828042", "Yu-Hsun Lin": "Q56599534", "Eliza Pancheva": "Q63154755", "Emelie Ling": "Q66828059", "Femke De Boer": "Q123244428", "Yukino Yoshida": "Q81908244", "Mariya Gorbunova": "Q81903188", "Kristina Grigorova": "Q56876388", "Park Chae-eun": "Q86662934", "Mariya Filippova": "Q59313677", "Zhang Chutong": "Q81908331", "Varvara Romadinova": "Q60031234", "Chow Hiu Yau": "Q69666575", "Laura Hall": "Q125224036", "Lee Eun-seo": "Q56678125", "Lucie Korvasov\u00e1": "Q124555266", "Ko Eun-bi": "Q37467161", "Karina Akopova": "Q61635848", "Jenny Shyu": "Q66708987", "Marissa Wu": "Q67242021", "Min Hui Kim": "Q81904273", "Zuzana Kur\u0161ov\u00e1": "Q81904662", "Emma Bulawka": "Q56395811", "Amelia Orzel": "Q67914903", "Chiara Balbo": "Q66827870", "Eva Iakovleva": "Q57234928", "Eugenia Garza": "Q56599484", "Olivia Gran": "Q60732010", "Alexanne Bouillon": "Q66798371", "Dione Tan": "Q81907467", "Ann-Christin Marold": "Q56753523", "Fran Vanhoutte": "Q81907850", "Jeon Su-been": "Q36489902", "Hui Jeen Tan": "Q56599507", "Hanna Sokolowska": "Q81907156", "Andreea Voicu": "Q68658130", "Xin Yi Loke": "Q56599526", "Nicole Calderari": "Q69565116", "Jekaterina Rudneva": "Q60643159", "Kelly Elizabeth Supangat": "Q56599479", "Luisa Maria Gonzalez Salazar": "Q81903182", "Momoka Horikawa": "Q110517953", "Soomin Kang": "Q81904078", "Viktoriia Azroian": "Q56507629", "Ivelina Baycheva": "Q56753463", "Denisa Cimlov\u00e1": "Q67263532", "Chloe Panetta": "Q56612662", "Maria Dobosz": "Q81902646", "Valeriya Sorokoletova": "Q81907168", "Marta Mar\u00eda J\u00f3hannsd\u00f3ttir": "Q56478549", "Nicole Wigger": "Q57494729", "Fatma Yade Karl\u0131kl\u0131": "Q116957665", "Marina Asoyan": "Q57233924", "Betty Moeske": "Q81905492", "Aliaksandra Haurylkina": "Q57494136", "Ema Doboszov\u00e1": "Q56244585", "Edita Hor\u0148\u00e1kov\u00e1": "Q66793552", "Malika Ermek": "Q123244418", "Hanna Biro": "Q81901937", "Amelia Rams": "Q67915834", "Catherine Carle": "Q81902187", "Yasemin Zeki": "Q67246798", "Katerina Fricova": "Q56395575", "Anne Marie Jordan": "Q66660236", "Marion Papka": "Q56753472", "Lorena \u010ci\u017emek": "Q68657785", "Diane Gabrielle Panlilio": "Q56599549", "Jildou Hoekstra": "Q109330462", "Ilka Fuzesy": "Q81903004", "Cheuk Ka Kahlen Cheung": "Q56395215", "Julia Brovall": "Q69667815", "Lizaveta Malinouskaya": "Q57494249", "Amalie Haugland": "Q81903482", "Julia Kierul": "Q66660265", "Anna Jansone": "Q81903920", "Hailey Choi": "Q81902321", "Mirei Nakashima": "Q123244416", "Mark\u00e9ta Fajkusov\u00e1": "Q81902805", "Josephine Schl\u00f6rb": "Q110751701", "Angela Camp Torres": "Q56478558", "Ishita Kapoor": "Q56599579", "Hana Kosic": "Q56753562", "Klimentina Maleevska": "Q56876448", "Diede van Oorschot": "Q81907841", "Lee Siwon": "Q60642427", "Jenell Berhorst": "Q81901852", "Kate Finster": "Q56753328", "Dina Storelid": "Q119412342", "Sarah Jung": "Q68658203", "Bristena Patricia Prodea": "Q57235186", "Josipa Jagodi\u0107": "Q68660184", "Jessica Lin": "Q66828074", "Amy Morris": "Q68657946", "Ana Camila Gonzalez": "Q67915487", "Bernadett Szigeti": "Q69666935", "Sofie Ulset": "Q119010041", "Niginabonu Jamoliddinova": "Q67247735", "Maya Gorodnitsky": "Q56380462", "Pien Hersman": "Q109332152", "Sara Hong": "Q72910290", "Ksenia Tsibinova": "Q75081275", "Sara Carli": "Q66793535", "Alina Dauranova": "Q81902517", "Clo\u00e9 Ollivier": "Q81905930", "Azhar Zhumakhanova": "Q56244367", "Angela Prilepchanska": "Q56395866", "Jade Groenewoud": "Q109316361", "Viktoria Bj\u00f6rnsd\u00f3ttir": "Q56244363", "Serena Pergher": "Q81906120", "Viktoriia Iushchenkova": "Q66660213", "Parrii Srohi": "Q108649639", "Chlo\u00e9 Hoogendoorn": "Q110751613", "Maryna Zhdanovych": "Q56753611", "Moa Iwano": "Q38277856", "Dorotea Partonjic": "Q69666454", "Pien Smit": "Q109330828", "Akari Matsuoka": "Q40039372", "Emelie Nordqvist": "Q56478608", "Molly Robotham": "Q66827921", "Kseniia Adamenko": "Q123244441", "Anna Scheglova": "Q61635192", "Svitlana Repetska": "Q123244448", "Ana \u010cmer": "Q56876459", "Yuyao Zhang": "Q60253589", "Ana Sofia Be\u0219chea": "Q56244356", "Liu Motong": "Q56379706", "Anastasia Kostyuk": "Q61414293", "Ekaterina Luneva": "Q67146972", "Valeriia Sidorova": "Q67240607", "Myeongbi Jung": "Q123244399", "Isabelle Inthisone": "Q67147030", "Varvara Bandaryna": "Q81901275", "Carla Alvarez Fernandez": "Q81901090", "Jade Hovine": "Q113644626", "Eszter Toth": "Q123244408", "Patricia Koot": "Q116702340", "Sin Tal-mi": "Q67244019", "Diana Suleimenova": "Q57234609", "Darya Gavrilova": "Q81903065", "Eva Grenouilloux": "Q111488270", "Anna La Porta": "Q67246325", "Mandy Chiang": "Q56395351", "Camille Perreault": "Q56612644", "Darya Rabkova": "Q56243225", "Anna Rakovych": "Q56244582", "Morgane Crausaz": "Q56753509", "Nataly Langerbaur": "Q60643174", "Louisiana Stahl": "Q123244455", "Alexandra Michaela Filcov\u00e1": "Q56244352", "Alyssa Pok": "Q81906220", "Lara Hrovat": "Q56876460", "Mariia Andriichuk": "Q117305044", "Myroslava Seliukova": "Q123244449", "Stanislava Vislobokova": "Q61634772", "Nadezhda Labazina": "Q59958353", "Tereza Zendulkov\u00e1": "Q56243188", "Calista Choi": "Q66660292", "Nargiz Suleymanova": "Q66660204", "Yu Seung-been": "Q56876456", "Anna Dea Gulbiani-Schmidt": "Q56876441", "Laziza Salieva": "Q57235280", "Kate\u0159ina Mach\u00e1\u010dkov\u00e1": "Q81905093", "Elizabeth Golding": "Q56395775", "Linnea Kilsand": "Q67915750", "Marian Millares": "Q62023636", "Yelyzaveta Sydorko": "Q123244450", "Maja Somodi": "Q111481218", "Alexia Turunen": "Q81907760", "Melinda Sch\u00f6nborn": "Q111482694", "Eunice Lee": "Q110814407", "Kim Min-seung": "Q57235129", "Uliana Orlova": "Q61635164", "Paula Margarido Pereira": "Q66659911", "Darja Mijatovic": "Q69667327", "Kateryna Dzitsiuk": "Q60031213", "Yokoi Kinayu": "Q56478533", "Gian-Quen Isaacs": "Q56478612", "Ginevra Lavinia Negrello": "Q67245303", "Swayam Bhatia": "Q106546472", "Amanda Hsu": "Q122584932", "Maria Smirnova": "Q61414643", "Jocelyn Hong": "Q56395611", "Catharina Victoria Petersen": "Q66660020", "Aleks Nam": "Q67245876", "Ruth Xu": "Q66660254", "Patricia Andrew": "Q56243213", "Kate Wang": "Q67247190", "Kamila Sultanmagomedova": "Q57495123", "Darya Svobodina": "Q67147045", "Selina Kaneda": "Q56478613", "Abigail Liew": "Q66828001", "Sara-Maude Dupuis": "Q116493698", "Emika Miyagawa": "Q124556062", "Linh Kh\u00e1nh Tr\u1ea7n": "Q67248620", "Thea Reichmacherov\u00e1": "Q68660407", "Anastasija Konga": "Q67147005", "Michaela Vra\u0161\u0165\u00e1kov\u00e1": "Q67915181", "Cate Fleming": "Q81902903", "Hengxin Jin": "Q60252259", "Alina Azhgaliyeva": "Q123244417", "Amelie Tabor": "Q67240937", "Ye Wang": "Q123244387", "Mariia Bolsheva": "Q67915287", "Lili Krizsanovszki": "Q68658056", "Elena Komova": "Q67244432", "Zara Hused\u017einovi\u0107": "Q68659659", "Pantaree Sutcharit": "Q66828068", "Vasilisa Kaganovskaia": "Q119296897", "Taisiia Spesivtseva": "Q117802878", "Kseniia Klymenko": "Q66660284", "Sophie Sprung": "Q66660193", "Jogail\u0117 Aglinskyt\u0117": "Q66660221", "Merilyn Otgonbayar": "Q67915655", "Oda Havgar": "Q116957502", "Cheng Jiaying": "Q113686826", "Victoria Alcantara": "Q66827892", "Ivetta Berkovich": "Q67146993", "Seoyeon Cho": "Q124555779", "Daria Zsirnov": "Q121463137", "Ching Yan Lam": "Q123244403", "Isabelle Martins": "Q66821330", "Nikol Vaytkus": "Q61414759", "Nastassia Sidarenka": "Q82226181", "Babeth Hansson-\u00d6stergaard": "Q116956515", "Bagdana Rakhishova": "Q116495929", "Sophia Natalie Dayan": "Q68659454", "Julia van Dijk": "Q116957317", "Maria Manova": "Q68659752", "Katherine Ong Pui Kuan": "Q69667228", "Marija Degen": "Q124556055", "Harshita Rawtani": "Q66827969", "Yeva Shulga": "Q67915909", "Julija Lovren\u010di\u010d": "Q121463093", "Michelle Edgina Axille": "Q110102262", "Sofiya Farafonova": "Q116495281", "Tamara Tok\u00e1rov\u00e1": "Q111482782", "Justine Miclette": "Q116494602", "Maria Mokhova": "Q114845686", "Sofiia Hryhorenko": "Q116957689", "Kristina Shumekova": "Q124790647", "Daria Afinogenova": "Q113650705", "Elena Agostinelli": "Q113644729", "Varvara Kisel": "Q121354280", "Di\u00e1na Laura V\u00e9gi": "Q123244409", "Vanesa \u0160elmekov\u00e1": "Q116957532", "Nina Fredriksson": "Q116957570", "Anastasia Zinina": "Q124051774", "Nao Kida": "Q113688134", "Ekaterina Chikmareva": "Q123992045", "Angel Daleman": "Q116818339", "Barbora Kuci\u00e1nov\u00e1": "Q121463941", "Martina Ariano Kent": "Q122089169", "Stella Makri": "Q116956705", "Martine Solem": "Q115271153", "Vlada Vasiliev": "Q116493321", "Song Si-woo": "Q108808221", "Veronika Yametova": "Q115114306", "Noelle Streuli": "Q116957519", "Anna Falkowska": "Q123244432", "Tsz Ching Chan": "Q116226473", "Mariya Dmitriyeva": "Q61414931", "Stefania Yakovleva": "Q116956488", "Chloe Desiree Leung": "Q121775502", "Marie Sch\u00f6nmann": "Q96384697", "Chiara Hristova": "Q116956243", "Zhang Ruiyang": "Q122066969", "Nikola Fomchenkova": "Q116957114", "Natalia Acosta Moises": "Q116957228", "Josephine Lee": "Q116957709", "Mia Kalin": "Q122413662", "Ayumi Shibayama": "Q113629699", "Olesya Ray": "Q116956686", "Iida Karhunen": "Q116956654", "Megan Wong": "Q121776000", "Han Heesue": "Q108751046", "Wang Yunjie": "Q122091203", "Veronika Zhilina": "Q99517094", "Aliyah Ackermann": "Q122091712", "Zhang Mengqi": "Q121774120", "Sienna Kaczmarczyk": "Q121774179", "Andrea Guo": "Q116858052", "Barbora Tykalov\u00e1": "Q116956497", "Hetty Shi": "Q121774003", "Alexa Severn": "Q116956698", "Youn Seojin": "Q121658149", "Zoja Kramar": "Q116957554", "Sherry Zhang": "Q122700429", "Phattaratida Kaneshige": "Q116957655", "Soho Lee": "Q116957731", "Maria Eliise Kaljuvere": "Q116956648", "Gabriella Grinberg": "Q116956890", "Hannah Frank": "Q116956065", "Tsai Yu-Feng": "Q121774292", "Polina Dzsumanyijazova": "Q116956722", "Li Ruotang": "Q121774056", "Shi Wenning": "Q122089866", "Luna Shimogaki": "Q121774205", "Gao Shiqi": "Q123766493", "Tong Ruichen": "Q121774091", "Xue Yun": "Q121776372", "Hana Bath": "Q116858045", "Wang Yihan": "Q123766497", "Stefania Gladki": "Q123868326", "Hwang Jeongyul": "Q122414053", "Nora Coppens": "Q86241101", "Mitsuko Tezuka": "Q11496973", "Kayo Shirahata": "Q11579759", "Michiko Yano": "Q11584426", "Ky\u014dko Hagiwara": "Q11618964", "Izumi Aotani": "Q11662771", "Megumi Aotani": "Q11662773", "Magdalena Komorowska": "Q11766051", "Alicia S\u00e1nchez": "Q11957430", "Briana Pinz\u00f3n": "Q11962266", "Marcela Kloudov\u00e1": "Q11988098", "Maricarmen Szeszko": "Q11988259", "Tania Rojas": "Q12005189", "Azra Deli\u0107": "Q12627453", "Edda Indri\u00f0ad\u00f3ttir": "Q15150648", "Andrea Antillon": "Q16167093", "Zhanna Ilina": "Q16655362", "Masako Kawai": "Q16770238", "Nana Aeba": "Q17190841", "Keiko Atiwa": "Q17191413", "Y\u016bko Araki": "Q17191912", "Ishikawa Yoko": "Q17192980", "Junko Ito": "Q17193341", "Komako Iwadate": "Q17193699", "Harumi Yoshizawa": "Q17210253", "Shuko Takeyama": "Q17210579", "Kumiko Taneda": "Q17212096", "Hitomi Kurahashi": "Q17215460", "Junko Onoda": "Q17219106", "Misato Kage": "Q17219127", "Sumiko Shimodaira": "Q17219416", "Yoshiko Nakada": "Q17219726", "Fumiko Nishimura": "Q17219839", "Akiko Nogami": "Q17219884", "Yoko Midoro": "Q17220562", "Yoko Yakushi": "Q17220786", "Megumi Yanagihara": "Q17222182", "Mari Kobayashi": "Q17222274", "Reiko Kobayashi": "Q17222307", "Yumiko Kage": "Q17226823", "Toshie Sakurai": "Q17228611", "Hisako Honda": "Q17230288", "Y\u014dko \u014ciwa": "Q17231404", "Noriko Harada": "Q17231434", "Marcela V\u00e1vrov\u00e1": "Q17711973", "Misachi Kashiwagi": "Q22123112", "Melissa Thomas": "Q26044942", "Dorothy Jenkins": "Q27917630", "Erna Scheibert": "Q48847069", "Han Soo-Lim": "Q50323282", "Lee Su-Youn": "Q50323295", "Yuliia Beresneva": "Q50323332", "Margit Lauritsen": "Q51133737", "Minako Taki": "Q52269667", "Anna-Liisa Tuominen": "Q52288430", "Taeko Kitani": "Q52476589", "Yasuko Kawanami": "Q52476603", "Gladys Ferguson": "Q52476619", "Choko Yanase": "Q52476628", "Kaarina Willberg": "Q52476652", "Toini Nieminen": "Q52476660", "Jang In-suk": "Q52476727", "Jana Bryndov\u00e1": "Q56087136", "Vlada Mishina": "Q56087175", "Katarzyna Wilczyk": "Q56087185", "Naomie Boudreau": "Q56087257", "Rinata Araslanova": "Q56087325", "Jade-Savannah Godin": "Q56087332", "Natalia Mitina": "Q56087341", "Irina Moiseeva": "Q56087419", "Stephanie Kuban": "Q56087440", "Alexandra Minina": "Q56087481", "Julian Burns": "Q56087488", "Alicia Williams": "Q56087583", "Shanna Rene de Cotret-Laporte": "Q56477011", "Manal Kanojia": "Q56477277", "Nellia Kasianova": "Q56477449", "Anna Chiara Laffranchi": "Q56477581", "Lisa Moore": "Q56479045", "Michaela Cieslarov\u00e1": "Q56489793", "Katie Beriau": "Q56489929", "Annie Royapen": "Q56490513", "Alicia Lambrinakos-Raymond": "Q56491211", "Tatiana Kuznetsova": "Q56491343", "Nancy Truuvert": "Q56493026", "Meghan McCullough": "Q56506871", "Amanda Miller": "Q56508116", "Lou Aliz\u00e9e Campan": "Q56508207", "Charlotte Hester": "Q56511037", "Jessica Flemin": "Q56511731", "Brenna Doherty": "Q56526554", "Amanda Ribeiro": "Q56527034", "Kristen Nardozzi": "Q56527455", "Marilu Guarneri": "Q56527517", "Noemie Arseneault": "Q56527661", "Evgenia Krapivina": "Q56527866", "Alexandra Gorovaia": "Q56527890", "Anastasia Karnaushenko": "Q56528379", "Evelina Bagalina": "Q56528465", "Kathryn Leak": "Q56528630", "Caroline Falardeau": "Q56529354", "Haili Moyer": "Q56598014", "Bianka Gadosy": "Q56598108", "Emily Pike": "Q56598547", "Camilla Barht": "Q56598611", "Sarah Lysne": "Q56598621", "Arielle Trujillo": "Q56598647", "Federica Madaschi": "Q56605069", "Sara Baldelli": "Q56605075", "Winter Deardorff": "Q56611990", "Kayla Charky": "Q56612196", "Arina Voevodina": "Q56751282", "Maria Deriabina": "Q56751300", "Isabella Mancini": "Q56868280", "Victoria Oliver": "Q56868401", "Ekaterina Belova": "Q56871059", "Hanna Babrova": "Q57494045", "Choi Hyun-soo": "Q57494515", "Volha Dzhezhora": "Q57495113", "Darya Kapskaya": "Q57495115", "Alesya Kolesnikova": "Q57495117", "Valerya Krantouskaya": "Q57495118", "Kseniya Liasneuskaya": "Q57495119", "Mariya Shtaida": "Q57495121", "Serena Joy Roblin": "Q57495122", "Uliana Zhukova": "Q57495126", "Milana Matakaeva": "Q57496616", "Natalya Khabibullina": "Q57496713", "Anna Matveeva": "Q57542663", "Olga Bokova": "Q57542960", "Aleksandra Ivanova": "Q57543450", "Adrianna Cagnon": "Q58230002", "Anna Memola": "Q58230089", "Milada Dosl\u00e1": "Q58366777", "Vera Rasskazova": "Q58367137", "Michaela Kunc\u00edrov\u00e1": "Q58367240", "Caroline Murphy": "Q58367476", "Delia Paparella": "Q58621739", "Isabelle Paulsson": "Q58929778", "Sonja Pfersdorf": "Q58934142", "Sophie Maarouf": "Q59313483", "Varvara Ramadinova": "Q59313664", "Ildi Adok": "Q59313665", "Zeynep Yigit": "Q59313701", "Elettra Olivotto": "Q59314515", "Jade Rautiainen": "Q59314529", "Bethany Powell": "Q59314900", "Lowri Jones": "Q59314917", "Morgan Swales": "Q59314944", "Polina Levitskaya (Mozokhina)": "Q59334270", "Christel Abraham": "Q59484094", "Masinee Chayangkura": "Q59510606", "Julia Andreeva": "Q59511169", "Klo\u00e9 Rozgonyi": "Q59769822", "Wakana Naganawa": "Q60029774", "Hiyori Tokura": "Q60029861", "Saki Miyake": "Q60029866", "Ayumi Kagotani": "Q60029880", "Sui Takeuchi": "Q60030285", "Ibuki Sat\u014d": "Q60030326", "Yelyzaveta Babenko": "Q60031165", "Mariia Kuznetsova": "Q60031317", "Miriam Abdulkarimova": "Q60031339", "Nikol Ishkova": "Q60031367", "Kateryna Striuchenko": "Q60031434", "Anastasiia Mitrofanova": "Q60031443", "Oleksandra Bratsiun": "Q60031455", "Yelyzaveta Galazdra": "Q60031466", "Snizhana Khristenko": "Q60031477", "Victoriia Bychkova": "Q60031773", "Jasmin Lugert": "Q60057101", "Celine G\u00f6bel": "Q60057128", "Lo\u00efs Arickx": "Q60220980", "Lisa Van Genck": "Q60220994", "Anneliese Van Houdt": "Q60221007", "Qijing Cao": "Q60251641", "Xinhui Feng": "Q60251712", "Mingyuan Wang": "Q60251838", "Guanru Jin": "Q60251981", "Chenchen Sha": "Q60252042", "Zilin Cheng": "Q60252303", "Qingrun Chen": "Q60252396", "Tong Mo": "Q60252463", "Chuyi Wang": "Q60252500", "Minzhi Jin": "Q60252563", "Shenya Li": "Q60254775", "Svetlana Mozer": "Q60309364", "Ruiqi Zhang": "Q60314120", "Marie Haas": "Q60473388", "Irina Preda": "Q60474149", "Bianca Enache": "Q60474160", "Leena Rissanen": "Q60516394", "Nicole Janacs": "Q60550889", "Miso Lee": "Q60551726", "Gabrijela Babic": "Q60552706", "Lee Yu-lim": "Q60552805", "Ashley Colliver": "Q60554766", "Cierra Nelson": "Q60554797", "Deborah Toms": "Q60554818", "Jennifer Toms": "Q60554881", "Esmeralda Andersson": "Q60558153", "Nathalie S\u00f6derlind": "Q60558167", "Danielle Kristensson": "Q60558174", "Tilda Alteryd": "Q60558186", "Johanna Wick": "Q60558194", "Cecilia Fryd\u00e9n": "Q60558210", "Victoria Kafol": "Q60558513", "Isabella Messinger": "Q60558526", "Anastasiya Trapeznikova": "Q60606343", "Hinako Katayama": "Q60614826", "Marin Okamoto": "Q60614831", "Nonoka Ise": "Q60614837", "Niina Takeno": "Q60614846", "Hana Horimi": "Q60614849", "Airi Miyamoto": "Q60614853", "Momoka Hatasaki": "Q60614857", "Yuka Chon": "Q60614859", "Rei Yoshimoto": "Q60614864", "Yukino Fuji": "Q60614868", "Chisato Uramatsu": "Q60614879", "Serina Okada": "Q60614881", "Rika Tejima": "Q60614884", "Youn Ha-rim": "Q60642440", "Seo Ye-eun": "Q60642453", "Park Miseon": "Q60642617", "Kim Do-eun": "Q60642632", "Noh Chae-eun": "Q60642670", "Kang Soo-min": "Q60642691", "Park Go-eun": "Q60642703", "Marie Kolly-Millasson": "Q60643472", "Vivien Colleen Jacobs": "Q60643498", "Ga\u00eblle Cappi": "Q60643526", "Linda Valeria Kaiser": "Q60643549", "Sabrina Tscharner": "Q60643585", "C\u00e9line Eng": "Q60643588", "Polina Sirotkina": "Q60644070", "Kseniya Lesnevskaya": "Q60644230", "Mariya Sherstobitova": "Q60644248", "Arina Gall-Savalskaya": "Q60644255", "Viktoriya Volosozhar": "Q60644349", "Tatsiana Yatskova": "Q60644391", "Kristina Kipinova": "Q60644404", "Allysha Tan": "Q60674541", "Lidia Voblenko": "Q60674630", "Sallianna \u00d6zt\u00fcrk": "Q60674895", "Aislinn Ganci": "Q60732013", "Jane Gray": "Q60732026", "Madison Moore": "Q60732055", "Helene Carle": "Q60732068", "B\u00e9atrice Lavoie-L\u00e9onard": "Q60732074", "Mariah McCaw": "Q60732801", "Allison Timlen": "Q60976603", "Heidi Munger": "Q60976826", "Sierra Venetta": "Q60976839", "Rena Ikenishi": "Q60976856", "Ayumi Miyamoto": "Q60977057", "Amy Nunn": "Q60977100", "Yuki Umetani": "Q60977137", "Elena Zhidkova": "Q60977166", "Anne Clarisse Roman": "Q60978977", "Ramina Palaca": "Q60979041", "Ryon Choe": "Q60979207", "Natsu Suzuki": "Q60986830", "Sarah Cullen": "Q60987355", "Eva Kobzar": "Q61414693", "Kotona Nakanishi": "Q61439032", "Alexandra Koshevaia": "Q61634935", "Elisabetta Incardona": "Q61640611", "Malamatenia Karagianni": "Q61734192", "Vasilisa Ozerova": "Q61767536", "Sally Hoolin": "Q61870175", "Dani Loonstra": "Q61961823", "Yelena Loginova": "Q61962885", "Mar\u00eda Paula Dieck": "Q61996719", "Ana Carla Decottignies": "Q61996725", "Mikayla Shalom Fabian": "Q61996756", "Anna Casale": "Q63027456", "Nathalie Beissmann": "Q63027562", "Altea Sassi": "Q63027589", "Vanessa Sauriol": "Q63344812", "Marianne Mirmseker": "Q64141229", "Carla Listing": "Q64806620", "Cornelia Haufe": "Q66429456", "Beverly Wooden": "Q66707629", "Emma Ning-Jiuan Tang": "Q66709109", "Erin Ching-An Lee": "Q66709196", "Elise Bindschedler": "Q66758126", "Yuka Matsuura": "Q67168404", "Maren Wittek": "Q69811885", "Olga Kasatkina": "Q69812988", "Minttu Heikkinen": "Q72926034", "Olivia Boys-Eddy": "Q73978752", "Melisa Jasmin Sa\u011fman": "Q74111184", "Yelyzaveta Surova": "Q75318003", "Aki Nakita": "Q75823914", "Riny Nijdam": "Q76425437", "Saioa Sancho": "Q76753782", "Wendy Enzmann": "Q76834130", "Leena Laaksonen": "Q76834361", "Clare Upton": "Q81835720", "Valeriya Krantovskaya": "Q84559662", "Claudia Mifkovi\u010dov\u00e1": "Q84561268", "Naomi Mugnier": "Q84561474", "Camilla Grue": "Q84910957", "Yevgeniya Ponomareva": "Q89936020", "Aulikki V\u00e4is\u00e4nen": "Q89991952", "Kaisa Vihma": "Q90694541", "Choi Yeong-hae": "Q90787191", "Xu Mingshu": "Q90886226", "Lu Chengyou": "Q90933487", "Christina R\u00f6d\u00e9n": "Q91102087", "Galina Savintseva": "Q91659544", "Yang Yunxiang": "Q91661418", "Aslaug Pedersen": "Q91716170", "Eszter Asztalos": "Q91794433", "Cui Shunci": "Q92020684", "Mendbayryn Naratsetseg": "Q92022323", "Jin Meiyu": "Q92023013", "Barbara Frackiewicz": "Q92059850", "Carol Johnson": "Q92102688", "Pi Huci": "Q92280014", "Ying Chun": "Q92846820", "Li Fengqing": "Q92849568", "Liu Liqin": "Q92849651", "Kim Men-sen": "Q93207109", "Ko Gen-hi": "Q93207237", "Cheryl Prendergast": "Q98872348", "Lien van der Mei": "Q99897593", "Afke Stoker": "Q102183877", "Liu Yangmei": "Q102202366", "Xu Yanli": "Q102276263", "Sietske de Boer": "Q102329442", "Geertje Brouwer": "Q102334443", "Geeske Koopman": "Q104057674", "Trijntje Jelsma": "Q104413575", "Zhao Xin": "Q104532869", "Jeanne Begej": "Q107319446", "Aukje Spijkstra": "Q109259292", "Hannelore Leuner": "Q109710537", "Katarina Kitarovi\u0107": "Q110208348", "Marlen Ehseluns": "Q110751691", "Maira Jasch": "Q110751712", "Inessa Shumekova": "Q110752510", "Mio Takahashi": "Q110752541", "Park Chae-won": "Q110753592", "Juli McKinstry": "Q110826278", "Edith Secord": "Q111208607", "Angelika Wagner": "Q111577358", "Dagmar Kov\u00e1\u0159ov\u00e1": "Q113676502", "Amanda Baer Kovar": "Q113676525", "Miyu Yunoki": "Q114358390", "Annie van der Aa": "Q114504181", "\u00d6zlem Dizmen": "Q117599794", "Helga Ratki": "Q118271086", "Kotoha Asami": "Q118372129", "Hildegard Butze": "Q119626109", "Alison Purkiss": "Q121623635", "Grace Lee": "Q123244458", "Margarita Bazyliuk": "Q124752180", "Marianne Aarnes": "Q124798964", "Margit Josephson": "Q125464279", "Liese Kianek": "Q125464365", "Barbara Chachlewska": "Q125464413", "Marie Schwendtbauer": "Q125501438", "Jolanda Voskamp": "Q126453847", "Yuna Nagaoka": "Q127209863"}