{"Fan Xuepeng": "Q65515138", "Anna Isaakovna Volochova": "Q15065079", "Iryna Chefranova": "Q4515181", "Riva Bisnovataya": "Q4087248", "Gullik Wenner": "Q115443122", "Anna Patrikejeva": "Q123507938", "Ariadna Fedorenko": "Q12165414", "Bibi Lindkvist": "Q4962844", "Henryka Gniewkowska": "Q127947452", "\u0413\u0435\u043e\u0440\u0433\u0438\u0435\u0432\u0441\u043a\u0430\u044f, \u0412\u0430\u043b\u0435\u043d\u0442\u0438\u043d\u0430 \u0421\u0435\u0440\u0430\u0444\u0438\u043c\u043e\u0432\u043d\u0430": "Q113005009", "Halina Paszkowska-Turska": "Q29051566", "Rema Krupenina": "Q12115090", "Andreas Lappas": "Q56038826", "Galina Gorbonosova": "Q15060584", "Rinio Papanikola": "Q12884140", "Galina Lukina": "Q15136007", "Natalya Levitina": "Q15071089", "Asja Kirillovna Zvereva": "Q15119297", "Marilyn Ries": "Q85139931", "Ma\u0142gorzata Jaworska": "Q19061092", "Dina Yasnykova": "Q12174071", "Anna Podlesnaya": "Q12141428", "M\u00e4rit Andersson": "Q4935908", "Ruhangiz Gasimova": "Q12845095", "Tatiana Nilova": "Q12134704", "Maggie MacKeever": "Q114522816", "Halyna Kalashnykova": "Q12107756", "Oksana Strugina": "Q15147416", "\u041f\u043b\u0443\u0442\u0430\u043b\u043e\u0432\u0430, \u041d\u0430\u0442\u0430\u043b\u0438\u044f \u0410\u043b\u0435\u043a\u0441\u0435\u0435\u0432\u043d\u0430": "Q21643937", "Olle Unnerstad": "Q95745636", "Zs\u00f3ka Nestler": "Q89702573", "Birgitta Jansson": "Q112899186", "Boden Sandstrom": "Q99520551", "Yuliya Lazarevska": "Q12116919", "Nelli Kudrina": "Q56525253", "Marjatta Koivulehto": "Q29419478", "Nina Savicheva": "Q16514649", "Elena Aleksandrovna Demidova": "Q15116228", "Val\u00e9rie de Loof": "Q50628290", "Agn\u00e8s Ravez": "Q50991251", "Brigitte Taillandier": "Q55340970", "Josefina Rodr\u00edguez": "Q55597442", "Nadine Muse": "Q55598737", "Bettina Mazakarini": "Q61750617", "\u00c5sa Lindgren-Dawidsson": "Q73984677", "Natalia Dombruhova": "Q12101925", "Natalija Edoeardovna Avanesova": "Q15070071", "Larisa Maslova": "Q15732542", "Kari Nytr\u00f8": "Q17106189", "Gerda E. Grossmann": "Q95206990", "Sophie Laloy": "Q3490965", "Tetiana Chepurenko": "Q12169553", "Ulla K\u00f6sterke": "Q95750361", "Micki Joanni": "Q79326530", "Akiko Kosaka": "Q11459418", "Claudine Nougaret": "Q2978499", "Bo\u017cena Kostek": "Q61162161", "Irina Chetverikova": "Q12170139", "Kenneth Skoglund": "Q113109211", "Chiaki Yamada": "Q11470577", "Kajsa Anders\u00f6": "Q56511564", "Joanna Napieralska": "Q21288198", "Shelley Rae Hilton": "Q56088371", "Mania Papadimitriou": "Q60582816", "Margrit Rieben": "Q1436541", "Ulrika Akander": "Q56460354", "Tiina Andreas": "Q95189904", "Anne Le Campion": "Q28872732", "Maria Mok": "Q29555077", "Rosa Mar\u00eda Oliart": "Q110938129", "Charlotte Hug": "Q1067216", "Nathalie Vidal": "Q55598754", "Camilla Mauritzson": "Q112820737", "Antje Grajetzki": "Q115768959", "Nataliya Terekhova": "Q4455712", "Anne Jensen": "Q33101132", "Oksana Popovich": "Q4372682", "Katarzyna Dzida-Hamela": "Q21288112", "Eva Vali\u00f1o": "Q95672303", "Regina H\u00f6llbacher": "Q95730641", "R\u00e9ka Gy\u00f6ngy\u00f6ssy": "Q95799404", "Ur\u0161ka Kos": "Q124669371", "Olga de Soto": "Q3350473", "\u00c5sa Blanck": "Q16163349", "Octavia Crummenerl Gloggengie\u00dfer": "Q95189327", "Paola St\u00e9venne": "Q87130004", "Sofiya Kruglikova": "Q102424126", "Claudia Mattai del Moro": "Q95683959", "Margarida Guia": "Q3290539", "Andreea P\u0103duraru": "Q12720634", "Joanna Bailie": "Q52555004", "Sandra Bittner": "Q95733968", "Nikki Schuster": "Q106714400", "Carolina Jinde": "Q113339302", "Amanda Villavieja": "Q61570726", "Cordula Thym": "Q117203125", "M\u00e9lissa Petitjean": "Q30728114", "Johanna H\u00f6gman": "Q112805634", "Renate Bakke": "Q56572255", "Manah Depauw": "Q19629886", "Nancy Brandt": "Q23930908", "Marie-Genevieve Chabot": "Q108369812", "Anna Salzberg": "Q119560558", "Carolyn Downing": "Q26709930", "Lea Korsgaard": "Q33100088", "Tatjana Jakob": "Q95188387", "Yasmina Praderas": "Q110825156", "Kyoko Scholiers": "Q13746487", "Sarah Jansson Patient": "Q73984880", "Martine-Nicole Rojina": "Q52636880", "Oona Kapari": "Q107133192", "Lynn Cassiers": "Q30524549", "Leah D'Emilio": "Q6509177", "Regan Reese": "Q926844", "Mira Falk": "Q73984173", "Sofia Chanfreau": "Q115943202", "Rykka": "Q65028570", "Mikaella Tsoumbou": "Q110505461", "Ginta": "Q17280949", "Masumi Takino": "Q21700322", "Tic Ashfield": "Q117240535", "Diana Queir\u00f3s": "Q121241894", "Karina Kucha": "Q61951588", "DJ Baby Uniq": "Q75394278", "Foteini Tryferopoulou": "Q110602213", "Aleksandra S\u0142y\u017c": "Q114924330", "Rafaela Liapaki": "Q109683840", "Paula Costas": "Q117734385", "Barbara Br\u00fcckner": "Q61608817", "Vibeke Blydt-Hansen": "Q64391190", "Lisa Williams": "Q2342325", "Laurence Attali": "Q3218848", "Janice Cruz": "Q6154226", "Sakura Katsumata": "Q11400142", "Kaeko Sakamoto": "Q11425211", "Midori Shimazawa": "Q11477357", "Naoko Asari": "Q11557116", "Hiromi Kikuta": "Q11619899", "Irina Vladimirovna Tsjernjachovskaja": "Q15149627", "Irina Volkova": "Q15206108", "Keiko Urakami": "Q16264549", "Alix Comte": "Q22248278", "Dennie Thorpe": "Q24055018", "Jana Vance": "Q24055064", "Kyrsten Mate": "Q24055153", "Akiko Fujita": "Q24869769", "Agathe Poche": "Q27057433", "Aur\u00e9lia Balboni": "Q28657680", "Chikako Yokota": "Q28689152", "Mary Jo Devenney": "Q29414958", "Namita Nayak": "Q51097483", "Alexandra Aerts": "Q52478776", "Charo Calvo": "Q52480745", "Karin Demedts": "Q52485785", "Nina De Vroome": "Q52486805", "Barbara De Wit": "Q52486929", "Sofia Dias": "Q52487092", "Eurudike De Beul": "Q52489334", "Martine Thon\u00e9": "Q52504021", "Lies Vanborm": "Q52504703", "Sam Verhaert": "Q52554555", "Dalila Belaza": "Q52555132", "Hester Boverhuis": "Q52555322", "Vanessa Court": "Q52555656", "Inga Hakonardottir": "Q52556961", "Christine Hasler": "Q52557031", "Jani Hietanen": "Q52557131", "Pepa Ivanova": "Q52601356", "Fleur Khani": "Q52602351", "Annabelle Lopez Ochoa": "Q52605964", "Annelien Vanheymbeeck": "Q52607758", "Eveline Mathieu": "Q52607972", "Els Viane": "Q52611823", "Katie Vickers": "Q52611851", "Babette Poncelet": "Q52615347", "Hillary Ziper": "Q52615696", "Zsuzsa Rozsav\u00f6lgyi": "Q52617288", "Liz Santoro": "Q52617717", "Cynthia Schenkels": "Q52618073", "Alma S\u00f6derberg": "Q52619293", "Rebecka Stillman": "Q52619934", "Luisa Maria Alvarez": "Q52622481", "Elize Arvefjord": "Q52623420", "Mathilde Billaud": "Q52625205", "Roberta Gigante": "Q52634586", "Mikko Hynninen": "Q52634875", "Raphaelle Latini": "Q52635166", "V\u00e9ronique Nah": "Q52636015", "Elizabeth Orr": "Q52636228", "Jona Robova": "Q52636828", "Jellie Schippers": "Q52637142", "Lynn Suemitsu": "Q52771118", "Jasper Taelemans": "Q52771301", "Sachiyo Takahashi": "Q52771312", "Vera Tussing": "Q52772659", "Ischa Van Ekert": "Q52773772", "Myriam Van Gucht": "Q52773832", "Sarina Ahmad": "Q54039593", "Cornelia Friederike M\u00fcller": "Q56510080", "Veronica Good": "Q57243709", "Sandy Alexander": "Q58917852", "Susan Sturman": "Q58917997", "Fenia Papadodima": "Q60709738", "Elpida Skoufalou": "Q60733829", "Maria Christina Krithara": "Q60733835", "Olymbia Kyriakaki": "Q60885264", "Kiki Dimitriadi": "Q60920722", "\u0392\u03b1\u03b3\u03b3\u03ad\u03bb\u03b7\u03c2 \u03a6\u03ac\u03bc\u03c0\u03b1\u03c2": "Q61041532", "Emi Takanashi": "Q61057545", "Evangelia Karakatsani": "Q61315023", "Smaro Grigoriadou": "Q61315029", "Anna Veneti": "Q62591585", "Ilektra Papakosta": "Q62591698", "Ismini Avgeri": "Q62591712", "Myrta Polyzou": "Q62715762", "Themis Marsellou": "Q63733936", "Semeli Papaoikonomou": "Q64369449", "Pola Gazoulea": "Q64504711", "Isabel Torres": "Q65115333", "Brigitte Lacasse": "Q65115556", "Catherine Van Der Donckt": "Q65115587", "Ga\u00eblle Kom\u00e0r": "Q65115811", "Iphig\u00e9nie Marcoux-Fortier": "Q65115901", "Isabelle Lussier": "Q65115904", "Lynn Tr\u00e9panier": "Q65116225", "Marie-Pierre Grenier": "Q65116290", "M\u00e9lanie Gauthier": "Q65116351", "Shelley Craig": "Q65119760", "Sophie B. Jacques": "Q65119763", "Midge Costin": "Q66360977", "Silia Tsioufi": "Q67218428", "chibi-tech": "Q67655123", "Veta Myridou": "Q75287770", "Gogo Kalodiki": "Q76452765", "Evelien van der Molen": "Q81706172", "Ina Nikolow": "Q81806600", "Danai Evangeliou": "Q81935315", "Elisabeth Hildebrandt": "Q82720986", "Fanny Weinzaepflen": "Q83234073", "Margot Testemale": "Q83235486", "Pinja Mustajoki": "Q83344703", "Cristina Arias": "Q84147387", "Persefoni Miliou": "Q84595558", "Charlotte Lewis": "Q85389695", "Aline Huber": "Q85524856", "Valeria Popova": "Q86827724", "Daniela Bassani": "Q87903790", "Marzia Cord\u00f2": "Q87903794", "Alessandra Perpignani": "Q88402316", "Maricetta Lombardo": "Q89914383", "Rania Visvardi": "Q92060060", "Gitsa Valma": "Q92583020", "Yuliya Yegorova": "Q92611644", "M\u00f3nica Cimas": "Q93968485", "Catherine Lavandier": "Q94493867", "Martine Todisco": "Q95646212", "Carola Heine": "Q95646532", "Yolande Decarsin": "Q95647615", "Elena Coderch": "Q95650874", "Susanne Albrecht": "Q95656384", "Beth Tredray": "Q95672822", "Ina Spang": "Q95673332", "Karoline T. Heflin": "Q95674212", "Tina Laschke": "Q95677883", "\u00c9lisabeth Paquotte": "Q95704247", "Steffi Kuhn": "Q95709318", "Nate Brisanga": "Q95709918", "Simone Galavazi": "Q95711223", "Juliane Wei\u00dfenborn": "Q95712428", "Erik Tauber": "Q95715006", "Salome Lou R\u00f6mer": "Q95731768", "St\u00e9phane Morelle": "Q95732565", "Sabine Sina Stephan": "Q95738429", "Anrijs Krenbergs": "Q95742796", "Noemi Hampel": "Q95748298", "Fabiola Ordoyo": "Q95749225", "Marie Havemann": "Q95751809", "Lydia Decobert": "Q95753758", "Maria Tzankow": "Q95869378", "Dorota B\u0142aszczak": "Q99543926", "Morgan Honaker": "Q101001951", "Alazne Ameztoy": "Q101244529", "Carla Silv\u00e1n": "Q101244533", "Laure Arto": "Q101244539", "Nosh van der Lely": "Q104304837", "Anne-Sophie Versnaeyen": "Q105946842", "Salla H\u00e4m\u00e4l\u00e4inen": "Q106572171", "Cindy Speer": "Q106720949", "Ariel St-Louis Lamoureux": "Q108128728", "Marguerite Luu": "Q108137024", "Helene Crouzillat": "Q108476064", "Sarah Tudzin": "Q108880855", "Irena Gadeleva": "Q109287411", "Claude Hamel": "Q109520133", "Marina Efthymiatou Spyrou": "Q110147615", "Daniel Navarro Molina": "Q110892289", "Leticia Argudo Ferrer": "Q110892704", "Valeria Arcieri Robertson": "Q110948854", "Laia Casanovas del Pino": "Q110948910", "Candela Palencia": "Q110948924", "Lotta M\u00e4ki": "Q111145325", "Ellen Virman": "Q111235100", "Manuela Paparo M\u00e9ndez": "Q111439582", "Salom\u00e9 Lim\u00f3n": "Q111978969", "Elvira Ianniello": "Q112393057", "Inger Elise Holm": "Q112954572", "Gabrielle Wikhede": "Q112964907", "Natalie Van Sistine": "Q113391414", "Paraskevi Tsesmeli": "Q113442666", "Marguerite Lauzon": "Q113846520", "Hannah Lewis": "Q113957630", "A\u00efda MT": "Q113976346", "Paloma Daris-B\u00e9cotte": "Q114310246", "Jenn Miller": "Q114569971", "Doroth\u00e9e Rascle": "Q114735858", "Maitane Carballo": "Q115116000", "Jennie Segerheim": "Q115332007", "Gkely Flouri": "Q115626094", "Nicola Jane Buttigieg": "Q115861160", "Najibah \u1e24addad": "Q116695647", "Emily Porter": "Q116812582", "Maddie Bautista": "Q116871299", "Marja Ihanainen": "Q116949450", "Audrey Ginestet": "Q117430078", "Dafna Naphtali": "Q117560100", "Matija Santro": "Q118114686", "Tsvetelina Tsvetkova": "Q118471466", "Lotta Nylander": "Q122914981", "Fanny Holm": "Q122914983", "Priscillia Piccoli": "Q123082459", "Snezhana Andreeva": "Q123276512", "Val\u00e9ria Ferro": "Q123466900", "Marianne L\u00e8re": "Q124080027", "Nathalie Lafaurie": "Q124330278", "Lela Simone": "Q124382814", "Dubravka Premar": "Q124445338", "Judy Rapley": "Q124536570", "Mitra Kaboli": "Q124617268", "Michelle Macklem": "Q124619954", "DEEJAY T-JR.": "Q124713741", "Aleksandra Koel": "Q125507359", "Iva Zabkar": "Q125699826", "Marika Lass": "Q125723813", "Maarika Rausma": "Q125739076", "Marylou Petot": "Q125746599", "Karola Nunes": "Q125920590", "Dace Gasjuna": "Q126042362", "C\u00e9line Rouzet": "Q126127720", "Fanny Martin": "Q126178988", "Louise Norstr\u00f6m": "Q126961002", "Diane Sara Bouzgarrou": "Q128601762", "Aline Gavroy": "Q128736967", "Yuri Fukuda": "Q129184740"}