{"Hennie Sietsema": "Q18692848", "Annie Hulshof": "Q76389114", "Trijntje Pieters Westra": "Q19802275", "Trijntje Reidinga": "Q20031914", "Jeltje van der Werf": "Q94636373", "Lutske Wester": "Q96939523", "Joukje Postma": "Q94696878", "Baukje de Boer-Veenstra": "Q95147881", "Geertje Engelsma": "Q98732365", "Jikke Gaastra": "Q22001785", "Janne van der Weg": "Q28803348", "Elsie Muller-McLave": "Q89282689", "Martha Hemminga": "Q95368808", "Jitske de Boer": "Q94753131", "Janna van der Meulen": "Q18093312", "Margit Fossaas": "Q51133954", "Annie de Jong": "Q18093193", "G\u00e9raldine Mackie": "Q89378049", "Hattie Briggs": "Q17333984", "Elin Sk\u00e5rlind": "Q89908402", "Klaasje Hofstee": "Q95180073", "Trijntje Terpstra": "Q95679047", "Loltje de Boer": "Q95102754", "Houkje van der Meer": "Q95680239", "Sjoukje Bouma": "Q18692799", "Geesje Woudstra": "Q20605858", "Maddy Horn": "Q52476642", "Aslaug \u00c5s": "Q50931364", "Lissa Bengtsson": "Q51133743", "Ella Berntsen": "Q15302951", "Edith Irwin Baum": "Q106781277", "Trudy Rogger": "Q52476610", "Elizabeth DuBois": "Q17558509", "Trijntje Hemminga": "Q95624395", "Elly Taconis": "Q106305318", "Irmgard Sames": "Q51134017", "Jadwiga G\u0142a\u017cewska": "Q16560877", "Borghild Aasen": "Q51133733", "Sietske Pasveer": "Q18692838", "Erna Andersen": "Q89573046", "Grietje Bijlsma": "Q18692797", "Bera Brinck L\u00f8vstad": "Q89347854", "Jadwiga Kalbarczyk": "Q111145267", "Sjoerdtsje Faber": "Q2749599", "Tatyana Karelina": "Q29865152", "Ruth Hiller": "Q52476636", "Antje Koopmans": "Q18692827", "Edith Kleven": "Q17099887", "Makke Groen": "Q94725975", "Kate Andersen": "Q51133582", "Olga Akifyeva": "Q47477604", "Marianna Valovova": "Q52476708", "Meta Nienhuis": "Q107358493", "Gonne Donker": "Q1995606", "Jane Bjerke": "Q15303029", "Pietje Feitsma": "Q96741578", "Fokje van der Velde": "Q18692858", "Margarita Antonova": "Q52476717", "Rina Kooi": "Q101245925", "Antje Schaap": "Q86071973", "Lorry Knudsen": "Q52476670", "Ingeborg Larsen": "Q52288403", "Ike Nienhuis": "Q13136223", "Randi Karstensen": "Q17099510", "Inger J\u00f8rgensen": "Q52477522", "Jantje Bosscha": "Q101246771", "Krystyna S\u0119dzimir-Krawc\u00f3w": "Q89937652", "Margit Laakso": "Q52476677", "Elsa Jondalen": "Q15604634", "Erna Karlsen": "Q14166052", "Solveig Andersson": "Q90696555", "Wopkje Hutting-Kooistra": "Q30112470", "Coba Hoekstra": "Q101556096", "Annie Pijlman": "Q101528843", "Betzy Baltzersen": "Q15041907", "Drahuna Vokurkov\u00e1": "Q17711980", "Anne Lise Eriksen": "Q15604775", "Kyllikki Kinnunen": "Q52476735", "Tjitske Hartoog-Minkema": "Q104360823", "Debora van der Hoorn": "Q2727583", "Vaike Aavik": "Q123942421", "Aase Aure": "Q15041906", "Ingeborg Trofimova": "Q61111721", "Erna Larsen": "Q15632670", "Pat Underhill": "Q90041325", "Betty Mitchell": "Q52477446", "Lucie Koops": "Q105822673", "Zwaantje Mulder": "Q103848422", "Dirkje Kiers": "Q101604701", "Saakje de Jong": "Q102076731", "Vera Postnikova": "Q90041846", "Trijntje Ram-Bouma": "Q104247464", "Gooitske de Jong": "Q104641791", "Ulla Larsson": "Q52476686", "Kari Kristiansen": "Q17100321", "Antje Sietema": "Q103503216", "Sylvia Karlsson": "Q89937896", "Anna-Marie Landstr\u00f6m": "Q89908619", "Nina Avdonina": "Q89832608", "Tine de Vries": "Q17351535", "Silvi Unt": "Q124339125", "Sita Homan-Wagemaker": "Q106518492", "Aase Halstvedt": "Q15117764", "Inga-Lill Olsson": "Q89908751", "Grietje Dieterman-Schuur": "Q104357539", "Karla Borovsk\u00e1": "Q16177966", "Anna Skrzetuska": "Q91105133", "Maj-Britt Alm\u00e9r": "Q89908992", "Remma Mensyova": "Q90510239", "Akke de Boer": "Q104033375", "Gunnel Gunl\u00f6v": "Q89909418", "Rimma Belova": "Q91176765", "Tine Huberts": "Q104704526", "Riekje Tuinema-Ruben": "Q106950488", "V\u011bra Proch\u00e1zkov\u00e1": "Q12009301", "Astri M\u00e6hre Johannessen": "Q15102876", "Armi M\u00e4kinen": "Q90550887", "M\u00e1ria F\u00f6ldv\u00e1ri-Bo\u00e9r": "Q90818444", "\u00c1gnes Kov\u00e1cs-Fazekas": "Q90819927", "Henny Wiegersma-van den Brug": "Q106111794", "Margit Grobe": "Q90783452", "Rie Meijer": "Q2358638", "Wietske Hakze": "Q104383441", "Jantje Hagenou-Bathoorn": "Q105561346", "Ilona R\u00f3ka": "Q90790286", "Kari Danielsen": "Q15043497", "Femmy Groen": "Q106486103", "Else Methi": "Q106690861", "Martha Wieringa": "Q18093765", "Ietje Pfrommer-Louwen": "Q72925857", "Teddi Jenkins": "Q92205512", "Inger Brusven": "Q90040823", "Hana Bartovsk\u00e1": "Q16171869", "Renata Baudouin de Courtenay": "Q56191939", "Britta Lindstr\u00f6m": "Q90815624", "Sun Hongxia": "Q90896751", "Elske van Dam": "Q101251845", "Rie Lokhorst": "Q106916417", "Milvi Ring": "Q124339296", "Jantje Tienkamp": "Q18692854", "Ingrid H\u00f6gberg": "Q90039699", "Libu\u0161e Hanzl\u00edkov\u00e1": "Q89937744", "Yeva Ivanova": "Q92102684", "Meeri Pekonen": "Q90783328", "Liu Fengrong": "Q91660590", "Gr\u00e9 Broers": "Q109078365", "Karin Horn Evensen": "Q106690526", "Siv Asplund": "Q90041054", "Maie-Reet Paalma": "Q124311790", "Jeannette Ann Neil": "Q91191769", "Lyudmila Osintseva": "Q92330299", "Antje Hoekstra": "Q106046534", "Helga Kuronen": "Q90781613", "Gunnel Elfman": "Q90815717", "Hannelore Strau\u00df": "Q92383792", "Dinie Kussendrager": "Q106950212", "Nataliya Kolchina": "Q92102694", "Ariya Gulite": "Q92102681", "Mieczys\u0142awa Brymas": "Q94069189", "Mai M\u00e4nniste": "Q111339540", "Ieuwkje Hoekstra": "Q104762568", "Lutske Hiddinga": "Q107248678", "Inger Sandin": "Q90882156", "Pirkko Tanskanen": "Q90880905", "Hilkka Vahervuori": "Q91105361", "Gunilla Hjerdt": "Q92021332", "Ko Kwang-za": "Q93214739", "Tonny Monari": "Q93426891", "Wil van Wees": "Q2543328", "Josepa Cuevas i Masip": "Q22964531", "Gisela Manns": "Q64064407", "Bo\u017cena Kalbarczyk": "Q91265439", "Mette Rosenvinge": "Q17106909", "Bj\u00f8rg Hovden": "Q15117766", "Randi Elisabeth Nilsen": "Q11997088", "Marijke Flisijn": "Q106095801", "Marianna Kaim": "Q18704483", "Wang Shuyuan": "Q92246877", "Grietje Oosterhof": "Q18692837", "Lyudmila Mokhnacheva": "Q93919544", "Maila Ankkuri": "Q92075899", "Grietje Weits-Boelm": "Q106658076", "Berit Larsson": "Q94532230", "Else Marie Fj\u00e6re": "Q15605133", "Tove Jacobsen": "Q17097247", "Bep Geijssen": "Q82747791", "Joanne Fath": "Q92383570", "Marrie Willems": "Q103159334", "Gerd Inger De Groot": "Q100332857", "Galina Nefyodova": "Q94532312", "Tarja Rinne": "Q94532494", "Piroska Tam\u00e1ssy": "Q92280669", "Hennie Faber-Hondeveld": "Q55231911", "Wanda Kr\u00f3l": "Q92652237", "Jorunn Hagan": "Q11979299", "Rieneke Demming": "Q2376224", "Elly Vermeulen": "Q82749207", "Agneta Sch\u00fctzer": "Q92652584", "Nel Post": "Q104501895", "Berit Haug\u00e5rd": "Q17096387", "Akke Falkena": "Q13134451", "Sabine Klingbeil": "Q92462280", "Marie Tveiten": "Q11988279", "Rinske Zeinstra": "Q13137637", "Mieko Nishimoto": "Q98685583", "Lenie van der Hoorn": "Q2127464", "Sophie Westenbroek": "Q18702946", "Berta Schutte": "Q104216270", "Galina Baranova": "Q94248066", "Jiang Youfeng": "Q94260831", "Lyudmila Ankudimova": "Q94534480", "Kyoko Takahashi": "Q98813765", "Grietje van der Meer": "Q104472439", "Herlind H\u00fcrdler": "Q92459469", "Tatyana Baranova": "Q48974940", "Sigrid Wienke": "Q92553462", "Lee Ok-ha": "Q16180141", "M\u00e1ria Szab\u00f3": "Q110222074", "Sylvie Chevauchet": "Q93720042", "Tien Cailian": "Q94265520", "Shan Xuxian": "Q94385487", "Piao Yingshu": "Q98835661", "Vera Surovikina": "Q98835675", "Liu Minfu": "Q98841293", "Fu Huimin": "Q95725260", "Truus Dijkstra": "Q18692808", "Annie van Dalsen": "Q2630491", "Laila Andresen": "Q11982971", "Inger Karset": "Q11977201", "Tove Berntsen": "Q15092360", "Annemarie Hoogkamp": "Q18093130", "Lena Tillqvist": "Q94391496", "Tineke Dijkshoorn": "Q4990709", "Froukje Jongsma": "Q104192513", "Cheryl Rey": "Q93920701", "Janina Bachleda": "Q98685540", "Gerda Katee-Rijneveld": "Q102185187", "Anneke Zeinstra": "Q971633", "Zsuzsa D\u00e9nes": "Q110221952", "Tone Biermann": "Q15092372", "Ineke Kooiman-van Homoet": "Q47501849", "Mary Saxton": "Q98733429", "Anne Koszul": "Q98841292", "Elisabeth Schjenken": "Q33076752", "Margriet Pomper": "Q18692840", "Lena Andersson": "Q90470958", "Mariko Sugawara": "Q94385537", "Etsuko Nakamichi": "Q96141561", "Natalja Zaborskikh": "Q96277039", "Birgit M\u00e4nnel": "Q100408447", "Cecilie Funnemark": "Q17060815", "Joke van Rijssel": "Q2195222", "Galina Blinkova": "Q96139998", "Judy Dietiker": "Q55814083", "Wang Xiuyou": "Q94277162", "Dolores Lier": "Q96141579", "Pirjo Hyv\u00e4rinen": "Q96277042", "Lyudmila Boldyreva-Mashkovtseva": "Q99162654", "Svetlana Kachuk": "Q18199712", "Marion Dittmann": "Q18069644", "Ina Steenbruggen": "Q2152350", "Klaske Meijer": "Q18093232", "Pietie Postma": "Q18093390", "Kim Kostron": "Q50378428", "Galina Petrova-Blinkova": "Q18275805", "Tanja Wilhelm": "Q76425477", "Anne Gjersem": "Q11958247", "Anna Lenner": "Q89269112", "Aila Tartia": "Q96417591", "Ann-Mari Tollefsen": "Q11958168", "Grethe Viksaas": "Q11972607", "Michiko Kuroiwa": "Q11678135", "Turid Lillehagen Welo": "Q12007903", "Mika Kat\u014d": "Q11399472", "Ewa Bia\u0142kowska": "Q96361442", "Shigeko Tomita": "Q96419342", "Linda Palle": "Q96277049", "Virve M\u00e4kel\u00e4": "Q98930015", "Irina Michaylova": "Q18226399", "Ietje Timmer": "Q18692855", "Anne Bj\u00f8rnsmoen": "Q15092408", "Els Meijer": "Q18692832", "Coby Borst": "Q76425515", "Mona Falk-Larssen": "Q15043514", "Heidi Schalch": "Q95725262", "Marina Koltsova": "Q96603081", "Irina Fatejeva": "Q96652579", "Hanneke de Vries": "Q70461708", "Irina Bogatova": "Q96623200", "Neeke Smit": "Q2582069", "Marja Struick": "Q2285356", "Birgit Czak": "Q96353252", "Rose-Marie Karlsson": "Q96354918", "Elisabeth \u00d6hlin": "Q98842935", "Manuela Ha\u00dfmann": "Q98930017", "Yuko Watanabe": "Q99239377", "Janne Tenmann": "Q11978195", "Angelika Ha\u00dfmann": "Q96621476", "Susan Sandvig": "Q96354725", "Karin Ryb\u00e4ck": "Q96603087", "Taina Salmia": "Q96654489", "Jin Yingshun": "Q98878658", "Lim Hyun-suk": "Q99162640", "Rigmor Lundby": "Q17102399", "Lyudmila Titova-Morozova": "Q97369462", "Elin Tveiten": "Q11967117", "Miyuki Gonoi": "Q96654503", "Kim Hyeon-na": "Q96742230", "Kim Klein": "Q98876468", "Luz Mery Trist\u00e1n": "Q121263480", "Erna Uitham": "Q76401340", "Sabine Brehm": "Q2209642", "Marja Adema": "Q18092709", "Miriam Heruth": "Q96621776", "Boukje Keulen": "Q13134754", "Chieko Sato": "Q96621505", "Ylva Fors": "Q97353102", "Carola B\u00fcrger": "Q98930211", "Lilian van Tol": "Q80089437", "Anne Elisabeth H\u00f8lstad": "Q11958242", "Petra Moolhuizen": "Q17627341", "Bente Munkerud Aas": "Q11960598", "Svetlana Kopylova": "Q100146633", "Inga Gilauri": "Q3316141", "Anita Loorbach": "Q2775447", "Keiko Asao": "Q75706598", "Larisa Kharlamova": "Q96652527", "Anette Hammarin": "Q97352988", "Svetlana Bykova": "Q98967441", "Akemi Tanaka": "Q104092590", "Merete Pettersen": "Q15924941", "Szilvia Szikora": "Q110220763", "Tone Regine H\u00f8lstad": "Q12006746", "Sabine Teeuwen": "Q110586067", "Eiko Shishii": "Q11572192", "Hege Karlsen": "Q11974630", "Antje Douvern": "Q104792373", "Grit Licker": "Q105809978", "Kelly Mullen": "Q96654355", "Irina Abdullina": "Q97400172", "Heike P\u00f6hland": "Q99005740", "Grietje Mulder": "Q3228325", "Ida St\u00e1rkov\u00e1": "Q11976786", "Marie Tollefsen": "Q17112530", "Tanja Torbergsen": "Q17112631", "Elisabeth Bj\u00f8re": "Q11967135", "Linda Wolden": "Q17114026", "Tineke Hulzebosch": "Q79394097", "Anja Bollaart": "Q73672073", "Petra Becker": "Q97467287", "Tatyana Kabutova": "Q98930204", "Cornelia Dick": "Q104652344", "Anne L\u00f8v\u00e5sen": "Q11958285", "Miyuki Todo": "Q99239004", "Mariska Hekkers": "Q76398823", "Henri\u00ebt van der Meer": "Q72099703", "Hanne Eriksson": "Q17058005", "Lisette Kansen": "Q80110167", "Jolanda Grimbergen": "Q71824350", "Marte-Mari Nordby": "Q17106051", "Kerstin Stachewicz": "Q106313493", "Remmy van der Kley": "Q80104371", "Chieko Yoda": "Q97480674", "Lyudmila Tuberozova": "Q98934230", "Chihaya Tanaka": "Q99000867", "Marina Yevgrafova": "Q99000896", "Tatyana Martynova": "Q99027512", "Bj\u00f8rg H\u00e6hre": "Q99033163", "Nataliya Andrianova": "Q99361152", "Hong Ok-nam": "Q104092226", "Katrin Trautvetter": "Q106313489", "Regula Ledergerber-B\u00fcrgin": "Q101136760", "Klasina Seinstra": "Q3471423", "Agata Zdrojek": "Q98049923", "Grit Mertens": "Q69804002", "Ragnhild Tokstad": "Q17112510", "Tama Sundstrom": "Q97400128", "Ka\u015bka Rogulska": "Q76861684", "Yelena Banadysenko-Mamayeva": "Q97467281", "Nicole Slot": "Q97578517", "Babs Bijlsma": "Q77975733", "Jaana Kivipelto": "Q99238405", "Indra Arendz": "Q79778675", "Lene H\u00e5konsen": "Q11983721", "Petra Dikkema": "Q78086718", "Stefanie Teeuwen": "Q99655712", "Yumiko Yamada": "Q56752702", "Tecla Jonkman": "Q80959568", "Rie Otsuki": "Q99005580", "Larisa Plekhanova": "Q101231315", "Emi Tanaka": "Q102225784", "Lu Jing": "Q102272659", "Li Gang-ok": "Q104126157", "Jane Iren Wilberg": "Q11978176", "Anita Oldenhof": "Q79414159", "Janine Koudenburg": "Q18702940", "Shinobu Yamakita": "Q11466536", "Svetlana Laletina-Tsjernobrovkina": "Q4253404", "Anne Christine Torp": "Q15117798", "Manuela Ossendrijver": "Q79639036", "Aina Nybakk": "Q17000436", "Gonnie Brunia": "Q80087285", "Siw Helland": "Q12000697", "Christina Zummack": "Q99005313", "Aljona Koroljova": "Q101437961", "Li Yenzhi": "Q102190073", "Chishiro Monda": "Q104093756", "Hege Langli": "Q15102905", "Coriene Pot": "Q77665136", "Unni Marsteinstredet": "Q12008534", "Olga Tarasova": "Q4451716", "Heidi St\u00f8kker": "Q11974695", "Aneta Rekas": "Q97460938", "Marjan Mager": "Q79845883", "Ingrid van der Voort": "Q74056628", "Wendy van der Poel": "Q79489097", "Marion van Zuilen": "Q79740045", "Albertine Buitenhuis": "Q18702943", "Linda Nat": "Q77825778", "Lillan Westli": "Q11983996", "Harkelien Kruyer": "Q78350498", "Janny Zonderland": "Q77807496", "Monique Cammeraat": "Q80111606", "Linda Olsen": "Q11984082", "Ellen Linnenbank": "Q77657345", "Outi Aunula-Yl\u00e4-Sulkava": "Q97516259", "Janne Bogstrand": "Q15092415", "Trude Nielsen": "Q17105924", "Joanna Staszkiewicz": "Q48855591", "Tatyana Shachkova": "Q97575523", "Rieko Kaji": "Q99198026", "Jelena Berko": "Q101129302", "Chiaki Sekiya": "Q102190117", "Martina Kr\u00fcger": "Q106230381", "Shana Sundstrom": "Q101444612", "Tina Huisman": "Q74379417", "Christina Sch\u00f6n": "Q89303555", "Renate Jeppsson": "Q17097590", "Martine Oosting": "Q60540596", "Henri\u00ebtte Vooys": "Q79793702", "Nina T\u00f8rset": "Q17113278", "Olga Tikhonova": "Q58368847", "Marije Titia Elferink-Gemser": "Q2260828", "Ewa Borkowska": "Q97495319", "Evelyn de Haan": "Q77814250", "Dorian Schoonderwoerd": "Q76859720", "Olga Klyga": "Q97551592", "Natalja Bakina": "Q101423259", "Mayumi Kagawa": "Q101438717", "Saori Igami": "Q104091396", "Yeon Son-yu": "Q104119831", "Kang Sun-ae": "Q104216726", "Jana Rejhonov\u00e1": "Q2142544", "Colette Zee": "Q77339867", "Kirsten Mooy": "Q80112904", "Sandra 't Hart": "Q14942441", "Jenita Hulzebosch-Smit": "Q2001752", "Elke Zijlstra": "Q76943208", "Leah Nattrass": "Q99198836", "Mie Shimizu": "Q101423250", "Aya Otakeguchi": "Q102205437", "Annet Koeleman": "Q80710373", "Marthe Sundby": "Q17110349", "Jenny Ervik": "Q15076348", "L\u00e9ontine van Meggelen": "Q55823709", "Linda Verdouw": "Q80573117", "Jolanda van Goozen": "Q77688125", "Nathalie ten Hoor": "Q77466160", "Janka Everts": "Q75296562", "Ester St\u00f8len": "Q11967980", "Cindy Groen": "Q18702936", "Reino Bouwhuis-Meuleman": "Q80545157", "Aki Narita": "Q97626483", "Natalja Tsjerepanova": "Q99432563", "Wang Hong": "Q99527336", "Takako Toraguchi": "Q102248266", "Mihoko Moteki-Amano": "Q104001999", "Yuri Horikawa": "Q104091364", "Park Jeong-eon": "Q104098958", "Arinda Stam": "Q80000302", "Roos Dieleman": "Q72377145", "Annemarie Zuurendonk": "Q80122065", "Anne Therese Tveter": "Q11958310", "Sandra de Ronde": "Q74395502", "Ellen Kathrine Lie": "Q17101441", "Yvonne Leever": "Q60540448", "Frouke Oonk": "Q2035990", "Jannet Koomen": "Q79867158", "Agnieszka Sza\u0142kiewicz": "Q48855597", "Dana Marilena Ionescu": "Q97575521", "Gina-Cristina Dima": "Q101201194", "Agnieszka Magiera": "Q101208968", "Huang Lili": "Q101425422", "Kanae Kobayashi": "Q102443660", "He Xiaojing": "Q104120134", "Marijke Kulik": "Q76869306", "Paula Buijtenhuijs": "Q77252411", "Eva Rodansky": "Q2302762", "Nadja Gipser": "Q106256422", "Lise Marie Braathen": "Q11984206", "Linda van Oosten": "Q80710371", "Judith Straathof": "Q70369263", "Floor van Slochteren": "Q77025510", "Marja van der Werf": "Q76624209", "Mischa Coolen": "Q79045129", "Tomomi Shimizu": "Q99472527", "Yevgeniya Solomatina": "Q104120102", "Yumiko Soda": "Q104121305", "Antoinette Voskuil": "Q80111893", "Jitske Cnossen": "Q82539589", "Ragnhild Andresen": "Q11996942", "Arina Schingenga": "Q18702938", "Mireille Reitsma": "Q2282327", "Irina Safrankova": "Q97556186", "Frijke Schaafsma": "Q75287672", "Claudia Irrgang": "Q15794533", "Arien Bosch": "Q74438946", "Line Margareta Foss": "Q11984125", "Sai Na": "Q100146393", "Joanna G\u0105sienica": "Q101230901", "Katrin Kalex": "Q19364685", "Ann Kristin Kloster": "Q11958170", "Christine Heins": "Q13466268", "Sarah Shapiro": "Q97610181", "Chantal Hoefsloot": "Q102441769", "Irene Visser": "Q72981061", "Johanna M\u00e4ki-Laine": "Q97993803", "Mich\u00e8le d'Amours": "Q2754171", "Bettina Kr\u00fcck": "Q106259367", "Alicja Trzebunia": "Q11685402", "Angela de Graaf": "Q102442867", "Olga Rogovtseva-Vizgina": "Q101231368", "Ko Yeong-hee": "Q102190087", "Kimiko Nurui": "Q102443671", "Lu Yajun": "Q102872923", "Hilde R\u00f8geberg Pedersen": "Q17106492", "Monika C\u0142apa": "Q97993287", "Esm\u00e9 van Benthem": "Q78577542", "Maurine Kroon": "Q76605956", "Anke Bl\u00f6chl": "Q556640", "Mirjam de Joode": "Q76729992", "Sandra G\u00f3mez": "Q6119966", "Emi Miyashita": "Q102872821", "Shin Yoo-na": "Q104121206", "Marloes Gelderblom": "Q5628561", "Anne Grethe Viik": "Q11958252", "Jolanda Langeland": "Q2181667", "Karin Maarse": "Q80179793", "Silje Bjelkevik": "Q12000459", "Tara Risling": "Q97626509", "Suzanne van Buijsen": "Q76601519", "Els Murris": "Q2486369", "Tatjana Jakovenko": "Q69809947", "Emilie Gale": "Q2621971", "Kinge Pricker": "Q76868684", "Fr\u00e9d\u00e9rique Ankon\u00e9": "Q2397816", "Sarah Elliott": "Q97959624", "Dong Feifei": "Q101470899", "Heike Hartmann": "Q1594530", "Rixt Meijer": "Q2407827", "Orsolya Fecsk\u00e9s": "Q3283133", "Annelies van der Ploeg": "Q76587812", "Sara Bak": "Q2516410", "Sofia Albertsson": "Q2349928", "Anja Borst": "Q76792405", "Sara Andersson": "Q101823544", "Choi Jin-seon": "Q102486280", "Junko Osuga": "Q103982850", "D\u00fc\u00fcrengiin Natsagnyam": "Q104216912", "Wang Dan": "Q104532866", "Sheng Xiaomei": "Q1669967", "Richt van der Meer": "Q76586359", "Paulina Wallin": "Q56589581", "Yuli Veen": "Q80444835", "Ingrid Mellem Mortensen": "Q17519107", "Helene Tveter": "Q21562073", "Andrea L\u0103z\u0103rescu": "Q96252150", "Lisette van der Geest": "Q1821209", "Yekaterina Lukoyanova": "Q71613896", "Willeke van Benthem": "Q2160459", "Marleen Geuzendam": "Q78916523", "Tine K\u00f8pke": "Q12006426", "Anna Rognstad": "Q11958193", "Shannon Sibold": "Q106327964", "Marieke Dohle-van Hoek": "Q95605853", "Helga Luning": "Q2308560", "Tosca Hilbrands": "Q4006927", "Linda Bouwens": "Q2801383", "Alexandra Lipp": "Q2643614", "Jennifer Alexa Caicedo Mej\u00eda": "Q1825212", "Myrke Mulder": "Q97484423", "Frederika Buwalda": "Q2074675", "Carla Zielman": "Q2514263", "Agnes Friesinger": "Q105864", "Karoline Zillmann": "Q106327975", "Karolina Doma\u0144ska-Ksyt": "Q4328450", "Viktoriya Filyushkina": "Q18746261", "Anouk Zoutendijk": "Q3296309", "Sanne Delfgou": "Q2263468", "Jorien Kranenborg": "Q2344461", "Kimberly Muusse": "Q96677734", "Nam Dal-ri": "Q104176263", "O Hyon-sun": "Q104176644", "Narangereliin Odtsetseg": "Q104216911", "Tessa van Dijk": "Q2012661", "Cindy van den Berg": "Q96677997", "Lada Zadonskaya": "Q4183982", "Sophie Nijman": "Q2559535", "Emma Andersson": "Q51831033", "Erna Last-Kijk in de Vegte": "Q13578903", "Jennifer Plate": "Q18912877", "Femke Hilgersom": "Q81529788", "Mayke Nagtegaal": "Q2513650", "Foske Tamar van der Wal": "Q13637227", "Rita Battisti": "Q101456002", "Risa Hori": "Q102121033", "Xu Jinjin": "Q102156652", "Bat-Erdeniin Urgaatsetseg": "Q104216907", "Kamila Danaj": "Q106327972", "Gemma Cooper": "Q50396685", "Maren van Spronsen": "Q2023608", "Esmeralda Nieuwendorp": "Q69878846", "Irina Arshinova": "Q50329208", "Johanna \u00d6stlund": "Q3244874", "Beatriu G\u00f3mez Franquet": "Q2226757", "Yuki Matsuda": "Q15278668", "Ren\u00e1ta Karabov\u00e1": "Q1875366", "Daniela Dumitru": "Q1163366", "Sandra Alusalu": "Q23042829", "Urd \u00c5sa Vallumr\u00f8d Eidsten": "Q17057793", "Lisanne Huisman": "Q2186065", "Ingeborg Kroon": "Q1927425", "Cindy Vergeer": "Q2257526", "Ellen Hazelaar": "Q74587674", "Martina Windhager": "Q101416756", "Shiho Ishida": "Q102121042", "Jeong Eun-jee": "Q103982845", "Hwang Sung-hui": "Q104245129", "Chiaki Kosaka": "Q104527874", "Anna Badayeva": "Q2112360", "Jenni Kukkonen": "Q5487746", "Mayon Kuipers": "Q2645110", "Natasja Bruintjes": "Q2658186", "Elena Kazelina": "Q80019215", "Nele Arm\u00e9e": "Q2752611", "Imke Vormeer": "Q14632088", "Zhang Lu": "Q102270960", "Wang Hee-jee": "Q104213794", "Marleen Pot": "Q2566448", "Rikke Jeppsson": "Q11997831", "Anastasiya Voronczova": "Q71583282", "Marit Fjellanger B\u00f8hm": "Q11988325", "Nicole Garrido": "Q4133905", "Corina Strikwerda": "Q95999396", "Yelena Urvantseva": "Q102116330", "Jelena Obaturova": "Q103992095", "Mariya Ivanova": "Q104189726", "Reika Shimizu": "Q106485167", "Sarah Gregg": "Q106507523", "Lauren McGuire": "Q106584207", "Kristina Cybina": "Q71876511", "Frida van Megen": "Q11970209", "Mio Kuroiwa": "Q63656515", "Miranda Dekker": "Q1880249", "Jorieke van der Geest": "Q2467914", "Aleksandra Goss": "Q16527479", "Oana Opincariu": "Q101416755", "Margo van de Merwe": "Q96480011", "Yukana Nishina": "Q60233336", "Liu Yichi": "Q101554961", "Siri Moseng Reiersen": "Q15114664", "Marit Dekker": "Q1969215", "Olga Zhigina": "Q102116368", "Erin Bartlett": "Q106593603", "Zhang Xin": "Q106817117", "Katja Franzen": "Q2875903", "Nadezhda Aseyeva": "Q22342400", "Maren J\u00f8rgensen": "Q11988130", "Brecht Kramer": "Q2245654", "Anneke Peters": "Q96677954", "Paulien Westerhof": "Q74400761", "Roxanne van Hemert": "Q2461160", "Karine Udahl": "Q19595347", "Paige Schwartzburg": "Q90137276", "Emma Engbers": "Q28521137", "Paige Brehm": "Q49225894", "Berit Kaleja": "Q69812386", "Margarita Ryzhova": "Q69804357", "Tatyana Klimchuk": "Q104247392", "Mai Kiyama": "Q63486992", "Zhan Xue": "Q27902619", "Rosa Pater": "Q2421199", "Victoria Rodr\u00edguez L\u00f3pez": "Q9093445", "Manouk van Tol": "Q71695910", "Mai Abe": "Q63489498", "Ria Westenbroek": "Q96695207", "Cristina Radu": "Q65007248", "Nadja Wenger": "Q50092257", "Jennifer Bay": "Q2640047", "Mareike Thum": "Q1669771", "Inge Bervoets": "Q74227819", "Natsumi Kado": "Q106496138", "Roza Blokker": "Q69867439", "Fuyo Matsuoka": "Q27869665", "Kie Nagata": "Q102070029", "Viktoriya Lugovaya": "Q104403885", "Chang Chao": "Q104413878", "Paola Simionato": "Q106558939", "Liu Feitong": "Q106561494", "Angelika Fudalej": "Q106641246", "Victoria Spence": "Q106678824", "Britt van der Star": "Q74194283", "Yuliya Koval": "Q50327994", "Anke Vos": "Q102046453", "Dalanbayar Delgermaa": "Q102112686", "Cerise Tersteeg": "Q69877520", "Esther Boer": "Q69879889", "Tatyana Ushakova": "Q70934219", "Rianne Hadders": "Q73539739", "Yuka Abe": "Q62566998", "Emma van Rijn": "Q69877481", "Merel Bosma": "Q87828821", "Olesya Chernega": "Q70800482", "Wang Jianlu": "Q104404359", "Kate Hanly": "Q106592918", "Xu Moyuan": "Q106804136", "Annemarie Pasveer": "Q48926959", "Nana Takahashi": "Q62382456", "Eva Lagrange": "Q19059822", "Lim Jeong-soo": "Q27952007", "Petra Acker": "Q19441607", "Anna Julia Janssen": "Q73665373", "Risa Takayama": "Q11669388", "Reina Anema": "Q2211823", "Pien Keulstra": "Q2616618", "Arisa Tsujimoto": "Q62394801", "Natasja Roest": "Q71673786", "Anna Pristalova": "Q30345746", "Ineke Dedden": "Q69866940", "Sha Yuning": "Q106591632", "Urszula W\u0142odarczyk": "Q106641529", "Janneke Elzinga": "Q91555748", "Lisa van der Geest": "Q13767538", "Julia Berentschot": "Q72097610", "Mai Yamada": "Q62594604", "Kaitlyn McGregor": "Q2086592", "Jun Ye-jin": "Q101555549", "Jessica Beckert": "Q69804695", "Saori Toi": "Q27860339", "Nicky van Leeuwen": "Q88973079", "Giulia Lollobrigida": "Q56641125", "Bente van den Berge": "Q70006897", "Jade van der Molen": "Q2386721", "Leey\u00e8n Harteveld": "Q70601097", "Sophie Reinl\u00e4nder": "Q69804335", "Ellen Bjertnes": "Q13407648", "Altan-Ochir Zul": "Q104218030", "Mariya Sizova": "Q104437453", "Zhang Yue": "Q106706611", "Laura van Ramshorst": "Q87737852", "Kelly Schouten": "Q87648540", "Elena Eranina": "Q69918519", "Alexandra Kachurkina": "Q28665508", "Anastasiya Zueva": "Q70767151", "Yukari Matsuzawa": "Q62566409", "Esm\u00e9 Stollenga": "Q71705604", "Eli\u0161ka D\u0159\u00edmalov\u00e1": "Q42913427", "Linda Bortolotti": "Q56641555", "Marte Vatn": "Q22340697", "Tessa Boogaard": "Q70006932", "Willemijn Cnossen": "Q93994739", "Nam Ye-won": "Q106656180", "Anastasiya Zdravkova": "Q70653422", "Aveline Hijlkema": "Q69867540", "Fabi\u00ebnne Winkel": "Q76425635", "Allison Bates": "Q81834087", "Bianca Bakker": "Q92279857", "Maaike Laagland": "Q19839647", "No\u00e9mie Fiset": "Q27843011", "Nienke Kleinsman": "Q83545109", "Silje Borgersen": "Q15080818", "Nene Sakai": "Q60183610", "Aleksandra Kapruziak": "Q106702106", "Jang Mi": "Q23041497", "Stien Vanhoutte": "Q27903932", "Leia Behlau": "Q19610303", "Jessica van Bentum": "Q84572894", "Lindsey Kent": "Q104532730", "Anouk Sanders": "Q76651957", "Abigail McCluskey": "Q85317699", "Park Cho-weon": "Q106592314", "Anouk Karel": "Q80191956", "Shi Xiaoxuan": "Q23043379", "Miku Asano": "Q62393111", "Esther Kiel": "Q23636325", "Josie Hofmann": "Q88074962", "Inga Anne Vasaasen": "Q22341458", "Naomi Weeland": "Q70345042", "Martine Lill\u00f8y Bruun": "Q11988567", "Ariane Smit": "Q76427755", "Elizaveta Khreptugova": "Q70916307", "Dione Voskamp": "Q70708248", "Gloria Malfatti": "Q56641307", "Danouk Bannink": "Q70707293", "Brianna Bocox": "Q80760513", "Jang Soo-jee": "Q23044884", "Tineke den Dulk": "Q57549148", "Rio Yamada": "Q59769583", "Linda Rossi": "Q104840159", "Tjilde Bennis": "Q90823021", "Anne Leltz": "Q87916277", "Lina Miedema": "Q71713120", "Freya Reitsma": "Q87742880", "Vera G\u00fcntert": "Q105046879", "Chiara Cristelli": "Q23298587", "Myrte Sandu": "Q81069615", "Aurelija Ipolito": "Q61874862", "Marit Steunenberg": "Q81069751", "Yuna Onodera": "Q62579077", "Isabelle van Elst": "Q71711490", "Yauheniya Varabyova": "Q81808921", "Elena Samkova": "Q70516985", "Nat\u00e1lie Kerschbaummayr": "Q21533026", "Carina Jagt\u00f8yen": "Q101247548", "Noemi Bonazza": "Q23067915", "Deborah Grisenti": "Q50403531", "Irina Kuznetsova": "Q60601562", "Sterre Jonkers": "Q80112896", "Helga Drost": "Q43371335", "Mihaela Hoga\u0219": "Q23309157", "Sandra Dekker": "Q81069746", "Sun Nan": "Q50327089", "Kim Min-jo": "Q50322286", "Viola Feichtner": "Q49160285", "Li Huawei": "Q23047525", "Laura Lorenzato": "Q124609713", "Britt de Boer": "Q81069614", "Gioya Lancee": "Q81496523", "Sumiya Buyantogtokh": "Q23073573", "Josien van der Wal": "Q104536055", "Kurumi Inagawa": "Q62548020", "Lea-Sophie Scholz": "Q81818214", "Muri\u00ebl Meijer": "Q81059956", "Kristiine Kalev": "Q104846497", "Naomi van der Werf": "Q81069682", "Anna Kovalyova": "Q105046693", "Paulien Verhaar": "Q80112889", "Karolina G\u0105secka": "Q23304326", "Rachelle van de Griek": "Q71669549", "Jasmin G\u00fcntert": "Q105191701", "Anastasiya Korkina": "Q69832132", "Lemi Williamson": "Q61652253", "Kristina Silaeva": "Q105046868", "Ane By Farstad": "Q52285392", "Kim Min-ji": "Q86668496", "Fang Huiyan": "Q90522616", "Naomi Verkerk": "Q73221111", "Isa Merkuur": "Q81069617", "Bertha Natalie Hognestad": "Q104530247", "Katharina Thien": "Q105046562", "Erika Lindgren": "Q50330845", "Victoria Keltie S\u00e6tersdal": "Q115097319", "Iga Wojtasik": "Q117157303", "Lianne van Loon": "Q83544137", "Josephine Heimerl": "Q105046757", "Pia-Leonie Kirsakal": "Q105737276", "Vilde Baas": "Q115239502", "Roos Markus": "Q81069747", "Maud Lugters": "Q76634062", "Hilde Noppert": "Q89458405", "Kim Talsma": "Q83545711", "Marit van Beijnum": "Q89311674", "Natalia Jabrzyk": "Q104844950", "Eline van Voorden": "Q83547201", "Anastasiia Grigoreva": "Q105046830", "Laura Peveri": "Q80217269", "Georgie Dalrymple": "Q105821728", "Sacha van der Weide": "Q109331494", "Famke Minnee": "Q83545433", "Leonie Bats": "Q104521722", "Rin Kosaka": "Q62593952", "Petra Jasic": "Q81903926", "Sita Vermeulen": "Q82749310", "Myrthe De Boer": "Q81498379", "Eline Jansen": "Q83544867", "Sini Siro": "Q81907052", "Olivia Weedon": "Q81908059", "Aleksandra Rutkovskaya": "Q81906603", "Maja Wagner": "Q81907987", "Ramona Ionel": "Q81903814", "Y\u016bka Takahashi": "Q81907457", "Anna Ostlender": "Q81905974", "Hanna Svenni": "Q115257753", "Victoria Stirnemann": "Q76449094", "Marta Dobrowolska": "Q81902651", "Julie Berg Sj\u00f8brend": "Q81907059", "Leila Meijer": "Q83545145", "Karyna Shypulia": "Q81907007", "Daria Kopacz": "Q81904462", "Yang Binyu": "Q81908183", "Jingyi Wang": "Q81908028", "Evelien Vijn": "Q101094880", "Sophie Warmuth": "Q110741670", "Katia Filippi": "Q81902889", "Laura Kivioja": "Q81904328", "Yukino Yoshida": "Q81908244", "Mariya Gorbunova": "Q81903188", "Park Chae-eun": "Q86662934", "Laura Hall": "Q125224036", "Lucie Korvasov\u00e1": "Q124555266", "Min Hui Kim": "Q81904273", "Zuzana Kur\u0161ov\u00e1": "Q81904662", "Dione Tan": "Q81907467", "Fran Vanhoutte": "Q81907850", "Hanna Sokolowska": "Q81907156", "Luisa Maria Gonzalez Salazar": "Q81903182", "Momoka Horikawa": "Q110517953", "Soomin Kang": "Q81904078", "Valeriya Sorokoletova": "Q81907168", "Betty Moeske": "Q81905492", "Hanna Biro": "Q81901937", "Jildou Hoekstra": "Q109330462", "Ilka Fuzesy": "Q81903004", "Amalie Haugland": "Q81903482", "Josephine Schl\u00f6rb": "Q110751701", "Dina Storelid": "Q119412342", "Sofie Ulset": "Q119010041", "Pien Hersman": "Q109332152", "Alina Dauranova": "Q81902517", "Jade Groenewoud": "Q109316361", "Serena Pergher": "Q81906120", "Chlo\u00e9 Hoogendoorn": "Q110751613", "Pien Smit": "Q109330828", "Varvara Bandaryna": "Q81901275", "Carla Alvarez Fernandez": "Q81901090", "Patricia Koot": "Q116702340", "Darya Gavrilova": "Q81903065", "Kate\u0159ina Mach\u00e1\u010dkov\u00e1": "Q81905093", "Emika Miyagawa": "Q124556062", "Seoyeon Cho": "Q124555779", "Marija Degen": "Q124556055", "Kristina Shumekova": "Q124790647", "Angel Daleman": "Q116818339", "Martine Solem": "Q115271153", "Jung Huidan": "Q128508255", "Lim Leewon": "Q128487356", "Marcela Kloudov\u00e1": "Q11988098", "Edda Indri\u00f0ad\u00f3ttir": "Q15150648", "Marcela V\u00e1vrov\u00e1": "Q17711973", "Margit Lauritsen": "Q51133737", "Minako Taki": "Q52269667", "Anna-Liisa Tuominen": "Q52288430", "Taeko Kitani": "Q52476589", "Yasuko Kawanami": "Q52476603", "Gladys Ferguson": "Q52476619", "Choko Yanase": "Q52476628", "Kaarina Willberg": "Q52476652", "Toini Nieminen": "Q52476660", "Jang In-suk": "Q52476727", "Anastasiya Trapeznikova": "Q60606343", "Kotona Nakanishi": "Q61439032", "Maren Wittek": "Q69811885", "Olga Kasatkina": "Q69812988", "Aki Nakita": "Q75823914", "Riny Nijdam": "Q76425437", "Clare Upton": "Q81835720", "Yevgeniya Ponomareva": "Q89936020", "Aulikki V\u00e4is\u00e4nen": "Q89991952", "Kaisa Vihma": "Q90694541", "Choi Yeong-hae": "Q90787191", "Xu Mingshu": "Q90886226", "Lu Chengyou": "Q90933487", "Christina R\u00f6d\u00e9n": "Q91102087", "Galina Savintseva": "Q91659544", "Yang Yunxiang": "Q91661418", "Aslaug Pedersen": "Q91716170", "Eszter Asztalos": "Q91794433", "Cui Shunci": "Q92020684", "Mendbayryn Naratsetseg": "Q92022323", "Jin Meiyu": "Q92023013", "Barbara Frackiewicz": "Q92059850", "Carol Johnson": "Q92102688", "Pi Huci": "Q92280014", "Ying Chun": "Q92846820", "Li Fengqing": "Q92849568", "Liu Liqin": "Q92849651", "Kim Men-sen": "Q93207109", "Ko Gen-hi": "Q93207237", "Cheryl Prendergast": "Q98872348", "Lien van der Mei": "Q99897593", "Afke Stoker": "Q102183877", "Liu Yangmei": "Q102202366", "Xu Yanli": "Q102276263", "Sietske de Boer": "Q102329442", "Geertje Brouwer": "Q102334443", "Geeske Koopman": "Q104057674", "Trijntje Jelsma": "Q104413575", "Zhao Xin": "Q104532869", "Aukje Spijkstra": "Q109259292", "Marlen Ehseluns": "Q110751691", "Maira Jasch": "Q110751712", "Inessa Shumekova": "Q110752510", "Mio Takahashi": "Q110752541", "Park Chae-won": "Q110753592", "Annie van der Aa": "Q114504181", "Helga Ratki": "Q118271086", "Jolanda Voskamp": "Q126453847"}