{"Marianna de Copons": "Q19301118", "Genoveva Ricaurte Mauris": "Q5877193", "Juana de Dios Manrique": "Q98015218", "Margarete Schmidt": "Q23662224", "Lise Rischard": "Q19995237", "Anne De Beir": "Q19587490", "Julia Cerdeiros": "Q12391289", "Kitty Schmidt": "Q116781093", "Margarita Ruiz de Lihory y Resino": "Q55188196", "Herminie Vaneukem": "Q62931340", "Ana Maria Bidegaray": "Q64816688", "Suzy Depsy": "Q113334419", "Marija Zacharczenko-Szulc": "Q1703423", "Maria Elia De Seta Pignatelli": "Q16576085", "Louisa d'Hav\u00e9": "Q81975746", "Maria-Emma Schul-Martin": "Q18708671", "Dagmar Imgart": "Q1157288", "Lady Dora Dibbets": "Q102353213", "Elena Ferrari": "Q4174682", "Polina Belenkaya": "Q120280673", "Josephine Butler": "Q112353111", "\u041c\u0430\u043a\u0441\u0438\u043c\u043e\u0432\u0438\u0447, \u0410\u043d\u043d\u0430 \u041f\u0430\u0432\u043b\u043e\u0432\u043d\u0430": "Q4276264", "Halina Dybczy\u0144ska-Niezbrzycka": "Q109906383", "Ol\u2018ga Michajlovna Ranickaja": "Q104905488", "Lydia Oswald": "Q25565693", "Rosalinda Powell Fox": "Q108586964", "Jeanne Dormaels": "Q91118249", "W\u0142adys\u0142awa Kostak": "Q9382479", "Wilhelmina van Kooten": "Q105426053", "Josefine Brunner": "Q107208913", "Anna Dienelov\u00e1": "Q104831974", "Suzanne Giraud": "Q4180553", "Laura D'Oriano": "Q3827752", "Elisaveta P\u00e1rshina": "Q35847835", "Stella Lonsdale": "Q96084828", "Ren\u00e9e Marceau": "Q121994459", "Else Haugsted": "Q110619250", "Laure Dissard": "Q94405589", "Araceli Gonz\u00e1lez Carballo": "Q12383192", "Irina Soltanovna Cornescou": "Q107414126", "Erika Lehmann": "Q5388986", "Simone S\u00e9ailles": "Q18398255", "Irina Alimova": "Q85292200", "Marie Kristiane Arentz": "Q125376736", "Ingrid Bj\u00f8rgum Eld\u00f8en": "Q129747691", "Lidiya Bazanova": "Q97659122", "Inga Lerfald": "Q125458245", "Leili Viktorovna Azolina": "Q110106701", "Esfir Yurina": "Q107414133", "Jewgenija Derjugina": "Q43376512", "Tanya Radyonska": "Q107414131", "Nadiezhda Makaryeva": "Q107414128", "W\u0142adys\u0142awa Krystyna Rzepecka": "Q119704440", "Gunvor Woldmo Foosn\u00e6s": "Q129750478", "Anne I. Carroll": "Q117352074", "Yehudit Yehezkeli Galili": "Q107605897", "Isabel Pedro": "Q30526913", "Yael Man": "Q108315123", "\u0422\u0430\u043c\u0430\u0440\u0430 \u0406\u0432\u0430\u043d\u0430\u045e\u043d\u0430 \u041d\u044f\u0442\u044b\u043a\u0441\u0430": "Q84725153", "Rosario Casas Dupuy": "Q16766284", "Beatriz M\u00e9ndez de Vigo Montojo": "Q99583306", "Mar\u00eda Dolores Vilanova Alonso": "Q111963901", "Kristina P\u00e9rez": "Q112549008", "Olga Kolobova": "Q113626286", "Jennifer Gonz\u00e1lez Leyva": "Q118645699", "Darja Astapienka": "Q128585915", "Kim Suk-hui": "Q11647584", "Virginia Baynes": "Q18225292", "Kathleen Willsher": "Q18233679", "Hong Su-hye": "Q36284175", "Kim Eun-ju": "Q56256551", "Tonya Ugoretz": "Q64413933", "\u8056\u5973": "Q65279152", "Ramona Snyder": "Q74489082", "Felicidad Corcuera": "Q74490455", "Yanqing Ye": "Q84076643", "Elizabeth Carlson": "Q87922578", "Angela Rinaldi": "Q107111954", "Maria Knuth": "Q107414127", "Valentina Malinovska": "Q107414129", "Susan Lynn Roley": "Q107414132", "Anetta Maciejewska": "Q110510338", "Ellen Jones": "Q112960694", "Helima Croft": "Q114874283", "Catherine Vitinger": "Q115715936", "Gabriele Kliem": "Q115864969", "Nataliya Pereverzeva": "Q117384077", "Urtubiako anderea": "Q118313124"}