{"Hermine Kraus": "Q23710596", "Lisie Nystr\u00f6m": "Q11876044", "Terttu Kainuvaara": "Q98228881", "Alice Beuns": "Q98406624", "Wanda Kwasniewska": "Q56256154", "Louise Noeppel": "Q26433009", "Marie Mejzl\u00edkov\u00e1": "Q16407699", "Marzena Szmid": "Q56256156", "Bozena Sr\u00e1mkov\u00e1": "Q50347536", "Ludmila Sychrov\u00e1": "Q22696982", "Yvonne De Wynne": "Q26433004", "Dolly Wagner": "Q23710598", "Mariya Shamanova": "Q1895858", "Zde\u0148ka Fleischerov\u00e1": "Q23988590", "Simone Warnier": "Q98141366", "Ebba Sundholm": "Q4981240", "Taniya Hachermoni": "Q55650003", "Valentina Kosareva": "Q55653662", "Aniela Sikora": "Q87718072", "Poula Hansen": "Q18647076", "Leena H\u00e4rm\u00e4": "Q17381041", "Solveig Toms": "Q17112578", "Lilja Erikkil\u00e4": "Q11875889", "Gerda Gottlieb": "Q1510970", "Ilse Rahnel": "Q22696668", "\u05d6\u05dc\u05d3\u05d4 \u05e9\u05d5\u05dc\u05d9\u05d0\u05e7": "Q50356946", "Zofia Staruszkiewicz": "Q111098012", "Aili Reiko": "Q11850082", "Valentina Fokina": "Q60667368", "Ga\u00ebtane Boitel": "Q11860330", "Valentina Vasilyeva": "Q60668019", "Margareta Ekholtz": "Q4946097", "Betty Lock": "Q60322553", "Sofya Malshina": "Q18971283", "Edith \u00d8ieren": "Q54869052", "Martha Adema": "Q2222191", "Mitsu Morita": "Q17220272", "Lidi Christiansen": "Q12324388", "Ulla-Britt Althin": "Q4986721", "Georgette Duarte": "Q10288990", "Zoya Dukhovich": "Q18970873", "Ilona Fekete": "Q61794277", "Aida Lapshina": "Q4254438", "Anita Aittala": "Q11851441", "Hilkka Talvio": "Q11862634", "Lizzy Schaldemose": "Q12324764", "Annikki Aarnio": "Q91876194", "Wanda Wolanska": "Q85854213", "Nonna Polyakova": "Q59410276", "Inga-Lill Nyqvist": "Q16989508", "Colette Aitelli": "Q11855437", "Tuija Valkama": "Q5412412", "Bj\u00f8rg Iversen Stangjordet": "Q55318341", "Eila Mikola": "Q11857011", "Aulikki Jaakkola": "Q11853434", "Marie-Louise Dure": "Q4945449", "Kirsten Roelsh\u00f8j": "Q17482395", "Rebecca Ayars": "Q111660511", "Riitta Sarahete": "Q16990378", "Irja Ukkola": "Q16991063", "El\u017cbieta Szyroka": "Q9253278", "Alfrances Lyman": "Q72980966", "Tove Larsen": "Q12343308", "Anne-Lise Olsen": "Q12301790", "Ani Nielsen": "Q12301674", "Tuovi Vahtera": "Q16991108", "Jeannine Knaepen": "Q23806529", "Ellen Ort": "Q108779863", "\u0399\u03c9\u03ac\u03bd\u03bd\u03b1 \u039a\u03bf\u03bd\u03c4\u03ce\u03c3\u03b7": "Q16332913", "Bridget Robinson": "Q19638181", "Maija Koivusaari": "Q5401116", "Deirdre Watkinson": "Q26807794", "Nadezhda Syeropegina": "Q64222017", "Ann-Marie Tegelius": "Q4989871", "Lone Hadrup": "Q12324851", "Ulla \u00d8sterberg": "Q12340180", "Alice Wiese": "Q12301036", "Hilkka Kivist\u00f6": "Q11862629", "Barbara Lyall": "Q27784286", "Sakae Konno Ishikawa": "Q18817564", "Rosika Verberckt": "Q2921177", "Gloria Dourass": "Q26808353", "Thelwyn Bateman": "Q27316141", "Liz Gill": "Q27316525", "Sheila Cooper": "Q60382430", "Liv M\u00e6sel Rundberg": "Q17106930", "Kirsten Roggenkamp": "Q62650462", "Inge Jensen": "Q12318309", "Aura-Liisa Laihorinne": "Q11853492", "Tatyana Arnautova": "Q63242033", "Margaret Ramsay": "Q27443358", "Shirley Somervell": "Q27901832", "Ann-Margret Utterberg": "Q66449079", "Libu\u0161e Macounov\u00e1": "Q12033421", "Gunilla Olausson": "Q4970894", "\u05d7\u05e0\u05d4 \u05e1\u05de\u05d5\u05da": "Q16133045", "Liz Sutherland": "Q27767353", "Chris Salmond": "Q27982927", "Helena Turpeinen": "Q11862014", "Ingela Ericson": "Q4946935", "Britt Krohg Ramstad": "Q17106674", "Orvokki Manninen": "Q11885822", "Seija-Liisa Laavi": "Q11892802", "Eeva-Liisa Myllym\u00e4ki": "Q11856870", "Else Hadrup": "Q12309858", "Brigitte Haest": "Q64422070", "Susanne Hvas": "Q16065201", "Kirsten H\u00f8iler": "Q12321961", "Monka Bobcheva": "Q64496918", "Alexandrina B\u0103descu": "Q114912211", "Mireille Testani\u00e8re": "Q58845965", "Lubow Zawja\u0142owa": "Q64030868", "Ruth Watt": "Q27982912", "Elisabel Delgado": "Q16298762", "Marianne Flytting": "Q12326031", "Gwen Norman": "Q20831550", "Raisa Nikanorova": "Q61045850", "Ulla Lax": "Q11899451", "Ulla Lempi\u00e4inen": "Q5406483", "Eva Putnov\u00e1": "Q11985180", "Adrienne Smyth": "Q27798021", "Pat Hawkins": "Q20853491", "C\u00e9u Lopes": "Q10263155", "Inger Nilsson": "Q4969637", "Lillemor R\u00f6nnbrant": "Q4976325", "Pirkko Helenius": "Q653717", "Christa Kepplinger": "Q64424168", "Elina Ala-Fossi": "Q11857380", "Emiko Konishi": "Q20040063", "Jette Riisberg": "Q16064109", "Renaye Bowen": "Q28018445", "Danuta Lejman": "Q55389693", "Danuta Gaska": "Q65190475", "Barbro Ahonen": "Q11853897", "Liz Damman": "Q27523199", "Keiko Yamada": "Q11470369", "Hanni Burger": "Q64426055", "Birgitte Jennes": "Q12303520", "Isabella Keller": "Q21057323", "Tove Kyhn": "Q12339674", "Freideriki Krikela": "Q22812267", "Irma K\u00f6nye": "Q17361726", "Yvonne Hannus": "Q11903100", "Christine Dale": "Q27507354", "Ann-Charlotte Hesse": "Q66455790", "Marian O'Shaughnessy": "Q27507480", "Beatriz Allocco": "Q5724093", "Grazyna Siewierska": "Q55389598", "Sonya Zachariyeva": "Q66472678", "Linda McCurry": "Q27989787", "Monika Holzschuster": "Q64578042", "Lyudmila Storozhkova": "Q3269837", "Laila S\u00f8ndergaard": "Q12323584", "Gail Wooten": "Q27987053", "Alev Duygulu": "Q6027603", "Leena Pylkk\u00e4nen": "Q11875246", "Margit Hansen": "Q12325955", "Dorothee Wosnitza": "Q110540506", "Nadine Cochand": "Q11883892", "Bente Amundsen": "Q16164576", "Nadezhda Lyalina": "Q110267841", "Evelyn McMeekin": "Q27982943", "Hannele Soikkeli": "Q14917697", "Colleen Pekin": "Q22570433", "Lise Wilbek": "Q18647622", "\u05d0\u05dc\u05d4 \u05e7\u05e6\u05d9\u05e8": "Q30080593", "Barbara Zgadzaj": "Q55389590", "Maud Engbo": "Q4946709", "Yukiko Osako": "Q20039063", "Lena Fritzson": "Q66472620", "Roxanne Gelle": "Q27472712", "Susanna Bergman": "Q4938595", "Heidi Benserud": "Q54869241", "Tova Fink": "Q30118811", "Irina Olkhovnikova": "Q87740717", "Kim Thomas": "Q28018427", "\u05e8\u05d1\u05e7\u05d4 \u05e7\u05d5\u05d2\u05de\u05df": "Q16133538", "Karen Williams": "Q27989798", "Resi Fischer": "Q110586082", "Kelia Bolton": "Q20822917", "Easter Gabriel": "Q20822888", "Giuliana Bargioni": "Q65556388", "V\u011bra Tylov\u00e1": "Q12002441", "Barbara Ciesluk": "Q55389593", "El\u017cbieta Tomczak": "Q9253284", "Auli Marttinen": "Q11853429", "Anita S\u00f8lyst": "Q12301688", "Lill Gustafsson": "Q4951511", "Olga H\u00e4m\u00e4l\u00e4inen": "Q11797905", "Alena Bul\u00ed\u0159ov\u00e1": "Q10769116", "Tiina Pakkala": "Q14917700", "Riitta Vesanen": "Q11890757", "Tiina Lindgren": "Q5394896", "Aila Haikkonen": "Q11850066", "Terhi Tarkiainen": "Q16990815", "Margareetta Haavisto": "Q11880850", "Brenda Cliette": "Q20822787", "Diane Holden": "Q4954375", "Helle Theil": "Q12316083", "Helle Vinkler": "Q12316084", "Ewa Johansson": "Q4956972", "Monika Klebe": "Q4959055", "Monica Strand": "Q4980714", "Arja Jokinen": "Q18632807", "Benedikte Indreb\u00f8": "Q17097139", "Natalya Merzlyakova": "Q114032952", "Petra M\u00fcller": "Q110583672", "\u039c\u03b5\u03bb\u03af\u03bd\u03b1 \u039c\u03b5\u03bd\u03b5\u03bb\u03ac\u03bf\u03c5": "Q105524878", "Jaana Niemi": "Q18633448", "Jolanta Barska": "Q11728042", "Orit Kolodni": "Q11799181", "Lotta Suviranta": "Q18632385", "Nicole M\u00f6nkem\u00f6ller": "Q12328678", "\u05e4\u05d5\u05e2\u05d4 \u05e0\u05d9\u05d9\u05d2\u05e8": "Q16129770", "Gunilla Ascard": "Q4936732", "Sandra Gairy": "Q12334513", "Karen Gydesen": "Q12321312", "Kaisa Moilanen": "Q18633422", "Sabine Irrgang": "Q110586068", "Maria Fernstr\u00f6m": "Q4947918", "Minna Uunim\u00e4ki": "Q18633489", "Sari Raumala": "Q16990385", "Yuliya Tarasenko": "Q113738096", "Sonja Finell": "Q11894094", "Ayako Nomura": "Q48765315", "Shantel Ransom": "Q20354070", "Karima Meskin Saad": "Q20890324", "Gulnara Safiullina": "Q114099031", "Marika Johansson": "Q4957068", "Johanna Viram\u00e4ki": "Q17384895", "Satu J\u00e4\u00e4skel\u00e4inen": "Q11892588", "Lena Aruhn": "Q4936642", "Tarja Leveelahti": "Q17167539", "Kozue Shibata": "Q11534726", "Mette B. Pedersen": "Q12326814", "Tasha Downing": "Q20355228", "Cheryl-Ann Phillips": "Q20355330", "Monique Dunstan": "Q17325223", "Charlotta Johansson": "Q4956940", "Richelle Webb": "Q20819243", "Victoria Ljungberg": "Q4963321", "Shantel Twiggs": "Q20819236", "\u05d2\u05d9\u05dc\u05d9 \u05d3\u05d9\u05e9\u05d5\u05df": "Q27990451", "Kazue Kubota": "Q11369068", "Minna Kallio": "Q14917671", "Jonna Salmivaara": "Q17167541", "Dorota Piekarska": "Q55389690", "Riitta-Liisa Bovellan": "Q17167540", "Jutta Kemil\u00e4": "Q5406586", "Tatiana Orcy": "Q10378340", "Linda Olsson": "Q29605064", "Katja Skogman": "Q18633366", "Wioletta Wojtasik": "Q55389647", "Halina Pilch": "Q65190498", "Monica Lundgren": "Q4964110", "Kathleen Van Hove": "Q23047631", "Anna Kronberg": "Q4959961", "Therese Olofsson": "Q4971027", "Rabia Abdul Salam": "Q108535667", "Olga Povtaryova": "Q113780519", "\u05d2\u05dc\u05d9\u05ea \u05de\u05e8\u05e6\u05e7\u05d9": "Q27990256", "\u05e9\u05e8\u05d5\u05df \u05dc\u05d1": "Q27990449", "Petra Stenman": "Q11887741", "Katja Kuusela": "Q16300192", "Anna J\u00e4gre": "Q4957640", "Katleen Suys": "Q74743348", "Marika Engdal": "Q16298073", "Linda Hansson": "Q4952631", "Kanae Ito": "Q11379848", "Riikka Niemel\u00e4": "Q11890716", "Natalya Mikhaylovskaya": "Q114173060", "Masako Hasegawa": "Q11654006", "Leen Mortier": "Q74743306", "Jane Arnott": "Q123989076", "Yumiko Sugawara": "Q11619205", "Annika Amundin": "Q4935496", "Sanna Koivisto": "Q16299939", "Annika Kumlin-Henttu": "Q5392064", "Ellinor Stuhrmann": "Q4981033", "Ayumi Suzuki": "Q11648527", "Cecilie Rise Ortner": "Q17106359", "Julian Clay": "Q20761745", "Milla Kelo": "Q16299769", "Camilla Wir\u00e9n": "Q16991416", "Kati Karhula": "Q17381448", "Severina Cravid": "Q10370810", "Agnes Afiyo": "Q64506476", "Nadja Petersen": "Q4972620", "Alina Novikova": "Q122828324", "Hanna Korell": "Q16300005", "Tomomi Suzuki": "Q22129283", "Andrea Geurtsen": "Q4949960", "Maria Severin": "Q12326005", "Pirpa Menonen": "Q16987499", "Suvi Selvenius": "Q5481365", "Tea Finni": "Q16298190", "Bel\u00e9n Recio": "Q5725395", "Katja Salivaara": "Q11870382", "Ellen Str\u00f8m Juliussen": "Q19974667", "Sofie Abildtrup": "Q12336290", "Helene Bourdin": "Q4987680", "Sanna Erkinheimo": "Q11892377", "Elina Lax": "Q11857395", "Karolina T\u0142ustochowska": "Q65190529", "Emma Montell": "Q11857856", "Olga Khalandyreva": "Q114174553", "Minna J\u00e4rvenp\u00e4\u00e4": "Q16299500", "Anna Niemel\u00e4": "Q17382727", "Leena Huhta": "Q16299136", "Anna Saari": "Q16990261", "Svetlana Nabokina": "Q114356607", "Jenniina Halkoaho": "Q11866332", "Carla Tavares": "Q9696740", "Marta Avogadri": "Q91017469", "Ilona Punkkinen": "Q14542632", "Natalja Dubrova": "Q122829506", "Nina Vainikainen": "Q68301250", "Petronella Dahlerus": "Q28025617", "Elisabetta Stefanini": "Q3723259", "Sayaka Murakami": "Q18818211", "Sille S\u00f8ndergaard": "Q12335327", "Clora Williams": "Q4990580", "Carla Bosco": "Q11855027", "Anna Heini\u00f6": "Q11851573", "Siina Pylkk\u00e4": "Q11893405", "Helena Schmidt-Scherer": "Q12315990", "Julie Schmidt-Scherer": "Q12320476", "Elina Korjansalo": "Q5476518", "Milja Kuikka": "Q16300124", "Frida Claesson": "Q28025568", "Mariya Dryakhlova": "Q39082613", "Rebecca H\u00f6gberg": "Q4955400", "Jenny Ljunggren": "Q4963333", "Seyi Omojuwa": "Q11893237", "Annu Kangasaho": "Q11851820", "Manami Meguro": "Q11581665", "Wendy Den Haeze": "Q24623637", "Yelena Voynova": "Q11724071", "Sari Eero": "Q4945807", "Elisa Hakam\u00e4ki": "Q11857443", "Siri Eritsland": "Q12000616", "Irene H\u00f8vik Helgesen": "Q17096482", "\uae40\ud558\ub098 (\uc721\uc0c1 \uc120\uc218)": "Q12589112", "Louise Jones": "Q21288283", "\u05e8\u05d9\u05d8\u05d4 \u05e4\u05d5\u05d2\u05e8\u05dc\u05d5\u05d1": "Q20925189", "Louise Bloor": "Q20985590", "Katrine Mikkelsen": "Q12321582", "Vibecke Brun": "Q12009635", "Yuna Mekhti-Zade": "Q113459062", "Lyndsay Pekin": "Q21208026", "Stine Meland Tomb": "Q1612030", "Fatima Mohammadi": "Q11859413", "Emma Bj\u00f6rkman": "Q44472485", "Saori Suda": "Q11664649", "Maisa Korri": "Q11880600", "Minna Laukka": "Q11882909", "Caroline Hagman": "Q16298440", "Sofie Persson": "Q4972569", "Karin Storbacka": "Q14258845", "Giia Lindstr\u00f6m": "Q11860470", "Ifeoma Kulmala": "Q54645162", "Caroline W\u00e4rn": "Q11855061", "Anne Skudal Dolvik": "Q17057657", "Globine Mayova": "Q66984361", "Julia Skugge": "Q29246560", "Noora H\u00e4m\u00e4l\u00e4inen": "Q14623574", "Shelly Komalam": "Q96638376", "Hege Vold": "Q11974637", "Maria Gustafsson": "Q4951522", "Sibel A\u011fan": "Q20740593", "Sonja Alasalmi": "Q11894091", "Takarako Nakamura": "Q11365517", "Katsiaryna Shumak": "Q6500191", "Anna Olsson": "Q12301769", "Cecilie Benedicte Isern": "Q17097183", "Elin Backman": "Q4937192", "Anne Sofie Nex\u00f8 Andersen": "Q12301859", "Katrine Holten Kristensen": "Q12321575", "Noora Toivo": "Q5408252", "Anniina Laitinen": "Q11851766", "Kristiina Auno": "Q11873039", "Tale \u00d8rving": "Q25431077", "Mathilda Hultgren": "Q27902198", "Jasmin Showlah": "Q11866212", "Nelli Toivo": "Q16990911", "Alisa Andersen": "Q11957434", "Laura Ahola": "Q16159062", "Martyna Ksiazek": "Q11988583", "Oona Vil\u00e9n": "Q16991256", "Jacqueline Gasser": "Q21055427", "Jenna Jokela": "Q13415499", "Tiina Lepp\u00e4koski": "Q11897555", "Laura Maddox": "Q19541295", "Trine Mj\u00e5land": "Q19393040", "Ester Van den Hende": "Q74367475", "Venla Paunonen": "Q11900896", "Yuki Miyazawa": "Q21157930", "Sara Brahmer Svendsen": "Q12334655", "Hanna Wiss": "Q11861348", "Janina K\u00f6lsch": "Q25931172", "Nodoka Seko": "Q21700185", "Nathalie Kold-Hansen": "Q12328303", "Jonna Skrifvars": "Q16990570", "Tara Marie Norum": "Q23902294", "Jeanine Nyg\u00e5rd": "Q26920958", "Shiori Miki": "Q11835847", "Maria R\u00e4s\u00e4nen": "Q14336330", "Tiia M\u00e4ki": "Q14917675", "Freja Jernstig": "Q29246564", "Chiamaka Okparaebo": "Q11963533", "Simone Wiklund": "Q20915055", "Oriana De Fazio": "Q11799159", "Lara Matheis": "Q29829812", "\u041a\u0430\u0440\u0438\u043d\u0430 \u041a\u043e\u043d\u0441\u0442\u0430\u043d\u0442\u0438\u043d\u043e\u0432\u043d\u0430 \u0422\u0440\u0438\u043f\u0443\u0442\u0435\u043d\u044c": "Q28500687", "Katri Mustola": "Q17468495", "Caroline Sandsjoe": "Q27881709", "Aino Paunonen": "Q11850173", "Cheng Chong": "Q21042587", "Rugiatu Kallon": "Q12333932", "Olivia Ekpon\u00e9": "Q11798044", "Ida Bakke Hansen": "Q11976771", "Marte J\u00f8rgensen": "Q11988477", "Linnea Killander": "Q28840683", "Jonna Julin": "Q5473668", "Jonna Berghem": "Q11866885", "Karolina Zagajewska": "Q87423649", "Valeria Jara": "Q16300726", "Lisa Duffy": "Q23916023", "Matilda Hellqvist": "Q27750627", "Marl\u00e9n Aakre": "Q21936263", "Katie Kirk": "Q11737414", "Emma Steenberg": "Q12310012", "Nedeesha Ramanayake": "Q120655869", "Ella R\u00e4s\u00e4nen": "Q11857482", "Frida Thors\u00e5s": "Q11970207", "Milja Thureson": "Q11882851", "Christine Salterberg": "Q38092203", "Christine Bjelland Jensen": "Q85971856", "Tabique Lockhart": "Q111692628", "Konstantina Giannopoulou": "Q50768491", "Wang Huan": "Q21042573", "Anna Fujimori": "Q17212073", "Martha Traore": "Q12326222", "Anniina Kortetmaa": "Q20638601", "Haruka Sugiura": "Q15211358", "Tomoka Tsuchihashi": "Q21157972", "Amira Chokairy": "Q66124960", "\u041d\u0438\u043a\u043e\u043b\u0430\u0435\u0432\u0430, \u0410\u043d\u0430\u0441\u0442\u0430\u0441\u0438\u044f \u0421\u0435\u0440\u0433\u0435\u0435\u0432\u043d\u0430": "Q39082562", "Ida Ravaska": "Q66247948", "Dominika Ba\u0107maga": "Q24430111", "Y\u016bki Jimbo": "Q21157960", "Bianca Brahmer Svendsen": "Q18232074", "Noelia Mart\u00ednez": "Q85505849", "Nadia Schaus": "Q16302121", "Irina Strebel": "Q105690569", "Miyu Maeyama": "Q47668592", "Mizuki Nakamura": "Q16578496", "Hilla Uusim\u00e4ki": "Q17501808", "Laurence Jones": "Q27430504", "Nanako Matsumoto": "Q16581427", "Federica Putti": "Q22137017", "Esther Asamu": "Q25429841", "Annelouise V. Jensen": "Q12301877", "Sahib-e-Asra": "Q107507343", "Nataliya Pyrozhenko-Chornomaz": "Q93649570", "Deborah Adewale": "Q11693171", "Ichiko Iki": "Q47668560", "Iyoba Edoba": "Q22123077", "Haruko Ishizuka": "Q22123591", "Fu Na": "Q51884636", "Nickoline Skifter Andersen": "Q12328620", "Aino Pulkkinen": "Q56404057", "Kaede Maegawa": "Q27151136", "Blessing Adiakerenwa": "Q25429902", "Kayla Anise Richardson": "Q26304640", "Chloe Abbott": "Q59481754", "Shoko Fukuda": "Q24877170", "Zion Corrales-Nelson": "Q27008482", "Huang Jiaxin": "Q63726210", "Abolaji Omotayo Oluwaseun": "Q25429886", "Amika Miyazaki": "Q112074861", "Jasmin Reed": "Q95214510", "Alisa Aalto": "Q98523452", "Karoline Daland": "Q28718168", "Ingvild Meinseth": "Q21936482", "Nikola Bendov\u00e1": "Q98974113", "Nea Mattila": "Q47542119", "Ruth Dahlin": "Q4944020", "Gun Sorling": "Q4979720", "Stina Sundstedt": "Q4981262", "Eva Ivarsson": "Q4988805", "Chancela Moundo": "Q9188798", "Sigrid Kleive": "Q28648737", "Esther Navero": "Q126997116", "Devine Parker": "Q30006767", "Sara Francis": "Q61985249", "Tetjana Kajssen": "Q97461216", "Marwa Qais": "Q126740492", "Zhang En-Yun": "Q106396218", "Li He": "Q113842855", "Midori Mikase": "Q56618345", "Angelique Strydom": "Q125134728", "Johanna Kylm\u00e4nen": "Q66479506", "Yu Ishikawa": "Q108777127", "Katriina Wright": "Q113101326", "Emeria Misaizu": "Q108777178", "Nevin \u0130nce": "Q106941125", "Laura Loponen": "Q108391407", "Kesaia Boletakanakandavu": "Q121678656", "Alessandra Gasparelli": "Q120018960", "Essi Niskala": "Q111223205", "Ann-Marie Arvidsson": "Q4936664", "Astrid Lundin": "Q4964137", "Shizuko Inaba": "Q11596998", "Akemi Hachisuka": "Q11625676", "Tomomi Kaneko": "Q11646802", "Anja Rantanen": "Q11851478", "Anni Rytter": "Q12301899", "Elsa H\u00f8yer": "Q12309844", "Heidi Jacobsen": "Q12315931", "Karen Rasmussen": "Q12321326", "\uc774\uc724\uacbd": "Q16180872", "Arisa Aman": "Q16263778", "Mari J\u00e4rvenp\u00e4\u00e4": "Q16299498", "Sinikka Leminen": "Q16983789", "Olga Virtanen": "Q17384926", "Mia Stryhn": "Q17482440", "Ruth Christiansen": "Q17482503", "Inge R\u00f8nde": "Q18647415", "Stepanka Pekarova": "Q26240124", "Germaine Robin": "Q26433006", "\u05d8\u05d5\u05d1\u05d4 \u05e4\u05d9\u05e0\u05e7\u05dc\u05e9\u05d8\u05d9\u05d9\u05df": "Q28859667", "\u05e8\u05d9\u05e0\u05d4 \u05d5\u05d9\u05d9\u05e0\u05e8\u05d9\u05d9\u05da": "Q28919121", "\u05e0\u05d5\u05e2\u05d4 \u05d6\u05d9\u05dc\u05d1\u05e8\u05de\u05df": "Q28919193", "S. Komalam Shally": "Q52344767", "\u05e8\u05d7\u05dc \u05e1\u05dc\u05d5\u05e0\u05d9\u05de\u05e1\u05e7\u05d9": "Q55650031", "Stefania Ditczuk": "Q56256121", "Aini Aavikko": "Q62007340", "Lena Ed\u00e9n": "Q87037494", "\u039c\u03ac\u03c4\u03b1 \u039a\u03b1\u03c4\u03c3\u03af\u03c0\u03b7": "Q98076844", "Anna Mercatelli": "Q113027063", "Kayla van der Bergh": "Q123990841", "Zrnka Krajnovi\u0107": "Q126391827"}