{"Abby Flynt": "Q102410970", "Aditi Shenvi": "Q60964857", "Adrienne W. Kemp": "Q112401423", "Agn\u00e8s Lagnoux": "Q102416138", "Aila S\u00e4rkk\u00e4": "Q86942288", "Aixin Tan": "Q102356036", "Ajka Relja": "Q58358380", "Alana Unfried": "Q102901202", "Alejandra Avalos-Pacheco": "Q108792690", "Alena Fialov\u00e1": "Q92120672", "Alena Ka\u0161\u010d\u00e1kov\u00e1": "Q117086136", "Alenka \u0160kafar Bo\u017ei\u010d": "Q65954650", "Alessandra Coli": "Q109877503", "Alessandra Faggionato": "Q103093031", "Alessandra Federici": "Q104550792", "Alessandra Parisi": "Q112669692", "Alessandra Petrucci": "Q86699472", "Alessandra Rosalba Brazzale": "Q90773161", "Alessandra Salvan": "Q102868776", "Alexandra Bykova": "Q112562890", "Alexina J Mason": "Q89406504", "Alice M Richardson": "Q58120600", "Alicia Graciela Bustamante L\u00f3pez": "Q125395422", "Alicia Johnson": "Q102358109", "Alicja Maksimowicz-Ajchel": "Q122817070", "Alina Baran": "Q115130956", "Alina Karska": "Q118876452", "Alisa Kim": "Q103473372", "Alison Macfarlane": "Q29643156", "Alix I. Gitelman": "Q102209545", "Alix Zollinger": "Q102434892", "Allison J. Ottenbacher": "Q58132932", "Almut Veraart": "Q102997138", "Alona Raviv": "Q107433941", "Amay S. M. Cheam": "Q102522716", "Amber J. Hackstadt": "Q90344353", "Amelia McNamara": "Q66565705", "Amy M. Crawford": "Q111106549", "Amy Racine": "Q107488108", "Amy Shepherd Wagaman": "Q112565664", "Amy Yackel Adams": "Q59831655", "Ana Maria Madrigal": "Q102384281", "Anar Ertulevna Meshimbaeva": "Q18246067", "Andrea Kraus": "Q112505480", "Ane\u017eka \u017daludov\u00e1": "Q73781982", "Angela P Presson": "Q91431923", "Angela Renee Neff": "Q102278890", "Angela Vadnal": "Q21572182", "Anjeles Iztueta": "Q12253585", "Anna Fergusson": "Q115524664", "Anna Maria Paganoni": "Q96190180", "Anna Mnatsakanova": "Q28320365", "Anna-Maria Kling": "Q106508070", "Annalisa Califano": "Q112168767", "Anne Randi Syversveen": "Q116505285", "Anne-Catherine Favre": "Q102280017", "Anne-Lise Aucouturier": "Q112415167", "Anne-Sophie Charest": "Q73669081", "Annette M\u00f6ller": "Q102662683", "Antonella Capitanio": "Q110586350", "Antonella D'Agostino": "Q112866539", "Aracelli M\u00f3nica Aguado Ling\u00e1n": "Q124840025", "Ariana Anderson": "Q86582779", "Arjuna Tuzzi": "Q93244638", "Arnavaz Taraporevala": "Q102267426", "Ashley Holland": "Q102402466", "Astrid Corinna Wolff": "Q112564479", "Audrey-Anne Vall\u00e9e": "Q73790462", "Ayat Al-Meanazel": "Q102980514", "Ay\u015fe Sevtap Kestel": "Q102447835", "Barbara Ciepielewska": "Q116133455", "Barbara Sirotnik": "Q102215792", "Betsy Pamela Arrunategui Huam\u00e1n": "Q125215531", "Betsy Sue Greenberg": "Q102363073", "Bettina Almasi": "Q112515006", "Bettina Gr\u00fcn": "Q42889996", "Be\u00e1ta Stehl\u00edkov\u00e1": "Q109278426", "Birgit I Lissenberg-Witte": "Q87804475", "Birgit Schr\u00f6dle": "Q102419494", "Birgitta Hedman": "Q22570263", "Bohdana Hol\u00e1": "Q112424419", "Bonnie Ghosh-Dastidar": "Q107488305", "Brenda Crowe": "Q102167229", "Brenda G. Cox": "Q102278789", "Brenda Gaydos": "Q102236824", "Brenda L\u00f3pez Cabrera": "Q112493498", "Brenna Curley": "Q103301354", "Brigitte Escofier-Cordier": "Q2925418", "Brit Turnbull": "Q102311535", "Bronwyn Loong": "Q84894423", "Budi Nurani Ruchjana": "Q102441261", "B\u00e4rbel Finkenst\u00e4dt": "Q87770982", "Caitlin M Cunningham": "Q90027622", "Carla Rampichini": "Q95966220", "Carole L. Bernard": "Q102374606", "Carolee Bush": "Q107488131", "Carolyn Rutter": "Q93175840", "Carolyne Adhiambo Ogutu": "Q102885308", "Cassandra Pattanayak": "Q102433725", "Caterina Conigliani": "Q113200808", "Catherine  Mercer": "Q29643256", "Catherine Loader": "Q102196708", "Catherine M. Crespi": "Q56635281", "Catherine Matias": "Q102230900", "Catia Scricciolo": "Q119007685", "Cecilia Balocchi": "Q113057574", "Cen Guo": "Q103330785", "Chantal Guihenneuc-Jouyaux": "Q110638931", "Chantal Larose": "Q98960539", "Chantel Ridsdale": "Q60678362", "Charlotte Lorenz": "Q89127613", "Charlotte Wickham": "Q66447420", "Chiara Mazzetta": "Q102432991", "Chiara Sacco": "Q111596319", "Chris Fraley": "Q98972688", "Chris Wallace": "Q37624906", "Christiana Drake": "Q102315956", "Christiane G\u00f6rgen": "Q102717050", "Christina Heinze-Deml": "Q103105714", "Christina Knudson": "Q103048735", "Christina M Ramirez": "Q55189388", "Christine M. Thomas-Agnan": "Q102210671", "Christine Spinka": "Q102169925", "Cindy Christiansen": "Q55382721", "Cindy Yu": "Q103301505", "Cira Perna": "Q111851373", "Clara Grazian": "Q62829282", "Clare Gardiner": "Q98050468", "Claudia Angelini": "Q40073595", "Claudia Becker": "Q102267548", "Claudia Furlan": "Q103079818", "Claudia K\u00f6llmann": "Q58837382", "Claudia Malpica Lander": "Q123989559", "Connie Page": "Q102198029", "Constance Marie Brown": "Q102235284", "Criselda Toto": "Q102385581", "Cynthia M. Desouza": "Q102341521", "Dagmar Mikotov\u00e1": "Q112424297", "Dalisay S. Maligalig": "Q102197727", "Dan-Thuy Lam": "Q123597391", "Dana Vorl\u00ed\u010dkov\u00e1": "Q102414652", "Danica M. Ommen": "Q102876917", "Daniela Golinelli": "Q102235320", "Danielle Navarro": "Q69489312", "Darlene R. Goldstein": "Q102189329", "Deborah Griffin": "Q107523406", "Deborah H. Glueck": "Q102422595", "Deirdre Toher": "Q59704781", "Dena Howard": "Q52846444", "Denise Beaudequin": "Q97443695", "Diana Luj\u00e1n P\u00e9rez": "Q125768960", "Diane Willimack": "Q107488160", "Dootika Vats": "Q103043349", "Earo Wang": "Q58321325", "Edit Gombay": "Q102201106", "Edith Marquez Bobadilla": "Q124174996", "Elaheh Torkashvand": "Q102506674", "Eleanne Solorzano": "Q102197455", "Eleanor Sanderson": "Q103033081", "Elena Zarova": "Q21639653", "Elisa Barbiano di Belgiojoso": "Q58305098", "Elisa Bonvini": "Q102325116", "Elisabeth Elfvengren": "Q60484202", "Elizabeth Ann Sugar": "Q102174662", "Elizabeth Ben Ward": "Q63747440", "Elizabeth Chou": "Q103310257", "Elizabeth Krachey": "Q102354711", "Elizabeth Lorenzi": "Q59825298", "Elizabeth Malloy": "Q102278306", "Elizabeth Zell": "Q106358676", "Ellen M. Wijsman": "Q37369759", "Ellen McSorley": "Q102222214", "Ellie Small": "Q103298261", "Emanuela Dreassi": "Q64947636", "Emilia Pompe": "Q113111726", "Emily Kang": "Q85559758", "Emily S. Murphree": "Q102207605", "Emily Wang": "Q117096772", "Emma Clare Marshall": "Q108717824", "Emma Eastoe": "Q102868868", "Emma Norma Cambillo Moyano": "Q124059569", "Emma Sarno": "Q121083370", "Enrica Aureli Cutillo": "Q112415251", "Enrica Bellone": "Q102212528", "Erika F\u00fcle": "Q112471083", "Erin Conlon": "Q102208507", "Erin Schliep": "Q102989622", "Erzs\u00e9bet Horv\u00e1th-Puh\u00f3": "Q47367496", "Ester Macr\u00ec": "Q47343058", "Eva Cantoni": "Q102162007", "Eva Gor\u010d\u00edkov\u00e1": "Q95167365", "Evdokia Xekalaki": "Q102233956", "Eve Bofinger": "Q102115678", "Fairouz T. Makhlouf": "Q102273307", "Faith Aweko": "Q112074482", "Fanny Yang": "Q56230847", "Fausta Audisio": "Q77247591", "Federica Giummol\u00e8": "Q118927130", "Filomena Maggino": "Q109232222", "Fiorella Vanessa Li Vega": "Q125266007", "Francesca De Battisti": "Q104099734", "Francesca Greselin": "Q102080130", "Francesca Ieva": "Q44192103", "Francesca Martella": "Q57316706", "Fr\u00e4nzi Korner-Nievergelt": "Q112515010", "Gabriela Cybis": "Q102430315", "Gabriella Vukovich": "Q16523740", "Gemma Piella": "Q63390150", "Genevi\u00e8ve Contesso": "Q81649680", "Gentiane Haesbroeck": "Q103360539", "Gerarda Darlington": "Q103316215", "Gertraud Malsiner-Walli": "Q63980525", "Giada Adelfio": "Q60733306", "Gillian Raab": "Q109747767", "Giulia Cereda": "Q102630849", "Gorana Capkun": "Q91149557", "Grazyna Kamburowska": "Q102252375", "Gwena\u00eblle Castellan": "Q102230873", "G\u00e9nesis Masiel Guevara V\u00e1squez": "Q91634165", "Hadas Moshonov-Cohavi": "Q102394937", "Halina Dmochowska": "Q41750335", "Hana \u0160ev\u010d\u00edkov\u00e1": "Q110986151", "Hannah Marie Director": "Q102085621", "Heather DeSimone Sasinowska": "Q102361217", "Heather Gaddy Patsolic": "Q102111085", "Heather Gamber": "Q102186898", "Hee Min Choi": "Q102423267", "Heidi Ashih": "Q102252326", "Heidi Seibold": "Q58666080", "Helen Bozivich": "Q102167739", "Helga Wagner": "Q88561962", "Holly Matthews": "Q107503013", "Hongxia Yang": "Q102406688", "Hui Lin": "Q103301448", "Hwanhee Hong": "Q102155985", "Hyun-Joo Kim": "Q102248605", "H\u00e9l\u00e8ne Cr\u00e9peau": "Q101294681", "H\u00e9l\u00e8ne Ruffieux": "Q87648359", "Ilaria Prosdocimi": "Q84349511", "Ildik\u00f3 Szondi": "Q22921247", "Ilona B\u0142aszczak-Przybyci\u0144ska": "Q123053074", "Imke Botha": "Q129202383", "Imke Janssen": "Q102189178", "Imola K. Fodor": "Q102189342", "InKyung Choi": "Q102750301", "Ina Medvedeva": "Q105850147", "Ines Paccanelli": "Q105475252", "Inga Masiulaityt\u0117": "Q102366503", "Ingrid Ricard": "Q102360299", "Ioanna Lampaki": "Q102437685", "Ioanna Manolopoulou": "Q56425347", "Iqbal zain al-Abedin Darandri": "Q79350954", "Irena E. Kotowska": "Q66730468", "Irene Crimaldi": "Q104107472", "Irina Kukuyeva": "Q102401700", "Iris Shimizu": "Q107503016", "Isabella Corazziari": "Q109232348", "Isabella Gollini": "Q102398564", "Isabella Verdinelli": "Q111193760", "Isabelle Auger": "Q112509341", "Isadora Antoniano-Villalobos": "Q89167515", "Isobel C. Gormley": "Q41049355", "Iva Pec\u00e1kov\u00e1": "Q112379197", "Ivana Rysov\u00e1": "Q95463437", "Jadwiga Sambor": "Q19691413", "Jamila Tulani Mathias": "Q102392991", "Jana Jankov\u00e1": "Q102887573", "Jana Zv\u00e1rov\u00e1": "Q51545264", "Jane Candlish": "Q57115716", "Jane Lea Harvill": "Q102191230", "Janet Buckingham": "Q107488246", "Janet van Niekerk": "Q93359961", "Janina B\u0105k": "Q96482156", "Janine Illian": "Q123567894", "Jarmila Mare\u0161ov\u00e1": "Q120615240", "Javiera Burgos Laborde": "Q113734056", "Jaya Srivastava": "Q107488249", "Jelena Bradic": "Q84135746", "Jennifer Summers": "Q57980429", "Jenny Pillaca": "Q86646669", "Jeong Eun (Kate) Lee": "Q125908830", "Jeri Mulrow": "Q107488252", "Jesse Wiki": "Q113799754", "Jessica Ericka Vicu\u00f1a Villacorta": "Q125215480", "Jewel Johanns": "Q102208365", "Jie Kate Hu": "Q102439864", "Jingchen Hu": "Q102433159", "Jingqin (Rosy) Luo": "Q102361218", "Jingyi Jessica Li": "Q57003057", "Jingyi Zheng": "Q91196514", "Joan Zhihong Yu": "Q102237331", "Joanna Jarosz-Nowak": "Q102361270", "Joanna Skilogianis": "Q112541010", "Jonaki Bose": "Q107488264", "Josefina P. de los Reyes": "Q102200676", "Josephine Weatherall": "Q29643759", "Josianne DeBlois": "Q112511584", "Ju-Yi J. Yen": "Q102182955", "Juana Mar\u00eda Alonso Revenga": "Q103281295", "Juana Sanchez": "Q103162453", "Judith M. Chittester": "Q85503740", "Julia Palacios": "Q95579484", "Julie Horrocks": "Q90785597", "Julie McIntyre": "Q102174450", "Julie Yee": "Q59831656", "Jun Xie": "Q102306269", "Kaja S\u00f5stra": "Q102942327", "Karen Price": "Q115857037", "Karina Yuriko Yaginuma": "Q98767045", "Karla Monterrubio-G\u00f3mez": "Q110965060", "Karmen Hren": "Q65055043", "Kasturi Talapatra": "Q103077184", "Katechan Jampachaisri": "Q102258356", "Kate\u0159ina Langov\u00e1": "Q95157276", "Katharine Banner": "Q59915981", "Katherine Barnes": "Q102173150", "Katherine E. Irimata": "Q112547898", "Katherine Faust": "Q118909138", "Katherine St. Clair": "Q102188712", "Kathleen M. Whitcomb": "Q119639349", "Kathy Ruggiero": "Q115317635", "Katrin Hainke": "Q108381241", "Kelly H. Zou": "Q98501120", "Kerstin V\u00e4nnman": "Q29647725", "Kimberly Kinateder": "Q102267429", "Kimberly McGuigan": "Q107488291", "Kinga Szymanowicz": "Q117325283", "Kirsten Doehler": "Q102348809", "Kirsty M Rhodes": "Q57028970", "Kristian Lum": "Q102398409", "Kristin Lennox": "Q61963195", "Krystyna Baranek": "Q116924527", "Lan Wang": "Q102173939", "Lara Elizabeth Jamieson": "Q102281049", "Lara J Wolfson": "Q55186727", "Larisa Adamyan": "Q103084124", "Larissa Stanberry": "Q102343335", "Laura Carbognin": "Q61474224", "Laura Cay\u00f3n": "Q102440063", "Laura Forastiere": "Q56804758", "Laura Giordano": "Q55069830", "Laura M Guzm\u00e1n-Rinc\u00f3n": "Q110640293", "Laura M. Sangalli": "Q44628374", "Laura Pagani": "Q111167537", "Laura S Kubatko": "Q55205963", "Laura Ventura": "Q98662701", "Lauren Kennedy": "Q69492575", "Leah South": "Q108790328", "Leanna L. House": "Q102361037", "Lee Gordhammer": "Q72328390", "Lene Theil Skovgaard": "Q27897138", "Lenka Kom\u00e1rkov\u00e1": "Q84638499", "Leone Yarborough Low": "Q102199825", "Li Ke": "Q126896007", "Lia \u0160\u00e1rovcov\u00e1": "Q112392311", "Liangliang Lillian Wang": "Q102406431", "Lihua Yao": "Q102161718", "Lilac Lev-Ari": "Q90203701", "Lilia Leticia Ramirez Ramirez": "Q102424463", "Lilian Roxana Paredes L\u00f3pez": "Q125342853", "Liliana Draghici": "Q102248626", "Lily Agranat-Tamir": "Q105037351", "Lily Ou-yang Fong Lai-lai": "Q13163956", "Linda Davis": "Q102157362", "Linda Doyle McCabe": "Q113997892", "Linda Frossard": "Q102870523", "Linda Laura Sabbadini": "Q23701719", "Linda S. Geiss": "Q64481922", "Linda Young": "Q63662831", "Lisa Chung": "Q102566025", "Lisa June Madsen": "Q102173899", "Lisa L. Harlow": "Q89797070", "Lisa M. Lendway": "Q102996386", "Livia Elisa Ortensi": "Q56261482", "Loraine T Sinnott": "Q104720619", "Loredana Cerbara": "Q78275324", "Lorraine Denby": "Q102198008", "Lorraine Schwartz": "Q102189182", "Luciana Dalla Valle": "Q92390983", "Lucie Burkhardt-Osadnik": "Q102510233", "Lucy Ang\u00e9lica Yglesias Alva": "Q124840103", "Luisa Scaccia": "Q88969492", "Luisa Turrin Fernholz": "Q69965713", "Luitgard Trommer": "Q112503062", "Luz Aurora Carbajal Arroyo": "Q68696571", "M. Ant\u00f3nia Amaral Turkman": "Q58715242", "Madeleine Thompson": "Q102936428", "Madhuri Mulekar": "Q102342705", "Magen Danielle Infante Rojas": "Q124154144", "Malka Gorfine": "Q88787576", "Marcella Niglio": "Q111755714", "Margaret Donald": "Q61657080", "Margaret Nemeth": "Q102278794", "Margaret Patch": "Q106629634", "Margarida Cristina Geraldes": "Q102231880", "Margherita Calvi Santoro": "Q77247602", "Maria Am\u00e9lia Bastos": "Q107349012", "Maria Batini": "Q114983385", "Maria Carannante": "Q112243791", "Maria DeYoreo": "Q100738291", "Maria Del Sorbo": "Q112226061", "Maria Derderian": "Q102217922", "Maria Emilia Czerniewska": "Q105306960", "Maria Francesca Romano": "Q57035358", "Maria Gacek-Borna": "Q112607807", "Maria Giovanna Ranalli": "Q80191150", "Maria Grazia Pittau": "Q119918093", "Maria Grazia Romano": "Q111964646", "Maria Grazia Stoppiello": "Q112246307", "Maria Ivette Gomes": "Q63874421", "Maria Kalli": "Q123258635", "Maria Kateri": "Q61662948", "Maria L. Rizzo": "Q102157466", "Maria Lina Vicente": "Q102370586", "Maria Lucia Parrella": "Q111816707", "Maria Mori Brooks": "Q102207525", "Maria Prosperina Vitale": "Q57523868", "Maria Rosaria D'esposito": "Q112275572", "Maria S\u00fcveges": "Q102366655", "Maria Vallejos": "Q100470270", "Marialuisa Restaino": "Q58323599", "Mariana Nold": "Q124801271", "Marianna Bolla": "Q112550283", "Mariarosaria Coppola": "Q112301169", "Mariateresa Cuoccio": "Q118954135", "Maribel Fatima Almonte Pacheco": "Q125866911", "Marica Manisera": "Q112572466", "Marie Burkhardov\u00e1": "Q95241167", "Marie Ernst": "Q103360532", "Marie-Colette Lieshout": "Q102243054", "Mariel del Roc\u00edo Chot\u00f3n Calvo": "Q125265802", "Marika Kaakinen": "Q28805345", "Marike Cockeran": "Q47704159", "Marilyn Agin": "Q102400143", "Marina De Angelis": "Q113291516", "Marina Evangelou": "Q57986590", "Marina Riabiz": "Q123159280", "Marion Belloni": "Q96609705", "Marion Devaux": "Q112502042", "Mark\u00e9ta Pavl\u00edkov\u00e1": "Q57090080", "Marta Catalano": "Q111968361", "Marta Crispino": "Q102906291", "Marta Gallucci": "Q112155721", "Marta Spreafico": "Q99637869", "Marthana Hjortland": "Q107488309", "Martina Hanov\u00e1": "Q112558480", "Martina Moccaldi": "Q112654556", "Martina Vittorietti": "Q102112462", "Mary A. Foulkes": "Q107503037", "Mary Elvi Aspiras-Paler": "Q102439654", "Mary Fraire": "Q124395648", "Mary Gover": "Q112514379", "Mary I. Regier": "Q102189313", "Mary Sara McPeek": "Q102121683", "Maryclare Griffin": "Q102991477", "Marzieh Araghi": "Q90398579", "Mar\u00eda Guadalupe Lomel\u00ed Cerezo": "Q105592417", "Mar\u00eda Jos\u00e9 Garc\u00eda-Zattera": "Q102404278", "Mar\u00eda Teresa Villalobos Aguayo": "Q124154130", "Matina Rassias": "Q102316119", "Maureen A. Tingley": "Q102599725", "Maxine Bennett": "Q90115435", "May Ayres Burgess": "Q84953638", "Maya Sternberg": "Q87856585", "Megan Higgs": "Q102364868", "Meiko Sugiyama": "Q28687727", "Meimei Liu": "Q102989797", "Melissa Humphries": "Q59662206", "Melissa Ziegler": "Q102339381", "Melody Ghahramani": "Q102355548", "Mendel\u2018 Tevijevi\u010d Gol\u2018cman": "Q105827922", "Merrilee K. Helmers": "Q102269014", "Michela Battauz": "Q51782531", "Michela Gnaldi": "Q112504350", "Michela Natilli": "Q108309299", "Michelle B. Cowley": "Q26704594", "Michelle Lacey": "Q55458952", "Mich\u00e8le Debonneuil": "Q3311601", "Mihye Ahn": "Q58903122", "Mina Zemach": "Q6638087", "Minghui Shi": "Q102406687", "Mireille Gettler-Summa": "Q76446980", "Miros\u0142awa Gazi\u0144ska": "Q105306962", "Monia Ranalli": "Q92054748", "Monica Jackson": "Q12894535", "Monica Pratesi": "Q56428129", "Monika Avila M\u00e1rquez": "Q105350325", "Myra O'Regan": "Q102087488", "Myunghee Cho Paik": "Q64965623", "Nadia Makary Girgis": "Q102189010", "Nadja Klein": "Q92373742", "Nancy Briggs": "Q70322625", "Nancy Glenn Griesinger": "Q12894717", "Nancy J. Kirkendall": "Q102432059", "Nanjamma Chinnappa": "Q54572285", "Nasrine Bendjilali": "Q103244186", "Natalia Bochkina": "Q63434192", "Natalia Levshina": "Q112560870", "Nema Dean": "Q102314954", "Nia Goulden": "Q56480462", "Nicola Williams": "Q87987961", "Nicole H Augustin": "Q57624479", "Nicole M White": "Q57243739", "Nicoleta \u015eerban": "Q61851887", "Nikola \u0160tefelov\u00e1": "Q112564554", "Nilda Doris Montes Villanueva": "Q57901045", "Nina Munkholt Jakobsen": "Q38674430", "Norma Faris Hubele": "Q105830292", "Nuria Rico Castro": "Q23059067", "Nuria Torrado Robles": "Q102402459", "N\u00f3ra Pol\u00f3nyi": "Q12353347", "Ofelia Roque Paredes": "Q125342911", "Ole Maneesoonthorn": "Q108923734", "Olga Lidia Solano D\u00e1vila": "Q124175056", "Orly Manor": "Q25493491", "Osnat Stramer": "Q102170133", "Pamela Massiel Chiroque Solano": "Q124465488", "Pamela McGovern": "Q107488345", "Paola Bortot": "Q102868761", "Paola Paraggio": "Q112669613", "Paola Vicard": "Q102404754", "Paola Zuccolotto": "Q95989593", "Patricia Doyle": "Q107503044", "Patricia M. E. Altham": "Q76066603", "Patricia Mallma": "Q90250312", "Patricia Martinkova": "Q56992361", "Patricia Metcalf": "Q123559632", "Patricia Pepple Williamson": "Q102312773", "Pauliina Ilmonen": "Q102398056", "Pavla Dole\u017eelov\u00e1": "Q120613842", "Peggy Sekula": "Q53273447", "Peninah Nakabo": "Q66809379", "Petra Pr\u016f\u0161ov\u00e1": "Q95092301", "Petru\u021ba C. Caragea": "Q102258896", "Prabha Narayanaswamy": "Q57030000", "Qinyi Zhang": "Q103376965", "Qiqi Deng": "Q102396878", "R. Ayesha Ali": "Q102251240", "Rachel MacKay Altman": "Q102270111", "Rachel McCrea": "Q107117689", "Radka Lechnerov\u00e1": "Q102415878", "Ramani Pilla": "Q102236825", "Raquel Mata Crespo": "Q103281264", "Raquel Menezes": "Q64748756", "Raquel Montes D\u00edez": "Q124499398", "Rebecca Abey-Nesbit": "Q92607487", "Rebecca Nugent": "Q102410978", "Renee Miller": "Q107523455", "Renjin Tu": "Q102131678", "Ren\u00e1ta N\u00e9meth": "Q113672977", "Rhiannon Whitaker": "Q30423245", "Rivka Win": "Q103229402", "Roberta De Vito": "Q92058429", "Roberta Grimaldi": "Q112121430", "Robin Lock": "Q102192536", "Rosa Bertha Millones Rivalles": "Q125342925", "Rosa E. Lillo": "Q92091262", "Rosa Vilchez V\u00e1squez": "Q125342949", "Rosanna Verde": "Q95979907", "Rosaria Lombardo": "Q112343721", "Rosario Margot Mar\u00edn Herrera": "Q124096844", "Rujie Yin": "Q102729586", "Rukiye E. Da\u011falp": "Q88123864", "Ruth Heller": "Q96472071", "Ruth Marcus": "Q107503080", "Saint Augustine Ball": "Q120670884", "Sally Cripps": "Q98383237", "Sally Paganin": "Q113238454", "Salme K\u00e4rkk\u00e4inen": "Q110017169", "Samantha Low-Choy": "Q57235220", "Sana Rashid": "Q102959134", "Sandra Paterlini": "Q105576142", "Sandrine Anthoine": "Q92580976", "Sangita Kulathinal": "Q63203970", "Sara Bendjeddou": "Q103288740", "Sara Crawford": "Q102341805", "Sara Milito": "Q111718454", "Sara Wade": "Q57000419", "Sarah E Heaps": "Q120637512", "Sarah Emerson": "Q66447821", "Sarah J. Fleming": "Q53769824", "Sarah Janse": "Q102943212", "Sauanne Bispo": "Q123246782", "Sharifa Al-Rajhi": "Q116920931", "Sharleen Forbes": "Q123746185", "Sharmistha Guha": "Q115614930", "Sharon McNicholas": "Q102560117", "Shelley Brenda Bull": "Q102314304", "Sherri Doty": "Q66599195", "Shuying Sun": "Q102803856", "Silvia Liverani": "Q58341146", "Simona Pol\u00e1kov\u00e1": "Q95149436", "Simone Huyberechts": "Q102122747", "Siobhan Everson-Stewart": "Q102418410", "So Young Ryu": "Q57754352", "Sofia Dias": "Q43480025", "Sonia Amodio": "Q57049566", "Sophie Donnet": "Q115597544", "Stacy R. Lindborg": "Q102157378", "Stefania Spina": "Q109655500", "Stefanie Biedermann": "Q80577643", "Stefanka Chukova": "Q115650495", "Stephanie Budgett": "Q115310148", "Sue Lewis": "Q102387748", "Suhwon Lee": "Q102173095", "Sunyoung Shin": "Q102427297", "Susan Bassein": "Q102185173", "Susan Groshen": "Q90858651", "Susan Hills": "Q102364944", "Susan Vanderplas": "Q65945362", "Susana Eyheramendy": "Q32653790", "Susanne Gschl\u00f6\u00dfl": "Q102370198", "Susanne Heim": "Q102407606", "Susanne R\u00e4ssler": "Q102433733", "Susanne Weber": "Q58207519", "Svetlana Dubinkina": "Q102111459", "Sylvie Gervais": "Q102252695", "Tanya Logvinenko": "Q102316594", "Tatiana Pethukova": "Q102886306", "Tatiana Xifara": "Q102428882", "Tatiyana Apanasovich": "Q102170353", "Teresa D\u0142uska": "Q9357284", "Terezie \u0160tyglerov\u00e1": "Q111431086", "Termeh Shafie": "Q102426315", "Tess Gregory": "Q91650558", "Thelma Krug": "Q56350909", "Therese Graversen": "Q54007183", "Ting Wang": "Q102398528", "Tinuke Johnson": "Q116760962", "Tisha Duggan": "Q107488433", "Tracy Holsclaw": "Q102400100", "Traute Nellessen-Schumacher": "Q63837661", "Trena M. Ezzati-Rice": "Q107488435", "Ursula K\u00fcck": "Q106511850", "Urszula Siedlecka": "Q105306964", "Vajda \u00c1gnes": "Q124598115", "Valdon\u0117 \u010capek-Budraityt\u0117": "Q25473222", "Valentina Tortolini": "Q108719141", "Valeria Vitelli": "Q102397584", "Val\u00e9rie Ventura": "Q63170755", "Vanessa Cave": "Q96610382", "Vasilieva Venera Anurovna": "Q96193561", "Vera Lucia Zanotto": "Q109775529", "Vera Rieder": "Q56549449", "Veronica J Vieland": "Q94512118", "Veronika Eclerov\u00e1": "Q113951797", "Victoire Tankou": "Q20563558", "Victoria Trasko": "Q104164809", "Virginia A. de Wolf": "Q107503093", "Virginia Aglietti": "Q113004939", "Virginia Vickery Jory": "Q102173306", "Vlasta Havelkov\u00e1": "Q95463609", "V\u011bra Kub\u00e1nkov\u00e1": "Q95156578", "Wai-Yin Poon": "Q102247208", "Wanzhen Gao": "Q114834102", "Winifred Gahan": "Q109690411", "Xia Wang": "Q102356122", "Xiaoou Li": "Q102597658", "Xilin Shen": "Q103357758", "Xin Wang": "Q99637945", "Xinge Jessie Jeng": "Q102377188", "Xu (Sunny) Wang": "Q102343743", "Ya Xu": "Q102372362", "Yajuan Si": "Q89425962", "Yali Wan": "Q103097423", "Yan Lu": "Q102419980", "Yan Yu": "Q102248448", "Yan-Xia Lin": "Q63655086", "Yanan Fan": "Q91545832", "Yanfei Kang": "Q96196458", "Yang Tang": "Q102655469", "Yanran Chen": "Q102427829", "Yen Le": "Q125255790", "Yeun Ji Jung": "Q102440035", "Ying Chen": "Q102343744", "Ying He": "Q102459654", "Ying-Ju Tessa Chen": "Q102434052", "Yingying Liu": "Q103314606", "Yixin Wang": "Q111968643", "Ysela Dominga Aguero Palacios": "Q124840107", "Yu Cheng": "Q102312430", "Yuehua Wu": "Q102110408", "Yueqing Wang": "Q102430489", "Yun Ju Sung": "Q102256837", "Yvonne E. Pittelkow": "Q94315862", "Zeynep I\u015f\u0131l Kalayl\u0131o\u011flu": "Q102265912", "Zheng Tracy Ke": "Q102112696", "Zinaida Ivanovna Be\u017eajeva": "Q112425527", "Zury Mabell S\u00f3cola Ju\u00e1rez": "Q125395442", "Zuzana Finkov\u00e1": "Q112380421", "\u0412\u0435\u0440\u0430 \u041b\u044e\u0442\u0430\u0432\u0430": "Q123009890"}