{"Renee Bennett": "Q117001284", "Elizabeth Barrington": "Q47135633", "April Tatro": "Q62030548", "Sudana Bobatoon": "Q129566169", "Chiaki \u014ctomo": "Q11433216", "De'Ann Power": "Q122851712", "Susan Rossitto": "Q76943697", "Rosine 'Ace' Hatem": "Q125505691", "Marina Ovsyannikova": "Q111273488", "Jordanna Potter": "Q55401487", "Pascale Denizane": "Q127513692", "Karin Silvestri": "Q103697704", "Christiane Hallervorden": "Q112476825", "Utako Takano": "Q22125533", "Kaori Kubota": "Q11369140", "Una Caryll": "Q114398153", "Julie Michaels": "Q4274853", "Angelique Midthunder": "Q19588615", "Boni Yanagisawa": "Q111034117", "Motoko Nagino": "Q11538722", "Jasi Cotton Lanier": "Q125956409", "Jennifer Tung": "Q527941", "Bailey MB": "Q122258700", "Janina Dall": "Q102254685", "Ashley Cusato": "Q2579874", "Met Salih": "Q99466414", "Meegan Godfrey": "Q50737122", "Rio Taura": "Q17225680", "Veronika Hadrava": "Q104904375", "Jun Yamashita": "Q24899270", "Sachiko Ishida": "Q80770901", "Rie \u014cta": "Q64784646", "Aja Frary": "Q63343497", "Luraina Undershute": "Q118289113", "Seun Olagunju": "Q100707240", "Elitsa Rajeva": "Q110612460", "Dina Cataldi": "Q84760394", "Audi Resendez": "Q65710556", "Jennifer Pudavick": "Q60570920", "Maja Stace-Smith": "Q66735847", "Via Antonio": "Q114713349", "Rachelle Beinart": "Q21872426", "Helena Mankowska": "Q106901224", "Nea Dune": "Q111034153", "Kaight Zoia": "Q119149417", "Rochelle Okoye": "Q106413631", "Elena Sanchez": "Q61921117", "Miroslava Kytkov\u00e1 Tom\u0161\u00edkov\u00e1": "Q124986331", "Kim Fukazawa": "Q97946422", "Clarisse Lhoni-Botte": "Q110665328", "Cody Renee Cameron": "Q100268842", "Bria Roberts": "Q4962895", "Avaah Blackwell": "Q102745297", "Haruka \u014cshima": "Q16264705", "Saskia Neville": "Q111609857", "Ha'a Keaulana": "Q113611201", "Marie Mouroum": "Q65997194", "Kim Grygierzec": "Q111658958", "Cassandra Ebner": "Q93889005", "Gemita Samarra": "Q120110765", "Dessy Slavova": "Q109658764", "Mutsumi Igarashi": "Q115530017", "Kim Da-young": "Q116969018", "Keity Meier": "Q110226547", "Ahirine Ahirudin": "Q113469567", "Kalia Prescott": "Q16735474", "Jewelianna Ramos-Ortiz": "Q124252614", "Anastasia Harrold": "Q23718882", "Nicole Dickinson": "Q69527493", "Angela Meryl": "Q15436463", "Prapimporn Karnchanda": "Q46992922", "Y\u016bko Hiwasa": "Q11505187", "Mam Smith": "Q21074782", "Lita Vasquez": "Q21402872", "Thea Danielsen Fj\u00f8rtoft": "Q22282279", "Mercy Malick": "Q23727258", "Laura Lee Connery": "Q29480713", "Lisa Dempsey": "Q29480727", "Rebecca Ray": "Q29514450", "Sidsel Jensen": "Q41236618", "Aniko Kaszas": "Q42564266", "Eva-Stina H\u00fcbinette": "Q50223431", "Jan Bryant": "Q50737013", "Shinobu Shimura": "Q55528611", "Christine Ebadi": "Q58138967", "Eve Lora": "Q58449420", "Hiromi Okuyama": "Q59652510", "Natalie Stephany Aguilar": "Q60550126", "Kelly Connolly": "Q61920978", "Savira Windyani": "Q63866331", "Tree O'Toole": "Q68781668", "Hitomi Adachi": "Q74146895", "Satomi Maruta": "Q74146899", "Andrea Kinsky": "Q77311080", "Rorelee Tio": "Q77311081", "Larissa Stadnichuk": "Q77311102", "Jo da Silva": "Q85518570", "Michelle Christa Smith": "Q89436421", "Megan Hui": "Q92615790", "Vesna Ennis": "Q94997970", "Hoda Safiah": "Q96054532", "Lisa Chandler": "Q96613974", "Crystal Mudry": "Q97579041", "Maria Gnecchi": "Q99989399", "Tally Rodin": "Q100233739", "Natalie Goldwin": "Q100635095", "Alice Rietveld": "Q101610545", "Ingrid Kleinig": "Q102303022", "Angelique Kenney": "Q103691601", "Sheena Chou": "Q104145260", "Adair Moran": "Q104741918", "Nilo Ghajar": "Q104876066", "Carolyn Anderson": "Q105427299", "Anastasia Rutkowski": "Q106484259", "Kachina Dechert": "Q106624177", "Andi Norris": "Q106794349", "Siena Tickle": "Q106981044", "Patricia Villaca\u00f1as": "Q107124161", "Diane Peterson": "Q107183501", "Alexandra Crenian": "Q107239106", "Rumi Kikuchi": "Q107282789", "Dayna Grant": "Q107377063", "Miluette Nalin": "Q108235475", "Maxie Solveig": "Q108553645", "Marie Marolle": "Q108907793", "Christina Petrou": "Q109628922", "PeiPei Alena Yuan": "Q109695813", "Victorya Brandart": "Q109696307", "Niahlah Hope": "Q110665673", "Nathlye Abraham": "Q110732478", "Destiny Ekwueme": "Q110855731", "Jul Kohler": "Q111136384", "Tasha Moth": "Q111303816", "Marie-Aude Barrez": "Q111395755", "Sabine Kviste": "Q111480351", "Nandalie Campbell Killick": "Q111679756", "Sue-Lynn": "Q112604164", "Asha Bee": "Q113017008", "Crystal Laws Green": "Q113070587", "Blaire Winter": "Q113297369", "Julia Schunevitsch": "Q113518255", "Kas Self": "Q113754695", "Camilla Naprous": "Q114189543", "Aoni Ma": "Q114697839", "Shalet Monique": "Q115253093", "Erika Maki": "Q115253261", "Ming Qiu": "Q115710162", "Praphaphorn 'Fon' Chansantor": "Q116785047", "Kimmy Suzuki": "Q118178250", "Brandie Sylfae": "Q118289308", "Katrina Kemp": "Q121824834", "Lady Lallaine Medina Reed": "Q122853101", "Thea Slikboer": "Q122933023", "Thana Srisuke": "Q123762807", "Jackie Old Coyote": "Q124231981", "Ka'imi Kuoha": "Q124323499", "Natalia Christabelle": "Q125459030", "Nana Miya": "Q125968300", "Louisa Zhu": "Q126709508", "Cricket Selna": "Q127417003"}