{"Augusta Opicov\u00e1": "Q106520244", "Paulina \u0160afa\u0159\u00edkov\u00e1": "Q62506550", "Emilie B\u00e1rtov\u00e1": "Q98346666", "Jana Pato\u010dkov\u00e1": "Q95134016", "Harriet Noble": "Q120381861", "Anne Griffith Jones": "Q56179350", "Ada Wallace Unruh": "Q110821812", "Susan Hart Palmer Dyer": "Q112249131", "Catherine Everett Adams Keller": "Q108000473", "Elizabeth McConaughey Wassell": "Q113785685", "Julia McAlmont Warner": "Q113785207", "Maria Kindberg": "Q115048837", "Lila Ripley Barnwell": "Q111589308", "Marie Garesche": "Q112087858", "Celeste Jane Terrell Barnhill": "Q120431677", "Amy Montague": "Q113713877", "Ingeborg Kindstedt": "Q115048783", "Faith Walcott Morgan": "Q66750877", "Annie Eliza Spong": "Q21457565", "Alice Johansson": "Q123222960", "Margaret Robinson": "Q117793773", "Constance Radcliffe Cooke": "Q108407256", "Ethel Frances Baldwin": "Q107208731", "Marie Lawson": "Q117793739", "Maude Smith": "Q117793778", "Isabelle Crowley Gross": "Q88471347", "Marjorie Turnbull": "Q108871154", "Mary Toomer": "Q117793797", "Hazel Inglis": "Q117793731", "Florence Barry": "Q124322146", "Alexandrine Latourette": "Q65951167", "Helen Green": "Q117793705", "Olive Bartels": "Q117793672", "Laura Taylor": "Q117793791", "Edith Fulford": "Q117793700", "Gwen Coleman": "Q117793681", "Elsie Flint": "Q117793693", "Diva Nolf Naz\u00e1rio": "Q127833444", "Kathleen Halpin": "Q105617079", "Rachel Susannah Townsend": "Q75832718", "Joan Frances Tara Stratford Dugdale": "Q75901390", "Lucy Mabel O'Brien": "Q76034807", "Anna Pettersson": "Q101371974", "Ethel Rhoda Evans": "Q108000335", "H. Riordan": "Q108000486", "Nelly Grace Bacon": "Q116025105", "Louisa Beeston": "Q117793673", "Mary Courtney": "Q117793684", "Miss E Hamilton Smith": "Q117793714", "Irene Hilton": "Q117793715", "Miss EM Jackson": "Q117793732", "Esther Knowles": "Q117793735", "Alice Litster": "Q117793740", "Lydia Robinson": "Q117793772", "Miss F M Sowerbutts": "Q117793783", "Effie Graham": "Q120816840", "Elizabeth Lord": "Q120833094", "Mabel Hill": "Q121152790", "Gertrude M Johnson": "Q121288137", "PAULINE LYNCH EVANS CREIGHTON": "Q123574732", "Nellie Hunter": "Q125915936"}