{"Lida Tassopoulou": "Q16328219", "Rose Pourquier": "Q100271033", "Anna Vikt\u00f3ria Szab\u00f3": "Q112127749", "Louise Charel": "Q115977830", "May Cox": "Q51879412", "C\u00e9cile Robert": "Q115381187", "Odiva": "Q110755135", "Ren\u00e9e Mortier": "Q115407541", "Dora Herxheimer": "Q111418051", "Rosa Frauendorfer": "Q115378340", "Blanche Michel": "Q37999531", "Marthe Robert": "Q115380284", "Emma Clist": "Q115523934", "Frances Footman": "Q115555889", "Henny Paulsen": "Q59240448", "Elisabeth Kanneworf": "Q51715854", "Jo Evelein": "Q115114678", "Alice Sadoux": "Q115405483", "Josefa Kellner": "Q17362176", "Anna Helweg": "Q114801672", "Regina Kari": "Q17266626", "Marthe Olivier": "Q115216721", "Marie Harris": "Q115830200", "Yvonne Norry": "Q116216100", "Eleanor Clist": "Q115536396", "Maria Keller": "Q24231359", "Germaine Coquillard": "Q116234165", "Amata Grassi": "Q30904526", "Emma Faber-Johanny": "Q108038650", "Mary Langford": "Q17362222", "Henriette Delbort": "Q115377351", "Georgette Jeanniot": "Q37999538", "Mary Footman": "Q115555878", "Mille Gade": "Q12327246", "Irma Fuchs": "Q111579929", "Erna Murray": "Q23059670", "Claire Juskow": "Q45040785", "Ren\u00e9e Dard\u00e8res": "Q113655189", "Juliette Gardelle": "Q43373962", "Loes Brandt": "Q114760285", "Annie Treffers": "Q115139210", "Minnie Burnett": "Q115537396", "Marcelle Vianey": "Q115794424", "Suzanne Dubois": "Q115805605", "Margit Bratt": "Q115857998", "B. Petit": "Q115861908", "Eug\u00e9nie Decorne": "Q115965437", "Jeanne Decorne": "Q115974021", "L. Kirchner": "Q115977828", "Marie Baron": "Q116019946", "Charlotte Delavelle": "Q116183516", "B\u011bla Friedl\u00e4nderov\u00e1": "Q84144457", "Rose Nougaret": "Q116215257", "Josefina Torrens Illa": "Q20004490", "Andr\u00e9e Bogaerts": "Q116258169", "Marcelle Lebrun": "Q115273159", "Bruna Wendel-Plarre": "Q99432958", "Anni Weynell": "Q99432970", "Henriette Gardelle": "Q113662399", "Elisa van den Bogaert": "Q114644585", "To de Jel": "Q112765868", "Rakel Olsen Gram": "Q55581426", "Edith Isakiewicz": "Q48567338", "Idy Kohn": "Q1656944", "Marceline Wurtz": "Q115805879", "Irma Lumivuokko": "Q100774995", "Raymonde Louvati\u00e8re": "Q117814402", "Gudrun R\u00f8stad": "Q59209091", "Fernande Moitti\u00e9": "Q64521791", "Eva Bein": "Q29468357", "Lilian Staugaard": "Q26997870", "Erna Huneus": "Q1356071", "Yvonne Jeanne": "Q38001390", "Maria Aumacellas": "Q22977801", "Albertine Ledoux": "Q38001304", "Ilona T\u00f3th": "Q1327196", "Else Johansen": "Q55640685", "Aline Manson": "Q41671337", "Magdolna T\u00f3th": "Q1327368", "Maria Llu\u00efsa Vigo": "Q98923332", "Leida Sevruk": "Q12368463", "Nipli Stef\u00e1nia": "Q17361747", "Rachel Mauseth": "Q59210896", "Aurora Villa": "Q17478325", "Marcelle Humblot": "Q41671316", "Edith Pettersen": "Q55561068", "Nada Lampret Souvan": "Q12797216", "Solita Salgado": "Q23806377", "Greta Brouwers": "Q71745178", "Aud Olsen": "Q55619178", "Louisa Robert": "Q117248045", "Bianca Lokar": "Q3639381", "Suzanne Delbort": "Q115623668", "Fransje Hessel": "Q66692351", "Zorka Brada\u010d": "Q17402563", "Ingrid Stenmarck": "Q4980348", "Mila Kasvio": "Q105828989", "Lita Tiraboschi": "Q108791272", "Ren\u00e9e Mazi\u00e8re": "Q37999543", "Carmen Soriano": "Q19950653", "Mary Bernet": "Q108320465", "Lucie Gordian": "Q1873339", "Lili Motto": "Q41671323", "Alma Ruljand": "Q124293772", "Tiszolczy Magda": "Q84953545", "Lilian Ribbing": "Q42393712", "Lucette Berlioux": "Q43329550", "Greta W. Stanton": "Q52084345", "Maj-Britt Jansson": "Q127328999", "Enriqueta Soriano": "Q19019173", "Simone Gardet": "Q38001140", "Fran\u00e7oise Letellier": "Q41671350", "Hilja-Rosilda Laanej\u00e4rv": "Q124293908", "Shoko Matsumura": "Q106480604", "Anne Lise Engelstad": "Q59216961", "Celia Milberg": "Q103865349", "V\u011bra Klatovsk\u00e1": "Q114586366", "Berit Haugen Ruud": "Q55624647", "Ir\u00e8ne Dubettier": "Q37999548", "Jacqueline Seignol": "Q41671330", "In\u00e9s Milberg": "Q104438935", "Gudrun Nielsen": "Q59240445", "Nora Kutti": "Q12371158", "Tonni Pedersen": "Q12343258", "Carme Guardia Amer": "Q105585560", "\u0411\u0430\u043b\u0430\u043d\u0434\u0438\u043d\u0430, \u0422\u0430\u043c\u0430\u0440\u0430 \u0412\u0430\u0441\u0438\u043b\u044c\u0435\u0432\u043d\u0430": "Q39040197", "Ingrid Helmerand": "Q124312565", "Willy Haverlag": "Q77698710", "Marianne Jouvenel": "Q41671304", "Annie Veldhuijzen": "Q72590251", "Evi Kruus": "Q124338643", "Gisela Sch\u00f6bel-Gra\u00df": "Q1527442", "\u05d0\u05e1\u05ea\u05e8 \u05d1\u05d9\u05e8\u05e0\u05d1\u05d0\u05d5\u05dd": "Q91393191", "Lotte Moor": "Q124337305", "Maria Alice de Sousa Peixoto": "Q109564294", "Sylvi Press": "Q124307435", "Helle-Iris Michelson": "Q24545662", "Inas Hakki": "Q20397369", "Vaike Strandberg": "Q124320684", "Montserrat Tresserras i Dou": "Q59246625", "Elena Azpelicueta Rom\u00e1n": "Q126327657", "\u05d9\u05e2\u05dc \u05e9\u05e8\u05d6": "Q93937947", "Anna-Marie Bj\u00f8nness-Jacobsen": "Q97716093", "Helle Stukis": "Q124337381", "Liv Staib Mangseth": "Q55711173", "Helena W\u00fcst Augenstein": "Q126363895", "Vilma Eskola": "Q124324184", "Helgi Peeba": "Q16407031", "Montserrat Mech\u00f3": "Q98382815", "Riekje Tuinema-Ruben": "Q106950488", "Lillian Nygaard": "Q59243923", "E\u0161a Ligorio": "Q12630848", "Elvira Mikk": "Q124312640", "Ivi Kaseoja": "Q124323257", "Kari Kjellsby Grov": "Q55677248", "Berit L\u00fctcherath": "Q55801392", "Helene Lorentzen": "Q55669423", "Viio Helm": "Q124324289", "Aase Skaslien": "Q55557284", "Remida Prangel": "Q124302084", "Ingegerd Lindfeldt": "Q19976946", "Eliana Busch": "Q55942280", "Fl\u00f3ra Orosz Katalin": "Q123196076", "Fran\u00e7oise Derommelaere": "Q62078620", "\u05d0\u05e1\u05ea\u05e8 \u05d1\u05df \u05e6\u05d5\u05e8": "Q18041902", "Alfhild Bj\u00f8nnes Jacobsen": "Q59211973", "Marie-H\u00e9l\u00e8ne Andr\u00e9": "Q62078478", "Mare Laks": "Q124302318", "Fung Ying-chu": "Q87768081", "Urve Pohl": "Q124295885", "Marija Auersperg": "Q12795726", "Aino Audova": "Q124101656", "Elvi Rikkas": "Q124338581", "Else-Britt Olsen": "Q59238624", "Marin Olmari": "Q124338461", "Cynthia Gill": "Q3008803", "Nicolle Varvenne": "Q87276875", "Anne Laur": "Q124313738", "\u05d7\u05d9\u05d5\u05ea\u05d4 \u05de\u05e8\u05e6\u05d1\u05d9\u05d0\u05e7": "Q16339799", "Dorit Shertzer": "Q18729596", "Eva Lande": "Q59240442", "Luciana Veschi D'Asnasch": "Q115738843", "\u05d0\u05d9\u05dc\u05e0\u05d4 \u05de\u05d9\u05d8\u05d1-\u05e8\u05d5\u05d3\u05e8\u05d9\u05d2": "Q18674461", "Gerd Kjellsby": "Q55675445", "Inger Kjellsby": "Q55676421", "Valentina Ritsing": "Q124281656", "Maria Komisarek": "Q24431560", "Silija Hafsaas": "Q55760350", "Amelia Mier": "Q26461430", "Beatriz Perazzo": "Q26466622", "Mar\u00eda Djukich": "Q26467058", "Beatriz Gal\u00e1n": "Q26467257", "Estela Falocco": "Q26483347", "Marit S\u00e6ther": "Q55712327", "Leung Chiu-bing": "Q88276015", "Chang Zoe-chee": "Q60992333", "Marion de Groot": "Q108874383", "Elka Gaarlandt": "Q108762033", "Tiiu Raud": "Q124296625", "Aina Kilter": "Q124166280", "Ritva Rennes": "Q16363303", "Mall Nigul": "Q124338429", "Mar\u00eda del Rosario Galindo de Juan": "Q126361741", "Helga Voigt": "Q41583012", "Ou Yuen-ling": "Q88854163", "Tiiu Kaaret": "Q124296331", "Krista Puusepp": "Q124314105", "\u05d2\u05dc\u05d9 \u05dc\u05d4\u05d1": "Q18041906", "\u05d9\u05e8\u05d3\u05e0\u05d4 \u05e9\u05d0\u05dc": "Q18670237", "Cissy Morel": "Q108874392", "Reet Kose": "Q124250568", "Olga Kor\u00e9nyi": "Q105723236", "Ann Schiff": "Q124313629", "Stefania Tudini": "Q89466627", "\u05e8\u05d1\u05e7\u05d4 \u05e7\u05e8\u05d8\u05d9\u05df": "Q18936474", "Krystyna Jagodzi\u0144ska": "Q24431237", "Ester Sillaste": "Q124311073", "\u05e0\u05d5\u05d2\u05d4 \u05e9\u05d2\u05d1": "Q17505299", "Rosanna Contardo": "Q27518254", "Renata Tykierka": "Q24431240", "Tiina-Reet Annesto": "Q124313817", "Henny Hilberink": "Q108586893", "Lisbeth S\u00f8derstr\u00f8m": "Q55697906", "Liao Si-dai": "Q88955260", "Gloria Lij\u00f3 Cacharr\u00f3n": "Q126285598", "Silvia Cochetti": "Q26455125", "Mall Randmer": "Q124313875", "Runa Holm": "Q59210901", "Luciana Massenzi": "Q3838502", "Leni Kristiansen": "Q55814004", "\u05d7\u05e0\u05d4 \u05de\u05e8\u05d5\u05df (\u05e9\u05d7\u05d9\u05d9\u05e0\u05d9\u05ea)": "Q18936469", "Eha Lilienthal": "Q124309590", "Isabel Casta\u00f1\u00e9 i L\u00f3pez": "Q19291160", "Lidia Camprub\u00ed i Barris": "Q45352684", "Karin Stenb\u00e4ck": "Q104076974", "Karin Grubb": "Q127232753", "Tone Britt Korsvold": "Q55900969", "\u05d7\u05e0\u05d4 \u05e7\u05d5\u05dc": "Q17505336", "Susana Masciotra": "Q26701474", "Olga Ricchetti": "Q26707141", "Annie Vanacker": "Q62589867", "Maria Luisa Ucellini Riera": "Q91317692", "Maie Mura\u0161ev": "Q124322791", "Alla Madisson": "Q124214629", "Maria Krok": "Q24431245", "Carmen Longo": "Q3660312", "Inger Johanne Alfstad": "Q55810306", "Aldona Or\u0142owska": "Q9144721", "Isabelle Poniatowski": "Q114878201", "Viive N\u00f5u": "Q124259019", "Ida Bjerke": "Q55563014", "Brith Dirdal": "Q59216979", "Daniela Samuele": "Q116206772", "Turid Sanderud": "Q59211437", "Elin Lindebjerg": "Q59238617", "Kjellaug Ellingsen": "Q59243918", "Agneta Thunell Fj\u00e4llstr\u00f6m": "Q105295838", "Norma Helde": "Q124324291", "Allyson Mabb": "Q48064110", "\u00c1gota Solt\u00e9sz": "Q91017556", "Tiina Kompus": "Q124338120", "Janny Minholts": "Q108554161", "Ana Carvalho": "Q5673693", "Eugenia Garc\u00eda": "Q26773018", "Susana Momeso": "Q26777178", "M\u00f3nica L\u00f3pez": "Q26783618", "Zhou Guanbin": "Q33528805", "Sylvie Moreau": "Q62078539", "Zaza Affane": "Q67516959", "Fatiha Bousoufiane": "Q67517735", "Donyazad Hakem": "Q67517820", "Ingrid van der Benden": "Q108447764", "Meriem Farid": "Q108915639", "Lia de Baat-Duine": "Q107556048", "Berit Hafstad": "Q55560567", "Stina Neuenkirchen": "Q59261695", "Lisbeth Woldheim": "Q59245849", "\u05d3\u05d5\u05e8\u05d9\u05ea \u05d6\u05dc\u05e5": "Q7064874", "Svetlana Kore\u0161kova": "Q124316034", "Marcela Neumeister": "Q112492072", "Turid Stien": "Q59261699", "Tone Br\u00e6ndvik": "Q55904393", "Anne Sivertsen": "Q59209097", "Kiira Parre": "Q124327113", "Jeanne Warren": "Q27881137", "V\u00e9ronique Ar\u00e8ne": "Q20851203", "Kim Small": "Q3196809", "Marguerite Mahieux": "Q43373981", "Kjersti Ranger": "Q59209090", "Gunn-Karin Mathisen": "Q59209102", "Tatjana Botvinova": "Q124296410", "Anne Tohver": "Q124316343", "Lorna Blake": "Q27836106", "Annemor Haaheim": "Q59216967", "Eva Bruusgaard": "Q55647045", "Hele Viilep": "Q124338368", "Marie-Dominique Salembier": "Q3291755", "Yolanda Vargas Pozo": "Q106000983", "Manolita Guti\u00e9rrez Guzm\u00e1n": "Q126326086", "Petra B\u00fcdenbender": "Q15840212", "Faten Afifi": "Q106781662", "Brit Bergmann": "Q97621510", "Zita Dokoupilov\u00e1": "Q115928212", "\u05e0\u05d0\u05d5\u05d4 \u05db\u05d2\u05df": "Q16130081", "\u05d2\u05dc\u05d9\u05e0\u05d4 \u05d5\u05d9\u05d9\u05e0\u05e8": "Q16132170", "Diana Masini": "Q26708484", "Anne Mari Falkevik": "Q59216964", "Kristin Stallvik": "Q59210873", "Elvira Mallafr\u00e9 Sala": "Q95403787", "Lidia Flaqu\u00e9": "Q56224211", "Cristina Benedetti": "Q26708301", "\u05ea\u05de\u05e8 \u05e8\u05d9\u05e4\u05e7\u05d9\u05e0\u05d3": "Q18660614", "Hana Kub\u00edkov\u00e1": "Q116490594", "Lenka Chur\u00e1\u010dkov\u00e1": "Q115660748", "Kaie Maidla": "Q124290656", "Liina Raska": "Q124340151", "Marika Tikkerb\u00e4r": "Q124338238", "Katrin Viikant": "Q124316590", "Marita Karlsen": "Q11988362", "Torill Bergesen": "Q55773303", "Bente Eriksen": "Q55583038", "Jarmila Hemerkov\u00e1": "Q115928166", "Mette Tetzlaff": "Q59257944", "Valentina \u0160ustrova": "Q124317223", "Cornelia D\u00f6rr": "Q1133313", "\u05e8\u05e2\u05d9\u05d4 \u05e6\u05d5\u05e8\u05e3": "Q16129261", "\u05ea\u05de\u05e8 \u05de\u05d9\u05d9\u05e1\u05e0\u05e8": "Q16131316", "\u05ea\u05de\u05e8 \u05e9\u05de\u05d9\u05e8": "Q16131323", "Elisabeth Brudvik": "Q55808565", "Vigdis Karlsen": "Q59261704", "Jolanta Kupis": "Q11728080", "Ute Br\u00fcckner": "Q6453882", "Elin Knag": "Q55633369", "Dolors Balbuena Esparza": "Q91248321", "Karmen Braun": "Q124311618", "Jaroslava Pavl\u00ed\u010dkov\u00e1": "Q115928167", "Ahlem Gheribi": "Q62992969", "Sabine K\u00f6hne": "Q1433402", "\u05d3\u05e0\u05d9\u05d0\u05dc\u05d4 \u05d9\u05d5\u05e1\u05d8\u05e8": "Q16131037", "Beatriz Greco": "Q16300675", "\u03a3\u03bf\u03c6\u03af\u03b1 \u03a8\u03b9\u03bb\u03cc\u03bb\u03b9\u03b3\u03bd\u03bf\u03c5": "Q16328581", "Dalila Berriche": "Q67509694", "Annemie Landmeters": "Q92071410", "Souad Allim": "Q95194937", "L\u00eddia Larrosa Ribell": "Q102442097", "Dordi Henriksen": "Q59238615", "Katrin Kuhlbach": "Q85994292", "\u00dclle Merisalu": "Q12379595", "Terje Viidebaum": "Q124311145", "Carolina Kun Galofr\u00e9": "Q91783686", "V\u00e9ronique Brisy": "Q28037341", "Osnat Ehrlich": "Q12404136", "Ayval Leshem": "Q18635492", "Bente Walin": "Q59216969", "Bj\u00f8rg Strand": "Q59216974", "Jeanett Aasland": "Q59243912", "Rosa Conesa Boronat": "Q104733582", "Renate Sternberg": "Q110573065", "Barbara Gellrich": "Q110586085", "Marina \u0160arajeva": "Q111341882", "Guri Kogstad": "Q11973381", "Kaja Aljand": "Q124258916", "Susanne Ackum": "Q4933709", "Maria Cristina Ponteprimo": "Q24239779", "Kaia Kulla": "Q124337988", "Kalthoum Yazidi": "Q108911009", "Monika T\u00f5nning": "Q124260426", "Liz Buchstver": "Q6661094", "Katrin Luts": "Q12366618", "Vibeke Olsen": "Q55963896", "Wenche Olsen": "Q55978663", "Amina Chenik": "Q62993336", "Marta S\u0142onina": "Q11770638", "Sandra Hovland": "Q11999452", "Maiu Herzmann": "Q124322964", "Mari-Ann Schultz": "Q124302371", "Nonna Pushkaryova": "Q18634880", "Meirav Hadar": "Q6558750", "Tova Abramov": "Q6578397", "\u05e2\u05e0\u05ea \u05e4\u05e8\u05e7\u05e9": "Q6631399", "\u05d9\u05e2\u05dc \u05e0\u05ea\u05e0\u05d0\u05dc": "Q49656120", "Annegret \u00c5sheim": "Q55786123", "Maria Pilar Barcel\u00f3 Obreg\u00f3n": "Q108317409", "Marie-Odile Charles": "Q3292173", "Lisbeth Maurstad": "Q59245847", "Gra\u017cyna Dziedzic": "Q9276043", "Doris Wiebke": "Q110536582", "Heike Schwab": "Q110573076", "Rym Zouaoui": "Q62994394", "Ilona Grabe": "Q124304756", "Anke Albeck": "Q110586074", "Paula Soitiala": "Q125253558", "Lior Birkan": "Q12408651", "Neta Yosef": "Q6578148", "Charlotte Petersen": "Q12305705", "\u05e8\u05d5\u05ea\u05dd \u05d2\u05e8\u05d8\u05dc": "Q49159726", "Nina Halvorsen": "Q55759944", "Jana Brhl\u00edkov\u00e1": "Q117708343", "Irena Patrusheva": "Q21154366", "Cordelia Bracht": "Q16181267", "Rumyana Dobreva": "Q28831130", "Turid Barman": "Q59211436", "Beda Leirvaag": "Q55559274", "Irene Sindern": "Q110586101", "Annelie Ahrenstrand": "Q113135240", "Tatjana Gnezdilova": "Q124313747", "Ofra Moniuz": "Q6983975", "Adriana Domanick\u00e1": "Q117708290", "Tiina Krutob": "Q24545462", "Merle Vantsi": "Q125803038", "Reet J\u00e4rving": "Q124252348", "Pille Haug": "Q124251092", "\u00d5ie P\u00f5llum\u00e4gi": "Q124327085", "Anne Qvarfordh": "Q24701079", "Mona Elisabeth Nyheim": "Q55846811", "Helene Bj\u00f8rnstad": "Q55660915", "Conny Furuhovde": "Q55808428", "Torborg Duesten": "Q55935294", "Anne Eriksen": "Q59209096", "Vered Liberman": "Q60899957", "Isabelle Lef\u00e8vre": "Q33135580", "Irina Dunets": "Q124322556", "Angelika Z\u00fchlke": "Q110586064", "Olga Grigoryeva": "Q4149353", "Katrin Kommer": "Q124314117", "Aivi Liiv": "Q85993169", "\u05ea\u05de\u05d9 \u05de\u05d5\u05e0\u05d9\u05d5\u05d6": "Q6620675", "Raily Maalust": "Q124337384", "Yoko Shimao": "Q111607537", "Bettina Papenburg": "Q850018", "Anke Janssen": "Q110586069", "Bente Rist": "Q55619747", "Merete Fuglem L\u00f8vberg": "Q55739574", "Andrea Orosz": "Q47506569", "Triin J\u00fcrisoo": "Q124309701", "\u05d0\u05d9\u05dc\u05d4 \u05d4\u05d3\u05e8": "Q18571410", "Lise Lothe": "Q55702544", "\u05e8\u05d1\u05e7\u05d4 \u05e4\u05e8\u05d9\u05d3\u05dc\u05e0\u05d3": "Q6771050", "Pia Naustdal Nielsen": "Q59257949", "Irit Gluskinus": "Q18565739", "Claudia Rut Vignatti": "Q16302368", "Choi Yun-jung": "Q12619774", "Lenka N\u011bme\u010dkov\u00e1": "Q116980500", "Hana Bohusl\u00e1vkov\u00e1": "Q116980468", "Anne-Ly Naukas": "Q124339071", "Bo\u017cena Gancarz": "Q9178367", "Daniela Sabatini": "Q3701828", "Tita Llorens": "Q108490006", "Lena Maria Vendelius": "Q4959137", "Margarita Bere\u017eevskaja": "Q124288167", "Merle Tormis": "Q124336856", "Darja Alauf": "Q105918510", "\u05d0\u05d9\u05e8\u05d9\u05ea \u05d0\u05e4\u05e8\u05ea\u05d9": "Q6858911", "\u05e8\u05d5\u05ea\u05dd \u05e4\u05d5\u05e8\u05ea": "Q18562332", "Vilde Syrdal Henriksen": "Q59261706", "Chen Yinghong": "Q67933911", "Tanya Vannini": "Q3980943", "Judit Kov\u00e1cs": "Q15545420", "Chris-Helin Loik": "Q111450556", "Astrid Bernard": "Q21089161", "Nora Toledano": "Q24042080", "Kaja Komissarov": "Q29419835", "Noga Wiesel": "Q7000456", "Anat Israel": "Q6542399", "\u05d4\u05d3\u05e8 \u05e7\u05dc\u05d9\u05d9\u05e0\u05de\u05df": "Q6746458", "\u05e9\u05e8\u05d5\u05df \u05d0\u05e7\u05e1\u05dc\u05e8\u05d5\u05d3": "Q18565727", "\u05e2\u05d9\u05e0\u05ea \u05d2\u05d1\u05d0\u05d9": "Q18565733", "Linn Christine Madsen": "Q55693944", "S\u00f2nia Astola Cabana": "Q126326838", "Sissel Anderssen": "Q59208700", "Ragnhild Eriksen": "Q59257952", "Gabriella Tjernberg": "Q76922598", "\u039d\u03c4\u03af\u03bd\u03b1 \u039c\u03b1\u03c5\u03c1\u03af\u03b4\u03bf\u03c5": "Q30859221", "Suzanne L\u00f6\u00f6v": "Q111423158", "Pille Kelgo": "Q124338571", "Kateriine Mik": "Q124296652", "Anna-Carin Nordin": "Q16595949", "Beate Lobenstein": "Q50234013", "Linda Skar": "Q55830328", "Cristina Sossi": "Q3697561", "Eve Virkkunen": "Q124324297", "Jelena Sladzevskis": "Q124302373", "Anne Chagnaud": "Q77698678", "Stephanie Merle": "Q47501469", "Margita Prokeinov\u00e1": "Q57016491", "Annika Reintam": "Q12359320", "\u05d0\u05d9\u05e8\u05d9\u05e1 \u05e7\u05d5\u05de\u05df": "Q6849823", "\u05e2\u05e0\u05ea \u05dc\u05d5\u05d9\u05d8 (\u05e9\u05d7\u05d9\u05d9\u05e0\u05d9\u05ea)": "Q18575254", "Brit Wormdal": "Q55808314", "Laila Stensrud": "Q59210875", "Anne Granli": "Q59216957", "Kjersti Myr\u00e5s": "Q59243919", "Trude Aasb\u00f8": "Q59261698", "Kathia Salazar": "Q5958575", "Maren Johannessen": "Q19974499", "Nicole DeBoom": "Q1986972", "Sandra Flores": "Q6119962", "Mahdia Bella": "Q63886184", "\u05d3\u05d5\u05e8\u05d9\u05ea \u05de\u05e9\u05dc\u05e8": "Q18571406", "Viviana Susin": "Q4015714", "Beata Kaszuba": "Q24431194", "Melissa Pasquali": "Q3854239", "\u05de\u05d9\u05db\u05dc \u05d0\u05de\u05d9\u05df": "Q12409111", "Nesrin \u00d6zg\u00fcn": "Q6014580", "Ellen Hidding": "Q3723490", "Heike L\u00fcnenschlo\u00df": "Q1594551", "\u05e8\u05d5\u05d9\u05ea \u05d0\u05dc\u05d5\u05df": "Q6661001", "\u05d6\u05d5\u05d4\u05e8 \u05dc\u05d1\u05e0\u05e1\u05d1\u05e8\u05d2": "Q18565746", "Mireia Mart\u00ed Bernaus": "Q91123699", "Insaf Hemmiche": "Q99195308", "Leezan Senekal": "Q109828999", "Anette Askland": "Q59211976", "Vibekke Midtg\u00e5rd": "Q59261701", "Livia Copariu": "Q110583930", "Kim Chun-ok": "Q95194559", "Jelena Homenko": "Q124289703", "Irina Grigorieva": "Q119938391", "\u05d0\u05d5\u05e8\u05ea \u05d1\u05e9": "Q6829745", "Virginie Tripier Martheau": "Q88286675", "Julia Iost": "Q124304155", "Pernille Irgens": "Q59210891", "\u05d4\u05d3\u05e1 \u05e4\u05d3\u05d4": "Q6971333", "\u05e8\u05d5\u05d9\u05d8\u05dc \u05d5\u05d9\u05dc\u05e0\u05d0\u05d9": "Q6908795", "Sahar Alony": "Q18575251", "Renate Olaisen": "Q55850000", "Sonnie Lill R\u00f8dje": "Q55890781", "Zuzana Juskov\u00e1": "Q105750534", "Marieke Theunissen": "Q109711089", "Siri Hestad": "Q59211432", "Guro J\u00f8rgensen": "Q59240447", "Anna Zubel": "Q124316184", "Camilla Rindh\u00f8len": "Q59209099", "Margit Viilep": "Q61110616", "K\u00fcllike M\u00e4ggi": "Q124252193", "Laki Anik\u00f3": "Q124595723", "T\u00f3ra vi\u00f0 Keldu": "Q1563880", "Marijana Berbakov": "Q50281042", "Karina Fassi": "Q117353480", "Oksana Pronina": "Q124339648", "Heili Raavik": "Q124090557", "Anette Wikander": "Q59216954", "Alessandra Cassani": "Q3609670", "\u05d2\u05dc\u05d9\u05d4 \u05d0\u05e7\u05e8": "Q18575253", "Avishag Turek": "Q34384574", "Ana Ysa Tejeda": "Q70952264", "Tracy-Lee Elliott": "Q109828946", "Elena Aleksandrovna Faleeva": "Q21143248", "Kirsti Nyg\u00e5rd": "Q59243916", "Lisbeth D\u00f8nnum Jensen": "Q59245844", "Sigrid Toft Fl\u00f8ystad": "Q59257953", "Helen Vassbotn": "Q59273697", "Neta Cohen": "Q6887596", "Agata Jankowska": "Q24431296", "Eva Miller": "Q124066294", "Marianne Seiman": "Q124307403", "Alejandra Perezlindo": "Q16528261", "Eili Paap": "Q124311302", "Tammy Cunnington": "Q97014191", "Camilla Mowinckel": "Q55630812", "Marianne Fuglestveit": "Q55843856", "Stacey Bowley": "Q109622371", "Karen Allers": "Q109711512", "Ann Kristin Aamodt": "Q59209093", "Helen Karal Melberg": "Q59209103", "Monica Klippenberg": "Q59257946", "Line Nyman": "Q59210877", "Jenny Castro": "Q11866337", "Valeria Casprini": "Q4007790", "Kristiina Gusseva": "Q124322570", "Ann Kristin Riiser": "Q55600263", "Heidi Gjerde": "Q55658888", "Tanya Naude-Hildebrand": "Q109334464", "Tanya Gurr": "Q109653535", "Anita Kruger": "Q109711640", "Robyn Bradley": "Q109829053", "Karen Campbell": "Q111429125", "Eva Nov\u00e1kov\u00e1": "Q111429262", "Cecilie Arentz": "Q59216982", "Kristina S\u00f8vik": "Q59243921", "Agnieszka Zalewska": "Q24644117", "Irena R\u00f5mmel": "Q124336920", "Marjorie Distel": "Q60692942", "Kata Pataky": "Q16522328", "Ruth Roger": "Q124337308", "Andrea Grisales": "Q27556020", "Maha El-Merghany": "Q109653352", "Tania Oosthuizen": "Q109880815", "Luo Ping": "Q111429171", "Renate Martinsen": "Q59210899", "Veronika Strapekov\u00e1": "Q12778374", "Evelin Sallaste": "Q124314511", "Tatjana Ikkonen": "Q124324285", "Katrin Heimonen": "Q124324296", "Kristina R\u00e4ndla": "Q124314285", "Triin-Karoliina Meijel": "Q124338361", "Kathryn Godfrey": "Q111423250", "\u05dc\u05d9\u05d8\u05dc \u05db\u05e9\u05e8\u05d9\u05d0\u05dc": "Q6698161", "Kjersti Arefjord": "Q55813139", "Bonnie Tsui": "Q64734872", "Taryn Ternent": "Q109334327", "Kim van Selm": "Q109653321", "Mark\u00e9ta Pechov\u00e1": "Q112562825", "Vanessa Mart\u00ednez": "Q7914689", "Christine Momrak": "Q59238614", "Vivienne Locke": "Q59307176", "Sarai Justes": "Q63927736", "Dea Oja": "Q61110649", "Kirsten van Heerden": "Q109588249", "Kristiina Arusoo": "Q124334866", "Noora Ervasti": "Q16298119", "Anette Fidjeland": "Q55598236", "Jamie Cail": "Q111423240", "Beata Kami\u0144ska": "Q2392481", "Maj Hillesund": "Q55580024", "Olga Loginova": "Q111428808", "Tatjana Petrovna Komarova": "Q19618331", "Xenia L\u00f3pez": "Q111423164", "Catherine Surya": "Q12478416", "Marietta Uhle": "Q110453735", "Schanna Olegowna Netschitailo": "Q19910348", "Marianne Andreassen": "Q59210888", "Helen Baastad": "Q55809502", "Donna Leslie": "Q109334425", "Leanne van der Walt": "Q109334617", "Candice Crafford": "Q109334815", "Natalya Popova": "Q21154113", "Celin Trana": "Q59238613", "Emely Meder Larsen": "Q59240439", "Marthe Str\u00e6det": "Q59257940", "Charlotte Kristiansen": "Q59281188", "Moran Rabinovich": "Q6711711", "Esther N\u00fa\u00f1ez Morera": "Q36880188", "Laura Nuudi": "Q111434404", "Y\u016b Kond\u014d": "Q11638714", "Agnieszka Braszkiewicz": "Q9142214", "Laura La Piana": "Q3827792", "Bronwyn Dedekind": "Q109622522", "Magda Dyszkiewicz": "Q97166314", "Kaori Yamada": "Q111429353", "Iwonka Vik": "Q55564961", "Ann-Mari Lillejord": "Q55618778", "Hao Ping": "Q111429122", "Emily Mason": "Q111429354", "\u0413\u043e\u0440\u044f\u0447\u0435\u0432\u0430, \u041b\u0438\u0434\u0438\u044f \u0418\u0433\u043e\u0440\u0435\u0432\u043d\u0430": "Q19614583", "Line Alnes": "Q59243924", "Kristine Haakestad": "Q59273703", "Yaroslavi Romero": "Q106086096", "Sandra Steffensen": "Q127972467", "Natasha Bowron": "Q110821769", "Viviana Moraes Barreto": "Q16301639", "Ave Kris Lend": "Q115189665", "Dana Eden": "Q16130846", "Heid Elin Odland": "Q55654983", "Alena N\u00fdvltov\u00e1": "Q111423208", "Triin Tomson": "Q124323323", "Ebba Nyberg": "Q4970491", "Blair Tomten": "Q9174178", "Belkys Mota": "Q16301694", "Lise Fadnes": "Q55699472", "Raoudha Rebai": "Q95186583", "Kenza Matoub": "Q95187589", "Romy Altmann": "Q109592963", "Lauren Harvey": "Q109653538", "Anette Melissa H\u00f8ye": "Q59211977", "Zofia Gajowniczek": "Q59261709", "Tonje Feldt Kr\u00e6mer": "Q59273715", "Sara Larsson": "Q84433937", "Federica Vitale": "Q3741587", "Stine Haferkamp": "Q59273707", "Rym Bejaoui": "Q99195297", "Natsumi Yoshioka": "Q11412809", "Sachi Aoki": "Q11661633", "Taryn Cokayne": "Q109334842", "Mare Cross": "Q124317414", "Monica Martinsen": "Q59307177", "Jasmine Vangrieken": "Q3195774", "Flora Manciet": "Q83495948", "Kim Caluwaerts": "Q19587752", "\u05e2\u05e0\u05d1\u05dc \u05dc\u05d1\u05d1\u05d9": "Q20034155", "\u05e1\u05d9\u05d2\u05dc \u05e1\u05d9\u05de\u05e1\u05d5\u05dc\u05d5": "Q23019331", "Karima Lahmar": "Q67574033", "Amina Touahria": "Q99191862", "Boutheina El Ouaer": "Q103817612", "Manami Ito": "Q123686272", "Griet Buelens": "Q2095751", "Siri Thorstensen": "Q59211435", "Betsey-Marie Eskeland": "Q59216972", "Kathrine O. Olsen": "Q59243914", "Anne-Mari Gulbrandsen": "Q14162612", "Lauren Arndt": "Q111423203", "Maya Finkler": "Q6962493", "Ekaterina Seliverstova": "Q3049594", "Svetlana Fedulova": "Q28665112", "Yekaterina Seliverstova": "Q110821776", "Kelly Stubbins": "Q2077048", "Tina Kl\u00f8vstad Farsund": "Q59273711", "Tamaryn Laubscher": "Q109363547", "Shaila Millum Gar\u00f0arnar": "Q945040", "Lauren Sparg": "Q109593099", "Tina Fuentes": "Q7807898", "Bieke Vandenabeele": "Q13439306", "Kret Kaasik": "Q124296135", "Nadine Reichert": "Q17188996", "Svetlana Anatolevna Sorokina": "Q21148728", "Ziada Jardine": "Q109335000", "Takami Igarashi": "Q111423228", "Annemi Sandstr\u00f6m": "Q16990369", "\u05e2\u05d3\u05d9 \u05db\u05d4\u05df (\u05e9\u05d7\u05d9\u05d9\u05e0\u05d9\u05ea)": "Q20726302", "Ania Rabinovich": "Q20726326", "\u05de\u05d9\u05e8\u05d1 \u05e9\u05d9\u05e7\u05dc\u05e8": "Q20726331", "Tine Vertommen": "Q47538167", "Maretha van Wyk": "Q109335317", "Hanne Christine Seyffarth": "Q59307173", "Ingrid Haiden": "Q109593007", "Elisabeth Jarland": "Q55555974", "Kerstin Vogel": "Q1686346", "Nele Trepp": "Q111430329", "Anna Uv\u00e1rova": "Q111423170", "Fella Bennaceur": "Q67600424", "Francesca Gangemi": "Q3749406", "Fabienne Nadarajah": "Q1390441", "Henriette Martinsen": "Q59273700", "Ida Sandin": "Q59243909", "Alessia Paoloni": "Q3610442", "Verena Klocker": "Q1350423", "Yasmine Assal": "Q99195276", "Ximena Vilar": "Q6169267", "Marielle Boers": "Q2521415", "May Raafat": "Q109593134", "B\u00e1rbara Hern\u00e1ndez": "Q76138120", "Luana Calore": "Q110974202", "Kristin H. Pedersen": "Q59243920", "Celinn Daviknes": "Q59268517", "Hanne Guthormsen": "Q59268522", "Siri L\u00f8vold Magnussen": "Q59273704", "Tove Fludal Haugan": "Q59307175", "Anette Veidung": "Q59211978", "Heba Yehia": "Q109369125", "Sara Palacios": "Q84039689", "Margriet Zwanenburg": "Q2395730", "Nika Kozamernik": "Q12797470", "Camille Heitz": "Q2934952", "Kozue Watanabe": "Q11562343", "Rachel Goh": "Q1523966", "Gl\u00e1ucia Heier Souza": "Q123381259", "Julia Kurbat": "Q124316501", "Soha Abdallah": "Q109335556", "Christine Zwiegers": "Q109593020", "Emily Brunemann": "Q125467242", "Velia Janse van Rensburg": "Q109592912", "Norie Urabe": "Q111423229", "Bernadette Massar": "Q2286117", "Katarzyna Staszak": "Q11737062", "\u03a3\u03b5\u03bc\u03b9\u03c7\u03ac \u03a1\u03b9\u03b6\u03ac\u03bf\u03b3\u03bb\u03bf\u03c5": "Q12884381", "Mona Meron": "Q20726310", "Sari Matzri": "Q20726313", "Danit Kama": "Q20726324", "Fatou Kine Diop": "Q95189202", "Yasmin Abd El-Rahman": "Q109348385", "Karen St\u00f8dle": "Q59243913", "Rebecca Calder": "Q59307174", "Nanaka Tamura": "Q11577010", "Liezl-Mari Burger": "Q109560257", "Jelena Smirnova": "Q21148970", "Cathy Dietrich": "Q2942189", "Riia-Rosa Koskelainen": "Q16300053", "Christine Jennings": "Q111429348", "Ann-Helen Pridesis": "Q59268515", "Margarita Dom\u00ednguez": "Q106362585", "Magdalena Sutanto": "Q12496057", "Federica Tommasi": "Q3741583", "Coralie Dobral": "Q23749804", "Meriem Meddeb": "Q67575432", "Trine Gudnitz": "Q12339766", "Marielle Rogers": "Q109366842", "Corina Popovici": "Q9196174", "Katarzyna Dulian": "Q11736948", "Ronwyn Roper": "Q109404764", "Lona Kroese": "Q2976231", "Rebecca Ejdervik": "Q4945972", "Nino Metsar": "Q65264712", "Jane Danilson": "Q124317412", "Yana Trofymets": "Q16707628", "Lauren Roets": "Q109588215", "SUEN Ka-yi Carrie": "Q9127064", "Nina Kozlova": "Q60985773", "Alessia Bigi": "Q3610434", "Manuela Morano": "Q5994906", "Charlotte Johannsen": "Q16063513", "\u05d0\u05d5\u05e8 \u05de\u05dc\u05e6\u05e8": "Q20726312", "Marharyta Raykova": "Q28381729", "Henriette Brekke": "Q55673387", "Heidi Vainio Gj\u00f8en": "Q55809093", "Meriem Lamri": "Q67574612", "Lydia Yefsah": "Q67575027", "Marina Maksimova": "Q12552916", "Margrete Nyhus Ulvestad": "Q59245853", "Heba Selim": "Q110375797", "Elin Kjos": "Q117259699", "Raphaela Piehler": "Q2131438", "Tatsyana Arzhakhowskaya": "Q28214083", "Leone Vorster": "Q109360844", "Malia Meghezzi Bakouche": "Q67576214", "Medeja Kabanowa": "Q18242918", "Johanna Manz": "Q1696976", "Elzanne Werth": "Q109364433", "Nicole Horn": "Q109553589", "Marva Harpak": "Q18966188", "Mathilde Riis S\u00f8rensen": "Q12326423", "Linsy Heister": "Q2072313", "Wendy van der Zanden": "Q2366436", "Yurie Yano": "Q111429351", "Sarah Chahed": "Q1806666", "Nadia Chahed": "Q1963277", "Stephanie de Lima": "Q15630840", "Sandra Swierczewska": "Q2221128", "Annika Aljand": "Q124310676", "Chlo\u00e9 Cazier": "Q25687893", "Katharina Stiberg": "Q11980396", "Caterina Giacchetti": "Q685258", "Jennifer Cerquera": "Q5929192", "Loes Zanderink": "Q2432616", "Hitomi Nose": "Q11645843", "Irina Devyatova": "Q21638680", "Erika Trentin": "Q3731778", "Amina Fatima Serir": "Q67576962", "Elise Utne": "Q59268518", "Zuzana Svozilov\u00e1": "Q10861563", "Imane Boulaamane": "Q98011226", "Benedetta Re": "Q3638025", "Jo-Ann Bergman": "Q109593121", "Nadia Colovini": "Q9048459", "Anastasiya Ivanenko": "Q2845499", "Franziska Prade": "Q1450164", "Daniella Nero": "Q21064626", "Fabiana Lamberti": "Q125503188", "Dina Hegazy": "Q67574403", "Anastassia \u0160teinmiller": "Q124288212", "Bianca Meyer": "Q109404732", "Emily Vavourakis": "Q4505834", "Karoline Brudvik Sanderud": "Q55691213", "Alvilde Morken": "Q59268514", "Amy White": "Q125628459", "Elodie Vanhamme": "Q2190776", "Chanelle van Wyk": "Q109404433", "Marija Wo\u0142oszczenko": "Q11769941", "Maris Visse": "Q124304770", "Samantha Richter": "Q109366706", "Sascha Van den Branden": "Q2066906", "Kirsten Lapham": "Q109380654", "Erika Bespalko": "Q11290904", "Kimberley Eeson": "Q109560619", "Marharyta Artyushenko": "Q18634043", "Iwona Pr\u0119decka": "Q11714590", "Zs\u00f3fia Reisinger": "Q227421", "Rita Medrano Mu\u00f1oz": "Q6109137", "Mor Fleishman": "Q6630019", "Amit Bechar": "Q7056198", "Darneyis Orozco": "Q21057354", "Maryna Pabyahayeva": "Q28381725", "Stephanie Handojo": "Q65322626", "Fella Rym Hadj Ammar": "Q67577238", "Salma Raouf Gasser": "Q109368966", "Birgit W\u00e4chtler": "Q110618858", "Jessika Reim": "Q111576488", "Tiina Lindgren": "Q113462729", "Denise Gruhn": "Q1187763", "Jorina Aerents": "Q2749868", "Iryna Pikiner": "Q21154275", "Gina B. Andersen": "Q59240444", "Cecilie Waage Johannessen": "Q8693327", "Monica Waage Johannessen": "Q8695859", "Trine Austr\u00f8ne Olsen": "Q59281193", "C\u00e9lia Barrot": "Q3010107", "\u0411\u0430\u0440\u0430\u043d\u043e\u0432\u0441\u043a\u0430\u044f, \u0412\u0430\u043b\u0435\u0440\u0438\u044f \u0412\u0438\u043a\u0442\u043e\u0440\u043e\u0432\u043d\u0430": "Q18202920", "Emma-Claire Fierce": "Q107450516", "Giorgia Consiglio": "Q3106884", "Jonay Briedenhann": "Q109380566", "Sarah Hadj Abderahmane": "Q67577806", "Annelies De Mar\u00e9": "Q2214954", "Lehesta Kemp": "Q109361988", "Patrizia Humplik": "Q110271171", "Clo\u00e9 Cr\u00e9deville": "Q11690782", "Maryya Padzeshvina": "Q28214037", "Ina Marleen Holm": "Q59243910", "Lieke Verouden": "Q2473584", "Alyaksandra Kavalyova": "Q28114295", "Jelisaweta Weniaminowna Gorschkowa": "Q4146049", "\u05d3\u05e2\u05d0\u05d0 \u05de\u05e1\u05d0\u05e8\u05d5\u05d5\u05d4": "Q6587195", "Silke van Hoof": "Q2162472", "Louise Smyth": "Q109366506", "Noufissa Chbihi": "Q95187660", "Pina Ercolano": "Q109380718", "Jutta Thomsen": "Q20608897", "Sh\u00e9razade Ramond-Hannane": "Q98011527", "Justine Wayders": "Q33133719", "Jessica Dickons": "Q433858", "Luiza Hryniewicz": "Q24431233", "Ewa \u015acieszko": "Q9256917", "Zhou Yanxin": "Q3575443", "Anastasia Korotkov": "Q12409905", "Emily Thomas": "Q111429350", "Ilse Kraaijeveld": "Q1869579", "Anni Alitalo": "Q890634", "Kseniya Lebedzeva": "Q28381714", "Megan Scott": "Q109378825", "Kim Janssens": "Q2678258", "Line L\u00f8vberg": "Q59243925", "Victoria S. L\u00f8ken": "Q59261702", "Ingrid Nygaard Knutzen": "Q59273701", "Tanya Bouff\u00e9": "Q109367308", "Nina Schiffer": "Q1769463", "Medea Verde": "Q3853655", "Elise Bouwens": "Q3163433", "Tessa Brouwer": "Q2519848", "Moira Fraser": "Q109380569", "Maxine Heard": "Q109380710", "Lieke Klaassen": "Q21064313", "Dana Gales": "Q13102262", "K\u00e4tlin Rohtlaid": "Q124256614", "Roxanne Tammadge": "Q108932279", "Rachita Shah": "Q109380772", "Vladyslava Kravchenko": "Q111744800", "Ouleye Diallo": "Q95189882", "Shir Kalmanovitz": "Q47501790", "Elspa M\u00f8rk\u00f8re": "Q1234826", "Mai Atef": "Q109368481", "Grace Page": "Q50246195", "Tatsyana Suravitskaya": "Q28214075", "Kristina Thomsen": "Q11748220", "Amel Lalla": "Q98000468", "Yuliya Banach": "Q7027417", "Anna Volchkov": "Q7054397", "Laura Lajunen": "Q11874994", "\u0412\u0435\u0440\u0430\u043d\u0456\u043a\u0430 \u0412\u0430\u045e\u0447\u0443\u043d": "Q28381709", "Volha Stafanyak": "Q28381742", "Ana\u00efs Desplanches": "Q55985902", "Mar\u00eda Luengas Mengual": "Q111423223", "Rene Warnes": "Q108930737", "Shiori Ichinose": "Q11352366", "Jo\u00eblle Scheps": "Q2704216", "Miranda Nijenhuis": "Q2740271", "Felicia Tjandra": "Q17411588", "Isabelle Mabboux": "Q14889598", "Pernille Jessing Larsen": "Q4993530", "Nadia Porras": "Q16301660", "Elin Slaatmo": "Q11967111", "Rebecca Kemp": "Q109362252", "Yana Parakhowskaya": "Q28214022", "Camille Rodrigues": "Q26256282", "Karen Vapper": "Q111342131", "Yui Miyamoto": "Q117467327", "Jessica Ashley-Cooper": "Q108930518", "\u00c9lodie Schmitt": "Q92748100", "Victoria Rung": "Q16596898", "Aneta Pechancov\u00e1": "Q9154446", "Robyn Ferguson": "Q109380511", "Marieke Nijhuis": "Q2575128", "Efrat Rotsztein": "Q7053675", "\u05e7\u05e8\u05d9\u05e1\u05d8\u05d9\u05e0\u05d4 \u05e6'\u05e8\u05e0\u05d9\u05e9\u05d1": "Q58928051", "Daniela Lindemeier": "Q109549205", "Katie Goldman": "Q1959454", "Katrine Holm S\u00f8rensen": "Q11737474", "Katrine S\u00f8rensen": "Q110101658", "Katrine Jensen": "Q59243915", "Bord\u00e1s Beatrix": "Q65550688", "Emma Svensson": "Q111423373", "Samantha Marshall": "Q9333086", "Marlene Niemi": "Q11770437", "Coralie Codevelle": "Q30329463", "Oda Marie Siljan": "Q59257947", "TOWN Jennifer Ka Hang": "Q9052065", "Dominique Dryding": "Q109380464", "Annie Thor\u00e9n": "Q4982637", "\u05d7\u05d9\u05d4 \u05e1\u05d9\u05de\u05d5\u05df \u05d6\u05d1\u05dc\u05d5\u05d3\u05d5\u05e3": "Q28244955", "Katsyaryna Matsveyenka": "Q28381715", "Valeryya Mikhaylava": "Q28381718", "Asma Sammoud": "Q95193692", "Engi El-Shazli": "Q109404825", "Federica Volpini": "Q110765253", "Christine M. Pedersen": "Q123414780", "Celia Pulido Ort\u00edz": "Q129175699", "Jasmijn Verhaegen": "Q2844833", "Nicole Vernon": "Q92989999", "Siri Eva Kristiansen": "Q59257957", "Francesca Fusco": "Q3749405", "Amina El-Sebelgy": "Q109531026", "Nicole Cirillo": "Q125503158", "Mirela Olczak": "Q11781657", "Natasha de Vos": "Q109553513", "Catherine Breed": "Q130086352", "Lena Kalla": "Q110821757", "Caitlin Kat": "Q109475798", "\u305b\u304d\u306d \u308a\u3055": "Q9361655", "Zeineb Khalfallah": "Q67593891", "Paulina Zachoszcz": "Q11813815", "Camille Radou": "Q3651430", "Lovisa Ericsson": "Q111423117", "Shahd Mostafa": "Q109404801", "NAM Carmen": "Q9017634", "Jacqueline Knutsson": "Q59284294", "Viktoryya Dakuka": "Q28213458", "Stina Kajsa Colleou": "Q56034631", "Faith Edorodion": "Q106516330", "Giulia De Ascentis": "Q66372436", "Viktoryya Sawchanka": "Q28213739", "Doris Eichhorn": "Q23059432", "Bonnie Brandon": "Q1523792", "Astri\u00f0 Foldarskar\u00f0": "Q20606716", "Volha Bradzyak": "Q28381708", "Alina Stets": "Q28381731", "\u041a\u0441\u0435\u043d\u0456\u044f \u0420\u0430\u043c\u0430\u043d\u044e\u043a": "Q28381741", "\u05e0\u05d5\u05e2\u05d4 \u05e4\u05dc\u05d3\u05de\u05df": "Q63437474", "Senda Ayari": "Q98000792", "Ilona Pihal": "Q28213717", "Alyona Adamovich": "Q28214066", "Karoline Pedersen": "Q59284302", "Luna Elisabeth S\u00f8gaard": "Q59307186", "Ilaria Raimondi": "Q66372430", "Svenja Zihsler": "Q111423174", "Katsyaryna Chystsyakova": "Q28213776", "Kelly Gunnell": "Q109547259", "Kelly Riber Rasmussen": "Q11738679", "Kelly Rasmussen": "Q109523407", "Rachel Cheong": "Q125120004", "Henriette Stenkvist": "Q9287789", "Adeline Furst": "Q45621671", "Jasmine Tosky": "Q1523787", "Julie Berthier": "Q33833959", "Allison Brown": "Q17600859", "Nesrine Khelifati": "Q95192142", "Laura Kurki": "Q86414", "Rachele Qualla": "Q3928570", "\uc815\uc720\uc778": "Q100623651", "Morgane Rothon": "Q23749638", "Valeryya Byazdzetnava": "Q28213416", "Anastassia-Anna Kunits\u00f5na": "Q124348120", "Sarah Rolko": "Q13104930", "Stine Lise Stenseth": "Q59261696", "Gea Veldhuizen": "Q111423196", "Anastasiya Harkovich": "Q28214095", "Nicol Samsonyk": "Q60693785", "Isabella Sinisi": "Q125503230", "Yasuko Miyamoto": "Q111429347", "Eva Marie \u00d8sterhus": "Q59240443", "Lisa Fissneider": "Q437600", "Chikako Ono": "Q16265059", "Milenka Rojas": "Q6016361", "\u05d0\u05e0\u05d0\u05dc \u05d5\u05e7\u05e1\u05dc\u05e8": "Q6846728", "Veronica Orheim Bj\u00f8rlykke": "Q55945186", "Sini Kuutamo": "Q1619354", "Wang Fei": "Q9370883", "Michal Liberman": "Q20829395", "Alena Kvashenka": "Q28381713", "Palina Arlovich": "Q28381722", "Hanna Upalowneva": "Q28381734", "Maryya Kuzava": "Q28381753", "Tarryn Rennie": "Q109551041", "Lise Sand Syversen": "Q59245851", "Oda Gjerde": "Q59281192", "Annika Winsnes": "Q59307181", "Hanna Hirenka": "Q28214166", "Martina Marks": "Q16133499", "Sarah Vaisse": "Q16675678", "Carlotta Toni": "Q55471754", "Claire Polit": "Q63247579", "Johanna Friedrich": "Q17322591", "Vanessa Mohr": "Q109404495", "Kia Hansen": "Q11738878", "Mar\u00eda Alziguzi-Kominea": "Q112065077", "Laura Paquit": "Q24299308", "Christina Burns": "Q92989831", "Miki Takahashi": "Q123480132", "Maryya Kiwlyak": "Q28214126", "Sol\u00e8ne Gallego": "Q29698350", "Irina Novikova": "Q3154382", "Irina N\u00f3vikova": "Q110103602", "Marta Kobecka": "Q90404579", "Julia Gorman": "Q111655371", "Rowida Hesham": "Q109408812", "Aliz\u00e9e Morel": "Q33994960", "S\u00e1ra Jo\u00f3": "Q32984898", "Tara-Lynn Nicholas": "Q109427520", "Ingalill Urrang Naustvik": "Q59281190", "Rino Hosoda": "Q109557730", "Nancy Schuchhardt": "Q92732464", "Donata Kilija\u0144ska": "Q9210011", "Elisa Antonelli": "Q125534988", "Natallya Vaskevich": "Q28114263", "Ina Kvenshagen Gimse": "Q59284299", "L\u00e9na Bousquin": "Q33134605", "Rowan El-Badry": "Q109404868", "Lucie Lei\u0161ov\u00e1": "Q20901780", "Jessica Liss": "Q109378776", "Samantha Welch": "Q109553860", "Jelizawieta Bazarowa": "Q18170882", "Yelizaveta Baz\u00e1rova": "Q21088633", "Ellen Camilla Hansen": "Q59238622", "Aksana Faminykh": "Q28214161", "Roni Bove": "Q20817417", "Anhelina Dabrodzkina": "Q28381710", "Alyona Aleksandrovich": "Q28381744", "Dyyana Ilyuta": "Q28381750", "Maryya Pyatrowskaya": "Q28381754", "Klara Farkas": "Q59210870", "Elin Haugland": "Q59281189", "Elida Hole": "Q59284291", "Grethe Tenden": "Q59307183", "Karoline Steffensen": "Q59307185", "Gioelemaria Origlia": "Q65125200", "Isabella Hindley": "Q113339640", "Camille Gheorghiu": "Q33835423", "Mahina Valdivia": "Q115625858", "Maria Thompson Clausen": "Q59307180", "Alma Thormalm": "Q119458560", "\u0130lknur Nihan \u00c7ak\u0131c\u0131": "Q130086472", "Kyna Pereira": "Q109427332", "Anastasiya Sakalova": "Q28214173", "Cecilie Holten": "Q9185454", "Eline Mathilde Swensen": "Q59238619", "Ksienija Ju\u015bkowa": "Q11750372", "Nadezhda Vinyukova": "Q62589278", "Sarah Fournier": "Q124497826", "Ksenia Belomestnova": "Q20156395", "Christina Munkholm": "Q9191071", "Emily Washer": "Q109311123", "Ami Matsuo": "Q14647087", "Alena Leanenka": "Q28214138", "Amalie Thorstensen": "Q59211975", "Anna Bie\u0142ousowa": "Q16167256", "Anastasiya Krawchuk": "Q28114336", "Zsuzsanna M\u00e1t\u00e9": "Q81405040", "Mirthe Goris": "Q2191855", "Anna Wermuth": "Q67621630", "Paloma de Bord\u00f3ns": "Q109452626", "Selina Hocke": "Q15847196", "Marie Buresi": "Q18610893", "\u05d8\u05dc\u05d9 \u05dc\u05de\u05e7\u05d5\u05e3": "Q17505316", "Yael Danieli": "Q20826606", "Shahar Menachem": "Q20827635", "\u05d2\u05d9\u05d0 \u05e9\u05d9\u05dc\u05d5\u05df": "Q20830654", "\u041b\u044e\u0431\u043e\u045e \u0413\u0430\u0440\u0446\u043c\u0430\u043d": "Q28381745", "Alina Kewlich": "Q28381751", "Katsyaryna Ramanowskaya": "Q28381759", "Juliette Casini": "Q42796979", "Amalie Mikkelsen": "Q67621601", "Maria Lopes de Freitas": "Q108876879", "Francesca Cristetti": "Q110765266", "Julie Levisen": "Q11729166", "Maria Danielsen Altmann": "Q59245856", "Marie Vlas\u00e1kov\u00e1": "Q126192502", "Hanna Vasilyeva": "Q28114262", "\u0160\u00e1rka Koci\u00e1nov\u00e1": "Q126192448", "Alisia Tettamanzi": "Q125503151", "Claudia Tarzia": "Q125503167", "Mariam Sakr": "Q109408495", "Anna Dietterle": "Q23059452", "Mei Ichinose": "Q21699084", "Remy Fairweather": "Q33238652", "Salma Zaitoun": "Q109548568", "Paola Biagioli": "Q65125207", "Sofie Reis\u00e6nen": "Q55868201", "Jessica Whelan": "Q67194901", "Katrina Konopka": "Q109312191", "Madeline Banic": "Q108107124", "Kolbrun Stefansdottir": "Q17108703", "Katsyaryna Afanasyeva": "Q28114251", "Anna-Celina Schmid": "Q16738527", "Sara Moualfi": "Q73153047", "Silvia Guerra": "Q125534883", "Anais Podevin": "Q104164737", "Maryya Maksimovich": "Q28114368", "Anhelina Kutsko": "Q28214144", "Dana Akl": "Q66124458", "Paola Lanzilotti": "Q110765261", "Marlies Ross": "Q109546735", "Majken Smith": "Q56034499", "Elise N\u00e6ss Olsen": "Q59209101", "Edith Mattens": "Q2418492", "Hannah Taleb-Bendiab": "Q95197503", "S\u00f6menek Onon Kata": "Q33026763", "Asma Ben Boukhatem": "Q95196442", "Rita Naud\u00e9": "Q109547538", "Becca Mann": "Q125467304", "Maryya Martynava": "Q28214189", "Valyantsina Svarchuk": "Q28381761", "Silje Mikkelborg": "Q56034577", "Alice Scarabelli": "Q65124655", "Alina Jungklaus": "Q23059427", "Inger-Ane S\u00e6tra Schefte": "Q59281191", "Tone Hartmark Nilsen": "Q59284306", "Kaia Celine Hylland": "Q59307184", "Qing Wenyi": "Q21531722", "Hanna Maksimets": "Q28114363", "Erica Lau": "Q126856702", "Farah Ben Khelil": "Q56632874", "Maryya Vaskevich": "Q28213839", "Tessa Vermeulen": "Q109311952", "Carmen Le Roux": "Q109476656", "Iryna Mikhalyonak": "Q28114381", "Sofya Spodarenko": "Q62588090", "Anastasiya Aniskovich": "Q28214195", "Sonnele \u00d6zt\u00fcrk": "Q30883112", "Katsyaryna Pawlyukevich": "Q28114388", "Roaia Mashaly": "Q109548905", "Kseniya Chayka": "Q28114418", "Kelsie Campbell": "Q107948304", "Yuliya Lemke": "Q28114351", "Lizaveta Yuminava": "Q28114423", "Veronica Santoni": "Q116956473", "Lizaveta Salomennaya": "Q28114406", "Daniel Arkarful": "Q28114250", "Martha Sandoval Ayala": "Q129927069", "Krystsina Buslava": "Q28114258", "Airi Ike": "Q24869390", "Aurora Petronio": "Q125503172", "Ingrid Svan Kj\u00e6r": "Q59243911", "Rachele Ceracchi": "Q125503217", "Laura Glerup Jensen": "Q67622923", "Alyaksandra Yoda": "Q28213891", "Novosz\u00e1th Melinda": "Q33927388", "Irina Prikhodko": "Q62561327", "Isidora Letelier": "Q115625865", "Linda Caponi": "Q65069869", "L\u00edv Erlingsd\u00f3ttir Eidesgaard": "Q20606542", "Ariel Braathen": "Q55797276", "Sara Ongaro": "Q65124658", "Marion Joffle": "Q113583191", "Oline Koolen Bjerketvedt": "Q59284298", "Augusta Len\u00e9a Rem\u00f8y": "Q59307178", "Dominika Ger\u017eov\u00e1": "Q126192164", "Giulia Verona": "Q65125212", "Yuliya Fomchanka": "Q28114413", "Johanne Heines Pettersen": "Q109576981", "Nika Valynets": "Q28114261", "Valeryya Bradchuk": "Q28114257", "Eleonora Brotto": "Q125503204", "Rim Ouenniche": "Q67601538", "Viktoryya Mikhalap": "Q28114379", "Pauline Mahieu": "Q22918248", "Nolwenn Herv\u00e9": "Q64763861", "Edita Chr\u00e1pav\u00e1": "Q126192209", "Josein Wijkhuis": "Q21070503", "Adele Blanchetiere": "Q111547283", "Marte L\u00f8vberg": "Q25427572", "Krista Ceplite": "Q45200588", "Lizanne Viljoen": "Q108908537", "Maxine Wolters": "Q23059643", "Sezin Elig\u00fcl": "Q65220009", "Pien Schravesande": "Q21070501", "Lena Opatril": "Q113470747", "Samantha Labuschagne": "Q109476511", "Jana Augenstein": "Q98923139", "Vasilisa Zelyankevich": "Q28114289", "Valyantsina Zelyankevich": "Q28213875", "Yasmin Hassan": "Q109531359", "Darya Pyatrenka": "Q28114399", "Mashiro Yasunaga": "Q107652274", "Michaela Trnkov\u00e1": "Q126192436", "Charlise Oberholzer": "Q109475955", "Katsyaryna Kashkowskaya": "Q28114312", "Nesrine Medjahed": "Q56629982", "Erin Riordan": "Q128803241", "Marie Kuntzmann": "Q107287724", "Neringa Cerniauskaite": "Q125817013", "Sveva Schiazzano": "Q24942051", "Safiya Akhapkina": "Q28213942", "Hanna Lyakhawchyk": "Q28213932", "Vanessa Bobimbo": "Q128803922", "Gabi Grobler": "Q109476424", "Mariuxi Febres Cordero": "Q21573348", "Caroline N\u00e4slund": "Q52151578", "Julia L\u00f3pez-Zubero": "Q54416139", "Andrea Elde Holmboe": "Q90315114", "Reedah Shaw": "Q108908519", "Lesley Blignaut": "Q109476605", "Hannah Kiely": "Q109517003", "Maider Redin": "Q121361652", "Lucr\u00e8cia Mu\u00f1oz Reja": "Q126371658", "Merc\u00e8 Ribalta Cuxart": "Q126723913", "Martina Gottschalt": "Q1905422", "Elsa Pumar": "Q15965117", "Veronica Carattoni": "Q27914497", "Jenny Halden": "Q59284301", "Melina Holtan": "Q59284304", "Jonne Moleman": "Q107740011", "Julieta Lema": "Q60970447", "Enjy Mohamed Abouzaid": "Q109478889", "Darya Rudenka": "Q28114401", "Lizaveta Zapolskaya": "Q28114288", "Eva Bonnet": "Q23930536", "Agn\u0117 \u0160eleikait\u0117": "Q111577618", "Tara Vovk": "Q115735090", "Joana Desbordes": "Q100310351", "Lila Touili": "Q63242097", "Katsyaryna Kushner": "Q28114344", "Janka Juh\u00e1sz": "Q34030578", "Adinda Larasati Dewi Kirana": "Q130086275", "Kristine Bjellv\u00e5g Braathen": "Q109576977", "Lotte Goris": "Q23930537", "Mabel Zavaros": "Q104954933", "Yana Dobyshava": "Q28114279", "Beatrice Felici": "Q48869190", "Nicole Maier": "Q126766617", "Vasilissa Buinaya": "Q112262205", "Lucie Nordmann": "Q112222983", "Sara El Tahawi": "Q67196547", "Silvia Ciccarella": "Q125503153", "Sandy Atef": "Q109409417", "Grace Ariola": "Q112222980", "Juliette Dumont": "Q42911518", "Miku Kojima": "Q108601453", "Meribel Saar": "Q124347528", "Anna Kroni": "Q58048684", "Alexandra Sumner": "Q112222981", "\u0413\u0440\u0438\u0433\u043e\u0440\u044c\u0435\u0432\u0430, \u042e\u043b\u0438\u044f \u0421\u0435\u0440\u0433\u0435\u0435\u0432\u043d\u0430": "Q109495779", "Silje Mari Bj\u00f8rlykke": "Q59257956", "Shiori Asaba": "Q112333578", "Darya Dowhal": "Q28114284", "Julia Cook": "Q112223028", "Madison Broad": "Q104986608", "Anna Pirovano": "Q65807761", "Giulia Ramatelli": "Q125503156", "Menna Kchouk": "Q56634156", "Maria Storstein": "Q59210878", "Zoe Bartel": "Q112222982", "Anastasia Urbaniak": "Q79835743", "Dara Al-Bakry": "Q33828886", "Rachel Klinker": "Q124538639", "Annika Vainikk": "Q124334202", "Liu Zixuan": "Q109312994", "\u00c1gueda Cons": "Q112262213", "Elisabeth Egel": "Q18753415", "Tania Quaglieri": "Q125503144", "Lizaveta Shcharbakova": "Q28214008", "Jasmin Beutler": "Q73814684", "Inge Weidemann": "Q108875593", "V\u00e1r Erlingsd\u00f3ttir Eidesgaard": "Q20606557", "Vu Thi Phuong Anh": "Q86012873", "Gina Galloway": "Q98154192", "Sara Abdelghany": "Q108908478", "Janie Coetzer": "Q109516858", "Jade Simons": "Q109517288", "In\u00e8s Barbouch": "Q114401407", "Juliette Marchand": "Q123332024", "Vilma Oura": "Q42901333", "Alena Halubkina": "Q28114269", "Abigail Tripp": "Q100968524", "Izabela Zekuciov\u00e1": "Q125579161", "Ayla Spitz": "Q126539572", "Astrid Julie Halvorsen": "Q59209098", "Habiba Belghith": "Q56634382", "Abbey Webb": "Q112333585", "Tina Celik": "Q112333584", "Clara Basso-Bert": "Q108600661", "Anna Sasaki": "Q112262206", "Dominika Kossakowska": "Q107588056", "Liliya Sokal": "Q28114408", "Szabina Hungler": "Q112121420", "Malene Rypest\u00f8l": "Q56034531", "Iryna Tsyasyul": "Q28114416", "Tessa Ip Hen Cheung": "Q108892879", "Carla Antonopoulos": "Q109530775", "Marlene Endrolath": "Q73927980", "Eliza King": "Q112262263", "Victoria Catterson": "Q128803156", "Kelly Pash": "Q123242279", "Yaren Nur Polat": "Q99743006", "Laticia-Leigh Transom": "Q128400049", "Zhang Ke": "Q107046446", "Anastasiya Vaskevich": "Q28213846", "Jang Myong-gyong": "Q33841596", "Alyona Saladukhina": "Q28114405", "Hanna Bergman": "Q115632128", "Alexandra Denisenko": "Q62589812", "Yael Hamen Saieg": "Q48869178", "Anishta Teeluck": "Q114390737", "Gali Zilberberg": "Q47010005", "Alyaksandra Syarbolina": "Q28114409", "Giulia Berton": "Q125503180", "Pak Mi-song": "Q33979257", "Camille Bouden": "Q42911516", "Alya Gara": "Q56634243", "Polina Prikazchikova": "Q112041577", "Emma Harvey": "Q124657299", "Ella Nelson": "Q112223043", "Silke Holkenborg": "Q106915769", "Jemima Horwood": "Q112262212", "Lia Ana Lima": "Q108876885", "Ital Shaposhnikov": "Q65038300", "Angel Gabriella Yus": "Q130086339", "Chua Xiandi": "Q124675753", "Christin Mundell": "Q108894725", "Carmel Uibopuu": "Q125472380", "Nika \u010culina": "Q85980029", "Gyurinovics Fanni": "Q33209063", "Nguy\u1ec5n Di\u1ec7p Ph\u01b0\u01a1ng Tr\u00e2m": "Q24957509", "Katherina R\u00f6sler": "Q73930333", "Airi Ebina": "Q129913094", "Eva Kummen": "Q59240440", "Ily\u00e9s Laura Vanda": "Q26265742", "Sara Gailli": "Q106889617", "Sonia Laquintana": "Q125503224", "Lorena Jerebi\u0107": "Q85979944", "Marthe Cecilie Willumsen": "Q120476759", "Rola Hussein": "Q109532005", "Eszter Szab\u00f3-Felt\u00f3thy": "Q124670816", "Sayuki Ouchi": "Q109312186", "Rebecca Jacobson": "Q111423372", "Mei Ishihara": "Q110271167", "Thea Blomsterberg": "Q67625155", "Gabi Albiero": "Q123244786", "Maya Dorf": "Q112039971", "Hanna Henderson": "Q110271164", "Eline Vik": "Q59238620", "Laurika Lint": "Q124334819", "Isabel Gormley": "Q110271159", "Maria Masciopinto": "Q112223004", "Hanim Abrahams": "Q109476539", "Michaela Ryan": "Q112223009", "Elisabeth Ebbesen": "Q126736767", "Hiba Laknit": "Q78654308", "Shiho Matsumoto": "Q125170814", "Avery Wiseman": "Q112223012", "Kan Cheuk Tung Natalie": "Q56247152", "Michaella Glenister": "Q112222986", "Emma Menicucci": "Q112223005", "Giulia D'Innocenzo": "Q125503187", "Jasmine Nocentini": "Q123695316", "Imani de Jong": "Q106904492", "Martine Hallberg": "Q59257943", "Maxine Parker": "Q112222990", "Polina Nevmovenko": "Q112262204", "Blanka Berecz": "Q110271165", "Sarah Szklaruk": "Q115625845", "Chase Travis": "Q112222992", "Grace Cooper": "Q112223029", "Lara Aklouk": "Q33513282", "Zheng Muyan": "Q112333581", "Alba Herrero L\u00e1zaro": "Q128694164", "Maria Godden": "Q124671917", "Stephanie Houtman": "Q108906325", "Bertille Cousson": "Q110074103", "Ayat Allah Elanouar": "Q73152751", "Kerryn Herbst": "Q109530728", "Francesca Pasquino": "Q124668646", "Giulia Salin": "Q112223002", "Astrid Nielsen": "Q61059533", "Mika Rabinovich": "Q47402485", "Helena Robla": "Q89466467", "Gihan Abdulla": "Q108908501", "Lilien G\u00f6tz": "Q112121305", "Siiri Eini\u00f6": "Q116789845", "Pinelopi Karamesiu": "Q112074364", "Amy Tang": "Q111423368", "Nubia Adjei": "Q126285308", "Nina Holt": "Q120200056", "Neele Labudda": "Q73929610", "Genevieve Sasseville": "Q112223011", "Tori Oliver": "Q109517259", "Mar\u00eda Selene Alborzen": "Q108595206", "En Yi Letitia Sim": "Q130222394", "Victoria Bergeli": "Q109576964", "Elvira M\u00f6rtstrand": "Q115627510", "Bronte Job": "Q110271162", "Hannah Pearse": "Q124670650", "Na\u00eble Portecop": "Q79835205", "Eleni Deliyanni": "Q112065099", "R\u00e9ka Nagy": "Q34220208", "Uljana Gorlova": "Q109576961", "Carlota Torrontegui": "Q125511036", "Nikol Nahshonov": "Q112041489", "Xeniya Tratseuskaya": "Q112136537", "Meroua Merniz": "Q114390586", "Ganga Senavirathne": "Q124685638", "Madelon Catteau": "Q113574540", "Ainhoa Campabadal Amezcua": "Q128692906", "Olivia Fuller": "Q55198696", "Lilou Ressencourt": "Q110074059", "Anastasiya Suvalava": "Q112136495", "Francisca Martins": "Q126897249", "Stina Nyg\u00e5rd": "Q64624138", "Paula Juste S\u00e1nchez": "Q128792473", "Bogl\u00e1rka G\u00e1cs": "Q112121285", "Antonietta Cesarano": "Q112945500", "Reilly Tiltmann": "Q123244790", "Fiona Prieto": "Q115625864", "Chiara Tarantino": "Q110203006", "Logaine Abdellatif": "Q109531714", "Oumy Diop": "Q108892564", "Noy Gazala": "Q112041388", "Xeniya Kuliashova": "Q112132333", "Joselle Mensah": "Q126285309", "Ariel Nassee": "Q112041533", "Marharyta Kiryliuk": "Q112132122", "Maud Rodriguez": "Q116758683", "Justina Kozan": "Q110271158", "Evelyn Davis": "Q106881003", "Maty Ndoye Brouard": "Q111026090", "Roua Ben Fraj": "Q114401076", "Helene Torsvik Lorentz": "Q109576974", "Mari Moen": "Q109576986", "Tayssir Sliti": "Q114401131", "Bea Hovda": "Q120476794", "Ingrid Elise Borgstr\u00f8m": "Q120476864", "Alexandra Sabitova": "Q112222998", "Emma Weber": "Q123244853", "Soledad Garc\u00eda": "Q115628015", "Trinidad Garc\u00eda": "Q115628018", "Mira Szimcs\u00e1k": "Q124459665", "Wiktoria Gu\u015b\u0107": "Q126736769", "Kayla Wilson": "Q123244851", "Frida Stretre L\u00f8bersli": "Q109587333", "Becky Posner": "Q55808487", "Caitlin de Lange": "Q108900029", "Ichika Kajimoto": "Q117545733", "Leonie M\u00e4rtens": "Q127145552", "Valeryia Puz": "Q112136415", "\u00c1ngela Mart\u00ednez": "Q125503026", "Lucie Vasquez": "Q123332071", "Silje Rongev\u00e6r Slyngstadli": "Q109576970", "Farida Samra": "Q108908191", "Gaia Pesenti": "Q112223007", "Sarah Soliman": "Q108908146", "Nour Elgendy": "Q67194866", "Josefa Morales": "Q115627996", "Jovana Kulja\u010da": "Q130253194", "Camille Tissandi\u00e9": "Q110074225", "Jiaping Li": "Q120967958", "Imene Kawthar Zitouni": "Q56640156", "Rawan Eldamaty": "Q108922676", "Laura-Liis Valdmaa": "Q124644414", "Catherine van Rensburg": "Q125125084", "Idealy Tendrinavalona": "Q85967888", "Aleksandra Ochtera": "Q107078594", "Claire Tuggle": "Q112222993", "Janna van Kooten": "Q113500082", "Leigh McMorran": "Q108900011", "Tayla Jonker": "Q124657514", "Krystalenia Yalam\u00e1": "Q112072903", "Camille Spink": "Q123244787", "Erika Gaetani": "Q112223003", "Mariangela Boichuk": "Q124037703", "Jiang Yuyan": "Q68164483", "Hannah Robertson": "Q108900045", "Lojine Hamed": "Q126177728", "Ndeye Thieufour Dieye": "Q108892703", "Hanne N\u00e6ss": "Q120435982", "Rafaela Santo": "Q108877022", "\u05e9\u05e8\u05d5\u05df \u05e9\u05d8\u05d9\u05d9\u05de\u05df": "Q66754219", "Sawsane El Gamah": "Q108874783", "Sarah Hassanin": "Q108908412", "Tabatha Avetand": "Q111547450", "Mami Adachi": "Q117536368", "Alexa Reyna": "Q111547252", "Silja Vert-M\u00f6nig": "Q127904994", "Valentina Valdivia": "Q115625872", "Simone Moll": "Q126178789", "Adelin Reg\u00e9nyi": "Q112121447", "Schastine Tabor": "Q126736768", "Justine Delmas": "Q104135142", "Zo\u00ed Kar\u00e1nyelu": "Q112074386", "Anastasiya M\u00e1rkova": "Q109488564", "Olivia Klint Ipsa": "Q126733377", "Boldizs\u00e1r Magda": "Q127685477", "Maya Werner": "Q126727777", "Mathilie Jensen Flatli": "Q120476718", "Daria Trofimova": "Q112222999", "Roc\u00edo Vargas": "Q115625870", "Diana Santamar\u00eda": "Q127260043", "Yuri Hosei": "Q112943890", "Nik\u00e9 Barta": "Q112116887", "Thilda H\u00e4ll": "Q126736661", "Carla Carr\u00f3n": "Q113686666", "Susanne Steinnes": "Q109587375", "Xeniya Ignatova": "Q122500799", "Antonia Mella": "Q115625863", "Adara Stoddard": "Q122764833", "Sudem Denizli": "Q109240554", "Federica Previtali": "Q125503268", "A\u00efchata Diabat\u00e9": "Q124625974", "Zuzanna Boruszewska": "Q107078587", "Daria Golovaty": "Q113537072", "Mary-Ambre Moluh": "Q111547310", "Lilia Sihem Midouni": "Q125981591", "Anne Holmaas Johansen": "Q120476830", "Hur Yeon-kyung": "Q130044577", "Mariama Dram\u00e9": "Q108892617", "Carine Abdelmalak": "Q108908226", "N'Hara Fernandes": "Q108922764", "Maram Souissi": "Q114198371", "Misa Okuzono": "Q117536316", "Louna Kasvio": "Q115792485", "Georgia Els": "Q125124653", "Mar\u00eda Ramos": "Q113686685", "Makelyta Singsombath": "Q121093621", "Galyah Mikel": "Q121028796", "Levenia Sim": "Q128921031", "Alexia Sotomayor": "Q124678660", "Cindy Cheung Sum-yuet": "Q117886655", "Maleek Almukthar": "Q124652619", "Carla Underwater": "Q123430928", "Vhenekai Dhemba": "Q128305247", "Giulia Rossi-Bene": "Q113612303", "Theodora Garrido": "Q115625871", "Lilla Bognar": "Q124670059", "Mashael Al Ayed": "Q128142708", "Jamila Boulakbeche": "Q114198992", "Martina R\u00f6per": "Q115625844", "Sarah Dumont": "Q126202866", "Martine Damborg": "Q113291292", "Yang Peiqi": "Q124544939", "Hannah Mouton": "Q126177370", "Grace Davison": "Q130220494", "Natalia Zaiteva": "Q124679027", "Jamie Joachim": "Q122762546", "Sofiya Abubakirova": "Q130086444", "Daniela Dyu": "Q130086367", "Sara Elsammany": "Q108908385", "Carolann Faeamani": "Q124625603", "Ionnah Douillet": "Q128597933", "Brooke Bennett": "Q125628394", "Mikayla Makwabarara": "Q128305191", "Kaltra Meca": "Q128693024", "Emmy H\u00e4llkvist": "Q123765796", "Jessica Humphrey": "Q124685560", "Agostina Hein": "Q127290955", "Alessandra Oliveira": "Q123495194", "Zhu Hui (swimmer)": "Q129874364", "Hana Beiqi": "Q128803470", "Sun Mingxia": "Q124670107", "Assita Diarra": "Q124625783", "Gong Zhenqi": "Q124544933", "Hanna Arias": "Q129513273", "Kim Seung-won (swimmer)": "Q124677454", "Elizabeth Swims": "Q112182711", "Jayne Owen Bruner": "Q3807522", "Orietta Patron": "Q3885816", "Shosh Azati": "Q6538636", "Iris Karp": "Q6575800", "Limor Mermelstein": "Q6580146", "\u05de\u05d9\u05e9\u05dc \u05e7\u05d5\u05d1\u05d9\u05df": "Q6582182", "\u05e8\u05d5\u05ea\u05dd \u05e4\u05dc\u05d3": "Q6899485", "Michelle Frota": "Q10329513", "Hanako Nagai": "Q11549840", "Birgith Reklev": "Q11961113", "Laura Azevedo": "Q11983453", "\u05dc\u05d9\u05dc\u05da \u05d0\u05e8\u05d9\u05d0\u05dc": "Q16129071", "\u05d0\u05d9\u05dc\u05ea \u05d9\u05d5\u05d8\u05d1\u05ea": "Q16131207", "\u03a3\u03c4\u03ad\u03bb\u03bb\u03b1 \u0391\u03c0\u03bf\u03c3\u03ba\u03af\u03c4\u03b7": "Q16329013", "\u039c\u03b1\u03c1\u03af\u03b1 \u03a1\u03b7\u03b3\u03bf\u03c0\u03bf\u03cd\u03bb\u03bf\u03c5": "Q16523543", "Erika Laine": "Q17305015", "\u05e0\u05d5\u05e8\u05d9\u05ea \u05e9\u05dc\u05d5": "Q18041908", "Luz Kerena L\u00f3pez": "Q18224091", "\u05d0\u05d5\u05e8\u05dc\u05d9 \u05e9\u05d7\u05dd": "Q18665680", "\u05d5\u05d9\u05d5\u05d9\u05d0\u05df \u05d7\u05e1\u05d5\u05df": "Q18674453", "Tamar Zelig": "Q18674851", "\u05d0\u05d5\u05e8\u05e0\u05d4 \u05d1\u05dc\u05db\u05de\u05df": "Q18983857", "\u05d0\u05d5\u05e4\u05d9\u05e8\u05d4 \u05d0\u05e9\u05dc": "Q20022740", "Marilia Drasidou": "Q20551751", "Katrin Dagbjartsd\u00f3ttir": "Q20606297", "\u05e0\u05e2\u05de\u05d9 \u05dc\u05d0\u05d5\u05e4\u05e8": "Q20882954", "\u05d7\u05e0\u05d4 \u05d0\u05d4\u05e8\u05d5\u05e0\u05d9": "Q20882975", "Janice \"Jenny\" Lifson-Stuart": "Q29466736", "Kelly Fertel": "Q32999181", "Lindsay Farella": "Q33528748", "Pam Sergeant": "Q38582333", "Lori Munz": "Q38667689", "Julie Majer": "Q45375766", "Julie Cooper": "Q48833820", "Kinge Zandringa": "Q51590661", "Kelly Powell": "Q56612490", "Karen Reeser": "Q56612524", "Valerie Lee": "Q56651134", "Gabriele Alexander": "Q60311446", "Kwok Ngan-hung": "Q60992332", "Tsui Shiu-ling": "Q60992335", "Chan Sin-yi": "Q60992336", "Hedla Lopes": "Q62470772", "Victoria Bierre": "Q67625344", "\u6768\u6d01\u4fcf": "Q67933756", "\u674e\u73ae": "Q67933871", "Marcella MacDonald": "Q72723604", "Jennifer Alice Watts": "Q78744500", "Wang Song-yu": "Q90088482", "Mithoo Barooah": "Q93040381", "Aderoju Ope-Ajayi": "Q99329460", "Elena Mar\u00eda Tuculet Carrau": "Q100307212", "Maree Robinson": "Q101429311", "\u0388\u03bb\u03bb\u03b7 \u03a1\u03bf\u03c5\u03c3\u03c3\u03ac\u03ba\u03b7": "Q102109234", "\u0392\u03b9\u03b2\u03ae \u03a0\u03c1\u03c9\u03c4\u03cc\u03c0\u03b1\u03c0\u03c0\u03b1": "Q102109765", "Alicia Laviaguerre": "Q102419611", "Ilg\u0131n \u00c7elik": "Q103821364", "Tomoe Ono": "Q104112551", "Silvia Hofmeister": "Q104438936", "Dunia Camacho": "Q106086490", "Elizabeth Primrose-Smith": "Q106316796", "Dacia W. Schileru": "Q107177216", "Karen Leach": "Q107479979", "Susan mckeon": "Q107978848", "Aly Tetzloff": "Q108108383", "Marieke Blomme": "Q108169584", "Mary Alale Yusuf": "Q108264670", "Mary Kuivenhoven": "Q108535195", "Quirien Jonker": "Q108562126", "Wil Verschoor": "Q108600196", "Angela Tavernier": "Q108666495", "Delphine van Opdorp-Ariens Kappers": "Q108742014", "\u00darsula Frick": "Q108791269", "Dora Rhodius": "Q108791273", "Vanna Rocco": "Q108791274", "Beatriz Rohde": "Q108791275", "Jenneke van Driel": "Q108913585", "Aimee Harrison": "Q109631565", "Farah Begum Abdullah": "Q109631689", "Jeanne Backx-de Backer": "Q110040222", "Greta Olsen": "Q110422351", "Ulla Madsen": "Q110422470", "Verena Witte": "Q110452995", "Rachel Corner": "Q110453091", "Annika Lofstedt": "Q110454199", "Ann-Christin Langmaack": "Q110454360", "Catherine Friedrich": "Q110454392", "Nele Hofmann": "Q110454417", "Birgitta Eriksson": "Q110476495", "Gabrielle Wuschek": "Q110487038", "Paula Eijk": "Q110487112", "Elisabeth Washut": "Q110487204", "Katja Hartmann": "Q110487408", "Kimberley Brown": "Q110487432", "Jennifer Hau": "Q110487455", "Laura Leideritz": "Q110487486", "Sonia Blagova": "Q110487658", "Vania Argirova": "Q110487718", "Veronica Stel": "Q110595939", "Marina Altmann": "Q110609310", "Ute Neubert": "Q110634611", "Anya Melson": "Q111147126", "Martha Jahn": "Q111171331", "Ene \u00d6pik": "Q111335580", "Lisa Wanberg": "Q111423119", "Silvia Pulfrich": "Q111423125", "Louise Tomlinson": "Q111423128", "Mary Lyn Chaing": "Q111423129", "Katie Yevak": "Q111423130", "Qin Caini": "Q111423131", "Lia Oberstar": "Q111423136", "Kristy Ellem": "Q111423138", "Samantha Mackie": "Q111423143", "Kelli King-Bednar": "Q111423145", "Emelie Kierkegaard": "Q111423150", "Lina Petersson": "Q111423151", "Sanja Dizdarevic": "Q111423152", "Lena Hallander": "Q111423153", "Jennie Lindh": "Q111423154", "Suze Valen": "Q111423155", "Jia Yuanyuan": "Q111423156", "Hitomi Maehara": "Q111423160", "Kristie Krueger": "Q111423161", "Sarah Perroni": "Q111423162", "Paige Wilson": "Q111423163", "Marta Nogu\u00e9s": "Q111423166", "Diana Simonovic": "Q111423182", "Wandy Kater": "Q111423185", "Rita L\u00e1z\u00e1r": "Q111423186", "\u00c9va Berzl\u00e1novits": "Q111423189", "Mara Data": "Q111423191", "Samantha Cavadini": "Q111423194", "Olesia Shalyguina": "Q111423198", "Margy Keefe": "Q111423200", "Marianne Hinners": "Q111423207", "Nienke Valen": "Q111423209", "Silvia Stahl": "Q111423212", "Nelly J\u00f6rgensen": "Q111423216", "Ant\u00eda Garc\u00eda Silva": "Q111423224", "Lola Caballero Fuset": "Q111423225", "Liesl Kolbisen": "Q111423231", "Ellen Stonebraker": "Q111423233", "Anna Lydall": "Q111423237", "Nicole De Man": "Q111423239", "Nicole Davey": "Q111423243", "Karine Chevrier": "Q111423245", "Whitney Phelps": "Q111423246", "Brooke Townsend": "Q111423248", "Karin Dunne": "Q111423251", "Patricia Levesque": "Q111423252", "Sachiko Miyaji": "Q111423257", "Tomoko Goza": "Q111423258", "Sally-Anne Sullivan": "Q111423259", "Alexis Larsen": "Q111423263", "Sarah Anderson": "Q111423295", "Yang Lina": "Q111429123", "Eliana Fieschi": "Q111429260", "Melissa Cunningham": "Q111429264", "Andrea Quadri": "Q111429334", "Zheng Xi": "Q111429338", "Helen Morris": "Q111537874", "Eri Nakamura": "Q111549282", "Ulrike Zauber": "Q111577566", "Sun Chunli": "Q111586701", "Miki Wakahoi": "Q111607536", "Christine Jeffrey": "Q111607541", "Joanne Currah": "Q111607544", "Jane Skillman": "Q111655345", "Julie Kole": "Q111655347", "Anne Mahoney": "Q111655350", "Dede Trimble": "Q111655352", "Stacy Cassiday": "Q111655354", "Mary Blanchard": "Q111655370", "Letitia Sim": "Q112003647", "Kamonchanok Kwanmuang": "Q112004252", "Jessica Geriane": "Q112035780", "Phiangkhwan Pawapotako": "Q112035856", "Mia Millar": "Q112041981", "Dan\u00e1i Kariori": "Q112074405", "Violeta Zuzuni": "Q112074464", "Helena Jauma": "Q112080135", "Clara Camacho": "Q112080170", "Alicia Sanz Rodr\u00edguez": "Q112116866", "Cristina Viol\u00e1n": "Q112127490", "Vera Butsel": "Q112132077", "Hanna Koutsun": "Q112132185", "Yana Kudzina": "Q112132284", "Anastasiya Navasiolava": "Q112132348", "Aliaxandra Vysotskaya": "Q112136599", "Olesia Platonova": "Q112161549", "Julia Echeberria": "Q112262258", "Emilia Luboslavova": "Q112262519", "Emily Meaney": "Q112269976", "Yarinda Sunthornrangsri": "Q112284595", "Kornkarnjana Sapianchai": "Q112284635", "Jingutha Pholjamjumrus": "Q112284735", "Dana Moore": "Q112860528", "Sara Dande": "Q112960880", "Julia Ullmann": "Q112964314", "Hollie Widdows": "Q112965387", "Ashleigh Baillie": "Q112965391", "Erin Little": "Q112965395", "Emma Croker": "Q112965441", "Martina Barbeito": "Q113044645", "Micaela Sierra": "Q113044663", "Noelle Benkler": "Q113291299", "Tamara Elekes": "Q113291305", "Florence Humble": "Q113455581", "Emine Avcu": "Q113513353", "Laine Higgins": "Q113540274", "Huguette Chaleix": "Q113555822", "Margaret Hutton": "Q113561927", "Julia Johnstone": "Q113630413", "Luisa Villar G\u00e1lvez": "Q113656948", "Lorena Torres Ronda": "Q114450785", "Doris Hart": "Q114885429", "Jos\u00e9phine Oberle": "Q115216715", "Andr\u00e9e Bonnet": "Q115218722", "Irma Burr": "Q115324797", "Alice Harlfinger": "Q115325423", "Am\u00e9lie Fricot": "Q115430888", "Henriette Delrue": "Q115434244", "Marguerite Gueth": "Q115556265", "Janet Arnold": "Q115691230", "L\u00e9onie Cornet": "Q115794830", "Nellie Treversh": "Q115795105", "Suzanne Bertrand": "Q115830289", "Laura Hardy": "Q116205683", "Suzanne Klein": "Q116257674", "Elin V\u00e4kev\u00e4": "Q116672280", "Chantal Duck": "Q116868972", "Kawthar Al-Baroudi": "Q116877001", "Mariam Bin Laden": "Q116920844", "Suzy Imbert": "Q117303762", "Gertruda Dawidowicz": "Q117462973", "Lidka Pastor": "Q117463042", "Fanny Kandl\u00f3wna": "Q117463048", "Taryn Albright": "Q120603293", "Linda Kola\u0159\u00edkov\u00e1": "Q120610371", "Gabriela Mina\u0159\u00edkov\u00e1": "Q120615354", "Aurelie Romanini": "Q122418038", "Gladys Simons": "Q122585664", "Ana Catarina Azevedo": "Q123272176", "Celina Mayumi Endo": "Q123371332", "Christiane Paquelet": "Q123371364", "Daiane Becker de Oliveira": "Q123377723", "Gabriela Albiero": "Q124431085", "Melissa Benson": "Q125467432", "Nicoletta Simonazzi": "Q125469075", "Laura Volpi": "Q125469170", "Camilla Frediani": "Q125469283", "Francesca Ferrari": "Q125534898", "Emma Magnusson": "Q127744486", "Lucero Mej\u00eda": "Q128304778", "Florencia Perotti": "Q129260101", "Leah Shackley": "Q129687149", "Aleksandra Papusha": "Q130086277", "Anett Kalatz": "Q130086337", "Angelika Jahnke": "Q130086341", "Anita Tietz": "Q130086345", "Astrid Ording": "Q130086347", "Barbara Rasch": "Q130086349", "Brigitte K\u00f6hler": "Q130086351", "Christa Wunderling": "Q130086354", "Christel Rademacher": "Q130086356", "Christina Solsky": "Q130086358", "Cora Schouten": "Q130086361", "Cornelia Johanna Mersel": "Q130086364", "Dolly Maaneman": "Q130086368", "Eleonore Lehmann": "Q130086371", "Erika M\u00f6ssler": "Q130086374", "Eva Hildebrandt": "Q130086376", "Eveline Sibinski": "Q130086379", "Heide Grein": "Q130086383", "Heide Zimmermann": "Q130086384", "Izzy Dwifaiva Hefrisyanthi": "Q130086387", "Janelle Fanzon": "Q130086389", "Josephine Bartlett": "Q130086391", "Jutta Olbrisch": "Q130086393", "Karin H\u00f6pfner": "Q130086395", "Karin Muir": "Q130086397", "Karla Linkewurde": "Q130086399", "Kerstin Kerger": "Q130086401", "Laura Schiezzari": "Q130086403", "Lotty Heniger": "Q130086405", "Margareta Rylander": "Q130086407", "Marilyn Sahner": "Q130086408", "Marlis Geisler": "Q130086411", "Marlis Pohl": "Q130086413", "Monika Hilse": "Q130086418", "Monika Seltmann": "Q130086420", "Petra Kegel": "Q130086422", "Prada Hanan Farmadini": "Q130086426", "Regina Krumbein": "Q130086428", "Rita Fiedler": "Q130086433", "Rita Tigelaar": "Q130086434", "Sabrina Bellavia": "Q130086438", "Sigrid Eberling": "Q130086440", "Silvia Langer": "Q130086442", "Tamir Gonen Cohen": "Q130086446", "Tine van Brenk": "Q130086448", "Uta Wolf": "Q130086450", "Uwe Ha\u00df": "Q130086452", "Waltraud Parchow": "Q130086457", "Wil van Breukelen": "Q130086459", "Willy Lambour": "Q130086462", "Yolanda Aggenbach": "Q130086466", "Yvonne van Kuilenburg": "Q130086468", "\u015eevval Beren Mutlu": "Q130086476"}