{"Elisabeth Willinger": "Q1330374", "Eva Bogner": "Q1379125", "Henrike Willinger": "Q1606348", "Erika Stettiner": "Q1354510", "Grete Herber": "Q1545986", "Yvonne Fayard": "Q3574193", "Erika Richter": "Q1354482", "Karin Lindberg": "Q1729492", "Ottilie Graszl": "Q2037787", "Isolde Thormeyer": "Q1440117", "Berti Capellmann": "Q828167", "Margot Gloede": "Q1229096", "Bron\u0117 Balai\u0161ien\u0117": "Q12651462", "Gerda Schlerth": "Q47010550", "Hertha Maier": "Q1614694", "Ilse Donath": "Q1659102", "Uschi Janke": "Q1668461", "Aud Aase": "Q62077520", "Lena Voultsou-Ralli": "Q28058737", "Sylvi Munkberg": "Q16363286", "Al\u00edcia Guri i Canivell": "Q27975003", "Nacha Hospital Ruaix": "Q116186870", "Hannelore Schlaf": "Q1575897", "Hilde Gr\u00f6ber": "Q1618211", "Franziska Henze": "Q1450129", "Erika Weskott": "Q1354536", "Karla Schulz": "Q1439281", "Hannelore Hanft": "Q1458375", "Waltraud Zehne": "Q114273829", "Anita Haacke": "Q549773", "Martha Behrens": "Q1903022", "Edith Santifaller": "Q1285149", "Anne Lise Fossum": "Q62063185", "Birgit Tvedt": "Q62071319", "M\u00e1ria Iv\u00e1nkay": "Q1098775", "Inge Ristock": "Q1662815", "Christiane Watel": "Q643367", "Brigitte Weigert": "Q916759", "Hedwig Wunsch": "Q91925515", "Ursel Fiedler": "Q1433049", "Renate Kohn": "Q1719777", "Liane R\u00f6del": "Q1672433", "Ursula Paulsen": "Q2501785", "Ilse Lantermann": "Q1659159", "Annegret Th\u00f6le": "Q566023", "Brigitta Terbeznik": "Q916027", "Eva Graf": "Q1306977", "Monika Wiskandt": "Q1944794", "\u5b8b\u660e\u7389": "Q16178232", "\ud669\uacc4\uc120": "Q16182392", "Yao Chu": "Q90404582", "Loukia Skrivanou": "Q48796716", "Ingrid Kriegelstein": "Q1663341", "Oda Mielenhausen": "Q2014007", "Ingrid Hollmann": "Q1663327", "Edith Lersow": "Q1285061", "Dagmar Katerbau": "Q1157292", "Edith Steinke": "Q1285175", "Sigrun Kunz": "Q1281727", "Hildegard Hintner": "Q91476151", "Ute Mittelst\u00e4dt": "Q2503051", "Marion de Groot": "Q108874383", "Berit Ommedal": "Q62060673", "Elka Gaarlandt": "Q108762033", "Waltraud Trapp": "Q2547646", "Jutta Kruse": "Q1468059", "Rosemarie Seidel": "Q2166922", "Ella Lauer": "Q112822826", "Inge Harst": "Q1662772", "Edit Buchholz": "Q1284869", "Erika Schmollinger": "Q1354490", "Monika Block": "Q1944574", "Isolde Woschee": "Q1674489", "Christa Bannach": "Q1078021", "Christa R\u00fchl": "Q1078187", "Wenche Skarstein": "Q62071326", "Cissy Morel": "Q108874392", "Heide Dauphin": "Q1341666", "Marlies Berger": "Q1902054", "Monica Bartheidel": "Q66712097", "Doris Hovest\u00e4dt": "Q1245181", "Rigmor S\u00f8rensen": "Q62067663", "Jutta Fischer": "Q104429768", "Carla Strau\u00df": "Q1041571", "Elke Richter": "Q1331570", "Marta Ana Makishi": "Q16601013", "Margrit Siebert": "Q1284390", "Irena Mik\u00f3cziov\u00e1": "Q15820391", "Martine Le Bras": "Q1630963", "Adrianna Biermaier": "Q58349404", "Theresia F\u00f6ldy": "Q2419656", "\ucd5c\uc815\uc219": "Q16173201", "Kersti K\u00fcbarsepp": "Q124339925", "Marta Hejma": "Q1902925", "Christel Lang": "Q1078311", "Jutta Trapp": "Q1714651", "Karol Otero": "Q22810670", "Almuth St\u00f6hr": "Q2649821", "Milvi Kuivkaev": "Q124311532", "Vreni Lehmann": "Q60390360", "Ellen Hennemann": "Q63362298", "Gerlinde Glatzer": "Q15812010", "Jacqueline Blanc": "Q24951708", "Wiebke Hendriksen": "Q2568198", "Brigitte Scharmacher": "Q916628", "Lena Andersson": "Q1491664", "Monika Kneip": "Q997072", "Jana Eberle": "Q1682488", "Gabriele Smekal": "Q1490589", "Chieko Ono": "Q108109868", "Patricia Germain": "Q3369102", "Monique Alber": "Q19606305", "Susanne Pedersen": "Q12337811", "Rose Diebold": "Q2166720", "Sieglinde Prell": "Q1658459", "Margit Engelmann": "Q1895281", "Eva Jeler": "Q1379242", "Ingrid Wirnsberger": "Q1663430", "Anne Schierning": "Q62077519", "Elle \u00d5un": "Q111336192", "Petra Stephan": "Q2080346", "Henriette Lotaller": "Q1606177", "Ry\u014dko Chiba": "Q11406743", "Gertrud Potocnik": "Q115932342", "Kirsten Kr\u00fcger": "Q1743638", "Ann-Christin Hellman": "Q473323", "Brigitte Thiriet": "Q916727", "Karin Kromnik": "Q1483682", "Svea Onno": "Q111341579", "Roswitha Schmitz": "Q2167954", "Sabine B\u00f6tcher": "Q104150326", "Liana Mihu\u021b": "Q1822684", "\u91d1\u5e9a\u5b50": "Q16172650", "Gabriella Szab\u00f3": "Q537455", "Carine Risch": "Q28526303", "Odile Akp\u00e9n\u00e9 D\u00e9d\u00e9 d'Almeida": "Q67582156", "Dolores Fetter": "Q1236355", "Zsuzsa Ol\u00e1h": "Q227385", "Brigitte Gropper": "Q916300", "R\u00e9gine Mac\u00e9-Quinzin": "Q3455499", "Nadine Daviaud": "Q1963316", "Monika Sedlmair": "Q1944763", "Monika Stork": "Q1414864", "B\u00e9atrice Abgrall": "Q1019357", "Beatrice Witte": "Q813268", "Carmen Witte": "Q1043735", "Anke Olschewski": "Q556829", "Margit Freiberg": "Q1397620", "Kristin Hagen": "Q62066781", "Vera Kottek": "Q2513306", "Jin-Sook Cords": "Q1689491", "Tone Folkeson": "Q2441578", "Halka Plaul": "Q1571234", "Susanne Wenzel": "Q1274570", "Maria Alboiu": "Q19295767", "Dagmar Mestchen": "Q1157300", "Ildiko Imamura": "Q15819937", "Barbara Lippens": "Q17425394", "Andrea Ullmann": "Q495208", "Irina Zapevalova": "Q42296413", "Angela Fraunheim": "Q532603", "Sonja Grefberg": "Q5403648", "Eirunn Nesset Ellefsen": "Q17057858", "Barbara Wiltsche": "Q807691", "Yunli Schreiner": "Q21031922", "Heidrun Woltjen": "Q15906730", "Judith Stumper": "Q1711083", "Conny Sauermann": "Q1126471", "Brigitte Hirzel": "Q62034901", "Tomoko Shimonaga": "Q11361407", "Annette Greisinger": "Q566573", "Anne Heidi Skutle": "Q104778865", "Nicole Dekein": "Q1986975", "Iris Albrecht": "Q1672706", "Eva Kummer": "Q1379278", "Marianne Skarpenes": "Q104778880", "Andrea Krauskopf": "Q96745417", "Sandra Busin": "Q97670905", "Hong Sun-hwa": "Q16179878", "Gabriele Kalka": "Q19283584", "Anke Heinig": "Q556779", "Katrin Heinze": "Q1736713", "Ilka B\u00f6hning": "Q1658690", "Mari-Epp Kuusmaa": "Q124323267", "M\u00f2nica Weisz Romero": "Q24255272", "Kinga Lohr": "Q991724", "Dana Weber": "Q1159239", "Sonja Rasmussen": "Q62067667", "Michaela Zillner": "Q97066067", "Marianne Blikken": "Q62071321", "Cornelia Faltermaier": "Q1133319", "Gabriella Wirth": "Q1490666", "Christiane Praedel": "Q1082790", "Lill Kristin Wennberg": "Q62066782", "\uc721\uc120\ud76c": "Q12610155", "Sylvie Plaisant": "Q1400739", "Janine Dietrich": "Q1682764", "Zhang Ling": "Q48935859", "Miyuki Nishii": "Q11629991", "Petra Fichtinger": "Q2080164", "Afef Naouar": "Q67581443", "Mona Fallgren": "Q104778893", "Pille Hiiu": "Q111355384", "Melisa Muller": "Q2541964", "Diana Bakker": "Q1994917", "Ai Sakata": "Q11425516", "Yana Timina": "Q14523536", "Jane Rodrigues": "Q11978177", "Yuka Nishii": "Q11629989", "Zuzana Polia\u010dkov\u00e1": "Q15855853", "Nacera Bouaziz": "Q67582830", "Tanja Man\u010di\u0107-Zdravkovi\u0107": "Q16380674", "Monika Neumann": "Q1944715", "\uc774\uacbd\uc120": "Q16097041", "Anne-Claire Palut": "Q2850763", "Nicole Delle": "Q1499678", "Cornelia B\u00f6ttcher": "Q1133290", "Jun Hye-kyung": "Q16174519", "Kadi Kallast": "Q124314273", "Naomi Yotsumoto": "Q5975826", "Guo Pengpeng": "Q18923110", "Marijn Verburg": "Q3010405", "Katrin Meyerh\u00f6fer": "Q1736728", "Carina Jonsson": "Q28784101", "Susanne Jonsson": "Q28799891", "Emilia Martin": "Q124066238", "Zzwitjhallim Medina": "Q114878565", "Kinga Stefa\u0144ska": "Q11739313", "Tanja Hain-Hofmann": "Q1744114", "Jing Zhang": "Q2381778", "Anne-Sophie Gourin": "Q2850928", "\uae40\uc22d\uc2e4": "Q12587890", "Nadine Bollmeier": "Q104128", "Karen Opdencamp": "Q2604887", "Jessica G\u00f6bel": "Q1688237", "Alexandra Scheld": "Q2643665", "\u00c9lisabeth Gladieux": "Q3051090", "Stine Haga": "Q105037548", "Hiroka \u014coka": "Q11434726", "Anna Benson": "Q4938221", "Wendy Schrijver": "Q2628936", "Laura Stumper": "Q1399581", "Valeria Borza": "Q15488856", "Alexandra Urban": "Q18616117", "Y\u016bko Watanabe": "Q11562540", "Chiharu Yamazaki": "Q11468169", "Midori It\u014d": "Q11379772", "Katharina Schneider": "Q1735986", "Fatimo Bisiriyu": "Q96482215", "Marina Morozova": "Q111432788", "\uae40\ud6a8\ub0a8": "Q16181990", "Nathalie Cahoreau": "Q3336550", "Carla Nouwen": "Q1894448", "Karin Lindm\u00e4e": "Q124326939", "Alexandra Chirametli": "Q2833252", "Julia S. Ovsyannikov": "Q22045864", "Yulia Prokhorova": "Q4382197", "Liu Hsing-Yin": "Q24835880", "Inna Karahodzina": "Q87897324", "Yao Tong": "Q3571843", "Anna Yuriivna Farlandskaya": "Q21600033", "Cho Ha-la": "Q108121988", "Gabriela Feher": "Q101094607", "Han Hye-song": "Q101112402", "Laura Matzke": "Q1807794", "Katharina Michajlova": "Q104621418", "\u91d1\u7f8e\u8c9e": "Q12587384", "Marte Grutle Aaseb\u00f8": "Q62071322", "Marthe Heide Nilsen": "Q62071323", "Sonja Obradovic": "Q62071324", "H\u00e9l\u00e8ne Sertznig": "Q1489690", "Monika F\u00fchrer": "Q16504480", "Rosalia St\u00e4hr": "Q15843023", "Olga Vorobyova": "Q29358738", "Saki Tashiro": "Q16999815", "Malin Pettersson": "Q4972754", "Yvonne Kaiser": "Q78360315", "Alena Dubkova": "Q17161641", "Onyinyechi Nwachukwu": "Q67582526", "Lee Hyun-ju": "Q55733532", "Choe Hyon-hwa": "Q55735070", "Widad Nouari": "Q67180818", "Kathrin M\u00fchlbach": "Q1670478", "Cristina Hirici": "Q57700822", "Valeria Kotcyur": "Q108171990", "Stella Frisca Palit": "Q65095364", "Y\u016b Amano": "Q16263767", "Li Yuheng": "Q67583228", "Liu Yu-Hsin": "Q108122794", "Katarzyna \u015alifirczyk": "Q11737119", "Stefanie Christensen": "Q104640888", "Thais Fraga Severo": "Q122961178", "Daniela Moskovits": "Q88174257", "Laura Gasnier": "Q3218685", "Kim Hye-song": "Q97924684", "Yasmin Farah": "Q8049829", "Ayuka Tanioka": "Q11632829", "Anna Blazhko": "Q18236617", "Anna Grutle Aaseb\u00f8": "Q62071318", "Katia Kessaci": "Q67180404", "Ayami Narumoto": "Q113573780", "Liu Xi": "Q113161597", "Lee Eun-hye": "Q112023622", "Ho Ying": "Q84085760", "Irina Ciobanu": "Q101088352", "Nooria Najafi": "Q104623444", "Valeria Petrova": "Q98540492", "Kim Nam-hae": "Q55728010", "Mizuki Morizono": "Q110041589", "Mar\u00eda Lorenzotti": "Q21032173", "Airi Abe": "Q16263716", "Anna Mikkjalsd\u00f3ttir": "Q18917350", "C\u00e9line Reust": "Q60240826", "Lynda Loghraibi": "Q67180521", "Alena Lemmer": "Q23564210", "Tayma' Abu Yaman": "Q94380648", "Ri Hyon-sim": "Q97970425", "Ilka Doval": "Q62077521", "M\u0259ry\u0259m \u0130manova": "Q31305284", "Kim Ha-yeong": "Q112023624", "Ghazaleh Molechel": "Q23893932", "Airi Avameri": "Q98285759", "Fan Siqi": "Q99229565", "Janina K\u00e4mmerer": "Q101235501", "Gustin Dwi Jayanti": "Q65095393", "Caroline Hajok": "Q100391946", "Y\u016bka Mimura": "Q11355758", "Nora Bagner Nilsen": "Q62077523", "Sarah Horgen": "Q105037546", "Lisa Lung": "Q108122541", "Kim Ji-ho": "Q55728379", "Luisa S\u00e4ger": "Q100304017", "Ayano I": "Q118366410", "Loa Schihin Schoug": "Q123067720", "Sofia-Xuan Zhang": "Q112236225", "Asuka Sasao": "Q38277413", "Waltraude Stummer": "Q95150551", "Renate Wyder": "Q96279877", "Franziska Weibel": "Q96337558", "Karin Albustin": "Q98088136", "Daniela Oberholzer": "Q98411031", "Edith Glanzer": "Q99533777", "Ursula Isler": "Q104414188", "Friedel Holusek": "Q104524277", "Shuohan Men": "Q113575965", "Anneliese Ratius": "Q566181", "Annemie Mann": "Q566395", "Carla Stiebner": "Q1041568", "Margret Wagner": "Q1235369", "Edith Schmidt": "Q1238795", "Edith Kwiaton": "Q1285047", "Elisabeth Maier": "Q1330118", "Erna Brell": "Q1356048", "Irmgard Juniel": "Q1437993", "Margit Wanek": "Q1442762", "Hilde Kraska": "Q1480003", "Helga Naumann": "Q1526251", "Gudrun M\u00fcller": "Q1553122", "Hanna Haering": "Q1575692", "Hannelore M\u00e4nner": "Q1575884", "Heidi M\u00fcller": "Q1594343", "Helene Klonisch": "Q1601981", "Helga Herresthal": "Q1602190", "Inge Natterer": "Q1662806", "Marina Lange": "Q1898257", "Ute Taedke": "Q2503150", "Claude Rougagnou": "Q18411170", "Alice Grandchamp": "Q19834389", "Monique Jaquet": "Q19840781", "Inge Mittelbach": "Q23059357", "Maria Klein": "Q44690123", "Yuka Umemura": "Q113671369", "Su Pei-ling": "Q100150481", "Wanling Zhang": "Q84266967", "Sabina \u0160urjan": "Q100149484", "Archana Girish Kamath": "Q99708063", "Abir Haj Salah": "Q67180919", "Andreea Dragoman": "Q99708665", "Nathaly Paredes": "Q90291949", "Laura Tiefenbrunner": "Q104621067", "Azzahra Umul Ulya": "Q94087525", "Crystal Wang": "Q98921593", "Manel Baklouti": "Q67180922", "Yangzi Liu": "Q123115642", "Ky\u014dka Idesawa": "Q90863016", "Karen Lyne": "Q84082833", "Yumeno S\u014dma": "Q105258982", "Leth\u00edcia Rodrigues Lacerda": "Q123015489", "Martine Toftaker": "Q113677529", "Luh Gede Ari Sukma Sari": "Q65031162", "Isna Syafira Khalif Ilma": "Q65095354", "Sakura Yokoi": "Q108776991", "Haruna Ojio": "Q109926917", "Christine Kalvatn": "Q125197745", "Matilde Pinto": "Q113630137", "Annett Kaufmann": "Q108805919", "Anisa Nur Aini": "Q65095350", "Hana Yoshimoto": "Q112238903", "Rin Mende": "Q113671411", "Lorena Morsch": "Q124419954", "Hanna B\u00fcldge": "Q1575675", "Yumi Aoike": "Q11662575", "\u738b\u6676": "Q13164137", "Cha Kyong-mi": "Q13761788", "O Yong-suk": "Q13761818", "Ri Mi-suk": "Q13809911", "\u30a4\u30e0\u30fb\u30c6\u30d2": "Q16166436", "\ubc15\uc815\uc790": "Q16175624", "Kim Jin-hui": "Q16179822", "\uc2e0\uc601\uc790": "Q21059075", "Dionysia Vimes": "Q28061698", "Maria Louka": "Q48894526", "Emilia Skrivanou": "Q48915146", "\u5f35\u8594 (\u4e52\u4e53\u6ce2\u904b\u52d5\u54e1)": "Q55718794", "Divya Deshpande": "Q65926489", "Chen Yueh": "Q90400121", "Anne Bundesmann": "Q104620259", "Jennie Wolf": "Q104620562", "Jule Wirlmann": "Q104620730", "Anja Schuh": "Q104621193", "Lotta Rose": "Q104621327", "Sarah Mantz": "Q104621520", "Eva-Maria Maier": "Q104621776", "Anna Krieghoff": "Q104622081", "Theresa Kraft": "Q104622821", "Jana Kirner": "Q104623021", "Julia Kaim": "Q104623050", "Madeline Goodsell": "Q104624549", "Marsha Guseva": "Q104629637", "Georgina Newton": "Q104629702", "Holly Nicolas": "Q104629766", "Chermaine Quah": "Q104629782", "Sarah Tan": "Q104640826", "Rie Wada": "Q108109722", "Keiko Yamashita": "Q108109872", "Yoshiko Murakami": "Q108110033", "Kumiko Nagahara": "Q108110506", "Rika Suzuki": "Q108177940", "Fujiko Sat\u014d": "Q108776558", "Satomi Yamashita": "Q108776760", "Chiyoko Yamamoto": "Q108776783", "Miki Kitsukawa": "Q108777000", "Jenneke van Driel": "Q108913585", "Reiko Ishihara": "Q108946639", "Yumiko Kamakura": "Q108948503", "Fumiko Ono": "Q108949174", "Dennis Post": "Q109070766", "Maria Artsetou": "Q109334662", "Aryiri Malliarou": "Q109334688", "Lin Po-Hsuan": "Q110041667", "Kyoka Kat\u014d": "Q110041690", "Afaf Bilal": "Q110041701", "Maha Abdulridha Faramarzi": "Q110476529", "Margit Tamm": "Q111357289", "Konstantina Paridi": "Q113147283", "Katerina Toliou": "Q113147295", "Elisavet Terpou": "Q113147786", "Emine Ernst": "Q114836962", "Boitshwarelo Butale": "Q116867585", "Bianca Mei-Ro\u015fu": "Q117744883", "Gerd Johnson": "Q117757814", "Na'ila Nasr": "Q123702386", "Josephina Neumann": "Q124414971"}