{"Jessica Shortall": "Q23783057", "Ann Cooper": "Q23782708", "Rita F. Pierson": "Q23671271", "Cristina Domenech": "Q23769089", "Fields Wicker-Miurin": "Q23783216", "Rachelle Garniez": "Q18397247", "Kiran Bir Sethi": "Q17089348", "Monika Bulaj": "Q3860861", "Elizabeth Lev": "Q24040890", "Meg Jay": "Q23670504", "Mindy Scheier": "Q73482980", "Sheila Patek": "Q23797211", "Caroline Phillips": "Q23797623", "Frances Larson": "Q23782707", "Rachel Botsman": "Q20995290", "Aparna Rao": "Q23657177", "Sarah Kaminsky": "Q23797164", "Daria van den Bercken": "Q1165874", "Kate Hartman": "Q23784307", "Chelsea Shields": "Q21285550", "Christina Wallace": "Q64853888", "Jennifer Kahn": "Q61138464", "Fatima AlZahra'a Alatraktchi": "Q42791593", "L\u00fddia Machov\u00e1": "Q91830904", "Natalie Cargill": "Q126278106", "Ellen St\u00f8kken Dahl": "Q78906351", "Genevieve von Petzinger": "Q23760544", "Sandrine Thuret": "Q23782729", "Dina Zielinski": "Q28976249", "Naoko Ishii": "Q11584846", "Dyan deNapoli": "Q23656142", "Amy Lockwood": "Q23656175", "Jessi Arrington": "Q23656726", "Nathalie Miebach": "Q23656749", "Anna Mracek Dietrich": "Q23656753", "Natalie Warne": "Q23656760", "Britta Riley": "Q23656783", "Leslie Dodson": "Q23656887", "Quyen Nguyen": "Q23657089", "Sandra Fisher-Martins": "Q23657109", "Annie Murphy Paul": "Q23657111", "Jew": "Q23657121", "Ramona Pierson": "Q23657180", "Julie Burstein": "Q23657214", "Michelle Borkin": "Q23661627", "Lisa Harouni": "Q23661649", "C. Noel Bairey Merz": "Q23662175", "Erica Frenkel": "Q23662179", "Karen Bass": "Q23662231", "Becci Manson": "Q23662243", "Melissa Garren": "Q23662348", "Tamara Roukaerts": "Q23662544", "Diane Kelly": "Q23662554", "Allison Hunt": "Q23662577", "Doris Kim Sung": "Q23662639", "Faith Jegede": "Q23662658", "Catarina Mota": "Q23662763", "Candy Chang": "Q23662781", "Hannah Brencher": "Q23662784", "Caitria O'Neill": "Q23662822", "Morgan O'Neill": "Q23662833", "Megan Kamerick": "Q23662848", "Melissa Marshall": "Q23662916", "Penelope Jagessar Chaffer": "Q23662947", "Alanna Shaikh": "Q23663053", "Vicki Arroyo": "Q23663066", "Annette Heuser": "Q23670515", "Sandra Aamodt": "Q23670660", "Nilofer Merchant": "Q23670940", "Maria Bezaitis": "Q23671015", "Pearl Arredondo": "Q23671263", "Judy MacDonald Johnston": "Q23671268", "Yuyu Rau": "Q23712653", "Kelli Swazey": "Q23712681", "Eleanor Longden": "Q23712765", "Lisa Bu": "Q23712829", "Jennifer Healey": "Q23713350", "Robin Nagle": "Q23713828", "Tania Luna": "Q23714031", "Geraldine Hamilton": "Q23727544", "Toni Griffin": "Q23727824", "Suzanne Talhouk": "Q23727927", "Ash Beckham": "Q23727967", "Del Harvey": "Q23727975", "Roselinde Torres": "Q23728320", "Adrianne Haslet-Davis": "Q23728757", "Joy Sun": "Q23729164", "Jackie Savitz": "Q23729170", "Jill Shargaa": "Q23759545", "Eman Mohammed": "Q23759555", "Gail Reed": "Q23759565", "Myriam Sidibe": "Q23759569", "Susan Etlinger": "Q23759572", "Alessandra Orofino": "Q23759674", "Meaghan Ramsey": "Q23759676", "Debra Jarvis": "Q23759731", "Kare Anderson": "Q23759742", "Alisa Miller": "Q23759747", "Marisa Fick-Jordan": "Q23760166", "Robyn Stein DeLuca": "Q23760207", "Linda Cliatt-Wayman": "Q23760269", "Kristen Marhaver": "Q23760564", "Margaret Gould Stewart": "Q23765418", "Nancy Frates": "Q23768711", "Khadija Gbla": "Q23769225", "Romina Libster": "Q23769241", "Susan Colantuono": "Q23769279", "Noy Thrupkaew": "Q23769298", "Stacey Baker": "Q23769382", "Morgana Bailey": "Q23769521", "Benedetta Berti": "Q23769525", "Laura Trice": "Q23769557", "Aspen Baker": "Q23782514", "Alix Generous": "Q23782666", "Mandy Len Catron": "Q23782698", "Emilie Wapnick": "Q23782719", "Alyson McGregor": "Q23782900", "Ann Morgan": "Q23783053", "Regina Hartley": "Q23783055", "Qi Zhang": "Q23783069", "Carolyn Steel": "Q23783079", "Rachel Pike": "Q23783093", "Cat Laine": "Q23783406", "Patricia Ryan": "Q23784397", "Ali Carr-Chellman": "Q23784887", "Inge Missmahl": "Q23795297", "Miwa Matreyek": "Q23795336", "Johanna Blakley": "Q23795344", "Rachel Armstrong": "Q23795664", "Becky Blanton": "Q23795670", "Katherine Fulton": "Q23795674", "Stefana Broadbent": "Q23795676", "Kim Gorgens": "Q23795688", "Diana Laufenberg": "Q23796030", "Stacey Kramer": "Q23796642", "Heather Knight": "Q23797061", "Lauren Zalaznick": "Q23797175", "Deborah Rhodes": "Q23797192", "Diane Benscoter": "Q23797204", "Nora York": "Q23797707", "Lisa Margonelli": "Q23797751", "Naomi Shah": "Q23798128", "Lauren Hodge": "Q23798375", "McKenna Pope": "Q23798616", "Amy O'Toole": "Q23798804", "Martina Flor": "Q30754553", "Karen G. Lloyd": "Q43199273", "Kate A Stafford": "Q46805725", "Mennat El Ghalid": "Q54956679", "Wendy Troxel": "Q56026002", "Christine L. Porath": "Q56647253", "Poppy Crum": "Q56882240", "Natasha Hurley-Walker": "Q57201099", "Anjali Tripathi": "Q60195513", "Carrie Poppy": "Q61719716", "Luhan Yang": "Q68704888", "Suzanne Barakat": "Q70058784", "Henna-Maria Uusitupa": "Q78849966", "Magda Sayeg": "Q84076056", "Rebecca A Brachman": "Q86113114", "Kaitlyn Sadtler": "Q88258658", "Giada Gerboni": "Q88420518", "Irina Kareva": "Q89307223", "Laura Galante": "Q90497004", "Nora E. Atkinson": "Q92203204", "Chika Ezeanya Esiobu": "Q99432535", "Margaret Bourdeaux": "Q101242984", "Neha Narula": "Q102962826", "Ines J. Pedras": "Q104034316", "Juliet K Brophy": "Q104130163", "Priya Parker": "Q106904404", "Catherine Price": "Q123700709", "Yifat Susskind": "Q129739802"}