{"Eulogia Rom\u00e1n": "Q8846226", "Mar\u00eda Ram\u00edrez": "Q9030141", "Mar\u00eda Barzola": "Q56512119", "Lu\u010dka B\u00f6hm": "Q106363725", "Pauline Staegemann": "Q1607278", "Isabel Vil\u00e0 i Pujol": "Q11926868", "Hanna J\u00f6nsson": "Q98545647", "Mary Atkinson": "Q56612706", "Francesca Vidal i Tous": "Q20100595", "S\u00e9raphine Pajaud": "Q96374119", "Lycinka Hansen": "Q62080996", "Marie Villinger": "Q1897510", "Hannah Parker Kimball": "Q106827287", "Elisa Augier": "Q55994570", "Nelly Hansen": "Q62081294", "Rosa Leroy": "Q112981044", "Ida Altmann": "Q1656481", "Therese Studer": "Q2419630", "Anna Marie Frederikke Hansen": "Q62079544", "Hedwig Fuchs": "Q1593337", "Johanne Petersen": "Q62080645", "Annie Creo Stanley": "Q21535651", "Stanis\u0142awa Abramowska": "Q11836248", "Claire Fouque": "Q55996067", "Anna Jensen": "Q62079460", "Anna Johansen": "Q62079485", "Gustava Hjort": "Q119982249", "Andrea Brochmann": "Q19786807", "Margrethe Koch": "Q62027337", "Marguerite Bodin": "Q42562795", "Marie Louise Huchet": "Q101429825", "Caroline Amblard": "Q55979415", "Hilma Pettersson": "Q98545705", "Magdalene Moos": "Q62081014", "Anna S\u00e4rstr\u00f6m": "Q50680607", "Else Kolshorn": "Q55389900", "Elisabeth Zundel": "Q1330387", "Olga Lagerstam": "Q111586677", "Alvilda Andersen": "Q18646893", "Elisabeth Andersson": "Q124333216", "Augustine Aubertin": "Q111154977", "Margarete Wolff": "Q64176121", "Sientje Prijes": "Q23085593", "Marthe de Kerchove": "Q16439052", "Marie Stephansen": "Q62081192", "Sofie Rasmussen": "Q18647394", "Laure Pauline Emilie Br\u00e9chot": "Q112155457", "Marthe Pichorel": "Q3295207", "Anne Marie Lind S\u00f8rensen": "Q62079581", "\u00c9lisabeth Fuss-Amor\u00e9": "Q105335762", "Mary Hopkinson": "Q105321376", "Tim\u00e1r Szer\u00e9na": "Q21572179", "Johanne Marie Christine Hauch Fenger": "Q62080636", "Maria Giudice": "Q24276237", "Kristine Rasmine Jensen": "Q62080828", "Lucia Loch": "Q115098003", "Tonia Stieltjes": "Q61885736", "Andr\u00e9e Butillard": "Q2848932", "Rosa Lee Guard": "Q97836965", "Gertrud Israel": "Q106861499", "F\u00e9licie Erpelding-Schlesser": "Q87142078", "Laura Eggers": "Q62080832", "Gudrun Bod\u00f8": "Q18646919", "Amalia Fraguela": "Q29168874", "Aino Pesonen": "Q63140397", "Anna Johanne Andersen": "Q62079468", "Clara Mleinek": "Q95207254", "Malke Schorr": "Q19843423", "Juana Va\u00f1o Morales": "Q106232420", "Andrea J\u00f8rgensen": "Q62079282", "Victoire Cappe": "Q2644017", "Dolores Garc\u00eda-Negrete Ruiz Zarco": "Q64502243", "Jos\u00e9phine Pencalet": "Q21027411", "Anna Herlevsen": "Q62079435", "Maria Halarczyk": "Q14918076", "Andrea Eriksen": "Q62079269", "Katharina M\u00fcller": "Q94777377", "Florencia Fossatti": "Q47483834", "Claudina Garc\u00eda P\u00e9rez": "Q101535471", "Signe Aurell": "Q97773881", "Jeanne Fanonnel": "Q59608934", "H\u00e9l\u00e8ne Burniaux": "Q117395314", "P\u00e1ln\u00e9 Knur": "Q130270627", "Cl\u00e9mence Jusselin": "Q63340059", "Teresa Flores": "Q30901971", "Cesira Fiori": "Q55227667", "Minna Rasmussen": "Q62081262", "Fanny Syd\u00e4nmaa": "Q63150481", "Johanna Niederhellmann": "Q1696990", "Ad\u00e8le Lecoq": "Q2825434", "Anna Kolt\u00f3i": "Q1115782", "Agnes M\u00f6hrke": "Q94737945", "Juana Julia Guzm\u00e1n": "Q107302604", "Jewgenija Nikolajewna Jegorowa": "Q1688706", "Anna Cathrine Rasmussen": "Q62079388", "Margrethe Jensen": "Q62081069", "Georgette Dreyfus-Gu\u00e9guen": "Q65683783", "Rigmor Berthelsen": "Q62081364", "Elisabeth With": "Q62079891", "Hilma Toivola": "Q111511933", "Cecelia Moore Shelley": "Q21536130", "Victoriana Herrero Barroso": "Q117290093", "Carmel Nyhan": "Q21536100", "Encarnaci\u00f3 Llorens P\u00e9rez": "Q65204364", "Yvonne Clavel": "Q107190364", "Bertha Heimberg": "Q827713", "Emilia Arraiza Gar\u00edn": "Q125611050", "Teresa Sales Beltr\u00e1n": "Q20006652", "Pilar Fern\u00e1ndez Seijo": "Q98069704", "Maren Sofie Vilhelmine Pedersen": "Q4972224", "Mar\u00eda Arcelia D\u00edaz": "Q62602284", "Minna D\u00f6lz": "Q15835291", "Julia Lamote": "Q13739890", "Charlotte Todes": "Q100328271", "Maria Luisa de la Presa": "Q89189781", "Lily Becker": "Q16438890", "Teresa Gim\u00e9nez Selma": "Q28916353", "Helyett Simonsen": "Q62080196", "Suzanne Gallois": "Q99207013", "Anna Zammert": "Q563673", "Ana Par\u00eds Garc\u00eda": "Q97958731", "Andr\u00e9e Limbour": "Q66501625", "Madeleine Goudet": "Q95559894", "Gertrud Piter": "Q1515653", "Magda Th\u00fcrey": "Q1770608", "Almerinda Farias Gama": "Q16529077", "Rosi Gr\u00e4tzer": "Q23059414", "Zinka Weinberger - Maslo": "Q124373131", "Erna Cz\u00f6vek": "Q12347140", "Carmen Juan Mas": "Q21081338", "Estela Boc\u00e1ngel Montesinos": "Q111223263", "Marika Andronicus": "Q12880728", "Maria Madsen": "Q62081091", "Carmen G\u00f3ngora L\u00f3pez": "Q99500008", "Rudolfine Muhr": "Q15843297", "Maria Rius": "Q16943226", "C\u00e8lia Valls": "Q20908963", "N\u00e9lida Chela Fontora": "Q118322725", "Mar\u00eda Salceda Elvira G\u00f3mez": "Q6004548", "Yvette Charpentier": "Q59328334", "Lise Louisa Vuille": "Q124801093", "Maria Leibetseder": "Q15833884", "Giovanna Boccalini Barcellona": "Q122789694", "Edith Olsen": "Q18647352", "Toshio Takai": "Q100454481", "Virg\u00ednia Amposta Amposta": "Q20102224", "Hagiko Umezu": "Q100454474", "Amparo Baray\u00f3n": "Q8197732", "Ruth Hermann": "Q12334010", "Louise L'Huillier": "Q99654418", "Mar\u00eda Araujo Mart\u00ednez": "Q12393026", "Simone Troisgros": "Q50822413", "Dolors Prat Coll": "Q56400769", "Philom\u00e8ne Magnin": "Q63136336", "Mar\u00eda Guadalupe Mart\u00ednez de Hern\u00e1ndez Loza": "Q120793890", "Germaine Guill\u00e9": "Q118463777", "Liu Qunxian": "Q99988622", "Margit Fogh Jensen": "Q62081042", "Erika Vogel": "Q1354530", "Ella Jensen": "Q62079906", "Marija Tom\u0161i\u010d": "Q124896548", "Cherifa Messadi": "Q113501878", "Stina Sandels": "Q4976863", "Anke Weidema": "Q74103335", "Margalida Roig  Colomar": "Q20005625", "Josepa Abell\u00e0 Pall\u00e0s": "Q56685478", "Belarmina Suarez Muniz": "Q106768862", "Kosztka Antaln\u00e9": "Q121300609", "Jadwiga Kwieci\u0144ska": "Q11715917", "Julia L. Maietta": "Q94411962", "Suzanne Charpy": "Q27928721", "Jadwiga Zubrycka": "Q11716003", "Josefa Barreiro Gonz\u00e1lez": "Q113565334", "Alison Hilma Cranley": "Q21535485", "Mar\u00eda Jes\u00fas Guirado Ibarra": "Q110740275", "Rosa M. Eyer": "Q105309950", "Dolors Piera": "Q11917598", "Am\u00e8lia Jover Velasco": "Q21081287", "Dagmar Andreasen": "Q12307019", "Anna Sugra\u00f1es Boix": "Q47009189", "Wanda Krowicka": "Q9370802", "Yordanka Chankowa": "Q12282225", "Nieves Fariza Alonso": "Q30608445", "Emily Rosdolsky": "Q87706", "Caterina Cicetti": "Q116925737", "Jane Benedict": "Q126364689", "Salud Torres D\u00edaz": "Q65920604", "Irmgard L\u00f6we": "Q124078773", "Derna Scandali": "Q106498734", "Toni Gr\u00f8n": "Q18647067", "Mathilde Filloz": "Q99654412", "Joaquina Charro G\u00f3mez": "Q115683501", "Ingeborg T\u00f6nnesen": "Q20980112", "Maria Burgi": "Q13422642", "Dulce del Moral": "Q16492111", "Zofia Wieczorek": "Q9391884", "Olga Tournade": "Q118386294", "Rosa Ziperovich": "Q6112259", "Jean Gundlach": "Q105321367", "K\u00e4te Bombach": "Q18683991", "Betty Papworth": "Q111551403", "Janine Sochaczewska": "Q122983936", "Moril Fontaine": "Q42722885", "Maria Francisca van Puijenbroek": "Q51320805", "Lore Henkel": "Q47499940", "Anna Posselt": "Q18747009", "Dolores Pe\u00f1alver Valenzuela": "Q81906119", "Trinitat Revolt\u00f3 Cervell\u00f3": "Q107998920", "Vicky Starr": "Q108680616", "Anita Garb\u00edn": "Q121409771", "Olga Vrabi\u010d": "Q12797901", "Josefine Oschmalz": "Q15821769", "Olga Bakola": "Q31284044", "Pepita Reimundi": "Q19301431", "Anny Bengtsson": "Q62079617", "Manola Rodr\u00edguez L\u00e1zaro": "Q116766741", "Paulina Amengual Payeras": "Q20006178", "Gis\u00e8le Joann\u00e8s": "Q41673241", "Jacqueline Quatremaire": "Q122615098", "Eugenia Gonz\u00e1lez Ramos": "Q24036222", "Pura P\u00e9rez Benavent": "Q21001401", "Desideria Gim\u00e9nez Moner": "Q85966465", "Maria Weber": "Q1896415", "Adja Rose Basse": "Q98094834", "Gertrude Wondrack": "Q1515799", "Elisabeth Giersiepen": "Q15807813", "Mar\u00eda Salvo": "Q11935479", "Pura Fern\u00e1ndez Garc\u00eda": "Q11944062", "Concepci\u00f3n P\u00e9rez Rivas": "Q21001404", "Irmgard Kroymann": "Q116498495", "Jeanne Duval": "Q54868266", "Georgette Althusser": "Q59780233", "Ada Del Vecchio": "Q96234420", "Carme Casas Godessart": "Q16187828", "Annita Malavasi": "Q59359841", "Inga Olsen": "Q62080259", "J\u00e1nosn\u00e9 Bug\u00e1r": "Q122168034", "Hedwig Haschke": "Q20065388", "Maria Arciszewska": "Q11768702", "Mead Smith Karras": "Q99327033", "Am\u00e9lie Bleibtreu": "Q99654408", "Charlotte Hauglustaine": "Q62019715", "Elisabeth Mattisson": "Q105265205", "Marija Seli\u010d": "Q121461273", "Gertruda Przybylska": "Q9267595", "Guillermina Peir\u00f3 i Olives": "Q105810836", "Jeannette Laot": "Q16645660", "Waltraud Steinhauer": "Q2547645", "Tilka Blaha": "Q12804134", "Henriette Moissonnier": "Q107239735", "Marie Kabrhelov\u00e1": "Q12035415", "Camille Senon": "Q24266378", "Ren\u00e9e Gauthier": "Q99654413", "Anna Mostovaya": "Q61483340", "Teresina Degan": "Q21543280", "Daniela Kruszy\u0144ska": "Q29016423", "Celestina Marr\u00f3n": "Q63970110", "Eliana Giorli La Rosa": "Q110069150", "Anna Maria Ciai Trivelli": "Q109497730", "Aude Pacchioni": "Q63184765", "Ruth L\u00f8jbert": "Q18647239", "Alojza Koz\u0142owska": "Q29078982", "Jone Bagnoli": "Q105741479", "Elfriede Bode": "Q6452206", "Marija Ivanovna Neoepokoeva": "Q18045111", "Hansine Lyberth": "Q62080151", "Isotta Gaeta": "Q105730663", "Irmgard Bl\u00e4ttel": "Q95212318", "Pilar Espu\u00f1a i Dom\u00e8nech": "Q19301593", "Justine Goy": "Q99654415", "\u00c1ngela Bravo Ortega": "Q21584267", "Stanka Hrovatin": "Q61614903", "Ljudmila Pavlovna Romanova": "Q4397222", "Lajosn\u00e9 Duschek": "Q122067446", "Joha\u00f1e Pitrau": "Q12260459", "Georgette Vacher": "Q60673620", "So-s\u014fn Yi": "Q16178678", "Lucienne No\u00ebl": "Q118467683", "Jeannine Marquant": "Q99654425", "Clara Beno\u00eets": "Q99654407", "Valentina Nikolaevna Pletnjova": "Q4364914", "Oralia Couti\u00f1o Ruiz": "Q123913928", "Annie Massay": "Q124809716", "Hedwig Westphal": "Q1593419", "Barbara Natorska": "Q29828999", "Lina Cretet": "Q123102392", "Margaretha Obenaus": "Q15833842", "Chantal Rogerat": "Q89881528", "Zofia Bartkiewicz": "Q9391708", "Acela Serv\u00edn Murrieta": "Q115048902", "Jeannette Deweirder": "Q90573697", "Philomena Sahoye-Shury": "Q114903102", "Maria Isabel Roig i Fransitorra": "Q104903768", "Ingelore Pilwousek": "Q2731052", "Donatella Turtura": "Q116976709", "Roser Poveda Pastor": "Q109292722", "Daniela Kwiatkowska": "Q11692810", "Margarida Maria Alves": "Q10325607", "Zorayda Bernal Pi\u00f1a": "Q122568544", "Gertruda Orlacz": "Q11699721", "Annelis Kimmel": "Q15438791", "Th\u00e9r\u00e8se Girardon": "Q116071236", "Lucyna Wielechowicz": "Q11763381", "Fattouma Namla": "Q113501865", "Iris Barbara Merrill": "Q116448336", "Ewa Su\u0142kowska-Bierezin": "Q11697436", "El\u017cbieta Seferowicz": "Q9253259", "Norma L. Kelsey": "Q105330424", "Zofia Radzikowska": "Q9391844", "Zdzis\u0142awa Gnoi\u0144ska": "Q9389929", "Urszula Garwoli\u0144ska": "Q9367166", "M\u00e1ria \u00c1rvai": "Q106485401", "Danuta Duda": "Q9201626", "Liliane Valceschini": "Q27765164", "Marina Leticia Vilte": "Q30902898", "Galina Fedyanova": "Q16471371", "Liselotte Knudsen": "Q62080884", "Janina Szczupak": "Q28922113", "Claudine Rey": "Q99534387", "Dorota Dancewicz": "Q9210160", "Elvira Mondrag\u00f3n Sorribes": "Q64224943", "Annette Bon": "Q115256484", "Anna Zalewska": "Q9155830", "Joanna Duda-Gwiazda": "Q11727404", "G. I\ufe20A\ufe21. Rakitskai\ufe20a\ufe21": "Q16335502", "Bo\u017cenna Kuc": "Q9178456", "Inge Fischer M\u00f8ller": "Q4357602", "Deolide Carmen G\u00f3mez de Bertone": "Q18888559", "Christel Beslmeisl": "Q1078273", "Judit Cseh\u00e1k": "Q15838619", "\u041c\u0438\u0440\u043e\u0448\u043d\u0438\u043a\u043e\u0432\u0430, \u0410\u043d\u043d\u0430 \u042f\u043a\u043e\u0432\u043b\u0435\u0432\u043d\u0430": "Q65198787", "Hilda Luisa Valdemar Lima": "Q120212131", "Pilar Ferran Hern\u00e1ndez": "Q17625108", "Yekaterina Demidova": "Q4157504", "Lone Christensen": "Q62080890", "Marta Maffei": "Q54024357", "Teresa Jasztal": "Q9357301", "Shirley Ware": "Q116448349", "Tuulikki Kannisto": "Q54824498", "Monique Vuaillat": "Q3320943", "Diamantina Reyes Esparza": "Q17274790", "Ewa Choroma\u0144ska-Perczy\u0144ska": "Q24431209", "Karen Brodkin": "Q65325348", "Krystyna Helena Sienkiewicz": "Q11748693", "Rosa Mar\u00eda Fern\u00e1ndez Garc\u00eda": "Q108175121", "Francisca Benabent Fuentes": "Q20103633", "Hedda Kainz": "Q1444967", "Margit Vognsen": "Q62081046", "Joanna Radecka": "Q24428615", "Janina Go\u015bciej": "Q11719806", "Evi Veesaar": "Q65264316", "Marilee France": "Q110714777", "Anne-Fran\u00e7oise Theunissen": "Q17350965", "Fiorella Farinelli": "Q7000880", "Joanna Pilarska": "Q19697953", "Gisela H\u00fclsbergen": "Q110638122", "Elske ter Veld": "Q2141189", "Anna Hedborg": "Q4953085", "Bozena Banachowicz": "Q21293862", "Jutta Schmidt": "Q110944842", "Sybille Stamm": "Q105816070", "Regina Paw\u0142owska": "Q9305393", "Lillian Knudsen": "Q18647150", "Helga Mausch": "Q20687274", "Grete Sch\u00f8dts": "Q12314298", "Teresa de Rito": "Q116312753", "Emiliana Salinas Navarro": "Q117536756", "Genevi\u00e8ve Legay": "Q104665689", "Mar\u00eda Rosa Verd\u00fa Alonso": "Q11935764", "Claudette Carbonneau": "Q2978376", "Ana Miranda de Lage": "Q3817110", "Ma\u00eft\u00e9 Demons": "Q3303424", "Wanda Kledzik": "Q9370791", "Katalin Fodorn\u00e9 Birg\u00e9s": "Q121698086", "Lola Liceras": "Q5978456", "Adele Grisendi": "Q83632283", "Franca Donaggio": "Q3749294", "Martine Le Gal": "Q2309846", "Odile Nave": "Q20035468", "Dolors Torrent i Rius": "Q17037046", "Alicja Lis": "Q11685399", "Dilia van der Heem-Wagemakers": "Q2207760", "Danuta Ciborowska": "Q9201621", "Yanka Takeva": "Q12299734", "Carla Cantone": "Q52418868", "Ursula Gaillard": "Q3552483", "Barbara Czy\u017c": "Q9165330", "Marie-Annick Mathieu": "Q123702758", "Maria Kleitz-\u017b\u00f3\u0142towska": "Q11768950", "Zofia Witkowska": "Q9391889", "Olga Bandelj": "Q12797902", "Ingrid Sehrbrock": "Q1663398", "Randi Reese": "Q11997096", "Margret M\u00f6nig-Raane": "Q1229929", "Judie Alison": "Q104639552", "Jadwiga Stokarska": "Q11715978", "Moriana Hern\u00e1ndez": "Q114246930", "Ingrid Halskov Stage": "Q12318371", "Bego\u00f1a San Jos\u00e9": "Q23013907", "Conchi Castellanos Remesal": "Q24074961", "Maria da Penha Nascimento Silva": "Q105238418", "Gita Gr\u00fcning": "Q12313920", "Karin Roth": "Q1729536", "Rosa Fabi\u00e1n Mart\u00ednez": "Q19301777", "Ewa Spychalska": "Q9256854", "Renate Wouden": "Q117213595", "Ewa Zaleska": "Q9256901", "Cristina Piris": "Q11916121", "Anita Kristoffersen Solhaug": "Q11958132", "Mar\u00eda Elena Naddeo": "Q16301631", "Gl\u00f2ria Marcos i Mart\u00ed": "Q3109398", "Nicoletta Rocchi": "Q3876489", "Urszula Paj\u0105k": "Q9367196", "Regina G\u00f6rner": "Q2137860", "Ewa Ho\u0142uszko": "Q9256681", "Anne-Marie Salmon-Verbayst": "Q17497053", "Nair Goulart": "Q2231466", "Marga Sanz Alonso": "Q2585842", "Elsa Quiroz": "Q5830024", "Dolors P\u00e9rez i Mart\u00ed": "Q11917605", "Mar\u00eda Jos\u00e9 V\u00e1zquez Arias": "Q19301082", "Anna R\u00e9v\u00e9szn\u00e9 K\u00e9ri": "Q124310731", "Mette Kolsrud": "Q17100132", "Ewa Lewicka-Banaszak": "Q9256745", "Josefina Villaflor": "Q25409871", "Irena Szczygielska": "Q11713844", "Alessandra Zendron": "Q1674184", "Krystyna Cencek": "Q11748663", "Maria Rovira i Duran": "Q11935482", "Ramona Fuentes Arias": "Q45042118", "Milagros Hern\u00e1ndez": "Q61641165", "Dani\u00e8le Czalczynski": "Q124034460", "Elisabeth Grimling": "Q1329948", "Paloma Rocasolano Rodr\u00edguez": "Q76290509", "Jackie Boschok": "Q105309885", "Inmaculada Sabater Llorens": "Q17036725", "Rosita Paredes": "Q51111807", "\u00c9lizabeth Bagault": "Q113966665", "Isabel Auni\u00f3n Morro": "Q28913650", "Aldona Balsien\u0117": "Q2640534", "Longina Kaczmarska": "Q21529714", "Marya Alijeva": "Q16556683", "Carmen Cana Mo\u00f1ita": "Q21001139", "Mar\u00eda del Carmen Toro Mart\u00edn": "Q52145936", "Maria Mosbacher": "Q15833889", "Maryse Dumas": "Q3296320", "Luisa Gnecchi": "Q1876572", "Sarah Veale": "Q107157052", "Louisette Battais": "Q50384183", "Desir\u00e9e Duijkers": "Q2628251", "Annick Coup\u00e9": "Q2401050", "Isabel L\u00f3pez i Chamosa": "Q11926864", "Concha Espinosa": "Q5780967", "Priscilla Carrow": "Q93297721", "Mar\u00eda Olaia Fern\u00e1ndez D\u00e1vila": "Q11935765", "Isolde Kunkel-Weber": "Q1306288", "Rosa Bassave": "Q12399252", "Marlis Tepe": "Q15834109", "Roswitha Bachner": "Q2167926", "Catelene Passchier": "Q27651691", "Jutta Blankau": "Q1714585", "Renate Cs\u00f6rgits": "Q1377501", "Suzanne Tremblay": "Q103085568", "Dwora Stein": "Q111579749", "Merc\u00e8 Claramunt Bielsa": "Q50355967", "Merc\u00e8 G\u00f3mez Llobregat": "Q63195473", "Luz Marina Hache": "Q108676026", "Jette S\u00f8e": "Q119951654", "Susanne Stumpenhusen": "Q6568889", "Merc\u00e8 Civit i Illa": "Q16188715", "Ewa Zydorek": "Q106916844", "Susana Rueda": "Q6136378", "Martha Garay Cadena": "Q106466706", "Barbara Napieralska": "Q107432042", "Helga Schwarz-Schumann": "Q1602295", "Kim Soon-ja": "Q3196812", "Tine Van Rompuy": "Q1266784", "Dani\u00e8le Karniewicz": "Q28111205", "Mar\u00eda Rozas": "Q6004540", "Edith Snoey": "Q2251011", "Mar\u00eda Luisa Bartolom\u00e9 N\u00fa\u00f1ez": "Q9030085", "Bel\u00e9n Arrondo": "Q87404141", "Maria Jesus Intxausti": "Q95743202", "Toril Laberg": "Q102121843", "Jorunn Berland": "Q11979296", "Teresa Kami\u0144ska": "Q9357307", "Marie-Pierre Goyetche": "Q3292216", "Lucyna Dargiewicz": "Q21293863", "Soledad Sorribes Mart\u00ednez": "Q20006613", "Bente Sorgenfrey": "Q12303225", "Jella Teuchner": "Q1686702", "Jane Korczak": "Q12319088", "Christine Goll": "Q117095", "Mar\u00eda Jos\u00e9 Lecha i Gonz\u00e1lez": "Q20005697", "Maria \u00c0ngels Massip Bonet": "Q61744283", "\u015eennur Nogaylar": "Q17046968", "Mar\u00eda Moreno Ruiz": "Q21001363", "Erna Hagensen": "Q16596804", "Natalla Audzeeva": "Q17167610", "Grete Christensen": "Q12314294", "Roula Mavronicola": "Q12884190", "Maryla P\u0142o\u0144ska": "Q19918011", "Graciela Villar": "Q51818798", "Synn\u00f8ve S\u00f8ndergaard": "Q43388280", "Anne Demelenne": "Q2354118", "\uc815\uc9c4\ud6c4 (1957\ub144)": "Q12616056", "Aurora Huerga Barquin": "Q124754141", "Vicenta Santiago Montilla": "Q108404833", "Maria Ausilia Piroddi": "Q3847145", "Francine Vidal": "Q66092853", "Berit M\u00fcllerstr\u00f6m": "Q76637113", "Solveig Kopperstad Bratseth": "Q47523231", "Birgit Elgaard": "Q104698380", "Nuria Esp\u00ed de Navas": "Q11696195", "Carmen Ninet Pe\u00f1a": "Q11912526", "Anna Giacobbe": "Q16526928", "Monika Kemperle": "Q1944672", "Amaia Fontang": "Q93895250", "Chantal Aumeran": "Q15639358", "Maria Ednalva Bezerra de Lima": "Q105246643", "Ligia Fallas Rodr\u00edguez": "Q27786490", "Colette Duynslaeger": "Q19630030", "Luz Mart\u00ednez Ten": "Q24273137", "Ester Costa Fita": "Q64018169", "Rosa Sans Amen\u00f3s": "Q80722446", "Mar\u00eda de los \u00c1ngeles Gallardo Borrega": "Q94700330", "Maria do Esp\u00edrito Santo": "Q105703241", "Marisol Fern\u00e1ndez Barrero": "Q106229524", "Isabel Camarinha": "Q96195570", "Francesca Re David": "Q33110682", "Caroline Copers": "Q5382764", "Michaela Rosenberger": "Q15835118", "Benita Roth": "Q115239167", "Mar\u00eda del Carmen Parra Morales": "Q50869646", "\uae40\uc9c4\uc219": "Q12588864", "Marina Tuutma": "Q97285805", "Anaje Narbaiza": "Q107101073", "Chris Reniers": "Q19973929", "Mayant Faty": "Q28653623", "Mona Striib": "Q12327542", "Anne Baltazar": "Q16527079", "Maria Dimitropoulou": "Q25536169", "Bernadette Groison": "Q2897352", "Berit Rekaa": "Q11960769", "Manuela Pascual Ruiz": "Q114664524", "Soledad Ru\u00edz Segu\u00edn": "Q51670394", "Ingrid Rep": "Q106154030", "Maureen van der Pligt": "Q84563931", "Paloma L\u00f3pez": "Q17155380", "Renate Anderl": "Q21610412", "Lidija Jerki\u010d": "Q12794856", "Maite Aristegi": "Q12262875", "Lizzie Ruud Thorkildsen": "Q30325679", "Eli Gunhild By": "Q47494648", "Dorota Gardias": "Q1114699", "Anette Berentzen": "Q12301639", "Reina Sequera": "Q6104600", "Almudena Fontecha": "Q5669894", "Tine Aurvig-Huggenberger": "Q12339421", "Estela D\u00edaz": "Q20670683", "Marie-France Giovannangeli": "Q123046854", "Klaudia Frieben": "Q119138127", "Cristina Moreno Fern\u00e1ndez": "Q11916119", "Hannie Stuurman": "Q2204007", "Mariola Soko\u0142owska": "Q11770029", "Claudia Rucci": "Q20165786", "Sotiroula Charalambous": "Q12885108", "Ana Isabel Noguera Montagud": "Q8198105", "Loreto Cabo": "Q107295934", "Lim Lee-ja": "Q24000599", "Laura Bugalho": "Q12391630", "Isabelle Le Bis": "Q42378694", "Kitty Jong": "Q87701992", "Bo\u017cena Kotkowska": "Q896345", "Flor de Liz Feijoo": "Q117072256", "Jocelyne Cabanal": "Q125930475", "Pazis Garcia Ortega": "Q106523411", "Sherry Wolf": "Q573674", "Valeria Cittadin": "Q126486239", "Manuela Auer": "Q42562560", "Barbara Chrobak": "Q21282016", "Andrea Kocsis": "Q494213", "Ses\u00e9 Mateo": "Q61963145", "Carmen Aira D\u00edaz": "Q98388592", "Elsa Oblitas Roselio": "Q117707087", "Isabel Faraldo Calvo": "Q124435141", "Irene Wennemo": "Q1672580", "Adelina Corbanese": "Q109107217", "Alejandra Dar\u00edn": "Q5664669", "Ana Lucia Martins": "Q105532012", "Monika A\u017eman": "Q124847494", "Hege Val\u00e5s": "Q22976843", "N\u00faria Lozano Montoya": "Q63184421", "Barbara Wiley": "Q105414868", "Vania Arana": "Q117307789", "Sine Sunesen": "Q12335402", "Au\u0161ra Papirtien\u0117": "Q28376998", "Nejiba Hamrouni": "Q57664141", "Trude Tinnlund": "Q17112372", "Ester Rocabayera i Jordan": "Q55286327", "Michela Bovolenta": "Q73134928", "Sylvie Fofana": "Q107465804", "Liina Carr": "Q111529276", "Alena \u0160\u00edrov\u00e1": "Q106169830", "Vania Alleva": "Q23059556", "Amanda Villatoro": "Q52391259", "Merete Nilsson": "Q109624519", "Katja Karger": "Q17322786", "Vanessa Barth": "Q120598098", "Miranda Ulens": "Q28521198", "C\u00e9line Verzeletti": "Q117078244", "Isabel Cortez": "Q106506020", "Arzu \u00c7erkezo\u011flu": "Q56163251", "Meli P\u00e9rez": "Q107009133", "Elisa Rimpler Bergmann": "Q65230167", "Val\u00e9rie Baud": "Q62231301", "Kysia Hekster": "Q2007848", "Karine G\u00e9ly": "Q117280670", "Olga Montserrat Avellaneda Noguera": "Q66092209", "Ainhoa Etxaide": "Q12252931", "Caroline Raquin": "Q55596013", "Garbi\u00f1e Aranburu": "Q30058900", "Esther G\u00f3mez Morante": "Q56164688", "Unn Alma Skatvold": "Q111143614", "Birgit Dietze": "Q110551747", "Carole Couvert": "Q16627450", "Therese Svanstr\u00f6m": "Q85122461", "Elisangela dos Santos Ara\u00fajo": "Q123160353", "Luz Vidal": "Q110816934", "Ant\u00f2nia Font Tous": "Q63809022", "Dorleta Kortazar": "Q107599232", "Isabel Vilalba Seivane": "Q12390746", "Millariikka Rytk\u00f6nen": "Q29893034", "C\u00e9line Berthon": "Q64624806", "Mariame Tour\u00e9": "Q111634144", "Barbara Resch": "Q124358226", "Sandra Goldschmidt": "Q113500863", "Catherine Nave-Bekhti": "Q27949253", "Camilla Gregersen": "Q67621760", "Marylise L\u00e9on": "Q55258276", "Jana Seppelt": "Q87188730", "Tove Holst Skyer": "Q102155659", "Nuria L\u00f3pez Mar\u00edn": "Q116773639", "Malin Ragneg\u00e5rd": "Q99033624", "B\u00e1rbara Figueroa": "Q5736358", "Lill Sverresdatter Larsen": "Q73875868", "Micha Klapp": "Q118151455", "Nora Back": "Q55379509", "Tina Groll": "Q63966997", "Karla Hern\u00e1ndez-Mats": "Q119270224", "Mar\u00eda Teresa Tocino Barreiro": "Q119705166", "Marta Gonz\u00e1lez Olea": "Q111426084", "In\u00e8s Minin": "Q3153985", "Linda Kebbab": "Q100154995", "Christina Durinck": "Q21816939", "Natalia Morales": "Q60031472", "Simone Meyer": "Q107302931", "Manuela Conte": "Q96095930", "Jordina Freixanet Pardo": "Q97466631", "Sandra Breiteneder": "Q119440838", "Lisa Bengtsson": "Q76248306", "Claire Serre Combe": "Q28522609", "Sonia Vidal Lamas": "Q124669963", "Abigail Puig": "Q106847080", "Veronika Bohrn Mena": "Q78368379", "Georgina Orellano": "Q109380715", "Nawal Ben Hamou": "Q17350463", "Flor\u00e9ale Mangin": "Q29210829", "Itsasne Nu\u00f1ez": "Q126489705", "Marike Grubar": "Q113495155", "Susanne Hofer": "Q54330187", "Ineke Boersma": "Q97384487", "M\u00e9lanie Luce": "Q106046688", "Imane Ouelhadj": "Q113528107", "Jaione Ugalde": "Q95691962", "Beate Zimpelmann": "Q23765815", "Dora Genkin": "Q5813484", "Lizzie Woods": "Q6660753", "Wanda Folejewska": "Q9370770", "Hilda Guerrero de Molina": "Q11682497", "Carmen Mart\u00ednez": "Q21089290", "V\u00e9ronique Descacq": "Q26297007", "Simone Mass\u00e9": "Q28864704", "Catherine Loum\u00e8de": "Q28864706", "Francine L\u00e9vesque": "Q28864709", "Oliva Bouchard": "Q28864723", "Rose Pellerin": "Q28864725", "Lucille Beauchemin": "Q28864728", "Caroline Senneville": "Q28864732", "Patricia Jure": "Q42602960", "Maryam Pougetoux": "Q54409783", "Rose Chatterton": "Q55620371", "Nadine Hunt": "Q56613032", "Nina Horpestad": "Q60178415", "Helve Kabur": "Q61109741", "Isabel Pallar\u00e8s i Roqu\u00e9": "Q62016188", "Khaoula Sliti": "Q62056037", "Denise Harder": "Q62086685", "Cathy Le Gac": "Q62539875", "Heather Kelley": "Q62940337", "Danielle-Maude Gosselin": "Q62941710", "Carolina Annoni": "Q63184642", "Muriel Larguier": "Q63263563", "Claire Sanchez": "Q63281857", "Jos\u00e9phine Anglada": "Q63282214", "Fr\u00e9d\u00e9rique Ricard": "Q63283001", "Sophie Guigue": "Q63283175", "B\u00e9reng\u00e8re Causse": "Q63283182", "Claire Dubois": "Q63283186", "Claudette Coste": "Q63340084", "Larissa Harrison": "Q63531190", "Juliette Albiol": "Q65010023", "Rebekah Huppatz": "Q65494083", "G\u00e9raldine Ravel": "Q66107694", "Bel\u00e9n L\u00f3pez S\u00e1nchez": "Q66902321", "Rosa Bagu\u00e9 Massegur": "Q68364001", "Esther del Alc\u00e1zar Fabregat": "Q73390099", "Assumpta Barbens": "Q74388019", "Reshma Mangre": "Q93737713", "Madeleine Singer": "Q93751661", "Mar\u00eda Luisa Longas Bernat": "Q95145254", "Gaby Breuer": "Q95585352", "Ida Baar": "Q95655850", "Rosa Garcia Lopez": "Q97385182", "Tea Jarc": "Q98013983", "Isa K\u00f6\u00dfldorfer": "Q98382399", "Catherine Pinchaut": "Q99186396", "Marie-Th\u00e9r\u00e8se Mano\u00ebl": "Q99654423", "Ana Avoila": "Q100347393", "Lynn Taylor": "Q102168830", "Helen Muriel Kramer": "Q102620906", "Christine Miller": "Q104030793", "Anna Alcala Sayeras": "Q105076316", "Gertrude Lane": "Q105274249", "Nancy Mason": "Q105380417", "Joanne L. Temcov": "Q105414815", "Joan Weiss": "Q105414863", "Micaela C\u00e1ceres": "Q106292438", "Elizabeth Davis": "Q106379385", "Elbia Pereira": "Q106454924", "Emmi Huttunen": "Q106588765", "Anne Finborud": "Q106872153", "Frieda Haupt": "Q106905267", "Conxa Borrell Bernaus": "Q107075862", "Sandra Ramos": "Q107315812", "Rebecca Matthews": "Q107401046", "Kenza Belliard": "Q107451858", "Sonia \u00c9thier": "Q108285274", "Rosa Candida Mayorga Mu\u00f1oz": "Q109180221", "Nancy B\u00e9dard": "Q110211247", "Anne Debr\u00e9geas": "Q111046804", "Olesia Briazgunova": "Q111189580", "Valeria Ronzitti": "Q111576555", "Marta Daviu": "Q112359855", "Maria Ant\u00f2nia Font i Gelabert": "Q113710780", "Dominique Fabre": "Q113989596", "Ana Mar\u00eda Garc\u00eda Alcolea": "Q114778876", "Halois Moorhead": "Q114893041", "Nancy McShane": "Q115933576", "Magali Picard": "Q116265942", "Dominique Pradali\u00e9": "Q116450030", "Beth Costa": "Q116451472", "'Aydah Fahmi": "Q116690645", "Elsa Ruill\u00e8re": "Q116968821", "Mar\u00eda Julia Alcoba Rossano": "Q117084698", "Christine Perriott": "Q118552123", "Laurence Marandola": "Q118612795", "Harriet Bolton": "Q118946021", "Alma Castro": "Q122920626", "Sylvie B\u00e9poix": "Q122984357", "Lydia Brovelli": "Q124017008", "Sharn Riggs": "Q124047559", "Rachel Bocher": "Q124336352", "Giovanna Ricoveri": "Q124389843", "R\u00e9gine Francal": "Q124614045", "Mar\u00eda Elisa Vald\u00e9s Morales": "Q124658819", "Isabel Auni\u00f3n Moro": "Q124819542", "Zsuzsanna Juh\u00e1sz": "Q125472652", "V\u00e9ronique Willems": "Q125511372", "Murielle Guilbert": "Q127261275", "\ub0a8\uc601\uc2e0": "Q127689684", "Hania Hamidi": "Q130235486", "Barbara Carson": "Q130268818"}