{"Linda Hedlund": "Q74390111", "Ulrika Margaretha Bergsten": "Q4938645", "Mariane von Berner": "Q95640177", "Elise Filipowicz": "Q55896124", "Marie Poznanska": "Q3292741", "Hortensia Zirges": "Q55889647", "Barbara Elisabet Ersdotter": "Q111353774", "Am\u00e9lie Siona Ernst": "Q95193634", "Bertha Brousil": "Q95207653", "Berta Brousilov\u00e1": "Q95180224", "Virginia Ferni": "Q45420810", "Amelie Bido": "Q95197920", "Hildegard Staegemann": "Q94751965", "Lavas Margit": "Q111344250", "Th\u00e9r\u00e8se Castellan": "Q94760861", "Elisabeth Hals": "Q18756081", "Sophie Raczek": "Q95720728", "Charlotte Dekner": "Q94748414", "Marie Gr\u00fcnner": "Q125131245", "Anna Ludmila Sch\u00f6ntagov\u00e1": "Q106964058", "Josefina Filomeno de Salcedo": "Q108633017", "Gabrielle Vaillant": "Q111509865", "Hilma \u00c5berg": "Q4990990", "Jeanne Franko": "Q126335099", "\u0415\u043b\u0435\u043d\u0430 \u041d\u0438\u043a\u043e\u043b\u0430\u0435\u0432\u043d\u0430 \u0412\u043e\u043d\u0441\u043e\u0432\u0441\u043a\u0430\u044f": "Q23658906", "Andrea Str\u00f6m": "Q98545746", "Anna Lang": "Q4960773", "Ellen Schlenk-Lechner": "Q98925483", "Clara San Juan de Lengo": "Q22337935", "Magdeleine Godard": "Q95119403", "Cecilia Gates": "Q89021613", "Klothilde Maria Philomena Milanollo": "Q94752981", "Lucy Hester Stone": "Q89021492", "Gabriele Neusser": "Q98635273", "Olga M\u00fcller": "Q94732371", "Hedwig Antonie Riehl": "Q55859827", "Ida Hampden": "Q83380751", "Clara Kristeller": "Q1095208", "Geraldine Morgan": "Q106679024", "Ludmila Perglerov\u00e1": "Q95473725", "Nelly Irmen": "Q109407012", "Marie Adelaide Milanollo": "Q94752983", "Marie Ond\u0159\u00ed\u010dkov\u00e1": "Q19602384", "Beatrice Langley": "Q26235073", "Assia Spiro": "Q95749848", "Marie Perglerov\u00e1": "Q95396796", "Irene von Brennerberg": "Q95658693", "Juliette Dantin": "Q114370807", "Jeanne Henri\u00ebtte Hijmans": "Q124293582", "R\u00f3\u017ca Schindler-S\u00fcss": "Q110491479", "Rosa Schindler": "Q111497831", "Amalia Labia Adami": "Q102278263", "Betty Schwabe": "Q94762513", "Bianca Becker-Samolewska": "Q63486130", "Elsa von Plank": "Q95682327", "Corinne Coryn": "Q89021844", "Avgusta \u0160antel": "Q59640214", "Bianca Panteo": "Q111509887", "Nella Gunning": "Q46709910", "Elizaveta Gnesina": "Q4140690", "Hanna Schaudinn": "Q94735221", "Mary Isabel Portman": "Q59267897", "Maia Bang": "Q88380273", "Margarete Rawack": "Q111509875", "Helene F\u00fcrst": "Q95202582", "Maria Raphael": "Q94733493", "Giulietta Dionesi": "Q107042897", "Marguerite Le Meignen": "Q113100424", "\u00d2nia Farga i Pellicer": "Q11955884", "And\u014d K\u014d": "Q11451307", "Augusta Ond\u0159\u00ed\u010dkov\u00e1": "Q18915273", "Elli von Broen": "Q111508253", "Anny von Panhuys": "Q95661167", "Elsa Wagner": "Q20829377", "Ebba Knut-Ekwall": "Q88528661", "Laure Choisy": "Q59456537", "Francesca Vidal i Puig": "Q28548735", "Irma von Hal\u00e1csy": "Q59653226", "Dorothea Frances Muir Mackenzie": "Q75605408", "Bertha Dehn": "Q827698", "Melanie Michaelis": "Q1918989", "Tatjana von Rippas": "Q17383312", "Blandine H\u00f6ller": "Q125395691", "Lois Pantages": "Q110785207", "Yelyzaveta Shchedrovych": "Q12172700", "Louise Croucher": "Q121856579", "Edith Dora Ranclaud": "Q21536981", "Helene Croner": "Q63486098", "Jeanne Samuel": "Q117792389", "Dora von Moellendorff": "Q55856794", "Clara Schmiedel": "Q72938356", "Else Mendel-Ober\u00fcber": "Q111508340", "Tsuna Torii": "Q80740094", "Constance de Clyver Edson": "Q96815612", "Marie von Stubenrauch-Kraus": "Q95211762", "Emilie Koellreutter": "Q111508259", "Zofia Iwanowska-P\u0142oszko": "Q26244343", "Erna Schulz": "Q111512475", "Ines Viviani Donarelli": "Q18224832", "Lidia Kmitowa": "Q7945041", "Armida Senatra": "Q18812598", "Lola Palat\u00edn": "Q50413312", "Frida Quehl": "Q111509878", "Germaine de Aranda Constantin": "Q62930420", "Charlotte Ulmer": "Q55896218", "Yvonne Astruc": "Q59359946", "Anna Ono": "Q11463893", "Joyce Haworth": "Q114586537", "Annie de Jong": "Q66707678", "Paulina d'Ambrosio": "Q18707782", "Kings Selma Olofsdotter": "Q117162203", "Paula Stroux": "Q85087795", "Edith von Voigtl\u00e4nder": "Q1285224", "Regina \u0158eh\u00e1kov\u00e1": "Q95073646", "Erny Alberdingk-Walter": "Q97656779", "Bertha Havemann": "Q94777748", "Anita Lauer-Portner": "Q94752775", "Ava Prouse": "Q95681538", "Nelly Barth": "Q108696458", "Izabella Krystall": "Q11714726", "Dina Moore Bowden": "Q123558633", "Ida Fischer-Colbrie": "Q63479856", "Evelyn Novacek": "Q40853529", "Erna Honigberger": "Q6483303", "Eva Hauptmann": "Q15808911", "Yvonne de Casa Fuerte": "Q4216479", "Alice Ivy Wigmore": "Q24002905", "Nora Duesberg-Baranowski": "Q4945323", "Bettina Inglin-Zweifel": "Q67080795", "Reine Chemet": "Q95196151", "Alice B\u00e1rdos": "Q18103254", "Th\u00e9r\u00e8se Combarieu": "Q50383797", "Nora Francina Stroink": "Q44528327", "Madeleine Bloy-Souberbielle": "Q42529864", "Marianne Kneisel": "Q97572026", "Hedwig Rohr": "Q95197444", "Riele Queling": "Q43574899", "Ren\u00e9e de Saussine": "Q72825503", "Lilli Bohnke": "Q1345383", "Anna Jacobson": "Q94736430", "Olga Fossati": "Q97626874", "Jeanne Charlotte Gautier": "Q28058349", "Gertrud Ilse Tilsen": "Q95212654", "Iza Norska": "Q11714630", "Isakes Kerstin Olsson": "Q119143105", "Nada Jevdjenijevi\u0107 Brandl": "Q87069471", "Ruth Ray": "Q119572158", "Lotte Selka": "Q94735637", "Christa Steiner": "Q97666813", "Helene Fischer": "Q93881192", "Erv\u00edna Broke\u0161ov\u00e1": "Q11879558", "Albertina Ferrari": "Q114711392", "M\u00e1ria Zipernovszky": "Q1467466", "Maria Mahlau": "Q94733286", "Helen Rice": "Q62032390", "Gertrud Schiff": "Q110072862", "Isobel Dunlop": "Q67893739", "Gabri\u00eblla Henri\u00ebtta Emilia Herman": "Q109481928", "Hanna Bavly": "Q12407547", "Nedyalka Simeonova": "Q12288068", "Anita Ast": "Q121385441", "Elsa Kreutzer": "Q124622755", "Catherine Casadesus": "Q20630215", "Jetty Cantor": "Q2787514", "Lotti Andr\u00e9ason": "Q33043557", "Halina Wojciechowska": "Q9285480", "Hans Gruys": "Q54101888", "Marie Wilson": "Q89020650", "Marta Suchecka": "Q11770631", "Mari\u0161ka Holoubek Funjak": "Q12636316", "Editha Koffer-Ullrich": "Q17122974", "Lilly Gyenes": "Q4951640", "J\u00falia D'Almendra": "Q10313359", "Kitty Cervenkova": "Q104383399", "Katr\u00edn \u00d3lafsd\u00f3ttir": "Q61973091", "Halina Adamska-Grossmanowa": "Q9285303", "Kl\u00e1ra Dullien": "Q66810122", "Margaret Field-Hyde": "Q110603039", "\u038c\u03bb\u03b3\u03b1 \u039c\u03ad\u03bd\u03c4\u03b6\u03bf\u03c5": "Q123254780", "Ataliva Montenegro": "Q55468030", "Maria Neuss": "Q17231924", "Kerttu Wanne": "Q11871040", "Dea Forsdyke": "Q48963844", "Annie Pothuis": "Q27894156", "G\u00f6ssa Anna Andersson": "Q111393230", "Helen Berlin": "Q4084982", "Bronis\u0142awa Rotsztat\u00f3wna": "Q9179989", "Yolanda Ostaszewska": "Q53487551", "Valentina Talichov\u00e1-Loukotov\u00e1": "Q95181361", "Zerline Kogler-Erfurt": "Q118368412", "M\u00edla Reymonov\u00e1": "Q86355735", "Otilie Krej\u010dov\u00e1": "Q95155050", "Mavis Bacca Dowden": "Q60907020", "Gerda Bischof": "Q95193640", "Berta Volmer": "Q66054695", "Margrit Sprengel": "Q85087452", "Florence Stern": "Q56140722", "Evalina Salzedo": "Q115219619", "Alice Koenigsberger": "Q99766151", "Jarmila Nov\u00e1": "Q112412398", "Gaby Grubea": "Q29789238", "Helena Kopper": "Q1601894", "Ant\u00f2nia Pich i Santasusana": "Q27959964", "Irma Nissinen": "Q5484707", "Minna Nyegaard": "Q62081261", "Marta Cittov\u00e1-Proch\u00e1zkov\u00e1": "Q95163694", "Lore Spoerri": "Q93562418", "Galina Barinova": "Q112369302", "Marthe Lapointe": "Q97015739", "Lilia d'Albore": "Q16572574", "Ursula Schnorr von Carolsfeld": "Q94755492", "Lilly Schnitzler": "Q94735480", "Viola Mitchell": "Q41906098", "Else Marie Bruun": "Q4097171", "Elvira Classon": "Q117323271", "Beatrice Griffin": "Q24019238", "\u05d0\u05dc\u05d9\u05e1 \u05e4\u05e0\u05d9\u05d1\u05e9-\u05e8\u05d5\u05d6\u05e0\u05d1\u05e8\u05d2": "Q6816442", "Grete Urbanek": "Q59602069", "Olive Grace Hayter": "Q57768046", "Paula Christina Schneider Nagy": "Q108812270", "B\u00e9atrice Launer": "Q2929456", "Ruth Stefan\u00eda Hermans": "Q61973526", "Mara Sebrionsky Dvonch": "Q4411852", "Rosa Garcia-Faria": "Q62561815", "Ludmila Bertlov\u00e1": "Q1411643", "Bed\u0159i\u0161ka Seidlov\u00e1": "Q95094114", "Rosa Mas i Mall\u00e9n": "Q16886687", "Josipina Kalc": "Q18508950", "Orvokki Ramsi": "Q17383340", "Madeleine Carabo-Cone": "Q111503003", "Adrienne de Smet": "Q126062324", "Pearl Palmason": "Q42381340", "Hertha Keilmann-Bulle": "Q95637913", "Ruth Kestner-Boche": "Q1545252", "Katr\u00edn Dalhoff": "Q61973078", "Joy Roger": "Q108260927", "Irene Serkin": "Q55889234", "Rosemary Goldsmith": "Q110224756", "Leonor de Sousa Prado": "Q10317420", "Marta Toona": "Q12369903", "Ana Mar\u00eda Alvajar L. Jean": "Q12382955", "Marina Kozolupova": "Q4226998", "Anne-Marie Gr\u00fcnder": "Q18684319", "Janine Andrade": "Q18221063", "Zelia Aumere": "Q4937013", "Wanda Luzzato": "Q16623009", "Frances Magnes": "Q23726466", "Lola Mees": "Q117768652", "Kv\u011bta Vl\u010dkov\u00e1": "Q95446102", "Irma Lucca in Bozzi": "Q102279712", "Kyoko Suzuki": "Q11648618", "Dulci Ouwerkerk": "Q2657363", "Josefina Salvador Segarra": "Q20004488", "Alice Ry\u0161kov\u00e1": "Q95073631", "Nelly \u00d6stlund": "Q4991188", "Aida Stucki": "Q403851", "Alice Schoenfeld": "Q87204816", "Doreen Hall": "Q62604192", "Ghislaine Demonceau": "Q47491342", "Anna Mauthner": "Q97072902", "Carolina Lama": "Q18638742", "Margreet van de Groenekan": "Q119011369", "Davina van Wely": "Q2624275", "Elisa Pegreffi": "Q63487548", "Marie-Th\u00e9r\u00e8se Ibos": "Q18169584", "Hertha Ellegiers": "Q39336854", "Mildred Goodman": "Q1239601", "Sedje Hemon": "Q26828241", "Winifred Roberts": "Q106287672", "Micheline Banzet-Lawton": "Q102361327", "M\u00e1ria Vermes": "Q53445022", "Ephe Ailianou": "Q47091422", "Leena Siukonen-Penttil\u00e4": "Q100775109", "Tatyana Hayrapetyan": "Q42299209", "Jean Keller Heard": "Q96642738", "Edit Wohl": "Q4990679", "Jarmila Zindulkov\u00e1": "Q95179281", "Doreen Potter": "Q104553968", "Kornelija Kalinauskait\u0117": "Q12661159", "Violette Jacquet": "Q20557684", "Hisako Tsuji": "Q11638113", "Jeanne Vos": "Q117793483", "Esther Glazer": "Q115199773", "Sonia Lovis": "Q54810003", "Montserrat Cervera i Millet": "Q93417285", "\u041d\u0438\u043d\u0430 \u041c\u0438\u0445\u0430\u0439\u043b\u043e\u0432\u043d\u0430 \u041f\u0430\u0442\u0440\u0443\u0448\u0435\u0432\u0430": "Q55103771", "Dolores Miller": "Q124044797", "Froukje Giltay": "Q47405337", "Tutta Tuominen-Bergh": "Q115870034", "Hayd\u00e9e Zipman": "Q118533548", "Jelka Stani\u010d": "Q18508949", "M\u00e1rta Chiovini": "Q57749532", "Olha Parkhomenko": "Q4346238", "Ursula Matenaer": "Q94759402", "Marie Leonhardt": "Q1897406", "\u00c1gnes Vadas": "Q117086437", "Jarmila Opavsk\u00e1": "Q95170304", "Zoya Petrossian": "Q26238453", "Barbara Garvey Jackson": "Q105695735", "\u0420\u043e\u0437\u0430 \u0424\u0430\u0439\u043d": "Q28701746", "Marianne Berens": "Q92205873", "Nora Gruml\u00edkov\u00e1": "Q11325750", "Ines Rannap": "Q23296620", "Nadia Koutzen": "Q94275772", "Blanche Tarjus": "Q108124937", "Hana Vil\u00edmcov\u00e1": "Q95177730", "Ilona Vil\u00edmcov\u00e1": "Q95484670", "Marine Iashvili": "Q4539896", "Irmgard Steppuhn": "Q95201921", "Rosa Fain": "Q112456967", "Erna M\u00e1sd\u00f3ttir": "Q61972400", "Sabina Skalar": "Q60193518", "Leonarda Brushteyn": "Q4097309", "Jeannelotte Hertzberger": "Q1865492", "Annie Jodry": "Q4181009", "Rena Scholtens": "Q117804526", "Maria Grevesm\u00fchl": "Q1895910", "G\u00fclden Tural\u0131": "Q6048898", "Ivi Tivik": "Q16407010", "Jadwiga Kaliszewska": "Q11715898", "T. Rukmini": "Q106341426", "Karin Schriever": "Q94743399", "Clara Bonaldi": "Q2975466", "Henny Ravestein": "Q110856605", "Reet Sein": "Q124850699", "Irina Bochkova": "Q4095406", "Miwako Watanabe": "Q11562218", "Nell Gotkovsky": "Q79319611", "Jind\u0159i\u0161ka Holotov\u00e1": "Q95179944", "Hana Metelkov\u00e1": "Q95468861", "Juta Sch\u00fctz": "Q12365601", "Maryvonne Le Diz\u00e8s": "Q4255635", "Jol\u00e1n Maurer-Berta": "Q1702621", "Helena Lehtel\u00e4": "Q51705798", "Hiltrud Ilg": "Q95660996", "Dana Pomerants-Mazurkevich": "Q106782604", "Etsuko Hirose": "Q11485592", "Shizuko Ishii": "Q11584947", "Mare Teearu": "Q42900543", "Madoka Hino": "Q11276443", "Irine Iashvii": "Q114232468", "Jenny Abel": "Q16062356", "Christine Raphael": "Q94987722", "Friedegund Riehm": "Q95190470", "Isako Shinozaki": "Q11603731", "Alisa Adamyan": "Q43537428", "Hannele Segerstam": "Q16990434", "Y\u014dko Kubo": "Q11369181", "Teiko Maehashi": "Q11397321", "Maria Brylanka": "Q58914371", "Eva \u0160afa\u0159\u00edkov\u00e1": "Q112499506", "Marjeta Delcourte-Korosec": "Q65926557", "Y\u016bko Mori": "Q11539698", "Ora Shiran": "Q112472241", "Virginia F. Strauss": "Q122943221", "Haruko Wanibuchi": "Q11674324", "Hisako Tokue": "Q11490381", "Rut Ing\u00f3lfsd\u00f3ttir": "Q61973523", "Yoshiko Nakura": "Q11414737", "Magdalena Rezler": "Q11766091", "\u041a\u043e\u0440\u043e\u0431\u043e\u0432\u0430-\u0411\u043e\u0433\u0434\u0430\u0448\u0435\u0432\u0441\u044c\u043a\u0430 \u0417\u043e\u044f \u0406\u0441\u0430\u043a\u0456\u0432\u043d\u0430": "Q22138043", "Kathleen Lenski": "Q112670874", "Dora Schwarzberg": "Q4521671", "Vera Beths": "Q2306417", "Mayumi Fujikawa": "Q11624027", "Zde\u0148ka Vaculovi\u010dov\u00e1": "Q50335579", "Tiiu Pe\u00e4ske": "Q61110406", "Else Krieg": "Q2015525", "Eva Graubin": "Q110383262", "Anna H\u00f6lblingov\u00e1": "Q112355339", "Carole Mayedo": "Q112490547", "Gayle Dixon": "Q21032094", "Claire Bernard": "Q43400609", "Jana Kop\u0159ivov\u00e1": "Q125579878", "Nilla Pierrou": "Q4972909", "Iwona Wojciechowska": "Q63847556", "Halina Podg\u00f3rska-Dutka": "Q11708452", "Anna W\u00f3jtowicz": "Q106151829", "Catherine Mackintosh": "Q112421244", "Carol Sindell": "Q41071152", "Gu\u00f0n\u00fd Gu\u00f0mundsd\u00f3ttir": "Q61972511", "Machie Oguri": "Q11462005", "Coosje Wijzenbeek": "Q2094040", "Connie Kupka": "Q112114392", "Gabriela Ijac": "Q4198152", "Kristina Jagminait\u0117": "Q12661439", "Liora Moriel": "Q47892105", "Evabritt Gratte": "Q16594929", "Kaja Danczowska": "Q11733335", "Yoshiko Arai": "Q11501208", "Y\u014dko Sat\u014d": "Q11384529", "Y\u014dko Suka": "Q11664831", "Saiko Azuma": "Q11526911", "Joanna Giemzowska": "Q11727410", "Elizabeth Blumenstock": "Q18925492", "Francine Villers": "Q20644399", "Anna-Sophie Br\u00fcning": "Q28847531", "Carol Lynn Fujino": "Q42810554", "Joan Kwuon": "Q63850305", "Aneta Dumanowska": "Q86090524", "Gudrun Heyens": "Q112449635", "Dagmar Krej\u010d\u00ed": "Q112560940", "Leslie Katz": "Q114357033", "Niina Murdvee": "Q12371013", "Eva Kaniakov\u00e1": "Q95173840", "Naoko Tanaka": "Q11575751", "Nina Balabina": "Q16159814", "Ludmila Forbelsk\u00e1": "Q95451506", "Sofia Propishschan": "Q4380885", "Zina Schiff": "Q112417242", "Maie Kalaus": "Q16405658", "\u041c\u0435\u0434\u0432\u0435\u0434\u0435\u0432\u0430, \u0418\u0440\u0438\u043d\u0430 \u0410\u043b\u0435\u043a\u0441\u0435\u0435\u0432\u043d\u0430": "Q4287345", "Mari Tampere-Bezrodny": "Q30926072", "Charlotte Bon": "Q1922794", "Jitka Adamusov\u00e1": "Q95091807", "Jacqueline Laufman": "Q112534999", "Kishiko Suzumi": "Q11499602", "Jana Pernicov\u00e1": "Q95402743", "Eleonora En\u0103chescu": "Q16593352", "Polly Sweeney": "Q113951850", "Suzanne Gessner": "Q104655790", "Radana V\u00e1\u0148ov\u00e1": "Q95396139", "Katalin Hanke": "Q12350545", "Karla Lobovsk\u00e1": "Q95149072", "Marianne Rivi\u00e8re": "Q2411982", "Dorota Anderszewska": "Q3037136", "Eve Adamopoulos": "Q3061354", "Lina Tur Bonet": "Q5976616", "\u015eeyda \u00c7ilden": "Q6102864", "\u041c\u0430\u0458\u0430 \u0408\u043e\u043a\u0430\u043d\u043e\u0432\u0438\u045b": "Q25461365", "Teresa G\u0142\u0105b\u00f3wna": "Q27928537", "Ellika Frisell": "Q4948997", "Dagmara Kalashkova": "Q108840296", "Ada Slivansk\u00e1": "Q95482230", "Ramona Holmes": "Q107454569", "Hana Koubkov\u00e1": "Q125579866", "Terry Jenoure": "Q2405617", "Rusudan Gwasalia": "Q62000115", "Maya Homburger": "Q1914379", "Marjolein de Sterke": "Q2688807", "R\u00f3sa Hrund Gu\u00f0mundsd\u00f3ttir": "Q61973517", "Anda Marina Petrovici": "Q107608496", "Vera Beli\u010d": "Q17402371", "Barbra Porter": "Q113496707", "Anna Lindal": "Q4962350", "Gaetane Prouvost": "Q3099941", "Hl\u00edf Sigurj\u00f3nsd\u00f3ttir": "Q61972837", "Shizuka Ishikawa": "Q11586423", "Krystyna Stolarska": "Q11748781", "Ditte Andersson": "Q20907011", "Jana Zaj\u00edcov\u00e1": "Q95227315", "Fudeko Takahashi": "Q11671506", "Janice Tucker Rhoda": "Q112515132", "D\u00f3ra Bj\u00f6rgvinsd\u00f3ttir": "Q61972278", "Atsuko Honsho": "Q21701911", "Merit Palas": "Q11882145", "Jana Vlachov\u00e1": "Q12023466", "Laufey Sigur\u00f0ard\u00f3ttir": "Q61973205", "V\u00e9ronique Bogaerts": "Q3564282", "Atsuko Tenma": "Q11442839", "Lisa Ornstein": "Q112944292", "Yasuko \u014ctani": "Q11439076", "Helena Valpeteris": "Q97219135", "Ritva Talvitie": "Q125390856", "Henrieta Moz\u016braityt\u0117": "Q12656418", "Mariya Safaryants": "Q18408961", "Sirkka Kuula": "Q11893705", "Laura Quintill\u00e1n": "Q20533042", "Siw Burman": "Q53320237", "Martina Sichardt": "Q68929400", "Ioana Raluca Voicu-Arn\u0103u\u0163oiu": "Q112486953", "Marie-Annick Nicolas": "Q3291534", "Mathilde Bondo": "Q12326415", "Kait Kenner": "Q125271750", "Joanna M\u0105droszkiewicz": "Q97163256", "J\u00fal\u00edana El\u00edn Kjartansd\u00f3ttir": "Q61973069", "Eva Frantinov\u00e1": "Q95183118", "Judy Schomper": "Q2692738", "Arienne Dorothea Agnoletto": "Q97656761", "Sonia Sahlstr\u00f6m": "Q4976507", "Dominique Lemonnier": "Q105637980", "Yuriko Naganuma": "Q11653216", "Mayumi \u014chira": "Q11435255", "Monika Urbaniak": "Q123171408", "Lu\u00edsa Villalta G\u00f3mez": "Q20536140", "Dora Bratschkowa": "Q1243592", "Natsumi Wakamatsu": "Q108472203", "Yumi M\u014dri": "Q11547585", "Tomoko Kat\u014d": "Q11399438", "Azumi Takada": "Q11672005", "Yuzuko Horigome": "Q11427737", "Ky\u014dko Shikata": "Q11419900", "Iris Juda": "Q2399995", "Agata Sapiecha": "Q2781988", "Nobu Wakabayashi": "Q11616499", "Mihaela Martin": "Q1932754", "Isako Fukasawa": "Q24875002", "Marie B\u016f\u017ekov\u00e1": "Q95398356", "Mail Sildos": "Q125525703", "Lenu\u021ba Ciulei": "Q4517900", "Akiko Yasuda": "Q11451062", "Monika Skalar": "Q12796999", "Ragin Wenk-Wolff": "Q4107195", "Sonoko Numata": "Q11554572", "Mariana R\u00f6ttgen-Tchetrafilova": "Q95190555", "Eiwor Kjellberg": "Q4958956", "Margaret Batjer": "Q112381939", "Alena P\u0159ibylov\u00e1": "Q95084099", "O't\u00f4rgs-Kaisa Abrahamsson": "Q4933657", "Erisa Kawaguchi": "Q11477927", "Jitka Nov\u00e1kov\u00e1": "Q95137200", "Ilona Then-Bergh": "Q95207379", "Ludmila Mr\u00e1\u010dkov\u00e1": "Q112370561", "Mimi Rabson": "Q112511946", "\u054d\u0578\u0576\u056b\u056f \u0549\u0561\u0576\u0563\u0580\u0575\u0561\u0576": "Q116485175", "Jaana Haanter\u00e4": "Q117359363", "Aleksandra Pertot": "Q124353137", "Sonig Tchakerian": "Q3964830", "Margaret Faultless": "Q106687174", "Theodora Geraets": "Q2019974", "Mathieu Boutin": "Q55722566", "Irena Wachendorff": "Q63832524", "Nora Chastain": "Q104844983", "Beatriz Arzamendi": "Q12254896", "Megumi Shimane": "Q11476435", "Cristina Anghelescu": "Q23059506", "Nina Bodnar-Horton": "Q4089980", "Dorothea Kellerov\u00e1": "Q67432781", "Janet Horne Cozens": "Q110818531", "Chie Morimoto": "Q30936180", "Alison Isadora": "Q66493813", "\u041c\u0430\u043d\u0434\u0440\u0438\u043a\u0430, \u041d\u0430\u0442\u0430\u043b\u044c\u044f \u0421\u0442\u0435\u043f\u0430\u043d\u043e\u0432\u043d\u0430": "Q32361953", "Mariko Senju": "Q11405351", "Shizuka Nakamura": "Q11366098", "Eva Mj\u00f6ll Ing\u00f3lfsd\u00f3ttir": "Q61972408", "Corinne Holtz": "Q95196429", "Ninni Carr": "Q4942067", "Michelle Waller": "Q106762942", "Shoshana Claman": "Q113560186", "Marieke Blankestijn": "Q1999513", "\u00c1gnes Kutas": "Q112387549", "Annegret Siedel": "Q566015", "Sigurlaug Edvaldsdottir": "Q61973711", "Greta Gu\u00f0nad\u00f3ttir": "Q61972446", "Keiko Urushihara": "Q11565379", "Brynd\u00eds P\u00e1lsd\u00f3ttir": "Q61972254", "Catharina Palm\u00e9r": "Q2431981", "Sonja Schwedersky": "Q16467122", "Kreeta-Maria Kentala": "Q87332119", "Louisa Fuller": "Q112427545", "Ivana Tom\u00e1\u0161kov\u00e1": "Q112472106", "Veronika Skuplik": "Q1505347", "Maria H\u00e4nninen": "Q5396793", "Y\u014dko Miyagawa": "Q17214863", "Izabela Cegli\u0144ska": "Q60836477", "Aet Hirvesoo-Hautam\u00e4ki": "Q16407956", "M\u00e1ria G\u00e1l-Tam\u00e1si": "Q12352910", "Lin Wei Sigurgeirsson": "Q61973231", "Ma\u0142gorzata G\u00f3rnisiewicz": "Q11772274", "Tale Olsson": "Q4971213", "Kate\u0159ina \u0160truncov\u00e1": "Q95230926", "Chieko Kinbara": "Q11646584", "C\u00e9cile Huijnen": "Q1980924", "Jelka Glavnik - Berak": "Q18508036", "Annelie Gahl": "Q98514894", "Sunny Lee": "Q107552738", "Au\u00f0ur Hafsteinsd\u00f3ttir": "Q61972144", "Sanna Salmenkallio": "Q11892388", "Ute Hasenauer": "Q87055679", "\u0420\u044d\u0433\u0456\u043d\u0430 \u041c\u0456\u043a\u0430\u043b\u0430\u0435\u045e\u043d\u0430 \u0421\u0430\u0440\u043a\u0456\u0441\u0430\u0432\u0430": "Q101001234", "Stephanie Gonley": "Q112436531", "Raakel Lignell": "Q11889598", "Leena Laas": "Q16405818", "Hildigunnur Halld\u00f3rsd\u00f3ttir": "Q61972820", "Radka Beranov\u00e1": "Q95464256", "Odile Edouard": "Q2014512", "Belinda Broughton": "Q113009346", "Amelia Roosevelt": "Q105109471", "Marie Gajdo\u0161ov\u00e1": "Q95246505", "Reiko Watanabe": "Q11562410", "Asako Urushihara": "Q11565382", "Majda Petri\u010d Facchinetti": "Q12795472", "Janna Gandelman": "Q107517952", "\u015eenzelita Aykanat": "Q112666914", "Ver\u00f3nica Bustamante": "Q124496263", "Sigr\u00fan E\u00f0valdsd\u00f3ttir": "Q61973660", "Anna Kandinskaja": "Q106966972", "Reiko Shiraishi": "Q11580217", "Won Soon Chung": "Q106815031", "Mie Kobayashi": "Q11461815", "Sachiko Segawa": "Q11566490", "Naoko Terai": "Q1964820", "Hana Kotkov\u00e1": "Q12018964", "Thuva H\u00e4rdelin": "Q4955308", "Margr\u00e9t Kristj\u00e1nsd\u00f3ttir": "Q61973296", "Ma\u0142gorzata Skorupa": "Q64917686", "Zeynep I\u015f\u0131k": "Q30124732", "Rahel Cunz": "Q112455765", "Wendy Kline": "Q112478137", "Margr\u00e9t Krist\u00edn Bl\u00f6ndal": "Q61973293", "Yayoi Toda": "Q11496517", "Ivana Havrusevi\u010dov\u00e1": "Q116132504", "Tomoko Kawada": "Q11479028", "Ayano It\u014d": "Q11380157", "\u0547\u0578\u0582\u0577\u0561\u0576\u0576\u0561": "Q116647533", "Sheryl Staples": "Q114502915", "\ucc44\uc720\ubbf8": "Q17095059", "Christina C. Messner": "Q95210017", "Silvie Hessov\u00e1": "Q112397697", "Catherine Dallaire": "Q117640018", "\u0110\u00e0o Mai Anh": "Q125134244", "Susanne Scholz": "Q105199606", "Michaela Ba\u0159inov\u00e1": "Q95168485", "Satoko K\u014dda": "Q11484030", "Aija Izaks": "Q29913268", "Kyung Sun Chee": "Q106642995", "Franziska Pietsch": "Q22131914", "Anna R\u00fan Atlad\u00f3ttir": "Q61972098", "Barbara Konrad": "Q18018616", "Akiko Tanaka": "Q11575619", "Ariadne Daskalakis": "Q24704098", "Saskia Viersen": "Q2116383", "Joanna Kurkowicz": "Q19268232", "George Biddle": "Q63149818", "Anja Morgenstern": "Q95207534", "Julia Deppert-Lang": "Q111674122", "Andrea Holzer-Rhomberg": "Q112545197", "Nancy Benda": "Q1964469", "Kanako Ito": "Q11380013", "Chiyoko Noguchi": "Q11645128", "Alice Julien-Laferri\u00e8re": "Q50821976", "Kristel Eeroja-Poldoja": "Q12367567", "Vigd\u00eds M\u00e1sd\u00f3ttir": "Q61973905", "Shira Rabin": "Q117314298", "Rebecca Bunnell": "Q115860830", "Chung Mei Chang": "Q113188383", "El\u00edsabet Indra Ragnarsd\u00f3ttir": "Q61972360", "\u00cdma \u00de\u00f6ll J\u00f3nsd\u00f3ttir": "Q61972979", "Esther van Fenema": "Q59341418", "Riyo Uemura": "Q11540591", "Sibylle Tschopp": "Q55656559", "Muriel Cantoreggi": "Q112496300", "Ruth Haav": "Q12374347", "Alison Blunt": "Q19834398", "St\u00e9phanie de Failly": "Q28496449", "Anitra Tum\u0161evica": "Q55456240", "Anne de Wolff": "Q565937", "Gabriela Demeterov\u00e1": "Q12017995", "Arusyak Baltayan": "Q116447420", "Bernadette Wundrak": "Q110830081", "Joanna S\u0142owi\u0144ska": "Q11727543", "Bin Huang": "Q11177980", "Eva Stegeman": "Q2740829", "Nora Roll": "Q4975285", "Alina Komissarova": "Q12112173", "Ulrike Bals": "Q111188673", "Mira Glodeanu": "Q1937897", "Natsumi Tamai": "Q4450765", "Takako Yamasaki": "Q11468222", "Biliana Voutchkova": "Q18589605", "Julie B. Bonnie": "Q3189150", "Jann Cnossen": "Q2329935", "Jannemien Cnossen": "Q118557753", "Katja Mikula": "Q85657833", "Maja Cerar": "Q12795442", "Angella Ahn": "Q3616844", "Angelika Bachmann": "Q120964791", "Clara Cernat": "Q16540147", "Dilj\u00e1 Sigursveinsd\u00f3ttir": "Q61972276", "Dorota Jarema": "Q9210195", "Cecilia Zilliacus": "Q4990945", "Reiko \u014ctani": "Q11439128", "Zuzana Bialasov\u00e1": "Q95241304", "\u05e0\u05d8\u05e9\u05d4 \u05e9\u05e8": "Q6614061", "Martine Gaumond": "Q105225843", "Radka Doubov\u00e1": "Q112366727", "Helena Ji\u0159\u00edkovsk\u00e1": "Q112476458", "Sonja van Beek": "Q2535591", "Karina Kuzumi": "Q11370482", "Michiko Kamiya": "Q11590887", "Natasha Korsakova": "Q1463444", "Caroline Gerber": "Q51930564", "Katja Krajnik": "Q29784259", "Sigrid Kuulmann": "Q125523448", "Olga Bj\u00f6rk \u00d3lafsd\u00f3ttir": "Q61973404", "Sigr\u00ed\u00f0ur Bjarney Baldvinsd\u00f3ttir": "Q61973563", "Katarzyna Duda": "Q11736945", "Isabelle Meyer": "Q25873645", "M\u00f3nika T\u00f3th": "Q28722052", "Beth Hebert": "Q63449704", "Jessica Meyer": "Q82514014", "Eva Bindere": "Q85055924", "St\u00e9phanie-Marie Degand": "Q98554271", "Jana Sp\u00e1\u010dilov\u00e1": "Q112370557", "Sophie de Lint": "Q116284936", "Amandine Beyer": "Q454254", "Emma Breedveld": "Q1850506", "Ky\u014dko Yoshida": "Q11413796", "Floriane Bonanni": "Q3074242", "Pauliina Lerche": "Q514191", "Aja Humm": "Q72684718", "Triinu Tamm-Raudver": "Q114443973", "Olga Voronova": "Q125554348", "Tatiana Samouil": "Q1497314", "Ninni Poij\u00e4rvi": "Q11884556", "Myroslava Kotorovych": "Q4236282", "Mihaela Oprea": "Q28759395", "Cindy Albracht": "Q2606096", "Ingrid van Dingstee": "Q2801950", "Malin Broman": "Q4940777", "Rachel Schmidt": "Q19963822", "Nurit Bar-Josef": "Q30527410", "Plamena Nikitassova": "Q95980709", "Simona Ester Brandejsov\u00e1": "Q112372716", "Dobromira Borisova": "Q112374137", "Liliana Isabela Apostu": "Q112484395", "Magdalena Szyndler": "Q112544879", "Leila Schayegh": "Q1475408", "Andrea Duka L\u00f6wenstein": "Q4170367", "Rachel Harris": "Q106593984", "Michaela \u0160ol\u00ednov\u00e1": "Q95157383", "Una Sveinbjarnard\u00f3ttir": "Q61973854", "Karen Brunon": "Q18610891", "P\u00e1l\u00edna \u00c1rnad\u00f3ttir": "Q61973439", "Machiko Shimada": "Q11476957", "Halla Steinunn Stef\u00e1nsd\u00f3ttir": "Q61972703", "Svatava \u0160enkov\u00e1": "Q95154461", "Eriko Sumi": "Q11676294", "Alejandra Urrutia": "Q96621277", "Hanako Uesato": "Q11360232", "Gabriela Vermelho": "Q12018008", "Mareike Beckmann": "Q106694950", "Michi Wiancko": "Q109743502", "Veronika Jaru\u0161kov\u00e1": "Q112366728", "Gabriela Kub\u00e1tov\u00e1": "Q112402908", "Dita Bl\u00e1hov\u00e1": "Q112410295", "Patrycja Piekutowska": "Q60835588", "Mila Georgieva": "Q12286664", "Izabela Puklewicz-\u0141uczak": "Q105940703", "Ally Storch": "Q2649514", "Marta Gonz\u00e1lez Bordonaba": "Q111907487", "Mojca Menoni": "Q12796966", "Anna Zieli\u0144ska": "Q12359273", "Barbara Streil": "Q28841860", "Meret L\u00fcthi": "Q52635429", "Annika Palas-Peltokallio": "Q89979315", "Mirka Malmi": "Q89982847", "Lucie H\u016flov\u00e1": "Q112362021", "Magdalena \u0160vecov\u00e1": "Q112391375", "Maria Puusaari": "Q11880890", "Kristina Kriit": "Q16404282", "Laura Airola": "Q28720663", "Soo-Jin Hong": "Q119859445", "Bohdana Pivnenko": "Q22138096", "Saule Kilaite": "Q3950903", "Marie Dvorsk\u00e1": "Q95181625", "Alena \u010cechov\u00e1": "Q95173030", "Aleksandra Aleksandrovna Savina": "Q4403926", "Himata Ayako": "Q15304316", "Rachel Stegeman": "Q112720841", "Miyuki Motegi": "Q30935266", "Susanne Linssen": "Q18202107", "Brina Nata\u0161a Zupan\u010di\u010d": "Q12786505", "Ta\u0165\u00e1na Roskovcov\u00e1": "Q112556439", "Tali Goldberg": "Q12407697", "Andreja \u0160krbec": "Q18502342", "Bego\u00f1a Riob\u00f3": "Q65275071", "Galip Serim": "Q67327328", "Vera Mart\u00ednez Mehner": "Q95755724", "Ad\u00e9la Drozdov\u00e1": "Q112363689", "Ad\u00e9la \u0160tajnochrov\u00e1": "Q112439644", "Emma Carl\u00e9": "Q116845154", "Eriko Shimizu": "Q11561153", "Julia Schr\u00f6der": "Q52539860", "Edda R\u00fan \u00d3lafsd\u00f3ttir": "Q61972294", "Jennifer Walton": "Q112671301", "Esther Hoppe": "Q18437537", "Airelle Besson": "Q15434980", "Lisa Rydberg": "Q4976071", "Maya Magub": "Q113028360", "Anja Bukovec": "Q12784700", "Carla Leurs": "Q2308082", "Moicel\u00ed Medina": "Q51883477", "Aisslinn Nosky": "Q56644585", "Akiko Ono": "Q4334949", "Jitka \u0160uransk\u00e1": "Q27430349", "Marie-Annick L\u00e9pine": "Q3291535", "Emma de Frumerie": "Q18289944", "Jurdana Otxoa Lopez de Etxezarreta": "Q123861050", "Anne Victorino de Almeida": "Q9616397", "Natalia Korczakowska": "Q11789971", "Ann-Estelle M\u00e9douze": "Q52276439", "Nurit Stark": "Q66310366", "Marja Gaynor": "Q124644007", "Sayako Kusaka": "Q4249187", "Clara Lehnfeld": "Q15794516", "Christelle Lassort": "Q16539252", "Rosa Gudmundsdottir": "Q61973514", "Agnieszka Marucha": "Q60833028", "Maria Solozobova": "Q1896327", "Kristin THora Haraldsdottir": "Q61973173", "Irina Voloshina": "Q113009194", "Karolina Pi\u0105tkowska-Nowicka": "Q119950501", "Isabella Lippi": "Q112670862", "Kate Sloan": "Q113028631", "Maite Larburu": "Q56843216", "Maria Nefiodova": "Q4318174", "Ai Okumura": "Q11445877", "Yoko Kawakubo": "Q107440558", "Jana Von\u00e1\u0161kov\u00e1-Nov\u00e1kov\u00e1": "Q12023468", "L\u00edlia Donkova": "Q10322034", "Laura Buruian\u0103": "Q12731981", "M\u00e1rta Murvai": "Q20480094", "Nora Kudrjawizki": "Q50413492", "Daniela Oerterov\u00e1": "Q112370297", "Rachel Fortin": "Q112462465", "Lieke te Winkel": "Q2647286", "Nadia Wijzenbeek": "Q2882791", "Lotta Virkkunen": "Q75063381", "Hildur \u00c1rs\u00e6lsd\u00f3ttir": "Q61972823", "Mette Kathrine Jensen St\u00e6rk": "Q80284332", "St\u00e9phanie Moraly": "Q68198418", "Monika Hrabov\u010d\u00e1kov\u00e1": "Q95244217", "Sophia Jaff\u00e9": "Q122199", "Ana\u00efs Chen": "Q118390934", "Mar\u00eda Huld Markan Sigf\u00fasd\u00f3ttir": "Q61973326", "Diana Boncheva": "Q19606786", "Mayumi Hirasaki": "Q22120130", "Pauchi Sasaki": "Q70915271", "Rebekka Hartmann": "Q86838400", "Marie Fuxov\u00e1": "Q112476059", "Tamara Polakovi\u010dov\u00e1": "Q112485845", "Dagmar Se\u010dka\u0159ov\u00e1": "Q112499491", "Anna Aleksandrovna Galkina": "Q112518306", "\u0141ucja Madziar": "Q124250966", "Sanne Hunfeld": "Q4458024", "Marlene Hemmer": "Q17300186", "Kate\u0159ina Niklov\u00e1": "Q95087829", "Ky\u014dko Ishigame": "Q11584813", "Johanna Weirich": "Q13103310", "Mikiko Uehara": "Q11358621", "Martina Eisenreich": "Q1905415", "Gergana Gergova": "Q124152802", "Kana Sugimura": "Q28691515", "Maya Bickel": "Q112785741", "Ceren Aksan": "Q26690535", "Lada Fedorov\u00e1": "Q95481584", "Ana Clara Horta": "Q16336459", "Lidia Baich": "Q1823628", "Lilu": "Q11756833", "Martine Lund Hoel": "Q17096788", "Shata QS": "Q20030585", "Sinn Yang": "Q27493794", "Franziska H\u00f6lscher": "Q98515285", "Daniela Puchtov\u00e1": "Q112391364", "Mark\u00e9ta Schubertov\u00e1": "Q112392536", "Martina Ba\u010dov\u00e1": "Q112421285", "Birthe Blom": "Q1973505", "L\u00e1ra S\u00f3ley J\u00f3hannsd\u00f3ttir": "Q61973214", "Anna Romanovsk\u00e1 Fliegerov\u00e1": "Q95157267", "Mari Skeie Ljones": "Q56406848", "Jo Se-eun": "Q12965338", "Viktoria Elisabeth Kaunzner": "Q62068648", "Marina Sarkisova": "Q1898290", "Ewelina Nowicka": "Q119091", "Lilya Bekirova": "Q11840578", "Kathrin ten Hagen": "Q55539859", "Deborah Nemtanu": "Q3020875", "Anastasiia Pylatiuk": "Q25442223", "Miina J\u00e4rvi": "Q31276204", "Zefira Valova": "Q108039694", "Ivana Koval\u010d\u00edkov\u00e1": "Q112390490", "V\u00edt\u011bzslava Pajerov\u00e1": "Q112500855", "Lily Francis": "Q112549730", "Barbara Wro\u0144ska": "Q61944125", "Miho Watanabe": "Q22120910", "Chika Edanami": "Q11533517", "Patsy Reid": "Q16222411", "Ayako Miyashita": "Q11453202", "Katie Kadarauch": "Q113009512", "Marta Elka": "Q29889710", "Wang Zhijiong": "Q4103244", "Aya Sanada": "Q11582768", "Ran Matsumoto": "Q11531302", "\u00c1gnes Kosza": "Q12357114", "Barbora Kl\u00e1rov\u00e1": "Q95094782", "Herd\u00eds Anna J\u00f3nasd\u00f3ttir": "Q61972806", "Honoka Sato": "Q107458487", "Anna Maria Sta\u015bkiewicz": "Q9155446", "Maria Azova": "Q1895681", "Gunnhildur Dadadottir": "Q61972680", "Sat\u00e9nik Khourdo\u00efan": "Q88312526", "Verena Marisa Schmidt": "Q95199749", "Marie-Luise Dingler": "Q101172531", "Natalie Klouda": "Q107304071", "Manami Ito": "Q123686272", "Pauline Reguig": "Q2063807", "Lisanne Soeterbroek": "Q2064400", "Cecilia Bernardini": "Q4688567", "Hiroko Takahashi": "Q11671516", "Bogna Kicinska": "Q18225312", "Daniela Grygarov\u00e1": "Q112544197", "Mari-Katrina Suss": "Q16405575", "Jonsu": "Q2660099", "Izzy Judd": "Q10304550", "Ryoko Okouchi": "Q24899932", "Nadja Nevolovitsch": "Q3334977", "Jae-In Shin": "Q105534662", "Lenka Matelov\u00e1": "Q95464352", "Kami": "Q64786639", "Ayako Ishikawa": "Q17192983", "Kyoko Yonemoto": "Q11604005", "Serena McKinney": "Q113028166", "Pavla Dubn\u00e1": "Q95383658", "Sarah Spitzer": "Q15434307", "Mandhira de Saram": "Q66119450", "Ingrid Karlsd\u00f3ttir": "Q61972960", "Kristina Czajkowsk\u00e1": "Q95140767", "Gu\u00f0bj\u00f6rg Hl\u00edn Gu\u00f0mundsd\u00f3ttir": "Q61972457", "Helga \u00de\u00f3ra Bj\u00f6rgvinsd\u00f3ttir": "Q61972798", "Myvanwy Ella Penny": "Q1296629", "Miriam Macaia": "Q10330643", "Julia Lacherstorfer": "Q39018755", "Helmi Horttana": "Q89980773", "Jennifer Mecija": "Q110008561", "Judith van der Klip": "Q2325725", "Lisa Jacobs": "Q2364999", "Simone Lamsma": "Q2759973", "Linda B\u00e4rlund": "Q11875933", "Liis Joamets": "Q16403030", "Maria Milstein": "Q28758295", "Sjaan Oomen": "Q120064513", "Eva Kerlick\u00e1": "Q95139194", "Yukino Kamii": "Q11358431", "Dorina Markoff": "Q118645160", "Solenne Pa\u00efdassi": "Q16677406", "Antonia-Alexa Georgiew": "Q598198", "J\u00fal\u00eda Traustad\u00f3ttir": "Q61973067", "Lina Matsuda": "Q11532105", "Stephanie Matthews": "Q115212060", "Aili J\u00e4rvel\u00e4": "Q108920402", "Laufey Jensd\u00f3ttir": "Q61973199", "Besa Cane": "Q2899824", "Mayu Kishima": "Q1951162", "Eri Takimura": "Q11566334", "Rosanne Philippens": "Q2614945", "Aiko Kamishikiry\u014d": "Q11359049", "Akiko Yamada": "Q11470421", "Sini-Maaria Simonen": "Q11893615", "Elisa J\u00e4rvel\u00e4": "Q11857444", "Adriana Atilano": "Q5658314", "Vineta Sareika": "Q3560003", "Tamsin Waley-Cohen": "Q76204477", "Hanine El Alam": "Q109257798", "Tae Koseki": "Q11464387", "Eva \u00de\u00f3rarinsd\u00f3ttir": "Q61972410", "El\u00e9onore Darmon": "Q3051928", "Ai Takeuchi": "Q11598887", "Yuki Manuela Janke": "Q11516402", "Ariadna Alsina Tarr\u00e9s": "Q54932595", "Stephanie Pracht": "Q123298037", "Leah Ottman": "Q103863920", "Unnur Birna Bj\u00f6rnsd\u00f3ttir": "Q61973859", "Mayuko Suenobu": "Q11519726", "Misa Yan": "Q11538358", "Maria Machowska": "Q11769019", "Barbora Boto\u0161ov\u00e1": "Q108538418", "Ingrid Berg Mehus": "Q61006167", "Suyoen Kim": "Q4220653", "Soo Yeon Kim": "Q97204223", "Mari Poll": "Q85990681", "Rusanda Panfili": "Q59600812", "Triin Ruubel": "Q85068093", "Hasti Molavian": "Q102107271", "Danae Papamatth\u00e4ou-Matschke": "Q108117242", "Barbora Kol\u00e1\u0159ov\u00e1": "Q112391382", "Andrea Berbois": "Q125298438", "Liv Migdal": "Q997932", "Luosha Fang": "Q107581480", "Lisa Liu": "Q113021309", "Eygl\u00f3 D\u00f3ra Dav\u00ed\u00f0sd\u00f3ttir": "Q61972415", "Sunna R\u00e1n Stef\u00e1nsd\u00f3ttir": "Q61973814", "Ane\u017eka N\u00e1hl\u00edkov\u00e1": "Q105658581", "Marie-Helen Aavakivi": "Q125522703", "Tina \u010ceh": "Q28039843", "Germana Porcu": "Q76645875", "Ami Ito": "Q11465361", "Yuki Hanai": "Q11615119", "Aya Suzuki": "Q11648830", "Eeva Talsi": "Q16406011", "Merel Vercammen": "Q50166264", "Shion Minami": "Q11408355", "Phela": "Q21755460", "Athena Corcoran-Tadd": "Q107697786", "Anna Urpina": "Q121066802", "Nanako Kato": "Q29526011", "Ny\u00e1ri Bernadett": "Q84217343", "Francesca Dego": "Q16557053", "Leah Zeger": "Q113187343", "Alina \u0160ob\u00ed\u0161kov\u00e1": "Q123427584", "Sara Parkman": "Q54925917", "Haruka Nagao": "Q11651848", "Lady Flora Curzon": "Q75316975", "Mark\u00e9ta Janou\u0161kov\u00e1": "Q66309252", "Kateryna Timokhina": "Q56151304", "Samantha Ohlanders": "Q55178471", "Fiona Monbet": "Q3072713", "Miki Kobayashi": "Q11461817", "Yeisy Rojas": "Q112073362", "Petra Kova\u010di\u010d": "Q119572834", "Azadeh Maghsoodi": "Q5940809", "Shiori Terauchi": "Q11457722", "Sara Etel\u00e4vuori": "Q65576704", "Johanna Pichlmair": "Q87194478", "Ma\u0142gorzata Wasiucionek": "Q65190557", "Crystal Brooke Alforque": "Q113187733", "Ribon Aida": "Q115529301", "Elizabeth Hedman": "Q113029034", "Mariana BO": "Q104667018", "Therese Hugosson": "Q124394285", "Jessica McJunkins": "Q113187934", "Amarins Wierdsma": "Q2663307", "Maria W\u0142oszczowska": "Q27537264", "Hulda J\u00f3nsd\u00f3ttir": "Q61972878", "Marie Pachnerov\u00e1": "Q95087753", "Jun Momose": "Q41698653", "Mei": "Q17218164", "Miriam Helms \u00c5lien": "Q43302203", "Ir\u00e8ne Duval": "Q30729341", "Kyoko Ogawa": "Q125830067", "Veronika Linhartov\u00e1": "Q96475526", "Asnate Ranc\u0101ne": "Q116919067", "Alena Hron": "Q83837066", "\u0531\u057d\u057f\u0572\u056b\u056f \u054a\u0585\u0572\u0578\u057d\u0565\u0561\u0576": "Q119856379", "Amelia Maszo\u0144ska": "Q29079461", "Lilja Mar\u00eda \u00c1smundsd\u00f3ttir": "Q61973225", "Olga \u0160roubkov\u00e1": "Q31175728", "Gabriella Laberge": "Q23816455", "Shuko Kobayashi": "Q113390472", "Emily Acri": "Q101028626", "Sumire Hirotsuru": "Q109600061", "Sylvia Huang": "Q63796917", "Julie Sv\u011bcen\u00e1": "Q95218316", "Fumika Mohri": "Q29962984", "Celina Kotz": "Q56255679", "Elisabeth Lindner": "Q1330101", "Tsar B": "Q32316000", "Anne-Kristin Grimm": "Q113144733", "\u00c8lia Bastida": "Q118309276", "Katariina Maria Kits": "Q16403333", "Hildegarde Fesneau": "Q99629080", "Ceyla Seyidova": "Q113951532", "Rannveig Marta Sarc": "Q61973499", "Tereza Mare\u010dkov\u00e1": "Q63725270", "S\u00f3lveig Stein\u00fe\u00f3rsd\u00f3ttir": "Q61973768", "Svenja Staats": "Q21608338", "Rapha\u00eblle Moreau": "Q107531537", "Manon Galy": "Q117885084", "Kitiara Braune": "Q18221455", "Sonoko Miriam Welde": "Q66604774", "Lalita Svete": "Q1801243", "Martina Miedl": "Q62059707", "Anna Egholm": "Q16063236", "Anja Isteni\u010d": "Q32858870", "Esther Abrami": "Q112010400", "Ava Bahari": "Q16159726", "Sumina Studer": "Q64348354", "Murasaki Fukuda": "Q67498493", "Ayana Tsuji": "Q113656368", "Lidewij de Vos": "Q126002219", "Anna-Luisa Mahaffy": "Q559047", "Julie Berthollet": "Q85910459", "Olatz Ruiz de Gordejuela": "Q116007775", "Zuzanna Budzy\u0144ska": "Q114209452", "Marjorie Bourque": "Q108379721", "Ashling Murphy": "Q110550275", "August\u0117 Emilija Janonyt\u0117": "Q12649548", "Molly Rogers": "Q113187164", "Yurika Shima": "Q97272636", "Ai Takamatsu": "Q111113911", "Camille Berthollet": "Q18744642", "Milica Zulus": "Q20639012", "Lara Boschkor": "Q55987014", "Ana-Maria Bell": "Q56120068", "Hana Hlo\u017ekov\u00e1": "Q106446745", "Patricia Cordero": "Q106892697", "Belle Ting": "Q116215058", "Anti von Klewitz": "Q574802", "Ariane Pfister-Benda": "Q655785", "Asuka Kaneko": "Q730922", "Elina Kalendareva": "Q1329515", "Marija Naver\u0161nik": "Q12795746", "Melissa Majoni": "Q12796340", "Silva Katavi\u0107": "Q12802678", "Barbara Zalaznik Matos": "Q18507829", "Julia Fr\u00f6lich": "Q106604132", "Hirone Yanagisawa": "Q125995112", "Lucilla Rose Mariotti": "Q59241125", "Shira Fertel": "Q109581604", "In\u00e9s Issel Burzy\u0144ska": "Q115462238", "\u041f\u043e\u043b\u0438\u043d\u0430 \u0420\u0430\u0444\u0430\u044d\u043b\u0435\u0432\u043d\u0430 \u0421\u0435\u043d\u0430\u0442\u0443\u043b\u043e\u0432\u0430": "Q18277522", "Kl\u00e1ra Erdingerov\u00e1": "Q112548266", "Hina Maeda": "Q123348746", "Luna van Leeuwen": "Q61653611", "Kalliopi Rigou": "Q126100214", "Alexandra Cooreman": "Q56258051", "Nicole Biegniewska": "Q113628596", "\u0130dil Ar\u0131can": "Q83545117", "Aminata Kanneh-Mason": "Q123995556", "Pauline van der Rest": "Q125847145", "G\u00f6k\u00e7e Duru Tatar": "Q83547576", "Haley Richardson": "Q104538561", "Pilar Policano": "Q118564350", "Karolina Protsenko": "Q91313507", "Himari Yoshimura": "Q109598954", "Marin Mars": "Q2136459", "Athena Tergis": "Q2512242", "\u05e2\u05e0\u05ea \u05de\u05dc\u05db\u05d9\u05df-\u05e2\u05dc\u05de\u05d0\u05e0\u05d9": "Q6637232", "Julia Galic": "Q10312828", "Qian Zhou": "Q10564152", "Tsukasa": "Q11251505", "Naomi Hanashima": "Q11275666", "Chizuko Shimotomai": "Q11360926", "Kimiko Nakazawa": "Q11366557", "Madoka Sat\u014d": "Q11383551", "Rina Sat\u014d": "Q11383741", "Aya Yoda": "Q11385530", "Rena Kat\u014d": "Q11399401", "Sayaka Chiba": "Q11406104", "Junko Chiba": "Q11406706", "Tomoko Yoshimura": "Q11413293", "\u5927\u6797\u4fee\u5b50": "Q11436192", "Sachiyo Oku": "Q11445802", "Kineko Okumura": "Q11445853", "Ky\u014dko Une": "Q11449438", "Chie Abiko": "Q11450676", "Sh\u014dko Aki": "Q11451209", "Yui Kosugi": "Q11460990", "Ikuko Yamamoto": "Q11469380", "Rinko Kishi": "Q11475792", "Kumiko Et\u014d": "Q11492426", "Yukiko Morimoto": "Q11539819", "Kumi Sugiyama": "Q11540876", "Marina Minakawa": "Q11580950", "Akiko Tatsumi": "Q11637870", "Sayaka Katsuki": "Q11667604", "Kaori Takahashi": "Q11671718", "Natalia Ju\u015bkiewicz": "Q11789969", "Johanna Koivu": "Q11866666", "Pirkko Kontkanen": "Q11888241", "Rusn\u0117 Mataityt\u0117": "Q12671949", "Fujiko Imajishi": "Q15113826", "Solomia Soroka": "Q15150330", "Ismini Chysichoou - Carter": "Q16328429", "Lydia Boudouni": "Q16328939", "Minna Pensola": "Q16989751", "Hiroka Mio": "Q17211309", "Hirono Mio": "Q17211314", "Min Jung Park": "Q17238165", "Mizuki Mizutani": "Q17687543", "Cecilia Guida": "Q18243104", "Rieko Suzuki": "Q18337120", "Angharad Jenkins": "Q18535720", "Bernadette El\u00f6d": "Q18684177", "Mi-kyung Lee": "Q18960389", "Ning Fangliang": "Q19851357", "Keiko Suzuki": "Q20040806", "Ren\u00e9e Delerbat": "Q20630180", "Beata Pater": "Q21288214", "Yumi Negoro": "Q21701219", "Chie Hinotsume": "Q22126148", "Elmira Darvarova": "Q25478341", "Lonny Ratz": "Q25803463", "Fran\u00e7oise Cupis de Camargo": "Q27995027", "Deborah Hurwitz": "Q28043122", "Albena Danailova": "Q28083643", "Elena Rey": "Q28835657", "Hitoko Hoshino": "Q30923353", "Andrea Rebekka Alsted": "Q47906633", "Stephanie Joske": "Q50407074", "Carmen Flores": "Q51137741", "Marrie Mooij": "Q52494004", "Melise Mellinger": "Q52635809", "Kristine Heeb\u00f8ll": "Q54982696", "Eunice Wennermark": "Q55102106", "Muriel Ferraro": "Q55151939", "\u6e05\u6c38\u3042\u3084": "Q55536735", "\u0424\u0440\u0435\u043d\u043a\u0435\u043b\u044c \u0406\u0440\u0438\u043d\u0430 \u0412\u043e\u043b\u043e\u0434\u0438\u043c\u0438\u0440\u0456\u0432\u043d\u0430": "Q55609648", "Josephine Toth": "Q55770205", "Nakako Yokoyama": "Q56348075", "Angela Jaff\u00e9": "Q56422397", "Kim Yu-yeong": "Q56812340", "V\u00e9ronique Daverio": "Q59588045", "Laura Stieler": "Q60833710", "Patrycja S\u0142omczy\u0144ska": "Q60835050", "Migen Selmani": "Q60939129", "Vera Vaidman": "Q61126932", "Kamila Bydlowska": "Q61776024", "Gu\u00f0r\u00fan \u00c1rnad\u00f3ttir": "Q61972556", "Gu\u00f0r\u00fan \u00de\u00f3rarinsd\u00f3ttir": "Q61972671", "S\u00f3lr\u00fan Gunnarsd\u00f3ttir": "Q61973750", "Mona Abbassi": "Q63241796", "Maria Ritzenthaler": "Q63283866", "Diana Cummings": "Q63344681", "Antoinette Lohmann": "Q64768832", "Yumi Matsutani": "Q65271545", "Mi-sa Yang": "Q65581093", "Siljamari Heikinheimo": "Q65583940", "Yurie Hu": "Q65659174", "Emma Sempere": "Q66910338", "Grith Dirkinck-Holmfeld": "Q67621930", "Pauline Kim Harris": "Q71136487", "Gabrielle Lafait": "Q74609708", "Eleanor Consuelo Cummins": "Q75895633", "Soojin Han": "Q79404641", "Marguerite Chavannes": "Q83036135", "Mishina Ueno": "Q84465526", "Taija Angervo": "Q89770920", "Emma V\u00e4h\u00e4l\u00e4": "Q89772354", "Paula Sundqvist": "Q89773215", "Taru Loppela": "Q89773726", "Leena Jaakkola": "Q89774914", "Reeta Maalismaa": "Q89775613", "Elina P\u00e4kkil\u00e4": "Q89776425", "Kaisa Kallinen": "Q89978658", "Camilla Carlsson": "Q89979797", "Eeva Haapam\u00e4ki": "Q89980184", "Anne Paavilainen": "Q89983763", "Salla Savolainen": "Q89985589", "Tuija Vikman": "Q89986053", "C\u00e9cile Kubik": "Q92451288", "Irene Abrigo": "Q93918781", "Marion Ibrahim": "Q94738557", "M\u00e9lanie Brelaud": "Q94950393", "Risa Matsuura": "Q95163032", "Lena Yokoyama": "Q95163227", "Elisabeth Egk": "Q95196750", "Sabine Lorentz": "Q95651427", "Esther Feustel": "Q95655310", "Kuo-Hsiang Hung": "Q95672965", "Rosie Langley": "Q95673443", "Elsie Playfair": "Q95682358", "Kathleen Parlow": "Q95699338", "Sophie Humler": "Q95699598", "Marie Molendo": "Q95700167", "Andrea-Martha Wittner": "Q95704348", "Carlotta Stubenrauch": "Q95745970", "Gunhild Hoelscher": "Q95750197", "Marianne Boettcher": "Q95751928", "Nina Eichholz": "Q95756383", "Pauline Fleming-Unelius": "Q98677073", "Han Shi": "Q98677664", "Soh-Hyun Park Altino": "Q98738889", "Bettina Ythier-Retsin": "Q99775218", "Alexandra Lacouchie": "Q100536578", "Aelis Loddo": "Q100537726", "Lucia La Rezza": "Q100589708", "Maureen Smith": "Q101529043", "Ermelinda Scolari": "Q102280939", "Vittoria De Bono's": "Q102281262", "Angela Gabriolo": "Q102281542", "Gerta Schlosser": "Q102281707", "Anahi Carfi": "Q102285312", "Elena Lipizer": "Q102287030", "Sophie Zaaijer": "Q102343409", "Hyejin Chung": "Q104155643", "Valerie Rigg": "Q104398257", "Cl\u00e1udia Barcellos": "Q104521948", "Yuki Numata Resnick": "Q104706557", "Lucie Sedl\u00e1kov\u00e1 H\u016flov\u00e1": "Q105317853", "Veronica Ungureanu": "Q105320956", "Gudrun H\u00f6bold": "Q105394242", "Vanessa Marcoux": "Q105394711", "Gail Samuel": "Q105575920", "Waka Takahashi": "Q105711111", "Michalina Radzi\u0144ska": "Q105925345", "Amanda Tovalin": "Q105979932", "Hae-Sun Kang": "Q106168529", "Diane Monroe": "Q106576647", "Hanna Khuri Ph.D.": "Q106584800", "Bronwen Pugh": "Q106791712", "Melissa J\u00f5esaar": "Q106881060", "Nilay Sancar": "Q106977123", "Pelin Halkac\u0131 Ak\u0131n": "Q106977176", "Miriam Dvorin-Spross": "Q106991930", "Marie-\u00c8ve Poupart": "Q107060739", "B\u00e9n\u00e9dicte Lauzi\u00e8re": "Q107061230", "Joshua Peters": "Q107061407", "Marianne Di Tomaso": "Q107071537", "Elizabeth Skinner": "Q107071636", "Teresa Wang": "Q107071971", "Lynette Israilian": "Q107072099", "Marie Nadeau-Tremblay": "Q107075196", "Leslie Ashworth": "Q107136060", "\u00c9milie Auclair": "Q107136585", "Ariel Horowitz": "Q107275126", "Johanna Bohnen": "Q107415944", "Joanne Roughton-Arnold": "Q107471936", "Svetlana Simannovsky": "Q107515861", "Elena Mazor": "Q107520405", "Shirley Lee": "Q107546506", "Mary Theodore": "Q107669171", "Andrea Tersigni": "Q107833246", "Sarah McFadyen": "Q108509963", "Hei\u00f0run Petersen": "Q108545053", "Jitka Malczyk": "Q108584873", "Barbara Jane Gilby": "Q108883877", "Nicole Garcia": "Q109324256", "Jane Hazelwood": "Q109421982", "Irene Wilhelmi": "Q109448471", "Muri\u00ebl van Hemel": "Q109556246", "Cathy Sky": "Q109673695", "Akkarai S Sornalatha": "Q110118496", "Leonor de Lera": "Q110713841", "Vera Lytovchenko": "Q111143937", "Liya Petrova": "Q111194726", "Simone von Rahden": "Q111247980", "Christina Noe": "Q111270908", "Amanda Toval\u00edn": "Q111286514", "Am\u00e9lie Lamontagne": "Q111294875", "Edith Fitzgerald": "Q111296383", "Oriana Masternak": "Q111534951", "Y\u016bko Araki": "Q111611030", "Natalia Riazanova": "Q111685950", "Elfrieda B. Mestechkin": "Q111692423", "Becky Tracy": "Q111920138", "Simone Filon": "Q112173923", "Danuta Glowacka-Pitet": "Q112324040", "Jolanta Sosnowska": "Q112574341", "Anna Rheingans": "Q112659686", "D\u01b0\u01a1ng Th\u1ecb B\u00edch H\u1ea1nh": "Q112916323", "Julia Deyneka": "Q112971556", "Aleksandra B\u0142achno": "Q113050465", "Anna-Maria Kotani": "Q113161351", "Sophia Kraus": "Q113161363", "Isabella Kubiak": "Q113161440", "Corinna Hentschel-Stavi": "Q113169930", "Irena Szwarc": "Q113528036", "Tanwen Evans": "Q113612072", "Inez Lauritano": "Q114018074", "Carmen Fort\u00e9": "Q114050516", "S\u0101ra Ra\u0161ina": "Q115295797", "Sophie Lukacs": "Q115386454", "Zo\u00e9 Dumais": "Q115565393", "Maria Suwara": "Q115768808", "Adelina Domingo Pons": "Q115775064", "Barbara \u015aliwicka-Wysocka": "Q115920997", "Ewa Szubra-Jargo\u0144": "Q115974026", "Cinzia Barbagelata": "Q116455910", "Simona Gilardi": "Q116455935", "Gehad Al-Khaldi": "Q116919078", "Roxanne Sicard": "Q116971666", "Chlo\u00e9 Chabanole": "Q117023318", "Elena": "Q117103625", "Monika Vr\u00e1nov\u00e1": "Q117312861", "Sophie Lavoie": "Q117348391", "Leni Edersheim": "Q117747503", "Claire Kohda": "Q117795758", "Marcelina Augustyn": "Q117803235", "Nanette Schmidt-Seibt": "Q117809158", "Sophie de Bardonn\u00e8che": "Q119011317", "Marilyn Dubow": "Q119267487", "Basia Bartz": "Q120500539", "Jaroslava Trojanov\u00e1": "Q120588705", "Sylva \u0160vejdarov\u00e1": "Q120590281", "Emma Lively": "Q120601963", "Marta \"Jones\" \u010cis\u00e1rikov\u00e1": "Q120606678", "Hana Sh\u00e1n\u011blov\u00e1": "Q120610327", "Marie Dunovsk\u00e1": "Q120610720", "Blanche": "Q120612421", "Claire Paphitis": "Q120612630", "Hana Bedna\u0159\u00edkov\u00e1": "Q120616764", "Tessa Petersen": "Q121076540", "Sandra Noeline Crawshaw": "Q121078298", "Sophia Prodanova": "Q121133998", "Maider L\u00f3pez Delgado": "Q122669899", "Izabela Zasztowt": "Q122677950", "Matilda Daiu": "Q122782783", "Barbora \u0160tevanka Kadl\u00ed\u010dkov\u00e1": "Q122916874", "Diana Mary Gash": "Q123023150", "Ling Ling Huang": "Q123151732", "Alissa Vaitsner": "Q123515699", "Annie Staninec": "Q123550787", "Lea-Sophie Fischer": "Q123575726", "Karin Hellqvist": "Q123683043", "Mikiko Ise": "Q123694294", "Emilia Frassinesi": "Q123907475", "Mariela Shaker": "Q123927256", "Pernilla Kannapinn": "Q123981293", "Doireann N\u00ed Ghlac\u00e1in": "Q124102070", "R\u00e9mi Prad\u00e8re": "Q124791459", "Astrid Kirschner": "Q124834109", "Wiebke Thorm\u00e4hlen": "Q125097768", "Meruert Karmenova": "Q125189387", "Gabriela D\u00edaz": "Q125544229", "Ella Marie Gray": "Q125544406", "Marianne Granvig": "Q125704002", "Gina Forsyth": "Q125849845", "Dina Ender": "Q125976237", "M\u00e4rtha Fogelholm": "Q126361263"}