{"Helga K\u00f6pstein": "Q114809", "Renate Johne": "Q1353388", "Erika Kustatscher": "Q1354418", "Evamaria Engel": "Q1379632", "Hanna Vollrath": "Q1385062", "Marita Blattmann": "Q1434397", "Ruth Schmidt-Wiegand": "Q1435139", "R. V\u00e1rkonyi \u00c1gnes": "Q1243955", "Heidelore B\u00f6cker": "Q1261696", "Karin Dengler-Schreiber": "Q1275891", "Irmgard H\u00f6\u00df": "Q1289267", "Ingrid Baumg\u00e4rtner": "Q1314099", "Elisabeth Vavra": "Q1330334", "Meta Niederkorn-Bruck": "Q1331468", "Elke Goez": "Q1331486", "Emmy Heller": "Q1338964", "\u00c9va Garam": "Q291107", "Amalie F\u00f6\u00dfel": "Q453040", "Anne Kolb": "Q565490", "Annette Kehnel": "Q566610", "Annette Zurstra\u00dfen": "Q566728", "Bea Lundt": "Q812818", "Birgit Studt": "Q865350", "Brigitte Kasten": "Q916397", "Sabine Schultz": "Q967912", "M\u00e1rta Font": "Q1002724", "Carin Fahlin": "Q1036180", "Claudia Garnier": "Q1097467", "Claudia Theune": "Q1097823", "Claudia Zey": "Q1097894", "Cornelia Kneppe": "Q1133361", "Giulia Barone": "Q3769234", "Ileana Pagani": "Q3796379", "Laura Breglia": "Q3827743", "Viada Arutyunova-Fidanyan": "Q4070498", "Faina Kogan-Bernshteyn": "Q4226020", "Yelena Melnikova": "Q4289916", "Alla Romanchuk": "Q4397434", "Elena Skrzhinskaya": "Q4422504", "Monique Zerner": "Q3320950", "Zinaida Udalcova": "Q4469268", "Anne-Sofie Gr\u00e4slund": "Q4951151", "Thorgunn Sn\u00e6dal": "Q4979414", "Maricela Ayala Falc\u00f3n": "Q5998106", "Antonella Ghignoli": "Q6472265", "Agnieszka Kijewska": "Q9142289", "Christina Elliott Sorum": "Q21524499", "Catharine Saunders": "Q21524436", "Catherine Torrance": "Q21524440", "Franziska Schmidt-Dick": "Q1450181", "Friederike Zaisberger": "Q1457111", "Gabriele Wesch-Klein": "Q1490628", "Marieluise Dei\u00dfmann-Merten": "Q1492424", "Georgine Tangl": "Q1509389", "Gerlinde Schlenker": "Q1513760", "Heide Dienst": "Q1593890", "Ingrid Heidrich": "Q1594284", "Helene Wieruszowski": "Q1602024", "Helga Gesche": "Q1602172", "Irene Crusius": "Q1672495", "Irmgard Fees": "Q1673000", "Isidora Rosenthal-Kamarinea": "Q1673944", "Alheydis Plassmann": "Q1680560", "Lois V. Williams": "Q21524569", "Mabel Kate Whiteside": "Q21524577", "Margaret Elizabeth Taylor": "Q21524582", "Natalie Gifford Wyatt": "Q21524629", "Mary A. Grant": "Q21524590", "Mary G. Goggin": "Q21524596", "Mary Pearl": "Q21524598", "Maureen O'Donnell": "Q21524602", "Edith Kovach": "Q21524557", "Edith Owen Wallace": "Q21524562", "Eliza Gregory Wilkins": "Q21524607", "Elizabeth C. Evans": "Q21524610", "Mildred Dean": "Q21524614", "Emily H. Dutton": "Q21524615", "Gladys Martin": "Q21524767", "Sister St. John": "Q21524803", "Susan Dinsmore Tew": "Q21524832", "Susan P. Cobbs": "Q21524836", "Sylvia W. Gerber": "Q21524838", "Grace Lucile Beede": "Q21524782", "Annette Gerok-Reiter": "Q20742598", "Sally McKee": "Q20743722", "Vera Pavlovna Budanova": "Q20980679", "\u00ccna Lean\u00ecda\u016dna Kale\u010dyc": "Q21223553", "Bianca K\u00fchnel": "Q21255661", "Henrike Manuwald": "Q21261157", "Pavl\u00edna Rychterov\u00e1": "Q21264499", "Regula Schmid Keeling": "Q21264508", "Sabrina Corbellini": "Q21264621", "Karen Jankulak": "Q21295006", "Aneta Pieni\u0105dz": "Q21497312", "Adeline Belle Hawes": "Q21524304", "Alberta Mildred Franklin": "Q21524324", "Anne Reinberg Parry": "Q21524359", "Ava Chitwood": "Q21524387", "Betty Nye Quinn": "Q21524409", "Carin M. C. Green": "Q21524419", "Sally MacEwen": "Q21524806", "Julia Gauss": "Q1711843", "Maria Regina Kaiser": "Q1896256", "Martina Hartmann": "Q1905437", "Mathilde Uhlirz": "Q1908722", "Mechthild Black-Veldtrup": "Q1915613", "Sigrid Hirbodian": "Q2285321", "Stephanie Haarl\u00e4nder": "Q2344161", "Jos\u00e8phe Jacquiot": "Q2381210", "Uta Halle": "Q2502761", "Verena Epp": "Q2515248", "Waltraut Bleiber": "Q2547654", "Bunna Ebels-Hoving": "Q2634528", "Anna-Dorothee von den Brincken": "Q2653111", "Denise P\u00e9ricard-M\u00e9a": "Q3023082", "Emmanuelle Baumgartner": "Q3052934", "Genevi\u00e8ve B\u00fchrer-Thierry": "Q3100608", "Jacqueline Caille": "Q3157687", "Alessandra Veronese": "Q27609554", "Ingrid Bennewitz": "Q27826935", "Valerie French": "Q27887488", "Alicja Szymczak": "Q22114996", "Kathrin Utz Tremp": "Q22915150", "Isabel Rod\u00e0 de Llanza": "Q22965123", "Margaret E. Reesor": "Q27887671", "Claudia Alraum": "Q28030904", "V\u00e9ronique Beaulande-Barraud": "Q28122668", "Libu\u0161e Hrabov\u00e1": "Q28476011", "Julie Lund": "Q28820016", "Olga Weijers": "Q28843123", "Mar\u00eda Eugenia Lacarra": "Q28969393", "Dorothea Wender": "Q29042471", "Ksenia Khvostova": "Q29359669", "Izabela Skierska": "Q29549600", "Micheline van Effenterre": "Q29933983", "Emma L\u00e9derer": "Q23045916", "Wilhelmine Hagen": "Q23071665", "Mant\u014d Oikonomidou": "Q24089371", "Anna Esposito": "Q24206475", "Anna Kowalska-Pietrzak": "Q24451886", "Jadwiga Krzy\u017caniakowa": "Q24451907", "Ma\u0142gorzata Mazurczak": "Q24577078", "Stella Maria Szacherska": "Q24949641", "Ru\u017ea \u0106uk": "Q25459859", "Brigide Schwarz": "Q26214205", "Ulrike Peter": "Q26839360", "Angela Berthold": "Q26839510", "James Bruce Ross": "Q63213455", "Margherita Lecco": "Q63242078", "Freda Anderson": "Q63279132", "Maja B\u00e4ckvall": "Q63343883", "Gabriella Airaldi": "Q63372008", "Ana Arranz Guzm\u00e1n": "Q63383199", "Anna Benvenuti Papi": "Q63385375", "Lidiya Olavskaya": "Q63433588", "Deborah Mauskopf Deliyannis": "Q63433673", "Enrica Salvatori": "Q63683277", "Adela F\u00e1bregas Garc\u00eda": "Q63712140", "Maria Cristina Molinari": "Q63922252", "Lisa Fagin Davis": "Q63928342", "Irene Garc\u00eda Losqui\u00f1o": "Q63969704", "Lisbeth M. Imer": "Q63969736", "Lucinda H. S. Dean": "Q63975210", "Mary Cunningham": "Q64019970", "Theresa Earenfight": "Q64211886", "Anna Maria Babbi": "Q64219763", "Suzanne Lewis": "Q64404128", "Stella Panayotova": "Q64449396", "Maria Giuseppina Muzzarelli": "Q64495083", "Alessia Bauer": "Q64504154", "Laila Kitzler-\u00c5hfeldt": "Q64504271", "Mindy MacLeod": "Q64504327", "Elise Kleivane": "Q64504455", "Kristel Zilmer": "Q64504571", "Karen St\u00f6ber": "Q64533633", "Sally Crawford": "Q55857328", "Kathryn L. Reyerson": "Q55940060", "Isabel Alfonso": "Q55949345", "Jacqueline Hamesse": "Q55949421", "Isabel Beceiro Pita": "Q55990804", "Margarita Fern\u00e1ndez Mier": "Q55990966", "Consuelo W. Dutschke": "Q55998301", "Marina Brownlee": "Q55999632", "Marie-Aude Mon\u00e9gier du Sorbier": "Q55999754", "Dani\u00e8le Alexandre-Bidon": "Q56000027", "Carmen Orcastegui": "Q56000707", "Mar\u00eda Asenjo Gonz\u00e1lez": "Q56000911", "Abby Moore Goodwin": "Q56034570", "Eleanor Jane Goltz Huzar": "Q56036983", "Susan M. Youngs": "Q56036987", "Anne Lebeck": "Q56036998", "Claudie Duhamel-Amado": "Q56501608", "Vincenza Lucherini": "Q56634498", "Joanne Kirton": "Q56650056", "Elaine C. Block": "Q56669225", "Charlotte D'Evelyn": "Q56669333", "Louise Berglund": "Q56696528", "Odile Maufras": "Q56697183", "Catherine Rider": "Q56748023", "Letizia Pani Ermini": "Q56758563", "Sonja Marzinzik": "Q57305480", "Rhiannon Comeau": "Q57305484", "Angela Donati": "Q57386911", "Anne Lawrence-Mathers": "Q57412339", "Sylviane Messerli": "Q57420241", "Isabel de Barros Dias": "Q57470353", "Bernadette Mora": "Q57511912", "Zsuzsanna Reed Papp": "Q57626870", "Kathleen Thompson": "Q57773118", "Irene Fabry-Tehranchi": "Q58146404", "Catharine Lorber": "Q58415213", "Simone Scheers": "Q58477586", "Marie-Laurence Haack": "Q59506903", "Claudia Barsanti": "Q59527486", "Donka Petkanova": "Q59530822", "Anna Drzewicka": "Q59533123", "Erika Uitz": "Q59533427", "Annamaria Ambrosioni": "Q59533846", "Sarah Salih": "Q59610252", "Mary Martin McLaughlin": "Q59627127", "Laury Sarti": "Q59653610", "C\u00e9cile Treffort": "Q59927177", "Alice Kemp-Welch": "Q60194689", "Mariateresa Fumagalli Beonio Brocchieri": "Q61063766", "Dorothee Arnold": "Q61122104", "Gail Ashton": "Q61122760", "Maria Schnitter": "Q61140036", "Maria Stella Cal\u00f2 Mariani": "Q61474069", "Silvana Collodo": "Q61474887", "Lia Raffaella Cresci": "Q61475056", "Isa Lori Sanfilippo": "Q61477187", "Anna Pontani": "Q61481413", "Iris Mirazita": "Q61787833", "Katherine Weikert": "Q61938815", "Audrey M. Baker": "Q62009234", "Blanca Gar\u00ed": "Q62392869", "\u0422\u043e\u0433\u043e\u0435\u0432\u0430, \u041e\u043b\u044c\u0433\u0430 \u0418\u0433\u043e\u0440\u0435\u0432\u043d\u0430": "Q62714265", "Mar\u00eda Isabel del Val Valdivieso": "Q62836672", "Jacqueline Morineau": "Q63115553", "Anne D. Hedeman": "Q63197366", "Anna Rutkowska-P\u0142achci\u0144ska": "Q9155635", "Ewa Maleczy\u0144ska": "Q9256757", "Helena Polaczk\u00f3wna": "Q9287392", "Teresa Micha\u0142owska": "Q9357334", "Teresa Woli\u0144ska": "Q9357381", "Urszula Borkowska": "Q9367158", "Wanda Wolska Conus": "Q9370851", "Fiona MacDonald": "Q10282583", "Anna Pob\u00f3g-Lenartowicz": "Q11686272", "Danuta Borawska": "Q11692846", "El\u017cbieta Jung": "Q11696748", "Halina Evert-Kappesowa": "Q11708436", "Hanna K\u00f3\u010dka-Krenz": "Q11708562", "Irena Su\u0142kowska-Kurasiowa": "Q11713839", "Lidia Korczak": "Q11756557", "Ma\u0142gorzata Smor\u0105g-R\u00f3\u017cycka": "Q11772377", "Renata Cio\u0142ek": "Q11834195", "Jana Nechutov\u00e1": "Q12023443", "Jarmila H\u00e1skov\u00e1": "Q12023569", "Marie Bl\u00e1hov\u00e1": "Q12035368", "Olena Dziuba": "Q12100966", "\u041c\u0430\u0440\u043a\u0456\u043d\u0430 \u0412\u0430\u043b\u0435\u043d\u0442\u0438\u043d\u0430 \u041e\u043b\u0435\u043a\u0441\u0456\u0457\u0432\u043d\u0430": "Q12121471", "Ana Stoykova": "Q12271739", "Anisava Miltenova": "Q12272058", "Vasilka T\u0103pkova-Zaimova": "Q12274915", "Vera Antonova": "Q12275090", "Radoslava Stankova": "Q12292026", "Rikke Agnete Olsen": "Q12333483", "Anu M\u00e4nd": "Q12359456", "Stela Cheptea": "Q12741421", "Heike P\u00f6ppelmann": "Q13550804", "Augusta Acconcia Longo": "Q13855849", "Irene Schmale-Ott": "Q15429669", "Annette Kreutziger-Herr": "Q15431556", "Dorothee Rippmann": "Q15433620", "Sabine Wefers": "Q15435594", "Sabine Wehking": "Q15435786", "Berthe Widmer": "Q15437538", "Laetitia Boehm": "Q15438163", "Sabine Seelbach": "Q15438307", "Ursula Braasch-Schwersmann": "Q15440769", "Sofia Kotzabassi": "Q15444711", "Christine Reinle": "Q15445316", "Anne Christine Nagel": "Q15447308", "Simone Vogt": "Q15447547", "Annette Boetticher": "Q15451018", "Cordula Nolte": "Q16061328", "Aleksandra Cofta-Broniewska": "Q16334749", "Anna Strzelecka": "Q16484771", "Katarzyna B\u0142achowska": "Q16565811", "Krystyna Pieradzka": "Q16569627", "Maria Koczerska": "Q16574747", "Marzena Pollak\u00f3wna": "Q16575262", "Wanda Moszcze\u0144ska": "Q16614171", "Elena Rydzevskaya": "Q16693245", "Maria Pia Alberzoni": "Q17205465", "Sabine Tanz": "Q17326015", "Jacqueline Cerquiglini-Toulet": "Q17350667", "Andrea Stieldorf": "Q17353150", "Edith P\u00e1sztor": "Q17364635", "Beata Wojciechowska": "Q17705192", "Christine Renardy": "Q18115816", "Marie-Th\u00e9r\u00e8se Camus": "Q18326673", "Galina Lebedeva": "Q18634503", "Aleksandra Mihajlovna Petrunkevi\u010d": "Q18634775", "Maria Starnawska": "Q19061222", "Maria Helena da Cruz Coelho": "Q19550878", "Sofia Boesch Gajano": "Q19606768", "Helen Woodruff": "Q19753909", "Jane Welch Williams": "Q19753945", "Olga \u0141aszczy\u0144ska": "Q19758447", "Danuta Molenda": "Q19758451", "Maria \u015awie\u017cawska-Wojciechowska": "Q19758461", "Bo\u017cena Wyrozumska": "Q19758469", "Lilian M. C. Randall": "Q19766261", "Alicia Canto": "Q19803415", "Ingrid Szeiklies-Weber": "Q19964825", "Lucy Freeman Sandler": "Q19997559", "Teresa Dunin-W\u0105sowicz": "Q20028726", "Danuta Quirini-Pop\u0142awska": "Q20030415", "Julia Radziszewska": "Q20030421", "Anna Supruniuk": "Q20030766", "Fl\u00e1via Schlee Eyler": "Q20048619", "Edit Madas": "Q20478291", "Hanna Zaremska": "Q20640235", "Maria Caccamo Caltabiano": "Q98148635", "Clare Monagle": "Q98602792", "Charlene M. Eska": "Q98603182", "Sarah Sch\u00e4fer": "Q98603198", "Emily Rhodes": "Q98603206", "Sarah Macmillan": "Q98603214", "Anastasija Ropa": "Q98603272", "Karen Pratt": "Q98604146", "Jennifer Borland": "Q98605693", "Catharine Ingersoll": "Q98605699", "Karen Smyth": "Q98605769", "Fiona Harris-Stoertz": "Q98605788", "Isabelle Draelants": "Q105450803", "Maria da Gra\u00e7a Videira Lopes": "Q105487806", "Anna Modigliani": "Q105510729", "Anna Laura Trombetti Budriesi": "Q105582874", "Marina Falla Castelfranchi": "Q105663847", "Josiane V\u00e9drines": "Q105697748", "Bella Kunv\u00e1ri": "Q105755377", "Luisa Chiappa Mauri": "Q105798229", "Maria Grazia Nico Ottaviani": "Q105824702", "Karen Louise Jolly": "Q105886236", "Dana Dvo\u0159\u00e1\u010dkov\u00e1": "Q105928614", "Maria Letizia Lazzarini": "Q105948347", "Magdalena Valor Piechotta": "Q106000867", "Luisa Andriollo": "Q106034689", "Emanuela Porta Casucci": "Q106040263", "Petra Marx": "Q106204794", "\u041b\u0430\u0440\u044b\u0441\u0430 \u041f\u0456\u043b\u0456\u043f\u0430\u045e\u043d\u0430 \u041a\u0430\u0441\u0446\u044e\u043a\u0430\u0432\u0435\u0446": "Q106289649", "Miria Roghi": "Q106427375", "Laura Regnicoli": "Q106438040", "Marina Gazzini": "Q106459701", "Mar\u00eda Raquel Garc\u00eda Aranc\u00f3n": "Q106473593", "Adrienn Alm\u00e1sy-Martin": "Q106504996", "G. S. M. M. Lake-Schoonebeek": "Q106512416", "Silvana Balbi de Caro": "Q106515689", "Adelina Arnaldi": "Q106542093", "Adele Cilento": "Q106542770", "Laura Gaffuri": "Q106547130", "Maria Turchiano": "Q106611779", "Silvia Diacciati": "Q106612713", "Anna Maria Rapetti": "Q106613287", "Serena Morelli": "Q106618625", "Olivetta Schena": "Q106618639", "Roberta Mucciarelli": "Q106618664", "Tiziana Lazzari": "Q106618671", "Cecilia Ricci": "Q106618690", "Elisabetta Canobbio": "Q106618769", "Barbara Baldi": "Q106619038", "Federica Cengarle": "Q106619304", "Sue Niebrzydowski": "Q106629802", "Al\u00edcia Migu\u00e9lez Cavero": "Q106635337", "Meredith Cohen": "Q106638316", "Maria Giovanna Stasolla": "Q106652422", "Honey Meconi": "Q106675784", "Alice Leroy-Molinghen": "Q106676608", "Patrizia Serafin Petrillo": "Q106697266", "Maria Giuseppina Meloni": "Q106697319", "Victoria Trenkle": "Q106727960", "H\u00e9l\u00e8ne Pierre-Nicolet": "Q106772904", "Truus van Bueren": "Q106772942", "Maria Giovanna Arrigoni Bertini": "Q106888594", "Fevronia Nousia": "Q106929713", "Monika Jaro\u0161ov\u00e1": "Q106984354", "Maria Letizia Caldelli": "Q107031858", "Margo Russell": "Q107048717", "Serena Zoia": "Q107112450", "Anna Judit T\u00f3th": "Q107123890", "Silvia Orlandi": "Q107189825", "Monica Baldassarri": "Q107192293", "Maria Alessandra Bilotta": "Q107233407", "Henrietta Kaye": "Q107303559", "Michela Pereira": "Q107362351", "Silvia Maria Marengo": "Q107368075", "Naama Rachel Cohen Hanagbi": "Q107379234", "Susan Edgington": "Q107432419", "Beth Spacey": "Q107432501", "J\u00f3hanna Katr\u00edn Fri\u00f0riksd\u00f3ttir": "Q107432557", "Carissa M. Harris": "Q107432750", "Sierra Lomuto": "Q107432803", "Katherine Cross": "Q107432812", "Hollie L. S. Morgan": "Q107432995", "Francesca Rizzo Nervo": "Q107497340", "Winifred Warren": "Q107565739", "Barbara Nolan": "Q107641618", "Isabella Gagliardi": "Q107658302", "Caterina Ciccopiedi": "Q107899997", "Irene Rossi": "Q107984692", "Cordelia Beattie": "Q56240401", "Isabel Henderson": "Q56491915", "Ann Hamlin": "Q56492128", "Sue Margeson": "Q56499215", "Roser Salicr\u00fa i Lluch": "Q30303298", "Marie-Luise Heckmann": "Q31440076", "Mane Erna Shirinian": "Q32389478", "Adeline Rucquoi": "Q32946398", "Sabine Bourgey": "Q33114142", "Marie-Laure Le Brazidec": "Q33120139", "Regina S\u00e1inz de la Maza Lasoli": "Q33260802", "Ulrike Ehmig": "Q38134566", "Monika Rener": "Q40974982", "Marie Dejoux": "Q41431167", "Lydwine Helly": "Q41696734", "Catherine Vincent": "Q42041668", "Monique Bourin": "Q42294495", "Solange Corbin": "Q42529312", "Elisabeth Sv\u00e4rdstr\u00f6m": "Q44788675", "Marit \u00c5hl\u00e9n": "Q45201969", "Isabelle Ros\u00e9": "Q45829158", "H\u00e9l\u00e8ne D\u00e9bax": "Q45831310", "Anastas\u00ecja Maksym\u00ecvna N\u00ec\u017eenec\u2018": "Q47009985", "Polly Lohmann": "Q47068507", "Jane Cartwright": "Q47127211", "Ant\u00f2nia Carr\u00e9 i Pons": "Q47501868", "Beate Kellner": "Q47528573", "Cristina La Rocca": "Q47543353", "Krystyna Zieli\u0144ska-Melkowska": "Q47545816", "Sarah Semple": "Q48436438", "Anna Wa\u015bko": "Q48848115", "Leonie Hicks": "Q48978065", "Mary C. Flannery": "Q49155261", "Claire Judde de Larivi\u00e8re": "Q49160097", "Dani\u00e8le Iancu": "Q49291626", "Hedwige Peemans-Poullet": "Q49964934", "Catherine Jolivet-L\u00e9vy": "Q50225991", "Natascha Mehler": "Q50305869", "Silvia Codreanu-Windauer": "Q50883982", "Maria Carmen Riu de Mart\u00edn": "Q51077359", "Elizabeth A. Fisher": "Q51077371", "Maria Golescu": "Q51078475", "E. \u0116. Granstrem": "Q51668195", "Edith Specht": "Q52084295", "Emmy Wellesz": "Q52150112", "Amy Livingstone": "Q52151805", "Charlotte Newman Goldy": "Q52151860", "Veerle Fraeters": "Q52488437", "Sabine Griese": "Q53679392", "Madeleine Gray": "Q53830409", "Judith A. Frost": "Q53866656", "Linne Mooney": "Q54860853", "Helen Birkett": "Q55052208", "Karin Metzler": "Q55086988", "Zrinka Stahuljak": "Q55136748", "Sara Sorda": "Q55231159", "Dorothy Pikhaus": "Q55232691", "Katrin Kogman-Appel": "Q55237402", "Dorothy Kim": "Q55318613", "Mia Gaia Trentin": "Q55414257", "Immaculada P\u00e9rez Mart\u00edn": "Q55619876", "Jacqueline Delaporte": "Q55619982", "Lucie Leboutet": "Q55620504", "Ren\u00e9e Doehaerd": "Q55620698", "Carla Frova": "Q55621245", "Simona Pannuzi": "Q55621595", "Julie Barrau": "Q55622410", "Jo\u00eblle Burnouf": "Q55624144", "Claire Hanusse": "Q55624449", "Madeleine Jeay": "Q55625174", "Camille Rouxpetel": "Q55625696", "Maria-Luisa Bonsangue": "Q55625701", "Alessandra Bucossi": "Q55627720", "Marie-France Auz\u00e9py": "Q55628541", "Giovanna Angeli": "Q55628969", "Giovanna Petti Balbi": "Q55629093", "Martine Clouzot": "Q55629516", "Alessandra Coppola": "Q55629839", "Donnis Martin": "Q56037014", "Jarmila \u0160t\u011bpkov\u00e1": "Q95365615", "Lucilla Donati": "Q111530683", "Maria Ginatempo": "Q111547504", "Katherine French": "Q111603161", "Teresa Alfieri": "Q111671924", "Patrizia Mainoni": "Q111678656", "Marina Soriani Innocenti": "Q111746519", "Rosa Fiorillo": "Q111795338", "Vera Fravventura": "Q111796433", "Amalia Galdi": "Q111802363", "Giulia Tozzi": "Q111802893", "Paola Ascheri": "Q111904811", "Carine Juvin": "Q111946606", "Danielle Joyner": "Q111976419", "Paulina Ratkowska": "Q111984161", "Denise Modonesi": "Q111984570", "Marion Bertram": "Q111988510", "Anna Jaworucka-Drath": "Q111989469", "Ginette Di Vita-\u00c9vrard": "Q112042503", "Eleni Pappa": "Q112056404", "Anna Maria Luiselli Fadda": "Q112110716", "Maria Teresa Gulinelli": "Q112110918", "Maria Carla Somma": "Q112120180", "Maria Cristiana Lungarotti": "Q112120184", "Marguerite Spoerri": "Q112121591", "Rebecca Benefiel": "Q112170023", "Melissa Giannetta": "Q112266161", "Katharina Zeppezauer-Wachauer": "Q112344051", "Marija Aleksandrovna Andrejeva": "Q112370322", "Dagmar Grossmannov\u00e1": "Q112393530", "Lore B\u00f6rner": "Q112405233", "Simonetta Castronovo": "Q112412549", "Barbara Nitsche": "Q112416196", "Danna Piroyansky": "Q112422812", "Jana Hubkov\u00e1": "Q112428770", "Rosalynn Voaden": "Q112433530", "Margarita Egan": "Q112433714", "Yolanda Plumley": "Q112436071", "Genowefa Horoszko": "Q112441895", "Maja Nikoli\u0107": "Q112444233", "Judith Everard": "Q112445754", "Wendy Jo Turner": "Q112447070", "Maria Yabrova": "Q112448653", "Zrinka Pesorda Vardic": "Q112464777", "Galina Svetlojarovna Zelenina": "Q112469239", "Jody Enders": "Q112469913", "Aleksandra Alekseevna \u010cekalova": "Q112477436", "Ekaterini Mitsiou": "Q112477735", "Jana Va\u0148kov\u00e1": "Q112488185", "Bojana Bori\u0107-Bre\u0161kovi\u0107": "Q112488405", "Anne Lemonde-Santamaria": "Q112488854", "Maria Vaiou": "Q112489183", "Ursula Daab": "Q112493942", "Magdolna Szil\u00e1gyi": "Q112494735", "Kassija": "Q112495477", "Amanda Power": "Q112498974", "Judith A. Rasson": "Q112500154", "Ulrike Koenen": "Q112501188", "Fiona Somerset": "Q112501993", "Livia Maria C\u0103lian": "Q112502913", "Susan R. Kramer": "Q112506467", "Anne Bollmann": "Q112506759", "Michelle M. Sauer": "Q112508844", "Eva Tahon": "Q112509655", "Vedrana Delonga": "Q112510266", "Tetjana Mykolajivna \u010cerny\u0161ova": "Q112510701", "Danica Popovi\u0107": "Q112513369", "Larissa Tracy": "Q112515190", "Pamela A. Patton": "Q112515479", "Maria Teresa Lopes Pereira": "Q112516132", "Sonja D\u00fcnnebeil": "Q112516593", "Katalin M\u00e1ria Kincses": "Q112517518", "Concepci\u00f3n Villanueva Morte": "Q112520457", "Ildik\u00f3 Csepregi": "Q112520470", "Susan Powell": "Q112522334", "Helen Gittos": "Q112522439", "Christiane Heine": "Q112523086", "Gitte Tarnow Ingvardson": "Q112523189", "El\u017cbieta Pilecka": "Q112523933", "Heide Buschhausen": "Q112524346", "Odile Blanc": "Q112524386", "Linda Olson": "Q112524416", "Nicole Gr\u00e9vy-Pons": "Q112525202", "Adeline Richard-Duperray": "Q112525675", "Diane Chamboduc de Saint Pulgent": "Q112525766", "Manuela Santos Silva": "Q112526222", "Sally Mayall Brasher": "Q112526856", "H\u00e9l\u00e8ne Sirantoine": "Q112527192", "Borb\u00e1la Kel\u00e9nyi": "Q112527772", "Bojana Krsmanovi\u0107": "Q112529808", "Maria Isabel Pessoa Castro Pina": "Q112536345", "Maria Leonor Ferraz de Oliveira Silva Santos": "Q112536346", "Aur\u00e9lia Bully": "Q112536988", "Joan A. Holladay": "Q112537190", "Susanne Ehrich": "Q112539579", "Sarah Kerr": "Q64707178", "Simone Schultz-Balluff": "Q64733477", "Laura Gathagan": "Q64768874", "Vincenza Morizio": "Q64768910", "Emilie Amt": "Q64822853", "Kl\u00e1ra Bene\u0161ovsk\u00e1": "Q64827437", "Helena Soukupov\u00e1": "Q64827466", "Natasha Ruth Hodgson": "Q64828641", "Elizabeth Freeman": "Q64828782", "Sara Harris": "Q64828795", "Alma Colk Santosuosso": "Q64844168", "Susan Mosher Stuard": "Q64856990", "Nilda Guglielmi": "Q64859369", "Meredith Parsons Lillich": "Q64866670", "Fiona Griffiths": "Q64867369", "Lyn Rodley": "Q64868169", "Elizabeth Lapina": "Q64869261", "Katherine Allen Smith": "Q64869307", "Susan J. Ridyard": "Q64869519", "Ingrid Rembold": "Q64869782", "Judith Collard": "Q64870217", "Kristin Bourassa": "Q64875837", "Laura Crombie": "Q64876167", "Justine L. Trombley": "Q64876560", "Anna Rowland": "Q64878089", "Emma Mason": "Q64878480", "Emily Anne Winkler": "Q64878489", "Mirjana \u017divojinovi\u0107": "Q65200285", "Adela Garc\u00eda Valle": "Q65589416", "Rosa Maria Buccellato Dentici": "Q65672366", "Anna Balaguer i Prun\u00e9s": "Q66539695", "Louisa Taylor": "Q66827495", "Hannah Skoda": "Q66827550", "Linda Ehrsam Voigts": "Q66985346", "Anne-Julie Lafaye": "Q67079013", "Sally Badham": "Q67080912", "Louise Wilkinson": "Q67080930", "Celia Orsini": "Q67081052", "Femke Lippok": "Q67130719", "Anouk Busset": "Q67130887", "Roos van Oosten": "Q67130893", "Caroline Paterson": "Q67131687", "K\u00f4nstantina Katsar\u00ea": "Q67311394", "Marion Vuagnoux-Uhlig": "Q67581524", "Claude Carr\u00e8re": "Q67639708", "Eva Dole\u017ealov\u00e1": "Q68087536", "Carolina Cupane": "Q68097653", "Sophie Cassagnes-Brouquet": "Q69108928", "Gillian Draper": "Q69477446", "Miroslava Cejpov\u00e1": "Q69498894", "Katerina Venedikova": "Q70927153", "Fr\u00e9d\u00e9rique Lachaud": "Q71118127", "Micaela Sinibaldi": "Q71128366", "Margaret Wrenn Cole": "Q73875658", "Elena Gonz\u00e1lez-Blanco Garc\u00eda": "Q74061666", "Emma Cayley": "Q75559145", "Netta Clavner": "Q75753196", "Emily Guerry": "Q75753541", "Virginia Davis": "Q77208513", "Susan Kilby": "Q78153946", "Catherine Kikuchi": "Q78568984", "Sara Elin Roberts": "Q79085668", "Sally McLean": "Q79147975", "Cynthia Hahn": "Q79349532", "Norma Oldfield": "Q80133765", "Beata Mo\u017cejko": "Q80572964", "Faith Wallis": "Q80825973", "Patrizia Angiolini Martinelli": "Q82026226", "Rosanna Pescaglini Monti": "Q82027678", "Zelina Zafarana": "Q82028263", "Isabel Davis": "Q83151795", "Carole Biggam": "Q83875280", "Carole Hough": "Q83876085", "Kate McGrath": "Q83892202", "Karin Zimmermann": "Q84054480", "Jocelyn Wogan-Browne": "Q84256987", "Laura E. Wangerin": "Q112540394", "Juliette Dor": "Q112541276", "Sof\u2018ja Abramovna Asinovskaja": "Q112541423", "Barbu C\u00e2mpina": "Q112544025", "Sherri Franks Johnson": "Q112545149", "Tanja Broser": "Q112545263", "Margarida Garcez Ventura": "Q112546948", "Marie-\u00c9lise Gardel": "Q112547346", "Giovanna Valenzano": "Q112549214", "Elizabeth Archibald": "Q112549316", "Julie Pilorget": "Q112549965", "Florence Eliza Glaze": "Q112551011", "Amelie Bendheim": "Q112551585", "Fanny Bessard": "Q112552749", "Nancy F. Partner": "Q112554403", "Rachel Jacoff": "Q112554445", "Myrto Veikou": "Q112554806", "Julia Bruch": "Q112555044", "Renate Spreitzer": "Q112555501", "Jennifer R. Davis": "Q112555617", "Clare Rowan": "Q112555787", "Maja Bun\u010di\u0107": "Q112556402", "Eva Marianne Stern": "Q112556562", "Liliana Krantz-Domas\u0142owska": "Q112557899", "C\u00e9cile Khalifa": "Q112558067", "Ellen Palmboom": "Q112558479", "Elfie-Marita Eibl": "Q112558827", "Albina Aleksandrovna Medyntseva": "Q112560569", "Gwendoline Hancke-Jolliot": "Q112561012", "Nina Scheibel": "Q112562797", "Michelle Armstrong-Partida": "Q112563810", "Siren \u00c7elik": "Q112563819", "Luise Schaefer": "Q112564044", "Sandra Knieb": "Q112564046", "Ilse Rochow": "Q112565139", "Iole Turco": "Q112624620", "Victoria de la Jara": "Q112681360", "Uta Wallenstein": "Q112684241", "Christine Morerod-Fattebert": "Q112812007", "Rosanna Alaggio": "Q112875960", "Arianna d'Ottone Rambach": "Q112958307", "Antonella Parmeggiani": "Q113013171", "Maria Teresa Brolis": "Q113031018", "Anne-Marie Helv\u00e9tius": "Q113131124", "Maria Elisa Soldani": "Q113453912", "Margaret W. Pepperdene": "Q113569967", "Nancy Freeman Regalado": "Q113569983", "Mary Hatch Marshall": "Q113569987", "Katherine H. Tachau": "Q113587337", "Daphne Hereward": "Q113661203", "Diane M. Korngiebel": "Q113716619", "Sarah Davis-Secord": "Q113721741", "Francesca Iadevaia": "Q113722081", "Irene A. O'Daly": "Q113730162", "Anne Gilmour-Bryson": "Q113734864", "Ute Schillinger-H\u00e4fele": "Q113735451", "K\u00e4the Sonnleitner": "Q113737123", "Yuliya Minets": "Q113737446", "Christina Peek": "Q113737567", "Lauren Linn Whitnah": "Q113737896", "B\u011bla Marani-Moravov\u00e1": "Q113738693", "Sabine Lange-Mauri\u00e8ge": "Q113739416", "Mayumi Taguchi": "Q113739620", "Helene Tillmann": "Q113740831", "Christina Abel": "Q113748260", "Lea Kohlmeyer": "Q113750993", "Jadwiga Guerrero van der Meijden": "Q113752384", "Laura Kalas": "Q113753173", "Alessia Francone": "Q113753227", "Teresa Witcombe": "Q113753861", "Krystina Kubina": "Q113758954", "Linda Eichenberger": "Q113759574", "Gabriella Bevilacqua": "Q113760194", "Angela Prinzi": "Q113761457", "Aleksandra Kubiak-Schneider": "Q113761542", "Johanna Thali": "Q113762645", "Julia H\u00f6rmann-Thurn und Taxis": "Q113766441", "Susanne B\u00fcrkle": "Q113768852", "Sabine Buttinger": "Q113770429", "Lydie Hadermann-Misguich": "Q113772545", "Alison Cornish": "Q113772845", "Polyxen\u0113 Mpugia": "Q113782127", "Cornelia Oefelein": "Q113783554", "Irma Karaulashvili": "Q113785840", "Elen\u0113 Tunta": "Q113788219", "Bernice Martha Kaczynski": "Q113789178", "Marie-Pierre Gelin": "Q113789243", "Valerie Marie Lagorio": "Q113789676", "Isabel Knoblich": "Q113790555", "Shua Amorai-Stark": "Q113790685", "Ivajla Popova": "Q113791226", "Genevi\u00e8ve Giordanengo": "Q113791879", "G\u00e9raldine Mallet": "Q113791903", "Soheir Bakhoum": "Q113792347", "Peninah Arad": "Q113794068", "Jutta Anna Kleber": "Q113794534", "Madlena Malinkec": "Q113797799", "Alison K. McHardy": "Q113798066", "I\u014dann\u0113s K. Tsiur\u0113s": "Q113801061", "Mary Dove": "Q98929218", "Dorothy F. Glass": "Q99205558", "Eva Stauch": "Q99531256", "Renata Gentile Messina": "Q108124092", "Flavia Marani": "Q108158730", "Nicole Crossley-Holland": "Q108196096", "Cecilia Iannella": "Q108201628", "Alma Poloni": "Q108218327", "Chiara Valdambrini": "Q108230332", "Gabriella Maetzke": "Q108307672", "Giorgia Gargano": "Q108337139", "Simona Cantelmi": "Q108442080", "Clara Gennaro": "Q108456325", "Antonella Degl'Innocenti": "Q108527479", "Marialuisa Bottazzi": "Q108551191", "Samantha Kelly": "Q108602087", "Eleonora Rava": "Q108665059", "Laura Ingallinella": "Q108666970", "Maria Paola Zanoboni": "Q108689241", "Barbara Fleith": "Q108741665", "Maria Luisa Ardizzone": "Q108747232", "Zaroui Pogossian": "Q108761650", "Caterina Giostra": "Q108777134", "Marielle Lamy": "Q108810747", "Cecilia von Heijne": "Q108811354", "Gabriella Piccinni": "Q108830716", "Luisa Dallai": "Q108836331", "Beatrice Fatighenti": "Q108837599", "Maria Teresa Caciorgna": "Q108859228", "Sara Nardi Combescure": "Q108866110", "Mariarita Sgarlata": "Q108929094", "Vincenza Maria Berardi": "Q108936335", "Michela Nocita": "Q109102737", "Giulia Marsili": "Q109104674", "Paola Grandinetti": "Q109104800", "Lucia D'Amore": "Q109104867", "Mar\u00eda Luisa Bueno Dom\u00ednguez": "Q109187653", "Adelaide Ricci": "Q109295986", "Patrizia Monnazzi": "Q109321529", "Irene Berti": "Q109321722", "Elena Velkovska": "Q109378237", "Eugenia Drakopoulou": "Q109480866", "Francesca D'Andrea": "Q109496960", "Katherine Harvey": "Q109498314", "Anna Lia Ermeti": "Q109530932", "Silvia Braito": "Q109538901", "Floriana Cantarelli": "Q109674361", "Flavia De Vitt": "Q109681920", "Michelle R. Warren": "Q109810608", "Nadja Germann": "Q109835543", "Francesca Tinti": "Q109875936", "Alessia Rovelli": "Q109932798", "Luigina Carratori": "Q109957731", "Gabriella Garzella": "Q109958154", "Gabriella Di Flumeri Vatielli": "Q109989973", "Annalisa Polosa": "Q110013801", "Louise\u00a0D\u2019Arcens": "Q110122535", "Helena Ch\u0142opocka": "Q110146751", "Simona Antolini": "Q110190097", "Elsa Lindberger": "Q110212264", "Brunella Bruno": "Q110271566", "Stefania Zucchini": "Q110271722", "Marina Scarlata": "Q110304370", "Margildis Schl\u00fcter": "Q110416165", "Anna Maria Taragna": "Q110466599", "B\u00e9atrice Delaurenti": "Q110500287", "Kathrine Koller-Diez": "Q110663662", "Michelle Comber": "Q110682250", "Alice S. Wilson": "Q110742053", "Maria Bastiana Cocco": "Q110831865", "Margaret Murphy": "Q110840626", "Edit Farkas": "Q110946525", "Elizabeth Emery": "Q110964669", "Almudena Dom\u00ednguez Arranz": "Q110984067", "Karen Sullivan": "Q111077239", "Marie-Claude Marandet": "Q111132807", "Elizabeth Bolman": "Q111240418", "Sarah Stanbury": "Q111240439", "Elisabeth Martschini": "Q111285489", "Aline Abaecherli Boyce": "Q111285796", "Giustina Ostuni": "Q111329418", "Laura Chioffi": "Q111344068", "Alice Bencivenni": "Q111345630", "Rita Scuderi": "Q111395397", "Renata Cantilena": "Q111395516", "Paola Megna": "Q111468957", "Cristina Rognoni": "Q111468981", "Mariachiara Fincati": "Q111469139", "Angela Lanconelli": "Q111472809", "Diana Bullen Presciutti": "Q111478400", "Livia Bivona": "Q111494635", "Rosalia Macaluso": "Q111509630", "Esther Tello Hern\u00e1ndez": "Q111512726", "Mar\u00eda Eugenia G\u00f3ngora": "Q113804845", "Anna Zajchowska-Bo\u0142tromiuk": "Q113804968", "Christiane Krusenbaum-Verheugen": "Q113805117", "Marilyn Dunn": "Q113808190", "Anne Huijbers": "Q113810763", "Dagmar Bronner": "Q113812837", "Britta-Juliane Kruse": "Q113814246", "Audrey Sulpice": "Q113814445", "M. J. Toswell": "Q113814467", "Stefania De Vido": "Q113820539", "Rebecca Rist": "Q113820566", "Laurence Brugger": "Q113822981", "Maja Jakimovska-To\u0161i\u1e31": "Q113823223", "Julianna Grigg": "Q113831340", "Christine Bousquet-Labou\u00e9rie": "Q113831784", "Maria Stieglecker": "Q113831909", "Marie-Luise Sessler": "Q113832925", "Emily Corran": "Q113833353", "Marjolaine Raguin-Barthelmebs": "Q113835100", "Alessia Meneghin": "Q113836322", "Carola F\u00f6ller": "Q113836955", "Maria Elisabeth Wittmer-Butsch": "Q113837357", "Bianca Else": "Q113837745", "Viola Skiba": "Q113842026", "Elina Screen": "Q113843928", "Sandra J. MacEntire": "Q113844101", "Valerie Edden": "Q113844310", "Monika Eisenhauer": "Q113844423", "Servane Rayne-Michel": "Q113844509", "Valeria Mattaloni": "Q113845693", "Hannah W. Matis": "Q113846631", "Kathryn Salzer": "Q113847139", "Am\u00e9lie Rigollet": "Q114595148", "Helen L. Patterson": "Q114810717", "Isidra Maranges i Prat": "Q114975994", "Michaela Fal\u00e1tkov\u00e1": "Q115117560", "Anna Falcioni": "Q115727131", "\u00c9lisabeth Mornet": "Q116250941", "Marilyn Nicoud": "Q116588381", "Nada Ze\u010devi\u0107": "Q116859225", "Sylvie Duval": "Q116924417", "Laura Albiero": "Q116940711", "Julie De Groot": "Q116961212", "Barbara Crostini": "Q117255493", "Sarah Spence": "Q117311916", "Pamela Gehrke": "Q117392542", "Paulina Lewin": "Q117488466", "Andreina Magioncalda": "Q117715400", "Flore Verdon": "Q117751385", "Isabelle R\u00e9al": "Q117756436", "Tessa Gengnagel": "Q118437166", "Anja Thaller": "Q119111325", "Daryna Morozova": "Q119703367", "\u041b\u044e\u0431\u043e\u045e \u0412\u0456\u043a\u0442\u0430\u0440\u0430\u045e\u043d\u0430 \u041b\u044f\u045e\u0448\u0443\u043d": "Q120029949", "Anna Imelde Galletti": "Q120549837", "Eva Hyndr\u00e1kov\u00e1": "Q120610224", "Natalia Garschin von Engelhardt": "Q120669504", "Sarah Peverley": "Q120722922", "Liljana Borisova Gra\u0161eva": "Q120757879", "Martha A. Bro\u017cyna": "Q120776292", "M\u00e1rta Nagy": "Q120913513", "Giovanna Asdrubali Pentiti": "Q121133157", "Liliane Dulac": "Q121409820", "Lisa Klocke": "Q121435508", "Sheila D. Campbell": "Q121467525", "Angelika Schuh": "Q121493860", "Dorottya Uhrin": "Q122331724", "Luise Borek": "Q122966120", "Paola Romagnoli": "Q123115446", "Silvana Arcuti": "Q123154418", "Danila Artizzu": "Q123222497", "Gertrud Laminger-Pascher": "Q123376994", "N. K\u0131v\u0131lc\u0131m Yavuz": "Q123477973", "Elisabeth G\u00fcnther": "Q123584257", "Giovanna Casagrande": "Q123694011", "Livia Fasola": "Q123906227", "Caroline Nestmann Peck": "Q124000097", "Clara Arbu\u00e9s": "Q124042829", "Erika Elia": "Q124078396", "Gra\u017cyna Klimecka": "Q124219265", "Christa Meiborg": "Q124377736", "Hope Muntz": "Q124414387", "Sandra Peternek": "Q124453957", "Sylvie Pollastri": "Q124526833", "Emma Iljinitschna Tschudinowskich": "Q124536505", "Aneni Monica": "Q124620853", "Mar\u00eda Dolores Maule\u00f3n": "Q124716041", "Ruth Pliego V\u00e1zquez": "Q124735503", "Maria Georgiou Soteriou": "Q124845466", "Anna Baranyi": "Q124846848", "Marie-Alix Roesle": "Q124849213", "Monique Mainjonet-Brun": "Q125097131", "Sonia Chiodo": "Q125209428", "Chlo\u00e9 Tardivel": "Q125358142", "Rose Beate Sch\u00e4fer": "Q125638792", "Elise Wang": "Q125651260", "Kathryn L McKinley": "Q125761515", "Helga Sch\u00fcppert": "Q126093099", "Elisabeth Schiffer": "Q128012904", "Sidney George Campbell": "Q128105415", "Maria Teresa Manni Piraino": "Q128108302", "Renate Blumenfeld-Kosinski": "Q84259078", "Rebecca Wynne Johnson": "Q85113775", "Jane Patricia Freeland": "Q85721005", "Mechthild Sandmann": "Q85852498", "\u041d\u0456\u043a\u0456\u0442\u0435\u043d\u043a\u043e \u041c\u0430\u0440'\u044f\u043d\u0430 \u041c\u0438\u0445\u0430\u0439\u043b\u0456\u0432\u043d\u0430": "Q85996524", "Kathleen E. Kennedy": "Q86084445", "Luchina Branciani": "Q86194899", "Melinda Mays": "Q86457168", "Katherine Lewis": "Q87256523", "Els Rose": "Q87400710", "Francesca Bocchi": "Q87401165", "Elisabetta Filippini": "Q87401526", "Jacqueline Pilet-Lemi\u00e8re": "Q88050341", "Karina Kellermann": "Q89409174", "Yaelle Arasa": "Q91496166", "Imma Ollich-Castanyer": "Q92370819", "Odile Dubreucq": "Q93219941", "Sabine Rommevaux": "Q93222397", "Laura Boffo": "Q93225082", "Cristina Dondi": "Q93225590", "Eleonora Plebani": "Q93225610", "Rosa Maria Piccione": "Q93226544", "Jessica A. Coope": "Q93229402", "Cecilia Panti": "Q93229488", "Marie-Fran\u00e7oise Alamichel": "Q93231190", "Valerie Louise Garver": "Q93233390", "B\u00e9atrice Caseau-Chevallier": "Q93233450", "Jane Ralls Baun": "Q93233468", "Sigrid Kr\u00e4mer": "Q93233923", "Willemien Otten": "Q93234474", "Marina Detoraki": "Q93234522", "Marie-H\u00e9l\u00e8ne Congourdeau": "Q93234675", "Alessandra Sorbello Staub": "Q93236286", "Isabelle Cochelin": "Q93237658", "Katherine Douramani": "Q93238931", "Petty (Petronella) Bange": "Q93240247", "Sulamith Brodbeck": "Q93242219", "Dyan Elliott": "Q93245161", "Eleanor Simmons Greenhill": "Q93252046", "Daniela De Rosa": "Q93261258", "Carol Lansing": "Q93270452", "\u00c0ngels Masi\u00e0 i de Ros": "Q93371769", "Maria Gabriella Angeli Bertinelli": "Q93435930", "Kelley Marie Wickham-Crowley": "Q93723655", "Elizabeth Pierce": "Q93883795", "Miriam Czock": "Q93906343", "Beverly Boyd": "Q94516141", "Jane Kershaw": "Q94537793", "Ruth Median": "Q94579891", "Doris Paul": "Q94732703", "Margarete Lang": "Q94741504", "Elisabeth Nau": "Q94752947", "Gisela F\u00f6rschner": "Q94766633", "Angelina Min\u010deva": "Q94771530", "Johanna Brandt": "Q94774321", "Gerda Seligson": "Q94775029", "Ellen R. Feingold": "Q94999758", "Dagmar Hejdov\u00e1": "Q95164933", "Ilona P\u00e1clov\u00e1": "Q95165685", "Dana Svobodov\u00e1": "Q95166277", "Ad\u00e9la Ebersonov\u00e1": "Q95173854", "Irena Zachov\u00e1": "Q95177611", "Julia Becker": "Q95184833", "Ute von Bloh-V\u00f6lker": "Q95185964", "Susanna Fein": "Q95186489", "Frohmut Dangel-Hofmann": "Q95186736", "Ana Maria Seabra de Almeida Rodrigues": "Q95187816", "Sabine Obermaier": "Q95187822", "Thelma S. Fenster": "Q95191358", "Giuliana Vitale": "Q95191921", "Peggy McCracken": "Q95192163", "Katharina-Silke Philipowski": "Q95193132", "Karoline Dominika D\u00f6ring": "Q95193297", "Sonja Hermann": "Q95193929", "Cornelia R\u00e9mi": "Q95194148", "Anneliese Grau": "Q95195740", "Christine Elisabeth Ineichen-Eder": "Q95196982", "Corinne Saunders": "Q95197206", "Alexandra-Kyriaki Wassiliou-Seibt": "Q95197588", "Piroska Nagy": "Q95198517", "Rika Mpenbeniste": "Q95198977", "Justyna Wubs-Mrozewicz": "Q95199484", "Elke Bannicke": "Q95199916", "Seraina Plotke": "Q95200772", "Kathryn Smits": "Q95202103", "Claudia Borgolte": "Q95202239", "Christiane Hemker": "Q95202325", "Giselle de Nie": "Q95202826", "Judith Klinger": "Q95204573", "Petra Mutlov\u00e1": "Q95204596", "Mich\u00e8le Gally": "Q95204699", "Tanja Skambraks": "Q95205044", "Huguette Legros": "Q95205411", "Franziska Wenzel": "Q95205630", "Marie Bouha\u00efk-Giron\u00e8s": "Q95205635", "Maria Theisen": "Q95206735", "Jana Da\u0148helov\u00e1": "Q95208365", "Elke Ukena-Best": "Q95208667", "Elisabeth Gruber": "Q95209115", "Gudrun Gleba": "Q95210198", "Elisabeth Weinberger": "Q95210924", "Tjamke Snijders": "Q95211532", "Andrea Grafetst\u00e4tter": "Q95213237", "Sonja Kerth": "Q95213387", "Elina Gertsman": "Q95213591", "Hella Fr\u00fchmorgen-Voss": "Q95646468", "Ursula Overhage": "Q95647899", "Ewa W\u00f3\u0142kiewicz": "Q95648300", "Anke Paravicini": "Q95648462", "Catherine Otten-Froux": "Q95649047", "Laura Balletto": "Q95649048", "Christine Glassner": "Q95649393", "Annie Cazenave": "Q95651291", "Catherine Croizy-Naquet": "Q95658032", "Teresa Webber": "Q95672240", "Bianca Frohne": "Q95673136", "Danica Summerlin": "Q95673205", "Christiane Veyrard-Cosme": "Q95681121", "Giulia Orofino": "Q95747119", "Mar\u00eda Jos\u00e9 Lop Ot\u00edn": "Q95747265", "Veronika Wieser": "Q95748200", "Marie Anne Polo de Beaulieu": "Q95748294", "Gisela Naegle": "Q95748524", "Gabi Meier": "Q95749271", "Rosalind Brown-Grant": "Q95750700", "Gisela Vollmann-Profe": "Q95756514", "Annegret Oehme": "Q99544965", "Sarah Thomas": "Q100158615", "Lizzie Richmond": "Q100715727", "Gaby Waxenberger": "Q100890627", "Sophie Page": "Q100930130", "Paola Giovetti": "Q102260294", "Dora Ivanova-Mircheva": "Q102427571", "Adrienne Merritt": "Q103912908", "Fabienne Joubert": "Q104009380", "B\u00e9atrice Andr\u00e9-Salvini": "Q104034895", "Anja Rohde": "Q104178716", "Mireille Mentr\u00e9": "Q104211793", "Ann W. Astell": "Q104214889", "Mar\u00eda Luisa Ledesma": "Q104331468", "Rosa Rodr\u00edguez Troncoso": "Q104546277", "Miriam Rita Tessera": "Q104550239", "Cinzia Grifoni": "Q104560535", "Julia Bolton Holloway": "Q104602731", "Almudena Blasco Vall\u00e9s": "Q104733420", "Charity Urbanski": "Q105089746", "Line Cecilie Engh": "Q105302057", "Gabriella Rossetti": "Q105318219", "Maria Consiglia De Matteis": "Q105410732", "Aya Van Renterghem": "Q105428809", "Michelle Waldisp\u00fchl": "Q105428810", "Hanna \u00c5kerstr\u00f6m": "Q105428811"}