{"berry15": "Q11192228", "Elisabeth Tsereteli": "Q61137011", "Chiyo Obata": "Q11463225", "Reiko Yoshiba": "Q11414272", "Miyuki Yanagi": "Q11534051", "Terumi Sakura": "Q110823145", "Joyce Becker": "Q64011739", "Aiko Ky\u014d": "Q11374333", "Estela Molina": "Q11290704", "Hiroko \u014cnishi": "Q11438863", "Miyoko Hoshino": "Q11513171", "Yoshiko Miyamoto": "Q17215901", "Mariko Akagi": "Q11635450", "Mimi Hagiwara": "Q6584155", "Shinobu Aso": "Q11657614", "Yumi Ikeshita": "Q11551501", "Tommy Aoyama": "Q11321453", "Fumiake Mach": "Q11340539", "Maki Ueda": "Q11339974", "Mami Kumano": "Q11340905", "Lucy Kayama": "Q11349191", "Victoria Fujimi": "Q11330509", "Chino Sat\u014d": "Q11383527", "Tarantula": "Q11316393", "Jumbo Hori": "Q11310229", "Cheryl Rusa": "Q17218767", "Crane Yu": "Q11299669", "Kahoru Kage": "Q11488069", "Fumiharu Asako": "Q11305977", "Kanako Nagatomo": "Q11549915", "Cathy Dingman": "Q5053413", "Fumie Kanzaki": "Q11589640", "Oscar Tomo": "Q11291950", "D\u0101t\u012b Yamato": "Q11317655", "Bison Kimura": "Q11327455", "Mika Komatsu": "Q11461229", "Condor Saito": "Q11303138", "Yumi Ogura": "Q11458998", "Akiko Iijima": "Q11495400", "Mitsuko Nishiwaki": "Q11629412", "Yasuko Ishiguro": "Q11587339", "Y\u016b Yamazaki": "Q17223257", "Eagle Sawai": "Q11287878", "Grizzly Iwamoto": "Q11300463", "Fang Suzuki": "Q11332201", "Utako Hozumi": "Q11597088", "Jeanne Yukari": "Q11309397", "Drill Nakamae": "Q11323214", "Mika Takahashi": "Q11671544", "Sumiyo Toyama": "Q17223040", "Suzuka Minami": "Q11279179", "Rie Okabayashi": "Q11473354", "Cooga": "Q11194891", "Moon Akiko": "Q11343312", "Miki Ishii": "Q16264008", "Mayumi Yamamoto": "Q11466321", "Kazue Sait\u014d": "Q11500235", "Mami Kitamura": "Q11349495", "Kazuyuki Uchida": "Q11394420", "Sayuri Nakajima": "Q11364476", "Ky\u014dko As\u014d": "Q11557145", "\u30b9\u30de\u30a4\u30ea\u30fc\u771f\u7f8e": "Q128851807", "Sachiko Koganei": "Q11464325", "Kurenaiyasha": "Q11605197", "Sakie Hasegawa": "Q11653765", "Eriko Yoshinaga": "Q11327832", "Drake Morimatsu": "Q11323348", "Michiko Nagashima": "Q11652946", "Akemi Torisu": "Q11674983", "Yukiko Seki": "Q20040935", "Midori Sait\u014d": "Q11297332", "Hikari Fukuoka": "Q11592409", "Miki Handa": "Q11407090", "Hisae Kuboki": "Q11369027", "Hiromi Yagi": "Q11584157", "Mizuki End\u014d": "Q11642326", "Yuka Shiina": "Q11540818", "Kujira \u014cshima": "Q11434820", "Kumiko Maekawa": "Q11397155", "Crusher Maedomari": "Q11298991", "Iizuka Obatchi": "Q11262314", "Rie Tamada": "Q11572720", "Saemi Numata": "Q11554558", "Makie Numao": "Q11554470", "Saya End\u014d": "Q11642320", "Chikako Shiratori": "Q11580571", "Shigeno Shima": "Q17686666", "Masami Watanabe": "Q11318148", "Rina Ishii": "Q11585127", "Alda Moreno Le\u00f3n": "Q17217956", "Angelica Sinn": "Q447635", "Meari Naito": "Q11394440", "Mikako Taguchi": "Q11576349", "Maiko Matsumoto": "Q11531366", "Teruko Kagawa": "Q11634901", "Nikkan Lee": "Q7035163", "Junko Yagi": "Q11391379", "Rie Nishiwaki": "Q11269588", "Mizuho Ishikawa": "Q11586335", "Fusayo Nouchi": "Q11611971", "Sayuri Okino": "Q11553041", "Ai Fujita": "Q11624801", "Emi Tojo": "Q5371076", "Kayo N\u014dmi": "Q11605368", "Chitose Yamamoto": "Q11468910", "Aki Kambayashi": "Q11359398", "Chiaki Kashida": "Q11533850", "Maya Sakai": "Q11429028", "Kei Akiyama": "Q11594986", "\u30d5\u30e9\u30f3\u30bd\u30ef\u30fc\u30ba\u5e83\u7530": "Q11333720", "Hiromi Kat\u014d": "Q11399126", "Keiko Sait\u014d": "Q11500517", "Hiroyo Mut\u014d": "Q11546526", "Yumiko Kawada": "Q11479026", "Amy Action": "Q16146201", "Bambi": "Q11328447", "Naomi Kat\u014d": "Q11306712", "Yukari Kitao": "Q11401404", "Miyuki Fujii": "Q11622772", "Juri": "Q11460508", "Erika Watanabe": "Q11561978", "Kiku": "Q111112059", "Tomoko Morii": "Q11539455", "Ayano \u014cmori": "Q11436359", "Akane Kokume": "Q11463447", "Sachie Nishibori": "Q11627515", "Kayo Ogawa": "Q11294879", "Yuka Enta": "Q11231490", "Atsuko Emoto": "Q11551148", "Sugar Sat\u014d": "Q11307980", "Kana Mizaki": "Q11608869", "Chiharu \u014cno": "Q11405559", "Yuiga": "Q11418713", "Miyuki Sokabe": "Q11515297", "Mari Mogami": "Q11515458", "Yuka Nakamura": "Q11378544", "Rayna Von Tash": "Q3930692", "Rachael Carr": "Q7279065", "Nene Kimura": "Q11518651", "Miyuki Maeda": "Q11397707", "Tomiko Sai": "Q11382760", "Ariel X": "Q1983603", "Y\u016bko Kosugi": "Q11460973", "Chika Natsumi": "Q11274346", "Traci Castillo-Sharrer": "Q3997136", "Yumiko Inoue": "Q11373137", "Maru": "Q11231057", "Noriko Namiki": "Q11362730", "Reina Ayukawa": "Q11674122", "Kendra Smith": "Q15116930", "Aya Y\u016bki": "Q11399975", "Aoi Yagami": "Q11584232", "Hikaru": "Q11223421", "Mika Nishio": "Q11627779", "Annie Social": "Q4769433", "Haruka Matsuo": "Q11529663", "Lynn Bryon": "Q11348683", "Emi Tomimatsu": "Q11456997", "Yui Kanbara": "Q11621268", "Ryoko": "Q11242184", "Marina Kushi": "Q11369318", "Ikumi Yura": "Q11577645", "Melody Medeiros": "Q6813475", "Natsu Nishida": "Q11629222", "Trina Michaels": "Q261694", "Aya Sakurai": "Q11537769", "Sumire Yoshino": "Q11412566", "Y\u014dsuke Nakasu": "Q11366520", "Koyuki Hayashi": "Q17220853", "Chiaki Nishi": "Q11627308", "Lexi Pillman": "Q108617686", "Nao Komatsu": "Q11461071", "Mako Ogawa": "Q11462435", "Roxie Cotton": "Q3941989", "Nozomi Takesako": "Q11599450", "La Parfaite Caroline": "Q3821028", "Veronika Vice": "Q4010210", "Yuri Urai": "Q11558132", "Anna Minoushka": "Q3617786", "Nozomi Kubo": "Q11369005", "Kana Koseki": "Q11464401", "Hiroko Terada": "Q18233899", "Koharu Hinata": "Q11505118", "Beverly Mullins": "Q2065313", "Brittany Beede": "Q1984964", "Saki Maemura": "Q11397228", "Y\u016bko Motohashi": "Q11520471", "Ofunechan": "Q11263353", "Asuka \u014cki": "Q11435866", "Yurie Kaneko": "Q11492714", "Miku Saotome": "Q11511177", "Erika Ura": "Q11558095", "Hiromi Mimura": "Q22124232", "Sh\u014dko Hotta": "Q11427662", "Shawna Elizabeth": "Q7491498", "Mika Mizunuma": "Q11480999", "Aki Shizuku": "Q11659964", "Nikki Poteet": "Q116535530", "Samantha Fiddler": "Q119122640", "235": "Q11187275", "Alexa Thatcher": "Q4718086", "Chihiro Oikawa": "Q11410246", "Jade Indica": "Q52243478", "Masumi Arakawa": "Q11232840", "Shazza McKenzie": "Q21285549", "Saya Kurokawa": "Q11553092", "Mari Harada": "Q11409904", "Nao Watanabe": "Q11234414", "Riara": "Q126005896", "Heidi Katrina": "Q113952710", "Asuka Ramey": "Q17361581", "Yui Yokoo": "Q11542459", "Shiori Akiba": "Q16263618", "Jaqueline Schellin": "Q1683408", "Lydia Kelovitz": "Q121863950", "La Hija de Karonte": "Q6460219", "Rutsuko Yamaguchi": "Q11466614", "Akua": "Q11282812", "April Davids": "Q11289628", "Nozomi Dai": "Q11235896", "Katie Forbes": "Q105686451", "Eimi Niizumi": "Q27917587", "Jamilia Craft": "Q3806822", "Rika Takahashi": "Q11671339", "Mayuka Niizeki": "Q11331624", "Y\u016b Tanabe": "Q11577306", "Mizuki Shiota": "Q11343311", "Minori Makiba": "Q11570391", "Claudia Bradstone": "Q124259373", "Aika": "Q11256586", "Natsumi Kawano": "Q11479342", "Ayame Yabe": "Q17222494", "Akira Rin": "Q11664488", "Aoi Ishibashi": "Q11586706", "Azucena Bautista Armas": "Q113624331", "Noelia Lal\u00edn": "Q28672215", "Yuri Kotobuki": "Q17158136", "Seina": "Q11611117", "Kana Shimoide": "Q47006816", "Davienne": "Q111669804", "Dorami Nagano": "Q11654118", "Lady Puma": "Q104218526", "Ami Kanda": "Q16770313", "Hinata": "Q11276398", "Kinoko": "Q11264906", "Chanyota": "Q107452496", "Chikage Kiba": "Q17129535", "Baby Puma": "Q104218746", "Hono": "Q11337971", "Juria Nagano": "Q11654102", "Kira Summer": "Q126006032", "Charli Evans": "Q24521792", "Akane Miura": "Q18054823", "Maria Manic": "Q78924005", "Hinano": "Q55525317", "Yua Hayashi": "Q17229842", "Kotori": "Q17158138", "Y\u016bka": "Q17230635", "Hahastary": "Q102196010", "Meiko Tanaka": "Q18233634", "Hera": "Q115110849", "Kira An": "Q20039702", "Ibis Sara": "Q27150383", "Princesa Azul": "Q104212162", "Charlette Renegade": "Q116783717", "Robyn Renegade": "Q116783718", "Persephone": "Q127946597", "Oksana Chudyk": "Q63478594", "Bulldozer Amisa": "Q112239532", "Rhythm": "Q126005879", "Haruka": "Q11431361", "Ai H\u014dzan": "Q110728749", "Aiger": "Q11282091", "Baby Love": "Q104216672", "Sabrina Kyle": "Q3944362", "Baby-M": "Q11191958", "ECO": "Q11197496", "X No.4": "Q11254849", "Tamako": "Q11271382", "Caribbean Kim": "Q11295032", "Caribbean Moon": "Q11295033", "Caribbean Rum": "Q11295035", "Fairy Nipponbashi": "Q11332614", "Madein Sadako": "Q11343381", "Yuna": "Q11387726", "Bentenmusume": "Q11486903", "Ky\u016bsei Ninja Ranmaru": "Q11499222", "Haruna Akagi": "Q11635445", "Reika": "Q11677372", "Susan Starr": "Q17160120", "Delta Dawn": "Q17160458", "Nonoko": "Q17215740", "Mizuho": "Q22129396", "Musibau Adekanbi": "Q27786365", "Nagira Sabashova": "Q28971170", "Naiomi Matthews": "Q50319331", "Pom Harajuku": "Q60685873", "Oyun-Erdene Tamir": "Q63482922", "Zhou Xinru": "Q63483903", "Amanda Carolina Rodr\u00edguez": "Q67264625", "Yappy": "Q97031553", "Carmen Rosa": "Q108387391", "Konatsu": "Q109357760", "Deborah K": "Q111112958", "Sayaka": "Q111113333", "Haruka Aikawa": "Q111470917", "Kaho Matsushita": "Q116936453", "Sayuri": "Q116936560", "Saran": "Q116936936", "Arisa Shinose": "Q116936942", "Kanon": "Q118696166", "Natsuho Kaneko": "Q119927922", "Echika Miyavi": "Q120549379", "Lizzy Evo": "Q120722141", "HANAKO": "Q123405266", "ZONES": "Q124097227", "ChiChi": "Q124479682", "Sunny": "Q126006046"}