{"Maria Selebam de Cattani": "Q20526062", "Renate Matzke-Karasz": "Q21395691", "Susan Bowen Jordan": "Q98115643", "Marie von Chauvin": "Q95659008", "Sophia Pereyaslawzewa": "Q4351271", "Mary Alice Schively": "Q98194889", "Elisa Norsa": "Q77248525", "Mary G. S. Best": "Q70937959", "Caroline Burling Thompson": "Q98839122", "Lulu Florence Allabach": "Q106888115", "Clara Hamburger": "Q94749273", "Ada Watterson Yerkes": "Q98860114", "Ena A. Allen": "Q124173425", "Mary T. Harman": "Q124216326", "Olive Swezy": "Q21610111", "Christine Elizabeth Essenberg": "Q115611880", "Henriette Boltzmann": "Q51844334", "Daisy Young Holcomb": "Q124216466", "Albertine D. Lens": "Q123317918", "Julia Gisi": "Q41668911", "Gabrielle Montet": "Q71058799", "Hilda Wood Grinnell": "Q21390060", "Alvalyn E. Woodward": "Q124344416", "Margaret Alger Hayden": "Q124216899", "Thea van Riemsdijk": "Q123318087", "Leonore Brecher": "Q15825655", "Maria Raci\u0119cka": "Q11769110", "Myra M. Sampson": "Q124331484", "Elviine Piiper": "Q16403372", "Ruth Stocking Lynch": "Q124254962", "Crystal Thompson": "Q115134820", "Eleanor Linton Clark": "Q106785211", "Liidia Poska-Teiss": "Q16404061", "Mary Vander Pyl": "Q94253935", "Mary Elizabeth Collett": "Q106786487", "Gladys Christian Mary Cameron": "Q108879530", "Am\u00e9lia Bacelar": "Q56854926", "Clelia Cecchini": "Q89585972", "Ana Manganaro": "Q5673857", "Elinor B. Nichols": "Q113417663", "Catherine V. Beers": "Q124174133", "Julia Sok\u00f3lska": "Q96125472", "Anna Petronella Cornelia de Vos": "Q21510066", "Christianna Smith": "Q94636400", "Frances Miller Hickman": "Q59631792", "Mary E. Larson": "Q124249482", "Belle Alice Stevens": "Q116152786", "Ezda May Deviney": "Q124181966", "Madeleine Parker Grant": "Q94117214", "Eleanor Emily Chase": "Q92977373", "Daphne Atkins": "Q36533582", "Elise Wesenberg-Lund": "Q21339286", "Elberta Craig": "Q109634455", "Nan L. Robert": "Q124331073", "\u0411\u043e\u0436\u043a\u043e \u041c\u0430\u0440\u0456\u044f \u041f\u0430\u0432\u043b\u0456\u0432\u043d\u0430": "Q61116015", "Edythe May Tingley": "Q124331050", "Edna Marie Fisher": "Q41489387", "Edith Hardin": "Q111670323", "Helen Warton Kaan": "Q124239591", "Ruth Beutler": "Q2177566", "Gladys Kathryn McCosh": "Q124260168", "Flavia L. Richardson": "Q124282485", "Grace Springer Forbes": "Q124215938", "Margaret Wood Schell": "Q124331734", "Donnie Campbell Getchell": "Q124249778", "Pearl Anderson McConnell": "Q106769160", "Dorothea Mulaik": "Q114798044", "Irene Corey Diller": "Q124175868", "Eleanor H. Slifer": "Q124333511", "Mar\u00eda Isabel D\u00edaz": "Q37825683", "Auguste Jellinek": "Q51880209", "Grace Elizabeth Lippy": "Q124249825", "Tatjana Sergeevna Saveljeva": "Q124289395", "Sister Florence Marie Scott": "Q89133632", "Penelope Margaret Jenkin": "Q91286789", "Miriam Scott Lucas": "Q124249857", "Delfa Guiglia": "Q55040376", "Janice Kergan Street": "Q94530982", "Henriette Burchardt": "Q105047302", "Vesta Stresemann": "Q85083698", "Sophie Ehrhardt": "Q1640567", "Kathryn F. Stein": "Q124344207", "Imogene Moore": "Q124260239", "Bo\u017eena Folkmanov\u00e1": "Q21534263", "Myrna F. Jones": "Q124173156", "Rada Balevska": "Q12291920", "Dorothy Richardson": "Q124282648", "Esther Carpenter": "Q47002916", "Odette Tuzet": "Q36647982", "Elizabeth Butler": "Q124249791", "Margarete Gams-Schima": "Q115624879", "Helen Miller Costello": "Q124177654", "Katharine P. Hummel": "Q124232999", "Agatha Gijzen": "Q50878658", "Dorothy E. Arnold": "Q114797979", "Madelene Evans Pierce": "Q124260320", "Frances Dorris": "Q124183670", "Anna Birchall Hastings": "Q102240466", "Florence M. Heys": "Q124216479", "Mary Marilla Erickson": "Q92490429", "Rheua Vaughn Medden": "Q114796693", "Mary Hardesty Duren": "Q124215879", "Natalia Borisovna Lomakina": "Q48955792", "Galina Vasilievna Serdyukova": "Q108802764", "Alexandra Matveevna Andruschko": "Q123156209", "Ellen Thomsen": "Q62079944", "Elfriede Sch\u00f6ttle": "Q107296578", "Klavdia Ivanovna Belyaeva": "Q115407398", "Katharine R. Jeffers": "Q124236366", "Justina Kauneckien\u0117": "Q16454605", "Monika Meyer-Holzapfel": "Q1630583", "Zora Karaman": "Q220462", "Gretchen L. Humason": "Q124352653", "Andr\u00e9e T\u00e9try": "Q41673159", "Janina Wengris": "Q11719882", "Gerta Schmid": "Q105046971", "Rebecca Ward Reynolds": "Q109635697", "Jadwiga Grabda": "Q62113624", "Bat-Sheva Aharoni": "Q108309256", "Jean Alexander Ross": "Q112614596", "Dora Godan": "Q59533646", "Josephine F. L. Hart": "Q22106378", "Myra L. Johnson": "Q124237816", "Elena Becker-Migdisova": "Q22111258", "Vera Huff-Wellborn": "Q107151210", "Izabela Mikulska": "Q112490525", "Hulda Stradal-Schuster": "Q122421890", "Helena B\u0105czkowska": "Q94743261", "Ilene Marckx": "Q75044195", "Helen Mellanby": "Q107064353", "Margaret Stirewalt": "Q99352517", "Gabriele Neuh\u00e4user Scott": "Q104467312", "Agnes Ruttner-Kolisko": "Q58639523", "Margarita Bravo Hollis": "Q21506444", "Gertrude Eberl-Rothe": "Q101064589", "Martha Geiringer": "Q105047305", "Margaret R. Wright": "Q22109220", "Gertrud Pleskot": "Q101110274", "Else Jahn": "Q94759893", "Anneliese Strenger": "Q566198", "Olga Ivanova-Kazas": "Q17617462", "Nina Sergeevna Azheganova": "Q112422464", "Henriette Oboussier": "Q105702471", "Hu Shuqin": "Q3141787", "Doris Baumann": "Q51844315", "Johanne Kjennerud": "Q106518733", "\u0413\u0440\u0435\u0437\u0435 \u0406\u0440\u0430\u0457\u0434\u0430 \u0406\u0432\u0430\u043d\u0456\u0432\u043d\u0430": "Q30610238", "Alide Lumberg": "Q25519963", "Dora M. Banner": "Q63347531", "Frances R. Nurse": "Q36556255", "Marie Louise Goodnight": "Q27440699", "Maria Mikhailovna Belopolskaya": "Q55650766", "Beatrice La Rue Burch": "Q113417050", "Ingeborg M\u00fcller": "Q115861875", "Silvia P\u00f6\u00f6gelmann": "Q12375036", "Vira Pavlivna Koval": "Q28356178", "Rakhil Efremovna Schulman-Albova": "Q112432176", "Wilma George": "Q97063837", "Gertraud K\u00fchnelt": "Q51880227", "Natalia S. Lebedkina": "Q117039035", "Nina Nikolaevna Banina": "Q119125260", "Frances Hubbs Miller": "Q64032758", "Charlotte Rachel Anwyl Williams-Ellis": "Q77694498", "Nina Alekseevna Izyumova": "Q123240492", "\u041a\u0443\u043b\u0430\u043a\u0456\u0432\u0441\u044c\u043a\u0430 \u041e\u043b\u044c\u0433\u0430 \u041f\u0435\u0442\u0440\u0456\u0432\u043d\u0430": "Q28356173", "Ana Luisa Thorm\u00e4hlen": "Q105710931", "Edita Brestensk\u00e1": "Q21030276", "Eliska Novakova": "Q11878256", "Catherine Henley": "Q94628088", "Hildegard Str\u00fcbing": "Q15444842", "Hanna-Maria Zippelius": "Q1575655", "Ursula G\u00f6llner-Scheiding": "Q55038831", "Monica Shorten": "Q107171570", "Loreida P\u00f5der": "Q12369036", "Asta Vilbaste": "Q12359836", "Maria Rakowska": "Q20223034", "Semahat Geldiay": "Q6031721", "Charlotte E. Schedl": "Q1067169", "Beatricia Djulic": "Q104223944", "Vera Mikhailovna Safjanova": "Q124099739", "Marie A. Lawrence": "Q27788056", "Anna Krzysztofowicz": "Q9155338", "Wies\u0142awa Sus\u0142owska": "Q112764415", "Janina Pr\u016bsait\u0117": "Q108566161", "Anna-Liisa Varis": "Q50418214", "Galina B. Zevina": "Q21395519", "Alexandra Alexandrovna Shmeleva": "Q124424924", "Gisela Rack": "Q44717746", "Annie Duncan": "Q62627201", "Nina Matviivna Zalewska": "Q120755503", "Jadwiga Wiktor": "Q104887771", "Elizabeth Anne Crowson": "Q80858044", "Lillian Margot Youngs": "Q124289117", "Maria Bulyginskaya": "Q65031888", "Olga Leonidowna Rossolimo": "Q110368411", "Galina Aleksandrovna Stein": "Q124287280", "Irene Kunkel": "Q94761283", "Teresa Pojma\u0144ska": "Q101438118", "Elena Leonidovna Korotkevich": "Q44056683", "Tereznykova Yevheniya Mykhaylivna": "Q30961831", "Makkaveeva Elena Borisovna": "Q21339994", "\u0421\u043a\u043e\u0440\u0438\u043a \u041e\u043b\u0435\u043a\u0441\u0430\u043d\u0434\u0440\u0430 \u0424\u0435\u0434\u043e\u0440\u0456\u0432\u043d\u0430": "Q44056694", "Gisela Deckert": "Q1527299", "Halyna Shcherbak": "Q24641136", "Elena Sergeevna Stankevich": "Q21387705", "Gesa Hartmann-Schr\u00f6der": "Q29440091", "Lidia Scalera Liaci": "Q60585486", "Mary Elizabeth Needler Arai": "Q63962400", "Elizabeth S. Wing": "Q112434767", "Mizuko Yoshiyuki": "Q11414276", "Yveline Leroy": "Q121094675", "\u041d\u0456\u043d\u0430 \u041c\u0456\u043a\u0430\u043b\u0430\u0435\u045e\u043d\u0430 \u0425\u043c\u044f\u043b\u0451\u0432\u0430": "Q66678240", "Anna Sta\u0144czykowska": "Q62101380", "Honoria Hamre": "Q11975788", "Friderun Ankel-Simons": "Q95202793", "Ekaterina A. Gusseva": "Q21391819", "Margaret C. Parsons": "Q121491001", "Irina Rivier": "Q47008484", "Sofija Davidovna\u200f Stepanjanc": "Q48051199", "V\u011bra Opravilov\u00e1": "Q107410157", "Caroline Grigson": "Q46746602", "Erika Pietrzeniuk": "Q21389864", "Nicola Mary Grimmond": "Q113378627", "Susanna Pavlovna Finogenova": "Q123240094", "Vivienne Benzie Burrows": "Q90726916", "Nonna Pavlovna Finogenova": "Q123239879", "Valeria I. Mikhalevich": "Q111803375", "Lilita K. Gailite": "Q21390586", "Renate Angermann": "Q107342831", "M\u00e1ire Mulcahy": "Q123940815", "Joan M. Dixon": "Q100773815", "Mady Molitor": "Q16439855", "\u0421\u0456\u0433\u0430\u0440\u044c\u043e\u0432\u0430 \u0414\u0456\u043d\u0430 \u0414\u043c\u0438\u0442\u0440\u0456\u0432\u043d\u0430": "Q44055392", "Maria da Natividade Albuquerque": "Q60411157", "Edit D\u00e9v\u00e9nyi": "Q17163392", "Ma\u0142gorzata Krasi\u0144ska": "Q1343615", "Rosalie F. Maddocks": "Q21387597", "Mary F. Willson": "Q113937573", "Alina Myrcha": "Q16527878", "Zarui Muradian": "Q21340089", "Klara Bartkowska": "Q11739615", "Diana Tsarichkova": "Q63302086", "Karine Jivanyan": "Q16385039", "Uta Seibt": "Q101438888", "Brigitte Jockusch": "Q916373", "Hilke Ruhberg": "Q21391162", "\u0421\u0454\u0434\u0438\u0448\u0435\u0432\u0430 \u0415\u043b\u0435\u043e\u043d\u043e\u0440\u0430 \u041c\u0438\u043a\u043e\u043b\u0430\u0457\u0432\u043d\u0430": "Q55108105", "Klara D\u00f3zsa-Farkas": "Q22109590", "Barbara Rzebik-Kowalska": "Q112463024", "Brigitte Volkmann-Kohlmeyer": "Q21338694", "Umeyo Mori": "Q28683012", "Logan Catherine Hudson": "Q21339180", "Gloria Arratia": "Q21387805", "Robin Madeline Andrews": "Q87974307", "Yatiyo Yonenaga-Yassuda": "Q28089889", "Karen Arms": "Q59531892", "Lurdes Foresti de Almeida Toledo": "Q15062342", "Valerie Porter": "Q22136990", "Edith Bielek": "Q101096399", "Waltraud Klepal": "Q28833455", "Judith Anne Fournier": "Q97369100", "Fernando Dini": "Q88818782", "Dagmar von Helversen": "Q1157338", "Anne Kirk": "Q120537091", "Janet Warner Reid": "Q25440219", "Jill Yager": "Q21341148", "Maria Agnese Sabatini": "Q46024388", "Nina M. Litvinova": "Q25796385", "Ewa Jadwiga Olempska-Roniewicz": "Q21395309", "Pat A. Hutchings": "Q21390882", "Solange Peixinho": "Q73926535", "Carola Ana Sutton": "Q105702908", "Fran\u00e7oise Athias-Binche": "Q84835646", "Mieko Kawamichi": "Q17157928", "Sumiko Matsumura": "Q21394845", "Marta Heroldov\u00e1": "Q57394627", "Svetlana Aleksandrovna Zabludovskaya": "Q123863464", "Alberta Velimirov": "Q52131071", "K\u00fclli Kangur": "Q12368117", "Christine Tardieu": "Q33225772", "Bella S. Galil": "Q21341502", "Porntip Chantaramongkol": "Q28910264", "\u041a\u043e\u0442\u0435\u043d\u043a\u043e \u0422\u0435\u0442\u044f\u043d\u0430 \u0406\u0432\u0430\u043d\u0456\u0432\u043d\u0430": "Q23303713", "Verena H\u00e4ussermann": "Q21390461", "Daniela Storch": "Q57007086", "Olga Vergnerov\u00e1": "Q95481207", "Sara Cristina Ballent": "Q21395358", "Judy Diamond": "Q112494579", "Virginia Hayssen": "Q56116428", "Verena Stagl": "Q108791811", "Marta Luc\u00eda Bueno": "Q9029526", "Maria Balsamo": "Q18642821", "Mar\u00eda Guiomar Vucetich": "Q3296414", "Jane K. Dolven": "Q21391429", "Phyllis C. Lee": "Q38642465", "Teresa Nesteruk": "Q63487195", "Krystyna Chmiel": "Q100590691", "Dagmar Schratter": "Q1157323", "Masako Izawa": "Q15405961", "Anna Palumbo": "Q52354769", "Kristina Tom\u00e1\u0161ov\u00e1": "Q95395967", "Marika M\u00e4nd": "Q16404243", "Caroline Maybury": "Q21389829", "Norma Segatti Hahn": "Q112474794", "Charlotte K. Hemelrijk": "Q57252433", "Alejandra Rumi Macchi Zubiaurre": "Q93661371", "Maryl\u00e8ne Patou-Mathis": "Q16928480", "Teresa Cristina Sauer de \u00c1vila-Pires": "Q9357270", "Edm\u00e9e Engel": "Q20558251", "Hannelore Hoch": "Q23675048", "Pilar Rodriguez": "Q22103975", "Ingelore C. U. Hinz-Schallreuter": "Q21391576", "Gillian L Rapson": "Q89846535", "Julia Schmidt-Petersen": "Q22106888", "Nina G. Bogutskaya": "Q21395098", "Tatiana Nikolaevna Vereschagina": "Q123344163", "Valeria Rossi": "Q22111808", "Catherine Raven": "Q112565735", "Gaby Schwammer": "Q100706641", "Patricia Guiamet": "Q61978145", "Susanne Stadler": "Q123000194", "Betina Blochtein": "Q56455022", "Sigrid Kofler": "Q105545429", "Kaja Lotman": "Q12366117", "Ulrike Hausl-Hofst\u00e4tter": "Q117035391", "Annamaria Nistri": "Q30166550", "\u0421\u0443\u0445\u043e\u043c\u043b\u0456\u043d \u041a\u0430\u0442\u0435\u0440\u0438\u043d\u0430 \u0411\u043e\u0440\u0438\u0441\u0456\u0432\u043d\u0430": "Q65202457", "Elena V. Ilyina": "Q22108035", "Montserrat Gomendio": "Q6022852", "Shannon J. Hackett": "Q25455663", "Xue Ming": "Q29572589", "Tiina Talvi": "Q16406065", "Krisztina Buczk\u00f3": "Q36603334", "Chen Xiaocheng": "Q52050035", "Jana Fri\u010dov\u00e1": "Q108271156", "Kaja Peterson": "Q12366116", "Olga Raikova": "Q54653660", "Zuzana Krump\u00e1lov\u00e1": "Q112343163", "Renate A. Tr\u00f6stl": "Q125268286", "Gabriele Uhl": "Q22109867", "Ana Isabel Camacho": "Q21502621", "Agnes Bisenberger": "Q115821084", "Anneli Veegen": "Q12359309", "Hildegard Niemann": "Q49783691", "Kerstin Pasda": "Q122943161", "Ruth Barnich": "Q16438861", "Riinu Rannap": "Q12374043", "Judith Korb": "Q21263591", "Noa Simon-Blecher": "Q21387835", "Rut Collado": "Q21393571", "Martha M. Robbins": "Q41509958", "Lucie Ju\u0159i\u010dkov\u00e1": "Q54560880", "Ingrid Berthinussen": "Q11977239", "Jitka \u017durmanov\u00e1": "Q51099975", "Gudrun K\u00f6\u00dfner": "Q125770167", "Sabine Begall": "Q18169742", "Yuliya Nikolaevna Savelieva": "Q21388790", "Renate C. Smallegange": "Q59661281", "Anne Berger": "Q94533170", "DeeAnn M. Reeder": "Q25439894", "Alice Exnerov\u00e1": "Q95377992", "Heidi Kinnunen": "Q117814854", "Nina Gural-Sverlova": "Q22246794", "Shesh Kumari": "Q23675124", "Ewa Zgrabczy\u0144ska": "Q22114908", "Friederike Range": "Q1457086", "Anna Zhadan": "Q21394058", "Christiane Weirauch": "Q21388059", "Vicky Melfi": "Q59694254", "Rachel Page": "Q61701261", "Emmanuelle Pouydebat": "Q63266794", "Si-Qin Ge": "Q21390050", "Tereza Petruskov\u00e1": "Q51710942", "Nataly Matushkina": "Q21337683", "Marina Chirikova": "Q33053537", "Mar\u00eda Lorena Zonta": "Q106518545", "Simona Kralj-Fi\u0161er": "Q65934343", "Nat\u00e1lia Mart\u00ednkov\u00e1": "Q58412226", "Eva Landov\u00e1": "Q85954100", "Isabel Hyman": "Q28735209", "Radka Pi\u00e1lkov\u00e1": "Q62565935", "Ana Riesgo": "Q22102191", "Pavla Robovsk\u00e1": "Q95090859", "Ivona Hork\u00e1": "Q28465108", "Claire Garros": "Q66122029", "Barbora Zemanov\u00e1": "Q112508348", "Emilie Boissin": "Q21393858", "Radka Reifov\u00e1": "Q57634046", "Auguste von Bayern": "Q15303630", "Karol\u00edna Brandlov\u00e1": "Q90887947", "Katharina H\u00e4ndeler": "Q106993463", "Tha\u00eds Figueiredo Santos Silva": "Q37803265", "Gislene Lopes Gon\u00e7alves": "Q55964579", "Britta S Meyer": "Q56997499", "Janine M Ziermann": "Q87726671", "\u0160t\u011bp\u00e1nka \u0158\u00ed\u010danov\u00e1": "Q95068929", "Ema Hrouzkov\u00e1": "Q56948253", "Barbara Mangov\u00e1": "Q112544369", "Fernanda de Pinho Werneck": "Q29076385", "Martina Kone\u010dn\u00e1": "Q56998961", "Dominique Zimmermann": "Q118182731", "Jind\u0159i\u0161ka Bojkov\u00e1": "Q21391558", "Silke Voigt-Heucke": "Q106590524", "Jennifer C. Gir\u00f3n": "Q28859986", "Nina Sadykova": "Q101413668", "Sheila P. Tagaro": "Q22110981", "Melita Vamberger": "Q61052018", "Irena Schneiderov\u00e1": "Q92426943", "Mar Leza": "Q97675041", "Vendula Posp\u00edchalov\u00e1": "Q63353147", "Silvie Li\u0161kov\u00e1": "Q95393378", "Eli\u0161ka Pady\u0161\u00e1kov\u00e1": "Q56806593", "M\u00e1ria Garajov\u00e1": "Q92372523", "Ana Cristina Costa": "Q22102181", "Ana C. Afonso Silva": "Q47311075", "Jana R\u016f\u017ei\u010dkov\u00e1": "Q96617122", "Palesa Natasha Mothapo": "Q109292253", "Liina Kinkar": "Q56960282", "Barbora \u017dampachov\u00e1": "Q50789396", "Nia Toshkova": "Q99727258", "Dagmar Schwambergov\u00e1": "Q105470713", "Shirley A. Pomponi": "Q16944851", "Barbara A. Poulter": "Q19001531", "Lauren Helgen": "Q19831737", "Sophie von der Heyden": "Q21388100", "Nadezda Krsti\u0107": "Q21390989", "\u00d8ydis Alme": "Q21391081", "Anna Soler-Membrives": "Q21391167", "Zarinah Waheed": "Q21391491", "Mizuki Matsunuma": "Q21392303", "Francesca Benzoni": "Q21393686", "Alba N. Ruiz-Cuenca": "Q21393832", "Carolina Nore\u00f1a": "Q21393995", "Alexandra E. Rizzo": "Q21394815", "Marta Riutort": "Q21395639", "Patricia \u00c1lvarez-Campos": "Q21502436", "Erica Keppel": "Q22102327", "Alessandra Ang\u00e9lica de P\u00e1dua Bueno": "Q22106392", "Andrea Ter\u00e1n-Valdez": "Q22112550", "Antonina dos Santos": "Q23068635", "Juliane Petry de Carli Monteiro": "Q23069028", "Rebeca Genis-Armero": "Q26036709", "Cinzia Gravili": "Q26896776", "Eyda L. Gomez": "Q27183913", "Angeles Armesto": "Q27792481", "Vicki Thomson": "Q27835174", "Nora Escribano": "Q27916507", "Carmen Escala": "Q27916525", "Amancay A. Cepeda-Mercado": "Q27918942", "Val\u00e9ria da C. Tavares": "Q28109896", "Mareike Hirschfeld": "Q28146722", "Laura Sandberger-Loua": "Q28146744", "Violaine Nicolas": "Q28211073", "Fiona Francis": "Q28468816", "Celene Salgado-Miranda": "Q28649051", "Katerina Guschanski": "Q28805322", "Concepci\u00f3n Ornosa": "Q28933989", "Pilar de la R\u00faa": "Q28934033", "Deneb Ortigosa": "Q29125827", "Quetzaly K. Siller Rodr\u00edguez": "Q29859592", "Macarena Ros": "Q29887463", "Marta Calvo-Revuelta": "Q29951810", "Carmela Gissi": "Q30004119", "Ostaizka Aizpurua": "Q37373847", "Karina A. Karenina": "Q48314541", "Ellen Thaler-Kottek": "Q1331886", "Lilijana Bizjak Mali": "Q28944548", "Janet K. Braun": "Q11719743", "Jill R. Brown": "Q13481915", "Maria Georgescu": "Q18096372", "Loretta Guidi": "Q18642822", "Chutamas Satasook": "Q19689623", "Maarit Jaarola": "Q19801640", "Diana S. Jones": "Q21076198", "Elisabeth Haring": "Q21264504", "St\u00e9phanie Boucher": "Q21337656", "Heike B. Feldhaar": "Q21337866", "Leontine E. Becking": "Q21337886", "Marilyn Schotte": "Q21337966", "Louise Elisabeth Aegidia van Lummel": "Q21338189", "Pamela Arnofsky": "Q21338199", "Karen Gowlett-Holmes": "Q21338506", "Luci B. N. Coelho": "Q21338964", "Elizabeth A. Hugo-Coetzee": "Q21339068", "Nelli G. Sergeeva": "Q21339139", "Catia Nunes da Cunha": "Q21339379", "Karen Siu Ting": "Q21340126", "Marina Ribeiro da Cunha": "Q21340469", "Diana M.P. Galassi": "Q21340579", "Margaret Walton": "Q21341184", "Manuella V. Amado": "Q21341465", "Fran\u00e7oise Monniot": "Q21341653", "Marina I. Baskevich": "Q21341758", "Bernadette Deltel": "Q21387568", "Olga Mendeleevna Lev": "Q21387735", "Laura Anna Laurencich": "Q21387741", "Jenny M. Schmid-Araya": "Q21387880", "Ekaterina M. Tesakova": "Q21387953", "Liliana Celis": "Q21388082", "Natalie Vasey": "Q21388165", "Jennifer M. Norman": "Q21388227", "Yan-Jie Zhang": "Q21388451", "Anita Malhotra": "Q21388467", "Jianmei An": "Q21388615", "Georgiana B. Deevey": "Q21388643", "Cynthya E. Gonz\u00e1lez": "Q21388825", "Hamann M. In\u00e9s": "Q21388832", "Nina Petrovna Kashevarova": "Q21388870", "Rosario Mata-L\u00f3pez": "Q21388976", "Karla Acosta-Virgen": "Q21388983", "Mary Liz Jameson": "Q21389016", "Vlada Peneva": "Q21389208", "Milka Elshishka": "Q21389217", "Monica Olson": "Q21389233", "Denise C. Nicholls": "Q21389294", "Mar\u00eda Luisa Jim\u00e9nez": "Q21389379", "Nina Aleksandrovna Akatova": "Q21389516", "Ruth Lerner-Seggev": "Q21389770", "Zahra Tanha Maafi": "Q21389856", "Alison J.A. Green": "Q21389893", "Ivone Purper": "Q21389930", "Norma Catherine Furtos": "Q21389966", "Anne Constant Cohen": "Q21389993", "Maria Cristina Cabral": "Q21390019", "Viktoria V. Spodareva": "Q21390079", "Simone Nunes Brand\u00e3o": "Q21390124", "Anna E. Syme": "Q21390129", "Jiang-Yong Wang": "Q21390136", "Ilaria Mazzini": "Q21390212", "Elsa Gliozzi": "Q21390227", "Odette Ducasse": "Q21390232", "Helga Groos-Uffenorde": "Q21390332", "Elke Beher": "Q21390421", "Odalisca Breedy": "Q21390454", "Judith Eger": "Q21390481", "Sukonthip Savatenalinton": "Q21390488", "Camilla Souto": "Q21390506", "Maya Deb": "Q21390518", "Angelina L. Kovalenko": "Q21390534", "Else Ostermeyer": "Q21390549", "Ann R. Gurney": "Q21390613", "Agn\u00e8s Detta\u00ef": "Q21390694", "Jane St. Leger": "Q21390700", "Elizabeth Harrison-Nelson": "Q21390708", "Catherine N. Dobbin": "Q21390712", "Maureen H. Barclay": "Q21390772", "Ludmila A. Kutikova": "Q21390841", "Mathilde Schwabl": "Q21390916", "Sandra J. McInnes": "Q21390927", "Isabel C. Molina-Acevedo": "Q21390939", "Nadya P. Sanamyan": "Q21390950", "Nadia Y. K. Bonnet": "Q21391006", "Atike Nazik": "Q21391101", "Dianne M. Gleeson": "Q21391158", "Thi Anh Duong Nguyen": "Q21391203", "Thi Than Tam Vu": "Q21391210", "Melanie Mackenzie": "Q21391259", "Yu Mei Xu": "Q21391351", "Sara Fadia Ceccarelli": "Q21391396", "Tullia Isotta Terraneo": "Q21391486", "Catalina Pastor": "Q21391524", "Virginia Lo Russo": "Q21391529", "Elisabeth M. Brouwers": "Q21391581", "Mary Spencer-Jones": "Q21391596", "Silvana Abate": "Q21391627", "Piyoros Tongkerd": "Q21391644", "Karla Paresque": "Q21391727", "Claudia Dojen": "Q21391775", "Tejal Vijapure": "Q21391815", "Soniya Sukumaran": "Q21391820", "Gladys N. Angelozzi": "Q21391839", "Lesley Margaret Sheppard": "Q21391859", "Ryoichi Tabuki": "Q21391894", "Yvette Tambareau": "Q21391900", "Betty Kellett": "Q21391936", "Galina G. Stovbun": "Q21392087", "Costanza Faranda": "Q21392094", "Sian Esther Downing": "Q21392333", "Karin J. Millson": "Q21392338", "Elena Kupriyanova": "Q21392602", "Eunice Wong": "Q21392608", "Ekaterina Baynova": "Q21392617", "Adriana Ram\u00edrez\u00ad-Hern\u00e1ndez": "Q21392699", "Vivianne Sol\u00eds-Weiss": "Q21392711", "Cassandra Moraes Monteiro": "Q21392754", "Simone C. Cohen": "Q21392759", "Marilia C. Brasil-Sato": "Q21392765", "Antonietta Rosso": "Q21392815", "Emanuela Di Martino": "Q21392820", "Maria Ana\u00efs Barbosa": "Q21392865", "Patricia Behrens": "Q21392887", "Annette Koenders": "Q21392935", "Isa Sch\u00f6n": "Q21392941", "Milena Roszkowska": "Q21392987", "Berenit Mendoza-Garfias": "Q21393048", "Barbara Mikac": "Q21393073", "Merel L. Dalebout": "Q21393121", "Fanomezana M. Ratsoavina": "Q21393143", "Lorena Flores": "Q21393155", "Jana Hoffmann": "Q21393173", "Fernanda Zanca": "Q21393234", "Facelucia B.C. Souza": "Q21393271", "Sandra Zervos": "Q21393307", "Carys E. Bennett": "Q21393462", "Ana Soka\u010d": "Q21393543", "Anabel Perdices": "Q21393580", "Cristina de Villalobos": "Q21393592", "Kate\u0159ina J\u016fzov\u00e1": "Q21393605", "Jennifer M. Zaspel": "Q21393640", "Mariya Andreevna Nechaeva": "Q21393688", "Melissa Q. C\u00e1rdenas": "Q21393827", "Berenice M.M. Fernandes": "Q21393840", "Elsa Froufe": "Q21393896", "\u00c1gueda V.I. Miranda": "Q21393947", "Nataliya Budaeva": "Q21393977", "Larisse Faroni-Perez": "Q21393989", "Karin Mei\u00dfner": "Q21394000", "Miriam G\u00f6tting": "Q21394006", "Anja Schulze": "Q21394039", "Joana Zanol": "Q21394044", "Christine Ruta": "Q21394052", "Alexandra Stupnikova": "Q21394064", "Tatjana V. Neretina": "Q21394069", "Hannelore Paxton": "Q21394099", "Victoria Schneider": "Q21394125", "Fl\u00e1via Regina Miranda": "Q21394176", "Natsumi Kanzaki": "Q21394241", "Maria Cristina da Silva": "Q21394320", "Michelle Guzel": "Q21394347", "Julia S. Beneti": "Q21394366", "Helen E. Stoddart": "Q21394370", "Estela Celia Lopretto": "Q21394393", "Lyudmila Mikhaylovna Semenova": "Q21394535", "Rosana Londo\u00f1o": "Q21394553", "Anisbeth Daza": "Q21394559", "Jaci M. Vieira": "Q21394567", "La\u00eds V. Ramalho": "Q21394570", "Oana-Gabriela Sebe": "Q21394706", "Flora Hartley": "Q21394750", "Alicia Emma Echevarria": "Q21394770", "Nina Mikhaylovna Kotschetkova": "Q21394791", "Alma Gabriela Islas-Ortega": "Q21394805", "Juliana Henrique Teixeira": "Q21394810", "Cinthya Simone Gomes Santos": "Q21394820", "Irina Donatovna Tkacheva": "Q21394823", "Robyn P. Payne": "Q21394927", "Ma\u0142gorzata Kolicka": "Q21394938", "Emilia Jankowska": "Q21394943", "Luisa Centeno": "Q21394971", "Carolina Cantalapiedra-Navarrete": "Q21394980", "Nicola Vovlas": "Q21394997", "M. Maxine McGinty": "Q21395027", "Diana K. Valadez-Vargas": "Q21395030", "Rong-Cheng Lin": "Q21395086", "Valentina Alekseevna Ivanova": "Q21395096", "Ver\u00f4nica Maria de Oliveira": "Q21395158", "Ilse Bartsch": "Q21395192", "Stefanie Kaiser": "Q21395368", "Tessa N. Hempson": "Q21395445", "Isabel Loureiro": "Q21395463", "Enelise Katia Piovesan": "Q21395528", "Julia K. Zograf": "Q21395636", "Yulia A. Trebukhova": "Q21395641", "Olga N. Pavlyuk": "Q21395646", "Rosemarie C. Baron-Szabo": "Q21395680", "Veronica N. Bulnes": "Q21395696", "Nuria Anad\u00f3n": "Q21395742", "Antje Kegel": "Q21395814", "Paula Beatriz Araujo": "Q21502470", "Beatriz R. Rodrigues": "Q21502559", "Mariana Borges Rodrigues": "Q21502565", "Diana L. Salcedo O.": "Q21502617", "L\u00facia De S. Campos": "Q21502630", "Blanca B. Landa": "Q21502659", "Lidiane Maria da Silva": "Q21502700", "Kerrie Ann Davies": "Q21502816", "Supiyanit Maiphae": "Q21502842", "Kartika Dewi": "Q21502849", "Elizabeth A. Diamond": "Q21502855", "Isabel Duarte": "Q21502887", "Suzanne Fields": "Q21502960", "Tha\u00eds P. Miranda": "Q21502962", "Nuria Garc\u00eda": "Q21503020", "Charlotte Watson": "Q21503054", "Claudia E. Mills": "Q21504277", "Ana C.S. Almeida": "Q21513891", "Carmen Arias": "Q21518055", "Marie Pag\u00e8s": "Q21694018", "Lourdes Y. Echevarr\u00eda": "Q21772119", "Camila Castro": "Q22102278", "Jennifer A. Anderson": "Q22102490", "Becky L. Williams": "Q22102492", "Jennifer A. Jackson": "Q22102519", "Jennifer M. Lamb": "Q22102561", "Carla Suertegaray Fontana": "Q22102877", "Vijayamma Sreeja": "Q22102970", "Georgina Bond-Buckup": "Q22103172", "Caroline Brun": "Q22103488", "Joana N. Fernandes": "Q22103538", "Louise Abigail De Layola": "Q22103942", "Pilar Sanchez": "Q22103996", "Larisa Andreevna Kupriyanova": "Q22104047", "Luciana Martins": "Q22104364", "Ludmila Stepanovna Buschmina": "Q22104459", "Evangelia Michaloudi": "Q22104596", "Laura R. P. Utz": "Q22104703", "Hebe del Valle Ferreyra": "Q22104735", "Helena Matthews-Cascon": "Q22104918", "In\u00e9s Irma C\u00e9sar": "Q22105446", "Melissa B. Martin": "Q22105748", "Malin Strand": "Q22105751", "R.B. Samoilova": "Q22106006", "Marina G. Krivosheina": "Q22106036", "Irina A. Kaygorodova": "Q22106107", "R.F. Smirnova": "Q22106183", "N. W. Dubowsky": "Q22106232", "Judith L. Williams": "Q22106804", "Julia Resende Thompson": "Q22106869", "Izabel Regina Soares da Silva": "Q22107029", "Paula Caroline Lopes": "Q22107342", "Paula Hanna Valdujo": "Q22107365", "Alison J. Fitch": "Q22107421", "Alla Petrovna Kassatkina": "Q22107438", "Christine Karrer": "Q22107924", "Christine Morrow": "Q22107939", "Elena S. Ivanova": "Q22108013", "Kanako Matsuo": "Q22108058", "Amanda Coronato-Ribeiro": "Q22108498", "Margaret M. Drummond": "Q22109179", "Maria Ang\u00e9lica de Oliveira Bezerra": "Q22109305", "Linda K. Gordon": "Q22109359", "Mar\u00eda Ana Tovar-Hern\u00e1ndez": "Q22109382", "Maria Bustamante": "Q22109418", "Maria M\u00f3nica D\u00edaz": "Q22109770", "Janet Moore": "Q22109803", "Patty Jo Hoff": "Q22109918", "Marina P. Melchior": "Q22110016", "Marina Walker": "Q22110031", "Fiona A. Reid": "Q22111773", "Samantha L.L. Hill": "Q22111782", "Samara de Paiva Barros-Alves": "Q22111803", "V\u00e2nia F. Goulart C. Pereira": "Q22111999", "Sarah A. Smith": "Q22112354", "Ana G. Moreno": "Q22112377", "Yuan Xu": "Q22112540", "Diane R. Nelson": "Q22112610", "Yuliia Kanana": "Q22112717", "Ruth Ainsworth": "Q22113440", "Tatiane Casagrande Mariguela": "Q22113595", "Susan M. Dippenaar": "Q22113879", "Sonia A. Williams": "Q22114027", "Virginia Le\u00f3n-R\u00e8gagnon": "Q22686283", "Marine J. Briand": "Q22910973", "Richa Sharma": "Q22913807", "Alice Karl": "Q23003997", "Mercy Vaughn": "Q23004022", "Christina Mel\u00e9ndez Torres": "Q23004063", "Sonali Garg": "Q23068619", "C\u00e1tia Bartilotti": "Q23068633", "Joana Salabert": "Q23068634", "Ying-Kui Liu": "Q23068640", "Mar\u00eda C\u00e9ron Cucchi": "Q23068670", "Martha Luc\u00eda Calder\u00f3n-Espinosa": "Q23068693", "Elena Tricarico": "Q23068745", "Judith E. Winston": "Q23068752", "Anna Iglikowska": "Q23068756", "Jocelyn Tandy": "Q23068863", "Karen J. Miller": "Q23068875", "Sang Ngoc Nguyen": "Q23068898", "Mar\u00eda Jos\u00e9 Vela": "Q23068981", "Lore Geeraert": "Q23068995", "Melissa Fontes Landell": "Q23069098", "Juliana Alvim": "Q23071012", "Astra Eduardovna Kalis": "Q23661020", "Wanda Bielecka": "Q23661088", "Cleo Harkins": "Q23661191", "Eve C. Southward": "Q23661209", "Stella Souza": "Q23661247", "Ana Laura Morais": "Q23661248", "Luciane Augusto de Azevedo Ferreira": "Q23674956", "Rosana M. Rocha": "Q23675055", "Susanna L\u00f3pez-Legentil": "Q23675056", "Maria Holzmann": "Q23675119", "Juliana Bahia": "Q23675144", "Ljudmila V. Pavlova": "Q25437927", "Maria Pia Miglietta": "Q25437956", "Ascens\u00e3o Ravara": "Q25437964", "Ter\u00e9zia Horv\u00e1thov\u00e1": "Q25438139", "Catherine S. McFadden": "Q25439153", "Alison Sampey": "Q25439261", "Zoya Vasilevna Kuznetsova": "Q25439267", "Rafaella C. Garbin": "Q25439514", "Roberta R. Pinto": "Q25439525", "Cheewarat Printrakoon": "Q25440256", "Whitney C. Preisser": "Q25440348", "Lynda Beladjal": "Q25440548", "Hanyeh Ghaffari": "Q25440675", "M. Alexandra Camacho": "Q25441745", "Nat\u00e1lia Bizzo Franco": "Q25441757", "Renata de Andrade": "Q25441800", "Kerry A. Hadfield": "Q25441812", "Tatiana Sitnikova": "Q25441861", "Ratmanee Chanabun": "Q25441967", "Barbara Fiasca": "Q25441996", "Marie-Jos\u00e9 Dole-Olivier": "Q25442024", "Yosephine Tuti": "Q25442036", "Lyudmila I. Fedorova": "Q25442671", "Maria A. Fedyaeva": "Q25442817", "Denise Mirano-Bascos": "Q25443664", "Cristiane Bastos-Silveira": "Q25443683", "Manuela Ramos": "Q25443685", "Isabel Queir\u00f3s Neves": "Q25443695", "Jeanette Howard": "Q25444225", "Michelle L. Penrod": "Q25444287", "Marie D.C. Nguyen": "Q25444310", "Claire Winfrey": "Q25444426", "Gra\u017cyna Winiszewska-\u015alipi\u0144ska": "Q25577840", "Marina de S\u00e1 Leit\u01ceo C\u0103mara de Ara\u00fajo": "Q25577847", "Martha Ang\u00e9lica Guti\u00e9rrez-Aguirre": "Q25639998", "Mar\u00eda del Rosario Robles": "Q25796370", "Mar\u00eda Navarrete": "Q25796427", "Nicole Schneider": "Q25802827", "Deborah Wall-Palmer": "Q25819201", "Katherine Certuche-Cubillos": "Q25927515", "Zahra Majd Taheri": "Q25938149", "Diana Sz\u00e9kely": "Q25999134", "Nadia Paez": "Q25999183", "Faith Guinto": "Q25999282", "Giuliana Allegrucci": "Q26000711", "Annalena Stuhlmann": "Q26012553", "Binh Thi Thanh Tran": "Q26083902", "Umilaela Arifin": "Q26120935", "Eliane P. Arruda": "Q26194731", "Amy R. Baco": "Q26219781", "Nicole Morgan": "Q26219784", "Vanessa Pais": "Q26221086", "Eugeniya I. Bekker": "Q26223999", "Jann E. Vendetti": "Q26237844", "Sofia V. Pyataeva": "Q26252634", "Heidy C\u00e1rdenas": "Q26257581", "Sara Pelleteri": "Q26270236", "\u00c9rica Fonseca": "Q26272173", "Patricia Rojas": "Q26376207", "Jahn Hornung": "Q26406363", "Gaucilene F. Catroli": "Q26669339", "Sanae Kasahara": "Q26669612", "Ana Rosa Vazquez-Bader": "Q26678462", "Kelly Martinez Gomes": "Q26721394", "Mar\u00eda Cristina Marinone": "Q26722733", "Ekaterina Popova": "Q26758620", "Naoko Egi": "Q26808333", "Peng Wei": "Q26812157", "Chiraz Yemmen": "Q26829557", "Sihem Bahri": "Q26829661", "Rayane Sorrentino": "Q26830887", "Jessika Alves": "Q26830895", "Ya-Ling Wang": "Q26831236", "Daniela A. Lopes": "Q26869701", "Adriana Mainenti": "Q26869705", "Magda Sanches": "Q26869707", "Delir Corr\u00eaa-Gomes": "Q26869713", "Susana Sch\u00f6nhuth": "Q26899446", "Paula Carolina Serrano": "Q26905461", "Mar\u00eda Celina Digiani": "Q26905465", "Diva M. Borges-Nojosa": "Q26966396", "Simona Prevor\u010dnik": "Q27026353", "Marjeta Konec": "Q27026380", "Sultana Parvin Habeebur Rahman": "Q27037530", "Marissa Fabrezi": "Q27062360", "Angeles R. Romero-May\u00e9n": "Q27095918", "Greta J. Frankham": "Q27104441", "Silvana Vargas do Amaral": "Q27144497", "Carolina Tavares": "Q27148440", "Jaqueline Gusmao": "Q27148459", "Amanda F. Cunha": "Q27160236", "Alexandra Sumarli": "Q27168192", "Claudia J. del R\u00edo": "Q27168812", "Sara E. Dominguez-Cisneros": "Q27184037", "Ana Claudia dos Santos Brasil": "Q27223062", "Anna W. McCallum": "Q27231626", "Patricia Cabezas": "Q27231627", "Sheri B. Ayers": "Q27440621", "Na Song": "Q27448669", "Marta Ostrowska": "Q27458948", "Tina Molodtsova": "Q27554511", "Kathryn E. Perez": "Q27556152", "Franciane Gamiette": "Q27576835", "Marina Georgievna Popova-Lvova": "Q27658794", "Thi Kim Thu Cao": "Q27663783", "Renee A. Catullo": "Q27720517", "Darya M. Potanina": "Q27748851", "Alondra Sofia Rodriguez Buelna": "Q27790728", "Karla Andrea Camacho-Cruz": "Q27790758", "Katar\u00edna Kraj\u010dovi\u010dov\u00e1": "Q27791902", "J\u00e9ssica Colavite": "Q27808453", "Salom\u00e9 Fabri-Ruiz": "Q27820696", "Tatiana Korshunova": "Q27826332", "Karin Fletcher": "Q27826336", "Dulce Mar\u00eda Bernal Z\u00fa\u00f1iga": "Q27835236", "Maria Antonia Bravo": "Q27838154", "Margarida Teixeira Santos": "Q27838553", "Tanja Traki\u0107": "Q27863104", "Margarete Gihr": "Q27868178", "Mariana Terossi": "Q27886943", "Raquel Corr\u00eaa Buranelli": "Q27886946", "Barbara J. Oden": "Q27892799", "Bianca von M\u00fcller Berneck": "Q27894371", "Giulia Furfaro": "Q27897693", "Jessica Prata": "Q27901838", "Enilma M. Araujo": "Q27918744", "Maria Angelica Haddad": "Q27918896", "Patricia Ay\u00f3n": "Q27918923", "Cristina Cede\u00f1o-Posso": "Q27918928", "Luc\u00edlia S. Miranda": "Q27919012", "Karine B. Nascimento": "Q27919015", "Carolina S. Rodriguez": "Q27919052", "Valquiria B. Tronolone": "Q27919075", "Elena Vivar": "Q27920153", "Daniela Eliana Sganga": "Q27921800", "Laura Susana L\u00f3pez-Greco": "Q27921874", "Ruth Amanda Estupi\u00f1\u00e1n": "Q27943508", "Yukiko Narahara-Nakano": "Q27964486", "Cindy Marques": "Q27978872", "Canella Radea": "Q28005442", "Cl\u00e1udia M\u00e1rcia Marily Ferreira": "Q28007462", "Ella Z. Lattenkamp": "Q28008467", "Megan A. Riddin": "Q28027848", "Kl\u00e1ra Py\u0161kov\u00e1": "Q28028633", "Angela E. Murphy": "Q28043316", "Isabel Matos Soares": "Q28050359", "Elisabeth Henschel": "Q28052268", "Priti Hebbar": "Q28053649", "Briony L. Mamo": "Q28055388", "Ana Cristina Prado Veiga-Menoncello": "Q28055522", "Shirlei Maria Recco-Pimentel": "Q28055526", "B\u00e1rbara Maria de Andrade Costa": "Q28059810", "Leila Maria Pess\u00f4a": "Q28070520", "Christine Str\u00fcssmann": "Q28089886", "Val\u00e9ria Fagundes": "Q28089888", "Ana Paula Carmignotto": "Q28095894", "Silvia E. Pavan": "Q28109898", "Hai-Siang Tan": "Q28114711", "Ilana Rossi": "Q28130194", "Tayse Farias": "Q28136619", "Alanna Grazieli Sousa": "Q28136660", "Samantha Oliveira e Sousa": "Q28137232", "Lauren Veronese": "Q28140089", "Denise de Cerqueira Rossa-Peres": "Q28140099", "Hanneline A. Smit": "Q28140100", "Nathalia Suzan Camar\u00e3o Silva Martins": "Q28148134", "Juliana W. Gon\u00e7alves": "Q28148141", "Marisol Aguillera": "Q28148142", "Erika Hingst-Zaher": "Q28152157", "Daniela Pica": "Q28211069", "Teresa Tarifa": "Q28315993", "Kanami Oku": "Q28344041", "Shirley Jennifer Serrano Rojas": "Q28369215", "Gracie Mowery": "Q28464706", "Dana Thiele": "Q28469650", "Shannon E. Engberg": "Q28469653", "Emilienne Razafimahatratra": "Q28469654", "Irene A. Cardoso": "Q28470862", "Linn F. Groeneveld": "Q28477110", "Nathalie Revis": "Q28603938", "Maria Dimaki": "Q28604465", "Andrea Paloma Zepeda-Vel\u00e1zquez": "Q28649053", "Maricruz Gonz\u00e1lez-G\u00f3mez": "Q28649071", "J\u00e9ssica Fratani": "Q28654137", "Manoela Woitovicz-Cardoso": "Q28654141", "Yayoi M. Hirano": "Q28698837", "Elvira De Matthaeis": "Q28708834", "Claudette P. Maminirina": "Q28735319", "Hayley C. Lanier": "Q28735321", "Lorena Gisela Ail\u00e1n-Choke": "Q28747203", "Geraldine Ramallo": "Q28747329", "Dora Davies": "Q28747370", "Patricia G\u00f3mez": "Q28758067", "Caroline C. Hofman": "Q28758069", "Margriet Kielman": "Q28758070", "Ruth Griffin": "Q28769595", "Julie Marin": "Q28788084", "Julie Ranivo": "Q28788085", "Kelly M. Lipp": "Q28788086", "Nasreen Peer": "Q28812133", "Karen D\u00edaz": "Q28813240", "Christy Anna Hipsley": "Q28818825", "Juanita Rodriguez": "Q28837329", "Malalatiana Mich\u00e8le Ratsimbazafy": "Q28837807", "Patricia Gonz\u00e1lez": "Q28846702", "Luc\u00eda E. Claps": "Q28846769", "Andrea Ju\u00e1rez": "Q28846823", "Jessamyn R. Adorada": "Q28849212", "Charlene Janion-Scheepers": "Q28855391", "Dalva L. Queiroz": "Q28868669", "Andrea Jarzabek-M\u00fcller": "Q28869934", "Olga V. Yushkova": "Q28872392", "Corinne Cruaud": "Q28914619", "Paloma Helena Fernandes Shimabukuro": "Q28918955", "Sofia Terzopoulou": "Q28924617", "Nict\u00e9 Ord\u00f3\u00f1ez-Garza": "Q28924663", "Thelma T. Heidel-Baker": "Q28927048", "Amanda Santiago F. Lantyer-Silva": "Q28933041", "Noem\u00ed Goicoechea": "Q28934078", "Judith Gobin": "Q28935133", "Nivia Marina Nunes Abreu": "Q28935143", "Alana Jute": "Q28935148", "Tessa R. Smith": "Q28935830", "Luane Samara Alves e Silva": "Q28942579", "Cecilia Margarita Guerrero-Ocampo": "Q28942585", "Maria Lucia Negreiros-Fransozo": "Q28942594", "Natali Hurtado": "Q28943898", "Carolina Reyes-Puig": "Q28945279", "Cui-Qing Gao": "Q28945655", "Lillian J. Tuttle": "Q28945790", "Rebecca K. Beresic-Perrins": "Q28946384", "Bonnie A. Bain": "Q28946389", "Simone Maria de Albequerque Lira": "Q28946406", "Cynthia Dayanne Mello de Lima": "Q28946423", "Renata Cec\u00edlia Amaro": "Q28946605", "Roberta Pacheco Damasceno": "Q28946606", "Anna Czaplicka": "Q28950425", "Paula Cristina Sim\u00f5es": "Q28955573", "Vera L. Nunes": "Q28955641", "Raquel Mendes": "Q28955866", "Telma G. Laurentino": "Q28955885", "Karine Schoeninger": "Q28956968", "Maryam Hekmatara": "Q28966647", "Javiera R. Rocca": "Q28971499", "Claudia Molina-Zuluaga": "Q28974502", "Estefany Cano": "Q28974528", "Adriana Restrepo": "Q28974545", "Mia O. Hoogenboom": "Q28978264", "Janis N. Matsunaga": "Q29000364", "Nancy E. Karraker": "Q29017315", "Vanessa Aguirre-Pe\u00f1afiel": "Q29017489", "Mariane Targino": "Q29020851", "Nancy F. Mercado-Salas": "Q29021032", "Terue C. Kihara": "Q29021044", "Sarah A. Knutie": "Q29034920", "Gawhara M.M. Abu El-Hassan": "Q29035465", "Liberata Gualtieri": "Q29043492", "Elisa Verdolini": "Q29043495", "Paola Riolo": "Q29043500", "Rachel L. Welicky": "Q29043519", "Katherine C. Nesheim": "Q29046117", "Cynthia N. Park": "Q29047889", "Lisa M. Overall": "Q29047894", "Stephanie A. Clark": "Q29048189", "Marianna Dixo": "Q29051673", "Maire Luise Caroline Bartz": "Q29052309", "Marl\u00facia Bonif\u00e1cio Martins": "Q29052337", "Eliana A. Panarelli": "Q29052577", "D\u00e9borah S. Soldati Lacerda": "Q29052654", "Rachel Montesinos": "Q29053587", "Catriona R. Hendry": "Q29053592", "Marc\u00e9lia B. da Silva": "Q29053593", "S. Ramya Roopa": "Q29054047", "Helena Gon\u00e7alves": "Q29054394", "Claudia M\u00f6stel": "Q29068709", "Maryam Aleosfoor": "Q29071300", "Adriana Bocchiglieri": "Q29076384", "\u00c9rika Santos": "Q29115161", "Cl\u00e9lia M.C. da Rocha": "Q29120201", "Adriana Reyes-G\u00f3mez": "Q29125699", "Izabela M. Barata": "Q29153528", "Teresa Kearney": "Q29154021", "Luciana Guedes Pereira": "Q29157097", "Martina Dorkov\u00e1": "Q29168288", "Mariana Groza": "Q29346417", "Mihaela Coman": "Q29346419", "Roberta dos Santos da Silva": "Q29351327", "Francisca Mendez-Harclerode": "Q29354963", "Meredith J. Hamilton": "Q29354964", "Ekaterina Viktorovna Raikova": "Q29359409", "Raquel Gardini Sanches Palasio": "Q29380354", "Marisa Cristina de Almeida Guimar\u00e3es": "Q29380555", "Roseli Tuan": "Q29380595", "Jenna M. Jacobs": "Q29384870", "Yousra Benyahia": "Q29385941", "Kristin M. Hultgren": "Q29390928", "Elena Beatr\u00edz Eder": "Q29404644", "Mar\u00eda Rosa Mar\u00edn": "Q29404659", "Mirtha Noem\u00ed Lewis": "Q29404684", "Ira Richling": "Q29405094", "M. Anne Basham": "Q29431462", "Isabelle Betancourt": "Q29431549", "Christy Bills": "Q29431644", "Caitlin Chapman": "Q29432430", "Julia Colby": "Q29432439", "Kathryn M. Daly": "Q29432542", "Rachel L. Hawkins": "Q29432832", "Stacey Huber": "Q29433980", "Nicole Palffy-Muhoray": "Q29434076", "Darciane Maria de Amorim": "Q29438370", "Lidiane Aparecida Firmino da Silva": "Q29438380", "Roberta Can\u00e1rio": "Q29438742", "Nazymgul Akimbekova": "Q29453419", "Martha R. Campos": "Q29455541", "Lyu Zhitong": "Q29493543", "Anthonipillai Arockia Mary": "Q29524228", "Mary M. Grossmann": "Q29546738", "Nadya Nikolova": "Q29557921", "Andreia Salvador": "Q29559506", "Joan Pickering": "Q29559535", "Jane M. McRae": "Q29560817", "Terrie Finston": "Q29560848", "Ana Je\u0161ovnik": "Q29566760", "Paola A. S\u00e1ez": "Q29571618", "Carolina Araya": "Q29571658", "Keren R. Sadanandan": "Q29572963", "Adriana Trevizoli Salom\u00e3o": "Q29577186", "Penelope J. Mills": "Q29579067", "Angie C.J. Uturunco": "Q29579068", "Rachel L. Stone": "Q29583248", "C. Lorna Culverwell": "Q29585611", "Juliana M. Wingert": "Q29585980", "Pilar Zamora-Tavares": "Q29586349", "Mark\u00e9ta Omelkov\u00e1": "Q29586777", "Liesl Janson": "Q29609619", "Benedicta Ngwakum": "Q29609736", "Dariane Amorim do Nascimento": "Q29628375", "Maria Thayane da Silva Mendon\u00e7a": "Q29628513", "Selina Ward": "Q29633996", "Phyllis Knight-Jones": "Q29635098", "Mary E. Petersen": "Q29635149", "Bianka Csit\u00e1ri": "Q29644421", "Sanja Veseli\u0107": "Q29650127", "Carla da Silva Guimar\u00e3es": "Q29651142", "Colleen M. Ingram": "Q29651144", "Elizabeth K. Archer": "Q29651153", "Tomoko Naganuma": "Q29768792", "Sofia Luz": "Q29784645", "Lori J. Bell": "Q29839481", "Gyulli Sh. Farzalieva": "Q29841014", "Andria de Paula Santos-da-Silva": "Q29868100", "Mariana B. Lacerda": "Q29887489", "Elena S. Chertoprud": "Q29912875", "Semra Turgut": "Q29913712", "Alexandra Zieritz": "Q29950041", "Jennifer Y. Lamb": "Q29998760", "Mindi M. Summers": "Q30062928", "Kaitlin E. Allen": "Q30069779", "Beatriz A. Dorda": "Q30145764", "Heike W\u00e4gele": "Q30502307", "Kylie Owen": "Q30505100", "Adriana Sandoval-Comte": "Q30505758", "Tanja Wilke": "Q31213092", "Sandra D. Chapman": "Q31356098", "Karoline Ceron": "Q31812847", "Juliana Gusson Roscito": "Q33128835", "Brooke L. Bessesen": "Q33413013", "Carolina Elena Vi\u00f1a Bertolotto": "Q33495517", "Carla Menegola": "Q34378580", "Yukiko Nakamura": "Q34827083", "Carla Piantoni": "Q35078970", "Sandrine Chenesseau": "Q35078975", "Nicole B. Webster": "Q35775710", "Margaret F. Smith": "Q35880732", "Michelle R. Gordon": "Q36348311", "Erika Espinoza": "Q36348749", "Lennise Costa Concei\u00e7\u00e3o": "Q36493131", "Maria Isabel da Silva": "Q36540235", "Kilambi Janakidevi": "Q36605205", "Maja Adamska": "Q37377113", "Magali Zbinden": "Q37408709", "Iraia Farias": "Q37562307", "Caroline M. da Silva": "Q37564435", "Emma Sherratt": "Q37614457", "Nancy Irwin": "Q38215267", "Valentina Z. Caorsi": "Q38299852", "Bieke Vanhooydonck": "Q39125582", "Marcela Suarez-Rubio": "Q39874635", "Molly M. McDonough": "Q40059901", "Sarah M\u00e2ngia": "Q40186022", "Teresa Napi\u00f3rkowska": "Q40636950", "Evgenia Martino": "Q40708341", "Hua-Teng Huang": "Q40776647", "Zuzana Varad\u00ednov\u00e1": "Q41133829", "Maja \u0160rut": "Q41377149", "Julia P. C\u00e1ceres-Chamizo": "Q41529643", "Edna Gonz\u00e1lez-Bernal": "Q41581433", "Siti Azizah Mohd Nor": "Q41581434", "Tanya Leary": "Q41650595", "Luc\u00eda Luna": "Q41874065", "Larissa Rosa de Oliveira": "Q41940775", "Beth Okamura": "Q42044051", "Mariana L\u00facio Lyra": "Q42302360", "Karen H. Beard": "Q42306502", "Judit V\u00f6r\u00f6s": "Q42310932", "Nicole Lewis-Rogers": "Q42362912", "Itzue W. Caviedes-Solis": "Q42491765", "Joanna N. Izdebska": "Q42845966", "Marie Altmanova": "Q42886985", "Yvonne M. Buckley": "Q43111146", "Ver\u00f3nica L. Urgil\u00e9s": "Q43387509", "Valentina Posse": "Q43387510", "Renata M. Pirani": "Q43405003", "Isabelle Aquemi Haga": "Q45376815", "Gertrude Henderson Cassidy": "Q46024834", "Elena Dmitrievna Zemlemerova": "Q46311053", "Bin Zhang": "Q46557390", "Tatiane Regina Moreno": "Q46839175", "Julieta S\u00e1nchez": "Q46931628", "Athena Heart T. Lobos": "Q47004285", "Brenda D\u00edaz-C\u00e1rdenas": "Q47004293", "Inga L. Veitenheimer-Mendes": "Q47010275", "Yara Aparecida Garcia Tavares": "Q47010278", "Danusy Lopes Santos-Silva": "Q47071856", "Raquel Vasconcelos": "Q47092577", "Kristen Cella": "Q47102741", "Irina Ekimova": "Q47102742", "Jyotsna Sharma": "Q47126027", "Patricia Sutcliffe": "Q47152177", "Twiggy Cristina Alves Batista": "Q47180313", "Natali Santos": "Q47311109", "Ninda Baptista": "Q47407742", "Denise Herizo Nomenjanahary": "Q47464798", "Denise de Cerqueira Rossa-Feres": "Q47467571", "Luisa F. Due\u00f1as": "Q47486089", "Anna M. Ja\u017cd\u017cewska": "Q47493763", "Anne Helene S. Tandberg": "Q47494227", "Esther N. Githumbi": "Q47502057", "Lauren R. Shotter": "Q47502072", "Fabiola Barahona": "Q47528180", "Adriana Bellati": "Q47664025", "Beryl E. Taylor": "Q47675881", "Rosa Garc\u00eda-Perea": "Q47808163", "Christine Breitenmoser-W\u00fcrsten": "Q47975125", "Francesca Leasi": "Q48037453", "Jennifer A. Dever": "Q48068796", "Claudia Cortez Fern\u00e1ndez": "Q48660987", "Gabrielle E. Ruso": "Q50060262", "Lilian Gimenes Giugliano": "Q50284644", "Anna Romoli Sassi": "Q50302565", "Anne-Sophie Delmas": "Q50302566", "Annette Olsson": "Q50302570", "Brandi Suzanne Coyner": "Q50302572", "Erica Piik": "Q50302575", "Fl\u00e1via Casado": "Q50302576", "Ana C. Mendes-Oliveira": "Q50365889", "Martina Erbacher": "Q50377518", "Marta Poggesi": "Q50377519", "Lucia Salda\u00f1a de la Riva": "Q50651774", "Virginia Sanches Uieda": "Q50824739", "Bronwen Presswell": "Q50976333", "Sophie Calm\u00e9": "Q51149885", "Tatiana Fabricio Maria": "Q51171054", "Ludmilla O. Ribeiro": "Q51188929", "Ana M. Rui": "Q51189621", "Ana C. Tomazzoni": "Q51596086", "Silvia Fazzolari-Corr\u00eaa": "Q51664888", "Karen M. Warkentin": "Q51718589", "Genevieve V.A. Gee": "Q51823864", "Solny A. Adalsteinsson": "Q51977529", "Naomi Sivan": "Q52045665", "Chryssanthi Antoniadou": "Q52165580", "Jessica Mart\u00ednez-Vargas": "Q52464778", "Charline M. Barnard": "Q52529912", "Karen E. Underkoffler": "Q52556165", "Meagan A. Luers": "Q52556188", "Svetlana P. Yatsentyuk": "Q52597792", "Astrid B. Leitner": "Q52627380", "Janet R. Voight": "Q52627561", "Susan W. Nicolson": "Q52758677", "Micaela de Luc\u00eda": "Q53087815", "Gabriele M. K\u00f6nig": "Q53229054", "Susanne Pelger": "Q54269906", "Liana Johann": "Q54555371", "Jana R\u00e1drov\u00e1": "Q54642714", "Lucia Manni": "Q54912995", "Judith Morales": "Q55029712", "Irina Dotsenko": "Q55108073", "Fernanda Maurer D\u2019Agostini": "Q55130096", "Shelly Burgin": "Q55419407", "Katarzyna Grzelak": "Q55425546", "Catherine E. Grueber": "Q55476891", "Patricia Moehlman": "Q56116395", "Ana Silva": "Q56162161", "Kirsten E. Nicholson": "Q56248284", "Joanna Grabowska": "Q56379358", "Deborah S. Bower": "Q56384235", "Karolina Bacela-Spychalska": "Q56421105", "Marie L. Verheye": "Q56590466", "Sandra L. Talbot": "Q56690577", "Nadezhda Berezina": "Q56804670", "Eulalia Moreno": "Q56861920", "Gaynor Dolman": "Q57236653", "Martina Canessa": "Q57243655", "Vanessa Pirotta": "Q57303712", "Becki Lawson": "Q57519830", "Lara Lopardo": "Q57607456", "Chiara De Gregorio": "Q57641215", "Chantal De Ridder": "Q58188711", "Ximena E. Bernal": "Q58795582", "Catherine Vadon": "Q58820836", "Maria Gavrilo": "Q58851758", "Jelka Crnobrnja-Isailovi\u0107": "Q59096755", "Caroline Harding": "Q59137497", "Karin Riemann-Z\u00fcrneck": "Q59153342", "Kirsten Jensen": "Q59400354", "Mar\u00eda Dolores San Mill\u00e1n Verg\u00e9": "Q59415401", "Mar\u00eda Isabel Ripa": "Q59415403", "Joanna M Wolfe": "Q59542772", "Lauren Sumner-Rooney": "Q59548574", "Helen Gunter": "Q59607420", "Claude Jouin": "Q59660436", "Eva Millesi": "Q59684250", "Katrine Kongshavn": "Q59779484", "Mar\u00eda Teresa Rodr\u00edguez L\u00f3pez": "Q60043015", "Mar\u00eda Luisa Quesada \u00c1lvarez": "Q60043076", "Esther Mart\u00edn Gonz\u00e1lez": "Q60060919", "Isabel Miguel": "Q60120370", "Maria da Concei\u00e7\u00e3o M. Tavares": "Q60141242", "Louise Kuchel": "Q60144015", "Helena Godoy Bergallo": "Q60160044", "Mari Heggernes Eilertsen": "Q60249779", "Laura M\u00e1rquez-Valdelamar": "Q60512619", "Kathrin Stenchly": "Q60960887", "Sara Ruane": "Q60967384", "Thanida Saetang": "Q61037665", "Esperanza Cano-S\u00e1nchez": "Q61122471", "Theresa L. Cole": "Q61162612", "Claudia Corti": "Q61741332", "Leeann T. Reaney": "Q61794437", "Megumi F. Strathmann": "Q61946708", "Archana Bahuguna": "Q62269136", "Rebecca Salu Livingstone": "Q62592686", "Teresa Ab\u00e1igar": "Q62930509", "Ana Mar\u00eda Mart\u00ednez": "Q63057508", "Melissa J. Storey": "Q63136435", "Joanna Bagniewska": "Q63191291", "Lilian A. Palomino-Alvarez": "Q63285495", "Jessica E. Light": "Q63831764", "Cecilia Furnus": "Q63967387", "Isabelle Voser": "Q64168091", "Jovana Arroyo-Castro": "Q64620909", "\u0423\u0442\u0430 \u0425\u0456\u043a": "Q65197648", "\u041d\u0435\u043d\u0441\u0456 \u0428\u0443\u0439-\u0424\u043e\u043d\u0433 \u041c\u0430": "Q65198797", "Elly J. Beglinger": "Q65802800", "Caitlin M. Baker": "Q66085159", "Anna \u0160est\u00e1kov\u00e1": "Q66144402", "Sigrid Lutschinger": "Q66429734", "Ana Paula Alcar\u00e1z": "Q68308215", "Kylie Munyard": "Q70041372", "Luc\u00eda Campos-D\u00e1vila": "Q70522722", "Claudia J. P\u00e9rez-Estrada": "Q70523240", "Pamela Parker": "Q70729418", "Patrizia Elena Vannucchi": "Q73809216", "Araceli Adabache-Ortiz": "Q73815359", "Claudia Russo": "Q73926236", "Maria A. Baturina": "Q76419526", "Alla A. Kolesnikova": "Q76419666", "Tatyana N. Konakova": "Q76420295", "Anastasia A. Taskaeva": "Q76420397", "Anna Mcivor": "Q76496702", "Ludmila V. Chystjakova": "Q78565630", "Filipa L. Sampaio": "Q79430120", "Christina Beryl McCarthy": "Q80111588", "Mary L. Hett": "Q80709609", "Iara A Novelli": "Q81592463", "Nurul Huda Ahmad Ishak": "Q83545091", "Nur \u2018Aliah binti Adam": "Q83545101", "Maria Tarciana Vieira Fortaleza": "Q83648492", "Alda Gonz\u00e1lez": "Q84836241", "Coral Grisel Koh-Pasos": "Q86837886", "Sophy Machaga": "Q87411854", "Katherine Bemis": "Q87412676", "Dorothy F. Soule": "Q87765706", "Mary S Scott": "Q88334228", "Patr\u00edcia C. Sardinha": "Q88485534", "Lindsay L Wilkinson": "Q88516913", "Marlene S Boyle": "Q88561829", "Katharina Ruthsatz": "Q88865117", "Melianie Rosemary Raymond": "Q89365587", "F. G\u00f6zde \u00c7ilingir": "Q89378618", "Christine M Clark": "Q89417372", "Marianna Romzova": "Q89616757", "Leanne Wheaton": "Q89690695", "Mariana Beatriz Julieta Picasso": "Q89694076", "Gisela Raquel Franchini": "Q90042144", "Frances S Dunn": "Q90105149", "Sinlan Poo": "Q90105409", "Fernanda Cavalcanti de Azevedo": "Q90236265", "Karen M. C. Rowe": "Q90503045", "Ingrid A Minnaar": "Q90623321", "Julia In\u00e9s Diaz": "Q90951794", "Manja Voss": "Q90963025", "Elsie M Thomas": "Q91026606", "Claudia Barelli": "Q91685926", "Agnieszka Wa\u017cna": "Q91803591", "Malgorzata Korczak-Abshire": "Q91843711", "Tatiana Aghov\u00e1": "Q92121203", "Jennifer Margaret Olbers": "Q92458407", "Elwira Szuma": "Q92553148", "Mar\u00eda Fernanda \u00c1lvarez": "Q92683295", "Sarah Sarsfield": "Q95454731", "Giovana Bertini": "Q95994814", "Dalia A. Sabry": "Q96096442", "Patricia Ann Thomas": "Q96121839", "B\u00e1rbara Maiztegui": "Q96159129", "Natalya Alexandrovna Anisimova": "Q96179263", "Shirley J. Sorokin": "Q96186638", "Daria B. Tokina": "Q96186652", "Janice E. Thompson": "Q96186668", "Olga Lvovna Zimina": "Q96186894", "Carla Zilberberg": "Q96186897", "Yulia Mikhailovna Kovalskaya": "Q96196990", "Helen Y. Janssen": "Q96199469", "Lauren A. Scheinberg": "Q96209945", "Annalisa Serusi": "Q96272620", "Anna Loy": "Q96359068", "Norma Brugni": "Q96421371", "Sandra L. Mar\u00edn": "Q96421452", "Melinka Mancilla": "Q96421453", "Nataliia S. Iakovenko": "Q96624978", "Natalia M. Biserova": "Q96828313", "Marg de Ridder": "Q97286518", "Pipit Pitriana": "Q97361549", "Noeli Zanella": "Q97676149", "Amanda McComb": "Q98429913", "Patricia Cecilia Pereyra": "Q98649835", "Leslie M. Frederick": "Q99372723", "Larisa L. Menschenina": "Q99522674", "Nadezhda Palvovna Annenkova": "Q99531044", "Patricia Madeira": "Q99580311", "Renate Ax": "Q100749186", "Mable Frings": "Q101163273", "Marilyn J. McCormick": "Q101554029", "Susie M. McGuire": "Q101554031", "V\u00e9ra Eisenmann": "Q101563038", "Princia Margaret D\u2019souza": "Q101571344", "Maria V. Orlova": "Q101584506", "Gilianne Brodie": "Q102210766", "Elsa Massera Bottazzi": "Q104089529", "Lucy King": "Q104151445", "Stefanie Bach": "Q104794613", "Bertha Ross Livingstone": "Q105044326", "Elke Gr\u00f6ning": "Q105344699", "Silke Fregin": "Q105472593", "Ricky-Lee Erickson": "Q105592395", "Philippa Chicheley Esdaile": "Q105612374", "Aina Adeogun": "Q105856240", "Melita Busch": "Q106401028", "Eloise Lancaster": "Q106402431", "Asmaa H. Elgetany": "Q106509758", "Rachel Bowling": "Q106777146", "Francesca Gadaleta": "Q106865143", "Rosana Mariel Arambur\u00fa": "Q106915728", "Anne M. Hampton": "Q107347438", "Ramita Sougrakpam": "Q107348877", "Edeltrudes M.V.C. C\u00e2mara": "Q107374407", "Kathy E. Freas": "Q107407034", "Concei\u00e7\u00e3o Almeida": "Q107552206", "Nathalie Arnal": "Q107866258", "Penelope Berents": "Q107882594", "Irina Drobysheva": "Q108002179", "Nora Beatriz Camino": "Q108072513", "Andrea Vanesa Toledo": "Q108137094", "Noelia Nikoloff": "Q108285416", "Avril L. Ayling": "Q108347114", "Francesca Azzini": "Q108347119", "Brittany A. Mistretta": "Q108368434", "Esther Lalhmingliani": "Q108368713", "Gabrielle Tompkins-MacDonald": "Q108368763", "Hannah Paola Mota Araujo": "Q108368851", "Mar\u00eda de los \u00c1ngeles Rojas-Ter\u00e1n": "Q108369307", "Stefanie Brune": "Q108369749", "Jane Hughes": "Q110367667", "Eter Maghradze": "Q110728242", "Jiociane N. Oliveira": "Q110734140", "Janet W. Raff": "Q110942918", "Evangeline Muthammah Thillayampalam": "Q110959015", "Kristin Nowell": "Q111029538", "Thelma Aken'Ova": "Q111237053", "Lynn Clayton": "Q111788690", "Jeanne Tarrant": "Q111788803", "Sascha Louise Hallett": "Q112053570", "Mar\u00eda Yanina Pasquevich": "Q112080146", "Alicja Stankiewicz": "Q112132263", "Janina Orska": "Q112523728", "Barbara Williams": "Q112681577", "Margaret Helen Henderson": "Q113489554", "Sabina Mar\u00eda Mat\u00e9": "Q113584378", "Mar\u00eda Eugenia Alzugaray": "Q113621773", "Nina Stanislavovna Tomilovskaya": "Q113674663", "Laura R. Wood": "Q113830519", "Mary Juhn": "Q114043417", "Sandra E. Gonz\u00e1lez": "Q114067928", "Veronica Flores": "Q114103570", "Mary Panko": "Q114391015", "Kate Dempsey": "Q114651052", "B\u00e1rbara de Moura Neves": "Q114910242", "Michelle N. Yerman": "Q114985665", "Romina Valeria Becerra": "Q115011276", "Gloria M. Alonso de Pina": "Q115097221", "Yvonne Campana-Rouget": "Q115130500", "Francisca Edna de Andrade Cunha": "Q115293318", "Nunia Thomas-Moko": "Q115474803", "Paula Wasiak": "Q115613060", "Lillian K. Schneider": "Q115775152", "B\u00e1rbara Teixeira Faleiro": "Q115831100", "Adania Flemming": "Q116186984", "Debbie Saunders": "Q116195845", "Nicole Sweaney": "Q116196017", "Josilene Maria de Sousa": "Q116256671", "Aline Dartora": "Q116464576", "Hedwig Eigenbrodt": "Q116632022", "Barbara Gironi": "Q116672095", "Lisa Wolf": "Q116690057", "Mai Al Mosaibih": "Q116779539", "Christine P\u00f6llabauer": "Q116864570", "Elizabeth B. Andrews": "Q116878600", "Mathilde Antony": "Q116947287", "J\u00falia De G\u00f3is": "Q116951982", "Josephine Fitness": "Q116979571", "Elizabeth Daly": "Q116979607", "Fernanda S. Silva": "Q117084590", "Kerri-Anne Edge Hill": "Q117305636", "Judith Perryman": "Q117803603", "Zuzanna Szcz\u0119sna": "Q117808139", "Maria Theresa Elizabeth Paula Allsopp": "Q118127923", "Rhodri Lewis": "Q118128045", "Bidda Jones": "Q118609051", "Alice Nauendorf": "Q118902818", "Monica Torres-Almaz\u00e1n": "Q119122946", "Nina Stepanovna Semenova": "Q119125289", "Ambily Elizebeth George": "Q119174040", "Joanne Taylor": "Q119390069", "Mar\u00eda de las Mercedes Andrea Roche": "Q119797161", "Valeria Neppi": "Q120040994", "Kathrin Langen": "Q120548421", "Caroline E. Stringer": "Q120549386", "Typhenn A. Brichieri-Colombi": "Q120561891", "Mar\u00eda Carla de Aranzamendi": "Q120648476", "Ana Carolina D\u00edaz": "Q120648479", "Aduabobo Ibitoru Hart": "Q120671871", "Esezah Kyomugisha Kakudidi": "Q120892547", "Barbara Herzig-Straschil": "Q121322924", "Kristin Metcalfe": "Q121826428", "Ellie Hayward": "Q121826435", "Carolina Salgado Costa": "Q122732424", "Ayesha Akram": "Q122740157", "Camila R. Ferrara": "Q122745822", "Hana Soualah Alila": "Q122746906", "Hiltrun Ratz": "Q122927776", "Manal Siyam": "Q123107602", "Sister Thomas Cecile Stewart": "Q123286659", "Bulbuli Khanikor": "Q123337331", "Catharina Karlsson": "Q123339686", "Judith A. Thompson": "Q123548384", "Souad Fadlaoui": "Q124003395", "Mary Edith Pinney": "Q124262363", "Sophie-Charlotte Fischer": "Q124302574", "Bandana Adhikari": "Q124306347", "Leticia M. Espiritu-Afuang": "Q124306448", "Anchelee Aowphol": "Q124306749", "Elaine Fisher": "Q125198944", "Maura Stefany Qui\u00f1ones Garc\u00eda": "Q125215431", "Caroline Garcia": "Q126091671"}