{"Zs\u00f3fia Vir\u00e1nyi": "Q30089983", "Meta Virant-Doberlet": "Q48322156", "Andrea K\u00e1sler": "Q60042725", "Elizabeth Harvey": "Q98545864", "Jemima Frances Irvine": "Q115146242", "Edith Wollaston": "Q108368639", "Catherine Charlotte Dalgairns Wentworth": "Q123912961", "Mary Lathrop Andrews": "Q105500539", "Louise Gilbert": "Q80392167", "Jeannette M. Cooke": "Q105500152", "Mary Earle Hardy": "Q47044580", "Mary Lodder": "Q113019237", "Caroline Gray Soule": "Q33131769", "Jennie R. Bush": "Q96152295", "Mary Elizabeth Glanville": "Q123913135", "Effie Mabel Clark": "Q105521877", "Vitae Kite": "Q117074420", "Marie Eloise Bourgeois": "Q105522484", "Nora Violet Levinge": "Q76053676", "Edna T. Cook": "Q105521277", "Helen Pixell": "Q64799564", "Louise Merrimon Perry": "Q98609188", "Louise Kellogg": "Q33818826", "Harriet Waterbury Thomson": "Q106505053", "Mary E. McLellan Davidson": "Q60445578", "Jeanne Sanderson Schwengel": "Q21338143", "Nadezhda Gaevskaya": "Q26756056", "Am\u00e9lia Bacelar": "Q56854926", "Hilda K. Brade-Birks": "Q78161161", "Olive Selden Attride Tattersall": "Q21395661", "Friederun Stockmann": "Q74144644", "Anna Petronella Cornelia de Vos": "Q21510066", "Belle Alice Stevens": "Q116152786", "Hazel T. Chase": "Q77981405", "Marguerite Henry": "Q22109286", "Elsie Smith": "Q115272857", "Ruth Isobel Dowell Svihla": "Q21610086", "Anne Harbison": "Q99736482", "Woutera Sophie Suzanna van Benthem Jutting": "Q14857058", "Herta Urbahn": "Q55073588", "Nataliya Markovna Dukelskaya": "Q107193757", "Ilse Rensch": "Q19004108", "Daphne Aubertin": "Q86636785", "Leonora Gloyd": "Q100694962", "Bo\u017eena Folkmanov\u00e1": "Q21534263", "Margareta Dumitrescu": "Q18096319", "Marie Auguste Elsa Harm": "Q113668190", "Dora Priaulx Henry": "Q116153125", "Mariana d'Ibarra i Mont\u00eds": "Q53638537", "Berta S. Gerschman de Pikelin": "Q21341524", "Zinaida Alekseyevna Filatova": "Q21338169", "Jadwiga Dyakowska": "Q11715869", "Natalia Borisovna Lomakina": "Q48955792", "Ida Madoline Worthy": "Q95421294", "Helen DuShane": "Q107686567", "Bat-Sheva Aharoni": "Q108309256", "Ljudmila Vyacheslavovna Krishtofovich": "Q123986533", "Dora Godan": "Q59533646", "Edith Mae Abbott": "Q99342591", "Josephine F. L. Hart": "Q22106378", "Nell Bevel Causey": "Q23675092", "Twila Bratcher": "Q58811340", "Gabriele Neuh\u00e4user Scott": "Q104467312", "Anna S. Stroganova": "Q127943015", "Dorothea Susanna Franzen": "Q113446436", "Nina Sergeevna Azheganova": "Q112422464", "Dora M. Banner": "Q63347531", "Neeltje Elizabeth Nannenga-Bremekamp": "Q1332621", "Marie Louise Goodnight": "Q27440699", "Margaret Alison Fleming": "Q96093152", "Beatrice La Rue Burch": "Q113417050", "Dorothy Erna Beetle": "Q5813618", "Claire Athias-Henriot": "Q52084027", "Barbara W\u0119glarska": "Q21392745", "Joyce Payne": "Q115483203", "Chang-Min Yin": "Q11040662", "Mary Madeline Sisler Abbott": "Q105517155", "Marie-Charlotte Saint Girons": "Q55411265", "Pauline Constance Mayhill": "Q99678117", "Marjorie Greenwood": "Q96471609", "Priscilla F. Turnbull": "Q115048033", "Marie A. Lawrence": "Q27788056", "Ellen J. Moore": "Q84708760", "Janet Haig": "Q49368686", "Zofia Wegner": "Q125208013", "Anna Czapik": "Q106344377", "Frances Murphy": "Q22111840", "Sue Darwin Abbott": "Q105518299", "Michele Sar\u00e0": "Q56611498", "Regina C. O'Brien": "Q115464576", "Gisela Rack": "Q44717746", "Dolores Saunders Dundee": "Q113446287", "Marina Nikolaevna Meyer": "Q26243693", "Lorna Rose Levi": "Q21394730", "Amelie Hains Scheltema": "Q21338179", "Th\u00e9r\u00e8se Poulain": "Q111008957", "Nancy A. Voss": "Q21390387", "Zoya Ilyinichna Glezer": "Q36711262", "Alwine Bertels": "Q21390174", "Beatrice Vogel": "Q69815193", "Chiyoko Okuma": "Q102212921", "Gesa Hartmann-Schr\u00f6der": "Q29440091", "Ellen M. Benedict": "Q84468738", "Ruth Desqueyroux-Fa\u00fandez": "Q52420548", "L\u00e9on Baert": "Q21341158", "Ekaterina A. Gusseva": "Q21391819", "Ella Mae Noffsinger": "Q106275403", "Erica Helena Buckup": "Q58662118", "Irina Rivier": "Q47008484", "Julia Filippova": "Q104818080", "Jane Beckman Lancaster": "Q93372206", "Erika Pietrzeniuk": "Q21389864", "Stella Vassilenko": "Q17504662", "Suzanne Ripley": "Q110445706", "Cecelia White Abbott": "Q99340892", "Mar\u00eda Arias Delgado": "Q102428913", "Jacqueline Heurtault": "Q1677813", "Evgenia Sychevskaya": "Q25796440", "Luise Mahunka-Papp": "Q22112538", "Renate Angermann": "Q107342831", "Mary Wilson": "Q96473280", "Rosalie F. Maddocks": "Q21387597", "Emiliya Abbasova": "Q97698616", "Jolanta Napi\u00f3rkowska-Kowalik": "Q59847557", "Zarui Muradian": "Q21340089", "Friederike Spitzenberger": "Q21340933", "Galina A. Klevezal": "Q41246767", "Irina Musaevna Abduazimova": "Q105518663", "Annie Gautier-Hion": "Q120488971", "Dale Serjeantson": "Q59157086", "Darlene McCuaig Balkwill": "Q62568357", "Tatyana I. Oliger": "Q21341043", "Ilinca Juvara-Bals": "Q50978688", "Alicia V. Linzey": "Q36390369", "Judith Anne Fournier": "Q97369100", "Martina Tschanz": "Q94735218", "Dagmar von Helversen": "Q1157338", "Jill Yager": "Q21341148", "Elisabeth Bauchhenss": "Q74938379", "Yael Lubin": "Q19841963", "Solange Peixinho": "Q73926535", "Sumiko Matsumura": "Q21394845", "Ansie Dippenaar-Schoeman": "Q21341244", "Antonia Cec\u00edlia Zacagnini Amaral": "Q44489156", "Janice Clark": "Q21388549", "Mar\u00eda Cristina Vicente G\u00f3mez": "Q46848963", "Bella S. Galil": "Q21341502", "Diana Antochiw Alonzo": "Q5805133", "Wilfrida Decraemer": "Q21395013", "Dina M. Fonseca": "Q37381919", "Ginette Auxiette": "Q44980210", "Jenny Raven": "Q58980949", "Radmila U. Petanovi\u0107": "Q21393005", "Catherine Craig": "Q102245458", "Pam Crabtree": "Q57262827", "Ver\u00f4nica Da Fons\u00eaca-Genevois": "Q101522741", "Suzanne B. McLaren": "Q113453869", "Mari Ivask": "Q16406552", "Zoila Portuondo Guerra": "Q112495282", "Marta Luc\u00eda Bueno": "Q9029526", "Magdalena Szarowska": "Q105243928", "Christine Anne Horseman": "Q76889972", "Brigitte Hilbig": "Q112355152", "Hantanirina Rasamimanana": "Q105391974", "Galina S. Vasina": "Q21389504", "Petra Sierwald": "Q21341871", "Alejandra Rumi Macchi Zubiaurre": "Q93661371", "Umukusum Ya. Shtanchaeva": "Q83862719", "Ingelore C. U. Hinz-Schallreuter": "Q21391576", "Angelika Hofer": "Q534327", "Dwi Listyo Rahayu": "Q21340303", "Jolanta Wytwer": "Q62126097", "Christine Rollard": "Q15223009", "Erna Aescht": "Q120111674", "Marina Van\u010datov\u00e1": "Q95168457", "Valeria Rossi": "Q22111808", "C\u00e9cile Debitus": "Q56814562", "Christiane Tramitz": "Q1082850", "Anna A. Bannikova": "Q25973327", "Ann Vanreusel": "Q21394951", "Jana Musilov\u00e1": "Q60042844", "Anna Ganeva": "Q54334881", "Krisztina Buczk\u00f3": "Q36603334", "Claudia V. C\u00e9dola": "Q108466917", "Nomiki Simboura": "Q52694397", "Eva Millesi": "Q59684250", "Anne Tresset": "Q28805294", "Heather Proctor": "Q21393280", "Joanna M\u0105kol": "Q22103577", "Madeleine Beekman": "Q51181732", "Helen Smith": "Q22104891", "Danuta K. Knihinicki": "Q110648020", "Loren K. Ammerman": "Q54670434", "Anneli Veegen": "Q12359309", "Ngan Kee Ng": "Q21394924", "Ruth Barnich": "Q16438861", "Janet Beccaloni": "Q45263041", "Noa Simon-Blecher": "Q21387835", "Martha M. Robbins": "Q41509958", "DeeAnn M. Reeder": "Q25439894", "Iga Lewin": "Q91406122", "Nina Gural-Sverlova": "Q22246794", "Nataly Snegovaya": "Q42104458", "Yvonne Kranz-Baltensperger": "Q14939200", "Mar\u00eda Alejandra Abello": "Q19816497", "Sabrina Krief": "Q60040434", "Fernando Archuby": "Q58208915", "Nadine Dup\u00e9rr\u00e9": "Q2414255", "Angelique Chrisafis": "Q16513975", "Vir\u00e1g Kr\u00edzsik": "Q21388415", "Jen\u0151 Kontsch\u00e1n": "Q21338136", "H\u00e9l\u00e8ne Jousse": "Q112523472", "Federica Semprucci": "Q22106465", "Jitka Lindov\u00e1": "Q57166542", "Isabel Hyman": "Q28735209", "Veerle Cnudde": "Q55576224", "Shelly Masi": "Q88384029", "Vera Antonova": "Q48030581", "Blanca Huertas": "Q21339182", "Dominika Mierzwa-Szymkowiak": "Q42718409", "Akino Miyagi": "Q129985485", "Valentina Pieri": "Q21390435", "Florence Levrero": "Q55471488", "Karmele Llano S\u00e1nchez": "Q21651685", "Galina Azarkina": "Q6102861", "Ivona Ko\u010d\u00e1rkov\u00e1": "Q28465108", "Jacqueline Caffetti": "Q87431895", "C\u00e9line Labrune": "Q63832480", "Karol\u00edna Brandlov\u00e1": "Q90887947", "Anna Y. Stepanova": "Q21391824", "Do Van Tu": "Q47309317", "\u00c9lise Huchard": "Q88263384", "Ema Hrouzkov\u00e1": "Q56948253", "Sancia van der Meij": "Q21391951", "Nicole Friedli-Weyeneth": "Q47201020", "Martina Kone\u010dn\u00e1": "Q56998961", "Ekaterina Alekseevna Sidorchuk": "Q66088133", "Linda Gerencs\u00e9r": "Q88044794", "Stefania Dall'Olio": "Q57157495", "Kristina Falke": "Q20183396", "Inta Dimante-Deimantovica": "Q29912917", "Marie Pel\u00e9": "Q48356877", "Sheila P. Tagaro": "Q22110981", "Natalia Pereira Benaim": "Q28006249", "Claudia S. Maturana": "Q64816588", "Liana Lasut": "Q25441417", "Sofya Dolotovskaya": "Q90698927", "Di\u00e1na Csonka": "Q60142652", "Ana Cristina Costa": "Q22102181", "Delphine Vettese": "Q92440648", "Issaad Kawther Ezzine": "Q42425284", "D\u00f3ra Szab\u00f3": "Q57055781", "Stephanie M. Smith": "Q92623736", "Hajnalka Nagy": "Q62554788", "Barbora \u017dampachov\u00e1": "Q50789396", "Dagmar Schwambergov\u00e1": "Q105470713", "Coline Monchanin": "Q99649018", "Shirley A. Pomponi": "Q16944851", "Lauren Helgen": "Q19831737", "Charlotte Havermans": "Q21387590", "Nesrine Akkari": "Q21389262", "Julia D. Sigwart": "Q21390194", "Jani Jarqu\u00edn-Gonz\u00e1lez": "Q21390879", "Patricia Esquete": "Q21391214", "Francesca Benzoni": "Q21393686", "Nicole J. de Voogd": "Q21394245", "Renata Manconi": "Q21394922", "Rosalind J. Kennerley": "Q21395047", "Suzanne T. Williams": "Q22113936", "Antonina dos Santos": "Q23068635", "Gisele L\u00f4bo-Hajdu": "Q23661238", "Stefania Puce": "Q25449915", "Faten Momen": "Q25778301", "Rebeca Genis-Armero": "Q26036709", "Ana Mar\u00eda Pollo Zorita": "Q27489737", "Martina \u017durovcov\u00e1": "Q27555411", "Julia Baumann": "Q27665503", "Sharon Jansa": "Q27892747", "Amancay A. Cepeda-Mercado": "Q27918942", "Val\u00e9ria da C. Tavares": "Q28109896", "Izanami Tereira Flores-Valle": "Q28649079", "Caroline Sayuri Fukushima": "Q28867947", "Macarena Ros": "Q29887463", "Est\u00e9e Bochud": "Q30015225", "Karley Campbell": "Q42289575", "Agata Weydmann": "Q47094874", "Kandasamy Valarmathi": "Q47258951", "Daniela Andriamalala": "Q4416852", "Maria Cristina D\u00edaz": "Q16944847", "Maria Aleksandra Bitner": "Q18674782", "Chutamas Satasook": "Q19689623", "Mirian T. N. Tsuchiya": "Q20747887", "Andrea L. Crowther": "Q21069336", "Anne S. Baker": "Q21074218", "Diana S. Jones": "Q21076198", "Valerie M. Behan-Pelletier": "Q21076816", "Susan B. Adams": "Q21183643", "Dorte Janussen": "Q21258521", "Nathalie Mary-Sasal": "Q21337667", "Giselle Perdomo": "Q21337854", "Eliza G\u0142owska": "Q21337928", "Maria Rosaria Morone De Lucia": "Q21338001", "Cristina A. Rheims": "Q21338113", "Angelina Pastorella Gaglini": "Q21338138", "M. Patricia Morse": "Q21338186", "Louise Elisabeth Aegidia van Lummel": "Q21338189", "Pamela Arnofsky": "Q21338199", "Elizabeth J. Walsh": "Q21338514", "Aline Alencar": "Q21338814", "Luiza Paula de Concei\u00e7\u00e3o Lopes": "Q21338997", "Magdalena B\u0142a\u017cewicz": "Q21339022", "Marta Pola": "Q21339121", "Nelli G. Sergeeva": "Q21339139", "Nicole Coineau": "Q21339330", "Xiang Xu": "Q21339346", "Margarita F. Bogoslovskaya": "Q21340081", "Lisa Boutin": "Q21340106", "Esther Gil-Mansilla": "Q21340180", "Rachael A. King": "Q21340211", "Anna Murray": "Q21340278", "Maria Teresa Val\u00e9rio-Berardo": "Q21340402", "Ute M\u00fchlenhardt-Siegel": "Q21340492", "Willem H. De Smet": "Q21340509", "Diana M.P. Galassi": "Q21340579", "Martine van Hove": "Q21340691", "Sumana Saha": "Q21340918", "Lihong Tu": "Q21341071", "Maria Chatzaki": "Q21341115", "Liping Xie": "Q21341135", "Anne Ropiquet": "Q21341141", "Kylie S. Stumkat": "Q21341247", "Larisa A. Prozorova": "Q21341297", "Iyad A. Nader": "Q21341300", "Stefania H\u0119ciak": "Q21341311", "Beata Tomasiewicz": "Q21341318", "Meg S. Cumming": "Q21341342", "Malia Ana J. Rivera": "Q21341368", "Teresa Cantarella": "Q21341376", "Issa R. Aggundey": "Q21341455", "Kajal Biswas": "Q21341568", "Anna K. Hundsd\u00f6rfer": "Q21341574", "Gilson C.C. Freitas": "Q21341586", "Shi-Mei Song": "Q21341776", "Xin-Pu Wang": "Q21341790", "Ivana Karanovic": "Q21342004", "Katarzyna Kaszewska": "Q21387562", "Mar\u00eda Carolina Silva-de la Fuente": "Q21387615", "Mar\u00eda E. Casanueva": "Q21387625", "Marilyn Joyce Crane": "Q21387647", "Susan P. Garner": "Q21387684", "Eva Dreyer": "Q21387687", "Andrea Santarosa Freire": "Q21387701", "Farzaneh Momtazi": "Q21387876", "Izumi Kayashima": "Q21387923", "Leonilla Pavlovna Markova": "Q21387954", "Juliana Cristina Bertacini Moraes": "Q21387990", "Iva Nilce da Silva Brum": "Q21388087", "Gianna Innocenti": "Q21388178", "Amanda Cruz Mendes": "Q21388181", "Raffaella D. Geronimo": "Q21388182", "Nath\u00e1lia C. da Luz": "Q21388191", "Rebecca Fay Johnson": "Q21388209", "Julia S. Nefedieva": "Q21388276", "Ma\u0142gorzata \u0141ochy\u0144ska": "Q21388302", "Roseline H. Weiss": "Q21388372", "Tremaine Gregory": "Q21388375", "Farah Carrasco Rueda": "Q21388380", "Valerija Zak\u0161ek": "Q21388410", "Hong-Ying Huang": "Q21388563", "Reham I.A. Abo-Shnaf": "Q21388607", "Yanebis P\u00e9rez-Madruga": "Q21388612", "Jianmei An": "Q21388615", "Tigga Kingston": "Q21388715", "Kareen Schnabel": "Q21388786", "Dina Dmitrievna Shilova": "Q21388979", "Shuko Adachi": "Q21388998", "Stela Lazarova": "Q21389228", "Varpu Vahtera": "Q21389354", "Gillian L. Olivieri": "Q21389367", "Mar\u00eda Luisa Jim\u00e9nez": "Q21389379", "Nina Aleksandrovna Akatova": "Q21389516", "Maria D'Addabbo Gallo": "Q21389545", "Maria In\u00eas Feij\u00f3 Ramos": "Q21389596", "Laure Corbari": "Q21389655", "Laura A. Michie": "Q21389688", "Daisy Wowor": "Q21389702", "Ana Maria Thiago de Souza": "Q21389880", "Janine Lloyd": "Q21389890", "Norma Catherine Furtos": "Q21389966", "Rafaela Bastos-Pereira": "Q21389971", "Anne Constant Cohen": "Q21389993", "Susan Glueck": "Q21390056", "Irina Anatolevna Nikolaeva": "Q21390103", "Anna E. Syme": "Q21390129", "Lucia Liu Severinghaus": "Q21390150", "Ana Komeri\u010dki": "Q21390314", "Rachael A. Peart": "Q21390330", "Milena Henrique Passaia": "Q21390364", "Denise Navia": "Q21390417", "Odalisca Breedy": "Q21390454", "Judith Eger": "Q21390481", "Sukonthip Savatenalinton": "Q21390488", "Elena S. Kornienko": "Q21390489", "Olga M. Korn": "Q21390494", "Maya Deb": "Q21390518", "Anne-Nina L\u00f6rz": "Q21390520", "Ksenia A. Semenchenko": "Q21390528", "Angelina L. Kovalenko": "Q21390534", "Varvara A. Vostokova": "Q21390535", "Winifred Mary Till": "Q21390562", "Hsiu-Ping Liu": "Q21390565", "Mary Ellen Holden": "Q21390590", "Renate A. Helwerda": "Q21390642", "Maryam Darbemamieh": "Q21390648", "Jane St. Leger": "Q21390700", "Maria V. Okhotina": "Q21390711", "Charmaine K. Patel": "Q21390769", "Geormery Mera-Loor": "Q21390797", "Peggy Loor-Andrade": "Q21390803", "Emma J. Fajer-\u00c1vila": "Q21390808", "Rosita Monfreda": "Q21390817", "Mar\u00eda del Socorro Garc\u00eda-Madrigal": "Q21390884", "Cynara C. Kesster": "Q21390918", "Pisuth Ek-Amnuay": "Q21390947", "Claudia Handl": "Q21390983", "Licia M. Berry": "Q21391043", "Ma\u00edra Pombo": "Q21391157", "Katarzyna B\u0142achowiak-Samo\u0142yk": "Q21391180", "Aleksandra Jakiel": "Q21391233", "M. Ebietsuwa Omatsola": "Q21391262", "Yu Mei Xu": "Q21391351", "Susana S. de Matos-Pita": "Q21391354", "Daiane Ceolin": "Q21391358", "Maureen H. Lewis": "Q21391379", "Laorsri Sanoamuang": "Q21391408", "Virginia Lo Russo": "Q21391529", "Jacqueline Renaud-Debyser": "Q21391547", "Young-Hyo Kim": "Q21391560", "Carina Waiteman Rodrigues": "Q21391563", "Adrienne Jochum": "Q21391565", "Mariana Sharyi-Ool": "Q21391570", "Carolyn L. Ehardt": "Q21391592", "Rosanna Rodr\u00edguez": "Q21391597", "Tatiana Konstantinovna Tuneva": "Q21391758", "Marie-B\u00e9atrice Forel": "Q21391766", "Lina M. Almeida-Silva": "Q21391800", "Carolin Sempf": "Q21391868", "S\u00f4nia Concei\u00e7\u00e3o Bender Kotzian": "Q21391880", "Sunate Karapan": "Q21391908", "Fatimah Md Yusoff": "Q21391944", "Cristiana S. Serejo": "Q21391994", "M. Natalia Paso Viola": "Q21392175", "Ritva Penttinen": "Q21392198", "Magdalena Felska": "Q21392279", "Rafaela Duda": "Q21392301", "Genzianella Minichelli": "Q21392323", "Belinda Appleton": "Q21392324", "Carol Graves": "Q21392343", "Celia Jane Ellis": "Q21392353", "Laura B. Leibensperger": "Q21392388", "Ellen Kenchington": "Q21392427", "Sachiko Kuroda": "Q21392467", "Ji-Hun Song": "Q21392493", "Verna Z. Lucas": "Q21392510", "Vanesa Papiol": "Q21392511", "Verna Z. Smith": "Q21392515", "Giulia Torrini": "Q21392590", "Elena Kupriyanova": "Q21392602", "Jule Xiao": "Q21392604", "Eunice Wong": "Q21392608", "Yan-Rong Wang": "Q21392733", "Patricia W. Freeman": "Q21392740", "Magdalena V\u00e1zquez": "Q21392786", "Mahdieh Asadi": "Q21392812", "Cecilia Volkmer-Ribeiro": "Q21392818", "Annette Koenders": "Q21392935", "Isa Sch\u00f6n": "Q21392941", "Arath Raghavan Sudha Devi": "Q21392949", "Galina Gergievna Zenkova": "Q21392955", "Robyn L. Cumming": "Q21392962", "Julianne M. Waldock": "Q21393001", "Jessica E. Garb": "Q21393059", "Essie M. Smith": "Q21393074", "Merel L. Dalebout": "Q21393121", "Lorena Flores": "Q21393155", "Teresa del Carmen Cholich": "Q21393226", "Odette Afonso": "Q21393284", "Lyudmila Nikolaevna Klein": "Q21393293", "Kimberly S. Marta": "Q21393299", "Samantha Duggan": "Q21393338", "Anne Schrimpf": "Q21393420", "Sophie K. Rushton-Mellor": "Q21393504", "Johanna Marambio": "Q21393523", "Sarah K. Mullin": "Q21393725", "Diana R. Laubitz": "Q21393759", "Susan Julie May": "Q21393773", "Traudl Krapp-Schickel": "Q21393776", "Yvonne Vall\u00e8s": "Q21393825", "Rebecca Summerfield": "Q21393856", "Jimin Lee": "Q21393878", "Chang Cheon Young": "Q21393883", "Elsa Froufe": "Q21393896", "Alexandra Stupnikova": "Q21394064", "Tatjana V. Neretina": "Q21394069", "Karin Mahlfeld": "Q21394070", "Fl\u00e1via Miranda": "Q21394176", "Somayeh Esmaeili-Rineh": "Q21394234", "Lourdes M.A. Elmoor-Loureiro": "Q21394358", "Anal\u00eda Roxana D\u00edaz": "Q21394388", "Estela Celia Lopretto": "Q21394393", "Conni M. Sidabalok": "Q21394489", "Galina Fedotovna Mazepova": "Q21394584", "Iya Ivanovna Molostovskaya": "Q21394590", "Leonila Corpuz-Raros": "Q21394672", "Rachel P. Cane": "Q21394690", "Mar\u00edlia Pessoa-Silva": "Q21394747", "Anna V. Lavrenteva": "Q21394777", "Fernanda F. Cavalcanti": "Q21394833", "Susan Zielske": "Q21394879", "Ana L. Tourinho": "Q21394899", "Cibele Bragagnolo": "Q21394905", "Emilia Rota": "Q21394917", "Mar\u00eda Cristina Claps": "Q21394925", "D. Sabina D\u00b4Ambrosio": "Q21394931", "Julie Reveillaud": "Q21394936", "Adriana Garc\u00eda": "Q21394937", "Carina J. Sim-Smith": "Q21395043", "Juliana Lira": "Q21395060", "Mary Wicksten": "Q21395062", "Nicole Olgu\u00edn": "Q21395095", "Eva de Mas": "Q21395128", "Ellinor Michel": "Q21395129", "Ilse Bartsch": "Q21395192", "D\u00e9bora Lucatelli": "Q21395200", "Celia K. C. Churchill": "Q21395341", "Dora P. Henry": "Q21395381", "Magda Helena Silva de Ara\u00fajo": "Q21395392", "Ida A. Puspasari": "Q21395400", "Cecilia Laprida": "Q21395434", "Mar\u00eda Sof\u00eda Plastani": "Q21395443", "Christina Nagler": "Q21395478", "Jeanette Y. Bowie": "Q21395486", "R.P.V. Jayantha Rajapakse": "Q21395623", "Cl\u00e1udia Pinto Machado": "Q21395635", "Silvia Regina Bottezini": "Q21395640", "Marie-Andr\u00e9e Blondeau": "Q21395655", "Veronica N. Bulnes": "Q21395696", "Irina Ivanovna Teterina": "Q21395701", "Elena V. Mikhaljova": "Q21395706", "Paula Maria Bampi": "Q21395779", "Su-Ching Chang": "Q21395787", "Tatyana V. Antonenko": "Q21395831", "Helen Racz Lorenz": "Q21401606", "Maria Rita Muniz Poeta": "Q21502432", "Paula Beatriz Araujo": "Q21502470", "Poliane S\u00e1 Argolo": "Q21502479", "Nelsy Rivero": "Q21502544", "Sarah L. Boyer": "Q21502563", "Ludimila Calheira": "Q21502615", "Dorothee Sandmann": "Q21502623", "Ingeborg Klingen": "Q21502628", "Giovanna Monticelli Cardoso": "Q21502651", "Thayn\u00e3 Cavalcanti": "Q21502671", "Camille V. Leal": "Q21502681", "Dora M.B. Leite": "Q21502696", "Ruby Wing Tung Chiu": "Q21502719", "Leonora P. Costa": "Q21502771", "Kerrie Ann Davies": "Q21502816", "Supiyanit Maiphae": "Q21502842", "Raquel de Mattos Manica": "Q21502854", "Daniela Dias": "Q21502858", "Valeria Teso": "Q21502879", "Mar\u00eda Lourdes Moraza": "Q21502974", "Anna N. Neretina": "Q21503046", "Raquel M. Gleiser": "Q21503079", "Olga A. Golovan": "Q21503082", "Koraon Wongkamhaeng": "Q21503099", "Alexandra Hiller": "Q21503209", "E. Ann Butler": "Q21518059", "Elena N. Polenova": "Q21518066", "Marcela A. Rodr\u00edguez": "Q21520377", "Kate Detwiler": "Q21808695", "Terese Hart": "Q21808709", "Alison Haynes": "Q22102174", "Ana Zangirolame Gon\u00e7alves": "Q22102194", "Erica Perino": "Q22102336", "Jennifer A. Jackson": "Q22102519", "Jennifer M. Lamb": "Q22102561", "Noeli Juarez Ferla": "Q22102930", "Joana N. Fernandes": "Q22103538", "Anna Skoracka": "Q22104052", "Anne Gibbons": "Q22104141", "Anne Caruliny do Monte Lima": "Q22104160", "Agnieszka Kiedrowicz": "Q22104530", "Eleni N. Panou": "Q22104997", "Melissa B. Martin": "Q22105748", "Meredith J. Smith": "Q22105958", "M.V. Izmailova": "Q22106340", "Iva Njunji\u0107": "Q22106691", "Judith L. Williams": "Q22106804", "Alexandra S. Petrunina": "Q22107004", "Izabel Regina Soares da Silva": "Q22107029", "Paula Caroline Lopes": "Q22107342", "Christine Morrow": "Q22107939", "Elizabeth Torres": "Q22108388", "Katarzyna Kavetska": "Q22108555", "Bo\u017cena Sikora": "Q22109013", "Ligia Benavides": "Q22109027", "Gong Lin": "Q22109295", "Maria Ang\u00e9lica de Oliveira Bezerra": "Q22109305", "Maria A. Minor": "Q22109322", "Klaudia Bromberek": "Q22109608", "Mar\u00eda E. Gonz\u00e1lez M\u00e1rquez": "Q22109616", "Rita Vargas": "Q22109787", "Patty Jo Hoff": "Q22109918", "Sabrina Burattini": "Q22110812", "Stella Gomes Rodrigues": "Q22111183", "Samara de Paiva Barros-Alves": "Q22111803", "Wiktoria Szyd\u0142o": "Q22111885", "Yuan Xu": "Q22112540", "Diane R. Nelson": "Q22112610", "Tammy Horton": "Q22112638", "Tatyana V. Naumova": "Q22113666", "Tea Arabuli": "Q22113811", "Susan M. Dippenaar": "Q22113879", "Svetlana Nikolaeva": "Q22113996", "Uttam Arjun Gajbe": "Q22114099", "Teresa Almeida": "Q22114103", "Xu Han": "Q22114338", "Ioana Cristina Constantinescu": "Q22911669", "C\u00e1tia Bartilotti": "Q23068633", "Joana Salabert": "Q23068634", "Ying-Kui Liu": "Q23068640", "Tatiane Marie Martins Gomes de Castro": "Q23068656", "Anna Dekker": "Q23068672", "Latifa Allam": "Q23068737", "Ana Caroline Oliveira Vasconcelos": "Q23068795", "Luciana Gusm\u00e3o": "Q23068830", "Daniela F.S. Rodrigues": "Q23068851", "Mar\u00eda Jos\u00e9 Vela": "Q23068981", "Griselda Montiel-Parra": "Q23069039", "Julieta Maya-Morales": "Q23069085", "Juliana Alvim": "Q23071012", "Rikhi Riady": "Q23088205", "Astra Eduardovna Kalis": "Q23661020", "Elena Grall": "Q23661033", "Olga Styk": "Q23661089", "Yu Zhao": "Q23661168", "Marina Farraz de Camargo Barbosa": "Q23661176", "Eve C. Southward": "Q23661209", "Maka Murvanidze": "Q23661210", "Lenka Neal": "Q23661223", "Luciane Augusto de Azevedo Ferreira": "Q23674956", "A. J. Graham": "Q24054300", "Ljudmila V. Pavlova": "Q25437927", "Daniella Franz\u00f3ia Moss": "Q25438117", "Ter\u00e9zia Horv\u00e1thov\u00e1": "Q25438139", "Natala A. Fredes": "Q25438205", "Olga K. Klishko": "Q25438697", "Vera Y. Abakumova": "Q25438711", "B\u00e1slavi C\u00f3ndor Luj\u00e1n": "Q25439026", "Michelle Klautau": "Q25439035", "Catherine S. McFadden": "Q25439153", "Alison Sampey": "Q25439261", "Whitney A. Nelson": "Q25439722", "Angela Di Domenico": "Q25440462", "Katya Jay": "Q25440474", "Michelle Coblens": "Q25440485", "Jill Oberski": "Q25440491", "Lynda Beladjal": "Q25440548", "Natalia P. Korallo-Vinarskaya": "Q25441121", "Tamara Spasojevic": "Q25441425", "Renata de Andrade": "Q25441800", "Kerry A. Hadfield": "Q25441812", "Barbara Fiasca": "Q25441996", "Marie-Jos\u00e9 Dole-Olivier": "Q25442024", "Olga P. Konovalova": "Q25442820", "Farzaneh Vatankhah": "Q25442881", "Denise Mirano-Bascos": "Q25443664", "Diana Rueda-Ramirez": "Q25444162", "Jeanette Howard": "Q25444225", "Tova Grinberg": "Q25444619", "Onilda Santos da Silva": "Q25444816", "Helen Ward": "Q25450864", "Julie Bailey-Brock": "Q25577818", "Marina de S\u00e1 Leit\u01ceo C\u0103mara de Ara\u00fajo": "Q25577847", "Martha Ang\u00e9lica Guti\u00e9rrez-Aguirre": "Q25639998", "Danielle M. Fisher": "Q25796353", "Noelia S\u00e1nchez": "Q25802845", "Amanda Varela": "Q25802900", "Belinda Alvarez": "Q25915534", "Miroslava Klimovi\u010dov\u00e1": "Q25916656", "Joyce Rodrigues Do Prado": "Q26196507", "Amy R. Baco": "Q26219781", "Nicole Morgan": "Q26219784", "Veronika \u0158ez\u00e1\u010dov\u00e1": "Q26220050", "Eugeniya I. Bekker": "Q26223999", "Jann E. Vendetti": "Q26237844", "Sara Pelleteri": "Q26270236", "Irina Igorevna Marchenko": "Q26678286", "Ana Rosa Vazquez-Bader": "Q26678462", "Zo\u00eb Simmons": "Q26689686", "Kelly Martinez Gomes": "Q26721394", "Mar\u00eda Cristina Marinone": "Q26722733", "Ekaterina Popova": "Q26758620", "Helga C. Achitte-Schmutzler": "Q26763985", "Rayane Sorrentino": "Q26830887", "Jessika Alves": "Q26830895", "Ya-Ling Wang": "Q26831236", "Sofya Zvonareva": "Q26868985", "Erica DeMilio": "Q26870970", "Claudia Copley": "Q26884652", "Carolin Uhlir": "Q26923845", "Simona Prevor\u010dnik": "Q27026353", "Marjeta Konec": "Q27026380", "\u00cdris Sampaio": "Q27056439", "Emily A. Glover": "Q27058583", "Milena Milleri-Pinto": "Q27089344", "Maysa F.V.R. Souza": "Q27109968", "Monika Fajfer": "Q27116489", "Lyudmila A. Safonova": "Q27120967", "Carolina Tavares": "Q27148440", "Jaqueline Gusmao": "Q27148459", "Anna W. McCallum": "Q27231626", "Patricia Cabezas": "Q27231627", "Rebeca Gasca": "Q27437209", "Nuria Mac\u00edas-Hern\u00e1ndez": "Q27468550", "Maria Manuela Carmona": "Q27469838", "Stephanie M. LeQuier": "Q27472966", "Jean K. Krejca": "Q27500941", "Mariana L. Barone": "Q27510029", "Victoria Werenkraut": "Q27510036", "Paula E. Cushing": "Q27589519", "Denise Bellan-Santini": "Q27615295", "Thi Kim Thu Cao": "Q27663783", "Katalin Szlavecz": "Q27667601", "Saeide Sadat Gheblealivand": "Q27685683", "Isabel Carmona": "Q27790781", "Gra\u017cyna Soika": "Q27791749", "Anna Wozi\u0144ska": "Q27791755", "Jana Christophoryov\u00e1": "Q27791895", "Katar\u00edna Kraj\u010dovi\u010dov\u00e1": "Q27791902", "J\u00e9ssica Colavite": "Q27808453", "Tatiana Korshunova": "Q27826332", "Olga Zimina": "Q27826334", "Mirjana Stojanovi\u0107": "Q27863109", "Gabriela Cervantes": "Q27865633", "Eleftheria V. Kapaxidi": "Q27886411", "Mariana Terossi": "Q27886943", "Raquel Corr\u00eaa Buranelli": "Q27886946", "Maja Kerovec": "Q27888316", "Tricia C. Goulding": "Q27919398", "Tiziana Cubeddu": "Q27919806", "Elena Vivar": "Q27920153", "Daniela Eliana Sganga": "Q27921800", "Laura Susana L\u00f3pez-Greco": "Q27921874", "Adriana T. Sobrinho": "Q27924191", "Consuelo Lorenzo": "Q27924352", "Lisa Smith": "Q27924962", "Sanja Gottstein": "Q27949861", "Yukiko Narahara-Nakano": "Q27964486", "Camila Castro-Carrasco": "Q27972920", "Daniele Polotow": "Q28003646", "Nilani Kanesharatnam": "Q28005278", "Yue Sun": "Q28007351", "Mayra R. Cortez-Rold\u00e1n": "Q28026452", "Angela E. Murphy": "Q28043316", "Hai-Siang Tan": "Q28114711", "Irma Gisela Nieto-Casta\u00f1eda": "Q28453626", "Gracie Mowery": "Q28464706", "Megumu Tsujimoto": "Q28464759", "Shannon E. Engberg": "Q28469653", "Irene A. Cardoso": "Q28470862", "Cristina S. Vega": "Q28528715", "Laura E. V\u00e1zquez-Maldonado": "Q28528720", "Elaine Cristina Pinto": "Q28529319", "Mirjana R. Gaji\u0107": "Q28529320", "Elvira De Matthaeis": "Q28708834", "Patricia G\u00f3mez": "Q28758067", "Nasreen Peer": "Q28812133", "Karen D\u00edaz": "Q28813240", "Livia Le\u00f3n-Paniagua": "Q28823434", "Narelle Estol": "Q28833146", "Maude Dubois": "Q28873787", "Ma\u00efa Fourt": "Q28873792", "Judith Gobin": "Q28935133", "Nivia Marina Nunes Abreu": "Q28935143", "Alana Jute": "Q28935148", "Luane Samara Alves e Silva": "Q28942579", "Cecilia Margarita Guerrero-Ocampo": "Q28942585", "Maria Lucia Negreiros-Fransozo": "Q28942594", "Lillian J. Tuttle": "Q28945790", "Kelsey Banister": "Q28946388", "Simone Maria de Albequerque Lira": "Q28946406", "Cynthia Dayanne Mello de Lima": "Q28946423", "Maryam Hekmatara": "Q28966647", "Nancy F. Mercado-Salas": "Q29021032", "Terue C. Kihara": "Q29021044", "Rachel L. Welicky": "Q29043519", "Stephanie A. Clark": "Q29048189", "Geovanny Barroso": "Q29052227", "Eliana A. Panarelli": "Q29052577", "\u00c9rika Santos": "Q29115161", "Cl\u00e9lia M.C. da Rocha": "Q29120201", "Conchita A. Pinz\u00f3n-M.": "Q29135823", "Tamara Bianca Horn": "Q29272652", "J\u00falia Jantsch Ferla": "Q29272847", "J\u00falia Horn K\u00f6rbes": "Q29275192", "Juliana Granich": "Q29275231", "Zofia Ksi\u0105\u017ckiewicz-Parulska": "Q29276167", "Rute Maria Gon\u00e7alves-de-Andrade": "Q29353493", "Kristin M. Hultgren": "Q29390928", "Ira Richling": "Q29405094", "Lidiane Aparecida Firmino da Silva": "Q29438380", "Roberta Can\u00e1rio": "Q29438742", "Martha R. Campos": "Q29455541", "Andreia Salvador": "Q29559506", "Pilar Zamora-Tavares": "Q29586349", "Sylvia M. Lucas": "Q29656804", "Aloys\u00e9ia Cristina da Silva Noronha": "Q29885811", "Mariana B. Lacerda": "Q29887489", "Elena S. Chertoprud": "Q29912875", "Christina Sagorny": "Q29966215", "Darina Bachvarova": "Q30000193", "Diana Silva D\u00e1vila": "Q30003005", "Andrea Cirranello": "Q30034344", "Julia Bauder": "Q30073469", "Nina Sedova": "Q30073861", "Thauane dos Santos Correia da Silva": "Q30080110", "Olga L. Makarova": "Q30087349", "Ana Luiza Vera-Silva": "Q30105445", "Let\u00edcia H. Azevedo": "Q30138945", "Marielle M. Berto": "Q30138960", "Bego\u00f1a S\u00e1nchez Chill\u00f3n": "Q30146026", "Aileen Elliot": "Q30224323", "Amanda Ash": "Q30224337", "T\u00edmea Szederjesi": "Q30226327", "Christina Chalkia": "Q30226358", "Suvarna Devi": "Q30233746", "Adeilma Nascimento de Carvalho": "Q30236349", "Nicola Nadeau": "Q30362132", "Daisy M. Makapedua": "Q30376922", "Barbara Calcinai": "Q30377309", "Azzurra Bastari": "Q30421585", "Radharanne Recinos": "Q30442331", "Mercedes Burns": "Q30524736", "Tatiana Magalh\u00e3es": "Q30535105", "Patricia G. Weaver": "Q30634026", "Maria M. Criales": "Q31198230", "Tania Escalante": "Q31805252", "Jacqueline Studer": "Q32853843", "Paula A. Rodr\u00edguez Moreno": "Q32868572", "Inna L. Alalykina": "Q32945127", "Nataliya Yu. Dnestrovskaya": "Q32945130", "Deborah Smith": "Q32984937", "Jacqueline Hui Chern Lim": "Q33058349", "Maria Cristina Gambi": "Q33104120", "Marina G\u00fcller": "Q33120187", "Chien-Hui Yang": "Q33130147", "Ruth B\u00f6ttger-Schnack": "Q33176673", "Adriane da Fonseca Duarte": "Q33341889", "Grazielle Furtado Moreira": "Q33342053", "Marianela Rodriguez": "Q33847892", "Laura C. Armend\u00e1riz": "Q33851132", "Fatemeh Mehrabian": "Q34021147", "Ana C. Conrado": "Q35541939", "Elodie Silva": "Q35553678", "Lise Dupont": "Q35554008", "Shabnam Taheri": "Q35554208", "Alexandra Fernandes Costa": "Q35720454", "Renata Emin-Lima": "Q35720866", "Bruna Maria Lima Martins": "Q35721443", "Maura Elisabeth Moraes Sousa": "Q35721715", "Denise M. Candido": "Q36309018", "Fernando J. Fern\u00e1ndez": "Q36337144", "Maria Dulcin\u00e9ia Sales dos Santos": "Q36340426", "Rej\u00e2ne Maria Lira-da-Silva": "Q36341970", "Tania Kobler Brazil": "Q36342589", "Patr\u00edcia F. Neres": "Q36351663", "Andr\u00e9e Tixier-Durivault": "Q36512083", "Marie-Catherine Boisselier-Dubayle": "Q36620989", "Leila Aparecida Souza": "Q36750411", "Maria A. Miljutina": "Q37097992", "Arlette Petter-Rousseaux": "Q37408700", "Patricia A. Holroyd": "Q37606340", "Wei Liang": "Q39186901", "Molly M. McDonough": "Q40059901", "Melissa T.R. Hawkins": "Q40061062", "Asako K. Matsumoto": "Q40245745", "Evgenia Martino": "Q40708341", "Mariella Leo": "Q40892117", "M\u00f3nica Romo": "Q40892306", "Cristina Damborenea": "Q40896223", "Andressa Maria Cunha": "Q41507997", "Anna Tereba": "Q41533733", "Remi Tsubaki": "Q41540060", "Cynthia S. Parr": "Q41566514", "Lisa Yeomans": "Q41580700", "Heidi C. Hauffe": "Q41588098", "Janelle A. Goeke": "Q41730788", "Helena Wiklund": "Q41820256", "Christiane Todt": "Q41821302", "Muriel Rabone": "Q41821431", "Romana Capaccioni-Azzati": "Q41905832", "Leslie H. Harris": "Q41940849", "Aur\u00e9lie Delaforge": "Q42287519", "Julieta Perez": "Q42345833", "Varghese Rani": "Q42406496", "Andrea Stephens": "Q42419488", "Najet Dimassi": "Q42425319", "Fernanda Azevedo": "Q42435452", "Joanna N. Izdebska": "Q42845966", "Annika Pieterse": "Q43044496", "Antoinette P. Malan": "Q43044679", "Laura M. Kruitbos": "Q43044886", "Ayu Savitri Nurinsiyah": "Q43049383", "Mar\u00eda Valladolid": "Q43270531", "Mercedes Arauzo": "Q43272558", "Regina Gabilondo": "Q43272901", "Manuela Gallardo": "Q43273256", "Mireya Ram\u00edrez-Ballesteros": "Q43273895", "Mar\u00eda Elena Garc\u00eda Garza": "Q43399665", "Guillemine Daffe": "Q43481381", "He Zhang": "Q43991841", "Vera Regina D. von Eickstedt": "Q44489592", "Beatriz Mothes de Moraes": "Q44489932", "Eleonora Trajano": "Q44490127", "Ludmilla Moura de Souza Aguiar": "Q44595979", "Yara Maria Rauh M\u00fcller": "Q44608254", "Martina Pavlek": "Q45075577", "Jennie Chien Wen Liu": "Q45111333", "Helia Eller Monteiro Soares": "Q45180641", "Elisabeth C. de Almeida Bessa": "Q45187824", "Evelise Maria Nazari": "Q45914097", "Isabela M. P. Rinaldi": "Q46268213", "Megan Paustian": "Q46622411", "Irene Soliz Revollo": "Q46755718", "Deborah M Faria": "Q46778024", "Elaine P. Leon": "Q46856728", "S\u00f4nia Barbosa dos Santos": "Q46935681", "Grace M. Kioko": "Q47001753", "Esther N. Kioko": "Q47001776", "Manal Al-Kandari": "Q47001836", "Elisabetta Falcieri": "Q47003943", "Nicole Brand Ederli": "Q47036621", "Franziska Bauer": "Q47062383", "Sylwia Kr\u00f3likowska": "Q47087400", "Ayl\u00edn Alegre Barroso": "Q47089537", "Imeuda Peixoto Furtado": "Q47092970", "Roberta Beltr\u00e3o": "Q47131350", "Isadora Zanatta Esswein": "Q47168852", "Catiane Dameda": "Q47168893", "Alexandra Maria Ramos Bezerra": "Q47180323", "Susan Finnegan": "Q47183114", "Erin Michelle Capes": "Q47204621", "Hannah M. Wood": "Q47220048", "D\u00e9a Regina Bouret Campos": "Q47249154", "Kamila Hr\u00fazov\u00e1": "Q47254039", "Salinee Khachonpisitsak": "Q47262120", "Elise-Anne Leguin": "Q47287382", "Anita Eschner": "Q47305551", "M. Mastropaolo": "Q47413223", "Anja Friederichs": "Q47462906", "Jasmin Langermann": "Q47463009", "Josie Lynn A. Catindig": "Q47464791", "Sylvia C. Villareal": "Q47464792", "Tatiana Menchini Steiner": "Q47467504", "S\u00f4nia A. Talamoni": "Q47467583", "Brittani A.D. Robertson": "Q47470680", "Holly Morgenroth": "Q47484183", "Manoela Santanna": "Q47484810", "Bethany McGregor": "Q47485810", "Patricia Oristanio Vaz de Lima": "Q47491927", "Anna M. Ja\u017cd\u017cewska": "Q47493763", "Anne Helene S. Tandberg": "Q47494227", "Bente Stransky": "Q47494247", "Inmaculada Frutos": "Q47494274", "Anal\u00ed Jim\u00e9nez Campe\u00e1n": "Q47494349", "Sara-Maria Schnedl": "Q47494864", "Claudia T. Callil": "Q47496165", "Ros\u00e1ria de Rosa Barbosa": "Q47496170", "Bibiana D. P. Ferreira": "Q47496173", "Megan C. Laird": "Q47500104", "Malalatiana Razafindrakoto": "Q47512464", "Rebecca B. MacKinnon": "Q47517032", "Thembeka Clara Nxele": "Q47517712", "J. Danuta Plisko": "Q47517724", "Beryl E. Taylor": "Q47675881", "Vir\u00e1g Venekey": "Q48027251", "Susanne Affenzeller": "Q48038551", "Maria Chiara Cascarano": "Q48135211", "Kleoniki Keklikoglou": "Q48138929", "Pilar Barraqueta Egea": "Q48280687", "Elina Varis": "Q48439873", "Sanna-Mari Kunttu": "Q48440036", "Morgana Tais Streck": "Q48579228", "Daniela da Silva Castiglioni": "Q48582069", "Helena G. Bergallo": "Q48718655", "Jennifer G. Kahn": "Q49368690", "Karin Gerard": "Q49433773", "Tamara Contador": "Q49435158", "Gemita Pizarro": "Q49435437", "Marguerite Delaval": "Q50026224", "Laura Tavera-Mart\u00ednez": "Q50090976", "Taeko Kimura": "Q50099968", "Jeanne Wilbrandt": "Q50129758", "Helen Read": "Q50129878", "C\u00edntia Pinheiro dos Santos": "Q50262834", "Maria Helena de A. Leme": "Q50265836", "Zafira da Silva de Almeida": "Q50315993", "Liu Id\u00e1rraga": "Q50320400", "Amber Tripodi": "Q50329113", "Anne-Sarah Ganske": "Q50387120", "Isabela M. Lorenzon": "Q50406283", "Daniele R. Souza": "Q50414503", "Manoela Karam-Gemael": "Q50505155", "Carla Maria Menegola da Silva": "Q50655237", "Odete Lopez Lopes": "Q50823148", "Ana Cristina Moura Horn": "Q50824328", "Aim\u00ea Rachel M. Magalh\u00e3es": "Q50824699", "Maria J\u00falia Feldens": "Q50824710", "Eda Marie Barsalote": "Q50827863", "Pham Thi Hoa": "Q50827911", "Guendalina T. de Oliveira": "Q50828638", "Christine Steiner S\u00e3o Bernardo": "Q50828718", "Cristina Hack": "Q51172270", "Ana Maria Setubal Pires-Vanin": "Q51188457", "Raquel Ribeiro": "Q51241478", "Norma L. W\u00fcrdig": "Q51243521", "Patr\u00edcia Calil": "Q51599092", "Elisa M. Costa-Paiva": "Q51599623", "Nancy Yolimar Su\u00e1rez-Mozo": "Q51758943", "Suraia O. El Didi": "Q51838623", "Juliana G. Hinton": "Q51846103", "Martha Tsaliki": "Q51846119", "Svetlana Vladimirovna Baryshnikova": "Q51902612", "Jennifer Heron": "Q52063179", "Mioara Baltac": "Q52084032", "Anna S\u00e1nchez-Diaz": "Q52153657", "Eleni Voultsiadou": "Q52158076", "Panayota Koulouri": "Q52158804", "Adriana Quadra": "Q52201765", "Anna A. Novichkova": "Q52279511", "Abril Anguas-Escalante": "Q52578632", "Svetlana P. Yatsentyuk": "Q52597792", "Tatiana N. Revkova": "Q52690791", "Anna Sztencel-Jab\u0142onka": "Q52798998", "Kirstin S. Meyer": "Q52990915", "Micaela de Luc\u00eda": "Q53087815", "Ana Clara P. Otegui": "Q53285367", "Celia Besteiro": "Q53349665", "Stephanie Castillo": "Q54371515", "Jill Lancaster": "Q54371950", "Joana R. Xavier": "Q54492431", "Ulrike Obertegger": "Q54536022", "Maria Terese Spena": "Q54538579", "Liana Johann": "Q54555371", "\u0160pela Borko": "Q54670102", "Lizette Siles": "Q54676987", "Jean Lindsay": "Q54696364", "Adriana Gracia": "Q54806136", "Daniela C. Grangeiro": "Q54806647", "Joanna R. Pie\u0144kowska": "Q54888283", "Sou\u00e2d Benhalima": "Q54894832", "Alexandra Ostmann": "Q54963980", "Fiona Beglane": "Q55057548", "Jennifer Blair": "Q55233854", "Mariana da Fonseca Cavalcanti": "Q55364101", "Nathalie Yonow": "Q55381162", "Sabrina van de Velde": "Q55398897", "Jane Abigail Santiago": "Q55422560", "Maria Carmen Lagman": "Q55422594", "Maite Mascar\u00f3": "Q55441738", "Elizabeth L. Clare": "Q55497756", "Jennifer L. Apple": "Q55669609", "Fanny Maria Hele": "Q55719637", "Paula M. Mikkelsen": "Q55823998", "Dolly Kumar": "Q55836710", "Ana Mar\u00eda Santana-Pi\u00f1eros": "Q55865562", "Marjan Seiedy": "Q55870441", "Jennifer Ahrens": "Q55943567", "Marina F. McCowin": "Q55974221", "Camila C. Borges": "Q55988476", "Anna \u0160ob\u00e1\u0148ov\u00e1": "Q56071802", "Marta Gil": "Q56089992", "M\u00e1rcia Daniela dos Santos": "Q56112190", "Anna M\u00e1cov\u00e1": "Q56150159", "Khadija Boulaassafer": "Q56259757", "Diana Delicado": "Q56260176", "Sarah Pausina": "Q56449526", "Anita M. George": "Q56462093", "Girlene Fabia Segundo Viana": "Q56526716", "Marie L. Verheye": "Q56590466", "Barbara Knoflach": "Q56706720", "Chantelle Girgan": "Q56754672", "Silvana Burela": "Q56804655", "Susana Rizzuto": "Q56812343", "Michelle L. Taylor": "Q56975136", "Chiara Rossi": "Q57073799", "Philippa Brewer": "Q57082582", "Elena Piano": "Q57141467", "Alejandra Trejo": "Q57221114", "Sofija Pavkovi\u0107-Lu\u010di\u0107": "Q57317877", "Andrea Egizi": "Q57385871", "Sandrine Grouard": "Q57417112", "Raquel Garc\u00eda-Sarri\u00f3n": "Q57439014", "Iratxe Uribarri": "Q57439015", "Estefan\u00eda Rodr\u00edguez": "Q57439024", "Yee Wah Lau": "Q57477031", "Meredith M. White": "Q57529187", "Jeannie Nascimento dos Santos": "Q57532937", "Elane Guerreiro Giese": "Q57533092", "Lara Lopardo": "Q57607456", "Nadiezhda Santodomingo": "Q57706745", "Shirley Parker-Nance": "Q57886000", "Anique Godjo": "Q57888685", "Eileen A. Hebets": "Q57953328", "Sofya V. Mudrova": "Q57964286", "Ardith A. Eudey": "Q58023114", "Sandra Gordillo": "Q58146085", "Elisa Luzi": "Q58231054", "Jessica R. Marsh": "Q58332574", "Naiara Abrahim": "Q58421925", "Hanna Kmita": "Q58460864", "Jeannette Kneub\u00fchler": "Q58492486", "Sophie E. Harrison": "Q58620360", "Fiona Thompson": "Q58826337", "Rosemary A. Dorrington": "Q59095406", "Margit B. Jensen": "Q59103172", "Elaine Folly Ramos": "Q59128719", "Elisabetta Palagi": "Q59149194", "Elycia J Wallis": "Q59151677", "Marta Moreno-Garc\u00eda": "Q59201724", "Maria Eug\u00eania C. Amaral": "Q59205853", "Jane Gaastra": "Q59233331", "Kateryn Pino": "Q59252696", "Siobh\u00e1n B. Cooke": "Q59291540", "Elizabeth S Herrelko": "Q59297301", "Vera Opatova": "Q59385712", "Paola Mazzuci": "Q59450961", "Karina F\u00fcrstenau de Oliveira": "Q59545784", "Shana K. Goffredi": "Q59617245", "Shannon B. Johnson": "Q59617306", "Claude Jouin": "Q59660436", "Roxanne J Larsen": "Q59676973", "Sandra M Correa-Garhwal": "Q59684926", "Marzena Sta\u0144ska": "Q59688538", "Anna Moss": "Q59745247", "Catherine Souty-Grosset": "Q59773605", "Susana Loureiro": "Q59786513", "Elisa Panjang": "Q59794283", "Rebecca Roca-Eriksen": "Q59794347", "Violet Swakman": "Q59880749", "Meaghan N. Evans": "Q59881484", "Daniela Thalia Candia-Ram\u00edrez": "Q59900125", "In\u00e9s Ezcurra de Drago": "Q59900129", "Julia S. Volkova": "Q59914469", "Sarah H. Joscelyne": "Q59968230", "Anya Victoria Tober": "Q59971190", "Hannah F. Wilson": "Q59971365", "Hazel J. Nichols": "Q59994659", "Daria Sanna": "Q59995855", "Laura Tavares Miglio": "Q60021376", "Jana \u0160trichelov\u00e1": "Q60031006", "Maria Rousou": "Q60034219", "Catherine Chombard": "Q60045544", "Rachel Racicot": "Q60055072", "Anett M\u00e9sz\u00e1rosn\u00e9 P\u00f3ss": "Q60058598", "Ruth Barensteiner": "Q60062649", "Monika Praznik": "Q60091525", "Polona Mrak": "Q60093781", "Jasna \u0160trus": "Q60094402", "Magda Tu\u0161ek-\u017dnidari\u010d": "Q60095292", "Nada \u017dnidar\u0161i\u010d": "Q60095529", "Nicole S. Lee": "Q60131966", "Serena Lay-Ming Teo": "Q60133928", "Katalin Halasy": "Q60142682", "Alma R. Ju\u00e1rez-S\u00e1nchez": "Q60169293", "Karen P. Sol\u00eds-Catal\u00e1n": "Q60169398", "Svetlana V Pavlova": "Q60172383", "Maija \u0160tokmane": "Q60173869", "Inese Cera": "Q60173879", "Yelinda Ara\u00fajo": "Q60434012", "Alejandra Panzera": "Q60434014", "Anna Timotheo da Costa": "Q60488038", "Hana Kim": "Q60523930", "E. J. Beck": "Q60571778", "Ernawati Widyastuti": "Q60670965", "Wimolwan Chotwong": "Q60704029", "Efrat Gavish-Regev": "Q60848550", "Kathrin Stenchly": "Q60960887", "Sandra M\u00f3nica Rodriguez-Artigas": "Q61014211", "Thanida Saetang": "Q61037665", "Idoia Grau-Sologestoa": "Q61091661", "Aleksandra Rysiewska": "Q61096873", "Olga Yu. Anistratenko": "Q61128119", "Hazel Byrne": "Q61164865", "Laura Leiva": "Q61460271", "Wei Ding": "Q61741754", "Martina \u010cerven\u00e1": "Q61745112", "Ana K. Barrag\u00e1n": "Q61747824", "P. Priyaja": "Q61748999", "Rie Nakano": "Q61772160", "Ver\u00f3nica N\u00fa\u00f1ez": "Q61783312", "Maja Zagmajster": "Q61863359", "Beata Eichenberger": "Q61876583", "Elyssa Cameron": "Q61877071", "Victoria Nowell": "Q61902618", "Marla Schwarzfeld": "Q61902784", "Zo\u00eb Lindo": "Q61902864", "Lisa Lumley": "Q61902897", "Monica R. Young": "Q61903284", "M.V. Ushakova": "Q61968501", "Amanda Windsor": "Q61974347", "Karen M. Needham": "Q61985323", "Melissa R. Bodner": "Q61985388", "Simona Santoro": "Q62395426", "Matilda Holmes": "Q62414814", "Cl\u00e1udia Ribeiro": "Q62521105", "Samantha C Waterworth": "Q62554984", "Anouk D\u2019Hont": "Q62926608", "Sini Sepp\u00e4l\u00e4": "Q62996148", "Sarah Kariko": "Q62999243", "Lydmila Lozanova": "Q63213504", "Rosalina Gabriel": "Q63214728", "Maria Ferreira": "Q63214743", "Sofia Mikhailovna Efremova": "Q63224967", "Mar\u00eda Mercedes Gavil\u00e1nez": "Q63226594", "Ana Carla Kaross Ferreira": "Q63244078", "Bianca Pochmann Zambonato": "Q63244088", "Genevi\u00e8ve Bricheux": "Q63248651", "Iris Charalambidou": "Q63435751", "Carrie E. Schweitzer": "Q63443320", "Aleksandra Ba\u0144kowska": "Q63568824", "Kristine N. White": "Q63611101", "N.A. Belyakova": "Q63736474", "Ria Tan": "Q63872643", "Clara Lei Xin Yong": "Q63872648", "Serita van der Wal": "Q63931721", "Elena V. Dzyuba": "Q64157041", "Catherine Guzati": "Q64251234", "Rafaela Viecelli": "Q64255215", "Diana Molina-G\u00f3mez": "Q64255566", "Mar\u00eda E Seuffert": "Q64399591", "Ingrid Costa Mar\u00e7al": "Q64573839", "Aline Aguiar": "Q64573917", "Barbara Jendrzejewska": "Q64578559", "Ekaterina S. Konopleva": "Q64617362", "Karin Breugelmans": "Q64627244", "Gisela Moura": "Q64667170", "Lili Shao": "Q64672336", "Natalie Weber": "Q64712267", "Ricarda Wistuba": "Q64712316", "Jeanette St\u00e5lstedt": "Q64764763", "Joanna \u0141aydanowicz": "Q64764840", "Luisa Fuchs": "Q64861215", "Rosa Pestana": "Q64919368", "Ana Clara Moreira Viana": "Q65143843", "\u0423\u0440\u0441\u0443\u043b\u0430 \u0420\u0430\u043c": "Q65197642", "\u041a\u0435\u0442\u043b\u0456\u043d \u0420\u0430\u0439\u043b\u0456": "Q65198675", "\u041c\u0430\u0440\u0433\u0430\u0440\u0435\u0442\u0430 \u0411\u0435\u043a\u043a\u0435\u0440": "Q65198755", "Ana F. Quijano-Ravell": "Q65619965", "Elizabeth Anne Horvath": "Q65720242", "Natalia Marciniak": "Q65726062", "Martyna Marciniak": "Q65726149", "Thembile T. Khoza": "Q65926789", "Helen M. Lew Ton": "Q65941250", "Caitlin M. Baker": "Q66085159", "Laura Pavesi": "Q66111818", "Silvia Lucas": "Q66115480", "Anne Michael": "Q66361390", "Anna Rymaszewska": "Q66425198", "Ellen Celia F\u00f6rch": "Q66429604", "Mary J Melrose": "Q66446806", "Ewa Filip": "Q66499209", "Magdalena Szenejko": "Q66499218", "Lijie Chen": "Q66712445", "Francine Salvat": "Q66978810", "Julia Piz\u00e1": "Q67189873", "Beata Borowiec": "Q68033281", "Manuela Menezes de Lima": "Q68184595", "Gislaine Vanessa de Lima": "Q68184860", "Katharina Maria J\u00f6rger": "Q68336484", "Carol J. Horning": "Q68392959", "Maria Holynska": "Q68574449", "Lisa Tippelt": "Q69354939", "Norine W. Yeung": "Q69497391", "Isabella St\u00f6ger": "Q70137637", "Hildegard Zapfe": "Q70505044", "Lydia Gonz\u00e1lez": "Q70659997", "Jessica W. Lynch Alfaro": "Q72180638", "Tara Walmsley": "Q72423581", "Hellen Ceriello": "Q72466284", "Celine S. S. Lopes": "Q72467261", "Maria Stella Colomba": "Q72719905", "Diane P. Barton": "Q73048958", "Barbara J. Abraham": "Q74277934", "Raquel Medeiros Andrade Figueira": "Q74420008", "Regan Drennan": "Q75167932", "Sophie Carteron": "Q75331714", "Daniela Henkel": "Q75578622", "Daria Grobys": "Q75642646", "Marta Kepel": "Q75647968", "Maria Aparecida de Le\u00e3o Marques": "Q76561984", "Alessandra Corr\u00eaa Meyer": "Q76570592", "Lorena V. Zapata": "Q76834098", "Tatiana B. Demidova": "Q77092598", "Giorgia Di Muzio": "Q77433101", "Rita Basile": "Q77433636", "Claudia I. Navarro-Rodr\u00edguez": "Q77899059", "Kamila Mayumi Duarte Kuabara": "Q77958546", "Kalina M. Brauco": "Q78101566", "Thaiana G.A. Rodrigues": "Q78153008", "Chanidaporn Tumpeesuwan": "Q78775740", "Katherine E. Dooley": "Q79497832", "Adriana Alvizu": "Q80119362", "Carolina Bastidas": "Q80119405", "D. Margaret Avery": "Q80435992", "Rosemary E. Golding": "Q81006898", "Eszter Laz\u00e1nyi": "Q81358213", "Selene Mar\u00eda Abad-Rosales": "Q81719435", "Claudia Nesselhauf": "Q81833803", "Stephanie De Vos": "Q81919181", "Naila Amanda": "Q82118718", "Sujeephon Athibai": "Q82608281", "Cristiane Xerez Barroso": "Q83296606", "Elizabeth Wells": "Q83494665", "Olga O. Maikova": "Q83721543", "Natalia A. Bukshuk": "Q83722028", "Martine Claremont": "Q83849710", "Luc\u00eda Saveanu": "Q84483861", "Alda Gonz\u00e1lez": "Q84836241", "Inga Elizabeth Conti-Jerpe": "Q84874756", "Christina Lehmann-Graber": "Q84942501", "Patricia Langford": "Q85141263", "Olga A. Loskutova": "Q85246193", "Helena \u0106etkovi\u0107": "Q85428793", "Barbara J. Nielsen": "Q85632552", "Norma Campos Salgado": "Q86247517", "Tayara Fontana": "Q86376743", "Taynara Louzada": "Q86377439", "Agniya M. Sokolova": "Q86636130", "Mar\u00eda R\u00edos": "Q86844902", "Marie Balasse": "Q87345368", "Christine Ewers-Saucedo": "Q87386197", "Anna Hirna": "Q87666259", "Adriana M Candela": "Q87677447", "Kathryn E. Stanchak": "Q87726679", "Sharlene E. Santana": "Q87726681", "Erin Powell": "Q87761221", "Catherine Smith": "Q87813141", "Iris Gabriela Meza\u2011S\u00e1nchez": "Q88117990", "Silvana G.L. Siqueira": "Q88380757", "Martha Nizinski": "Q88477840", "Noel Gardner": "Q88496115", "Margaret A. Crozier": "Q88531631", "Anna Reboa": "Q88597594", "Setuko Masunari": "Q88694792", "Leila B Guzm\u00e1n": "Q88694802", "Maria Munawar": "Q89119766", "Maria Gabriela Cuezzo": "Q89275623", "Meire Silva Pena": "Q89275632", "Rosa M\u00e1cola": "Q89356147", "Ophelie Lebrasseur": "Q89434100", "Daniela dos Passos Pizzetti": "Q89438032", "B\u00e1rbara L. Valentas-Romera": "Q89589349", "Leanne Grieves": "Q89612763", "Jackie Farf\u00e1n": "Q89695425", "Miriam Tuaty-Guerra": "Q89700858", "Laura Elsa Sabath": "Q89942955", "Olga Valentynivna Zhovnerchuk": "Q90095475", "Jennifer Harland": "Q90134607", "Petra Eretov\u00e1": "Q90241632", "Annika M Felton": "Q90413036", "Rajashree Khalap": "Q90863381", "Graziella Mura": "Q91024770", "Ligiane Martins Moras": "Q91150054", "Nicole R Cannarozzi": "Q91356469", "Jana \u0160tundlov\u00e1": "Q91456075", "Liudmyla Gaponova": "Q91642559", "Aurore Val": "Q91892705", "Kristina Polyanina": "Q92063114", "Agatha Li\u00e9vin-Bazin": "Q92147738", "Jullyana Cristina M.S.M. Sobczak": "Q92202502", "Ma\u0142gorzata Pro\u0107k\u00f3w": "Q92249166", "Liz Silvany": "Q92441734", "Elwira Szuma": "Q92553148", "Pooja Avinipully Anilkumar": "Q92771504", "Zvezdana Jovanovi\u0107": "Q93307336", "Adrienne E. Crosier": "Q93435835", "Be\u00e1ta Ha\u013ekov\u00e1": "Q93462313", "Louisa Gidney": "Q93901403", "Hui-Xia Chen": "Q93967972", "Binh T. K. Trinh": "Q94273588", "Vukica Vuji\u0107": "Q94544163", "Greta J Binford": "Q94546413", "Putita Jiranuntskul": "Q94996819", "Sandrine Costamagno": "Q95381680", "Dariana R. Guerrero-Fuentes": "Q96040110", "Gabrielle Madriz": "Q96107274", "Ann E. Bush": "Q96135710", "Aurora Marr\u00f3n-Becerra": "Q96166165", "Leanda Denise Mason": "Q96244089", "Francesca di Franco": "Q96273095", "S.N. Nogovitsyna": "Q96312050", "Danniella Sherwood": "Q96337822", "Laura Montes de Oca": "Q96358671", "Jane Margaret Hughes": "Q96387527", "Lee Ann Galindo": "Q96387540", "Edyta K. Piascik": "Q96464084", "Yuko Tajima": "Q96466381", "Yolanda Mar\u00eda Guadalupe Pi\u00f1anez Espejo": "Q96474818", "Mar\u00eda Cristina MacSwiney Gonz\u00e1lez": "Q96578793", "Emmanuelle Omnes": "Q96741336", "Frances S.B. Harvey": "Q96741520", "Rebecca L Smith": "Q96766974", "Salise Brandt Martins": "Q96805545", "Marina Fresneda Marzal": "Q96808005", "Van Anh Le Thi": "Q96943360", "Laura Margaret Isobel Macfadyen": "Q97014514", "Maria Naumova": "Q97107970", "Elena M. Krylova": "Q97130841", "Rimma Ravil'evna Seyfulina": "Q97362243", "Erika Larissa Souza da Costa": "Q97465849", "Jhully Mickaelly Vermont Silva Concei\u00e7\u00e3o": "Q97494878", "Allana St\u00e9phanie Tavares Cutrim": "Q97494994", "Helen P-S. Wong": "Q97647023", "Jaynee R. Kim": "Q97956491", "Tamara Ignat'evna Popova": "Q97961015", "Maira F. Lopes": "Q97999470", "Sula Salani": "Q97999490", "Laissa Huguenin": "Q97999500", "Jintana Plathong": "Q98065782", "Heather Holman": "Q98228657", "Diana MacPherson": "Q98415512", "Lu\u00edsa M.S. Borges": "Q98523795", "Ursula Olvera": "Q98599048", "Stella Maris Mart\u00edn": "Q98609547", "Jennifer M. Bosco": "Q98690716", "Elena M. Chaban": "Q99392408", "Regina L. Cunha": "Q99485027", "Barbara Buge": "Q99485070", "Christina Egger": "Q99485273", "Timea Pamela Neusser": "Q99485274", "Andrea Zamora-Silva": "Q99534403", "Avril Coghlan": "Q99710625", "Eva Lodde-Bensch": "Q100582060", "Katharina Hintze": "Q101113341", "Brittany N. Damron": "Q101208483", "Nancy J. Maciolek": "Q101365605", "Yudy Lorena Buitrago": "Q101409632", "Fl\u00e1via Pellegatti-Franco": "Q101409860", "Melinda J. Hofmann": "Q101409882", "Emmanuelle Renard": "Q101423030", "Mar\u00eda Bel\u00e9n Cava": "Q101439302", "Jennifer Mather": "Q101447783", "Nic Smol": "Q101523538", "Alexandra A. Shmeleva": "Q101540000", "Margaret Humphrey": "Q101547361", "Magdalena Gruia": "Q101549535", "Angelika Dawidowicz": "Q112132230", "Maria V. Orlova": "Q101584506", "Emily Casaretto": "Q102047532", "Weina Wang": "Q102180858", "Ingrid Varela-Benavides": "Q102181579", "Lourdes V\u00e1squez-Yeomans": "Q102201486", "Rita Bhandari": "Q102211052", "Tamara Vagif Nuruyeva": "Q102247568", "Nicole Lair": "Q102431569", "Daniela Ahumada-Cabarcas": "Q103444230", "Maria Paula Pereira": "Q103980656", "Mar\u00eda Florencia Nadal": "Q104176821", "S. I. Andreyeva": "Q104523463", "Linda Maria Anne Lehmanski": "Q104535573", "Claudia J. Hern\u00e1ndez-Guerrero": "Q104589440", "B\u00e1rbara Gonz\u00e1lez-Acosta": "Q104589902", "Karen Neely": "Q104713179", "Ekaterina Nikolaevna Krol": "Q104817376", "Kathrin S. R. Bolstad": "Q104883027", "Juliana Lopes Segadilha": "Q105045536", "Xin-Yao Gu": "Q105243963", "Katherine E. Holmes": "Q105292334", "Michelle Lorenz": "Q105390827", "Yamina Madiha Abada-Boudjema": "Q105515371", "Charlotte Francisco": "Q105666364", "Ella Santana-Propper": "Q105683483", "Mariana Rocha de Souza": "Q105702136", "Lisa Kirkendale": "Q105835849", "Cecilie Gotaas S\u00f8rensen": "Q105839866", "Cessa Rauch": "Q105839895", "Angela Maldonado": "Q106097285", "J\u00e9ssica Scaglione Gallo": "Q106372001", "Jennifer Jones": "Q106394472", "Celina Yukari Fukami": "Q106498005", "Rebecca Lee Godwin": "Q106519263", "Leith Leiser-Miller": "Q106628584", "Elaine Albuquerque": "Q106643149", "Christina J. Campbell": "Q106721131", "Isabel Heim": "Q106834841", "Francesca Gadaleta": "Q106865143", "Louise Beauvais": "Q106946767", "Ma\u0142gorzata Kuty": "Q106957200", "Karine Olu": "Q106989411", "Catalina Murillo-Cruz": "Q107021359", "Dania Prieto-Trueba": "Q107068921", "Agnieszka M. Adamczewska": "Q107222101", "Marilyn Ann Houck": "Q107263797", "Amy K. Stockman": "Q107338024", "Josephine D. Emberton": "Q107346215", "Kathy E. Freas": "Q107407034", "Chelsey A. Campbell": "Q107407044", "Mariluce Messias": "Q107463982", "Sophie Conroy-Dalton": "Q107518146", "Giulia Perina": "Q107822708", "Jacqueline Bocquet-V\u00e9drine": "Q108000978", "Anna Aleksandrovna Nekhaeva": "Q108368011", "Gabriela Guadalupe Angulo-Ordo\u00f1es": "Q108368757", "Joan Carles Hinojosa": "Q108369063", "Nancy E. van der Poorten": "Q108369381", "Neus Bra\u00f1as Valc\u00e1rcel": "Q108369393", "Elinai dos Santos Silva": "Q108462310", "Irina A. Koretsky": "Q108489627", "Marta Mac\u00edas-Borras": "Q108509603", "Graciela Truol": "Q108546128", "Maria Fernanda Gugole Ottaviano": "Q108546255", "Safiyya Sedick": "Q108860913", "Cristiane C\u00e4sar": "Q109109664", "Alison Miller": "Q109120637", "Ileana Negoescu": "Q109350355", "Patricia Souza Santos": "Q109366643", "Ada Acevedo": "Q109434736", "Carole Meisner Hertz": "Q109558436", "Ana Carla Costa-Souza": "Q109562823", "Barbara W. Myers": "Q109583703", "Joyce Gemmell": "Q109587984", "Rebecca Stumpf": "Q110016594", "Nancy F. Lo-Man-Hung": "Q110367704", "Ligia Janneth Molina Rico\u202c": "Q110373092", "Elizabeth Dixon Pierson": "Q110497349", "Corinne E. Edwards": "Q110550642", "Nicole Crestey": "Q110586736", "Laura Cisneros": "Q110815888", "Ema E-Yung Chao": "Q110931356", "Fab\u00edola Cristina Ribeiro Faria": "Q110957363", "Anastassya S. Maiorova": "Q111029201", "Isabelle Rodet-Belarbi": "Q111079674", "Lidia P. Titova": "Q111384112", "Benchawan Nahok": "Q111679982", "K.G. Emiliyamma": "Q111798939", "Jadwiga \u0141uczak": "Q112132183", "El\u017cbieta Sanocka": "Q112132205", "Alicja Stankiewicz": "Q112132263", "Maria Oleszczuk": "Q112132289", "Izabela Hajdamowicz": "Q112132314", "Julita Templin": "Q112132359", "Diane E. Brown": "Q112227015", "Anna Ostrihanska-Kajak": "Q112269917", "Mayara Drumond Faustino Magalh\u00e3es": "Q112285554", "Fernanda Polli P\u00e1ez": "Q112604850", "Helen J. Aitkin": "Q112970824", "Lorelle Stanisic": "Q113243992", "Donatella Foddai": "Q113297358", "Lela M. Griffith": "Q113446818", "Enid Graham Campbell": "Q113456104", "Barbara Kay Clapperton": "Q113480320", "Anna Seniczak": "Q113488142", "Walentina Helena de Weerdt": "Q113687625", "Helena M. Barnes": "Q113997916", "Patricia Mcgee": "Q114104675", "Maria Teresa Vinciguerra": "Q114269960", "Tea Sernelj": "Q114299136", "Andrea Lienhard": "Q114570203", "Kate Dempsey": "Q114651052", "Ann L. Rypstra": "Q114784701", "Mariana de Souza Oliveira": "Q114809906", "Armelle Gardeisen": "Q114983729", "Susan Mikota": "Q115184448", "Emily Baker": "Q115285095", "Zeana Ganem": "Q115300478", "Tertia Thurley": "Q115620328", "Viktoria E. Bogantes": "Q115740144", "Anke Oertel": "Q115828664", "Jasmine Richard": "Q116060665", "Nicolette Snijders": "Q116186363", "Ghislaine Fryd-Versavel": "Q116214542", "Josilene Maria de Sousa": "Q116256671", "Sarah Lemer": "Q116539361", "Atf Azzouna": "Q116584840", "Marwa Bouhedi": "Q116585525", "Mouna Antit": "Q116586007", "Marwa Chaibi": "Q116586223", "Adrienne Garai": "Q116679695", "Stephanie M. Cobbold": "Q116872565", "Stella Maris Codon": "Q116872693", "Dawn Collis": "Q116872775", "Mary E. Nossek": "Q116878207", "Elizabeth B. Andrews": "Q116878600", "Juanita E. Peaslee": "Q117190439", "\u015eerife Bayram": "Q117292509", "Dewi Citra Murniati": "Q117343981", "Ana P.S. Dornellas": "Q117477386", "Sigrid Czeika": "Q117846658", "Maria Theresa Elizabeth Paula Allsopp": "Q118127923", "Dennisse Ruelas": "Q118907097", "Narcisa Imaculada Brant Moreira": "Q119010601", "Sepideh Shafaie": "Q119139641", "Marta Calvo-Garc\u00eda": "Q119157936", "Delicia Fern\u00e1ndez de Deambrosi": "Q119524996", "Mar\u00eda Sol Bayer": "Q119575764", "Mar\u00eda Mercedes Berrueta": "Q119576004", "Gabriella Margherita Boretto": "Q119576532", "Mar\u00eda de las Mercedes Andrea Roche": "Q119797161", "Juliana Gim\u00e9nez": "Q119801058", "Alejandra Daniela Campoy Diaz": "Q119842929", "Claudio Germ\u00e1n De Francesco": "Q119843233", "Marta Konikiewicz": "Q119951988", "Nicol\u00e1s Cetra": "Q120648471", "Mar\u00eda Carla de Aranzamendi": "Q120648476", "Ana Carolina D\u00edaz": "Q120648479", "Silvia Mariel Ferrari": "Q120648480", "Fernanda Gurovich": "Q120722583", "Sonia Maribel Landro": "Q120722584", "Samanta Molina": "Q120722585", "Ariana Gisela Mor\u00e1n": "Q120722586", "Mar\u00eda Jos\u00e9 P\u00edo": "Q120722587", "Paola Beatriz Reyna": "Q120722589", "Pamela Guillermina Steffan": "Q120722590", "Eleonor Tietze": "Q120722591", "Carla Tomassi": "Q120722592", "Mar\u00eda Soledad Zabala": "Q120722593", "Eleonore Eibl-Eibesfeldt": "Q121157693", "Barbara Herzig-Straschil": "Q121322924", "Caitlin C. LaBar": "Q121362136", "Mrs F. W. Battersby": "Q121904992", "Tain\u00e1 D. S. Matos": "Q122498095", "Izabella \u0141aniecka": "Q122703229", "Giullia de F. Rossi": "Q122808992", "Anna E. Leung": "Q122810733", "Carla Martinho de Lima Barros": "Q122811250", "Rahayu Oktaviani": "Q123054956", "Narmin Beydizade": "Q123101250", "Manal Siyam": "Q123107602", "Susan Sullivan Borkin": "Q123152536", "Elena A. Sokolova": "Q123284282", "Mary Holmes": "Q123913256", "Alice Crossley": "Q123914655", "Caralyn Kemp": "Q125277621", "Jan Kalina": "Q125628757", "Yvonne A. de Jong": "Q125785876", "Roberta Freitas": "Q126101678", "Charity L. Hall": "Q126907980", "Helen Ranson": "Q130034125"}